/*--------------------------------*- C++ -*----------------------------------*\
| =========                 |                                                 |
| \\      /  F ield         | OpenFOAM: The Open Source CFD Toolbox           |
|  \\    /   O peration     | Version:  2512                                  |
|   \\  /    A nd           | Website:  www.openfoam.com                      |
|    \\/     M anipulation  |                                                 |
\*---------------------------------------------------------------------------*/
FoamFile
{
    version     2.0;
    format      ascii;
    arch        "LSB;label=32;scalar=64";
    class       volScalarField;
    location    "0.0999872";
    object      alphat;
}
// * * * * * * * * * * * * * * * * * * * * * * * * * * * * * * * * * * * * * //

dimensions      [1 -1 -1 0 0 0 0];

internalField   nonuniform List<scalar> 
8800
(
0.00084317225
0.00083472573
0.00082694174
0.00082341508
0.00081951705
0.00081769926
0.00081587576
0.00081470559
0.00081397125
0.00081317438
0.00081285194
0.00081224524
0.00055872862
8.8954757e-05
0.00084317375
0.00083472359
0.00082694267
0.00082341561
0.00081951311
0.00081770639
0.00081586544
0.00081471592
0.00081396652
0.00081316096
0.00081287891
0.00081224675
0.0005547476
0.00012190734
0.000843177
0.00083471898
0.00082694473
0.00082341662
0.00081950488
0.00081772142
0.00081584321
0.00081473999
0.00081394858
0.00081314521
0.0008130095
0.0008119765
0.00081219778
0.00033575697
0.00084318225
0.00083471153
0.00082694815
0.00082341788
0.00081949241
0.0008177445
0.00081580802
0.00081478197
0.00081390073
0.00081319655
0.00081294512
0.00081210993
0.00081212676
0.00081126785
0.00084318974
0.00083470089
0.00082695326
0.00082341887
0.00081947641
0.00081777468
0.00081576056
0.00081484224
0.00081381951
0.00081332478
0.0008126803
0.00081266949
0.00081138352
0.00081206668
0.00084319973
0.00083468672
0.00082696046
0.00082341874
0.0008194584
0.00081780932
0.00081570469
0.00081491337
0.00081372829
0.00081343812
0.00081254221
0.00081276456
0.00081148015
0.00081216024
0.00084321242
0.00083466873
0.00082697023
0.00082341625
0.00081944097
0.00081784376
0.00081564799
0.000814982
0.00081365469
0.00081347879
0.00081260812
0.00081246158
0.00081197806
0.00081138644
0.000843228
0.0008346467
0.00082698308
0.00082340984
0.00081942761
0.0008178714
0.0008156009
0.00081503431
0.00081360635
0.00081349206
0.00081263659
0.00081244185
0.00081186289
0.00081160875
0.00084324658
0.00083462054
0.00082699949
0.00082339779
0.00081942241
0.00081788462
0.00081557486
0.00081505798
0.0008135843
0.00081350786
0.00081258885
0.00081255816
0.00081171367
0.00081171446
0.0008432682
0.00083459035
0.00082701977
0.00082337855
0.00081942913
0.00081787661
0.00081557942
0.00081504279
0.00081359857
0.00081349855
0.00081256867
0.00081258697
0.0008117107
0.000811697
0.00084329279
0.00083455643
0.00082704392
0.0008233513
0.0008194499
0.00081784408
0.00081561806
0.00081498546
0.00081365763
0.00081343548
0.00081262635
0.00081251364
0.00081178583
0.00081162843
0.0008433202
0.00083451937
0.00082707142
0.00082331653
0.00081948386
0.00081778986
0.00081568401
0.00081489712
0.0008137488
0.00081333419
0.00081272509
0.00081241157
0.00081187086
0.00081155531
0.00084335014
0.00083448002
0.00082710111
0.00082327643
0.00081952623
0.00081772403
0.00081575942
0.0008148041
0.00081383698
0.00081324284
0.00081280068
0.00081234545
0.0008119217
0.00081151332
0.00084338227
0.00083443946
0.00082713125
0.00082323487
0.00081956882
0.00081766185
0.00081582087
0.00081473683
0.00081388693
0.00081319873
0.00081282213
0.00081233039
0.00081193255
0.00081150512
0.00084341621
0.00083439878
0.00082715975
0.00082319662
0.00081960233
0.00081761823
0.00081584984
0.00081471305
0.00081388635
0.0008132044
0.00081279945
0.00081234859
0.00081191969
0.00081151587
0.00084345167
0.00083435886
0.00082718481
0.00082316579
0.00081961988
0.00081760107
0.00081584206
0.00081472882
0.00081384944
0.00081323713
0.00081275893
0.00081237634
0.00081190178
0.0008115308
0.00084348853
0.00083431999
0.00082720564
0.00082314404
0.00081962033
0.00081760721
0.00081580916
0.00081476332
0.00081380238
0.0008132707
0.00081272226
0.00081239799
0.00081189041
0.00081154229
0.00084352696
0.00083428147
0.00082722323
0.00082312929
0.00081960947
0.00081762388
0.00081577148
0.00081479277
0.00081376687
0.00081328915
0.00081269953
0.00081240736
0.0008118896
0.00081154853
0.00084356754
0.00083424143
0.00082724064
0.00082311572
0.00081959788
0.00081763495
0.0008157472
0.00081480214
0.00081375205
0.00081328832
0.00081269207
0.00081240433
0.00081189897
0.00081155114
0.00084361121
0.00083419685
0.00082726257
0.00082309548
0.00081959662
0.00081762845
0.00081574454
0.00081478917
0.00081375576
0.00081327221
0.00081269575
0.00081239262
0.00081191541
0.00081155394
0.00084365919
0.00083414408
0.00082729418
0.00082306129
0.00081961286
0.00081760067
0.00081576126
0.00081476035
0.00081376998
0.00081324839
0.00081270383
0.00081237757
0.00081193427
0.00081156141
0.00084371263
0.00083407974
0.00082733958
0.00082300882
0.00081964807
0.00081755493
0.00081578986
0.00081472413
0.00081378698
0.0008132233
0.00081271123
0.00081236304
0.00081195234
0.00081157627
0.00084377217
0.00083400186
0.00082740032
0.00082293785
0.00081969916
0.00081749703
0.0008158243
0.000814685
0.00081380399
0.00081319853
0.00081271706
0.00081234925
0.0008119693
0.00081159775
0.00084383744
0.00083391104
0.00082747462
0.00082285201
0.00081976099
0.00081743156
0.00081586253
0.00081464272
0.00081382267
0.00081317165
0.00081272401
0.00081233391
0.00081198677
0.00081162252
0.00084390657
0.00083381119
0.00082755723
0.00082275807
0.00081982768
0.00081736219
0.00081590378
0.00081459678
0.00081384453
0.00081314114
0.00081273389
0.00081231591
0.00081200567
0.00081164737
0.00084397598
0.00083370962
0.00082764
0.0008226652
0.00081989228
0.00081729439
0.00081594444
0.00081455075
0.00081386702
0.00081310999
0.00081274443
0.00081229747
0.00081202428
0.00081167133
0.00084404052
0.00083361628
0.00082771322
0.00082258405
0.00081994651
0.00081723644
0.00081597764
0.00081451185
0.00081388433
0.0008130839
0.00081275168
0.00081228247
0.00081204
0.00081169497
0.00084409418
0.00083354195
0.00082776756
0.00082252491
0.0008199824
0.00081719693
0.0008159969
0.00081448651
0.00081389228
0.00081306713
0.00081275337
0.00081227346
0.00081205165
0.00081171876
0.00084413115
0.00083349583
0.00082779647
0.00082249483
0.00081999567
0.00081718043
0.0008160002
0.00081447708
0.00081389061
0.00081306055
0.00081274995
0.00081227095
0.00081205971
0.00081174267
0.00084414708
0.00083348321
0.00082779807
0.00082249529
0.00081998773
0.00081718578
0.00081599051
0.00081448168
0.00081388232
0.00081306272
0.00081274368
0.00081227414
0.00081206575
0.00081176645
0.00084414015
0.00083350424
0.00082777533
0.00082252238
0.0008199642
0.00081720806
0.00081597317
0.00081449659
0.00081387107
0.0008130715
0.00081273694
0.00081228184
0.00081207133
0.00081178991
0.00084411143
0.00083355429
0.00082773427
0.0008225694
0.00081993141
0.00081724196
0.00081595255
0.00081451851
0.00081385957
0.00081308506
0.00081273147
0.00081229297
0.00081207756
0.00081181296
0.00084406456
0.00083362592
0.0008276813
0.0008226296
0.00081989412
0.00081728326
0.00081593125
0.00081454513
0.00081384903
0.00081310208
0.00081272756
0.00081230692
0.00081208448
0.00081183561
0.00084400485
0.00083371089
0.00082762158
0.00082269771
0.00081985446
0.00081732949
0.0008159096
0.00081457523
0.00081383927
0.00081312165
0.0008127251
0.00081232261
0.00081209194
0.00081185768
0.00084393853
0.00083380144
0.00082755885
0.00082276965
0.00081981321
0.00081737876
0.0008158872
0.00081460764
0.0008138293
0.00081314301
0.00081272266
0.00081233969
0.00081209877
0.00081187878
0.00084387224
0.00083388998
0.00082749703
0.00082284075
0.00081977189
0.00081742815
0.00081586437
0.00081464021
0.00081381871
0.00081316467
0.00081271972
0.00081235669
0.00081210439
0.00081189813
0.00084381291
0.00083396819
0.00082744177
0.00082290418
0.00081973453
0.00081747232
0.00081584329
0.00081466954
0.00081380855
0.00081318403
0.00081271651
0.00081237167
0.00081210861
0.00081191448
0.00084376734
0.000834027
0.00082740027
0.00082295145
0.00081970679
0.00081750512
0.00081582755
0.00081469111
0.00081380078
0.00081319796
0.00081271381
0.00081238246
0.0008121116
0.00081192649
0.00084374089
0.00083405876
0.00082737894
0.0008229756
0.00081969366
0.00081752095
0.00081582067
0.000814701
0.00081379736
0.00081320389
0.0008127125
0.00081238728
0.00081211371
0.00081193307
0.00084373543
0.00083406109
0.00082737978
0.00082297457
0.00081969653
0.00081751849
0.00081582322
0.00081469841
0.00081379851
0.00081320126
0.00081271262
0.00081238583
0.00081211498
0.00081193414
0.00084374758
0.00083403989
0.00082739775
0.00082295419
0.0008197112
0.00081750237
0.00081583226
0.00081468655
0.00081380257
0.00081319227
0.00081271337
0.00081237957
0.00081211518
0.00081193092
0.00084376891
0.0008340085
0.0008274219
0.00082292689
0.00081972883
0.00081748186
0.00081584226
0.00081467178
0.00081380637
0.00081318108
0.00081271327
0.00081237135
0.00081211398
0.00081192556
0.0008437886
0.0008339832
0.00082743939
0.00082290724
0.00081973963
0.00081746778
0.00081584711
0.00081466138
0.0008138069
0.00081317263
0.00081271122
0.00081236467
0.00081211146
0.00081192081
0.0008437983
0.00083397478
0.00082744268
0.00082290352
0.000819739
0.00081746568
0.00081584472
0.0008146591
0.00081380358
0.0008131696
0.00081270752
0.00081236163
0.00081210844
0.00081191839
0.00084379587
0.00083398346
0.00082743304
0.00082291415
0.00081972923
0.00081747378
0.00081583737
0.0008146638
0.00081379811
0.00081317143
0.00081270336
0.00081236211
0.00081210582
0.00081191869
0.00084378536
0.00083400087
0.00082741758
0.00082293077
0.00081971666
0.00081748602
0.00081582927
0.00081467153
0.00081379303
0.00081317568
0.00081270023
0.00081236464
0.00081210444
0.00081192073
0.00084377399
0.0008340151
0.00082740612
0.00082294211
0.00081970922
0.00081749412
0.00081582524
0.00081467679
0.00081379081
0.00081317874
0.00081269908
0.00081236672
0.00081210442
0.00081192271
0.00084376722
0.00083401931
0.00082740359
0.00082294293
0.00081970954
0.00081749459
0.00081582639
0.00081467707
0.00081379163
0.0008131787
0.00081269958
0.00081236687
0.00081210513
0.00081192335
0.00084376614
0.00083401436
0.00082740835
0.00082293552
0.00081971526
0.00081748919
0.00081583069
0.00081467348
0.00081379398
0.00081317612
0.0008127006
0.00081236521
0.00081210574
0.00081192256
0.00084376852
0.00083400555
0.00082741577
0.00082292544
0.00081972226
0.00081748193
0.00081583525
0.0008146685
0.00081379603
0.0008131724
0.00081270106
0.00081236253
0.00081210561
0.00081192077
0.00084377158
0.0008339977
0.00082742205
0.00082291718
0.00081972762
0.00081747593
0.00081583833
0.00081466412
0.00081379691
0.00081316884
0.00081270061
0.00081235972
0.0008121047
0.00081191864
0.00084377375
0.00083399281
0.0008274258
0.00082291216
0.00081973066
0.00081747208
0.0008158397
0.00081466096
0.00081379666
0.00081316591
0.00081269942
0.00081235719
0.00081210321
0.00081191656
0.00084377484
0.00083399047
0.00082742747
0.00082290977
0.00081973185
0.00081747001
0.0008158398
0.00081465884
0.00081379562
0.00081316358
0.00081269778
0.00081235498
0.00081210149
0.0008119146
0.00084377524
0.00083398958
0.0008274281
0.00082290869
0.00081973208
0.00081746886
0.00081583925
0.00081465725
0.0008137942
0.00081316156
0.00081269595
0.00081235295
0.00081209967
0.00081191272
0.00084377531
0.00083398928
0.00082742828
0.00082290815
0.00081973191
0.00081746805
0.00081583843
0.00081465583
0.00081379264
0.00081315965
0.00081269405
0.00081235098
0.00081209781
0.00081191088
0.00084377528
0.00083398916
0.00082742828
0.00082290777
0.00081973159
0.00081746732
0.00081583749
0.00081465444
0.00081379101
0.00081315777
0.00081269214
0.00081234904
0.00081209592
0.00081190905
0.00084377522
0.00083398907
0.00082742817
0.00082290743
0.0008197312
0.00081746659
0.00081583649
0.00081465303
0.00081378934
0.0008131559
0.00081269022
0.00081234713
0.00081209403
0.00081190721
0.00084377514
0.00083398897
0.000827428
0.0008229071
0.00081973076
0.00081746581
0.00081583542
0.00081465158
0.00081378765
0.00081315404
0.00081268832
0.00081234521
0.00081209216
0.00081190538
0.00084377506
0.00083398887
0.00082742781
0.00082290674
0.00081973027
0.00081746499
0.0008158343
0.0008146501
0.00081378594
0.00081315217
0.00081268642
0.00081234332
0.0008120903
0.00081190356
0.00084377497
0.00083398875
0.00082742759
0.00082290636
0.00081972973
0.00081746413
0.00081583312
0.00081464859
0.00081378421
0.00081315031
0.00081268453
0.00081234143
0.00081208845
0.00081190174
0.00084377488
0.00083398861
0.00082742737
0.00082290601
0.00081972909
0.00081746324
0.00081583186
0.00081464706
0.00081378245
0.00081314846
0.00081268264
0.00081233956
0.00081208661
0.00081189993
0.00084377478
0.00083398844
0.00082742712
0.00082290564
0.00081972838
0.00081746231
0.00081583055
0.00081464551
0.00081378067
0.00081314662
0.00081268077
0.00081233771
0.00081208479
0.00081189813
0.00084377467
0.00083398828
0.00082742682
0.00082290522
0.00081972763
0.00081746132
0.00081582919
0.00081464392
0.00081377889
0.00081314479
0.00081267891
0.00081233587
0.00081208297
0.00081189634
0.00084377455
0.0008339881
0.00082742644
0.00082290476
0.00081972685
0.00081746028
0.0008158278
0.00081464232
0.00081377712
0.00081314296
0.00081267708
0.00081233404
0.00081208118
0.00081189457
0.00084377441
0.00083398789
0.00082742606
0.00082290424
0.00081972601
0.00081745917
0.00081582637
0.00081464068
0.00081377534
0.00081314115
0.00081267525
0.00081233224
0.0008120794
0.00081189282
0.00084377425
0.00083398766
0.00082742564
0.00082290366
0.00081972512
0.00081745801
0.0008158249
0.00081463903
0.00081377356
0.00081313934
0.00081267345
0.00081233045
0.00081207763
0.00081189107
0.00084377408
0.0008339874
0.0008274252
0.00082290304
0.00081972417
0.00081745679
0.0008158234
0.00081463736
0.00081377178
0.00081313755
0.00081267165
0.00081232868
0.00081207588
0.00081188934
0.00084377389
0.00083398712
0.00082742473
0.00082290235
0.00081972318
0.00081745551
0.00081582186
0.00081463566
0.00081377
0.00081313576
0.00081266986
0.00081232691
0.00081207414
0.00081188762
0.00084377367
0.00083398682
0.00082742422
0.00082290161
0.00081972212
0.00081745418
0.00081582029
0.00081463396
0.00081376822
0.00081313397
0.00081266809
0.00081232516
0.00081207241
0.00081188591
0.00084377343
0.00083398648
0.00082742369
0.00082290079
0.00081972102
0.00081745279
0.00081581869
0.00081463222
0.00081376645
0.00081313219
0.00081266632
0.00081232342
0.00081207069
0.0008118842
0.00084377317
0.00083398612
0.00082742313
0.0008228999
0.00081971987
0.00081745133
0.00081581706
0.00081463047
0.00081376467
0.0008131304
0.00081266455
0.00081232167
0.00081206897
0.0008118825
0.00084377288
0.00083398572
0.00082742251
0.00082289895
0.00081971865
0.00081744983
0.0008158154
0.0008146287
0.00081376288
0.00081312861
0.00081266279
0.00081231993
0.00081206725
0.0008118808
0.00084377256
0.00083398528
0.00082742184
0.00082289793
0.00081971735
0.00081744827
0.00081581369
0.00081462691
0.00081376108
0.00081312682
0.00081266102
0.00081231819
0.00081206552
0.00081187909
0.00084377222
0.0008339848
0.00082742111
0.00082289686
0.00081971599
0.00081744666
0.00081581195
0.00081462509
0.00081375926
0.00081312501
0.00081265923
0.00081231643
0.00081206378
0.00081187737
0.00084377185
0.00083398428
0.00082742031
0.00082289572
0.00081971456
0.00081744499
0.00081581016
0.00081462325
0.00081375742
0.00081312319
0.00081265743
0.00081231465
0.00081206203
0.00081187563
0.00084377144
0.00083398371
0.00082741945
0.0008228945
0.00081971305
0.00081744326
0.00081580832
0.00081462137
0.00081375554
0.00081312133
0.00081265561
0.00081231285
0.00081206025
0.00081187386
0.00084377101
0.0008339831
0.00082741852
0.00082289322
0.00081971146
0.00081744147
0.00081580642
0.00081461944
0.00081375363
0.00081311945
0.00081265375
0.00081231102
0.00081205843
0.00081187207
0.00084377054
0.00083398243
0.00082741753
0.00082289185
0.00081970979
0.0008174396
0.00081580446
0.00081461746
0.00081375167
0.00081311751
0.00081265184
0.00081230914
0.00081205657
0.00081187023
0.00084377004
0.00083398173
0.00082741646
0.00082289041
0.00081970803
0.00081743765
0.00081580243
0.00081461541
0.00081374964
0.00081311551
0.00081264987
0.0008123072
0.00081205466
0.00081186833
0.0008437695
0.00083398097
0.00082741532
0.00082288886
0.00081970612
0.00081743552
0.00081580019
0.00081461315
0.00081374738
0.00081311328
0.00081264767
0.00081230501
0.00081205249
0.00081186618
7.8325488e-06
3.4187402e-05
5.1165919e-05
5.2405234e-05
4.9022078e-05
4.6039248e-05
4.6959247e-05
4.8678846e-05
5.078779e-05
5.1863252e-05
5.2360351e-05
5.2439368e-05
5.2287625e-05
5.206046e-05
5.1773142e-05
5.1436457e-05
5.1087998e-05
5.0735982e-05
5.0382196e-05
5.0032827e-05
4.9691061e-05
4.9355201e-05
4.9035809e-05
4.8727169e-05
4.84245e-05
4.8128178e-05
4.7838537e-05
4.7557798e-05
4.7287916e-05
4.7022957e-05
4.6763651e-05
4.6508395e-05
4.6261458e-05
4.6019705e-05
4.5783314e-05
4.5550317e-05
4.5322281e-05
4.5099738e-05
4.4880398e-05
4.4664837e-05
4.4453212e-05
4.4245699e-05
4.404059e-05
4.3838553e-05
4.3640115e-05
4.3444579e-05
4.3251257e-05
4.3060853e-05
4.2873192e-05
4.2687652e-05
4.2504432e-05
4.2323479e-05
4.2144461e-05
4.1967698e-05
4.1792562e-05
4.1619349e-05
4.1448171e-05
4.1278242e-05
4.111019e-05
4.0943778e-05
4.077871e-05
4.0615208e-05
4.0453065e-05
4.0292374e-05
4.0132849e-05
3.9974902e-05
3.9817951e-05
3.9662322e-05
3.9507873e-05
3.9354489e-05
3.9202234e-05
3.9051069e-05
3.8900925e-05
3.8751818e-05
3.8603703e-05
3.8456576e-05
3.8310304e-05
3.8165051e-05
3.8020687e-05
3.7877029e-05
3.7734507e-05
3.7592697e-05
3.7451447e-05
3.7311502e-05
3.7172197e-05
3.7033259e-05
3.6895442e-05
3.675916e-05
3.662265e-05
3.6487123e-05
3.6353483e-05
3.6224096e-05
3.6094004e-05
3.5967063e-05
3.5867446e-05
3.5721737e-05
3.6442033e-05
3.3243719e-05
5.5792449e-05
7.3648928e-05
0.00010397412
0.00014344196
0.0001923146
0.00023328919
0.00026617145
0.00028870683
0.00030667533
0.00031972155
0.00032941233
0.00033650923
0.00034140854
0.00034457288
0.00034694144
0.00034870044
0.00034989625
0.00035071741
0.00035122299
0.00035144783
0.00035162343
0.00035164553
0.00035146426
0.00035112517
0.00035065962
0.00035013135
0.00034958233
0.00034890918
0.00034815799
0.00034731653
0.00034647816
0.00034558268
0.00034465152
0.00034365873
0.00034264756
0.00034162996
0.00034056847
0.00033948834
0.00033839633
0.00033729915
0.00033617062
0.00033503332
0.00033389868
0.0003327555
0.00033159711
0.00033044116
0.00032928519
0.00032812133
0.00032695712
0.00032579331
0.00032462673
0.00032346505
0.00032229885
0.00032113643
0.00031997994
0.00031881771
0.00031766334
0.00031651238
0.00031536163
0.00031421638
0.00031307383
0.0003119365
0.00031080068
0.0003096738
0.00030854664
0.00030742622
0.00030631013
0.0003051975
0.00030409027
0.00030298768
0.00030188956
0.00030079656
0.00029970809
0.00029862502
0.0002975454
0.00029647194
0.00029540345
0.00029433723
0.00029327964
0.00029222536
0.00029117244
0.00029013053
0.0002890916
0.00028805286
0.00028702209
0.0002860052
0.00028498188
0.00028396563
0.00028295967
0.00028199763
0.00028100463
0.00028006859
0.00027926289
0.00027816246
6.5647377e-05
3.4981276e-05
3.8800402e-05
3.6610298e-05
4.6667486e-05
5.9755475e-05
9.2329907e-05
0.00012920203
0.0001848454
0.00024311061
0.00031458723
0.00037486047
0.00041775633
0.00044892057
0.0004735951
0.00049329974
0.00050989481
0.00052331991
0.00053432323
0.00054362698
0.00055144739
0.00055807283
0.00056405566
0.00056909841
0.00057329986
0.00057685117
0.00057983563
0.00058242261
0.00058468143
0.00058641482
0.00058780581
0.00058883423
0.00058970442
0.0005902699
0.00059062823
0.00059072566
0.00059067557
0.00059049095
0.00059010359
0.0005895965
0.00058897448
0.00058825681
0.00058739493
0.00058645355
0.0005854527
0.00058437007
0.00058320103
0.00058198792
0.00058072518
0.00057940038
0.00057803378
0.00057662861
0.00057518131
0.00057371066
0.0005721971
0.0005706634
0.0005691137
0.00056752421
0.00056592874
0.00056431643
0.00056268242
0.00056104016
0.00055938411
0.00055772099
0.00055604362
0.00055436979
0.00055267861
0.00055098819
0.00054929274
0.00054759137
0.00054588949
0.0005441853
0.00054247957
0.00054077405
0.00053906768
0.00053736354
0.00053565699
0.00053395482
0.00053225517
0.00053055151
0.0005288589
0.00052716618
0.00052546853
0.00052378775
0.000522107
0.00052042027
0.00051874303
0.00051709012
0.00051541788
0.00051375423
0.00051209917
0.0005105333
0.00050887605
0.00050735997
0.00050594616
0.00050412139
0.00071646383
0.00021774058
8.4573352e-05
6.236191e-05
5.4796524e-05
4.4937169e-05
4.3343169e-05
4.9406808e-05
6.8150343e-05
0.00010094681
0.00015213651
0.00022784536
0.00031198587
0.00037845039
0.00043931435
0.00049598114
0.00054432957
0.00057960467
0.00060942581
0.00063518699
0.00065799295
0.00067796708
0.00069625759
0.00071222217
0.00072625165
0.00073872578
0.00074980754
0.0007598648
0.00076900161
0.00077690291
0.00078396747
0.00079014039
0.00079579226
0.00080067504
0.00080502078
0.00080870999
0.00081196755
0.00081481172
0.00081714552
0.00081914289
0.00082079173
0.00082214507
0.00082312661
0.00082386552
0.00082439323
0.00082467796
0.00082472154
0.00082460297
0.0008243172
0.00082384746
0.00082323345
0.00082248575
0.0008216023
0.00082062012
0.00081950589
0.00081830649
0.00081703081
0.00081563734
0.00081419274
0.00081267758
0.0008110855
0.00080944375
0.00080774358
0.00080599927
0.00080419882
0.00080237771
0.00080049684
0.00079859292
0.00079665547
0.00079468414
0.00079269048
0.00079067169
0.00078863043
0.00078657078
0.00078449141
0.0007823993
0.00078028599
0.00077816532
0.00077603438
0.00077388108
0.00077173502
0.00076957529
0.00076739329
0.00076523088
0.00076305617
0.00076085913
0.00075866826
0.00075651124
0.00075430712
0.00075210929
0.00074990884
0.00074785933
0.00074560477
0.00074362537
0.00074162094
0.00073914327
0.00079926528
0.00072365729
0.00055302426
0.00033631436
0.00018260139
0.00012524264
9.0071005e-05
6.8704227e-05
5.5860964e-05
5.2327113e-05
6.0961052e-05
8.46642e-05
0.00013887352
0.00020982908
0.00029544619
0.00036398287
0.00043322125
0.00049996354
0.0005624249
0.00061793946
0.00066922031
0.00071546422
0.00075808812
0.00079032341
0.00081925663
0.00084550422
0.00086937751
0.00089130324
0.0009114175
0.00092937374
0.00094575447
0.00096049201
0.00097417508
0.00098641611
0.00099762946
0.0010075849
0.0010166869
0.0010249374
0.001032222
0.0010388377
0.0010447284
0.001050008
0.0010545683
0.0010586278
0.0010622228
0.001065315
0.0010679221
0.0010701688
0.001072054
0.0010735572
0.0010747443
0.001075639
0.0010762434
0.0010766174
0.0010767131
0.0010766116
0.0010763265
0.0010757967
0.0010751334
0.0010743057
0.0010733075
0.0010721853
0.0010709272
0.0010695578
0.0010680606
0.0010664947
0.0010647977
0.0010630327
0.0010611826
0.001059249
0.0010572523
0.0010551887
0.0010530642
0.0010508865
0.0010486542
0.0010463804
0.0010440515
0.0010416915
0.0010392965
0.0010368469
0.0010343928
0.0010319002
0.0010293552
0.0010268282
0.0010242662
0.0010216541
0.0010190388
0.0010164656
0.0010138017
0.0010111369
0.0010084486
0.0010059908
0.0010031611
0.0010007879
0.00099817811
0.00099507268
0.00080987389
0.00079758743
0.00075762758
0.00065745347
0.00049046785
0.00039057205
0.00027660112
0.00020586277
0.00015239774
0.0001138266
8.5375708e-05
7.0858701e-05
6.7834621e-05
8.3646741e-05
0.00012880152
0.00019481176
0.000284069
0.00035167662
0.00042232122
0.00049486773
0.00056663578
0.00063397206
0.00069959193
0.00076064992
0.00081668098
0.00086808465
0.00091568289
0.00095966152
0.00099739981
0.0010292589
0.0010587241
0.0010856715
0.0011109697
0.0011338929
0.0011550602
0.0011743148
0.0011921412
0.0012085162
0.0012233244
0.0012370123
0.0012494516
0.001260848
0.0012710489
0.0012803925
0.0012889065
0.0012965482
0.0013033625
0.00130953
0.0013150549
0.0013199116
0.0013242009
0.0013279669
0.001331217
0.0013340377
0.0013363672
0.0013383328
0.0013399495
0.0013411373
0.0013420643
0.001342684
0.0013429934
0.0013430643
0.0013428817
0.0013424832
0.0013418493
0.0013410685
0.00134005
0.0013388918
0.0013375686
0.0013360853
0.0013344746
0.0013327311
0.0013308668
0.0013288938
0.0013268115
0.0013246413
0.0013223632
0.0013200152
0.0013175923
0.0013150652
0.0013125115
0.0013098801
0.001307151
0.0013044314
0.0013016417
0.00129876
0.0012958576
0.0012930028
0.0012899955
0.0012869732
0.0012838956
0.0012811454
0.0012777993
0.0012751391
0.001271941
0.0012682796
0.0008118305
0.00080896461
0.00080164344
0.0007804849
0.00072238099
0.00066249289
0.00055755436
0.00047436942
0.00038128646
0.00032130476
0.00023739131
0.00018435818
0.00013101381
0.00010020577
8.2719194e-05
8.9051428e-05
0.00012125248
0.00018447422
0.00026704029
0.00034570487
0.00041527729
0.00048913612
0.00056742348
0.00064420187
0.00071930889
0.00079219297
0.00086165819
0.00092731924
0.0009892158
0.0010464181
0.0010994889
0.0011485516
0.0011948266
0.0012329127
0.0012672673
0.0012989685
0.0013286208
0.0013560762
0.0013812357
0.0014046112
0.001426227
0.0014462044
0.0014643781
0.0014812488
0.0014968102
0.0015110131
0.0015239444
0.0015358531
0.0015467445
0.0015565823
0.0015655169
0.0015736189
0.0015808993
0.0015874745
0.0015932721
0.0015984769
0.0016030994
0.0016070441
0.001610549
0.0016135458
0.0016160385
0.0016181316
0.001619806
0.0016211151
0.0016220395
0.0016227017
0.0016229777
0.0016230112
0.0016227649
0.0016222497
0.0016215142
0.0016205512
0.0016193811
0.0016180221
0.0016164746
0.0016147717
0.0016128852
0.0016108709
0.0016087237
0.001606402
0.001604018
0.0016015004
0.001598821
0.0015961335
0.0015933259
0.0015903675
0.0015873608
0.0015844029
0.0015812095
0.0015779787
0.0015746477
0.0015717585
0.0015679875
0.0015651819
0.0015614393
0.0015573394
0.00081121488
0.00081122032
0.00080917206
0.00080494173
0.00079333194
0.00077422311
0.00073252138
0.00069297859
0.00062075928
0.0005712794
0.00048062548
0.00041998574
0.00033532035
0.00026071929
0.00018329385
0.00013463738
0.0001040584
9.8225447e-05
0.0001190825
0.00017417937
0.00025215007
0.00034969898
0.00041645811
0.0004907127
0.00057173203
0.00065453243
0.00073631653
0.00081860365
0.00089945008
0.00097748098
0.0010522222
0.0011229544
0.0011902708
0.0012526869
0.0013108961
0.0013648213
0.0014155632
0.0014593865
0.0014977857
0.0015336983
0.0015672806
0.0015984898
0.001627208
0.0016540501
0.0016789932
0.0017020343
0.0017232328
0.0017429525
0.0017611793
0.0017778611
0.0017932211
0.0018073565
0.0018202771
0.0018321336
0.0018428467
0.0018526707
0.0018616017
0.0018695344
0.0018767911
0.0018832722
0.0018889945
0.0018941025
0.0018985724
0.0019024751
0.0019057966
0.001908696
0.0019110128
0.0019129474
0.0019144464
0.0019155299
0.001916267
0.0019166469
0.0019167027
0.0019164598
0.0019159199
0.0019151321
0.0019140577
0.0019127751
0.0019112797
0.0019095146
0.0019076351
0.0019055457
0.0019032087
0.0019008342
0.0018982719
0.0018954806
0.0018926002
0.0018897639
0.0018865854
0.001883336
0.0018799265
0.0018770909
0.001873021
0.0018702489
0.0018660312
0.00186166
0.00081106257
0.00081118117
0.0008101609
0.00080981285
0.000806613
0.00080207691
0.000791808
0.00077804463
0.00074832888
0.00072323435
0.00067627132
0.00062987885
0.00057553194
0.00049313688
0.00042539038
0.00032822394
0.00024071348
0.00017321395
0.00012999798
0.00011146509
0.00012165154
0.00016812776
0.00024209919
0.00033823042
0.00042473682
0.00049877645
0.00058031485
0.00066819082
0.00075621759
0.00084636908
0.00093674734
0.0010250536
0.0011113055
0.0011945465
0.0012743973
0.0013498862
0.0014217138
0.0014889001
0.0015512873
0.0016095861
0.0016644294
0.001710552
0.0017524706
0.0017919268
0.0018287964
0.0018631066
0.0018949443
0.0019247748
0.0019524533
0.0019781011
0.002001895
0.0020239864
0.0020443774
0.0020632605
0.0020805519
0.0020965876
0.0021113333
0.0021246845
0.0021370624
0.0021483217
0.0021585
0.0021677911
0.0021761624
0.0021837052
0.0021904176
0.0021964966
0.0022017415
0.002206423
0.0022104651
0.0022139014
0.0022168268
0.0022192243
0.0022211452
0.0022226229
0.0022236607
0.0022243288
0.0022245752
0.0022245062
0.0022241187
0.0022233373
0.0022223693
0.0022210918
0.0022194551
0.0022177365
0.0022157421
0.0022134174
0.002210947
0.0022085084
0.0022055937
0.0022025613
0.0021992913
0.0021967452
0.00219254
0.0021900219
0.0021854247
0.0021810058
0.00081107582
0.00081108846
0.00081019634
0.00081017976
0.00080896177
0.0008082941
0.0008052376
0.000801131
0.00079364943
0.00078288719
0.00076716184
0.00074119636
0.00071795954
0.00067273246
0.00063492062
0.00055986276
0.0004916168
0.00038780103
0.00029490411
0.00021426788
0.00016018356
0.00012865618
0.00012896932
0.00016373142
0.00023457901
0.00032909101
0.00044080291
0.00051433372
0.00059676105
0.00068747431
0.00078127931
0.00087698566
0.00097572028
0.0010734992
0.0011707771
0.0012655025
0.001357356
0.0014456284
0.0015300312
0.0016099953
0.0016858336
0.001756677
0.0018223881
0.0018842874
0.0019396638
0.0019877692
0.0020327523
0.0020751618
0.002114637
0.0021515281
0.0021860058
0.0022181329
0.0022480256
0.0022759127
0.0023016571
0.0023257092
0.0023479818
0.0023683858
0.002387457
0.0024049826
0.0024210334
0.0024358613
0.0024494182
0.00246182
0.0024730845
0.0024834452
0.0024926594
0.0025010823
0.0025086069
0.0025152859
0.0025212458
0.0025264599
0.002531004
0.0025349205
0.0025382141
0.0025409826
0.002543157
0.0025448771
0.0025461434
0.0025468578
0.0025472896
0.0025472845
0.0025467793
0.0025461295
0.002545092
0.0025435966
0.0025418794
0.0025401719
0.0025378243
0.0025352959
0.0025324315
0.0025304594
0.0025263248
0.0025243288
0.0025194761
0.0025152976
0.00081115378
0.00081095292
0.00081030362
0.00080999194
0.00080934857
0.000808867
0.00080808492
0.00080674162
0.00080483391
0.00080088562
0.00079610187
0.00078714215
0.00077750373
0.00075860991
0.00074149193
0.00070746935
0.00067512117
0.00060727096
0.00054217225
0.00044306723
0.00034575063
0.00025725602
0.00019125554
0.00014965127
0.00013922713
0.00016186033
0.00023151691
0.000325567
0.0004415576
0.00053567726
0.00061988652
0.00071246598
0.00081198281
0.00091217577
0.0010188361
0.0011259077
0.0012333038
0.0013392418
0.0014430658
0.0015433789
0.0016398627
0.0017326683
0.0018206685
0.0019043218
0.0019828697
0.002056209
0.0021247107
0.0021879417
0.0022416493
0.0022922118
0.0023397584
0.0023842079
0.0024258286
0.0024648865
0.0025011639
0.0025351927
0.0025669349
0.00259623
0.0026237729
0.0026492505
0.002672787
0.0026946997
0.0027149139
0.0027335765
0.0027507333
0.0027666498
0.0027810403
0.0027943607
0.0028064615
0.0028174218
0.0028274063
0.0028363723
0.0028444297
0.0028516293
0.002857977
0.0028636059
0.0028684251
0.0028726152
0.0028761817
0.0028789991
0.0028814102
0.0028832252
0.0028843652
0.0028852756
0.0028856594
0.0028854271
0.0028848738
0.0028842962
0.0028828801
0.0028812008
0.0028790626
0.0028780039
0.0028741937
0.0028730424
0.0028680887
0.0028645131
0.00081123337
0.00081082752
0.00081040048
0.00080984333
0.00080945888
0.00080878553
0.00080847927
0.00080756328
0.00080712049
0.00080551902
0.00080423494
0.00080111725
0.0007972833
0.00079118059
0.00078396241
0.00077091145
0.00075741204
0.00073079191
0.00070259953
0.00065037555
0.00057600106
0.00049822934
0.00039272706
0.00029997636
0.0002234019
0.00017411553
0.00015210575
0.0001669674
0.00022962424
0.00032509081
0.00044475361
0.00056349067
0.00064995215
0.00074459515
0.0008488779
0.00095513206
0.0010683813
0.0011840434
0.0013012201
0.001417975
0.0015328772
0.0016453884
0.0017543385
0.0018592248
0.0019596063
0.0020557841
0.002146679
0.0022329034
0.0023129321
0.002388114
0.0024572418
0.0025164015
0.0025721286
0.0026246756
0.0026737248
0.0027199241
0.0027632398
0.0028034929
0.0028414379
0.0028767485
0.0029095994
0.0029403438
0.0029688804
0.0029953971
0.0030199748
0.0030429036
0.003063855
0.0030834034
0.0031013405
0.0031177825
0.0031329382
0.0031467416
0.0031593473
0.0031708135
0.0031811466
0.0031905243
0.0031988278
0.0032062857
0.0032129112
0.0032185458
0.0032236181
0.0032278987
0.0032312906
0.0032343416
0.0032366957
0.0032382411
0.0032393384
0.0032403631
0.0032403128
0.0032398936
0.003238864
0.0032391206
0.0032359431
0.0032360209
0.0032311551
0.0032286297
0.00081126964
0.00081076463
0.00081042649
0.00080979006
0.00080946385
0.00080875724
0.00080846866
0.00080767418
0.00080735547
0.00080640181
0.00080587096
0.0008045346
0.00080335699
0.00080086952
0.00079836686
0.00079349047
0.00078787366
0.00077918642
0.00076743333
0.00074999776
0.00071960363
0.00068123455
0.00060997031
0.00054293532
0.00043783702
0.00034244553
0.00025934746
0.0001992328
0.00016778937
0.00017523732
0.00023024555
0.0003292647
0.00045293464
0.00059193154
0.00068685109
0.00078476713
0.00089289899
0.001005245
0.001124684
0.0012490236
0.0013750127
0.0015026115
0.001629211
0.0017535928
0.0018747681
0.0019924351
0.0021052409
0.002213624
0.0023170824
0.0024154361
0.0025083538
0.0025948955
0.002676149
0.002749555
0.0028137325
0.0028744539
0.0029316058
0.0029850262
0.0030355375
0.0030827476
0.0031269533
0.0031684289
0.0032071462
0.0032433216
0.0032770431
0.0033086311
0.003337715
0.0033650069
0.0033902185
0.0034135166
0.0034351601
0.0034550489
0.0034733965
0.0034902657
0.003505662
0.0035198188
0.0035325812
0.0035442353
0.0035548041
0.0035640891
0.0035726193
0.0035801206
0.0035864757
0.0035923473
0.0035973166
0.0036012453
0.0036045661
0.003607749
0.0036095778
0.0036109046
0.0036114359
0.0036134803
0.0036113058
0.0036130679
0.0036085173
0.0036075863
0.00081126373
0.00081075267
0.00081040363
0.00080979099
0.00080942009
0.00080877544
0.0008084019
0.00080771669
0.0008072991
0.00080655281
0.00080605889
0.00080521428
0.00080455093
0.00080342684
0.00080226422
0.00080055395
0.0007981214
0.0007951745
0.00079012844
0.00078389489
0.00077429169
0.0007604637
0.00073400633
0.00070415265
0.00064133218
0.00057977127
0.00048110675
0.00037999276
0.00029515982
0.00022442584
0.00018538407
0.00018561559
0.00023488727
0.00033763995
0.0004673146
0.00061400283
0.00072922288
0.00083163861
0.00094399981
0.0010631598
0.0011876367
0.0013210599
0.0014565093
0.0015949683
0.0017331715
0.0018699678
0.0020037161
0.002133778
0.0022595387
0.0023805171
0.0024962256
0.0026070313
0.0027120852
0.002811263
0.0029035626
0.0029906907
0.0030664476
0.0031353833
0.0032007866
0.003262125
0.0033198809
0.0033742108
0.0034251581
0.0034730117
0.0035177327
0.00355985
0.0035988322
0.0036355767
0.0036696874
0.0037014015
0.0037310307
0.0037584277
0.003783883
0.0038074571
0.0038291546
0.0038492763
0.0038676217
0.0038845445
0.0039000793
0.0039139809
0.0039268934
0.0039384929
0.0039486397
0.0039581241
0.0039664608
0.0039734812
0.0039796953
0.0039856864
0.0039899971
0.0039936405
0.0039962641
0.0040006492
0.0039999182
0.0040038997
0.0039999352
0.0040012532
0.0008112361
0.00081076494
0.00081036307
0.00080981164
0.00080936863
0.00080880329
0.00080833808
0.00080775075
0.0008072271
0.00080660181
0.00080600685
0.00080535547
0.00080466406
0.00080397122
0.00080308177
0.00080225814
0.00080097106
0.0007997093
0.00079770113
0.00079522143
0.00079171023
0.00078634579
0.00077817557
0.00076727302
0.00074607772
0.00072107268
0.00066817457
0.00060794297
0.00051929739
0.00041293526
0.00032893918
0.00024927682
0.0002037642
0.00019763228
0.00024474487
0.0003489455
0.00048655995
0.00064207369
0.00077806887
0.00088600437
0.0010027298
0.0011289393
0.0012592435
0.0014017602
0.0015468743
0.0016965288
0.00184674
0.0019959296
0.0021427019
0.0022857428
0.0024241759
0.0025581224
0.0026864244
0.0028095345
0.0029268722
0.0030384716
0.0031430059
0.0032406568
0.0033315976
0.0034094123
0.0034830704
0.0035525378
0.0036179407
0.003679647
0.003737467
0.003792153
0.0038430213
0.0038910815
0.0039359077
0.0039778055
0.0040171093
0.0040536232
0.0040877357
0.004119495
0.0041489047
0.0041763467
0.004201562
0.004224984
0.0042466607
0.0042662913
0.0042846521
0.0043013637
0.0043162612
0.0043302754
0.0043428522
0.0043537877
0.0043636741
0.0043732294
0.0043807255
0.0043873519
0.0043926884
0.0044000574
0.0044012909
0.0044081169
0.0044050592
0.0044094051
0.00081120711
0.00081077915
0.0008103261
0.00080982924
0.00080932678
0.00080882259
0.00080829042
0.00080777057
0.00080717567
0.00080662316
0.00080595591
0.00080538396
0.00080464019
0.00080404939
0.00080321056
0.00080257139
0.00080160084
0.00080081696
0.00079961155
0.00079848587
0.00079672461
0.00079487956
0.00079167544
0.00078776922
0.00078061683
0.00077170977
0.00075564029
0.00073323686
0.00069099642
0.00062749673
0.00055127446
0.00044423437
0.00035861024
0.00027404493
0.00022158736
0.00021114346
0.00025730923
0.00036461292
0.00051209945
0.00067723113
0.00083495723
0.00094847977
0.0010701438
0.0012034918
0.0013402797
0.0014921425
0.0016475857
0.001808687
0.0019712918
0.0021333087
0.0022931935
0.0024495463
0.0026011858
0.0027479545
0.0028893146
0.0030248142
0.0031548355
0.0032783929
0.0033957415
0.0035048962
0.0036078865
0.0036978999
0.0037801328
0.0038580286
0.0039312177
0.0040006988
0.004065598
0.0041270725
0.0041846285
0.0042386904
0.0042894911
0.0043369564
0.0043814699
0.0044230839
0.004461802
0.004498102
0.0045316502
0.0045629742
0.0045921351
0.004618768
0.0046437994
0.0046667869
0.0046875389
0.004707139
0.0047249624
0.0047407655
0.0047552249
0.0047692193
0.0047807175
0.0047911013
0.0047998714
0.0048109698
0.0048147793
0.0048251761
0.0048234037
0.0048316959
0.0008111867
0.00081078649
0.00081030123
0.00080983699
0.00080930072
0.00080882896
0.00080826209
0.00080777442
0.00080714701
0.00080662515
0.00080592924
0.00080538306
0.00080461873
0.00080405041
0.00080320972
0.00080261652
0.00080168267
0.00080105667
0.00079997896
0.00079929965
0.00079794955
0.0007971461
0.00079524931
0.00079404624
0.00079083859
0.00078830612
0.00078204778
0.00077428288
0.00076203332
0.00074176611
0.00070651073
0.0006466049
0.00057644711
0.00047376516
0.00038432009
0.00029680203
0.00023883244
0.00022557404
0.00027306767
0.00038531102
0.00054505132
0.00072076144
0.00089930687
0.001019143
0.0011465223
0.0012872908
0.0014318987
0.0015933658
0.0017595722
0.0019325609
0.0021079291
0.0022832012
0.0024566872
0.0026265776
0.00279198
0.0029518335
0.0031064934
0.0032549832
0.0033973684
0.0035336159
0.0036632848
0.0037846423
0.0038984756
0.0040025884
0.0040935555
0.0041802252
0.0042614658
0.0043386396
0.0044111242
0.0044795019
0.0045438767
0.0046043135
0.004661164
0.0047144691
0.0047643095
0.0048111986
0.0048547311
0.0048955453
0.0049337132
0.0049687966
0.0050018913
0.0050324835
0.0050603531
0.0050867485
0.0051109735
0.0051327398
0.0051528087
0.0051722495
0.0051886936
0.00520373
0.0052167671
0.0052324549
0.0052395551
0.0052543611
0.0052543194
0.0052676319
0.00081117825
0.00081078565
0.00081029035
0.00080983506
0.00080929079
0.00080882398
0.00080825188
0.00080776511
0.00080713821
0.00080661246
0.0008059238
0.00080536632
0.00080461729
0.00080402926
0.00080321388
0.00080259519
0.00080170522
0.0008010561
0.00080007687
0.00079938998
0.00079829618
0.00079753426
0.00079628451
0.0007953263
0.00079382806
0.00079227378
0.00079027618
0.00078701936
0.00078317912
0.00077572212
0.00076546551
0.000747711
0.00071719084
0.00066369588
0.00059760616
0.00049908899
0.00040645394
0.00031750999
0.0002550037
0.00024084792
0.00029217822
0.00041240917
0.00058590222
0.0007734412
0.0009712818
0.0010981633
0.0012324126
0.0013809585
0.0015341733
0.0017059833
0.0018835107
0.0020690498
0.0022578499
0.0024469769
0.0026347205
0.0028185304
0.0029980108
0.003171761
0.0033394988
0.0035014085
0.0036567552
0.0038056323
0.0039475334
0.0040817887
0.0042067957
0.0043250883
0.0044251118
0.0045204365
0.0046102189
0.0046952504
0.0047754677
0.0048510797
0.0049224111
0.0049894726
0.0050524619
0.0051118287
0.0051671969
0.0052192999
0.0052681905
0.0053133609
0.0053560963
0.005395801
0.0054322259
0.0054667942
0.0054987392
0.0055277227
0.0055545879
0.0055806301
0.0056031047
0.0056238242
0.0056420868
0.005663353
0.0056745743
0.005694752
0.005696966
0.0057165437
0.00081118091
0.00081077925
0.00081029197
0.0008098267
0.00080929464
0.00080881169
0.00080825677
0.00080774732
0.00080714594
0.0008065897
0.00080593678
0.0008053373
0.00080463718
0.00080399148
0.00080324367
0.0008025449
0.00080175141
0.00080098944
0.00080015684
0.00079931185
0.00079845401
0.00079748761
0.0007966278
0.0007954665
0.00079463152
0.00079313201
0.00079228984
0.00079019341
0.00078901031
0.00078563635
0.00078305643
0.00077613663
0.00076714331
0.00075169589
0.0007252364
0.00067814702
0.00061414188
0.00052050828
0.0004253491
0.00033559829
0.0002700432
0.00025692729
0.00031521378
0.00044678051
0.00063536998
0.00083604451
0.0010486822
0.0011856083
0.001327834
0.0014850688
0.0016475444
0.0018306648
0.0020207257
0.0022196582
0.0024226708
0.0026262065
0.0028286584
0.0030271857
0.0032208419
0.0034088383
0.0035904487
0.0037658186
0.0039344517
0.0040962286
0.0042506812
0.004398201
0.0045348963
0.0046644101
0.0047763053
0.0048804946
0.0049789977
0.0050721766
0.0051603277
0.0052434116
0.0053217535
0.0053957332
0.0054650066
0.0055303887
0.0055918892
0.0056490049
0.0057031563
0.0057536743
0.0058002811
0.0058445828
0.0058857449
0.0059233736
0.0059583871
0.0059923487
0.0060220951
0.0060496783
0.0060742643
0.0061022413
0.0061185451
0.0061451928
0.0061502817
0.006177556
0.00081119137
0.00081077271
0.00081030167
0.00080981855
0.00080930671
0.00080880002
0.0008082697
0.00080773061
0.00080716114
0.00080656886
0.00080595617
0.0008053118
0.00080466163
0.00080396022
0.00080327414
0.00080250686
0.00080178908
0.00080094429
0.00080020198
0.00079926384
0.00079850774
0.00079745537
0.00079669746
0.00079550534
0.00079475103
0.00079339256
0.00079261576
0.00079105925
0.00079015173
0.00078828971
0.00078691664
0.00078438975
0.00078138324
0.00077625387
0.00076787328
0.00075424464
0.0007309045
0.00068953602
0.00062718274
0.00053748819
0.00044131448
0.00035060468
0.000283849
0.00027410796
0.00034292676
0.00048949367
0.00069402871
0.00090900794
0.0011362229
0.0012825239
0.0014335465
0.001600293
0.0017738246
0.0019689631
0.0021725839
0.0023857043
0.0026035898
0.0028224126
0.0030399653
0.0032537209
0.0034622789
0.0036648468
0.0038607868
0.0040498817
0.004232088
0.0044072191
0.0045748108
0.0047347965
0.0048838572
0.0050245477
0.0051487525
0.005262057
0.005369546
0.005471109
0.0055672069
0.0056581391
0.0057435849
0.0058244491
0.0059006936
0.0059718108
0.0060393367
0.0061025808
0.0061612043
0.0062169968
0.0062690671
0.0063169585
0.0063616529
0.0064050311
0.0064434623
0.0064792561
0.0065114177
0.0065473974
0.0065698918
0.0066042551
0.0066129517
0.0066495532
0.00081120531
0.00081077245
0.00081031442
0.000809818
0.00080932088
0.00080879781
0.00080828327
0.00080772587
0.00080717475
0.00080656323
0.00080597075
0.00080530614
0.0008046766
0.00080395538
0.00080328842
0.00080250459
0.00080180002
0.00080094804
0.00080020516
0.00079927985
0.0007984963
0.00079749517
0.00079666474
0.00079558965
0.00079469719
0.00079355795
0.0007925722
0.00079138717
0.00079025183
0.00078903441
0.00078763585
0.00078634457
0.00078442977
0.00078269475
0.00077937367
0.00077567721
0.00076772866
0.00075552369
0.00073463743
0.00069731908
0.00063747972
0.00055031486
0.00045415779
0.00036241249
0.00029664914
0.0002929386
0.00037668091
0.00054095568
0.0007633736
0.00099351839
0.0012365797
0.0013899218
0.0015508099
0.0017275902
0.0019137603
0.0021218135
0.0023400481
0.0025684369
0.0028019304
0.0030368711
0.0032702706
0.0034998376
0.0037238349
0.003941401
0.0041520155
0.0043552659
0.0045515564
0.0047403345
0.0049210807
0.0050938441
0.0052556551
0.0054078009
0.0055442328
0.0056669005
0.0057833427
0.0058937626
0.0059978529
0.006096612
0.0061899437
0.0062773279
0.0063604257
0.0064385563
0.0065111696
0.0065804544
0.0066453319
0.0067053082
0.0067614116
0.0068158994
0.0068646165
0.0069101502
0.006951309
0.0069967603
0.0070267165
0.0070702003
0.0070833747
0.0071311432
0.00081122163
0.00081078227
0.00081032955
0.00080982959
0.00080933731
0.00080881022
0.00080829866
0.00080773871
0.00080718931
0.00080657866
0.00080598528
0.00080532563
0.00080469029
0.00080398038
0.0008033001
0.00080253737
0.00080180824
0.00080099144
0.000800208
0.00079933719
0.00079849149
0.0007975693
0.00079665053
0.00079568358
0.00079467577
0.00079367526
0.00079255641
0.00079153659
0.00079027928
0.00078925255
0.00078782256
0.00078678427
0.00078512852
0.00078401637
0.00078196104
0.00078045879
0.00077736454
0.00077412322
0.00076716294
0.00075577417
0.00073670716
0.00070202718
0.00064511024
0.00055951835
0.00046365661
0.00037131072
0.00030881199
0.00031428764
0.00041800952
0.00060250086
0.00084489059
0.0010910735
0.001344738
0.0015079643
0.0016800865
0.0018676247
0.0020681117
0.0022902615
0.0025243793
0.0027691726
0.0030192589
0.0032711507
0.0035210905
0.0037671331
0.004007087
0.00424002
0.0044657114
0.004683845
0.0048943661
0.0050972188
0.0052915451
0.0054773283
0.0056523275
0.0058162278
0.0059641962
0.006096813
0.0062222117
0.0063414786
0.0064544524
0.0065605849
0.0066616716
0.0067570398
0.0068459022
0.0069308765
0.0070107175
0.0070847306
0.0071542268
0.0072217291
0.0072825366
0.0073395385
0.0073913021
0.0074479239
0.0074867241
0.007540937
0.0075596276
0.0076206149
0.00081124438
0.00081080293
0.00081035473
0.0008098558
0.00080936748
0.00080884128
0.00080833177
0.00080777423
0.00080722595
0.00080662074
0.00080602688
0.0008053754
0.00080473676
0.00080403882
0.00080335147
0.00080260521
0.00080186473
0.00080106919
0.00080027024
0.0007994248
0.00079856098
0.00079766581
0.00079673001
0.00079578588
0.00079477051
0.00079377792
0.00079267624
0.00079163379
0.00079044151
0.00078934434
0.00078805947
0.00078689557
0.00078551642
0.00078425527
0.0007827755
0.00078132598
0.00077967183
0.00077772784
0.00077546145
0.00077174976
0.00076637202
0.00075530954
0.00073742062
0.00070486125
0.00064995332
0.00056590996
0.00046948696
0.00037783658
0.000321127
0.00033936104
0.00046863922
0.00067627175
0.00093914807
0.0012025399
0.0014633727
0.0016374257
0.0018221448
0.0020215005
0.0022382034
0.002475589
0.0027270933
0.0029893288
0.0032570464
0.0035268465
0.0037940835
0.0040569461
0.0043133517
0.004562598
0.0048038474
0.0050373513
0.0052625977
0.0054796969
0.0056883198
0.0058874924
0.0060754093
0.0062517027
0.0064105556
0.006553123
0.0066884923
0.0068160621
0.0069377717
0.0070529529
0.0071605499
0.0072636349
0.0073607906
0.0074511208
0.0075361416
0.0076188715
0.0076936633
0.0077641401
0.0078283183
0.0078980946
0.0079471769
0.0080140123
0.0080393963
0.0081158923
0.00081127982
0.00081083548
0.00081040319
0.00080990308
0.0008094319
0.00080890256
0.00080841057
0.00080784891
0.00080732023
0.00080671066
0.00080613851
0.00080548113
0.00080486664
0.00080416015
0.00080350075
0.00080274184
0.00080203498
0.0008012204
0.00080046356
0.00079958937
0.00079878022
0.00079784184
0.0007969789
0.00079597053
0.00079505368
0.00079396762
0.00079299859
0.0007918254
0.00079080893
0.00078953549
0.00078847957
0.00078708619
0.00078600601
0.00078446336
0.00078337923
0.00078164404
0.00078057019
0.00077856194
0.00077745437
0.00077494036
0.00077338732
0.00076934857
0.00076512219
0.00075432383
0.00073712085
0.00070633041
0.00065238569
0.00057006033
0.00047200442
0.00038247297
0.00033474658
0.00036975603
0.00053067135
0.00076347967
0.0010472192
0.0013301093
0.0015941333
0.0017797165
0.0019783219
0.0021903586
0.0024254711
0.0026791061
0.0029496423
0.0032305444
0.0035168328
0.0038051414
0.0040906957
0.004371538
0.0046450989
0.0049111692
0.0051685564
0.0054175423
0.0056583311
0.0058900423
0.0061128383
0.00632623
0.0065268225
0.0067155187
0.0068858056
0.0070376903
0.0071828612
0.0073206485
0.0074496898
0.0075735376
0.0076905939
0.0077997436
0.0079026847
0.0080030262
0.0080940644
0.0081801496
0.0082587822
0.0083440412
0.0084048509
0.0084865689
0.0085198993
0.0086145163
0.00081133009
0.0008108824
0.00081048382
0.00080998046
0.0008095463
0.00080901005
0.00080855784
0.00080798604
0.00080750208
0.00080687922
0.00080635741
0.00080568177
0.00080512407
0.00080439299
0.00080379825
0.00080300681
0.00080237421
0.00080151712
0.00080084637
0.00079991701
0.00079920836
0.00079819929
0.00079745402
0.00079635659
0.0007955771
0.00079438093
0.00079357176
0.00079226393
0.00079143184
0.00078999733
0.00078915183
0.0007875724
0.00078672605
0.00078498041
0.00078414915
0.00078221138
0.00078141302
0.00077925105
0.0007784897
0.00077605802
0.00077529003
0.00077240216
0.0007712969
0.00076707775
0.00076360343
0.00075306628
0.00073610452
0.0007068154
0.00065308503
0.0005720998
0.0004718249
0.00038579558
0.00035099269
0.00040746693
0.00060550362
0.00086744632
0.001170655
0.0014747235
0.0017380655
0.0019358807
0.0021500116
0.0023756358
0.0026313623
0.0029025983
0.0031930284
0.0034943419
0.0038010124
0.0041090881
0.0044137046
0.00471303
0.0050044611
0.0052874652
0.0055617807
0.0058265273
0.0060827603
0.0063301878
0.0065671784
0.0067948984
0.0070094664
0.0072097731
0.0073905204
0.0075539067
0.0077073147
0.0078548025
0.0079945786
0.0081252923
0.0082487875
0.008369364
0.0084791395
0.0085832941
0.0086784814
0.0087819759
0.0088561347
0.0089552996
0.0089978375
0.009113598
0.00081138974
0.0008109441
0.00081059104
0.00081009002
0.00080970538
0.00080916823
0.00080876879
0.00080819327
0.00080776736
0.00080713823
0.00080668021
0.00080599447
0.00080550654
0.00080476069
0.00080424245
0.00080343059
0.00080288192
0.00080199788
0.00080141895
0.00080045579
0.00079984709
0.00079879676
0.00079815988
0.00079701308
0.00079635073
0.00079509673
0.00079441277
0.00079303966
0.00079233921
0.00079083354
0.00079012319
0.00078846997
0.00078775787
0.00078594068
0.00078523642
0.00078323759
0.00078255153
0.00078035189
0.00077969557
0.00077727055
0.00077664863
0.00077396936
0.0007733391
0.00077027015
0.00076934844
0.00076511765
0.00076199281
0.00075174489
0.00073464098
0.00070660687
0.00065248618
0.00057059115
0.00046940326
0.00038916713
0.00037134586
0.00046317995
0.00069448882
0.00098850732
0.0013109367
0.0016382766
0.0018966106
0.0021077685
0.0023384934
0.0025793587
0.0028560394
0.0031493306
0.0034613687
0.0037842619
0.0041120409
0.0044404711
0.0047651107
0.0050831208
0.0053930907
0.0056932799
0.0059845169
0.0062664457
0.0065382939
0.0068016354
0.0070545344
0.0072957058
0.0075238057
0.00773823
0.0079268362
0.0081010493
0.0082665876
0.0084218475
0.0085687684
0.0087124544
0.0088437111
0.0089686146
0.0090827633
0.0092074456
0.0092968674
0.0094163869
0.0094693907
0.0096097571
0.00081144984
0.00081101576
0.00081070858
0.00081022073
0.00080988563
0.00080936027
0.00080901293
0.00080844839
0.00080807886
0.00080746064
0.00080706341
0.00080638786
0.0008059649
0.00080522821
0.00080477903
0.00080397548
0.00080349977
0.0008026233
0.00080212102
0.00080116435
0.0008006359
0.0007995912
0.00079903747
0.00079789611
0.00079731837
0.00079607079
0.00079547102
0.00079410689
0.00079348783
0.00079199594
0.00079136096
0.00078972925
0.00078908244
0.0007872983
0.00078664424
0.00078469462
0.00078403822
0.00078190997
0.00078125602
0.00077893654
0.00077828739
0.00077576163
0.00077512091
0.00077236632
0.00077169386
0.00076862443
0.0007676507
0.00076356713
0.000760418
0.0007504892
0.00073289748
0.00070562125
0.00065020158
0.0005665135
0.00046701833
0.00039355121
0.00039916754
0.00053544432
0.00080085341
0.0011287286
0.0014703219
0.0018221271
0.0020710865
0.0022973212
0.0025444708
0.0028076105
0.0031045473
0.0034215798
0.0037560072
0.0041014852
0.0044517066
0.0048008696
0.0051461129
0.005483398
0.0058121662
0.0061312591
0.0064396306
0.0067389242
0.0070282447
0.0073065615
0.0075751945
0.0078327022
0.0080720674
0.0082997804
0.0084998541
0.0086828666
0.0088563118
0.0090262306
0.0091819662
0.009330557
0.0094664068
0.0096152758
0.0097222319
0.0098654065
0.0099302679
0.010099072
0.0008115037
0.00081108979
0.00081082038
0.00081035582
0.00081006139
0.00080955985
0.00080925472
0.00080871528
0.00080839094
0.00080780021
0.0008074512
0.00080680533
0.00080643304
0.00080572853
0.00080533233
0.00080456364
0.0008041429
0.00080330424
0.00080285853
0.00080194334
0.00080147214
0.00080047333
0.00079997646
0.00079888636
0.00079836382
0.00079717405
0.00079662612
0.00079532781
0.00079475512
0.00079333886
0.00079274222
0.00079119811
0.00079057853
0.00078889648
0.00078825502
0.00078642485
0.00078576237
0.00078377432
0.00078309109
0.0007809363
0.00078023146
0.00077790223
0.00077717204
0.00077466357
0.00077389974
0.00077119758
0.00077036591
0.00076742003
0.00076624082
0.00076239701
0.0007589485
0.00074928452
0.00073083445
0.00070392561
0.00064681416
0.00056085168
0.00046366546
0.00040213791
0.00043689126
0.00062716581
0.00092726613
0.0012894195
0.0016516812
0.0020268889
0.0022637674
0.0025073091
0.002770063
0.0030593708
0.0033773647
0.0037200846
0.0040786293
0.0044472342
0.0048209142
0.0051923648
0.0055587784
0.0059172282
0.0062649473
0.0066029447
0.0069303041
0.0072459963
0.0075527083
0.0078492862
0.008131625
0.008404511
0.0086602639
0.0088987752
0.0091044631
0.009303974
0.0094874318
0.0096629061
0.0098234516
0.0099997374
0.010126821
0.010297218
0.010375572
0.010577024
0.00081154868
0.00081116005
0.00081091742
0.00081048211
0.00081021655
0.00080974608
0.00080947045
0.00080896465
0.00080867175
0.00080811855
0.00080780296
0.00080719855
0.00080686123
0.00080620242
0.00080584252
0.00080512436
0.0008047409
0.0008039582
0.00080355024
0.00080269716
0.00080226361
0.00080133384
0.00080087376
0.00079986053
0.00079937297
0.00079826892
0.00079775301
0.00079655042
0.00079600537
0.00079469608
0.0007941211
0.00079269658
0.00079209084
0.00079054239
0.00078990491
0.00078822379
0.00078755326
0.00078573102
0.00078502554
0.00078305441
0.00078231107
0.00078018462
0.00077939866
0.00077711261
0.00077627668
0.00077383063
0.00077292726
0.00077031297
0.00076931544
0.00076648463
0.00076513041
0.00076140872
0.00075770453
0.00074778784
0.00072898524
0.00069959731
0.00064006604
0.00055168943
0.00045928094
0.00041734328
0.00048792108
0.00074086423
0.0010777184
0.001471112
0.0018579967
0.0022253672
0.0024723969
0.002736937
0.003016925
0.0033353219
0.0036764592
0.0040453255
0.0044310523
0.0048254602
0.0052231228
0.0056187413
0.0060063783
0.0063856637
0.0067542603
0.0071102645
0.0074565317
0.0077923184
0.0081145391
0.0084282011
0.008730305
0.0090160077
0.0092818688
0.0095383167
0.0097529645
0.0099587653
0.010147253
0.010354448
0.010504628
0.010705871
0.010799743
0.011038466
0.00081158533
0.00081122339
0.00081099755
0.00081059315
0.00081034581
0.00080990858
0.00080965116
0.00080918159
0.00080890808
0.00080839545
0.00080810057
0.00080754124
0.00080722558
0.00080661674
0.00080627933
0.0008056166
0.00080525628
0.00080453508
0.00080415065
0.00080336581
0.0008029559
0.00080210182
0.0008016651
0.00080073575
0.00080027081
0.00079925964
0.00079876507
0.00079766515
0.00079713957
0.0007959435
0.00079538546
0.0007940854
0.00079349343
0.00079208121
0.00079145375
0.00078992085
0.00078925624
0.00078759395
0.00078689036
0.00078508986
0.00078434521
0.00078239776
0.00078160969
0.00077950672
0.00077867263
0.00077640584
0.00077552337
0.00077308191
0.00077214708
0.00076951073
0.00076851319
0.0007655885
0.00076433337
0.00076034578
0.00075670715
0.00074536308
0.00072626128
0.00069367026
0.00063092193
0.00054046795
0.00045609416
0.00044197744
0.00056389811
0.00087701765
0.0012567814
0.0016729335
0.0020885896
0.0024374327
0.0027009748
0.0029875751
0.0032879333
0.0036352045
0.0040072743
0.004404229
0.0048172195
0.0052392661
0.0056609846
0.0060801756
0.0064914426
0.0068908476
0.0072802055
0.007658337
0.0080216456
0.008375943
0.0087203075
0.0090486604
0.009363752
0.0096719774
0.0099516893
0.010210555
0.010430466
0.010672303
0.01084896
0.01108464
0.011196367
0.011477729
0.00081161548
0.00081127909
0.00081106253
0.00081068766
0.00081045057
0.00081004522
0.00080979761
0.00080936276
0.0008090997
0.00080862594
0.00080834241
0.00080782625
0.00080752252
0.00080696153
0.0008066366
0.00080602688
0.00080567961
0.00080501711
0.00080464625
0.00080392636
0.00080353047
0.0008027482
0.00080232589
0.0008014758
0.00080102562
0.00080010174
0.00079962224
0.00079861817
0.00079810797
0.00079701678
0.00079647451
0.00079528863
0.00079471306
0.00079342432
0.00079281438
0.00079141384
0.00079076874
0.00078924663
0.00078856606
0.00078691152
0.00078619592
0.00078439668
0.00078364784
0.00078168957
0.0007809115
0.00077877672
0.0007779774
0.00077564328
0.0007748371
0.00077227098
0.00077148271
0.00076863457
0.0007678775
0.00076460715
0.00076372165
0.00075913176
0.0007555818
0.00074249163
0.00072319883
0.00068713337
0.00062011212
0.00052896685
0.00045713022
0.00048043773
0.00067631332
0.0010369286
0.0014610566
0.0018996031
0.0023448709
0.0026690904
0.0029529117
0.0032606702
0.0035936882
0.0039673842
0.004370983
0.0047980224
0.0052386639
0.0056881471
0.0061374005
0.0065796234
0.0070143852
0.0074384677
0.0078465084
0.0082445916
0.0086320551
0.0090027783
0.0093618977
0.0097163089
0.010048871
0.010363954
0.010652171
0.010945475
0.011152322
0.011426172
0.011558379
0.01188829
0.0008116408
0.00081132781
0.00081111528
0.00081076721
0.00081053477
0.00081015834
0.00080991465
0.00080951119
0.00080925229
0.00080881363
0.00080853476
0.00080805755
0.00080775874
0.00080724077
0.00080692115
0.000806359
0.00080601738
0.00080540746
0.00080504264
0.00080438082
0.00080399146
0.00080327323
0.00080285803
0.00080207847
0.00080163611
0.00080078975
0.00080031897
0.00079939988
0.00079889957
0.00079790117
0.00079737035
0.00079628535
0.00079572332
0.00079454357
0.00079395005
0.00079266634
0.00079204165
0.00079064344
0.00078998888
0.00078846387
0.00078778214
0.00078611573
0.00078541175
0.00078358609
0.00078286812
0.00078086079
0.00078014209
0.00077792416
0.00077722546
0.00077475872
0.00077411098
0.00077134507
0.00077079213
0.00076765194
0.0007672264
0.00076354167
0.00076307515
0.00075772536
0.00075436168
0.00073931319
0.00072008461
0.00067979063
0.00060728112
0.00051897183
0.00046728071
0.00053850436
0.00081998298
0.0012249216
0.0016914485
0.0021558066
0.0026286901
0.0029247654
0.0032324505
0.0035605154
0.003929357
0.0043319149
0.0047680489
0.0052271153
0.005699896
0.0061763424
0.0066530836
0.0071232799
0.0075789452
0.0080249762
0.0084594368
0.008875771
0.0092792575
0.0096787757
0.010057958
0.010422373
0.010765539
0.011122553
0.011406499
0.011722352
0.011878035
0.012262784
0.00081166252
0.00081137079
0.00081115831
0.0008108343
0.00081060231
0.00081025191
0.00081000767
0.00080963239
0.00080937273
0.0008089655
0.00080868601
0.00080824362
0.00080794411
0.00080746465
0.00080714417
0.00080662462
0.00080628202
0.00080571919
0.00080535331
0.00080474353
0.00080435306
0.00080369234
0.00080327603
0.00080255997
0.0008021166
0.0008013403
0.00080086869
0.00080002682
0.00079952601
0.00079861259
0.00079808179
0.00079709013
0.0007965289
0.00079545144
0.0007948598
0.00079368786
0.00079306652
0.00079179006
0.00079114074
0.00078974788
0.00078907375
0.00078755027
0.00078685662
0.00078518516
0.00078448028
0.00078263928
0.00078193573
0.0007798979
0.00077921431
0.00077694468
0.00077630815
0.00077376112
0.00077321116
0.00077032542
0.00076991783
0.00076659841
0.00076638568
0.00076241845
0.00076221732
0.00075620776
0.00075297043
0.00073573801
0.00071663636
0.00067122171
0.00059287492
0.00051183978
0.00049199584
0.00062347622
0.00099564412
0.0014481671
0.0019499111
0.0024443099
0.0028920161
0.0032025153
0.0035361003
0.0038890969
0.0042952157
0.0047334261
0.0052053555
0.0056965483
0.0062015765
0.0067100956
0.0072111781
0.0077065857
0.0081917339
0.0086583929
0.0091102522
0.0095577015
0.0099832357
0.01039489
0.010785872
0.011198613
0.011545056
0.011909793
0.012146948
0.012592992
0.00081168148
0.00081140878
0.00081119329
0.00081089138
0.00081065625
0.00081032983
0.00081008113
0.0008097318
0.00080946704
0.00080908884
0.00080880383
0.00080839374
0.00080808798
0.00080764434
0.00080731684
0.00080683702
0.00080648653
0.0008059678
0.00080559305
0.00080503228
0.00080463187
0.00080402564
0.00080359818
0.00080294276
0.00080248685
0.00080177813
0.00080129241
0.00080052591
0.00080000915
0.00079917992
0.000798631
0.00079773354
0.00079715156
0.0007961797
0.00079556406
0.00079451084
0.00079386136
0.0007927188
0.0007920359
0.00079079478
0.00079007974
0.00078872926
0.0007879845
0.00078651192
0.00078574146
0.00078413152
0.00078334149
0.00078157576
0.0007807752
0.00077883122
0.00077803304
0.00077588307
0.0007751057
0.00077271481
0.00077198438
0.00076930702
0.00076865816
0.00076562381
0.00076506005
0.00076151604
0.00076067332
0.00075522703
0.0007503009
0.00073316683
0.0007102913
0.00065923995
0.0005770844
0.00050879739
0.00053570183
0.00076200826
0.0012018577
0.0017073444
0.0022351668
0.0027632429
0.0031724168
0.0035075803
0.0038674717
0.0042571721
0.0046989263
0.0051757718
0.005683154
0.0062114622
0.0067460794
0.0072847471
0.0078195432
0.0083391503
0.0088437213
0.0093438686
0.0098197915
0.010281119
0.010719023
0.011184316
0.011581599
0.011999436
0.01232818
0.012857958
0.00081169732
0.00081144262
0.00081122128
0.00081094034
0.00081069881
0.0008103953
0.00081013858
0.00080981414
0.00080954018
0.00080918985
0.00080889468
0.00080851571
0.00080819847
0.00080778948
0.000807449
0.00080700782
0.00080664263
0.00080616705
0.00080577564
0.00080526313
0.00080484379
0.00080429163
0.00080384262
0.00080324791
0.00080276738
0.00080212698
0.00080161301
0.00080092363
0.00080037429
0.00079963238
0.00079904565
0.00079824741
0.00079762122
0.00079676264
0.00079609486
0.00079517159
0.00079446
0.00079346741
0.00079270968
0.00079164284
0.00079083646
0.00078969018
0.00078883237
0.00078760131
0.00078668879
0.00078536767
0.00078439628
0.00078298028
0.0007819444
0.00078042996
0.00077932133
0.00077770765
0.00077651332
0.00077480508
0.00077350334
0.0007717165
0.00077026834
0.00076844256
0.00076676851
0.00076498217
0.00076286728
0.00076124087
0.0007578908
0.00075526783
0.00074597301
0.00072977355
0.0007022966
0.00064451163
0.00056314136
0.00051844769
0.00060758603
0.00094752069
0.001442224
0.0019981817
0.002554508
0.003116086
0.0034817965
0.0038442284
0.0042318549
0.0046652655
0.005140539
0.0056611263
0.0062049031
0.0067691709
0.0073430572
0.0079112093
0.0084684662
0.0090246222
0.0095562651
0.01007242
0.010561004
0.01108061
0.011525571
0.01199924
0.012382235
0.013003659
0.00081170982
0.0008114723
0.00081124305
0.00081098197
0.0008107318
0.00081045008
0.00081018291
0.00080988219
0.00080959626
0.00080927252
0.00080896403
0.00080861484
0.00080828255
0.00080790682
0.00080754929
0.00080714534
0.00080676081
0.00080632693
0.00080591355
0.00080544788
0.00080500351
0.00080450407
0.00080402648
0.00080349125
0.00080297798
0.00080240489
0.00080185327
0.00080124028
0.00080064744
0.00079999255
0.0007993553
0.0007986566
0.0007979714
0.00079722717
0.00079648999
0.00079569879
0.00079490496
0.00079406579
0.0007932098
0.0007923223
0.00079139746
0.00079046235
0.00078946033
0.00078847986
0.00078738997
0.00078636878
0.00078517688
0.0007841232
0.00078281009
0.00078173778
0.00078027662
0.00077920821
0.00077756054
0.00077653224
0.00077464128
0.00077371123
0.00077149146
0.0007707537
0.00076807335
0.00076767735
0.00076433072
0.00076448959
0.00076012208
0.00076103732
0.00075473322
0.00075503827
0.00074081911
0.0007259443
0.00069295041
0.00062756853
0.00055583846
0.00054840679
0.00071769718
0.001175825
0.0017248983
0.0023233854
0.002912861
0.003452337
0.0038213366
0.0042128331
0.0046284931
0.0051120225
0.005629905
0.0061904722
0.0067806188
0.0073809111
0.0079813623
0.008590736
0.0091802452
0.0097556166
0.010300377
0.010879487
0.011375325
0.011908735
0.01232938
0.01304367
0.00081171935
0.0008114969
0.00081125969
0.00081101603
0.00081075716
0.0008104946
0.00081021699
0.00080993713
0.00080963924
0.00080933888
0.00080901704
0.00080869406
0.0008083467
0.00080800026
0.00080762569
0.0008072545
0.0008068507
0.00080645351
0.00080601832
0.00080559378
0.00080512471
0.00080467151
0.00080416584
0.0008036827
0.00080313745
0.00080262319
0.00080203504
0.00080148865
0.00080085396
0.00080027468
0.0007995893
0.00079897673
0.00079823595
0.00079759017
0.00079678852
0.00079611027
0.00079524131
0.00079453223
0.00079358825
0.00079285123
0.0007918228
0.00079106248
0.00078993789
0.00078916132
0.00078792571
0.00078714333
0.00078577745
0.0007850044
0.00078348299
0.00078274113
0.00078103041
0.00078035105
0.0007784054
0.00077783319
0.00077559029
0.00077518857
0.00077256315
0.00077242163
0.00076929739
0.00076954009
0.00076576173
0.00076654729
0.00076191841
0.00076343153
0.00075764286
0.00076001497
0.00075205685
0.00075342734
0.00073582739
0.00072119037
0.00068181108
0.00061041946
0.00055546586
0.00060564733
0.00090002666
0.001442029
0.0020509098
0.0026813967
0.0033089883
0.0037932792
0.0041897707
0.0046175646
0.0050778913
0.0055997793
0.0061730533
0.0067748465
0.0073966538
0.0080455577
0.0086862405
0.0093193992
0.0099232868
0.010567327
0.011120214
0.011719192
0.012175333
0.012983259
0.00081172644
0.00081151523
0.00081127239
0.00081104175
0.00081077681
0.00081052851
0.00081024358
0.00080997908
0.00080967277
0.00080938951
0.0008090584
0.0008087545
0.00080839678
0.00080807152
0.00080768537
0.00080733771
0.00080692095
0.00080654992
0.00080610023
0.00080570481
0.00080521952
0.00080479874
0.00080427495
0.00080382793
0.00080326244
0.00080278845
0.00080217771
0.00080167626
0.00080101633
0.00080048724
0.00079977371
0.00079921719
0.00079844504
0.00079786188
0.00079702533
0.00079641701
0.00079550934
0.00079487827
0.00079389156
0.00079324139
0.00079216617
0.00079150215
0.00079032696
0.00078965647
0.00078836727
0.00078770047
0.00078627982
0.00078563041
0.00078405654
0.00078344292
0.0007816884
0.00078113484
0.00077916528
0.00077870328
0.00077647566
0.00077614523
0.00077360679
0.00077345783
0.00077054545
0.000770637
0.0007672793
0.00076767513
0.00076379546
0.00076455351
0.00076008026
0.00076120649
0.00075611094
0.0007573171
0.00075089934
0.00074898772
0.00073293392
0.00071352652
0.00066698422
0.00059614394
0.0005715116
0.00070322669
0.0011443082
0.0017511228
0.0024175479
0.00308007
0.0037436513
0.0041731351
0.00459878
0.005055338
0.0055784621
0.0061412612
0.0067526023
0.0074135571
0.0080848657
0.0087632823
0.0094212901
0.010130983
0.01074539
0.01141618
0.011912763
0.01281861
0.00081173173
0.00081152627
0.00081128228
0.00081105842
0.00081079245
0.00081055145
0.00081026498
0.00081000802
0.00080969985
0.00080942486
0.00080909189
0.00080879706
0.00080843742
0.00080812201
0.0008077339
0.0008073969
0.00080697821
0.00080661868
0.00080616713
0.00080578408
0.00080529715
0.00080488958
0.00080436454
0.00080393154
0.00080336539
0.00080290617
0.00080229564
0.00080180956
0.00080115111
0.00080063778
0.00079992748
0.00079938679
0.0007986203
0.00079805251
0.00079722502
0.00079663083
0.00079573691
0.00079511762
0.00079415113
0.00079350872
0.00079246269
0.0007918
0.00079066647
0.00078998738
0.00078875721
0.00078806679
0.0007867295
0.00078603402
0.00078457777
0.00078388477
0.00078229632
0.00078161427
0.00077987954
0.00077921698
0.00077732202
0.00077668581
0.00077461928
0.00077401186
0.00077176862
0.00077118291
0.00076877135
0.00076818037
0.00076563401
0.00076497476
0.00076237605
0.0007615136
0.00075902433
0.00075768275
0.00075557067
0.00075304899
0.00075071744
0.00074312014
0.00072944729
0.00070426346
0.00064930312
0.0005920976
0.0006162156
0.00086230425
0.0014427496
0.0021108229
0.0028225978
0.0035265125
0.0041436893
0.0045804093
0.0050495899
0.0055427559
0.0061096451
0.0067430338
0.0074096183
0.0081071226
0.0088010844
0.0095665651
0.01023944
0.010984918
0.011526617
0.012538044
0.00081173548
0.00081153021
0.00081128995
0.00081106653
0.00081080504
0.00081056423
0.00081028253
0.00081002517
0.00080972227
0.00080944655
0.00080911975
0.00080882386
0.00080847138
0.00080815436
0.00080777459
0.00080743532
0.00080702637
0.00080666367
0.00080622358
0.00080583625
0.00080536283
0.00080494962
0.00080444056
0.00080400019
0.00080345303
0.00080298424
0.00080239636
0.00080189794
0.00080126663
0.0008007374
0.00080005979
0.00079949864
0.00079877173
0.00079817764
0.00079739832
0.00079677032
0.00079593532
0.00079527253
0.00079437854
0.00079368007
0.00079272374
0.00079198871
0.00079096681
0.00079019415
0.00078910376
0.00078829198
0.00078713077
0.00078627749
0.00078504432
0.00078414557
0.00078284128
0.00078189035
0.00078051923
0.00077950478
0.00077807662
0.00077697996
0.00077551356
0.00077430504
0.00077283384
0.00077146499
0.00077004491
0.00076843854
0.00076716023
0.00076519467
0.00076419958
0.0007616907
0.00076119876
0.00075786223
0.00075819439
0.00075360303
0.00075514911
0.00074832741
0.00075065747
0.00073599067
0.00072536082
0.00069358411
0.00063276851
0.00060134521
0.00070154715
0.0011132752
0.001783702
0.002524038
0.0032702524
0.0040104823
0.0045618355
0.0050324005
0.0055303044
0.0060980803
0.0067166761
0.0073966302
0.008092731
0.0088892867
0.0096044269
0.010418654
0.011002484
0.012126098
0.0008117376
0.00081152867
0.00081129539
0.0008110681
0.00081081464
0.0008105693
0.00081029638
0.00081003342
0.00080974026
0.00080945801
0.00080914233
0.00080883893
0.00080849912
0.00080817337
0.00080780804
0.00080745859
0.00080706614
0.00080669156
0.00080627039
0.00080586915
0.0008054175
0.00080498794
0.000804504
0.0008040444
0.00080352633
0.00080303484
0.00080248078
0.00080195547
0.00080136359
0.00080080244
0.00080017097
0.0007995718
0.00079889906
0.00079825954
0.00079754405
0.00079686159
0.00079610209
0.0007953738
0.00079456943
0.00079379197
0.0007929424
0.00079211181
0.00079121754
0.00079032901
0.00078939166
0.0007884391
0.00078746192
0.00078643732
0.00078542591
0.00078431853
0.00078328176
0.00078207688
0.00078102834
0.00077970553
0.00077866541
0.00077719619
0.00077619424
0.00077453928
0.00077361816
0.00077172309
0.00077094427
0.0007687315
0.00076818185
0.00076554329
0.00076534115
0.00076213275
0.00076243898
0.0007584688
0.00075948207
0.0007545112
0.0007564804
0.00075020057
0.00075332893
0.0007450581
0.00074778671
0.00073168601
0.0007173942
0.0006790567
0.00062282728
0.00063484563
0.00084205625
0.0014426956
0.0021834603
0.0029761651
0.0037704387
0.0045376228
0.0050157355
0.0055329371
0.0060731727
0.0066986843
0.0073513323
0.0081401786
0.0088656923
0.0097287723
0.010337579
0.011571125
0.00081173791
0.00081152438
0.00081129842
0.0008110662
0.00081082113
0.00081057014
0.00081030639
0.00081003672
0.00080975364
0.00080946372
0.00080915941
0.00080884733
0.00080852034
0.00080818472
0.0008078338
0.00080747312
0.00080709692
0.00080670955
0.0008063067
0.00080589089
0.00080545995
0.00080501377
0.00080455329
0.0008040747
0.00080358327
0.00080307004
0.00080254627
0.00080199606
0.00080143869
0.00080084893
0.00080025686
0.00079962478
0.00079899709
0.00079831966
0.00079765575
0.00079692956
0.00079622921
0.00079545043
0.00079471393
0.00079387816
0.00079310651
0.00079220865
0.00079140378
0.00079043778
0.00078960283
0.00078856141
0.00078770113
0.00078657519
0.00078569633
0.00078447471
0.00078358659
0.00078225515
0.00078137046
0.0007799113
0.00077904682
0.00077743736
0.00077661513
0.00077482772
0.00077407552
0.00077207664
0.00077142879
0.00076917744
0.00076867506
0.00076612341
0.00076581218
0.00076291002
0.00076283686
0.00075954073
0.00075972731
0.00075603277
0.00075643737
0.00075242845
0.00075284277
0.00074880665
0.00074862475
0.00074473815
0.00074092256
0.0007284823
0.00070850891
0.00066242759
0.00062982887
0.00070908478
0.001089406
0.001822204
0.0026437116
0.0034889102
0.004306398
0.0049997247
0.0055200449
0.006076016
0.0066481485
0.0073841099
0.0080764386
0.0089524512
0.0095525558
0.010875756
0.00081173658
0.00081152066
0.00081129916
0.00081106452
0.00081082454
0.0008105708
0.00081031251
0.00081003953
0.0008097623
0.00080946863
0.00080917079
0.00080885459
0.00080853473
0.00080819454
0.00080785148
0.00080748572
0.00080711819
0.0008067252
0.0008063319
0.00080590987
0.00080548945
0.00080503643
0.00080458755
0.00080410143
0.00080362277
0.00080310131
0.00080259159
0.00080203238
0.00080149044
0.00080089091
0.00080031573
0.00079967309
0.00079906386
0.00079837508
0.00079773119
0.000796993
0.00079631415
0.00079552297
0.00079480923
0.00079396112
0.00079321304
0.00079230368
0.00079152232
0.00079054697
0.00078973407
0.00078868747
0.00078784552
0.00078672177
0.00078585412
0.00078464655
0.00078375735
0.00078245855
0.00078155267
0.00078015466
0.0007792374
0.00077773201
0.00077680882
0.00077518882
0.00077426445
0.00077252452
0.00077160106
0.00076974072
0.00076881144
0.00076683948
0.00076588412
0.00076383042
0.00076280236
0.00076073142
0.00075952937
0.00075756585
0.0007560206
0.0007543931
0.00075220602
0.00075128305
0.00074798568
0.00074824743
0.00074308249
0.00074455694
0.00073324675
0.00072465458
0.00069865719
0.00065008004
0.00065763281
0.00084291275
0.0014421804
0.0022720569
0.0031463147
0.0040458739
0.0049200314
0.005511064
0.0060423806
0.0066919595
0.0073112826
0.0081520244
0.0086998683
0.010066686
0.00081173447
0.00081151961
0.00081129855
0.00081106532
0.00081082589
0.00081057377
0.00081031585
0.00081004451
0.00080976742
0.00080947558
0.00080917777
0.00080886372
0.00080854376
0.00080820606
0.00080786269
0.00080749988
0.00080713174
0.00080674225
0.00080634795
0.0008059301
0.0008055082
0.00080506019
0.0008046092
0.00080412914
0.00080364755
0.00080313343
0.00080261975
0.00080206948
0.00080152225
0.00080093364
0.00080035146
0.00079972221
0.00079910377
0.00079843151
0.00079777558
0.00079705781
0.00079636332
0.00079559743
0.00079486344
0.00079404677
0.00079327248
0.00079240236
0.00079158713
0.00079066095
0.00078980424
0.00078881955
0.00078792074
0.00078687542
0.00078593363
0.00078482619
0.00078383988
0.00078266977
0.00078163623
0.00078040456
0.000779319
0.00077802953
0.00077688429
0.00077554518
0.00077432799
0.00077295331
0.00077164532
0.0007702558
0.00076882968
0.00076745784
0.00076587016
0.00076456902
0.0007627536
0.00076160502
0.00075945334
0.00075858587
0.00075593897
0.00075553581
0.00075218177
0.00075247167
0.00074815645
0.00074941331
0.00074384862
0.00074627991
0.00073904185
0.00074177205
0.00072860571
0.00071697535
0.00068490625
0.00065179215
0.0007251025
0.0010756418
0.0018634821
0.0027832113
0.0037283023
0.0046595187
0.0054609155
0.006088267
0.0066372143
0.0074014647
0.0078616835
0.0091974964
0.00081173263
0.00081152136
0.00081129776
0.00081106877
0.00081082653
0.00081057922
0.00081031793
0.00081005189
0.00080977073
0.00080948484
0.00080918229
0.00080887503
0.00080854958
0.00080821964
0.00080786989
0.00080751592
0.00080714038
0.00080676099
0.00080635811
0.00080595182
0.00080551996
0.0008050852
0.00080462267
0.00080415781
0.00080366285
0.00080316621
0.00080263702
0.00080210686
0.00080154164
0.00080097619
0.00080037311
0.00079977058
0.00079912782
0.00079848642
0.00079780217
0.00079712011
0.00079639256
0.0007956681
0.00079489545
0.00079412695
0.00079330735
0.00079249339
0.00079162495
0.0007907644
0.00078984503
0.0007889373
0.00078796452
0.00078700972
0.0007859804
0.00078497969
0.00078388957
0.00078284555
0.00078168876
0.00078060606
0.00077937445
0.00077826052
0.0007769432
0.00077580931
0.00077439199
0.00077325358
0.00077171786
0.00077059427
0.00076891645
0.00076783226
0.00076598188
0.00076497184
0.00076290849
0.00076201979
0.00075968298
0.00075897879
0.00075630086
0.00075584989
0.00075277986
0.00075261475
0.00074914499
0.00074922884
0.00074543393
0.00074561881
0.00074173082
0.0007415185
0.00073792424
0.00073519487
0.00072511667
0.00070876952
0.00067220558
0.00068328825
0.00084932186
0.0014491054
0.0023694696
0.00336204
0.0043134067
0.0053708299
0.0060146981
0.0067522194
0.0071227655
0.0083385579
0.00081173191
0.00081152479
0.00081129787
0.00081107368
0.00081082781
0.00081058588
0.0008103204
0.00081006024
0.00080977423
0.00080949481
0.00080918678
0.00080888675
0.00080855513
0.00080823325
0.00080787654
0.00080753158
0.00080714818
0.00080677885
0.00080636711
0.00080597207
0.00080553022
0.00080510807
0.00080463426
0.00080418355
0.00080367587
0.00080319511
0.00080265158
0.00080213926
0.00080155785
0.00080101245
0.00080039115
0.0007998111
0.00079914786
0.00079853165
0.00079782444
0.00079717054
0.00079641731
0.00079572427
0.00079492301
0.00079418946
0.00079333813
0.00079256291
0.00079165941
0.0007908417
0.00078988375
0.00078902311
0.00078800829
0.00078710476
0.00078603022
0.00078508457
0.00078394686
0.00078296062
0.00078175549
0.00078073122
0.00077945349
0.0007783949
0.00077703885
0.00077595087
0.00077451043
0.00077339832
0.00077186797
0.00077073579
0.00076911195
0.00076796106
0.0007662437
0.00076507275
0.00076326449
0.00076207048
0.00076017203
0.0007589477
0.00075696845
0.00075569628
0.00075366371
0.00075230035
0.00075029331
0.00074872731
0.0007469154
0.00074490907
0.00074361285
0.00074072264
0.00074045614
0.00073605419
0.0007369751
0.00072812032
0.00072091284
0.00070034825
0.00067137256
0.00074433799
0.0010697546
0.0019373109
0.0028954182
0.0040410657
0.0049707271
0.0061124037
0.0064744314
0.0075513927
0.00081173247
0.00081152777
0.00081129922
0.00081107786
0.00081083024
0.00081059146
0.00081032397
0.00081006718
0.00080977882
0.00080950305
0.00080919236
0.00080889635
0.00080856175
0.00080824429
0.00080788425
0.00080754413
0.00080715704
0.00080679301
0.00080637716
0.00080598792
0.00080554155
0.00080512572
0.00080464696
0.00080420312
0.00080369005
0.00080321672
0.00080266739
0.00080216306
0.00080157547
0.0008010386
0.00080041078
0.00079983979
0.00079916977
0.00079856304
0.00079784894
0.00079720481
0.00079644482
0.0007957616
0.00079495401
0.00079422999
0.00079337328
0.00079260674
0.00079169955
0.0007908888
0.00078992995
0.00078907338
0.00078806181
0.00078715796
0.00078609277
0.00078514019
0.00078402062
0.00078301783
0.00078184353
0.00078078864
0.00077955995
0.00077845044
0.00077716914
0.0007760012
0.00077467159
0.0007734387
0.00077206906
0.00077075953
0.00076936382
0.00076795917
0.00076655842
0.00076503493
0.0007636576
0.00076198577
0.00076065934
0.00075881308
0.00075756247
0.00075551849
0.00075436939
0.00075209906
0.0007510924
0.00074853059
0.00074775823
0.0007447585
0.00074443446
0.00074075095
0.00074113372
0.00073650636
0.00073781343
0.00073201255
0.00073372263
0.00072361596
0.00071401077
0.00068913788
0.00069907082
0.0008701307
0.0014164183
0.0025365499
0.0035028746
0.0048394963
0.005518055
0.006828082
0.00081173368
0.00081152897
0.00081130125
0.00081107994
0.00081083335
0.00081059461
0.00081032825
0.00081007136
0.0008097842
0.00080950816
0.00080919881
0.0008089024
0.00080856934
0.00080825131
0.00080789304
0.00080755215
0.0008071671
0.00080680204
0.00080638858
0.00080599799
0.0008055544
0.00080513685
0.00080466137
0.00080421535
0.00080370615
0.00080323011
0.00080268535
0.00080217763
0.00080159549
0.00080105442
0.00080043309
0.00079985688
0.00079919465
0.00079858147
0.00079787673
0.00079722461
0.00079647592
0.00079578279
0.00079498891
0.00079425261
0.00079341256
0.00079263078
0.00079174391
0.00079091422
0.00078998029
0.00078910008
0.00078811926
0.00078718563
0.00078615871
0.00078516833
0.00078409683
0.00078304562
0.00078193205
0.00078081499
0.00077966342
0.00077847392
0.00077729093
0.00077602019
0.00077481556
0.0007734514
0.00077223928
0.00077076432
0.00076956478
0.00076795483
0.0007667955
0.00076502053
0.00076393453
0.00076196262
0.00076097877
0.00075878811
0.00075791233
0.00075551819
0.00075471392
0.00075217522
0.00075137148
0.00074877379
0.00074789458
0.00074528746
0.00074432645
0.00074166212
0.00074068246
0.00073795224
0.00073678518
0.00073443299
0.00073222475
0.00073137543
0.00072579059
0.00072118138
0.00070807857
0.00068770948
0.0007586961
0.0011291672
0.0018965225
0.0032902273
0.0040009926
0.005828404
0.00081173472
0.00081152841
0.00081130306
0.00081108003
0.00081083618
0.0008105955
0.00081033219
0.00081007303
0.00080978921
0.00080951052
0.00080920489
0.00080890542
0.00080857653
0.000808255
0.0008079014
0.0008075565
0.00080717669
0.00080680704
0.00080639946
0.00080600364
0.00080556666
0.00080514314
0.0008046751
0.00080422229
0.00080372148
0.0008032377
0.0008027024
0.0008021859
0.00080161443
0.00080106339
0.00080045409
0.00079986661
0.00079921793
0.00079859199
0.00079790252
0.00079723601
0.00079650448
0.00079579516
0.00079502056
0.00079426607
0.00079344764
0.00079264548
0.00079178284
0.00079093034
0.00079002348
0.00078911776
0.00078816721
0.00078720503
0.00078621199
0.00078518956
0.00078415613
0.00078306877
0.00078199834
0.00078084015
0.00077973768
0.0007785014
0.00077737412
0.0007760505
0.00077490842
0.00077348552
0.00077234202
0.00077080393
0.000769677
0.00076800271
0.00076691594
0.00076508112
0.00076405936
0.00076204404
0.00076109848
0.00075890938
0.00075801193
0.00075570706
0.00075477043
0.00075246961
0.00075134701
0.00074920675
0.00074775041
0.00074589526
0.00074403315
0.00074247603
0.00074023266
0.00073900137
0.00073621642
0.00073564365
0.00073187341
0.00073230163
0.00072750508
0.00072831163
0.00072164909
0.00071590751
0.00070081894
0.0007205914
0.00087446784
0.0016757136
0.0023130357
0.0042478202
0.00081173493
0.00081152674
0.00081130394
0.00081107887
0.00081083795
0.00081059499
0.00081033495
0.00081007316
0.00080979293
0.00080951122
0.00080920955
0.00080890666
0.00080858216
0.00080825677
0.00080790804
0.00080755879
0.00080718437
0.00080680984
0.00080640824
0.00080600693
0.00080557658
0.00080514693
0.00080468622
0.00080422658
0.00080373387
0.00080324251
0.00080271615
0.00080219128
0.00080162963
0.00080106938
0.00080047084
0.00079987329
0.00079923635
0.00079859947
0.00079792272
0.00079724441
0.00079652658
0.00079580467
0.00079504469
0.00079427689
0.00079347394
0.0007926579
0.0007918114
0.00079094471
0.00079005438
0.00078913452
0.00078820048
0.00078722471
0.00078624759
0.00078521279
0.00078419394
0.00078309636
0.00078203809
0.00078087314
0.00077977909
0.00077854108
0.00077741666
0.00077609885
0.00077495104
0.00077354544
0.00077238294
0.00077087949
0.00076971338
0.00076809936
0.00076694418
0.00076520571
0.000764075
0.00076220439
0.00076109551
0.00075911164
0.00075798561
0.00075595593
0.00075471915
0.00075276489
0.00075128148
0.00074954935
0.00074768139
0.00074629076
0.00074394932
0.00074295048
0.0007401204
0.00073950443
0.00073618685
0.0007360505
0.00073205081
0.00073259533
0.00072785642
0.00072891344
0.00072354146
0.00072514765
0.00071701258
0.00071117098
0.00069894263
0.00080316938
0.001067167
0.0025495012
0.0008117343
0.00081152472
0.00081130385
0.00081107729
0.00081083856
0.00081059397
0.00081033636
0.00081007272
0.00080979512
0.0008095113
0.00080921251
0.00080890724
0.0008085859
0.00080825783
0.00080791258
0.00080756033
0.00080718973
0.00080681185
0.00080641442
0.0008060094
0.00080558361
0.00080514987
0.00080469413
0.00080423
0.00080374269
0.00080324644
0.00080272593
0.00080219577
0.00080164041
0.00080107451
0.00080048268
0.00079987915
0.00079924929
0.00079860619
0.00079793679
0.00079725217
0.00079654181
0.00079581368
0.00079506107
0.00079428746
0.00079349143
0.00079267038
0.00079182996
0.00079095952
0.00079007395
0.00078915217
0.00078822097
0.00078724578
0.0007862688
0.000785238
0.00078421556
0.00078312661
0.00078205974
0.00078090966
0.0007798001
0.00077858551
0.00077743601
0.0007761533
0.00077496728
0.00077361242
0.0007723939
0.00077096234
0.00076971633
0.00076820249
0.00076693587
0.00076533371
0.00076405258
0.00076236072
0.00076106004
0.00075929642
0.00075794404
0.00075616168
0.00075468804
0.0007529728
0.00075128685
0.00074972742
0.00074775045
0.00074641771
0.00074410644
0.00074301536
0.00074039458
0.00073950409
0.00073657773
0.00073596696
0.00073259756
0.0007323239
0.00072879785
0.00072810277
0.00072545867
0.00072327342
0.00072238927
0.00071793755
0.00071469387
0.00070757649
0.00071709603
0.00133552
0.00081173308
0.00081152277
0.00081130303
0.00081107573
0.0008108383
0.00081059292
0.00081033674
0.00081007219
0.00080979614
0.00080951127
0.00080921414
0.00080890768
0.00080858814
0.00080825875
0.00080791542
0.00080756171
0.00080719317
0.00080681368
0.00080641848
0.00080601168
0.00080558828
0.0008051526
0.0008046994
0.0008042332
0.00080374859
0.00080325015
0.00080273246
0.00080220004
0.0008016476
0.0008010794
0.00080049056
0.00079988476
0.00079925788
0.00079861264
0.00079794612
0.0007972596
0.0007965519
0.00079582228
0.00079507194
0.00079429744
0.00079350306
0.000792682
0.00079184231
0.00079097311
0.00079008698
0.00078916809
0.00078823457
0.00078726449
0.00078628282
0.00078526008
0.00078422977
0.00078315275
0.00078207384
0.00078094063
0.00077981374
0.00077862235
0.00077744864
0.00077619734
0.00077497806
0.00077366553
0.00077240162
0.00077102683
0.00076971942
0.00076828101
0.0007669328
0.00076542861
0.00076404283
0.00076247245
0.0007610464
0.00075942176
0.00075793503
0.00075628808
0.00075470437
0.00075307483
0.00075135998
0.00074978048
0.00074790836
0.00074640535
0.00074435185
0.00074294441
0.00074071412
0.00073938235
0.00073698516
0.00073577412
0.00073312378
0.00073203498
0.00072945757
0.00072772118
0.0007261697
0.00072320674
0.00072272302
0.00071884534
0.00071868057
0.00071437044
0.00071083052
0.00080607439
0.00081173153
0.000811521
0.00081130179
0.0008110743
0.00081083751
0.00081059193
0.00081033647
0.00081007169
0.0008097964
0.00080951124
0.0008092149
0.0008089081
0.00080858939
0.0008082596
0.00080791716
0.00080756299
0.00080719539
0.00080681538
0.00080642115
0.0008060138
0.0008055914
0.00080515513
0.00080470298
0.00080423615
0.00080375262
0.00080325354
0.00080273695
0.00080220391
0.00080165257
0.0008010838
0.00080049604
0.00079988975
0.00079926388
0.00079861831
0.00079795268
0.00079726605
0.00079655905
0.00079582964
0.0007950797
0.00079430585
0.00079351145
0.00079269165
0.00079185136
0.00079098419
0.00079009667
0.00078918087
0.00078824489
0.00078727925
0.00078629375
0.00078527709
0.00078424136
0.00078317233
0.00078208603
0.00078096332
0.0007798264
0.00077864874
0.0007774616
0.00077622818
0.00077499102
0.00077370176
0.00077241414
0.00077106964
0.00076973097
0.00076833171
0.00076694302
0.00076548826
0.00076405201
0.00076254098
0.0007610571
0.00075949476
0.00075795581
0.000756357
0.0007547466
0.00075312881
0.00075143802
0.00074980596
0.00074803421
0.00074639671
0.0007445299
0.00074290331
0.0007409459
0.00073930619
0.00073728627
0.00073564571
0.00073351203
0.00073187992
0.0007298081
0.00072781977
0.00072615309
0.00072369419
0.00072251515
0.00071935423
0.00071843037
0.00071599283
0.00071339586
0.00071868579
0.00081172985
0.0008115193
0.00081130037
0.00081107291
0.00081083646
0.00081059094
0.00081033585
0.00081007114
0.00080979623
0.00080951113
0.00080921517
0.0008089084
0.00080859009
0.00080826031
0.00080791827
0.00080756408
0.00080719689
0.00080681685
0.00080642303
0.00080601563
0.00080559364
0.00080515732
0.00080470558
0.0008042387
0.00080375557
0.00080325646
0.00080274028
0.00080220722
0.00080165628
0.00080108753
0.00080050014
0.00079989394
0.00079926841
0.00079862301
0.00079795766
0.00079727133
0.00079656451
0.00079583558
0.00079508569
0.00079431255
0.00079351803
0.0007926992
0.00079185856
0.00079099273
0.00079010454
0.00078919053
0.00078825347
0.00078729019
0.0007863031
0.00078528953
0.00078425148
0.0007831865
0.00078209698
0.0007809794
0.00077983829
0.00077866703
0.00077747448
0.00077624905
0.0007750049
0.00077372566
0.00077242901
0.00077109709
0.00076974685
0.00076836325
0.00076696011
0.00076552418
0.00076407103
0.00076258083
0.00076107983
0.00075953778
0.00075798447
0.00075640018
0.00075478686
0.00075316695
0.00075149641
0.00074983432
0.00074811605
0.00074641444
0.00074463563
0.00074291441
0.00074107382
0.00073931029
0.0007374436
0.00073563854
0.00073369569
0.00073189581
0.00072994579
0.00072797549
0.00072612094
0.00072406227
0.00072231847
0.00071982315
0.00071833671
0.00071603159
0.00071431743
0.0007121262
0.0008117281
0.00081151762
0.00081129884
0.00081107149
0.00081083524
0.00081058988
0.00081033502
0.00081007047
0.0008097958
0.00080951085
0.00080921514
0.00080890851
0.00080859044
0.0008082608
0.00080791899
0.00080756493
0.00080719796
0.00080681804
0.00080642443
0.00080601713
0.00080559535
0.00080515913
0.00080470759
0.0008042408
0.00080375787
0.00080325886
0.00080274287
0.00080220993
0.00080165918
0.00080109058
0.00080050337
0.00079989735
0.00079927198
0.0007986268
0.00079796161
0.00079727555
0.00079656887
0.00079584028
0.0007950905
0.0007943178
0.00079352334
0.00079270507
0.00079186443
0.00079099929
0.00079011102
0.00078919785
0.00078826062
0.00078729838
0.00078631099
0.00078529868
0.00078426022
0.00078319675
0.00078210665
0.0007809909
0.00077984899
0.00077867996
0.00077748633
0.00077626361
0.00077501801
0.00077374209
0.0007724435
0.00077111565
0.0007697629
0.00076838422
0.000766978
0.00076554774
0.00076409121
0.00076260705
0.00076110303
0.00075956635
0.00075801206
0.00075643049
0.00075482066
0.00075319776
0.00075153844
0.00074986515
0.00074816751
0.0007464458
0.00074469667
0.00074294837
0.00074114363
0.00073934788
0.0007375252
0.00073567754
0.00073378932
0.00073195021
0.0007300279
0.00072807734
0.00072616501
0.00072422267
0.00072236148
0.00071998151
0.0007184783
0.00071599188
0.00071467635
0.00071136453
0.00081172633
0.00081151593
0.00081129725
0.00081107002
0.00081083393
0.00081058872
0.00081033404
0.00081006966
0.00080979519
0.00080951041
0.00080921489
0.00080890844
0.00080859055
0.00080826107
0.00080791943
0.00080756553
0.00080719872
0.00080681895
0.00080642549
0.00080601833
0.0008055967
0.00080516059
0.00080470919
0.00080424252
0.00080375972
0.00080326083
0.00080274496
0.00080221214
0.00080166152
0.00080109304
0.00080050597
0.00079990009
0.00079927487
0.00079862986
0.0007979648
0.00079727894
0.0007965724
0.00079584403
0.00079509439
0.00079432195
0.00079352764
0.00079270968
0.00079186918
0.0007910044
0.00079011628
0.00078920353
0.00078826644
0.00078730469
0.00078631744
0.00078530571
0.00078426737
0.00078320458
0.0007821146
0.00078099962
0.00077985783
0.00077868969
0.00077749617
0.00077627448
0.00077502896
0.00077375426
0.0007724557
0.0007711293
0.00076977651
0.00076839953
0.00076699324
0.00076556489
0.00076410836
0.00076262618
0.00076112248
0.00075958762
0.00075803427
0.00075645402
0.00075484619
0.00075322371
0.00075156813
0.00074989342
0.00074820212
0.00074647691
0.00074473611
0.00074298395
0.00074118792
0.00073938886
0.00073757601
0.00073572373
0.00073384738
0.00073200478
0.00073008839
0.00072814656
0.00072623034
0.00072430542
0.00072243443
0.00072007047
0.00071858478
0.00071606466
0.0007147756
0.00071138846
0.00081172455
0.00081151421
0.00081129563
0.00081106851
0.00081083255
0.00081058748
0.00081033296
0.00081006874
0.00080979444
0.00080950983
0.00080921448
0.00080890819
0.00080859046
0.00080826114
0.00080791967
0.00080756591
0.00080719926
0.00080681962
0.0008064263
0.00080601927
0.00080559776
0.00080516177
0.00080471048
0.00080424392
0.00080376122
0.00080326244
0.00080274667
0.00080221395
0.00080166343
0.00080109506
0.00080050809
0.00079990233
0.00079927722
0.00079863233
0.00079796739
0.00079728167
0.00079657526
0.00079584705
0.00079509755
0.00079432528
0.00079353112
0.00079271335
0.00079187302
0.00079100846
0.00079012052
0.00078920802
0.00078827113
0.00078730967
0.00078632263
0.00078531122
0.00078427312
0.0007832107
0.00078212099
0.00078100642
0.00077986493
0.00077869726
0.00077750407
0.00077628292
0.00077503777
0.00077376368
0.00077246551
0.00077113982
0.00076978747
0.00076841131
0.00076700551
0.00076557806
0.00076412214
0.00076264092
0.00076113799
0.00075960412
0.00075805176
0.00075647253
0.00075486595
0.00075324447
0.00075159055
0.00074991668
0.00074822763
0.00074650315
0.00074476501
0.00074301377
0.00074122054
0.00073942269
0.0007376132
0.00073576206
0.00073388953
0.00073204925
0.00073013607
0.00072819751
0.00072628525
0.00072436339
0.00072249579
0.00072013738
0.0007186578
0.00071613808
0.00071485326
0.0007114706
0.00081172276
0.00081151249
0.00081129399
0.00081106697
0.00081083112
0.00081058618
0.0008103318
0.00081006773
0.00080979358
0.00080950913
0.00080921393
0.0008089078
0.00080859023
0.00080826106
0.00080791973
0.00080756612
0.0008071996
0.00080682009
0.0008064269
0.00080601999
0.00080559859
0.0008051627
0.00080471152
0.00080424506
0.00080376245
0.00080326375
0.00080274808
0.00080221545
0.00080166501
0.00080109673
0.00080050985
0.00079990417
0.00079927915
0.00079863436
0.00079796952
0.0007972839
0.00079657759
0.00079584949
0.00079510011
0.00079432797
0.00079353394
0.00079271631
0.00079187612
0.00079101172
0.00079012393
0.00078921162
0.00078827489
0.00078731363
0.00078632679
0.0007853156
0.00078427772
0.00078321555
0.00078212609
0.0007810118
0.00077987059
0.00077870323
0.00077751036
0.00077628956
0.00077504476
0.00077377108
0.00077247331
0.00077114808
0.00076979617
0.00076842054
0.00076701524
0.00076558838
0.00076413304
0.00076265247
0.00076115022
0.00075961707
0.00075806551
0.00075648709
0.0007548814
0.00075326085
0.00075160799
0.00074993511
0.00074824736
0.00074652395
0.00074478729
0.00074303738
0.00074124571
0.00073944944
0.00073764186
0.00073579236
0.00073392203
0.00073208399
0.00073017296
0.00072823695
0.00072632771
0.00072440871
0.00072254394
0.00072018976
0.00071871401
0.00071619854
0.00071491624
0.00071153993
0.00081172098
0.00081151076
0.00081129233
0.0008110654
0.00081082964
0.00081058482
0.00081033056
0.00081006663
0.00080979262
0.00080950832
0.00080921327
0.00080890728
0.00080858986
0.00080826083
0.00080791964
0.00080756617
0.00080719978
0.0008068204
0.00080642732
0.00080602052
0.00080559923
0.00080516345
0.00080471235
0.00080424598
0.00080376346
0.00080326484
0.00080274924
0.00080221669
0.00080166633
0.00080109812
0.0008005113
0.0007999057
0.00079928075
0.00079863603
0.00079797127
0.00079728573
0.00079657951
0.0007958515
0.00079510221
0.00079433016
0.00079353623
0.00079271871
0.00079187863
0.00079101436
0.0007901267
0.00078921452
0.00078827793
0.00078731682
0.00078633012
0.00078531911
0.0007842814
0.00078321942
0.00078213015
0.00078101608
0.00077987509
0.00077870797
0.00077751536
0.00077629482
0.00077505032
0.00077377693
0.00077247949
0.00077115461
0.00076980305
0.00076842782
0.00076702292
0.00076559652
0.00076414164
0.00076266157
0.00076115986
0.00075962727
0.00075807632
0.00075649855
0.00075489354
0.00075327375
0.00075162166
0.00074994962
0.0007482628
0.00074654031
0.00074480472
0.00074305592
0.00074126539
0.00073947043
0.00073766424
0.00073581612
0.0007339474
0.00073211116
0.00073020175
0.00072826774
0.00072636073
0.00072444404
0.00072258122
0.00072023028
0.00071875699
0.00071624521
0.0007149648
0.00071159417
0.0008117192
0.00081150903
0.00081129066
0.0008110638
0.00081082815
0.00081058342
0.00081032928
0.00081006547
0.00080979159
0.00080950742
0.00080921251
0.00080890666
0.00080858937
0.00080826049
0.00080791943
0.00080756609
0.00080719982
0.00080682056
0.0008064276
0.00080602091
0.00080559971
0.00080516403
0.00080471302
0.00080424673
0.00080376429
0.00080326575
0.00080275022
0.00080221773
0.00080166743
0.00080109928
0.00080051253
0.00079990699
0.0007992821
0.00079863744
0.00079797274
0.00079728727
0.00079658111
0.00079585317
0.00079510394
0.00079433197
0.00079353812
0.00079272068
0.00079188069
0.00079101651
0.00079012894
0.00078921686
0.00078828038
0.00078731939
0.00078633282
0.00078532194
0.00078428436
0.00078322253
0.00078213342
0.0007810195
0.00077987869
0.00077871176
0.00077751934
0.00077629901
0.00077505473
0.00077378158
0.00077248438
0.00077115978
0.0007698085
0.00076843358
0.000767029
0.00076560294
0.00076414843
0.00076266875
0.00076116747
0.00075963531
0.00075808484
0.00075650758
0.0007549031
0.0007532839
0.00075163242
0.00074996104
0.00074827494
0.00074655317
0.0007448184
0.00074307048
0.00074128083
0.0007394869
0.00073768177
0.00073583475
0.00073396727
0.00073213242
0.00073022427
0.00072829185
0.00072638651
0.00072447166
0.00072261033
0.00072026188
0.00071879047
0.00071628155
0.00071500255
0.00071163638
0.00081171742
0.0008115073
0.00081128899
0.0008110622
0.00081082662
0.000810582
0.00081032796
0.00081006426
0.0008097905
0.00080950645
0.00080921167
0.00080890595
0.00080858879
0.00080826004
0.00080791911
0.00080756589
0.00080719975
0.0008068206
0.00080642775
0.00080602116
0.00080560007
0.00080516448
0.00080471355
0.00080424735
0.00080376498
0.0008032665
0.00080275103
0.00080221861
0.00080166837
0.00080110027
0.00080051357
0.00079990809
0.00079928324
0.00079863864
0.00079797398
0.00079728856
0.00079658245
0.00079585456
0.00079510539
0.00079433348
0.00079353969
0.00079272232
0.0007918824
0.00079101828
0.00079013079
0.00078921879
0.00078828238
0.00078732148
0.000786335
0.00078532422
0.00078428676
0.00078322504
0.00078213605
0.00078102225
0.00077988158
0.00077871479
0.00077752252
0.00077630235
0.00077505824
0.00077378527
0.00077248828
0.00077116388
0.00076981283
0.00076843815
0.00076703381
0.00076560803
0.0007641538
0.00076267443
0.00076117347
0.00075964165
0.00075809157
0.0007565147
0.00075491064
0.0007532919
0.00075164088
0.00074997002
0.00074828449
0.00074656328
0.00074482916
0.00074308192
0.00074129296
0.00073949984
0.00073769554
0.00073584937
0.00073398286
0.0007321491
0.00073024192
0.00072831075
0.00072640668
0.00072449328
0.00072263308
0.00072028659
0.00071881663
0.00071630991
0.00071503199
0.00071166936
0.00081171565
0.00081150558
0.00081128731
0.00081106059
0.00081082509
0.00081058054
0.0008103266
0.000810063
0.00080978935
0.00080950542
0.00080921076
0.00080890516
0.00080858813
0.0008082595
0.0008079187
0.0008075656
0.00080719957
0.00080682054
0.0008064278
0.00080602132
0.00080560031
0.00080516481
0.00080471397
0.00080424784
0.00080376554
0.00080326714
0.00080275173
0.00080221936
0.00080166917
0.00080110113
0.00080051447
0.00079990903
0.00079928423
0.00079863966
0.00079797505
0.00079728967
0.0007965836
0.00079585575
0.00079510663
0.00079433476
0.00079354102
0.0007927237
0.00079188383
0.00079101976
0.00079013232
0.00078922038
0.00078828404
0.00078732321
0.00078633679
0.00078532609
0.0007842887
0.00078322708
0.00078213817
0.00078102447
0.00077988391
0.00077871723
0.00077752508
0.00077630503
0.00077506106
0.00077378823
0.00077249139
0.00077116715
0.00076981627
0.00076844177
0.00076703763
0.00076561206
0.00076415805
0.00076267892
0.00076117823
0.00075964667
0.00075809688
0.00075652032
0.00075491658
0.00075329821
0.00075164756
0.00074997711
0.00074829201
0.00074657125
0.00074483763
0.00074309093
0.0007413025
0.00073951001
0.00073770636
0.00073586086
0.00073399509
0.0007321622
0.00073025577
0.00072832558
0.00072642249
0.00072451024
0.0007226509
0.00072030595
0.0007188371
0.00071633208
0.00071505497
0.00071169519
0.00081171389
0.00081150385
0.00081128564
0.00081105897
0.00081082354
0.00081057907
0.00081032521
0.00081006171
0.00080978816
0.00080950434
0.00080920979
0.00080890431
0.0008085874
0.00080825888
0.0008079182
0.00080756522
0.00080719931
0.00080682039
0.00080642775
0.00080602137
0.00080560046
0.00080516505
0.00080471429
0.00080424824
0.00080376601
0.00080326767
0.00080275232
0.00080222
0.00080166986
0.00080110186
0.00080051525
0.00079990985
0.00079928509
0.00079864056
0.00079797598
0.00079729063
0.0007965846
0.00079585679
0.0007951077
0.00079433587
0.00079354216
0.00079272487
0.00079188504
0.00079102102
0.00079013362
0.00078922172
0.00078828542
0.00078732465
0.00078633829
0.00078532764
0.00078429031
0.00078322875
0.0007821399
0.00078102628
0.00077988579
0.0007787192
0.00077752714
0.00077630719
0.00077506333
0.0007737906
0.00077249388
0.00077116976
0.00076981901
0.00076844466
0.00076704067
0.00076561527
0.00076416143
0.00076268248
0.00076118199
0.00075965063
0.00075810109
0.00075652476
0.00075492128
0.00075330319
0.00075165282
0.00074998269
0.00074829794
0.00074657752
0.00074484431
0.00074309802
0.00074131001
0.00073951802
0.00073771486
0.00073586989
0.00073400471
0.0007321725
0.00073026663
0.00072833724
0.0007264349
0.00072452356
0.00072266486
0.00072032113
0.00071885316
0.00071634945
0.00071507293
0.00071171548
0.00081171215
0.00081150214
0.00081128397
0.00081105736
0.00081082198
0.00081057759
0.00081032381
0.00081006039
0.00080978694
0.00080950322
0.00080920877
0.0008089034
0.0008085866
0.0008082582
0.00080791763
0.00080756477
0.00080719897
0.00080682016
0.00080642763
0.00080602134
0.00080560053
0.00080516521
0.00080471453
0.00080424856
0.0008037664
0.00080326812
0.00080275283
0.00080222056
0.00080167047
0.00080110252
0.00080051594
0.00079991058
0.00079928585
0.00079864135
0.00079797681
0.00079729149
0.00079658548
0.0007958577
0.00079510864
0.00079433683
0.00079354315
0.00079272589
0.00079188609
0.0007910221
0.00079013473
0.00078922287
0.0007882866
0.00078732586
0.00078633954
0.00078532894
0.00078429165
0.00078323014
0.00078214134
0.00078102778
0.00077988735
0.00077872081
0.00077752882
0.00077630894
0.00077506516
0.00077379251
0.00077249588
0.00077117186
0.00076982121
0.00076844698
0.00076704309
0.00076561782
0.00076416412
0.00076268531
0.00076118498
0.00075965378
0.00075810441
0.00075652827
0.00075492499
0.00075330713
0.00075165698
0.0007499871
0.00074830262
0.00074658247
0.00074484956
0.0007431036
0.00074131592
0.00073952433
0.00073772156
0.000735877
0.00073401228
0.0007321806
0.00073027516
0.0007283464
0.00072644465
0.00072453403
0.0007226758
0.00072033304
0.00071886576
0.00071636306
0.00071508697
0.00071173142
0.00081171042
0.00081150044
0.00081128231
0.00081105575
0.00081082043
0.0008105761
0.00081032239
0.00081005905
0.00080978569
0.00080950206
0.00080920771
0.00080890245
0.00080858575
0.00080825747
0.00080791701
0.00080756425
0.00080719856
0.00080681986
0.00080642743
0.00080602124
0.00080560052
0.00080516529
0.00080471469
0.0008042488
0.00080376671
0.00080326849
0.00080275326
0.00080222105
0.00080167101
0.0008011031
0.00080051656
0.00079991123
0.00079928654
0.00079864207
0.00079797755
0.00079729226
0.00079658628
0.00079585852
0.00079510948
0.00079433769
0.00079354404
0.0007927268
0.00079188701
0.00079102304
0.0007901357
0.00078922386
0.00078828762
0.00078732691
0.00078634061
0.00078533004
0.00078429278
0.0007832313
0.00078214254
0.00078102902
0.00077988863
0.00077872214
0.00077753021
0.00077631037
0.00077506665
0.00077379406
0.0007724975
0.00077117356
0.00076982298
0.00076844884
0.00076704503
0.00076561987
0.00076416626
0.00076268756
0.00076118736
0.00075965628
0.00075810706
0.00075653106
0.00075492792
0.00075331025
0.00075166026
0.00074999058
0.00074830631
0.00074658636
0.00074485371
0.000743108
0.00074132057
0.0007395293
0.00073772683
0.00073588258
0.00073401823
0.00073218698
0.00073028185
0.0007283536
0.00072645232
0.00072454226
0.00072268437
0.00072034239
0.00071887568
0.00071637375
0.00071509796
0.00071174398
0.0008117087
0.00081149876
0.00081128066
0.00081105414
0.00081081887
0.0008105746
0.00081032096
0.0008100577
0.00080978441
0.00080950087
0.00080920662
0.00080890145
0.00080858486
0.00080825667
0.00080791632
0.00080756367
0.00080719808
0.00080681948
0.00080642715
0.00080602107
0.00080560044
0.0008051653
0.00080471479
0.00080424897
0.00080376695
0.0008032688
0.00080275363
0.00080222147
0.00080167148
0.00080110361
0.00080051712
0.00079991183
0.00079928716
0.00079864272
0.00079797823
0.00079729296
0.00079658701
0.00079585926
0.00079511024
0.00079433848
0.00079354484
0.00079272761
0.00079188785
0.00079102389
0.00079013656
0.00078922474
0.00078828852
0.00078732782
0.00078634154
0.00078533099
0.00078429376
0.0007832323
0.00078214356
0.00078103007
0.00077988971
0.00077872325
0.00077753136
0.00077631156
0.00077506788
0.00077379533
0.00077249882
0.00077117493
0.00076982441
0.00076845033
0.0007670466
0.00076562151
0.00076416797
0.00076268936
0.00076118925
0.00075965826
0.00075810915
0.00075653327
0.00075493025
0.00075331271
0.00075166286
0.00074999333
0.00074830923
0.00074658943
0.00074485698
0.00074311148
0.00074132422
0.00073953321
0.00073773098
0.00073588696
0.00073402291
0.00073219201
0.0007302871
0.00072835925
0.00072645834
0.00072454873
0.00072269109
0.00072034974
0.00071888348
0.00071638212
0.00071510653
0.00071175386
0.00081170699
0.00081149708
0.00081127901
0.00081105254
0.00081081732
0.0008105731
0.00081031952
0.00081005633
0.00080978311
0.00080949965
0.00080920549
0.00080890041
0.00080858392
0.00080825583
0.00080791558
0.00080756303
0.00080719755
0.00080681905
0.00080642682
0.00080602083
0.0008056003
0.00080516524
0.00080471481
0.00080424907
0.00080376713
0.00080326905
0.00080275394
0.00080222184
0.0008016719
0.00080110408
0.00080051763
0.00079991237
0.00079928774
0.00079864333
0.00079797887
0.00079729361
0.00079658768
0.00079585995
0.00079511095
0.0007943392
0.00079354557
0.00079272836
0.00079188861
0.00079102466
0.00079013734
0.00078922553
0.00078828932
0.00078732863
0.00078634237
0.00078533183
0.00078429461
0.00078323317
0.00078214444
0.00078103097
0.00077989063
0.00077872419
0.00077753232
0.00077631255
0.0007750689
0.00077379638
0.00077249991
0.00077117605
0.00076982558
0.00076845155
0.00076704785
0.00076562283
0.00076416935
0.0007626908
0.00076119077
0.00075965984
0.00075811083
0.00075653502
0.00075493209
0.00075331467
0.0007516649
0.0007499955
0.00074831153
0.00074659185
0.00074485956
0.00074311421
0.00074132709
0.00073953629
0.00073773424
0.00073589041
0.00073402658
0.00073219596
0.00073029123
0.0007283637
0.00072646305
0.00072455382
0.00072269636
0.00072035552
0.00071888957
0.00071638866
0.00071511322
0.00071176168
0.00081170529
0.0008114954
0.00081127737
0.00081105094
0.00081081576
0.0008105716
0.00081031807
0.00081005494
0.0008097818
0.00080949842
0.00080920433
0.00080889934
0.00080858293
0.00080825494
0.00080791478
0.00080756234
0.00080719695
0.00080681855
0.00080642642
0.00080602053
0.00080560009
0.00080516512
0.00080471478
0.00080424912
0.00080376725
0.00080326924
0.0008027542
0.00080222216
0.00080167227
0.0008011045
0.00080051809
0.00079991287
0.00079928827
0.00079864389
0.00079797946
0.00079729423
0.00079658832
0.0007958606
0.00079511162
0.00079433988
0.00079354626
0.00079272906
0.00079188932
0.00079102538
0.00079013806
0.00078922626
0.00078829005
0.00078732937
0.00078634311
0.00078533258
0.00078429536
0.00078323393
0.00078214522
0.00078103176
0.00077989143
0.000778725
0.00077753315
0.00077631338
0.00077506976
0.00077379726
0.00077250082
0.00077117698
0.00076982654
0.00076845255
0.00076704888
0.0007656239
0.00076417046
0.00076269196
0.00076119198
0.0007596611
0.00075811216
0.00075653641
0.00075493355
0.00075331622
0.00075166651
0.00074999721
0.00074831334
0.00074659374
0.00074486158
0.00074311636
0.00074132934
0.0007395387
0.0007377368
0.0007358931
0.00073402945
0.00073219905
0.00073029444
0.00072836717
0.00072646674
0.00072455778
0.00072270046
0.00072036005
0.00071889434
0.00071639377
0.00071511841
0.00071176786
0.0008117036
0.00081149374
0.00081127574
0.00081104934
0.00081081421
0.00081057009
0.00081031662
0.00081005355
0.00080978047
0.00080949715
0.00080920314
0.00080889824
0.00080858192
0.00080825401
0.00080791395
0.0008075616
0.00080719631
0.000806818
0.00080642597
0.00080602017
0.00080559983
0.00080516495
0.00080471469
0.00080424911
0.00080376732
0.00080326939
0.00080275441
0.00080222243
0.0008016726
0.00080110487
0.00080051851
0.00079991333
0.00079928878
0.00079864443
0.00079798002
0.00079729481
0.00079658892
0.00079586123
0.00079511226
0.00079434052
0.00079354692
0.00079272972
0.00079188999
0.00079102605
0.00079013875
0.00078922694
0.00078829074
0.00078733006
0.0007863438
0.00078533327
0.00078429605
0.00078323462
0.00078214591
0.00078103246
0.00077989213
0.00077872571
0.00077753386
0.00077631411
0.0007750705
0.000773798
0.00077250158
0.00077117776
0.00076982733
0.00076845337
0.00076704972
0.00076562477
0.00076417135
0.00076269289
0.00076119296
0.00075966211
0.00075811322
0.00075653751
0.0007549347
0.00075331744
0.00075166778
0.00074999856
0.00074831477
0.00074659522
0.00074486317
0.00074311804
0.00074133109
0.0007395406
0.0007377388
0.0007358952
0.00073403171
0.00073220149
0.00073029696
0.00072836991
0.00072646967
0.00072456092
0.00072270369
0.00072036361
0.00071889814
0.00071639782
0.0007151225
0.00071177276
0.00081170191
0.00081149208
0.00081127411
0.00081104774
0.00081081265
0.00081056857
0.00081031515
0.00081005214
0.00080977912
0.00080949587
0.00080920193
0.0008088971
0.00080858086
0.00080825304
0.00080791307
0.00080756081
0.00080719561
0.0008068174
0.00080642546
0.00080601976
0.00080559951
0.00080516472
0.00080471455
0.00080424905
0.00080376734
0.00080326948
0.00080275457
0.00080222266
0.00080167288
0.00080110521
0.0008005189
0.00079991376
0.00079928925
0.00079864493
0.00079798055
0.00079729537
0.0007965895
0.00079586183
0.00079511287
0.00079434115
0.00079354756
0.00079273037
0.00079189063
0.0007910267
0.0007901394
0.00078922759
0.00078829139
0.00078733071
0.00078634445
0.00078533391
0.00078429669
0.00078323526
0.00078214654
0.00078103309
0.00077989276
0.00077872634
0.00077753449
0.00077631474
0.00077507114
0.00077379864
0.00077250223
0.00077117841
0.000769828
0.00076845405
0.00076705041
0.00076562549
0.00076417208
0.00076269365
0.00076119374
0.00075966291
0.00075811407
0.00075653838
0.00075493562
0.00075331841
0.00075166878
0.00074999962
0.00074831589
0.00074659638
0.00074486441
0.00074311936
0.00074133246
0.00073954207
0.00073774038
0.00073589685
0.00073403345
0.00073220339
0.00073029893
0.00072837202
0.00072647189
0.00072456337
0.00072270619
0.00072036638
0.00071890104
0.00071640092
0.00071512562
0.0007117766
0.00081170023
0.00081149042
0.00081127248
0.00081104614
0.00081081108
0.00081056705
0.00081031368
0.00081005071
0.00080977775
0.00080949457
0.0008092007
0.00080889594
0.00080857978
0.00080825204
0.00080791215
0.00080755997
0.00080719487
0.00080681675
0.0008064249
0.00080601929
0.00080559913
0.00080516443
0.00080471435
0.00080424894
0.00080376731
0.00080326953
0.00080275469
0.00080222284
0.00080167313
0.00080110552
0.00080051926
0.00079991417
0.00079928969
0.00079864541
0.00079798106
0.00079729591
0.00079659007
0.00079586241
0.00079511347
0.00079434176
0.00079354818
0.00079273099
0.00079189127
0.00079102733
0.00079014003
0.00078922822
0.00078829202
0.00078733133
0.00078634506
0.00078533453
0.00078429729
0.00078323586
0.00078214713
0.00078103368
0.00077989334
0.00077872692
0.00077753506
0.0007763153
0.0007750717
0.0007737992
0.00077250279
0.00077117898
0.00076982857
0.00076845462
0.00076705099
0.00076562608
0.00076417268
0.00076269427
0.00076119437
0.00075966356
0.00075811474
0.00075653908
0.00075493634
0.00075331917
0.00075166956
0.00075000044
0.00074831676
0.00074659729
0.00074486538
0.00074312038
0.00074133352
0.00073954321
0.00073774158
0.00073589811
0.0007340348
0.00073220484
0.00073030044
0.00072837365
0.00072647362
0.00072456524
0.00072270812
0.00072036851
0.00071890328
0.00071640331
0.00071512801
0.00071177963
0.00081169854
0.00081148875
0.00081127084
0.00081104454
0.00081080951
0.00081056552
0.00081031219
0.00081004928
0.00080977637
0.00080949324
0.00080919944
0.00080889475
0.00080857866
0.000808251
0.00080791119
0.0008075591
0.00080719408
0.00080681605
0.00080642429
0.00080601877
0.0008055987
0.0008051641
0.0008047141
0.00080424878
0.00080376723
0.00080326952
0.00080275476
0.00080222298
0.00080167334
0.00080110579
0.00080051958
0.00079991454
0.00079929011
0.00079864587
0.00079798156
0.00079729644
0.00079659062
0.00079586298
0.00079511406
0.00079434236
0.00079354879
0.00079273161
0.00079189189
0.00079102795
0.00079014065
0.00078922884
0.00078829263
0.00078733194
0.00078634567
0.00078533512
0.00078429787
0.00078323643
0.00078214769
0.00078103423
0.00077989388
0.00077872745
0.00077753558
0.00077631582
0.00077507221
0.0007737997
0.00077250329
0.00077117947
0.00076982906
0.00076845511
0.00076705148
0.00076562658
0.00076417318
0.00076269477
0.00076119488
0.00075966408
0.00075811528
0.00075653962
0.00075493691
0.00075331976
0.00075167017
0.00075000108
0.00074831743
0.00074659798
0.00074486612
0.00074312116
0.00074133433
0.00073954408
0.0007377425
0.00073589907
0.00073403582
0.00073220595
0.0007303016
0.0007283749
0.00072647494
0.00072456668
0.00072270958
0.00072037015
0.00071890501
0.00071640514
0.00071512981
0.000711782
0.00081169685
0.00081148709
0.0008112692
0.00081104292
0.00081080794
0.00081056398
0.00081031069
0.00081004782
0.00080977497
0.0008094919
0.00080919815
0.00080889353
0.00080857751
0.00080824992
0.00080791019
0.00080755818
0.00080719324
0.0008068153
0.00080642363
0.0008060182
0.00080559822
0.0008051637
0.0008047138
0.00080424856
0.0008037671
0.00080326947
0.00080275479
0.00080222309
0.00080167351
0.00080110602
0.00080051988
0.00079991489
0.00079929051
0.00079864631
0.00079798204
0.00079729695
0.00079659116
0.00079586355
0.00079511465
0.00079434296
0.0007935494
0.00079273223
0.00079189251
0.00079102858
0.00079014128
0.00078922946
0.00078829324
0.00078733254
0.00078634626
0.0007853357
0.00078429844
0.00078323698
0.00078214823
0.00078103476
0.00077989439
0.00077872795
0.00077753607
0.00077631629
0.00077507267
0.00077380015
0.00077250374
0.0007711799
0.00076982949
0.00076845554
0.00076705189
0.00076562699
0.00076417359
0.00076269519
0.0007611953
0.00075966449
0.00075811572
0.00075654006
0.00075493735
0.00075332023
0.00075167063
0.00075000157
0.00074831795
0.0007465985
0.00074486668
0.00074312175
0.00074133493
0.00073954473
0.0007377432
0.00073589979
0.00073403659
0.00073220679
0.00073030245
0.00072837585
0.00072647594
0.00072456776
0.00072271065
0.00072037141
0.00071890634
0.00071640652
0.00071513114
0.00071178383
0.00081169515
0.0008114854
0.00081126754
0.00081104129
0.00081080634
0.00081056242
0.00081030917
0.00081004635
0.00080977354
0.00080949052
0.00080919684
0.00080889227
0.00080857632
0.0008082488
0.00080790914
0.00080755721
0.00080719236
0.0008068145
0.00080642292
0.00080601758
0.00080559769
0.00080516326
0.00080471345
0.0008042483
0.00080376692
0.00080326938
0.00080275477
0.00080222315
0.00080167364
0.00080110623
0.00080052014
0.00079991521
0.00079929088
0.00079864674
0.0007979825
0.00079729745
0.00079659169
0.00079586411
0.00079511523
0.00079434356
0.00079355001
0.00079273285
0.00079189314
0.0007910292
0.0007901419
0.00078923007
0.00078829386
0.00078733314
0.00078634685
0.00078533627
0.000784299
0.00078323753
0.00078214876
0.00078103527
0.00077989489
0.00077872843
0.00077753653
0.00077631674
0.0007750731
0.00077380057
0.00077250415
0.00077118029
0.00076982987
0.00076845591
0.00076705225
0.00076562735
0.00076417394
0.00076269553
0.00076119564
0.00075966483
0.00075811606
0.0007565404
0.0007549377
0.00075332058
0.00075167099
0.00075000194
0.00074831833
0.00074659889
0.00074486708
0.00074312218
0.00074133538
0.0007395452
0.0007377437
0.00073590033
0.00073403715
0.00073220739
0.0007303031
0.00072837654
0.00072647665
0.00072456855
0.00072271147
0.00072037234
0.0007189073
0.00071640753
0.0007151321
0.00071178525
0.00081169343
0.0008114837
0.00081126587
0.00081103965
0.00081080472
0.00081056084
0.00081030763
0.00081004485
0.00080977209
0.00080948912
0.00080919549
0.00080889098
0.00080857509
0.00080824764
0.00080790806
0.0008075562
0.00080719143
0.00080681366
0.00080642216
0.00080601691
0.0008055971
0.00080516277
0.00080471304
0.00080424798
0.00080376669
0.00080326924
0.00080275471
0.00080222317
0.00080167374
0.0008011064
0.00080052038
0.00079991551
0.00079929124
0.00079864714
0.00079798296
0.00079729795
0.00079659222
0.00079586467
0.00079511581
0.00079434417
0.00079355063
0.00079273348
0.00079189377
0.00079102984
0.00079014253
0.0007892307
0.00078829447
0.00078733375
0.00078634744
0.00078533686
0.00078429957
0.00078323808
0.00078214929
0.00078103578
0.00077989538
0.0007787289
0.00077753699
0.00077631717
0.00077507352
0.00077380097
0.00077250452
0.00077118066
0.00076983022
0.00076845624
0.00076705257
0.00076562766
0.00076417424
0.00076269582
0.00076119593
0.0007596651
0.00075811633
0.00075654067
0.00075493796
0.00075332085
0.00075167126
0.00075000221
0.00074831861
0.00074659917
0.00074486738
0.00074312248
0.00074133569
0.00073954555
0.00073774404
0.00073590068
0.00073403757
0.00073220784
0.00073030348
0.00072837702
0.00072647723
0.00072456914
0.00072271193
0.00072037297
0.00071890807
0.0007164083
0.00071513278
0.00071178628
0.00081169168
0.00081148198
0.00081126417
0.00081103797
0.00081080308
0.00081055923
0.00081030606
0.00081004332
0.0008097706
0.00080948768
0.0008091941
0.00080888966
0.00080857383
0.00080824645
0.00080790693
0.00080755515
0.00080719046
0.00080681276
0.00080642135
0.00080601618
0.00080559647
0.00080516222
0.00080471259
0.00080424762
0.00080376642
0.00080326905
0.00080275461
0.00080222316
0.0008016738
0.00080110654
0.00080052059
0.00079991579
0.00079929158
0.00079864754
0.00079798341
0.00079729844
0.00079659275
0.00079586523
0.0007951164
0.00079434478
0.00079355126
0.00079273412
0.00079189441
0.00079103048
0.00079014317
0.00078923134
0.0007882951
0.00078733437
0.00078634805
0.00078533745
0.00078430014
0.00078323863
0.00078214982
0.00078103629
0.00077989587
0.00077872936
0.00077753743
0.00077631759
0.00077507392
0.00077380135
0.00077250488
0.000771181
0.00076983053
0.00076845654
0.00076705286
0.00076562793
0.00076417449
0.00076269606
0.00076119616
0.00075966533
0.00075811654
0.00075654088
0.00075493816
0.00075332104
0.00075167145
0.0007500024
0.00074831879
0.00074659937
0.00074486758
0.00074312267
0.0007413359
0.00073954578
0.00073774425
0.00073590091
0.00073403785
0.00073220812
0.00073030373
0.00072837734
0.00072647761
0.00072456953
0.00072271224
0.00072037339
0.00071890857
0.00071640881
0.00071513322
0.00071178707
0.0008116899
0.00081148022
0.00081126243
0.00081103627
0.0008108014
0.00081055759
0.00081030445
0.00081004175
0.00080976908
0.00080948621
0.00080919268
0.00080888829
0.00080857252
0.0008082452
0.00080790576
0.00080755405
0.00080718943
0.00080681182
0.00080642049
0.00080601541
0.00080559578
0.00080516163
0.00080471208
0.00080424721
0.0008037661
0.00080326882
0.00080275448
0.00080222311
0.00080167384
0.00080110665
0.00080052078
0.00079991606
0.00079929191
0.00079864793
0.00079798385
0.00079729893
0.00079659329
0.0007958658
0.000795117
0.0007943454
0.0007935519
0.00079273477
0.00079189508
0.00079103115
0.00079014384
0.000789232
0.00078829575
0.00078733501
0.00078634867
0.00078533805
0.00078430072
0.0007832392
0.00078215036
0.00078103681
0.00077989636
0.00077872983
0.00077753787
0.00077631801
0.00077507431
0.00077380171
0.00077250523
0.00077118132
0.00076983084
0.00076845682
0.00076705311
0.00076562817
0.00076417471
0.00076269627
0.00076119635
0.0007596655
0.00075811671
0.00075654102
0.00075493831
0.00075332118
0.00075167157
0.00075000253
0.00074831891
0.00074659947
0.00074486771
0.00074312278
0.00074133601
0.00073954592
0.00073774438
0.00073590103
0.000734038
0.00073220827
0.00073030388
0.00072837752
0.00072647781
0.00072456975
0.00072271243
0.00072037368
0.00071890884
0.00071640908
0.00071513343
0.00071178764
0.00081168808
0.00081147842
0.00081126065
0.00081103452
0.00081079968
0.0008105559
0.0008103028
0.00081004014
0.00080976751
0.00080948469
0.00080919121
0.00080888688
0.00080857117
0.00080824391
0.00080790454
0.0008075529
0.00080718836
0.00080681083
0.00080641958
0.00080601459
0.00080559505
0.00080516099
0.00080471154
0.00080424676
0.00080376574
0.00080326856
0.00080275431
0.00080222303
0.00080167385
0.00080110675
0.00080052096
0.00079991631
0.00079929223
0.00079864831
0.00079798429
0.00079729943
0.00079659383
0.00079586638
0.00079511761
0.00079434604
0.00079355256
0.00079273544
0.00079189576
0.00079103183
0.00079014452
0.00078923268
0.00078829642
0.00078733567
0.00078634931
0.00078533868
0.00078430133
0.00078323978
0.00078215092
0.00078103734
0.00077989686
0.00077873031
0.00077753832
0.00077631843
0.00077507471
0.00077380208
0.00077250557
0.00077118163
0.00076983113
0.00076845709
0.00076705336
0.0007656284
0.00076417492
0.00076269645
0.00076119652
0.00075966565
0.00075811684
0.00075654114
0.00075493841
0.00075332127
0.00075167165
0.0007500026
0.00074831896
0.00074659953
0.00074486776
0.00074312282
0.00074133605
0.00073954597
0.0007377444
0.00073590106
0.00073403806
0.00073220833
0.0007303039
0.00072837758
0.00072647792
0.00072456985
0.00072271244
0.00072037379
0.00071890901
0.00071640923
0.0007151335
0.00071178799
0.00081168619
0.00081147656
0.00081125882
0.00081103271
0.0008107979
0.00081055415
0.00081030109
0.00081003847
0.00080976588
0.00080948311
0.00080918968
0.00080888541
0.00080856976
0.00080824257
0.00080790326
0.0008075517
0.00080718724
0.00080680979
0.00080641862
0.00080601372
0.00080559427
0.0008051603
0.00080471095
0.00080424626
0.00080376535
0.00080326826
0.00080275411
0.00080222292
0.00080167383
0.00080110682
0.00080052112
0.00079991655
0.00079929254
0.0007986487
0.00079798474
0.00079729993
0.00079659438
0.00079586698
0.00079511825
0.0007943467
0.00079355325
0.00079273615
0.00079189647
0.00079103255
0.00079014524
0.00078923339
0.00078829712
0.00078733635
0.00078634998
0.00078533933
0.00078430195
0.00078324038
0.00078215149
0.00078103789
0.00077989738
0.0007787308
0.00077753878
0.00077631886
0.00077507511
0.00077380245
0.00077250591
0.00077118195
0.00076983142
0.00076845735
0.00076705359
0.00076562861
0.00076417511
0.00076269662
0.00076119666
0.00075966577
0.00075811695
0.00075654123
0.00075493848
0.00075332133
0.00075167169
0.00075000263
0.00074831898
0.00074659953
0.00074486776
0.00074312281
0.00074133602
0.00073954596
0.00073774437
0.00073590102
0.00073403804
0.00073220831
0.00073030383
0.00072837757
0.00072647792
0.00072456985
0.00072271233
0.00072037382
0.00071890907
0.00071640923
0.00071513341
0.00071178819
0.00081168406
0.00081147444
0.00081125672
0.00081103064
0.00081079586
0.00081055214
0.00081029911
0.00081003653
0.00080976398
0.00080948125
0.00080918788
0.00080888365
0.00080856806
0.00080824093
0.00080790169
0.0008075502
0.00080718581
0.00080680844
0.00080641737
0.00080601255
0.00080559319
0.00080515932
0.00080471006
0.00080424548
0.00080376466
0.00080326768
0.00080275362
0.00080222253
0.00080167354
0.00080110662
0.000800521
0.00079991652
0.0007992926
0.00079864883
0.00079798493
0.00079730018
0.00079659469
0.00079586733
0.00079511864
0.00079434713
0.00079355369
0.00079273661
0.00079189695
0.00079103303
0.00079014572
0.00078923386
0.00078829758
0.00078733679
0.0007863504
0.00078533972
0.00078430232
0.00078324072
0.0007821518
0.00078103816
0.00077989762
0.00077873101
0.00077753895
0.000776319
0.00077507521
0.00077380252
0.00077250595
0.00077118195
0.00076983139
0.00076845729
0.0007670535
0.00076562849
0.00076417495
0.00076269644
0.00076119646
0.00075966554
0.00075811671
0.00075654095
0.00075493819
0.00075332102
0.00075167134
0.00075000229
0.00074831861
0.00074659913
0.00074486737
0.00074312239
0.00074133558
0.00073954554
0.0007377439
0.00073590056
0.00073403757
0.00073220785
0.00073030326
0.00072837721
0.00072647733
0.0007245694
0.00072271165
0.00072037356
0.00071890845
0.00071640847
0.00071513258
0.00071178762
)
;

boundaryField
{
    inlet
    {
        type            calculated;
        value           nonuniform List<scalar> 
80
(
0.0008510262
0.0008510262
0.0008510262
0.0008510262
0.0008510262
0.0008510262
0.0008510262
0.0008510262
0.0008510262
0.0008510262
0.0008510262
0.0008510262
0.0008510262
0.0008510262
0.0008510262
0.0008510262
0.0008510262
0.00085102619
0.00085102619
0.00085102619
0.00085102619
0.00085102619
0.00085102619
0.00085102619
0.00085102619
0.00085102618
0.00085102618
0.00085102618
0.00085102618
0.00085102617
0.00085102617
0.00085102617
0.00085102616
0.00085102616
0.00085102615
0.00085102614
0.00085102614
0.00085102613
0.00085102612
0.00085102611
0.0008510261
0.00085102608
0.00085102607
0.00085102605
0.00085102603
0.00085102601
0.00085102599
0.00085102596
0.00085102593
0.0008510259
0.00085102587
0.00085102583
0.00085102578
0.00085102574
0.00085102568
0.00085102562
0.00085102555
0.00085102548
0.0008510254
0.0008510253
0.0008510252
0.00085102509
0.00085102496
0.00085102482
0.00085102467
0.0008510245
0.00085102431
0.0008510241
0.00085102387
0.00085102362
0.00085102334
0.00085102304
0.00085102271
0.00085102235
0.00085102196
0.00085102153
0.00085102107
0.00085102057
0.00085102004
0.00085101947
)
;
    }
    outlet
    {
        type            calculated;
        value           nonuniform List<scalar> 
80
(
3.5722251e-05
0.00027816647
0.00050412865
0.00073915392
0.00099508701
0.0012682979
0.0015573618
0.0018616868
0.0021810372
0.0025153338
0.0028645543
0.0032286761
0.0036076382
0.0040013107
0.0044094685
0.0048317653
0.0052677075
0.0057166258
0.0061776446
0.0066496486
0.0071312454
0.007620724
0.0081160085
0.0086146395
0.0091137282
0.0096098943
0.010099216
0.010577175
0.011038624
0.011477892
0.011888459
0.012262958
0.01259317
0.012857504
0.013003116
0.013043034
0.012982524
0.012817775
0.012537111
0.012125071
0.011570018
0.010874583
0.010065462
0.0091962246
0.008337221
0.0075499519
0.0068265051
0.0058284786
0.0042478735
0.0025495326
0.0013355361
0.00080608383
0.00071869397
0.00071213405
0.00071137211
0.00071139578
0.00071147765
0.0007115467
0.00071160067
0.00071164258
0.00071167528
0.00071170082
0.0007117208
0.00071173645
0.0007117487
0.00071175828
0.0007117658
0.00071177166
0.00071177626
0.0007117798
0.00071178252
0.00071178459
0.00071178612
0.00071178724
0.00071178798
0.00071178847
0.00071178873
0.00071178878
0.00071178868
0.00071178778
)
;
    }
    top
    {
        type            calculated;
        value           nonuniform List<scalar> 
110
(
0.00084376921
0.00083398055
0.00082741467
0.00082288795
0.00081970501
0.00081743427
0.00081579886
0.0008146118
0.00081374602
0.00081311192
0.00081264632
0.00081230367
0.00081205116
0.00081186485
0.00081168274
0.00081147313
0.00081125542
0.00081102934
0.00081079458
0.00081055087
0.00081029785
0.00081003529
0.00080976276
0.00080948006
0.0008091867
0.0008088825
0.00080856694
0.00080823984
0.00080790063
0.00080754918
0.00080718482
0.00080680749
0.00080641646
0.00080601169
0.00080559238
0.00080515855
0.00080470934
0.00080424481
0.00080376404
0.00080326711
0.00080275311
0.00080222207
0.00080167313
0.00080110626
0.0008005207
0.00079991626
0.00079929238
0.00079864865
0.0007979848
0.00079730009
0.00079659463
0.0007958673
0.00079511864
0.00079434716
0.00079355375
0.00079273668
0.00079189704
0.00079103313
0.00079014583
0.00078923398
0.00078829771
0.00078733693
0.00078635053
0.00078533986
0.00078430246
0.00078324085
0.00078215193
0.00078103829
0.00077989775
0.00077873113
0.00077753907
0.00077631911
0.00077507532
0.00077380262
0.00077250604
0.00077118204
0.00076983147
0.00076845737
0.00076705358
0.00076562856
0.00076417502
0.00076269651
0.00076119652
0.0007596656
0.00075811676
0.000756541
0.00075493824
0.00075332106
0.00075167139
0.00075000233
0.00074831865
0.00074659917
0.00074486741
0.00074312243
0.00074133561
0.00073954557
0.00073774393
0.00073590059
0.0007340376
0.00073220788
0.00073030328
0.00072837723
0.00072647735
0.00072456942
0.00072271167
0.00072037358
0.00071890846
0.00071640849
0.00071513256
0.00071178778
)
;
    }
    upstreamWall
    {
        type            symmetryPlane;
    }
    plate
    {
        type            compressible::alphatJayatillekeWallFunction;
        value           uniform 0;
    }
    frontAndBack
    {
        type            empty;
    }
}


// ************************************************************************* //
