/*--------------------------------*- C++ -*----------------------------------*\
| =========                 |                                                 |
| \\      /  F ield         | OpenFOAM: The Open Source CFD Toolbox           |
|  \\    /   O peration     | Version:  2512                                  |
|   \\  /    A nd           | Website:  www.openfoam.com                      |
|    \\/     M anipulation  |                                                 |
\*---------------------------------------------------------------------------*/
FoamFile
{
    version     2.0;
    format      ascii;
    arch        "LSB;label=32;scalar=64";
    class       volScalarField;
    location    "0.0999872";
    object      nut;
}
// * * * * * * * * * * * * * * * * * * * * * * * * * * * * * * * * * * * * * //

dimensions      [0 2 -1 0 0 0 0];

internalField   nonuniform List<scalar> 
8800
(
0.00070324962
0.00069620292
0.00068970659
0.0006867602
0.00068350258
0.00068198016
0.00068045138
0.00067946796
0.00067884598
0.0006781726
0.00067789077
0.00067737785
0.00046592638
7.4183953e-05
0.00070325087
0.00069620114
0.00068970737
0.00068676064
0.0006834993
0.00068198611
0.00068044278
0.00067947657
0.00067884204
0.00067816125
0.00067791356
0.00067737397
0.00046262648
0.00010165213
0.00070325358
0.00069619729
0.00068970908
0.00068676149
0.00068349243
0.00068199865
0.00068042424
0.00067949665
0.00067882709
0.0006781479
0.00067802274
0.00067714711
0.00067732266
0.00027998335
0.00070325796
0.00069619108
0.00068971194
0.00068676254
0.00068348203
0.0006820179
0.00068039489
0.00067953165
0.00067878719
0.0006781905
0.00067796935
0.00067725807
0.0006772592
0.0006765124
0.00070326421
0.00069618221
0.0006897162
0.00068676336
0.00068346868
0.00068204306
0.00068035531
0.00067958191
0.00067871946
0.00067829731
0.00067774863
0.00067772475
0.00067663788
0.00067718061
0.00070327254
0.00069617039
0.00068972221
0.00068676325
0.00068345367
0.00068207195
0.00068030871
0.00067964123
0.00067864339
0.00067839182
0.00067763339
0.00067780437
0.00067671823
0.00067726019
0.00070328312
0.00069615538
0.00068973036
0.00068676118
0.00068343913
0.00068210068
0.00068026143
0.00067969847
0.00067858202
0.0006784258
0.00067768822
0.00067755203
0.00067713361
0.00067661676
0.00070329612
0.00069613701
0.00068974107
0.00068675584
0.00068342799
0.00068212373
0.00068022216
0.0006797421
0.00067854171
0.00067843695
0.00067771187
0.00067753585
0.00067703782
0.00067680414
0.00070331161
0.00069611519
0.00068975476
0.00068674578
0.00068342365
0.00068213476
0.00068020044
0.00067976184
0.00067852333
0.0006784502
0.00067767208
0.00067763311
0.00067691371
0.00067689433
0.00070332964
0.00069609001
0.00068977167
0.00068672974
0.00068342926
0.00068212809
0.00068020425
0.00067974918
0.00067853525
0.00067844249
0.00067765533
0.00067765743
0.00067691163
0.00067688182
0.00070335016
0.00069606172
0.00068979181
0.00068670701
0.00068344658
0.00068210096
0.00068023648
0.00067970138
0.00067858452
0.00067838993
0.00067770353
0.00067759663
0.0006769748
0.00067682673
0.00070337301
0.00069603081
0.00068981475
0.00068667801
0.00068347491
0.00068205574
0.00068029149
0.00067962771
0.00067866058
0.0006783055
0.00067778598
0.00067751189
0.00067704631
0.00067676785
0.00070339799
0.00069599799
0.00068983952
0.00068664457
0.00068351024
0.00068200084
0.00068035439
0.00067955014
0.00067873414
0.00067822938
0.00067784915
0.00067745718
0.0006770894
0.00067673495
0.00070342478
0.00069596416
0.00068986465
0.00068660991
0.00068354577
0.00068194898
0.00068040564
0.00067949405
0.00067877583
0.00067819267
0.00067786715
0.00067744508
0.00067709923
0.00067673024
0.0007034531
0.00069593023
0.00068988843
0.000686578
0.00068357372
0.00068191261
0.00068042981
0.00067947424
0.00067877538
0.0006781975
0.00067784839
0.00067746077
0.00067708939
0.00067674133
0.00070348268
0.00069589694
0.00068990932
0.00068655229
0.00068358836
0.00068189829
0.00068042333
0.00067948741
0.00067874463
0.00067822491
0.00067781476
0.00067748446
0.00067707543
0.00067675594
0.00070351342
0.00069586452
0.0006899267
0.00068653416
0.00068358874
0.00068190343
0.00068039591
0.00067951621
0.00067870543
0.00067825304
0.00067778438
0.00067750311
0.00067706701
0.00067676767
0.00070354547
0.00069583239
0.00068994137
0.00068652185
0.00068357968
0.00068191733
0.00068036449
0.0006795408
0.00067867587
0.00067826857
0.00067776565
0.00067751155
0.00067706749
0.00067677505
0.00070357932
0.00069579899
0.0006899559
0.00068651054
0.00068357002
0.00068192657
0.00068034425
0.00067954865
0.00067866357
0.00067826803
0.00067775971
0.00067750964
0.00067707662
0.00067677941
0.00070361574
0.00069576181
0.00068997419
0.00068649366
0.00068356897
0.00068192116
0.00068034205
0.00067953786
0.00067866673
0.00067825475
0.00067776309
0.00067750048
0.00067709178
0.00067678394
0.00070365576
0.0006957178
0.00069000056
0.00068646515
0.00068358252
0.000681898
0.00068035601
0.00067951386
0.00067867867
0.00067823507
0.00067777017
0.00067748858
0.00067710902
0.00067679238
0.00070370033
0.00069566414
0.00069003842
0.00068642138
0.00068361188
0.00068185986
0.00068037988
0.00067948371
0.00067869293
0.00067821433
0.00067777673
0.0006774772
0.00067712567
0.00067680698
0.00070374999
0.00069559919
0.00069008909
0.00068636217
0.0006836545
0.00068181158
0.00068040863
0.00067945111
0.00067870722
0.00067819378
0.00067778216
0.0006774665
0.00067714145
0.00067682712
0.00070380443
0.00069552344
0.00069015107
0.00068629055
0.00068370609
0.00068175696
0.00068044056
0.00067941587
0.00067872297
0.00067817148
0.00067778861
0.00067745461
0.00067715771
0.00067685001
0.00070386209
0.00069544016
0.00069021999
0.00068621212
0.00068376183
0.00068169899
0.00068047514
0.00067937744
0.00067874153
0.00067814616
0.0006777975
0.00067744054
0.0006771752
0.00067687294
0.00070391998
0.00069535545
0.00069028908
0.00068613454
0.0006838159
0.00068164224
0.00068050934
0.0006793389
0.00067876061
0.00067812036
0.00067780699
0.00067742618
0.00067719246
0.00067689514
0.00070397381
0.00069527761
0.00069035021
0.00068606678
0.00068386125
0.00068159381
0.00068053721
0.00067930639
0.00067877535
0.00067809882
0.00067781374
0.00067741474
0.00067720735
0.00067691703
0.00070401857
0.00069521561
0.00069039557
0.00068601745
0.00068389122
0.00068156088
0.00068055334
0.00067928533
0.00067878227
0.00067808509
0.0006778159
0.00067740836
0.00067721885
0.00067693903
0.00070404941
0.00069517714
0.00069041971
0.00068599238
0.00068390232
0.00068154715
0.00068055615
0.00067927758
0.00067878116
0.00067807995
0.00067781384
0.00067740746
0.00067722739
0.00067696112
0.0007040627
0.00069516662
0.00069042105
0.00068599278
0.00068389571
0.00068155165
0.00068054815
0.00067928154
0.00067877449
0.00067808222
0.00067780946
0.00067741139
0.00067723426
0.0006769831
0.00070405692
0.00069518417
0.0006904021
0.00068601538
0.00068387612
0.00068157027
0.00068053376
0.00067929411
0.00067876537
0.00067809004
0.00067780473
0.00067741914
0.00067724075
0.00067700477
0.00070403297
0.00069522591
0.00069036785
0.00068605462
0.00068384879
0.00068159858
0.00068051664
0.00067931254
0.00067875607
0.00067810188
0.00067780106
0.00067742982
0.00067724776
0.00067702608
0.00070399388
0.00069528566
0.00069032369
0.00068610484
0.00068381772
0.00068163307
0.00068049897
0.00067933489
0.00067874758
0.00067811665
0.00067779879
0.00067744283
0.00067725538
0.000677047
0.00070394409
0.00069535653
0.00069027388
0.00068616166
0.00068378467
0.00068167168
0.000680481
0.00067936018
0.00067873966
0.00067813369
0.00067779756
0.00067745753
0.00067726332
0.00067706744
0.00070388878
0.00069543206
0.00069022157
0.00068622167
0.00068375028
0.00068171282
0.00068046238
0.00067938743
0.00067873159
0.00067815228
0.00067779651
0.0006774733
0.0006772708
0.00067708703
0.00070383349
0.00069550592
0.00069017
0.00068628099
0.00068371584
0.00068175408
0.00068044333
0.00067941497
0.00067872308
0.00067817114
0.00067779512
0.00067748903
0.00067727727
0.00067710511
0.00070378401
0.00069557115
0.00069012384
0.000686334
0.00068368455
0.00068179119
0.00068042574
0.0006794398
0.00067871499
0.00067818811
0.00067779355
0.00067750308
0.00067728256
0.00067712066
0.00070374601
0.00069562021
0.00069008916
0.00068637366
0.00068366124
0.00068181878
0.00068041264
0.00067945815
0.00067870894
0.00067820058
0.00067779244
0.00067751364
0.00067728681
0.00067713254
0.00070372396
0.00069564671
0.00069007138
0.00068639389
0.00068365029
0.00068183218
0.00068040696
0.00067946676
0.00067870655
0.00067820639
0.00067779253
0.00067751922
0.00067729029
0.00067713985
0.00070371942
0.00069564866
0.00069007209
0.00068639309
0.00068365274
0.00068183031
0.00068040921
0.00067946498
0.00067870803
0.00067820512
0.00067779386
0.00067751957
0.00067729305
0.00067714253
0.00070372956
0.00069563099
0.0006900871
0.00068637612
0.00068366504
0.00068181699
0.00068041696
0.00067945549
0.00067871199
0.00067819857
0.00067779574
0.00067751591
0.00067729492
0.0006771416
0.00070374736
0.00069560482
0.00069010727
0.0006863534
0.00068367982
0.00068180001
0.00068042552
0.00067944354
0.00067871583
0.00067819021
0.00067779697
0.0006775106
0.00067729559
0.00067713884
0.00070376379
0.00069558373
0.00069012188
0.00068633704
0.00068368889
0.00068178832
0.00068042987
0.00067943523
0.00067871702
0.00067818414
0.00067779662
0.00067750656
0.00067729515
0.00067713653
0.00070377189
0.00069557672
0.00069012465
0.00068633398
0.00068368845
0.00068178662
0.00068042823
0.00067943374
0.00067871503
0.00067818263
0.0006777949
0.00067750554
0.00067729425
0.0006771362
0.00070376988
0.00069558398
0.00069011664
0.0006863428
0.0006836805
0.00068179347
0.00068042247
0.00067943811
0.00067871128
0.00067818522
0.00067779281
0.00067750746
0.00067729367
0.00067713804
0.00070376113
0.00069559852
0.00069010383
0.00068635659
0.00068367022
0.00068180379
0.00068041609
0.00067944506
0.00067870789
0.00067818986
0.00067779158
0.00067751108
0.00067729409
0.00067714131
0.00070375167
0.00069561041
0.00069009444
0.000686366
0.0006836642
0.00068181069
0.00068041312
0.00067944998
0.00067870691
0.00067819353
0.00067779201
0.0006775143
0.00067729562
0.00067714448
0.00070374604
0.00069561395
0.00069009241
0.00068636675
0.00068366465
0.00068181125
0.0006804145
0.0006794508
0.00067870851
0.00067819465
0.00067779381
0.00067751591
0.00067729774
0.00067714653
0.00070374516
0.00069560984
0.00069009644
0.00068636065
0.00068366962
0.00068180697
0.00068041853
0.00067944844
0.00067871141
0.00067819368
0.00067779605
0.000677516
0.00067729976
0.00067714736
0.00070374718
0.00069560253
0.00069010269
0.00068635234
0.00068367566
0.00068180116
0.0006804228
0.00067944495
0.0006787141
0.00067819179
0.00067779782
0.00067751523
0.00067730114
0.00067714733
0.00070374975
0.00069559602
0.00069010798
0.00068634555
0.00068368032
0.00068179644
0.00068042585
0.00067944202
0.00067871583
0.00067819004
0.00067779884
0.00067751433
0.00067730185
0.000677147
0.0007037516
0.00069559198
0.00069011119
0.00068634149
0.00068368299
0.00068179361
0.00068042748
0.00067944019
0.00067871663
0.00067818886
0.00067779922
0.00067751366
0.00067730207
0.00067714668
0.00070375254
0.00069559007
0.00069011266
0.00068633962
0.00068368414
0.00068179228
0.00068042808
0.00067943925
0.0006787168
0.00067818819
0.00067779921
0.00067751323
0.00067730206
0.00067714645
0.00070375291
0.00069558937
0.00069011319
0.00068633891
0.00068368451
0.00068179175
0.00068042819
0.00067943879
0.00067871669
0.00067818778
0.00067779905
0.00067751295
0.00067730194
0.00067714627
0.00070375302
0.00069558918
0.00069011336
0.00068633868
0.00068368459
0.00068179153
0.00068042812
0.00067943851
0.00067871648
0.00067818748
0.00067779882
0.00067751271
0.00067730177
0.00067714611
0.00070375304
0.00069558914
0.0006901134
0.00068633859
0.00068368457
0.0006817914
0.00068042799
0.00067943828
0.00067871625
0.00067818721
0.00067779858
0.00067751248
0.00067730158
0.00067714594
0.00070375304
0.00069558913
0.0006901134
0.00068633854
0.00068368453
0.0006817913
0.00068042785
0.00067943806
0.000678716
0.00067818694
0.00067779833
0.00067751225
0.00067730137
0.00067714576
0.00070375304
0.00069558913
0.00069011339
0.0006863385
0.00068368449
0.00068179119
0.00068042769
0.00067943785
0.00067871576
0.00067818668
0.00067779808
0.00067751202
0.00067730116
0.00067714557
0.00070375303
0.00069558914
0.00069011337
0.00068633846
0.00068368443
0.00068179108
0.00068042754
0.00067943763
0.00067871551
0.00067818642
0.00067779784
0.00067751179
0.00067730095
0.00067714537
0.00070375303
0.00069558914
0.00069011335
0.00068633843
0.00068368437
0.00068179097
0.00068042737
0.00067943742
0.00067871527
0.00067818617
0.0006777976
0.00067751156
0.00067730074
0.00067714518
0.00070375304
0.00069558912
0.00069011334
0.00068633839
0.00068368429
0.00068179085
0.0006804272
0.0006794372
0.00067871503
0.00067818593
0.00067779736
0.00067751134
0.00067730053
0.00067714498
0.00070375304
0.00069558911
0.00069011333
0.00068633836
0.00068368421
0.00068179074
0.00068042702
0.00067943699
0.00067871479
0.00067818569
0.00067779713
0.00067751112
0.00067730033
0.00067714479
0.00070375305
0.0006955891
0.0006901133
0.00068633832
0.00068368412
0.00068179062
0.00068042685
0.00067943679
0.00067871456
0.00067818546
0.0006777969
0.00067751091
0.00067730013
0.0006771446
0.00070375306
0.00069558909
0.00069011327
0.00068633828
0.00068368403
0.0006817905
0.00068042667
0.00067943658
0.00067871433
0.00067818524
0.00067779669
0.00067751071
0.00067729994
0.00067714443
0.00070375307
0.00069558907
0.00069011324
0.00068633823
0.00068368394
0.00068179037
0.0006804265
0.00067943639
0.00067871412
0.00067818504
0.0006777965
0.00067751053
0.00067729977
0.00067714426
0.00070375307
0.00069558906
0.0006901132
0.00068633818
0.00068368385
0.00068179024
0.00068042633
0.0006794362
0.00067871392
0.00067818484
0.00067779631
0.00067751035
0.00067729961
0.00067714411
0.00070375308
0.00069558905
0.00069011317
0.00068633812
0.00068368375
0.00068179011
0.00068042616
0.00067943601
0.00067871373
0.00067818466
0.00067779614
0.00067751019
0.00067729946
0.00067714397
0.00070375308
0.00069558903
0.00069011313
0.00068633807
0.00068368366
0.00068178998
0.00068042599
0.00067943583
0.00067871355
0.00067818449
0.00067779598
0.00067751005
0.00067729932
0.00067714384
0.00070375308
0.00069558902
0.0006901131
0.000686338
0.00068368356
0.00068178985
0.00068042584
0.00067943567
0.00067871339
0.00067818434
0.00067779584
0.00067750991
0.0006772992
0.00067714372
0.00070375308
0.00069558901
0.00069011306
0.00068633793
0.00068368346
0.00068178971
0.00068042568
0.00067943551
0.00067871323
0.0006781842
0.00067779571
0.0006775098
0.00067729909
0.00067714362
0.00070375308
0.000695589
0.00069011303
0.00068633786
0.00068368336
0.00068178958
0.00068042554
0.00067943536
0.00067871309
0.00067818407
0.00067779559
0.00067750969
0.000677299
0.00067714354
0.00070375308
0.00069558899
0.00069011299
0.00068633778
0.00068368325
0.00068178945
0.0006804254
0.00067943522
0.00067871297
0.00067818395
0.00067779549
0.00067750961
0.00067729892
0.00067714347
0.00070375308
0.00069558897
0.00069011294
0.0006863377
0.00068368315
0.00068178932
0.00068042527
0.00067943509
0.00067871285
0.00067818386
0.00067779541
0.00067750953
0.00067729886
0.00067714341
0.00070375308
0.00069558896
0.0006901129
0.00068633762
0.00068368305
0.0006817892
0.00068042515
0.00067943497
0.00067871275
0.00067818377
0.00067779534
0.00067750947
0.00067729881
0.00067714337
0.00070375309
0.00069558894
0.00069011285
0.00068633754
0.00068368294
0.00068178908
0.00068042503
0.00067943487
0.00067871266
0.0006781837
0.00067779528
0.00067750943
0.00067729877
0.00067714334
0.00070375309
0.00069558892
0.0006901128
0.00068633745
0.00068368283
0.00068178896
0.00068042492
0.00067943477
0.00067871259
0.00067818364
0.00067779523
0.00067750939
0.00067729875
0.00067714332
0.00070375309
0.0006955889
0.00069011274
0.00068633736
0.00068368272
0.00068178884
0.00068042481
0.00067943468
0.00067871252
0.00067818359
0.0006777952
0.00067750938
0.00067729874
0.00067714332
0.0007037531
0.00069558888
0.00069011268
0.00068633727
0.00068368261
0.00068178873
0.00068042471
0.0006794346
0.00067871246
0.00067818355
0.00067779518
0.00067750937
0.00067729874
0.00067714333
0.0007037531
0.00069558885
0.00069011262
0.00068633718
0.0006836825
0.00068178862
0.00068042462
0.00067943453
0.00067871241
0.00067818352
0.00067779517
0.00067750937
0.00067729875
0.00067714335
0.0007037531
0.00069558882
0.00069011254
0.00068633706
0.00068368234
0.00068178844
0.00068042444
0.00067943436
0.00067871226
0.00067818338
0.00067779504
0.00067750925
0.00067729863
0.00067714324
6.535025e-06
2.8559547e-05
4.2784244e-05
4.3839647e-05
4.100972e-05
3.8509413e-05
3.9270297e-05
4.0702548e-05
4.2463136e-05
4.3362778e-05
4.3779382e-05
4.3846896e-05
4.3721132e-05
4.3532316e-05
4.329302e-05
4.3012354e-05
4.2721627e-05
4.2427794e-05
4.2132368e-05
4.1840591e-05
4.1555048e-05
4.1274417e-05
4.1007428e-05
4.0749397e-05
4.0496329e-05
4.0248526e-05
4.0006288e-05
3.9771463e-05
3.9545677e-05
3.9323995e-05
3.9107018e-05
3.8893431e-05
3.8686764e-05
3.8484433e-05
3.828656e-05
3.8091541e-05
3.7900642e-05
3.7714341e-05
3.7530701e-05
3.735023e-05
3.7173035e-05
3.6999282e-05
3.6827532e-05
3.6658357e-05
3.6492182e-05
3.6328437e-05
3.6166542e-05
3.6007086e-05
3.5849923e-05
3.5694537e-05
3.5541091e-05
3.538954e-05
3.5239612e-05
3.509157e-05
3.4944892e-05
3.4799823e-05
3.465646e-05
3.4514144e-05
3.4373401e-05
3.4234032e-05
3.4095791e-05
3.3958861e-05
3.3823073e-05
3.3688502e-05
3.3554908e-05
3.3422637e-05
3.3291201e-05
3.3160876e-05
3.3031539e-05
3.2903094e-05
3.27756e-05
3.2649016e-05
3.2523293e-05
3.2398438e-05
3.2274413e-05
3.2151221e-05
3.2028743e-05
3.1907121e-05
3.1786247e-05
3.1665962e-05
3.1546631e-05
3.1427902e-05
3.1309635e-05
3.1192466e-05
3.107584e-05
3.0959514e-05
3.0844125e-05
3.0730035e-05
3.0615757e-05
3.0502289e-05
3.0390402e-05
3.0282053e-05
3.0173157e-05
3.0066962e-05
2.9983521e-05
2.9862597e-05
3.0377383e-05
2.77134e-05
4.6527288e-05
6.1459385e-05
8.6828262e-05
0.00011985954
0.00016075093
0.00019503
0.00022253221
0.00024138382
0.0002564113
0.00026732513
0.00027543293
0.00028137363
0.0002854759
0.00028812739
0.00029011246
0.00029158744
0.00029259107
0.00029328104
0.00029370631
0.00029389662
0.00029404483
0.00029406451
0.00029391382
0.00029363082
0.00029324188
0.00029280016
0.0002923408
0.0002917775
0.00029114874
0.00029044446
0.00028974245
0.00028899267
0.00028821285
0.00028738156
0.00028653466
0.00028568239
0.00028479327
0.00028388863
0.00028297389
0.00028205486
0.00028110953
0.0002801569
0.0002792064
0.00027824878
0.00027727842
0.00027631008
0.00027534171
0.00027436675
0.00027339149
0.00027241657
0.00027143935
0.00027046622
0.00026948934
0.00026851563
0.00026754689
0.00026657337
0.00026560645
0.0002646424
0.00026367855
0.00026271931
0.00026176236
0.00026080979
0.0002598585
0.00025891472
0.00025797071
0.00025703237
0.00025609768
0.00025516588
0.00025423865
0.00025331528
0.00025239571
0.00025148042
0.00025056892
0.000249662
0.00024875794
0.00024785907
0.00024696439
0.00024607159
0.00024518604
0.00024430331
0.00024342167
0.00024254929
0.00024167945
0.00024080973
0.00023994666
0.00023909531
0.00023823862
0.00023738774
0.00023654549
0.00023573982
0.00023490859
0.00023412545
0.00023345062
0.00023253748
5.4738711e-05
2.9167291e-05
3.2349827e-05
3.0526983e-05
3.8919228e-05
4.9847308e-05
7.7058473e-05
0.0001078931
0.00015443371
0.00020317539
0.00026295198
0.00031336421
0.00034924415
0.00037531665
0.00039596027
0.00041244854
0.00042633496
0.00043757041
0.00044678021
0.00045456778
0.0004611138
0.00046666007
0.0004716673
0.00047588827
0.00047940489
0.00048237723
0.00048487503
0.00048703969
0.00048892945
0.00049037947
0.00049154277
0.00049240264
0.00049312956
0.00049360162
0.00049390003
0.0004939803
0.00049393669
0.00049378059
0.00049345464
0.00049302862
0.00049250616
0.00049190372
0.00049118052
0.00049039085
0.00048955127
0.00048864331
0.000487663
0.0004866458
0.00048558705
0.00048447639
0.00048333074
0.00048215283
0.00048093969
0.00047970702
0.00047843849
0.0004771531
0.00047585438
0.00047452239
0.00047318544
0.00047183441
0.00047046529
0.00046908928
0.00046770179
0.0004663084
0.00046490312
0.00046350086
0.00046208409
0.00046066801
0.00045924775
0.00045782254
0.00045639701
0.0004549695
0.0004535408
0.00045211228
0.00045068305
0.00044925578
0.00044782648
0.00044640087
0.00044497746
0.00044355064
0.00044213313
0.0004407156
0.00043929389
0.00043788634
0.00043647894
0.00043506645
0.00043366185
0.00043227782
0.00043087769
0.00042948456
0.00042809865
0.00042678703
0.00042539963
0.00042413102
0.00042294677
0.00042143344
0.00059742895
0.0001815682
7.0526996e-05
5.2006194e-05
4.5697477e-05
3.7475603e-05
3.6147807e-05
4.1209278e-05
5.6859628e-05
8.4260385e-05
0.00012705162
0.00019035524
0.00026071234
0.00031630215
0.00036720842
0.00041460783
0.00045505054
0.00048456322
0.00050951484
0.00053106994
0.00055015284
0.00056686676
0.00058217054
0.00059552936
0.00060726839
0.00061770597
0.00062697823
0.00063539252
0.00064303651
0.00064964654
0.00065555616
0.00066071969
0.00066544648
0.00066952997
0.00067316366
0.00067624824
0.00067897099
0.00068134802
0.00068329772
0.00068496609
0.00068634241
0.00068747162
0.00068828959
0.00068890461
0.00068934269
0.00068957757
0.0006896106
0.00068950794
0.00068926534
0.00068886886
0.00068835164
0.00068772257
0.00068697999
0.00068615478
0.00068521917
0.00068421228
0.00068314165
0.00068197251
0.00068076064
0.00067948977
0.00067815462
0.00067677794
0.00067535247
0.0006738901
0.00067238082
0.0006708543
0.00066927782
0.00066768214
0.00066605844
0.00066440641
0.00066273583
0.00066104418
0.00065933386
0.00065760818
0.000655866
0.0006541133
0.00065234283
0.00065056625
0.00064878121
0.0006469774
0.00064517972
0.00064337074
0.00064154301
0.00063973176
0.0006379104
0.00063607024
0.00063423517
0.00063242871
0.00063058298
0.00062874222
0.00062689934
0.00062518224
0.00062329461
0.00062163803
0.00061995892
0.00061790523
0.0006664789
0.00060344909
0.00046119086
0.00028048283
0.00015229104
0.00010445217
7.5117697e-05
5.7297376e-05
4.6587977e-05
4.3643471e-05
5.0853621e-05
7.0649095e-05
0.00011593603
0.00017524617
0.00024682589
0.00030414637
0.0003620532
0.0004178766
0.00047012187
0.0005165587
0.00055945633
0.00059814141
0.00063379762
0.00066076818
0.00068497508
0.0007069355
0.00072690899
0.00074525218
0.00076207989
0.00077710166
0.00079080499
0.00080313338
0.00081457856
0.00082481761
0.000834196
0.00084252235
0.00085013369
0.00085703289
0.00086312352
0.00086865471
0.00087357864
0.00087799151
0.00088180234
0.00088519425
0.00088819721
0.00089077957
0.00089295594
0.00089483083
0.00089640309
0.00089765591
0.00089864415
0.00089938779
0.00089988864
0.00090019668
0.00090027191
0.00090018224
0.00089993904
0.00089949113
0.00089893161
0.0008982346
0.00089739502
0.00089645178
0.00089539488
0.00089424496
0.00089298814
0.00089167403
0.0008902502
0.00088876951
0.00088721781
0.00088559621
0.00088392203
0.00088219178
0.0008804108
0.00087858529
0.00087671419
0.00087480847
0.00087285662
0.00087087886
0.00086887198
0.00086681931
0.00086476302
0.00086267464
0.00086054238
0.00085842517
0.00085627904
0.00085409078
0.00085189972
0.00084974429
0.0008475132
0.00084528091
0.00084302914
0.00084096944
0.0008386001
0.00083661356
0.00083442717
0.00083185448
0.00067532858
0.00066510243
0.00063182281
0.00054831563
0.00040906182
0.00032574509
0.0002306866
0.00017168757
0.00012709801
9.4930764e-05
7.120477e-05
5.9099632e-05
5.6584091e-05
6.9788718e-05
0.00010750099
0.00016265887
0.00023726306
0.00029380183
0.00035288304
0.00041355651
0.00047358341
0.0005299051
0.00058479185
0.00063586574
0.00068273427
0.00072573429
0.00076555068
0.0008023389
0.00083390882
0.0008605609
0.00088521007
0.0009077526
0.00092891421
0.00094808941
0.00096579433
0.00098189972
0.00099680883
0.0010105043
0.0010228879
0.0010343347
0.0010447361
0.0010542652
0.0010627937
0.001070605
0.0010777218
0.001084109
0.0010898037
0.0010949573
0.0010995731
0.00110363
0.0011072121
0.0011103564
0.0011130691
0.0011154225
0.0011173652
0.0011190033
0.0011203497
0.0011213372
0.0011221067
0.0011226192
0.0011228721
0.0011229256
0.0011227671
0.0011224281
0.0011218922
0.0011212335
0.0011203759
0.0011194017
0.0011182895
0.0011170434
0.0011156909
0.0011142273
0.0011126627
0.0011110073
0.0011092605
0.0011074404
0.00110553
0.001103561
0.0011015298
0.0010994112
0.0010972705
0.0010950651
0.0010927778
0.0010904984
0.0010881608
0.001085746
0.0010833138
0.0010809219
0.0010784027
0.0010758705
0.0010732921
0.0010709867
0.0010681846
0.0010659573
0.0010632778
0.0010602465
0.0006769636
0.00067459228
0.00066853112
0.00065092529
0.00060248499
0.000552537
0.00046500769
0.00039562445
0.00031799205
0.00026796814
0.00019798593
0.00015375726
0.00010926934
8.3576945e-05
6.8997789e-05
7.42908e-05
0.00010118312
0.00015399412
0.00022299256
0.00028875744
0.00034694047
0.00040870784
0.00047418243
0.00053839914
0.00060121738
0.00066217995
0.00072028262
0.00077520421
0.00082697818
0.00087482505
0.00091921704
0.00096025598
0.00099896233
0.001030821
0.0010595571
0.0010860743
0.0011108756
0.0011338398
0.001154882
0.0011744324
0.0011925093
0.001209216
0.0012244131
0.0012385202
0.0012515313
0.0012634062
0.0012742168
0.0012841719
0.0012932757
0.0013014982
0.0013089649
0.001315735
0.0013218179
0.0013273106
0.001332153
0.0013364994
0.0013403588
0.0013436512
0.0013465757
0.0013490752
0.0013511532
0.0013528968
0.0013542903
0.0013553783
0.0013561446
0.0013566916
0.0013569156
0.0013569369
0.0013567241
0.0013562865
0.0013556649
0.0013548528
0.0013538677
0.0013527247
0.0013514239
0.0013499934
0.0013484094
0.0013467185
0.0013449166
0.0013429688
0.0013409688
0.0013388575
0.0013366105
0.0013343569
0.0013320033
0.0013295234
0.0013270028
0.0013245236
0.0013218478
0.00131914
0.0013163486
0.0013139256
0.0013107674
0.0013084177
0.0013052816
0.00130189
0.00067645385
0.00067647558
0.00067481004
0.00067132225
0.00066165973
0.00064572449
0.00061093484
0.00057794797
0.00051771492
0.00047645013
0.00040084645
0.00035027394
0.00027966372
0.00021744653
0.00015287405
0.00011229529
8.6795737e-05
8.1939541e-05
9.9359919e-05
0.00014537563
0.0002105202
0.00029204373
0.00034787317
0.00040997148
0.00047772626
0.00054697691
0.00061537745
0.00068420066
0.00075182052
0.00081708496
0.00087959972
0.00093876091
0.0009950651
0.0010472714
0.0010959575
0.0011410617
0.0011835012
0.001220156
0.0012522727
0.0012823101
0.0013103964
0.0013364981
0.0013605149
0.0013829625
0.0014038205
0.0014230878
0.0014408128
0.0014573009
0.0014725397
0.001486486
0.0014993263
0.0015111422
0.0015219418
0.001531851
0.0015408039
0.0015490128
0.0015564749
0.0015631018
0.0015691633
0.0015745759
0.0015793539
0.0015836181
0.0015873486
0.0015906047
0.0015933746
0.0015957916
0.0015977213
0.0015993314
0.0016005772
0.0016014754
0.0016020842
0.001602394
0.001602433
0.0016022222
0.0016017629
0.0016010966
0.0016001906
0.0015991104
0.0015978525
0.0015963689
0.0015947897
0.0015930354
0.0015910736
0.0015890805
0.001586931
0.0015845897
0.0015821735
0.0015797949
0.0015771305
0.001574406
0.0015715478
0.0015691684
0.0015657593
0.0015634366
0.0015599019
0.0015562899
0.00067633049
0.00067644527
0.00067563498
0.0006753841
0.00067273539
0.00066895538
0.00066038176
0.00064889542
0.00062411034
0.00060318364
0.00056401899
0.00052532929
0.00048000524
0.00041128789
0.00035478788
0.0002737501
0.00020076587
0.00014447095
0.00010843096
9.2980685e-05
0.00010149425
0.0001403069
0.00020209843
0.00028242533
0.00035474015
0.00041665834
0.00048484433
0.00055833544
0.00063195601
0.00070735306
0.00078294249
0.00085679861
0.00092893773
0.00099855906
0.0010653437
0.001128482
0.0011885559
0.0012447497
0.0012969274
0.001345687
0.0013915542
0.00143013
0.0014651879
0.0014981865
0.00152902
0.0015577129
0.0015843366
0.0016092813
0.0016324253
0.0016538705
0.0016737645
0.0016922342
0.0017092815
0.001725067
0.0017395212
0.0017529248
0.0017652494
0.0017764072
0.0017867511
0.0017961592
0.0018046631
0.0018124249
0.0018194172
0.0018257167
0.0018313215
0.0018363966
0.0018407741
0.0018446804
0.001848052
0.0018509168
0.0018533545
0.0018553506
0.0018569482
0.0018581752
0.0018590341
0.0018595842
0.0018597816
0.0018597151
0.0018593825
0.0018587205
0.0018579023
0.0018568257
0.0018554485
0.0018540027
0.0018523269
0.0018503746
0.0018483
0.0018462528
0.001843808
0.0018412639
0.0018385211
0.0018363823
0.0018328591
0.0018307478
0.0018268943
0.0018232491
0.00067634516
0.00067637051
0.00067566493
0.00067568922
0.00067469296
0.00067414001
0.00067158243
0.00066815065
0.00066190913
0.00065293602
0.0006398242
0.0006181714
0.00059879384
0.00056107556
0.00052954173
0.00046694343
0.00041002631
0.00032344212
0.00024596481
0.00017871303
0.00013360778
0.00010731819
0.00010759326
0.00013662397
0.00019579687
0.00027476024
0.00036811518
0.00042960691
0.00049853669
0.00057439679
0.00065284773
0.00073288825
0.00081546341
0.00089724013
0.00097859714
0.0010578217
0.0011346424
0.0012084702
0.0012790591
0.0013459377
0.0014093633
0.0014686127
0.0015235678
0.0015753357
0.0016216469
0.0016618784
0.0016994969
0.0017349627
0.0017679733
0.0017988222
0.0018276518
0.0018545149
0.0018795088
0.0019028247
0.0019243483
0.001944456
0.0019630752
0.0019801311
0.0019960723
0.0020107205
0.002024135
0.0020365266
0.0020478551
0.0020582173
0.0020676283
0.0020762834
0.0020839794
0.0020910136
0.0020972966
0.0021028722
0.0021078467
0.002112197
0.0021159874
0.0021192528
0.0021219971
0.0021243026
0.0021261111
0.0021275396
0.0021285889
0.0021291766
0.0021295278
0.0021295141
0.0021290819
0.0021285287
0.0021276519
0.002126392
0.002124946
0.0021235089
0.0021215372
0.0021194134
0.0021170085
0.0021153482
0.0021118831
0.0021102072
0.0021061384
0.0021027011
0.00067641363
0.00067626072
0.00067575474
0.00067553152
0.00067501414
0.00067461682
0.000673957
0.00067283041
0.00067123769
0.00066794769
0.0006639614
0.00065649201
0.00064845591
0.00063270041
0.00061842575
0.00059005211
0.00056307471
0.0005064873
0.00045219454
0.00036953883
0.00028837476
0.00021456847
0.00015952399
0.00012482888
0.00011614621
0.00013505193
0.00019322265
0.00027179016
0.00036870922
0.00044739195
0.00051781157
0.00059522946
0.00067845416
0.00076224616
0.00085144599
0.00094099243
0.0010308087
0.0011194085
0.0012062377
0.0012901335
0.0013708242
0.0014484404
0.0015220352
0.001591996
0.001657685
0.0017190187
0.0017763049
0.0018291837
0.0018740979
0.0019163814
0.0019561414
0.0019933107
0.0020281134
0.0020607719
0.0020911047
0.0021195561
0.0021460949
0.0021705864
0.0021936123
0.0022149105
0.0022345849
0.0022529011
0.0022697966
0.0022853941
0.0022997321
0.0023130327
0.0023250568
0.002336186
0.0023462951
0.0023554501
0.0023637893
0.0023712764
0.0023780037
0.0023840137
0.0023893109
0.0023940073
0.0023980266
0.0024015194
0.0024044912
0.0024068363
0.0024088415
0.0024103488
0.0024112911
0.0024120414
0.002412352
0.0024121471
0.002411673
0.0024111796
0.0024099858
0.0024085707
0.0024067719
0.0024058738
0.002402679
0.0024017081
0.0023975532
0.002394627
0.00067648336
0.00067615955
0.00067583593
0.0006754065
0.00067510475
0.00067454779
0.00067428564
0.0006735159
0.00067314507
0.0006718124
0.00067074491
0.00066814807
0.00066495311
0.00065986589
0.00065384799
0.00064296534
0.00063170834
0.00060950812
0.0005859965
0.00054244153
0.00048041192
0.00041554878
0.00032755697
0.00025020053
0.00018633649
0.00014523359
0.00012688599
0.00013930547
0.00019162784
0.00027136958
0.00037134753
0.00047058342
0.00054288559
0.00062202786
0.00070923482
0.00079809476
0.00089280218
0.00098953108
0.0010875239
0.0011851677
0.0012812593
0.0013753541
0.001466468
0.0015541854
0.0016381329
0.0017185659
0.0017945789
0.0018666865
0.0019336112
0.0019964828
0.0020542904
0.0021037627
0.0021503634
0.0021943036
0.002235318
0.002273948
0.0023101661
0.0023438219
0.0023755471
0.0024050686
0.0024325324
0.0024582344
0.0024820893
0.0025042548
0.0025247983
0.0025439626
0.0025614729
0.0025778096
0.0025927988
0.0026065372
0.0026192002
0.0026307316
0.0026412616
0.0026508387
0.0026594677
0.0026672981
0.00267423
0.0026804545
0.0026859832
0.0026906831
0.0026949125
0.0026984804
0.0027013048
0.0027038437
0.0027058009
0.0027070814
0.0027079862
0.0027088314
0.0027087787
0.002708416
0.0027075428
0.002707743
0.0027050763
0.0027051318
0.0027010487
0.0026990076
0.0006765171
0.00067610978
0.00067585835
0.00067536114
0.00067510761
0.00067452311
0.00067427652
0.00067360853
0.0006733413
0.00067254887
0.00067210957
0.00067099846
0.00067001902
0.00066794711
0.00066586217
0.00066179742
0.00065711479
0.00064987116
0.00064007037
0.00062553013
0.0006001819
0.00056818213
0.00050874618
0.00045283767
0.00036518249
0.00028562321
0.00021631792
0.0001661832
0.00013996612
0.00014619943
0.00019213436
0.00027483535
0.00037815293
0.00049430223
0.00057366896
0.0006555483
0.00074597142
0.00083992461
0.00093980607
0.0010437897
0.0011491499
0.0012558597
0.0013617307
0.0014657504
0.0015670858
0.0016654891
0.0017598249
0.0018504632
0.0019369809
0.0020192302
0.002096932
0.0021693017
0.0022372482
0.002298632
0.0023522989
0.0024030741
0.002450864
0.0024955318
0.0025377665
0.0025772395
0.0026141995
0.0026488756
0.0026812445
0.0027114871
0.0027396772
0.0027660825
0.0027903934
0.0028132053
0.0028342773
0.0028537486
0.0028718363
0.002888456
0.0029037869
0.0029178813
0.0029307436
0.0029425695
0.0029532292
0.0029629617
0.0029717869
0.0029795384
0.0029866582
0.0029929183
0.0029982195
0.0030031159
0.0030072587
0.0030105311
0.0030132939
0.0030159425
0.00301746
0.0030185561
0.0030189868
0.0030206803
0.0030188514
0.0030203137
0.0030164923
0.0030157915
0.00067651577
0.0006761023
0.00067584002
0.00067536098
0.00067506987
0.00067453721
0.00067422057
0.00067364409
0.00067329452
0.00067267497
0.0006722664
0.00067156542
0.00067101493
0.00067008016
0.00066911292
0.00066768888
0.00066566207
0.00066320612
0.00065899918
0.00065380177
0.00064579385
0.0006342622
0.00061219712
0.00058729927
0.00053490553
0.00048356248
0.00040127312
0.00031694081
0.00024618821
0.00018719629
0.00015464073
0.00015485351
0.00019599872
0.00028181153
0.0003901376
0.00051270607
0.00060902603
0.00069466733
0.00078862471
0.00088827442
0.00099236766
0.0011039451
0.001217214
0.0013330032
0.0014485755
0.0015629742
0.0016748216
0.0017835882
0.0018887556
0.0019899248
0.0020866853
0.0021793455
0.0022671948
0.0023501296
0.0024273122
0.0025001689
0.0025635177
0.0026211614
0.0026758506
0.0027271391
0.0027754312
0.0028208574
0.002863454
0.0029034628
0.0029408513
0.0029760619
0.0030086502
0.0030393666
0.0030678801
0.0030943888
0.0031191542
0.0031420521
0.0031633261
0.0031830267
0.0032011575
0.0032179707
0.0032332983
0.0032474357
0.0032604127
0.0032720237
0.003282807
0.0032924931
0.0033009639
0.0033088801
0.0033158377
0.0033216943
0.0033268752
0.0033318708
0.0033354626
0.0033384945
0.0033406735
0.0033443225
0.0033436998
0.0033470163
0.003343683
0.0033448698
0.00067649631
0.00067611504
0.00067580694
0.00067537729
0.0006750257
0.00067455936
0.00067416704
0.00067367259
0.00067323469
0.00067271596
0.00067222307
0.0006716832
0.00067110932
0.00067053424
0.00066979487
0.00066911035
0.00066803895
0.0006669885
0.0006653153
0.00066324873
0.00066032171
0.00065584891
0.00064903591
0.00063994399
0.00062226746
0.00060141344
0.00055729524
0.00050706076
0.00043312736
0.00034441773
0.00027436298
0.00020792408
0.00016997109
0.00016487525
0.00020421774
0.00029123592
0.00040618751
0.0005361235
0.00064979274
0.00074004854
0.00083765336
0.00094319644
0.0010521616
0.0011713409
0.0012926897
0.0014178383
0.0015434496
0.0016682096
0.0017909459
0.0019105636
0.0020263265
0.0021383378
0.0022456278
0.0023485757
0.0024466956
0.0025400159
0.0026274281
0.0027090828
0.0027851266
0.0028501945
0.0029117855
0.0029698712
0.0030245569
0.0030761505
0.0031244933
0.0031702147
0.0032127427
0.0032529219
0.0032903962
0.0033254208
0.003358276
0.0033887974
0.0034173104
0.0034438554
0.0034684347
0.0034913688
0.0035124404
0.0035320117
0.0035501239
0.0035665248
0.003581863
0.003595823
0.0036082654
0.0036199683
0.0036304703
0.0036395998
0.0036478502
0.0036558249
0.0036620793
0.0036676044
0.0036720504
0.0036781929
0.003679212
0.0036849053
0.0036823282
0.0036860539
0.00067647565
0.00067612942
0.0006757769
0.00067539109
0.00067498956
0.00067457436
0.00067412696
0.00067368919
0.00067319201
0.00067273389
0.00067218065
0.00067170697
0.00067108942
0.00067059944
0.00066990229
0.00066937164
0.00066856426
0.00066791242
0.00066690877
0.00066597154
0.00066450403
0.00066296652
0.00066029536
0.00065703857
0.00065107427
0.00064364656
0.00063024503
0.00061156072
0.00057633136
0.00052337094
0.00045979912
0.00037052388
0.00029911115
0.00022858285
0.00018483725
0.00017614451
0.00021469684
0.00030430348
0.00042749512
0.00056546176
0.00069727864
0.00079220561
0.00089393873
0.0010054496
0.0011198358
0.0012468283
0.0013768122
0.0015115303
0.0016475029
0.0017829867
0.0019166857
0.0020474326
0.002174237
0.0022969684
0.0024151763
0.0025284825
0.0026372073
0.0027405253
0.0028386513
0.0029299243
0.0030160422
0.0030913093
0.0031600697
0.0032252024
0.0032863979
0.0033444921
0.0033987537
0.0034501507
0.0034982702
0.0035434668
0.0035859362
0.0036256153
0.0036628257
0.003697611
0.0037299739
0.0037603146
0.0037883539
0.0038145323
0.0038389022
0.0038611578
0.0038820731
0.0039012802
0.0039186173
0.00393499
0.0039498782
0.003963077
0.0039751501
0.0039868355
0.0039964354
0.0040051012
0.0040124171
0.0040216763
0.0040248486
0.0040335259
0.0040320212
0.0040390538
0.00067646209
0.0006761381
0.00067575701
0.00067539672
0.00067496661
0.00067457858
0.00067410299
0.00067369246
0.00067316832
0.00067273567
0.00067215846
0.00067170622
0.00067107152
0.00067060026
0.00066990157
0.00066940926
0.00066863249
0.00066811236
0.00066721523
0.00066665032
0.00066552574
0.00066485699
0.00066327617
0.00066227389
0.00065959959
0.00065748844
0.00065226967
0.00064579442
0.00063557871
0.00061867599
0.00058927239
0.00053930931
0.00048079546
0.00039515509
0.00032055539
0.00024756438
0.00019922151
0.00018818144
0.00022784258
0.0003215722
0.00045499378
0.00060179443
0.00075099858
0.00085120393
0.00095771504
0.0010754298
0.0011963541
0.0013313757
0.0014703578
0.0016150136
0.0017616567
0.0019082216
0.0020532919
0.0021953563
0.0023336676
0.0024673383
0.0025966659
0.0027208325
0.0028398945
0.0029538222
0.0030622486
0.0031637241
0.0032589073
0.0033459623
0.0034220251
0.0034944936
0.0035624209
0.0036269465
0.0036875503
0.0037447183
0.0037985389
0.0038490652
0.0038965919
0.0039411535
0.0039828168
0.004022012
0.0040583999
0.0040925136
0.0041244147
0.0041537361
0.0041813932
0.0042069585
0.0042302467
0.0042523006
0.0042725408
0.0042907252
0.0043074877
0.0043237261
0.0043374608
0.0043500158
0.0043608983
0.0043739935
0.0043799164
0.0043922788
0.004392219
0.0044034563
0.00067645843
0.00067613997
0.00067574885
0.00067539435
0.00067495714
0.00067457334
0.00067409411
0.00067368474
0.00067316117
0.0006727252
0.00067215398
0.00067169227
0.0006710703
0.00067058259
0.00066990501
0.00066939142
0.00066865126
0.00066811186
0.00066729688
0.00066672565
0.00066581485
0.00066518076
0.00066413961
0.00066334154
0.00066209295
0.00066079759
0.0006591324
0.00065641693
0.00065321484
0.00064699623
0.00063844262
0.00062363552
0.00059818121
0.00055356503
0.00049844409
0.00041627736
0.00033901701
0.00026483681
0.00021271045
0.00020092261
0.00024378687
0.00034418491
0.00048908957
0.00064576976
0.0008110897
0.00091718505
0.0010294401
0.0011536572
0.0012817775
0.0014254457
0.0015738923
0.0017290397
0.0018869121
0.0020450593
0.0022020496
0.0023557506
0.0025058319
0.0026511204
0.002791382
0.0029267682
0.0030566665
0.0031811534
0.0032998062
0.0034120652
0.0035165897
0.0036154996
0.0036991342
0.0037788387
0.0038539079
0.0039250025
0.0039920714
0.0040552877
0.0041149237
0.0041709888
0.0042236472
0.0042732762
0.0043195611
0.0043631142
0.0044039812
0.004441737
0.004477455
0.0045106395
0.004541081
0.0045699681
0.0045966629
0.0046208815
0.0046433259
0.004665083
0.0046838595
0.0047011656
0.0047164162
0.0047341742
0.0047435424
0.0047603946
0.0047622183
0.0047787014
0.00067646397
0.0006761372
0.00067575116
0.00067538668
0.00067495921
0.00067456202
0.00067409781
0.00067366993
0.00067316783
0.00067270633
0.00067216486
0.00067166806
0.00067108688
0.00067055105
0.00066992981
0.00066934943
0.00066868974
0.00066805621
0.00066736354
0.00066666046
0.00066594646
0.00066514183
0.00066442593
0.00066345848
0.00066276309
0.00066151338
0.00066081185
0.00065906414
0.00065807814
0.00065526482
0.00065311381
0.00064734312
0.00063984303
0.00062696006
0.00060489245
0.00056561878
0.00051223653
0.00043414283
0.00035477741
0.00027992435
0.00022525571
0.00021433664
0.00026300785
0.00037287043
0.00053038178
0.00069803412
0.00087571536
0.00099020595
0.0011091297
0.0012406112
0.0013764743
0.0015295976
0.0016885225
0.0018548659
0.0020246204
0.0021948126
0.0023640996
0.002530104
0.0026920368
0.0028492355
0.0030010948
0.0031477344
0.0032887401
0.0034240121
0.003553158
0.0036765065
0.0037908029
0.0038990937
0.003992654
0.0040797692
0.0041621295
0.0042400359
0.004313737
0.0043832005
0.004448697
0.0045105454
0.0045684579
0.0046231148
0.004674526
0.0047222702
0.0047675337
0.0048097598
0.0048487148
0.0048857401
0.0049201414
0.0049515883
0.0049808452
0.0050092232
0.0050340794
0.0050571238
0.0050776607
0.0051010283
0.0051146458
0.0051369059
0.005141131
0.0051640563
0.00067647593
0.00067613431
0.00067576027
0.00067537926
0.00067496817
0.00067455124
0.00067410821
0.000673656
0.0006731807
0.00067268906
0.00067218109
0.00067164679
0.00067110726
0.00067052494
0.00066995518
0.00066931765
0.0006687211
0.0006680185
0.00066740114
0.00066662036
0.00066599123
0.0006651149
0.00066448401
0.00066349085
0.00066286276
0.00066173068
0.00066108367
0.00065978626
0.00065903008
0.00065747773
0.00065633318
0.00065422625
0.00065171933
0.00064744182
0.00064045266
0.00062908653
0.00060962063
0.00057511834
0.00052311388
0.00044830557
0.00036809412
0.00029244155
0.00023677233
0.00022867046
0.00028613362
0.00040852098
0.00057934973
0.00075895228
0.00094881289
0.0010711404
0.0011974189
0.0013368526
0.0014819594
0.0016451293
0.0018153907
0.0019935942
0.0021757827
0.0023587542
0.0025406655
0.0027194008
0.0028937914
0.0030631722
0.0032270108
0.0033851253
0.0035374779
0.0036839145
0.0038240449
0.0039578147
0.0040824495
0.0042000836
0.0043039351
0.0043986712
0.0044885431
0.0045734593
0.0046538037
0.0047298281
0.0048012641
0.0048688671
0.0049326071
0.0049920592
0.0050485059
0.0051013732
0.005150376
0.0051970091
0.0052405311
0.0052805589
0.0053179099
0.0053541609
0.0053862785
0.0054161875
0.0054430576
0.0054731152
0.0054919085
0.0055206183
0.0055278571
0.0055585881
0.0006764907
0.00067613668
0.00067577194
0.00067537831
0.00067497889
0.00067454843
0.0006741191
0.00067365206
0.00067319224
0.00067268449
0.00067219332
0.00067164208
0.00067111973
0.00067052087
0.00066996705
0.0006693157
0.00066873017
0.00066802156
0.00066740373
0.00066663366
0.00066598165
0.00066514805
0.00066445667
0.00066356113
0.00066281782
0.0006618686
0.00066104733
0.00066005974
0.00065911354
0.00065809881
0.00065693295
0.00065585653
0.00065426002
0.00065281345
0.00065004403
0.00064696155
0.00064033265
0.00063015383
0.00061273455
0.00058161026
0.00053170253
0.00045900424
0.00037880684
0.00030229106
0.00024745061
0.00024438204
0.00031430251
0.00045147668
0.00063724228
0.00082951573
0.0010326174
0.0011608335
0.001295361
0.0014431833
0.0015988567
0.0017728224
0.0019553013
0.0021462681
0.0023415048
0.0025379502
0.0027331091
0.0029250627
0.0031123599
0.0032942798
0.0034703858
0.0036403347
0.0038044619
0.0039623069
0.0041134352
0.0042578866
0.0043931808
0.0045203918
0.0046344642
0.0047370288
0.0048343854
0.0049267056
0.0050137325
0.0050962991
0.0051743274
0.005247382
0.0053168494
0.0053821644
0.0054428652
0.0055007797
0.0055550103
0.005605143
0.0056520331
0.0056975727
0.0057382905
0.0057763429
0.0058107352
0.0058487109
0.0058737431
0.0059100771
0.0059210573
0.005961132
0.00067650739
0.00067614745
0.00067578562
0.0006753876
0.00067499152
0.0006745579
0.00067413148
0.00067366278
0.00067320459
0.00067269749
0.0006722055
0.00067165834
0.00067113114
0.00067054169
0.00066997675
0.00066934298
0.00066873697
0.0006680577
0.00066740604
0.00066668142
0.00066597758
0.00066520982
0.00066444478
0.00066363943
0.00066279992
0.00066196642
0.00066103412
0.00066018435
0.00065913642
0.00065828073
0.00065708864
0.00065622321
0.00065484272
0.00065391559
0.00065220176
0.00065094924
0.00064836891
0.00064566594
0.00063986123
0.00063036311
0.00061446109
0.00058553736
0.00053806709
0.0004666809
0.00038673005
0.00030971398
0.00025759798
0.00026219612
0.00034879463
0.00050285194
0.00070530075
0.00091097546
0.0011229419
0.0012594214
0.0014033424
0.0015601583
0.0017278013
0.0019135508
0.002109308
0.0023139879
0.0025230956
0.0027337118
0.0029426973
0.0031484248
0.0033490608
0.0035438276
0.0037325379
0.0039149284
0.0040909531
0.0042605638
0.0044230451
0.0045783812
0.0047246995
0.0048617378
0.0049854544
0.0050963359
0.0052011811
0.0053008963
0.0053953493
0.0054840812
0.0055685906
0.0056483192
0.0057226073
0.0057936406
0.0058603829
0.0059222527
0.005980341
0.0060367619
0.0060875889
0.0061352301
0.0061784886
0.006225803
0.0062582301
0.0063035334
0.006319123
0.0063702566
0.00067652935
0.00067616724
0.00067580772
0.00067540918
0.00067501567
0.00067458295
0.00067415868
0.00067369243
0.00067323538
0.0006727327
0.00067224025
0.00067169986
0.0006711699
0.00067059039
0.00067001956
0.0006693995
0.00066878403
0.00066812248
0.0006674579
0.00066675443
0.00066603548
0.00066529026
0.00066451101
0.00066372471
0.00066287889
0.000662052
0.00066113403
0.00066026538
0.00065927169
0.00065835726
0.00065728621
0.00065631601
0.00065516622
0.00065411479
0.00065288097
0.00065167236
0.00065029305
0.000648672
0.00064678205
0.00064368669
0.00063920184
0.00062997582
0.0006150563
0.0005879013
0.00054210668
0.00047201225
0.00039159363
0.00031515846
0.00026787314
0.00028311926
0.0003910517
0.00056443608
0.00078400024
0.0010040555
0.001222021
0.001367551
0.001522005
0.0016887003
0.0018698998
0.0020683857
0.0022786772
0.0024979383
0.0027217842
0.0029473717
0.0031708163
0.0033906053
0.0036049947
0.0038133985
0.0040151159
0.004210355
0.00439869
0.0045802107
0.0047546425
0.0049211726
0.0050782895
0.0052256875
0.0053585043
0.0054777033
0.0055908832
0.0056975411
0.0057992949
0.0058955909
0.0059855446
0.0060717213
0.0061529414
0.0062284552
0.006299524
0.0063686771
0.0064311971
0.0064901048
0.0065437432
0.0066020552
0.0066430799
0.0066989354
0.0067201186
0.0067842258
0.00067656182
0.0006761969
0.0006758493
0.00067544844
0.00067506847
0.00067463324
0.00067422396
0.00067375476
0.00067331418
0.00067280782
0.00067233343
0.00067178806
0.00067127821
0.00067069156
0.00067014403
0.0006695134
0.00066892597
0.00066824853
0.00066761908
0.00066689163
0.00066621828
0.00066543702
0.00066471855
0.00066387867
0.00066311503
0.00066221017
0.00066140285
0.00066042516
0.00065957811
0.00065851666
0.00065763658
0.00065647498
0.00065557454
0.00065428832
0.00065338447
0.00065193757
0.00065104223
0.00064936752
0.00064844401
0.00064634745
0.0006450524
0.00064168418
0.00063815955
0.00062915377
0.00061480632
0.0005891267
0.00054413556
0.00047547426
0.00039369418
0.00031902738
0.00027923763
0.00030848474
0.00044282838
0.00063724108
0.00087423796
0.0011105868
0.0013312321
0.001486401
0.001652466
0.0018297631
0.0020263518
0.0022384222
0.0024646225
0.0026994886
0.002938858
0.0031799182
0.0034186755
0.0036534942
0.0038822257
0.0041046932
0.0043199015
0.0045280835
0.0047294102
0.0049231469
0.0051094268
0.0052878426
0.0054555571
0.0056133221
0.0057556968
0.0058826866
0.0060040583
0.0061192572
0.0062271423
0.0063306801
0.0064285403
0.0065197906
0.0066058433
0.0066897219
0.0067658265
0.0068377848
0.0069035087
0.0069747651
0.0070255961
0.0070938934
0.007121718
0.0072009825
0.00067660655
0.00067623848
0.00067591774
0.00067551288
0.00067516303
0.00067472212
0.00067434636
0.00067386916
0.000673466
0.00067294853
0.00067251606
0.00067195542
0.00067149292
0.00067088572
0.00067039211
0.00066973434
0.00066920884
0.00066849595
0.00066793829
0.00066716483
0.0006665753
0.00066573509
0.00066511476
0.00066420061
0.00066355154
0.00066255486
0.00066188087
0.00066079089
0.00066009762
0.00065890183
0.00065819725
0.00065688047
0.00065617506
0.00065471954
0.00065402661
0.00065241074
0.00065174517
0.00064994222
0.00064930744
0.00064727948
0.00064663914
0.00064423066
0.00064330902
0.00063979029
0.00063689286
0.00062810486
0.00061395862
0.00058953118
0.00054471899
0.00047717573
0.00039354549
0.00032180106
0.00029279462
0.00033995726
0.0005052926
0.00072404051
0.00097730958
0.0012313568
0.0014514492
0.0016168443
0.0017958899
0.0019845473
0.0021983669
0.0024251521
0.0026679814
0.0029199109
0.0031763185
0.0034339024
0.0036885957
0.0039388648
0.0041825352
0.004419159
0.0046485175
0.0048698757
0.0050841131
0.0052909869
0.0054891342
0.0056795265
0.0058589229
0.0060263959
0.0061775129
0.0063141169
0.0064423773
0.0065656818
0.0066825395
0.0067918212
0.0068950602
0.0069958579
0.00708763
0.0071746969
0.0072542624
0.0073407649
0.0074027588
0.0074856415
0.0075211619
0.0076181106
0.00067665902
0.00067629232
0.0006760084
0.00067560423
0.00067529495
0.00067485329
0.00067452191
0.00067404197
0.00067368739
0.00067316467
0.00067278536
0.00067221624
0.00067181191
0.00067119237
0.00067076254
0.00067008773
0.00066963223
0.00066889686
0.00066841578
0.00066761413
0.00066710797
0.00066623335
0.00066570343
0.00066474809
0.00066419673
0.00066315182
0.00066258227
0.00066143784
0.00066085437
0.00065959924
0.00065900738
0.00065762907
0.00065703563
0.00065552043
0.00065493343
0.00065326663
0.00065269472
0.00065086035
0.00065031316
0.00064829074
0.00064777218
0.00064553766
0.00064501211
0.00064245255
0.00064168393
0.00063815543
0.00063554945
0.00062700263
0.00061273785
0.00058935721
0.00054421969
0.00047591793
0.00039152702
0.00032461631
0.00030977964
0.00038645428
0.00057957494
0.00082511652
0.001094453
0.0013679485
0.0015838763
0.0017604271
0.001953346
0.0021547467
0.0023860812
0.0026313036
0.0028921957
0.0031621639
0.0034362177
0.0037108162
0.0039822477
0.0042481367
0.0045073035
0.0047582943
0.0050017983
0.005237519
0.0054648113
0.0056849871
0.0058964317
0.006098071
0.0062887769
0.0064680504
0.0066257403
0.0067713915
0.0069097904
0.0070395972
0.0071624236
0.0072825439
0.007392278
0.0074966938
0.0075921136
0.0076963304
0.0077710883
0.007870987
0.0079152559
0.0080327831
0.00067671178
0.00067635438
0.00067610769
0.0006757133
0.00067544462
0.00067501273
0.00067472514
0.0006742547
0.00067394731
0.00067343368
0.00067310502
0.00067254435
0.00067219418
0.00067158226
0.00067121002
0.00067054212
0.00067014747
0.0006694184
0.00066900126
0.00066820502
0.0006677658
0.00066689587
0.00066643531
0.00066548452
0.00066500373
0.00066396418
0.00066346485
0.00066232792
0.00066181234
0.0006605687
0.00066003972
0.00065867934
0.00065814037
0.00065665273
0.0006561076
0.00065448185
0.00065393469
0.00065215985
0.00065161465
0.00064968025
0.00064913897
0.00064703245
0.00064649816
0.00064420074
0.00064363993
0.00064107991
0.00064026786
0.00063686208
0.00063423584
0.00062595516
0.00061128357
0.00058853513
0.00054231439
0.00047251762
0.00038953963
0.00032827721
0.00033299795
0.00044676766
0.00066836988
0.0009421957
0.0012275543
0.0015214985
0.0017296147
0.0019187718
0.0021254221
0.0023454437
0.0025937114
0.0028587792
0.003138388
0.003427235
0.0037200491
0.0040119794
0.0043006332
0.0045826361
0.0048575175
0.0051243095
0.0053821385
0.0056323739
0.0058742707
0.0061069675
0.0063315623
0.0065468563
0.0067469827
0.0069373609
0.0071046351
0.0072576479
0.0074026526
0.0075447069
0.0076749094
0.0077991314
0.0079126963
0.0080371344
0.0081265564
0.0082462301
0.0083004113
0.0084417201
0.00067675923
0.00067641835
0.00067620223
0.00067582611
0.00067559063
0.00067517851
0.00067492643
0.00067447724
0.00067420771
0.000673717
0.0006734285
0.00067289254
0.00067258461
0.00067199951
0.00067167144
0.00067103259
0.00067068379
0.00066998626
0.0006696163
0.00066885466
0.00066846318
0.00066763154
0.0006672184
0.00066631038
0.00066587563
0.00066488429
0.00066442821
0.00066334618
0.00066286928
0.00066168872
0.00066119172
0.00065990441
0.00065938816
0.00065798568
0.00065745106
0.00065592494
0.0006553727
0.00065371481
0.00065314518
0.00065134814
0.00065076041
0.00064881781
0.00064820888
0.00064611673
0.00064547968
0.00064322594
0.00064253229
0.00064007528
0.00063909182
0.00063588599
0.00063301003
0.00062495022
0.00060956271
0.00058712085
0.00053948936
0.00046779631
0.00038674556
0.00033544512
0.00036448107
0.00052332467
0.00077390681
0.0010763736
0.0013790113
0.0016925207
0.0018905641
0.002094194
0.0023138912
0.002555786
0.0028216576
0.0031081969
0.0034079659
0.0037161456
0.0040285685
0.0043391307
0.0046454818
0.0049451757
0.0052359004
0.0055184943
0.0057921945
0.0060561409
0.0063125734
0.0065605336
0.0067965892
0.0070247344
0.0072385571
0.0074379683
0.0076099319
0.007776729
0.0079301118
0.0080768123
0.0082110265
0.0083583863
0.0084646417
0.008607072
0.0086725332
0.0088411435
0.00067679922
0.00067647912
0.00067628447
0.00067593168
0.00067571957
0.00067533324
0.000675106
0.00067468518
0.00067444201
0.00067398262
0.00067372194
0.00067322052
0.00067294173
0.00067239472
0.00067209691
0.00067150019
0.00067118247
0.00067053161
0.00067019314
0.00066948329
0.00066912323
0.00066834917
0.00066796673
0.00066712281
0.00066671725
0.00066579741
0.00066536803
0.00066436584
0.00066391201
0.00066282067
0.00066234174
0.00066115418
0.00066064947
0.00065935842
0.00065882713
0.00065742533
0.00065686638
0.00065534679
0.0006547586
0.00065311475
0.00065249491
0.00065072144
0.000650066
0.00064815935
0.00064746216
0.00064542201
0.00064466854
0.00064248804
0.00064165602
0.00063929495
0.0006381655
0.00063506151
0.00063197226
0.00062370169
0.00060802023
0.00058351084
0.00053386148
0.00046015574
0.00038309181
0.00034813598
0.00040707076
0.00061823155
0.00089951928
0.0012280962
0.0015513155
0.0018583069
0.0020648428
0.0022860286
0.0025201358
0.0027863444
0.0030715627
0.0033799582
0.0037024481
0.0040321976
0.0043646686
0.0046954318
0.005019526
0.0053366361
0.0056448114
0.005942461
0.0062319643
0.0065127064
0.0067821071
0.0070443443
0.0072969187
0.0075357847
0.0077580531
0.0079724496
0.0081519122
0.0083239699
0.0084815477
0.0086547487
0.0087803207
0.0089485368
0.0090269722
0.0092267487
0.00067683219
0.00067653406
0.00067635265
0.00067602462
0.00067582703
0.00067546825
0.00067525642
0.00067486607
0.00067463923
0.00067421368
0.00067397024
0.00067350636
0.00067324561
0.00067274025
0.00067246118
0.00067191068
0.00067161224
0.00067101267
0.00067069383
0.0006700409
0.00066970055
0.00066898962
0.00066862666
0.00066785272
0.00066746602
0.00066662366
0.00066621209
0.00066529553
0.00066485794
0.00066386104
0.00066339624
0.00066231249
0.00066181927
0.00066064185
0.00066011892
0.00065884075
0.00065828673
0.00065690055
0.00065631394
0.00065481241
0.00065419148
0.00065256731
0.00065191011
0.00065015616
0.0006494605
0.00064756987
0.00064683382
0.00064479745
0.00064401771
0.00064181879
0.00064098674
0.00063854734
0.00063750051
0.00063417471
0.00063114017
0.0006216791
0.00060574821
0.00057856744
0.00052623543
0.00045079809
0.00038043818
0.00036869581
0.00047048197
0.00073189022
0.0010490256
0.0013966347
0.0017439031
0.002035449
0.0022557922
0.0024954212
0.0027465583
0.0030369021
0.0033479757
0.0036798512
0.0040251316
0.0043779831
0.0047305646
0.005081032
0.0054248774
0.0057588096
0.0060843374
0.0064004815
0.0067042348
0.0070004464
0.0072883537
0.0075628788
0.007826306
0.0080839896
0.0083178453
0.0085342663
0.0087181191
0.0089202827
0.0090679974
0.0092650016
0.0093583667
0.0095937939
0.00067685967
0.00067658258
0.0006764082
0.00067610388
0.00067591416
0.00067558177
0.00067537828
0.00067501714
0.00067479916
0.00067440604
0.00067417202
0.00067374411
0.00067349328
0.00067302781
0.00067275912
0.00067225281
0.00067196525
0.00067141463
0.0006711071
0.00067050835
0.00067017969
0.00066952865
0.00066917772
0.00066846988
0.00066809551
0.00066732595
0.00066692695
0.00066609035
0.00066566558
0.00066475617
0.00066430452
0.00066331601
0.00066283647
0.00066176205
0.00066125373
0.00066008596
0.00065954822
0.00065827896
0.00065771155
0.00065633175
0.00065573507
0.00065423451
0.00065361002
0.00065197677
0.00065132783
0.0006495473
0.00064888061
0.00064693377
0.00064626132
0.00064412095
0.00064346343
0.00064108783
0.00064045633
0.0006377286
0.00063699007
0.00063316192
0.00063020135
0.00061928395
0.00060319389
0.00057311556
0.00051722039
0.00044120797
0.00038130852
0.00040079434
0.00056430726
0.00086539012
0.0012195924
0.0015859309
0.0019579551
0.0022289628
0.0024662607
0.0027235801
0.003002016
0.0033144502
0.0036518788
0.0040089004
0.0043772963
0.0047530819
0.0051286783
0.0054984024
0.0058618853
0.0062164433
0.0065575937
0.0068904121
0.0072143525
0.0075243028
0.0078245403
0.0081208374
0.0083988774
0.0086622979
0.0089032524
0.0091484419
0.009321404
0.0095503168
0.0096608073
0.0099368264
0.00067688315
0.00067662519
0.00067645355
0.00067617073
0.00067598424
0.00067567576
0.00067547566
0.00067514092
0.00067492654
0.0006745627
0.00067433254
0.00067393706
0.00067369031
0.00067326069
0.00067299641
0.00067252976
0.0006722469
0.00067174012
0.00067143763
0.0006708873
0.00067056409
0.00066996647
0.00066962147
0.00066897247
0.00066860462
0.00066789972
0.000667508
0.00066674228
0.00066632576
0.00066549375
0.00066505166
0.00066414729
0.00066367904
0.00066269553
0.00066220091
0.00066113058
0.00066060987
0.00065944395
0.00065889824
0.00065762648
0.00065705804
0.00065566828
0.00065508121
0.00065355856
0.00065295975
0.00065128553
0.00065068607
0.00064883615
0.00064825333
0.00064619586
0.00064565554
0.00064334852
0.00064288725
0.00064026803
0.00063991304
0.0006368397
0.00063645062
0.00063198866
0.00062918347
0.00061663282
0.00060059647
0.00056699179
0.00050651996
0.00043287504
0.00038978393
0.00044925671
0.00068422655
0.0010223431
0.0014119785
0.0017998994
0.0021950164
0.0024425448
0.0026997959
0.0029740945
0.0032824735
0.0036190325
0.0039836579
0.0043674505
0.0047627091
0.0051610376
0.0055596091
0.0059527136
0.0063336759
0.0067065777
0.007069808
0.0074178913
0.0077552226
0.0080892313
0.008406249
0.0087109128
0.0089978068
0.0092962541
0.0095336731
0.0097976986
0.0099278201
0.010249686
0.00067690359
0.00067666289
0.00067649079
0.00067622727
0.00067604053
0.00067575351
0.00067555303
0.00067524198
0.00067502711
0.0006746895
0.00067445878
0.0006740923
0.00067384493
0.0006734474
0.00067318238
0.00067275124
0.00067246755
0.00067200004
0.00067169666
0.00067118974
0.00067086561
0.00067031595
0.00066997003
0.00066937399
0.0006690053
0.00066835884
0.00066796643
0.00066726512
0.00066684819
0.00066608706
0.00066564499
0.00066481848
0.0006643509
0.0006634527
0.00066295965
0.00066198256
0.00066146464
0.00066040027
0.00065985893
0.0006586974
0.00065813529
0.00065686475
0.00065628629
0.00065489227
0.00065430438
0.00065276888
0.00065218206
0.00065048234
0.00064991215
0.00064801907
0.0006474881
0.00064536363
0.00064490484
0.00064249784
0.0006421578
0.00063938911
0.00063921161
0.00063590263
0.00063573489
0.00063072268
0.0006280229
0.00061365081
0.00059772061
0.00055984558
0.00049450629
0.00042693148
0.00041041188
0.00052017596
0.00083086108
0.0012087369
0.0016278165
0.0020408529
0.0024149807
0.002674576
0.0029534821
0.003248622
0.0035881596
0.0039545196
0.0043490632
0.0047597139
0.005181926
0.005607061
0.0060259861
0.006440162
0.0068457639
0.0072359179
0.0076136899
0.0079877701
0.0083435408
0.0086876999
0.0090145709
0.0093596049
0.0096492749
0.009954165
0.010152393
0.010525503
0.00067692147
0.00067669649
0.00067652132
0.00067627554
0.00067608559
0.00067581831
0.00067561415
0.00067532491
0.00067510588
0.0006747925
0.00067455714
0.00067421757
0.00067396495
0.00067359727
0.00067332636
0.00067292834
0.00067263806
0.00067220732
0.00067189654
0.00067143049
0.00067109807
0.00067059386
0.00067023864
0.00066969319
0.00066931404
0.00066872395
0.00066831977
0.00066768132
0.0006672511
0.00066656019
0.00066610301
0.00066535507
0.00066487019
0.00066406008
0.00066354701
0.00066266893
0.00066212755
0.00066117486
0.00066060552
0.00065957055
0.00065897432
0.00065784808
0.000657227
0.00065599884
0.00065535626
0.00065401348
0.00065335453
0.00065188177
0.000651214
0.00064959254
0.00064892675
0.00064713345
0.00064648499
0.00064449072
0.0006438814
0.00064164822
0.00064110693
0.000638576
0.00063810571
0.00063514975
0.00063444689
0.00062990449
0.0006257962
0.0006115063
0.00059242881
0.00054985322
0.00048133876
0.00042440091
0.00044688883
0.00063579691
0.0010030135
0.0014251444
0.0018660391
0.0023072332
0.0026492177
0.0029294319
0.0032303336
0.0035561532
0.0039254755
0.0043241324
0.0047483088
0.0051899802
0.0056369322
0.0060872657
0.0065343661
0.0069687799
0.0073906165
0.0078087505
0.0082066469
0.0085923344
0.0089584357
0.009347402
0.0096795807
0.010028861
0.010303651
0.010746757
0.00067693665
0.00067672658
0.00067654602
0.00067631709
0.00067612125
0.0006758728
0.00067566197
0.00067539361
0.00067516701
0.00067487689
0.00067463302
0.00067431936
0.00067405714
0.00067371832
0.00067343657
0.00067307076
0.0006727682
0.00067237344
0.00067204876
0.00067162295
0.00067127474
0.00067081562
0.00067044244
0.00066994762
0.00066954794
0.00066901484
0.00066858711
0.00066801298
0.00066755559
0.00066693751
0.0006664488
0.00066578362
0.00066526187
0.00066454624
0.00066398969
0.00066322
0.00066262682
0.00066179922
0.00066116747
0.00066027786
0.00065960545
0.00065864952
0.00065793415
0.00065690744
0.00065614637
0.00065504448
0.00065423427
0.0006530532
0.00065218917
0.00065092598
0.00065000124
0.00064865525
0.00064765901
0.00064623412
0.00064514829
0.00064365786
0.0006424499
0.00064092698
0.00063953062
0.00063804061
0.00063627659
0.00063492003
0.00063212589
0.00062993835
0.00062218639
0.00060867622
0.00058576132
0.00053757047
0.00046971344
0.00043246066
0.00050688269
0.0007906392
0.0012036911
0.0016680036
0.0021327382
0.0026019475
0.0029076687
0.0032106831
0.0035347704
0.0038971267
0.0042944673
0.0047296818
0.0051842856
0.0056560128
0.006135783
0.0066107715
0.0070766473
0.0075415989
0.0079860742
0.0084175968
0.0088260687
0.0092604385
0.0096324831
0.010028435
0.010348582
0.010868295
0.00067694903
0.00067675311
0.00067656554
0.0006763526
0.00067614904
0.00067591848
0.0006756989
0.00067545042
0.00067521393
0.000674946
0.00067469099
0.00067440212
0.00067412731
0.0006738162
0.0006735202
0.00067318541
0.00067286671
0.00067250673
0.00067216371
0.00067177696
0.00067140787
0.00067099273
0.00067059571
0.0006701505
0.00066972352
0.00066924656
0.00066878743
0.00066827703
0.00066778336
0.00066723786
0.00066670702
0.00066612486
0.0006655539
0.00066493365
0.00066431922
0.00066365968
0.00066299791
0.00066229826
0.00066158456
0.00066084454
0.00066007334
0.00065929353
0.00065845788
0.00065764018
0.00065673118
0.00065587945
0.00065488532
0.00065400646
0.0006529112
0.00065201676
0.000650798
0.0006499068
0.00064853244
0.00064767466
0.00064609739
0.00064532157
0.00064347004
0.00064285459
0.00064061892
0.00064028853
0.00063749714
0.00063762956
0.00063398673
0.00063475006
0.00062949211
0.00062974675
0.0006178877
0.00060548262
0.00057796691
0.00052344115
0.00046362836
0.00045746545
0.00059878273
0.00098121583
0.0014397041
0.0019395763
0.0024320311
0.0028828286
0.003191322
0.0035186416
0.0038661646
0.0042704056
0.0047033664
0.0051719971
0.0056653532
0.0061672011
0.0066691785
0.0071786102
0.007671454
0.0081524768
0.008607911
0.009092021
0.0095066044
0.0099524955
0.010304126
0.010901463
0.00067695888
0.00067677536
0.00067658077
0.00067638184
0.00067617055
0.00067595569
0.00067572735
0.00067549633
0.00067524992
0.00067500151
0.00067473533
0.00067446828
0.00067418087
0.00067389415
0.00067358392
0.00067327642
0.00067294164
0.00067261223
0.00067225102
0.00067189858
0.00067150887
0.0006711323
0.00067071186
0.00067031011
0.00066985646
0.00066942856
0.00066893897
0.00066848412
0.00066795554
0.00066747312
0.00066690214
0.00066639182
0.0006657745
0.00066523637
0.00066456817
0.00066400284
0.00066327841
0.00066268727
0.00066190018
0.00066128567
0.00066042807
0.00065979405
0.00065885618
0.00065820854
0.000657178
0.00065652546
0.00065538622
0.00065474142
0.00065347242
0.0006528536
0.00065142669
0.00065085998
0.0006492371
0.00064875972
0.00064688891
0.00064655376
0.00064436389
0.00064424573
0.00064163983
0.00064184215
0.00063869067
0.00063934578
0.00063548493
0.00063674688
0.00063191873
0.00063389719
0.00062725971
0.00062840305
0.00061372437
0.00060151797
0.00056867735
0.00050914101
0.0004633263
0.00050523685
0.00075095738
0.0012034501
0.0017119186
0.002238561
0.0027628872
0.0031676457
0.0034991241
0.0038567847
0.0042416468
0.004677951
0.0051572017
0.0056602998
0.0061801236
0.0067225906
0.0072582039
0.0077875275
0.0082923863
0.0088307691
0.0092930475
0.009793746
0.010175062
0.010850662
0.00067696664
0.00067679232
0.00067659271
0.00067640417
0.00067618738
0.00067598414
0.0006757496
0.00067553142
0.00067527805
0.00067504391
0.00067476997
0.00067451878
0.00067422269
0.00067395361
0.00067363369
0.00067334579
0.00067300017
0.00067269258
0.00067231926
0.00067199109
0.00067158786
0.00067123833
0.00067080277
0.00067043115
0.00066996062
0.00066956632
0.00066905788
0.00066864052
0.00066809091
0.00066765034
0.00066705589
0.00066659232
0.00066594884
0.00066546294
0.00066476563
0.00066425864
0.00066350192
0.00066297586
0.00066215313
0.00066161105
0.00066071442
0.00066016073
0.00065918065
0.0006586215
0.00065754626
0.00065699012
0.0006558052
0.00065526353
0.00065395077
0.00065343892
0.00065197548
0.0006515137
0.00064987087
0.00064948542
0.00064762735
0.00064735166
0.00064523433
0.00064510997
0.00064268077
0.00064275703
0.00063995641
0.00064028645
0.00063705048
0.00063768266
0.00063395162
0.0006348909
0.00063064086
0.00063164686
0.00062629417
0.0006247001
0.0006113112
0.00059512651
0.00055631269
0.00049723917
0.00047672317
0.00058667468
0.00095485337
0.0014615092
0.0020180763
0.0025715178
0.0031259473
0.0034849737
0.0038408357
0.0042225458
0.0046598841
0.0051303925
0.0056414661
0.0061939991
0.0067552043
0.0073223516
0.0078724459
0.0084656996
0.0089794057
0.0095401287
0.0099552629
0.010712703
0.00067697284
0.00067680316
0.00067660228
0.00067641899
0.00067620093
0.0006760035
0.00067576758
0.0006755557
0.00067530081
0.00067507356
0.00067479804
0.00067455438
0.00067425665
0.00067399575
0.00067367416
0.00067339513
0.00067304788
0.00067274986
0.00067237498
0.00067205712
0.00067165252
0.000671314
0.0006708774
0.00067051748
0.0006700464
0.00066966442
0.00066915616
0.00066875163
0.00066820324
0.00066777584
0.00066718407
0.00066673371
0.00066609496
0.00066562188
0.00066493213
0.00066443693
0.00066369168
0.00066317544
0.00066236958
0.00066183398
0.00066096171
0.00066040912
0.00065946379
0.00065889747
0.00065787147
0.00065729563
0.00065618024
0.00065560014
0.00065438549
0.00065380743
0.0006524825
0.00065191356
0.00065046659
0.00064991386
0.00064833326
0.00064780252
0.00064607879
0.00064557206
0.00064370096
0.00064321234
0.00064120085
0.00064070785
0.00063858393
0.00063803399
0.00063586643
0.00063514702
0.00063307075
0.00063195173
0.0006301901
0.00062808688
0.00062614237
0.00061980621
0.00060840342
0.00058740155
0.00054156823
0.00049387177
0.00051403157
0.00071944035
0.0012039802
0.0017618375
0.0023563334
0.0029443849
0.0034601207
0.0038252219
0.0042174726
0.0046297913
0.0051037146
0.0056332059
0.0061904582
0.0067735535
0.007353696
0.0079935704
0.0085561475
0.0091792936
0.0096321514
0.010477828
0.00067697771
0.00067680804
0.00067661
0.00067642672
0.00067621202
0.00067601448
0.00067578241
0.00067557019
0.00067531971
0.00067509184
0.00067482143
0.00067457684
0.00067428505
0.00067402278
0.00067370811
0.00067342715
0.000673088
0.00067278732
0.00067242199
0.00067210056
0.00067170722
0.00067136399
0.00067094072
0.00067057464
0.0006701194
0.00066972945
0.00066924009
0.00066882526
0.00066829952
0.00066785885
0.00066729436
0.00066682694
0.00066622121
0.00066572619
0.00066507662
0.00066455322
0.00066385712
0.0006633046
0.00066255921
0.00066197686
0.0006611794
0.00066056648
0.00065971427
0.0006590699
0.00065816048
0.00065748343
0.0006565149
0.00065580318
0.0006547746
0.00065402494
0.00065293702
0.00065214381
0.00065100011
0.00065015389
0.00064896262
0.00064804784
0.00064682467
0.00064581658
0.0006445894
0.00064344761
0.00064226307
0.00064092316
0.00063985688
0.00063821741
0.00063738736
0.00063529473
0.00063488434
0.00063210141
0.00063237839
0.00062854888
0.00062983837
0.0006241487
0.0006260923
0.0006138599
0.00060499552
0.00057849582
0.00052778127
0.00050159641
0.00058524479
0.00092890631
0.0014886238
0.0021068707
0.0027301856
0.0033486191
0.0038094329
0.0042028358
0.0046191112
0.0050937705
0.0056109171
0.0061793403
0.0067612686
0.0074271048
0.0080250059
0.0087056052
0.0091936908
0.010133115
0.00067698118
0.00067680833
0.00067661586
0.00067642902
0.0006762207
0.00067601911
0.00067579423
0.0006755773
0.00067533494
0.00067510162
0.00067484045
0.00067458955
0.00067430828
0.00067403868
0.00067373602
0.00067344655
0.00067312114
0.00067281053
0.00067246096
0.00067212792
0.00067175273
0.00067139586
0.00067099355
0.00067061142
0.00067018046
0.00066977157
0.00066931041
0.00066887316
0.00066838032
0.00066791302
0.00066738702
0.00066688789
0.00066632734
0.00066579444
0.00066519812
0.00066462929
0.00066399617
0.00066338903
0.00066271838
0.00066207015
0.00066136173
0.00066066913
0.00065992335
0.00065918235
0.00065840059
0.0006576061
0.00065679107
0.00065593646
0.00065509285
0.00065416917
0.00065330438
0.00065229936
0.00065142472
0.00065032131
0.00064945369
0.00064822818
0.00064739238
0.00064601193
0.00064524356
0.00064366286
0.00064301318
0.0006411675
0.00064070897
0.00063850816
0.00063833948
0.00063566341
0.00063591875
0.00063260732
0.00063345238
0.00062930632
0.00063094869
0.00062571091
0.00062832013
0.00062142184
0.00062369791
0.00061026974
0.0005983516
0.00056638127
0.00051949587
0.00052955687
0.00070251103
0.0012038713
0.001822383
0.0024844278
0.0031479247
0.0037889312
0.0041886318
0.0046210127
0.0050726782
0.0055956016
0.0061412179
0.0068006012
0.00740717
0.008128588
0.0086375621
0.0096688395
0.0006769831
0.00067680629
0.00067661971
0.00067642847
0.00067622683
0.00067602029
0.00067580292
0.00067558033
0.00067534636
0.00067510662
0.00067485489
0.00067459671
0.00067432608
0.00067404822
0.00067375754
0.00067345867
0.00067314678
0.00067282549
0.00067249119
0.00067214598
0.00067178805
0.00067141732
0.00067103457
0.00067063661
0.00067022786
0.00066980085
0.00066936496
0.00066890694
0.00066844288
0.00066795173
0.00066745859
0.00066693202
0.00066640904
0.00066584452
0.00066529123
0.00066468593
0.00066410214
0.00066345289
0.00066283886
0.000662142
0.00066149858
0.00066074986
0.00066007865
0.00065927304
0.00065857668
0.00065770808
0.00065699056
0.00065605143
0.00065531837
0.00065429941
0.00065355861
0.00065244803
0.00065171005
0.00065049292
0.00064977179
0.00064842931
0.00064774341
0.0006462525
0.00064562502
0.00064395773
0.00064341729
0.00064153943
0.00064112033
0.00063899201
0.00063873235
0.00063631169
0.00063625059
0.00063350136
0.00063365691
0.00063057539
0.0006309128
0.00062756907
0.00062791459
0.0006245482
0.00062439648
0.00062115492
0.00061797284
0.00060759797
0.00059094189
0.00055251486
0.00052534572
0.0005915093
0.00090894637
0.0015206849
0.0022066731
0.0029126266
0.003595575
0.0041749585
0.0046099459
0.0050747521
0.0055530907
0.0061682713
0.0067471074
0.0074793204
0.0079810367
0.0090872085
0.00067698361
0.0006768047
0.00067662164
0.00067642811
0.00067623046
0.0006760214
0.00067580843
0.000675583
0.00067535388
0.00067511098
0.0006748646
0.00067460293
0.00067433821
0.00067405649
0.00067377234
0.0006734692
0.00067316451
0.0006728385
0.00067251215
0.00067216174
0.00067181259
0.00067143614
0.00067106306
0.00067065883
0.00067026072
0.00066982684
0.00066940267
0.00066893715
0.00066848596
0.00066798667
0.00066750762
0.00066697224
0.00066646467
0.00066589069
0.0006653541
0.00066473879
0.00066417294
0.00066351335
0.00066291831
0.00066221116
0.00066158739
0.00066082908
0.00066017749
0.00065936407
0.00065868611
0.0006578132
0.00065711096
0.00065617367
0.00065544995
0.00065444272
0.000653701
0.00065261766
0.000651862
0.00065069587
0.00064993073
0.00064867505
0.00064790495
0.00064655366
0.00064578259
0.00064433128
0.00064356096
0.00064200923
0.00064123407
0.00063958925
0.00063879234
0.00063707935
0.00063622181
0.00063449446
0.00063349181
0.00063185406
0.00063056518
0.0006292077
0.00062738349
0.00062661364
0.0006238634
0.00062408169
0.00061977384
0.00062100376
0.00061157088
0.00060440595
0.00058272675
0.00054222126
0.0005485524
0.0007031951
0.0012033871
0.0018962528
0.0026263668
0.0033777695
0.0041081117
0.0046021369
0.0050463486
0.0055893393
0.0061071714
0.0068098972
0.0072679586
0.0084105436
0.00067698344
0.0006768053
0.00067662244
0.00067642986
0.00067623241
0.00067602449
0.00067581167
0.00067558754
0.00067535848
0.00067511706
0.00067487067
0.00067461074
0.00067434588
0.0006740662
0.00067378175
0.00067348103
0.0006731758
0.00067285269
0.00067252549
0.00067217856
0.00067182815
0.00067145588
0.00067108104
0.00067068185
0.00067028131
0.00066985355
0.00066942608
0.00066896802
0.00066851242
0.00066802223
0.00066753735
0.00066701315
0.00066649789
0.00066593769
0.00066539107
0.00066479279
0.0006642139
0.00066357541
0.00066296348
0.00066228255
0.00066163693
0.00066091135
0.00066023151
0.0006594591
0.00065874461
0.00065792333
0.00065717367
0.00065630179
0.00065551625
0.00065459252
0.00065376982
0.00065279381
0.00065193168
0.00065090429
0.00064999877
0.00064892318
0.00064796788
0.00064685088
0.00064583557
0.00064468891
0.00064359786
0.00064243883
0.00064124927
0.00064010499
0.00063878068
0.00063769538
0.00063618114
0.00063522309
0.0006334284
0.00063270481
0.00063049709
0.00063016078
0.00062736326
0.00062760501
0.00062400582
0.00062505407
0.00062041276
0.00062244058
0.00061640366
0.00061868101
0.0006077002
0.00059800186
0.00057126035
0.00054365794
0.0006048551
0.00089742362
0.0015550675
0.0023230271
0.0031123738
0.0038902861
0.0045599455
0.0050843134
0.0055433333
0.006182129
0.0065669898
0.0076836291
0.00067698346
0.00067680822
0.00067662308
0.00067643385
0.00067623383
0.00067602972
0.00067581393
0.00067559412
0.00067536161
0.0006751251
0.00067487471
0.00067462039
0.0006743509
0.00067407764
0.00067378783
0.00067349445
0.00067318302
0.00067286831
0.00067253393
0.00067219662
0.0006718379
0.00067147667
0.0006710922
0.00067070569
0.00067029399
0.00066988081
0.00066944041
0.00066899912
0.00066852852
0.00066805765
0.00066755534
0.00066705342
0.00066651789
0.00066598343
0.00066541318
0.0006648447
0.00066423824
0.0006636343
0.00066299013
0.00066234938
0.00066166598
0.00066098723
0.00066026302
0.00065954535
0.00065877859
0.00065802151
0.00065721016
0.00065641378
0.00065555523
0.00065472053
0.00065381125
0.00065294039
0.00065197547
0.00065107234
0.00065004501
0.00064911583
0.000648017
0.00064707116
0.00064588893
0.00064493934
0.00064365835
0.00064272112
0.00064132163
0.00064041727
0.00063887386
0.00063803135
0.00063631032
0.00063556903
0.00063361992
0.00063303253
0.00063079892
0.00063042273
0.0006278621
0.00062772434
0.00062483031
0.00062490021
0.000621735
0.00062188916
0.00061864633
0.00061846924
0.00061547149
0.00061319532
0.00060479049
0.00059115912
0.00056067151
0.00056994259
0.00070851611
0.001209118
0.001977483
0.0028063474
0.0036010268
0.0044843657
0.0050225874
0.0056389996
0.0059489496
0.0069652728
0.00067698438
0.00067681251
0.00067662448
0.00067643906
0.00067623581
0.000676036
0.00067581658
0.00067560155
0.00067536493
0.00067513377
0.00067487875
0.00067463041
0.00067435572
0.00067408913
0.00067379347
0.00067350756
0.00067318955
0.0006728832
0.00067254141
0.00067221346
0.0006718464
0.00067149568
0.00067110179
0.00067072708
0.00067030477
0.00066990483
0.00066945246
0.00066902606
0.00066854196
0.00066808781
0.0006675703
0.00066708714
0.00066653453
0.00066602109
0.00066543169
0.00066488671
0.00066425883
0.0006636811
0.00066301307
0.00066240147
0.0006616916
0.00066104518
0.00066029172
0.00065960978
0.00065881086
0.00065809305
0.00065724664
0.00065649302
0.00065559676
0.00065480798
0.000653859
0.00065303634
0.0006520311
0.00065117671
0.00065011092
0.00064922789
0.00064809676
0.00064718922
0.00064598771
0.00064506005
0.00064378355
0.00064283915
0.00064148468
0.00064052469
0.00063909222
0.00063811551
0.00063660724
0.00063561129
0.00063402782
0.00063300659
0.00063135573
0.00063029461
0.00062859928
0.00062746211
0.00062578808
0.0006244819
0.00062297062
0.0006212972
0.00062021604
0.00061780541
0.00061758311
0.00061391164
0.00061467984
0.00060729487
0.00060128488
0.00058413754
0.00055998397
0.00062088753
0.00089247942
0.0016166174
0.0024166103
0.0033733485
0.0041500197
0.0051037902
0.005406597
0.0063068825
0.00067698634
0.00067681641
0.00067662689
0.00067644367
0.00067623879
0.00067604143
0.00067582019
0.00067560787
0.00067536921
0.00067514102
0.00067488372
0.00067463867
0.00067436144
0.00067409849
0.0006738
0.0006735181
0.00067319696
0.00067289501
0.00067254977
0.00067222664
0.00067185579
0.00067151032
0.0006711123
0.00067074331
0.00067031651
0.00066992277
0.00066946557
0.00066904582
0.00066855657
0.00066810955
0.0006675866
0.00066711099
0.00066655273
0.0006660472
0.00066545206
0.00066491523
0.00066428171
0.00066371218
0.00066303888
0.00066243523
0.00066172088
0.00066108169
0.00066032516
0.00065964903
0.00065884934
0.00065813495
0.00065729125
0.00065653736
0.0006556489
0.00065485434
0.00065392049
0.00065308404
0.00065210452
0.00065122458
0.00065019969
0.0006492742
0.00064820541
0.00064723118
0.00064612211
0.00064509371
0.00064395126
0.00064285894
0.00064169475
0.0006405231
0.00063935471
0.00063808396
0.00063693511
0.00063554063
0.00063443425
0.0006328943
0.00063185117
0.00063014632
0.00062918785
0.00062729422
0.00062645456
0.00062431782
0.00062367359
0.00062117161
0.00062090131
0.00061782902
0.00061814824
0.00061428873
0.00061537889
0.00061054064
0.00061196712
0.00060353822
0.00059552922
0.00057479106
0.00058309925
0.00072585386
0.0011818041
0.0021168443
0.0029238298
0.0040401084
0.0046071047
0.0057018616
0.00067698882
0.00067681881
0.00067662987
0.00067644655
0.00067624237
0.00067604488
0.00067582445
0.00067561193
0.00067537418
0.0006751457
0.00067488946
0.00067464401
0.000674368
0.00067410452
0.00067380747
0.00067352486
0.0006732054
0.00067290255
0.00067255927
0.000672235
0.00067186646
0.00067151955
0.00067112425
0.00067075344
0.00067032986
0.00066993385
0.00066948046
0.0006690579
0.00066857318
0.00066812266
0.00066760513
0.00066712518
0.00066657342
0.0006660625
0.00066547517
0.00066493168
0.00066430759
0.0006637298
0.00066306793
0.00066245404
0.00066175359
0.00066110169
0.00066036211
0.00065967019
0.00065889129
0.00065815717
0.00065733913
0.00065656041
0.00065570387
0.00065487778
0.00065398403
0.00065310719
0.00065217832
0.00065124654
0.00065028597
0.00064929376
0.00064830698
0.000647247
0.00064624218
0.00064510429
0.00064409321
0.00064286292
0.00064186234
0.00064051947
0.00063955244
0.00063807194
0.00063716608
0.00063552132
0.00063470067
0.00063287348
0.00063214297
0.00063014606
0.00062947521
0.00062735774
0.00062668732
0.00062452066
0.00062378731
0.00062161278
0.00062081121
0.00061858899
0.00061777186
0.00061549467
0.00061452125
0.00061255936
0.00061071756
0.00061000922
0.00060535141
0.00060150809
0.00059058326
0.00057360572
0.00063285299
0.00094201554
0.001582532
0.0027460524
0.0033397379
0.0048661597
0.00067699113
0.00067681973
0.00067663267
0.00067644779
0.00067624574
0.0006760465
0.00067582847
0.00067561395
0.00067537889
0.00067514813
0.00067489491
0.00067464685
0.00067437426
0.00067410781
0.00067381459
0.0006735286
0.00067321346
0.00067290676
0.00067256835
0.00067223969
0.00067187665
0.00067152474
0.00067113564
0.00067075915
0.00067034256
0.0006699401
0.0006694946
0.00066906471
0.0006685889
0.00066813007
0.00066762257
0.00066713321
0.00066659276
0.00066607121
0.00066549661
0.00066494112
0.00066433135
0.00066374006
0.00066309427
0.00066246522
0.0006617828
0.00066111391
0.00066039453
0.00065968359
0.00065892727
0.00065817188
0.00065737908
0.00065657656
0.00065574827
0.00065489546
0.00065403347
0.00065312647
0.00065223358
0.0006512675
0.00065034789
0.00064931666
0.00064837634
0.00064727227
0.00064631961
0.00064513274
0.00064417889
0.00064289595
0.00064195593
0.00064055939
0.00063965288
0.00063812246
0.00063727019
0.00063558922
0.00063480051
0.00063297461
0.00063222603
0.00063030359
0.00062952234
0.00062760328
0.00062666691
0.00062488177
0.00062366706
0.00062211973
0.00062056659
0.00061926783
0.0006173967
0.0006163697
0.00061404687
0.00061356912
0.0006104245
0.00061078164
0.00060678105
0.00060745384
0.00060189733
0.00059711016
0.00058453132
0.00060104335
0.00072945605
0.0013981204
0.0019301957
0.0035457161
0.00067699274
0.0006768197
0.00067663469
0.000676448
0.00067624827
0.00067604698
0.00067583155
0.00067561473
0.00067538257
0.00067514921
0.00067489922
0.00067464824
0.00067437925
0.00067410951
0.0006738203
0.00067353064
0.00067321996
0.00067290914
0.00067257569
0.00067224243
0.00067188489
0.00067152786
0.00067114485
0.00067076267
0.00067035283
0.00066994404
0.00066950599
0.00066906912
0.0006686015
0.00066813498
0.00066763647
0.00066713871
0.00066660805
0.00066607738
0.00066551339
0.00066494807
0.00066434972
0.00066374793
0.00066311435
0.00066247419
0.00066180468
0.00066112422
0.00066041831
0.00065969553
0.00065895301
0.00065818582
0.00065740679
0.00065659294
0.00065577794
0.0006549148
0.00065406497
0.00065314946
0.00065226671
0.00065129499
0.0006503824
0.00064934973
0.00064841181
0.00064731257
0.00064635514
0.0006451827
0.000644213
0.00064295895
0.00064198626
0.00064063999
0.00063967642
0.00063822636
0.00063728322
0.00063572295
0.00063479803
0.0006331433
0.00063220407
0.00063051116
0.00062947956
0.00062784955
0.00062661226
0.00062516752
0.0006236095
0.00062244959
0.00062049667
0.00061966355
0.00061730307
0.00061678928
0.00061402221
0.00061390846
0.00061057246
0.0006110266
0.00060707405
0.00060795565
0.00060347512
0.00060481494
0.00059803055
0.00059316109
0.00058297162
0.00066994198
0.00089024669
0.0021274877
0.00067699363
0.00067681938
0.00067663589
0.00067644786
0.00067624984
0.00067604707
0.00067583355
0.00067561508
0.00067538502
0.00067514982
0.00067490215
0.00067464911
0.00067438269
0.00067411066
0.0006738243
0.00067353208
0.00067322453
0.00067291088
0.00067258088
0.0006722445
0.00067189073
0.00067153027
0.0006711514
0.00067076545
0.00067036011
0.00066994725
0.00066951407
0.00066907279
0.00066861041
0.00066813918
0.00066764627
0.00066714352
0.00066661877
0.00066608291
0.00066552507
0.00066495447
0.00066436236
0.00066375539
0.00066312794
0.00066248295
0.00066181922
0.00066113457
0.00066043375
0.00065970785
0.0006589693
0.00065820051
0.00065742384
0.00065661047
0.00065579559
0.0006549358
0.00065408298
0.00065317466
0.00065228474
0.00065132542
0.0006503999
0.00064938677
0.00064842793
0.00064735797
0.00064636867
0.00064523854
0.00064422213
0.00064302804
0.00064198871
0.000640726
0.00063966949
0.00063833312
0.00063726451
0.00063585333
0.00063476843
0.00063329742
0.00063216939
0.00063068276
0.00062945361
0.00062802296
0.00062661673
0.00062531603
0.00062366709
0.00062255548
0.00062062771
0.00061971767
0.00061753175
0.000616789
0.00061434822
0.00061383878
0.00061102848
0.00061080021
0.00060785926
0.00060727949
0.00060507414
0.00060325152
0.00060251414
0.00059880139
0.00059609718
0.00059016542
0.00059811973
0.0011141278
0.000676994
0.0006768191
0.00067663649
0.00067644775
0.00067625071
0.00067604717
0.00067583473
0.00067561539
0.00067538653
0.00067515037
0.00067490401
0.00067464991
0.00067438491
0.00067411172
0.0006738269
0.00067353341
0.00067322754
0.0006729125
0.00067258432
0.00067224642
0.00067189462
0.00067153252
0.00067115576
0.00067076807
0.00067036497
0.00066995027
0.00066951945
0.00066907627
0.00066861634
0.00066814319
0.00066765277
0.00066714813
0.00066662586
0.00066608822
0.00066553278
0.0006649606
0.00066437072
0.00066376249
0.00066313695
0.00066249121
0.00066182886
0.00066114422
0.000660444
0.00065971913
0.00065898012
0.00065821375
0.00065743514
0.00065662604
0.00065580724
0.00065495418
0.00065409479
0.00065319644
0.00065229648
0.00065135123
0.00065041125
0.00064941748
0.00064843844
0.00064739469
0.00064637764
0.00064528282
0.00064422856
0.00064308181
0.00064199127
0.00064079148
0.00063966691
0.00063841226
0.00063725637
0.00063594652
0.00063475705
0.00063340195
0.00063216188
0.00063078818
0.00062946723
0.00062810805
0.00062667772
0.00062536028
0.00062379879
0.00062254517
0.0006208324
0.00061965849
0.00061779827
0.00061668746
0.00061468805
0.00061367794
0.00061146738
0.00061055923
0.0006084095
0.00060696122
0.00060566718
0.00060319589
0.00060279242
0.00059955819
0.00059942086
0.00059582656
0.00059287366
0.00067234872
0.00067699409
0.00067681895
0.00067663673
0.00067644774
0.00067625115
0.00067604734
0.0006758354
0.00067561577
0.00067538745
0.00067515095
0.00067490518
0.00067465071
0.00067438634
0.00067411275
0.00067382861
0.00067353468
0.00067322955
0.00067291404
0.00067258662
0.00067224824
0.00067189724
0.00067153463
0.00067115871
0.0006707705
0.00067036828
0.00066995304
0.00066952313
0.00066907943
0.00066862041
0.00066814678
0.00066765726
0.00066715223
0.0006666308
0.00066609288
0.00066553819
0.00066496592
0.00066437661
0.00066376857
0.00066314336
0.00066249818
0.00066183581
0.00066115221
0.0006604515
0.00065972833
0.00065898815
0.00065822436
0.00065744371
0.00065663831
0.00065581633
0.00065496833
0.00065410443
0.00065321274
0.00065230662
0.00065137012
0.00065042179
0.00064943947
0.00064844923
0.00064742039
0.00064638843
0.00064531303
0.00064423899
0.00064311751
0.0006420009
0.00064083375
0.00063967543
0.00063846201
0.00063726402
0.00063600367
0.00063476597
0.00063346284
0.0006321792
0.00063084566
0.00062950244
0.00062815307
0.00062674281
0.00062538153
0.00062390376
0.00062253796
0.0006209809
0.0006196242
0.00061799159
0.00061662394
0.00061493919
0.00061357084
0.0006117912
0.00061042991
0.00060870187
0.00060704346
0.00060565332
0.00060360245
0.00060261904
0.0005999826
0.00059921201
0.00059717928
0.00059501056
0.0005994352
0.00067699404
0.00067681886
0.0006766368
0.00067644777
0.00067625137
0.00067604753
0.0006758358
0.00067561613
0.00067538804
0.0006751515
0.00067490597
0.00067465145
0.00067438734
0.00067411369
0.00067382983
0.00067353583
0.00067323098
0.0006729154
0.00067258829
0.00067224982
0.00067189915
0.00067153646
0.00067116087
0.00067077259
0.0006703707
0.00066995542
0.00066952584
0.00066908212
0.00066862343
0.00066814982
0.0006676606
0.00066715564
0.0006666345
0.00066609673
0.00066554227
0.00066497026
0.00066438111
0.00066377347
0.0006631483
0.0006625037
0.00066184124
0.00066115846
0.00066045745
0.0006597354
0.00065899467
0.00065823237
0.00065745083
0.0006566474
0.00065582409
0.00065497867
0.00065411283
0.00065322452
0.00065231572
0.00065138351
0.00065043168
0.0006494547
0.00064845995
0.00064743777
0.00064639999
0.00064533294
0.00064425137
0.00064314039
0.00064201413
0.00064086005
0.00063968968
0.00063849196
0.00063727988
0.0006360369
0.00063478492
0.00063349871
0.00063220311
0.00063088167
0.00062953602
0.00062818488
0.00062679151
0.00062540519
0.00062397203
0.00062255274
0.00062106909
0.00061963347
0.00061809828
0.00061662737
0.00061507042
0.00061356487
0.00061194438
0.00061044316
0.00060881671
0.00060717334
0.00060562651
0.00060390945
0.000602455
0.00060037371
0.00059913387
0.00059721162
0.00059577899
0.00059396063
0.00067699394
0.00067681877
0.00067663679
0.00067644779
0.00067625148
0.00067604768
0.00067583605
0.00067561643
0.00067538845
0.00067515196
0.00067490655
0.00067465208
0.00067438809
0.00067411449
0.00067383075
0.0006735368
0.00067323208
0.00067291655
0.00067258958
0.00067225116
0.00067190063
0.000671538
0.00067116255
0.00067077433
0.00067037259
0.00066995738
0.00066952795
0.00066908433
0.00066862579
0.0006681523
0.00066766323
0.00066715841
0.00066663741
0.00066609983
0.00066554549
0.00066497371
0.00066438468
0.00066377733
0.00066315225
0.00066250802
0.00066184561
0.0006611633
0.00066046229
0.00065974082
0.00065900002
0.00065823843
0.00065745675
0.00065665419
0.00065583063
0.00065498628
0.00065412009
0.00065323304
0.00065232376
0.00065139308
0.00065044058
0.00064946546
0.00064846981
0.0006474499
0.00064641091
0.00064534663
0.00064426345
0.00064315586
0.00064202751
0.00064087753
0.00063970459
0.0006385116
0.0006372967
0.00063605876
0.00063480427
0.00063352253
0.00063222612
0.00063090695
0.00062956421
0.00062821058
0.00062682656
0.0006254309
0.00062401494
0.0006225789
0.00062112
0.00061966179
0.00061815651
0.00061665872
0.00061513848
0.00061359739
0.00061202248
0.00061048854
0.00060888521
0.00060725829
0.00060566328
0.00060404323
0.00060249088
0.0006005058
0.00059925197
0.0005971785
0.00059607843
0.00059332481
0.0006769938
0.00067681867
0.00067663673
0.00067644778
0.00067625153
0.00067604777
0.00067583622
0.00067561665
0.00067538875
0.00067515232
0.00067490699
0.00067465258
0.00067438867
0.00067411513
0.00067383148
0.0006735376
0.00067323297
0.0006729175
0.00067259061
0.00067225227
0.00067190182
0.00067153926
0.0006711639
0.00067077576
0.00067037411
0.00066995899
0.00066952965
0.00066908612
0.00066862768
0.00066815429
0.00066766533
0.00066716064
0.00066663975
0.00066610231
0.00066554809
0.00066497647
0.00066438756
0.00066378039
0.00066315544
0.00066251143
0.00066184914
0.00066116709
0.0006604662
0.00065974503
0.00065900436
0.00065824313
0.00065746156
0.00065665942
0.00065583598
0.0006549921
0.00065412602
0.00065323953
0.00065233036
0.00065140032
0.00065044793
0.00064947355
0.00064847799
0.00064745895
0.00064642003
0.00064535677
0.0006442736
0.00064316723
0.00064203884
0.00064089029
0.00063971729
0.00063852589
0.000637311
0.00063607472
0.00063482048
0.00063354027
0.00063224464
0.00063092658
0.0006295855
0.00062823222
0.00062685133
0.00062545448
0.00062404381
0.00062260485
0.0006211529
0.00061969148
0.00061819345
0.0006166929
0.00061518086
0.00061363592
0.00061207091
0.00061053406
0.00060893566
0.00060731603
0.00060571777
0.00060411227
0.00060255173
0.00060058
0.00059934078
0.00059723919
0.00059616133
0.00059334454
0.00067699364
0.00067681854
0.00067663664
0.00067644772
0.00067625152
0.00067604782
0.00067583631
0.00067561681
0.00067538896
0.00067515259
0.00067490732
0.00067465298
0.00067438914
0.00067411566
0.00067383207
0.00067353825
0.00067323368
0.00067291828
0.00067259146
0.00067225318
0.0006719028
0.00067154031
0.00067116501
0.00067077694
0.00067037536
0.00066996031
0.00066953104
0.00066908759
0.00066862922
0.00066815592
0.00066766704
0.00066716244
0.00066664164
0.0006661043
0.00066555018
0.00066497868
0.00066438988
0.00066378285
0.00066315801
0.00066251415
0.00066185198
0.00066117009
0.00066046935
0.00065974837
0.00065900785
0.00065824683
0.00065746543
0.00065666352
0.00065584026
0.00065499666
0.00065413079
0.0006532446
0.00065233566
0.00065140597
0.00065045383
0.00064947984
0.00064848456
0.00064746596
0.00064642735
0.0006453646
0.00064428178
0.00064317599
0.00064204798
0.0006409001
0.00063972751
0.00063853687
0.00063732249
0.000636087
0.00063483341
0.00063355403
0.00063225922
0.00063094201
0.00062960198
0.00062824953
0.00062687003
0.00062547389
0.00062406509
0.00062262675
0.000621177
0.00061971635
0.00061822066
0.00061672113
0.00061521188
0.0006136679
0.00061210608
0.00061057116
0.00060897543
0.00060735854
0.00060576357
0.00060416062
0.00060260292
0.00060063582
0.00059940169
0.00059730043
0.00059622623
0.00059341283
0.00067699347
0.00067681839
0.00067663653
0.00067644764
0.00067625148
0.00067604782
0.00067583636
0.00067561691
0.00067538911
0.0006751528
0.00067490758
0.00067465329
0.0006743895
0.00067411608
0.00067383255
0.00067353879
0.00067323427
0.00067291893
0.00067259216
0.00067225394
0.00067190361
0.00067154117
0.00067116593
0.00067077792
0.00067037639
0.0006699614
0.00066953219
0.0006690888
0.0006686305
0.00066815726
0.00066766845
0.00066716392
0.00066664319
0.00066610593
0.00066555189
0.00066498047
0.00066439176
0.00066378482
0.00066316008
0.00066251633
0.00066185427
0.00066117251
0.00066047188
0.00065975103
0.00065901064
0.00065824977
0.00065746852
0.00065666678
0.00065584369
0.00065500028
0.00065413458
0.00065324862
0.00065233988
0.00065141042
0.00065045852
0.00064948479
0.00064848979
0.00064747148
0.00064643317
0.00064537076
0.00064428826
0.00064318287
0.00064205522
0.00064090779
0.00063973562
0.00063854547
0.00063733157
0.00063609663
0.00063484361
0.00063356483
0.00063227068
0.00063095415
0.00062961487
0.0006282632
0.00062688458
0.00062548926
0.00062408155
0.00062264409
0.00062119559
0.00061973604
0.00061824166
0.00061674344
0.00061523579
0.00061369318
0.00061213319
0.00061060014
0.00060900621
0.00060739143
0.000605799
0.00060419843
0.00060264308
0.00060067952
0.00059944859
0.00059735085
0.00059627888
0.00059347045
0.0006769933
0.00067681824
0.0006766364
0.00067644754
0.00067625141
0.00067604779
0.00067583637
0.00067561696
0.00067538921
0.00067515294
0.00067490777
0.00067465353
0.0006743898
0.00067411642
0.00067383294
0.00067353923
0.00067323476
0.00067291947
0.00067259275
0.00067225457
0.00067190429
0.0006715419
0.00067116671
0.00067077874
0.00067037726
0.00066996232
0.00066953316
0.00066908981
0.00066863156
0.00066815837
0.00066766962
0.00066716514
0.00066664447
0.00066610727
0.00066555329
0.00066498194
0.0006643933
0.00066378643
0.00066316177
0.00066251809
0.00066185612
0.00066117445
0.00066047392
0.00065975317
0.0006590129
0.00065825214
0.000657471
0.0006566694
0.00065584643
0.00065500316
0.00065413761
0.00065325181
0.00065234323
0.00065141396
0.00065046224
0.00064948872
0.00064849393
0.00064747585
0.00064643778
0.00064537562
0.0006442934
0.00064318829
0.00064206094
0.00064091385
0.00063974201
0.00063855225
0.00063733873
0.00063610421
0.00063485165
0.00063357333
0.0006322797
0.00063096371
0.000629625
0.00062827396
0.00062689598
0.00062550137
0.00062409443
0.00062265774
0.00062121013
0.00061975151
0.00061825808
0.00061676095
0.00061525446
0.000613713
0.00061215436
0.0006106228
0.00060903023
0.00060741713
0.00060582655
0.0006042279
0.00060267419
0.00060071332
0.00059948444
0.00059738978
0.0005963195
0.00059351548
0.00067699311
0.00067681808
0.00067663626
0.00067644743
0.00067625133
0.00067604774
0.00067583636
0.00067561698
0.00067538928
0.00067515305
0.00067490792
0.00067465372
0.00067439003
0.0006741167
0.00067383326
0.0006735396
0.00067323518
0.00067291992
0.00067259325
0.00067225511
0.00067190487
0.00067154252
0.00067116737
0.00067077944
0.000670378
0.0006699631
0.00066953398
0.00066909067
0.00066863246
0.00066815931
0.0006676706
0.00066716617
0.00066664554
0.00066610839
0.00066555446
0.00066498316
0.00066439457
0.00066378776
0.00066316316
0.00066251955
0.00066185764
0.00066117603
0.00066047558
0.00065975491
0.00065901471
0.00065825405
0.000657473
0.0006566715
0.00065584863
0.00065500548
0.00065414005
0.00065325436
0.00065234592
0.00065141678
0.00065046522
0.00064949185
0.00064849723
0.00064747932
0.00064644144
0.00064537948
0.00064429747
0.00064319259
0.00064206548
0.00064091864
0.00063974707
0.0006385576
0.00063734439
0.0006361102
0.00063485799
0.00063358003
0.00063228681
0.00063097124
0.00062963297
0.00062828242
0.00062690495
0.00062551089
0.00062410456
0.00062266847
0.00062122155
0.00061976366
0.00061827097
0.0006167747
0.00061526909
0.00061372855
0.00061217094
0.00061064055
0.00060904903
0.00060743725
0.00060584806
0.00060425095
0.00060269847
0.00060073969
0.00059951238
0.00059742008
0.00059635113
0.00059355046
0.00067699293
0.00067681791
0.00067663611
0.00067644731
0.00067625123
0.00067604767
0.00067583632
0.00067561698
0.00067538931
0.00067515312
0.00067490803
0.00067465387
0.00067439022
0.00067411694
0.00067383354
0.00067353991
0.00067323553
0.00067292032
0.00067259368
0.00067225558
0.00067190538
0.00067154306
0.00067116795
0.00067078005
0.00067037865
0.00066996377
0.00066953468
0.00066909141
0.00066863323
0.00066816012
0.00066767144
0.00066716704
0.00066664645
0.00066610933
0.00066555544
0.00066498418
0.00066439563
0.00066378887
0.00066316431
0.00066252075
0.0006618589
0.00066117734
0.00066047694
0.00065975633
0.0006590162
0.0006582556
0.00065747462
0.00065667319
0.00065585041
0.00065500734
0.000654142
0.00065325642
0.00065234808
0.00065141905
0.00065046759
0.00064949435
0.00064849985
0.00064748208
0.00064644435
0.00064538254
0.0006443007
0.000643196
0.00064206907
0.00064092244
0.00063975108
0.00063856183
0.00063734886
0.00063611493
0.000634863
0.00063358532
0.00063229242
0.00063097717
0.00062963926
0.0006282891
0.00062691202
0.00062551839
0.00062411253
0.00062267692
0.00062123053
0.00061977321
0.00061828109
0.0006167855
0.00061528059
0.00061374075
0.00061218395
0.00061065447
0.00060906376
0.00060745302
0.0006058649
0.000604269
0.00060271746
0.00060076031
0.00059953421
0.00059744373
0.00059637581
0.00059357775
0.00067699275
0.00067681775
0.00067663596
0.00067644718
0.00067625113
0.00067604759
0.00067583627
0.00067561696
0.00067538932
0.00067515317
0.00067490812
0.000674654
0.00067439038
0.00067411713
0.00067383377
0.00067354018
0.00067323584
0.00067292066
0.00067259406
0.00067225599
0.00067190582
0.00067154354
0.00067116845
0.00067078059
0.00067037921
0.00066996437
0.00066953531
0.00066909206
0.00066863391
0.00066816082
0.00066767217
0.0006671678
0.00066664724
0.00066611014
0.00066555629
0.00066498506
0.00066439654
0.0006637898
0.00066316529
0.00066252176
0.00066185994
0.00066117843
0.00066047808
0.00065975751
0.00065901743
0.00065825688
0.00065747595
0.00065667458
0.00065585186
0.00065500886
0.00065414358
0.00065325808
0.00065234981
0.00065142087
0.00065046951
0.00064949636
0.00064850196
0.0006474843
0.00064644668
0.00064538499
0.00064430328
0.00064319871
0.00064207193
0.00064092546
0.00063975426
0.00063856519
0.00063735241
0.00063611867
0.00063486696
0.0006335895
0.00063229685
0.00063098186
0.00062964422
0.00062829437
0.00062691759
0.00062552431
0.00062411881
0.00062268357
0.00062123761
0.00061978073
0.00061828906
0.00061679399
0.00061528962
0.00061375035
0.00061219416
0.00061066541
0.00060907532
0.00060746541
0.00060587809
0.00060428316
0.00060273234
0.00060077648
0.0005995513
0.00059746223
0.0005963951
0.00059359908
0.00067699258
0.00067681759
0.00067663582
0.00067644705
0.00067625102
0.00067604751
0.00067583622
0.00067561694
0.00067538933
0.0006751532
0.00067490818
0.00067465409
0.00067439052
0.0006741173
0.00067383397
0.00067354042
0.00067323611
0.00067292097
0.0006725944
0.00067225636
0.00067190622
0.00067154397
0.00067116891
0.00067078107
0.00067037972
0.0006699649
0.00066953586
0.00066909264
0.00066863451
0.00066816145
0.00066767282
0.00066716847
0.00066664793
0.00066611086
0.00066555702
0.00066498582
0.00066439732
0.00066379061
0.00066316612
0.00066252262
0.00066186084
0.00066117935
0.00066047903
0.0006597585
0.00065901845
0.00065825794
0.00065747706
0.00065667573
0.00065585305
0.0006550101
0.00065414488
0.00065325943
0.00065235122
0.00065142235
0.00065047105
0.00064949797
0.00064850366
0.00064748608
0.00064644855
0.00064538695
0.00064430534
0.00064320088
0.00064207421
0.00064092786
0.00063975678
0.00063856786
0.00063735522
0.00063612164
0.0006348701
0.00063359282
0.00063230036
0.00063098557
0.00062964814
0.00062829853
0.00062692199
0.00062552897
0.00062412376
0.00062268881
0.00062124318
0.00061978666
0.00061829533
0.00061680069
0.00061529673
0.00061375789
0.0006122022
0.00061067401
0.00060908439
0.00060747514
0.00060588846
0.00060429428
0.000602744
0.00060078916
0.00059956471
0.00059747672
0.00059641022
0.00059361577
0.00067699241
0.00067681743
0.00067663568
0.00067644693
0.00067625092
0.00067604743
0.00067583616
0.0006756169
0.00067538932
0.00067515323
0.00067490824
0.00067465418
0.00067439063
0.00067411745
0.00067383416
0.00067354064
0.00067323636
0.00067292124
0.0006725947
0.0006722567
0.00067190659
0.00067154437
0.00067116933
0.00067078152
0.00067038019
0.00066996539
0.00066953637
0.00066909317
0.00066863506
0.00066816201
0.0006676734
0.00066716907
0.00066664855
0.0006661115
0.00066555768
0.00066498649
0.00066439801
0.00066379132
0.00066316685
0.00066252337
0.00066186161
0.00066118015
0.00066047985
0.00065975935
0.00065901932
0.00065825884
0.00065747799
0.0006566767
0.00065585405
0.00065501114
0.00065414596
0.00065326055
0.00065235239
0.00065142356
0.00065047231
0.00064949929
0.00064850503
0.00064748751
0.00064645005
0.00064538852
0.00064430699
0.00064320262
0.00064207603
0.00064092978
0.0006397588
0.00063856999
0.00063735746
0.000636124
0.00063487259
0.00063359544
0.00063230314
0.00063098851
0.00062965124
0.00062830182
0.00062692547
0.00062553266
0.00062412767
0.00062269294
0.00062124758
0.00061979133
0.00061830028
0.00061680596
0.00061530232
0.00061376383
0.00061220853
0.00061068079
0.00060909152
0.0006074828
0.00060589661
0.00060430303
0.00060275315
0.00060079911
0.00059957524
0.00059748808
0.00059642207
0.00059362885
0.00067699225
0.00067681729
0.00067663555
0.00067644682
0.00067625083
0.00067604735
0.0006758361
0.00067561687
0.00067538931
0.00067515325
0.00067490828
0.00067465426
0.00067439074
0.00067411759
0.00067383432
0.00067354083
0.00067323658
0.0006729215
0.00067259499
0.00067225702
0.00067190693
0.00067154473
0.00067116972
0.00067078193
0.00067038062
0.00066996585
0.00066953685
0.00066909366
0.00066863557
0.00066816254
0.00066767394
0.00066716962
0.00066664912
0.00066611208
0.00066555828
0.0006649871
0.00066439864
0.00066379196
0.00066316751
0.00066252404
0.0006618623
0.00066118085
0.00066048057
0.00065976008
0.00065902008
0.00065825962
0.00065747879
0.00065667752
0.0006558549
0.00065501201
0.00065414686
0.00065326148
0.00065235335
0.00065142456
0.00065047335
0.00064950037
0.00064850616
0.00064748868
0.00064645128
0.0006453898
0.00064430833
0.00064320402
0.0006420775
0.00064093132
0.00063976041
0.00063857169
0.00063735925
0.00063612588
0.00063487458
0.00063359753
0.00063230535
0.00063099084
0.0006296537
0.00062830443
0.00062692822
0.00062553557
0.00062413077
0.00062269621
0.00062125105
0.00061979501
0.00061830417
0.00061681012
0.00061530674
0.00061376851
0.00061221351
0.00061068613
0.00060909712
0.00060748883
0.00060590302
0.00060430992
0.00060276031
0.00060080693
0.00059958354
0.000597497
0.00059643137
0.0005936391
0.00067699211
0.00067681716
0.00067663543
0.00067644671
0.00067625074
0.00067604728
0.00067583605
0.00067561684
0.00067538931
0.00067515326
0.00067490833
0.00067465433
0.00067439084
0.00067411772
0.00067383448
0.00067354102
0.0006732368
0.00067292174
0.00067259526
0.00067225731
0.00067190725
0.00067154508
0.00067117009
0.00067078232
0.00067038104
0.00066996628
0.0006695373
0.00066909413
0.00066863605
0.00066816304
0.00066767445
0.00066717015
0.00066664965
0.00066611262
0.00066555883
0.00066498767
0.00066439921
0.00066379255
0.0006631681
0.00066252465
0.00066186291
0.00066118148
0.00066048121
0.00065976074
0.00065902074
0.0006582603
0.00065747948
0.00065667823
0.00065585563
0.00065501276
0.00065414762
0.00065326227
0.00065235416
0.0006514254
0.00065047422
0.00064950127
0.00064850709
0.00064748965
0.00064645228
0.00064539084
0.00064430942
0.00064320515
0.00064207868
0.00064093257
0.00063976171
0.00063857305
0.00063736068
0.00063612738
0.00063487616
0.00063359919
0.0006323071
0.00063099269
0.00062965565
0.00062830649
0.00062693039
0.00062553788
0.00062413321
0.00062269878
0.0006212538
0.00061979793
0.00061830723
0.0006168134
0.00061531022
0.00061377218
0.00061221743
0.00061069034
0.00060910152
0.00060749356
0.00060590807
0.00060431534
0.00060276594
0.00060081309
0.00059959007
0.000597504
0.00059643866
0.00059364713
0.00067699198
0.00067681703
0.00067663532
0.00067644662
0.00067625065
0.00067604722
0.00067583601
0.00067561682
0.0006753893
0.00067515328
0.00067490837
0.0006746544
0.00067439093
0.00067411784
0.00067383463
0.0006735412
0.000673237
0.00067292198
0.00067259552
0.0006722576
0.00067190756
0.00067154541
0.00067117045
0.0006707827
0.00067038143
0.00066996669
0.00066953773
0.00066909458
0.00066863651
0.00066816351
0.00066767494
0.00066717064
0.00066665016
0.00066611314
0.00066555936
0.0006649882
0.00066439976
0.0006637931
0.00066316866
0.00066252521
0.00066186348
0.00066118205
0.0006604818
0.00065976133
0.00065902135
0.00065826091
0.0006574801
0.00065667886
0.00065585627
0.00065501341
0.00065414829
0.00065326296
0.00065235486
0.00065142612
0.00065047496
0.00064950202
0.00064850787
0.00064749045
0.00064645312
0.0006453917
0.00064431031
0.00064320608
0.00064207965
0.00064093358
0.00063976276
0.00063857416
0.00063736183
0.00063612859
0.00063487743
0.00063360051
0.00063230851
0.00063099416
0.00062965719
0.00062830814
0.00062693211
0.0006255397
0.00062413515
0.00062270081
0.00062125596
0.00061980023
0.00061830965
0.00061681599
0.00061531296
0.00061377508
0.00061222052
0.00061069366
0.00060910499
0.0006074973
0.00060591203
0.0006043196
0.00060277036
0.00060081794
0.00059959518
0.00059750947
0.00059644438
0.00059365343
0.00067699186
0.00067681692
0.00067663522
0.00067644653
0.00067625058
0.00067604716
0.00067583597
0.0006756168
0.00067538931
0.00067515331
0.00067490842
0.00067465447
0.00067439103
0.00067411796
0.00067383477
0.00067354137
0.0006732372
0.0006729222
0.00067259577
0.00067225788
0.00067190786
0.00067154574
0.00067117079
0.00067078307
0.00067038182
0.0006699671
0.00066953815
0.00066909501
0.00066863696
0.00066816397
0.00066767541
0.00066717113
0.00066665065
0.00066611364
0.00066555986
0.00066498871
0.00066440027
0.00066379362
0.00066316919
0.00066252574
0.00066186402
0.00066118259
0.00066048234
0.00065976188
0.0006590219
0.00065826147
0.00065748066
0.00065667943
0.00065585684
0.000655014
0.00065414888
0.00065326355
0.00065235547
0.00065142674
0.00065047559
0.00064950267
0.00064850854
0.00064749113
0.00064645382
0.00064539242
0.00064431105
0.00064320684
0.00064208044
0.0006409344
0.00063976361
0.00063857505
0.00063736275
0.00063612956
0.00063487845
0.00063360157
0.00063230963
0.00063099533
0.00062965842
0.00062830945
0.00062693347
0.00062554115
0.00062413668
0.00062270241
0.00062125767
0.00061980204
0.00061831154
0.00061681803
0.00061531512
0.00061377735
0.00061222294
0.00061069627
0.0006091077
0.00060750022
0.00060591513
0.00060432294
0.00060277381
0.00060082174
0.00059959919
0.00059751375
0.00059644885
0.00059365837
0.00067699175
0.00067681683
0.00067663514
0.00067644646
0.00067625052
0.00067604712
0.00067583594
0.00067561679
0.00067538931
0.00067515333
0.00067490847
0.00067465454
0.00067439112
0.00067411808
0.00067383492
0.00067354154
0.0006732374
0.00067292242
0.00067259602
0.00067225815
0.00067190816
0.00067154606
0.00067117113
0.00067078343
0.0006703822
0.0006699675
0.00066953856
0.00066909544
0.0006686374
0.00066816443
0.00066767587
0.0006671716
0.00066665113
0.00066611413
0.00066556036
0.00066498921
0.00066440078
0.00066379413
0.0006631697
0.00066252625
0.00066186453
0.00066118311
0.00066048286
0.00065976239
0.00065902242
0.00065826199
0.00065748119
0.00065667995
0.00065585737
0.00065501453
0.00065414941
0.00065326409
0.00065235601
0.00065142729
0.00065047614
0.00064950323
0.00064850911
0.00064749171
0.00064645441
0.00064539303
0.00064431168
0.00064320748
0.0006420811
0.00064093508
0.00063976431
0.00063857578
0.00063736351
0.00063613034
0.00063487927
0.00063360242
0.00063231053
0.00063099626
0.0006296594
0.00062831049
0.00062693455
0.00062554229
0.0006241379
0.00062270368
0.00062125902
0.00061980347
0.00061831303
0.00061681963
0.00061531682
0.00061377913
0.00061222485
0.00061069833
0.00060910983
0.00060750253
0.00060591761
0.00060432559
0.00060277654
0.00060082475
0.0005996024
0.00059751715
0.0005964524
0.00059366225
0.00067699166
0.00067681675
0.00067663506
0.0006764464
0.00067625048
0.00067604709
0.00067583592
0.00067561679
0.00067538933
0.00067515337
0.00067490852
0.00067465462
0.00067439122
0.0006741182
0.00067383507
0.00067354171
0.00067323759
0.00067292265
0.00067259626
0.00067225842
0.00067190845
0.00067154637
0.00067117147
0.00067078379
0.00067038258
0.00066996789
0.00066953898
0.00066909587
0.00066863784
0.00066816488
0.00066767634
0.00066717207
0.00066665161
0.00066611461
0.00066556085
0.00066498971
0.00066440128
0.00066379463
0.0006631702
0.00066252675
0.00066186504
0.00066118361
0.00066048336
0.00065976289
0.00065902292
0.00065826248
0.00065748168
0.00065668045
0.00065585786
0.00065501502
0.0006541499
0.00065326458
0.0006523565
0.00065142778
0.00065047664
0.00064950373
0.00064850961
0.00064749222
0.00064645493
0.00064539355
0.00064431221
0.00064320802
0.00064208166
0.00064093565
0.00063976489
0.00063857639
0.00063736412
0.00063613099
0.00063487994
0.00063360311
0.00063231125
0.00063099701
0.00062966019
0.00062831131
0.0006269354
0.0006255432
0.00062413885
0.00062270467
0.00062126009
0.0006198046
0.0006183142
0.0006168209
0.00061531816
0.00061378054
0.00061222634
0.00061069995
0.00060911151
0.00060750434
0.0006059195
0.00060432767
0.00060277866
0.0006008271
0.00059960486
0.00059751977
0.00059645514
0.00059366525
0.00067699158
0.00067681668
0.00067663501
0.00067644635
0.00067625044
0.00067604706
0.00067583592
0.00067561679
0.00067538936
0.00067515342
0.00067490859
0.0006746547
0.00067439133
0.00067411833
0.00067383522
0.00067354189
0.00067323779
0.00067292287
0.00067259651
0.00067225869
0.00067190874
0.00067154669
0.00067117181
0.00067078415
0.00067038296
0.00066996829
0.00066953939
0.0006690963
0.00066863829
0.00066816533
0.0006676768
0.00066717254
0.00066665209
0.0006661151
0.00066556134
0.0006649902
0.00066440177
0.00066379512
0.0006631707
0.00066252725
0.00066186553
0.0006611841
0.00066048385
0.00065976338
0.0006590234
0.00065826296
0.00065748216
0.00065668092
0.00065585833
0.00065501548
0.00065415036
0.00065326504
0.00065235696
0.00065142824
0.00065047709
0.00064950418
0.00064851006
0.00064749267
0.00064645538
0.000645394
0.00064431268
0.00064320849
0.00064208213
0.00064093613
0.00063976538
0.00063857689
0.00063736463
0.00063613151
0.00063488048
0.00063360367
0.00063231183
0.00063099761
0.00062966081
0.00062831197
0.00062693608
0.00062554392
0.00062413961
0.00062270545
0.00062126092
0.00061980548
0.00061831512
0.00061682188
0.0006153192
0.00061378163
0.0006122275
0.00061070119
0.00060911281
0.00060750574
0.00060592098
0.00060432927
0.00060278031
0.00060082892
0.00059960678
0.0005975218
0.00059645727
0.00059366758
0.00067699152
0.00067681662
0.00067663496
0.00067644632
0.00067625042
0.00067604706
0.00067583592
0.00067561682
0.00067538939
0.00067515347
0.00067490866
0.00067465479
0.00067439144
0.00067411847
0.00067383538
0.00067354207
0.000673238
0.00067292309
0.00067259676
0.00067225896
0.00067190904
0.00067154701
0.00067117215
0.00067078451
0.00067038334
0.00066996869
0.00066953981
0.00066909673
0.00066863873
0.00066816579
0.00066767727
0.00066717302
0.00066665258
0.00066611559
0.00066556184
0.0006649907
0.00066440227
0.00066379563
0.0006631712
0.00066252775
0.00066186603
0.0006611846
0.00066048434
0.00065976387
0.00065902388
0.00065826344
0.00065748263
0.00065668138
0.00065585879
0.00065501593
0.00065415081
0.00065326548
0.00065235739
0.00065142866
0.00065047751
0.0006495046
0.00064851048
0.00064749308
0.00064645579
0.00064539441
0.00064431308
0.0006432089
0.00064208254
0.00064093654
0.0006397658
0.00063857731
0.00063736506
0.00063613195
0.00063488093
0.00063360412
0.00063231231
0.0006309981
0.00062966131
0.00062831249
0.00062693662
0.00062554449
0.0006241402
0.00062270607
0.00062126158
0.00061980617
0.00061831583
0.00061682264
0.00061532001
0.00061378247
0.0006122284
0.00061070217
0.00060911381
0.00060750682
0.00060592213
0.00060433052
0.00060278157
0.00060083034
0.00059960827
0.00059752336
0.00059645892
0.00059366936
0.00067699147
0.00067681658
0.00067663493
0.0006764463
0.00067625041
0.00067604706
0.00067583594
0.00067561685
0.00067538944
0.00067515353
0.00067490874
0.0006746549
0.00067439156
0.00067411861
0.00067383554
0.00067354225
0.0006732382
0.00067292333
0.00067259701
0.00067225924
0.00067190934
0.00067154733
0.00067117249
0.00067078487
0.00067038372
0.00066996909
0.00066954023
0.00066909717
0.00066863918
0.00066816626
0.00066767775
0.00066717351
0.00066665307
0.00066611609
0.00066556234
0.00066499121
0.00066440279
0.00066379614
0.00066317171
0.00066252826
0.00066186654
0.0006611851
0.00066048484
0.00065976436
0.00065902437
0.00065826391
0.0006574831
0.00065668184
0.00065585924
0.00065501638
0.00065415124
0.00065326591
0.0006523578
0.00065142907
0.00065047791
0.000649505
0.00064851086
0.00064749346
0.00064645617
0.00064539478
0.00064431345
0.00064320926
0.0006420829
0.00064093691
0.00063976615
0.00063857767
0.00063736542
0.00063613232
0.0006348813
0.00063360449
0.0006323127
0.00063099849
0.00062966171
0.00062831292
0.00062693704
0.00062554493
0.00062414067
0.00062270654
0.00062126208
0.0006198067
0.00061831638
0.00061682323
0.00061532063
0.00061378312
0.00061222909
0.00061070291
0.00060911458
0.00060750766
0.00060592301
0.00060433147
0.00060278253
0.00060083144
0.00059960944
0.00059752455
0.00059646017
0.0005936707
0.00067699143
0.00067681655
0.00067663491
0.00067644629
0.00067625042
0.00067604708
0.00067583597
0.00067561689
0.0006753895
0.00067515361
0.00067490884
0.00067465501
0.0006743917
0.00067411876
0.00067383571
0.00067354245
0.00067323842
0.00067292356
0.00067259727
0.00067225952
0.00067190965
0.00067154766
0.00067117284
0.00067078524
0.00067038411
0.0006699695
0.00066954066
0.00066909761
0.00066863965
0.00066816673
0.00066767823
0.00066717401
0.00066665358
0.0006661166
0.00066556286
0.00066499173
0.00066440331
0.00066379666
0.00066317223
0.00066252878
0.00066186705
0.00066118561
0.00066048534
0.00065976485
0.00065902486
0.00065826439
0.00065748357
0.0006566823
0.00065585969
0.00065501682
0.00065415167
0.00065326633
0.00065235821
0.00065142947
0.0006504783
0.00064950538
0.00064851123
0.00064749382
0.00064645652
0.00064539512
0.00064431379
0.00064320959
0.00064208322
0.00064093722
0.00063976647
0.00063857799
0.00063736573
0.00063613263
0.00063488161
0.0006336048
0.00063231301
0.0006309988
0.00062966204
0.00062831325
0.00062693738
0.00062554528
0.00062414103
0.00062270691
0.00062126247
0.00061980711
0.0006183168
0.00061682367
0.0006153211
0.00061378362
0.0006122296
0.00061070346
0.00060911517
0.00060750829
0.00060592367
0.00060433219
0.00060278326
0.00060083228
0.0005996103
0.00059752545
0.00059646112
0.00059367171
0.00067699141
0.00067681654
0.00067663491
0.0006764463
0.00067625043
0.00067604711
0.00067583601
0.00067561695
0.00067538957
0.0006751537
0.00067490894
0.00067465513
0.00067439184
0.00067411892
0.00067383589
0.00067354265
0.00067323864
0.00067292381
0.00067259754
0.00067225981
0.00067190996
0.00067154799
0.0006711732
0.00067078562
0.00067038451
0.00066996992
0.00066954109
0.00066909807
0.00066864012
0.00066816722
0.00066767873
0.00066717452
0.0006666541
0.00066611713
0.00066556339
0.00066499227
0.00066440385
0.0006637972
0.00066317277
0.00066252931
0.00066186758
0.00066118614
0.00066048586
0.00065976536
0.00065902536
0.00065826488
0.00065748405
0.00065668277
0.00065586015
0.00065501727
0.0006541521
0.00065326675
0.00065235862
0.00065142987
0.00065047868
0.00064950574
0.00064851159
0.00064749417
0.00064645686
0.00064539545
0.0006443141
0.00064320989
0.00064208352
0.00064093752
0.00063976675
0.00063857826
0.000637366
0.00063613289
0.00063488188
0.00063360506
0.00063231327
0.00063099907
0.00062966229
0.00062831351
0.00062693764
0.00062554555
0.00062414131
0.00062270719
0.00062126276
0.00061980741
0.00061831711
0.00061682402
0.00061532144
0.00061378397
0.00061223001
0.0006107039
0.00060911555
0.00060750876
0.00060592421
0.00060433274
0.00060278372
0.00060083286
0.00059961101
0.00059752614
0.00059646184
0.0005936724
0.0006769914
0.00067681654
0.00067663492
0.00067644632
0.00067625047
0.00067604715
0.00067583607
0.00067561702
0.00067538966
0.0006751538
0.00067490905
0.00067465526
0.00067439199
0.00067411909
0.00067383608
0.00067354286
0.00067323887
0.00067292406
0.00067259782
0.00067226011
0.00067191028
0.00067154834
0.00067117357
0.00067078601
0.00067038492
0.00066997035
0.00066954154
0.00066909854
0.0006686406
0.00066816772
0.00066767925
0.00066717504
0.00066665463
0.00066611768
0.00066556394
0.00066499282
0.0006644044
0.00066379776
0.00066317333
0.00066252987
0.00066186813
0.00066118668
0.00066048639
0.00065976589
0.00065902587
0.00065826539
0.00065748454
0.00065668326
0.00065586061
0.00065501772
0.00065415254
0.00065326717
0.00065235903
0.00065143026
0.00065047907
0.00064950611
0.00064851195
0.0006474945
0.00064645719
0.00064539576
0.0006443144
0.00064321018
0.0006420838
0.00064093778
0.00063976701
0.00063857851
0.00063736624
0.00063613312
0.0006348821
0.00063360528
0.00063231348
0.00063099928
0.0006296625
0.00062831372
0.00062693785
0.00062554575
0.00062414151
0.00062270741
0.00062126299
0.00061980762
0.00061831734
0.00061682427
0.00061532168
0.00061378422
0.0006122303
0.0006107042
0.00060911582
0.00060750909
0.00060592459
0.00060433314
0.00060278404
0.00060083329
0.00059961151
0.00059752663
0.00059646235
0.00059367289
0.00067699141
0.00067681656
0.00067663494
0.00067644635
0.00067625051
0.00067604721
0.00067583614
0.0006756171
0.00067538975
0.00067515391
0.00067490918
0.00067465541
0.00067439215
0.00067411927
0.00067383628
0.00067354308
0.00067323912
0.00067292433
0.00067259811
0.00067226042
0.00067191061
0.00067154869
0.00067117395
0.00067078641
0.00067038535
0.0006699708
0.00066954201
0.00066909902
0.0006686411
0.00066816824
0.00066767978
0.00066717559
0.00066665519
0.00066611824
0.00066556451
0.0006649934
0.00066440498
0.00066379834
0.00066317391
0.00066253044
0.0006618687
0.00066118724
0.00066048695
0.00065976644
0.00065902641
0.00065826591
0.00065748505
0.00065668375
0.0006558611
0.00065501819
0.00065415299
0.00065326761
0.00065235945
0.00065143067
0.00065047945
0.00064950648
0.0006485123
0.00064749484
0.00064645751
0.00064539607
0.0006443147
0.00064321046
0.00064208406
0.00064093804
0.00063976725
0.00063857874
0.00063736646
0.00063613333
0.0006348823
0.00063360547
0.00063231367
0.00063099945
0.00062966268
0.00062831389
0.00062693801
0.00062554592
0.00062414167
0.00062270755
0.00062126315
0.00061980778
0.00061831749
0.00061682445
0.00061532185
0.00061378438
0.0006122305
0.00061070439
0.00060911601
0.00060750931
0.00060592483
0.00060433339
0.00060278427
0.00060083361
0.00059961182
0.00059752693
0.00059646268
0.00059367321
0.00067699142
0.00067681658
0.00067663498
0.0006764464
0.00067625057
0.00067604727
0.00067583622
0.0006756172
0.00067538986
0.00067515403
0.00067490932
0.00067465557
0.00067439233
0.00067411947
0.0006738365
0.00067354332
0.00067323938
0.00067292461
0.00067259841
0.00067226075
0.00067191096
0.00067154907
0.00067117434
0.00067078683
0.00067038579
0.00066997126
0.00066954249
0.00066909953
0.00066864163
0.00066816877
0.00066768033
0.00066717616
0.00066665577
0.00066611883
0.00066556511
0.000664994
0.00066440559
0.00066379895
0.00066317451
0.00066253105
0.0006618693
0.00066118783
0.00066048753
0.00065976701
0.00065902697
0.00065826646
0.00065748558
0.00065668427
0.0006558616
0.00065501867
0.00065415346
0.00065326806
0.00065235988
0.00065143108
0.00065047985
0.00064950686
0.00064851266
0.00064749518
0.00064645783
0.00064539637
0.00064431499
0.00064321074
0.00064208432
0.00064093828
0.00063976748
0.00063857896
0.00063736666
0.00063613352
0.00063488248
0.00063360564
0.00063231383
0.0006309996
0.00062966282
0.00062831401
0.00062693813
0.00062554604
0.00062414178
0.00062270767
0.00062126326
0.00061980788
0.0006183176
0.00061682456
0.00061532194
0.00061378448
0.00061223062
0.00061070452
0.00060911611
0.00060750944
0.000605925
0.00060433356
0.00060278436
0.00060083378
0.00059961205
0.00059752713
0.00059646289
0.00059367334
0.00067699145
0.00067681662
0.00067663502
0.00067644645
0.00067625064
0.00067604736
0.00067583631
0.0006756173
0.00067538999
0.00067515417
0.00067490948
0.00067465574
0.00067439252
0.00067411968
0.00067383673
0.00067354357
0.00067323965
0.0006729249
0.00067259873
0.00067226109
0.00067191133
0.00067154946
0.00067117476
0.00067078727
0.00067038625
0.00066997174
0.000669543
0.00066910005
0.00066864217
0.00066816934
0.00066768091
0.00066717675
0.00066665638
0.00066611945
0.00066556574
0.00066499463
0.00066440623
0.00066379958
0.00066317515
0.00066253168
0.00066186993
0.00066118845
0.00066048815
0.00065976761
0.00065902756
0.00065826703
0.00065748614
0.00065668481
0.00065586212
0.00065501918
0.00065415395
0.00065326853
0.00065236033
0.00065143152
0.00065048026
0.00064950725
0.00064851303
0.00064749554
0.00064645817
0.00064539669
0.00064431529
0.00064321102
0.00064208458
0.00064093853
0.0006397677
0.00063857917
0.00063736686
0.0006361337
0.00063488265
0.00063360579
0.00063231397
0.00063099972
0.00062966293
0.00062831413
0.00062693823
0.00062554613
0.00062414186
0.00062270774
0.00062126334
0.00061980794
0.00061831765
0.00061682463
0.000615322
0.00061378453
0.00061223069
0.00061070458
0.00060911614
0.00060750951
0.00060592509
0.00060433365
0.00060278436
0.0006008339
0.0005996122
0.00059752721
0.00059646298
0.00059367336
0.00067699135
0.00067681652
0.00067663493
0.00067644637
0.00067625056
0.00067604729
0.00067583626
0.00067561726
0.00067538995
0.00067515415
0.00067490947
0.00067465575
0.00067439254
0.00067411972
0.00067383679
0.00067354364
0.00067323975
0.00067292502
0.00067259886
0.00067226125
0.00067191151
0.00067154966
0.00067117498
0.00067078752
0.00067038652
0.00066997204
0.00066954332
0.00066910039
0.00066864253
0.00066816972
0.00066768131
0.00066717716
0.0006666568
0.00066611988
0.00066556618
0.00066499508
0.00066440668
0.00066380004
0.0006631756
0.00066253213
0.00066187037
0.00066118889
0.00066048857
0.00065976802
0.00065902795
0.00065826742
0.00065748651
0.00065668516
0.00065586245
0.00065501949
0.00065415423
0.00065326879
0.00065236057
0.00065143173
0.00065048044
0.00064950742
0.00064851317
0.00064749565
0.00064645826
0.00064539675
0.00064431533
0.00064321103
0.00064208458
0.0006409385
0.00063976766
0.00063857911
0.00063736677
0.00063613361
0.00063488253
0.00063360565
0.00063231383
0.00063099955
0.00062966275
0.00062831393
0.00062693801
0.00062554591
0.00062414163
0.00062270748
0.00062126309
0.00061980767
0.00061831736
0.00061682436
0.00061532168
0.00061378423
0.00061223038
0.00061070429
0.00060911574
0.0006075093
0.00060592468
0.00060433335
0.00060278388
0.00060083377
0.00059961178
0.00059752666
0.00059646244
0.00059367271
)
;

boundaryField
{
    inlet
    {
        type            calculated;
        value           uniform 0.0007098;
    }
    outlet
    {
        type            calculated;
        value           nonuniform List<scalar> 
80
(
2.9862597e-05
0.00023253748
0.00042143344
0.00061790523
0.00083185448
0.0010602465
0.00130189
0.0015562899
0.0018232491
0.0021027011
0.002394627
0.0026990076
0.0030157915
0.0033448698
0.0036860539
0.0040390538
0.0044034563
0.0047787014
0.0051640563
0.0055585881
0.005961132
0.0063702566
0.0067842258
0.0072009825
0.0076181106
0.0080327831
0.0084417201
0.0088411435
0.0092267487
0.0095937939
0.0099368264
0.010249686
0.010525503
0.010746226
0.010867688
0.010900778
0.010849896
0.010711857
0.010476903
0.010132118
0.0096677815
0.0090861047
0.0084094071
0.0076824633
0.0069640633
0.006305596
0.0057004707
0.0048661597
0.0035457161
0.0021274877
0.0011141278
0.00067234872
0.0005994352
0.00059396063
0.00059332481
0.00059334454
0.00059341283
0.00059347045
0.00059351548
0.00059355046
0.00059357775
0.00059359908
0.00059361577
0.00059362885
0.0005936391
0.00059364713
0.00059365343
0.00059365837
0.00059366225
0.00059366525
0.00059366758
0.00059366936
0.0005936707
0.00059367171
0.0005936724
0.00059367289
0.00059367321
0.00059367334
0.00059367336
0.00059367271
)
;
    }
    top
    {
        type            calculated;
        value           nonuniform List<scalar> 
110
(
0.0007037531
0.00069558882
0.00069011254
0.00068633706
0.00068368234
0.00068178844
0.00068042444
0.00067943436
0.00067871226
0.00067818338
0.00067779504
0.00067750925
0.00067729863
0.00067714324
0.00067699135
0.00067681652
0.00067663493
0.00067644637
0.00067625056
0.00067604729
0.00067583626
0.00067561726
0.00067538995
0.00067515415
0.00067490947
0.00067465575
0.00067439254
0.00067411972
0.00067383679
0.00067354364
0.00067323975
0.00067292502
0.00067259886
0.00067226125
0.00067191151
0.00067154966
0.00067117498
0.00067078752
0.00067038652
0.00066997204
0.00066954332
0.00066910039
0.00066864253
0.00066816972
0.00066768131
0.00066717716
0.0006666568
0.00066611988
0.00066556618
0.00066499508
0.00066440668
0.00066380004
0.0006631756
0.00066253213
0.00066187037
0.00066118889
0.00066048857
0.00065976802
0.00065902795
0.00065826742
0.00065748651
0.00065668516
0.00065586245
0.00065501949
0.00065415423
0.00065326879
0.00065236057
0.00065143173
0.00065048044
0.00064950742
0.00064851317
0.00064749565
0.00064645826
0.00064539675
0.00064431533
0.00064321103
0.00064208458
0.0006409385
0.00063976766
0.00063857911
0.00063736677
0.00063613361
0.00063488253
0.00063360565
0.00063231383
0.00063099955
0.00062966275
0.00062831393
0.00062693801
0.00062554591
0.00062414163
0.00062270748
0.00062126309
0.00061980767
0.00061831736
0.00061682436
0.00061532168
0.00061378423
0.00061223038
0.00061070429
0.00060911574
0.0006075093
0.00060592468
0.00060433335
0.00060278388
0.00060083377
0.00059961178
0.00059752666
0.00059646244
0.00059367271
)
;
    }
    upstreamWall
    {
        type            symmetryPlane;
    }
    plate
    {
        type            nutkWallFunction;
        blending        stepwise;
        value           nonuniform List<scalar> 
96
(
0
9.0074303e-06
1.2671456e-05
1.2235635e-05
1.0916844e-05
9.8594536e-06
9.8016671e-06
9.9785266e-06
1.0257466e-05
1.0324815e-05
1.0282848e-05
1.0165594e-05
1.0009368e-05
9.8424771e-06
9.6677359e-06
9.4876769e-06
9.310762e-06
9.1381402e-06
8.9695519e-06
8.8060524e-06
8.6482898e-06
8.4958035e-06
8.3510377e-06
8.2123601e-06
8.0781814e-06
7.9482343e-06
7.8224075e-06
7.7011782e-06
7.584911e-06
7.4719711e-06
7.3622552e-06
7.2552223e-06
7.1518408e-06
7.0512871e-06
6.953455e-06
6.8577152e-06
6.7643722e-06
6.6735162e-06
6.5845029e-06
6.4973652e-06
6.4121036e-06
6.3287178e-06
6.2467078e-06
6.1661688e-06
6.0872221e-06
6.0096591e-06
5.9332455e-06
5.8581278e-06
5.7842503e-06
5.7114131e-06
5.6396327e-06
5.5688784e-06
5.4990373e-06
5.4301758e-06
5.3621039e-06
5.29488e-06
5.2285286e-06
5.1628128e-06
5.0978849e-06
5.0336802e-06
4.9700987e-06
4.9071879e-06
4.8448841e-06
4.7832032e-06
4.7220549e-06
4.6615519e-06
4.601521e-06
4.5420428e-06
4.4830749e-06
4.4245753e-06
4.3665542e-06
4.3090007e-06
4.2518868e-06
4.1952124e-06
4.1389628e-06
4.0831284e-06
4.0276677e-06
3.9726278e-06
3.9179636e-06
3.8636162e-06
3.809718e-06
3.7561327e-06
3.7028062e-06
3.6499805e-06
3.5974393e-06
3.5450829e-06
3.4931697e-06
3.4418369e-06
3.3904894e-06
3.3395304e-06
3.2893266e-06
3.2406475e-06
3.1919399e-06
3.144118e-06
3.1071776e-06
3.052411e-06
)
;
    }
    frontAndBack
    {
        type            empty;
    }
}


// ************************************************************************* //
