/*--------------------------------*- C++ -*----------------------------------*\
| =========                 |                                                 |
| \\      /  F ield         | OpenFOAM: The Open Source CFD Toolbox           |
|  \\    /   O peration     | Version:  2512                                  |
|   \\  /    A nd           | Website:  www.openfoam.com                      |
|    \\/     M anipulation  |                                                 |
\*---------------------------------------------------------------------------*/
FoamFile
{
    version     2.0;
    format      ascii;
    arch        "LSB;label=32;scalar=64";
    class       surfaceScalarField;
    location    "0.0999872";
    object      phi;
}
// * * * * * * * * * * * * * * * * * * * * * * * * * * * * * * * * * * * * * //

dimensions      [1 0 -1 0 0 0 0];

oriented        oriented;

internalField   nonuniform List<scalar> 
17410
(
0.000180538
1.0620151e-08
0.0001805173
2.0721663e-08
0.00018048759
2.9726913e-08
0.00018045127
3.6327852e-08
0.0001804098
4.1477881e-08
0.0001803639
4.5913089e-08
0.00018031362
5.0278261e-08
0.0001802577
5.5932362e-08
0.00018019725
6.0442588e-08
0.00018011959
7.766946e-08
0.00018006479
5.4803533e-08
0.00017980191
2.6288399e-07
0.00018039413
-5.922141e-07
3.076885e-06
0.00017731723
0.00019067935
2.1802129e-08
0.00019065748
4.2609614e-08
0.00019062611
6.1111925e-08
0.00019058778
7.4677016e-08
0.00019054401
8.5257422e-08
0.00019049557
9.4362017e-08
0.00019044253
1.0332157e-07
0.0001903836
1.1485992e-07
0.00019031967
1.2437928e-07
0.00019024023
1.5710741e-07
0.00019016419
1.3084951e-07
0.00019005762
3.694478e-07
0.00018952978
-6.4364043e-08
1.8255247e-06
0.00019078114
0.00020139034
3.3604035e-08
0.00020136724
6.5728021e-08
0.00020133411
9.4257413e-08
0.00020129363
1.1517574e-07
0.00020124741
1.3148952e-07
0.00020119626
1.4552017e-07
0.00020114025
1.5933789e-07
0.0002010781
1.77007e-07
0.00020101028
1.9220421e-07
0.00020092858
2.3880946e-07
0.00020083918
2.2025659e-07
0.00020073336
4.7527463e-07
0.00020046807
2.009181e-07
1.9129117e-06
0.00020038067
0.000212703
4.6058812e-08
0.0002126786
9.0145294e-08
0.00021264361
1.2926122e-07
0.00021260086
1.5794353e-07
0.00021255205
1.803105e-07
0.00021249804
1.9953624e-07
0.00021243889
2.1849341e-07
0.00021237337
2.4253665e-07
0.00021230148
2.6409313e-07
0.00021221664
3.2365654e-07
0.00021211942
3.1747395e-07
0.00021200268
5.920119e-07
0.00021178025
4.2335057e-07
2.035358e-06
0.00021165782
0.00022465112
5.9202093e-08
0.00022462535
1.1593532e-07
0.0002245884
1.6622757e-07
0.00022454326
2.03107e-07
0.00022449171
2.3186445e-07
0.00022443469
2.565678e-07
0.00022437223
2.8096174e-07
0.00022430313
3.1163468e-07
0.00022422705
3.4017882e-07
0.00022413829
4.1242188e-07
0.00022403518
4.2058561e-07
0.00022391028
7.1691544e-07
0.00022369258
6.4104007e-07
2.1519869e-06
0.00022357594
0.0002372704
7.3070121e-08
0.00023724318
1.4317441e-07
0.00023720416
2.0526537e-07
0.00023715649
2.5079906e-07
0.00023710206
2.8630282e-07
0.00023704186
3.167804e-07
0.0002369759
3.4692257e-07
0.00023690304
3.845045e-07
0.00023682261
4.2060732e-07
0.00023672944
5.0560091e-07
0.00023662061
5.2940676e-07
0.00023648964
8.4789509e-07
0.00023627201
8.5867763e-07
2.267299e-06
0.00023615671
0.00025059854
8.7701959e-08
0.0002505698
1.7194493e-07
0.00025052859
2.4649058e-07
0.00025047825
3.0116058e-07
0.00025042078
3.4378564e-07
0.00025035722
3.8034947e-07
0.00025028758
4.1656457e-07
0.00025021073
4.6135995e-07
0.00025012579
5.0555655e-07
0.00025002789
6.0349993e-07
0.0002499131
6.4420124e-07
0.00024977697
9.8402916e-07
0.00024955963
1.0759984e-06
2.382476e-06
0.00024944444
0.00026467537
1.0313738e-07
0.000264645
2.0233217e-07
0.00026460149
2.9002451e-07
0.00026454833
3.5433939e-07
0.00026448765
4.0448101e-07
0.00026442055
4.4745912e-07
0.00026434704
4.9008445e-07
0.00026426598
5.4242233e-07
0.00026417631
5.9523031e-07
0.00026407345
7.0636287e-07
0.00026395244
7.6521492e-07
0.0002638114
1.1250665e-06
0.00026359537
1.2920393e-06
2.4974242e-06
0.00026348043
0.00027954293
1.1941899e-07
0.00027951086
2.3442785e-07
0.00027946491
3.3599606e-07
0.00027940878
4.1049211e-07
0.00027934471
4.6856655e-07
0.00027927387
5.1830414e-07
0.00027919627
5.6769028e-07
0.00027911078
6.2791805e-07
0.00027901617
6.8984966e-07
0.00027890811
8.1441822e-07
0.0002787807
8.9263173e-07
0.00027863479
1.2709748e-06
0.00027842101
1.5058115e-06
2.6116253e-06
0.0002783068
0.00029524564
1.365903e-07
0.00029521177
2.6832733e-07
0.00029516325
3.8454032e-07
0.00029510398
4.6978313e-07
0.00029503634
5.3622882e-07
0.00029496156
5.9308856e-07
0.00029487966
6.4959985e-07
0.0002947895
7.1808083e-07
0.00029468971
7.8964963e-07
0.00029457623
9.2789655e-07
0.0002944423
1.0265588e-06
0.00029429155
1.4217288e-06
0.00029408094
1.7164385e-06
2.724521e-06
0.00029396805
0.00031183043
1.546976e-07
0.00031179465
3.0413274e-07
0.00031174342
4.3580052e-07
0.00031168084
5.3238646e-07
0.00031160942
6.0766487e-07
0.00031153049
6.7202793e-07
0.00031144405
7.3604364e-07
0.00031134899
8.1315152e-07
0.00031124376
8.9487767e-07
0.00031112465
1.0470166e-06
0.00031098414
1.1670665e-06
0.00031082863
1.5772394e-06
0.00031062199
1.9230677e-06
2.8354712e-06
0.00031051104
0.00032934683
1.7378828e-07
0.00032930904
3.4195075e-07
0.00032925494
4.8992704e-07
0.00032918887
5.9848483e-07
0.00032911347
6.830817e-07
0.00032903016
7.553478e-07
0.00032893895
8.2726249e-07
0.00032883873
9.1338097e-07
0.00032872782
1.0057899e-06
0.00032860284
1.1720041e-06
0.00032845574
1.3141643e-06
0.00032829564
1.7373463e-06
0.00032809378
2.12493e-06
2.9438438e-06
0.00032798542
0.00034784718
1.9391237e-07
0.00034780727
3.8189512e-07
0.00034775014
5.4707902e-07
0.00034768039
6.6827147e-07
0.00034760079
7.6269787e-07
0.00034751286
8.4328625e-07
0.00034741662
9.2351064e-07
0.00034731098
1.0190289e-06
0.00034719413
1.1226494e-06
0.00034706306
1.3030772e-06
0.00034690941
1.467817e-06
0.00034674497
1.9017779e-06
0.00034654859
2.3213018e-06
3.0490282e-06
0.00034644341
0.00036738675
2.1512122e-07
0.0003673446
4.2408513e-07
0.00036728428
6.0742372e-07
0.00036721063
7.4194934e-07
0.00036712661
8.4674299e-07
0.00036703382
9.3609224e-07
0.00036693228
1.0250531e-06
0.00036682095
1.130366e-06
0.00036669788
1.2457242e-06
0.00036656052
1.4404474e-06
0.0003664004
1.6279315e-06
0.00036623199
2.0701955e-06
0.00036604176
2.5115396e-06
3.1504213e-06
0.00036594037
0.00038802393
2.3746865e-07
0.0003879794
4.6864756e-07
0.00038791572
6.7113795e-07
0.00038783796
8.1973289e-07
0.00038774927
9.3545933e-07
0.00038765135
1.0340284e-06
0.00038754424
1.1321687e-06
0.00038742694
1.2476718e-06
0.00038729739
1.3752845e-06
0.00038715352
1.5843144e-06
0.0003869871
1.794359e-06
0.00038681515
2.2421343e-06
0.00038663162
2.6950776e-06
3.2474149e-06
0.00038653463
0.00040982035
2.6100996e-07
0.00040977332
5.1571578e-07
0.00040970609
7.3840773e-07
0.000409624
9.0184743e-07
0.00040953038
1.0291014e-06
0.00040942706
1.1373694e-06
0.00040931409
1.2451474e-06
0.00040919053
1.3712371e-06
0.00040905422
1.5115976e-06
0.00040890368
1.7348629e-06
0.00040873116
1.966882e-06
0.00040855624
2.4170607e-06
0.00040837989
2.8714278e-06
3.3394288e-06
0.00040828788
0.00043284115
2.858027e-07
0.00043279148
5.6543118e-07
0.00043272049
8.0942941e-07
0.00043263384
9.8853084e-07
0.00043253503
1.1279375e-06
0.00043242601
1.2464045e-06
0.00043230688
1.3642933e-06
0.00043217676
1.5013604e-06
0.00043203343
1.6549286e-06
0.00043187605
1.8922524e-06
0.00043169771
2.1452213e-06
0.00043152044
2.5943248e-06
0.00043135168
3.0401916e-06
3.4259481e-06
0.00043126518
0.00045715511
3.11906e-07
0.00045710264
6.1794283e-07
0.0004570277
8.8440979e-07
0.00045693623
1.0800331e-06
0.00045683194
1.2322495e-06
0.00045671693
1.3614361e-06
0.00045659131
1.4899214e-06
0.00045645433
1.6383501e-06
0.00045630373
1.8055328e-06
0.00045613938
2.0566111e-06
0.00045595558
2.3290186e-06
0.0004557767
2.7732136e-06
0.00045561585
3.2010438e-06
3.5065176e-06
0.00045553528
0.00048283485
3.3938102e-07
0.00048277944
6.7340849e-07
0.00048270032
9.6356684e-07
0.00048260377
1.176618e-06
0.00048249371
1.3423341e-06
0.00048237238
1.4827824e-06
0.00048223996
1.6223613e-06
0.00048209579
1.7825202e-06
0.00048193767
1.9636573e-06
0.00048176626
2.2280268e-06
0.00048157746
2.5178289e-06
0.00048139771
2.9529613e-06
0.00048124501
3.3537479e-06
3.5807624e-06
0.00048117078
0.00050995712
3.6829053e-07
0.00050989858
7.3199485e-07
0.00050981506
1.0471302e-06
0.00050971315
1.2785626e-06
0.00050959701
1.4585028e-06
0.00050946904
1.6107754e-06
0.00050932946
1.7619531e-06
0.0005091778
1.9341915e-06
0.00050901193
2.1295299e-06
0.00050883343
2.4065358e-06
0.00050864013
2.7111287e-06
0.00050846034
3.1327519e-06
0.00050831597
3.4981273e-06
3.6483895e-06
0.00050824834
0.00053860293
3.9869907e-07
0.0005385411
7.9387806e-07
0.00053845293
1.1353412e-06
0.00053834537
1.3861589e-06
0.00053822282
1.5810839e-06
0.00053808786
1.745764e-06
0.00053794077
1.9090509e-06
0.00053778128
2.0936864e-06
0.00053760746
2.3033635e-06
0.00053742189
2.5921141e-06
0.00053722467
2.9083495e-06
0.00053704572
3.3116987e-06
0.00053690979
3.6340632e-06
3.7092344e-06
0.00053684896
0.00056885787
4.3067285e-07
0.00056879256
8.5924466e-07
0.00056869949
1.2284534e-06
0.00056858598
1.4997138e-06
0.00056845668
1.7104225e-06
0.00056831435
1.8881117e-06
0.0005681594
2.0640179e-06
0.00056799176
2.2613287e-06
0.0005678098
2.4853317e-06
0.00056761725
2.7846688e-06
0.00056741674
3.1088649e-06
0.00056723954
3.4888981e-06
0.00056711213
3.7614747e-06
3.7632178e-06
0.00056705816
0.00060081234
4.6427959e-07
0.00060074335
9.2829203e-07
0.00060064512
1.3267305e-06
0.00060052533
1.619552e-06
0.0006003889
1.8468823e-06
0.00060023884
2.0381995e-06
0.00060007564
2.2272271e-06
0.00059989954
2.4374396e-06
0.00059970933
2.6755486e-06
0.00059950989
2.9841143e-06
0.00059930677
3.3119937e-06
0.00059913228
3.663393e-06
0.00059901343
3.8803303e-06
3.8103633e-06
0.00059896629
0.0006345618
4.9958871e-07
0.00063448892
1.0012309e-06
0.00063438525
1.4304434e-06
0.00063425883
1.7460243e-06
0.00063411491
1.9908396e-06
0.0006339567
2.1964262e-06
0.0006337849
2.3990487e-06
0.00063359998
2.6223629e-06
0.00063340143
2.874111e-06
0.00063319535
3.190197e-06
0.00063299036
3.5169888e-06
0.00063281948
3.8342842e-06
0.00063270917
3.9906353e-06
3.850775e-06
0.00063266877
0.00067020708
5.3667096e-07
0.00067013008
1.0782896e-06
0.00067002072
1.5398616e-06
0.00066988725
1.879546e-06
0.00066973549
2.1426299e-06
0.00066956868
2.3632561e-06
0.00066938793
2.5798221e-06
0.00066919386
2.8164424e-06
0.00066898687
3.0811105e-06
0.00066877456
3.4025121e-06
0.0006685685
3.7230521e-06
0.00066840206
4.0007284e-06
0.00066830027
4.0924349e-06
3.8846353e-06
0.00066826642
0.00070785468
5.7559893e-07
0.00070777331
1.1597224e-06
0.00070765798
1.6552597e-06
0.00070751704
2.0205341e-06
0.00070735708
2.3026259e-06
0.0007071812
2.5391584e-06
0.00070699111
2.7699263e-06
0.00070678764
3.0199289e-06
0.00070657218
3.2965823e-06
0.00070635408
3.6206145e-06
0.00070614781
3.9293238e-06
0.00070598662
4.1619268e-06
0.00070589325
4.1858117e-06
3.9121931e-06
0.00070586569
0.00074761708
6.1644644e-07
0.0007475311
1.2457768e-06
0.00074740943
1.7769929e-06
0.00074726067
2.1693418e-06
0.00074709203
2.4713074e-06
0.00074690668
2.7245373e-06
0.00074670686
2.969761e-06
0.00074649371
3.2330928e-06
0.00074626985
3.5204538e-06
0.00074604649
3.8439824e-06
0.0007458409
4.1349241e-06
0.00074568567
4.317155e-06
0.00074560061
4.2708801e-06
3.9337412e-06
0.00074557907
0.00078961307
6.592895e-07
0.00078952222
1.3367008e-06
0.00078939383
1.9054544e-06
0.00078923689
2.3263357e-06
0.00078905907
2.649168e-06
0.00078886384
2.9197931e-06
0.00078865384
3.1797797e-06
0.00078843077
3.4561745e-06
0.00078819871
3.7525315e-06
0.0007879707
4.0719965e-06
0.00078776668
4.3389517e-06
0.00078761807
4.4657644e-06
0.00078754116
4.3477944e-06
3.949621e-06
0.00078752529
0.00083396813
7.0420541e-07
0.00083387216
1.4327579e-06
0.00083373666
2.0410227e-06
0.00083357111
2.4919484e-06
0.00083338364
2.8366837e-06
0.00083317807
3.1253887e-06
0.00083295749
3.4003743e-06
0.00083272432
3.6893593e-06
0.00083248423
3.992638e-06
0.00083225228
4.3039537e-06
0.00083205075
4.5404915e-06
0.00083190932
4.6071969e-06
0.00083184038
4.4167405e-06
3.9601888e-06
0.00083182982
0.00088081477
7.5127423e-07
0.00088071338
1.534231e-06
0.00088057039
2.1840858e-06
0.00088039576
2.66664e-06
0.00088019815
3.0343457e-06
0.00087998177
3.3417984e-06
0.00087975025
3.6319197e-06
0.00087950686
3.932755e-06
0.00087925899
4.2405208e-06
0.00087902388
4.5390718e-06
0.00087882576
4.7386245e-06
0.00087869197
4.7409874e-06
0.00087863077
4.4779432e-06
3.9658268e-06
0.00087862514
0.00093029295
8.0057761e-07
0.00093018585
1.6414208e-06
0.00093003497
2.3350489e-06
0.00092985079
2.8508896e-06
0.00092964252
3.2426618e-06
0.00092941485
3.5695047e-06
0.00092917201
3.8747754e-06
0.00092891834
4.1864401e-06
0.00092866308
4.4957927e-06
0.00092842568
4.776487e-06
0.00092823182
4.9324933e-06
0.00092810603
4.8667779e-06
0.00092805232
4.5316644e-06
3.9669216e-06
0.00092805123
0.00098255049
8.5220094e-07
0.00098243736
1.7546465e-06
0.00098227815
2.4943383e-06
0.00098208392
3.0451969e-06
0.00098186447
3.4621562e-06
0.00098162502
3.8089922e-06
0.00098137055
4.1292741e-06
0.00098110657
4.4504325e-06
0.00098084442
4.7579558e-06
0.00098060568
5.0152349e-06
0.00098041687
5.1213075e-06
0.00098029936
4.984298e-06
0.00098025283
4.5781947e-06
3.9639365e-06
0.00098025582
0.0010377435
9.0623179e-07
0.001037624
1.874243e-06
0.0010374561
2.6624011e-06
0.0010372513
3.2500817e-06
0.0010370201
3.6933675e-06
0.0010367684
4.0607453e-06
0.001036502
4.3957174e-06
0.0010362277
4.7246663e-06
0.0010359593
5.0264219e-06
0.0010357202
5.2543864e-06
0.0010355372
5.3042354e-06
0.0010354281
5.0934086e-06
0.0010353885
4.6178802e-06
3.9572669e-06
0.0010353951
0.001096037
9.6276275e-07
0.0010959107
2.0005626e-06
0.0010957335
2.8397059e-06
0.0010955176
3.4660854e-06
0.0010952742
3.9368482e-06
0.0010950097
4.3252387e-06
0.0010947311
4.6743635e-06
0.0010944469
5.008902e-06
0.0010941727
5.3006257e-06
0.0010939343
5.4927944e-06
0.0010937578
5.4807174e-06
0.0010936572
5.1939997e-06
0.0010936241
4.6510032e-06
3.9472595e-06
0.0010936341
0.0011576049
1.0218895e-06
0.0011574716
2.1339696e-06
0.0011572847
3.0267421e-06
0.0011570571
3.6937695e-06
0.0011568008
4.1931615e-06
0.0011565232
4.6029065e-06
0.0011562321
4.9654623e-06
0.0011559381
5.3029101e-06
0.001155659
5.5797797e-06
0.0011554223
5.7295266e-06
0.001155253
5.650014e-06
0.0011551609
5.2861158e-06
0.0011551339
4.6779992e-06
3.934231e-06
0.0011551469
0.0012226314
1.0837147e-06
0.0012224906
2.2748321e-06
0.0012222934
3.2240301e-06
0.0012220536
3.9337109e-06
0.0012217839
4.4628891e-06
0.0012214927
4.8941263e-06
0.0012211889
5.2693171e-06
0.0012208854
5.6064147e-06
0.0012206023
5.8628827e-06
0.0012203683
5.9635475e-06
0.0012202068
5.8115911e-06
0.001220123
5.3698488e-06
0.0012201018
4.6992629e-06
3.9185811e-06
0.0012201174
0.0012913106
1.1483451e-06
0.001291162
2.4234951e-06
0.001290954
3.4322191e-06
0.0012907014
4.1863751e-06
0.0012904175
4.7467859e-06
0.0012901124
5.199357e-06
0.0012897959
5.5858394e-06
0.0012894833
5.918997e-06
0.0012891972
6.1489857e-06
0.0012889669
6.1938451e-06
0.0012888135
5.9650092e-06
0.001288738
5.4453768e-06
0.0012887221
4.7152078e-06
3.9006621e-06
0.00128874
0.0013638477
1.2158963e-06
0.001363691
2.5803612e-06
0.0013634713
3.6520041e-06
0.0013632055
4.4522815e-06
0.001362907
5.0453332e-06
0.0013625874
5.5190627e-06
0.0013622582
5.9150199e-06
0.0013619372
6.2400911e-06
0.0013616491
6.437055e-06
0.0013614235
6.4194368e-06
0.0013612786
6.1099194e-06
0.0013612111
5.512939e-06
0.0013612
4.7262585e-06
3.8808081e-06
0.0013612199
0.0014404595
1.2864894e-06
0.0014402941
2.7459424e-06
0.0014400624
3.8838157e-06
0.0014397826
4.7322061e-06
0.0014394689
5.3591149e-06
0.0014391345
5.853473e-06
0.0014387928
6.2567749e-06
0.0014384639
6.5690197e-06
0.0014381749
6.7260095e-06
0.001437955
6.6394026e-06
0.0014378188
6.2460765e-06
0.0014377589
5.5728371e-06
0.0014377524
4.7328379e-06
3.8593293e-06
0.0014377739
0.0015213748
1.3602566e-06
0.0015212002
2.920703e-06
0.001520956
4.1281898e-06
0.0015206614
5.0268616e-06
0.0015203319
5.6887013e-06
0.0015199826
6.2028828e-06
0.0015196285
6.6109152e-06
0.0015192925
6.9049714e-06
0.0015190039
7.0147132e-06
0.0015187904
6.8528819e-06
0.0015186631
6.3733249e-06
0.0015186106
5.6254136e-06
0.0015186081
4.7353737e-06
3.8365155e-06
0.0015186309
0.0016068354
1.4373364e-06
0.0016066512
3.1051104e-06
0.0016063938
4.3857317e-06
0.0016060839
5.3368943e-06
0.0016057381
6.0345669e-06
0.0016053734
6.5676358e-06
0.0016050072
6.9771577e-06
0.0016046652
7.2469914e-06
0.0016043779
7.3020166e-06
0.0016041717
7.0591028e-06
0.0016040534
6.4916085e-06
0.0016040078
5.6710533e-06
0.0016040089
4.7342736e-06
3.8126312e-06
0.0016040328
0.0016970966
1.5178806e-06
0.0016969022
3.2996471e-06
0.001696631
4.6570761e-06
0.0016963051
5.6629555e-06
0.0016959425
6.3972102e-06
0.0016955624
6.9478805e-06
0.0016951845
7.3550216e-06
0.0016948374
7.5941433e-06
0.0016945527
7.5867526e-06
0.0016943544
7.2573831e-06
0.0016942451
6.6009518e-06
0.001694206
5.7101577e-06
0.0016942104
4.7299203e-06
3.7879155e-06
0.0016942351
0.0017924281
1.6020478e-06
0.0017922231
3.5048051e-06
0.0017919374
4.9428711e-06
0.0017915948
6.0056925e-06
0.0017912151
6.777008e-06
0.0017908192
7.3438035e-06
0.0017904304
7.7439335e-06
0.0017900792
7.9453105e-06
0.0017897982
7.8677726e-06
0.0017896085
7.4471462e-06
0.001789508
6.7014646e-06
0.001789475
5.7431532e-06
0.0017894823
4.7226764e-06
3.7625777e-06
0.0017895076
0.0018931145
1.6900116e-06
0.0018928984
3.7210904e-06
0.0018925977
5.243761e-06
0.0018922378
6.3657469e-06
0.0018918405
7.1743577e-06
0.001891429
7.7554274e-06
0.0018910297
8.1432309e-06
0.0018906758
8.2992536e-06
0.0018903996
8.143961e-06
0.0018902189
7.6279108e-06
0.001890127
6.7933267e-06
0.0018900998
5.7704461e-06
0.0018901095
4.712964e-06
3.7368241e-06
0.0018901352
0.0019994569
1.7819521e-06
0.0019992291
3.9490197e-06
0.0019989128
5.5602653e-06
0.0019985347
6.7439551e-06
0.0019981195
7.5897051e-06
0.0019976925
8.1824573e-06
0.0019972837
8.5520853e-06
0.0019969283
8.6546971e-06
0.001996658
8.4142502e-06
0.0019964867
7.7993104e-06
0.0019964032
6.8767793e-06
0.0019963812
5.7924909e-06
0.0019963931
4.7010413e-06
3.7108056e-06
0.0019964192
0.0021117728
1.8780649e-06
0.0021115328
4.1891987e-06
0.0021112003
5.8929832e-06
0.0021108035
7.1408892e-06
0.0021103699
8.0234005e-06
0.0021099278
8.6245735e-06
0.0021095104
8.969525e-06
0.0021091549
9.0103108e-06
0.0021088915
8.6776374e-06
0.0021087298
7.9610796e-06
0.0021086545
6.9521135e-06
0.0021086373
5.8097131e-06
0.0021086511
4.6872117e-06
3.6846594e-06
0.0021086772
0.0022303978
1.9785514e-06
0.0022301449
4.442287e-06
0.0022297956
6.2425182e-06
0.0022293796
7.5569906e-06
0.0022289275
8.4756704e-06
0.0022284708
9.0813518e-06
0.0022280459
9.3944447e-06
0.0022276915
9.3647335e-06
0.002227436
8.9332028e-06
0.002227284
8.1130585e-06
0.0022272165
7.0196651e-06
0.0022272037
5.822524e-06
0.0022272192
4.6717479e-06
3.6585025e-06
0.0022272453
0.0023556863
2.0836274e-06
0.0023554202
4.7086842e-06
0.0023550531
6.6097333e-06
0.0023546175
7.9928224e-06
0.0023541467
8.9465272e-06
0.0023536759
9.5522101e-06
0.0023532448
9.8256044e-06
0.002352893
9.7165842e-06
0.0023526462
9.1801165e-06
0.0023525041
8.2551787e-06
0.0023524439
7.0797973e-06
0.0023524352
5.8313148e-06
0.002352452
4.6548935e-06
3.6324312e-06
0.0023524781
0.0024880127
2.1935121e-06
0.0024877328
4.9888429e-06
0.0024873474
6.9953247e-06
0.0024868915
8.4488854e-06
0.0024864022
9.4359374e-06
0.0024859181
1.0036404e-05
0.0024854821
1.0261647e-05
0.0024851342
1.0064493e-05
0.0024848967
9.4176525e-06
0.0024847645
8.3874625e-06
0.0024847114
7.1328979e-06
0.0024847063
5.8364564e-06
0.0024847243
4.6368642e-06
3.6065231e-06
0.0024847502
0.0026277722
2.3084371e-06
0.002627478
5.2832671e-06
0.0026270737
7.3998979e-06
0.0026265972
8.925564e-06
0.0026260895
9.9437643e-06
0.0026255929
1.0533027e-05
0.0026251535
1.0701108e-05
0.002624811
1.0407115e-05
0.0026245834
9.6451934e-06
0.0026244609
8.5100099e-06
0.0026244145
7.1793657e-06
0.0026244127
5.8382927e-06
0.0026244317
4.61785e-06
3.580841e-06
0.0026244574
0.0027753824
2.4286333e-06
0.0027750735
5.5924495e-06
0.0027746496
7.824017e-06
0.0027741523
9.4231157e-06
0.0027736264
1.0469732e-05
0.0027731185
1.1041002e-05
0.0027726773
1.1142435e-05
0.0027723413
1.0743161e-05
0.0027721243
9.8622319e-06
0.0027720113
8.6229928e-06
0.0027719711
7.2196058e-06
0.0027719722
5.8371518e-06
0.0027719921
4.5980184e-06
3.5554285e-06
0.0027720175
0.0029312844
2.5543396e-06
0.0029309602
5.9168633e-06
0.0029305163
8.268193e-06
0.002929998
9.9415595e-06
0.0029294544
1.1013558e-05
0.0029289364
1.1559062e-05
0.0029284949
1.1584011e-05
0.0029281667
1.1071397e-05
0.0029279606
1.0068375e-05
0.002927857
8.7266394e-06
0.0029278226
7.2540056e-06
0.0029278264
5.8333782e-06
0.0029278469
4.5774863e-06
3.5303001e-06
0.0029278721
0.0030959438
2.6857879e-06
0.003095604
6.2569346e-06
0.0030951396
8.7328618e-06
0.0030946004
1.0480949e-05
0.0030940395
1.1574577e-05
0.0030935129
1.2085792e-05
0.0030930728
1.2024162e-05
0.0030927536
1.1390684e-05
0.0030925587
1.0263337e-05
0.0030924641
8.8212272e-06
0.0030924352
7.2829629e-06
0.0030924414
5.827188e-06
0.0030924624
4.556413e-06
3.5055125e-06
0.0030924872
0.0032698526
2.8232101e-06
0.003269497
6.6128889e-06
0.0032690115
9.218582e-06
0.0032684514
1.1041305e-05
0.0032678743
1.2151788e-05
0.0032673406
1.2619604e-05
0.0032669037
1.2461191e-05
0.0032665944
1.1699981e-05
0.0032664109
1.0446938e-05
0.0032663251
8.907074e-06
0.0032663012
7.306867e-06
0.0032663095
5.8188375e-06
0.0032663311
4.5348965e-06
3.4810763e-06
0.0032663555
0.0034535305
2.9668231e-06
0.0034531587
6.9850099e-06
0.0034526519
9.725641e-06
0.003452071
1.16224e-05
0.0034514789
1.2744076e-05
0.0034509399
1.3158756e-05
0.0034505077
1.2893407e-05
0.0034502094
1.1998352e-05
0.0034500373
1.06191e-05
0.0034499599
8.9845305e-06
0.0034499407
7.3261011e-06
0.003449951
5.8085448e-06
0.0034499729
4.5130155e-06
3.4570046e-06
0.003449997
0.0036475262
3.1168323e-06
0.0036471379
7.3735861e-06
0.0036466097
1.0254132e-05
0.0036460086
1.222378e-05
0.0036454027
1.3350135e-05
0.0036448602
1.3701371e-05
0.0036444345
1.3319139e-05
0.003644148
1.2284985e-05
0.0036439873
1.0779832e-05
0.0036439179
9.0539713e-06
0.003643903
7.3410074e-06
0.003643915
5.7965411e-06
0.0036439372
4.4908572e-06
3.4333001e-06
0.0036439609
0.0038524192
3.2734257e-06
0.0038520143
7.7788613e-06
0.0038514647
1.0803951e-05
0.0038508441
1.2844728e-05
0.003850226
1.3968428e-05
0.003849682
1.4245452e-05
0.0038492645
1.3736766e-05
0.0038489903
1.255919e-05
0.003848841
1.0929229e-05
0.0038487792
9.1157865e-06
0.0038487683
7.3519141e-06
0.0038487819
5.7830227e-06
0.0038488042
4.4685028e-06
3.4099733e-06
0.0038488276
0.0040688219
3.4367519e-06
0.0040684
8.201017e-06
0.0040678295
1.1374841e-05
0.0040671902
1.3484231e-05
0.0040665617
1.4597189e-05
0.0040660183
1.4788909e-05
0.0040656105
1.4144738e-05
0.0040653493
1.2820404e-05
0.0040652111
1.1067464e-05
0.0040651566
9.1703787e-06
0.0040651493
7.3591693e-06
0.0040651642
5.7681508e-06
0.0040651867
4.4460074e-06
3.3870323e-06
0.0040652097
0.0042973806
3.6069163e-06
0.004296942
8.6399885e-06
0.0042963508
1.1966348e-05
0.0042956943
1.414109e-05
0.0042950572
1.5234422e-05
0.0042945167
1.532958e-05
0.0042941199
1.4541593e-05
0.0042938722
1.3068191e-05
0.004293745
1.1194771e-05
0.0042936972
9.2181558e-06
0.0042936933
7.3630703e-06
0.0042937094
5.7520946e-06
0.004293732
4.4234405e-06
3.3644869e-06
0.0042937546
0.0045387784
3.7839751e-06
0.0045383232
9.0955512e-06
0.0045377122
1.2577757e-05
0.0045370397
1.4813818e-05
0.0045363964
1.5877912e-05
0.0045358609
1.5865259e-05
0.0045354766
1.492598e-05
0.0045352426
1.3302237e-05
0.004535126
1.1311444e-05
0.0045350847
9.2595311e-06
0.0045350839
7.3639103e-06
0.004535101
5.7350115e-06
0.0045351236
4.4008616e-06
3.3423485e-06
0.0045351457
0.0047937365
3.9679166e-06
0.0047932652
9.5672863e-06
0.0047926354
1.320793e-05
0.0047919487
1.5500755e-05
0.0047913016
1.6525227e-05
0.0047907733
1.6393727e-05
0.0047904027
1.5296669e-05
0.0047901827
1.3522351e-05
0.0047900763
1.1417827e-05
0.004790041
9.2949125e-06
0.004790043
7.3619839e-06
0.004790061
5.7170463e-06
0.0047900835
4.3783282e-06
3.3206301e-06
0.0047901053
0.0050630166
4.1586444e-06
0.0050625298
1.0054552e-05
0.0050618826
1.3855503e-05
0.0050611838
1.61998e-05
0.0050605355
1.717374e-05
0.0050600166
1.6912774e-05
0.0050596608
1.5652562e-05
0.0050594548
1.372845e-05
0.0050593584
1.1514305e-05
0.0050593287
9.3247119e-06
0.0050593331
7.3575638e-06
0.0050593519
5.6983425e-06
0.0050593743
4.3558999e-06
3.2993497e-06
0.0050593956
0.0053474236
4.3559038e-06
0.005346922
1.0556504e-05
0.0053462591
1.4518877e-05
0.0053455508
1.6908368e-05
0.0053449041
1.7820642e-05
0.0053443968
1.7420228e-05
0.0053440568
1.5992703e-05
0.0053438648
1.3920561e-05
0.0053437778
1.1601299e-05
0.0053437532
9.3493404e-06
0.0053437599
7.3509065e-06
0.0053437793
5.6790409e-06
0.0053438015
4.3336422e-06
3.2785291e-06
0.0053438224
0.0056478068
4.5593759e-06
0.0056472917
1.1072079e-05
0.0056466151
1.5195883e-05
0.0056459002
1.762352e-05
0.0056452581
1.8462962e-05
0.0056447645
1.7913981e-05
0.0056444411
1.6316281e-05
0.0056442629
1.4098803e-05
0.005644185
1.1679259e-05
0.0056441652
9.3691987e-06
0.0056441739
7.3422899e-06
0.0056441937
5.6592786e-06
0.0056442157
4.3116128e-06
3.2581939e-06
0.0056442361
0.0059650642
4.7686258e-06
0.0059645371
1.1599654e-05
0.0059638494
1.5884011e-05
0.0059631312
1.8342017e-05
0.0059624968
1.9097584e-05
0.0059620189
1.8392003e-05
0.0059617127
1.6622624e-05
0.0059615482
1.4263386e-05
0.0059614789
1.174866e-05
0.0059614634
9.384695e-06
0.0059614738
7.3319515e-06
0.0059614939
5.6391948e-06
0.0059615157
4.2898874e-06
3.2383775e-06
0.0059615355
0.0063001435
4.9830096e-06
0.0062996064
1.2137234e-05
0.0062989106
1.6580242e-05
0.0062981927
1.9060243e-05
0.0062975692
1.972128e-05
0.006297109
1.8852368e-05
0.0062968206
1.6911204e-05
0.0062966694
1.4414594e-05
0.0062966082
1.1809993e-05
0.0062965967
9.3962298e-06
0.0062966085
7.3201464e-06
0.0062966288
5.6189287e-06
0.0062966502
4.2685381e-06
3.2191185e-06
0.0062966695
0.006654046
5.2016766e-06
0.0066535013
1.2682356e-05
0.006652801
1.7281014e-05
0.0066520874
1.9774198e-05
0.0066514782
2.0330724e-05
0.0066510375
1.9293253e-05
0.0066507672
1.7181622e-05
0.0066506291
1.4552781e-05
0.0066505754
1.1863767e-05
0.0066505675
9.4042018e-06
0.0066505805
7.3071275e-06
0.0066506009
5.5986245e-06
0.0066506218
4.2476448e-06
3.2004609e-06
0.0066506405
0.0070278293
5.4235356e-06
0.0070272801
1.3232025e-05
0.0070265794
1.7982169e-05
0.0070258745
2.0479492e-05
0.0070252829
2.0922508e-05
0.0070248634
1.9712949e-05
0.0070246115
1.74336e-05
0.0070244861
1.4678353e-05
0.0070244394
1.19105e-05
0.0070244347
9.4090069e-06
0.0070244487
7.2931489e-06
0.0070244689
5.5784334e-06
0.0070244893
4.2272952e-06
3.1824565e-06
0.0070245073
0.0074226104
5.647216e-06
0.0074220602
1.3782644e-05
0.0074213639
1.8678906e-05
0.0074206724
2.1171341e-05
0.007420102
2.1493156e-05
0.0074197053
2.0109855e-05
0.0074194721
1.7666968e-05
0.0074193588
1.4791766e-05
0.0074193186
1.1950719e-05
0.0074193166
9.4110413e-06
0.0074193314
7.2784685e-06
0.0074193513
5.5585128e-06
0.007419371
4.2075853e-06
3.1651651e-06
0.0074193883
0.0078395687
5.8710259e-06
0.007839022
1.4329864e-05
0.0078383356
1.9365804e-05
0.0078376627
2.1844549e-05
0.007837117
2.2039123e-05
0.0078367445
2.0482463e-05
0.00783653
1.7881639e-05
0.0078364284
1.4893504e-05
0.0078363942
1.1984957e-05
0.0078363946
9.4107078e-06
0.0078364097
7.2633484e-06
0.0078364293
5.5390285e-06
0.0078364482
4.1886207e-06
3.1486554e-06
0.0078364648
0.0082799505
6.0929055e-06
0.0082794122
1.4868578e-05
0.0082787418
2.0036686e-05
0.0082780932
2.2493489e-05
0.0082775758
2.2556779e-05
0.0082772291
2.0829341e-05
0.0082770333
1.8077592e-05
0.0082769428
1.4984077e-05
0.0082769141
1.2013745e-05
0.0082769164
9.4084114e-06
0.0082769318
7.2480594e-06
0.0082769507
5.5201573e-06
0.0082769688
4.1705183e-06
3.1330062e-06
0.0082769844
0.0087450717
6.3103788e-06
0.0087445478
1.5392932e-05
0.0087439004
2.0684454e-05
0.0087432822
2.3112069e-05
0.0087427968
2.3042387e-05
0.0087424772
2.1149092e-05
0.0087423001
1.8254844e-05
0.0087422203
1.5063999e-05
0.0087421965
1.2037618e-05
0.0087422004
9.4045561e-06
0.0087422156
7.2328849e-06
0.0087422337
5.5020921e-06
0.0087422508
4.1534098e-06
3.1183088e-06
0.0087422656
0.0092363222
6.5205003e-06
0.0092358195
1.5896128e-05
0.0092352032
2.1301107e-05
0.009234622
2.3693671e-05
0.0092341725
2.3492047e-05
0.0092338815
2.1440309e-05
0.009233723
1.8413408e-05
0.0092336533
1.5133775e-05
0.0092336339
1.2057104e-05
0.009233639
9.3995535e-06
0.0092336538
7.2181179e-06
0.0092336709
5.4850385e-06
0.0092336869
4.1374411e-06
3.1046685e-06
0.0092337005
0.0097551701
6.7197994e-06
0.0097546963
1.6370315e-05
0.0097541202
2.1877655e-05
0.0097535831
2.4231069e-05
0.0097531737
2.3901617e-05
0.0097529127
2.1701501e-05
0.009752773
1.8553256e-05
0.0097527129
1.5193884e-05
0.0097526974
1.2072725e-05
0.0097527032
9.3938306e-06
0.0097527172
7.204078e-06
0.0097527331
5.4692287e-06
0.0097527478
4.1227793e-06
3.0922054e-06
0.0097527602
0.010303166
6.9042238e-06
0.01030273
1.6806467e-05
0.010302204
2.2403986e-05
0.010301719
2.4716312e-05
0.010301354
2.4266601e-05
0.010301125
2.1931008e-05
0.010301004
1.867426e-05
0.010300953
1.5244742e-05
0.010300941
1.2084973e-05
0.010300947
9.3878067e-06
0.01030096
7.1910951e-06
0.010300975
5.4549164e-06
0.010300988
4.1096178e-06
3.0810657e-06
0.010300999
0.010881947
7.0690822e-06
0.01088156
1.7194262e-05
0.010881095
2.2868708e-05
0.010880671
2.5140542e-05
0.010880356
2.4581974e-05
0.010880161
2.212687e-05
0.010880059
1.8776134e-05
0.010880017
1.5286707e-05
0.010880008
1.2094339e-05
0.010880013
9.3819242e-06
0.010880025
7.1795227e-06
0.010880038
5.4423759e-06
0.010880049
4.0981675e-06
3.071411e-06
0.010880059
0.011493244
7.2089909e-06
0.011492916
1.7521908e-05
0.011492526
2.3258964e-05
0.011492173
2.5493758e-05
0.011491914
2.4841938e-05
0.011491754
2.2286623e-05
0.011491672
1.8858278e-05
0.011491639
1.5319979e-05
0.011491632
1.2101283e-05
0.011491637
9.3766694e-06
0.011491647
7.1697851e-06
0.011491657
5.4319455e-06
0.011491667
4.0886882e-06
3.0634377e-06
0.011491675
0.012138882
7.3178082e-06
0.012138629
1.7776057e-05
0.012138328
2.3560092e-05
0.012138057
2.5764514e-05
0.012137859
2.5039684e-05
0.012137739
2.2407153e-05
0.012137678
1.8919685e-05
0.012137653
1.5344496e-05
0.012137648
1.2106095e-05
0.012137653
9.3724428e-06
0.01213766
7.1622952e-06
0.012137668
5.424002e-06
0.012137675
4.0814972e-06
3.0574001e-06
0.012137681
0.012820793
7.3886271e-06
0.012820627
1.7941452e-05
0.012820432
2.3755284e-05
0.012820258
2.5939324e-05
0.01282013
2.516685e-05
0.012820053
2.2484409e-05
0.012820014
1.8958949e-05
0.012819998
1.5360128e-05
0.012819995
1.2109116e-05
0.012819998
9.3696845e-06
0.012820003
7.157465e-06
0.012820008
5.4189055e-06
0.012820013
4.076902e-06
3.0535532e-06
0.012820017
0.013541012
0.013540952
0.013540881
0.013540818
0.013540772
0.013540744
0.013540729
0.013540723
0.013540721
0.013540722
0.013540723
0.013540725
0.013540726
0.013540728
0.00016438178
1.2935405e-05
0.00014673974
1.764206e-05
0.0001297999
1.6939874e-05
0.00011733417
1.2465682e-05
0.00011064243
6.6917532e-06
0.00010868192
1.9604981e-06
0.00010907907
-3.9727509e-07
0.00010983478
-7.5558863e-07
0.00011010191
-2.6707988e-07
0.00010975693
3.4494764e-07
0.00010902854
7.2842023e-07
0.00010813175
8.9692e-07
0.00010716907
9.6253389e-07
0.00010617011
9.9896574e-07
0.00010514949
1.0206105e-06
0.00010413194
1.0175645e-06
0.00010314092
9.9096197e-07
0.00010218311
9.5786922e-07
0.00010125717
9.259451e-07
0.00010036488
8.9229428e-07
9.9507043e-05
8.5783709e-07
9.8687354e-05
8.1969109e-07
9.7908004e-05
7.793454e-07
9.7163078e-05
7.4493141e-07
9.6447081e-05
7.1599933e-07
9.5757058e-05
6.9002508e-07
9.5093111e-05
6.6394909e-07
9.4456565e-05
6.365476e-07
9.3845038e-05
6.1152945e-07
9.32547e-05
5.9034177e-07
9.2682819e-05
5.7188406e-07
9.2129445e-05
5.5337776e-07
9.1594687e-05
5.3476138e-07
9.1076755e-05
5.1793576e-07
9.0573689e-05
5.0306991e-07
9.0084117e-05
4.895748e-07
8.9608416e-05
4.757048e-07
8.9145532e-05
4.628866e-07
8.8694026e-05
4.5150941e-07
8.8253405e-05
4.406256e-07
8.782354e-05
4.2987036e-07
8.7403381e-05
4.201637e-07
8.6991856e-05
4.1153109e-07
8.658903e-05
4.0283063e-07
8.6194738e-05
3.9429797e-07
8.5808048e-05
3.8669519e-07
8.5428494e-05
3.795595e-07
8.5056139e-05
3.7236111e-07
8.4690465e-05
3.6568129e-07
8.4330948e-05
3.5952405e-07
8.3977421e-05
3.535341e-07
8.3629562e-05
3.4786649e-07
8.3287144e-05
3.4242484e-07
8.2949897e-05
3.3725563e-07
8.2617438e-05
3.3246741e-07
8.228987e-05
3.275757e-07
8.1966741e-05
3.2313877e-07
8.1647805e-05
3.1894442e-07
8.1333134e-05
3.1468166e-07
8.1022445e-05
3.1069872e-07
8.0715512e-05
3.0694254e-07
8.0412283e-05
3.0323922e-07
8.0112623e-05
2.9966986e-07
7.9816342e-05
2.9629321e-07
7.952346e-05
2.9289217e-07
7.9233812e-05
2.8965932e-07
7.8947206e-05
2.8661753e-07
7.8663647e-05
2.8356912e-07
7.838297e-05
2.8069122e-07
7.810507e-05
2.7790897e-07
7.7829914e-05
2.7516701e-07
7.7557431e-05
2.724956e-07
7.7287512e-05
2.6992605e-07
7.7020125e-05
2.6739893e-07
7.6755196e-05
2.6493468e-07
7.6492598e-05
2.6260128e-07
7.6232339e-05
2.6026838e-07
7.5974387e-05
2.5794794e-07
7.5718534e-05
2.5585079e-07
7.5464904e-05
2.5363206e-07
7.521347e-05
2.5141235e-07
7.4963849e-05
2.4960448e-07
7.4716392e-05
2.4744634e-07
7.4471159e-05
2.4518695e-07
7.4227478e-05
2.4363569e-07
7.3985668e-05
2.4179434e-07
7.3746566e-05
2.3905126e-07
7.3509217e-05
2.3725717e-07
7.3273167e-05
2.359916e-07
7.3040178e-05
2.32952e-07
7.2812647e-05
2.2753618e-07
7.2589027e-05
2.23587e-07
7.2368456e-05
2.2043391e-07
7.2172076e-05
1.9576544e-07
7.197202e-05
1.9915833e-07
1.3055919e-07
0.00019485371
8.8628245e-06
0.00019685079
1.5644977e-05
0.00019474423
1.9046434e-05
0.00018925536
1.7954583e-05
0.00018199669
1.3950421e-05
0.00017437862
9.5785752e-06
0.00016742653
6.5546457e-06
0.00016168822
4.982846e-06
0.0001571653
4.2558071e-06
0.00015363731
3.8729487e-06
0.00015082015
3.5455813e-06
0.00014841979
3.2974463e-06
0.00014625355
3.1286675e-06
0.00014424578
3.0067243e-06
0.00014237915
2.8872424e-06
0.00014064387
2.7528445e-06
0.00013902109
2.6136847e-06
0.00013748929
2.4897221e-06
0.00013603772
2.3775254e-06
0.00013466294
2.2670775e-06
0.00013336153
2.1592506e-06
0.00013213168
2.0495432e-06
0.00013096933
1.941693e-06
0.00012986503
1.849239e-06
0.00012881221
1.7688152e-06
0.0001278068
1.6954405e-06
0.00012684674
1.6240132e-06
0.00012593072
1.5525643e-06
0.00012505465
1.487603e-06
0.00012421381
1.4311907e-06
0.00012340473
1.3809622e-06
0.00012262609
1.3320277e-06
0.00012187664
1.2842114e-06
0.00012115377
1.2408095e-06
0.00012045486
1.2019816e-06
0.00011977798
1.1664588e-06
0.00011912256
1.1311282e-06
0.00011848699
1.0984582e-06
0.00011786942
1.0690864e-06
0.00011726882
1.0412324e-06
0.00011668451
1.0141856e-06
0.00011611513
9.8955191e-07
0.00011555929
9.6737517e-07
0.00011501659
9.4553038e-07
0.00011448654
9.2435672e-07
0.00011396803
9.0521526e-07
0.00011346033
8.8725928e-07
0.00011296321
8.6948873e-07
0.00011247598
8.5291933e-07
0.00011199794
8.3757356e-07
0.0001115287
8.2277545e-07
0.00011106779
8.0879007e-07
0.00011061481
7.9540711e-07
0.00011016936
7.827207e-07
0.00010973093
7.7090756e-07
0.00010929945
7.5905598e-07
0.00010887443
7.4817507e-07
0.00010845547
7.3791548e-07
0.00010804254
7.276205e-07
0.00010763529
7.1796237e-07
0.00010723341
7.0883212e-07
0.00010683675
6.9990759e-07
0.00010644512
6.9131055e-07
0.00010605826
6.8316159e-07
0.00010567613
6.7503604e-07
0.00010529853
6.6727555e-07
0.00010492518
6.5997351e-07
0.00010455606
6.5270334e-07
0.00010419094
6.4582332e-07
0.00010382967
6.3918747e-07
0.00010347219
6.3266867e-07
0.00010311836
6.2633022e-07
0.00010276807
6.2022216e-07
0.00010242124
6.1424346e-07
0.00010207777
6.0841345e-07
0.00010173749
6.0288354e-07
0.00010140038
5.9738953e-07
0.0001010664
5.9192297e-07
0.00010073529
5.8695895e-07
0.00010040716
5.8176625e-07
0.00010008199
5.7656083e-07
9.9759311e-05
5.7226545e-07
9.9439492e-05
5.6725338e-07
9.9122636e-05
5.6199411e-07
9.8807943e-05
5.5828009e-07
9.8495724e-05
5.5399563e-07
9.8187002e-05
5.4771783e-07
9.7880705e-05
5.434583e-07
9.7576206e-05
5.4042733e-07
9.7275618e-05
5.3349734e-07
9.6981908e-05
5.2124421e-07
9.6693737e-05
5.1171855e-07
9.6408569e-05
5.0546329e-07
9.6157483e-05
4.462185e-07
9.5893315e-05
4.6239718e-07
2.9495094e-07
0.00020105924
8.1842266e-06
0.00020264063
1.4063632e-05
0.00020449026
1.7196846e-05
0.00020550648
1.693831e-05
0.00020500861
1.4448279e-05
0.00020272516
1.1862021e-05
0.0001987406
1.0539124e-05
0.00019353926
1.0184293e-05
0.00018788051
9.9146015e-06
0.00018253026
9.2231977e-06
0.00017791884
8.1570219e-06
0.00017411046
7.1058908e-06
0.00017090199
6.3370446e-06
0.00016809899
5.8097077e-06
0.00016561417
5.3720726e-06
0.0001633764
4.990617e-06
0.00016131872
4.6713323e-06
0.00015939796
4.4105289e-06
0.00015760011
4.1753739e-06
0.00015591623
3.9509536e-06
0.00015433646
3.7390217e-06
0.00015285268
3.5333337e-06
0.00015145355
3.3408172e-06
0.0001501251
3.1776974e-06
0.00014886162
3.032296e-06
0.00014765939
2.8976709e-06
0.00014651539
2.768016e-06
0.00014542606
2.6418974e-06
0.00014438508
2.5285794e-06
0.00014338716
2.4291184e-06
0.00014242905
2.3390734e-06
0.00014150915
2.2519381e-06
0.00014062517
2.1681924e-06
0.00013977344
2.0925435e-06
0.00013895101
2.0244137e-06
0.00013815598
1.9614942e-06
0.00013738736
1.8997518e-06
0.00013664289
1.8429296e-06
0.00013592042
1.7915577e-06
0.00013521881
1.7428567e-06
0.00013453703
1.6959614e-06
0.00013387339
1.6532019e-06
0.00013322635
1.6144192e-06
0.00013259537
1.5765167e-06
0.00013197966
1.540075e-06
0.00013137793
1.5069528e-06
0.00013078939
1.4758087e-06
0.00013021361
1.4452671e-06
0.00012964975
1.4167903e-06
0.000129097
1.3903287e-06
0.00012855489
1.3648991e-06
0.00012802279
1.3408989e-06
0.00012750023
1.3179707e-06
0.0001269867
1.296262e-06
0.00012648163
1.2759875e-06
0.00012598487
1.255829e-06
0.00012549582
1.2372366e-06
0.00012501404
1.2196998e-06
0.00012453945
1.2022228e-06
0.00012407161
1.1858108e-06
0.00012361019
1.1702682e-06
0.00012315497
1.1551402e-06
0.00012270571
1.1405799e-06
0.00012226212
1.1267635e-06
0.00012182411
1.1130565e-06
0.00012139145
1.0999464e-06
0.00012096384
1.0876028e-06
0.00012054119
1.0753564e-06
0.00012012328
1.0637589e-06
0.00011970989
1.0525814e-06
0.00011930095
1.0416238e-06
0.00011889631
1.0309828e-06
0.00011849582
1.0207182e-06
0.00011809938
1.0106982e-06
0.00011770687
1.0009296e-06
0.00011731811
9.9165307e-07
0.00011693303
9.8247091e-07
0.00011655162
9.7333557e-07
0.00011617356
9.6501315e-07
0.00011579896
9.5636889e-07
0.00011542781
9.4769393e-07
0.00011505957
9.404762e-07
0.00011469464
9.3217243e-07
0.00011433314
9.2344921e-07
0.00011397419
9.1717902e-07
0.00011361809
9.1007283e-07
0.00011326599
8.9976912e-07
0.00011291673
8.9261546e-07
0.00011256959
8.8749762e-07
0.0001122269
8.7615051e-07
0.00011189197
8.5617828e-07
0.00011156356
8.4009348e-07
0.0001112384
8.3049634e-07
0.00011095259
7.3140366e-07
0.00011064996
7.6412075e-07
4.8107283e-07
0.00021176395
8.0780938e-06
0.00021211424
1.3713315e-05
0.00021268047
1.6630604e-05
0.0002133384
1.6280425e-05
0.00021388675
1.3899939e-05
0.00021416175
1.1587022e-05
0.00021399889
1.0701855e-05
0.00021307217
1.1111096e-05
0.00021101887
1.1967855e-05
0.00020768131
1.256077e-05
0.00020331636
1.2521961e-05
0.00019863919
1.1783212e-05
0.00019430605
1.0670102e-05
0.00019054777
9.5679798e-06
0.00018727863
8.6412209e-06
0.00018436883
7.9004125e-06
0.00018175931
7.2808098e-06
0.00017938853
6.7813456e-06
0.00017721049
6.3534262e-06
0.00017519503
5.9664198e-06
0.00017331948
5.6145734e-06
0.0001715675
5.285315e-06
0.00016991792
4.9903935e-06
0.00016835306
4.7425641e-06
0.00016687063
4.514725e-06
0.00016546592
4.3023851e-06
0.00016413371
4.1002254e-06
0.00016286725
3.9083651e-06
0.00016165775
3.7380786e-06
0.00016049982
3.5870524e-06
0.00015939062
3.4482818e-06
0.00015832818
3.3143755e-06
0.00015730883
3.1875502e-06
0.0001563275
3.0738832e-06
0.00015538114
2.9707705e-06
0.00015446809
2.8745568e-06
0.0001535868
2.7810455e-06
0.00015273416
2.6955643e-06
0.00015190774
2.6179873e-06
0.00015110634
2.5442653e-06
0.00015032862
2.4736858e-06
0.00014957238
2.4094453e-06
0.00014883599
2.3508122e-06
0.0001481188
2.2937168e-06
0.00014741967
2.2392106e-06
0.00014673709
2.1895344e-06
0.00014607023
2.1426766e-06
0.00014541849
2.0970219e-06
0.00014478076
2.0545249e-06
0.00014415619
2.0149096e-06
0.00014354418
1.9769158e-06
0.00014294397
1.9411186e-06
0.00014235499
1.9069595e-06
0.00014177661
1.8746457e-06
0.00014120821
1.8444047e-06
0.00014064952
1.8145254e-06
0.00014009986
1.7869051e-06
0.00013955875
1.7608219e-06
0.00013902602
1.7349652e-06
0.00013850116
1.7106825e-06
0.00013798379
1.6876537e-06
0.00013747363
1.6653049e-06
0.00013697041
1.6438181e-06
0.00013647377
1.6234138e-06
0.0001359836
1.6032444e-06
0.00013549961
1.5839498e-06
0.00013502146
1.5657656e-06
0.00013454905
1.5477764e-06
0.00013408209
1.5307367e-06
0.00013362036
1.5143188e-06
0.00013316374
1.4982556e-06
0.00013271207
1.4826711e-06
0.00013226517
1.4676305e-06
0.0001318229
1.4529791e-06
0.00013138514
1.4386988e-06
0.00013095167
1.4251292e-06
0.00013052241
1.411734e-06
0.00013009734
1.3984113e-06
0.0001296761
1.3862461e-06
0.00012925879
1.3736769e-06
0.0001288454
1.3610588e-06
0.00012843537
1.3504908e-06
0.00012802907
1.3384637e-06
0.00012762664
1.3258265e-06
0.00012722714
1.316617e-06
0.00012683088
1.3063159e-06
0.00012643907
1.2915177e-06
0.00012605052
1.2810593e-06
0.00012566441
1.273536e-06
0.00012528324
1.2572736e-06
0.00012491064
1.2287707e-06
0.00012454547
1.2052206e-06
0.0001241839
1.1919367e-06
0.00012386606
1.0485777e-06
0.0001235289
1.100311e-06
6.8739694e-07
0.00022365563
7.9983932e-06
0.00022390088
1.3468104e-05
0.00022421098
1.6320582e-05
0.00022447665
1.6014687e-05
0.00022464749
1.3729057e-05
0.00022475882
1.1475692e-05
0.00022486823
1.0592423e-05
0.00022496794
1.1011459e-05
0.00022494492
1.1990901e-05
0.00022454731
1.2958396e-05
0.00022338608
1.3683209e-05
0.00022109344
1.4075887e-05
0.00021770353
1.4059937e-05
0.00021372783
1.3543677e-05
0.00020973068
1.2638382e-05
0.00020605293
1.1578162e-05
0.00020275078
1.0582944e-05
0.00019975959
9.7725502e-06
0.00019704839
9.0646346e-06
0.00019457354
8.4412629e-06
0.00019229112
7.896997e-06
0.00019017607
7.400369e-06
0.00018820639
6.9600736e-06
0.00018636096
6.5879961e-06
0.00018462564
6.2500519e-06
0.00018298886
5.93917e-06
0.00018144169
5.6473965e-06
0.00017997302
5.3770356e-06
0.00017857143
5.1396762e-06
0.00017723252
4.9259588e-06
0.00017595394
4.7268657e-06
0.00017473264
4.5356835e-06
0.00017356263
4.3575678e-06
0.00017243724
4.1992704e-06
0.00017135394
4.0540809e-06
0.00017031126
3.9172376e-06
0.00016930668
3.7856329e-06
0.00016833596
3.6662861e-06
0.00016739643
3.5575218e-06
0.00016648696
3.4537371e-06
0.00016560573
3.3549267e-06
0.00016474986
3.2653223e-06
0.00016391768
3.1829961e-06
0.00016310841
3.1029932e-06
0.00016232047
3.0271609e-06
0.00016155208
2.9579269e-06
0.00016080239
2.892378e-06
0.00016007053
2.8288858e-06
0.00015935513
2.7699358e-06
0.00015865526
2.7147863e-06
0.0001579702
2.6619847e-06
0.00015729899
2.612343e-06
0.00015664095
2.5650065e-06
0.00015599534
2.520263e-06
0.00015536143
2.4783271e-06
0.00015473886
2.4371068e-06
0.00015412682
2.3989576e-06
0.00015352478
2.3628745e-06
0.00015293248
2.3272756e-06
0.00015234932
2.2938573e-06
0.00015177486
2.2621233e-06
0.00015120878
2.2314047e-06
0.0001506507
2.2019061e-06
0.00015010025
2.1738782e-06
0.00014955725
2.1462598e-06
0.00014902136
2.1198496e-06
0.00014849221
2.0949335e-06
0.00014796965
2.0703497e-06
0.00014745334
2.0470651e-06
0.00014694304
2.0246326e-06
0.00014643858
2.0027277e-06
0.00014593977
1.9814956e-06
0.00014544641
1.9609986e-06
0.00014495833
1.9410706e-06
0.00014447538
1.9216554e-06
0.00014399732
1.9031948e-06
0.00014352405
1.8850179e-06
0.00014305551
1.8669498e-06
0.00014259134
1.850412e-06
0.0001421316
1.8334129e-06
0.00014167629
1.8163456e-06
0.0001412248
1.8019576e-06
0.0001407775
1.7857554e-06
0.00014033454
1.7687325e-06
0.00013989494
1.7561571e-06
0.00013945896
1.7422708e-06
0.00013902792
1.7225082e-06
0.00013860057
1.7082957e-06
0.000138176
1.698017e-06
0.00013775688
1.676353e-06
0.00013734712
1.6385413e-06
0.00013694572
1.6065801e-06
0.00013654831
1.5892286e-06
0.00013619876
1.3974804e-06
0.00013582772
1.4704082e-06
9.1379235e-07
0.00023623774
7.9173542e-06
0.00023647968
1.3226133e-05
0.00023677512
1.6025119e-05
0.00023699849
1.5791362e-05
0.0002370949
1.3632663e-05
0.0002371054
1.1465191e-05
0.00023710335
1.0594387e-05
0.0002371324
1.0982453e-05
0.00023719629
1.1926981e-05
0.00023726882
1.2885857e-05
0.00023728082
1.3671208e-05
0.00023705831
1.4298521e-05
0.00023630545
1.4812737e-05
0.00023467045
1.5178675e-05
0.0002320317
1.5277125e-05
0.00022865456
1.4955304e-05
0.00022499662
1.4240849e-05
0.00022144383
1.3325381e-05
0.00021814051
1.2367966e-05
0.00021507901
1.1502771e-05
0.00021224745
1.072855e-05
0.00020964112
1.0006699e-05
0.0002072326
9.3686021e-06
0.00020500206
8.8185404e-06
0.00020292586
8.3262485e-06
0.00020098134
7.8836943e-06
0.00019915305
7.4756864e-06
0.00019742825
7.101843e-06
0.00019579558
6.7723515e-06
0.0001942464
6.4751334e-06
0.00019277286
6.2004176e-06
0.00019136918
5.9393633e-06
0.00019002615
5.7006019e-06
0.0001887359
5.4895302e-06
0.00018749712
5.2928649e-06
0.00018630813
5.106229e-06
0.00018516471
4.9290609e-06
0.00018406129
4.7697047e-06
0.0001829952
4.6236194e-06
0.00018196541
4.4835287e-06
0.0001809693
4.3510426e-06
0.00018000312
4.2315142e-06
0.00017906531
4.1208137e-06
0.00017815487
4.0134341e-06
0.00017726962
3.91242e-06
0.00017640751
3.8200459e-06
0.00017556767
3.7322301e-06
0.00017474887
3.647694e-06
0.00017394937
3.56944e-06
0.00017316825
3.4959153e-06
0.00017240458
3.425666e-06
0.00017165714
3.3597931e-06
0.00017092517
3.2969888e-06
0.00017020776
3.2376771e-06
0.00016950407
3.1820321e-06
0.0001688136
3.1275827e-06
0.00016813541
3.0771611e-06
0.00016746891
3.0293874e-06
0.00016681373
2.9824701e-06
0.00016616914
2.938457e-06
0.00016553467
2.8966113e-06
0.00016490989
2.856202e-06
0.00016429436
2.817446e-06
0.00016368765
2.7806076e-06
0.00016308951
2.7444131e-06
0.00016249954
2.7098288e-06
0.00016191733
2.6771672e-06
0.00016134266
2.6450241e-06
0.00016077516
2.6145871e-06
0.00016021454
2.5852641e-06
0.00015966059
2.5566901e-06
0.00015911309
2.5290183e-06
0.00015857179
2.5023029e-06
0.0001580365
2.4763779e-06
0.00015750704
2.4511311e-06
0.00015698312
2.4271161e-06
0.00015646462
2.4035255e-06
0.00015595148
2.3800918e-06
0.00015544328
2.3585991e-06
0.00015494009
2.3366106e-06
0.00015444187
2.3145379e-06
0.00015394799
2.2958163e-06
0.00015345879
2.2749397e-06
0.00015297445
2.2530162e-06
0.00015249393
2.2366141e-06
0.00015201746
2.2187123e-06
0.00015154643
2.1934784e-06
0.00015107958
2.1750322e-06
0.00015061589
2.1616143e-06
0.00015015816
2.1340326e-06
0.0001497106
2.0861078e-06
0.00014927236
2.0447591e-06
0.00014883859
2.0228825e-06
0.00014845669
1.7786802e-06
0.00014805124
1.8748344e-06
1.1605636e-06
0.00024952694
7.8348613e-06
0.00024977307
1.2980036e-05
0.00025007145
1.5726817e-05
0.00025029604
1.5566716e-05
0.00025038752
1.3541152e-05
0.00025038191
1.1470805e-05
0.0002503531
1.0623197e-05
0.0002503466
1.0989e-05
0.00025037067
1.1902927e-05
0.00025041675
1.2839794e-05
0.00025047362
1.3614345e-05
0.00025052528
1.4246862e-05
0.00025053247
1.4805506e-05
0.00025038596
1.532519e-05
0.0002498731
1.5789986e-05
0.00024867616
1.6152247e-05
0.00024659128
1.6325729e-05
0.00024372353
1.6193137e-05
0.00024040505
1.5686447e-05
0.00023699578
1.4912045e-05
0.00023372197
1.4002358e-05
0.00023062293
1.3105745e-05
0.00022768364
1.2307896e-05
0.0002249479
1.1554285e-05
0.00022241102
1.0863134e-05
0.00022004612
1.0248589e-05
0.00021783757
9.6842406e-06
0.00021577022
9.1692006e-06
0.00021383117
8.7114077e-06
0.00021200693
8.2993676e-06
0.00021028212
7.9252368e-06
0.00020864609
7.5753958e-06
0.00020708976
7.2569396e-06
0.00020560545
6.9738428e-06
0.00020418717
6.7111511e-06
0.00020282993
6.4634753e-06
0.00020152697
6.2320237e-06
0.00020027143
6.0252501e-06
0.00019906116
5.8338968e-06
0.00019789504
5.6496532e-06
0.00019676899
5.4770967e-06
0.00019567836
5.3221525e-06
0.00019462196
5.1772205e-06
0.00019359834
5.0370606e-06
0.0001926045
4.9062668e-06
0.00019163816
4.7864034e-06
0.00019069842
4.6719726e-06
0.00018978352
4.5626026e-06
0.00018889131
4.4616557e-06
0.00018802093
4.3663118e-06
0.00018717111
4.2754913e-06
0.00018634034
4.1905784e-06
0.00018552776
4.1095742e-06
0.00018473229
4.0331646e-06
0.00018395289
3.9614421e-06
0.00018318894
3.8915396e-06
0.00018243932
3.826799e-06
0.00018170337
3.7653493e-06
0.00018098058
3.7052728e-06
0.00018027009
3.6489638e-06
0.00017957135
3.5953637e-06
0.00017888384
3.5437323e-06
0.00017820702
3.4942726e-06
0.0001775404
3.4472491e-06
0.00017688365
3.4011788e-06
0.00017623629
3.3572002e-06
0.00017559785
3.3156296e-06
0.00017496806
3.2748212e-06
0.00017434647
3.2361939e-06
0.00017373277
3.1989795e-06
0.00017312669
3.1627925e-06
0.00017252794
3.1277815e-06
0.00017193627
3.0939827e-06
0.00017135142
3.061245e-06
0.00017077318
3.029382e-06
0.00017020123
2.9990626e-06
0.00016963543
2.9693479e-06
0.00016907566
2.9398561e-06
0.0001685215
2.9127506e-06
0.00016797296
2.8851512e-06
0.00016743002
2.8574555e-06
0.00016689199
2.8338197e-06
0.00016635919
2.8077211e-06
0.00016583182
2.7803347e-06
0.00016530878
2.7595798e-06
0.00016479027
2.7371916e-06
0.00016427775
2.7059507e-06
0.00016376992
2.6827314e-06
0.00016326569
2.6657421e-06
0.00016276797
2.6317123e-06
0.00016228124
2.5728556e-06
0.00016180487
2.5210673e-06
0.00016133348
2.4941741e-06
0.00016091801
2.1934891e-06
0.00016047689
2.3149802e-06
1.4286178e-06
0.00026356378
7.751512e-06
0.00026381439
1.2729394e-05
0.00026411718
1.5423997e-05
0.00026434697
1.5336963e-05
0.00026444226
1.344588e-05
0.00026443559
1.1477473e-05
0.00026440082
1.0657907e-05
0.00026438514
1.1004699e-05
0.00026439807
1.1889987e-05
0.00026443038
1.2807475e-05
0.00026447125
1.3573469e-05
0.00026451456
1.4203646e-05
0.00026455733
1.4762693e-05
0.00026459246
1.5290062e-05
0.00026459494
1.5787507e-05
0.00026449248
1.6254702e-05
0.00026412636
1.6691828e-05
0.0002632391
1.7080424e-05
0.00026158367
1.7341886e-05
0.00025913371
1.7362017e-05
0.00025612277
1.7013302e-05
0.00025287233
1.6356188e-05
0.00024962724
1.5552981e-05
0.00024649492
1.4686608e-05
0.0002434904
1.3867664e-05
0.00024064326
1.3095723e-05
0.0002379781
1.2349412e-05
0.00023547774
1.1669564e-05
0.00023313459
1.1054555e-05
0.00023094116
1.0492799e-05
0.00022888016
9.986244e-06
0.00022693709
9.5184727e-06
0.00022510245
9.0915805e-06
0.00022336803
8.7082716e-06
0.00022172167
8.3575218e-06
0.00022015308
8.0320678e-06
0.00021865459
7.7305222e-06
0.00021721959
7.4602522e-06
0.00021584296
7.2105343e-06
0.00021452028
6.9723341e-06
0.00021324508
6.7523018e-06
0.00021201208
6.5551569e-06
0.00021082083
6.3684815e-06
0.00020966895
6.1889503e-06
0.00020855232
6.0229077e-06
0.00020746852
5.8702072e-06
0.0002064167
5.7238051e-06
0.00020539419
5.5851205e-06
0.00020439846
5.4573932e-06
0.00020342878
5.3360013e-06
0.00020248337
5.2209096e-06
0.00020156034
5.1136228e-06
0.0002006588
5.0111225e-06
0.00019977737
4.9146059e-06
0.00019891483
4.8240022e-06
0.00019807037
4.7360073e-06
0.00019724266
4.6545257e-06
0.00019643097
4.5770524e-06
0.0001956346
4.5016545e-06
0.00019485253
4.4310502e-06
0.00019408414
4.3637652e-06
0.00019332877
4.2991237e-06
0.00019258578
4.2372684e-06
0.00019185459
4.1784571e-06
0.00019113479
4.1210011e-06
0.00019042579
4.0662126e-06
0.00018972705
4.0143866e-06
0.00018903825
3.9636366e-06
0.00018835884
3.9156228e-06
0.00018768848
3.8693638e-06
0.0001870268
3.8244819e-06
0.0001863735
3.7810993e-06
0.00018572827
3.739229e-06
0.00018509078
3.6987495e-06
0.0001844608
3.6593751e-06
0.00018383796
3.6219015e-06
0.00018322207
3.5852566e-06
0.000182613
3.5489206e-06
0.00018201028
3.515464e-06
0.00018141388
3.4815498e-06
0.00018082378
3.447536e-06
0.00018023922
3.4183388e-06
0.00017966053
3.3863998e-06
0.00017908789
3.3529193e-06
0.00017852016
3.3272326e-06
0.00017795749
3.2998295e-06
0.0001774014
3.2619831e-06
0.0001768506
3.2334017e-06
0.00017630387
3.2123617e-06
0.00017576423
3.1713033e-06
0.00017523646
3.1006361e-06
0.00017472015
3.0372998e-06
0.0001742094
3.0048118e-06
0.00017375868
2.6434881e-06
0.00017328013
2.792457e-06
1.7188494e-06
0.00027839056
7.6677606e-06
0.00027864543
1.2474537e-05
0.0002789524
1.5117097e-05
0.00027918744
1.51019e-05
0.00027928773
1.3345558e-05
0.00027928351
1.1481693e-05
0.00027924804
1.069339e-05
0.00027922959
1.1023167e-05
0.00027923898
1.1880617e-05
0.00027926745
1.2779013e-05
0.00027930365
1.3537277e-05
0.00027934094
1.416634e-05
0.00027937735
1.4726271e-05
0.00027941268
1.5254733e-05
0.0002794453
1.575489e-05
0.00027946968
1.623033e-05
0.00027946843
1.6693082e-05
0.00027939285
1.7156011e-05
0.00027912486
1.7609873e-05
0.0002784586
1.802827e-05
0.00027711877
1.8353135e-05
0.00027499596
1.8479008e-05
0.0002722513
1.8297642e-05
0.00026915578
1.7782132e-05
0.00026596015
1.7063297e-05
0.00026282392
1.6231961e-05
0.00025977954
1.5393791e-05
0.00025683146
1.4617645e-05
0.00025403684
1.3849177e-05
0.00025140525
1.3124394e-05
0.00024892872
1.246278e-05
0.00024660125
1.184595e-05
0.00024441084
1.1281992e-05
0.00024234833
1.0770791e-05
0.0002404023
1.0303556e-05
0.00023855882
9.8755584e-06
0.00023680908
9.4802667e-06
0.00023514635
9.1229852e-06
0.00023356132
8.7955718e-06
0.00023204456
8.4890972e-06
0.00023058963
8.2072375e-06
0.00022919116
7.9536386e-06
0.00022784502
7.7146249e-06
0.00022654622
7.4877628e-06
0.00022528921
7.2799296e-06
0.00022407172
7.0876991e-06
0.00022289284
6.9026987e-06
0.00022174862
6.7293539e-06
0.00022063617
6.5698483e-06
0.00021955497
6.4172147e-06
0.00021850244
6.273453e-06
0.00021747628
6.1397933e-06
0.00021647563
6.0117791e-06
0.00021549869
5.8915653e-06
0.00021454396
5.7787418e-06
0.00021361048
5.6695005e-06
0.00021269663
5.5683944e-06
0.00021180159
5.4721063e-06
0.00021092442
5.3788362e-06
0.00021006391
5.2915713e-06
0.00020921938
5.2083177e-06
0.00020838995
5.1285711e-06
0.0002075749
5.0523279e-06
0.00020677353
4.9798509e-06
0.0002059853
4.9092471e-06
0.00020520953
4.8419944e-06
0.00020444559
4.7783482e-06
0.00020369307
4.7161758e-06
0.00020295132
4.6573878e-06
0.00020221995
4.6007499e-06
0.00020149853
4.5459241e-06
0.00020078667
4.4929805e-06
0.000200084
4.4419033e-06
0.00019939016
4.3926148e-06
0.00019870484
4.3447063e-06
0.00019802764
4.2991057e-06
0.0001973583
4.2546108e-06
0.00019669668
4.2105399e-06
0.00019604224
4.1698881e-06
0.00019539493
4.1288638e-06
0.00019475469
4.0877485e-06
0.00019412074
4.0522507e-06
0.00019349335
4.0137793e-06
0.00019287271
3.9735037e-06
0.00019225763
3.9422201e-06
0.00019164822
3.9092111e-06
0.00019104604
3.8641117e-06
0.00019044979
3.8295017e-06
0.00018985818
3.8038661e-06
0.00018927426
3.7551659e-06
0.00018870315
3.6717683e-06
0.0001881447
3.5956771e-06
0.00018759244
3.5569767e-06
0.00018710444
3.1308107e-06
0.00018658628
3.3096217e-06
2.0327751e-06
0.00029405174
7.5840668e-06
0.00029431028
1.2215973e-05
0.0002946211
1.4806237e-05
0.00029486121
1.4861832e-05
0.00029496667
1.3240113e-05
0.00029496595
1.1482406e-05
0.00029493178
1.0727519e-05
0.00029491301
1.1041946e-05
0.0002949213
1.1872328e-05
0.00029494857
1.2751734e-05
0.00029498351
1.3502334e-05
0.00029501927
1.4130651e-05
0.00029505367
1.469185e-05
0.00029508673
1.5221664e-05
0.00029511795
1.5723677e-05
0.00029514652
1.6201755e-05
0.00029517123
1.6668362e-05
0.00029518844
1.7138824e-05
0.0002951854
1.7612917e-05
0.00029512754
1.8086146e-05
0.00029492419
1.8556483e-05
0.00029440115
1.900205e-05
0.00029330954
1.9389256e-05
0.00029146646
1.9625215e-05
0.00028893416
1.9595595e-05
0.00028597139
1.9194738e-05
0.00028283282
1.8532364e-05
0.0002796837
1.7766766e-05
0.00027659034
1.694254e-05
0.00027356688
1.6147861e-05
0.00027066243
1.5367233e-05
0.00026790773
1.4600659e-05
0.00026529875
1.3890973e-05
0.00026283836
1.3231185e-05
0.00026052104
1.2620886e-05
0.00025833354
1.2063069e-05
0.00025626626
1.1547553e-05
0.00025431043
1.1078821e-05
0.00025245611
1.064989e-05
0.0002506911
1.0254112e-05
0.00024900904
9.8893078e-06
0.0002474041
9.5585899e-06
0.00024586695
9.2517776e-06
0.00024439018
8.9645438e-06
0.0002429684
8.7017212e-06
0.00024159746
8.458648e-06
0.0002402733
8.2268705e-06
0.00023899017
8.0124899e-06
0.00023774504
7.8149877e-06
0.00023653755
7.6247219e-06
0.00023536396
7.4470481e-06
0.00023422164
7.2821319e-06
0.00023310973
7.1236983e-06
0.0002320258
6.9755074e-06
0.00023096811
6.836451e-06
0.00022993545
6.7021694e-06
0.00022892587
6.5779881e-06
0.00022793844
6.45955e-06
0.00022697191
6.3453867e-06
0.00022602485
6.2386454e-06
0.00022509647
6.1367111e-06
0.00022418567
6.0393943e-06
0.00022329161
5.9464038e-06
0.00022241343
5.8580528e-06
0.00022155045
5.7722353e-06
0.00022070189
5.6905769e-06
0.00021986698
5.613284e-06
0.0002190452
5.5379632e-06
0.00021823583
5.4667848e-06
0.00021743838
5.3982164e-06
0.00021665232
5.3320011e-06
0.00021587721
5.2681176e-06
0.0002151126
5.2065236e-06
0.00021435803
5.1471981e-06
0.00021361318
5.0895768e-06
0.00021287755
5.0347359e-06
0.00021215084
4.9813366e-06
0.00021143287
4.9285093e-06
0.00021072304
4.8797045e-06
0.00021002125
4.830661e-06
0.00020932742
4.7815521e-06
0.00020864071
4.738921e-06
0.00020796134
4.6931285e-06
0.00020728952
4.6452612e-06
0.00020662401
4.6076403e-06
0.00020596483
4.5683568e-06
0.00020531361
4.5152711e-06
0.00020466907
4.4738946e-06
0.00020402976
4.4430555e-06
0.00020339884
4.3860331e-06
0.00020278172
4.2889015e-06
0.00020217854
4.1987696e-06
0.00020158227
4.1531425e-06
0.00020105464
3.6577001e-06
0.0002004943
3.8688429e-06
2.3716831e-06
0.00031059414
7.5009921e-06
0.00031085587
1.1954234e-05
0.00031117032
1.4491819e-05
0.00031141502
1.4617142e-05
0.0003115257
1.3129411e-05
0.00031152899
1.1479117e-05
0.00031149701
1.0759524e-05
0.00031147916
1.1059807e-05
0.00031148758
1.1863918e-05
0.00031151479
1.2724533e-05
0.00031154969
1.346743e-05
0.00031158535
1.4094977e-05
0.00031161953
1.465767e-05
0.00031165219
1.5189002e-05
0.00031168296
1.5692915e-05
0.00031171142
1.6173307e-05
0.00031173725
1.6642528e-05
0.00031176042
1.7115659e-05
0.00031177984
1.7593498e-05
0.00031179221
1.8073776e-05
0.00031178803
1.856067e-05
0.00031173979
1.9050293e-05
0.00031157968
1.9549371e-05
0.0003111597
2.00452e-05
0.00031025459
2.0500702e-05
0.00030862399
2.0825344e-05
0.00030625795
2.0898405e-05
0.00030340472
2.062e-05
0.00030031193
2.0035339e-05
0.00029715168
1.9308108e-05
0.00029402007
1.8498851e-05
0.00029093562
1.7685111e-05
0.00028792891
1.6897696e-05
0.00028505395
1.6106145e-05
0.00028231766
1.5357181e-05
0.00027972473
1.4656013e-05
0.00027727466
1.3997626e-05
0.00027495958
1.3393912e-05
0.00027277189
1.2837581e-05
0.00027069905
1.2326961e-05
0.00026873218
1.1856186e-05
0.00026686411
1.1426668e-05
0.00026508433
1.1031565e-05
0.00026338404
1.0664841e-05
0.00026175787
1.0327908e-05
0.00026019878
1.0017749e-05
0.0002586989
9.7267623e-06
0.00025725256
9.4588404e-06
0.00025585547
9.2120814e-06
0.00025450393
8.9762789e-06
0.00025319251
8.7584746e-06
0.00025191842
8.5562439e-06
0.00025068074
8.3613848e-06
0.00024947614
8.1801209e-06
0.00024830267
8.009936e-06
0.00024715883
7.8460314e-06
0.00024604218
7.6946535e-06
0.0002449517
7.5500471e-06
0.0002438857
7.4114005e-06
0.00024284255
7.2818094e-06
0.00024182132
7.1579596e-06
0.00024082057
7.0401636e-06
0.00023983938
6.9276158e-06
0.00023887666
6.8207858e-06
0.00023793159
6.7173239e-06
0.00023700322
6.6189692e-06
0.00023609064
6.5258911e-06
0.00023519321
6.4354022e-06
0.00023431008
6.3499417e-06
0.00023344068
6.2676331e-06
0.00023258435
6.188347e-06
0.00023174058
6.1119203e-06
0.00023090882
6.0382933e-06
0.00023008852
5.9675087e-06
0.0002292793
5.8988159e-06
0.00022848059
5.8334511e-06
0.00022769201
5.7699332e-06
0.00022691334
5.7071821e-06
0.0002261439
5.649122e-06
0.00022538355
5.591021e-06
0.00022463217
5.5329048e-06
0.00022388886
5.4821843e-06
0.0002231538
5.4281771e-06
0.00022242717
5.3718241e-06
0.0002217077
5.3270138e-06
0.00022099531
5.2806986e-06
0.00022029171
5.2188199e-06
0.00021959561
5.1698414e-06
0.00021890543
5.1331045e-06
0.00021822438
5.0670261e-06
0.00021755822
4.95509e-06
0.00021690739
4.8495114e-06
0.00021626425
4.7961943e-06
0.00021569431
4.2269434e-06
0.00021508889
4.4732348e-06
2.7375974e-06
0.00032806748
7.4189262e-06
0.00032833161
1.1690083e-05
0.00032864931
1.4174106e-05
0.0003288984
1.4368071e-05
0.00032901439
1.3013417e-05
0.00032902201
1.1471498e-05
0.00032899267
1.0788838e-05
0.00032897629
1.1076193e-05
0.00032898555
1.1854662e-05
0.00032901338
1.2696691e-05
0.00032904898
1.3431846e-05
0.00032908533
1.405867e-05
0.00032912009
1.4622896e-05
0.00032915316
1.5155925e-05
0.00032918423
1.5661848e-05
0.00032921298
1.6144554e-05
0.00032923933
1.6616176e-05
0.00032926354
1.709146e-05
0.00032928546
1.7571595e-05
0.00032930456
1.8054682e-05
0.00032931989
1.8545347e-05
0.00032932826
1.904192e-05
0.00032932255
1.9555084e-05
0.00032928086
2.0086893e-05
0.00032915058
2.063099e-05
0.00032880272
2.1173202e-05
0.00032802254
2.1678592e-05
0.00032656385
2.2078692e-05
0.00032434592
2.2253272e-05
0.00032156459
2.2089447e-05
0.00031849447
2.1568974e-05
0.00031531813
2.0861454e-05
0.00031214426
2.0071575e-05
0.00030899904
1.925137e-05
0.00030589698
1.8459247e-05
0.00030290298
1.7650022e-05
0.00030003938
1.6861231e-05
0.00029731477
1.6118535e-05
0.00029473469
1.5417661e-05
0.00029229177
1.4769895e-05
0.00028997894
1.4169015e-05
0.00028778859
1.3617029e-05
0.00028571028
1.3109888e-05
0.00028373395
1.2641179e-05
0.00028185193
1.220994e-05
0.00028005595
1.181374e-05
0.00027833686
1.1445861e-05
0.00027668934
1.1106372e-05
0.00027510719
1.079424e-05
0.00027358255
1.0500937e-05
0.00027210999
1.0231047e-05
0.00027068544
9.9808082e-06
0.0002693047
9.7421356e-06
0.0002679631
9.5217316e-06
0.00026665867
9.3143826e-06
0.00026538941
9.1153046e-06
0.00026415228
8.9318079e-06
0.0002629462
8.756142e-06
0.0002617689
8.5887198e-06
0.00026061849
8.4322373e-06
0.00025949386
8.282602e-06
0.00025839317
8.1408764e-06
0.0002573154
8.0054048e-06
0.00025625919
7.8770165e-06
0.0002552235
7.7530375e-06
0.00025420721
7.635274e-06
0.00025320923
7.5238988e-06
0.00025222878
7.4158689e-06
0.00025126484
7.3139047e-06
0.00025031676
7.2157374e-06
0.0002493837
7.1214208e-06
0.00024846507
7.0305781e-06
0.00024756021
6.9431577e-06
0.00024666848
6.8592645e-06
0.00024578939
6.7779238e-06
0.00024492228
6.7005546e-06
0.00024406672
6.6255164e-06
0.00024322241
6.5514943e-06
0.0002423886
6.4829173e-06
0.00024156506
6.4145648e-06
0.00024075166
6.3462789e-06
0.00023994741
6.2863824e-06
0.00023915243
6.2231373e-06
0.00023836692
6.1572757e-06
0.00023758951
6.1043173e-06
0.00023682005
6.0501102e-06
0.0002360603
5.9785192e-06
0.00023530897
5.9210033e-06
0.00023456435
5.8775896e-06
0.00023382968
5.8016357e-06
0.00023311108
5.6737174e-06
0.0002324093
5.5511794e-06
0.00023171609
5.4893058e-06
0.00023110088
4.8414039e-06
0.0002304471
5.1258745e-06
3.1321929e-06
0.0003465243
7.3380687e-06
0.00034679009
1.1424266e-05
0.00034711037
1.3853831e-05
0.00034736351
1.4114962e-05
0.00034748492
1.2891995e-05
0.00034749726
1.1459167e-05
0.00034747092
1.0815204e-05
0.00034745637
1.1090741e-05
0.00034746681
1.1844238e-05
0.00034749566
1.2667834e-05
0.00034753238
1.3395131e-05
0.00034756991
1.4021119e-05
0.0003476058
1.4587012e-05
0.00034763984
1.5121895e-05
0.0003476717
1.5629996e-05
0.0003477011
1.6115154e-05
0.00034772808
1.6589211e-05
0.00034775304
1.7066499e-05
0.00034777603
1.7548606e-05
0.00034779685
1.8033857e-05
0.00034781536
1.8526842e-05
0.00034783086
1.9026426e-05
0.00034784262
1.9543332e-05
0.00034784815
2.0081368e-05
0.00034784146
2.0637678e-05
0.00034780435
2.121032e-05
0.00034769087
2.1792069e-05
0.00034739165
2.237792e-05
0.00034670378
2.2941147e-05
0.00034537435
2.3418879e-05
0.000343262
2.3681325e-05
0.00034052031
2.3603156e-05
0.00033745344
2.3138449e-05
0.00033425435
2.2450462e-05
0.00033102589
2.1687715e-05
0.00032780876
2.0867166e-05
0.00032461868
2.0051318e-05
0.00032151198
1.9225246e-05
0.00031852577
1.8403876e-05
0.00031567206
1.7623613e-05
0.0003129607
1.6880379e-05
0.00031038956
1.6188181e-05
0.00030795291
1.5546542e-05
0.00030564268
1.495143e-05
0.00030344939
1.4403239e-05
0.00030136436
1.3898785e-05
0.00029937729
1.3432934e-05
0.00029748088
1.3002801e-05
0.00029566765
1.2607482e-05
0.00029392871
1.2239886e-05
0.00029225903
1.1900745e-05
0.00029065256
1.158729e-05
0.00028910164
1.1293068e-05
0.00028760135
1.1022042e-05
0.00028614792
1.0767828e-05
0.00028473639
1.0526848e-05
0.0002833629
1.0305323e-05
0.00028202645
1.0092603e-05
0.00028072393
9.8912582e-06
0.00027945316
9.7030347e-06
0.00027821282
9.522952e-06
0.00027700055
9.3531778e-06
0.00027581522
9.190748e-06
0.00027465511
9.0371542e-06
0.00027351892
8.8892444e-06
0.00027240537
8.748845e-06
0.00027131308
8.6162159e-06
0.00027024112
8.4878453e-06
0.00026918829
8.3667574e-06
0.00026815381
8.2502455e-06
0.00026713664
8.1386049e-06
0.0002661361
8.0311516e-06
0.00026515138
7.9278886e-06
0.0002641817
7.8289636e-06
0.0002632265
7.7331445e-06
0.000262285
7.6420551e-06
0.00026135666
7.5538706e-06
0.00026044113
7.4670266e-06
0.00025953755
7.3864742e-06
0.00025864563
7.3064959e-06
0.00025776518
7.2267099e-06
0.00025689512
7.1563852e-06
0.0002560355
7.0827324e-06
0.00025518651
7.0062038e-06
0.00025434672
6.9439936e-06
0.00025351587
6.8809118e-06
0.00025269575
6.7985834e-06
0.00025188511
6.7314705e-06
0.00025108206
6.6804881e-06
0.00025028987
6.5937589e-06
0.00024951504
6.448583e-06
0.00024875868
6.3074284e-06
0.00024801183
6.2360692e-06
0.00024734802
5.5045249e-06
0.00024664222
5.8306323e-06
3.5580036e-06
0.00036601985
7.2585781e-06
0.00036628646
1.1157658e-05
0.00036660872
1.3531568e-05
0.0003668656
1.3858082e-05
0.00036699251
1.276508e-05
0.00036700993
1.1441752e-05
0.00036698693
1.083818e-05
0.00036697445
1.1103235e-05
0.00036698629
1.1832399e-05
0.00036701638
1.2637743e-05
0.00036705447
1.335705e-05
0.00036709352
1.3982095e-05
0.00036713092
1.4549611e-05
0.00036716632
1.5086494e-05
0.00036719937
1.5596946e-05
0.00036722979
1.6084739e-05
0.00036725763
1.6561365e-05
0.00036728339
1.7040748e-05
0.00036730723
1.7524781e-05
0.00036732908
1.8012008e-05
0.000367349
1.8506924e-05
0.00036736661
1.9008824e-05
0.00036738195
1.9527996e-05
0.00036739474
2.006858e-05
0.00036740403
2.0628392e-05
0.00036740748
2.120687e-05
0.00036739931
2.1800247e-05
0.00036736407
2.2413168e-05
0.0003672609
2.3044314e-05
0.00036699495
2.3684837e-05
0.00036636973
2.4306552e-05
0.00036512509
2.48478e-05
0.00036307998
2.5183563e-05
0.00036035382
2.5176625e-05
0.00035726682
2.4774732e-05
0.00035402719
2.4106803e-05
0.00035073688
2.3341633e-05
0.00034744508
2.2517054e-05
0.00034416634
2.1682626e-05
0.00034094874
2.0841216e-05
0.00033784083
1.9988301e-05
0.00033485774
1.9171279e-05
0.00033201544
1.8388856e-05
0.00032931508
1.7651797e-05
0.000326752
1.6966332e-05
0.00032432055
1.6330248e-05
0.0003220105
1.5742999e-05
0.00031981325
1.5200057e-05
0.00031771991
1.4700841e-05
0.0003157208
1.423901e-05
0.00031380902
1.3812539e-05
0.00031197728
1.3419048e-05
0.00031021753
1.3052836e-05
0.00030852479
1.2714795e-05
0.0003068926
1.2400037e-05
0.00030531392
1.2105539e-05
0.00030378433
1.1834936e-05
0.00030230011
1.1576845e-05
0.00030085596
1.133542e-05
0.00029944943
1.1109587e-05
0.00029807899
1.0893416e-05
0.00029674153
1.0690657e-05
0.00029543587
1.0496426e-05
0.00029415976
1.0313285e-05
0.00029291167
1.0137361e-05
0.00029169004
9.9704948e-06
0.00029049317
9.8131136e-06
0.00028931995
9.6610838e-06
0.00028816896
9.5177726e-06
0.00028703924
9.3799894e-06
0.00028592953
9.2483341e-06
0.00028483902
9.1216884e-06
0.00028376674
9.0001911e-06
0.00028271173
8.8839872e-06
0.00028167335
8.7715539e-06
0.00028065065
8.6647524e-06
0.000279643
8.5615325e-06
0.00027864997
8.4600684e-06
0.00027767056
8.3658583e-06
0.0002767044
8.2726657e-06
0.00027575124
8.1798456e-06
0.0002748099
8.097659e-06
0.00027388037
8.0122532e-06
0.00027296278
7.9237256e-06
0.00027205564
7.851011e-06
0.00027115856
7.7779332e-06
0.0002702734
7.6836936e-06
0.0002693989
7.6057874e-06
0.00026853299
7.5462302e-06
0.00026767897
7.4477151e-06
0.00026684373
7.2838695e-06
0.00026602873
7.1222999e-06
0.00026522429
7.0404161e-06
0.00026450821
6.2198517e-06
0.00026374633
6.5913702e-06
4.0171638e-06
0.00038661257
7.1806658e-06
0.00038687905
1.0891148e-05
0.00038720275
1.320785e-05
0.00038746302
1.3597861e-05
0.00038759545
1.2632644e-05
0.00038761831
1.1418902e-05
0.00038759903
1.085749e-05
0.00038758887
1.1113387e-05
0.00038760229
1.1818988e-05
0.00038763374
1.2606292e-05
0.00038767333
1.3317449e-05
0.00038771407
1.3941342e-05
0.0003877532
1.4510493e-05
0.00038779025
1.5049449e-05
0.00038782481
1.5562393e-05
0.00038785656
1.6052997e-05
0.00038788556
1.6532376e-05
0.00038791233
1.7013977e-05
0.00038793708
1.7500037e-05
0.00038795983
1.798926e-05
0.00038798072
1.8486032e-05
0.00038799953
1.899002e-05
0.00038801648
1.9511056e-05
0.00038803163
2.0053437e-05
0.00038804477
2.0615256e-05
0.00038805544
2.1196195e-05
0.00038806246
2.1793234e-05
0.00038806373
2.2411907e-05
0.00038805389
2.3054156e-05
0.0003880193
2.3719432e-05
0.00038792244
2.4403419e-05
0.0003876759
2.5094344e-05
0.00038708831
2.5771153e-05
0.00038588945
2.6375497e-05
0.00038388139
2.67828e-05
0.00038115087
2.6837338e-05
0.00037801557
2.6476941e-05
0.00037471569
2.5816939e-05
0.00037135204
2.504629e-05
0.00036797974
2.4213526e-05
0.00036460979
2.3358259e-05
0.00036127855
2.2502522e-05
0.00035804662
2.1620802e-05
0.00035493283
2.0765596e-05
0.00035195752
1.9941652e-05
0.00034912611
1.9161679e-05
0.00034643518
1.8433939e-05
0.00034387987
1.7755379e-05
0.00034145127
1.7129452e-05
0.00033914009
1.6550205e-05
0.00033693729
1.6015361e-05
0.00033483427
1.5522084e-05
0.00033282204
1.5065079e-05
0.00033089399
1.464286e-05
0.00032904231
1.4251733e-05
0.00032726042
1.3887448e-05
0.00032554331
1.3552072e-05
0.0003238837
1.3236473e-05
0.00032227555
1.294359e-05
0.00032071517
1.2669994e-05
0.00031919771
1.2410893e-05
0.00031771916
1.2169234e-05
0.00031627825
1.1937349e-05
0.00031487209
1.1719475e-05
0.00031349884
1.1510632e-05
0.00031215661
1.1312751e-05
0.0003108433
1.1126454e-05
0.00030955759
1.0946805e-05
0.00030829779
1.0777606e-05
0.00030706271
1.0615098e-05
0.0003058508
1.0460256e-05
0.00030466115
1.031137e-05
0.00030349252
1.0168841e-05
0.00030234381
1.0032721e-05
0.00030121421
9.9011769e-06
0.00030010262
9.7763431e-06
0.00029900828
9.6558825e-06
0.00029793065
9.5377146e-06
0.00029686858
9.4278932e-06
0.00029582161
9.3196456e-06
0.00029478941
9.2120245e-06
0.00029377068
9.1163184e-06
0.0002927653
9.0176101e-06
0.00029177341
8.9155627e-06
0.00029079338
8.8309003e-06
0.00028982471
8.746537e-06
0.0002888693
8.639062e-06
0.00028792589
8.5490055e-06
0.00028699222
8.4797191e-06
0.00028607157
8.3682909e-06
0.00028517127
8.1842258e-06
0.00028429316
8.0002677e-06
0.00028342675
7.9067412e-06
0.00028265436
6.9915592e-06
0.00028183188
7.4128017e-06
4.5127607e-06
0.00040836417
7.1043675e-06
0.00040862956
1.0625764e-05
0.00040895404
1.2883377e-05
0.00040921731
1.3334595e-05
0.00040935528
1.2494656e-05
0.00040938394
1.139024e-05
0.00040936874
1.0872676e-05
0.00040936117
1.1120973e-05
0.00040937635
1.180381e-05
0.00040940929
1.2573361e-05
0.00040945048
1.3276263e-05
0.00040949302
1.389882e-05
0.00040953403
1.4469483e-05
0.00040957291
1.5010571e-05
0.00040960918
1.5526117e-05
0.00040964251
1.6019679e-05
0.00040967292
1.6501963e-05
0.00040970094
1.6985967e-05
0.00040972679
1.7474194e-05
0.00040975053
1.7965531e-05
0.00040977234
1.8464219e-05
0.00040979209
1.8970281e-05
0.00040981008
1.9493066e-05
0.00040982653
2.0036987e-05
0.00040984141
2.0600381e-05
0.00040985461
2.1183002e-05
0.00040986568
2.1782164e-05
0.0004098742
2.2403397e-05
0.00040987917
2.3049185e-05
0.00040987856
2.3720056e-05
0.00040986713
2.4414846e-05
0.00040983197
2.5129515e-05
0.00040973759
2.5865539e-05
0.00040949872
2.6614377e-05
0.00040892871
2.7352819e-05
0.00040774829
2.8017764e-05
0.0004057409
2.8484348e-05
0.00040297199
2.8585857e-05
0.00039976402
2.8254273e-05
0.00039638796
2.7589591e-05
0.00039294201
2.6804219e-05
0.00038948058
2.5963961e-05
0.00038601154
2.5089847e-05
0.00038256262
2.4214533e-05
0.0003792032
2.3301082e-05
0.00037595599
2.2408912e-05
0.00037284569
2.1544248e-05
0.00036988079
2.0720288e-05
0.00036706009
1.9950173e-05
0.00036437953
1.9230782e-05
0.00036183026
1.8564648e-05
0.00035940382
1.794854e-05
0.00035709013
1.7378791e-05
0.00035488061
1.6852388e-05
0.00035276624
1.6366129e-05
0.00035073919
1.591451e-05
0.00034879323
1.5498056e-05
0.00034692017
1.5109552e-05
0.00034511462
1.4749161e-05
0.00034337111
1.4413534e-05
0.00034168205
1.4099972e-05
0.00034004273
1.3808577e-05
0.00033844915
1.3530952e-05
0.0003368965
1.3272153e-05
0.00033538269
1.3024469e-05
0.0003339053
1.279016e-05
0.00033246182
1.2569971e-05
0.00033105069
1.2357953e-05
0.00032966979
1.2158537e-05
0.00032831771
1.1967201e-05
0.00032699256
1.1785421e-05
0.00032569327
1.1610698e-05
0.00032441828
1.1443851e-05
0.00032316631
1.1284707e-05
0.00032193639
1.1131125e-05
0.00032072718
1.0985549e-05
0.00031953781
1.0845269e-05
0.00031836757
1.070797e-05
0.00031721517
1.0580268e-05
0.00031607999
1.0454828e-05
0.00031496164
1.0330358e-05
0.00031385866
1.0219221e-05
0.00031277083
1.0105421e-05
0.00031169823
9.988097e-06
0.00031063916
9.8898354e-06
0.00030959291
9.7927088e-06
0.00030856145
9.6704769e-06
0.00030754353
9.5667269e-06
0.00030653666
9.4864018e-06
0.00030554409
9.3607871e-06
0.0003045736
9.1547765e-06
0.00030362744
8.9462723e-06
0.00030269422
8.839868e-06
0.00030186104
7.8240098e-06
0.00030097298
8.2997389e-06
5.0475279e-06
0.00043133985
7.0297111e-06
0.00043160308
1.036251e-05
0.00043192766
1.2558771e-05
0.00043219357
1.306873e-05
0.00043233707
1.2351163e-05
0.00043237187
1.1355453e-05
0.00043236114
1.0883419e-05
0.00043235642
1.1125687e-05
0.00043237355
1.1786684e-05
0.00043240809
1.253883e-05
0.00043245096
1.3233382e-05
0.00043249538
1.385439e-05
0.00043253836
1.4426514e-05
0.00043257919
1.4969751e-05
0.00043261734
1.5487979e-05
0.0004326524
1.5984621e-05
0.00043268441
1.646996e-05
0.00043271388
1.6956497e-05
0.00043274104
1.7447043e-05
0.00043276593
1.7940638e-05
0.00043278879
1.8441369e-05
0.00043280948
1.8949591e-05
0.00043282839
1.9474166e-05
0.00043284579
2.0019587e-05
0.00043286177
2.0584412e-05
0.00043287634
2.1168437e-05
0.00043288923
2.1769274e-05
0.00043290039
2.2392245e-05
0.00043290959
2.3039992e-05
0.00043291633
2.3713319e-05
0.00043291956
2.4411618e-05
0.00043291705
2.5132034e-05
0.00043290369
2.5878909e-05
0.00043286672
2.6651354e-05
0.00043277144
2.7448107e-05
0.00043253252
2.8256695e-05
0.00043196307
2.9053814e-05
0.00043077063
2.9778299e-05
0.0004287248
3.030012e-05
0.00042588248
3.0431916e-05
0.00042257924
3.0107471e-05
0.00041911257
2.9430643e-05
0.00041557352
2.8628898e-05
0.000412013
2.7775073e-05
0.00040843574
2.6878351e-05
0.00040486266
2.5982008e-05
0.00040137053
2.5036396e-05
0.00039798671
2.4104123e-05
0.00039473948
2.3197417e-05
0.00039163974
2.2330536e-05
0.00038868768
2.1516726e-05
0.00038588057
2.0755666e-05
0.00038320943
2.0049957e-05
0.00038066568
1.9396149e-05
0.0003782393
1.8792532e-05
0.00037592087
1.8232958e-05
0.00037370232
1.771663e-05
0.0003715746
1.7237295e-05
0.00036953098
1.6792809e-05
0.00036756473
1.6379809e-05
0.0003656689
1.5995817e-05
0.00036383815
1.5639358e-05
0.00036206534
1.530379e-05
0.00036034466
1.4992858e-05
0.00035867229
1.4696869e-05
0.00035704281
1.4419659e-05
0.0003554532
1.4159615e-05
0.00035390166
1.3909514e-05
0.00035238547
1.3674756e-05
0.00035090302
1.3449688e-05
0.00034945194
1.3236521e-05
0.00034803096
1.3031714e-05
0.00034663816
1.2836661e-05
0.00034527206
1.2650828e-05
0.00034393145
1.2471773e-05
0.00034261472
1.2302277e-05
0.00034132085
1.2139148e-05
0.00034004895
1.197989e-05
0.00033879753
1.1831657e-05
0.00033756583
1.1686532e-05
0.00033635333
1.1542841e-05
0.00033515842
1.1414054e-05
0.00033398072
1.1283088e-05
0.00033282029
1.1148468e-05
0.00033167527
1.1034701e-05
0.0003305448
1.0923103e-05
0.00032943085
1.0784378e-05
0.00032833219
1.066518e-05
0.00032724607
1.0572311e-05
0.00032617571
1.043107e-05
0.00032512936
1.0201197e-05
0.00032410969
9.9657735e-06
0.00032310431
9.8451571e-06
0.00032220542
8.7222456e-06
0.00032124624
9.2578983e-06
5.6251964e-06
0.00045560843
6.9565645e-06
0.00045586851
1.0102428e-05
0.0004561924
1.2234898e-05
0.0004564605
1.280063e-05
0.00045660945
1.2202199e-05
0.00045665071
1.1314192e-05
0.00045664486
1.0889258e-05
0.00045664329
1.1127271e-05
0.00045666257
1.1767409e-05
0.00045669884
1.250256e-05
0.00045674349
1.3188749e-05
0.00045678987
1.3808021e-05
0.00045683492
1.4381466e-05
0.00045687779
1.4926879e-05
0.00045691791
1.5447864e-05
0.00045695484
1.5947696e-05
0.00045698859
1.6436208e-05
0.00045701966
1.6925434e-05
0.00045704828
1.741843e-05
0.0004570745
1.7914425e-05
0.00045709854
1.8417334e-05
0.0004571203
1.8927836e-05
0.00045714018
1.9454297e-05
0.00045715849
2.0001277e-05
0.00045717536
2.0567544e-05
0.00045719089
2.1152915e-05
0.0004572049
2.1755268e-05
0.00045721746
2.2379689e-05
0.00045722854
2.3028916e-05
0.00045723804
2.3703826e-05
0.00045724564
2.4404019e-05
0.00045725065
2.5127033e-05
0.00045725204
2.5877535e-05
0.00045724758
2.6655818e-05
0.00045723206
2.7463637e-05
0.00045719234
2.8296425e-05
0.00045709339
2.9152783e-05
0.00045684689
3.0024806e-05
0.00045626061
3.0886416e-05
0.00045502459
3.1667942e-05
0.00045289953
3.223254e-05
0.00044995007
3.2380112e-05
0.00044653153
3.2047449e-05
0.00044295987
3.1346751e-05
0.0004393161
3.0522134e-05
0.00043564304
2.9655083e-05
0.00043194496
2.8734493e-05
0.00042824208
2.7807017e-05
0.00042461343
2.6826081e-05
0.00042109013
2.585385e-05
0.0004177038
2.4903081e-05
0.00041446749
2.3991991e-05
0.00041138251
2.3134965e-05
0.0004084467
2.2331976e-05
0.00040565168
2.158758e-05
0.00040298841
2.089624e-05
0.00040044733
2.0257736e-05
0.00039801844
1.9666208e-05
0.00039569293
1.9118349e-05
0.00039346253
1.8610232e-05
0.00039131957
1.81388e-05
0.00038925752
1.7701439e-05
0.00038726877
1.7292561e-05
0.00038534789
1.691377e-05
0.00038348861
1.6556177e-05
0.00038168386
1.6224431e-05
0.00037992954
1.5913976e-05
0.00037822018
1.561889e-05
0.00037655226
1.5342709e-05
0.00037492395
1.507803e-05
0.0003733323
1.4828192e-05
0.00037177579
1.4588261e-05
0.00037025208
1.4360389e-05
0.0003687594
1.4143533e-05
0.00036729625
1.393496e-05
0.00036586072
1.3737796e-05
0.00036445162
1.3548262e-05
0.0003630678
1.3363735e-05
0.00036170755
1.319187e-05
0.00036036993
1.3024151e-05
0.00035905428
1.2858476e-05
0.00035775879
1.2709462e-05
0.00035648293
1.2558926e-05
0.00035522667
1.2404663e-05
0.00035398801
1.2273195e-05
0.00035276587
1.2145158e-05
0.00035156227
1.1987939e-05
0.00035037595
1.1851285e-05
0.00034920388
1.1744154e-05
0.00034804922
1.1585649e-05
0.00034692074
1.1329763e-05
0.00034582151
1.1064812e-05
0.00034473804
1.092852e-05
0.000343768
9.6916222e-06
0.00034273157
1.0293253e-05
6.2492528e-06
0.00048124257
6.8847791e-06
0.00048149847
9.8465062e-06
0.00048182083
1.1912529e-05
0.00048209072
1.253077e-05
0.00048224504
1.2047877e-05
0.00048229305
1.1266205e-05
0.00048229248
1.0889844e-05
0.00048229434
1.1125402e-05
0.00048231598
1.1745771e-05
0.00048235414
1.2464404e-05
0.00048240064
1.3142238e-05
0.00048244906
1.3759595e-05
0.00048249626
1.4334286e-05
0.00048254127
1.4881878e-05
0.00048258346
1.5405679e-05
0.00048262236
1.5908802e-05
0.00048265796
1.6400612e-05
0.00048269075
1.6892646e-05
0.00048272096
1.7388223e-05
0.00048274864
1.7886754e-05
0.000482774
1.8391976e-05
0.00048279696
1.8904881e-05
0.00048281791
1.943335e-05
0.00048283721
1.9981989e-05
0.00048285499
2.0549771e-05
0.00048287138
2.1136531e-05
0.00048288625
2.1740394e-05
0.00048289976
2.2366188e-05
0.00048291196
2.3016721e-05
0.00048292288
2.3692914e-05
0.00048293243
2.4394477e-05
0.00048294029
2.5119176e-05
0.00048294619
2.5871639e-05
0.00048294953
2.6652493e-05
0.0004829492
2.7463978e-05
0.00048294273
2.8302908e-05
0.00048292466
2.9170858e-05
0.00048288117
3.0068309e-05
0.00048277571
3.0991891e-05
0.00048251383
3.1929837e-05
0.0004818915
3.2854877e-05
0.00048057853
3.3693091e-05
0.00047833375
3.4292241e-05
0.00047524511
3.44354e-05
0.00047169308
3.4074177e-05
0.00046800185
3.3346335e-05
0.00046423938
3.2496985e-05
0.00046044217
3.1604248e-05
0.00045661281
3.0655455e-05
0.00045277242
2.9694249e-05
0.00044900221
2.8673318e-05
0.00044533517
2.765905e-05
0.00044180609
2.666407e-05
0.00043842999
2.570809e-05
0.00043520963
2.4807966e-05
0.00043214298
2.3962914e-05
0.00042922206
2.3178684e-05
0.00042643775
2.2450536e-05
0.00042377977
2.1776356e-05
0.00042123831
2.1151718e-05
0.00041880407
2.0573062e-05
0.00041646884
2.0036709e-05
0.00041422406
1.9537362e-05
0.00041206326
1.9074601e-05
0.00040997892
1.864055e-05
0.00040796525
1.8238125e-05
0.00040601682
1.7862452e-05
0.00040412515
1.7510572e-05
0.00040228578
1.7182116e-05
0.00040049369
1.6870161e-05
0.00039874453
1.6577369e-05
0.00039703653
1.6296299e-05
0.00039536681
1.6030128e-05
0.00039373326
1.5777109e-05
0.00039213402
1.5534235e-05
0.00039056684
1.5304971e-05
0.00038903027
1.508485e-05
0.00038752286
1.4871163e-05
0.00038604267
1.4672027e-05
0.00038458851
1.4478312e-05
0.00038315955
1.4287424e-05
0.00038175374
1.4115181e-05
0.00038037036
1.3942271e-05
0.00037900932
1.3765647e-05
0.0003776684
1.3613937e-05
0.00037634628
1.3467178e-05
0.00037504503
1.3289158e-05
0.00037376332
1.3132757e-05
0.00037249785
1.3009385e-05
0.00037125167
1.2831743e-05
0.0003700341
1.254743e-05
0.00036884863
1.2250074e-05
0.00036768052
1.2096518e-05
0.0003666333
1.0738246e-05
0.00036551282
1.1412758e-05
6.9242062e-06
0.00050831902
6.8141004e-06
0.00050856985
9.5956803e-06
0.00050888975
1.1592647e-05
0.00050916092
1.2259602e-05
0.00050932047
1.1888315e-05
0.00050937546
1.1211213e-05
0.00050938057
1.0884729e-05
0.00050938619
1.1119789e-05
0.00050941041
1.1721562e-05
0.00050945061
1.2424207e-05
0.00050949909
1.3093775e-05
0.00050954963
1.370906e-05
0.00050959906
1.4284859e-05
0.00050964629
1.4834642e-05
0.00050969065
1.5361325e-05
0.00050973162
1.5867834e-05
0.00050976918
1.6363056e-05
0.0005098038
1.6858043e-05
0.0005098357
1.7356324e-05
0.00050986494
1.7857521e-05
0.00050989174
1.8365185e-05
0.00050991601
1.8880614e-05
0.00050993815
1.9411212e-05
0.00050995853
1.9961618e-05
0.00050997729
2.0531013e-05
0.00050999458
2.1119246e-05
0.0005100103
2.172468e-05
0.00051002462
2.2351879e-05
0.00051003765
2.3003697e-05
0.00051004949
2.3681081e-05
0.00051006015
2.4383824e-05
0.00051006943
2.51099e-05
0.00051007732
2.5863757e-05
0.00051008362
2.664621e-05
0.00051008801
2.74596e-05
0.00051008972
2.8301209e-05
0.00051008755
2.917304e-05
0.00051007893
3.0076938e-05
0.00051005801
3.1012829e-05
0.00051000968
3.1978178e-05
0.00050989424
3.2970324e-05
0.00050960792
3.3979418e-05
0.00050892835
3.4971828e-05
0.00050750282
3.5860945e-05
0.00050509733
3.647968e-05
0.00050184164
3.6602051e-05
0.00049814063
3.6198008e-05
0.00049431415
3.5430752e-05
0.00049041847
3.4551154e-05
0.00048648541
3.3627323e-05
0.00048251463
3.2644118e-05
0.00047852606
3.1647645e-05
0.00047460564
3.0584511e-05
0.00047078941
2.9524338e-05
0.00046711394
2.8483467e-05
0.00046359544
2.7481436e-05
0.0004602375
2.6536645e-05
0.00045703832
2.5649751e-05
0.00045398963
2.4825072e-05
0.00045108213
2.4059243e-05
0.00044830532
2.3349899e-05
0.00044564927
2.2692792e-05
0.00044310399
2.2082667e-05
0.0004406611
2.1517526e-05
0.00043831175
2.098993e-05
0.00043604936
2.0500542e-05
0.00043386749
2.0044367e-05
0.00043175867
1.9619412e-05
0.00042971739
1.9223436e-05
0.0004277358
1.8851792e-05
0.0004258083
1.8504879e-05
0.00042393035
1.8174297e-05
0.00042209719
1.7863305e-05
0.00042030631
1.7568008e-05
0.00041855543
1.7285162e-05
0.00041684186
1.7018538e-05
0.00041516383
1.67629e-05
0.00041351955
1.6515462e-05
0.00041190677
1.628477e-05
0.00041032401
1.6061075e-05
0.00040877024
1.5841182e-05
0.00040724311
1.564221e-05
0.00040574168
1.5443656e-05
0.00040426578
1.5241499e-05
0.00040281292
1.5066606e-05
0.00040138152
1.4898476e-05
0.00039997367
1.4696982e-05
0.00039858798
1.4518202e-05
0.00039722079
1.4376317e-05
0.00039587505
1.4177389e-05
0.00039456067
1.3861921e-05
0.00039328154
1.3528985e-05
0.00039202151
1.3356422e-05
0.00039089045
1.1868716e-05
0.00038967837
1.2623849e-05
7.6545228e-06
0.00053691879
6.7442744e-06
0.00053716366
9.3507916e-06
0.00053748013
1.1276174e-05
0.0005377521
1.1987657e-05
0.00053791672
1.1723692e-05
0.00053797891
1.1149046e-05
0.00053799011
1.0873539e-05
0.0005379998
1.1110099e-05
0.00053802681
1.1694549e-05
0.00053806922
1.23818e-05
0.00053811977
1.3043217e-05
0.00053817253
1.3656303e-05
0.00053822428
1.4233121e-05
0.00053827384
1.478509e-05
0.00053832047
1.5314705e-05
0.00053836361
1.5824697e-05
0.00053840323
1.6323449e-05
0.00053843976
1.6821514e-05
0.00053847346
1.7322629e-05
0.00053850436
1.7826625e-05
0.00053853268
1.8336866e-05
0.00053855837
1.8854935e-05
0.0005385818
1.9387786e-05
0.00053860336
1.9940067e-05
0.0005386232
2.0511179e-05
0.00053864147
2.1100983e-05
0.00053865808
2.1708073e-05
0.00053867322
2.2336749e-05
0.00053868702
2.2989901e-05
0.00053869961
2.3668493e-05
0.00053871106
2.4372387e-05
0.00053872123
2.5099735e-05
0.00053873021
2.585479e-05
0.00053873791
2.6638515e-05
0.00053874433
2.7453191e-05
0.00053874914
2.8296416e-05
0.00053875193
2.9170266e-05
0.00053875199
3.0076887e-05
0.00053874801
3.1016819e-05
0.00053873712
3.1989086e-05
0.00053871281
3.2994641e-05
0.00053865828
3.4033964e-05
0.00053852889
3.5101226e-05
0.00053820736
3.6182493e-05
0.00053744567
3.7241381e-05
0.00053586922
3.8178525e-05
0.00053326391
3.8803344e-05
0.00052981318
3.8881499e-05
0.00052594608
3.8418276e-05
0.00052197063
3.7602787e-05
0.00051792947
3.6685292e-05
0.00051384509
3.5732052e-05
0.00050971833
3.4711302e-05
0.00050557286
3.3669828e-05
0.00050149533
3.2561026e-05
0.00049752545
3.1451341e-05
0.00049370025
3.036187e-05
0.00049003684
2.9313194e-05
0.00048653915
2.832278e-05
0.00048320508
2.7393357e-05
0.00048002644
2.6528557e-05
0.00047699364
2.5725628e-05
0.00047409579
2.498055e-05
0.00047132248
2.4290866e-05
0.00046866334
2.364911e-05
0.00046610975
2.3054155e-05
0.00046365386
2.2500306e-05
0.00046128778
2.1985512e-05
0.00045900483
2.1506417e-05
0.00045679777
2.10589e-05
0.00045466043
2.0642238e-05
0.00045258573
2.0249046e-05
0.00045056735
1.9881709e-05
0.00044860014
1.9535234e-05
0.00044667968
1.9205673e-05
0.00044480277
1.8895438e-05
0.00044296724
1.8598443e-05
0.00044117091
1.8311827e-05
0.0004394111
1.8044523e-05
0.00043768602
1.7786161e-05
0.00043599439
1.7532808e-05
0.00043433349
1.7303002e-05
0.00043270212
1.7074981e-05
0.00043109999
1.6843588e-05
0.00042952429
1.6642091e-05
0.00042797314
1.6449505e-05
0.00042644867
1.6221431e-05
0.00042494937
1.6017253e-05
0.00042347117
1.5854229e-05
0.00042201693
1.5631533e-05
0.00042059716
1.5281815e-05
0.00041921612
1.4909791e-05
0.00041785608
1.4716317e-05
0.0004166338
1.3090473e-05
0.00041532173
1.3935047e-05
8.4456836e-06
0.00056712742
6.6750096e-06
0.00056736565
9.1125584e-06
0.00056767769
1.096416e-05
0.00056794986
1.1715486e-05
0.00056811932
1.1554218e-05
0.00056818884
1.107953e-05
0.00056820653
1.0855846e-05
0.00056822061
1.1096032e-05
0.00056825066
1.1664504e-05
0.00056829546
1.2337005e-05
0.00056834822
1.2990468e-05
0.00056840328
1.3601249e-05
0.00056845745
1.4178955e-05
0.00056850943
1.4733111e-05
0.00056855842
1.5265718e-05
0.00056860385
1.577928e-05
0.00056864562
1.6281677e-05
0.00056868418
1.6782966e-05
0.00056871977
1.7287047e-05
0.00056875243
1.7793972e-05
0.00056878237
1.8306926e-05
0.00056880956
1.8827753e-05
0.00056883437
1.9362982e-05
0.0005688572
1.9917251e-05
0.0005688782
2.0490183e-05
0.00056889753
2.1081659e-05
0.00056891511
2.16905e-05
0.00056893112
2.232074e-05
0.00056894573
2.2975302e-05
0.00056895906
2.3655161e-05
0.00056897121
2.4360247e-05
0.00056898208
2.5088878e-05
0.00056899179
2.5845092e-05
0.00056900034
2.6629976e-05
0.00056900781
2.7445736e-05
0.00056901402
2.8290212e-05
0.00056901889
2.916541e-05
0.00056902219
3.0073607e-05
0.00056902346
3.1015561e-05
0.00056902189
3.1990668e-05
0.000569016
3.3000542e-05
0.00056900266
3.404732e-05
0.00056897447
3.5129427e-05
0.00056891198
3.6245001e-05
0.00056876351
3.7389861e-05
0.00056839317
3.8548886e-05
0.00056752089
3.9675654e-05
0.0005657511
4.0651306e-05
0.00056290512
4.1264277e-05
0.0005592325
4.1275429e-05
0.00055518423
4.0733576e-05
0.00055104735
3.9868962e-05
0.00054684755
3.8911135e-05
0.00054259756
3.7919832e-05
0.00053830179
3.6856826e-05
0.00053399109
3.5762064e-05
0.00052974964
3.460335e-05
0.00052562116
3.344171e-05
0.00052164235
3.2301616e-05
0.00051783073
3.1205014e-05
0.00051419055
3.0168762e-05
0.00051071909
2.9197131e-05
0.00050740825
2.8291409e-05
0.00050424747
2.7451686e-05
0.00050122571
2.6670914e-05
0.00049833208
2.5947807e-05
0.00049555678
2.5275655e-05
0.00049289035
2.4651964e-05
0.00049032454
2.407227e-05
0.00048785156
2.3531929e-05
0.0004854642
2.3029605e-05
0.00048315572
2.2557584e-05
0.0004809196
2.2117858e-05
0.00047874835
2.1706498e-05
0.00047663572
2.1318353e-05
0.00047457594
2.0955212e-05
0.00047256447
2.0609928e-05
0.00047059863
2.02777e-05
0.0004686753
1.9967795e-05
0.00046679223
1.9669236e-05
0.00046494786
1.9377179e-05
0.00046313903
1.9111708e-05
0.00046136424
1.8849728e-05
0.000459623
1.8584784e-05
0.00045791219
1.8352684e-05
0.00045622952
1.813204e-05
0.00045457717
1.7873775e-05
0.00045295344
1.7640713e-05
0.00045135385
1.7453514e-05
0.0004497811
1.7204178e-05
0.00044824638
1.6816689e-05
0.00044675422
1.6401693e-05
0.00044528518
1.6185202e-05
0.00044396349
1.4411679e-05
0.00044254204
1.5355639e-05
9.3033705e-06
0.00059903528
6.606025e-06
0.00059926622
8.8815945e-06
0.00059957279
1.0657602e-05
0.00059984458
1.1443719e-05
0.00060001866
1.1380127e-05
0.00060009561
1.1002597e-05
0.00060012013
1.0831336e-05
0.00060013892
1.1077241e-05
0.00060017226
1.1631161e-05
0.00060021967
1.2289601e-05
0.00060027476
1.2935372e-05
0.00060033222
1.3543786e-05
0.0006003889
1.412229e-05
0.0006004434
1.4678619e-05
0.00060049487
1.5214262e-05
0.00060054267
1.5731481e-05
0.00060058672
1.623764e-05
0.0006006274
1.6742286e-05
0.00060066498
1.724947e-05
0.0006006995
1.7759463e-05
0.00060073116
1.8275272e-05
0.00060075994
1.8798979e-05
0.00060078621
1.9336714e-05
0.00060081038
1.9893087e-05
0.00060083263
2.0467947e-05
0.00060085309
2.10612e-05
0.00060087171
2.1671885e-05
0.00060088867
2.2303785e-05
0.00060090414
2.2959839e-05
0.00060091827
2.3641045e-05
0.00060093113
2.434739e-05
0.00060094266
2.507736e-05
0.000600953
2.5834768e-05
0.00060096217
2.6620812e-05
0.00060097031
2.7437608e-05
0.00060097732
2.8283218e-05
0.0006009832
2.9159553e-05
0.0006009879
3.0068916e-05
0.00060099132
3.1012157e-05
0.00060099313
3.1988869e-05
0.00060099284
3.300084e-05
0.00060098967
3.405051e-05
0.0006009819
3.5137213e-05
0.00060096585
3.6261062e-05
0.00060093301
3.7422723e-05
0.00060086027
3.8621649e-05
0.00060068631
3.9849634e-05
0.00060024989
4.1087754e-05
0.00059923203
4.2282153e-05
0.00059722121
4.3286271e-05
0.00059409288
4.3861931e-05
0.00059017914
4.3782717e-05
0.00058594053
4.3149783e-05
0.00058162695
4.2233435e-05
0.0005772547
4.122911e-05
0.00057282661
4.0190178e-05
0.00056834892
3.9081075e-05
0.00056386319
3.7927465e-05
0.00055944988
3.671496e-05
0.00055515718
3.5497747e-05
0.00055102045
3.4305519e-05
0.00054705716
3.3160471e-05
0.00054327175
3.2076848e-05
0.00053965983
3.1063644e-05
0.00053621386
3.0116925e-05
0.00053292221
2.9239474e-05
0.00052977385
2.8424072e-05
0.00052675734
2.7668499e-05
0.00052386246
2.6967191e-05
0.00052107988
2.6314567e-05
0.00051840073
2.5708757e-05
0.00051581756
2.5140821e-05
0.00051332296
2.4612483e-05
0.00051090965
2.4119824e-05
0.00050857145
2.3656612e-05
0.00050630032
2.3226328e-05
0.00050408968
2.2820588e-05
0.00050193426
2.2433166e-05
0.00049982843
2.2073554e-05
0.00049776942
2.1728252e-05
0.0004957553
2.1391298e-05
0.00049378241
2.1084463e-05
0.00049184887
2.0783229e-05
0.00048995392
2.0479692e-05
0.00048809407
2.0212293e-05
0.0004862666
1.995936e-05
0.00048447366
1.9666718e-05
0.00048271336
1.9400735e-05
0.00048098072
1.9185822e-05
0.00047927825
1.8906527e-05
0.00047761786
1.8477249e-05
0.00047600434
1.8014945e-05
0.00047441629
1.7773082e-05
0.00047298602
1.584152e-05
0.00047144476
1.6896161e-05
1.0234291e-05
0.00063273773
6.5370565e-06
0.00063296097
8.6583635e-06
0.00063326108
1.0357507e-05
0.00063353177
1.1173029e-05
0.00063371016
1.1201729e-05
0.00063379459
1.0918171e-05
0.00063382625
1.0799677e-05
0.00063385012
1.1053378e-05
0.00063388702
1.1594274e-05
0.00063393719
1.2239438e-05
0.00063399477
1.2877807e-05
0.00063405474
1.3483821e-05
0.00063411402
1.4063008e-05
0.00063417115
1.4621499e-05
0.00063422519
1.516023e-05
0.00063427549
1.5681186e-05
0.00063432191
1.619122e-05
0.00063436484
1.6699372e-05
0.00063440452
1.7209798e-05
0.00063444099
1.7722994e-05
0.00063447446
1.8241807e-05
0.00063450493
1.8768519e-05
0.00063453276
1.9308894e-05
0.00063455836
1.9867492e-05
0.00063458192
2.0444393e-05
0.00063460359
2.1039531e-05
0.00063462333
2.1652158e-05
0.0006346413
2.2285816e-05
0.0006346577
2.2943451e-05
0.00063467266
2.3626087e-05
0.00063468629
2.433377e-05
0.00063469851
2.5065151e-05
0.00063470947
2.5823817e-05
0.00063471923
2.6611071e-05
0.00063472792
2.7428929e-05
0.00063473548
2.827567e-05
0.00063474196
2.9153088e-05
0.0006347474
3.0063498e-05
0.00063475178
3.100779e-05
0.000634755
3.1985659e-05
0.00063475692
3.2998935e-05
0.00063475731
3.4050133e-05
0.0006347556
3.513894e-05
0.0006347508
3.6265873e-05
0.00063474104
3.7432503e-05
0.00063472203
3.8640685e-05
0.0006346836
3.9888087e-05
0.00063459751
4.1173871e-05
0.0006343895
4.2490191e-05
0.00063386451
4.3811279e-05
0.00063265686
4.5069602e-05
0.00063035349
4.608611e-05
0.00062690725
4.6596061e-05
0.00062273602
4.6404689e-05
0.00061829916
4.5666e-05
0.00061379727
4.4692092e-05
0.00060923786
4.3640518e-05
0.00060461689
4.254848e-05
0.00059994381
4.138807e-05
0.00059527353
4.0168069e-05
0.0005906806
3.8898473e-05
0.00058621807
3.7623044e-05
0.00058191918
3.6375769e-05
0.00057780006
3.5182806e-05
0.00057386624
3.4050795e-05
0.00057011106
3.2994667e-05
0.00056652652
3.2008677e-05
0.00056310071
3.1094333e-05
0.00055982207
3.0245871e-05
0.00055667935
2.945735e-05
0.00055366151
2.8726604e-05
0.00055075936
2.8043035e-05
0.0005479639
2.7407976e-05
0.00054526701
2.6816724e-05
0.00054266182
2.6261876e-05
0.00054014043
2.5747691e-05
0.00053769641
2.5264629e-05
0.00053532231
2.4807322e-05
0.00053301022
2.4385565e-05
0.00053075462
2.3983853e-05
0.00052855127
2.3594665e-05
0.00052639585
2.3239728e-05
0.00052428605
2.2892985e-05
0.00052222077
2.2544944e-05
0.00052019608
2.2236718e-05
0.00051820876
2.194652e-05
0.00051626084
2.1614649e-05
0.00051435027
2.1311017e-05
0.00051247147
2.1064256e-05
0.0005106267
2.0751177e-05
0.0005088286
2.0275541e-05
0.00050708226
1.9761016e-05
0.00050536404
1.9491121e-05
0.00050381495
1.7390223e-05
0.0005021422
1.856826e-05
1.1245666e-05
0.00066833559
6.4678831e-06
0.00066855073
8.4432068e-06
0.00066884341
1.006485e-05
0.00066911231
1.0904143e-05
0.00066929469
1.1019345e-05
0.0006693866
1.0826278e-05
0.00066942568
1.0760601e-05
0.00066945497
1.1024093e-05
0.00066949566
1.1553577e-05
0.00066954879
1.2186313e-05
0.00066960899
1.2817602e-05
0.00066967159
1.3421231e-05
0.00066973358
1.4001024e-05
0.00066979344
1.4561657e-05
0.00066985016
1.5103512e-05
0.00066990307
1.5628284e-05
0.00066995199
1.6142306e-05
0.00066999727
1.6654102e-05
0.00067003916
1.7167915e-05
0.0006700777
1.7684461e-05
0.00067011308
1.8206428e-05
0.00067014533
1.8736276e-05
0.00067017481
1.9279429e-05
0.00067020192
1.9840382e-05
0.00067022688
2.041944e-05
0.00067024984
2.1016578e-05
0.00067027076
2.1631249e-05
0.00067028981
2.2266767e-05
0.0006703072
2.2926075e-05
0.00067032306
2.3610231e-05
0.00067033751
2.4319335e-05
0.00067035046
2.5052205e-05
0.00067036209
2.5812205e-05
0.00067037244
2.6600735e-05
0.00067038167
2.7419714e-05
0.00067038973
2.826763e-05
0.00067039667
2.9146158e-05
0.00067040259
3.0057601e-05
0.0006704075
3.1002888e-05
0.00067041139
3.198179e-05
0.00067041423
3.2996101e-05
0.00067041604
3.4048343e-05
0.0006704166
3.5138397e-05
0.0006704156
3.6266889e-05
0.00067041247
3.7435656e-05
0.00067040612
3.8647058e-05
0.00067039432
3.9899913e-05
0.0006703719
4.1196318e-05
0.0006703266
4.2535514e-05
0.00067022303
4.3914863e-05
0.00066996903
4.5323631e-05
0.00066932533
4.6729829e-05
0.00066787538
4.8046051e-05
0.00066522575
4.9054354e-05
0.0006614339
4.9457889e-05
0.00065699478
4.9131235e-05
0.00065234814
4.8287186e-05
0.00064764391
4.7252756e-05
0.00064288357
4.6148435e-05
0.00063805622
4.4995466e-05
0.00063317494
4.3779772e-05
0.00062831078
4.2487261e-05
0.00062353077
4.115581e-05
0.00061889237
3.9821246e-05
0.00061442725
3.851597e-05
0.00061014835
3.7273583e-05
0.00060606102
3.6096078e-05
0.00060215846
3.4996914e-05
0.00059843147
3.3972905e-05
0.00059486833
3.3020559e-05
0.00059145618
3.2138755e-05
0.00058818382
3.1315475e-05
0.00058503996
3.0551858e-05
0.00058201463
2.9842066e-05
0.00057909935
2.917724e-05
0.00057628542
2.856159e-05
0.00057356576
2.7984306e-05
0.00057093322
2.7439925e-05
0.00056837993
2.6938772e-05
0.00056589817
2.6465618e-05
0.0005634814
2.6011449e-05
0.00056112226
2.5598702e-05
0.00055881616
2.5199036e-05
0.00055656155
2.4799532e-05
0.00055435402
2.4443965e-05
0.00055218972
2.4110633e-05
0.00055007053
2.3733868e-05
0.00054799417
2.3387067e-05
0.00054595442
2.3103618e-05
0.00054395318
2.2752287e-05
0.0005420038
2.2225143e-05
0.00054011177
2.1652744e-05
0.00053825092
2.1351781e-05
0.00053657153
1.9069287e-05
0.00053475422
2.0385055e-05
1.2345816e-05
0.00070593523
6.3983446e-06
0.00070614212
8.2363207e-06
0.0007064265
9.7804844e-06
0.00070669281
1.063784e-05
0.00070687875
1.0833399e-05
0.00070697806
1.0726978e-05
0.0007070248
1.071386e-05
0.00070705985
1.0989052e-05
0.00070710459
1.1508841e-05
0.00070716088
1.2130031e-05
0.00070722388
1.2754615e-05
0.00070728921
1.3355908e-05
0.00070735402
1.393622e-05
0.0007074167
1.4498976e-05
0.00070747622
1.5043997e-05
0.00070753186
1.5572656e-05
0.0007075834
1.6090774e-05
0.00070763114
1.6606365e-05
0.00070767536
1.7123712e-05
0.00070771607
1.7643749e-05
0.00070775348
1.8169028e-05
0.00070778762
1.8702147e-05
0.00070781883
1.9248223e-05
0.00070784755
1.9811666e-05
0.000707874
2.0393003e-05
0.00070789832
2.0992263e-05
0.00070792049
2.1609084e-05
0.0007079407
2.224657e-05
0.00070795913
2.2907648e-05
0.00070797596
2.3593416e-05
0.00070799127
2.430403e-05
0.00070800502
2.5038473e-05
0.00070801735
2.5799887e-05
0.00070802833
2.6589766e-05
0.00070803812
2.7409937e-05
0.00070804668
2.8259089e-05
0.00070805407
2.9138784e-05
0.00070806039
3.0051301e-05
0.00070806569
3.0997601e-05
0.00070806998
3.1977522e-05
0.00070807328
3.2992811e-05
0.00070807568
3.404596e-05
0.00070807714
3.5136955e-05
0.00070807757
3.6266482e-05
0.00070807679
3.7436453e-05
0.00070807453
3.8649351e-05
0.00070807008
3.9904389e-05
0.00070806217
4.1204258e-05
0.00070804821
4.2549493e-05
0.00070802185
4.3941245e-05
0.00070796793
4.5377577e-05
0.00070784108
4.6856709e-05
0.00070752442
4.8362743e-05
0.00070672376
4.9855056e-05
0.00070496643
5.1215253e-05
0.00070191382
5.2183875e-05
0.00069775605
5.2444987e-05
0.00069304289
5.1965954e-05
0.00068817757
5.1013793e-05
0.00068325819
4.9914896e-05
0.00067828317
4.8754815e-05
0.00067323625
4.7534231e-05
0.00066813492
4.6257178e-05
0.00066306834
4.4887869e-05
0.00065809419
4.3490178e-05
0.00065327134
4.2096447e-05
0.00064863256
4.0734928e-05
0.00064418956
3.943994e-05
0.00063994506
3.8217456e-05
0.00063589235
3.707334e-05
0.00063201989
3.6011213e-05
0.0006283161
3.5019342e-05
0.00062476757
3.4100422e-05
0.00062136186
3.3247783e-05
0.00061808821
3.2450976e-05
0.00061493611
3.1713666e-05
0.00061189689
3.1023537e-05
0.00060896267
3.0374213e-05
0.00060612497
2.9776376e-05
0.00060337654
2.9214054e-05
0.00060071077
2.8677257e-05
0.00059811797
2.8191314e-05
0.00059559113
2.7725821e-05
0.00059312542
2.7265233e-05
0.00059071445
2.6854628e-05
0.00058835365
2.6471229e-05
0.00058604464
2.6042934e-05
0.00058378488
2.5646495e-05
0.00058156738
2.5320685e-05
0.0005793937
2.4925839e-05
0.00057727769
2.4341434e-05
0.00057522552
2.3704588e-05
0.00057320802
2.3369075e-05
0.00057138544
2.0891596e-05
0.00056940896
2.2361167e-05
1.3543981e-05
0.00074564908
6.3283294e-06
0.0007458476
8.0377959e-06
0.00074612287
9.5052295e-06
0.0007463858
1.0374925e-05
0.00074657488
1.064432e-05
0.00074668146
1.0620413e-05
0.00074673604
1.0659284e-05
0.00074677715
1.0947941e-05
0.0007468262
1.1459795e-05
0.00074688585
1.207038e-05
0.0007469518
1.2688669e-05
0.00074701999
1.328772e-05
0.00074708772
1.3868504e-05
0.00074715335
1.4433355e-05
0.00074721579
1.498157e-05
0.00074727427
1.5514184e-05
0.00074732854
1.6036506e-05
0.00074737888
1.6556032e-05
0.00074742553
1.7077065e-05
0.00074746855
1.7600745e-05
0.00074750809
1.8129494e-05
0.00074754422
1.8666026e-05
0.00074757728
1.9215172e-05
0.0007476077
1.9781249e-05
0.00074763572
2.0364995e-05
0.00074766148
2.0966502e-05
0.00074768499
2.1585585e-05
0.00074770642
2.2225153e-05
0.00074772597
2.2888105e-05
0.00074774381
2.3575583e-05
0.00074776005
2.4287799e-05
0.00074777464
2.5023901e-05
0.00074778772
2.5786817e-05
0.00074779938
2.6578122e-05
0.00074780977
2.7399562e-05
0.00074781886
2.8250019e-05
0.00074782671
2.9130948e-05
0.00074783343
3.0044599e-05
0.00074783909
3.0991962e-05
0.00074784369
3.1972939e-05
0.00074784729
3.298922e-05
0.00074785001
3.4043259e-05
0.00074785185
3.5135135e-05
0.00074785281
3.6265536e-05
0.00074785291
3.7436386e-05
0.00074785209
3.8650201e-05
0.00074785012
3.9906388e-05
0.00074784666
4.1207748e-05
0.00074784097
4.2555199e-05
0.00074783154
4.3950699e-05
0.00074781527
4.5393868e-05
0.0007477843
4.6887714e-05
0.00074771907
4.8428014e-05
0.00074756106
5.0013112e-05
0.00074715596
5.1620383e-05
0.00074614397
5.31959e-05
0.00074400862
5.4580372e-05
0.00074050321
5.5471402e-05
0.00073596565
5.555139e-05
0.00073097498
5.4905624e-05
0.00072588136
5.3848453e-05
0.00072073519
5.2680467e-05
0.00071553269
5.145971e-05
0.00071025506
5.0165538e-05
0.00070491873
4.8826572e-05
0.00069963195
4.7383248e-05
0.00069445625
4.5910709e-05
0.0006894455
4.4450715e-05
0.00068462987
4.3033122e-05
0.0006800204
4.1682895e-05
0.00067561578
4.0415822e-05
0.0006714099
3.922531e-05
0.00066738951
3.8120851e-05
0.00066354111
3.7096182e-05
0.00065985187
3.6140316e-05
0.00065630883
3.525668e-05
0.00065290099
3.4431388e-05
0.00064961863
3.3656649e-05
0.00064645176
3.2943146e-05
0.00064339236
3.2273452e-05
0.00064043329
3.1636366e-05
0.00063756568
3.1058711e-05
0.00063478194
3.0509499e-05
0.00063207495
2.9972236e-05
0.00062943594
2.9493308e-05
0.00062685627
2.9050664e-05
0.00062433625
2.8563029e-05
0.00062187305
2.8109357e-05
0.00061945872
2.773453e-05
0.0006170945
2.7289927e-05
0.00061479447
2.6641805e-05
0.00061256584
2.5932852e-05
0.00061037586
2.555882e-05
0.00060839562
2.2871625e-05
0.0006062436
2.4513023e-05
1.4850707e-05
0.00078759579
6.257827e-06
0.00078778598
7.8476011e-06
0.00078805154
9.2396883e-06
0.00078831026
1.0116215e-05
0.00078850191
1.0452663e-05
0.00078861556
1.0506772e-05
0.00078867809
1.0596753e-05
0.00078872556
1.090048e-05
0.00078877918
1.1406189e-05
0.0007888424
1.2007162e-05
0.00078891148
1.2619603e-05
0.00078898266
1.321654e-05
0.00078905342
1.3797754e-05
0.0007891221
1.4364678e-05
0.00078918756
1.4916118e-05
0.00078924901
1.5452748e-05
0.00078930615
1.5979374e-05
0.0007893592
1.6502982e-05
0.00078940842
1.7027854e-05
0.00078945385
1.7555325e-05
0.00078949564
1.808771e-05
0.00078953388
1.8627798e-05
0.00078956889
1.918017e-05
0.00078960112
1.974903e-05
0.0007896308
2.0335321e-05
0.0007896581
2.0939209e-05
0.00078968302
2.1560672e-05
0.00078970575
2.2202439e-05
0.00078972649
2.2867374e-05
0.00078974541
2.3556667e-05
0.00078976264
2.4270585e-05
0.00078977812
2.5008436e-05
0.000789792
2.5772946e-05
0.00078980438
2.6565759e-05
0.00078981541
2.7388549e-05
0.00078982507
2.8240386e-05
0.00078983341
2.9122623e-05
0.00078984055
3.0037473e-05
0.00078984657
3.0985961e-05
0.00078985148
3.196805e-05
0.00078985534
3.2985371e-05
0.00078985829
3.4040331e-05
0.00078986034
3.5133097e-05
0.00078986154
3.626436e-05
0.00078986195
3.7436012e-05
0.00078986162
3.8650559e-05
0.00078986048
3.9907553e-05
0.0007898585
4.1209764e-05
0.00078985545
4.2558269e-05
0.00078985095
4.3955222e-05
0.00078984413
4.5400713e-05
0.00078983325
4.6898628e-05
0.00078981443
4.8446882e-05
0.00078977784
5.0049746e-05
0.00078969704
5.1701214e-05
0.00078949495
5.3398028e-05
0.00078896588
5.5109477e-05
0.00078767412
5.6763196e-05
0.00078508381
5.8141742e-05
0.00078108331
5.8906183e-05
0.00077615903
5.8772756e-05
0.00077089155
5.7948013e-05
0.00076556072
5.6790576e-05
0.00076017797
5.5548337e-05
0.0007547226
5.4282004e-05
0.0007491878
5.2918064e-05
0.00074361353
5.1485067e-05
0.0007381021
4.9962174e-05
0.00073272115
4.8414112e-05
0.00072751971
4.6884427e-05
0.00072252399
4.5411532e-05
0.00071774532
4.4004074e-05
0.00071317828
4.2687933e-05
0.00070881421
4.1460243e-05
0.00070464072
4.0313915e-05
0.00070064335
3.9254016e-05
0.00069680886
3.8265895e-05
0.00069312492
3.7340682e-05
0.00068957906
3.6488885e-05
0.00068616135
3.5691162e-05
0.00068286327
3.4934501e-05
0.0006796754
3.4246356e-05
0.00067658929
3.3595534e-05
0.00067359919
3.2962365e-05
0.00067069548
3.2396658e-05
0.00066786668
3.187921e-05
0.00066511095
3.1318848e-05
0.00066242138
3.0798584e-05
0.00065978847
3.0366912e-05
0.00065721311
2.986514e-05
0.00065470933
2.9146005e-05
0.0006522858
2.8355963e-05
0.00064990536
2.7939015e-05
0.00064775113
2.5025724e-05
0.00064540517
2.6859075e-05
1.6277929e-05
0.00083190079
6.1868473e-06
0.00083208276
7.6656313e-06
0.00083233804
8.9844316e-06
0.00083259174
9.8625272e-06
0.00083278542
1.0258983e-05
0.00083290587
1.0386328e-05
0.00083297642
1.0526217e-05
0.00083303048
1.084642e-05
0.00083308891
1.1347764e-05
0.00083315591
1.1940165e-05
0.00083322828
1.2547235e-05
0.0008333026
1.3142227e-05
0.0008333765
1.3723866e-05
0.00083344835
1.4292837e-05
0.00083351696
1.4847519e-05
0.00083358149
1.5388222e-05
0.00083364162
1.5919251e-05
0.00083369753
1.6447082e-05
0.00083374945
1.6975948e-05
0.00083379742
1.7507364e-05
0.00083384158
1.8043552e-05
0.00083388204
1.8587347e-05
0.00083391912
1.9143101e-05
0.00083395326
1.9714902e-05
0.00083398471
2.0303881e-05
0.00083401363
2.0910289e-05
0.00083404006
2.1534256e-05
0.00083406416
2.2178349e-05
0.00083408616
2.2845382e-05
0.00083410624
2.35366e-05
0.00083412451
2.4252325e-05
0.00083414094
2.499202e-05
0.00083415568
2.5758221e-05
0.00083416883
2.655263e-05
0.00083418054
2.7376856e-05
0.00083419079
2.823015e-05
0.00083419966
2.9113773e-05
0.00083420726
3.0029896e-05
0.00083421366
3.0979576e-05
0.00083421889
3.196284e-05
0.00083422302
3.2981259e-05
0.00083422617
3.4037192e-05
0.0008342284
3.5130889e-05
0.00083422975
3.626304e-05
0.00083423028
3.7435508e-05
0.00083423011
3.8650759e-05
0.00083422923
3.9908472e-05
0.00083422769
4.1211339e-05
0.00083422546
4.2560525e-05
0.00083422249
4.3958217e-05
0.00083421852
4.5404706e-05
0.00083421316
4.690402e-05
0.00083420535
4.8454745e-05
0.00083419302
5.0062115e-05
0.00083417117
5.1723102e-05
0.00083412717
5.3442056e-05
0.00083402441
5.5212275e-05
0.00083375997
5.702768e-05
0.00083305816
5.8843608e-05
0.0008314013
6.0563086e-05
0.00082827677
6.1897324e-05
0.00082375426
6.2470592e-05
0.0008184447
6.2100176e-05
0.00081290123
6.1091847e-05
0.00080732321
5.9860098e-05
0.00080168503
5.8556255e-05
0.00079596
5.7210189e-05
0.0007901534
5.5768804e-05
0.00078433394
5.4233614e-05
0.00077859253
5.2625941e-05
0.00077300207
5.1001975e-05
0.00076760668
4.9399564e-05
0.00076242678
4.7867874e-05
0.00075747154
4.6415474e-05
0.00075273626
4.5049313e-05
0.00074820973
4.3780512e-05
0.00074387888
4.2596743e-05
0.00073972924
4.1490441e-05
0.00073574563
4.0472363e-05
0.00073191539
3.9521397e-05
0.00072822767
3.8622281e-05
0.00072467118
3.7802602e-05
0.00072123593
3.7030702e-05
0.00071791587
3.6282467e-05
0.00071470073
3.5611413e-05
0.00071158051
3.4999144e-05
0.00070855225
3.4347232e-05
0.00070560602
3.3744443e-05
0.00070272961
3.3242753e-05
0.00069991962
3.2674957e-05
0.00069718962
3.1876518e-05
0.00069455026
3.0994808e-05
0.0006919589
3.053014e-05
0.0006896122
2.7372352e-05
0.00068705158
2.9420125e-05
1.7839216e-05
0.00087869648
6.1155101e-06
0.00087887039
7.4917203e-06
0.00087911507
8.7397598e-06
0.00087936298
9.6146245e-06
0.00087955801
1.0063951e-05
0.00087968493
1.025942e-05
0.00087976346
1.0447692e-05
0.00087982433
1.0785558e-05
0.00087988781
1.1284286e-05
0.00087995879
1.1869195e-05
0.00088003464
1.2471397e-05
0.00088011223
1.3064641e-05
0.00088018939
1.3646715e-05
0.00088026452
1.4217713e-05
0.00088033639
1.4775655e-05
0.00088040414
1.5320483e-05
0.0008804674
1.5856005e-05
0.00088052629
1.6388198e-05
0.00088058103
1.6921216e-05
0.00088063168
1.745673e-05
0.00088067835
1.799689e-05
0.00088072115
1.8544548e-05
0.00088076042
1.9103848e-05
0.00088079657
1.9678753e-05
0.00088082989
2.027057e-05
0.00088086055
2.0879645e-05
0.00088088857
2.1506246e-05
0.00088091413
2.2152795e-05
0.00088093747
2.2822051e-05
0.00088095877
2.3515309e-05
0.00088097816
2.4232953e-05
0.0008809956
2.4974593e-05
0.00088101125
2.5742588e-05
0.00088102522
2.6538684e-05
0.00088103765
2.7364438e-05
0.00088104855
2.8219272e-05
0.00088105798
2.9104364e-05
0.00088106606
3.0021836e-05
0.00088107288
3.097278e-05
0.00088107845
3.1957288e-05
0.00088108286
3.297687e-05
0.00088108623
3.4033833e-05
0.00088108863
3.5128514e-05
0.0008810901
3.6261598e-05
0.00088109072
3.7434919e-05
0.00088109061
3.8650901e-05
0.00088108978
3.9909333e-05
0.00088108834
4.121282e-05
0.0008810863
4.2562589e-05
0.00088108373
4.3960811e-05
0.00088108058
4.5407887e-05
0.00088107683
4.6907805e-05
0.00088107216
4.8459471e-05
0.0008810661
5.006822e-05
0.00088105735
5.1731878e-05
0.00088104347
5.3455976e-05
0.00088101786
5.5237937e-05
0.00088096391
5.7081675e-05
0.00088082981
5.897776e-05
0.00088047609
6.0916857e-05
0.0008795348
6.2838658e-05
0.00087740881
6.459664e-05
0.00087367578
6.5833248e-05
0.00086862414
6.6143538e-05
0.00086295452
6.5529796e-05
0.00085713816
6.4372633e-05
0.00085128807
6.3060373e-05
0.0008453724
6.1684506e-05
0.0008393615
6.0244556e-05
0.00083327257
5.8714975e-05
0.0008272014
5.707313e-05
0.00082122273
5.5378345e-05
0.00081541203
5.3678627e-05
0.00080981288
5.2014599e-05
0.00080444394
5.041839e-05
0.0007993089
4.8915517e-05
0.00079440212
4.7503514e-05
0.00078971043
4.6182258e-05
0.0007852182
4.496445e-05
0.00078091044
4.3829141e-05
0.00077677353
4.2759283e-05
0.00077279333
4.1782529e-05
0.00076895746
4.0866482e-05
0.00076525804
3.9981952e-05
0.0007616836
3.9185441e-05
0.00075822372
3.8458704e-05
0.00075487483
3.7696269e-05
0.00075162912
3.6989777e-05
0.00074847263
3.6398605e-05
0.00074539806
3.574935e-05
0.00074241613
3.4859066e-05
0.0007395371
3.3873187e-05
0.00073671147
3.3355572e-05
0.00073415138
2.9932439e-05
0.00073135262
3.2219807e-05
1.9550168e-05
0.0009281228
6.0439387e-06
0.00092828887
7.3256474e-06
0.00092852271
8.5059374e-06
0.00092876411
9.3732409e-06
0.00092895982
9.8682405e-06
0.00092909278
1.0126465e-05
0.00092917921
1.0361274e-05
0.00092924703
1.0717741e-05
0.00092931579
1.121553e-05
0.00092939094
1.179405e-05
0.00092947043
1.2391913e-05
0.00092955144
1.2983634e-05
0.00092963198
1.3566189e-05
0.00092971051
1.4139197e-05
0.00092978577
1.4700407e-05
0.00092985686
1.5249402e-05
0.00092992337
1.5789504e-05
0.00092998538
1.6326194e-05
0.00093004309
1.6863518e-05
0.00093009654
1.7403289e-05
0.00093014585
1.7947591e-05
0.00093019114
1.8499271e-05
0.00093023271
1.9062285e-05
0.00093027101
1.9640465e-05
0.00093030631
2.0235278e-05
0.00093033879
2.0847171e-05
0.0009303685
2.1476545e-05
0.00093039562
2.2125687e-05
0.00093042039
2.2797295e-05
0.00093044299
2.3492717e-05
0.00093046356
2.4212397e-05
0.00093048208
2.495609e-05
0.0009304987
2.5725986e-05
0.00093051353
2.6523869e-05
0.00093052674
2.7351248e-05
0.00093053833
2.820771e-05
0.00093054836
2.9094357e-05
0.00093055696
3.001326e-05
0.00093056421
3.0965545e-05
0.00093057015
3.1951367e-05
0.00093057486
3.2972181e-05
0.00093057847
3.4030239e-05
0.00093058104
3.512596e-05
0.00093058264
3.6260032e-05
0.00093058334
3.7434252e-05
0.00093058327
3.8651006e-05
0.00093058245
3.991019e-05
0.00093058099
4.1214314e-05
0.00093057895
4.2564661e-05
0.00093057642
4.3963369e-05
0.00093057341
4.5410925e-05
0.00093057004
4.6911216e-05
0.00093056619
4.8463369e-05
0.00093056185
5.0072606e-05
0.00093055661
5.1737152e-05
0.00093054997
5.3462656e-05
0.00093054037
5.5247585e-05
0.0009305248
5.7097301e-05
0.00093049424
5.9008368e-05
0.0009304262
6.0984944e-05
0.00093024731
6.30176e-05
0.00092976154
6.5082467e-05
0.00092849104
6.7103803e-05
0.00092577871
6.8855917e-05
0.00092138323
6.9925358e-05
0.00091582239
6.9933492e-05
0.00090980727
6.9075593e-05
0.00090370693
6.7784884e-05
0.00089756795
6.6383568e-05
0.00089136189
6.4921159e-05
0.00088505388
6.3381111e-05
0.00087866281
6.1769536e-05
0.0008723165
6.0024992e-05
0.00086609378
5.8237283e-05
0.00086006151
5.6450809e-05
0.0008542574
5.4719591e-05
0.0008486977
5.3063197e-05
0.00084338064
5.1499475e-05
0.00083829754
5.0047391e-05
0.00083343438
4.8692272e-05
0.00082877621
4.7417561e-05
0.00082430647
4.625198e-05
0.00082000973
4.5163109e-05
0.00081587511
4.4116657e-05
0.00081188901
4.3171102e-05
0.00080803891
4.230844e-05
0.00080431994
4.1415421e-05
0.00080072474
4.0584594e-05
0.00079723944
3.9883219e-05
0.00079385718
3.9131394e-05
0.00079058662
3.8130352e-05
0.00078743867
3.7020309e-05
0.00078435205
3.6442063e-05
0.0007815549
3.2729636e-05
0.00077849127
3.5284882e-05
2.1428867e-05
0.00098032743
5.9723273e-06
0.00098048598
7.1671025e-06
0.00098070893
8.2829999e-06
0.00098094318
9.1389947e-06
0.00098113883
9.6726002e-06
0.00098127734
9.9879565e-06
0.00098137149
1.0267135e-05
0.00098144636
1.0642872e-05
0.0009815206
1.1141305e-05
0.0009816001
1.1714552e-05
0.00098168341
1.2308617e-05
0.00098176798
1.2899065e-05
0.00098185202
1.3482161e-05
0.00098193406
1.4057173e-05
0.00098201282
1.4621655e-05
0.00098208737
1.5174855e-05
0.00098215727
1.5719614e-05
0.00098222255
1.6260931e-05
0.00098228336
1.6802718e-05
0.00098233976
1.73469e-05
0.00098239184
1.7895516e-05
0.00098243974
1.8451383e-05
0.00098248375
1.9018282e-05
0.00098252431
1.9599914e-05
0.00098256171
2.0197887e-05
0.00098259614
2.0812759e-05
0.00098262764
2.1445049e-05
0.00098265641
2.2096928e-05
0.00098268269
2.2771026e-05
0.00098270668
2.3468743e-05
0.00098272851
2.4190583e-05
0.00098274817
2.4936441e-05
0.00098276582
2.5708354e-05
0.00098278158
2.6508128e-05
0.00098279562
2.7337235e-05
0.00098280794
2.8195417e-05
0.00098281861
2.9083712e-05
0.00098282776
3.0004133e-05
0.00098283548
3.0957839e-05
0.00098284182
3.1945053e-05
0.00098284684
3.2967172e-05
0.00098285071
3.4026391e-05
0.00098285348
3.5123215e-05
0.00098285521
3.6258332e-05
0.000982856
3.7433505e-05
0.00098285596
3.8651076e-05
0.00098285514
3.9911053e-05
0.00098285364
4.1215849e-05
0.00098285153
4.2566798e-05
0.00098284893
4.3966003e-05
0.00098284586
4.5414027e-05
0.00098284248
4.691464e-05
0.00098283874
4.8467161e-05
0.00098283477
5.0076633e-05
0.00098283039
5.1741562e-05
0.00098282562
5.346747e-05
0.00098282
5.5253252e-05
0.00098281295
5.7104408e-05
0.00098280248
5.9018893e-05
0.00098278475
6.1002727e-05
0.00098274772
6.3054686e-05
0.00098265862
6.5171617e-05
0.0009824141
6.7348384e-05
0.00098172976
6.9540323e-05
0.00098001079
7.1644384e-05
0.00097660918
7.3335148e-05
0.00097152688
7.4157985e-05
0.00096547427
7.383754e-05
0.00095912455
7.2733319e-05
0.00095273313
7.1312714e-05
0.00094629151
6.9822699e-05
0.00093975644
6.8304727e-05
0.00093311654
6.6664963e-05
0.00092642736
6.4926416e-05
0.00091980673
6.3071611e-05
0.00091334032
6.1185966e-05
0.00090708545
5.9318036e-05
0.00090107283
5.751227e-05
0.0008953158
5.5804251e-05
0.00088981027
5.4197761e-05
0.00088454609
5.2681876e-05
0.00087950766
5.1290096e-05
0.00087467727
4.9993355e-05
0.00087004092
4.8753138e-05
0.00086558217
4.7629384e-05
0.00086128512
4.6605079e-05
0.0008571425
4.5558254e-05
0.00085314587
4.4580837e-05
0.00084928062
4.3747717e-05
0.00084553893
4.2872836e-05
0.00084193046
4.1739687e-05
0.00083846998
4.0479777e-05
0.00083508509
3.9826875e-05
0.00083202399
3.5790828e-05
0.00082866499
3.8645963e-05
2.3496503e-05
0.0010354666
5.9008471e-06
0.0010356179
7.0157684e-06
0.00103583
8.0709676e-06
0.0010360566
8.912441e-06
0.0010362514
9.4777713e-06
0.0010363949
9.8444629e-06
0.0010364965
1.0165524e-05
0.0010365785
1.0560921e-05
0.0010366583
1.1061448e-05
0.0010367424
1.1630528e-05
0.0010368296
1.2221352e-05
0.0010369179
1.2810785e-05
0.0010370056
1.3394515e-05
0.0010370912
1.397153e-05
0.0010371736
1.4539282e-05
0.0010372518
1.5096714e-05
0.0010373252
1.5646203e-05
0.0010373939
1.6192269e-05
0.0010374579
1.6738671e-05
0.0010375174
1.7287422e-05
0.0010375724
1.7840524e-05
0.0010376231
1.8400744e-05
0.0010376697
1.8971704e-05
0.0010377126
1.955697e-05
0.0010377522
2.0158276e-05
0.0010377887
2.0776293e-05
0.0010378221
2.1411651e-05
0.0010378526
2.2066417e-05
0.0010378805
2.274315e-05
0.001037906
2.3443298e-05
0.0010379292
2.4167432e-05
0.00103795
2.4915573e-05
0.0010379688
2.5689624e-05
0.0010379855
2.64914e-05
0.0010380005
2.7322344e-05
0.0010380135
2.8182346e-05
0.0010380249
2.9072386e-05
0.0010380346
2.9994418e-05
0.0010380429
3.0949631e-05
0.0010380496
3.1938317e-05
0.001038055
3.2961818e-05
0.0010380591
3.402227e-05
0.0010380621
3.5120262e-05
0.001038064
3.6256486e-05
0.0010380649
3.7432666e-05
0.0010380649
3.8651106e-05
0.0010380641
3.9911921e-05
0.0010380625
4.121743e-05
0.0010380603
4.2569014e-05
0.0010380576
4.3968742e-05
0.0010380544
4.5417252e-05
0.0010380509
4.6918189e-05
0.0010380471
4.8471061e-05
0.0010380431
5.0080708e-05
0.0010380388
5.174589e-05
0.0010380344
5.3471929e-05
0.0010380297
5.5257995e-05
0.0010380247
5.7109463e-05
0.0010380188
5.9024798e-05
0.0010380114
6.1010216e-05
0.0010380001
6.3066053e-05
0.0010379794
6.5192397e-05
0.0010379333
6.739455e-05
0.0010378116
6.9662045e-05
0.0010374663
7.1989731e-05
0.0010364944
7.4307131e-05
0.0010341892
7.6463289e-05
0.0010300042
7.8022598e-05
0.0010242428
7.8494709e-05
0.0010177246
7.7831039e-05
0.0010110369
7.6510423e-05
0.001004338
7.5003698e-05
0.00099756981
7.3433256e-05
0.00099068904
7.1807118e-05
0.00098370778
7.0053058e-05
0.00097671873
6.8174982e-05
0.00096981856
6.6218157e-05
0.00096309902
6.4232013e-05
0.00095661362
6.2289469e-05
0.00095038706
6.0424253e-05
0.00094442823
5.8640877e-05
0.00093873139
5.6986595e-05
0.00093328085
5.5443729e-05
0.00092806225
5.3971894e-05
0.00092305716
5.2633988e-05
0.00091824579
5.1415976e-05
0.00091361766
5.0186636e-05
0.00090916191
4.9036188e-05
0.00090486197
4.8046845e-05
0.00090070748
4.7027033e-05
0.00089670825
4.5739925e-05
0.0008928804
4.4306454e-05
0.00088914886
4.3558369e-05
0.00088578484
3.915491e-05
0.00088208741
4.2346181e-05
2.5777883e-05
0.0010937052
5.829764e-06
0.0010938495
6.8715362e-06
0.0010940508
7.8695924e-06
0.0010942693
8.6939801e-06
0.0010944626
9.2845098e-06
0.0010946104
9.696621e-06
0.0010947192
1.0056776e-05
0.0010948082
1.0471922e-05
0.0010948938
1.0975837e-05
0.0010949825
1.1541827e-05
0.0010950739
1.2129966e-05
0.001095166
1.2718658e-05
0.0010952574
1.3303126e-05
0.0010953468
1.3882155e-05
0.001095433
1.445317e-05
0.0010955148
1.5014856e-05
0.0010955919
1.5569134e-05
0.0010956641
1.6120066e-05
0.0010957316
1.6671231e-05
0.0010957943
1.7224707e-05
0.0010958524
1.7782465e-05
0.0010959059
1.834721e-05
0.0010959552
1.8922408e-05
0.0010960007
1.9511498e-05
0.0010960427
2.0116317e-05
0.0010960813
2.0737651e-05
0.0010961168
2.1376235e-05
0.0010961491
2.2034046e-05
0.0010961787
2.2713567e-05
0.0010962058
2.3416292e-05
0.0010962303
2.4142857e-05
0.0010962525
2.4893408e-05
0.0010962724
2.5669724e-05
0.0010962902
2.647362e-05
0.0010963061
2.7306518e-05
0.00109632
2.8168444e-05
0.0010963321
2.9060332e-05
0.0010963425
2.9984073e-05
0.0010963512
3.0940886e-05
0.0010963585
3.1931128e-05
0.0010963642
3.2956093e-05
0.0010963686
3.4017855e-05
0.0010963718
3.5117083e-05
0.0010963739
3.6254479e-05
0.0010963749
3.7431728e-05
0.0010963749
3.865109e-05
0.0010963741
3.9912791e-05
0.0010963725
4.1219056e-05
0.0010963702
4.2571312e-05
0.0010963674
4.3971596e-05
0.0010963641
4.5420618e-05
0.0010963604
4.6921897e-05
0.0010963564
4.847513e-05
0.0010963522
5.0084948e-05
0.0010963478
5.175036e-05
0.0010963433
5.3476463e-05
0.0010963387
5.5262666e-05
0.0010963341
5.7114155e-05
0.0010963292
5.90297e-05
0.0010963241
6.101539e-05
0.0010963182
6.3072011e-05
0.0010963104
6.5200277e-05
0.0010962981
6.7406956e-05
0.0010962731
6.9687077e-05
0.0010962131
7.2049842e-05
0.001096041
7.4479256e-05
0.0010955424
7.6961913e-05
0.0010941635
7.9401569e-05
0.001091115
8.1543322e-05
0.0010860751
8.2871006e-05
0.0010796615
8.2924104e-05
0.0010727286
8.1936635e-05
0.0010657105
8.045153e-05
0.0010586712
7.8846286e-05
0.0010515564
7.7168091e-05
0.0010443168
7.5414518e-05
0.0010369735
7.3561453e-05
0.0010296635
7.154221e-05
0.0010224793
6.9473434e-05
0.001015503
6.7400449e-05
0.0010087841
6.5359992e-05
0.0010023433
6.3427043e-05
0.00099617878
6.1608074e-05
0.00099028474
5.9866126e-05
0.00098464492
5.8273306e-05
0.00097923751
5.6822849e-05
0.00097404937
5.5375059e-05
0.00096906661
5.4018559e-05
0.00096426936
5.2843217e-05
0.00095964332
5.165273e-05
0.00095519715
5.0187254e-05
0.00095094607
4.8556203e-05
0.00094681606
4.7688369e-05
0.00094309369
4.2877326e-05
0.00093899556
4.6447904e-05
2.8304606e-05
0.0011552174
5.7592966e-06
0.0011553548
6.7341487e-06
0.0011555458
7.6786065e-06
0.0011557559
8.4839231e-06
0.0011559468
9.0935435e-06
0.0011560983
9.5451307e-06
0.0011562138
9.9413065e-06
0.0011563098
1.0375988e-05
0.0011564012
1.0884397e-05
0.0011564947
1.1448325e-05
0.0011565904
1.2034331e-05
0.0011566865
1.2622551e-05
0.0011567817
1.320788e-05
0.001156875
1.3788942e-05
0.0011569649
1.4363207e-05
0.0011570506
1.4929156e-05
0.0011571315
1.5488277e-05
0.0011572074
1.604418e-05
0.0011572784
1.6600251e-05
0.0011573445
1.7158607e-05
0.0011574058
1.772119e-05
0.0011574624
1.829063e-05
0.0011575146
1.887025e-05
0.0011575627
1.9463356e-05
0.0011576072
2.0071873e-05
0.0011576481
2.0696705e-05
0.0011576857
2.1338681e-05
0.0011577201
2.1999702e-05
0.0011577515
2.2682171e-05
0.0011577801
2.3387625e-05
0.0011578062
2.411677e-05
0.0011578298
2.4869864e-05
0.001157851
2.5648579e-05
0.0011578699
2.6454722e-05
0.0011578868
2.7289695e-05
0.0011579016
2.8153656e-05
0.0011579144
2.9047501e-05
0.0011579255
2.9973055e-05
0.0011579348
3.0931564e-05
0.0011579425
3.1923453e-05
0.0011579487
3.2949969e-05
0.0011579534
3.4013122e-05
0.0011579569
3.5113661e-05
0.0011579591
3.6252297e-05
0.0011579602
3.7430678e-05
0.0011579603
3.8651019e-05
0.0011579595
3.9913658e-05
0.0011579578
4.1220726e-05
0.0011579555
4.2573694e-05
0.0011579526
4.3974567e-05
0.0011579491
4.5424131e-05
0.0011579453
4.6925775e-05
0.0011579411
4.8479387e-05
0.0011579367
5.0089385e-05
0.0011579321
5.1755032e-05
0.0011579274
5.348119e-05
0.0011579226
5.5267499e-05
0.0011579179
5.7118936e-05
0.0011579131
5.9034534e-05
0.0011579084
6.1020172e-05
0.0011579036
6.3076869e-05
0.0011578985
6.5205483e-05
0.0011578926
6.7412898e-05
0.0011578844
6.9695375e-05
0.0011578705
7.2063727e-05
0.0011578393
7.4510542e-05
0.0011577572
7.7044092e-05
0.0011575091
7.9649735e-05
0.0011567691
8.2283431e-05
0.0011548203
8.4819841e-05
0.0011508816
8.6862854e-05
0.0011449712
8.7847162e-05
0.0011379607
8.7462151e-05
0.0011306383
8.6168633e-05
0.001123281
8.4525578e-05
0.0011158796
8.2815889e-05
0.0011083757
8.106523e-05
0.0011007452
7.9172981e-05
0.0010930426
7.7175889e-05
0.0010854065
7.5036382e-05
0.0010779395
7.2827203e-05
0.0010707094
7.0656808e-05
0.0010637526
6.8564645e-05
0.0010570895
6.6529416e-05
0.0010507166
6.4645706e-05
0.0010446171
6.2921727e-05
0.0010387793
6.1213155e-05
0.0010331873
5.9610243e-05
0.0010278175
5.8212002e-05
0.0010226512
5.6818672e-05
0.0010176945
5.5145316e-05
0.00101296
5.3289197e-05
0.0010083749
5.2273444e-05
0.0010042342
4.7018056e-05
0.00099966447
5.102203e-05
3.111647e-05
0.0012201871
5.6896223e-06
0.001220318
6.6032946e-06
0.0012204989
7.49772e-06
0.0012207004
8.2824437e-06
0.0012208883
8.9055557e-06
0.0012210427
9.3907389e-06
0.0012211645
9.8196134e-06
0.0012212671
1.0273303e-05
0.0012213644
1.0787109e-05
0.0012214629
1.1349925e-05
0.0012215629
1.1934331e-05
0.0012216631
1.2522346e-05
0.0012217623
1.3108661e-05
0.0012218595
1.3691784e-05
0.0012219534
1.4269285e-05
0.0012220431
1.4839497e-05
0.0012221279
1.54035e-05
0.0012222076
1.5964471e-05
0.0012222823
1.6525584e-05
0.0012223519
1.7088968e-05
0.0012224166
1.7656543e-05
0.0012224764
1.8230852e-05
0.0012225316
1.8815076e-05
0.0012225825
1.9412396e-05
0.0012226296
2.0024805e-05
0.001222673
2.0653322e-05
0.0012227128
2.1298863e-05
0.0012227493
2.1963264e-05
0.0012227826
2.2648852e-05
0.0012228131
2.3357197e-05
0.0012228408
2.4089074e-05
0.0012228658
2.4844853e-05
0.0012228883
2.5626109e-05
0.0012229084
2.643463e-05
0.0012229263
2.727181e-05
0.0012229421
2.8137923e-05
0.0012229558
2.903384e-05
0.0012229676
2.9961318e-05
0.0012229775
3.0921628e-05
0.0012229857
3.1915259e-05
0.0012229923
3.2943417e-05
0.0012229974
3.4008048e-05
0.0012230011
3.5109974e-05
0.0012230035
3.6249924e-05
0.0012230048
3.7429505e-05
0.0012230049
3.8650886e-05
0.0012230041
3.9914516e-05
0.0012230025
4.1222436e-05
0.001223
4.257616e-05
0.001222997
4.3977658e-05
0.0012229934
4.5427795e-05
0.0012229894
4.6929831e-05
0.001222985
4.848384e-05
0.0012229804
5.0094034e-05
0.0012229755
5.1759926e-05
0.0012229706
5.3486145e-05
0.0012229656
5.5272555e-05
0.0012229607
5.7123926e-05
0.0012229558
5.9039542e-05
0.001222951
6.1025049e-05
0.0012229462
6.3081655e-05
0.0012229415
6.5210256e-05
0.0012229369
6.7417626e-05
0.0012229318
6.970051e-05
0.001222926
7.2069638e-05
0.0012229173
7.4519318e-05
0.0012229011
7.7060374e-05
0.001222861
7.968988e-05
0.0012227426
8.2401964e-05
0.0012223722
8.5190282e-05
0.0012212642
8.7970899e-05
0.0012185552
9.0556265e-05
0.001213617
9.2400438e-05
0.0012068744
9.2911201e-05
0.0011993166
9.2083609e-05
0.0011915992
9.0533194e-05
0.0011838834
8.8780928e-05
0.0011760969
8.6959856e-05
0.0011681782
8.5094381e-05
0.0011601395
8.3074938e-05
0.0011520838
8.0883176e-05
0.0011441216
7.8618608e-05
0.0011363605
7.6325446e-05
0.0011288676
7.4022545e-05
0.0011216728
7.1839973e-05
0.0011147809
6.9812892e-05
0.0011081921
6.7802423e-05
0.0011018927
6.5909256e-05
0.0010958592
6.4244479e-05
0.0010900693
6.2608077e-05
0.0010845262
6.0689957e-05
0.0010792388
5.8574944e-05
0.0010741341
5.7378187e-05
0.0010695145
5.1637599e-05
0.0010644005
5.6141381e-05
3.4259673e-05
0.0012888087
5.6209432e-06
0.0012889333
6.4787085e-06
0.0012891045
7.3265446e-06
0.0012892973
8.0896159e-06
0.0012894817
8.7211676e-06
0.0012896382
9.2342253e-06
0.0012897656
9.6922716e-06
0.0012898747
1.0164134e-05
0.0012899779
1.0684011e-05
0.0012900812
1.124657e-05
0.0012901857
1.182988e-05
0.0012902901
1.2417938e-05
0.0012903934
1.300537e-05
0.0012904946
1.3590586e-05
0.0012905926
1.4171302e-05
0.0012906864
1.4745763e-05
0.0012907752
1.5314678e-05
0.0012908589
1.5880799e-05
0.0012909374
1.6447081e-05
0.0012910108
1.7015639e-05
0.0012910789
1.7588367e-05
0.0012911421
1.8167717e-05
0.0012912004
1.8756731e-05
0.0012912544
1.9358467e-05
0.0012913042
1.9974967e-05
0.0012913502
2.060736e-05
0.0012913924
2.1256647e-05
0.0012914311
2.1924608e-05
0.0012914665
2.261349e-05
0.0012914988
2.3324895e-05
0.0012915282
2.4059669e-05
0.0012915548
2.4818282e-05
0.0012915787
2.5602227e-05
0.0012916001
2.6413268e-05
0.0012916192
2.7252791e-05
0.0012916359
2.8121182e-05
0.0012916505
2.9019293e-05
0.0012916631
2.9948813e-05
0.0012916737
3.0911032e-05
0.0012916825
3.1906506e-05
0.0012916895
3.2936405e-05
0.001291695
3.4002606e-05
0.001291699
3.5106002e-05
0.0012917016
3.6247342e-05
0.0012917029
3.7428194e-05
0.0012917032
3.8650681e-05
0.0012917024
3.9915359e-05
0.0012917007
4.1224183e-05
0.0012916982
4.2578707e-05
0.001291695
4.3980871e-05
0.0012916912
4.5431613e-05
0.0012916871
4.6934069e-05
0.0012916825
4.8488496e-05
0.0012916777
5.0098905e-05
0.0012916726
5.1765053e-05
0.0012916674
5.3491341e-05
0.0012916622
5.5277856e-05
0.0012916571
5.7129158e-05
0.0012916519
5.9044783e-05
0.0012916469
6.1030142e-05
0.001291642
6.3086615e-05
0.0012916372
6.5215122e-05
0.0012916326
6.7422271e-05
0.001291628
6.9705164e-05
0.0012916236
7.2074173e-05
0.0012916187
7.4524289e-05
0.0012916128
7.7066336e-05
0.0012916036
7.9699136e-05
0.0012915837
8.2421982e-05
0.001291529
8.5245092e-05
0.0012913501
8.8149867e-05
0.0012907831
9.1123278e-05
0.0012891401
9.4043549e-05
0.0012854675
9.6583788e-05
0.0012794611
9.8090179e-05
0.0012719433
9.8050993e-05
0.001263905
9.6819106e-05
0.0012558019
9.506327e-05
0.0012476895
9.320659e-05
0.0012394937
9.1270592e-05
0.0012311494
8.9227749e-05
0.0012226793
8.7088312e-05
0.001214244
8.4760397e-05
0.0012059546
8.2312242e-05
0.0011979042
7.9889827e-05
0.0011901456
7.7570781e-05
0.0011827084
7.5239996e-05
0.0011755947
7.3022571e-05
0.0011687914
7.1046733e-05
0.0011622782
6.9120674e-05
0.0011560567
6.6913259e-05
0.0011501324
6.4497427e-05
0.0011444311
6.307948e-05
0.0011392653
5.6803317e-05
0.0011335279
6.1885126e-05
3.7786067e-05
0.0013612874
5.553433e-06
0.001361406
6.3601204e-06
0.0013615679
7.1646538e-06
0.0013617521
7.9054028e-06
0.0013619324
8.5409222e-06
0.0013620902
9.0763808e-06
0.0013622226
9.559926e-06
0.0013623379
1.0048827e-05
0.0013624467
1.0575206e-05
0.001362555
1.1138244e-05
0.001362664
1.1720916e-05
0.0013627727
1.2309246e-05
0.0013628802
1.2897912e-05
0.0013629855
1.3485256e-05
0.0013630877
1.4069164e-05
0.0013631856
1.464785e-05
0.0013632786
1.522169e-05
0.0013633664
1.5793031e-05
0.0013634489
1.6364597e-05
0.0013635261
1.6938467e-05
0.001363598
1.7516504e-05
0.0013636646
1.8101066e-05
0.0013637263
1.8695056e-05
0.0013637834
1.930141e-05
0.0013638362
1.9922206e-05
0.0013638849
2.0558675e-05
0.0013639296
2.1211895e-05
0.0013639706
2.1883601e-05
0.0013640082
2.2575962e-05
0.0013640425
2.3290607e-05
0.0013640737
2.4028449e-05
0.001364102
2.4790051e-05
0.0013641274
2.5576842e-05
0.0013641501
2.6390553e-05
0.0013641704
2.7232565e-05
0.0013641882
2.8103367e-05
0.0013642038
2.90038e-05
0.0013642171
2.9935486e-05
0.0013642285
3.0899731e-05
0.0013642378
3.1897157e-05
0.0013642454
3.2928897e-05
0.0013642512
3.3996767e-05
0.0013642556
3.5101721e-05
0.0013642584
3.6244533e-05
0.0013642599
3.7426732e-05
0.0013642603
3.8650394e-05
0.0013642595
3.991618e-05
0.0013642578
4.1225964e-05
0.0013642552
4.2581336e-05
0.0013642519
4.3984208e-05
0.0013642479
4.5435589e-05
0.0013642436
4.6938496e-05
0.0013642388
4.8493362e-05
0.0013642338
5.0104006e-05
0.0013642284
5.1770421e-05
0.001364223
5.349679e-05
0.0013642176
5.5283413e-05
0.0013642121
5.7134649e-05
0.0013642067
5.9050279e-05
0.0013642014
6.1035484e-05
0.0013641963
6.3091811e-05
0.0013641913
6.5220204e-05
0.0013641866
6.7427089e-05
0.0013641819
6.9709905e-05
0.0013641776
7.2078613e-05
0.0013641732
7.4528728e-05
0.001364169
7.7070674e-05
0.0013641644
7.9703789e-05
0.0013641584
8.2428064e-05
0.0013641483
8.5255248e-05
0.0013641224
8.8175899e-05
0.0013640421
9.1203645e-05
0.0013637665
9.4319209e-05
0.0013628787
9.7471669e-05
0.0013604765
0.00010049243
0.0013556638
0.00010286378
0.0013486031
0.00010387969
0.0013403942
0.00010327244
0.0013319107
0.00010168992
0.0013234151
9.9766011e-05
0.0013148753
9.7767847e-05
0.0013062131
9.5750089e-05
0.0012974038
9.3569274e-05
0.0012885168
9.1199691e-05
0.0012797064
8.8699623e-05
0.0012710918
8.6184479e-05
0.0012627524
8.3579914e-05
0.0012547329
8.1041706e-05
0.0012470523
7.8726151e-05
0.0012397048
7.6467443e-05
0.0012326964
7.3923769e-05
0.0012260334
7.1158402e-05
0.0012196423
6.9470653e-05
0.0012138497
6.2595771e-05
0.0012073975
6.8344616e-05
4.1754792e-05
0.00143784
5.4872507e-06
0.0014379529
6.2472722e-06
0.001438106
7.0115961e-06
0.0014382817
7.7296832e-06
0.0014384573
8.3652779e-06
0.0014386157
8.9179896e-06
0.0014387524
9.4232803e-06
0.0014388734
9.9278053e-06
0.0014389878
1.0460866e-05
0.0014391011
1.1024981e-05
0.0014392146
1.1607419e-05
0.0014393276
1.2196213e-05
0.0014394393
1.2786217e-05
0.0014395489
1.337572e-05
0.0014396553
1.3962789e-05
0.0014397575
1.4545659e-05
0.0014398548
1.5124421e-05
0.0014399468
1.5701037e-05
0.0014400334
1.6277989e-05
0.0014401146
1.68573e-05
0.0014401903
1.7440797e-05
0.0014402607
1.8030737e-05
0.0014403258
1.8629888e-05
0.0014403862
1.9241064e-05
0.001440442
1.9866365e-05
0.0014404936
2.0507114e-05
0.0014405411
2.1164463e-05
0.0014405846
2.1840106e-05
0.0014406244
2.253614e-05
0.0014406608
2.3254211e-05
0.001440694
2.3995299e-05
0.001440724
2.4760059e-05
0.001440751
2.554986e-05
0.0014407752
2.6366398e-05
0.0014407968
2.7211052e-05
0.0014408157
2.8084406e-05
0.0014408323
2.8987296e-05
0.0014408465
2.992128e-05
0.0014408586
3.0887676e-05
0.0014408686
3.1887167e-05
0.0014408767
3.2920858e-05
0.001440883
3.3990499e-05
0.0014408876
3.5097106e-05
0.0014408907
3.6241476e-05
0.0014408924
3.7425101e-05
0.0014408929
3.8650012e-05
0.0014408921
3.991697e-05
0.0014408904
4.1227775e-05
0.0014408877
4.2584044e-05
0.0014408843
4.3987669e-05
0.0014408802
4.5439725e-05
0.0014408756
4.6943116e-05
0.0014408706
4.8498445e-05
0.0014408654
5.0109345e-05
0.0014408598
5.177604e-05
0.0014408542
5.3502501e-05
0.0014408484
5.5289235e-05
0.0014408427
5.7140409e-05
0.001440837
5.9056042e-05
0.0014408315
6.104109e-05
0.0014408261
6.3097261e-05
0.0014408209
6.5225532e-05
0.0014408159
6.7432136e-05
0.0014408111
6.9714854e-05
0.0014408066
7.2083218e-05
0.0014408021
7.4533246e-05
0.001440798
7.7074893e-05
0.001440794
7.9707855e-05
0.00144079
8.2432217e-05
0.0014407857
8.5259613e-05
0.0014407796
8.8182092e-05
0.0014407676
9.1215733e-05
0.0014407323
9.4354563e-05
0.0014406071
9.7596949e-05
0.0014401684
0.0001009312
0.0014387799
0.00010425225
0.001435365
0.00010729464
0.001429294
0.00010934362
0.0014212601
0.00010972364
0.0014124368
0.00010858905
0.0014035005
0.00010670452
0.001394589
0.00010466112
0.0013855975
0.0001025603
0.0013764458
0.00010035185
0.001367156
9.7988908e-05
0.0013578576
9.5481906e-05
0.0013486715
9.2766474e-05
0.001339725
8.9987923e-05
0.0013310952
8.7354759e-05
0.001322812
8.4749762e-05
0.0013149015
8.1836566e-05
0.0013073832
7.8674523e-05
0.0013001912
7.6662759e-05
0.0012936736
6.9113149e-05
0.0012863972
7.5629277e-05
4.6235277e-05
0.0015186956
5.4225189e-06
0.001518803
6.1398971e-06
0.0015189477
6.8669032e-06
0.0015191151
7.5622583e-06
0.0015192858
8.1945998e-06
0.001519444
8.7598052e-06
0.0015195842
9.2830814e-06
0.0015197105
9.8015653e-06
0.0015198301
1.0341227e-05
0.0015199482
1.0906865e-05
0.0015200663
1.1489398e-05
0.0015201837
1.207881e-05
0.0015202997
1.267023e-05
0.0015204135
1.3261911e-05
0.0015205242
1.3852102e-05
0.0015206308
1.4439104e-05
0.0015207325
1.5022768e-05
0.0015208288
1.5604693e-05
0.0015209197
1.6187119e-05
0.001521005
1.6771989e-05
0.0015210848
1.7361086e-05
0.001521159
1.7956566e-05
0.0015212278
1.856106e-05
0.0015212916
1.9177264e-05
0.0015213507
1.9807282e-05
0.0015214053
2.0452521e-05
0.0015214556
2.11142e-05
0.0015215017
2.1793978e-05
0.001521544
2.2493885e-05
0.0015215827
2.3215579e-05
0.0015216179
2.3960103e-05
0.0015216498
2.4728195e-05
0.0015216785
2.5521178e-05
0.0015217042
2.634071e-05
0.0015217271
2.7188169e-05
0.0015217473
2.8064224e-05
0.001521765
2.8969715e-05
0.0015217801
2.9906136e-05
0.001521793
3.0874813e-05
0.0015218037
3.187649e-05
0.0015218124
3.2912247e-05
0.0015218191
3.3983771e-05
0.0015218241
3.5092129e-05
0.0015218275
3.6238148e-05
0.0015218294
3.7423286e-05
0.0015218299
3.8649524e-05
0.0015218292
3.9917721e-05
0.0015218275
4.1229609e-05
0.0015218247
4.258683e-05
0.0015218212
4.3991255e-05
0.0015218169
4.5444026e-05
0.0015218122
4.6947935e-05
0.001521807
4.850375e-05
0.0015218015
5.011493e-05
0.0015217956
5.1781917e-05
0.0015217897
5.3508484e-05
0.0015217837
5.5295335e-05
0.0015217777
5.714645e-05
0.0015217718
5.9062083e-05
0.001521766
6.1046972e-05
0.0015217603
6.3102979e-05
0.0015217548
6.5231121e-05
0.0015217496
6.7437434e-05
0.0015217445
6.9720042e-05
0.0015217398
7.2088043e-05
0.0015217352
7.4537963e-05
0.0015217309
7.7079268e-05
0.0015217269
7.9711993e-05
0.0015217229
8.2436234e-05
0.0015217193
8.5263335e-05
0.0015217155
8.8185986e-05
0.0015217114
9.1219932e-05
0.0015217052
9.4360798e-05
0.0015216899
9.7612374e-05
0.0015216375
0.00010098363
0.0015214337
0.00010445618
0.0015207198
0.00010800859
0.0015185865
0.00011147688
0.0015139097
0.0001144003
0.0015065462
0.0001159525
0.001497636
0.00011561495
0.0014882895
0.00011400722
0.0014789168
0.00011193252
0.0014695355
0.00010973361
0.0014600563
0.00010746756
0.0014504031
0.00010513402
0.001440608
0.00010256202
0.0014308687
9.9726966e-05
0.0014213207
9.6901545e-05
0.0014120571
9.4012321e-05
0.0014031539
9.0742442e-05
0.0013946658
8.716022e-05
0.0013865514
8.4777379e-05
0.001379194
7.6470287e-05
0.0013709623
8.3870194e-05
5.1310856e-05
0.001604096
5.3593399e-06
0.0016041982
6.0377354e-06
0.001604335
6.7301067e-06
0.0016044944
7.4028726e-06
0.0016046598
8.029164e-06
0.0016048171
8.602538e-06
0.0016049601
9.1401053e-06
0.001605091
9.6706741e-06
0.0016052156
1.0216604e-05
0.0016053384
1.0784039e-05
0.0016054609
1.1366913e-05
0.0016055827
1.1957046e-05
0.001605703
1.2549924e-05
0.0016058212
1.3143786e-05
0.0016059362
1.3737049e-05
0.0016060473
1.4328112e-05
0.0016061534
1.4916636e-05
0.0016062542
1.5503888e-05
0.0016063495
1.6091855e-05
0.0016064391
1.6682388e-05
0.001606523
1.7277215e-05
0.0016066012
1.787839e-05
0.0016066739
1.8488406e-05
0.0016067413
1.910984e-05
0.0016068038
1.974479e-05
0.0016068616
2.0394733e-05
0.0016069149
2.1060948e-05
0.0016069638
2.1745069e-05
0.0016070087
2.2449057e-05
0.0016070497
2.3174577e-05
0.0016070871
2.3922734e-05
0.001607121
2.4694342e-05
0.0016071515
2.5490689e-05
0.0016071788
2.6313391e-05
0.0016072032
2.7163825e-05
0.0016072247
2.8042739e-05
0.0016072435
2.8950982e-05
0.0016072597
2.9889989e-05
0.0016072735
3.0861087e-05
0.0016072849
3.1865077e-05
0.0016072942
3.2903022e-05
0.0016073014
3.3976545e-05
0.0016073068
3.5086759e-05
0.0016073105
3.6234524e-05
0.0016073126
3.7421265e-05
0.0016073132
3.8648913e-05
0.0016073126
3.9918423e-05
0.0016073108
4.123146e-05
0.001607308
4.2589689e-05
0.0016073043
4.3994965e-05
0.0016072999
4.5448492e-05
0.001607295
4.6952957e-05
0.0016072895
4.8509283e-05
0.0016072838
5.0120769e-05
0.0016072777
5.1788062e-05
0.0016072715
5.3514748e-05
0.0016072652
5.530172e-05
0.0016072589
5.7152781e-05
0.0016072527
5.9068411e-05
0.0016072466
6.1053139e-05
0.0016072407
6.3108974e-05
0.0016072349
6.523698e-05
0.0016072295
6.7442993e-05
0.0016072241
6.972548e-05
0.0016072192
7.2093108e-05
0.0016072143
7.4542904e-05
0.0016072098
7.7083851e-05
0.0016072056
7.9716313e-05
0.0016072016
8.2440396e-05
0.0016071979
8.526712e-05
0.0016071942
8.8189749e-05
0.0016071908
9.1223391e-05
0.0016071875
9.4364268e-05
0.0016071835
9.7616407e-05
0.001607177
0.00010099026
0.0016071557
0.00010447748
0.0016070708
0.0001080935
0.0016067314
0.0001118163
0.0016055561
0.00011557563
0.00160238
0.00011912852
0.0015962521
0.00012174289
0.0015876695
0.00012258945
0.001578009
0.00012159257
0.001568161
0.00011958196
0.0015583347
0.00011729342
0.0015484509
0.00011501654
0.0015384107
0.00011260272
0.001528211
0.0001099265
0.0015179565
0.00010715474
0.0015078011
0.00010416646
0.0014979024
0.00010064422
0.001488375
9.6685034e-05
0.0014792312
9.3921432e-05
0.0014709164
8.4784857e-05
0.0014615813
9.3215437e-05
5.7079841e-05
0.0016942966
5.2978089e-06
0.0016943938
5.9405269e-06
0.0016945232
6.600738e-06
0.0016946749
7.2512248e-06
0.0016948349
7.8691598e-06
0.0016949906
8.4468375e-06
0.0016951356
8.9951359e-06
0.0016952705
9.5357544e-06
0.0016953997
1.0087374e-05
0.0016955271
1.0656703e-05
0.001695654
1.1240068e-05
0.0016957801
1.1830965e-05
0.0016959047
1.2425301e-05
0.0016960272
1.3021322e-05
0.0016961466
1.361759e-05
0.0016962622
1.4212626e-05
0.0016963729
1.4805948e-05
0.0016964782
1.5398518e-05
0.001696578
1.5992076e-05
0.0016966721
1.658836e-05
0.0016967603
1.7189034e-05
0.0016968427
1.7796049e-05
0.0016969193
1.8411758e-05
0.0016969906
1.9038623e-05
0.0016970566
1.967872e-05
0.0016971178
2.0333584e-05
0.0016971742
2.1004548e-05
0.0016972261
2.1693221e-05
0.0016972737
2.2401506e-05
0.0016973172
2.3131065e-05
0.0016973569
2.3883062e-05
0.0016973929
2.4658379e-05
0.0016974253
2.5458279e-05
0.0016974544
2.6284337e-05
0.0016974803
2.7137927e-05
0.0016975033
2.8019867e-05
0.0016975233
2.8931021e-05
0.0016975405
2.9872769e-05
0.0016975552
3.0846436e-05
0.0016975674
3.1852875e-05
0.0016975774
3.2893136e-05
0.0016975852
3.3968782e-05
0.001697591
3.5080965e-05
0.001697595
3.6230579e-05
0.0016975973
3.7419017e-05
0.0016975981
3.8648165e-05
0.0016975975
3.9919062e-05
0.0016975957
4.123332e-05
0.0016975929
4.2592618e-05
0.0016975891
4.39988e-05
0.0016975845
4.5453126e-05
0.0016975793
4.6958186e-05
0.0016975737
4.8515052e-05
0.0016975677
5.0126869e-05
0.0016975613
5.1794483e-05
0.0016975548
5.3521304e-05
0.0016975482
5.5308402e-05
0.0016975417
5.7159414e-05
0.0016975351
5.9075038e-05
0.0016975288
6.1059604e-05
0.0016975226
6.3115258e-05
0.0016975165
6.5243122e-05
0.0016975108
6.7448825e-05
0.0016975052
6.9731179e-05
0.0016975
7.2098422e-05
0.0016974949
7.4548082e-05
0.0016974902
7.7088658e-05
0.0016974858
7.9720841e-05
0.0016974815
8.2444753e-05
0.0016974777
8.5271076e-05
0.0016974739
8.8193655e-05
0.0016974705
9.1226913e-05
0.0016974672
9.4367634e-05
0.001697464
9.7619639e-05
0.0016974611
0.00010099328
0.0016974574
0.00010448122
0.0016974495
0.00010810149
0.0016974176
0.00011184823
0.0016972705
0.00011572266
0.0016966953
0.00011970371
0.0016947964
0.00012364165
0.0016902433
0.00012714229
0.0016825828
0.00012925293
0.0016729296
0.00012923528
0.0016626093
0.00012761319
0.0016522489
0.00012537563
0.0016419348
0.00012291738
0.0016315274
0.00012033365
0.0016209293
0.0001177516
0.0016101712
0.00011492313
0.0015994505
0.00011136828
0.0015889344
0.00010719844
0.0015787238
0.00010413226
0.0015693693
9.4139316e-05
0.0015587881
0.00010380753
6.3649428e-05
0.0017895674
5.2379962e-06
0.00178966
5.8480113e-06
0.0017897824
6.4783402e-06
0.0017899266
7.1069845e-06
0.0017900811
7.7146997e-06
0.0017902346
8.2932845e-06
0.0017903808
8.8489493e-06
0.0017905191
9.3974779e-06
0.0017906525
9.9539846e-06
0.0017907841
1.0525123e-05
0.0017909152
1.1109021e-05
0.0017910455
1.1700657e-05
0.0017911744
1.2296401e-05
0.0017913012
1.2894524e-05
0.0017914251
1.3493711e-05
0.0017915452
1.4092609e-05
0.0017916605
1.4690641e-05
0.0017917705
1.5288497e-05
0.001791875
1.588767e-05
0.0017919736
1.6489774e-05
0.0017920662
1.7096397e-05
0.0017921529
1.7709384e-05
0.0017922337
1.8330952e-05
0.0017923089
1.8963443e-05
0.0017923788
1.9608901e-05
0.0017924435
2.0268904e-05
0.0017925032
2.0944832e-05
0.0017925582
2.1638276e-05
0.0017926086
2.2351079e-05
0.0017926548
2.3084898e-05
0.0017926969
2.3840949e-05
0.0017927352
2.4620178e-05
0.0017927697
2.5423831e-05
0.0017928006
2.6253439e-05
0.0017928282
2.7110373e-05
0.0017928526
2.7995517e-05
0.0017928739
2.8909751e-05
0.0017928923
2.9854404e-05
0.001792908
3.0830796e-05
0.0017929211
3.1839828e-05
0.0017929317
3.2882541e-05
0.0017929401
3.3960441e-05
0.0017929464
3.5074712e-05
0.0017929507
3.6226283e-05
0.0017929533
3.741652e-05
0.0017929542
3.8647261e-05
0.0017929537
3.9919626e-05
0.001792952
4.1235179e-05
0.001792949
4.2595611e-05
0.0017929451
4.4002755e-05
0.0017929404
4.5457926e-05
0.001792935
4.6963625e-05
0.0017929291
4.8521058e-05
0.0017929228
5.0133236e-05
0.0017929162
5.1801187e-05
0.0017929094
5.352816e-05
0.0017929025
5.5315389e-05
0.0017928957
5.7166358e-05
0.0017928888
5.9081973e-05
0.0017928821
6.1066375e-05
0.0017928757
6.3121842e-05
0.0017928693
6.5249555e-05
0.0017928633
6.7454939e-05
0.0017928575
6.9737147e-05
0.001792852
7.2103995e-05
0.0017928467
7.4553504e-05
0.0017928417
7.7093699e-05
0.0017928371
7.9725585e-05
0.0017928327
8.2449316e-05
0.0017928286
8.5275222e-05
0.0017928246
8.8197738e-05
0.0017928211
9.1230592e-05
0.0017928177
9.4371134e-05
0.0017928144
9.7622957e-05
0.0017928115
0.00010099626
0.0017928087
0.00010448415
0.0017928061
0.00010810411
0.0017928029
0.00011185143
0.0017927919
0.00011573365
0.001792738
0.00011975753
0.0017924783
0.00012390129
0.0017914804
0.00012813994
0.0017885132
0.00013221996
0.0017823234
0.0001354249
0.0017731576
0.00013677827
0.0017625716
0.00013596046
0.0017517097
0.00013377975
0.0017408615
0.00013118163
0.0017299897
0.00012862213
0.0017189883
0.00012592289
0.0017078149
0.00012254541
0.0016965629
0.00011844754
0.0016854029
0.00011529255
0.0016750344
0.00010450826
0.0016631234
0.00011572999
7.111299e-05
0.0018901934
5.1798694e-06
0.0018902815
5.7599291e-06
0.0018903974
6.3624664e-06
0.0018905345
6.9697984e-06
0.0018906834
7.5658265e-06
0.0018908343
8.1423831e-06
0.001890981
8.7022934e-06
0.001891122
9.256545e-06
0.001891259
9.8169411e-06
0.0018913945
1.0389621e-05
0.0018915296
1.0973978e-05
0.001891664
1.1566258e-05
0.0018917971
1.2163302e-05
0.0018919282
1.2763428e-05
0.0018920565
1.3365419e-05
0.0018921811
1.3968047e-05
0.0018923011
1.4570674e-05
0.0018924159
1.5173754e-05
0.001892525
1.5778543e-05
0.0018926283
1.6386512e-05
0.0018927255
1.6999168e-05
0.0018928167
1.7618246e-05
0.0018929019
1.8245826e-05
0.0018929812
1.8884131e-05
0.0018930549
1.953516e-05
0.0018931233
2.0200521e-05
0.0018931866
2.0881633e-05
0.0018932448
2.1580069e-05
0.0018932983
2.2297617e-05
0.0018933473
2.3035926e-05
0.001893392
2.3796253e-05
0.0018934326
2.4579607e-05
0.0018934692
2.5387219e-05
0.0018935021
2.6220581e-05
0.0018935315
2.708106e-05
0.0018935575
2.7969595e-05
0.0018935802
2.8887085e-05
0.0018935998
2.9834817e-05
0.0018936165
3.0814098e-05
0.0018936305
3.1825876e-05
0.0018936419
3.2871185e-05
0.0018936509
3.3951477e-05
0.0018936577
3.5067962e-05
0.0018936625
3.6221605e-05
0.0018936653
3.7413747e-05
0.0018936664
3.8646182e-05
0.001893666
3.99201e-05
0.0018936643
4.1237027e-05
0.0018936613
4.2598662e-05
0.0018936573
4.400683e-05
0.0018936524
4.5462895e-05
0.0018936468
4.6969276e-05
0.0018936406
4.8527309e-05
0.0018936341
5.0139879e-05
0.0018936272
5.1808182e-05
0.0018936201
5.3535325e-05
0.0018936129
5.5322693e-05
0.0018936057
5.7173626e-05
0.0018935985
5.9089228e-05
0.0018935916
6.1073466e-05
0.0018935848
6.3128736e-05
0.0018935781
6.5256291e-05
0.0018935718
6.7461346e-05
0.0018935657
6.9743395e-05
0.00189356
7.2109838e-05
0.0018935544
7.455918e-05
0.0018935493
7.7098984e-05
0.0018935444
7.9730556e-05
0.0018935397
8.2454096e-05
0.0018935355
8.5279569e-05
0.0018935313
8.8202011e-05
0.0018935276
9.1234449e-05
0.001893524
9.4374795e-05
0.0018935207
9.7626428e-05
0.0018935176
0.00010099937
0.0018935146
0.00010448724
0.001893512
0.0001081068
0.0018935096
0.00011185385
0.0018935075
0.00011573571
0.0018935046
0.00011976039
0.0018934875
0.0001239182
0.0018933862
0.00012824109
0.0018929212
0.00013268474
0.0018912175
0.00013712827
0.0018867702
0.00014122497
0.0018787987
0.0001439316
0.0018683374
0.0001442415
0.0018569587
0.0001425597
0.0018455184
0.00014006129
0.001834157
0.00013728243
0.001822741
0.00013396563
0.0018111562
0.00013002932
0.0017993761
0.00012707292
0.0017882166
0.00011566895
0.0017750408
0.0001289177
7.9497361e-05
0.0019964755
5.1234986e-06
0.0019965595
5.6760274e-06
0.0019966692
6.2526847e-06
0.0019967997
6.8393075e-06
0.0019969431
7.4225257e-06
0.0019970909
7.9945603e-06
0.0019972373
8.5558747e-06
0.0019973802
9.1136733e-06
0.0019975204
9.6768021e-06
0.0019976594
1.025058e-05
0.0019977982
1.0835206e-05
0.0019979365
1.1427953e-05
0.0019980737
1.2026126e-05
0.0019982091
1.2628107e-05
0.0019983417
1.3232753e-05
0.0019984709
1.3838951e-05
0.0019985955
1.4446029e-05
0.0019987151
1.5054241e-05
0.001998829
1.5664614e-05
0.0019989371
1.6278471e-05
0.001999039
1.6897221e-05
0.0019991348
1.7522491e-05
0.0019992244
1.8156224e-05
0.0019993081
1.880052e-05
0.0019993859
1.9457325e-05
0.0019994582
2.0128262e-05
0.0019995251
2.0814779e-05
0.0019995867
2.1518432e-05
0.0019996434
2.2240958e-05
0.0019996954
2.2983991e-05
0.0019997428
2.3748827e-05
0.0019997859
2.4536527e-05
0.0019998249
2.5348314e-05
0.0019998599
2.6185644e-05
0.0019998911
2.7049876e-05
0.0019999187
2.7941998e-05
0.0019999429
2.8862933e-05
0.0019999639
2.9813926e-05
0.0019999817
3.0796271e-05
0.0019999967
3.1810955e-05
0.0020000089
3.2859012e-05
0.0020000186
3.3941842e-05
0.0020000259
3.5060675e-05
0.0020000311
3.6216511e-05
0.0020000342
3.7410672e-05
0.0020000356
3.8644905e-05
0.0020000353
3.9920467e-05
0.0020000335
4.1238852e-05
0.0020000305
4.2601764e-05
0.0020000264
4.4011018e-05
0.0020000213
4.546803e-05
0.0020000155
4.6975142e-05
0.0020000091
4.8533808e-05
0.0020000023
5.0146801e-05
0.0019999951
5.1815476e-05
0.0019999877
5.3542808e-05
0.0019999802
5.533032e-05
0.0019999727
5.7181225e-05
0.0019999652
5.9096812e-05
0.0019999579
6.1080886e-05
0.0019999508
6.313595e-05
0.0019999438
6.5263337e-05
0.0019999372
6.7468056e-05
0.0019999308
6.974993e-05
0.0019999248
7.211596e-05
0.001999919
7.4565118e-05
0.0019999136
7.710452e-05
0.0019999085
7.9735759e-05
0.0019999036
8.2459098e-05
0.0019998992
8.5284123e-05
0.0019998948
8.8206479e-05
0.0019998909
9.1238489e-05
0.0019998872
9.4378624e-05
0.0019998837
9.7630058e-05
0.0019998805
0.00010100262
0.0019998773
0.00010449048
0.0019998745
0.00010810965
0.0019998719
0.00011185654
0.0019998694
0.00011573809
0.0019998676
0.00011976214
0.0019998663
0.0001239194
0.0019998627
0.00012824451
0.0019998326
0.00013271458
0.0019996365
0.00013732404
0.0019987839
0.00014207714
0.0019960046
0.00014671057
0.0019897364
0.00015050991
0.0019799432
0.0001523514
0.0019683486
0.0001516547
0.0019563562
0.0001492733
0.001944412
0.0001459145
0.0019324975
0.00014194054
0.0019204388
0.00013913197
0.0019088935
0.00012721625
0.0018947579
0.00014306562
8.867552e-05
0.0021087319
5.0688677e-06
0.0021088119
5.5960598e-06
0.002108916
6.1485828e-06
0.0021090401
6.7151497e-06
0.0021091779
7.2847337e-06
0.0021093224
7.8501658e-06
0.0021094679
8.4103451e-06
0.002109612
8.969578e-06
0.0021097547
9.5341653e-06
0.0021098968
1.010844e-05
0.002110039
1.069302e-05
0.002110181
1.1285976e-05
0.0021103221
1.1885039e-05
0.0021104616
1.2488673e-05
0.0021105985
1.3095787e-05
0.0021107321
1.3705361e-05
0.0021108615
1.4316715e-05
0.0021109858
1.4929932e-05
0.0021111046
1.5545827e-05
0.0021112175
1.6165563e-05
0.0021113243
1.6790445e-05
0.0021114249
1.7421988e-05
0.0021115191
1.8061998e-05
0.0021116072
1.8712451e-05
0.0021116893
1.9375229e-05
0.0021117657
2.0051956e-05
0.0021118364
2.0744098e-05
0.0021119016
2.1453195e-05
0.0021119617
2.2180936e-05
0.0021120168
2.2928934e-05
0.0021120671
2.3698517e-05
0.0021121129
2.4490793e-05
0.0021121542
2.5306982e-05
0.0021121914
2.6148503e-05
0.0021122246
2.7016706e-05
0.0021122541
2.7912623e-05
0.0021122798
2.8837199e-05
0.0021123022
2.9791644e-05
0.0021123212
3.0777237e-05
0.0021123372
3.1794999e-05
0.0021123503
3.2845963e-05
0.0021123607
3.3931485e-05
0.0021123687
3.5052808e-05
0.0021123743
3.6210967e-05
0.0021123778
3.7407265e-05
0.0021123793
3.8643409e-05
0.0021123791
3.9920709e-05
0.0021123774
4.124064e-05
0.0021123744
4.2604909e-05
0.0021123701
4.4015317e-05
0.0021123649
4.547333e-05
0.0021123589
4.6981225e-05
0.0021123523
4.8540558e-05
0.0021123452
5.0154009e-05
0.0021123376
5.1823076e-05
0.0021123299
5.3550617e-05
0.0021123221
5.5338283e-05
0.0021123142
5.7189168e-05
0.0021123064
5.9104735e-05
0.0021122988
6.1088645e-05
0.0021122914
6.3143496e-05
0.0021122841
6.5270706e-05
0.0021122772
6.747508e-05
0.0021122705
6.9756764e-05
0.0021122642
7.2122371e-05
0.0021122581
7.4571325e-05
0.0021122525
7.7110317e-05
0.0021122471
7.9741206e-05
0.002112242
8.246433e-05
0.0021122374
8.5288895e-05
0.0021122329
8.821115e-05
0.0021122287
9.1242721e-05
0.0021122249
9.4382628e-05
0.0021122212
9.7633857e-05
0.0021122179
0.00010100603
0.0021122146
0.00010449386
0.0021122116
0.00010811263
0.0021122088
0.00011185939
0.0021122062
0.0001157407
0.0021122038
0.00011976437
0.0021122016
0.0001239215
0.0021122006
0.00012824537
0.0021122009
0.00013271403
0.0021121947
0.00013732981
0.0021121289
0.00014214258
0.002111758
0.00014708094
0.0021102251
0.00015204227
0.002105854
0.00015672153
0.0020975219
0.00015998548
0.0020861929
0.00016060214
0.0020737195
0.00015839242
0.0020611138
0.00015454276
0.0020485924
0.00015165376
0.0020367757
0.00013903585
0.0020221656
0.0001576883
9.83179e-05
0.0022272983
5.0159508e-06
0.0022273746
5.5197848e-06
0.0022274734
6.0497696e-06
0.0022275916
6.5969672e-06
0.002227724
7.1523492e-06
0.0022278647
7.7094782e-06
0.0022280087
8.2662949e-06
0.0022281534
8.824959e-06
0.0022282979
9.3896585e-06
0.0022284427
9.9636896e-06
0.0022285879
1.0547792e-05
0.0022287333
1.1140614e-05
0.0022288781
1.1740261e-05
0.0022290215
1.2345285e-05
0.0022291626
1.2954631e-05
0.0022293007
1.3567353e-05
0.0022294346
1.4182771e-05
0.0022295638
1.4800831e-05
0.0022296875
1.5422147e-05
0.0022298053
1.6047723e-05
0.002229917
1.6678749e-05
0.0022300224
1.7316622e-05
0.0022301214
1.7963013e-05
0.0022302141
1.8619773e-05
0.0022303007
1.9288709e-05
0.0022303812
1.9971434e-05
0.0022304559
2.066942e-05
0.002230525
2.1384188e-05
0.0022305886
2.2117382e-05
0.0022306469
2.2870593e-05
0.0022307003
2.3645168e-05
0.0022307489
2.4442259e-05
0.0022307928
2.5263083e-05
0.0022308323
2.6109027e-05
0.0022308677
2.698143e-05
0.002230899
2.788136e-05
0.0022309264
2.8809784e-05
0.0022309502
2.9767882e-05
0.0022309706
3.0756916e-05
0.0022309877
3.1777935e-05
0.0022310018
3.2831976e-05
0.0022310129
3.3920353e-05
0.0022310215
3.5044315e-05
0.0022310276
3.6204932e-05
0.0022310314
3.7403494e-05
0.0022310333
3.8641666e-05
0.0022310332
3.9920808e-05
0.0022310316
4.1242377e-05
0.0022310285
4.2608084e-05
0.0022310241
4.4019719e-05
0.0022310188
4.5478793e-05
0.0022310126
4.6987523e-05
0.0022310057
4.8547562e-05
0.0022309983
5.0161508e-05
0.0022309904
5.1830988e-05
0.0022309824
5.355876e-05
0.0022309742
5.5346587e-05
0.002230966
5.7197462e-05
0.0022309579
5.9113007e-05
0.0022309499
6.1096753e-05
0.0022309421
6.3151383e-05
0.0022309345
6.5278407e-05
0.0022309273
6.7482429e-05
0.0022309203
6.9763905e-05
0.0022309137
7.212908e-05
0.0022309074
7.4577811e-05
0.0022309015
7.7116382e-05
0.0022308959
7.9746901e-05
0.0022308906
8.2469797e-05
0.0022308857
8.5293888e-05
0.002230881
8.8216026e-05
0.0022308767
9.1247149e-05
0.0022308726
9.4386811e-05
0.0022308687
9.7637826e-05
0.0022308653
0.0001010096
0.0022308618
0.00010449738
0.0022308588
0.00010811575
0.0022308558
0.00011186235
0.0022308531
0.00011574344
0.0022308506
0.00011976675
0.002230848
0.00012392397
0.0022308461
0.00012824708
0.0022308446
0.00013271516
0.0022308445
0.00013732957
0.0022308459
0.00014214071
0.0022308345
0.00014709182
0.0022306928
0.00015218329
0.002229965
0.00015744866
0.0022273216
0.00016262817
0.0022209976
0.00016692723
0.0022106012
0.00016879123
0.0021978929
0.00016724722
0.0021846533
0.00016489354
0.002172196
0.00015149735
0.0021572107
0.00017268688
0.00010821244
0.0023525294
4.9647072e-06
0.0023526022
5.4469675e-06
0.0023526961
5.9558764e-06
0.0023528087
6.4844117e-06
0.0023529358
7.0252406e-06
0.0023530726
7.5727083e-06
0.0023532146
8.1242456e-06
0.0023533591
8.680484e-06
0.0023535049
9.243922e-06
0.0023536517
9.8168576e-06
0.0023537996
1.0399943e-05
0.002353948
1.0992204e-05
0.0023540962
1.1592058e-05
0.0023542434
1.2198147e-05
0.0023543886
1.2809438e-05
0.002354531
1.3425038e-05
0.0023546695
1.4044271e-05
0.0023548034
1.4666972e-05
0.0023549319
1.5293571e-05
0.0023550548
1.5924911e-05
0.0023551715
1.6562059e-05
0.0023552818
1.7206291e-05
0.0023553857
1.7859145e-05
0.0023554832
1.8522343e-05
0.0023555743
1.919761e-05
0.0023556592
1.9886531e-05
0.0023557381
2.0590575e-05
0.0023558111
2.1311242e-05
0.0023558784
2.2050129e-05
0.0023559402
2.2808801e-05
0.0023559968
2.3588621e-05
0.0023560483
2.4390772e-05
0.002356095
2.5216474e-05
0.002356137
2.6067083e-05
0.0023561745
2.6943923e-05
0.0023562078
2.7848093e-05
0.0023562371
2.8780582e-05
0.0023562625
2.9742546e-05
0.0023562842
3.0735224e-05
0.0023563025
3.175969e-05
0.0023563175
3.2816985e-05
0.0023563296
3.3908387e-05
0.0023563388
3.5035148e-05
0.0023563454
3.6198366e-05
0.0023563497
3.7399324e-05
0.0023563518
3.8639648e-05
0.0023563519
3.9920741e-05
0.0023563503
4.1244047e-05
0.0023563472
4.2611279e-05
0.0023563428
4.4024217e-05
0.0023563373
4.5484413e-05
0.0023563309
4.6994036e-05
0.0023563237
4.8554822e-05
0.002356316
5.0169302e-05
0.0023563079
5.1839219e-05
0.0023562995
5.3567245e-05
0.002356291
5.5355243e-05
0.0023562824
5.7206117e-05
0.0023562739
5.9121639e-05
0.0023562656
6.110522e-05
0.0023562575
6.3159623e-05
0.0023562496
6.5286449e-05
0.002356242
6.7490111e-05
0.0023562347
6.9771362e-05
0.0023562278
7.2136097e-05
0.0023562212
7.4584585e-05
0.002356215
7.7122724e-05
0.0023562092
7.9752854e-05
0.0023562036
8.2475509e-05
0.0023561985
8.5299114e-05
0.0023561936
8.8221116e-05
0.0023561891
9.1251783e-05
0.0023561849
9.4391181e-05
0.0023561808
9.7641974e-05
0.0023561772
0.00010101332
0.0023561736
0.00010450106
0.0023561704
0.00010811901
0.0023561673
0.00011186544
0.0023561644
0.00011574629
0.0023561619
0.00011976923
0.0023561592
0.00012392656
0.002356157
0.00012824899
0.002356155
0.00013271691
0.002356153
0.00013733112
0.0023561528
0.00014214042
0.0023561554
0.00014708865
0.0023561579
0.00015218018
0.0023561233
0.00015748257
0.0023558232
0.00016292757
0.0023544849
0.00016826511
0.0023501646
0.00017311096
0.0023414793
0.0001759302
0.0023291905
0.00017718069
0.0023161816
0.00016451362
0.0023005001
0.0001883837
0.00011862175
0.0024847999
4.9150882e-06
0.0024848695
5.3773838e-06
0.0024849588
5.8665583e-06
0.0024850661
6.3771484e-06
0.0024851881
6.9032555e-06
0.0024853208
7.4400082e-06
0.0024854604
7.9846496e-06
0.0024856041
8.5367791e-06
0.0024857505
9.0975973e-06
0.0024858988
9.6685059e-06
0.0024860488
1.0249937e-05
0.0024861999
1.0841131e-05
0.0024863513
1.1440747e-05
0.0024865019
1.2047511e-05
0.002486651
1.2660406e-05
0.0024867975
1.3278569e-05
0.0024869404
1.3901327e-05
0.002487079
1.4528424e-05
0.0024872125
1.5160126e-05
0.0024873403
1.5797116e-05
0.002487462
1.6440328e-05
0.0024875774
1.709092e-05
0.0024876863
1.7750291e-05
0.0024877886
1.8420036e-05
0.0024878845
1.9101788e-05
0.002487974
1.979709e-05
0.0024880572
2.0507399e-05
0.0024881343
2.1234188e-05
0.0024882054
2.1979008e-05
0.0024882709
2.2743393e-05
0.0024883308
2.3528713e-05
0.0024883854
2.4336178e-05
0.002488435
2.5167008e-05
0.0024884796
2.6022531e-05
0.0024885195
2.6904056e-05
0.0024885549
2.7812705e-05
0.0024885861
2.8749486e-05
0.0024886131
2.9715535e-05
0.0024886363
3.0712071e-05
0.0024886559
3.1740183e-05
0.002488672
3.280092e-05
0.0024886849
3.3895526e-05
0.0024886949
3.5025252e-05
0.0024887021
3.6191224e-05
0.0024887068
3.7394719e-05
0.0024887092
3.8637326e-05
0.0024887095
3.9920484e-05
0.002488708
4.124563e-05
0.0024887049
4.2614479e-05
0.0024887004
4.40288e-05
0.0024886947
4.5490186e-05
0.0024886881
4.700076e-05
0.0024886807
4.8562337e-05
0.0024886727
5.0177392e-05
0.0024886643
5.1847771e-05
0.0024886556
5.3576075e-05
0.0024886467
5.5364256e-05
0.0024886378
5.7215141e-05
0.0024886289
5.9130636e-05
0.0024886202
6.1114055e-05
0.0024886117
6.3168222e-05
0.0024886035
6.529484e-05
0.0024885956
6.7498136e-05
0.002488588
6.9779142e-05
0.0024885808
7.214343e-05
0.0024885739
7.4591651e-05
0.0024885674
7.712935e-05
0.0024885613
7.9759072e-05
0.0024885555
8.2481469e-05
0.0024885502
8.5304576e-05
0.002488545
8.8226423e-05
0.0024885403
9.1256626e-05
0.0024885359
9.4395739e-05
0.0024885317
9.7646301e-05
0.0024885279
0.00010101721
0.0024885242
0.0001045049
0.0024885208
0.00010812241
0.0024885176
0.00011186866
0.0024885146
0.00011574927
0.002488512
0.00011977182
0.0024885091
0.00012392925
0.0024885069
0.00012825097
0.0024885047
0.00013271875
0.0024885024
0.000137333
0.0024885013
0.00014214109
0.0024885005
0.00014708875
0.0024885017
0.00015217838
0.0024885083
0.00015747528
0.0024885109
0.00016292421
0.0024884332
0.00016834203
0.0024877914
0.00017375199
0.0024853595
0.00017836157
0.0024786856
0.00018385406
0.0024683952
0.00017481634
0.0024529419
0.00020385731
0.00012974279
0.0026245054
4.8670357e-06
0.002624572
5.3108202e-06
0.0026246571
5.7814942e-06
0.0026247594
6.2748595e-06
0.0026248764
6.7862268e-06
0.002625005
7.3114782e-06
0.0026251418
7.8478908e-06
0.0026252841
8.3944189e-06
0.0026254304
8.9513124e-06
0.0026255798
9.5192158e-06
0.0026257314
1.0098277e-05
0.0026258848
1.0687827e-05
0.0026260388
1.1286693e-05
0.0026261927
1.1893681e-05
0.0026263453
1.2507781e-05
0.0026264958
1.3128143e-05
0.002626643
1.3754093e-05
0.0026267862
1.4385296e-05
0.0026269245
1.5021876e-05
0.0026270572
1.5664357e-05
0.0026271841
1.631354e-05
0.0026273045
1.6970456e-05
0.0026274185
1.7636369e-05
0.0026275258
1.8312744e-05
0.0026276265
1.9001113e-05
0.0026277207
1.9702969e-05
0.0026278084
2.0419739e-05
0.0026278897
2.1152866e-05
0.0026279649
2.1903856e-05
0.0026280341
2.2674206e-05
0.0026280976
2.3465285e-05
0.0026281555
2.4278322e-05
0.002628208
2.5114536e-05
0.0026282554
2.5975231e-05
0.0026282978
2.6861697e-05
0.0026283355
2.7775072e-05
0.0026283686
2.8716383e-05
0.0026283975
2.9686748e-05
0.0026284222
3.0687364e-05
0.0026284431
3.1719333e-05
0.0026284604
3.2783709e-05
0.0026284743
3.3881707e-05
0.002628485
3.5014574e-05
0.0026284929
3.618346e-05
0.002628498
3.7389638e-05
0.0026285008
3.8634666e-05
0.0026285013
3.992001e-05
0.0026285
4.1247106e-05
0.0026284968
4.2617668e-05
0.0026284923
4.4033459e-05
0.0026284865
4.5496103e-05
0.0026284796
4.7007693e-05
0.002628472
4.8570108e-05
0.0026284637
5.0185781e-05
0.0026284549
5.1856649e-05
0.0026284459
5.3585256e-05
0.0026284366
5.5373633e-05
0.0026284274
5.722454e-05
0.0026284181
5.9140008e-05
0.0026284091
6.1123265e-05
0.0026284002
6.3177191e-05
0.0026283916
6.5303589e-05
0.0026283834
6.7506512e-05
0.0026283755
6.9787255e-05
0.002628368
7.2151087e-05
0.0026283607
7.459902e-05
0.002628354
7.7136269e-05
0.0026283477
7.9765562e-05
0.0026283416
8.2487685e-05
0.0026283361
8.5310283e-05
0.0026283307
8.8231953e-05
0.0026283258
9.1261684e-05
0.0026283212
9.4400494e-05
0.0026283168
9.7650814e-05
0.0026283128
0.00010102128
0.0026283089
0.00010450889
0.0026283054
0.00010812597
0.0026283021
0.00011187202
0.002628299
0.00011575237
0.0026282962
0.00011977453
0.0026282932
0.00012393204
0.0026282909
0.00012825304
0.0026282887
0.00013272066
0.0026282863
0.00013733495
0.002628285
0.00014214183
0.0026282837
0.00014708937
0.0026282828
0.00015217864
0.0026282847
0.0001574726
0.0026282915
0.00016291665
0.0026283092
0.00016832351
0.0026282945
0.00017376593
0.0026281174
0.000178538
0.002626667
0.00018530464
0.002623159
0.000178331
0.0026125101
0.00021452516
0.00013965033
0.0027720641
4.8204817e-06
0.0027721278
5.247077e-06
0.002772209
5.7003865e-06
0.0027723066
6.1772452e-06
0.0027724188
6.6739792e-06
0.0027725432
7.1871741e-06
0.0027726768
7.7142875e-06
0.0027728173
8.2539211e-06
0.002772963
8.8056699e-06
0.0027731126
9.3695772e-06
0.0027732654
9.9454964e-06
0.0027734205
1.0532762e-05
0.0027735769
1.1130311e-05
0.0027737336
1.173701e-05
0.0027738896
1.2351859e-05
0.0027740437
1.2974005e-05
0.0027741951
1.3602766e-05
0.0027743427
1.4237741e-05
0.0027744856
1.4878926e-05
0.0027746233
1.5526695e-05
0.0027747552
1.6181712e-05
0.0027748808
1.6844878e-05
0.0027749999
1.7517324e-05
0.0027751123
1.8200381e-05
0.0027752179
1.8895476e-05
0.0027753169
1.9604036e-05
0.0027754092
2.0327451e-05
0.002775495
2.1067124e-05
0.0027755743
2.1824513e-05
0.0027756475
2.2601078e-05
0.0027757147
2.3398176e-05
0.002775776
2.4217048e-05
0.0027758317
2.505891e-05
0.0027758819
2.592504e-05
0.0027759269
2.6816712e-05
0.002775967
2.773507e-05
0.0027760023
2.8681158e-05
0.002776033
2.9656079e-05
0.0027760594
3.0661009e-05
0.0027760818
3.1697054e-05
0.0027761003
3.2765276e-05
0.0027761152
3.3866863e-05
0.0027761267
3.5003056e-05
0.0027761353
3.6175023e-05
0.002776141
3.7384039e-05
0.0027761441
3.8631632e-05
0.0027761449
3.991929e-05
0.0027761437
4.1248453e-05
0.0027761406
4.2620828e-05
0.0027761359
4.403818e-05
0.00277613
4.5502157e-05
0.002776123
4.7014827e-05
0.0027761151
4.8578131e-05
0.0027761065
5.0194467e-05
0.0027760974
5.1865855e-05
0.002776088
5.3594792e-05
0.0027760784
5.5383378e-05
0.0027760688
5.723432e-05
0.0027760592
5.9149761e-05
0.0027760497
6.1132857e-05
0.0027760405
6.3186536e-05
0.0027760316
6.5312703e-05
0.002776023
6.7515246e-05
0.0027760147
6.9795706e-05
0.0027760069
7.2159075e-05
0.0027759994
7.4606695e-05
0.0027759923
7.7143484e-05
0.0027759857
7.9772329e-05
0.0027759794
8.2494159e-05
0.0027759736
8.5316239e-05
0.002775968
8.8237708e-05
0.0027759629
9.1266961e-05
0.0027759581
9.4405446e-05
0.0027759535
9.7655514e-05
0.0027759494
0.00010102552
0.0027759454
0.00010451304
0.0027759417
0.00010812968
0.0027759383
0.0001118755
0.002775935
0.0001157556
0.0027759321
0.00011977734
0.002775929
0.00012393494
0.0027759266
0.0001282552
0.0027759243
0.00013272263
0.0027759218
0.00013733697
0.0027759205
0.00014214258
0.0027759192
0.00014709
0.002775918
0.00015217907
0.002775919
0.00015747082
0.0027759227
0.00016291219
0.0027759317
0.00016831351
0.0027759431
0.00017375381
0.0027759911
0.00017848938
0.0027758665
0.00018542886
0.0027756339
0.00017856418
0.0027721881
0.00021797659
0.00014469746
0.0029279172
4.7753754e-06
0.0029279783
5.1859706e-06
0.0029280557
5.6229604e-06
0.002928149
6.084025e-06
0.0029282566
6.5663334e-06
0.0029283767
7.067115e-06
0.0029285069
7.5840969e-06
0.0029286451
8.1157435e-06
0.0029287896
8.6612368e-06
0.002928939
9.220176e-06
0.0029290923
9.792148e-06
0.0029292487
1.037644e-05
0.002929407
1.0972052e-05
0.0029295661
1.1577899e-05
0.002929725
1.2192984e-05
0.0029298826
1.2816449e-05
0.0029300378
1.3447593e-05
0.0029301896
1.4085958e-05
0.0029303371
1.4731426e-05
0.0029304796
1.5384231e-05
0.0029306165
1.60449e-05
0.0029307472
1.6714201e-05
0.0029308714
1.7393132e-05
0.0029309889
1.8082889e-05
0.0029310997
1.8784789e-05
0.0029312035
1.9500181e-05
0.0029313006
2.0230406e-05
0.0029313909
2.0976821e-05
0.0029314747
2.1740833e-05
0.0029315519
2.2523857e-05
0.0029316229
2.3327233e-05
0.0029316878
2.4152204e-05
0.0029317468
2.4999981e-05
0.0029318
2.5871817e-05
0.0029318479
2.6768965e-05
0.0029318904
2.7692572e-05
0.002931928
2.8643695e-05
0.0029319607
2.9623422e-05
0.0029319888
3.0632908e-05
0.0029320127
3.1673259e-05
0.0029320325
3.2745542e-05
0.0029320485
3.3850925e-05
0.002932061
3.4990636e-05
0.0029320702
3.6165863e-05
0.0029320765
3.7377879e-05
0.00293208
3.8628188e-05
0.0029320811
3.9918294e-05
0.00293208
4.1249647e-05
0.002932077
4.2623941e-05
0.0029320723
4.4042946e-05
0.0029320663
4.5508336e-05
0.002932059
4.7022157e-05
0.0029320509
4.8586403e-05
0.0029320421
5.020345e-05
0.0029320326
5.1875389e-05
0.0029320229
5.3604685e-05
0.0029320129
5.5393496e-05
0.0029320029
5.7244487e-05
0.0029319929
5.91599e-05
0.0029319831
6.1142837e-05
0.0029319735
6.3196264e-05
0.0029319642
6.5322188e-05
0.0029319553
6.7524345e-05
0.0029319466
6.9804502e-05
0.0029319385
7.21674e-05
0.0029319307
7.4614684e-05
0.0029319233
7.7151003e-05
0.0029319165
7.977938e-05
0.0029319099
8.2500899e-05
0.0029319039
8.532245e-05
0.002931898
8.8243695e-05
0.0029318927
9.1272463e-05
0.0029318877
9.4410601e-05
0.002931883
9.7660406e-05
0.0029318787
0.00010102994
0.0029318745
0.00010451735
0.0029318707
0.00010813354
0.0029318671
0.00011187913
0.0029318637
0.00011575896
0.0029318606
0.00011978026
0.0029318575
0.00012393793
0.002931855
0.00012825745
0.0029318526
0.00013272467
0.00293185
0.00013733904
0.0029318486
0.00014214337
0.0029318473
0.00014709063
0.0029318461
0.00015217949
0.0029318472
0.00015746897
0.0029318508
0.00016290771
0.0029318574
0.00016830591
0.0029318656
0.00017374487
0.0029318935
0.00017846076
0.0029319203
0.00018540169
0.0029318796
0.0001786043
0.002931991
0.00021786519
0.00014624673
0.003092531
4.7316388e-06
0.0030925897
5.1273242e-06
0.0030926637
5.5489683e-06
0.0030927528
5.994939e-06
0.003092856
6.4631108e-06
0.0030929718
6.95129e-06
0.0030930984
7.4575212e-06
0.0030932339
7.9802834e-06
0.0030933766
8.5185371e-06
0.0030935252
9.0715832e-06
0.0030936786
9.6387949e-06
0.0030938357
1.0219394e-05
0.0030939954
1.081241e-05
0.0030941565
1.1416793e-05
0.0030943179
1.2031554e-05
0.0030944786
1.265582e-05
0.0030946374
1.328887e-05
0.0030947932
1.3930194e-05
0.003094945
1.4579574e-05
0.0030950922
1.5237113e-05
0.0030952339
1.5903201e-05
0.0030953697
1.6578478e-05
0.003095499
1.7263803e-05
0.0030956217
1.7960241e-05
0.0030957375
1.8668993e-05
0.0030958464
1.9391318e-05
0.0030959484
2.0128496e-05
0.0030960434
2.0881833e-05
0.0030961316
2.1652678e-05
0.0030962131
2.2442398e-05
0.003096288
2.3252308e-05
0.0030963567
2.4083643e-05
0.0030964191
2.4937605e-05
0.0030964755
2.5815422e-05
0.0030965263
2.6718323e-05
0.0030965714
2.7647453e-05
0.0030966113
2.8603876e-05
0.0030966462
2.9588667e-05
0.0030966762
3.060296e-05
0.0030967016
3.1647857e-05
0.0030967228
3.2724428e-05
0.00309674
3.383382e-05
0.0030967534
3.4977252e-05
0.0030967635
3.6155923e-05
0.0030967703
3.737111e-05
0.0030967743
3.8624294e-05
0.0030967758
3.9916989e-05
0.0030967748
4.125066e-05
0.0030967719
4.2626986e-05
0.0030967672
4.404774e-05
0.003096761
4.5514628e-05
0.0030967536
4.7029673e-05
0.0030967453
4.8594916e-05
0.0030967361
5.0212724e-05
0.0030967264
5.188525e-05
0.0030967163
5.3614935e-05
0.0030967059
5.5403989e-05
0.0030966955
5.7255042e-05
0.0030966852
5.9170429e-05
0.0030966749
6.1153208e-05
0.003096665
6.320638e-05
0.0030966553
6.5332049e-05
0.003096646
6.7533814e-05
0.003096637
6.9813647e-05
0.0030966286
7.2176066e-05
0.0030966204
7.462299e-05
0.0030966128
7.7158828e-05
0.0030966056
7.9786718e-05
0.0030965988
8.2507905e-05
0.0030965925
8.5328918e-05
0.0030965865
8.8249914e-05
0.0030965809
9.1278191e-05
0.0030965757
9.441596e-05
0.0030965708
9.7665489e-05
0.0030965664
0.00010103454
0.003096562
0.00010452182
0.003096558
0.00010813756
0.0030965543
0.00011188289
0.0030965508
0.00011576244
0.0030965476
0.0001197833
0.0030965444
0.00012394103
0.0030965418
0.00012825978
0.0030965393
0.00013272677
0.0030965366
0.00013734118
0.0030965352
0.00014214417
0.0030965338
0.00014709126
0.0030965326
0.00015217989
0.0030965337
0.00015746703
0.0030965376
0.00016290292
0.0030965442
0.00016829832
0.0030965534
0.00017373485
0.0030965712
0.00017844228
0.003096623
0.00018534913
0.0030964502
0.00017877649
0.0030972945
0.00021701964
0.00014694088
0.003266398
4.6892128e-06
0.0032664543
5.0709779e-06
0.0032665251
5.4781837e-06
0.0032666103
5.9097484e-06
0.0032667093
6.3641362e-06
0.003266821
6.8396645e-06
0.0032669438
7.334714e-06
0.0032670762
7.8478796e-06
0.0032672167
8.3780464e-06
0.003267364
8.9243446e-06
0.0032675168
9.4859993e-06
0.003267674
1.0062172e-05
0.0032678346
1.0651905e-05
0.0032679972
1.1254178e-05
0.0032681608
1.1868007e-05
0.0032683241
1.2492511e-05
0.0032684861
1.3126944e-05
0.0032686455
1.3770748e-05
0.0032688015
1.4423618e-05
0.0032689531
1.5085537e-05
0.0032690996
1.5756765e-05
0.0032692403
1.6437807e-05
0.0032693748
1.7129393e-05
0.0032695026
1.7832451e-05
0.0032696236
1.8548061e-05
0.0032697375
1.9277388e-05
0.0032698444
2.0021639e-05
0.0032699442
2.0782056e-05
0.003270037
2.155993e-05
0.0032701229
2.2356573e-05
0.003270202
2.3173265e-05
0.0032702744
2.4011227e-05
0.0032703405
2.4871644e-05
0.0032704002
2.575572e-05
0.0032704539
2.6664655e-05
0.0032705019
2.7599588e-05
0.0032705442
2.8561583e-05
0.0032705813
2.9551706e-05
0.0032706132
3.0571065e-05
0.0032706404
3.1620757e-05
0.0032706631
3.2701851e-05
0.0032706815
3.3815477e-05
0.003270696
3.496284e-05
0.0032707068
3.6145149e-05
0.0032707144
3.7363684e-05
0.0032707189
3.8619907e-05
0.0032707206
3.9915339e-05
0.0032707199
4.1251461e-05
0.0032707171
4.2629938e-05
0.0032707124
4.4052545e-05
0.0032707061
4.5521018e-05
0.0032706985
4.7037363e-05
0.00327069
4.8603665e-05
0.0032706805
5.0222285e-05
0.0032706705
5.1895436e-05
0.00327066
5.3625541e-05
0.0032706493
5.5414856e-05
0.0032706385
5.7265987e-05
0.0032706278
5.9181351e-05
0.0032706172
6.1163975e-05
0.0032706068
6.3216887e-05
0.0032705968
6.5342289e-05
0.0032705871
6.7543656e-05
0.0032705778
6.9823146e-05
0.003270569
7.2185077e-05
0.0032705605
7.4631618e-05
0.0032705526
7.7166964e-05
0.0032705452
7.9794348e-05
0.0032705381
8.2515182e-05
0.0032705316
8.5335649e-05
0.0032705253
8.8256368e-05
0.0032705195
9.1284148e-05
0.0032705141
9.4421528e-05
0.003270509
9.7670768e-05
0.0032705044
0.00010103933
0.0032704998
0.00010452646
0.0032704957
0.00010814174
0.0032704919
0.00011188678
0.0032704882
0.00011576605
0.0032704849
0.00011978646
0.0032704816
0.00012394422
0.0032704789
0.0001282622
0.0032704763
0.00013272894
0.0032704736
0.00013734338
0.003270472
0.00014214501
0.0032704706
0.00014709188
0.0032704694
0.00015218027
0.0032704706
0.00015746498
0.0032704746
0.0001628979
0.0032704815
0.00016829048
0.0032704916
0.00017372385
0.0032705076
0.00017842552
0.0032705682
0.00018528786
0.0032703575
0.00017898655
0.0032712911
0.0002160845
0.00014756327
0.0034500382
4.6480442e-06
0.0034500924
5.0167901e-06
0.0034501602
5.4104022e-06
0.0034502417
5.8282338e-06
0.0034503366
6.2692404e-06
0.0034504441
6.7321864e-06
0.003450563
7.2157863e-06
0.0034506921
7.7188153e-06
0.00345083
8.2401888e-06
0.0034509754
8.7789729e-06
0.0034511271
9.3343126e-06
0.003451284
9.9053322e-06
0.0034514448
1.0491084e-05
0.0034516084
1.1090574e-05
0.0034517736
1.1702831e-05
0.0034519392
1.2326967e-05
0.003452104
1.2962215e-05
0.0034522668
1.3607975e-05
0.0034524266
1.4263864e-05
0.0034525824
1.4929756e-05
0.0034527334
1.5605789e-05
0.0034528789
1.6292338e-05
0.0034530183
1.699e-05
0.0034531512
1.7699571e-05
0.0034532773
1.8422007e-05
0.0034533964
1.9158368e-05
0.0034535083
1.9909779e-05
0.003453613
2.0677412e-05
0.0034537105
2.1462491e-05
0.0034538008
2.2266269e-05
0.0034538841
2.3089983e-05
0.0034539606
2.3934827e-05
0.0034540303
2.4801969e-05
0.0034540935
2.569258e-05
0.0034541504
2.6607834e-05
0.0034542012
2.7548856e-05
0.0034542462
2.8516704e-05
0.0034542855
2.9512431e-05
0.0034543195
3.0537125e-05
0.0034543485
3.1591869e-05
0.0034543727
3.2677729e-05
0.0034543924
3.379582e-05
0.003454408
3.4947333e-05
0.0034544198
3.6133482e-05
0.003454428
3.735555e-05
0.0034544331
3.8614984e-05
0.0034544352
3.9913307e-05
0.0034544348
4.1252018e-05
0.003454432
4.263277e-05
0.0034544274
4.4057339e-05
0.003454421
4.5527488e-05
0.0034544133
4.7045214e-05
0.0034544045
4.8612637e-05
0.0034543948
5.0232124e-05
0.0034543844
5.190594e-05
0.0034543736
5.3636499e-05
0.0034543625
5.5426096e-05
0.0034543514
5.7277321e-05
0.0034543402
5.9192665e-05
0.0034543293
6.1175137e-05
0.0034543185
6.3227785e-05
0.0034543081
6.535291e-05
0.0034542981
6.7553874e-05
0.0034542884
6.9832999e-05
0.0034542793
7.2194436e-05
0.0034542705
7.4640568e-05
0.0034542623
7.7175411e-05
0.0034542545
7.980227e-05
0.0034542472
8.2522729e-05
0.0034542404
8.5342642e-05
0.0034542339
8.8263058e-05
0.0034542279
9.1290335e-05
0.0034542223
9.4427303e-05
0.003454217
9.7676239e-05
0.0034542122
0.0001010443
0.0034542075
0.00010453126
0.0034542033
0.00010814608
0.0034541993
0.00011189082
0.0034541955
0.00011576979
0.0034541921
0.00011978973
0.0034541886
0.00012394752
0.0034541858
0.00012826471
0.0034541831
0.00013273117
0.0034541803
0.00013734563
0.0034541788
0.00014214587
0.0034541773
0.0001470925
0.0034541761
0.00015218063
0.0034541773
0.00015746284
0.0034541816
0.00016289264
0.0034541886
0.00016828236
0.0034541994
0.00017371214
0.0034542153
0.00017840889
0.0034542801
0.0001852222
0.0034540601
0.00017920601
0.0034550263
0.0002151167
0.00014820637
0.0036440009
4.6080724e-06
0.0036440531
4.9646329e-06
0.0036441181
5.3454398e-06
0.0036441961
5.7501965e-06
0.0036442871
6.178263e-06
0.0036443905
6.628791e-06
0.0036445055
7.1008141e-06
0.003644631
7.5933227e-06
0.0036447659
8.105337e-06
0.003644909
8.6359419e-06
0.003645059
9.1842668e-06
0.0036452149
9.7494304e-06
0.0036453755
1.0330505e-05
0.0036455396
1.0926528e-05
0.0036457059
1.1536547e-05
0.0036458733
1.2159677e-05
0.0036460404
1.2795134e-05
0.0036462061
1.3442281e-05
0.0036463693
1.410067e-05
0.003646529
1.4770079e-05
0.0036466843
1.545053e-05
0.0036468344
1.6142274e-05
0.0036469787
1.6845778e-05
0.0036471166
1.7561706e-05
0.0036472477
1.8290888e-05
0.0036473719
1.9034276e-05
0.0036474888
1.97929e-05
0.0036475984
2.0567856e-05
0.0036477006
2.1360293e-05
0.0036477956
2.2171397e-05
0.0036478832
2.3002358e-05
0.0036479638
2.3854333e-05
0.0036480374
2.4728463e-05
0.0036481041
2.5625886e-05
0.0036481643
2.6547744e-05
0.0036482181
2.7495141e-05
0.0036482657
2.8469127e-05
0.0036483075
2.9470739e-05
0.0036483436
3.0501042e-05
0.0036483745
3.1561102e-05
0.0036484003
3.265198e-05
0.0036484214
3.3774776e-05
0.0036484382
3.4930666e-05
0.0036484509
3.6120864e-05
0.0036484599
3.7346657e-05
0.0036484655
3.8609481e-05
0.0036484681
3.9910855e-05
0.0036484679
4.1252301e-05
0.0036484654
4.2635454e-05
0.0036484607
4.4062098e-05
0.0036484543
4.5534019e-05
0.0036484465
4.7053208e-05
0.0036484375
4.8621821e-05
0.0036484275
5.0242232e-05
0.0036484168
5.1916754e-05
0.0036484057
5.3647802e-05
0.0036483943
5.5437703e-05
0.0036483827
5.728904e-05
0.0036483712
5.9204369e-05
0.0036483598
6.1186692e-05
0.0036483487
6.3239076e-05
0.0036483379
6.5363912e-05
0.0036483275
6.7564466e-05
0.0036483175
6.9843208e-05
0.003648308
7.2204141e-05
0.003648299
7.4649842e-05
0.0036482904
7.718417e-05
0.0036482824
7.9810487e-05
0.0036482748
8.2530548e-05
0.0036482678
8.5349899e-05
0.003648261
8.8269984e-05
0.0036482548
9.1296752e-05
0.003648249
9.4433287e-05
0.0036482436
9.7681904e-05
0.0036482386
0.00010104945
0.0036482337
0.00010453622
0.0036482293
0.00010815058
0.0036482252
0.00011189499
0.0036482213
0.00011577365
0.0036482177
0.00011979312
0.0036482142
0.0001239509
0.0036482113
0.00012826732
0.0036482085
0.00013273346
0.0036482056
0.00013734793
0.003648204
0.00014214676
0.0036482026
0.0001470931
0.0036482013
0.00015218096
0.0036482026
0.00015746058
0.003648207
0.00016288715
0.0036482143
0.00016827395
0.0036482257
0.00017369977
0.0036482416
0.00017839227
0.00364831
0.00018515288
0.0036480837
0.00017943175
0.0036490807
0.00021411801
0.0001488716
0.0038488664
4.569247e-06
0.0038489167
4.9143928e-06
0.003848979
5.2831337e-06
0.0038490537
5.6754571e-06
0.003849141
6.0910527e-06
0.0038492404
6.5294051e-06
0.0038493514
6.9898435e-06
0.0038494731
7.4715888e-06
0.0038496047
7.9738129e-06
0.003849745
8.4956825e-06
0.0038498929
9.0363666e-06
0.0038500473
9.5950145e-06
0.0038502071
1.0170736e-05
0.0038503711
1.0762609e-05
0.0038505379
1.1369713e-05
0.0038507065
1.1991172e-05
0.0038508754
1.26262e-05
0.0038510436
1.3274128e-05
0.0038512099
1.3934454e-05
0.0038513731
1.4606875e-05
0.0038515324
1.5291305e-05
0.0038516868
1.5987879e-05
0.0038518357
1.6696937e-05
0.0038519784
1.7419014e-05
0.0038521145
1.8154815e-05
0.0038522437
1.8905175e-05
0.0038523656
1.9671028e-05
0.0038524801
2.0453378e-05
0.0038525872
2.1253297e-05
0.0038526867
2.20719e-05
0.0038527788
2.2910314e-05
0.0038528635
2.3769656e-05
0.003852941
2.4651029e-05
0.0038530115
2.5555535e-05
0.003853075
2.648428e-05
0.0038531319
2.7438341e-05
0.0038531823
2.8418753e-05
0.0038532266
2.9426534e-05
0.003853265
3.0462724e-05
0.0038532978
3.1528372e-05
0.0038533253
3.2624526e-05
0.0038533479
3.3752273e-05
0.0038533659
3.4912771e-05
0.0038533797
3.6107235e-05
0.0038533895
3.7336953e-05
0.0038533957
3.8603349e-05
0.0038533988
3.9907943e-05
0.0038533989
4.1252273e-05
0.0038533965
4.263796e-05
0.003853392
4.4066796e-05
0.0038533855
4.5540589e-05
0.0038533776
4.7061328e-05
0.0038533684
4.8631199e-05
0.0038533582
5.0252594e-05
0.0038533472
5.1927867e-05
0.0038533357
5.365944e-05
0.0038533239
5.5449671e-05
0.003853312
5.7301138e-05
0.0038533001
5.9216458e-05
0.0038532884
6.1198635e-05
0.0038532769
6.3250753e-05
0.0038532657
6.537529e-05
0.003853255
6.757543e-05
0.0038532446
6.9853769e-05
0.0038532348
7.221419e-05
0.0038532254
7.4659437e-05
0.0038532166
7.7193237e-05
0.0038532083
7.9818995e-05
0.0038532004
8.2538635e-05
0.0038531931
8.5357416e-05
0.0038531862
8.8277142e-05
0.0038531798
9.1303396e-05
0.0038531738
9.4439477e-05
0.0038531681
9.7687758e-05
0.0038531629
0.00010105479
0.0038531579
0.00010454134
0.0038531534
0.00010815523
0.0038531491
0.0001118993
0.0038531451
0.00011577764
0.0038531414
0.00011979662
0.0038531378
0.00012395438
0.0038531347
0.00012827
0.0038531319
0.00013273581
0.003853129
0.00013735028
0.0038531273
0.00014214767
0.0038531258
0.00014709369
0.0038531246
0.00015218127
0.0038531259
0.00015745822
0.0038531305
0.00016288143
0.003853138
0.00016826525
0.0038531501
0.00017368673
0.0038531659
0.00017837566
0.0038532379
0.00018508001
0.003853006
0.00017966292
0.0038540317
0.00021309071
0.00014955661
0.0040652474
4.531525e-06
0.0040652959
4.8659706e-06
0.0040653557
5.2233428e-06
0.0040654273
5.6038553e-06
0.0040655109
6.0074689e-06
0.0040656064
6.4339506e-06
0.0040657134
6.8828972e-06
0.0040658312
7.3537604e-06
0.0040659591
7.845891e-06
0.0040660963
8.3585808e-06
0.0040662416
8.8910837e-06
0.004066394
9.4426139e-06
0.0040665524
1.0012341e-05
0.0040667157
1.0599398e-05
0.0040668825
1.1202908e-05
0.0040670517
1.1822023e-05
0.004067222
1.2455957e-05
0.0040673921
1.3104028e-05
0.0040675609
1.376569e-05
0.0040677272
1.4440571e-05
0.0040678901
1.5128492e-05
0.0040680485
1.5829477e-05
0.0040682018
1.6543748e-05
0.0040683491
1.7271714e-05
0.00406849
1.8013954e-05
0.004068624
1.8771186e-05
0.0040687509
1.9544236e-05
0.0040688703
2.0334016e-05
0.0040689821
2.114151e-05
0.0040690863
2.1967752e-05
0.0040691829
2.2813805e-05
0.0040692719
2.3680732e-05
0.0040693534
2.4569591e-05
0.0040694275
2.5481444e-05
0.0040694945
2.6417353e-05
0.0040695546
2.7378364e-05
0.004069608
2.836549e-05
0.0040696548
2.9379727e-05
0.0040696956
3.0422088e-05
0.0040697304
3.1493598e-05
0.0040697597
3.2595293e-05
0.0040697839
3.3728241e-05
0.0040698031
3.4893587e-05
0.0040698179
3.6092539e-05
0.0040698286
3.7326385e-05
0.0040698356
3.8596543e-05
0.0040698391
3.9904529e-05
0.0040698396
4.1251896e-05
0.0040698374
4.2640255e-05
0.004069833
4.4071404e-05
0.0040698265
4.5547172e-05
0.0040698185
4.706955e-05
0.0040698091
4.8640754e-05
0.0040697987
5.0263194e-05
0.0040697874
5.1939265e-05
0.0040697756
5.3671401e-05
0.0040697635
5.5461987e-05
0.0040697512
5.7313604e-05
0.004069739
5.9228923e-05
0.0040697268
6.1210958e-05
0.004069715
6.3262811e-05
0.0040697035
6.5387039e-05
0.0040696924
6.7586759e-05
0.0040696817
6.9864678e-05
0.0040696715
7.2224578e-05
0.0040696618
7.4669348e-05
0.0040696527
7.720261e-05
0.0040696441
7.9827792e-05
0.004069636
8.2546986e-05
0.0040696285
8.5365191e-05
0.0040696213
8.8284531e-05
0.0040696147
9.1310264e-05
0.0040696085
9.4445871e-05
0.0040696026
9.7693799e-05
0.0040695973
0.00010106031
0.0040695921
0.00010454661
0.0040695874
0.00010816003
0.004069583
0.00011190374
0.0040695789
0.00011578174
0.0040695751
0.00011980023
0.0040695714
0.00012395794
0.0040695682
0.00012827277
0.0040695654
0.00013273821
0.0040695623
0.00013735266
0.0040695606
0.0001421486
0.0040695591
0.00014709425
0.0040695579
0.00015218153
0.0040695593
0.00015745574
0.0040695641
0.00016287546
0.0040695718
0.00016825626
0.0040695845
0.00017367303
0.0040696002
0.00017835908
0.0040696756
0.00018500369
0.0040694394
0.00017989847
0.0040704905
0.00021203789
0.0001502593
0.0042937912
4.4948729e-06
0.0042938379
4.8192811e-06
0.0042938954
5.1659427e-06
0.004293964
5.5352496e-06
0.0042940441
5.927383e-06
0.0042941357
6.342348e-06
0.0042942387
6.7799794e-06
0.0042943525
7.2399503e-06
0.0042944766
7.7218019e-06
0.0042946102
8.2249786e-06
0.0042947525
8.7488527e-06
0.0042949024
9.2927342e-06
0.0042950589
9.8558751e-06
0.0042952208
1.0437481e-05
0.004295387
1.1036734e-05
0.0042955563
1.1652826e-05
0.0042957273
1.2284992e-05
0.0042958988
1.2932544e-05
0.0042960696
1.359491e-05
0.0042962386
1.4271659e-05
0.0042964046
1.4962535e-05
0.0042965666
1.5667463e-05
0.0042967238
1.6386551e-05
0.0042968755
1.7120091e-05
0.004297021
1.7868537e-05
0.0042971597
1.8632487e-05
0.0042972914
1.9412657e-05
0.0042974156
2.0209859e-05
0.0042975321
2.1024981e-05
0.004297641
2.1858974e-05
0.004297742
2.2712823e-05
0.0042978353
2.3587532e-05
0.0042979208
2.4484105e-05
0.0042979988
2.5403554e-05
0.0042980693
2.6346896e-05
0.0042981326
2.7315139e-05
0.004298189
2.8309264e-05
0.0042982385
2.9330243e-05
0.0042982816
3.0379058e-05
0.0042983186
3.1456709e-05
0.0042983498
3.2564211e-05
0.0042983755
3.3702617e-05
0.0042983961
3.4873053e-05
0.0042984121
3.607672e-05
0.0042984237
3.7314905e-05
0.0042984313
3.8589018e-05
0.0042984354
3.9900572e-05
0.0042984363
4.1251133e-05
0.0042984344
4.2642303e-05
0.0042984301
4.4075893e-05
0.0042984236
4.5553742e-05
0.0042984155
4.707785e-05
0.004298406
4.8650462e-05
0.0042983953
5.0274011e-05
0.0042983838
5.195093e-05
0.0042983718
5.3683668e-05
0.0042983593
5.5474638e-05
0.0042983467
5.7326425e-05
0.0042983341
5.9241752e-05
0.0042983216
6.122365e-05
0.0042983094
6.3275239e-05
0.0042982975
6.5399149e-05
0.004298286
6.7598444e-05
0.004298275
6.9875926e-05
0.0042982645
7.2235295e-05
0.0042982546
7.4679568e-05
0.0042982451
7.7212278e-05
0.0042982363
7.9836869e-05
0.0042982279
8.2555594e-05
0.0042982202
8.5373215e-05
0.0042982128
8.8292142e-05
0.0042982059
9.1317347e-05
0.0042981996
9.4452461e-05
0.0042981935
9.770002e-05
0.004298188
0.000101066
0.0042981827
0.00010455203
0.0042981779
0.00010816498
0.0042981734
0.0001119083
0.0042981691
0.00011578596
0.0042981652
0.00011980394
0.0042981614
0.00012396159
0.0042981582
0.00012827562
0.0042981552
0.00013274066
0.0042981521
0.00013735508
0.0042981504
0.00014214955
0.0042981488
0.00014709479
0.0042981476
0.00015218175
0.0042981491
0.00015745315
0.0042981541
0.00016286925
0.0042981621
0.00016824697
0.0042981753
0.00017365866
0.004298191
0.00017834255
0.0042982696
0.00018492408
0.0042980302
0.00018013718
0.0042991035
0.00021096294
0.0001509774
0.0045351814
4.4592632e-06
0.0045352264
4.7742538e-06
0.0045352815
5.1108273e-06
0.0045353473
5.4695159e-06
0.004535424
5.8506785e-06
0.0045355119
6.2545193e-06
0.0045356108
6.6810811e-06
0.0045357205
7.130243e-06
0.0045358406
7.601737e-06
0.0045359704
8.0951746e-06
0.0045361093
8.6100695e-06
0.0045362562
9.1458513e-06
0.0045364102
9.7018761e-06
0.0045365703
1.027744e-05
0.0045367352
1.0871801e-05
0.0045369039
1.1484206e-05
0.004537075
1.2113927e-05
0.0045372473
1.2760286e-05
0.0045374195
1.3422697e-05
0.0045375905
1.4100691e-05
0.0045377592
1.4793945e-05
0.0045379244
1.5502298e-05
0.0045380852
1.6225758e-05
0.0045382408
1.6964501e-05
0.0045383906
1.7718863e-05
0.0045385338
1.8489325e-05
0.00453867
1.9276488e-05
0.0045387989
2.0081056e-05
0.0045389201
2.0903819e-05
0.0045390335
2.1745635e-05
0.004539139
2.2607408e-05
0.0045392365
2.3490068e-05
0.0045393261
2.439456e-05
0.0045394079
2.532184e-05
0.004539482
2.6272871e-05
0.0045395486
2.7248616e-05
0.0045396079
2.8250021e-05
0.0045396602
2.9278024e-05
0.0045397058
3.0333576e-05
0.004539745
3.1417645e-05
0.0045397781
3.2531224e-05
0.0045398054
3.3675345e-05
0.0045398275
3.4851116e-05
0.0045398446
3.6059727e-05
0.0045398572
3.7302463e-05
0.0045398656
3.8580728e-05
0.0045398703
3.989603e-05
0.0045398716
4.1249946e-05
0.00453987
4.2644073e-05
0.0045398658
4.408023e-05
0.0045398594
4.5560267e-05
0.0045398512
4.70862e-05
0.0045398416
4.8660299e-05
0.0045398307
5.0285021e-05
0.004539819
5.1962839e-05
0.0045398066
5.3696221e-05
0.0045397939
5.5487603e-05
0.0045397809
5.7339582e-05
0.004539768
5.9254928e-05
0.0045397552
6.1236695e-05
0.0045397426
6.3288021e-05
0.0045397304
6.5411606e-05
0.0045397186
6.7610471e-05
0.0045397073
6.98875e-05
0.0045396965
7.2246331e-05
0.0045396862
7.4690086e-05
0.0045396765
7.7222231e-05
0.0045396674
7.9846217e-05
0.0045396588
8.2564451e-05
0.0045396508
8.5381481e-05
0.0045396432
8.8299969e-05
0.0045396362
9.1324639e-05
0.0045396296
9.4459242e-05
0.0045396234
9.7706413e-05
0.0045396178
0.00010107186
0.0045396123
0.00010455759
0.0045396074
0.00010817006
0.0045396027
0.00011191299
0.0045395983
0.00011579028
0.0045395944
0.00011980776
0.0045395904
0.0001239653
0.0045395871
0.00012827854
0.0045395841
0.00013274316
0.004539581
0.00013735753
0.0045395792
0.00014215052
0.0045395776
0.00014709529
0.0045395764
0.00015218192
0.0045395779
0.00015745045
0.0045395831
0.0001628628
0.0045395914
0.0001682374
0.0045396053
0.00017364362
0.0045396208
0.00017832608
0.0045397025
0.00018484138
0.0045394612
0.00018037779
0.0045405528
0.00020986967
0.0001517084
0.0047901399
4.4246773e-06
0.0047901833
4.7308317e-06
0.0047902362
5.0579081e-06
0.0047902992
5.4065478e-06
0.0047903727
5.7772522e-06
0.0047904568
6.1703902e-06
0.0047905517
6.5861844e-06
0.0047906573
7.0247005e-06
0.0047907732
7.4858541e-06
0.004790899
7.9694281e-06
0.004791034
8.4750906e-06
0.0047911775
9.0024084e-06
0.0047913285
9.5508595e-06
0.0047914861
1.0119847e-05
0.0047916492
1.0708722e-05
0.0047918167
1.1316803e-05
0.0047919872
1.1943412e-05
0.0047921596
1.2587902e-05
0.0047923327
1.3249687e-05
0.0047925051
1.3928277e-05
0.0047926758
1.4623297e-05
0.0047928437
1.5334517e-05
0.0047930076
1.6061852e-05
0.0047931668
1.6805377e-05
0.0047933204
1.7565312e-05
0.0047934677
1.8342023e-05
0.0047936083
1.9135996e-05
0.0047937416
1.9947825e-05
0.0047938673
2.0778195e-05
0.0047939851
2.1627865e-05
0.0047940949
2.249765e-05
0.0047941967
2.3388401e-05
0.0047942903
2.4300992e-05
0.0047943759
2.5236314e-05
0.0047944536
2.6195273e-05
0.0047945235
2.7178778e-05
0.0047945859
2.8187733e-05
0.004794641
2.9223036e-05
0.004794689
3.0285601e-05
0.0047947304
3.1376363e-05
0.0047947654
3.2496286e-05
0.0047947945
3.364638e-05
0.004794818
3.4827731e-05
0.0047948364
3.6041518e-05
0.0047948499
3.7289019e-05
0.0047948592
3.8571632e-05
0.0047948645
3.9890863e-05
0.0047948663
4.1248295e-05
0.004794865
4.2645527e-05
0.004794861
4.4084379e-05
0.0047948547
4.5566716e-05
0.0047948465
4.7094569e-05
0.0047948368
4.8670233e-05
0.0047948257
5.0296195e-05
0.0047948138
5.1974966e-05
0.0047948012
5.3709034e-05
0.0047947882
5.5500859e-05
0.0047947749
5.7353052e-05
0.0047947616
5.9268429e-05
0.0047947485
6.1250072e-05
0.0047947356
6.3301138e-05
0.0047947231
6.5424392e-05
0.004794711
6.7622822e-05
0.0047946993
6.9899383e-05
0.0047946883
7.2257667e-05
0.0047946777
7.4700885e-05
0.0047946678
7.7232455e-05
0.0047946584
7.9855823e-05
0.0047946496
8.2573541e-05
0.0047946414
8.5389974e-05
0.0047946336
8.8307997e-05
0.0047946263
9.1332126e-05
0.0047946196
9.4466202e-05
0.0047946133
9.7712966e-05
0.0047946075
0.00010107787
0.0047946019
0.00010456329
0.0047945968
0.00010817528
0.0047945921
0.00011191778
0.0047945876
0.0001157947
0.0047945835
0.00011981166
0.0047945795
0.00012396908
0.0047945761
0.00012828153
0.0047945731
0.00013274569
0.0047945699
0.00013735999
0.004794568
0.00014215151
0.0047945665
0.00014709576
0.0047945653
0.00015218203
0.0047945669
0.00015744763
0.0047945723
0.00016285611
0.0047945807
0.00016822755
0.0047945952
0.00017362793
0.0047946107
0.00017830968
0.0047946952
0.00018475579
0.0047944534
0.00018061894
0.0047955591
0.00020876218
0.00015244953
0.0050594292
4.3911055e-06
0.0050594711
4.6889712e-06
0.0050595219
5.0071128e-06
0.0050595822
5.3462556e-06
0.0050596525
5.7070142e-06
0.005059733
6.0898927e-06
0.0050598239
6.4952665e-06
0.0050599253
6.9233675e-06
0.0050600369
7.3742822e-06
0.0050601584
7.8479621e-06
0.0050602893
8.3442346e-06
0.0050604289
8.8628144e-06
0.0050605765
9.4033143e-06
0.0050607311
9.9652597e-06
0.0050608917
1.0548107e-05
0.0050610573
1.1151264e-05
0.0050612266
1.1774122e-05
0.0050613985
1.2416076e-05
0.0050615716
1.3076563e-05
0.0050617449
1.3755084e-05
0.005061917
1.4451234e-05
0.0050620868
1.5164725e-05
0.0050622533
1.5895398e-05
0.0050624155
1.6643231e-05
0.0050625725
1.7408343e-05
0.0050627236
1.8190985e-05
0.0050628682
1.899153e-05
0.0050630056
1.9810461e-05
0.0050631355
2.0648354e-05
0.0050632576
2.1505863e-05
0.0050633716
2.2383708e-05
0.0050634774
2.3282651e-05
0.005063575
2.4203488e-05
0.0050636643
2.5147039e-05
0.0050637455
2.6114141e-05
0.0050638188
2.7105646e-05
0.0050638842
2.8122404e-05
0.005063942
2.9165272e-05
0.0050639926
3.0235119e-05
0.0050640362
3.1332841e-05
0.0050640733
3.245937e-05
0.0050641041
3.361569e-05
0.0050641291
3.4802865e-05
0.0050641487
3.6022056e-05
0.0050641633
3.7274535e-05
0.0050641733
3.8561694e-05
0.0050641793
3.9885035e-05
0.0050641816
4.1246144e-05
0.0050641806
4.2646631e-05
0.0050641769
4.4088305e-05
0.0050641707
4.5573052e-05
0.0050641626
4.7102921e-05
0.0050641528
4.8680232e-05
0.0050641416
5.0307502e-05
0.0050641295
5.1987278e-05
0.0050641167
5.3722075e-05
0.0050641034
5.5514375e-05
0.0050640899
5.7366807e-05
0.0050640763
5.9282227e-05
0.0050640629
6.1263753e-05
0.0050640497
6.3314563e-05
0.0050640368
6.5437481e-05
0.0050640245
6.7635473e-05
0.0050640125
6.9911554e-05
0.0050640012
7.2269283e-05
0.0050639904
7.4711948e-05
0.0050639802
7.7242929e-05
0.0050639706
7.9865667e-05
0.0050639616
8.2582848e-05
0.0050639532
8.5398678e-05
0.0050639452
8.8316213e-05
0.0050639378
9.1339793e-05
0.0050639309
9.4473326e-05
0.0050639245
9.7719666e-05
0.0050639185
0.00010108403
0.0050639129
0.0001045691
0.0050639076
0.00010818062
0.0050639028
0.00011192267
0.0050638982
0.00011579921
0.0050638941
0.00011981565
0.00506389
0.00012397291
0.0050638865
0.00012828457
0.0050638834
0.00013274825
0.0050638802
0.00013736246
0.0050638783
0.00014215249
0.0050638768
0.00014709618
0.0050638756
0.00015218208
0.0050638773
0.00015744469
0.0050638828
0.00016284918
0.0050638915
0.00016821743
0.0050639066
0.00017361162
0.005063922
0.00017829336
0.0050640091
0.00018466759
0.005063768
0.00018085923
0.0050648835
0.00020764495
0.00015319779
0.005343855
4.3585478e-06
0.0053438953
4.6486421e-06
0.0053439441
4.958385e-06
0.0053440018
5.2885663e-06
0.0053440689
5.639889e-06
0.0053441459
6.0129666e-06
0.0053442329
6.4083035e-06
0.00534433
6.8262764e-06
0.0053444372
7.2671279e-06
0.0053445542
7.7309692e-06
0.0053446807
8.2177856e-06
0.0053448161
8.7274439e-06
0.0053449597
9.2597003e-06
0.0053451108
9.8142127e-06
0.0053452684
1.0390556e-05
0.0053454314
1.0988243e-05
0.0053455988
1.1606746e-05
0.0053457694
1.2245523e-05
0.005345942
1.2904048e-05
0.0053461153
1.3581833e-05
0.0053462881
1.4278461e-05
0.0053464593
1.4993602e-05
0.0053466277
1.5727036e-05
0.0053467923
1.6478662e-05
0.0053469522
1.7248502e-05
0.0053471065
1.8036703e-05
0.0053472546
1.8843528e-05
0.0053473958
1.9669346e-05
0.0053475296
2.0514623e-05
0.0053476556
2.1379906e-05
0.0053477736
2.2265811e-05
0.0053478833
2.3173006e-05
0.0053479847
2.4102199e-05
0.0053480776
2.5054131e-05
0.0053481623
2.6029565e-05
0.0053482388
2.7029285e-05
0.0053483072
2.8054083e-05
0.0053483678
2.9104762e-05
0.0053484209
3.0182145e-05
0.0053484667
3.1287083e-05
0.0053485057
3.2420473e-05
0.0053485383
3.3583265e-05
0.0053485648
3.4776499e-05
0.0053485856
3.6001319e-05
0.0053486013
3.7258986e-05
0.0053486123
3.8550885e-05
0.0053486189
3.9878514e-05
0.0053486218
4.1243462e-05
0.0053486212
4.2647349e-05
0.0053486177
4.4091971e-05
0.0053486117
4.5579238e-05
0.0053486036
4.7111219e-05
0.0053485938
4.8690258e-05
0.0053485826
5.0318902e-05
0.0053485703
5.1999738e-05
0.0053485573
5.3735308e-05
0.0053485438
5.5528115e-05
0.00534853
5.7380809e-05
0.0053485162
5.9296288e-05
0.0053485025
6.1277706e-05
0.0053484891
6.3328266e-05
0.005348476
6.5450844e-05
0.0053484633
6.7648396e-05
0.0053484511
6.9923984e-05
0.0053484396
7.2281151e-05
0.0053484285
7.4723247e-05
0.0053484181
7.725363e-05
0.0053484083
7.9875727e-05
0.0053483991
8.2592351e-05
0.0053483905
8.5407572e-05
0.0053483824
8.8324597e-05
0.0053483748
9.1347621e-05
0.0053483678
9.4480598e-05
0.0053483612
9.7726495e-05
0.0053483551
0.00010109032
0.0053483494
0.00010457502
0.0053483441
0.00010818605
0.0053483391
0.00011192765
0.0053483345
0.00011580378
0.0053483303
0.0001198197
0.0053483262
0.00012397678
0.0053483227
0.00012828766
0.0053483195
0.00013275083
0.0053483163
0.00013736492
0.0053483143
0.00014215348
0.0053483128
0.00014709655
0.0053483117
0.00015218204
0.0053483134
0.00015744164
0.0053483192
0.00016284203
0.0053483281
0.00016820705
0.0053483437
0.0001735947
0.0053483589
0.00017827712
0.0053484483
0.00018457708
0.0053482096
0.00018109722
0.00534933
0.00020652279
0.00015394995
0.0056442676
4.3270129e-06
0.0056443065
4.609826e-06
0.0056443532
4.9116844e-06
0.0056444084
5.2334236e-06
0.0056444725
5.5758156e-06
0.0056445459
5.9395619e-06
0.0056446289
6.3252738e-06
0.0056447218
6.7334528e-06
0.0056448245
7.1644806e-06
0.0056449369
7.6186162e-06
0.0056450587
8.0959967e-06
0.0056451895
8.5966396e-06
0.0056453288
9.120448e-06
0.0056454758
9.6672192e-06
0.0056456298
1.0236657e-05
0.0056457897
1.0828389e-05
0.0056459545
1.1441985e-05
0.005646123
1.207698e-05
0.0056462942
1.2732902e-05
0.0056464668
1.3409294e-05
0.0056466396
1.4105742e-05
0.0056468113
1.4821894e-05
0.0056469809
1.5557487e-05
0.0056471473
1.6312351e-05
0.0056473094
1.7086428e-05
0.0056474664
1.7879765e-05
0.0056476175
1.8692521e-05
0.0056477619
1.9524956e-05
0.0056478992
2.0377424e-05
0.0056480288
2.1250361e-05
0.0056481504
2.2144275e-05
0.0056482638
2.3059734e-05
0.0056483687
2.3997351e-05
0.0056484651
2.4957778e-05
0.0056485531
2.5941697e-05
0.0056486327
2.6949817e-05
0.005648704
2.7982863e-05
0.0056487673
2.904158e-05
0.0056488228
3.0126733e-05
0.0056488708
3.1239129e-05
0.0056489118
3.2379617e-05
0.0056489461
3.3549117e-05
0.0056489741
3.4748637e-05
0.0056489962
3.5979302e-05
0.005649013
3.7242358e-05
0.0056490248
3.8539185e-05
0.0056490322
3.9871275e-05
0.0056490356
4.1240216e-05
0.0056490355
4.2647648e-05
0.0056490323
4.409534e-05
0.0056490265
4.5585235e-05
0.0056490185
4.7119422e-05
0.0056490087
4.8700268e-05
0.0056489974
5.0330353e-05
0.0056489851
5.2012303e-05
0.0056489719
5.3748688e-05
0.0056489583
5.5542037e-05
0.0056489443
5.7395018e-05
0.0056489302
5.9310571e-05
0.0056489163
6.1291889e-05
0.0056489026
6.3342205e-05
0.0056488893
6.5464442e-05
0.0056488764
6.7661552e-05
0.005648864
6.9936639e-05
0.0056488523
7.2293237e-05
0.005648841
7.4734752e-05
0.0056488304
7.7264526e-05
0.0056488205
7.9885974e-05
0.0056488111
8.2602022e-05
0.0056488023
8.5416629e-05
0.0056487941
8.8333124e-05
0.0056487864
9.1355586e-05
0.0056487793
9.4487995e-05
0.0056487726
9.7733434e-05
0.0056487664
0.00010109671
0.0056487606
0.00010458102
0.0056487552
0.00010819157
0.0056487501
0.0001119327
0.0056487454
0.00011580842
0.0056487412
0.00011982381
0.005648737
0.00012398067
0.0056487335
0.00012829078
0.0056487303
0.00013275342
0.0056487271
0.00013736736
0.0056487251
0.00014215446
0.0056487236
0.00014709685
0.0056487225
0.00015218192
0.0056487243
0.00015743847
0.0056487303
0.00016283465
0.0056487394
0.00016819643
0.0056487555
0.00017357722
0.0056487706
0.00017826099
0.0056488619
0.0001844846
0.0056486269
0.00018133145
0.0056497472
0.00020540082
0.00015470253
0.005961566
4.2965205e-06
0.0059616034
4.5725197e-06
0.0059616481
4.8669858e-06
0.0059617007
5.1807875e-06
0.0059617618
5.5147486e-06
0.0059618318
5.8696402e-06
0.0059619109
6.2461614e-06
0.0059619995
6.6449197e-06
0.0059620976
7.0664183e-06
0.0059622052
7.5110504e-06
0.0059623221
7.9790948e-06
0.0059624481
8.4707148e-06
0.0059625826
8.9859592e-06
0.0059627251
9.5247676e-06
0.0059628748
1.0086979e-05
0.0059630309
1.0672344e-05
0.0059631924
1.1280542e-05
0.0059633582
1.19112e-05
0.0059635272
1.2563917e-05
0.0059636983
1.3238281e-05
0.0059638702
1.39339e-05
0.0059640417
1.4650422e-05
0.0059642117
1.5387552e-05
0.005964379
1.6145072e-05
0.0059645426
1.6922852e-05
0.0059647016
1.7720857e-05
0.005964855
1.8539145e-05
0.0059650022
1.9377872e-05
0.0059651424
2.023728e-05
0.0059652751
2.1117695e-05
0.0059654
2.2019513e-05
0.0059655166
2.2943196e-05
0.0059656248
2.3889255e-05
0.0059657244
2.4858246e-05
0.0059658154
2.5850764e-05
0.0059658979
2.6867432e-05
0.005965972
2.7908903e-05
0.0059660378
2.8975853e-05
0.0059660956
3.0068987e-05
0.0059661458
3.1189056e-05
0.0059661887
3.2336864e-05
0.0059662247
3.3513288e-05
0.0059662541
3.4719306e-05
0.0059662776
3.5956017e-05
0.0059662954
3.7224654e-05
0.0059663081
3.8526586e-05
0.0059663163
3.9863302e-05
0.0059663203
4.1236386e-05
0.0059663206
4.2647492e-05
0.0059663177
4.4098379e-05
0.0059663122
4.5591003e-05
0.0059663043
4.7127486e-05
0.0059662945
4.8710216e-05
0.0059662833
5.0341806e-05
0.0059662709
5.2024923e-05
0.0059662577
5.3762166e-05
0.0059662439
5.5556089e-05
0.0059662297
5.7409382e-05
0.0059662155
5.9325025e-05
0.0059662014
6.1306255e-05
0.0059661876
6.3356335e-05
0.0059661741
6.5478231e-05
0.005966161
6.7674897e-05
0.0059661484
6.9949476e-05
0.0059661365
7.2305501e-05
0.0059661251
7.4746424e-05
0.0059661143
7.727558e-05
0.0059661043
7.9896373e-05
0.0059660947
8.2611829e-05
0.0059660859
8.5425816e-05
0.0059660775
8.8341764e-05
0.0059660697
9.1363659e-05
0.0059660625
9.4495492e-05
0.0059660557
9.7740455e-05
0.0059660495
0.00010110319
0.0059660436
0.00010458708
0.0059660381
0.00010819715
0.0059660331
0.0001119378
0.0059660283
0.00011581309
0.005966024
0.00011982795
0.0059660199
0.00012398458
0.0059660163
0.00012829392
0.0059660131
0.000132756
0.0059660099
0.00013736977
0.0059660079
0.00014215543
0.0059660065
0.00014709709
0.0059660054
0.00015218171
0.0059660073
0.0001574352
0.0059660134
0.00016282707
0.0059660227
0.0001681856
0.0059660393
0.00017355924
0.0059660542
0.00017824497
0.0059661471
0.00018439056
0.0059659173
0.00018156043
0.0059670319
0.0002042845
0.00015545185
0.0062966989
4.2670999e-06
0.0062967347
4.5367322e-06
0.0062967775
4.82428e-06
0.0062968276
5.1306348e-06
0.0062968858
5.4566586e-06
0.0062969522
5.8031767e-06
0.0062970275
6.1709591e-06
0.0062971117
6.5607017e-06
0.0062972052
6.9730132e-06
0.0062973078
7.4084053e-06
0.0062974197
7.867287e-06
0.0062975405
8.3499588e-06
0.0062976699
8.8566105e-06
0.0062978073
9.3873228e-06
0.0062979523
9.9420721e-06
0.0062981039
1.0520739e-05
0.0062982614
1.1123123e-05
0.0062984237
1.1748952e-05
0.0062985897
1.2397909e-05
0.0062987584
1.3069648e-05
0.0062989285
1.3763814e-05
0.006299099
1.4480069e-05
0.0062992684
1.521811e-05
0.0062994359
1.5977685e-05
0.0062996002
1.6758608e-05
0.0062997603
1.7560771e-05
0.0062999154
1.8384145e-05
0.0063000646
1.9228785e-05
0.0063002071
2.0094827e-05
0.0063003424
2.0982485e-05
0.0063004699
2.1892045e-05
0.0063005893
2.2823855e-05
0.0063007003
2.377832e-05
0.0063008028
2.4755895e-05
0.0063008966
2.5757076e-05
0.0063009817
2.6782398e-05
0.0063010583
2.783243e-05
0.0063011265
2.8907773e-05
0.0063011865
3.0009066e-05
0.0063012387
3.1136997e-05
0.0063012834
3.2292316e-05
0.0063013209
3.3475858e-05
0.0063013518
3.4688564e-05
0.0063013764
3.5931506e-05
0.0063013953
3.7205898e-05
0.006301409
3.8513098e-05
0.0063014178
3.985459e-05
0.0063014224
4.1231956e-05
0.0063014233
4.2646858e-05
0.0063014208
4.4101052e-05
0.0063014155
4.5596504e-05
0.0063014078
4.7135365e-05
0.0063013982
4.872005e-05
0.006301387
5.0353206e-05
0.0063013746
5.203754e-05
0.0063013613
5.3775683e-05
0.0063013474
5.5570211e-05
0.0063013332
5.7423841e-05
0.0063013189
5.9339591e-05
0.0063013047
6.1320745e-05
0.0063012907
6.3370596e-05
0.0063012771
6.5492154e-05
0.0063012639
6.7688378e-05
0.0063012512
6.9962444e-05
0.0063012391
7.2317892e-05
0.0063012276
7.4758215e-05
0.0063012168
7.7286747e-05
0.0063012066
7.990688e-05
0.006301197
8.2621731e-05
0.006301188
8.5435096e-05
0.0063011796
8.8350483e-05
0.0063011717
9.1371805e-05
0.0063011644
9.4503054e-05
0.0063011576
9.7747529e-05
0.0063011513
0.00010110972
0.0063011454
0.00010459318
0.0063011399
0.00010820276
0.0063011348
0.00011194293
0.0063011301
0.00011581777
0.0063011258
0.00011983211
0.0063011216
0.00012398847
0.006301118
0.00012829706
0.0063011148
0.00013275856
0.0063011116
0.00013737213
0.0063011097
0.00014215636
0.0063011083
0.00014709725
0.0063011073
0.0001521814
0.0063011093
0.00015743181
0.0063011155
0.00016281931
0.0063011249
0.00016817458
0.006301142
0.00017354081
0.0063011567
0.00017822909
0.0063012507
0.00018429539
0.0063010276
0.0001817827
0.0063021309
0.00020317958
0.00015619398
0.0066506688
4.2387912e-06
0.0066507031
4.5024859e-06
0.0066507438
4.7835736e-06
0.0066507915
5.0829597e-06
0.0066508466
5.4015338e-06
0.0066509097
5.7401623e-06
0.006650981
6.0996716e-06
0.0066510609
6.4808307e-06
0.0066511496
6.8843374e-06
0.0066512472
7.3108076e-06
0.0066513538
7.760767e-06
0.0066514691
8.2346424e-06
0.006651593
8.7327575e-06
0.0066517251
9.2553297e-06
0.0066518647
9.8024722e-06
0.0066520113
1.0374199e-05
0.006652164
1.0970431e-05
0.006652322
1.1591012e-05
0.0066524842
1.223572e-05
0.0066526497
1.2904285e-05
0.0066528171
1.3596409e-05
0.0066529854
1.4311785e-05
0.0066531535
1.5050119e-05
0.0066533201
1.5811141e-05
0.0066534841
1.6594628e-05
0.0066536446
1.740041e-05
0.0066538004
1.8228382e-05
0.0066539507
1.9078509e-05
0.0066540948
1.9950824e-05
0.0066542319
2.0845435e-05
0.0066543615
2.1762512e-05
0.0066544832
2.2702293e-05
0.0066545965
2.366507e-05
0.0066547013
2.465119e-05
0.0066547974
2.5661046e-05
0.0066548849
2.6695075e-05
0.0066549636
2.7753756e-05
0.0066550339
2.8837608e-05
0.0066550959
2.9947196e-05
0.0066551499
3.108314e-05
0.0066551962
3.2246131e-05
0.0066552352
3.3436954e-05
0.0066552674
3.465651e-05
0.0066552932
3.5905841e-05
0.0066553131
3.7186139e-05
0.0066553276
3.849875e-05
0.0066553372
3.984515e-05
0.0066553424
4.122692e-05
0.0066553438
4.2645726e-05
0.0066553417
4.4103327e-05
0.0066553367
4.5601695e-05
0.0066553293
4.7143009e-05
0.0066553198
4.8729715e-05
0.0066553087
5.0364492e-05
0.0066552964
5.205009e-05
0.0066552832
5.3789169e-05
0.0066552693
5.5584333e-05
0.0066552551
5.7438324e-05
0.0066552407
5.9354199e-05
0.0066552264
6.1335289e-05
0.0066552124
6.3384922e-05
0.0066551987
6.5506145e-05
0.0066551854
6.7701929e-05
0.0066551727
6.997548e-05
0.0066551606
7.2330351e-05
0.006655149
7.4770069e-05
0.0066551381
7.7297974e-05
0.0066551279
7.9917446e-05
0.0066551182
8.263168e-05
0.0066551092
8.5444422e-05
0.0066551008
8.8359237e-05
0.0066550929
9.1379983e-05
0.0066550856
9.4510645e-05
0.0066550787
9.7754618e-05
0.0066550724
0.00010111626
0.0066550665
0.00010459929
0.006655061
0.00010820838
0.0066550559
0.00011194805
0.0066550512
0.00011582244
0.0066550469
0.00011983625
0.0066550427
0.00012399232
0.0066550392
0.00012830017
0.006655036
0.00013276108
0.0066550329
0.00013737443
0.0066550309
0.00014215726
0.0066550296
0.00014709733
0.0066550287
0.00015218097
0.0066550307
0.00015742833
0.0066550371
0.00016281139
0.0066550467
0.00016816341
0.006655064
0.00017352201
0.0066550787
0.00017821335
0.0066551732
0.00018419962
0.0066549583
0.00018199684
0.0066560441
0.00020209211
0.00015692481
0.0070245345
4.2116462e-06
0.0070245672
4.4698177e-06
0.0070246059
4.7448898e-06
0.0070246511
5.0377749e-06
0.0070247033
5.3493814e-06
0.0070247628
5.680606e-06
0.0070248302
6.0323192e-06
0.0070249057
6.4053494e-06
0.0070249896
6.800469e-06
0.0070250821
7.2183837e-06
0.0070251832
7.659722e-06
0.0070252928
8.1250255e-06
0.0070254109
8.6147415e-06
0.007025537
9.1292177e-06
0.0070256708
9.6687e-06
0.0070258117
1.0233334e-05
0.007025959
1.0823169e-05
0.0070261119
1.1438166e-05
0.0070262695
1.2078208e-05
0.0070264307
1.2743116e-05
0.0070265945
1.3432661e-05
0.0070267598
1.4146585e-05
0.0070269253
1.4884615e-05
0.00702709
1.5646486e-05
0.0070272528
1.6431948e-05
0.0070274125
1.724079e-05
0.0070275681
1.8072842e-05
0.0070277187
1.8927986e-05
0.0070278634
1.9806165e-05
0.0070280015
2.070738e-05
0.0070281324
2.1631693e-05
0.0070282556
2.2579225e-05
0.0070283706
2.3550156e-05
0.0070284771
2.4544719e-05
0.0070285751
2.5563199e-05
0.0070286643
2.660593e-05
0.0070287449
2.7673294e-05
0.0070288169
2.8765718e-05
0.0070288805
2.9883688e-05
0.007028936
3.1027748e-05
0.0070289838
3.2198528e-05
0.0070290241
3.3396756e-05
0.0070290575
3.4623288e-05
0.0070290843
3.5879133e-05
0.0070291051
3.7165458e-05
0.0070291205
3.8483596e-05
0.0070291307
3.9835014e-05
0.0070291365
4.1221289e-05
0.0070291384
4.264409e-05
0.0070291367
4.410518e-05
0.0070291321
4.5606537e-05
0.0070291249
4.7150368e-05
0.0070291157
4.8739149e-05
0.0070291048
5.0375597e-05
0.0070290926
5.2062498e-05
0.0070290795
5.3802548e-05
0.0070290657
5.5598376e-05
0.0070290516
5.7452749e-05
0.0070290373
5.9368767e-05
0.007029023
6.1349805e-05
0.007029009
6.339923e-05
0.0070289953
6.5520125e-05
0.0070289821
6.7715475e-05
0.0070289693
6.9988513e-05
0.0070289572
7.2342808e-05
0.0070289457
7.478192e-05
0.0070289348
7.7309196e-05
0.0070289245
7.9928008e-05
0.0070289149
8.2641619e-05
0.0070289059
8.5453739e-05
0.0070288975
8.8367974e-05
0.0070288896
9.1388143e-05
0.0070288823
9.4518217e-05
0.0070288755
9.7761681e-05
0.0070288692
0.00010112279
0.0070288634
0.00010460535
0.0070288579
0.00010821396
0.0070288528
0.00011195313
0.0070288482
0.00011582706
0.0070288439
0.00011984036
0.0070288398
0.00012399611
0.0070288363
0.00012830324
0.0070288332
0.00013276354
0.0070288301
0.00013737663
0.0070288282
0.0001421581
0.007028827
0.00014709731
0.0070288262
0.00015218043
0.0070288283
0.00015742475
0.0070288348
0.00016280335
0.0070288444
0.00016815214
0.007028862
0.00017350295
0.0070288764
0.0001781978
0.007028971
0.0001841038
0.0070287656
0.00018220147
0.0070298276
0.00020102845
0.00015763999
0.0074194143
4.1857291e-06
0.0074194453
4.4387798e-06
0.007419482
4.7082695e-06
0.0074195247
4.9951127e-06
0.0074195739
5.3002291e-06
0.0074196299
5.6245371e-06
0.0074196934
5.9689411e-06
0.0074197644
6.3343167e-06
0.0074198434
6.7214981e-06
0.0074199306
7.1312669e-06
0.007420026
7.5643412e-06
0.0074201297
8.0213646e-06
0.0074202416
8.5028973e-06
0.0074203614
9.0094078e-06
0.0074204889
9.5412688e-06
0.0074206235
1.0098754e-05
0.0074207647
1.068204e-05
0.0074209117
1.1291209e-05
0.0074210637
1.1926257e-05
0.0074212197
1.2587101e-05
0.0074213788
1.3273595e-05
0.0074215399
1.3985543e-05
0.0074217019
1.4722713e-05
0.0074218636
1.5484854e-05
0.0074220239
1.6271713e-05
0.0074221817
1.7083047e-05
0.007422336
1.7918638e-05
0.0074224857
1.8778299e-05
0.0074226301
1.9661887e-05
0.0074227682
2.0569305e-05
0.0074228995
2.150051e-05
0.0074230233
2.2455511e-05
0.0074231392
2.3434372e-05
0.0074232468
2.4437209e-05
0.0074233459
2.5464195e-05
0.0074234363
2.6515556e-05
0.0074235182
2.7591568e-05
0.0074235914
2.8692565e-05
0.0074236563
2.9818943e-05
0.007423713
3.097117e-05
0.0074237619
3.2149801e-05
0.0074238032
3.3355508e-05
0.0074238376
3.4589098e-05
0.0074238653
3.585154e-05
0.007423887
3.7143977e-05
0.007423903
3.8467722e-05
0.0074239139
3.9824235e-05
0.0074239203
4.1215088e-05
0.0074239226
4.264195e-05
0.0074239214
4.4106591e-05
0.0074239172
4.5610992e-05
0.0074239103
4.7157391e-05
0.0074239014
4.8748289e-05
0.0074238908
5.0386444e-05
0.0074238788
5.2074682e-05
0.0074238659
5.3815731e-05
0.0074238523
5.5612245e-05
0.0074238383
5.7467022e-05
0.0074238241
5.9383198e-05
0.00742381
6.1364198e-05
0.0074237961
6.3413428e-05
0.0074237825
6.5534004e-05
0.0074237694
6.7728927e-05
0.0074237567
7.0001455e-05
0.0074237447
7.2355179e-05
0.0074237332
7.4793688e-05
0.0074237224
7.7320338e-05
0.0074237123
7.9938494e-05
0.0074237027
8.265148e-05
0.0074236938
8.5462982e-05
0.0074236854
8.8376635e-05
0.0074236777
9.1396228e-05
0.0074236704
9.4525718e-05
0.0074236637
9.7768666e-05
0.0074236575
0.00010112924
0.0074236517
0.00010461134
0.0074236463
0.00010821947
0.0074236414
0.00011195814
0.0074236368
0.0001158316
0.0074236326
0.00011984438
0.0074236286
0.00012399981
0.0074236251
0.00012830623
0.0074236221
0.00013276591
0.0074236191
0.00013737873
0.0074236173
0.00014215887
0.0074236162
0.00014709719
0.0074236155
0.00015217976
0.0074236177
0.00015742108
0.0074236242
0.00016279521
0.0074236339
0.00016814081
0.0074236517
0.00017348374
0.0074236658
0.00017818245
0.0074237598
0.0001840086
0.0074235652
0.00018239528
0.0074245969
0.00019999525
0.00015833496
0.0078364894
4.161118e-06
0.0078365188
4.409441e-06
0.0078365533
4.6737732e-06
0.0078365934
4.9550269e-06
0.0078366395
5.2541279e-06
0.0078366921
5.5720092e-06
0.0078367515
5.9096002e-06
0.007836818
6.2678136e-06
0.007836892
6.6475337e-06
0.0078369737
7.0496058e-06
0.0078370632
7.4748246e-06
0.0078371607
7.9239232e-06
0.0078372661
8.3975626e-06
0.0078373792
8.8963223e-06
0.0078374998
9.4206927e-06
0.0078376275
9.9710707e-06
0.0078377619
1.0547756e-05
0.0078379022
1.1150953e-05
0.0078380477
1.1780771e-05
0.0078381976
1.2437233e-05
0.007838351
1.3120284e-05
0.0078385068
1.38298e-05
0.0078386639
1.4565605e-05
0.0078388214
1.5327478e-05
0.007838978
1.6115176e-05
0.0078391326
1.6928443e-05
0.0078392843
1.7767023e-05
0.007839432
1.8630675e-05
0.0078395748
1.951918e-05
0.0078397118
2.0432355e-05
0.0078398424
2.1370053e-05
0.0078399658
2.2332176e-05
0.0078400816
2.3318671e-05
0.0078401893
2.4329541e-05
0.0078402888
2.536484e-05
0.0078403798
2.6424682e-05
0.0078404622
2.7509236e-05
0.0078405361
2.8618733e-05
0.0078406017
2.9753477e-05
0.0078406592
3.091385e-05
0.0078407088
3.2100333e-05
0.0078407509
3.3313533e-05
0.0078407859
3.4554205e-05
0.0078408143
3.5823276e-05
0.0078408366
3.712186e-05
0.0078408532
3.8451251e-05
0.0078408647
3.9812897e-05
0.0078408716
4.1208365e-05
0.0078408744
4.2639324e-05
0.0078408737
4.410755e-05
0.0078408698
4.5615028e-05
0.0078408634
4.7164021e-05
0.0078408549
4.8757064e-05
0.0078408446
5.0396952e-05
0.0078408329
5.2086548e-05
0.0078408203
5.3828616e-05
0.007840807
5.5625836e-05
0.0078407932
5.7481032e-05
0.0078407793
5.9397382e-05
0.0078407654
6.1378358e-05
0.0078407517
6.3427405e-05
0.0078407384
6.5547672e-05
0.0078407254
6.7742178e-05
0.007840713
7.0014205e-05
0.0078407011
7.2367367e-05
0.0078406898
7.4805279e-05
0.0078406792
7.7331311e-05
0.0078406692
7.9948821e-05
0.0078406598
8.2661185e-05
0.007840651
8.5472075e-05
0.0078406428
8.8385148e-05
0.0078406352
9.1404171e-05
0.0078406281
9.4533082e-05
0.0078406215
9.7775514e-05
0.0078406154
0.00010113556
0.0078406098
0.0001046172
0.0078406045
0.00010822485
0.0078405997
0.00011196303
0.0078405952
0.00011583602
0.0078405911
0.0001198483
0.0078405873
0.00012400338
0.0078405839
0.00012830911
0.007840581
0.00013276817
0.0078405782
0.00013738069
0.0078405764
0.00014215955
0.0078405754
0.00014709696
0.0078405748
0.00015217895
0.0078405771
0.00015741735
0.0078405837
0.00016278703
0.0078405934
0.0001681295
0.0078406111
0.00017346452
0.0078406251
0.00017816737
0.0078407177
0.00018391473
0.0078405352
0.00018257706
0.0078415295
0.00019899945
0.00015900491
0.0082770077
4.1379062e-06
0.0082770353
4.3818886e-06
0.0082770676
4.6414824e-06
0.008277105
4.9175955e-06
0.008277148
5.2111551e-06
0.008277197
5.5231033e-06
0.0082772522
5.8543873e-06
0.0082773141
6.2059485e-06
0.008277383
6.5787112e-06
0.008277459
6.9735728e-06
0.0082775425
7.3913931e-06
0.0082776335
7.8329822e-06
0.008277732
8.2990901e-06
0.0082778379
8.7903958e-06
0.0082779512
9.3074981e-06
0.0082780714
9.8509082e-06
0.0082781981
1.0421045e-05
0.0082783309
1.1018229e-05
0.008278469
1.1642687e-05
0.0082786118
1.2294548e-05
0.0082787582
1.2973855e-05
0.0082789075
1.3680567e-05
0.0082790586
1.441457e-05
0.0082792105
1.5175692e-05
0.008279362
1.596371e-05
0.0082795121
1.677837e-05
0.0082796598
1.7619395e-05
0.0082798041
1.8486499e-05
0.0082799439
1.9379405e-05
0.0082800785
2.0297847e-05
0.008280207
2.1241587e-05
0.0082803289
2.221042e-05
0.0082804434
2.3204186e-05
0.0082805503
2.4222768e-05
0.0082806491
2.5266107e-05
0.0082807397
2.6334199e-05
0.008280822
2.7427103e-05
0.0082808959
2.8544944e-05
0.0082809615
2.9687928e-05
0.0082810191
3.0856348e-05
0.008281069
3.2050607e-05
0.0082811114
3.3271241e-05
0.0082811468
3.4518951e-05
0.0082811756
3.579462e-05
0.0082811983
3.7099328e-05
0.0082812154
3.8434349e-05
0.0082812273
3.9801117e-05
0.0082812347
4.1201194e-05
0.0082812379
4.2636248e-05
0.0082812376
4.4108057e-05
0.0082812342
4.5618616e-05
0.0082812282
4.7170206e-05
0.0082812201
4.87654e-05
0.0082812103
5.0407029e-05
0.008281199
5.2097993e-05
0.0082811868
5.384109e-05
0.0082811739
5.5639027e-05
0.0082811605
5.7494655e-05
0.008281147
5.941119e-05
0.0082811335
6.1392155e-05
0.0082811201
6.3441034e-05
0.0082811071
6.5561006e-05
0.0082810945
6.7755107e-05
0.0082810823
7.0026646e-05
0.0082810707
7.2379259e-05
0.0082810597
7.4816587e-05
0.0082810494
7.7342011e-05
0.0082810396
7.9958891e-05
0.0082810305
8.2670641e-05
0.0082810219
8.548093e-05
0.008281014
8.8393431e-05
0.0082810065
9.1411893e-05
0.0082809997
9.4540238e-05
0.0082809933
9.7782157e-05
0.0082809874
0.0001011417
0.0082809819
0.00010462287
0.0082809769
0.00010823005
0.0082809722
0.00011196774
0.0082809679
0.00011584026
0.008280964
0.00011985205
0.0082809603
0.00012400677
0.0082809571
0.00012831184
0.0082809543
0.00013277028
0.0082809517
0.00013738248
0.00828095
0.00014216012
0.0082809492
0.0001470966
0.0082809488
0.00015217801
0.0082809511
0.00015741357
0.0082809577
0.00016277887
0.0082809673
0.00016811828
0.0082809849
0.00017344544
0.0082809985
0.00017815261
0.0082810891
0.00018382299
0.0082809197
0.00018274569
0.0082818693
0.00019804836
0.00015964483
0.0087422873
4.1162056e-06
0.008742313
4.3562311e-06
0.008742343
4.6115037e-06
0.0087423777
4.8829243e-06
0.0087424174
5.1714186e-06
0.0087424626
5.4779334e-06
0.0087425136
5.8034281e-06
0.0087425707
6.1488653e-06
0.0087426343
6.5152009e-06
0.0087427045
6.9033746e-06
0.0087427816
7.3143e-06
0.0087428658
7.7488531e-06
0.008742957
8.2078609e-06
0.0087430554
8.6920902e-06
0.0087431607
9.2022375e-06
0.0087432727
9.7389191e-06
0.0087433911
1.0302664e-05
0.0087435155
1.0893906e-05
0.0087436453
1.1512984e-05
0.0087437797
1.2160136e-05
0.0087439181
1.2835502e-05
0.0087440596
1.3539131e-05
0.0087442032
1.4270982e-05
0.008744348
1.5030937e-05
0.008744493
1.5818811e-05
0.0087446371
1.6634363e-05
0.0087447792
1.7477306e-05
0.0087449185
1.8347329e-05
0.0087450538
1.92441e-05
0.0087451845
2.0167288e-05
0.0087453096
2.111657e-05
0.0087454284
2.2091644e-05
0.0087455404
2.3092243e-05
0.0087456452
2.411814e-05
0.0087457422
2.5169157e-05
0.0087458313
2.6245176e-05
0.0087459124
2.7346143e-05
0.0087459854
2.8472076e-05
0.0087460503
2.962308e-05
0.0087461074
3.0799354e-05
0.008746157
3.2001221e-05
0.0087461992
3.3229146e-05
0.0087462345
3.4483768e-05
0.0087462633
3.5765925e-05
0.0087462862
3.7076663e-05
0.0087463034
3.8417232e-05
0.0087463157
3.9789052e-05
0.0087463233
4.1193678e-05
0.008746327
4.2632775e-05
0.0087463271
4.4108128e-05
0.0087463242
4.5621733e-05
0.0087463187
4.7175894e-05
0.0087463111
4.8773219e-05
0.0087463018
5.0416576e-05
0.0087462911
5.2108901e-05
0.0087462794
5.3853024e-05
0.008746267
5.565168e-05
0.0087462542
5.7507745e-05
0.0087462411
5.9424476e-05
0.0087462281
6.1405441e-05
0.0087462153
6.3454166e-05
0.0087462027
6.5573858e-05
0.0087461906
6.7767573e-05
0.0087461789
7.003864e-05
0.0087461677
7.2390722e-05
0.0087461571
7.4827484e-05
0.0087461471
7.735232e-05
0.0087461377
7.9968588e-05
0.0087461289
8.267974e-05
0.0087461207
8.5489446e-05
0.0087461131
8.8401389e-05
0.008746106
9.1419304e-05
0.0087460994
9.4547098e-05
0.0087460933
9.7788514e-05
0.0087460877
0.00010114756
0.0087460825
0.00010462827
0.0087460776
0.00010823499
0.0087460732
0.00011197221
0.0087460691
0.00011584428
0.0087460654
0.00011985558
0.008746062
0.00012400994
0.008746059
0.00012831438
0.0087460564
0.00013277221
0.008746054
0.00013738408
0.0087460525
0.00014216055
0.0087460518
0.00014709611
0.0087460515
0.00015217692
0.0087460539
0.00015740976
0.0087460605
0.00016277079
0.0087460699
0.00016810725
0.0087460872
0.0001734267
0.0087461005
0.00017813825
0.008746188
0.00018373432
0.0087460328
0.00018290017
0.0087469301
0.00019714969
0.00016024937
0.0092337206
4.0961481e-06
0.0092337443
4.3326018e-06
0.0092337718
4.583972e-06
0.0092338036
4.8511515e-06
0.00923384
5.1350626e-06
0.0092338813
5.4366532e-06
0.0092339279
5.7568906e-06
0.00923398
6.0967527e-06
0.009234038
6.4572195e-06
0.0092341021
6.8392646e-06
0.0092341726
7.2438458e-06
0.0092342496
7.6718939e-06
0.0092343332
8.1243018e-06
0.0092344234
8.6019128e-06
0.0092345202
9.1055092e-06
0.0092346234
9.6358023e-06
0.0092347326
1.0193422e-05
0.0092348477
1.0778907e-05
0.009234968
1.1392704e-05
0.009235093
1.2035154e-05
0.0092352221
1.2706498e-05
0.0092353544
1.3406873e-05
0.0092354891
1.4136319e-05
0.0092356253
1.4894781e-05
0.0092357621
1.5682117e-05
0.0092358984
1.6498111e-05
0.0092360332
1.7342484e-05
0.0092361657
1.8214903e-05
0.0092362949
1.9115002e-05
0.0092364199
2.0042391e-05
0.0092365398
2.0996674e-05
0.0092366541
2.1977462e-05
0.009236762
2.2984387e-05
0.0092368632
2.4017114e-05
0.009236957
2.5075356e-05
0.0092370434
2.6158878e-05
0.0092371222
2.7267517e-05
0.0092371932
2.8401182e-05
0.0092372565
2.9559875e-05
0.0092373122
3.0743705e-05
0.0092373607
3.1952906e-05
0.0092374021
3.3187874e-05
0.0092374368
3.4449185e-05
0.0092374652
3.573763e-05
0.0092374878
3.7054218e-05
0.009237505
3.8400175e-05
0.0092375173
3.9776905e-05
0.0092375252
4.1185955e-05
0.0092375292
4.2628985e-05
0.0092375297
4.410779e-05
0.0092375272
4.5624363e-05
0.0092375223
4.7181031e-05
0.0092375153
4.8780437e-05
0.0092375066
5.0425483e-05
0.0092374966
5.2119141e-05
0.0092374856
5.3864272e-05
0.0092374739
5.5663636e-05
0.0092374617
5.7520138e-05
0.0092374494
5.943707e-05
0.009237437
6.1418046e-05
0.0092374248
6.3466633e-05
0.0092374129
6.5586063e-05
0.0092374014
6.7779412e-05
0.0092373903
7.0050029e-05
0.0092373797
7.2401604e-05
0.0092373696
7.4837824e-05
0.0092373602
7.7362097e-05
0.0092373513
7.997778e-05
0.0092373429
8.2688357e-05
0.0092373352
8.5497504e-05
0.009237328
8.8408909e-05
0.0092373212
9.1426299e-05
0.0092373151
9.4553566e-05
0.0092373093
9.7794494e-05
0.0092373041
0.00010115306
0.0092372992
0.00010463333
0.0092372947
0.00010823961
0.0092372905
0.00011197637
0.0092372868
0.00011584799
0.0092372833
0.00011985884
0.0092372802
0.00012401285
0.0092372775
0.00012831668
0.0092372751
0.00013277392
0.0092372729
0.00013738545
0.0092372717
0.00014216083
0.0092372711
0.00014709547
0.0092372711
0.00015217569
0.0092372735
0.00015740594
0.0092372799
0.00016276288
0.0092372891
0.00016809651
0.009237306
0.00017340852
0.0092373187
0.00017812441
0.0092374022
0.00018364972
0.0092372621
0.0001830396
0.0092380988
0.00019631163
0.00016081286
0.0097527785
4.0778896e-06
0.0097528
4.3111614e-06
0.0097528249
4.5590541e-06
0.0097528536
4.8224523e-06
0.0097528864
5.1022727e-06
0.0097529237
5.3994626e-06
0.0097529656
5.7149933e-06
0.0097530125
6.0498535e-06
0.0097530647
6.4050413e-06
0.0097531225
6.7815569e-06
0.0097531859
7.1803934e-06
0.0097532553
7.6025269e-06
0.0097533308
8.0489055e-06
0.0097534123
8.5204375e-06
0.0097534998
9.0179801e-06
0.0097535933
9.5423276e-06
0.0097536926
1.00942e-05
0.0097537973
1.0674234e-05
0.0097539071
1.1282971e-05
0.0097540214
1.1920854e-05
0.0097541398
1.2588218e-05
0.0097542614
1.3285292e-05
0.0097543856
1.4012193e-05
0.0097545115
1.4768933e-05
0.0097546382
1.5555424e-05
0.0097547649
1.6371482e-05
0.0097548906
1.7216842e-05
0.0097550144
1.8091166e-05
0.0097551354
1.8994062e-05
0.0097552527
1.9925095e-05
0.0097553657
2.0883805e-05
0.0097554735
2.1869725e-05
0.0097555756
2.2882397e-05
0.0097556714
2.3921386e-05
0.0097557605
2.4986298e-05
0.0097558427
2.6076793e-05
0.0097559177
2.7192595e-05
0.0097559855
2.833351e-05
0.009756046
2.9499439e-05
0.0097560994
3.0690398e-05
0.0097561459
3.1906539e-05
0.0097561857
3.3148183e-05
0.0097562192
3.4415847e-05
0.0097562467
3.571027e-05
0.0097562686
3.7032427e-05
0.0097562854
3.8383517e-05
0.0097562975
3.976493e-05
0.0097563054
4.1178201e-05
0.0097563096
4.2624988e-05
0.0097563105
4.4107088e-05
0.0097563085
4.5626501e-05
0.0097563042
4.7185567e-05
0.0097562979
4.8786965e-05
0.0097562899
5.043363e-05
0.0097562807
5.2128568e-05
0.0097562705
5.387467e-05
0.0097562597
5.5674719e-05
0.0097562484
5.7531646e-05
0.0097562369
5.9448778e-05
0.0097562254
6.1429774e-05
0.0097562141
6.3478238e-05
0.009756203
6.5597427e-05
0.0097561923
6.7790434e-05
0.0097561819
7.0060631e-05
0.0097561721
7.241173e-05
0.0097561627
7.4847441e-05
0.0097561539
7.7371182e-05
0.0097561457
7.9986316e-05
0.009756138
8.269635e-05
0.0097561308
8.5504969e-05
0.0097561241
8.8415864e-05
0.0097561179
9.1432757e-05
0.0097561122
9.4559527e-05
0.009756107
9.7799991e-05
0.0097561022
0.00010115811
0.0097560977
0.00010463795
0.0097560936
0.00010824382
0.0097560899
0.00011198015
0.0097560864
0.00011585134
0.0097560834
0.00011986176
0.0097560806
0.00012401541
0.0097560782
0.00012831868
0.0097560761
0.00013277536
0.0097560743
0.00013738655
0.0097560732
0.00014216092
0.0097560729
0.00014709468
0.0097560731
0.00015217432
0.0097560755
0.00015740215
0.0097560818
0.00016275522
0.0097560906
0.0001680862
0.0097561067
0.00017339116
0.0097561189
0.00017811121
0.0097561972
0.00018357035
0.009756073
0.00018316318
0.0097568404
0.000195543
0.00016132919
0.010301015
4.0616204e-06
0.010301034
4.2921102e-06
0.010301056
4.5369621e-06
0.010301082
4.7970517e-06
0.010301111
5.0732904e-06
0.010301144
5.3666226e-06
0.010301181
5.6780216e-06
0.010301222
6.0084829e-06
0.010301268
6.359018e-06
0.010301319
6.7306473e-06
0.010301375
7.1243918e-06
0.010301436
7.5412642e-06
0.010301503
7.9822577e-06
0.010301575
8.448335e-06
0.010301653
8.9404166e-06
0.010301736
9.4593682e-06
0.010301824
1.0005989e-05
0.010301917
1.0580999e-05
0.010302015
1.118503e-05
0.010302117
1.1818615e-05
0.010302224
1.2482177e-05
0.010302333
1.317603e-05
0.010302445
1.390037e-05
0.010302558
1.4655277e-05
0.010302673
1.5440715e-05
0.010302788
1.6256541e-05
0.010302903
1.7102512e-05
0.010303015
1.7978292e-05
0.010303126
1.8883473e-05
0.010303234
1.9817587e-05
0.010303337
2.0780121e-05
0.010303437
2.1770542e-05
0.010303531
2.2788311e-05
0.010303619
2.3832904e-05
0.010303702
2.4903829e-05
0.010303778
2.6000644e-05
0.010303848
2.7122972e-05
0.010303911
2.8270519e-05
0.010303967
2.9443091e-05
0.010304017
3.0640613e-05
0.010304061
3.1863157e-05
0.010304098
3.3110973e-05
0.01030413
3.4384519e-05
0.010304155
3.5684486e-05
0.010304176
3.7011812e-05
0.010304192
3.8367671e-05
0.010304204
3.9753437e-05
0.010304212
4.1170635e-05
0.010304216
4.2620919e-05
0.010304217
4.4106087e-05
0.010304215
4.5628147e-05
0.010304212
4.7189452e-05
0.010304206
4.8792708e-05
0.010304199
5.0440885e-05
0.010304191
5.213702e-05
0.010304182
5.3884031e-05
0.010304172
5.5684724e-05
0.010304162
5.7542054e-05
0.010304151
5.945938e-05
0.010304141
6.1440402e-05
0.010304131
6.3488757e-05
0.010304121
6.5607729e-05
0.010304111
6.7800425e-05
0.010304102
7.0070236e-05
0.010304093
7.2420898e-05
0.010304084
7.4856141e-05
0.010304076
7.7379393e-05
0.010304069
7.9994021e-05
0.010304062
8.2703552e-05
0.010304055
8.5511683e-05
0.010304049
8.8422107e-05
0.010304044
9.1438541e-05
0.010304039
9.4564851e-05
0.010304034
9.7804884e-05
0.01030403
0.00010116259
0.010304026
0.00010464204
0.010304022
0.00010824751
0.010304019
0.00011198344
0.010304016
0.00011585424
0.010304013
0.00011986426
0.010304011
0.00012401757
0.010304009
0.00012832033
0.010304007
0.00013277648
0.010304006
0.00013738734
0.010304005
0.00014216079
0.010304005
0.00014709373
0.010304005
0.0001521728
0.010304008
0.00015739844
0.010304014
0.00016274793
0.010304022
0.00016807648
0.010304037
0.00017337489
0.010304049
0.00017809883
0.010304121
0.00018349754
0.010304013
0.00018327017
0.010304702
0.00019485342
0.00016179166
0.010880073
4.0475585e-06
0.010880089
4.2756844e-06
0.010880108
4.5179515e-06
0.01088013
4.7752276e-06
0.010880155
5.0484182e-06
0.010880183
5.3384644e-06
0.010880215
5.6463396e-06
0.01088025
5.9730436e-06
0.01088029
6.3195971e-06
0.010880333
6.6870355e-06
0.010880381
7.0764017e-06
0.010880434
7.4887365e-06
0.010880491
7.9250697e-06
0.010880553
8.3864078e-06
0.01088062
8.8737232e-06
0.010880691
9.3879413e-06
0.010880767
9.9299276e-06
0.010880848
1.0500475e-05
0.010880933
1.1100291e-05
0.010881021
1.1729988e-05
0.010881114
1.239007e-05
0.010881209
1.3080927e-05
0.010881306
1.3802826e-05
0.010881406
1.4555912e-05
0.010881506
1.5340204e-05
0.010881607
1.6155599e-05
0.010881708
1.7001878e-05
0.010881808
1.7878718e-05
0.010881905
1.8785702e-05
0.010882001
1.9722336e-05
0.010882093
2.068807e-05
0.010882181
2.1682312e-05
0.010882265
2.2704457e-05
0.010882344
2.37539e-05
0.010882418
2.4830066e-05
0.010882486
2.593242e-05
0.010882549
2.7060494e-05
0.010882605
2.8213903e-05
0.010882656
2.9392365e-05
0.010882701
3.0595721e-05
0.010882741
3.1823971e-05
0.010882774
3.3077297e-05
0.010882803
3.4356101e-05
0.010882826
3.566103e-05
0.010882845
3.6992988e-05
0.01088286
3.8353124e-05
0.010882871
3.9742795e-05
0.010882878
4.116352e-05
0.010882882
4.2616946e-05
0.010882883
4.4104872e-05
0.010882882
4.5629312e-05
0.010882879
4.719263e-05
0.010882875
4.8797559e-05
0.010882869
5.0447097e-05
0.010882862
5.2144313e-05
0.010882854
5.3892146e-05
0.010882845
5.5693422e-05
0.010882836
5.7551118e-05
0.010882827
5.9468623e-05
0.010882818
6.1449671e-05
0.010882809
6.3497935e-05
0.0108828
6.5616716e-05
0.010882792
6.7809137e-05
0.010882784
7.0078605e-05
0.010882776
7.2428877e-05
0.010882769
7.4863702e-05
0.010882762
7.7386517e-05
0.010882755
8.0000694e-05
0.010882749
8.2709776e-05
0.010882744
8.551747e-05
0.010882739
8.842747e-05
0.010882734
9.1443492e-05
0.01088273
9.456939e-05
0.010882726
9.7809034e-05
0.010882722
0.00010116636
0.010882719
0.00010464546
0.010882716
0.00010825058
0.010882713
0.00011198615
0.010882711
0.00011585659
0.010882709
0.00011986625
0.010882707
0.00012401925
0.010882705
0.00012832155
0.010882704
0.00013277723
0.010882703
0.00013738778
0.010882703
0.00014216042
0.010882703
0.00014709259
0.010882703
0.00015217114
0.010882706
0.00015739483
0.010882712
0.00016274114
0.010882719
0.00016806751
0.010882733
0.00017336007
0.010882744
0.00017808746
0.010882808
0.00018343276
0.010882717
0.00018335984
0.010883316
0.00019425366
0.00016219282
0.011491686
4.0359718e-06
0.0114917
4.2621759e-06
0.011491716
4.5023418e-06
0.011491733
4.75733e-06
0.011491754
5.0280405e-06
0.011491777
5.315411e-06
0.011491803
5.6204139e-06
0.011491832
5.9440515e-06
0.011491864
6.2873506e-06
0.0114919
6.6513574e-06
0.011491939
7.0371307e-06
0.011491982
7.4457329e-06
0.011492029
7.8782214e-06
0.01149208
8.3356372e-06
0.011492135
8.8189932e-06
0.011492193
9.3292623e-06
0.011492256
9.8673635e-06
0.011492322
1.0434148e-05
0.011492392
1.1030388e-05
0.011492465
1.165676e-05
0.011492542
1.2313835e-05
0.011492621
1.300207e-05
0.011492702
1.3721795e-05
0.011492784
1.447321e-05
0.011492868
1.5256385e-05
0.011492953
1.6071254e-05
0.011493037
1.6917626e-05
0.011493121
1.779519e-05
0.011493203
1.8703528e-05
0.011493283
1.964213e-05
0.011493361
2.0610415e-05
0.011493435
2.1607749e-05
0.011493506
2.2633469e-05
0.011493573
2.3686909e-05
0.011493636
2.4767419e-05
0.011493694
2.5874388e-05
0.011493747
2.7007271e-05
0.011493796
2.8165601e-05
0.011493839
2.9349021e-05
0.011493878
3.0557302e-05
0.011493911
3.1790377e-05
0.01149394
3.304837e-05
0.011493965
3.4331634e-05
0.011493985
3.5640777e-05
0.011494002
3.697667e-05
0.011494015
3.8340444e-05
0.011494024
3.9733439e-05
0.01149403
4.1157166e-05
0.011494034
4.2613267e-05
0.011494036
4.4103542e-05
0.011494035
4.5630012e-05
0.011494033
4.7195047e-05
0.011494029
4.8801401e-05
0.011494024
5.0452101e-05
0.011494019
5.2150239e-05
0.011494012
5.3898775e-05
0.011494005
5.570055e-05
0.011493998
5.755856e-05
0.01149399
5.9476219e-05
0.011493983
6.1457292e-05
0.011493976
6.3505478e-05
0.011493968
6.5624099e-05
0.011493961
6.7816286e-05
0.011493955
7.0085462e-05
0.011493948
7.2435403e-05
0.011493942
7.4869872e-05
0.011493937
7.7392315e-05
0.011493932
8.0006107e-05
0.011493927
8.2714805e-05
0.011493922
8.5522125e-05
0.011493918
8.8431763e-05
0.011493915
9.144743e-05
0.011493911
9.4572976e-05
0.011493908
9.7812285e-05
0.011493905
0.00010116929
0.011493903
0.00010464808
0.011493901
0.0001082529
0.011493899
0.00011198816
0.011493897
0.00011585828
0.011493895
0.00011986763
0.011493894
0.00012402036
0.011493893
0.00012832226
0.011493892
0.00013277753
0.011493892
0.0001373878
0.011493892
0.00014215975
0.011493892
0.00014709127
0.011493893
0.00015216936
0.011493896
0.0001573914
0.011493901
0.00016273499
0.011493908
0.00016805951
0.01149392
0.00017334708
0.011493929
0.00017807735
0.011493984
0.00018337772
0.011493912
0.00018343137
0.011494409
0.00019375597
0.00016252417
0.01213769
4.027203e-06
0.0121377
4.2519615e-06
0.012137712
4.4905468e-06
0.012137726
4.743814e-06
0.012137741
5.0126584e-06
0.012137758
5.2980147e-06
0.012137778
5.600854e-06
0.0121378
5.9221796e-06
0.012137824
6.2630222e-06
0.012137851
6.6244353e-06
0.012137881
7.0074884e-06
0.012137913
7.4132594e-06
0.012137949
7.8428251e-06
0.012137987
8.2972513e-06
0.012138029
8.7775809e-06
0.012138073
9.2848214e-06
0.012138121
9.8199316e-06
0.012138171
1.0383807e-05
0.012138224
1.0977266e-05
0.01213828
1.1601038e-05
0.012138338
1.2255744e-05
0.012138398
1.2941891e-05
0.01213846
1.3659861e-05
0.012138523
1.44099e-05
0.012138588
1.5192114e-05
0.012138653
1.6006474e-05
0.012138717
1.685281e-05
0.012138782
1.7730825e-05
0.012138845
1.8640102e-05
0.012138907
1.9580123e-05
0.012138967
2.0550285e-05
0.012139025
2.1549923e-05
0.01213908
2.2578333e-05
0.012139133
2.3634799e-05
0.012139181
2.4718616e-05
0.012139227
2.5829115e-05
0.012139268
2.6965687e-05
0.012139306
2.8127806e-05
0.01213934
2.9315052e-05
0.012139371
3.0527142e-05
0.012139397
3.1763954e-05
0.01213942
3.3025567e-05
0.012139439
3.4312294e-05
0.012139455
3.5624711e-05
0.012139469
3.6963667e-05
0.012139479
3.8330271e-05
0.012139486
3.9725854e-05
0.012139492
4.1151919e-05
0.012139495
4.2610105e-05
0.012139496
4.410221e-05
0.012139496
4.5630263e-05
0.012139495
4.7196636e-05
0.012139492
4.8804099e-05
0.012139489
5.0455705e-05
0.012139485
5.2154562e-05
0.01213948
5.3903644e-05
0.012139475
5.5705808e-05
0.012139469
5.7564062e-05
0.012139464
5.948184e-05
0.012139458
6.1462931e-05
0.012139453
6.3511055e-05
0.012139448
6.5629549e-05
0.012139442
6.7821551e-05
0.012139438
7.0090497e-05
0.012139433
7.2440176e-05
0.012139429
7.4874364e-05
0.012139425
7.7396513e-05
0.012139421
8.0010001e-05
0.012139417
8.2718394e-05
0.012139414
8.5525418e-05
0.012139411
8.8434767e-05
0.012139409
9.1450152e-05
0.012139406
9.4575417e-05
0.012139404
9.7814456e-05
0.012139403
0.00010117121
0.012139401
0.00010464974
0.0121394
0.00010825432
0.012139399
0.00011198933
0.012139398
0.0001158592
0.012139397
0.00011986829
0.012139396
0.0001240208
0.012139396
0.00012832238
0.012139396
0.00013277731
0.012139396
0.00013738735
0.012139396
0.00014215876
0.012139397
0.00014708976
0.012139399
0.00015216746
0.012139401
0.00015738822
0.012139406
0.00016272967
0.012139412
0.00016805271
0.012139422
0.00017333636
0.01213943
0.0001780688
0.012139472
0.00018333435
0.01213942
0.00018348369
0.0121398
0.00019337473
0.00016277575
0.012820022
4.0216232e-06
0.012820029
4.2454693e-06
0.012820036
4.4830546e-06
0.012820045
4.7352317e-06
0.012820055
5.0028931e-06
0.012820066
5.2869714e-06
0.012820078
5.5884364e-06
0.012820092
5.9082916e-06
0.012820107
6.2475701e-06
0.012820125
6.6073296e-06
0.012820143
6.9886461e-06
0.012820164
7.3926064e-06
0.012820187
7.8202998e-06
0.012820211
8.272807e-06
0.012820237
8.7511895e-06
0.012820266
9.2564765e-06
0.012820296
9.7896517e-06
0.012820328
1.0351639e-05
0.012820362
1.0943286e-05
0.012820398
1.1565355e-05
0.012820435
1.2218501e-05
0.012820474
1.2903264e-05
0.012820514
1.3620058e-05
0.012820554
1.4369159e-05
0.012820596
1.5150702e-05
0.012820638
1.5964677e-05
0.01282068
1.6810934e-05
0.012820721
1.7689183e-05
0.012820762
1.8599011e-05
0.012820803
1.9539896e-05
0.012820842
2.0511222e-05
0.012820879
2.1512304e-05
0.012820915
2.2542413e-05
0.012820949
2.3600802e-05
0.012820981
2.4686729e-05
0.012821011
2.5799488e-05
0.012821038
2.693843e-05
0.012821063
2.8102987e-05
0.012821085
2.92927e-05
0.012821105
3.0507249e-05
0.012821123
3.1746477e-05
0.012821138
3.3010433e-05
0.012821151
3.4299404e-05
0.012821162
3.5613943e-05
0.012821171
3.6954884e-05
0.012821178
3.8323323e-05
0.012821183
3.9720586e-05
0.012821187
4.1148167e-05
0.012821189
4.2607706e-05
0.012821191
4.4100998e-05
0.012821191
4.5630077e-05
0.01282119
4.7197316e-05
0.012821189
4.8805498e-05
0.012821187
5.0457688e-05
0.012821185
5.2157008e-05
0.012821182
5.3906443e-05
0.012821179
5.5708855e-05
0.012821176
5.7567262e-05
0.012821173
5.9485112e-05
0.012821169
6.1466209e-05
0.012821166
6.3514288e-05
0.012821163
6.5632692e-05
0.01282116
6.7824568e-05
0.012821157
7.0093356e-05
0.012821155
7.2442858e-05
0.012821153
7.4876855e-05
0.01282115
7.7398804e-05
0.012821148
8.0012085e-05
0.012821147
8.2720271e-05
0.012821145
8.5527091e-05
0.012821144
8.8436241e-05
0.012821142
9.1451431e-05
0.012821141
9.4576501e-05
0.012821141
9.7815353e-05
0.01282114
0.00010117192
0.01282114
0.00010465028
0.012821139
0.00010825469
0.012821139
0.00011198951
0.012821139
0.00011585921
0.012821139
0.00011986811
0.012821139
0.00012402046
0.01282114
0.00012832181
0.01282114
0.00013277651
0.012821141
0.00013738637
0.012821142
0.00014215742
0.012821143
0.00014708804
0.012821145
0.00015216545
0.012821147
0.00015738537
0.012821151
0.00016272538
0.012821156
0.00016804741
0.012821163
0.00017332842
0.01282117
0.00017806215
0.012821199
0.0001833049
0.012821167
0.00018351527
0.012821414
0.00019312729
0.00016293559
0.01354073
0.013540732
0.013540734
0.013540737
0.013540741
0.013540745
0.013540749
0.013540754
0.013540759
0.013540765
0.013540771
0.013540779
0.013540786
0.013540795
0.013540804
0.013540814
0.013540825
0.013540836
0.013540848
0.01354086
0.013540873
0.013540887
0.013540901
0.013540915
0.01354093
0.013540945
0.01354096
0.013540975
0.013540989
0.013541004
0.013541018
0.013541031
0.013541044
0.013541057
0.013541068
0.013541079
0.013541089
0.013541098
0.013541106
0.013541114
0.01354112
0.013541126
0.013541131
0.013541135
0.013541139
0.013541141
0.013541144
0.013541146
0.013541147
0.013541148
0.013541148
0.013541149
0.013541149
0.013541148
0.013541148
0.013541148
0.013541147
0.013541147
0.013541146
0.013541145
0.013541145
0.013541144
0.013541144
0.013541144
0.013541143
0.013541143
0.013541143
0.013541143
0.013541143
0.013541144
0.013541144
0.013541144
0.013541145
0.013541145
0.013541146
0.013541147
0.013541148
0.013541148
0.013541149
0.013541151
0.013541152
0.013541153
0.013541154
0.013541156
0.013541157
0.013541159
0.013541161
0.013541163
0.013541166
0.01354117
0.013541174
0.013541178
0.013541191
0.013541183
0.013541276
)
;

boundaryField
{
    inlet
    {
        type            calculated;
        value           nonuniform List<scalar> 
80
(
-0.00018054859
-0.0001906905
-0.0002014021
-0.00021271541
-0.00022466422
-0.00023728422
-0.00025061312
-0.00026469075
-0.00027955915
-0.00029526275
-0.00031184847
-0.00032936585
-0.00034786724
-0.00036740789
-0.0003880462
-0.00040984381
-0.00043286586
-0.00045718112
-0.00048286223
-0.00050998593
-0.00053863323
-0.00056888973
-0.00060084583
-0.00063459698
-0.00067024402
-0.00070789347
-0.00074765778
-0.00078965576
-0.00083401288
-0.00088086166
-0.00093034207
-0.00098260192
-0.0010377974
-0.0010960933
-0.0011576638
-0.001222693
-0.001291375
-0.001363915
-0.0014405298
-0.0015214483
-0.0016069122
-0.0016971768
-0.0017925119
-0.0018932021
-0.0019995484
-0.0021118685
-0.0022304979
-0.002355791
-0.0024881221
-0.0026278866
-0.0027755021
-0.0029314095
-0.0030960746
-0.0032699894
-0.0034536735
-0.0036476755
-0.0038525751
-0.0040689844
-0.00429755
-0.0045389547
-0.0047939196
-0.0050632065
-0.0053476199
-0.0056480094
-0.0059652725
-0.0063003569
-0.0066542637
-0.0070280502
-0.007422833
-0.0078397915
-0.0082801714
-0.0087452882
-0.0092365314
-0.0097553685
-0.010303349
-0.010882111
-0.011493383
-0.012138991
-0.012820863
-0.013541037
)
;
    }
    outlet
    {
        type            calculated;
        value           nonuniform List<scalar> 
80
(
7.1839441e-05
9.5726869e-05
0.00011046174
0.0001233204
0.00013559912
0.00014780214
0.00016020651
0.00017298741
0.00018626991
0.00020015275
0.00021472041
0.00023004971
0.00024621373
0.00026328426
0.0002813335
0.00030043521
0.00032066569
0.00034210446
0.00036483493
0.000388945
0.00041452763
0.00044168136
0.00047051096
0.00050112796
0.00053365133
0.00056820816
0.00060493437
0.00064397559
0.00068548806
0.00072963956
0.0007766106
0.00082659563
0.00087980456
0.00093646773
0.00099685192
0.0010612571
0.001130002
0.0012034301
0.0012819191
0.0013658903
0.0014558173
0.0015522253
0.0016556686
0.0017666675
0.0018855932
0.0020125389
0.0021473338
0.0022901112
0.0024418462
0.0026026363
0.0027671706
0.0029304574
0.0030966064
0.0032706721
0.0034543862
0.0036484185
0.0038533496
0.0040697908
0.0042983884
0.0045398248
0.004794821
0.0050641383
0.0053485808
0.0056489975
0.0059662855
0.0063013916
0.006655316
0.0070291151
0.0074239045
0.0078408619
0.0082812317
0.0087463277
0.0092375374
0.0097563259
0.010304241
0.010882916
0.011494078
0.01213955
0.012821255
0.013541223
)
;
    }
    top
    {
        type            calculated;
        value           nonuniform List<scalar> 
110
(
7.414112e-06
1.8001335e-05
2.3825825e-05
2.6002536e-05
2.5212997e-05
2.2512723e-05
1.8973673e-05
1.5366346e-05
1.2110727e-05
9.3691065e-06
7.1560221e-06
5.4172617e-06
4.0753621e-06
3.052235e-06
4.0197294e-06
4.2432603e-06
4.480501e-06
4.7323012e-06
4.9995521e-06
5.2831853e-06
5.5841705e-06
5.9035114e-06
6.2422417e-06
6.6014202e-06
6.9821252e-06
7.3854466e-06
7.8124777e-06
8.2643044e-06
8.7419946e-06
9.2465849e-06
9.7790677e-06
1.0340376e-05
1.093137e-05
1.1552821e-05
1.2205398e-05
1.2889651e-05
1.3606007e-05
1.4354752e-05
1.5136032e-05
1.5949844e-05
1.6796045e-05
1.7674349e-05
1.8584345e-05
1.9525509e-05
2.049722e-05
2.1498789e-05
2.2529476e-05
2.3588524e-05
2.4675178e-05
2.5788719e-05
2.6928483e-05
2.8093887e-05
2.928446e-05
3.0499866e-05
3.1739938e-05
3.3004712e-05
3.4294466e-05
3.5609746e-05
3.6951378e-05
3.8320457e-05
3.9718303e-05
4.1146412e-05
4.2606419e-05
4.410012e-05
4.562955e-05
4.7197086e-05
4.8805511e-05
5.0457895e-05
5.2157367e-05
5.3906914e-05
5.5709401e-05
5.7567849e-05
5.9485711e-05
6.1466795e-05
6.3514842e-05
6.5633199e-05
6.7825013e-05
7.0093729e-05
7.2443149e-05
7.4877059e-05
7.7398919e-05
8.0012106e-05
8.2720196e-05
8.5526921e-05
8.8435979e-05
9.1451074e-05
9.457605e-05
9.7814808e-05
0.00010117129
0.00010464955
0.00010825387
0.0001119886
0.00011585819
0.000119867
0.00012401925
0.00012832049
0.00013277507
0.00013738482
0.00014215569
0.00014708613
0.00015216339
0.00015738294
0.00016272236
0.00016804391
0.00017332381
0.00017805777
0.00018329188
0.00018352369
0.00019303395
0.00016298851
)
;
    }
    upstreamWall
    {
        type            symmetryPlane;
        value           uniform 0;
    }
    plate
    {
        type            calculated;
        value           uniform 0;
    }
    frontAndBack
    {
        type            empty;
    }
}


// ************************************************************************* //
