/*--------------------------------*- C++ -*----------------------------------*\
| =========                 |                                                 |
| \\      /  F ield         | OpenFOAM: The Open Source CFD Toolbox           |
|  \\    /   O peration     | Version:  2512                                  |
|   \\  /    A nd           | Website:  www.openfoam.com                      |
|    \\/     M anipulation  |                                                 |
\*---------------------------------------------------------------------------*/
FoamFile
{
    version     2.0;
    format      ascii;
    arch        "LSB;label=32;scalar=64";
    class       volVectorField;
    location    "0.0999872";
    object      U;
}
// * * * * * * * * * * * * * * * * * * * * * * * * * * * * * * * * * * * * * //

dimensions      [0 1 -1 0 0 0 0];

internalField   nonuniform List<vector> 
8800
(
(68.789197 2.7606759e-06 0)
(68.78341 7.2682972e-06 0)
(68.773423 1.4090185e-05 0)
(68.760305 2.3266878e-05 0)
(68.744901 3.5901458e-05 0)
(68.727668 5.3714798e-05 0)
(68.708685 7.9520702e-05 0)
(68.688009 0.00011963678 0)
(68.664623 0.00017471425 0)
(68.640147 0.00030620372 0)
(68.604379 0.00026292307 0)
(68.592891 0.0021556196 0)
(68.413706 -0.0078398293 0)
(68.967708 0.050147993 0)
(68.789197 8.420317e-06 0)
(68.78341 2.220296e-05 0)
(68.773424 4.3033076e-05 0)
(68.760305 7.1053566e-05 0)
(68.744901 0.00010961917 0)
(68.727669 0.0001639648 0)
(68.708686 0.00024264641 0)
(68.688007 0.00036475649 0)
(68.664647 0.00053305372 0)
(68.639994 0.00092187684 0)
(68.60572 0.00092907998 0)
(68.581064 0.0048976662 0)
(68.52118 -0.0075238925 0)
(68.255585 0.057986959 0)
(68.789197 1.43758e-05 0)
(68.78341 3.7967142e-05 0)
(68.773424 7.3569792e-05 0)
(68.760305 0.00012146345 0)
(68.744901 0.00018736232 0)
(68.727669 0.00028018134 0)
(68.708688 0.00041451649 0)
(68.688003 0.00062248807 0)
(68.664689 0.00091174332 0)
(68.63979 0.0015453739 0)
(68.60698 0.001833438 0)
(68.575796 0.0060393035 0)
(68.525992 0.0015685697 0)
(68.425038 0.0508271 0)
(68.789197 2.0664778e-05 0)
(68.78341 5.4622825e-05 0)
(68.773424 0.00010583071 0)
(68.760305 0.00017471925 0)
(68.744902 0.00026949884 0)
(68.72767 0.00040296763 0)
(68.708692 0.00059616797 0)
(68.688 0.00089454608 0)
(68.664738 0.0013140491 0)
(68.639623 0.0021912498 0)
(68.607766 0.0028274786 0)
(68.574376 0.0075433473 0)
(68.52376 0.0062711932 0)
(68.453817 0.051337767 0)
(68.789197 2.730415e-05 0)
(68.78341 7.221676e-05 0)
(68.773424 0.0001399058 0)
(68.760306 0.00023096845 0)
(68.744903 0.0003562524 0)
(68.727671 0.00053264516 0)
(68.708697 0.00078806397 0)
(68.687998 0.0011815348 0)
(68.664787 0.0017403996 0)
(68.639524 0.0028660242 0)
(68.608194 0.0038815505 0)
(68.574281 0.0092843898 0)
(68.523552 0.010333497 0)
(68.46178 0.054105392 0)
(68.789198 3.4310476e-05 0)
(68.78341 9.0799537e-05 0)
(68.773424 0.0001758911 0)
(68.760306 0.00029036821 0)
(68.744904 0.00044786201 0)
(68.727673 0.00066956019 0)
(68.708703 0.00099070135 0)
(68.688 0.0014841715 0)
(68.664833 0.0021913159 0)
(68.639488 0.0035737312 0)
(68.608457 0.0049954382 0)
(68.574488 0.011117606 0)
(68.524871 0.014429518 0)
(68.467484 0.05730342 0)
(68.789198 4.1702721e-05 0)
(68.78341 0.00011042648 0)
(68.773424 0.00021389226 0)
(68.760307 0.00035309215 0)
(68.744905 0.00054459411 0)
(68.727675 0.0008141058 0)
(68.70871 0.0012046512 0)
(68.688005 0.0018033336 0)
(68.664876 0.0026676943 0)
(68.639497 0.0043171809 0)
(68.608684 0.0061712544 0)
(68.574752 0.013015412 0)
(68.526856 0.018603773 0)
(68.473058 0.060350848 0)
(68.789198 4.9501444e-05 0)
(68.78341 0.00013115653 0)
(68.773425 0.00025402196 0)
(68.760307 0.00041932558 0)
(68.744907 0.0006467335 0)
(68.727678 0.00096670418 0)
(68.708718 0.0014305254 0)
(68.688015 0.0021399597 0)
(68.66492 0.0031706647 0)
(68.639536 0.005098417 0)
(68.608931 0.0074111366 0)
(68.575076 0.014982946 0)
(68.529103 0.022770589 0)
(68.478792 0.063337639 0)
(68.789198 5.7728109e-05 0)
(68.78341 0.0001530518 0)
(68.773425 0.00029639887 0)
(68.760308 0.0004892636 0)
(68.744909 0.00075457964 0)
(68.727681 0.0011277989 0)
(68.708727 0.0016689644 0)
(68.688029 0.0024950085 0)
(68.664967 0.0037014749 0)
(68.639598 0.0059191833 0)
(68.609219 0.0087174233 0)
(68.575499 0.017020632 0)
(68.53149 0.026897703 0)
(68.484609 0.066310026 0)
(68.789198 6.6405075e-05 0)
(68.783411 0.00017617785 0)
(68.773426 0.00034114799 0)
(68.760309 0.00056311156 0)
(68.744911 0.0008684473 0)
(68.727686 0.0012978559 0)
(68.708739 0.00192064 0)
(68.688048 0.0028694593 0)
(68.665022 0.0042614471 0)
(68.63968 0.0067812321 0)
(68.60955 0.010091713 0)
(68.576046 0.019127595 0)
(68.534009 0.030970596 0)
(68.490497 0.069259869 0)
(68.789198 7.5555625e-05 0)
(68.783411 0.00020060387 0)
(68.773426 0.00038840105 0)
(68.760311 0.00064108592 0)
(68.744914 0.00098866792 0)
(68.727692 0.0014773648 0)
(68.708752 0.002186259 0)
(68.688071 0.0032643222 0)
(68.665086 0.0048519709 0)
(68.639783 0.0076863172 0)
(68.609928 0.011534866 0)
(68.576731 0.021302941 0)
(68.536655 0.034974808 0)
(68.496414 0.072168367 0)
(68.789198 8.5204067e-05 0)
(68.783411 0.00022640303 0)
(68.773427 0.00043829707 0)
(68.760312 0.00072341486 0)
(68.744918 0.0011155907 0)
(68.727699 0.001666841 0)
(68.708768 0.0024665649 0)
(68.6881 0.003680645 0)
(68.66516 0.0054744952 0)
(68.639912 0.0086361811 0)
(68.610358 0.013047249 0)
(68.577563 0.023544979 0)
(68.539443 0.038894992 0)
(68.502373 0.075017544 0)
(68.789197 9.5375667e-05 0)
(68.783411 0.00025365257 0)
(68.773428 0.00049098256 0)
(68.760314 0.00081033887 0)
(68.744922 0.0012495832 0)
(68.727707 0.0018668259 0)
(68.708786 0.0027623382 0)
(68.688135 0.0041195159 0)
(68.665247 0.0061305148 0)
(68.640069 0.00963255 0)
(68.610844 0.01462872 0)
(68.578545 0.025850716 0)
(68.542367 0.042716699 0)
(68.508347 0.077791063 0)
(68.789197 0.00010609673 0)
(68.783411 0.00028243416 0)
(68.773429 0.00054661207 0)
(68.760317 0.00090211143 0)
(68.744927 0.0013910329 0)
(68.727717 0.0020778883 0)
(68.708807 0.0030743982 0)
(68.688176 0.0045820648 0)
(68.665347 0.0068215624 0)
(68.640257 0.010677094 0)
(68.611392 0.016278622 0)
(68.579685 0.028215803 0)
(68.545437 0.046426885 0)
(68.514347 0.080473322 0)
(68.789197 0.00011739455 0)
(68.783412 0.00031283402 0)
(68.77343 0.00060534847 0)
(68.76032 0.00099899953 0)
(68.744933 0.0015403474 0)
(68.727729 0.0023006255 0)
(68.708832 0.0034036034 0)
(68.688225 0.0050694627 0)
(68.665462 0.0075491917 0)
(68.64048 0.011771405 0)
(68.612007 0.017995694 0)
(68.580984 0.030634568 0)
(68.548647 0.050014037 0)
(68.52035 0.083048634 0)
(68.789197 0.00012929741 0)
(68.783412 0.00034494332 0)
(68.773432 0.00066736353 0)
(68.760323 0.0011012845 0)
(68.74494 0.0016979562 0)
(68.727743 0.0025356646 0)
(68.708861 0.0037508519 0)
(68.688282 0.0055829238 0)
(68.665596 0.0083149519 0)
(68.640743 0.012916987 0)
(68.612697 0.019778015 0)
(68.582448 0.033099902 0)
(68.552004 0.053468084 0)
(68.526361 0.085501447 0)
(68.789197 0.00014183461 0)
(68.783413 0.00037885836 0)
(68.773433 0.00073283829 0)
(68.760327 0.0012092625 0)
(68.744948 0.0018643113 0)
(68.727759 0.0027836636 0)
(68.708895 0.004117081 0)
(68.688349 0.0061237038 0)
(68.665748 0.0091203744 0)
(68.641049 0.01411519 0)
(68.613466 0.021622988 0)
(68.584076 0.035603398 0)
(68.5555 0.056780563 0)
(68.532365 0.087817506 0)
(68.789197 0.00015503642 0)
(68.783413 0.00041468091 0)
(68.773435 0.00080196361 0)
(68.760331 0.0013232457 0)
(68.744957 0.0020398882 0)
(68.727777 0.0030453133 0)
(68.708933 0.0045032676 0)
(68.688426 0.0066930973 0)
(68.665922 0.0099669565 0)
(68.641403 0.015367137 0)
(68.614323 0.023527292 0)
(68.585872 0.038135363 0)
(68.559137 0.059944492 0)
(68.538363 0.089984253 0)
(68.789197 0.00016893402 0)
(68.783414 0.00045251851 0)
(68.773437 0.00087494062 0)
(68.760336 0.0014435626 0)
(68.744967 0.0022251869 0)
(68.727798 0.0033213385 0)
(68.708978 0.004910428 0)
(68.688516 0.0072924319 0)
(68.666121 0.010856144 0)
(68.641809 0.016673677 0)
(68.615273 0.02548672 0)
(68.587832 0.040685267 0)
(68.562907 0.062954512 0)
(68.544344 0.091990943 0)
(68.789197 0.00018355957 0)
(68.783414 0.00049248485 0)
(68.77344 0.00095198124 0)
(68.760342 0.0015705592 0)
(68.744979 0.0024207329 0)
(68.727823 0.0036124987 0)
(68.709028 0.005339618 0)
(68.688618 0.0079230619 0)
(68.666346 0.011789305 0)
(68.642273 0.018035318 0)
(68.616323 0.027496174 0)
(68.589959 0.043241804 0)
(68.566808 0.065806728 0)
(68.550306 0.093829083 0)
(68.789197 0.00019894609 0)
(68.783415 0.00053470007 0)
(68.773443 0.0010333086 0)
(68.760348 0.0017045995 0)
(68.744993 0.0026270789 0)
(68.727851 0.0039195889 0)
(68.709087 0.0057919331 0)
(68.688736 0.0085863555 0)
(68.666602 0.012767717 0)
(68.642799 0.019452117 0)
(68.617478 0.029549913 0)
(68.592246 0.045792838 0)
(68.570829 0.068498284 0)
(68.556241 0.095492802 0)
(68.789197 0.00021512749 0)
(68.783416 0.00057929119 0)
(68.773446 0.0011191573 0)
(68.760356 0.001846066 0)
(68.745009 0.0028448077 0)
(68.727883 0.0042434397 0)
(68.709153 0.0062685076 0)
(68.68887 0.0092836825 0)
(68.666891 0.013792502 0)
(68.643392 0.020923664 0)
(68.618745 0.031641621 0)
(68.594692 0.048325574 0)
(68.574965 0.071027233 0)
(68.562144 0.096979093 0)
(68.789197 0.00023213849 0)
(68.783417 0.00062639245 0)
(68.77345 0.0012097731 0)
(68.760365 0.0019953606 0)
(68.745027 0.0030745341 0)
(68.727919 0.0045849181 0)
(68.709228 0.0067705063 0)
(68.689023 0.010016428 0)
(68.667216 0.014864457 0)
(68.644057 0.022449254 0)
(68.620127 0.033764557 0)
(68.597292 0.050826761 0)
(68.579202 0.073392331 0)
(68.56801 0.098287303 0)
(68.789197 0.0002500147 0)
(68.783419 0.00067614651 0)
(68.773454 0.0013054093 0)
(68.760374 0.0021529165 0)
(68.745048 0.0033168946 0)
(68.727961 0.0049449403 0)
(68.709314 0.0072990909 0)
(68.689197 0.010786035 0)
(68.667582 0.015984166 0)
(68.6448 0.02402753 0)
(68.62163 0.035911384 0)
(68.600042 0.053283213 0)
(68.583533 0.075593128 0)
(68.57383 0.099419175 0)
(68.789197 0.00026879248 0)
(68.78342 0.00072870781 0)
(68.773459 0.001406319 0)
(68.760386 0.0023192268 0)
(68.745071 0.0035725029 0)
(68.728009 0.0053245168 0)
(68.709411 0.0078553757 0)
(68.689393 0.011593951 0)
(68.667992 0.017152244 0)
(68.645625 0.025655978 0)
(68.623256 0.038073863 0)
(68.602934 0.055682453 0)
(68.587944 0.07763008 0)
(68.579601 0.10037853 0)
(68.789197 0.00028850888 0)
(68.783422 0.00078424638 0)
(68.773465 0.0015127577 0)
(68.760398 0.002494825 0)
(68.745098 0.0038419744 0)
(68.728063 0.005724728 0)
(68.709521 0.0084405109 0)
(68.689616 0.012441419 0)
(68.668451 0.018369081 0)
(68.646538 0.027331348 0)
(68.625009 0.04024319 0)
(68.605961 0.058012749 0)
(68.592424 0.079504364 0)
(68.585314 0.10117107 0)
(68.789197 0.0003092017 0)
(68.783423 0.00084293894 0)
(68.773471 0.0016250235 0)
(68.760413 0.0026802044 0)
(68.745128 0.0041260414 0)
(68.728124 0.0061465989 0)
(68.709645 0.0090557361 0)
(68.689866 0.013329544 0)
(68.668962 0.01963453 0)
(68.647543 0.029049896 0)
(68.62689 0.042410283 0)
(68.609116 0.060263259 0)
(68.59696 0.081217787 0)
(68.590965 0.10180384 0)
(68.789197 0.0003309098 0)
(68.783425 0.00090495898 0)
(68.773479 0.0017434722 0)
(68.760429 0.0028758245 0)
(68.745162 0.0044255428 0)
(68.728193 0.0065910781 0)
(68.709785 0.0097023714 0)
(68.690148 0.014259452 0)
(68.669531 0.020947852 0)
(68.648644 0.030807114 0)
(68.628899 0.044565762 0)
(68.61239 0.062424207 0)
(68.60154 0.082772887 0)
(68.596545 0.10228513 0)
(68.789197 0.00035367301 0)
(68.783428 0.00097048442 0)
(68.773487 0.0018684728 0)
(68.760448 0.0030821924 0)
(68.745201 0.0047413227 0)
(68.728271 0.0070591638 0)
(68.709943 0.010381744 0)
(68.690463 0.015232088 0)
(68.670161 0.022308009 0)
(68.649846 0.032597832 0)
(68.631036 0.046700027 0)
(68.615772 0.064486968 0)
(68.606151 0.08417287 0)
(68.602049 0.10262403 0)
(68.789197 0.00037753212 0)
(68.78343 0.0010397062 0)
(68.773496 0.0020003888 0)
(68.760469 0.0032998782 0)
(68.745244 0.0050742189 0)
(68.728359 0.0075519464 0)
(68.71012 0.011095086 0)
(68.690816 0.016248047 0)
(68.670857 0.02371374 0)
(68.651153 0.034416388 0)
(68.633299 0.048803456 0)
(68.619255 0.066444183 0)
(68.610781 0.085421632 0)
(68.607472 0.1028301 0)
(68.789197 0.00040252899 0)
(68.783433 0.0011128289 0)
(68.773507 0.0021395937 0)
(68.760493 0.0035294848 0)
(68.745293 0.0054250937 0)
(68.728458 0.0080705465 0)
(68.710319 0.01184356 0)
(68.69121 0.017307718 0)
(68.671623 0.025163204 0)
(68.652565 0.036256407 0)
(68.635685 0.050866701 0)
(68.622828 0.068289933 0)
(68.615417 0.086523837 0)
(68.612807 0.1029132 0)
(68.789197 0.00042870685 0)
(68.783437 0.0011900703 0)
(68.773518 0.0022864806 0)
(68.76052 0.0037716389 0)
(68.745349 0.0057948384 0)
(68.72857 0.0086160954 0)
(68.710542 0.012628252 0)
(68.691647 0.018411326 0)
(68.672465 0.026653903 0)
(68.654087 0.038110708 0)
(68.638191 0.052880955 0)
(68.626479 0.070019826 0)
(68.62005 0.087485001 0)
(68.61805 0.10288437 0)
(68.789197 0.00045611048 0)
(68.783441 0.0012716595 0)
(68.773532 0.0024414632 0)
(68.76055 0.0040269927 0)
(68.745411 0.0061843702 0)
(68.728695 0.00918973 0)
(68.710791 0.013450148 0)
(68.692133 0.0195588 0)
(68.673386 0.028182741 0)
(68.65572 0.039971862 0)
(68.640811 0.054837757 0)
(68.630199 0.071630805 0)
(68.624668 0.088310881 0)
(68.623197 0.10275541 0)
(68.789196 0.00048478649 0)
(68.783445 0.0013578381 0)
(68.773547 0.0026049748 0)
(68.760584 0.0042962265 0)
(68.745482 0.0065946277 0)
(68.728836 0.0097925761 0)
(68.71107 0.014310157 0)
(68.692671 0.020749441 0)
(68.67439 0.029746393 0)
(68.657464 0.04183184 0)
(68.643541 0.056729616 0)
(68.633977 0.073121221 0)
(68.629262 0.089007607 0)
(68.628246 0.10253559 0)
(68.789196 0.00051478344 0)
(68.78345 0.0014488582 0)
(68.773564 0.0027774661 0)
(68.760623 0.0045800498 0)
(68.745561 0.0070265726 0)
(68.728993 0.010425684 0)
(68.711379 0.015209134 0)
(68.693265 0.021982191 0)
(68.675481 0.031340887 0)
(68.659319 0.043682632 0)
(68.646373 0.058549635 0)
(68.637802 0.0744907 0)
(68.633824 0.089582474 0)
(68.633193 0.10223287 0)
(68.789196 0.00054615227 0)
(68.783456 0.0015449776 0)
(68.773583 0.0029594138 0)
(68.760666 0.0048791828 0)
(68.745649 0.0074812295 0)
(68.729169 0.011089957 0)
(68.711724 0.016147871 0)
(68.693919 0.023256153 0)
(68.676662 0.032961148 0)
(68.661284 0.045516492 0)
(68.649301 0.060291253 0)
(68.641663 0.075739964 0)
(68.638346 0.09004319 0)
(68.638037 0.10185707 0)
(68.789196 0.0005789478 0)
(68.783462 0.0016464441 0)
(68.773605 0.0031513765 0)
(68.760714 0.0051942779 0)
(68.745749 0.0079597405 0)
(68.729366 0.011786433 0)
(68.712106 0.017126709 0)
(68.694636 0.024569867 0)
(68.677936 0.034601614 0)
(68.663358 0.047325314 0)
(68.652316 0.061949159 0)
(68.64555 0.076870967 0)
(68.642821 0.090397568 0)
(68.642779 0.10141809 0)
(68.789197 0.00061322916 0)
(68.783469 0.0017535127 0)
(68.773629 0.0033539939 0)
(68.760768 0.0055259946 0)
(68.74586 0.0084631183 0)
(68.729586 0.012516219 0)
(68.71253 0.01814559 0)
(68.695421 0.025921131 0)
(68.679305 0.036256499 0)
(68.665538 0.049101339 0)
(68.65541 0.063519206 0)
(68.649454 0.077886752 0)
(68.647244 0.090653803 0)
(68.647418 0.10092479 0)
(68.789197 0.0006490569 0)
(68.783477 0.001866503 0)
(68.773656 0.0035678056 0)
(68.76083 0.0058751659 0)
(68.745985 0.008992309 0)
(68.72983 0.013280071 0)
(68.712997 0.019204309 0)
(68.696277 0.02730733 0)
(68.680772 0.037919754 0)
(68.66782 0.050837171 0)
(68.658575 0.064998247 0)
(68.653366 0.078791175 0)
(68.651609 0.090820034 0)
(68.651955 0.10038551 0)
(68.789197 0.00068649502 0)
(68.783487 0.0019857664 0)
(68.773687 0.0037932644 0)
(68.760898 0.0062427109 0)
(68.746124 0.0095483577 0)
(68.730102 0.014078641 0)
(68.713513 0.02030239 0)
(68.697209 0.02872528 0)
(68.682336 0.039584973 0)
(68.6702 0.052525841 0)
(68.661802 0.066384148 0)
(68.657277 0.079588852 0)
(68.655914 0.090904489 0)
(68.656394 0.099808033 0)
(68.789197 0.00072561416 0)
(68.783497 0.0021116313 0)
(68.773721 0.0040308989 0)
(68.760975 0.0066295106 0)
(68.746279 0.010132162 0)
(68.730404 0.014912647 0)
(68.71408 0.021439166 0)
(68.698218 0.030171292 0)
(68.683999 0.041245509 0)
(68.672674 0.054160925 0)
(68.665082 0.067675753 0)
(68.66118 0.080284979 0)
(68.660155 0.090915267 0)
(68.660735 0.09919955 0)
(68.789197 0.00076648994 0)
(68.783509 0.0022444272 0)
(68.77376 0.0042813004 0)
(68.76106 0.0070363999 0)
(68.746452 0.010744547 0)
(68.730739 0.015782679 0)
(68.714702 0.022613439 0)
(68.699309 0.031641314 0)
(68.68576 0.042894695 0)
(68.675235 0.055736738 0)
(68.668407 0.068872902 0)
(68.665067 0.080885171 0)
(68.66433 0.090859996 0)
(68.664983 0.098566678 0)
(68.789198 0.00080920279 0)
(68.783522 0.0023844933 0)
(68.773803 0.0045450846 0)
(68.761156 0.0074642076 0)
(68.746645 0.011386253 0)
(68.73111 0.016689165 0)
(68.715383 0.023823536 0)
(68.700484 0.033130899 0)
(68.687618 0.044525889 0)
(68.677878 0.057248365 0)
(68.671769 0.069976314 0)
(68.668934 0.081395392 0)
(68.668439 0.090745686 0)
(68.66914 0.097915112 0)
(68.789198 0.00085383934 0)
(68.783537 0.0025321738 0)
(68.773851 0.0048228677 0)
(68.761264 0.007913791 0)
(68.74686 0.012057908 0)
(68.731518 0.017632279 0)
(68.716125 0.025067597 0)
(68.701744 0.034635102 0)
(68.689572 0.046132519 0)
(68.680596 0.05869164 0)
(68.675159 0.070987506 0)
(68.672774 0.08182152 0)
(68.672481 0.090580145 0)
(68.673212 0.097250456 0)
(68.789199 0.00090049251 0)
(68.783554 0.0026878287 0)
(68.773905 0.0051151835 0)
(68.761383 0.0083860842 0)
(68.747098 0.012760298 0)
(68.731969 0.018611734 0)
(68.716933 0.026343245 0)
(68.703092 0.036148551 0)
(68.691618 0.047708231 0)
(68.683384 0.060063233 0)
(68.678571 0.071908707 0)
(68.676584 0.082169738 0)
(68.676457 0.090369965 0)
(68.6772 0.096577297 0)
(68.7892 0.00094925956 0)
(68.783573 0.002851861 0)
(68.773965 0.0054225428 0)
(68.761517 0.0088819511 0)
(68.747362 0.013494185 0)
(68.732464 0.019626883 0)
(68.71781 0.027647584 0)
(68.704529 0.037665647 0)
(68.693753 0.049247026 0)
(68.686233 0.061360669 0)
(68.681995 0.072742741 0)
(68.68036 0.08244641 0)
(68.680368 0.090120288 0)
(68.681111 0.095899136 0)
(68.789201 0.0010002383 0)
(68.783594 0.0030247174 0)
(68.774033 0.0057455566 0)
(68.761665 0.0094020277 0)
(68.747655 0.014259995 0)
(68.733008 0.020676843 0)
(68.718759 0.028977362 0)
(68.706055 0.039180663 0)
(68.695975 0.050743359 0)
(68.689137 0.06258229 0)
(68.685428 0.073492945 0)
(68.684099 0.082657461 0)
(68.684214 0.089836811 0)
(68.684947 0.095219459 0)
(68.789203 0.0010535365 0)
(68.783619 0.0032067664 0)
(68.774108 0.0060849275 0)
(68.761831 0.0099469801 0)
(68.747979 0.015057917 0)
(68.733603 0.02176042 0)
(68.719782 0.030328892 0)
(68.70767 0.040687738 0)
(68.698277 0.052192152 0)
(68.692089 0.063727193 0)
(68.688861 0.074163018 0)
(68.687798 0.082808636 0)
(68.687999 0.089524507 0)
(68.688714 0.094540965 0)
(68.789204 0.0011092724 0)
(68.783646 0.0033982973 0)
(68.774192 0.0064413613 0)
(68.762014 0.01051753 0)
(68.748336 0.015887978 0)
(68.734253 0.022876064 0)
(68.720882 0.031698078 0)
(68.709374 0.042180978 0)
(68.700657 0.053588885 0)
(68.695082 0.064795193 0)
(68.692291 0.074756936 0)
(68.691458 0.082905387 0)
(68.691723 0.089187778 0)
(68.692415 0.093865884 0)
(68.789206 0.0011675625 0)
(68.783676 0.003599643 0)
(68.774286 0.0068154808 0)
(68.762218 0.011114241 0)
(68.74873 0.016750029 0)
(68.73496 0.024021851 0)
(68.72206 0.033080473 0)
(68.711164 0.043654581 0)
(68.703109 0.05492967 0)
(68.69811 0.065786783 0)
(68.695712 0.075278873 0)
(68.695075 0.082952796 0)
(68.695389 0.088830531 0)
(68.696053 0.093196058 0)
(68.789209 0.0012285249 0)
(68.783711 0.0038111576 0)
(68.774391 0.007207839 0)
(68.762444 0.011737519 0)
(68.749163 0.01764374 0)
(68.735728 0.025195463 0)
(68.723319 0.034471299 0)
(68.71304 0.045102892 0)
(68.705626 0.056211242 0)
(68.701166 0.066703021 0)
(68.699121 0.075733139 0)
(68.69865 0.08295562 0)
(68.698999 0.088456066 0)
(68.699634 0.092532864 0)
(68.789212 0.0012922803 0)
(68.783749 0.0040331836 0)
(68.774507 0.0076189536 0)
(68.762695 0.01238752 0)
(68.749638 0.018568611 0)
(68.736561 0.026394217 0)
(68.72466 0.03586555 0)
(68.714998 0.04652051 0)
(68.708204 0.057430987 0)
(68.704244 0.06754549 0)
(68.702512 0.076123865 0)
(68.702183 0.082918785 0)
(68.702556 0.088067279 0)
(68.703159 0.091876911 0)
(68.789215 0.0013589475 0)
(68.783792 0.0042660394 0)
(68.774636 0.008049302 0)
(68.762971 0.013064259 0)
(68.750158 0.01952378 0)
(68.73746 0.027615035 0)
(68.726083 0.03725804 0)
(68.717036 0.047902359 0)
(68.710837 0.058586938 0)
(68.707338 0.068316184 0)
(68.705885 0.076455207 0)
(68.705673 0.082846238 0)
(68.706061 0.087666811 0)
(68.706632 0.091229131 0)
(68.789219 0.0014286486 0)
(68.78384 0.0045099491 0)
(68.77478 0.0084993353 0)
(68.763276 0.013767822 0)
(68.750726 0.020507859 0)
(68.738428 0.028854363 0)
(68.727588 0.038643421 0)
(68.719151 0.049243748 0)
(68.713519 0.059677752 0)
(68.710444 0.069017434 0)
(68.709235 0.076731374 0)
(68.709121 0.082741226 0)
(68.709516 0.087256955 0)
(68.710056 0.090590528 0)
(68.789224 0.0015015049 0)
(68.783895 0.0047650807 0)
(68.774939 0.0089694269 0)
(68.763612 0.014498134 0)
(68.751345 0.021519062 0)
(68.739467 0.030108273 0)
(68.729174 0.040016316 0)
(68.721337 0.050540437 0)
(68.716244 0.060702679 0)
(68.713556 0.069651871 0)
(68.712562 0.07695644 0)
(68.712527 0.082607177 0)
(68.712923 0.086839483 0)
(68.713432 0.089961304 0)
(68.78923 0.0015776248 0)
(68.783955 0.0050316358 0)
(68.775116 0.0094597655 0)
(68.763982 0.015254752 0)
(68.752019 0.022555291 0)
(68.74058 0.031372546 0)
(68.730842 0.041371414 0)
(68.723591 0.051788687 0)
(68.719006 0.061661529 0)
(68.716669 0.070222337 0)
(68.715862 0.077134251 0)
(68.715893 0.082447296 0)
(68.716285 0.086415953 0)
(68.716764 0.089341576 0)
(68.789236 0.0016571062 0)
(68.784023 0.0053098102 0)
(68.775311 0.0099703616 0)
(68.764388 0.016036908 0)
(68.752749 0.023614086 0)
(68.741768 0.032642669 0)
(68.732588 0.042703502 0)
(68.725909 0.052985274 0)
(68.721799 0.062554612 0)
(68.71978 0.070731843 0)
(68.719135 0.077268292 0)
(68.719218 0.08226466 0)
(68.719604 0.085988006 0)
(68.720053 0.088731573 0)
(68.789244 0.0017400323 0)
(68.784098 0.0055997585 0)
(68.775527 0.010501067 0)
(68.764832 0.016843495 0)
(68.753539 0.02469258 0)
(68.743031 0.033913858 0)
(68.734411 0.044007545 0)
(68.728284 0.054127505 0)
(68.724619 0.063382702 0)
(68.722886 0.071183486 0)
(68.722379 0.077362162 0)
(68.722503 0.082061753 0)
(68.722879 0.08555691 0)
(68.7233 0.088131507 0)
(68.789252 0.0018264689 0)
(68.784182 0.0059015217 0)
(68.775764 0.011051547 0)
(68.765318 0.017673108 0)
(68.754391 0.02578752 0)
(68.744371 0.035181143 0)
(68.736309 0.045278775 0)
(68.730714 0.055213244 0)
(68.72746 0.064146995 0)
(68.725982 0.07158045 0)
(68.725594 0.077419284 0)
(68.725749 0.081840907 0)
(68.726113 0.085123841 0)
(68.726508 0.08754159 0)
(68.789262 0.0019164591 0)
(68.784275 0.0062149934 0)
(68.776026 0.011621249 0)
(68.765848 0.018524059 0)
(68.755307 0.02689527 0)
(68.745787 0.036439404 0)
(68.738279 0.046512726 0)
(68.733191 0.056240885 0)
(68.730318 0.064849024 0)
(68.729065 0.071925952 0)
(68.728779 0.077442735 0)
(68.728958 0.081604432 0)
(68.729308 0.084690025 0)
(68.729677 0.086962109 0)
(68.789273 0.0020100135 0)
(68.784379 0.0065399528 0)
(68.776314 0.012209292 0)
(68.766424 0.019394332 0)
(68.75629 0.028011834 0)
(68.74728 0.037683456 0)
(68.740316 0.0477053 0)
(68.735712 0.057209347 0)
(68.733187 0.065490651 0)
(68.732134 0.072223202 0)
(68.731933 0.077435622 0)
(68.732129 0.081354476 0)
(68.732464 0.084256581 0)
(68.732809 0.086393363 0)
(68.789286 0.002107102 0)
(68.784494 0.0068760425 0)
(68.77663 0.012814482 0)
(68.76705 0.020281503 0)
(68.757341 0.029132876 0)
(68.748848 0.038908119 0)
(68.742418 0.048852805 0)
(68.73827 0.058118047 0)
(68.736064 0.066073992 0)
(68.735187 0.072475395 0)
(68.735056 0.077400922 0)
(68.735263 0.081093104 0)
(68.735583 0.083824625 0)
(68.735905 0.085835728 0)
(68.7893 0.0022076343 0)
(68.784621 0.0072227369 0)
(68.776977 0.01343542 0)
(68.767727 0.021182597 0)
(68.758462 0.030253689 0)
(68.75049 0.04010826 0)
(68.744581 0.049951992 0)
(68.740863 0.058966877 0)
(68.738944 0.066601389 0)
(68.738221 0.072685764 0)
(68.738149 0.077341403 0)
(68.738362 0.080822291 0)
(68.738666 0.083395351 0)
(68.738965 0.085289757 0)
(68.789316 0.0023114587 0)
(68.784762 0.0075793605 0)
(68.777355 0.014070358 0)
(68.768458 0.022094109 0)
(68.759654 0.031369238 0)
(68.752205 0.041278851 0)
(68.746801 0.051000051 0)
(68.743484 0.059756153 0)
(68.741826 0.067075371 0)
(68.741235 0.072857466 0)
(68.74121 0.077259898 0)
(68.741426 0.080544019 0)
(68.741714 0.082969928 0)
(68.741991 0.084756023 0)
(68.789334 0.0024183752 0)
(68.784917 0.0079449863 0)
(68.777767 0.014717102 0)
(68.769246 0.023012081 0)
(68.760917 0.032474239 0)
(68.753992 0.042415038 0)
(68.749073 0.051994631 0)
(68.746129 0.060486586 0)
(68.744705 0.067498618 0)
(68.744229 0.072993654 0)
(68.744242 0.077159114 0)
(68.744457 0.080260246 0)
(68.744728 0.082549629 0)
(68.744985 0.084235283 0)
(68.789354 0.0025281048 0)
(68.785088 0.0083183558 0)
(68.778216 0.015373024 0)
(68.770092 0.02393212 0)
(68.762252 0.033563215 0)
(68.755847 0.043512197 0)
(68.751394 0.052933847 0)
(68.748796 0.061159257 0)
(68.747579 0.067873932 0)
(68.747202 0.0730975 0)
(68.747245 0.077041611 0)
(68.747456 0.079972923 0)
(68.747709 0.082135875 0)
(68.747946 0.083728513 0)
(68.789377 0.0026402601 0)
(68.785276 0.0086979062 0)
(68.778704 0.016035015 0)
(68.770999 0.024849372 0)
(68.76366 0.034630504 0)
(68.757768 0.044565935 0)
(68.75376 0.053816229 0)
(68.75148 0.061775532 0)
(68.750448 0.068204207 0)
(68.750153 0.073172103 0)
(68.750219 0.076910072 0)
(68.750423 0.079684074 0)
(68.75066 0.081730113 0)
(68.750878 0.083236745 0)
(68.789402 0.0027543359 0)
(68.785481 0.0090817311 0)
(68.779232 0.016699429 0)
(68.771968 0.025758474 0)
(68.76514 0.035670273 0)
(68.759754 0.045572112 0)
(68.756167 0.054640716 0)
(68.754178 0.062337057 0)
(68.753309 0.06849242 0)
(68.753085 0.073220565 0)
(68.753166 0.076767163 0)
(68.753362 0.079395791 0)
(68.753582 0.081333948 0)
(68.753782 0.082761227 0)
(68.78943 0.002869691 0)
(68.785705 0.00946753 0)
(68.779802 0.017362044 0)
(68.773001 0.026653552 0)
(68.766691 0.03667656 0)
(68.761801 0.046526857 0)
(68.758613 0.055406614 0)
(68.756889 0.062845689 0)
(68.756163 0.068741601 0)
(68.755996 0.07324597 0)
(68.756089 0.076615561 0)
(68.756275 0.079110254 0)
(68.756477 0.080949141 0)
(68.75666 0.082303404 0)
(68.789461 0.0029855304 0)
(68.78595 0.0098525238 0)
(68.780417 0.018018031 0)
(68.774099 0.027528229 0)
(68.768314 0.037643289 0)
(68.763909 0.047426538 0)
(68.761096 0.056113533 0)
(68.759612 0.063303457 0)
(68.759011 0.068954812 0)
(68.758891 0.073251433 0)
(68.758989 0.076457997 0)
(68.759164 0.078829755 0)
(68.759349 0.080577621 0)
(68.759515 0.081864937 0)
(68.789495 0.0031008846 0)
(68.786216 0.010233399 0)
(68.781078 0.01866189 0)
(68.775263 0.028375604 0)
(68.770009 0.038564264 0)
(68.766074 0.048267732 0)
(68.763613 0.056761331 0)
(68.762346 0.063712506 0)
(68.761853 0.069135128 0)
(68.761771 0.073240094 0)
(68.761872 0.076297281 0)
(68.762034 0.078556728 0)
(68.762202 0.080221516 0)
(68.762351 0.08144773 0)
(68.789532 0.0032145771 0)
(68.786505 0.010606319 0)
(68.781788 0.019287348 0)
(68.776496 0.029188185 0)
(68.771775 0.03943312 0)
(68.768298 0.04904715 0)
(68.766165 0.05735003 0)
(68.765094 0.064075049 0)
(68.764692 0.069285638 0)
(68.76464 0.073215102 0)
(68.76474 0.076136309 0)
(68.764888 0.078293783 0)
(68.765039 0.079883209 0)
(68.765172 0.081054002 0)
(68.789572 0.0033251988 0)
(68.786817 0.010966863 0)
(68.782547 0.019887276 0)
(68.777797 0.029957839 0)
(68.773612 0.040243262 0)
(68.770578 0.049761536 0)
(68.768752 0.057879708 0)
(68.767856 0.064393291 0)
(68.767534 0.069409438 0)
(68.767505 0.073179662 0)
(68.7676 0.075978122 0)
(68.767734 0.078043734 0)
(68.767867 0.07956531 0)
(68.767984 0.080686204 0)
(68.789616 0.0034310863 0)
(68.787154 0.011309902 0)
(68.783358 0.020453638 0)
(68.77917 0.030675721 0)
(68.775522 0.040987779 0)
(68.772917 0.050407561 0)
(68.771377 0.05835038 0)
(68.770638 0.064669325 0)
(68.770383 0.069509516 0)
(68.770371 0.073137017 0)
(68.770459 0.075825993 0)
(68.770577 0.07780983 0)
(68.770694 0.079271037 0)
(68.770795 0.080347532 0)
(68.789665 0.0035302908 0)
(68.787516 0.011629531 0)
(68.784222 0.020977383 0)
(68.780615 0.031332115 0)
(68.777507 0.041659244 0)
(68.775318 0.050981666 0)
(68.774045 0.058761972 0)
(68.773447 0.064905185 0)
(68.773249 0.069588772 0)
(68.773247 0.073090226 0)
(68.773327 0.075682892 0)
(68.773428 0.077594934 0)
(68.773528 0.079003184 0)
(68.773614 0.080040741 0)
(68.789716 0.0036205426 0)
(68.787906 0.011919002 0)
(68.78514 0.021448372 0)
(68.782135 0.031916225 0)
(68.77957 0.042249295 0)
(68.777786 0.051479513 0)
(68.776763 0.059113921 0)
(68.776292 0.065102987 0)
(68.776141 0.069650931 0)
(68.776146 0.073043872 0)
(68.776214 0.075553799 0)
(68.776299 0.077404175 0)
(68.776381 0.07876693 0)
(68.776452 0.079771031 0)
(68.789772 0.0036991915 0)
(68.788322 0.012170554 0)
(68.786116 0.021855419 0)
(68.783733 0.032416416 0)
(68.781716 0.042748742 0)
(68.780328 0.051895372 0)
(68.779542 0.059403272 0)
(68.779186 0.065261477 0)
(68.779076 0.069695819 0)
(68.779084 0.072998667 0)
(68.779138 0.075440228 0)
(68.779205 0.077239742 0)
(68.77927 0.07856497 0)
(68.779325 0.079541456 0)
(68.789833 0.0037632284 0)
(68.788767 0.012374646 0)
(68.787151 0.022185144 0)
(68.785413 0.032820115 0)
(68.783952 0.043150011 0)
(68.782955 0.052228064 0)
(68.782396 0.05963386 0)
(68.782145 0.065387142 0)
(68.78207 0.069730712 0)
(68.782078 0.072961791 0)
(68.782119 0.075349094 0)
(68.782167 0.077108408 0)
(68.782213 0.078404076 0)
(68.782253 0.079358852 0)
(68.789897 0.0038105071 0)
(68.789241 0.012519855 0)
(68.788247 0.022416642 0)
(68.787181 0.03310089 0)
(68.786289 0.043427023 0)
(68.785683 0.052456742 0)
(68.785344 0.059792275 0)
(68.785193 0.065473742 0)
(68.785148 0.069754931 0)
(68.785153 0.072936214 0)
(68.785178 0.075285464 0)
(68.785207 0.077016352 0)
(68.785235 0.078291036 0)
(68.785259 0.079230392 0)
(68.789965 0.0038453015 0)
(68.789741 0.012615522 0)
(68.789401 0.022560355 0)
(68.789036 0.033266759 0)
(68.78873 0.043582776 0)
(68.788522 0.052578919 0)
(68.788404 0.059872274 0)
(68.788349 0.065513999 0)
(68.788331 0.069762541 0)
(68.78833 0.072918696 0)
(68.788337 0.075249105 0)
(68.788346 0.076965978 0)
(68.788355 0.078230253 0)
(68.788362 0.079161884 0)
(65.776346 0.21254588 0)
(59.441094 0.32642894 0)
(52.431158 0.31710783 0)
(46.611234 0.211008 0)
(42.994209 0.084268355 0)
(41.55656 -0.010595197 0)
(41.511017 -0.047119874 0)
(41.835621 -0.040265627 0)
(42.066284 -0.023814738 0)
(42.032303 -0.0085686229 0)
(41.802703 0.0002100704 0)
(41.478666 0.0039176214 0)
(41.11989 0.0052867803 0)
(40.744675 0.0058729306 0)
(40.358133 0.0061546355 0)
(39.966588 0.0061628043 0)
(39.582427 0.0059185981 0)
(39.210954 0.0055742728 0)
(38.851559 0.0052285408 0)
(38.504597 0.0048848617 0)
(38.170634 0.0045498162 0)
(37.849923 0.0042024899 0)
(37.545101 0.0038497415 0)
(37.254856 0.0035412902 0)
(36.976328 0.0032793178 0)
(36.707993 0.0030480287 0)
(36.449332 0.0028275297 0)
(36.200897 0.002609507 0)
(35.963031 0.0024116113 0)
(35.733703 0.0022404213 0)
(35.51188 0.0020899425 0)
(35.296695 0.0019466737 0)
(35.088984 0.0018094594 0)
(34.887964 0.0016853506 0)
(34.693086 0.0015744404 0)
(34.503353 0.0014739604 0)
(34.318835 0.001377041 0)
(34.139644 0.0012880772 0)
(33.964903 0.0012079195 0)
(33.794373 0.0011331784 0)
(33.627968 0.0010623945 0)
(33.465628 0.00099790028 0)
(33.306619 0.00093938718 0)
(33.150872 0.00088351696 0)
(32.998518 0.00083071846 0)
(32.849274 0.00078266395 0)
(32.702715 0.00073801563 0)
(32.558935 0.00069537187 0)
(32.417865 0.00065585364 0)
(32.279183 0.00061929186 0)
(32.142822 0.00058480803 0)
(32.008716 0.00055255764 0)
(31.876678 0.00052225903 0)
(31.746746 0.00049386533 0)
(31.618641 0.0004674499 0)
(31.492387 0.00044213053 0)
(31.368011 0.0004187046 0)
(31.245158 0.00039672977 0)
(31.12398 0.00037571476 0)
(31.004405 0.00035606308 0)
(30.886257 0.00033763657 0)
(30.769568 0.00032014182 0)
(30.654249 0.00030363431 0)
(30.540292 0.00028812433 0)
(30.427562 0.00027332132 0)
(30.3162 0.00025940072 0)
(30.205955 0.00024631604 0)
(30.09691 0.00023384712 0)
(29.989006 0.00022211726 0)
(29.882163 0.00021101951 0)
(29.776384 0.00020047928 0)
(29.671648 0.00019048961 0)
(29.567906 0.00018104965 0)
(29.465142 0.00017208151 0)
(29.363333 0.00016357982 0)
(29.262453 0.00015556244 0)
(29.16243 0.00014791861 0)
(29.063335 0.00014064584 0)
(28.965088 0.00013383819 0)
(28.867592 0.00012728067 0)
(28.771049 0.00012103647 0)
(28.675243 0.0001152852 0)
(28.580074 0.00010963164 0)
(28.485933 0.00010420643 0)
(28.392473 9.9341852e-05 0)
(28.299508 9.4572557e-05 0)
(28.207479 8.9677836e-05 0)
(28.116607 8.5388285e-05 0)
(28.025911 8.1478955e-05 0)
(27.936032 7.7136703e-05 0)
(27.847681 7.2245996e-05 0)
(27.761966 6.8148995e-05 0)
(27.676704 6.4317104e-05 0)
(27.592774 5.5104833e-05 0)
(27.52913 5.2775548e-05 0)
(27.434361 3.4062859e-05 0)
(69.535808 0.20868987 0)
(70.972491 0.32587553 0)
(70.976682 0.35672163 0)
(69.507332 0.30660886 0)
(67.110467 0.21397236 0)
(64.359393 0.12088242 0)
(61.665458 0.060914786 0)
(59.359458 0.035012039 0)
(57.53087 0.024977225 0)
(56.10243 0.023994914 0)
(54.991281 0.024451055 0)
(54.072475 0.024404326 0)
(53.259882 0.023903825 0)
(52.508996 0.023095712 0)
(51.81086 0.021894848 0)
(51.161901 0.020405447 0)
(50.558469 0.018812522 0)
(49.990377 0.017331964 0)
(49.452261 0.015972148 0)
(48.942169 0.014685545 0)
(48.459284 0.013474614 0)
(48.002084 0.012308449 0)
(47.570819 0.011206224 0)
(47.162093 0.01025419 0)
(46.772732 0.0094283325 0)
(46.401062 0.0086919798 0)
(46.045929 0.0080060185 0)
(45.706984 0.0073542486 0)
(45.383559 0.0067681815 0)
(45.073439 0.0062557911 0)
(44.775376 0.0058016158 0)
(44.488219 0.0053780341 0)
(44.21211 0.0049810852 0)
(43.946001 0.0046226133 0)
(43.689076 0.004301566 0)
(43.44024 0.0040107559 0)
(43.199249 0.0037358992 0)
(42.965881 0.0034845109 0)
(42.739221 0.0032573675 0)
(42.51884 0.0030471525 0)
(42.304451 0.0028503631 0)
(42.095824 0.0026708672 0)
(41.892209 0.0025076711 0)
(41.69337 0.0023537784 0)
(41.49926 0.0022094849 0)
(41.309546 0.0020777088 0)
(41.123769 0.0019555662 0)
(40.941882 0.0018400278 0)
(40.763743 0.001732999 0)
(40.589002 0.0016340058 0)
(40.41751 0.0015411059 0)
(40.249137 0.0014544322 0)
(40.083656 0.0013732271 0)
(39.921035 0.0012973123 0)
(39.760984 0.0012266787 0)
(39.603454 0.0011594563 0)
(39.448434 0.0010971064 0)
(39.295571 0.0010387532 0)
(39.144939 0.00098320616 0)
(38.996452 0.00093126553 0)
(38.84992 0.00088257321 0)
(38.70533 0.00083649922 0)
(38.562579 0.00079306731 0)
(38.42163 0.00075226765 0)
(38.282337 0.00071346045 0)
(38.14481 0.0006769323 0)
(38.008798 0.00064263052 0)
(37.874354 0.00061000615 0)
(37.741404 0.00057931474 0)
(37.609858 0.00055031001 0)
(37.479699 0.00052278858 0)
(37.350894 0.000496728 0)
(37.223388 0.00047209549 0)
(37.097149 0.00044872541 0)
(36.972144 0.00042657544 0)
(36.848341 0.00040568383 0)
(36.725651 0.00038579606 0)
(36.60414 0.00036687071 0)
(36.483727 0.00034914512 0)
(36.364289 0.00033210845 0)
(36.246036 0.00031587517 0)
(36.128751 0.00030089671 0)
(36.012294 0.00028623017 0)
(35.897088 0.00027214296 0)
(35.782784 0.00025946086 0)
(35.669136 0.00024708181 0)
(35.556621 0.00023441449 0)
(35.445527 0.00022322842 0)
(35.334764 0.00021303987 0)
(35.224972 0.00020180069 0)
(35.117045 0.00018917772 0)
(35.012228 0.00017828719 0)
(34.908341 0.00016888168 0)
(34.80554 0.00014329474 0)
(34.727937 0.00014159027 0)
(34.612154 8.7526801e-05 0)
(68.454505 0.16529344 0)
(68.837804 0.26986611 0)
(69.526473 0.31837705 0)
(70.114531 0.30089556 0)
(70.247658 0.24049529 0)
(69.805073 0.17760507 0)
(68.72684 0.13825159 0)
(67.133495 0.11899649 0)
(65.226837 0.10573722 0)
(63.312583 0.092193063 0)
(61.600317 0.076926344 0)
(60.178903 0.063457697 0)
(59.008186 0.054577696 0)
(57.991659 0.049012439 0)
(57.096326 0.04449704 0)
(56.296129 0.040423338 0)
(55.568848 0.036751207 0)
(54.890879 0.033550431 0)
(54.256729 0.030639506 0)
(53.662624 0.027930528 0)
(53.106029 0.025435108 0)
(52.582878 0.023110147 0)
(52.091712 0.020991036 0)
(51.626084 0.019181333 0)
(51.183169 0.017586916 0)
(50.761799 0.016152271 0)
(50.360703 0.014826592 0)
(49.979057 0.013590507 0)
(49.615205 0.012488823 0)
(49.266565 0.011521781 0)
(48.932063 0.010658504 0)
(48.610634 0.0098578377 0)
(48.302205 0.0091147626 0)
(48.005283 0.0084461845 0)
(47.71888 0.0078467353 0)
(47.441956 0.007302505 0)
(47.174289 0.0067920501 0)
(46.915385 0.0063265803 0)
(46.664217 0.0059056392 0)
(46.420344 0.0055168601 0)
(46.183434 0.0051546676 0)
(45.953114 0.0048244232 0)
(45.72859 0.0045237802 0)
(45.509627 0.004241573 0)
(45.296086 0.003978049 0)
(45.087554 0.0037371269 0)
(44.883573 0.0035139149 0)
(44.684066 0.0033036763 0)
(44.488817 0.0031090762 0)
(44.297454 0.0029290764 0)
(44.109815 0.002760511 0)
(43.925726 0.0026034516 0)
(43.744939 0.0024564986 0)
(43.567391 0.0023192839 0)
(43.392774 0.0021916088 0)
(43.221026 0.0020705054 0)
(43.052097 0.0019580963 0)
(42.885633 0.0018529774 0)
(42.721688 0.0017531499 0)
(42.56015 0.001659832 0)
(42.400828 0.0015723591 0)
(42.243689 0.0014897283 0)
(42.088619 0.001411886 0)
(41.935568 0.0013387786 0)
(41.784384 0.001269356 0)
(41.63516 0.0012040051 0)
(41.487644 0.0011426618 0)
(41.341876 0.001084382 0)
(41.197773 0.0010295668 0)
(41.05524 0.00097779182 0)
(40.914252 0.00092870018 0)
(40.774765 0.00088223955 0)
(40.636726 0.00083832527 0)
(40.50009 0.00079669741 0)
(40.364823 0.00075725069 0)
(40.230888 0.00072004733 0)
(40.098188 0.00068466575 0)
(39.966786 0.00065099717 0)
(39.836599 0.00061945673 0)
(39.707495 0.00058918536 0)
(39.579683 0.00056033266 0)
(39.452947 0.00053368751 0)
(39.327132 0.00050766181 0)
(39.202666 0.00048265144 0)
(39.079208 0.00046008634 0)
(38.956484 0.00043812724 0)
(38.83498 0.00041569449 0)
(38.715016 0.00039579519 0)
(38.595461 0.00037768683 0)
(38.476947 0.00035781112 0)
(38.360444 0.00033552036 0)
(38.247254 0.00031602064 0)
(38.135226 0.00029971355 0)
(38.024214 0.00025352181 0)
(37.940355 0.00025332207 0)
(37.81555 0.00015393091 0)
(68.428155 0.16095048 0)
(68.49304 0.26304722 0)
(68.651347 0.30785367 0)
(68.874859 0.2902495 0)
(69.09526 0.23860295 0)
(69.24209 0.19245404 0)
(69.274862 0.17233802 0)
(69.133739 0.16979068 0)
(68.689604 0.16858446 0)
(67.847534 0.15989146 0)
(66.586933 0.1430232 0)
(65.077484 0.12262595 0)
(63.599834 0.10337369 0)
(62.297711 0.087813867 0)
(61.183688 0.076387698 0)
(60.192384 0.067581405 0)
(59.308096 0.060202197 0)
(58.508816 0.054221845 0)
(57.777575 0.049118123 0)
(57.102103 0.04452692 0)
(56.475256 0.040388227 0)
(55.889802 0.036598332 0)
(55.342454 0.033229969 0)
(54.822702 0.030346596 0)
(54.330025 0.027761182 0)
(53.863338 0.025419839 0)
(53.420808 0.023271513 0)
(53.000859 0.021300844 0)
(52.600676 0.019560894 0)
(52.217491 0.018026102 0)
(51.850558 0.016644579 0)
(51.498862 0.015365888 0)
(51.16212 0.01418958 0)
(50.838213 0.013137133 0)
(50.526036 0.012191376 0)
(50.224719 0.01132942 0)
(49.934072 0.010525152 0)
(49.653263 0.0097945318 0)
(49.38114 0.0091335281 0)
(49.117272 0.0085232238 0)
(48.861336 0.0079564572 0)
(48.61277 0.0074403461 0)
(48.370725 0.0069699209 0)
(48.135004 0.0065294167 0)
(47.905378 0.0061194565 0)
(47.681337 0.0057445425 0)
(47.462424 0.0053971206 0)
(47.248556 0.0050708644 0)
(47.039422 0.0047692232 0)
(46.83463 0.0044901516 0)
(46.634017 0.0042291593 0)
(46.437358 0.0039862639 0)
(46.244385 0.0037592255 0)
(46.055008 0.0035474236 0)
(45.8689 0.0033503465 0)
(45.685987 0.0031638545 0)
(45.506179 0.0029907222 0)
(45.329119 0.0028288721 0)
(45.154851 0.0026754478 0)
(44.98323 0.0025320883 0)
(44.814062 0.0023977217 0)
(44.6473 0.0022709428 0)
(44.482817 0.0021515849 0)
(44.320549 0.0020395117 0)
(44.16034 0.0019332132 0)
(44.002266 0.0018331699 0)
(43.846069 0.0017392811 0)
(43.691786 0.0016501605 0)
(43.539317 0.0015663602 0)
(43.388566 0.0014872374 0)
(43.239499 0.0014122631 0)
(43.092063 0.0013413384 0)
(42.946204 0.0012743078 0)
(42.801869 0.0012108095 0)
(42.659017 0.0011506523 0)
(42.51761 0.001093922 0)
(42.377543 0.0010400091 0)
(42.238874 0.00098871438 0)
(42.101522 0.00094065472 0)
(41.965343 0.00089457965 0)
(41.830546 0.00085066191 0)
(41.696917 0.00081007507 0)
(41.564288 0.00077050711 0)
(41.433087 0.00073247811 0)
(41.302981 0.00069810797 0)
(41.173678 0.00066473304 0)
(41.045663 0.00063069384 0)
(40.919276 0.00060039963 0)
(40.793374 0.00057283997 0)
(40.668567 0.00054270601 0)
(40.545877 0.0005089704 0)
(40.426634 0.00047917201 0)
(40.308765 0.00045469678 0)
(40.19184 0.00038402446 0)
(40.10341 0.00038595816 0)
(39.972148 0.00023223162 0)
(68.435963 0.16008561 0)
(68.486582 0.25974316 0)
(68.587113 0.30188426 0)
(68.691274 0.28356544 0)
(68.766193 0.2325954 0)
(68.80726 0.18638007 0)
(68.833467 0.16552489 0)
(68.863981 0.16561032 0)
(68.888661 0.17366062 0)
(68.854406 0.17999223 0)
(68.66023 0.18011678 0)
(68.17237 0.17213011 0)
(67.299689 0.157546 0)
(66.146897 0.13955629 0)
(64.907668 0.12075208 0)
(63.729055 0.10383855 0)
(62.676087 0.090698315 0)
(61.720501 0.080669829 0)
(60.854077 0.072185621 0)
(60.067225 0.064823833 0)
(59.343465 0.058455362 0)
(58.673163 0.052739477 0)
(58.050796 0.047698784 0)
(57.468668 0.043415719 0)
(56.921864 0.039631214 0)
(56.406603 0.036217943 0)
(55.919842 0.03310488 0)
(55.459114 0.030283542 0)
(55.020113 0.027802773 0)
(54.600282 0.025593078 0)
(54.199493 0.023588402 0)
(53.816505 0.021737233 0)
(53.450663 0.020051605 0)
(53.098954 0.018552979 0)
(52.760372 0.017199507 0)
(52.434364 0.015960342 0)
(52.12063 0.01481032 0)
(51.817873 0.01377075 0)
(51.524848 0.012829766 0)
(51.241163 0.011960182 0)
(50.966531 0.011154811 0)
(50.7001 0.010423133 0)
(50.440987 0.0097553844 0)
(50.18906 0.0091310537 0)
(49.943969 0.0085518752 0)
(49.705088 0.0080223116 0)
(49.471973 0.0075313731 0)
(49.24454 0.0070715111 0)
(49.022347 0.0066469787 0)
(48.804992 0.0062540835 0)
(48.59232 0.0058870482 0)
(48.384036 0.0055458962 0)
(48.17985 0.0052272875 0)
(47.979648 0.0049303073 0)
(47.783077 0.0046540166 0)
(47.590052 0.0043930694 0)
(47.400435 0.004150864 0)
(47.21387 0.0039244821 0)
(47.030389 0.0037102273 0)
(46.849806 0.0035101423 0)
(46.671928 0.003322633 0)
(46.496692 0.0031458912 0)
(46.323952 0.0029796032 0)
(46.153634 0.0028235047 0)
(45.985576 0.0026755987 0)
(45.819834 0.0025364482 0)
(45.656144 0.0024058798 0)
(45.494537 0.0022820422 0)
(45.334899 0.002165636 0)
(45.177128 0.0020557621 0)
(45.021184 0.0019517138 0)
(44.867003 0.0018533265 0)
(44.714529 0.0017603561 0)
(44.563701 0.0016723377 0)
(44.414469 0.0015889717 0)
(44.266796 0.0015103649 0)
(44.120566 0.0014357096 0)
(43.975834 0.001364694 0)
(43.832518 0.0012981502 0)
(43.690467 0.0012344157 0)
(43.549881 0.0011736674 0)
(43.410554 0.0011174913 0)
(43.272307 0.0010628158 0)
(43.135558 0.0010102659 0)
(42.999991 0.00096270062 0)
(42.865296 0.00091659825 0)
(42.731949 0.00086964881 0)
(42.600309 0.00082774678 0)
(42.469234 0.0007896346 0)
(42.339303 0.0007481037 0)
(42.211573 0.00070168392 0)
(42.087393 0.00066035784 0)
(41.964801 0.00062681493 0)
(41.843075 0.00052901322 0)
(41.750868 0.00053350676 0)
(41.614391 0.0003189785 0)
(68.443348 0.15853602 0)
(68.491185 0.2553182 0)
(68.586217 0.2968155 0)
(68.67758 0.27983927 0)
(68.730673 0.23086098 0)
(68.743336 0.18569138 0)
(68.736207 0.16444812 0)
(68.733546 0.16370354 0)
(68.746214 0.17098395 0)
(68.770266 0.17776263 0)
(68.79213 0.18154673 0)
(68.782427 0.18240171 0)
(68.672112 0.18035977 0)
(68.364443 0.17393293 0)
(67.756456 0.16256734 0)
(66.878759 0.1476905 0)
(65.841625 0.1307153 0)
(64.792349 0.11463054 0)
(63.806658 0.10106778 0)
(62.894922 0.090006537 0)
(62.044477 0.080595912 0)
(61.262962 0.072243448 0)
(60.540337 0.065100975 0)
(59.871786 0.059022911 0)
(59.251012 0.053642995 0)
(58.670778 0.048865176 0)
(58.125636 0.04455944 0)
(57.612095 0.040679563 0)
(57.126435 0.037273018 0)
(56.665946 0.034251178 0)
(56.228326 0.031522016 0)
(55.811458 0.029011427 0)
(55.41411 0.026746929 0)
(55.03218 0.024734916 0)
(54.665296 0.022903555 0)
(54.313091 0.021220525 0)
(53.974994 0.01966907 0)
(53.649082 0.018274767 0)
(53.334117 0.01701045 0)
(53.029785 0.015839518 0)
(52.735836 0.014758739 0)
(52.450961 0.013780295 0)
(52.174333 0.012885527 0)
(51.905888 0.012049903 0)
(51.64511 0.011277386 0)
(51.391238 0.010571372 0)
(51.143865 0.0099164589 0)
(50.902895 0.0093045707 0)
(50.667712 0.0087406929 0)
(50.43793 0.008218565 0)
(50.213402 0.0077313669 0)
(49.993731 0.0072791831 0)
(49.778618 0.0068571916 0)
(49.567924 0.0064641845 0)
(49.361256 0.0060986697 0)
(49.158521 0.0057540584 0)
(48.95953 0.0054343402 0)
(48.76392 0.0051355422 0)
(48.571716 0.0048531925 0)
(48.382682 0.0045897005 0)
(48.196627 0.0043428095 0)
(48.01347 0.004110326 0)
(47.833045 0.0038917463 0)
(47.655265 0.0036866256 0)
(47.479961 0.0034924573 0)
(47.307166 0.0033098751 0)
(47.13661 0.0031385836 0)
(46.968319 0.0029762522 0)
(46.802158 0.0028237234 0)
(46.638024 0.0026797974 0)
(46.475869 0.0025435921 0)
(46.315614 0.0024148529 0)
(46.157203 0.0022932277 0)
(46.000564 0.0021781497 0)
(45.845641 0.0020691851 0)
(45.692393 0.0019664585 0)
(45.540698 0.0018689563 0)
(45.390601 0.0017762296 0)
(45.242024 0.0016893364 0)
(45.094804 0.0016061883 0)
(44.949135 0.0015269425 0)
(44.804817 0.0014536194 0)
(44.661662 0.0013823666 0)
(44.520074 0.0013138866 0)
(44.379753 0.0012518154 0)
(44.240379 0.0011917589 0)
(44.102409 0.0011306891 0)
(43.96622 0.0010760398 0)
(43.830681 0.0010263418 0)
(43.696333 0.0009723656 0)
(43.56426 0.00091212948 0)
(43.435822 0.00085812225 0)
(43.309182 0.00081466147 0)
(43.183336 0.00068739039 0)
(43.087819 0.00069475138 0)
(42.94687 0.00041350629 0)
(68.450451 0.1568697 0)
(68.495856 0.25042508 0)
(68.587288 0.29121464 0)
(68.675207 0.27601398 0)
(68.725267 0.22952461 0)
(68.734093 0.18591043 0)
(68.721646 0.165018 0)
(68.711061 0.1639642 0)
(68.712291 0.17062829 0)
(68.723591 0.1767246 0)
(68.739694 0.17986595 0)
(68.757108 0.18072128 0)
(68.770129 0.18051306 0)
(68.763822 0.17946504 0)
(68.695698 0.1771109 0)
(68.495346 0.1717504 0)
(68.063391 0.16268764 0)
(67.388188 0.15082196 0)
(66.529884 0.13641325 0)
(65.602601 0.12154553 0)
(64.68648 0.10795765 0)
(63.826786 0.096507582 0)
(63.000668 0.086765598 0)
(62.225456 0.078153403 0)
(61.50815 0.07060797 0)
(60.83967 0.06404735 0)
(60.215229 0.058179903 0)
(59.631162 0.052964837 0)
(59.083258 0.048407585 0)
(58.56887 0.044362578 0)
(58.083287 0.040729813 0)
(57.623014 0.037418526 0)
(57.185726 0.03443756 0)
(56.76888 0.031793639 0)
(56.370847 0.029398911 0)
(55.990013 0.027202549 0)
(55.625325 0.025192869 0)
(55.274089 0.023391328 0)
(54.935316 0.021749806 0)
(54.608824 0.020226485 0)
(54.294218 0.018827845 0)
(53.989612 0.017566449 0)
(53.694393 0.016408825 0)
(53.408531 0.015329127 0)
(53.131262 0.014335063 0)
(52.861697 0.013427043 0)
(52.599494 0.012583976 0)
(52.344516 0.011798629 0)
(52.095919 0.011076354 0)
(51.853385 0.010406999 0)
(51.616757 0.0097833329 0)
(51.385501 0.0092054546 0)
(51.159322 0.0086664847 0)
(50.938057 0.0081650179 0)
(50.721257 0.007698858 0)
(50.508825 0.0072600944 0)
(50.300509 0.0068532841 0)
(50.095941 0.0064731321 0)
(49.895139 0.0061144846 0)
(49.697804 0.0057800637 0)
(49.503755 0.0054667749 0)
(49.312884 0.0051720764 0)
(49.125005 0.0048952096 0)
(48.940017 0.004635492 0)
(48.757738 0.0043898833 0)
(48.578183 0.0041590708 0)
(48.401069 0.003942579 0)
(48.226416 0.0037375815 0)
(48.054068 0.0035450537 0)
(47.883921 0.0033634421 0)
(47.715916 0.0031916949 0)
(47.549958 0.0030294377 0)
(47.385992 0.0028761881 0)
(47.223933 0.0027312789 0)
(47.063715 0.0025941117 0)
(46.905298 0.002464825 0)
(46.748548 0.0023421905 0)
(46.593504 0.0022255954 0)
(46.440087 0.0021163329 0)
(46.288127 0.0020118757 0)
(46.137806 0.0019123343 0)
(45.988933 0.0018201833 0)
(45.841308 0.0017307725 0)
(45.695321 0.0016448497 0)
(45.550691 0.0015668622 0)
(45.407086 0.0014915371 0)
(45.26494 0.001415056 0)
(45.124649 0.0013464381 0)
(44.985099 0.0012840471 0)
(44.846787 0.0012165145 0)
(44.710815 0.0011412669 0)
(44.578554 0.0010733505 0)
(44.448299 0.001019055 0)
(44.318775 0.00085991391 0)
(44.220234 0.00087041955 0)
(44.075279 0.00051626637 0)
(68.457626 0.15519774 0)
(68.500597 0.24561731 0)
(68.588273 0.28562503 0)
(68.673407 0.27198264 0)
(68.722491 0.22796862 0)
(68.731245 0.18603295 0)
(68.718508 0.16554888 0)
(68.706587 0.16418524 0)
(68.705276 0.17043567 0)
(68.712763 0.17628207 0)
(68.723818 0.17929844 0)
(68.735661 0.18003331 0)
(68.74738 0.17956032 0)
(68.758784 0.17851409 0)
(68.766924 0.17704317 0)
(68.762437 0.17504014 0)
(68.718472 0.1724258 0)
(68.581862 0.16807199 0)
(68.275996 0.16094773 0)
(67.75193 0.15118937 0)
(67.040154 0.13903824 0)
(66.223162 0.12544995 0)
(65.380769 0.11249793 0)
(64.56038 0.10117977 0)
(63.770967 0.091393207 0)
(63.012828 0.082682099 0)
(62.302362 0.074798973 0)
(61.63598 0.067890437 0)
(61.009323 0.06179586 0)
(60.423181 0.05638931 0)
(59.873059 0.051596733 0)
(59.354848 0.047274098 0)
(58.865205 0.043407786 0)
(58.402812 0.039985866 0)
(57.964726 0.036892505 0)
(57.547682 0.034073232 0)
(57.149716 0.031504995 0)
(56.768813 0.029205916 0)
(56.403641 0.027118792 0)
(56.052874 0.025189703 0)
(55.715611 0.023429753 0)
(55.389345 0.021842788 0)
(55.073929 0.020378782 0)
(54.769272 0.019016584 0)
(54.474239 0.017768843 0)
(54.187823 0.016628904 0)
(53.909813 0.015568943 0)
(53.639967 0.014585419 0)
(53.377147 0.013682766 0)
(53.121194 0.012845094 0)
(52.87189 0.01206619 0)
(52.628522 0.01134585 0)
(52.390836 0.010674247 0)
(52.158631 0.010050103 0)
(51.931378 0.0094703079 0)
(51.708987 0.0089254788 0)
(51.491133 0.0084207266 0)
(51.27744 0.0079491154 0)
(51.067915 0.007504938 0)
(50.86219 0.0070911415 0)
(50.660095 0.0067035849 0)
(50.461489 0.0063394422 0)
(50.266162 0.0059976006 0)
(50.074004 0.005677084 0)
(49.88481 0.0053742914 0)
(49.698578 0.0050899368 0)
(49.515007 0.0048233016 0)
(49.334115 0.0045710413 0)
(49.15572 0.0043342533 0)
(48.979714 0.0041109676 0)
(48.806029 0.0038999728 0)
(48.634552 0.0037007368 0)
(48.465226 0.0035126237 0)
(48.297953 0.0033348663 0)
(48.132659 0.0031666668 0)
(47.969299 0.0030081723 0)
(47.807729 0.0028579305 0)
(47.647982 0.002715134 0)
(47.489976 0.0025813215 0)
(47.333532 0.0024535122 0)
(47.178823 0.0023317398 0)
(47.025662 0.0022189533 0)
(46.873843 0.0021096883 0)
(46.723736 0.0020047018 0)
(46.575078 0.0019092863 0)
(46.427529 0.0018172872 0)
(46.281498 0.0017240195 0)
(46.137397 0.0016401278 0)
(45.99413 0.0015638617 0)
(45.852152 0.0014815969 0)
(45.712574 0.0013900771 0)
(45.576781 0.0013069494 0)
(45.443196 0.001240836 0)
(45.310289 0.00104735 0)
(45.208904 0.0010612778 0)
(45.060238 0.00062770182 0)
(68.464893 0.15353461 0)
(68.505493 0.2407907 0)
(68.589355 0.28002983 0)
(68.671562 0.26786532 0)
(68.719809 0.22629383 0)
(68.729257 0.18611555 0)
(68.717391 0.16609518 0)
(68.705551 0.16443689 0)
(68.703516 0.17028136 0)
(68.709714 0.17589205 0)
(68.719204 0.17884877 0)
(68.729029 0.17960165 0)
(68.73839 0.17913886 0)
(68.747494 0.17805295 0)
(68.75636 0.17644602 0)
(68.764422 0.17444857 0)
(68.769668 0.17226842 0)
(68.765824 0.16999301 0)
(68.736161 0.16743358 0)
(68.641407 0.16385056 0)
(68.422553 0.15799005 0)
(68.006959 0.14959566 0)
(67.412057 0.13946271 0)
(66.691526 0.12757935 0)
(65.919802 0.11548598 0)
(65.144396 0.10434911 0)
(64.396814 0.094619723 0)
(63.661744 0.085957447 0)
(62.95882 0.07802515 0)
(62.296468 0.070955589 0)
(61.671508 0.064707149 0)
(61.083823 0.059087406 0)
(60.53076 0.054085039 0)
(60.009497 0.049641782 0)
(59.51847 0.045652028 0)
(59.053815 0.042056581 0)
(58.612697 0.038804499 0)
(58.193717 0.035899013 0)
(57.795052 0.033267662 0)
(57.413959 0.030850809 0)
(57.048651 0.028650678 0)
(56.697753 0.026670598 0)
(56.360055 0.02485057 0)
(56.034757 0.023166396 0)
(55.720219 0.021629764 0)
(55.415364 0.020222009 0)
(55.120207 0.018911322 0)
(54.834268 0.017701505 0)
(54.556091 0.016593124 0)
(54.285746 0.015562251 0)
(54.022902 0.014606518 0)
(53.766614 0.013724521 0)
(53.516727 0.012902095 0)
(53.27297 0.012138968 0)
(53.034715 0.011430736 0)
(52.801884 0.010766256 0)
(52.57407 0.010151227 0)
(52.350886 0.0095767068 0)
(52.132325 0.0090365933 0)
(51.917933 0.0085339092 0)
(51.707565 0.008063237 0)
(51.501033 0.007621566 0)
(51.298099 0.0072072731 0)
(51.098648 0.0068190463 0)
(50.902442 0.0064526897 0)
(50.709466 0.0061089028 0)
(50.519396 0.0057866594 0)
(50.332244 0.0054820659 0)
(50.147799 0.0051963268 0)
(49.965956 0.0049269838 0)
(49.786626 0.00467268 0)
(49.609683 0.0044326785 0)
(49.435065 0.0042061658 0)
(49.26266 0.0039922735 0)
(49.092383 0.003789964 0)
(48.924186 0.003599388 0)
(48.757913 0.0034188564 0)
(48.593589 0.0032473349 0)
(48.431129 0.0030866166 0)
(48.270345 0.0029332522 0)
(48.111398 0.0027871653 0)
(47.954109 0.0026517985 0)
(47.798259 0.0025208588 0)
(47.644203 0.0023950724 0)
(47.491694 0.0022806075 0)
(47.340382 0.002170432 0)
(47.190651 0.0020589126 0)
(47.042927 0.001958353 0)
(46.896138 0.0018669496 0)
(46.75069 0.0017687088 0)
(46.607701 0.0016595873 0)
(46.468568 0.0015598681 0)
(46.331842 0.001480887 0)
(46.195753 0.0012505063 0)
(46.091636 0.0012681558 0)
(45.939442 0.00074829379 0)
(68.472251 0.15187389 0)
(68.510511 0.23588687 0)
(68.590485 0.27436403 0)
(68.66974 0.26367498 0)
(68.717068 0.22454578 0)
(68.727298 0.18615662 0)
(68.716644 0.16664352 0)
(68.705395 0.16472025 0)
(68.703206 0.17015895 0)
(68.708804 0.17551431 0)
(68.717571 0.17839012 0)
(68.726576 0.17915505 0)
(68.735035 0.1787377 0)
(68.743075 0.177693 0)
(68.75086 0.17612329 0)
(68.758201 0.17413005 0)
(68.76488 0.17188962 0)
(68.770513 0.16960565 0)
(68.773932 0.16731162 0)
(68.770755 0.16495432 0)
(68.750035 0.16238374 0)
(68.681852 0.15926575 0)
(68.517714 0.15457426 0)
(68.193723 0.14759193 0)
(67.688962 0.13877021 0)
(67.047961 0.1282893 0)
(66.340098 0.11696865 0)
(65.612056 0.10630392 0)
(64.894626 0.09680285 0)
(64.187919 0.088264694 0)
(63.499812 0.080426516 0)
(62.845895 0.073263027 0)
(62.225055 0.066898219 0)
(61.63727 0.061187281 0)
(61.084112 0.056079533 0)
(60.561769 0.051511749 0)
(60.068141 0.047393775 0)
(59.60102 0.04371039 0)
(59.1587 0.040390371 0)
(58.738325 0.037372273 0)
(58.3372 0.034638944 0)
(57.955131 0.032182482 0)
(57.589637 0.029932338 0)
(57.238896 0.027861471 0)
(56.901336 0.025976395 0)
(56.576037 0.024254022 0)
(56.26203 0.02265712 0)
(55.958397 0.021191178 0)
(55.663394 0.019846753 0)
(55.377395 0.0185934 0)
(55.099858 0.017436301 0)
(54.82958 0.016370475 0)
(54.566568 0.015375897 0)
(54.310421 0.014455038 0)
(54.060398 0.013601372 0)
(53.816453 0.012801551 0)
(53.578069 0.012062115 0)
(53.344854 0.011371611 0)
(53.116776 0.010723741 0)
(52.893283 0.010121363 0)
(52.674268 0.0095575544 0)
(52.459473 0.0090292531 0)
(52.248639 0.0085340846 0)
(52.041643 0.0080703921 0)
(51.838203 0.0076333345 0)
(51.638297 0.0072235354 0)
(51.441566 0.0068396007 0)
(51.248023 0.0064770418 0)
(51.05742 0.0061371509 0)
(50.869653 0.0058169006 0)
(50.684613 0.005514807 0)
(50.502158 0.0052298682 0)
(50.32222 0.00496107 0)
(50.144669 0.0047074383 0)
(49.969414 0.0044676494 0)
(49.796395 0.0042418523 0)
(49.625447 0.0040281048 0)
(49.456586 0.0038251106 0)
(49.289723 0.0036349259 0)
(49.12466 0.0034536156 0)
(48.961546 0.003280957 0)
(48.800207 0.0031209053 0)
(48.640413 0.0029663246 0)
(48.482501 0.002817866 0)
(48.326239 0.0026826035 0)
(48.171272 0.0025526355 0)
(48.017952 0.0024212939 0)
(47.866722 0.0023025686 0)
(47.716531 0.002194673 0)
(47.56774 0.0020791323 0)
(47.421463 0.0019509974 0)
(47.279117 0.0018332169 0)
(47.139373 0.0017402431 0)
(47.000234 0.0014703182 0)
(46.89345 0.001492024 0)
(46.737831 0.00087859558 0)
(68.479651 0.15021945 0)
(68.515647 0.23091275 0)
(68.591755 0.26862567 0)
(68.667963 0.25940329 0)
(68.714283 0.22271647 0)
(68.725269 0.18613718 0)
(68.715907 0.1671626 0)
(68.705455 0.16499888 0)
(68.703376 0.17004278 0)
(68.70868 0.17514086 0)
(68.717029 0.17792849 0)
(68.725586 0.17870244 0)
(68.733582 0.17832335 0)
(68.741132 0.17731776 0)
(68.748381 0.17579327 0)
(68.755195 0.17384641 0)
(68.761466 0.17165034 0)
(68.767143 0.16938679 0)
(68.772228 0.16707015 0)
(68.776363 0.16468996 0)
(68.778647 0.16232478 0)
(68.775958 0.15996074 0)
(68.759916 0.1575273 0)
(68.710017 0.15478499 0)
(68.583904 0.15100315 0)
(68.327728 0.14511238 0)
(67.891027 0.13713641 0)
(67.316809 0.12788335 0)
(66.663828 0.11755206 0)
(65.979551 0.10740555 0)
(65.292394 0.098117557 0)
(64.616461 0.089744883 0)
(63.946436 0.08205162 0)
(63.302336 0.074926575 0)
(62.687828 0.06853512 0)
(62.102985 0.062778309 0)
(61.550124 0.05758771 0)
(61.026968 0.05294706 0)
(60.532612 0.048772654 0)
(60.064764 0.045009218 0)
(59.62038 0.041608697 0)
(59.198706 0.038546008 0)
(58.797441 0.035763754 0)
(58.414303 0.03322359 0)
(58.047801 0.030919277 0)
(57.697085 0.028819485 0)
(57.359945 0.026881024 0)
(57.035154 0.025107197 0)
(56.721479 0.02348514 0)
(56.418283 0.021978604 0)
(56.124587 0.020594062 0)
(55.838977 0.019318006 0)
(55.561683 0.018126369 0)
(55.292071 0.017026424 0)
(55.029301 0.016007588 0)
(54.773383 0.015054174 0)
(54.523634 0.014174127 0)
(54.279681 0.013352558 0)
(54.041449 0.012583366 0)
(53.808272 0.011868924 0)
(53.580099 0.011200539 0)
(53.356575 0.010575286 0)
(53.137423 0.009989671 0)
(52.922515 0.0094417507 0)
(52.711507 0.0089259532 0)
(52.504379 0.008442737 0)
(52.300728 0.0079902935 0)
(52.100564 0.0075634698 0)
(51.903601 0.0071636208 0)
(51.709738 0.00678706 0)
(51.518838 0.0064322001 0)
(51.330742 0.0060976961 0)
(51.145378 0.0057823146 0)
(50.962593 0.005484964 0)
(50.782286 0.0052039823 0)
(50.604391 0.0049395121 0)
(50.428727 0.0046893359 0)
(50.255302 0.0044518583 0)
(50.08402 0.0042294064 0)
(49.914675 0.0040175391 0)
(49.747401 0.0038158483 0)
(49.582028 0.0036288202 0)
(49.418316 0.0034484613 0)
(49.256583 0.0032752997 0)
(49.096611 0.0031173435 0)
(48.938038 0.0029658338 0)
(48.781184 0.0028129754 0)
(48.626509 0.0026744666 0)
(48.472984 0.0025486162 0)
(48.320923 0.0024143572 0)
(48.171431 0.0022657008 0)
(48.025949 0.0021282863 0)
(47.88326 0.0020201097 0)
(47.741153 0.0017078713 0)
(47.631733 0.001734018 0)
(47.472733 0.0010192634 0)
(68.487094 0.14858138 0)
(68.520883 0.22588481 0)
(68.593087 0.26282371 0)
(68.666245 0.25505315 0)
(68.711516 0.22079857 0)
(68.723202 0.18604843 0)
(68.715125 0.16764112 0)
(68.705529 0.16525655 0)
(68.703671 0.16991782 0)
(68.70883 0.17476312 0)
(68.716923 0.17746298 0)
(68.725223 0.17824646 0)
(68.732957 0.17790388 0)
(68.740229 0.17693408 0)
(68.747167 0.17544778 0)
(68.753676 0.17354268 0)
(68.759661 0.17139074 0)
(68.76513 0.16916649 0)
(68.770169 0.16688564 0)
(68.77472 0.16453614 0)
(68.778675 0.1621736 0)
(68.781718 0.15977925 0)
(68.783043 0.1574651 0)
(68.780591 0.15526674 0)
(68.767756 0.15308636 0)
(68.730124 0.15059942 0)
(68.630106 0.1473422 0)
(68.41873 0.14237644 0)
(68.044427 0.13531815 0)
(67.52318 0.12686353 0)
(66.914106 0.11735876 0)
(66.268464 0.10768615 0)
(65.610672 0.098687355 0)
(64.962103 0.090569115 0)
(64.312393 0.083076447 0)
(63.679453 0.076063032 0)
(63.072366 0.069668525 0)
(62.491821 0.063904005 0)
(61.941121 0.05869284 0)
(61.419517 0.054014468 0)
(60.924978 0.049790828 0)
(60.456777 0.045987032 0)
(60.012643 0.042552572 0)
(59.590593 0.039432783 0)
(59.188565 0.036605287 0)
(58.805478 0.034036527 0)
(58.439037 0.031684866 0)
(58.087767 0.029542449 0)
(57.750999 0.027588984 0)
(57.426806 0.025781647 0)
(57.113889 0.024125284 0)
(56.811298 0.022603465 0)
(56.518319 0.021188703 0)
(56.233917 0.019886416 0)
(55.957192 0.018679034 0)
(55.688252 0.017551009 0)
(55.426146 0.016511844 0)
(55.170572 0.01554161 0)
(54.921395 0.014635452 0)
(54.677799 0.013794773 0)
(54.439822 0.013008635 0)
(54.206969 0.012274634 0)
(53.978964 0.011587619 0)
(53.755666 0.010945514 0)
(53.536648 0.010341866 0)
(53.32191 0.0097768451 0)
(53.110983 0.0092482095 0)
(52.903882 0.0087500355 0)
(52.700273 0.008283707 0)
(52.500062 0.0078447831 0)
(52.303074 0.0074315999 0)
(52.109138 0.0070423677 0)
(51.918171 0.0066756241 0)
(51.729995 0.0063301374 0)
(51.544503 0.0060038488 0)
(51.361613 0.0056968905 0)
(51.181133 0.0054067393 0)
(51.003059 0.0051314631 0)
(50.827289 0.004873665 0)
(50.653604 0.0046283747 0)
(50.482125 0.0043949564 0)
(50.312685 0.0041784449 0)
(50.145032 0.0039699739 0)
(49.979465 0.0037698955 0)
(49.815778 0.0035871796 0)
(49.653603 0.0034122264 0)
(49.493227 0.0032360145 0)
(49.335126 0.0030759671 0)
(49.178291 0.0029305762 0)
(49.02299 0.0027760727 0)
(48.870316 0.0026052756 0)
(48.721736 0.0024465377 0)
(48.576136 0.0023218551 0)
(48.431105 0.0019643907 0)
(48.319052 0.0019954262 0)
(48.156668 0.0011710377 0)
(68.494549 0.14696598 0)
(68.526208 0.22081849 0)
(68.594539 0.25696793 0)
(68.6646 0.25062903 0)
(68.708765 0.21878955 0)
(68.72111 0.18588571 0)
(68.714308 0.16807513 0)
(68.705588 0.16548859 0)
(68.703993 0.16977777 0)
(68.709067 0.17437401 0)
(68.716985 0.17698645 0)
(68.725118 0.17777939 0)
(68.7327 0.17747492 0)
(68.739815 0.17654281 0)
(68.746572 0.17509522 0)
(68.75289 0.17322961 0)
(68.758681 0.1711154 0)
(68.763982 0.16892428 0)
(68.768893 0.16667703 0)
(68.77342 0.1643638 0)
(68.777525 0.16203129 0)
(68.781136 0.15966872 0)
(68.784128 0.15737427 0)
(68.786326 0.15517024 0)
(68.787055 0.15303012 0)
(68.784812 0.15094956 0)
(68.77424 0.14889506 0)
(68.743361 0.1466206 0)
(68.662406 0.14374766 0)
(68.48386 0.13951515 0)
(68.157879 0.13322728 0)
(67.677523 0.12533589 0)
(67.104825 0.11653232 0)
(66.49252 0.10737097 0)
(65.863258 0.098756868 0)
(65.2356 0.090878685 0)
(64.607129 0.083558086 0)
(63.987554 0.076694278 0)
(63.389664 0.070362713 0)
(62.815591 0.064636108 0)
(62.2684 0.059426951 0)
(61.749141 0.054737675 0)
(61.256214 0.050507018 0)
(60.789149 0.046675803 0)
(60.345418 0.043212754 0)
(59.923932 0.040074213 0)
(59.522477 0.037219423 0)
(59.139275 0.034621882 0)
(58.773317 0.032257752 0)
(58.422681 0.030088455 0)
(58.085855 0.028108103 0)
(57.762391 0.026294676 0)
(57.450372 0.024615113 0)
(57.148717 0.023073078 0)
(56.856587 0.021647744 0)
(56.573358 0.020323237 0)
(56.297692 0.019103917 0)
(56.02943 0.017964379 0)
(55.76835 0.016903442 0)
(55.513441 0.015920238 0)
(55.264868 0.015001026 0)
(55.021955 0.014144768 0)
(54.784439 0.013343752 0)
(54.552156 0.012596077 0)
(54.324579 0.011894182 0)
(54.101743 0.011237798 0)
(53.883092 0.010624268 0)
(53.66865 0.010046733 0)
(53.458027 0.0095065593 0)
(53.251139 0.0089984599 0)
(53.047763 0.0085207196 0)
(52.847718 0.00807097 0)
(52.650907 0.0076475268 0)
(52.457122 0.0072489777 0)
(52.266251 0.0068728034 0)
(52.078193 0.0065191223 0)
(51.892742 0.0061850642 0)
(51.709885 0.0058683227 0)
(51.529505 0.0055717796 0)
(51.351376 0.005289907 0)
(51.175602 0.0050217965 0)
(51.002018 0.004773048 0)
(50.830358 0.0045339054 0)
(50.660902 0.0043044877 0)
(50.493456 0.0040947531 0)
(50.327645 0.0038942807 0)
(50.16372 0.003692716 0)
(50.002175 0.0035092196 0)
(49.84202 0.0033425636 0)
(49.683475 0.0031661661 0)
(49.527617 0.002971483 0)
(49.375946 0.0027896019 0)
(49.227439 0.0026470069 0)
(49.079493 0.0022412423 0)
(48.964791 0.0022776923 0)
(48.798979 0.0013347554 0)
(68.502005 0.14537646 0)
(68.53162 0.21572923 0)
(68.596081 0.25106999 0)
(68.663028 0.24613617 0)
(68.706049 0.21668811 0)
(68.719009 0.18564342 0)
(68.713459 0.16845984 0)
(68.705622 0.16569153 0)
(68.704306 0.16961906 0)
(68.70932 0.17396922 0)
(68.717094 0.17649331 0)
(68.725108 0.17729489 0)
(68.732598 0.17703011 0)
(68.739624 0.1761384 0)
(68.746278 0.17473244 0)
(68.752484 0.17290847 0)
(68.758155 0.17083249 0)
(68.763335 0.16867247 0)
(68.768131 0.16645377 0)
(68.772575 0.164169 0)
(68.776656 0.1618647 0)
(68.780347 0.1595359 0)
(68.783607 0.15727054 0)
(68.786443 0.15509092 0)
(68.788776 0.15297005 0)
(68.790421 0.15090372 0)
(68.790751 0.14886064 0)
(68.788418 0.14687621 0)
(68.779206 0.14496244 0)
(68.752819 0.14293401 0)
(68.685291 0.14035918 0)
(68.52978 0.13661284 0)
(68.238722 0.13093086 0)
(67.791558 0.12352321 0)
(67.248707 0.11530622 0)
(66.663553 0.1066601 0)
(66.059459 0.098369146 0)
(65.451667 0.09071443 0)
(64.843505 0.083601783 0)
(64.237839 0.076912754 0)
(63.650331 0.070673298 0)
(63.083533 0.065009273 0)
(62.54105 0.059839753 0)
(62.025452 0.05516212 0)
(61.534891 0.050933535 0)
(61.069663 0.047104731 0)
(60.627557 0.043638693 0)
(60.20708 0.040489549 0)
(59.806661 0.037631548 0)
(59.424598 0.035024121 0)
(59.059085 0.032646686 0)
(58.709393 0.030474823 0)
(58.373571 0.028478395 0)
(58.050605 0.026652039 0)
(57.739691 0.02496987 0)
(57.439218 0.023412168 0)
(57.148203 0.021981564 0)
(56.865994 0.020649309 0)
(56.591861 0.01941476 0)
(56.324567 0.018269895 0)
(56.064452 0.017199995 0)
(55.810603 0.016206077 0)
(55.562788 0.015276469 0)
(55.320802 0.014410134 0)
(55.084005 0.013598097 0)
(54.852481 0.012839387 0)
(54.625558 0.012131061 0)
(54.403282 0.011465047 0)
(54.185194 0.010842665 0)
(53.971223 0.010257691 0)
(53.761085 0.0097083683 0)
(53.554595 0.0091915776 0)
(53.351632 0.0087054504 0)
(53.15196 0.0082483204 0)
(52.955459 0.0078171418 0)
(52.762006 0.0074120181 0)
(52.571379 0.0070296756 0)
(52.383553 0.0066673978 0)
(52.198398 0.0063283428 0)
(52.015676 0.0060063917 0)
(51.835475 0.0057003159 0)
(51.657628 0.0054162951 0)
(51.481857 0.0051436643 0)
(51.308421 0.0048822467 0)
(51.137135 0.0046430145 0)
(50.967619 0.0044147495 0)
(50.800085 0.0041856486 0)
(50.635046 0.0039766175 0)
(50.471528 0.0037868148 0)
(50.309707 0.0035867348 0)
(50.150636 0.0033662786 0)
(49.995851 0.0031592887 0)
(49.844414 0.0029972628 0)
(49.693535 0.0025399401 0)
(49.576148 0.0025824241 0)
(49.406832 0.00151135 0)
(68.509443 0.14381606 0)
(68.537099 0.21063376 0)
(68.597735 0.24514051 0)
(68.66155 0.24158058 0)
(68.703376 0.2144936 0)
(68.716903 0.18531567 0)
(68.712587 0.1687896 0)
(68.705639 0.16586164 0)
(68.704618 0.16943891 0)
(68.709578 0.17354655 0)
(68.717217 0.17598093 0)
(68.725125 0.17678985 0)
(68.732547 0.17656533 0)
(68.739517 0.17571626 0)
(68.746115 0.17435455 0)
(68.75226 0.17257511 0)
(68.757866 0.17053994 0)
(68.762974 0.16841275 0)
(68.76769 0.16622285 0)
(68.772057 0.16396471 0)
(68.77608 0.16168503 0)
(68.779747 0.15938246 0)
(68.783051 0.15714076 0)
(68.786031 0.15498524 0)
(68.788695 0.15289077 0)
(68.791006 0.15084758 0)
(68.792836 0.14882435 0)
(68.793982 0.14686172 0)
(68.793904 0.14496865 0)
(68.791442 0.14313787 0)
(68.78316 0.14134771 0)
(68.759824 0.13947581 0)
(68.700899 0.13711184 0)
(68.561566 0.13371998 0)
(68.294003 0.12857043 0)
(67.876044 0.12163379 0)
(67.356049 0.11377516 0)
(66.792424 0.10555655 0)
(66.210039 0.097594454 0)
(65.620159 0.090176828 0)
(65.031394 0.083281039 0)
(64.439454 0.076777637 0)
(63.862332 0.070659879 0)
(63.303384 0.065074499 0)
(62.766441 0.059957045 0)
(62.255053 0.055318277 0)
(61.767863 0.051118143 0)
(61.305226 0.047304801 0)
(60.86526 0.043854079 0)
(60.446812 0.040715881 0)
(60.047895 0.037861237 0)
(59.667367 0.035260412 0)
(59.303425 0.032881845 0)
(58.95474 0.030708459 0)
(58.620368 0.028714443 0)
(58.298504 0.026879724 0)
(57.988686 0.025199857 0)
(57.68961 0.02364134 0)
(57.400022 0.022201665 0)
(57.119071 0.020869931 0)
(56.846308 0.019631071 0)
(56.580477 0.018482075 0)
(56.321433 0.017406953 0)
(56.068887 0.016407077 0)
(55.822093 0.015471217 0)
(55.581176 0.014597559 0)
(55.345327 0.013783148 0)
(55.114631 0.013018187 0)
(54.888537 0.012304072 0)
(54.666996 0.011633481 0)
(54.449643 0.011004609 0)
(54.236302 0.010413395 0)
(54.026816 0.0098578477 0)
(53.820915 0.0093359265 0)
(53.618477 0.0088439983 0)
(53.419344 0.0083821524 0)
(53.223285 0.0079466313 0)
(53.030258 0.0075342801 0)
(52.840116 0.0071485228 0)
(52.65261 0.0067826099 0)
(52.467807 0.0064349422 0)
(52.285542 0.0061122919 0)
(52.105517 0.0058030619 0)
(51.927975 0.005506712 0)
(51.752736 0.0052352545 0)
(51.579413 0.0049766991 0)
(51.40818 0.0047176688 0)
(51.239568 0.0044808194 0)
(51.072617 0.0042658119 0)
(50.907457 0.004040103 0)
(50.745116 0.0037918259 0)
(50.587173 0.0035576 0)
(50.432757 0.0033745015 0)
(50.278903 0.0028621553 0)
(50.158781 0.0029114027 0)
(49.98585 0.0017018598 0)
(68.516844 0.14228721 0)
(68.542642 0.20555086 0)
(68.599503 0.23919053 0)
(68.660168 0.23696854 0)
(68.700757 0.21220559 0)
(68.714799 0.18489656 0)
(68.711688 0.16905865 0)
(68.705634 0.16599513 0)
(68.704917 0.16923482 0)
(68.709834 0.1731043 0)
(68.717345 0.17544801 0)
(68.725151 0.17626254 0)
(68.732511 0.17607845 0)
(68.739439 0.17527364 0)
(68.745998 0.17395839 0)
(68.752108 0.17222599 0)
(68.757682 0.17023416 0)
(68.762756 0.16814215 0)
(68.767429 0.16598301 0)
(68.771747 0.16375301 0)
(68.775719 0.16149799 0)
(68.779345 0.15921978 0)
(68.782631 0.15699865 0)
(68.785629 0.15486188 0)
(68.788375 0.15278666 0)
(68.790868 0.15076308 0)
(68.793059 0.14876479 0)
(68.794885 0.14682609 0)
(68.796244 0.14495239 0)
(68.796987 0.14314001 0)
(68.796612 0.14138088 0)
(68.79403 0.13965052 0)
(68.786237 0.13795286 0)
(68.764862 0.13622241 0)
(68.710823 0.13406463 0)
(68.58292 0.1309162 0)
(68.331763 0.12613015 0)
(67.934632 0.11956786 0)
(67.431827 0.11201665 0)
(66.885641 0.10416184 0)
(66.322419 0.096501572 0)
(65.749114 0.08933657 0)
(65.177558 0.082668399 0)
(64.598754 0.076344456 0)
(64.032005 0.070355433 0)
(63.481047 0.06486978 0)
(62.950267 0.059827977 0)
(62.443735 0.055242326 0)
(61.960485 0.051086834 0)
(61.501276 0.047310321 0)
(61.064193 0.043884845 0)
(60.648303 0.040769696 0)
(60.251856 0.037932202 0)
(59.873295 0.035344229 0)
(59.511413 0.032979118 0)
(59.164423 0.030811048 0)
(58.831576 0.02882739 0)
(58.511552 0.02699826 0)
(58.202957 0.025316542 0)
(57.905436 0.023765963 0)
(57.617491 0.022327979 0)
(57.338124 0.020998468 0)
(57.066764 0.019758768 0)
(56.802653 0.018609351 0)
(56.544942 0.017533675 0)
(56.29381 0.016530752 0)
(56.048256 0.015597374 0)
(55.808458 0.014721373 0)
(55.573719 0.01390467 0)
(55.344029 0.013138453 0)
(55.118931 0.012420962 0)
(54.898255 0.011746941 0)
(54.681803 0.011114351 0)
(54.469267 0.010520616 0)
(54.260523 0.0099614662 0)
(54.055371 0.0094369688 0)
(53.853571 0.0089427755 0)
(53.655061 0.0084752759 0)
(53.459673 0.0080381375 0)
(53.267148 0.007623934 0)
(53.077529 0.0072306421 0)
(52.89065 0.0068656358 0)
(52.706193 0.0065163596 0)
(52.524384 0.0061818352 0)
(52.345046 0.0058751407 0)
(52.167783 0.0055835422 0)
(51.992731 0.0052919516 0)
(51.820439 0.0050247767 0)
(51.649956 0.0047823065 0)
(51.481371 0.0045288446 0)
(51.315679 0.004250518 0)
(51.154508 0.0039867482 0)
(50.997043 0.0037808017 0)
(50.840146 0.0032097362 0)
(50.717224 0.0032666072 0)
(50.540542 0.0019074471 0)
(68.524193 0.14079034 0)
(68.548227 0.20049985 0)
(68.601381 0.23323237 0)
(68.658903 0.23230674 0)
(68.698209 0.20982419 0)
(68.712708 0.18438043 0)
(68.710773 0.16926088 0)
(68.705611 0.16608799 0)
(68.705212 0.16900412 0)
(68.710092 0.17264091 0)
(68.717475 0.17489346 0)
(68.72518 0.17571193 0)
(68.732478 0.1755681 0)
(68.739365 0.17480889 0)
(68.745893 0.17354201 0)
(68.75198 0.17185891 0)
(68.757538 0.16991266 0)
(68.762597 0.16785811 0)
(68.767251 0.16573174 0)
(68.771544 0.16353181 0)
(68.775488 0.16130292 0)
(68.779084 0.15905012 0)
(68.782345 0.15684972 0)
(68.785328 0.15473029 0)
(68.788081 0.15267093 0)
(68.790617 0.1506627 0)
(68.792915 0.14868231 0)
(68.794947 0.14676146 0)
(68.79669 0.1449081 0)
(68.798119 0.14311813 0)
(68.799129 0.14137914 0)
(68.799546 0.13966597 0)
(68.798884 0.13800544 0)
(68.796123 0.13639249 0)
(68.788473 0.13480937 0)
(68.768215 0.13317814 0)
(68.717083 0.13116337 0)
(68.59622 0.12819442 0)
(68.354693 0.12367652 0)
(67.971026 0.11738183 0)
(67.480407 0.11005853 0)
(66.948844 0.10253562 0)
(66.402265 0.095176347 0)
(65.844063 0.088254734 0)
(65.287679 0.081799962 0)
(64.721219 0.07565959 0)
(64.164328 0.069813601 0)
(63.621446 0.064433361 0)
(63.097299 0.05948037 0)
(62.596292 0.054967406 0)
(62.117744 0.050867262 0)
(61.662581 0.047138322 0)
(61.229216 0.043752414 0)
(60.816505 0.040669441 0)
(60.423028 0.037862034 0)
(60.047091 0.035296052 0)
(59.687505 0.0329523 0)
(59.342954 0.030801688 0)
(59.011926 0.028828527 0)
(58.693867 0.027013223 0)
(58.387196 0.025340064 0)
(58.091354 0.023799039 0)
(57.805197 0.022366946 0)
(57.527634 0.021042681 0)
(57.25793 0.019807319 0)
(56.995624 0.018660344 0)
(56.739458 0.017592964 0)
(56.489759 0.016592094 0)
(56.245626 0.015660484 0)
(56.007112 0.014787121 0)
(55.773649 0.013970667 0)
(55.545071 0.013204269 0)
(55.321133 0.012485957 0)
(55.101487 0.01181244 0)
(54.886003 0.01117875 0)
(54.674432 0.010584909 0)
(54.466525 0.010025851 0)
(54.262198 0.0094975077 0)
(54.061256 0.0090037448 0)
(53.863432 0.0085364073 0)
(53.668739 0.0080929927 0)
(53.477012 0.0076814808 0)
(53.287907 0.007288326 0)
(53.101634 0.0069120298 0)
(52.918017 0.006566764 0)
(52.73665 0.0062390792 0)
(52.55763 0.0059120258 0)
(52.381522 0.0056117658 0)
(52.207382 0.00533935 0)
(52.035259 0.0050558085 0)
(51.866112 0.0047449996 0)
(51.701623 0.0044491772 0)
(51.541016 0.0042184605 0)
(51.380987 0.0035847184 0)
(51.255187 0.003650224 0)
(51.074585 0.0021293985 0)
(68.53147 0.13932429 0)
(68.553849 0.19550045 0)
(68.603386 0.22727983 0)
(68.657759 0.22760217 0)
(68.695737 0.20735004 0)
(68.710636 0.18376193 0)
(68.709836 0.16939021 0)
(68.705565 0.16613604 0)
(68.705493 0.16874406 0)
(68.710347 0.17215455 0)
(68.717608 0.17431619 0)
(68.725212 0.17513695 0)
(68.732447 0.17503319 0)
(68.739293 0.17432081 0)
(68.74579 0.17310409 0)
(68.751855 0.17147235 0)
(68.757403 0.16957385 0)
(68.762456 0.16755884 0)
(68.767103 0.16546721 0)
(68.771388 0.16329921 0)
(68.77532 0.16109817 0)
(68.778903 0.15887223 0)
(68.78215 0.15669373 0)
(68.785118 0.15459225 0)
(68.78786 0.15254875 0)
(68.790396 0.15055489 0)
(68.792717 0.14858922 0)
(68.794811 0.14668208 0)
(68.79668 0.14484309 0)
(68.798329 0.14306871 0)
(68.799734 0.14134705 0)
(68.800842 0.13965569 0)
(68.801527 0.13801608 0)
(68.801628 0.13641929 0)
(68.800698 0.13487304 0)
(68.797736 0.13335714 0)
(68.790035 0.13185617 0)
(68.770252 0.13030974 0)
(68.720294 0.12841726 0)
(68.602632 0.12556018 0)
(68.36472 0.12119956 0)
(67.987986 0.11509956 0)
(67.505876 0.10797313 0)
(66.986646 0.10073435 0)
(66.454417 0.093652687 0)
(65.909889 0.086982452 0)
(65.366001 0.080730613 0)
(64.811095 0.074757332 0)
(64.263979 0.069059325 0)
(63.729309 0.06379947 0)
(63.212251 0.05894333 0)
(62.717266 0.054512588 0)
(62.244088 0.050481814 0)
(61.793548 0.046811233 0)
(61.364373 0.043477365 0)
(60.955437 0.040436809 0)
(60.565295 0.037666494 0)
(60.192606 0.03513361 0)
(59.835784 0.032815037 0)
(59.493855 0.030687958 0)
(59.165336 0.028734448 0)
(58.849477 0.026938156 0)
(58.545075 0.025277755 0)
(58.251093 0.023748619 0)
(57.966958 0.022327708 0)
(57.691366 0.021011676 0)
(57.423527 0.019790301 0)
(57.163005 0.018650317 0)
(56.908605 0.017589816 0)
(56.660484 0.016596113 0)
(56.417936 0.015668941 0)
(56.180796 0.014799212 0)
(55.948767 0.013985268 0)
(55.721459 0.013222893 0)
(55.498728 0.012506334 0)
(55.280271 0.011835567 0)
(55.065833 0.011204645 0)
(54.855297 0.010609039 0)
(54.648443 0.010052749 0)
(54.44499 0.0095268402 0)
(54.244921 0.0090282674 0)
(54.048068 0.0085656122 0)
(53.85406 0.0081243046 0)
(53.663091 0.0077022322 0)
(53.47498 0.0073146919 0)
(53.289313 0.0069475466 0)
(53.106143 0.006581819 0)
(52.926057 0.0062454279 0)
(52.748107 0.0059403284 0)
(52.572309 0.0056241516 0)
(52.399578 0.0052781964 0)
(52.231656 0.0049475889 0)
(52.067794 0.0046900191 0)
(51.904522 0.0039893518 0)
(51.77575 0.0040646807 0)
(51.591033 0.0023691534 0)
(68.538664 0.13788604 0)
(68.559485 0.19057187 0)
(68.6055 0.22134811 0)
(68.656752 0.22286233 0)
(68.693364 0.20478449 0)
(68.708596 0.18303622 0)
(68.708889 0.1694403 0)
(68.705501 0.16613489 0)
(68.705768 0.16845168 0)
(68.710603 0.1716433 0)
(68.717744 0.173715 0)
(68.725247 0.17453669 0)
(68.732418 0.1744727 0)
(68.73922 0.17380832 0)
(68.745684 0.17264348 0)
(68.751728 0.17106516 0)
(68.757267 0.16921646 0)
(68.762317 0.16724308 0)
(68.766963 0.1651881 0)
(68.771245 0.16305387 0)
(68.775175 0.16088238 0)
(68.778756 0.15868481 0)
(68.782 0.15652957 0)
(68.784963 0.1544471 0)
(68.787697 0.15242034 0)
(68.790226 0.15044125 0)
(68.792547 0.14849019 0)
(68.794652 0.14659593 0)
(68.796558 0.14476877 0)
(68.79828 0.14300557 0)
(68.799822 0.14129583 0)
(68.801159 0.13961927 0)
(68.802248 0.13799542 0)
(68.803045 0.13641831 0)
(68.803449 0.13489302 0)
(68.803287 0.13339435 0)
(68.802103 0.13192784 0)
(68.798893 0.13049971 0)
(68.79097 0.12908829 0)
(68.771102 0.1276086 0)
(68.720777 0.12579154 0)
(68.602647 0.12299941 0)
(68.363165 0.11872502 0)
(67.98796 0.11274162 0)
(67.511593 0.10577523 0)
(67.002892 0.098803965 0)
(66.482796 0.091991759 0)
(65.950284 0.085545883 0)
(65.417557 0.079483837 0)
(64.873126 0.073676651 0)
(64.335538 0.068125009 0)
(63.809038 0.062991346 0)
(63.299252 0.058244028 0)
(62.81055 0.053905013 0)
(62.343101 0.049954696 0)
(61.897691 0.046352352 0)
(61.47314 0.043076767 0)
(61.068502 0.040088753 0)
(60.682246 0.037361306 0)
(60.31309 0.034866378 0)
(59.959585 0.032581325 0)
(59.620629 0.030484809 0)
(59.295014 0.028554935 0)
(58.981578 0.026780728 0)
(58.679673 0.025138355 0)
(58.387822 0.023624265 0)
(58.105912 0.022223966 0)
(57.832488 0.020921233 0)
(57.566642 0.019712436 0)
(57.308012 0.018584141 0)
(57.05554 0.017533176 0)
(56.809077 0.016547568 0)
(56.568257 0.015626744 0)
(56.332649 0.014765136 0)
(56.102082 0.013956215 0)
(55.876204 0.013199896 0)
(55.65474 0.01248915 0)
(55.437542 0.011819015 0)
(55.224359 0.011193532 0)
(55.014896 0.01060293 0)
(54.809099 0.010043536 0)
(54.606799 0.0095245389 0)
(54.407588 0.0090302955 0)
(54.211652 0.0085579733 0)
(54.018797 0.008124034 0)
(53.828598 0.0077136758 0)
(53.641067 0.0073057076 0)
(53.456809 0.0069298145 0)
(53.274868 0.0065890044 0)
(53.095231 0.0062373748 0)
(52.918761 0.0058533471 0)
(52.747273 0.0054849728 0)
(52.580017 0.0051982893 0)
(52.413369 0.004426117 0)
(52.281519 0.0045126614 0)
(52.092461 0.0026283039 0)
(68.545758 0.13647133 0)
(68.565126 0.18573253 0)
(68.607744 0.21545363 0)
(68.655894 0.21809529 0)
(68.691094 0.20212938 0)
(68.706595 0.18219898 0)
(68.707931 0.1694049 0)
(68.705415 0.16607999 0)
(68.70603 0.16812392 0)
(68.710856 0.17110503 0)
(68.717883 0.17308857 0)
(68.725286 0.17391005 0)
(68.73239 0.17388558 0)
(68.739147 0.17327038 0)
(68.745577 0.17215915 0)
(68.751599 0.17063623 0)
(68.757127 0.16883945 0)
(68.762175 0.16690979 0)
(68.76682 0.16489335 0)
(68.771103 0.16279472 0)
(68.775035 0.16065449 0)
(68.778618 0.1584868 0)
(68.781866 0.15635622 0)
(68.784832 0.15429397 0)
(68.787566 0.152285 0)
(68.790092 0.15032151 0)
(68.79241 0.14838573 0)
(68.794516 0.14650466 0)
(68.796429 0.14468909 0)
(68.798171 0.14293619 0)
(68.799756 0.14123625 0)
(68.801174 0.13957019 0)
(68.802406 0.13795694 0)
(68.803441 0.13639276 0)
(68.804255 0.13488169 0)
(68.804799 0.13340111 0)
(68.804956 0.1319554 0)
(68.804537 0.13054568 0)
(68.803102 0.12916669 0)
(68.799626 0.12781262 0)
(68.791314 0.12646886 0)
(68.770776 0.12505105 0)
(68.718585 0.12328534 0)
(68.596549 0.12049929 0)
(68.350935 0.1162349 0)
(67.972793 0.11032916 0)
(67.500838 0.1035197 0)
(67.000829 0.09676945 0)
(66.491005 0.09020398 0)
(65.968889 0.083971532 0)
(65.446363 0.078090128 0)
(64.911382 0.072447034 0)
(64.382421 0.06704554 0)
(63.863823 0.062038904 0)
(63.361408 0.057408046 0)
(62.879303 0.053168333 0)
(62.41799 0.049303663 0)
(61.978143 0.045778429 0)
(61.558758 0.042567393 0)
(61.158777 0.039636768 0)
(60.776848 0.036959882 0)
(60.411616 0.034510258 0)
(60.061821 0.032262982 0)
(59.726116 0.03020094 0)
(59.403635 0.028299545 0)
(59.092897 0.026550381 0)
(58.793675 0.02493544 0)
(58.504449 0.023442044 0)
(58.224792 0.022061143 0)
(57.953633 0.020776095 0)
(57.689955 0.019582529 0)
(57.433294 0.018466924 0)
(57.182877 0.017426894 0)
(56.93823 0.016454167 0)
(56.699151 0.015542129 0)
(56.465231 0.014690412 0)
(56.236176 0.013890776 0)
(56.011791 0.013137861 0)
(55.791802 0.012435613 0)
(55.575886 0.011773395 0)
(55.363957 0.011146787 0)
(55.155838 0.010565604 0)
(54.95108 0.01001305 0)
(54.749863 0.0094854633 0)
(54.551973 0.0090005182 0)
(54.356975 0.0085427609 0)
(54.164835 0.0080885784 0)
(53.976182 0.0076694428 0)
(53.790038 0.0072895667 0)
(53.60637 0.0068993677 0)
(53.425983 0.0064740432 0)
(53.250769 0.0060646425 0)
(53.079958 0.0057463895 0)
(52.90978 0.0048977619 0)
(52.774727 0.0049971531 0)
(52.581076 0.0029086389 0)
(68.552743 0.13507499 0)
(68.570753 0.18099916 0)
(68.610097 0.20961395 0)
(68.655191 0.21330985 0)
(68.688949 0.19938726 0)
(68.704648 0.18124664 0)
(68.706972 0.16927759 0)
(68.705312 0.16596661 0)
(68.706283 0.16775763 0)
(68.711109 0.17053758 0)
(68.718024 0.17243546 0)
(68.725328 0.17325599 0)
(68.732364 0.17327077 0)
(68.739074 0.1727059 0)
(68.745468 0.17164999 0)
(68.751466 0.17018452 0)
(68.756983 0.16844175 0)
(68.762028 0.16655797 0)
(68.766673 0.16458203 0)
(68.770957 0.16252085 0)
(68.774892 0.16041362 0)
(68.77848 0.15827732 0)
(68.781735 0.15617285 0)
(68.784707 0.15413208 0)
(68.787445 0.15214198 0)
(68.789974 0.1501951 0)
(68.792293 0.14827542 0)
(68.794401 0.14640822 0)
(68.796316 0.1446047 0)
(68.798063 0.14286233 0)
(68.79966 0.14117191 0)
(68.801102 0.13951545 0)
(68.802383 0.13791095 0)
(68.803503 0.1363556 0)
(68.804464 0.13485344 0)
(68.805252 0.13338451 0)
(68.805826 0.13195253 0)
(68.806128 0.13055934 0)
(68.806057 0.12920041 0)
(68.805415 0.12786569 0)
(68.803733 0.12655386 0)
(68.799944 0.12527233 0)
(68.791063 0.12399574 0)
(68.769255 0.12261844 0)
(68.713647 0.12086409 0)
(68.584277 0.11804824 0)
(68.328608 0.11374146 0)
(67.944388 0.10785946 0)
(67.475145 0.10119392 0)
(66.982488 0.094654281 0)
(66.481613 0.088310841 0)
(65.96881 0.082291874 0)
(65.45439 0.07658255 0)
(64.928194 0.071092056 0)
(64.407394 0.065842578 0)
(63.896622 0.060964653 0)
(63.401776 0.0564532 0)
(62.926525 0.052319627 0)
(62.471774 0.048546246 0)
(62.037825 0.04510317 0)
(61.62397 0.041963698 0)
(61.229007 0.039097384 0)
(60.851776 0.036475435 0)
(60.490779 0.034075594 0)
(60.144927 0.031870682 0)
(59.812724 0.029846013 0)
(59.493548 0.027981033 0)
(59.186023 0.026262439 0)
(58.889588 0.024675973 0)
(58.603096 0.023206998 0)
(58.325886 0.021848026 0)
(58.057066 0.020581536 0)
(57.795721 0.019404145 0)
(57.54119 0.018306573 0)
(57.292821 0.017279747 0)
(57.050147 0.016321348 0)
(56.812846 0.015422568 0)
(56.580675 0.014577474 0)
(56.353331 0.013789837 0)
(56.130456 0.013048156 0)
(55.91193 0.012347082 0)
(55.697565 0.011697108 0)
(55.486866 0.011080188 0)
(55.280006 0.010491697 0)
(55.076749 0.0099505835 0)
(54.876642 0.0094407387 0)
(54.679611 0.0089358994 0)
(54.486302 0.0084693601 0)
(54.295713 0.0080466886 0)
(54.107792 0.0076144593 0)
(53.923281 0.0071442727 0)
(53.744158 0.0066902787 0)
(53.569604 0.0063377819 0)
(53.395719 0.0054073227 0)
(53.257322 0.0055214693 0)
(53.058794 0.0032121402 0)
(68.559603 0.13369162 0)
(68.576352 0.17638661 0)
(68.612574 0.2038474 0)
(68.65466 0.20851562 0)
(68.686937 0.1965613 0)
(68.702762 0.18017642 0)
(68.706014 0.16905213 0)
(68.70519 0.16578989 0)
(68.706523 0.16734951 0)
(68.711359 0.16993852 0)
(68.718168 0.17175414 0)
(68.725374 0.17257335 0)
(68.732341 0.17262716 0)
(68.739001 0.17211375 0)
(68.745358 0.1711149 0)
(68.75133 0.1697089 0)
(68.756835 0.16802232 0)
(68.761876 0.16618665 0)
(68.76652 0.16425322 0)
(68.770805 0.1622314 0)
(68.774743 0.16015898 0)
(68.778337 0.15805559 0)
(68.7816 0.15597872 0)
(68.784581 0.15396071 0)
(68.787326 0.15199065 0)
(68.789859 0.15006141 0)
(68.792183 0.14815877 0)
(68.794295 0.14630624 0)
(68.796214 0.14451544 0)
(68.797964 0.14278411 0)
(68.799565 0.14110357 0)
(68.801015 0.13945685 0)
(68.802311 0.13786082 0)
(68.80346 0.1363134 0)
(68.804472 0.13481836 0)
(68.805348 0.13335726 0)
(68.806071 0.13193357 0)
(68.806624 0.1305506 0)
(68.806978 0.12920447 0)
(68.807076 0.1278852 0)
(68.8068 0.12659296 0)
(68.805947 0.12533116 0)
(68.804019 0.12408747 0)
(68.799873 0.12286153 0)
(68.790207 0.12163636 0)
(68.766451 0.12029444 0)
(68.705668 0.11852197 0)
(68.565768 0.11562675 0)
(68.296248 0.11123264 0)
(67.903547 0.10534141 0)
(67.435694 0.098801441 0)
(66.949695 0.092479929 0)
(66.4565 0.086351383 0)
(65.952031 0.080528682 0)
(65.444303 0.074978739 0)
(64.926341 0.069631735 0)
(64.413388 0.064533002 0)
(63.91034 0.059786724 0)
(63.423185 0.05539835 0)
(62.95495 0.051374933 0)
(62.50702 0.047698724 0)
(62.079244 0.044343819 0)
(61.671244 0.041279816 0)
(61.281608 0.038482557 0)
(60.909287 0.035920056 0)
(60.552766 0.033572744 0)
(60.211026 0.031416352 0)
(59.882751 0.029434311 0)
(59.567058 0.027608734 0)
(59.262849 0.025923773 0)
(58.969394 0.024368161 0)
(58.685712 0.022924412 0)
(58.41116 0.021587843 0)
(58.144845 0.020345677 0)
(57.885858 0.019186666 0)
(57.633611 0.018108396 0)
(57.387319 0.017099388 0)
(57.146671 0.016151363 0)
(56.911344 0.015268585 0)
(56.68093 0.014438517 0)
(56.455275 0.013654728 0)
(56.234175 0.012928474 0)
(56.017087 0.012240336 0)
(55.804169 0.011584576 0)
(55.595161 0.010981479 0)
(55.389597 0.010414284 0)
(55.187348 0.0098538067 0)
(54.989089 0.0093352224 0)
(54.793773 0.0088655929 0)
(54.601345 0.0083874789 0)
(54.412474 0.0078684762 0)
(54.22923 0.0073659784 0)
(54.05072 0.0069763155 0)
(53.872928 0.0059581723 0)
(53.731023 0.0060893056 0)
(53.527304 0.0035410305 0)
(68.566335 0.13231553 0)
(68.581908 0.17190731 0)
(68.615152 0.19817274 0)
(68.654303 0.20372316 0)
(68.685074 0.19365531 0)
(68.700953 0.1789864 0)
(68.705069 0.16872273 0)
(68.705055 0.16554508 0)
(68.706753 0.16689607 0)
(68.711607 0.16930506 0)
(68.718315 0.17104285 0)
(68.725423 0.17186095 0)
(68.732321 0.17195362 0)
(68.73893 0.17149279 0)
(68.745247 0.17055274 0)
(68.751192 0.16920825 0)
(68.756683 0.16758006 0)
(68.761719 0.16579479 0)
(68.766361 0.16390598 0)
(68.770647 0.16192549 0)
(68.774589 0.15988976 0)
(68.778188 0.15782089 0)
(68.78146 0.15577315 0)
(68.784449 0.15377924 0)
(68.787202 0.1518304 0)
(68.789742 0.1499199 0)
(68.792072 0.14803524 0)
(68.79419 0.14619826 0)
(68.796115 0.14442095 0)
(68.79787 0.1427013 0)
(68.799474 0.14103118 0)
(68.800928 0.13939465 0)
(68.80223 0.13780735 0)
(68.803389 0.1362679 0)
(68.804418 0.13477975 0)
(68.805324 0.13332554 0)
(68.8061 0.13190835 0)
(68.806743 0.13053199 0)
(68.807249 0.1291931 0)
(68.807601 0.12788311 0)
(68.807761 0.12660313 0)
(68.807671 0.12535561 0)
(68.807216 0.12413075 0)
(68.806175 0.1229252 0)
(68.803992 0.1217359 0)
(68.799417 0.12056621 0)
(68.788698 0.11938788 0)
(68.762258 0.11806037 0)
(68.694243 0.11623854 0)
(68.540397 0.11322282 0)
(68.25356 0.10869468 0)
(67.850637 0.10278603 0)
(67.384649 0.096385076 0)
(66.904472 0.09026366 0)
(66.417555 0.08433291 0)
(65.920811 0.078690584 0)
(65.418756 0.073292613 0)
(64.908431 0.068085714 0)
(64.402895 0.063136988 0)
(63.907421 0.058522798 0)
(63.428 0.054261201 0)
(62.966903 0.050352231 0)
(62.526019 0.046775862 0)
(62.104674 0.043513801 0)
(61.702674 0.040529417 0)
(61.318625 0.037803227 0)
(60.951387 0.035305223 0)
(60.59964 0.033015247 0)
(60.262196 0.030911512 0)
(59.937942 0.028974706 0)
(59.625919 0.027190657 0)
(59.325106 0.025539783 0)
(59.034833 0.024014766 0)
(58.754126 0.022602612 0)
(58.482309 0.02129059 0)
(58.218657 0.020073708 0)
(57.962083 0.018937933 0)
(57.712171 0.017874411 0)
(57.468142 0.016885936 0)
(57.229525 0.015957303 0)
(56.996135 0.015081481 0)
(56.767739 0.014270432 0)
(56.54375 0.013503291 0)
(56.324303 0.012773063 0)
(56.109106 0.012101405 0)
(55.897688 0.011470923 0)
(55.689849 0.010849208 0)
(55.486299 0.010273377 0)
(55.285942 0.0097521308 0)
(55.088717 0.0092238318 0)
(54.895215 0.008651613 0)
(54.707607 0.008096309 0)
(54.524903 0.0076662717 0)
(54.342975 0.0065540627 0)
(54.197376 0.0067047769 0)
(53.988121 0.0038977772 0)
(68.572926 0.13094134 0)
(68.587408 0.1675714 0)
(68.617844 0.1926086 0)
(68.654135 0.19894411 0)
(68.683373 0.19067381 0)
(68.699229 0.17767532 0)
(68.704139 0.16828434 0)
(68.704907 0.16522701 0)
(68.706971 0.1663936 0)
(68.711853 0.16863461 0)
(68.718465 0.17029972 0)
(68.725477 0.17111747 0)
(68.732304 0.17124898 0)
(68.73886 0.17084184 0)
(68.745135 0.16996234 0)
(68.751051 0.16868139 0)
(68.756527 0.16711384 0)
(68.761557 0.16538134 0)
(68.766197 0.16353933 0)
(68.770484 0.1616022 0)
(68.774428 0.15960513 0)
(68.778033 0.15757242 0)
(68.781314 0.15555543 0)
(68.784312 0.15358704 0)
(68.787073 0.15166066 0)
(68.78962 0.14977004 0)
(68.791957 0.14790435 0)
(68.794082 0.14608385 0)
(68.796014 0.14432082 0)
(68.797775 0.14261359 0)
(68.799384 0.14095453 0)
(68.800843 0.13932872 0)
(68.802149 0.1377506 0)
(68.803313 0.13621948 0)
(68.804349 0.13473839 0)
(68.805266 0.13329108 0)
(68.80606 0.13188015 0)
(68.806733 0.13050947 0)
(68.807293 0.12917596 0)
(68.807736 0.1278718 0)
(68.808049 0.12659842 0)
(68.808218 0.12535903 0)
(68.808211 0.12414568 0)
(68.807965 0.12295392 0)
(68.807348 0.12178263 0)
(68.806127 0.12063416 0)
(68.803677 0.11949658 0)
(68.798593 0.11837085 0)
(68.786479 0.11723341 0)
(68.756432 0.11590625 0)
(68.678736 0.11399423 0)
(68.507032 0.11081802 0)
(68.200453 0.10612379 0)
(67.786853 0.10019706 0)
(67.322895 0.093942835 0)
(66.84846 0.088006757 0)
(66.366775 0.082265391 0)
(65.876937 0.076795205 0)
(65.37957 0.071542086 0)
(64.876428 0.066470371 0)
(64.377977 0.061671732 0)
(63.889984 0.057191166 0)
(63.418322 0.053056752 0)
(62.96451 0.049266379 0)
(62.530692 0.045792455 0)
(62.116088 0.042623858 0)
(61.720206 0.039724468 0)
(61.341896 0.037073443 0)
(60.979874 0.034644275 0)
(60.632983 0.03241357 0)
(60.300025 0.030364185 0)
(59.979875 0.028472667 0)
(59.671698 0.026729155 0)
(59.374441 0.025118994 0)
(59.087428 0.023626398 0)
(58.809861 0.022246631 0)
(58.540876 0.020964317 0)
(58.279937 0.019767475 0)
(58.025979 0.018657682 0)
(57.778403 0.017618679 0)
(57.536584 0.016640678 0)
(57.300256 0.015735146 0)
(57.068779 0.014880206 0)
(56.842266 0.014067342 0)
(56.620383 0.013319669 0)
(56.402657 0.012619162 0)
(56.188806 0.011929912 0)
(55.979577 0.011290971 0)
(55.773825 0.010712873 0)
(55.571471 0.010129581 0)
(55.373032 0.0094992432 0)
(55.180775 0.0088863673 0)
(54.99362 0.0084124192 0)
(54.807294 0.007199191 0)
(54.65779 0.0073724847 0)
(54.44262 0.0042851516 0)
(68.579375 0.12956433 0)
(68.592838 0.16338635 0)
(68.620625 0.18717302 0)
(68.654153 0.19419094 0)
(68.681846 0.18762219 0)
(68.697605 0.17624284 0)
(68.703237 0.16773236 0)
(68.70475 0.16483028 0)
(68.70718 0.16583838 0)
(68.712097 0.16792481 0)
(68.718618 0.1695229 0)
(68.725536 0.17034153 0)
(68.732291 0.17051204 0)
(68.738792 0.17015968 0)
(68.745024 0.16934248 0)
(68.750909 0.1681271 0)
(68.756367 0.16662246 0)
(68.761391 0.16494517 0)
(68.766028 0.16315223 0)
(68.770314 0.16126057 0)
(68.774261 0.15930421 0)
(68.777872 0.15730941 0)
(68.781161 0.15532484 0)
(68.784168 0.15338345 0)
(68.786938 0.15148084 0)
(68.789492 0.1496113 0)
(68.791836 0.14776562 0)
(68.793969 0.14596258 0)
(68.795909 0.14421467 0)
(68.797677 0.14252063 0)
(68.799292 0.1408733 0)
(68.800756 0.13925883 0)
(68.802067 0.13769044 0)
(68.803236 0.1361681 0)
(68.804277 0.13469443 0)
(68.805198 0.13325429 0)
(68.806 0.13184976 0)
(68.806684 0.13048473 0)
(68.807262 0.12915633 0)
(68.807735 0.1278571 0)
(68.808102 0.12658842 0)
(68.808362 0.12535376 0)
(68.80851 0.12414618 0)
(68.808528 0.12296198 0)
(68.808375 0.12180158 0)
(68.807991 0.12066635 0)
(68.807235 0.11954571 0)
(68.805846 0.11844304 0)
(68.803103 0.11735342 0)
(68.797396 0.11626896 0)
(68.783449 0.11516257 0)
(68.748551 0.11381536 0)
(68.658188 0.11176778 0)
(68.464815 0.10839856 0)
(68.136809 0.10350609 0)
(67.713667 0.097570993 0)
(67.251705 0.091485061 0)
(66.782495 0.085727175 0)
(66.305196 0.080162107 0)
(65.821763 0.074853707 0)
(65.328365 0.069740976 0)
(64.832084 0.064802958 0)
(64.340456 0.060151191 0)
(63.859924 0.05580758 0)
(63.395916 0.051799443 0)
(62.949692 0.048127953 0)
(62.522843 0.044763119 0)
(62.114991 0.041690245 0)
(61.725306 0.038879298 0)
(61.352823 0.036304162 0)
(60.996216 0.033944925 0)
(60.654271 0.031773242 0)
(60.325951 0.02977644 0)
(60.010067 0.027936847 0)
(59.705797 0.026235347 0)
(59.412252 0.0246663 0)
(59.128601 0.023211455 0)
(58.854219 0.021858251 0)
(58.588289 0.020608413 0)
(58.330063 0.019442093 0)
(58.078677 0.018347194 0)
(57.83369 0.017336133 0)
(57.59406 0.01638371 0)
(57.359869 0.015478963 0)
(57.130733 0.014646852 0)
(56.906185 0.013868656 0)
(56.685843 0.013104775 0)
(56.470494 0.012396084 0)
(56.258941 0.011755224 0)
(56.051085 0.011111539 0)
(55.847364 0.010417629 0)
(55.650125 0.0097418589 0)
(55.458245 0.0092200785 0)
(55.267212 0.0078982532 0)
(55.113575 0.0080975683 0)
(54.89207 0.0047062491 0)
(68.585673 0.12818081 0)
(68.598188 0.15935718 0)
(68.623502 0.18188287 0)
(68.654371 0.18947712 0)
(68.680506 0.18450679 0)
(68.696092 0.17468959 0)
(68.702367 0.16706274 0)
(68.704588 0.16434981 0)
(68.70738 0.16522681 0)
(68.71234 0.16717293 0)
(68.718776 0.16871028 0)
(68.725601 0.16953169 0)
(68.732283 0.16974154 0)
(68.738727 0.16944508 0)
(68.744913 0.16869192 0)
(68.750765 0.16754417 0)
(68.756205 0.16610474 0)
(68.76122 0.16448514 0)
(68.765853 0.16274363 0)
(68.770139 0.16089962 0)
(68.774088 0.15898608 0)
(68.777704 0.157031 0)
(68.781002 0.15508062 0)
(68.784019 0.1531678 0)
(68.786796 0.15129034 0)
(68.789358 0.14944315 0)
(68.79171 0.14761857 0)
(68.793851 0.145834 0)
(68.795799 0.14410211 0)
(68.797574 0.14242206 0)
(68.799196 0.14078719 0)
(68.800665 0.1391847 0)
(68.801983 0.13762663 0)
(68.803157 0.13611358 0)
(68.804202 0.13464778 0)
(68.805128 0.13321521 0)
(68.805934 0.13181739 0)
(68.806624 0.13045821 0)
(68.807209 0.12913502 0)
(68.807693 0.12784066 0)
(68.808078 0.12657636 0)
(68.808368 0.12534555 0)
(68.808569 0.12414179 0)
(68.808677 0.12296176 0)
(68.80868 0.12180646 0)
(68.808566 0.12067801 0)
(68.808295 0.11956776 0)
(68.807799 0.11847817 0)
(68.806919 0.11740401 0)
(68.805368 0.11634559 0)
(68.802293 0.11529771 0)
(68.795811 0.11424925 0)
(68.779427 0.11316491 0)
(68.738028 0.1117746 0)
(68.631708 0.10953851 0)
(68.41214 0.10592589 0)
(68.062382 0.10084027 0)
(67.631266 0.094926616 0)
(67.17168 0.089020923 0)
(66.707416 0.083429001 0)
(66.233924 0.07803238 0)
(65.756382 0.07287876 0)
(65.266567 0.067899698 0)
(64.776876 0.06309768 0)
(64.292042 0.058588922 0)
(63.81886 0.054386325 0)
(63.36206 0.05050863 0)
(62.923412 0.046954623 0)
(62.503633 0.043700705 0)
(62.102657 0.040722747 0)
(61.719394 0.038000725 0)
(61.352823 0.035501035 0)
(61.001791 0.033208966 0)
(60.664959 0.031102945 0)
(60.341309 0.029159955 0)
(60.02981 0.027372118 0)
(59.729528 0.025718051 0)
(59.439726 0.024183541 0)
(59.159643 0.022769038 0)
(58.88845 0.021453668 0)
(58.62555 0.02022416 0)
(58.370285 0.019091364 0)
(58.121473 0.018027746 0)
(57.878909 0.017020857 0)
(57.641876 0.016094904 0)
(57.40992 0.015230361 0)
(57.182541 0.014383858 0)
(56.960575 0.013597867 0)
(56.74276 0.012887577 0)
(56.528978 0.012177384 0)
(56.319593 0.011413853 0)
(56.11698 0.010669183 0)
(55.920077 0.010095206 0)
(55.723982 0.0086565161 0)
(55.565969 0.0088857819 0)
(55.337658 0.0051645622 0)
(68.591822 0.12678825 0)
(68.603449 0.15548649 0)
(68.626455 0.17675328 0)
(68.654781 0.18481666 0)
(68.679363 0.18133485 0)
(68.694703 0.17301724 0)
(68.701543 0.16627228 0)
(68.704426 0.16378076 0)
(68.707572 0.16455529 0)
(68.712582 0.16637617 0)
(68.718938 0.16785978 0)
(68.725671 0.1686864 0)
(68.73228 0.16893623 0)
(68.738665 0.16869679 0)
(68.744803 0.16800942 0)
(68.75062 0.16693132 0)
(68.75604 0.16555941 0)
(68.761045 0.16400007 0)
(68.765673 0.1623124 0)
(68.769958 0.16051829 0)
(68.773908 0.1586498 0)
(68.77753 0.15673632 0)
(68.780836 0.15482196 0)
(68.783862 0.15293938 0)
(68.786648 0.15108851 0)
(68.789218 0.149265 0)
(68.791578 0.14746268 0)
(68.793727 0.14569766 0)
(68.795683 0.14398273 0)
(68.797466 0.14231752 0)
(68.799094 0.14069589 0)
(68.80057 0.13910606 0)
(68.801894 0.13755894 0)
(68.803074 0.13605572 0)
(68.804125 0.1345983 0)
(68.805055 0.1331737 0)
(68.805865 0.13178299 0)
(68.80656 0.13042998 0)
(68.807149 0.12911224 0)
(68.807638 0.12782292 0)
(68.80803 0.12656307 0)
(68.808331 0.12533603 0)
(68.808549 0.12413573 0)
(68.808687 0.12295895 0)
(68.808742 0.12180678 0)
(68.808717 0.12068167 0)
(68.808604 0.11957596 0)
(68.808385 0.11849266 0)
(68.808017 0.11742841 0)
(68.80743 0.11638307 0)
(68.806443 0.11534884 0)
(68.804734 0.11433104 0)
(68.801272 0.11332215 0)
(68.793755 0.11230487 0)
(68.774239 0.11122176 0)
(68.723567 0.10975145 0)
(68.597263 0.1072894 0)
(68.348257 0.1034021 0)
(67.977446 0.098131189 0)
(67.54023 0.092267416 0)
(67.083466 0.086556586 0)
(66.623743 0.08111885 0)
(66.154036 0.075882669 0)
(65.681684 0.070879119 0)
(65.195847 0.066035117 0)
(64.711254 0.061377205 0)
(64.232851 0.057003605 0)
(63.767239 0.052938491 0)
(63.31787 0.049192263 0)
(62.886983 0.04575386 0)
(62.474529 0.042610995 0)
(62.080493 0.039727238 0)
(61.703862 0.037089952 0)
(61.343363 0.034672935 0)
(60.997872 0.032449209 0)
(60.666213 0.03040787 0)
(60.347278 0.028523975 0)
(60.040179 0.026780392 0)
(59.744063 0.02517603 0)
(59.458013 0.023687962 0)
(59.181464 0.022300457 0)
(58.9137 0.02102544 0)
(58.653866 0.019834034 0)
(58.40138 0.018709525 0)
(58.155542 0.017676886 0)
(57.915514 0.016716676 0)
(57.680477 0.015778492 0)
(57.451331 0.014906703 0)
(57.22673 0.014119463 0)
(57.006543 0.013335796 0)
(56.791059 0.012495932 0)
(56.582632 0.011675555 0)
(56.380372 0.011044517 0)
(56.178801 0.0094798904 0)
(56.016159 0.0097435681 0)
(55.780514 0.0056640276 0)
(68.597815 0.12538552 0)
(68.60861 0.15177477 0)
(68.629482 0.17179726 0)
(68.655392 0.18022407 0)
(68.678427 0.17811485 0)
(68.69345 0.17122842 0)
(68.700772 0.16535865 0)
(68.704269 0.16311864 0)
(68.70776 0.16382005 0)
(68.712825 0.16553168 0)
(68.719106 0.16696914 0)
(68.725748 0.16780403 0)
(68.732284 0.16809479 0)
(68.738608 0.16791352 0)
(68.744696 0.16729367 0)
(68.750476 0.16628728 0)
(68.755872 0.16498522 0)
(68.760866 0.16348871 0)
(68.765489 0.16185741 0)
(68.769771 0.16011552 0)
(68.773723 0.15829435 0)
(68.77735 0.15642445 0)
(68.780664 0.15454802 0)
(68.783699 0.15269742 0)
(68.786494 0.15087468 0)
(68.789072 0.14907626 0)
(68.791439 0.1472974 0)
(68.793598 0.14555308 0)
(68.795562 0.14385611 0)
(68.797353 0.14220664 0)
(68.798988 0.14059905 0)
(68.80047 0.13902259 0)
(68.8018 0.1374871 0)
(68.802987 0.13599429 0)
(68.804043 0.13454577 0)
(68.804978 0.13312963 0)
(68.805793 0.13174644 0)
(68.806492 0.13039997 0)
(68.807085 0.12908799 0)
(68.807578 0.12780398 0)
(68.807975 0.12654877 0)
(68.808281 0.12532563 0)
(68.808505 0.12412883 0)
(68.808653 0.1229552 0)
(68.808725 0.12180578 0)
(68.808729 0.12068306 0)
(68.808667 0.11957986 0)
(68.808536 0.11849934 0)
(68.808329 0.11743909 0)
(68.808028 0.11639955 0)
(68.807588 0.11537491 0)
(68.806932 0.11437025 0)
(68.805853 0.11337321 0)
(68.803967 0.11239187 0)
(68.800057 0.11141794 0)
(68.791052 0.11042988 0)
(68.767245 0.10932554 0)
(68.703999 0.10772954 0)
(68.553147 0.10499457 0)
(68.272445 0.10081233 0)
(67.882347 0.095386427 0)
(67.440989 0.089602548 0)
(66.987967 0.084093764 0)
(66.532042 0.078799396 0)
(66.06692 0.073740112 0)
(65.596171 0.068874856 0)
(65.115176 0.064149097 0)
(64.636031 0.05963569 0)
(64.164418 0.055399753 0)
(63.706581 0.051470278 0)
(63.264944 0.047856005 0)
(62.841843 0.044531683 0)
(62.437028 0.041494283 0)
(62.049994 0.038714001 0)
(61.679852 0.036162355 0)
(61.325419 0.03382565 0)
(60.985489 0.031675026 0)
(60.659008 0.029689746 0)
(60.344947 0.027866731 0)
(60.042253 0.026179861 0)
(59.750247 0.02461064 0)
(59.468168 0.023170802 0)
(59.19521 0.021829452 0)
(58.93067 0.020568187 0)
(58.674287 0.019413147 0)
(58.424717 0.018342595 0)
(58.181248 0.017300879 0)
(57.944284 0.016334404 0)
(57.712302 0.015461623 0)
(57.485167 0.014596613 0)
(57.263094 0.013672946 0)
(57.048356 0.012769136 0)
(56.840365 0.01207562 0)
(56.632838 0.010375033 0)
(56.465301 0.010678162 0)
(56.22173 0.0062091103 0)
(68.603655 0.12397288 0)
(68.613672 0.14822075 0)
(68.632567 0.16702532 0)
(68.656195 0.17571373 0)
(68.677705 0.17485621 0)
(68.692345 0.16932694 0)
(68.700065 0.16432059 0)
(68.704124 0.16235956 0)
(68.707945 0.16301745 0)
(68.71307 0.16463664 0)
(68.719279 0.16603611 0)
(68.725833 0.16688286 0)
(68.732293 0.16721585 0)
(68.738556 0.16709397 0)
(68.744591 0.16654338 0)
(68.750332 0.16561071 0)
(68.755704 0.16438084 0)
(68.760684 0.16294981 0)
(68.7653 0.16137745 0)
(68.769579 0.15969016 0)
(68.773532 0.15791869 0)
(68.777163 0.15609442 0)
(68.780485 0.15425791 0)
(68.78353 0.15244113 0)
(68.786334 0.15064813 0)
(68.78892 0.14887629 0)
(68.791295 0.14712217 0)
(68.793462 0.14539975 0)
(68.795435 0.14372179 0)
(68.797234 0.14208903 0)
(68.798876 0.14049634 0)
(68.800365 0.13893401 0)
(68.801702 0.13741085 0)
(68.802895 0.13592905 0)
(68.803957 0.13449002 0)
(68.804897 0.1330828 0)
(68.805717 0.13170759 0)
(68.806421 0.13036806 0)
(68.807018 0.12906219 0)
(68.807515 0.12778379 0)
(68.807916 0.1265335 0)
(68.808225 0.12531445 0)
(68.808454 0.1241213 0)
(68.808606 0.12295093 0)
(68.808685 0.12180427 0)
(68.808698 0.12068379 0)
(68.808652 0.11958271 0)
(68.808549 0.11850402 0)
(68.808391 0.11744563 0)
(68.808179 0.11640825 0)
(68.807903 0.11538733 0)
(68.807545 0.11438801 0)
(68.807055 0.11340031 0)
(68.806346 0.11243236 0)
(68.80519 0.11147042 0)
(68.803084 0.11052214 0)
(68.798588 0.10957807 0)
(68.787476 0.10861564 0)
(68.757827 0.10746258 0)
(68.677806 0.10568363 0)
(68.497561 0.10263872 0)
(68.184349 0.098146181 0)
(67.778292 0.092614727 0)
(67.334212 0.086938913 0)
(66.886149 0.081649025 0)
(66.432829 0.076517996 0)
(65.972168 0.071603295 0)
(65.502331 0.066856421 0)
(65.026471 0.062251103 0)
(64.552923 0.05788038 0)
(64.088445 0.053784521 0)
(63.638426 0.049987571 0)
(63.204871 0.046500853 0)
(62.789346 0.043302831 0)
(62.391927 0.040370029 0)
(62.011881 0.037688593 0)
(61.648253 0.035226434 0)
(61.299919 0.032960091 0)
(60.965697 0.030883862 0)
(60.644387 0.028967712 0)
(60.335108 0.027189741 0)
(60.037011 0.025560371 0)
(59.749172 0.024046869 0)
(59.470836 0.022627325 0)
(59.201806 0.021328575 0)
(58.940664 0.020129961 0)
(58.687137 0.018969924 0)
(58.440996 0.017894681 0)
(58.200954 0.016925603 0)
(57.966257 0.015970968 0)
(57.737038 0.014955138 0)
(57.515434 0.013959144 0)
(57.301288 0.013197146 0)
(57.087252 0.011349497 0)
(56.914539 0.011697711 0)
(56.662375 0.0068048765 0)
(68.609342 0.12255172 0)
(68.618624 0.14482172 0)
(68.635706 0.16244515 0)
(68.657192 0.17129969 0)
(68.677203 0.17156954 0)
(68.691398 0.16731778 0)
(68.699431 0.16315782 0)
(68.703997 0.16150009 0)
(68.708131 0.16214389 0)
(68.713318 0.16368821 0)
(68.719461 0.16505834 0)
(68.725927 0.1659211 0)
(68.732312 0.16629802 0)
(68.738509 0.16623683 0)
(68.744491 0.16575719 0)
(68.750189 0.16490028 0)
(68.755534 0.16374493 0)
(68.7605 0.16238205 0)
(68.765107 0.16087127 0)
(68.769382 0.15924106 0)
(68.773335 0.15752169 0)
(68.77697 0.15574521 0)
(68.780299 0.15395069 0)
(68.783353 0.15216966 0)
(68.786166 0.15040809 0)
(68.78876 0.14866439 0)
(68.791144 0.14693636 0)
(68.79332 0.14523711 0)
(68.795302 0.1435793 0)
(68.79711 0.14196425 0)
(68.798759 0.14038738 0)
(68.800255 0.13883998 0)
(68.801598 0.1373299 0)
(68.802798 0.13585977 0)
(68.803866 0.13443081 0)
(68.804812 0.13303305 0)
(68.805637 0.1316663 0)
(68.806346 0.13033412 0)
(68.806947 0.12903474 0)
(68.807449 0.12776228 0)
(68.807853 0.12651719 0)
(68.808166 0.12530248 0)
(68.808398 0.1241132 0)
(68.808554 0.12294624 0)
(68.808636 0.12180247 0)
(68.808654 0.12068429 0)
(68.808614 0.1195853 0)
(68.80852 0.11850828 0)
(68.808377 0.11745132 0)
(68.808192 0.11641518 0)
(68.807964 0.11539568 0)
(68.807695 0.11439793 0)
(68.807373 0.11341377 0)
(68.806979 0.11245098 0)
(68.806461 0.11149797 0)
(68.805709 0.11056247 0)
(68.804477 0.10963338 0)
(68.802084 0.10871804 0)
(68.796808 0.10779761 0)
(68.782725 0.10685117 0)
(68.745023 0.10562105 0)
(68.64321 0.10358694 0)
(68.42844 0.10019387 0)
(68.084095 0.095395951 0)
(67.666338 0.089855163 0)
(67.223276 0.084362223 0)
(66.779097 0.079225154 0)
(66.327364 0.074242455 0)
(65.87059 0.069464792 0)
(65.401796 0.064829363 0)
(64.93129 0.060349366 0)
(64.463647 0.056119181 0)
(64.006179 0.052166136 0)
(63.563453 0.048512228 0)
(63.137848 0.045148406 0)
(62.730019 0.042069477 0)
(62.340086 0.039244174 0)
(61.96715 0.036650282 0)
(61.610162 0.034278973 0)
(61.267881 0.032096725 0)
(60.939235 0.030077658 0)
(60.623244 0.028230153 0)
(60.318794 0.026519202 0)
(60.025039 0.024918082 0)
(59.741652 0.02345456 0)
(59.467266 0.02210734 0)
(59.201579 0.020808728 0)
(58.944323 0.019608088 0)
(58.694688 0.018528541 0)
(58.451264 0.017471466 0)
(58.214267 0.016353768 0)
(57.985171 0.015255934 0)
(57.76439 0.014418888 0)
(57.54322 0.01241189 0)
(57.365033 0.012811384 0)
(57.103512 0.0074571206 0)
(68.614877 0.12112449 0)
(68.623469 0.14157435 0)
(68.638887 0.15806198 0)
(68.658372 0.1669949 0)
(68.676925 0.1682662 0)
(68.69062 0.16520707 0)
(68.698883 0.16187121 0)
(68.703896 0.16053757 0)
(68.708321 0.16119609 0)
(68.713571 0.16268366 0)
(68.719651 0.16403358 0)
(68.72603 0.16491695 0)
(68.732338 0.16533984 0)
(68.73847 0.16534076 0)
(68.744395 0.16493378 0)
(68.750049 0.16415463 0)
(68.755364 0.16307614 0)
(68.760313 0.16178408 0)
(68.76491 0.1603376 0)
(68.76918 0.15876698 0)
(68.773132 0.15710223 0)
(68.776771 0.15537575 0)
(68.780107 0.15362536 0)
(68.78317 0.15188211 0)
(68.785992 0.15015378 0)
(68.788595 0.14843985 0)
(68.790986 0.14673934 0)
(68.793172 0.14506458 0)
(68.795163 0.14342811 0)
(68.796979 0.14183185 0)
(68.798636 0.14027177 0)
(68.800139 0.13874014 0)
(68.80149 0.13724395 0)
(68.802696 0.13578618 0)
(68.80377 0.13436792 0)
(68.804722 0.13298016 0)
(68.805552 0.13162239 0)
(68.806266 0.13029802 0)
(68.806873 0.12900551 0)
(68.807378 0.12773935 0)
(68.807787 0.12649978 0)
(68.808104 0.12528968 0)
(68.808339 0.1241045 0)
(68.808498 0.12294114 0)
(68.808584 0.12180042 0)
(68.808605 0.12068466 0)
(68.808568 0.11958786 0)
(68.808478 0.11851253 0)
(68.808341 0.11745696 0)
(68.808164 0.11642188 0)
(68.807951 0.11540332 0)
(68.807707 0.11440623 0)
(68.807433 0.11342313 0)
(68.807128 0.11246149 0)
(68.806782 0.11151176 0)
(68.806368 0.11058156 0)
(68.805837 0.10966137 0)
(68.805048 0.10875698 0)
(68.803736 0.10785724 0)
(68.800959 0.10697244 0)
(68.794571 0.1060759 0)
(68.776419 0.10512192 0)
(68.726999 0.10377021 0)
(68.597869 0.10141267 0)
(68.344037 0.097644135 0)
(67.973383 0.092604306 0)
(67.548214 0.087114337 0)
(67.107389 0.081823961 0)
(66.666197 0.076815443 0)
(66.216467 0.071968098 0)
(65.763169 0.067325507 0)
(65.29627 0.062811424 0)
(64.82929 0.058465634 0)
(64.36745 0.054373969 0)
(63.917373 0.050557712 0)
(63.482379 0.047039137 0)
(63.064937 0.043800794 0)
(62.665089 0.040829217 0)
(62.282671 0.038114172 0)
(61.916749 0.03562183 0)
(61.566233 0.033322557 0)
(61.2301 0.031222381 0)
(60.907065 0.02928366 0)
(60.596125 0.027474224 0)
(60.296737 0.025822025 0)
(60.007554 0.024304189 0)
(59.728033 0.022847271 0)
(59.45799 0.021501279 0)
(59.196678 0.02029191 0)
(58.942759 0.019117351 0)
(58.696505 0.017884353 0)
(58.458918 0.016670855 0)
(58.230956 0.015752152 0)
(58.001945 0.013571799 0)
(57.817973 0.014029398 0)
(57.546209 0.0081725411 0)
(68.620263 0.11969425 0)
(68.628203 0.13847342 0)
(68.642102 0.15387856 0)
(68.659731 0.16281131 0)
(68.676873 0.16495842 0)
(68.690019 0.16300235 0)
(68.69843 0.16046287 0)
(68.703828 0.15947017 0)
(68.708522 0.16017103 0)
(68.713832 0.16162036 0)
(68.719853 0.16295953 0)
(68.726145 0.16386852 0)
(68.732376 0.16433986 0)
(68.73844 0.16440443 0)
(68.744305 0.1640718 0)
(68.749912 0.1633724 0)
(68.755196 0.1623731 0)
(68.760125 0.16115455 0)
(68.764711 0.15977512 0)
(68.768974 0.15826668 0)
(68.772924 0.15665909 0)
(68.776565 0.15498494 0)
(68.779909 0.15328092 0)
(68.78298 0.15157756 0)
(68.785811 0.14988434 0)
(68.788422 0.14820191 0)
(68.790822 0.14653042 0)
(68.793016 0.14488155 0)
(68.795017 0.14326769 0)
(68.796842 0.14169135 0)
(68.798507 0.1401491 0)
(68.800017 0.13863413 0)
(68.801376 0.13715266 0)
(68.802589 0.13570799 0)
(68.80367 0.13430112 0)
(68.804627 0.13292395 0)
(68.805463 0.13157569 0)
(68.806182 0.1302596 0)
(68.806794 0.1289744 0)
(68.807304 0.1277149 0)
(68.807716 0.12648118 0)
(68.808038 0.12527598 0)
(68.808277 0.12409514 0)
(68.808439 0.1229356 0)
(68.808528 0.12179812 0)
(68.808552 0.12068493 0)
(68.808518 0.11959043 0)
(68.808431 0.11851687 0)
(68.808297 0.11746275 0)
(68.808124 0.11642872 0)
(68.807916 0.11541106 0)
(68.807679 0.11441445 0)
(68.807419 0.11343188 0)
(68.807139 0.11247045 0)
(68.80684 0.11152148 0)
(68.806517 0.11059228 0)
(68.806162 0.10967509 0)
(68.805745 0.10877608 0)
(68.805213 0.1078856 0)
(68.804389 0.10700921 0)
(68.802962 0.10614124 0)
(68.799701 0.10528175 0)
(68.791575 0.10440685 0)
(68.767835 0.10340905 0)
(68.701068 0.10186868 0)
(68.538859 0.09914664 0)
(68.245606 0.095005453 0)
(67.853707 0.089794736 0)
(67.423969 0.084395789 0)
(66.986976 0.079300417 0)
(66.547988 0.074414983 0)
(66.101149 0.069731588 0)
(65.646958 0.065205959 0)
(65.183631 0.060803072 0)
(64.721087 0.056591514 0)
(64.265851 0.052634869 0)
(63.823568 0.048959198 0)
(63.396713 0.045567198 0)
(62.987251 0.042459222 0)
(62.595288 0.039608088 0)
(62.220218 0.036982911 0)
(61.861352 0.034588234 0)
(61.517369 0.032384943 0)
(61.187124 0.030335079 0)
(60.869874 0.028465703 0)
(60.564217 0.026752239 0)
(60.269293 0.025114888 0)
(59.984947 0.023602511 0)
(59.710322 0.022243987 0)
(59.444214 0.020933052 0)
(59.186669 0.01956706 0)
(58.938991 0.018222123 0)
(58.702335 0.017211105 0)
(58.464672 0.014838339 0)
(58.2746 0.015363356 0)
(57.991561 0.0089589697 0)
(68.625501 0.11826524 0)
(68.632828 0.13551273 0)
(68.645343 0.14989467 0)
(68.661258 0.15875918 0)
(68.677046 0.16165879 0)
(68.689604 0.16071226 0)
(68.698083 0.15893607 0)
(68.703804 0.15829691 0)
(68.708737 0.15906616 0)
(68.714104 0.16049587 0)
(68.720067 0.16183409 0)
(68.726273 0.162774 0)
(68.732425 0.1632966 0)
(68.738419 0.16342654 0)
(68.744222 0.16316993 0)
(68.74978 0.16255224 0)
(68.755029 0.16163442 0)
(68.759936 0.16049207 0)
(68.764508 0.15918248 0)
(68.768764 0.15773888 0)
(68.772711 0.15619107 0)
(68.776354 0.15457164 0)
(68.779704 0.15291628 0)
(68.782784 0.15125502 0)
(68.785623 0.14959889 0)
(68.788242 0.14794976 0)
(68.790651 0.14630887 0)
(68.792854 0.14468737 0)
(68.794865 0.14309746 0)
(68.796699 0.14154225 0)
(68.798372 0.1400189 0)
(68.79989 0.13852155 0)
(68.801256 0.1370557 0)
(68.802476 0.1356249 0)
(68.803564 0.13423014 0)
(68.804527 0.13286417 0)
(68.805369 0.131526 0)
(68.806094 0.1302187 0)
(68.80671 0.12894125 0)
(68.807225 0.12768881 0)
(68.807642 0.1264613 0)
(68.807968 0.12526132 0)
(68.808211 0.12408507 0)
(68.808376 0.12292959 0)
(68.808469 0.12179554 0)
(68.808496 0.12068509 0)
(68.808465 0.11959303 0)
(68.808381 0.11852135 0)
(68.808249 0.11746875 0)
(68.808079 0.11643583 0)
(68.807874 0.11541908 0)
(68.807641 0.11442293 0)
(68.807385 0.11344082 0)
(68.807112 0.11247944 0)
(68.806826 0.11153066 0)
(68.806527 0.11060139 0)
(68.806218 0.10968468 0)
(68.805894 0.10878664 0)
(68.805545 0.107899 0)
(68.805135 0.10702816 0)
(68.804606 0.10616965 0)
(68.803754 0.10531741 0)
(68.802135 0.10447846 0)
(68.79824 0.10364046 0)
(68.78734 0.10278474 0)
(68.755467 0.10170307 0)
(68.665146 0.09989458 0)
(68.464388 0.096777965 0)
(68.13377 0.092270147 0)
(67.727325 0.086970864 0)
(67.294364 0.081705047 0)
(66.861938 0.076821778 0)
(66.424049 0.07207699 0)
(65.98003 0.067522138 0)
(65.525149 0.063091814 0)
(65.066205 0.058800281 0)
(64.60878 0.054731635 0)
(64.160243 0.050910078 0)
(63.72542 0.04737823 0)
(63.306795 0.044124518 0)
(62.905228 0.041125511 0)
(62.521185 0.03838858 0)
(62.153648 0.035877474 0)
(61.801589 0.033548368 0)
(61.464229 0.031427211 0)
(61.140088 0.029488197 0)
(60.828004 0.027644178 0)
(60.527761 0.025941685 0)
(60.238326 0.024412567 0)
(59.958535 0.022945844 0)
(59.688113 0.021428578 0)
(59.428635 0.019932316 0)
(59.18109 0.018813616 0)
(58.933763 0.016227388 0)
(58.73623 0.016829382 0)
(58.4407 0.0098253995 0)
(68.630596 0.116842 0)
(68.637346 0.13268835 0)
(68.648604 0.14610811 0)
(68.662945 0.15484682 0)
(68.67744 0.15838015 0)
(68.689379 0.15834674 0)
(68.697851 0.15729545 0)
(68.70383 0.15701787 0)
(68.708973 0.15787944 0)
(68.714391 0.15930795 0)
(68.720297 0.16065517 0)
(68.726417 0.16163157 0)
(68.732487 0.16220858 0)
(68.738409 0.16240577 0)
(68.744148 0.16222686 0)
(68.749654 0.1616928 0)
(68.754865 0.16085873 0)
(68.759747 0.15979525 0)
(68.764304 0.15855832 0)
(68.76855 0.15718226 0)
(68.772494 0.15569687 0)
(68.776138 0.15413464 0)
(68.779493 0.15253033 0)
(68.78258 0.15091346 0)
(68.785428 0.14929649 0)
(68.788055 0.14768256 0)
(68.790473 0.14607394 0)
(68.792686 0.14448136 0)
(68.794705 0.14291682 0)
(68.796548 0.141384 0)
(68.79823 0.13988072 0)
(68.799756 0.13840198 0)
(68.801129 0.1369527 0)
(68.802358 0.1355366 0)
(68.803452 0.13415471 0)
(68.804422 0.13280061 0)
(68.80527 0.13147313 0)
(68.806 0.13017517 0)
(68.806622 0.12890594 0)
(68.807142 0.12766098 0)
(68.807563 0.12644005 0)
(68.807893 0.12524561 0)
(68.80814 0.12407424 0)
(68.808309 0.12292306 0)
(68.808406 0.12179265 0)
(68.808436 0.12068511 0)
(68.808408 0.11959563 0)
(68.808327 0.11852596 0)
(68.808198 0.11747498 0)
(68.80803 0.11644323 0)
(68.807828 0.11542746 0)
(68.807597 0.11443177 0)
(68.807345 0.11345013 0)
(68.807075 0.11248876 0)
(68.806792 0.11154008 0)
(68.806501 0.11061058 0)
(68.806204 0.1096938 0)
(68.805903 0.10879548 0)
(68.805599 0.1079081 0)
(68.805285 0.10703841 0)
(68.80495 0.10618253 0)
(68.804558 0.10533606 0)
(68.804027 0.10450583 0)
(68.803145 0.10367826 0)
(68.801228 0.10286794 0)
(68.796346 0.10204767 0)
(68.781289 0.10119493 0)
(68.737608 0.099986417 0)
(68.616874 0.097816564 0)
(68.37257 0.094262235 0)
(68.009636 0.089455574 0)
(67.593967 0.084196419 0)
(67.16281 0.079129681 0)
(66.733019 0.074374473 0)
(66.296026 0.069750877 0)
(65.854546 0.065316973 0)
(65.39991 0.061000605 0)
(64.944021 0.056826707 0)
(64.492019 0.052895314 0)
(64.050631 0.049223488 0)
(63.623425 0.045813944 0)
(63.213195 0.042689605 0)
(62.81997 0.039824702 0)
(62.443551 0.037171548 0)
(62.08353 0.034757351 0)
(61.738488 0.032556561 0)
(61.407112 0.030473911 0)
(61.089092 0.028552968 0)
(60.783204 0.026828178 0)
(60.488202 0.02518392 0)
(60.20347 0.023495278 0)
(59.930717 0.021828256 0)
(59.670606 0.020584809 0)
(59.412386 0.017759963 0)
(59.204741 0.018447686 0)
(58.895027 0.010782586 0)
(68.635552 0.11542866 0)
(68.641759 0.1299974 0)
(68.651878 0.14251495 0)
(68.66478 0.15108016 0)
(68.678052 0.15513495 0)
(68.689349 0.15591671 0)
(68.697744 0.15554686 0)
(68.703917 0.15563412 0)
(68.709235 0.15660944 0)
(68.714696 0.15805467 0)
(68.720544 0.15942093 0)
(68.726577 0.1604395 0)
(68.732565 0.16107433 0)
(68.738412 0.16134083 0)
(68.744084 0.16124129 0)
(68.749535 0.16079273 0)
(68.754705 0.16004464 0)
(68.75956 0.15906269 0)
(68.764099 0.15790123 0)
(68.768334 0.15659545 0)
(68.772272 0.15517521 0)
(68.775916 0.15367271 0)
(68.779276 0.15212192 0)
(68.78237 0.15055182 0)
(68.785226 0.14897618 0)
(68.787861 0.14739942 0)
(68.790287 0.14582483 0)
(68.79251 0.14426279 0)
(68.794539 0.1427251 0)
(68.796391 0.14121603 0)
(68.798081 0.13973403 0)
(68.799615 0.13827498 0)
(68.800997 0.13684326 0)
(68.802233 0.13544275 0)
(68.803335 0.13407454 0)
(68.804311 0.132733 0)
(68.805165 0.13141685 0)
(68.805902 0.13012881 0)
(68.806529 0.12886832 0)
(68.807054 0.12763127 0)
(68.80748 0.12641733 0)
(68.807815 0.12522877 0)
(68.808065 0.12406258 0)
(68.808239 0.12291596 0)
(68.808339 0.12178942 0)
(68.808372 0.12068498 0)
(68.808348 0.11959823 0)
(68.808269 0.1185307 0)
(68.808144 0.11748144 0)
(68.807979 0.11645095 0)
(68.807779 0.1154362 0)
(68.807551 0.11444102 0)
(68.8073 0.11345987 0)
(68.807033 0.1124985 0)
(68.806753 0.11154992 0)
(68.806464 0.11062014 0)
(68.806171 0.10970318 0)
(68.805876 0.10880439 0)
(68.805584 0.10791677 0)
(68.805292 0.10704673 0)
(68.805003 0.10619083 0)
(68.804708 0.10534584 0)
(68.804393 0.10451836 0)
(68.804024 0.10369666 0)
(68.803488 0.10289234 0)
(68.802548 0.10209042 0)
(68.800185 0.10130687 0)
(68.793713 0.10050677 0)
(68.772828 0.099610617 0)
(68.710757 0.098195401 0)
(68.552564 0.095614479 0)
(68.263387 0.091629401 0)
(67.8766 0.086622662 0)
(67.45586 0.081461394 0)
(67.028417 0.076586954 0)
(66.600174 0.071941099 0)
(66.164705 0.067468871 0)
(65.722218 0.06313645 0)
(65.269876 0.058927114 0)
(64.817468 0.054894091 0)
(64.371579 0.051079305 0)
(63.937905 0.047547671 0)
(63.519014 0.044290884 0)
(63.116732 0.041268794 0)
(62.731783 0.038516157 0)
(62.363262 0.036011338 0)
(62.010125 0.033651294 0)
(61.672062 0.031477488 0)
(61.347717 0.029526848 0)
(61.035721 0.027679202 0)
(60.735132 0.0257959 0)
(60.447638 0.023936987 0)
(60.17356 0.022548637 0)
(59.903103 0.019459707 0)
(59.683128 0.020246116 0)
(59.357005 0.01184483 0)
(68.640374 0.11402949 0)
(68.646073 0.1274344 0)
(68.655162 0.1391094 0)
(68.666752 0.14746325 0)
(68.678873 0.15193507 0)
(68.689516 0.15343401 0)
(68.697769 0.15369749 0)
(68.704073 0.15414793 0)
(68.709532 0.15525551 0)
(68.715023 0.1567345 0)
(68.720813 0.15812974 0)
(68.726757 0.15919621 0)
(68.73266 0.15989246 0)
(68.73843 0.16023048 0)
(68.744032 0.160212 0)
(68.749424 0.15985074 0)
(68.75455 0.1591908 0)
(68.759375 0.15829297 0)
(68.763894 0.15720983 0)
(68.768116 0.1559771 0)
(68.772047 0.15462473 0)
(68.77569 0.15318459 0)
(68.779053 0.15168983 0)
(68.782154 0.15016897 0)
(68.785017 0.14863693 0)
(68.78766 0.14709941 0)
(68.790095 0.14556068 0)
(68.792326 0.14403089 0)
(68.794365 0.14252164 0)
(68.796227 0.14103773 0)
(68.797926 0.13957831 0)
(68.799468 0.13814007 0)
(68.800858 0.13672696 0)
(68.802102 0.13534298 0)
(68.803211 0.13398931 0)
(68.804194 0.13266108 0)
(68.805055 0.13135694 0)
(68.805797 0.13007943 0)
(68.80643 0.12882821 0)
(68.80696 0.12759956 0)
(68.807392 0.12639302 0)
(68.807731 0.12521072 0)
(68.807986 0.12405002 0)
(68.808163 0.12290824 0)
(68.808267 0.12178581 0)
(68.808305 0.12068466 0)
(68.808283 0.11960082 0)
(68.808208 0.11853556 0)
(68.808086 0.11748813 0)
(68.807923 0.11645898 0)
(68.807726 0.11544532 0)
(68.807501 0.1144507 0)
(68.807253 0.11347007 0)
(68.806987 0.1125087 0)
(68.806709 0.11156023 0)
(68.806423 0.11063015 0)
(68.806132 0.10971299 0)
(68.80584 0.10881367 0)
(68.805551 0.10792573 0)
(68.805265 0.10705509 0)
(68.804986 0.10619871 0)
(68.804713 0.10535352 0)
(68.804444 0.10452591 0)
(68.804173 0.10370571 0)
(68.803881 0.1029045 0)
(68.803535 0.10210876 0)
(68.802991 0.10132779 0)
(68.80192 0.10055524 0)
(68.798983 0.099788905 0)
(68.789776 0.099007447 0)
(68.760117 0.09801765 0)
(68.671605 0.096296404 0)
(68.469864 0.093272604 0)
(68.139544 0.088889318 0)
(67.737815 0.083787207 0)
(67.313493 0.07876389 0)
(66.890256 0.074095519 0)
(66.462744 0.069563516 0)
(66.029128 0.065219295 0)
(65.584796 0.060988352 0)
(65.136124 0.056867378 0)
(64.688354 0.0529725 0)
(64.248938 0.049317388 0)
(63.822484 0.04589833 0)
(63.412052 0.042767065 0)
(63.018192 0.039914018 0)
(62.640969 0.037232378 0)
(62.280367 0.03476536 0)
(61.93516 0.032552601 0)
(61.604 0.030469972 0)
(61.285682 0.028364015 0)
(60.981772 0.026288394 0)
(60.692276 0.024731667 0)
(60.408122 0.021353317 0)
(60.17452 0.022256745 0)
(59.829611 0.013030125 0)
(68.645067 0.11264853 0)
(68.65029 0.12499357 0)
(68.658449 0.13588517 0)
(68.668852 0.14399826 0)
(68.679895 0.14879151 0)
(68.68988 0.15091113 0)
(68.697935 0.15175581 0)
(68.704307 0.1525627 0)
(68.709869 0.15381777 0)
(68.715378 0.15534638 0)
(68.721106 0.15678024 0)
(68.72696 0.15790026 0)
(68.732774 0.15866164 0)
(68.738464 0.15907353 0)
(68.743994 0.15913779 0)
(68.749324 0.15886558 0)
(68.754403 0.15829589 0)
(68.759195 0.15748473 0)
(68.763691 0.15648269 0)
(68.767898 0.1553258 0)
(68.77182 0.15404407 0)
(68.77546 0.15266895 0)
(68.778825 0.15123283 0)
(68.781932 0.14976376 0)
(68.784802 0.14827768 0)
(68.787453 0.14678156 0)
(68.789895 0.14528061 0)
(68.792136 0.14378486 0)
(68.794185 0.1423057 0)
(68.796056 0.14084846 0)
(68.797763 0.13941298 0)
(68.799314 0.13799674 0)
(68.800712 0.13660336 0)
(68.801965 0.13523691 0)
(68.803081 0.13389869 0)
(68.804071 0.13258455 0)
(68.804938 0.13129315 0)
(68.805687 0.13002682 0)
(68.806326 0.12878545 0)
(68.806861 0.12756569 0)
(68.807298 0.126367 0)
(68.807642 0.12519137 0)
(68.807902 0.1240365 0)
(68.808084 0.12289984 0)
(68.808191 0.12178177 0)
(68.808233 0.12068413 0)
(68.808215 0.11960337 0)
(68.808143 0.11854053 0)
(68.808024 0.11749505 0)
(68.807864 0.11646732 0)
(68.80767 0.11545482 0)
(68.807447 0.11446081 0)
(68.807201 0.11348073 0)
(68.806938 0.1125194 0)
(68.806663 0.11157103 0)
(68.806379 0.11064065 0)
(68.80609 0.10972326 0)
(68.8058 0.10882341 0)
(68.805513 0.10793509 0)
(68.805229 0.10706381 0)
(68.804954 0.10620688 0)
(68.804686 0.1053612 0)
(68.804427 0.10453293 0)
(68.804176 0.10371259 0)
(68.803931 0.10291147 0)
(68.803686 0.10211708 0)
(68.80342 0.10133952 0)
(68.80309 0.10057267 0)
(68.802545 0.099809964 0)
(68.801236 0.099064468 0)
(68.797353 0.098311475 0)
(68.783716 0.097530638 0)
(68.740704 0.096392313 0)
(68.617394 0.094264451 0)
(68.367529 0.09075876 0)
(68.003179 0.086067895 0)
(67.59277 0.081008445 0)
(67.169701 0.07616604 0)
(66.748966 0.071637486 0)
(66.321828 0.06723025 0)
(65.890068 0.062981549 0)
(65.445146 0.05885733 0)
(64.99871 0.054875019 0)
(64.556003 0.051081409 0)
(64.123748 0.047558388 0)
(63.70534 0.044322874 0)
(63.303071 0.04127799 0)
(62.91786 0.038475221 0)
(62.549302 0.03595864 0)
(62.196518 0.033602883 0)
(61.858211 0.031240402 0)
(61.535838 0.028917986 0)
(61.229176 0.027165262 0)
(60.929655 0.023468339 0)
(60.681368 0.024510307 0)
(60.315287 0.014357583 0)
(68.649637 0.11128931 0)
(68.654416 0.12266993 0)
(68.661738 0.13283499 0)
(68.671066 0.14068539 0)
(68.681109 0.14571403 0)
(68.690439 0.14836088 0)
(68.698246 0.1497314 0)
(68.704629 0.15088304 0)
(68.710256 0.15229724 0)
(68.715767 0.15388979 0)
(68.721428 0.15537146 0)
(68.727188 0.15655046 0)
(68.732911 0.15738067 0)
(68.738517 0.15786888 0)
(68.743972 0.15801757 0)
(68.749237 0.15783606 0)
(68.754264 0.15735861 0)
(68.759019 0.15663659 0)
(68.76349 0.15571842 0)
(68.767679 0.15464016 0)
(68.77159 0.15343186 0)
(68.775226 0.15212447 0)
(68.778592 0.15074965 0)
(68.781703 0.14933499 0)
(68.78458 0.14789731 0)
(68.787238 0.14644483 0)
(68.789689 0.1449837 0)
(68.791938 0.14352386 0)
(68.793997 0.14207653 0)
(68.795877 0.14064755 0)
(68.797594 0.13923745 0)
(68.799153 0.13784447 0)
(68.80056 0.136472 0)
(68.80182 0.13512412 0)
(68.802945 0.13380232 0)
(68.803942 0.13250312 0)
(68.804816 0.13122522 0)
(68.805571 0.12997075 0)
(68.806216 0.12873984 0)
(68.806757 0.12752951 0)
(68.807199 0.12633915 0)
(68.807548 0.1251706 0)
(68.807813 0.12402192 0)
(68.807999 0.1228907 0)
(68.808111 0.12177726 0)
(68.808156 0.12068337 0)
(68.808141 0.11960586 0)
(68.808073 0.11854561 0)
(68.807958 0.11750219 0)
(68.807801 0.116476 0)
(68.807609 0.11546473 0)
(68.807389 0.11447138 0)
(68.807147 0.11349187 0)
(68.806886 0.1125306 0)
(68.806613 0.11158234 0)
(68.806331 0.11065166 0)
(68.806044 0.10973404 0)
(68.805756 0.10883362 0)
(68.805471 0.1079449 0)
(68.80519 0.10707296 0)
(68.804916 0.10621542 0)
(68.80465 0.10536921 0)
(68.804394 0.10454023 0)
(68.804148 0.10371949 0)
(68.803912 0.10291766 0)
(68.803686 0.10212307 0)
(68.803466 0.10134601 0)
(68.803248 0.10058042 0)
(68.803013 0.099821119 0)
(68.802694 0.099078168 0)
(68.802123 0.09833623 0)
(68.800422 0.097615198 0)
(68.794862 0.096879507 0)
(68.774684 0.096047966 0)
(68.710368 0.094664229 0)
(68.544214 0.092079858 0)
(68.246366 0.088108951 0)
(67.858616 0.083222669 0)
(67.443482 0.078283521 0)
(67.024337 0.073639522 0)
(66.60469 0.069195273 0)
(66.178359 0.064933205 0)
(65.744407 0.060799853 0)
(65.30154 0.056744438 0)
(64.858298 0.052881797 0)
(64.421873 0.049266815 0)
(63.997088 0.045840516 0)
(63.587139 0.042667282 0)
(63.19366 0.039804501 0)
(62.81707 0.037132883 0)
(62.45635 0.034474586 0)
(62.113109 0.031869247 0)
(61.787122 0.029887473 0)
(61.470245 0.025836202 0)
(61.206004 0.027041309 0)
(60.816274 0.015849013 0)
(68.65409 0.10995522 0)
(68.658457 0.12045853 0)
(68.665025 0.12995075 0)
(68.673386 0.13752308 0)
(68.682503 0.14271089 0)
(68.691189 0.14579601 0)
(68.698707 0.14763484 0)
(68.705046 0.14911476 0)
(68.710698 0.15069591 0)
(68.716193 0.15236485 0)
(68.721782 0.15390283 0)
(68.727446 0.15514594 0)
(68.733073 0.15604856 0)
(68.738592 0.15661556 0)
(68.743967 0.15685034 0)
(68.749164 0.15676108 0)
(68.754137 0.15637778 0)
(68.758851 0.15574727 0)
(68.763292 0.15491566 0)
(68.767461 0.1539188 0)
(68.77136 0.15278671 0)
(68.774989 0.1515498 0)
(68.778355 0.15023899 0)
(68.78147 0.14888142 0)
(68.784352 0.14749468 0)
(68.787017 0.14608819 0)
(68.789475 0.14466897 0)
(68.791733 0.143247 0)
(68.793801 0.14183334 0)
(68.795691 0.14043428 0)
(68.797417 0.13905107 0)
(68.798984 0.13768269 0)
(68.8004 0.13633236 0)
(68.801669 0.13500419 0)
(68.802801 0.13369982 0)
(68.803806 0.13241645 0)
(68.804686 0.13115286 0)
(68.805449 0.129911 0)
(68.8061 0.1286912 0)
(68.806647 0.12749086 0)
(68.807094 0.12630933 0)
(68.807449 0.12514832 0)
(68.807718 0.12400621 0)
(68.807908 0.12288076 0)
(68.808025 0.12177223 0)
(68.808074 0.12068232 0)
(68.808064 0.11960828 0)
(68.807999 0.11855077 0)
(68.807887 0.11750955 0)
(68.807733 0.116485 0)
(68.807545 0.11547504 0)
(68.807328 0.11448241 0)
(68.807088 0.11350351 0)
(68.80683 0.11254232 0)
(68.806559 0.11159418 0)
(68.80628 0.1106632 0)
(68.805995 0.10974534 0)
(68.80571 0.10884434 0)
(68.805426 0.10795519 0)
(68.805147 0.10708257 0)
(68.804875 0.10622438 0)
(68.804611 0.10537762 0)
(68.804357 0.10454787 0)
(68.804113 0.10372668 0)
(68.803879 0.10292407 0)
(68.803658 0.10212911 0)
(68.803446 0.10135146 0)
(68.803246 0.10058549 0)
(68.803054 0.099826941 0)
(68.80286 0.099085557 0)
(68.802654 0.098347066 0)
(68.802346 0.097624284 0)
(68.801673 0.096908819 0)
(68.799422 0.096203556 0)
(68.790838 0.095484516 0)
(68.760365 0.094539797 0)
(68.665049 0.092793788 0)
(68.449791 0.089714329 0)
(68.109671 0.085345043 0)
(67.708997 0.080403264 0)
(67.290747 0.075599092 0)
(66.875655 0.071154418 0)
(66.456532 0.066840326 0)
(66.03154 0.062664793 0)
(65.595116 0.058607243 0)
(65.155571 0.054700426 0)
(64.716884 0.050932462 0)
(64.286673 0.047382501 0)
(63.869679 0.044144217 0)
(63.468682 0.041118122 0)
(63.083745 0.038123417 0)
(62.717274 0.035194347 0)
(62.369543 0.032944531 0)
(62.032979 0.028495251 0)
(61.751093 0.029890869 0)
(61.334943 0.017529759 0)
(68.658432 0.10864908 0)
(68.662416 0.1183544 0)
(68.668308 0.12722403 0)
(68.675799 0.13450844 0)
(68.684064 0.139789 0)
(68.692124 0.14322905 0)
(68.69932 0.14547756 0)
(68.705565 0.14726484 0)
(68.711205 0.14901675 0)
(68.716665 0.15077239 0)
(68.722174 0.15237428 0)
(68.727736 0.15368614 0)
(68.733264 0.15466451 0)
(68.738691 0.15531271 0)
(68.743983 0.15563523 0)
(68.749107 0.15563965 0)
(68.754022 0.15535224 0)
(68.758691 0.15481549 0)
(68.7631 0.15407307 0)
(68.767246 0.15316035 0)
(68.77113 0.15210722 0)
(68.774751 0.15094356 0)
(68.778114 0.14969951 0)
(68.781231 0.14840179 0)
(68.784118 0.1470686 0)
(68.786789 0.14571051 0)
(68.789254 0.14433542 0)
(68.791521 0.14295337 0)
(68.793598 0.14157528 0)
(68.795498 0.1402079 0)
(68.797232 0.13885317 0)
(68.798808 0.13751082 0)
(68.800232 0.13618393 0)
(68.80151 0.13487664 0)
(68.802651 0.1335908 0)
(68.803662 0.13232421 0)
(68.80455 0.13107577 0)
(68.80532 0.12984731 0)
(68.805977 0.12863931 0)
(68.80653 0.12744955 0)
(68.806983 0.1262774 0)
(68.807343 0.1251244 0)
(68.807618 0.12398926 0)
(68.807813 0.12286994 0)
(68.807934 0.12176662 0)
(68.807987 0.12068097 0)
(68.807981 0.11961059 0)
(68.80792 0.11855602 0)
(68.807811 0.11751714 0)
(68.807661 0.11649433 0)
(68.807476 0.11548576 0)
(68.807262 0.11449392 0)
(68.807025 0.11351567 0)
(68.80677 0.11255459 0)
(68.806502 0.11160657 0)
(68.806224 0.1106753 0)
(68.805942 0.10975717 0)
(68.805659 0.10885558 0)
(68.805378 0.10796598 0)
(68.8051 0.10709264 0)
(68.80483 0.10623378 0)
(68.804568 0.10538644 0)
(68.804315 0.10455589 0)
(68.804073 0.10373422 0)
(68.803841 0.10293079 0)
(68.803622 0.10213543 0)
(68.803412 0.10135706 0)
(68.803216 0.10059055 0)
(68.803031 0.099831722 0)
(68.802855 0.099090101 0)
(68.802687 0.098352189 0)
(68.802519 0.097631207 0)
(68.802333 0.096918107 0)
(68.802045 0.096211539 0)
(68.801174 0.09552208 0)
(68.797905 0.094827404 0)
(68.78427 0.09409854 0)
(68.737301 0.092962047 0)
(68.600902 0.090754943 0)
(68.333811 0.08717092 0)
(67.961354 0.082508438 0)
(67.553771 0.07764376 0)
(67.13828 0.07304697 0)
(66.725036 0.068697706 0)
(66.305741 0.064483755 0)
(65.88167 0.060454694 0)
(65.444848 0.056465108 0)
(65.006543 0.052598899 0)
(64.57341 0.048998763 0)
(64.151204 0.045604702 0)
(63.742548 0.042242508 0)
(63.351606 0.038950653 0)
(62.98009 0.036390277 0)
(62.621424 0.031492163 0)
(62.319882 0.033108791 0)
(61.874075 0.019430028 0)
(68.662669 0.10737312 0)
(68.6663 0.11635251 0)
(68.671585 0.12464622 0)
(68.678297 0.13163737 0)
(68.685782 0.13695361 0)
(68.693237 0.1406718 0)
(68.700087 0.14327145 0)
(68.706192 0.14534128 0)
(68.711782 0.14726374 0)
(68.717187 0.14911395 0)
(68.722607 0.15078625 0)
(68.728063 0.15217092 0)
(68.733486 0.15322804 0)
(68.738817 0.15395971 0)
(68.744022 0.15437151 0)
(68.74907 0.15447091 0)
(68.753922 0.15428098 0)
(68.758543 0.1538401 0)
(68.762916 0.15318935 0)
(68.767036 0.15236344 0)
(68.770901 0.15139204 0)
(68.774512 0.15030438 0)
(68.777871 0.14912989 0)
(68.780989 0.1478948 0)
(68.783879 0.14661786 0)
(68.786555 0.14531068 0)
(68.789027 0.143982 0)
(68.791301 0.14264198 0)
(68.793387 0.14130147 0)
(68.795296 0.13996763 0)
(68.79704 0.13864306 0)
(68.798625 0.13732821 0)
(68.800058 0.13602615 0)
(68.801344 0.13474101 0)
(68.802493 0.13347483 0)
(68.803512 0.13222602 0)
(68.804407 0.13099365 0)
(68.805184 0.1297794 0)
(68.805848 0.12858393 0)
(68.806407 0.1274054 0)
(68.806866 0.12624319 0)
(68.807232 0.12509872 0)
(68.807511 0.12397099 0)
(68.807711 0.12285816 0)
(68.807837 0.12176039 0)
(68.807894 0.12067926 0)
(68.807892 0.11961277 0)
(68.807835 0.11856132 0)
(68.80773 0.11752493 0)
(68.807584 0.11650399 0)
(68.807402 0.1154969 0)
(68.807192 0.11450593 0)
(68.806957 0.11352836 0)
(68.806705 0.11256742 0)
(68.80644 0.11161953 0)
(68.806165 0.11068797 0)
(68.805885 0.10976956 0)
(68.805604 0.10886736 0)
(68.805325 0.10797729 0)
(68.80505 0.10710321 0)
(68.804782 0.10624364 0)
(68.804522 0.10539569 0)
(68.804271 0.10456431 0)
(68.80403 0.10374213 0)
(68.8038 0.10293786 0)
(68.803582 0.10214205 0)
(68.803374 0.10136294 0)
(68.80318 0.10059588 0)
(68.802996 0.099836641 0)
(68.802824 0.099094361 0)
(68.802661 0.098356235 0)
(68.802507 0.097635411 0)
(68.802362 0.096922733 0)
(68.802223 0.096217704 0)
(68.80206 0.095526369 0)
(68.801765 0.094837331 0)
(68.800552 0.094169947 0)
(68.795314 0.093490671 0)
(68.773655 0.092691438 0)
(68.700205 0.091249602 0)
(68.514984 0.088531976 0)
(68.198387 0.084469107 0)
(67.80688 0.079684632 0)
(67.395758 0.074941737 0)
(66.984312 0.070516963 0)
(66.571861 0.066303883 0)
(66.153066 0.062196949 0)
(65.72515 0.058171908 0)
(65.291192 0.054309074 0)
(64.857301 0.050592505 0)
(64.430493 0.046864021 0)
(64.017 0.043188357 0)
(63.621441 0.040280367 0)
(63.23898 0.034879706 0)
(62.916032 0.036753823 0)
(62.436958 0.021586207 0)
(68.666808 0.10612933 0)
(68.670114 0.11444779 0)
(68.674856 0.12220872 0)
(68.68087 0.12890492 0)
(68.687642 0.13420856 0)
(68.69452 0.13813523 0)
(68.701006 0.14102871 0)
(68.706934 0.14335307 0)
(68.712438 0.14544188 0)
(68.717767 0.14739193 0)
(68.723088 0.14913984 0)
(68.72843 0.15060062 0)
(68.733743 0.15173897 0)
(68.738974 0.15255614 0)
(68.744088 0.15305862 0)
(68.749055 0.15325415 0)
(68.753839 0.15316311 0)
(68.758407 0.15282001 0)
(68.76274 0.15226331 0)
(68.766831 0.1515268 0)
(68.770675 0.15063979 0)
(68.774273 0.14963091 0)
(68.777627 0.14852876 0)
(68.780743 0.14735914 0)
(68.783635 0.1461412 0)
(68.786316 0.14488751 0)
(68.788793 0.14360762 0)
(68.791075 0.14231186 0)
(68.79317 0.14101101 0)
(68.795087 0.13971263 0)
(68.796839 0.13841999 0)
(68.798433 0.13713421 0)
(68.799875 0.13585843 0)
(68.80117 0.13459675 0)
(68.802327 0.13335145 0)
(68.803354 0.13212149 0)
(68.804257 0.13090614 0)
(68.80504 0.12970698 0)
(68.805711 0.12852483 0)
(68.806276 0.12735821 0)
(68.806742 0.12620654 0)
(68.807113 0.12507113 0)
(68.807398 0.12395127 0)
(68.807603 0.12284533 0)
(68.807733 0.12175344 0)
(68.807796 0.12067714 0)
(68.807798 0.11961478 0)
(68.807745 0.11856665 0)
(68.807644 0.11753292 0)
(68.807501 0.11651399 0)
(68.807323 0.11550847 0)
(68.807116 0.11451843 0)
(68.806885 0.11354158 0)
(68.806636 0.11258083 0)
(68.806373 0.11163308 0)
(68.806101 0.11070123 0)
(68.805824 0.10978253 0)
(68.805546 0.10887971 0)
(68.805269 0.10798913 0)
(68.804996 0.1071143 0)
(68.80473 0.10625398 0)
(68.804472 0.10540538 0)
(68.804223 0.10457314 0)
(68.803984 0.10375041 0)
(68.803755 0.10294527 0)
(68.803539 0.10214898 0)
(68.803332 0.10136912 0)
(68.803139 0.10060146 0)
(68.802957 0.099841795 0)
(68.802786 0.099098835 0)
(68.802626 0.09836048 0)
(68.802474 0.097639096 0)
(68.802333 0.09692607 0)
(68.8022 0.096221337 0)
(68.802077 0.09553065 0)
(68.801966 0.094842695 0)
(68.801834 0.094168922 0)
(68.801465 0.093503901 0)
(68.799672 0.09285065 0)
(68.790692 0.092184 0)
(68.756158 0.091227529 0)
(68.644384 0.089346405 0)
(68.404551 0.086106186 0)
(68.049152 0.081666556 0)
(67.648028 0.076868363 0)
(67.235327 0.072329961 0)
(66.82755 0.068056931 0)
(66.415289 0.06386914 0)
(65.997897 0.05989174 0)
(65.568439 0.055976875 0)
(65.136737 0.051955151 0)
(64.70853 0.047921913 0)
(64.292792 0.044656087 0)
(63.887243 0.038706577 0)
(63.542713 0.040889484 0)
(63.027056 0.024040727 0)
(68.670855 0.10491935 0)
(68.673862 0.1126355 0)
(68.678119 0.11990314 0)
(68.68351 0.12630561 0)
(68.689632 0.13155633 0)
(68.695962 0.13562927 0)
(68.702076 0.13876154 0)
(68.707793 0.14130995 0)
(68.713179 0.14355716 0)
(68.718409 0.14560955 0)
(68.72362 0.14743676 0)
(68.728843 0.14897609 0)
(68.73404 0.15019757 0)
(68.739165 0.1511019 0)
(68.744182 0.15169628 0)
(68.749064 0.15198887 0)
(68.753777 0.1519979 0)
(68.758288 0.1517543 0)
(68.762577 0.15129384 0)
(68.766634 0.15064919 0)
(68.770454 0.1498492 0)
(68.774037 0.1489218 0)
(68.777381 0.1478948 0)
(68.780495 0.1467935 0)
(68.783388 0.14563736 0)
(68.786071 0.14443981 0)
(68.788554 0.14321115 0)
(68.790842 0.14196195 0)
(68.792945 0.14070294 0)
(68.794871 0.13944204 0)
(68.796632 0.13818317 0)
(68.798234 0.13692814 0)
(68.799684 0.13568015 0)
(68.800988 0.13444333 0)
(68.802153 0.13322019 0)
(68.803188 0.13201021 0)
(68.804098 0.1308129 0)
(68.804889 0.12962976 0)
(68.805567 0.12846175 0)
(68.806139 0.12730774 0)
(68.80661 0.12616726 0)
(68.806988 0.12504149 0)
(68.807278 0.12393 0)
(68.807488 0.12283136 0)
(68.807624 0.12174573 0)
(68.807691 0.12067456 0)
(68.807697 0.11961658 0)
(68.807649 0.118572 0)
(68.807552 0.11754109 0)
(68.807413 0.1165243 0)
(68.807239 0.11552046 0)
(68.807035 0.11453144 0)
(68.806807 0.11355536 0)
(68.806561 0.11259483 0)
(68.806302 0.11164722 0)
(68.806033 0.1107151 0)
(68.805758 0.1097961 0)
(68.805482 0.10889264 0)
(68.805208 0.10800153 0)
(68.804937 0.10712591 0)
(68.804673 0.10626481 0)
(68.804417 0.10541554 0)
(68.80417 0.1045824 0)
(68.803933 0.10375909 0)
(68.803707 0.10295304 0)
(68.803492 0.10215625 0)
(68.803287 0.10137559 0)
(68.803096 0.10060731 0)
(68.802915 0.099847196 0)
(68.802745 0.099103542 0)
(68.802586 0.098364941 0)
(68.802435 0.097642923 0)
(68.802296 0.096929544 0)
(68.802164 0.096224521 0)
(68.802042 0.095533639 0)
(68.801929 0.094845777 0)
(68.801829 0.094172605 0)
(68.801742 0.093505946 0)
(68.801653 0.09284756 0)
(68.801106 0.092207114 0)
(68.798115 0.091557561 0)
(68.782817 0.090864137 0)
(68.726009 0.08965608 0)
(68.566298 0.087239017 0)
(68.272291 0.083466804 0)
(67.889602 0.078852714 0)
(67.484801 0.074151831 0)
(67.076902 0.069723357 0)
(66.67 0.065572824 0)
(66.257714 0.061525657 0)
(65.83889 0.057366648 0)
(65.411353 0.05308031 0)
(64.985877 0.049510105 0)
(64.563041 0.042992858 0)
(64.200417 0.045571524 0)
(63.646903 0.026837344 0)
(68.674816 0.10374351 0)
(68.677549 0.11091039 0)
(68.681372 0.11772113 0)
(68.686208 0.12383329 0)
(68.691741 0.12899811 0)
(68.697554 0.13316261 0)
(68.70329 0.13648178 0)
(68.708771 0.13922226 0)
(68.714009 0.14161649 0)
(68.719121 0.14377089 0)
(68.72421 0.14567945 0)
(68.729305 0.14729875 0)
(68.73438 0.14860454 0)
(68.739393 0.14959722 0)
(68.744309 0.15028442 0)
(68.749101 0.15067478 0)
(68.753737 0.15078481 0)
(68.758186 0.15064218 0)
(68.762426 0.15027994 0)
(68.766446 0.14972948 0)
(68.77024 0.14901901 0)
(68.773803 0.14817575 0)
(68.777137 0.14722668 0)
(68.780245 0.14619655 0)
(68.783137 0.14510506 0)
(68.785822 0.14396636 0)
(68.788308 0.14279147 0)
(68.790603 0.14159119 0)
(68.792712 0.14037628 0)
(68.794647 0.13915496 0)
(68.796416 0.13793181 0)
(68.798027 0.13670925 0)
(68.799485 0.13549066 0)
(68.800797 0.13428018 0)
(68.801971 0.13308054 0)
(68.803014 0.13189174 0)
(68.803932 0.13071354 0)
(68.80473 0.12954739 0)
(68.805415 0.1283944 0)
(68.805993 0.12725378 0)
(68.806471 0.12612516 0)
(68.806855 0.12500964 0)
(68.807151 0.12390703 0)
(68.807366 0.12281615 0)
(68.807507 0.12173716 0)
(68.807579 0.12067147 0)
(68.80759 0.11961814 0)
(68.807546 0.11857734 0)
(68.807454 0.11754943 0)
(68.807319 0.11653494 0)
(68.807148 0.11553287 0)
(68.806948 0.11454496 0)
(68.806724 0.11356971 0)
(68.806481 0.11260944 0)
(68.806225 0.11166199 0)
(68.805959 0.1107296 0)
(68.805687 0.10981028 0)
(68.805414 0.10890618 0)
(68.805142 0.1080145 0)
(68.804874 0.10713807 0)
(68.804613 0.10627616 0)
(68.804359 0.10542618 0)
(68.804114 0.10459211 0)
(68.803879 0.10376818 0)
(68.803654 0.10296119 0)
(68.803441 0.10216385 0)
(68.803238 0.10138238 0)
(68.803048 0.10061344 0)
(68.802869 0.099852854 0)
(68.802701 0.099108479 0)
(68.802543 0.098369602 0)
(68.802393 0.097646951 0)
(68.802254 0.096933223 0)
(68.802124 0.096227862 0)
(68.802003 0.095536486 0)
(68.801889 0.094848428 0)
(68.801783 0.0941753 0)
(68.801686 0.093508572 0)
(68.801612 0.092850274 0)
(68.801565 0.092202249 0)
(68.80149 0.09155546 0)
(68.800635 0.090939537 0)
(68.794981 0.090309838 0)
(68.769309 0.08948494 0)
(68.677616 0.087878648 0)
(68.461716 0.084942547 0)
(68.123044 0.080697286 0)
(67.727795 0.075954582 0)
(67.319526 0.071445298 0)
(66.91616 0.067212424 0)
(66.510432 0.062878462 0)
(66.100456 0.058469255 0)
(65.681314 0.054731736 0)
(65.254623 0.047688669 0)
(64.883066 0.050819457 0)
(64.295856 0.030005409 0)
(68.678696 0.10260214 0)
(68.681181 0.10926754 0)
(68.684617 0.11565462 0)
(68.688956 0.12148168 0)
(68.693956 0.12653408 0)
(68.699284 0.13074271 0)
(68.704646 0.13420073 0)
(68.70987 0.13710063 0)
(68.714935 0.13962753 0)
(68.719907 0.14188083 0)
(68.724861 0.14387101 0)
(68.729822 0.14557064 0)
(68.734768 0.14696109 0)
(68.739662 0.14804272 0)
(68.744472 0.1488233 0)
(68.749169 0.14931186 0)
(68.753723 0.14952353 0)
(68.758105 0.14948305 0)
(68.762292 0.14922079 0)
(68.766271 0.14876665 0)
(68.770033 0.14814809 0)
(68.773575 0.14739154 0)
(68.776895 0.14652312 0)
(68.779995 0.14556702 0)
(68.782884 0.14454303 0)
(68.785569 0.14346593 0)
(68.788058 0.1423474 0)
(68.790357 0.1411985 0)
(68.792474 0.14003002 0)
(68.794415 0.13885048 0)
(68.796192 0.13766506 0)
(68.797811 0.1364768 0)
(68.799278 0.13528928 0)
(68.800599 0.1341067 0)
(68.801781 0.13293198 0)
(68.802832 0.13176562 0)
(68.803757 0.13060766 0)
(68.804563 0.12945955 0)
(68.805255 0.1283225 0)
(68.80584 0.12719608 0)
(68.806324 0.12608003 0)
(68.806714 0.12497541 0)
(68.807016 0.12388224 0)
(68.807237 0.12279959 0)
(68.807383 0.12172765 0)
(68.80746 0.12066779 0)
(68.807476 0.1196194 0)
(68.807437 0.11858262 0)
(68.807348 0.11755793 0)
(68.807218 0.11654588 0)
(68.807051 0.11554572 0)
(68.806855 0.11455901 0)
(68.806634 0.11358463 0)
(68.806395 0.11262468 0)
(68.806142 0.11167739 0)
(68.805879 0.11074475 0)
(68.805611 0.10982511 0)
(68.805341 0.10892034 0)
(68.805071 0.10802807 0)
(68.804806 0.1071508 0)
(68.804547 0.10628804 0)
(68.804295 0.10543732 0)
(68.804052 0.10460228 0)
(68.803819 0.10377769 0)
(68.803597 0.10296973 0)
(68.803385 0.10217181 0)
(68.803184 0.1013895 0)
(68.802996 0.10061986 0)
(68.802819 0.099858778 0)
(68.802652 0.099113652 0)
(68.802495 0.098374477 0)
(68.802347 0.097651178 0)
(68.80221 0.096937073 0)
(68.802081 0.096231362 0)
(68.80196 0.095539481 0)
(68.801848 0.09485129 0)
(68.801741 0.094177721 0)
(68.801642 0.093510779 0)
(68.801551 0.092852444 0)
(68.801476 0.092204468 0)
(68.801428 0.091556306 0)
(68.801437 0.090928778 0)
(68.801307 0.090307607 0)
(68.799806 0.089686598 0)
(68.7891 0.089062724 0)
(68.744824 0.088033558 0)
(68.607322 0.085859569 0)
(68.333467 0.082319368 0)
(67.960276 0.077824503 0)
(67.561025 0.07316421 0)
(67.156681 0.068550436 0)
(66.757064 0.063970721 0)
(66.352648 0.060095542 0)
(65.939867 0.05264051 0)
(65.573444 0.056557446 0)
(64.966831 0.033526582 0)
(68.682502 0.10149584 0)
(68.68476 0.10770248 0)
(68.68785 0.11369594 0)
(68.691747 0.11924451 0)
(68.696265 0.12416357 0)
(68.701142 0.12837585 0)
(68.706135 0.13192895 0)
(68.711089 0.13495583 0)
(68.715958 0.13759869 0)
(68.720772 0.1399451 0)
(68.725579 0.14201533 0)
(68.730397 0.14379443 0)
(68.735207 0.14526899 0)
(68.739977 0.1464395 0)
(68.744674 0.14731354 0)
(68.749271 0.14790037 0)
(68.753739 0.148214 0)
(68.758049 0.14827654 0)
(68.762177 0.14811572 0)
(68.76611 0.14775983 0)
(68.769838 0.14723539 0)
(68.773354 0.14656799 0)
(68.776656 0.14578288 0)
(68.779746 0.14490362 0)
(68.782629 0.14394999 0)
(68.785313 0.14293728 0)
(68.787803 0.14187776 0)
(68.790106 0.14078276 0)
(68.792228 0.13966311 0)
(68.794177 0.13852762 0)
(68.795961 0.13738204 0)
(68.797587 0.13623 0)
(68.799062 0.13507531 0)
(68.800391 0.13392224 0)
(68.801582 0.13277394 0)
(68.80264 0.13163135 0)
(68.803574 0.13049484 0)
(68.804387 0.12936585 0)
(68.805086 0.12824573 0)
(68.805678 0.12713437 0)
(68.806169 0.12603165 0)
(68.806565 0.12493861 0)
(68.806873 0.12385547 0)
(68.807099 0.12278156 0)
(68.807251 0.12171711 0)
(68.807333 0.12066347 0)
(68.807354 0.11962032 0)
(68.80732 0.11858782 0)
(68.807236 0.11756655 0)
(68.80711 0.11655713 0)
(68.806947 0.11555898 0)
(68.806755 0.11457358 0)
(68.806538 0.11360014 0)
(68.806303 0.11264055 0)
(68.806053 0.11169345 0)
(68.805794 0.11076057 0)
(68.805528 0.10984058 0)
(68.805261 0.10893515 0)
(68.804995 0.10804224 0)
(68.804732 0.10716411 0)
(68.804476 0.10630046 0)
(68.804226 0.10544896 0)
(68.803986 0.10461293 0)
(68.803755 0.10378764 0)
(68.803535 0.10297868 0)
(68.803325 0.10218013 0)
(68.803126 0.10139695 0)
(68.802939 0.10062658 0)
(68.802764 0.099864975 0)
(68.802598 0.099119072 0)
(68.802443 0.098379573 0)
(68.802297 0.097655606 0)
(68.802161 0.096941096 0)
(68.802033 0.096235023 0)
(68.801914 0.095542632 0)
(68.801802 0.094854301 0)
(68.801696 0.094180249 0)
(68.801598 0.093513079 0)
(68.801506 0.092854446 0)
(68.801422 0.092206433 0)
(68.801344 0.091558063 0)
(68.801287 0.090929983 0)
(68.801279 0.090301999 0)
(68.801367 0.089673727 0)
(68.801101 0.089084086 0)
(68.797715 0.088475718 0)
(68.778909 0.087729631 0)
(68.703322 0.086322202 0)
(68.508095 0.0836048 0)
(68.184169 0.079528972 0)
(67.796803 0.074645428 0)
(67.394973 0.069678763 0)
(66.996016 0.065608671 0)
(66.594961 0.057685624 0)
(66.244542 0.062539405 0)
(65.643776 0.037301402 0)
(68.686238 0.10042418 0)
(68.68829 0.10621032 0)
(68.691072 0.11183765 0)
(68.694575 0.11711536 0)
(68.698658 0.1218851 0)
(68.703115 0.12606698 0)
(68.707751 0.12967602 0)
(68.712426 0.13279841 0)
(68.717082 0.13553876 0)
(68.721721 0.13797011 0)
(68.726369 0.14011697 0)
(68.731035 0.14197342 0)
(68.735703 0.14353059 0)
(68.740341 0.14478912 0)
(68.74492 0.14575616 0)
(68.749411 0.14644094 0)
(68.753787 0.14685647 0)
(68.758019 0.14702253 0)
(68.762084 0.14696431 0)
(68.765967 0.14670831 0)
(68.769655 0.14628002 0)
(68.773141 0.14570409 0)
(68.776423 0.14500484 0)
(68.7795 0.14420516 0)
(68.782375 0.14332473 0)
(68.785055 0.14237921 0)
(68.787545 0.1413814 0)
(68.78985 0.14034286 0)
(68.791976 0.13927452 0)
(68.793931 0.13818543 0)
(68.795722 0.13708186 0)
(68.797356 0.13596804 0)
(68.798838 0.13484802 0)
(68.800175 0.13372617 0)
(68.801374 0.13260585 0)
(68.80244 0.13148845 0)
(68.803381 0.13037463 0)
(68.804201 0.12926592 0)
(68.804908 0.12816376 0)
(68.805507 0.12706837 0)
(68.806004 0.1259798 0)
(68.806407 0.12489906 0)
(68.806721 0.12382658 0)
(68.806953 0.12276193 0)
(68.80711 0.12170543 0)
(68.807198 0.12065842 0)
(68.807224 0.11962084 0)
(68.807194 0.11859289 0)
(68.807115 0.11757527 0)
(68.806994 0.11656865 0)
(68.806836 0.11557266 0)
(68.806648 0.11458869 0)
(68.806435 0.11361624 0)
(68.806203 0.11265707 0)
(68.805957 0.11171017 0)
(68.805702 0.11077707 0)
(68.80544 0.10985673 0)
(68.805175 0.10895062 0)
(68.804912 0.10805705 0)
(68.804652 0.10717804 0)
(68.804399 0.10631346 0)
(68.804152 0.10546114 0)
(68.803914 0.10462407 0)
(68.803686 0.10379804 0)
(68.803467 0.10298805 0)
(68.80326 0.10218883 0)
(68.803063 0.10140475 0)
(68.802878 0.10063361 0)
(68.802704 0.099871455 0)
(68.80254 0.099124747 0)
(68.802387 0.098384897 0)
(68.802242 0.097660242 0)
(68.802107 0.096945301 0)
(68.801981 0.096238852 0)
(68.801863 0.09554593 0)
(68.801752 0.094857437 0)
(68.801648 0.094182903 0)
(68.80155 0.093515505 0)
(68.801459 0.092856596 0)
(68.801376 0.09220822 0)
(68.801295 0.091559765 0)
(68.80122 0.09093148 0)
(68.801162 0.090303194 0)
(68.801133 0.089673266 0)
(68.80119 0.089069842 0)
(68.801294 0.088458116 0)
(68.800816 0.087842128 0)
(68.793566 0.087242758 0)
(68.758975 0.086319122 0)
(68.638474 0.084307759 0)
(68.387666 0.080764144 0)
(68.023203 0.07590618 0)
(67.630107 0.071429168 0)
(67.226967 0.062886655 0)
(66.884976 0.068641905 0)
(66.304683 0.0412196 0)
(68.689909 0.09938642 0)
(68.691775 0.1047865 0)
(68.694283 0.11007282 0)
(68.697434 0.11508805 0)
(68.701124 0.11969672 0)
(68.705194 0.12382005 0)
(68.709484 0.12745057 0)
(68.713877 0.13063862 0)
(68.718307 0.13345693 0)
(68.722757 0.13596296 0)
(68.727234 0.1381812 0)
(68.73174 0.14011161 0)
(68.736258 0.14174885 0)
(68.740759 0.14309371 0)
(68.745213 0.14415265 0)
(68.749593 0.14493456 0)
(68.753871 0.14545153 0)
(68.75802 0.14572122 0)
(68.762016 0.14576637 0)
(68.765843 0.14561163 0)
(68.769487 0.14528124 0)
(68.77294 0.1447989 0)
(68.776197 0.14418793 0)
(68.779257 0.14347049 0)
(68.782122 0.14266605 0)
(68.784796 0.14179053 0)
(68.787284 0.14085713 0)
(68.78959 0.13987767 0)
(68.791719 0.13886317 0)
(68.793679 0.1378229 0)
(68.795475 0.13676362 0)
(68.797116 0.13569008 0)
(68.798606 0.13460665 0)
(68.79995 0.1335178 0)
(68.801156 0.1324271 0)
(68.80223 0.13133636 0)
(68.803179 0.13024659 0)
(68.804007 0.12915936 0)
(68.80472 0.12807626 0)
(68.805326 0.1269978 0)
(68.80583 0.12592422 0)
(68.806239 0.12485655 0)
(68.806559 0.12379539 0)
(68.806798 0.12274058 0)
(68.80696 0.12169252 0)
(68.807054 0.12065255 0)
(68.807085 0.11962089 0)
(68.807061 0.1185978 0)
(68.806987 0.11758407 0)
(68.80687 0.11658044 0)
(68.806716 0.11558675 0)
(68.806532 0.11460431 0)
(68.806324 0.11363293 0)
(68.806096 0.11267425 0)
(68.805854 0.11172757 0)
(68.805602 0.11079427 0)
(68.805344 0.10987357 0)
(68.805083 0.10896676 0)
(68.804823 0.1080725 0)
(68.804566 0.10719258 0)
(68.804315 0.10632704 0)
(68.804071 0.10547386 0)
(68.803836 0.10463573 0)
(68.80361 0.1038089 0)
(68.803394 0.10299785 0)
(68.803189 0.10219791 0)
(68.802994 0.10141291 0)
(68.802811 0.10064097 0)
(68.802639 0.099878225 0)
(68.802477 0.099130687 0)
(68.802325 0.098390456 0)
(68.802181 0.097665093 0)
(68.802048 0.096949694 0)
(68.801923 0.096242853 0)
(68.801807 0.095549379 0)
(68.801697 0.094860708 0)
(68.801594 0.094185682 0)
(68.801498 0.093518038 0)
(68.801408 0.092858844 0)
(68.801325 0.092210078 0)
(68.801246 0.091561631 0)
(68.80117 0.090932791 0)
(68.801106 0.090304481 0)
(68.801044 0.089674357 0)
(68.801003 0.089070301 0)
(68.80102 0.088452787 0)
(68.801202 0.087823363 0)
(68.801321 0.087229024 0)
(68.799673 0.086616891 0)
(68.785322 0.085856681 0)
(68.726242 0.084375875 0)
(68.545107 0.08135329 0)
(68.242595 0.077638597 0)
(67.851977 0.068556672 0)
(67.513419 0.07498588 0)
(66.939903 0.045251357 0)
(68.69352 0.098381638 0)
(68.695218 0.10342664 0)
(68.69748 0.10839492 0)
(68.700319 0.1131566 0)
(68.703655 0.117596 0)
(68.707366 0.12163794 0)
(68.711328 0.1252601 0)
(68.715439 0.12848608 0)
(68.719633 0.1313624 0)
(68.723882 0.13393118 0)
(68.728179 0.13621389 0)
(68.732516 0.13821357 0)
(68.736877 0.13992733 0)
(68.741234 0.14135593 0)
(68.745557 0.14250495 0)
(68.74982 0.14338265 0)
(68.753994 0.14400012 0)
(68.758054 0.1443731 0)
(68.761977 0.144522 0)
(68.765742 0.14446951 0)
(68.769338 0.14423855 0)
(68.772753 0.14385168 0)
(68.775982 0.14333124 0)
(68.779021 0.14269859 0)
(68.781873 0.14197284 0)
(68.784538 0.14117009 0)
(68.787021 0.14030382 0)
(68.789326 0.1393861 0)
(68.791457 0.13842801 0)
(68.79342 0.13743903 0)
(68.795222 0.13642636 0)
(68.796868 0.13539527 0)
(68.798364 0.13435043 0)
(68.799716 0.13329644 0)
(68.80093 0.13223708 0)
(68.802011 0.13117456 0)
(68.802967 0.13011021 0)
(68.803802 0.12904574 0)
(68.804523 0.12798286 0)
(68.805135 0.12692234 0)
(68.805646 0.12586465 0)
(68.806062 0.12481085 0)
(68.806388 0.12376172 0)
(68.806632 0.12271734 0)
(68.806801 0.12167825 0)
(68.8069 0.12064578 0)
(68.806937 0.11962041 0)
(68.806918 0.11860248 0)
(68.806849 0.1175929 0)
(68.806737 0.11659247 0)
(68.806588 0.11560123 0)
(68.806409 0.11462046 0)
(68.806205 0.11365023 0)
(68.805981 0.11269209 0)
(68.805743 0.11174566 0)
(68.805495 0.11081219 0)
(68.80524 0.10989111 0)
(68.804983 0.10898361 0)
(68.804726 0.10808862 0)
(68.804473 0.10720776 0)
(68.804225 0.10634121 0)
(68.803984 0.10548714 0)
(68.803751 0.10464791 0)
(68.803528 0.10382024 0)
(68.803314 0.1030081 0)
(68.803111 0.1022074 0)
(68.802919 0.10142144 0)
(68.802738 0.10064865 0)
(68.802568 0.099885294 0)
(68.802408 0.099136899 0)
(68.802257 0.098396254 0)
(68.802116 0.097670166 0)
(68.801984 0.09695428 0)
(68.80186 0.096247031 0)
(68.801745 0.095552983 0)
(68.801637 0.094864118 0)
(68.801535 0.094188587 0)
(68.80144 0.093520677 0)
(68.801351 0.092861184 0)
(68.80127 0.092212029 0)
(68.801191 0.091563587 0)
(68.801117 0.090934168 0)
(68.801054 0.090305704 0)
(68.80099 0.089675506 0)
(68.800934 0.089071073 0)
(68.800903 0.088453041 0)
(68.800901 0.087821815 0)
(68.80099 0.087212019 0)
(68.801315 0.086592602 0)
(68.801346 0.08588335 0)
(68.797878 0.085070016 0)
(68.768156 0.083752705 0)
(68.671218 0.082168313 0)
(68.413874 0.074019008 0)
(68.136978 0.081806492 0)
(67.563643 0.049564603 0)
(68.697074 0.097408762 0)
(68.69862 0.10212652 0)
(68.700664 0.1067978 0)
(68.703223 0.11131524 0)
(68.70624 0.11558021 0)
(68.709623 0.11952264 0)
(68.713272 0.12311107 0)
(68.717105 0.12634973 0)
(68.721058 0.12926429 0)
(68.725097 0.13188268 0)
(68.729205 0.13422149 0)
(68.733367 0.13628451 0)
(68.737564 0.1380702 0)
(68.74177 0.13957905 0)
(68.745956 0.14081557 0)
(68.750096 0.14178709 0)
(68.754161 0.1425036 0)
(68.758127 0.14297906 0)
(68.761969 0.14323163 0)
(68.765668 0.14328202 0)
(68.769209 0.14315164 0)
(68.772582 0.14286189 0)
(68.775778 0.14243401 0)
(68.778794 0.14188852 0)
(68.781628 0.14124409 0)
(68.784281 0.1405168 0)
(68.786758 0.13972038 0)
(68.78906 0.13886706 0)
(68.791191 0.13796798 0)
(68.793156 0.13703283 0)
(68.794961 0.13606917 0)
(68.796613 0.13508275 0)
(68.798115 0.13407856 0)
(68.799473 0.13306136 0)
(68.800693 0.13203513 0)
(68.801782 0.13100245 0)
(68.802744 0.12996501 0)
(68.803587 0.12892463 0)
(68.804314 0.12788317 0)
(68.804934 0.12684168 0)
(68.805451 0.12580082 0)
(68.805873 0.12476174 0)
(68.806206 0.12372538 0)
(68.806457 0.12269208 0)
(68.806631 0.12166249 0)
(68.806736 0.12063801 0)
(68.806778 0.11961932 0)
(68.806765 0.11860688 0)
(68.806701 0.11760172 0)
(68.806594 0.11660471 0)
(68.80645 0.11561609 0)
(68.806276 0.11463712 0)
(68.806076 0.11366812 0)
(68.805857 0.1127106 0)
(68.805623 0.11176445 0)
(68.805379 0.11083082 0)
(68.805128 0.10990936 0)
(68.804875 0.10900116 0)
(68.804621 0.10810541 0)
(68.804371 0.10722359 0)
(68.804127 0.10635601 0)
(68.803889 0.10550098 0)
(68.803659 0.10466062 0)
(68.803438 0.10383206 0)
(68.803228 0.10301881 0)
(68.803027 0.10221729 0)
(68.802837 0.10143035 0)
(68.802658 0.10065667 0)
(68.80249 0.099892668 0)
(68.802332 0.099143391 0)
(68.802184 0.098402299 0)
(68.802044 0.097675466 0)
(68.801914 0.096959063 0)
(68.801792 0.096251389 0)
(68.801678 0.095556748 0)
(68.801571 0.09486767 0)
(68.801471 0.094191621 0)
(68.801377 0.093523425 0)
(68.801289 0.092863623 0)
(68.801209 0.092214067 0)
(68.801131 0.091565615 0)
(68.801058 0.090935607 0)
(68.800996 0.09030697 0)
(68.800934 0.089676764 0)
(68.800878 0.089071521 0)
(68.800844 0.088453397 0)
(68.800814 0.087821991 0)
(68.800802 0.087211097 0)
(68.800905 0.086587108 0)
(68.801161 0.085852201 0)
(68.801995 0.085059295 0)
(68.800548 0.083915462 0)
(68.794816 0.083492615 0)
(68.72501 0.077014291 0)
(68.634674 0.087748663 0)
(68.162794 0.054045257 0)
(68.700576 0.096466681 0)
(68.701984 0.10088223 0)
(68.703833 0.10527585 0)
(68.706143 0.10955858 0)
(68.708873 0.11364649 0)
(68.711953 0.1174754 0)
(68.715309 0.12100889 0)
(68.71887 0.12423772 0)
(68.722581 0.12717144 0)
(68.726404 0.12982558 0)
(68.730315 0.13221088 0)
(68.734294 0.13433018 0)
(68.738322 0.13618222 0)
(68.742371 0.13776692 0)
(68.746415 0.13908756 0)
(68.750425 0.14015026 0)
(68.754375 0.1409638 0)
(68.75824 0.1415404 0)
(68.761996 0.14189607 0)
(68.765623 0.1420495 0)
(68.769105 0.14202052 0)
(68.77243 0.14182922 0)
(68.775589 0.1414957 0)
(68.778576 0.14103955 0)
(68.78139 0.1404789 0)
(68.784029 0.1398297 0)
(68.786496 0.1391058 0)
(68.788792 0.13831952 0)
(68.790921 0.13748208 0)
(68.792887 0.13660331 0)
(68.794695 0.13569111 0)
(68.79635 0.13475166 0)
(68.797857 0.13379026 0)
(68.799221 0.13281184 0)
(68.800447 0.1318206 0)
(68.801542 0.13081947 0)
(68.802512 0.12981046 0)
(68.803361 0.12879558 0)
(68.804095 0.12777681 0)
(68.804721 0.12675547 0)
(68.805246 0.12573245 0)
(68.805674 0.12470898 0)
(68.806013 0.12368617 0)
(68.80627 0.12266462 0)
(68.80645 0.12164513 0)
(68.806561 0.12062912 0)
(68.806609 0.11961754 0)
(68.806601 0.11861095 0)
(68.806543 0.11761048 0)
(68.806441 0.11661714 0)
(68.806302 0.11563131 0)
(68.806132 0.11465428 0)
(68.805938 0.11368661 0)
(68.805723 0.11272979 0)
(68.805494 0.11178394 0)
(68.805254 0.11085018 0)
(68.805007 0.10992835 0)
(68.804758 0.10901943 0)
(68.804508 0.1081229 0)
(68.804262 0.10724009 0)
(68.80402 0.10637143 0)
(68.803786 0.10551542 0)
(68.803559 0.10467389 0)
(68.803341 0.10384439 0)
(68.803133 0.10302998 0)
(68.802935 0.1022276 0)
(68.802748 0.10143964 0)
(68.802571 0.10066503 0)
(68.802405 0.099900354 0)
(68.802249 0.09915017 0)
(68.802103 0.098408594 0)
(68.801965 0.097680999 0)
(68.801837 0.09696405 0)
(68.801716 0.096255931 0)
(68.801604 0.095560678 0)
(68.801499 0.094871366 0)
(68.8014 0.094194786 0)
(68.801307 0.093526285 0)
(68.801221 0.092866164 0)
(68.801142 0.092216191 0)
(68.801065 0.091567716 0)
(68.800993 0.090937105 0)
(68.800932 0.090308287 0)
(68.800871 0.089678065 0)
(68.800816 0.089071975 0)
(68.800783 0.088453768 0)
(68.800753 0.087822232 0)
(68.800732 0.08721053 0)
(68.800787 0.086584876 0)
(68.800891 0.085847015 0)
(68.801304 0.085047341 0)
(68.801278 0.083846209 0)
(68.804649 0.083587324 0)
(68.792022 0.07735197 0)
(68.809576 0.090254702 0)
(68.597411 0.057267668 0)
(68.704028 0.095553861 0)
(68.705313 0.099690054 0)
(68.706987 0.10382378 0)
(68.709074 0.1078815 0)
(68.711545 0.11179183 0)
(68.714349 0.11549678 0)
(68.717428 0.11895797 0)
(68.720727 0.12215725 0)
(68.724197 0.12509221 0)
(68.7278 0.12776798 0)
(68.731509 0.13018927 0)
(68.735301 0.13235679 0)
(68.739153 0.13426867 0)
(68.74304 0.13592395 0)
(68.746935 0.1373245 0)
(68.750811 0.13847505 0)
(68.75464 0.13938299 0)
(68.758399 0.14005884 0)
(68.762063 0.14051652 0)
(68.765612 0.1407727 0)
(68.769029 0.1408455 0)
(68.772301 0.14075363 0)
(68.775417 0.14051597 0)
(68.778372 0.14015111 0)
(68.78116 0.13967653 0)
(68.783782 0.13910792 0)
(68.786236 0.13845912 0)
(68.788524 0.13774251 0)
(68.790649 0.13696934 0)
(68.792613 0.13614952 0)
(68.794422 0.13529126 0)
(68.79608 0.13440113 0)
(68.79759 0.13348471 0)
(68.798959 0.13254715 0)
(68.800191 0.13159283 0)
(68.801292 0.13062502 0)
(68.802268 0.12964605 0)
(68.803123 0.12865812 0)
(68.803865 0.12766338 0)
(68.804497 0.12666337 0)
(68.805028 0.12565924 0)
(68.805463 0.12465232 0)
(68.805808 0.12364388 0)
(68.806071 0.12263479 0)
(68.806257 0.121626 0)
(68.806374 0.12061901 0)
(68.806428 0.11961497 0)
(68.806425 0.11861461 0)
(68.806373 0.11761915 0)
(68.806276 0.11662971 0)
(68.806143 0.11564686 0)
(68.805979 0.11467192 0)
(68.805789 0.11370569 0)
(68.805579 0.11274963 0)
(68.805354 0.11180415 0)
(68.805119 0.11087028 0)
(68.804876 0.10994807 0)
(68.804631 0.10903844 0)
(68.804385 0.10814109 0)
(68.804143 0.10725726 0)
(68.803905 0.10638749 0)
(68.803674 0.10553045 0)
(68.80345 0.10468772 0)
(68.803236 0.10385723 0)
(68.80303 0.10304163 0)
(68.802835 0.10223834 0)
(68.80265 0.10144933 0)
(68.802476 0.10067376 0)
(68.802313 0.099908358 0)
(68.802159 0.099157242 0)
(68.802015 0.098415144 0)
(68.801879 0.097686769 0)
(68.801752 0.096969242 0)
(68.801634 0.09626066 0)
(68.801523 0.095564775 0)
(68.801419 0.094875208 0)
(68.801322 0.094198086 0)
(68.801231 0.093529258 0)
(68.801146 0.092868806 0)
(68.801068 0.092218402 0)
(68.800993 0.091569893 0)
(68.800922 0.090938667 0)
(68.800861 0.090309652 0)
(68.800802 0.089679402 0)
(68.800748 0.089072457 0)
(68.800715 0.088454146 0)
(68.800687 0.08782249 0)
(68.800667 0.087209525 0)
(68.800718 0.086582474 0)
(68.800813 0.085843493 0)
(68.801087 0.085042814 0)
(68.800982 0.083828017 0)
(68.80319 0.083583539 0)
(68.798782 0.077237905 0)
(68.81548 0.090509491 0)
(68.771291 0.058334004 0)
(68.707434 0.094669047 0)
(68.708606 0.09854654 0)
(68.710124 0.10243684 0)
(68.712011 0.10627927 0)
(68.714249 0.1100132 0)
(68.7168 0.11358683 0)
(68.719621 0.11696185 0)
(68.722669 0.12011469 0)
(68.725903 0.12303441 0)
(68.729285 0.12571784 0)
(68.732789 0.12816405 0)
(68.736389 0.13037093 0)
(68.740061 0.13233534 0)
(68.743781 0.13405509 0)
(68.747522 0.13553056 0)
(68.751257 0.13676491 0)
(68.75496 0.13776399 0)
(68.758606 0.13853659 0)
(68.762172 0.13909463 0)
(68.765637 0.13945273 0)
(68.768984 0.13962725 0)
(68.772197 0.1396354 0)
(68.775266 0.13949477 0)
(68.778183 0.13922287 0)
(68.780943 0.13883643 0)
(68.783542 0.13835075 0)
(68.78598 0.13777955 0)
(68.788258 0.13713517 0)
(68.790376 0.13642884 0)
(68.792337 0.13567056 0)
(68.794144 0.13486875 0)
(68.795803 0.13403032 0)
(68.797316 0.13316115 0)
(68.798689 0.13226656 0)
(68.799926 0.13135116 0)
(68.801032 0.13041849 0)
(68.802013 0.12947123 0)
(68.802875 0.12851179 0)
(68.803622 0.12754246 0)
(68.804261 0.12656503 0)
(68.804798 0.12558088 0)
(68.805239 0.12459149 0)
(68.805591 0.1235983 0)
(68.80586 0.12260241 0)
(68.806052 0.12160497 0)
(68.806175 0.12060756 0)
(68.806235 0.11961153 0)
(68.806238 0.11861779 0)
(68.806191 0.11762765 0)
(68.8061 0.11664237 0)
(68.805972 0.11566271 0)
(68.805813 0.11469003 0)
(68.805628 0.11372534 0)
(68.805424 0.11277015 0)
(68.805204 0.11182506 0)
(68.804973 0.11089112 0)
(68.804735 0.10996853 0)
(68.804494 0.10905818 0)
(68.804252 0.10815999 0)
(68.804014 0.10727512 0)
(68.80378 0.1064042 0)
(68.803552 0.10554608 0)
(68.803332 0.10470212 0)
(68.803121 0.10387058 0)
(68.802919 0.10305376 0)
(68.802727 0.1022495 0)
(68.802544 0.10145943 0)
(68.802373 0.10068284 0)
(68.802212 0.099916684 0)
(68.80206 0.099164613 0)
(68.801918 0.098421952 0)
(68.801784 0.097692781 0)
(68.80166 0.096974644 0)
(68.801543 0.096265578 0)
(68.801434 0.095569044 0)
(68.801332 0.094879197 0)
(68.801236 0.094201522 0)
(68.801147 0.093532346 0)
(68.801063 0.092871551 0)
(68.800986 0.0922207 0)
(68.800913 0.091572145 0)
(68.800843 0.090940292 0)
(68.800784 0.090311062 0)
(68.800725 0.08968078 0)
(68.800672 0.089072956 0)
(68.80064 0.088454524 0)
(68.800613 0.087822728 0)
(68.800594 0.087208455 0)
(68.800644 0.086579998 0)
(68.800742 0.085839652 0)
(68.800993 0.085038199 0)
(68.800931 0.083820211 0)
(68.802549 0.083561921 0)
(68.799813 0.077284707 0)
(68.808397 0.090276341 0)
(68.802882 0.05847006 0)
(68.710796 0.093811158 0)
(68.711867 0.097448494 0)
(68.713244 0.10111067 0)
(68.714952 0.10474753 0)
(68.71698 0.10830765 0)
(68.7193 0.11174518 0)
(68.721881 0.11502327 0)
(68.72469 0.11811548 0)
(68.727692 0.12100517 0)
(68.730856 0.12368288 0)
(68.734153 0.12614269 0)
(68.737558 0.12837949 0)
(68.741048 0.13038841 0)
(68.744596 0.13216582 0)
(68.748178 0.13371045 0)
(68.751767 0.13502382 0)
(68.755338 0.13611012 0)
(68.758866 0.13697637 0)
(68.762329 0.13763252 0)
(68.765704 0.13809118 0)
(68.768973 0.13836685 0)
(68.772122 0.13847516 0)
(68.775139 0.13843235 0)
(68.778013 0.13825477 0)
(68.780739 0.13795828 0)
(68.783312 0.13755768 0)
(68.785731 0.13706641 0)
(68.787994 0.13649673 0)
(68.790102 0.13585979 0)
(68.792058 0.13516561 0)
(68.793862 0.13442276 0)
(68.79552 0.13363845 0)
(68.797035 0.13281882 0)
(68.79841 0.13196938 0)
(68.79965 0.13109493 0)
(68.800761 0.1301993 0)
(68.801747 0.12928549 0)
(68.802614 0.12835611 0)
(68.803367 0.12741363 0)
(68.804012 0.12646007 0)
(68.804555 0.12549706 0)
(68.805002 0.12452623 0)
(68.80536 0.1235492 0)
(68.805635 0.1225673 0)
(68.805833 0.12158188 0)
(68.805962 0.12059464 0)
(68.806028 0.11960711 0)
(68.806037 0.1186204 0)
(68.805996 0.11763593 0)
(68.805911 0.11665509 0)
(68.805788 0.11567883 0)
(68.805635 0.11470859 0)
(68.805455 0.11374555 0)
(68.805256 0.11279131 0)
(68.805041 0.11184667 0)
(68.804815 0.1109127 0)
(68.804582 0.10998974 0)
(68.804345 0.10907866 0)
(68.804108 0.1081796 0)
(68.803874 0.10729367 0)
(68.803644 0.10642156 0)
(68.80342 0.10556232 0)
(68.803204 0.1047171 0)
(68.802996 0.10388445 0)
(68.802797 0.10306639 0)
(68.802608 0.10226111 0)
(68.802429 0.10146992 0)
(68.80226 0.10069229 0)
(68.802101 0.099925336 0)
(68.801952 0.099172286 0)
(68.801813 0.098429022 0)
(68.801681 0.097699037 0)
(68.801558 0.096980258 0)
(68.801444 0.096270687 0)
(68.801336 0.095573486 0)
(68.801236 0.094883334 0)
(68.801142 0.094205096 0)
(68.801054 0.093535549 0)
(68.800972 0.092874399 0)
(68.800896 0.092223088 0)
(68.800824 0.091574471 0)
(68.800756 0.09094198 0)
(68.800698 0.090312516 0)
(68.80064 0.089682197 0)
(68.800589 0.089073473 0)
(68.800558 0.088454901 0)
(68.800531 0.087822954 0)
(68.800513 0.08720735 0)
(68.800563 0.086577395 0)
(68.80066 0.085835715 0)
(68.800904 0.085033057 0)
(68.800866 0.08381236 0)
(68.802339 0.083534148 0)
(68.800045 0.077379002 0)
(68.806717 0.089901674 0)
(68.805047 0.058657588 0)
(68.714115 0.092978887 0)
(68.715094 0.096392972 0)
(68.716346 0.0998413 0)
(68.717894 0.10328222 0)
(68.719731 0.10667225 0)
(68.72184 0.10997109 0)
(68.724198 0.11314423 0)
(68.726781 0.11616421 0)
(68.729561 0.1190109 0)
(68.732509 0.12167034 0)
(68.7356 0.12413254 0)
(68.738809 0.1263895 0)
(68.742113 0.1284344 0)
(68.745487 0.13026199 0)
(68.748906 0.13186936 0)
(68.752344 0.13325629 0)
(68.755778 0.13442524 0)
(68.759183 0.13538141 0)
(68.762535 0.13613283 0)
(68.765814 0.13669008 0)
(68.769001 0.13706579 0)
(68.77208 0.13727395 0)
(68.775038 0.13732933 0)
(68.777865 0.13724706 0)
(68.780552 0.13704203 0)
(68.783095 0.13672839 0)
(68.78549 0.13631924 0)
(68.787736 0.1358266 0)
(68.789831 0.13526151 0)
(68.791778 0.13463391 0)
(68.793577 0.13395253 0)
(68.795232 0.13322476 0)
(68.796746 0.13245699 0)
(68.798122 0.13165491 0)
(68.799365 0.1308235 0)
(68.800479 0.12996687 0)
(68.801469 0.12908828 0)
(68.802341 0.1281906 0)
(68.803099 0.12727647 0)
(68.803749 0.12634814 0)
(68.804298 0.12540747 0)
(68.804751 0.12445627 0)
(68.805115 0.12349634 0)
(68.805395 0.12252925 0)
(68.8056 0.12155656 0)
(68.805735 0.12058011 0)
(68.805806 0.1196016 0)
(68.805821 0.11862236 0)
(68.805786 0.11764392 0)
(68.805707 0.11666781 0)
(68.80559 0.11569518 0)
(68.805442 0.11472755 0)
(68.805269 0.1137663 0)
(68.805075 0.1128131 0)
(68.804865 0.11186898 0)
(68.804644 0.11093501 0)
(68.804416 0.11001169 0)
(68.804184 0.10909989 0)
(68.803952 0.10819993 0)
(68.803722 0.10731291 0)
(68.803496 0.10643959 0)
(68.803276 0.10557918 0)
(68.803064 0.10473265 0)
(68.802859 0.10389886 0)
(68.802664 0.10307951 0)
(68.802478 0.10227316 0)
(68.802302 0.10148083 0)
(68.802137 0.1007021 0)
(68.801981 0.099934316 0)
(68.801834 0.099180265 0)
(68.801697 0.098436356 0)
(68.801568 0.09770554 0)
(68.801447 0.096986086 0)
(68.801335 0.096275988 0)
(68.801229 0.095578102 0)
(68.801131 0.094887618 0)
(68.801038 0.094208808 0)
(68.800952 0.093538867 0)
(68.800872 0.092877349 0)
(68.800798 0.092225565 0)
(68.800727 0.091576869 0)
(68.80066 0.090943732 0)
(68.800603 0.090314013 0)
(68.800547 0.08968365 0)
(68.800497 0.089074006 0)
(68.800466 0.088455274 0)
(68.80044 0.08782317 0)
(68.800423 0.087206192 0)
(68.800472 0.086574663 0)
(68.800568 0.085831649 0)
(68.800808 0.08502749 0)
(68.800778 0.083804439 0)
(68.802197 0.08350546 0)
(68.800052 0.077473934 0)
(68.806407 0.089500424 0)
(68.80483 0.058910723 0)
(68.717394 0.092171079 0)
(68.71829 0.095377443 0)
(68.719429 0.098625218 0)
(68.720832 0.10187971 0)
(68.722497 0.10510425 0)
(68.724414 0.10826365 0)
(68.726566 0.11132618 0)
(68.728936 0.1142647 0)
(68.731502 0.1170573 0)
(68.734241 0.11968702 0)
(68.737128 0.12214079 0)
(68.740141 0.12440806 0)
(68.743258 0.12648006 0)
(68.746454 0.1283499 0)
(68.749707 0.13001299 0)
(68.752991 0.13146737 0)
(68.756283 0.13271374 0)
(68.759558 0.1337555 0)
(68.762795 0.13459871 0)
(68.765973 0.135252 0)
(68.769071 0.1357261 0)
(68.772074 0.13603325 0)
(68.774968 0.13618673 0)
(68.777741 0.13620034 0)
(68.780385 0.13608793 0)
(68.782892 0.13586287 0)
(68.78526 0.13553779 0)
(68.787483 0.13512437 0)
(68.789563 0.13463345 0)
(68.791498 0.13407488 0)
(68.793289 0.1334574 0)
(68.794939 0.13278859 0)
(68.79645 0.13207501 0)
(68.797826 0.13132253 0)
(68.79907 0.13053629 0)
(68.800186 0.12972063 0)
(68.801179 0.12887911 0)
(68.802055 0.12801482 0)
(68.802817 0.12713058 0)
(68.803473 0.12622887 0)
(68.804026 0.12531179 0)
(68.804485 0.12438133 0)
(68.804854 0.12343949 0)
(68.805141 0.12248808 0)
(68.805351 0.12152886 0)
(68.805492 0.12056383 0)
(68.805569 0.11959488 0)
(68.805591 0.11862357 0)
(68.805561 0.11765154 0)
(68.805488 0.11668047 0)
(68.805377 0.11571172 0)
(68.805235 0.11474688 0)
(68.805067 0.11378755 0)
(68.804879 0.11283552 0)
(68.804675 0.11189196 0)
(68.80446 0.11095804 0)
(68.804237 0.11003438 0)
(68.80401 0.10912186 0)
(68.803782 0.10822098 0)
(68.803557 0.10733284 0)
(68.803335 0.10645828 0)
(68.80312 0.10559666 0)
(68.802911 0.10474879 0)
(68.802711 0.10391379 0)
(68.802519 0.10309313 0)
(68.802337 0.10228565 0)
(68.802164 0.10149215 0)
(68.802002 0.10071229 0)
(68.801849 0.099943625 0)
(68.801705 0.099188549 0)
(68.80157 0.098443952 0)
(68.801443 0.097712288 0)
(68.801325 0.096992129 0)
(68.801215 0.096281479 0)
(68.801112 0.095582894 0)
(68.801015 0.09489205 0)
(68.800925 0.094212658 0)
(68.80084 0.093542301 0)
(68.800761 0.092880401 0)
(68.800689 0.09222813 0)
(68.80062 0.091579339 0)
(68.800554 0.090945546 0)
(68.800498 0.090315553 0)
(68.800444 0.089685138 0)
(68.800395 0.089074555 0)
(68.800365 0.088455641 0)
(68.80034 0.087823372 0)
(68.800324 0.087204974 0)
(68.800372 0.086571807 0)
(68.800467 0.085827434 0)
(68.800702 0.085021588 0)
(68.800677 0.083796624 0)
(68.802051 0.083475126 0)
(68.80002 0.077569912 0)
(68.806186 0.089091755 0)
(68.80463 0.059173771 0)
(68.720635 0.091386547 0)
(68.721455 0.09439959 0)
(68.722491 0.097459228 0)
(68.723764 0.10053668 0)
(68.725274 0.103601 0)
(68.727015 0.10662169 0)
(68.728977 0.10957003 0)
(68.731147 0.11242004 0)
(68.73351 0.11514928 0)
(68.736045 0.1177391 0)
(68.738733 0.12017427 0)
(68.741552 0.12244215 0)
(68.744482 0.12453224 0)
(68.7475 0.12643605 0)
(68.750584 0.12814737 0)
(68.75371 0.12966255 0)
(68.756855 0.13098054 0)
(68.759997 0.13210291 0)
(68.763113 0.13303386 0)
(68.766183 0.13378003 0)
(68.769187 0.13435025 0)
(68.772108 0.13475501 0)
(68.774931 0.135006 0)
(68.777645 0.13511562 0)
(68.78024 0.13509659 0)
(68.782707 0.13496141 0)
(68.785042 0.13472206 0)
(68.78724 0.13438984 0)
(68.7893 0.13397527 0)
(68.79122 0.13348804 0)
(68.793 0.13293685 0)
(68.794642 0.13232937 0)
(68.796149 0.1316723 0)
(68.797522 0.13097165 0)
(68.798765 0.13023272 0)
(68.799882 0.12946007 0)
(68.800877 0.12865749 0)
(68.801756 0.12782832 0)
(68.802522 0.12697556 0)
(68.803181 0.12610191 0)
(68.803739 0.1252097 0)
(68.804203 0.12430115 0)
(68.804577 0.12337842 0)
(68.80487 0.12244357 0)
(68.805086 0.1214986 0)
(68.805232 0.12054566 0)
(68.805316 0.11958685 0)
(68.805343 0.11862394 0)
(68.80532 0.1176587 0)
(68.805253 0.116693 0)
(68.805148 0.11572837 0)
(68.805012 0.11476654 0)
(68.80485 0.11380929 0)
(68.804668 0.11285851 0)
(68.804469 0.11191561 0)
(68.80426 0.11098178 0)
(68.804042 0.11005779 0)
(68.80382 0.10914456 0)
(68.803598 0.10824274 0)
(68.803378 0.10735346 0)
(68.803161 0.10647762 0)
(68.80295 0.10561475 0)
(68.802746 0.10476551 0)
(68.802549 0.10392925 0)
(68.802362 0.10310724 0)
(68.802183 0.10229859 0)
(68.802014 0.10150388 0)
(68.801854 0.10072285 0)
(68.801704 0.099953261 0)
(68.801564 0.099197139 0)
(68.801432 0.098451811 0)
(68.801307 0.097719282 0)
(68.801192 0.096998385 0)
(68.801084 0.09628716 0)
(68.800983 0.09558786 0)
(68.800888 0.094896628 0)
(68.8008 0.094216644 0)
(68.800717 0.093545848 0)
(68.80064 0.092883552 0)
(68.800569 0.092230784 0)
(68.800501 0.091581877 0)
(68.800438 0.090947423 0)
(68.800383 0.090317134 0)
(68.80033 0.089686658 0)
(68.800282 0.089075121 0)
(68.800253 0.088456001 0)
(68.800229 0.087823559 0)
(68.800214 0.087203697 0)
(68.800262 0.086568827 0)
(68.800355 0.08582307 0)
(68.800585 0.085015368 0)
(68.800566 0.083788829 0)
(68.801893 0.083443024 0)
(68.799976 0.077668725 0)
(68.805942 0.088671568 0)
(68.804435 0.059442439 0)
(68.723838 0.090624425 0)
(68.724589 0.09345737 0)
(68.725532 0.096340557 0)
(68.726688 0.099250138 0)
(68.728057 0.10216006 0)
(68.729638 0.10504401 0)
(68.731424 0.10787631 0)
(68.733408 0.1106327 0)
(68.735578 0.1132911 0)
(68.737918 0.11583219 0)
(68.740412 0.11823941 0)
(68.74304 0.12049863 0)
(68.745784 0.12259786 0)
(68.748623 0.12452719 0)
(68.751537 0.12627892 0)
(68.754502 0.12784778 0)
(68.757498 0.12923105 0)
(68.760501 0.13042852 0)
(68.763492 0.13144252 0)
(68.766448 0.13227781 0)
(68.769351 0.13294131 0)
(68.772185 0.13344171 0)
(68.774932 0.13378907 0)
(68.777581 0.13399436 0)
(68.780121 0.13406904 0)
(68.782543 0.13402464 0)
(68.78484 0.13387241 0)
(68.787008 0.13362311 0)
(68.789044 0.13328688 0)
(68.790945 0.13287315 0)
(68.792711 0.13239052 0)
(68.794343 0.13184667 0)
(68.795842 0.1312484 0)
(68.797211 0.13060181 0)
(68.798451 0.12991234 0)
(68.799567 0.12918472 0)
(68.800563 0.12842299 0)
(68.801443 0.1276307 0)
(68.802211 0.12681104 0)
(68.802874 0.12596693 0)
(68.803436 0.12510092 0)
(68.803904 0.12421545 0)
(68.804284 0.1233129 0)
(68.804581 0.12239553 0)
(68.804803 0.12146561 0)
(68.804955 0.12052546 0)
(68.805044 0.11957737 0)
(68.805077 0.11862336 0)
(68.80506 0.11766534 0)
(68.805 0.11670533 0)
(68.804901 0.1157451 0)
(68.804771 0.11478648 0)
(68.804616 0.11383145 0)
(68.804439 0.11288207 0)
(68.804247 0.11193988 0)
(68.804043 0.1110062 0)
(68.803831 0.1100819 0)
(68.803615 0.10916797 0)
(68.803398 0.1082652 0)
(68.803183 0.10737476 0)
(68.802971 0.10649761 0)
(68.802765 0.10563344 0)
(68.802565 0.10478281 0)
(68.802373 0.10394523 0)
(68.802189 0.10312183 0)
(68.802015 0.10231196 0)
(68.801849 0.10151601 0)
(68.801693 0.10073378 0)
(68.801546 0.099963221 0)
(68.801409 0.099206031 0)
(68.80128 0.098459928 0)
(68.801158 0.097726517 0)
(68.801045 0.097004852 0)
(68.800939 0.096293027 0)
(68.800841 0.095592998 0)
(68.800749 0.094901348 0)
(68.800662 0.094220765 0)
(68.800581 0.093549507 0)
(68.800506 0.0928868 0)
(68.800437 0.092233523 0)
(68.800371 0.091584481 0)
(68.800309 0.09094936 0)
(68.800256 0.090318753 0)
(68.800204 0.089688206 0)
(68.800158 0.089075701 0)
(68.800129 0.088456349 0)
(68.800107 0.087823725 0)
(68.800092 0.087202358 0)
(68.80014 0.086565719 0)
(68.800231 0.085818557 0)
(68.800456 0.085008823 0)
(68.800443 0.083781036 0)
(68.801722 0.083409342 0)
(68.79992 0.07776979 0)
(68.805677 0.088239836 0)
(68.804224 0.059718381 0)
(68.727004 0.08988397 0)
(68.727693 0.092549022 0)
(68.728552 0.095266777 0)
(68.729601 0.098017454 0)
(68.730843 0.10077917 0)
(68.732277 0.10352933 0)
(68.733902 0.10624521 0)
(68.735712 0.10890457 0)
(68.737701 0.11148633 0)
(68.739855 0.11397125 0)
(68.742161 0.11634218 0)
(68.744602 0.11858404 0)
(68.747163 0.12068373 0)
(68.749824 0.12263014 0)
(68.752566 0.12441425 0)
(68.755369 0.12602935 0)
(68.758212 0.1274711 0)
(68.761074 0.12873763 0)
(68.763934 0.12982948 0)
(68.766772 0.13074953 0)
(68.769569 0.13150286 0)
(68.772308 0.13209636 0)
(68.774974 0.13253842 0)
(68.777552 0.1328385 0)
(68.780031 0.13300675 0)
(68.782402 0.13305363 0)
(68.784657 0.13298953 0)
(68.78679 0.13282457 0)
(68.788797 0.13256843 0)
(68.790675 0.13223018 0)
(68.792424 0.13181825 0)
(68.794042 0.13134023 0)
(68.795531 0.13080297 0)
(68.796892 0.13021263 0)
(68.798128 0.12957474 0)
(68.799241 0.12889419 0)
(68.800236 0.12817523 0)
(68.801116 0.12742159 0)
(68.801886 0.12663669 0)
(68.802551 0.12582361 0)
(68.803116 0.12498517 0)
(68.803588 0.124124 0)
(68.803972 0.1232427 0)
(68.804274 0.12234378 0)
(68.8045 0.12142972 0)
(68.804658 0.12050307 0)
(68.804753 0.11956632 0)
(68.804792 0.11862173 0)
(68.804782 0.11767133 0)
(68.804727 0.11671738 0)
(68.804635 0.11576182 0)
(68.804511 0.11480664 0)
(68.804362 0.11385401 0)
(68.804192 0.11290613 0)
(68.804006 0.11196475 0)
(68.803808 0.11103127 0)
(68.803602 0.1101067 0)
(68.803392 0.10919206 0)
(68.803181 0.10828833 0)
(68.802971 0.10739672 0)
(68.802764 0.10651823 0)
(68.802563 0.10565272 0)
(68.802368 0.10480066 0)
(68.802181 0.10396172 0)
(68.802001 0.10313691 0)
(68.801831 0.10232576 0)
(68.801669 0.10152854 0)
(68.801517 0.10074506 0)
(68.801374 0.099973497 0)
(68.801239 0.099215218 0)
(68.801113 0.098468299 0)
(68.800995 0.097733989 0)
(68.800884 0.097011525 0)
(68.800781 0.096299074 0)
(68.800685 0.095598304 0)
(68.800595 0.094906206 0)
(68.800511 0.094225017 0)
(68.800432 0.093553273 0)
(68.800359 0.092890141 0)
(68.800292 0.092236346 0)
(68.800228 0.091587146 0)
(68.800167 0.090951355 0)
(68.800115 0.090320408 0)
(68.800065 0.089689777 0)
(68.800021 0.089076295 0)
(68.799993 0.088456682 0)
(68.799971 0.087823868 0)
(68.799958 0.087200957 0)
(68.800004 0.086562483 0)
(68.800094 0.085813896 0)
(68.800314 0.085001948 0)
(68.800306 0.08377326 0)
(68.801536 0.083374152 0)
(68.79985 0.077872469 0)
(68.805394 0.087798168 0)
(68.803996 0.060001002 0)
(68.730135 0.089164526 0)
(68.730766 0.091673062 0)
(68.731549 0.094235778 0)
(68.732501 0.096836293 0)
(68.733627 0.099456263 0)
(68.734928 0.10207637 0)
(68.736404 0.10467668 0)
(68.738054 0.10723711 0)
(68.739872 0.10973797 0)
(68.741849 0.11216067 0)
(68.743974 0.11448805 0)
(68.746235 0.1167046 0)
(68.748616 0.1187965 0)
(68.751101 0.12075173 0)
(68.753673 0.12256017 0)
(68.756312 0.12421384 0)
(68.759 0.12570697 0)
(68.761717 0.12703608 0)
(68.764442 0.12820005 0)
(68.767157 0.12919997 0)
(68.769843 0.1300391 0)
(68.772483 0.13072257 0)
(68.77506 0.13125707 0)
(68.777561 0.13165051 0)
(68.779974 0.13191169 0)
(68.782288 0.13204988 0)
(68.784495 0.13207453 0)
(68.786587 0.13199501 0)
(68.788561 0.13182041 0)
(68.790413 0.1315594 0)
(68.79214 0.13122011 0)
(68.793741 0.13081 0)
(68.795216 0.13033587 0)
(68.796568 0.12980389 0)
(68.797796 0.12921967 0)
(68.798904 0.1285882 0)
(68.799896 0.1279139 0)
(68.800775 0.12720071 0)
(68.801545 0.12645222 0)
(68.802211 0.1256717 0)
(68.802778 0.1248622 0)
(68.803253 0.12402658 0)
(68.80364 0.12316763 0)
(68.803946 0.12228812 0)
(68.804178 0.12139078 0)
(68.804341 0.12047837 0)
(68.804442 0.11955358 0)
(68.804486 0.11861892 0)
(68.804482 0.11767661 0)
(68.804433 0.11672907 0)
(68.804348 0.11577847 0)
(68.804231 0.11482695 0)
(68.804088 0.1138769 0)
(68.803925 0.11293066 0)
(68.803745 0.11199017 0)
(68.803553 0.11105696 0)
(68.803354 0.11013214 0)
(68.80315 0.10921682 0)
(68.802944 0.10831212 0)
(68.80274 0.10741931 0)
(68.802539 0.10653947 0)
(68.802343 0.10567258 0)
(68.802153 0.10481905 0)
(68.801971 0.10397871 0)
(68.801796 0.10315245 0)
(68.80163 0.10233998 0)
(68.801472 0.10154145 0)
(68.801324 0.1007567 0)
(68.801184 0.09998408 0)
(68.801053 0.099224692 0)
(68.800931 0.098476915 0)
(68.800815 0.097741688 0)
(68.800708 0.097018399 0)
(68.800607 0.096305296 0)
(68.800514 0.095603772 0)
(68.800426 0.094911196 0)
(68.800344 0.094229393 0)
(68.800268 0.093557143 0)
(68.800197 0.092893571 0)
(68.800131 0.092239248 0)
(68.800069 0.091589867 0)
(68.800011 0.090953404 0)
(68.79996 0.090322094 0)
(68.799912 0.089691369 0)
(68.799869 0.0890769 0)
(68.799842 0.088456998 0)
(68.799822 0.087823984 0)
(68.799809 0.087199493 0)
(68.799855 0.086559119 0)
(68.799943 0.085809087 0)
(68.800158 0.084994746 0)
(68.800154 0.08376551 0)
(68.801335 0.08333752 0)
(68.799764 0.077976235 0)
(68.80509 0.087348121 0)
(68.803748 0.060289251 0)
(68.733231 0.088465646 0)
(68.73381 0.090828275 0)
(68.734523 0.093245787 0)
(68.735388 0.09570464 0)
(68.736408 0.098189491 0)
(68.737587 0.10068389 0)
(68.738927 0.1031705 0)
(68.740427 0.10563139 0)
(68.742085 0.10804849 0)
(68.743895 0.11040424 0)
(68.745848 0.11268195 0)
(68.747934 0.11486612 0)
(68.75014 0.11694258 0)
(68.752452 0.1188987 0)
(68.754855 0.12072355 0)
(68.757331 0.12240806 0)
(68.759863 0.12394521 0)
(68.762432 0.12533011 0)
(68.765019 0.12656003 0)
(68.767607 0.12763442 0)
(68.770176 0.12855479 0)
(68.77271 0.12932451 0)
(68.775194 0.12994862 0)
(68.777612 0.13043345 0)
(68.779952 0.13078638 0)
(68.782204 0.13101542 0)
(68.784357 0.131129 0)
(68.786404 0.13113562 0)
(68.78834 0.1310437 0)
(68.79016 0.1308614 0)
(68.79186 0.13059647 0)
(68.793441 0.13025616 0)
(68.794899 0.12984714 0)
(68.796237 0.12937555 0)
(68.797456 0.128847 0)
(68.798557 0.12826657 0)
(68.799543 0.12763883 0)
(68.800419 0.12696785 0)
(68.801187 0.12625741 0)
(68.801853 0.12551099 0)
(68.802421 0.12473182 0)
(68.802898 0.12392298 0)
(68.803288 0.12308751 0)
(68.803598 0.1222284 0)
(68.803834 0.12134864 0)
(68.804002 0.1204512 0)
(68.804108 0.11953902 0)
(68.804158 0.11861484 0)
(68.804159 0.11768106 0)
(68.804117 0.11674032 0)
(68.804038 0.11579496 0)
(68.803928 0.11484735 0)
(68.803792 0.11390005 0)
(68.803635 0.11295559 0)
(68.803462 0.11201609 0)
(68.803277 0.11108321 0)
(68.803084 0.11015818 0)
(68.802887 0.1092422 0)
(68.802688 0.10833652 0)
(68.802489 0.1074425 0)
(68.802294 0.10656129 0)
(68.802104 0.10569299 0)
(68.801919 0.10483796 0)
(68.801742 0.10399618 0)
(68.801572 0.10316844 0)
(68.80141 0.10235459 0)
(68.801257 0.10155472 0)
(68.801113 0.10076867 0)
(68.800977 0.099994955 0)
(68.80085 0.099234438 0)
(68.800731 0.098485764 0)
(68.800619 0.097749603 0)
(68.800514 0.097025462 0)
(68.800417 0.096311682 0)
(68.800326 0.095609393 0)
(68.800241 0.094916311 0)
(68.800161 0.094233886 0)
(68.800087 0.09356111 0)
(68.800018 0.092897082 0)
(68.799955 0.092242222 0)
(68.799895 0.091592639 0)
(68.799838 0.090955502 0)
(68.799789 0.090323809 0)
(68.799743 0.089692973 0)
(68.799701 0.089077515 0)
(68.799676 0.088457292 0)
(68.799656 0.087824067 0)
(68.799645 0.087197966 0)
(68.79969 0.086555627 0)
(68.799776 0.085804134 0)
(68.799985 0.084987223 0)
(68.799987 0.083757788 0)
(68.801116 0.08329954 0)
(68.799661 0.078080527 0)
(68.804763 0.08689132 0)
(68.803479 0.060582068 0)
(68.736294 0.087787036 0)
(68.736824 0.090013696 0)
(68.737474 0.092295334 0)
(68.738258 0.094620778 0)
(68.739183 0.096977232 0)
(68.740251 0.099350752 0)
(68.741465 0.10172635 0)
(68.742826 0.10408819 0)
(68.744335 0.10641993 0)
(68.745988 0.10870527 0)
(68.747777 0.11092833 0)
(68.749695 0.11307397 0)
(68.751732 0.11512805 0)
(68.753875 0.11707765 0)
(68.756111 0.11891123 0)
(68.758424 0.12061894 0)
(68.760799 0.12219269 0)
(68.763219 0.12362632 0)
(68.765666 0.12491571 0)
(68.768122 0.12605873 0)
(68.770571 0.12705525 0)
(68.772995 0.12790699 0)
(68.775379 0.12861731 0)
(68.777708 0.12919098 0)
(68.77997 0.12963391 0)
(68.782153 0.12995284 0)
(68.784246 0.13015503 0)
(68.786243 0.13024807 0)
(68.788135 0.1302396 0)
(68.789918 0.13013716 0)
(68.791588 0.12994806 0)
(68.793143 0.12967921 0)
(68.794581 0.12933712 0)
(68.795903 0.12892779 0)
(68.797108 0.12845682 0)
(68.798199 0.12792932 0)
(68.799178 0.12734994 0)
(68.800048 0.12672292 0)
(68.800813 0.12605217 0)
(68.801477 0.12534133 0)
(68.802045 0.12459387 0)
(68.802522 0.12381307 0)
(68.802914 0.1230022 0)
(68.803227 0.12216449 0)
(68.803466 0.12130317 0)
(68.803638 0.12042146 0)
(68.803749 0.11952253 0)
(68.803805 0.11860936 0)
(68.803813 0.11768458 0)
(68.803777 0.11675101 0)
(68.803704 0.11581122 0)
(68.803601 0.11486776 0)
(68.803472 0.11392339 0)
(68.803322 0.11298086 0)
(68.803156 0.11204245 0)
(68.802978 0.11110997 0)
(68.802792 0.11018477 0)
(68.802601 0.10926815 0)
(68.802408 0.10836149 0)
(68.802217 0.10746625 0)
(68.802028 0.10658365 0)
(68.801843 0.10571391 0)
(68.801664 0.10485736 0)
(68.801492 0.10401409 0)
(68.801327 0.10318484 0)
(68.80117 0.10236959 0)
(68.801022 0.10156834 0)
(68.800882 0.10078095 0)
(68.80075 0.10000611 0)
(68.800627 0.099244442 0)
(68.800511 0.098494832 0)
(68.800403 0.097757722 0)
(68.800302 0.097032703 0)
(68.800207 0.096318221 0)
(68.800119 0.095615159 0)
(68.800037 0.094921541 0)
(68.79996 0.094238488 0)
(68.799888 0.093565166 0)
(68.799822 0.092900667 0)
(68.799761 0.092245265 0)
(68.799703 0.091595454 0)
(68.799648 0.090957645 0)
(68.799601 0.090325547 0)
(68.799556 0.089694587 0)
(68.799517 0.089078136 0)
(68.799492 0.088457562 0)
(68.799474 0.087824115 0)
(68.799464 0.087196374 0)
(68.799507 0.086552008 0)
(68.799592 0.08579904 0)
(68.799794 0.084979385 0)
(68.799801 0.083750101 0)
(68.800879 0.083260322 0)
(68.799538 0.078184748 0)
(68.804413 0.086429546 0)
(68.803188 0.06087831 0)
(68.739324 0.087128596 0)
(68.739808 0.089228623 0)
(68.7404 0.091383242 0)
(68.741112 0.093583279 0)
(68.741949 0.095818092 0)
(68.742914 0.098075909 0)
(68.744013 0.10034386 0)
(68.745247 0.10260806 0)
(68.746618 0.10485393 0)
(68.748122 0.10706657 0)
(68.749756 0.10923112 0)
(68.751514 0.1113331 0)
(68.753387 0.11335869 0)
(68.755366 0.11529493 0)
(68.757438 0.11713002 0)
(68.759591 0.11885349 0)
(68.76181 0.12045644 0)
(68.76408 0.12193166 0)
(68.766384 0.12327377 0)
(68.768706 0.12447923 0)
(68.77103 0.1255464 0)
(68.773339 0.1264754 0)
(68.775618 0.12726799 0)
(68.777853 0.12792739 0)
(68.78003 0.12845804 0)
(68.782138 0.12886531 0)
(68.784166 0.12915531 0)
(68.786106 0.12933458 0)
(68.787949 0.12940989 0)
(68.78969 0.12938811 0)
(68.791325 0.12927597 0)
(68.79285 0.12908 0)
(68.794263 0.12880641 0)
(68.795564 0.12846106 0)
(68.796753 0.12804944 0)
(68.79783 0.12757663 0)
(68.798799 0.12704736 0)
(68.799661 0.12646595 0)
(68.800421 0.12583646 0)
(68.801081 0.1251627 0)
(68.801647 0.1244483 0)
(68.802124 0.12369677 0)
(68.802517 0.1229116 0)
(68.802832 0.12209627 0)
(68.803074 0.12125425 0)
(68.80325 0.12038903 0)
(68.803365 0.119504 0)
(68.803427 0.1186024 0)
(68.80344 0.11768709 0)
(68.80341 0.11676107 0)
(68.803344 0.11582714 0)
(68.803247 0.11488807 0)
(68.803125 0.11394684 0)
(68.802983 0.11300637 0)
(68.802824 0.11206917 0)
(68.802653 0.11113716 0)
(68.802474 0.11021184 0)
(68.80229 0.10929461 0)
(68.802105 0.10838697 0)
(68.80192 0.10749051 0)
(68.801737 0.1066065 0)
(68.801559 0.1057353 0)
(68.801386 0.10487721 0)
(68.801219 0.10403241 0)
(68.80106 0.10320162 0)
(68.800908 0.10238492 0)
(68.800765 0.10158228 0)
(68.800629 0.10079352 0)
(68.800502 0.10001751 0)
(68.800383 0.099254677 0)
(68.800271 0.098504097 0)
(68.800166 0.097766022 0)
(68.800068 0.097040104 0)
(68.799977 0.096324896 0)
(68.799892 0.095621051 0)
(68.799813 0.09492687 0)
(68.799739 0.094243184 0)
(68.79967 0.093569299 0)
(68.799606 0.092904315 0)
(68.799547 0.092248364 0)
(68.799491 0.091598303 0)
(68.799439 0.090959823 0)
(68.799393 0.090327299 0)
(68.799351 0.089696199 0)
(68.799313 0.089078759 0)
(68.799289 0.088457801 0)
(68.799272 0.08782412 0)
(68.799263 0.087194718 0)
(68.799306 0.086548265 0)
(68.799388 0.085793811 0)
(68.799584 0.084971245 0)
(68.799596 0.083742452 0)
(68.800622 0.083219993 0)
(68.799393 0.07828828 0)
(68.804035 0.085964721 0)
(68.802871 0.061176739 0)
(68.742321 0.086490419 0)
(68.742764 0.088472594 0)
(68.743302 0.09050863 0)
(68.743947 0.092591015 0)
(68.744704 0.094710927 0)
(68.745577 0.096858475 0)
(68.746569 0.099022665 0)
(68.747686 0.10119144 0)
(68.748927 0.1033519 0)
(68.750293 0.10549059 0)
(68.751781 0.10759384 0)
(68.753386 0.10964803 0)
(68.755103 0.11163988 0)
(68.756923 0.11355667 0)
(68.758836 0.11538654 0)
(68.760831 0.1171187 0)
(68.762895 0.11874365 0)
(68.765014 0.12025332 0)
(68.767174 0.12164127 0)
(68.76936 0.12290274 0)
(68.771555 0.12403468 0)
(68.773745 0.12503574 0)
(68.775914 0.12590616 0)
(68.778049 0.12664763 0)
(68.780136 0.12726314 0)
(68.782163 0.1277567 0)
(68.78412 0.12813315 0)
(68.785996 0.12839795 0)
(68.787784 0.12855694 0)
(68.789478 0.12861619 0)
(68.791072 0.12858179 0)
(68.792562 0.12845979 0)
(68.793946 0.12825603 0)
(68.795223 0.12797614 0)
(68.796391 0.12762543 0)
(68.797452 0.12720894 0)
(68.798408 0.12673139 0)
(68.799259 0.12619717 0)
(68.800011 0.12561045 0)
(68.800666 0.12497517 0)
(68.801228 0.12429514 0)
(68.801703 0.12357408 0)
(68.802095 0.12281569 0)
(68.802411 0.1220237 0)
(68.802655 0.12120184 0)
(68.802834 0.12035384 0)
(68.802954 0.11948336 0)
(68.80302 0.11859385 0)
(68.803038 0.11768849 0)
(68.803015 0.11677039 0)
(68.802955 0.11584263 0)
(68.802866 0.11490821 0)
(68.802751 0.11397031 0)
(68.802615 0.11303206 0)
(68.802464 0.11209616 0)
(68.802301 0.11116472 0)
(68.802129 0.11023933 0)
(68.801953 0.10932151 0)
(68.801774 0.10841291 0)
(68.801596 0.10751522 0)
(68.801421 0.1066298 0)
(68.801249 0.1057571 0)
(68.801082 0.10489745 0)
(68.800922 0.10405109 0)
(68.800768 0.10321874 0)
(68.800622 0.10240057 0)
(68.800484 0.1015965 0)
(68.800353 0.10080635 0)
(68.800231 0.10002913 0)
(68.800116 0.099265123 0)
(68.800008 0.098513542 0)
(68.799907 0.097774487 0)
(68.799813 0.097047651 0)
(68.799725 0.096331693 0)
(68.799643 0.095627059 0)
(68.799567 0.094932291 0)
(68.799496 0.094247965 0)
(68.79943 0.093573501 0)
(68.799368 0.092908018 0)
(68.799311 0.092251514 0)
(68.799258 0.091601179 0)
(68.799208 0.090962033 0)
(68.799165 0.090329065 0)
(68.799124 0.089697807 0)
(68.799088 0.089079383 0)
(68.799065 0.088458009 0)
(68.799049 0.087824082 0)
(68.799042 0.087193001 0)
(68.799083 0.086544406 0)
(68.799164 0.085788458 0)
(68.799353 0.084962823 0)
(68.79937 0.083734849 0)
(68.800343 0.083178701 0)
(68.799224 0.078390496 0)
(68.80363 0.085498909 0)
(68.802528 0.061476023 0)
(68.745288 0.085872788 0)
(68.745692 0.087745407 0)
(68.746181 0.089670905 0)
(68.746764 0.091643144 0)
(68.747448 0.093654846 0)
(68.748235 0.095697735 0)
(68.74913 0.097762476 0)
(68.750137 0.099838673 0)
(68.751259 0.10191501 0)
(68.752496 0.10397947 0)
(68.753846 0.10601964 0)
(68.755307 0.10802289 0)
(68.756874 0.10997665 0)
(68.758541 0.11186868 0)
(68.760299 0.11368727 0)
(68.76214 0.11542152 0)
(68.764051 0.11706155 0)
(68.766021 0.11859868 0)
(68.768037 0.1200256 0)
(68.770084 0.12133648 0)
(68.772148 0.12252705 0)
(68.774215 0.1235946 0)
(68.77627 0.12453794 0)
(68.7783 0.12535734 0)
(68.780291 0.12605431 0)
(68.782231 0.12663152 0)
(68.78411 0.12709253 0)
(68.785917 0.12744164 0)
(68.787645 0.1276837 0)
(68.789285 0.12782389 0)
(68.790832 0.12786761 0)
(68.792283 0.1278203 0)
(68.793633 0.12768739 0)
(68.79488 0.12747416 0)
(68.796024 0.12718572 0)
(68.797065 0.12682697 0)
(68.798003 0.12640259 0)
(68.798842 0.125917 0)
(68.799582 0.12537443 0)
(68.800229 0.12477895 0)
(68.800786 0.12413453 0)
(68.801257 0.12344508 0)
(68.801647 0.12271451 0)
(68.801962 0.12194678 0)
(68.802208 0.12114589 0)
(68.802389 0.12031583 0)
(68.802512 0.11946051 0)
(68.802582 0.11858365 0)
(68.802606 0.11768866 0)
(68.802589 0.11677886 0)
(68.802536 0.11585758 0)
(68.802453 0.11492805 0)
(68.802345 0.11399367 0)
(68.802218 0.1130578 0)
(68.802074 0.11212332 0)
(68.801919 0.11119252 0)
(68.801755 0.11026711 0)
(68.801586 0.10934875 0)
(68.801415 0.1084392 0)
(68.801244 0.10754028 0)
(68.801076 0.10665345 0)
(68.800911 0.10577924 0)
(68.800751 0.10491801 0)
(68.800597 0.10407007 0)
(68.80045 0.10323614 0)
(68.800309 0.10241646 0)
(68.800176 0.10161094 0)
(68.800051 0.10081939 0)
(68.799933 0.10004094 0)
(68.799823 0.099275733 0)
(68.79972 0.098523124 0)
(68.799623 0.097783076 0)
(68.799532 0.097055306 0)
(68.799448 0.096338578 0)
(68.79937 0.095633151 0)
(68.799297 0.094937772 0)
(68.799229 0.094252803 0)
(68.799165 0.093577748 0)
(68.799107 0.092911752 0)
(68.799052 0.092254693 0)
(68.799002 0.091604063 0)
(68.798954 0.090964255 0)
(68.798913 0.090330826 0)
(68.798874 0.089699394 0)
(68.79884 0.089079994 0)
(68.798818 0.088458174 0)
(68.798804 0.087823988 0)
(68.798797 0.087191217 0)
(68.798838 0.08654043 0)
(68.798916 0.085782985 0)
(68.799098 0.084954135 0)
(68.799119 0.083727293 0)
(68.800039 0.08313661 0)
(68.799027 0.078490755 0)
(68.803193 0.0850343 0)
(68.802154 0.061774737 0)
(68.748224 0.085276185 0)
(68.748592 0.087047115 0)
(68.749036 0.08886975 0)
(68.749563 0.090739109 0)
(68.750178 0.092649213 0)
(68.750887 0.094593171 0)
(68.751693 0.096563102 0)
(68.7526 0.098550096 0)
(68.75361 0.10054431 0)
(68.754727 0.10253512 0)
(68.755948 0.10451136 0)
(68.757272 0.10646147 0)
(68.758697 0.10837373 0)
(68.760217 0.11023651 0)
(68.761826 0.11203846 0)
(68.763516 0.11376879 0)
(68.765277 0.11541743 0)
(68.7671 0.11697529 0)
(68.768971 0.1184344 0)
(68.770878 0.11978806 0)
(68.772809 0.12103094 0)
(68.77475 0.12215913 0)
(68.776687 0.12317013 0)
(68.778606 0.12406283 0)
(68.780496 0.12483737 0)
(68.782344 0.12549505 0)
(68.784139 0.12603816 0)
(68.785871 0.12646983 0)
(68.787532 0.12679382 0)
(68.789113 0.12701439 0)
(68.790608 0.12713613 0)
(68.792013 0.12716384 0)
(68.793323 0.12710241 0)
(68.794536 0.12695673 0)
(68.795651 0.12673162 0)
(68.796668 0.1264318 0)
(68.797586 0.12606184 0)
(68.798407 0.12562614 0)
(68.799135 0.12512897 0)
(68.799771 0.1245745 0)
(68.800319 0.12396682 0)
(68.800785 0.12331002 0)
(68.801171 0.12260822 0)
(68.801485 0.12186562 0)
(68.80173 0.12108647 0)
(68.801913 0.12027503 0)
(68.802038 0.11943546 0)
(68.802113 0.11857174 0)
(68.802141 0.11768756 0)
(68.802129 0.11678642 0)
(68.802083 0.11587191 0)
(68.802007 0.11494751 0)
(68.801907 0.11401685 0)
(68.801787 0.11308349 0)
(68.801651 0.11215056 0)
(68.801504 0.11122047 0)
(68.801348 0.11029511 0)
(68.801188 0.10937624 0)
(68.801025 0.10846576 0)
(68.800862 0.10756563 0)
(68.800701 0.10667738 0)
(68.800543 0.10580167 0)
(68.80039 0.10493884 0)
(68.800243 0.1040893 0)
(68.800102 0.10325378 0)
(68.799968 0.10243256 0)
(68.79984 0.10162558 0)
(68.799721 0.10083261 0)
(68.799608 0.1000529 0)
(68.799503 0.099286489 0)
(68.799404 0.098532828 0)
(68.799311 0.097791778 0)
(68.799225 0.097063061 0)
(68.799145 0.096345545 0)
(68.79907 0.095639321 0)
(68.799001 0.094943311 0)
(68.798936 0.094257695 0)
(68.798875 0.093582038 0)
(68.798819 0.092915519 0)
(68.798768 0.092257903 0)
(68.79872 0.091606957 0)
(68.798674 0.090966495 0)
(68.798635 0.090332588 0)
(68.798599 0.089700964 0)
(68.798567 0.089080601 0)
(68.798547 0.088458305 0)
(68.798534 0.087823846 0)
(68.798528 0.087189381 0)
(68.798568 0.086536359 0)
(68.798643 0.085777415 0)
(68.798817 0.084945219 0)
(68.798843 0.083719798 0)
(68.799709 0.083093919 0)
(68.798802 0.078588425 0)
(68.802724 0.084573224 0)
(68.801749 0.062071373 0)
(68.751132 0.084701296 0)
(68.751467 0.08637802 0)
(68.751867 0.088105147 0)
(68.752342 0.089878664 0)
(68.752896 0.091693689 0)
(68.753532 0.093544515 0)
(68.754255 0.095424523 0)
(68.755069 0.097326128 0)
(68.755978 0.099240822 0)
(68.756981 0.1011593 0)
(68.758082 0.10307161 0)
(68.759278 0.10496728 0)
(68.760568 0.10683553 0)
(68.761948 0.10866544 0)
(68.763413 0.11044618 0)
(68.764957 0.11216722 0)
(68.766572 0.11381852 0)
(68.768248 0.11539077 0)
(68.769976 0.11687553 0)
(68.771744 0.11826543 0)
(68.77354 0.11955426 0)
(68.775351 0.12073705 0)
(68.777166 0.12181013 0)
(68.778972 0.12277111 0)
(68.780755 0.12361884 0)
(68.782505 0.12435331 0)
(68.784211 0.12497553 0)
(68.785861 0.12548743 0)
(68.787448 0.12589167 0)
(68.788964 0.12619151 0)
(68.790401 0.12639069 0)
(68.791754 0.12649327 0)
(68.79302 0.12650354 0)
(68.794194 0.12642592 0)
(68.795275 0.12626488 0)
(68.796262 0.12602488 0)
(68.797156 0.12571032 0)
(68.797957 0.12532555 0)
(68.798667 0.12487483 0)
(68.79929 0.12436239 0)
(68.799828 0.12379244 0)
(68.800285 0.12316922 0)
(68.800666 0.12249706 0)
(68.800976 0.12178037 0)
(68.80122 0.12102367 0)
(68.801403 0.12023146 0)
(68.80153 0.11940818 0)
(68.801608 0.11855807 0)
(68.801641 0.11768508 0)
(68.801634 0.11679295 0)
(68.801594 0.11588548 0)
(68.801525 0.11496644 0)
(68.801433 0.11403967 0)
(68.801321 0.11310898 0)
(68.801193 0.11217769 0)
(68.801054 0.11124842 0)
(68.800907 0.11032317 0)
(68.800755 0.10940383 0)
(68.8006 0.10849245 0)
(68.800445 0.10759112 0)
(68.800292 0.10670146 0)
(68.800142 0.10582423 0)
(68.799997 0.10495981 0)
(68.799856 0.10410866 0)
(68.799722 0.10327153 0)
(68.799595 0.10244878 0)
(68.799474 0.10164031 0)
(68.79936 0.10084591 0)
(68.799253 0.10006492 0)
(68.799152 0.099297304 0)
(68.799058 0.098542573 0)
(68.79897 0.097800514 0)
(68.798888 0.097070843 0)
(68.798812 0.096352524 0)
(68.798741 0.095645504 0)
(68.798675 0.094948848 0)
(68.798614 0.094262584 0)
(68.798557 0.093586319 0)
(68.798504 0.092919266 0)
(68.798455 0.092261096 0)
(68.79841 0.091609815 0)
(68.798367 0.090968708 0)
(68.79833 0.090334313 0)
(68.798296 0.089702481 0)
(68.798266 0.089081172 0)
(68.798247 0.088458374 0)
(68.798236 0.087823629 0)
(68.798232 0.087187475 0)
(68.79827 0.086532186 0)
(68.798342 0.085771748 0)
(68.798509 0.084936095 0)
(68.798538 0.08371236 0)
(68.79935 0.083050832 0)
(68.798543 0.078682871 0)
(68.802219 0.08411812 0)
(68.801309 0.062364324 0)
(68.754013 0.084149038 0)
(68.754316 0.085738689 0)
(68.754677 0.087377366 0)
(68.755104 0.089061867 0)
(68.7556 0.090788231 0)
(68.75617 0.09255176 0)
(68.756817 0.094346927 0)
(68.757545 0.096167312 0)
(68.758358 0.098005615 0)
(68.759257 0.099853738 0)
(68.760245 0.10170288 0)
(68.76132 0.10354367 0)
(68.762482 0.10536626 0)
(68.763729 0.10716055 0)
(68.765056 0.10891632 0)
(68.766459 0.11062345 0)
(68.767931 0.11227208 0)
(68.769464 0.11385287 0)
(68.77105 0.11535709 0)
(68.772679 0.11677689 0)
(68.774339 0.11810534 0)
(68.77602 0.1193366 0)
(68.77771 0.12046597 0)
(68.779397 0.12148992 0)
(68.78107 0.12240607 0)
(68.782716 0.12321316 0)
(68.784326 0.12391097 0)
(68.78589 0.12450023 0)
(68.787397 0.12498247 0)
(68.788841 0.12535993 0)
(68.790213 0.12563542 0)
(68.791509 0.12581222 0)
(68.792723 0.12589395 0)
(68.793853 0.12588447 0)
(68.794895 0.12578783 0)
(68.795848 0.12560817 0)
(68.796713 0.1253497 0)
(68.79749 0.12501662 0)
(68.798179 0.12461316 0)
(68.798785 0.12414358 0)
(68.799309 0.12361217 0)
(68.799756 0.12302331 0)
(68.80013 0.1223815 0)
(68.800434 0.12169139 0)
(68.800675 0.12095773 0)
(68.800857 0.12018529 0)
(68.800986 0.11937878 0)
(68.801065 0.11854268 0)
(68.801102 0.11768123 0)
(68.801101 0.11679841 0)
(68.801067 0.11589824 0)
(68.801005 0.11498476 0)
(68.80092 0.11406206 0)
(68.800816 0.11313417 0)
(68.800697 0.11220464 0)
(68.800566 0.11127626 0)
(68.800428 0.11035118 0)
(68.800284 0.10943142 0)
(68.800138 0.10851918 0)
(68.799992 0.10761667 0)
(68.799848 0.10672563 0)
(68.799706 0.10584689 0)
(68.799568 0.10498087 0)
(68.799435 0.10412811 0)
(68.799308 0.10328937 0)
(68.799188 0.10246507 0)
(68.799073 0.10165512 0)
(68.798965 0.10085929 0)
(68.798864 0.10007701 0)
(68.798769 0.099308182 0)
(68.79868 0.098552371 0)
(68.798597 0.097809299 0)
(68.79852 0.097078671 0)
(68.798448 0.096359538 0)
(68.798381 0.095651724 0)
(68.798319 0.094954408 0)
(68.798261 0.094267497 0)
(68.798207 0.093590618 0)
(68.798158 0.092923025 0)
(68.798112 0.092264302 0)
(68.798069 0.091612668 0)
(68.79803 0.090970927 0)
(68.797995 0.090336032 0)
(68.797963 0.089703974 0)
(68.797935 0.089081738 0)
(68.797918 0.088458413 0)
(68.797908 0.087823368 0)
(68.797905 0.087185535 0)
(68.797942 0.086527954 0)
(68.798012 0.085766033 0)
(68.79817 0.084926831 0)
(68.798203 0.083705011 0)
(68.798959 0.083007613 0)
(68.798249 0.078773502 0)
(68.801675 0.083671577 0)
(68.800832 0.062651918 0)
(68.756869 0.083620569 0)
(68.757143 0.085129973 0)
(68.757467 0.086686998 0)
(68.757849 0.088289114 0)
(68.758292 0.089933133 0)
(68.7588 0.091615213 0)
(68.759377 0.093330768 0)
(68.760026 0.095074395 0)
(68.76075 0.096839867 0)
(68.761552 0.098620182 0)
(68.762434 0.10040763 0)
(68.763396 0.10219385 0)
(68.764437 0.10396999 0)
(68.765557 0.10572675 0)
(68.766753 0.10745462 0)
(68.76802 0.10914398 0)
(68.769353 0.11078531 0)
(68.770747 0.11236936 0)
(68.772193 0.11388731 0)
(68.773683 0.11533097 0)
(68.775207 0.1166929 0)
(68.776756 0.11796653 0)
(68.778318 0.1191463 0)
(68.779884 0.12022764 0)
(68.781441 0.12120709 0)
(68.782979 0.12208221 0)
(68.784488 0.1228516 0)
(68.785958 0.1235148 0)
(68.78738 0.12407223 0)
(68.788745 0.12452508 0)
(68.790047 0.1248752 0)
(68.791279 0.12512501 0)
(68.792436 0.12527741 0)
(68.793515 0.12533566 0)
(68.794512 0.12530331 0)
(68.795427 0.12518412 0)
(68.796258 0.12498202 0)
(68.797005 0.12470106 0)
(68.79767 0.12434537 0)
(68.798255 0.12391921 0)
(68.798763 0.12342691 0)
(68.799197 0.12287298 0)
(68.79956 0.12226208 0)
(68.799858 0.12159906 0)
(68.800094 0.12088891 0)
(68.800273 0.12013667 0)
(68.800401 0.1193473 0)
(68.800483 0.11852556 0)
(68.800523 0.11767594 0)
(68.800526 0.11680267 0)
(68.800498 0.11591001 0)
(68.800443 0.11500227 0)
(68.800365 0.11408378 0)
(68.800269 0.11315882 0)
(68.800159 0.11223114 0)
(68.800038 0.11130373 0)
(68.799908 0.11037889 0)
(68.799774 0.10945876 0)
(68.799637 0.10854569 0)
(68.7995 0.10764203 0)
(68.799364 0.10674963 0)
(68.799231 0.10586939 0)
(68.799101 0.1050018 0)
(68.798977 0.10414743 0)
(68.798857 0.10330709 0)
(68.798744 0.10248124 0)
(68.798636 0.10166982 0)
(68.798535 0.10087256 0)
(68.79844 0.10008898 0)
(68.79835 0.099318948 0)
(68.798267 0.098562054 0)
(68.798189 0.097817972 0)
(68.798117 0.097086391 0)
(68.798049 0.09636644 0)
(68.797987 0.09565784 0)
(68.797929 0.094959859 0)
(68.797875 0.094272306 0)
(68.797824 0.093594816 0)
(68.797778 0.092926681 0)
(68.797736 0.092267412 0)
(68.797696 0.091615416 0)
(68.797659 0.090973056 0)
(68.797627 0.090337659 0)
(68.797598 0.089705363 0)
(68.797572 0.089082229 0)
(68.797557 0.088458358 0)
(68.797548 0.087823005 0)
(68.797546 0.087183518 0)
(68.797582 0.086523638 0)
(68.797649 0.085760252 0)
(68.797798 0.084917441 0)
(68.797834 0.083697732 0)
(68.798535 0.082964506 0)
(68.797916 0.07885971 0)
(68.80109 0.083236267 0)
(68.800314 0.062932362 0)
(68.759704 0.083117298 0)
(68.759949 0.084553026 0)
(68.760239 0.086034973 0)
(68.760579 0.087561166 0)
(68.760973 0.089129064 0)
(68.761424 0.090735551 0)
(68.761935 0.092376845 0)
(68.76251 0.094048425 0)
(68.763152 0.09574501 0)
(68.763864 0.097460581 0)
(68.764647 0.099188416 0)
(68.765502 0.10092114 0)
(68.76643 0.10265081 0)
(68.76743 0.10436898 0)
(68.768499 0.10606685 0)
(68.769636 0.10773541 0)
(68.770835 0.10936554 0)
(68.772093 0.11094823 0)
(68.773401 0.11247471 0)
(68.774754 0.11393662 0)
(68.776143 0.11532615 0)
(68.777559 0.1166362 0)
(68.778992 0.11786046 0)
(68.780433 0.11899351 0)
(68.781871 0.12003088 0)
(68.783296 0.12096908 0)
(68.784699 0.12180558 0)
(68.786069 0.1225388 0)
(68.787399 0.12316805 0)
(68.788679 0.12369347 0)
(68.789903 0.12411593 0)
(68.791065 0.12443696 0)
(68.792159 0.12465868 0)
(68.793181 0.12478369 0)
(68.794128 0.12481499 0)
(68.794998 0.1247559 0)
(68.795789 0.12461004 0)
(68.796503 0.12438123 0)
(68.797139 0.12407346 0)
(68.7977 0.12369095 0)
(68.798188 0.12323805 0)
(68.798605 0.12271937 0)
(68.798956 0.12213971 0)
(68.799244 0.12150411 0)
(68.799473 0.12081778 0)
(68.799649 0.12008602 0)
(68.799775 0.11931406 0)
(68.799857 0.11850692 0)
(68.7999 0.11766934 0)
(68.799907 0.11680582 0)
(68.799884 0.11592083 0)
(68.799836 0.11501897 0)
(68.799766 0.11410481 0)
(68.799678 0.11318288 0)
(68.799577 0.11225715 0)
(68.799465 0.11133079 0)
(68.799345 0.11040624 0)
(68.79922 0.1094858 0)
(68.799093 0.10857195 0)
(68.798965 0.10766719 0)
(68.798839 0.10677345 0)
(68.798714 0.10589175 0)
(68.798594 0.10502261 0)
(68.798477 0.10416665 0)
(68.798366 0.10332473 0)
(68.79826 0.10249735 0)
(68.79816 0.10168445 0)
(68.798065 0.10088579 0)
(68.797976 0.10010093 0)
(68.797894 0.099329694 0)
(68.797816 0.098571719 0)
(68.797744 0.097826634 0)
(68.797676 0.097094106 0)
(68.797614 0.096373335 0)
(68.797556 0.095663958 0)
(68.797502 0.094965307 0)
(68.797452 0.094277116 0)
(68.797405 0.093599016 0)
(68.797362 0.092930336 0)
(68.797323 0.092270527 0)
(68.797287 0.091618154 0)
(68.797253 0.090975188 0)
(68.797224 0.090339282 0)
(68.797197 0.089706731 0)
(68.797174 0.089082723 0)
(68.79716 0.088458288 0)
(68.797153 0.087822613 0)
(68.797152 0.0871815 0)
(68.797186 0.086519325 0)
(68.79725 0.085754495 0)
(68.79739 0.084908039 0)
(68.797428 0.083690589 0)
(68.798074 0.082921859 0)
(68.797541 0.078940984 0)
(68.80046 0.082815044 0)
(68.799751 0.063203819 0)
(68.76252 0.082640921 0)
(68.762738 0.084009322 0)
(68.762996 0.08542257 0)
(68.763297 0.086879154 0)
(68.763645 0.088377072 0)
(68.764042 0.08991382 0)
(68.764493 0.0914863 0)
(68.764999 0.093090751 0)
(68.765565 0.094722717 0)
(68.766192 0.096377049 0)
(68.766883 0.098047924 0)
(68.767638 0.099728865 0)
(68.768458 0.10141279 0)
(68.769344 0.10309209 0)
(68.770293 0.1047587 0)
(68.771305 0.10640422 0)
(68.772375 0.10802003 0)
(68.7735 0.10959746 0)
(68.774674 0.1111279 0)
(68.775892 0.11260295 0)
(68.777146 0.1140146 0)
(68.778428 0.11535534 0)
(68.779731 0.11661829 0)
(68.781044 0.1177973 0)
(68.78236 0.11888704 0)
(68.783668 0.11988307 0)
(68.784959 0.12078182 0)
(68.786224 0.12158066 0)
(68.787456 0.12227781 0)
(68.788645 0.12287239 0)
(68.789785 0.12336427 0)
(68.790869 0.1237541 0)
(68.791893 0.12404317 0)
(68.792852 0.12423336 0)
(68.793742 0.12432709 0)
(68.794561 0.1243272 0)
(68.795308 0.12423692 0)
(68.795983 0.1240598 0)
(68.796586 0.12379968 0)
(68.797118 0.12346065 0)
(68.797582 0.1230471 0)
(68.797979 0.12256367 0)
(68.798314 0.1220153 0)
(68.79859 0.1214072 0)
(68.798811 0.1207448 0)
(68.798981 0.12003363 0)
(68.799104 0.11927919 0)
(68.799186 0.11848675 0)
(68.79923 0.11766132 0)
(68.799241 0.11680763 0)
(68.799223 0.11593042 0)
(68.799181 0.11503451 0)
(68.799118 0.11412476 0)
(68.799039 0.11320593 0)
(68.798947 0.11228222 0)
(68.798844 0.11135697 0)
(68.798734 0.11043278 0)
(68.79862 0.10951208 0)
(68.798502 0.10859749 0)
(68.798385 0.10769166 0)
(68.798268 0.10679664 0)
(68.798153 0.10591351 0)
(68.798042 0.10504285 0)
(68.797934 0.10418533 0)
(68.797831 0.10334185 0)
(68.797733 0.10251297 0)
(68.797641 0.10169864 0)
(68.797554 0.10089859 0)
(68.797472 0.10011246 0)
(68.797395 0.099340055 0)
(68.797324 0.098581017 0)
(68.797257 0.09783495 0)
(68.797195 0.097101497 0)
(68.797138 0.09637992 0)
(68.797084 0.095669786 0)
(68.797035 0.094970478 0)
(68.796989 0.094281665 0)
(68.796947 0.093602973 0)
(68.796908 0.09293376 0)
(68.796872 0.09227343 0)
(68.796839 0.091620682 0)
(68.796808 0.090977136 0)
(68.796782 0.090340732 0)
(68.796758 0.089707924 0)
(68.796738 0.089083084 0)
(68.796725 0.088458083 0)
(68.79672 0.087822083 0)
(68.79672 0.087179396 0)
(68.796753 0.086514958 0)
(68.796813 0.085748723 0)
(68.796944 0.084898632 0)
(68.796983 0.08368355 0)
(68.797573 0.082879968 0)
(68.797121 0.079016777 0)
(68.799783 0.082410827 0)
(68.799142 0.063464302 0)
(68.765322 0.082193504 0)
(68.765515 0.083500771 0)
(68.765741 0.084851564 0)
(68.766006 0.086244756 0)
(68.766311 0.087678795 0)
(68.766659 0.089151685 0)
(68.767052 0.09066091 0)
(68.767495 0.092203357 0)
(68.767989 0.093775285 0)
(68.768537 0.095372307 0)
(68.769141 0.096989397 0)
(68.769802 0.098620893 0)
(68.770521 0.10026052 0)
(68.771299 0.10190145 0)
(68.772134 0.10353633 0)
(68.773025 0.10515741 0)
(68.773971 0.1067566 0)
(68.774967 0.10832563 0)
(68.77601 0.10985613 0)
(68.777094 0.11133981 0)
(68.778214 0.11276855 0)
(68.779363 0.11413459 0)
(68.780534 0.11543063 0)
(68.781718 0.11664991 0)
(68.782908 0.1177864 0)
(68.784094 0.11883479 0)
(68.785269 0.1197906 0)
(68.786424 0.12065019 0)
(68.787551 0.12141081 0)
(68.788643 0.12207054 0)
(68.789692 0.12262832 0)
(68.790693 0.12308385 0)
(68.791639 0.12343761 0)
(68.792528 0.12369075 0)
(68.793355 0.12384505 0)
(68.794117 0.12390282 0)
(68.794814 0.12386687 0)
(68.795445 0.12374045 0)
(68.796009 0.12352718 0)
(68.796508 0.12323103 0)
(68.796943 0.12285634 0)
(68.797317 0.1224078 0)
(68.797633 0.12189045 0)
(68.797895 0.12130964 0)
(68.798104 0.12067102 0)
(68.798267 0.11998035 0)
(68.798386 0.11924337 0)
(68.798466 0.11846559 0)
(68.79851 0.11765229 0)
(68.798524 0.11680845 0)
(68.798511 0.11593903 0)
(68.798475 0.11504911 0)
(68.79842 0.11414382 0)
(68.798349 0.11322814 0)
(68.798266 0.1123065 0)
(68.798173 0.11138241 0)
(68.798073 0.11045863 0)
(68.797969 0.10953773 0)
(68.797862 0.10862247 0)
(68.797755 0.10771564 0)
(68.797649 0.10681938 0)
(68.797544 0.10593488 0)
(68.797442 0.10506275 0)
(68.797344 0.10420372 0)
(68.79725 0.10335873 0)
(68.797161 0.10252838 0)
(68.797076 0.10171264 0)
(68.796997 0.10091125 0)
(68.796922 0.10012387 0)
(68.796853 0.099350321 0)
(68.796788 0.098590237 0)
(68.796727 0.097843204 0)
(68.796671 0.097108843 0)
(68.796619 0.096386467 0)
(68.79657 0.095675589 0)
(68.796526 0.094975625 0)
(68.796484 0.094286199 0)
(68.796446 0.093606919 0)
(68.796411 0.092937173 0)
(68.796379 0.092276327 0)
(68.79635 0.091623194 0)
(68.796322 0.090979083 0)
(68.796299 0.09034218 0)
(68.796278 0.089709097 0)
(68.79626 0.089083457 0)
(68.79625 0.088457879 0)
(68.796246 0.087821542 0)
(68.796247 0.087177331 0)
(68.796278 0.08651067 0)
(68.796335 0.085743067 0)
(68.796455 0.084889382 0)
(68.796495 0.083676711 0)
(68.79703 0.082839272 0)
(68.796651 0.079086677 0)
(68.799054 0.082026765 0)
(68.798482 0.063711764 0)
(68.768116 0.081777357 0)
(68.768284 0.083029539 0)
(68.768482 0.084324002 0)
(68.768711 0.085659932 0)
(68.768976 0.08703615 0)
(68.769277 0.088451087 0)
(68.769617 0.089902712 0)
(68.77 0.091388464 0)
(68.770427 0.09290521 0)
(68.770901 0.094449226 0)
(68.771423 0.096016186 0)
(68.771995 0.097601153 0)
(68.772619 0.099198589 0)
(68.773293 0.10080238 0)
(68.774019 0.10240586 0)
(68.774796 0.10400191 0)
(68.775621 0.10558298 0)
(68.776492 0.10714125 0)
(68.777407 0.10866866 0)
(68.77836 0.1101571 0)
(68.779348 0.11159846 0)
(68.780363 0.11298486 0)
(68.781401 0.11430866 0)
(68.782454 0.11556268 0)
(68.783516 0.11674028 0)
(68.784577 0.11783542 0)
(68.785631 0.11884282 0)
(68.78667 0.11975793 0)
(68.787687 0.12057707 0)
(68.788675 0.12129738 0)
(68.789626 0.12191684 0)
(68.790536 0.1224343 0)
(68.791399 0.12284939 0)
(68.79221 0.12316251 0)
(68.792967 0.12337477 0)
(68.793666 0.12348796 0)
(68.794306 0.12350442 0)
(68.794887 0.12342706 0)
(68.795407 0.12325924 0)
(68.795868 0.12300479 0)
(68.796271 0.12266798 0)
(68.796618 0.1222535 0)
(68.796912 0.12176647 0)
(68.797155 0.12121239 0)
(68.797351 0.12059708 0)
(68.797504 0.11992652 0)
(68.797617 0.11920667 0)
(68.797693 0.11844332 0)
(68.797738 0.11764195 0)
(68.797753 0.11680781 0)
(68.797745 0.11594608 0)
(68.797714 0.11506208 0)
(68.797667 0.1141612 0)
(68.797604 0.11324866 0)
(68.797531 0.11232909 0)
(68.797448 0.11140619 0)
(68.797359 0.11048287 0)
(68.797266 0.10956182 0)
(68.79717 0.10864595 0)
(68.797073 0.10773817 0)
(68.796978 0.10684075 0)
(68.796884 0.10595495 0)
(68.796792 0.10508141 0)
(68.796704 0.10422094 0)
(68.79662 0.10337452 0)
(68.796539 0.10254277 0)
(68.796463 0.10172569 0)
(68.796392 0.10092301 0)
(68.796325 0.10013445 0)
(68.796263 0.099359805 0)
(68.796205 0.098598728 0)
(68.79615 0.097850781 0)
(68.7961 0.097115563 0)
(68.796054 0.09639243 0)
(68.796011 0.095680856 0)
(68.795971 0.094980274 0)
(68.795934 0.094290274 0)
(68.795901 0.093610446 0)
(68.79587 0.092940199 0)
(68.795842 0.092278876 0)
(68.795816 0.09162538 0)
(68.795792 0.090980746 0)
(68.795772 0.090343374 0)
(68.795754 0.089710029 0)
(68.795739 0.089083649 0)
(68.79573 0.088457515 0)
(68.795728 0.087820852 0)
(68.795731 0.0871752 0)
(68.79576 0.086506401 0)
(68.795812 0.085737497 0)
(68.795922 0.08488032 0)
(68.795963 0.083670064 0)
(68.79644 0.082800169 0)
(68.79613 0.079150243 0)
(68.79827 0.081666135 0)
(68.797768 0.063944012 0)
(68.770908 0.081395644 0)
(68.771054 0.082598758 0)
(68.771223 0.083842996 0)
(68.77142 0.085127802 0)
(68.771645 0.0864523 0)
(68.771903 0.087815274 0)
(68.772193 0.0892151 0)
(68.772519 0.090649679 0)
(68.772883 0.092116395 0)
(68.773287 0.093612089 0)
(68.773732 0.095133041 0)
(68.77422 0.096674951 0)
(68.774752 0.098232933 0)
(68.775329 0.099801522 0)
(68.77595 0.1013747 0)
(68.776616 0.10294593 0)
(68.777325 0.10450821 0)
(68.778075 0.10605416 0)
(68.778864 0.1075761 0)
(68.779689 0.10906612 0)
(68.780545 0.11051624 0)
(68.781428 0.11191851 0)
(68.782332 0.11326514 0)
(68.783253 0.11454858 0)
(68.784183 0.11576173 0)
(68.785115 0.11689794 0)
(68.786044 0.11795123 0)
(68.786962 0.11891627 0)
(68.787863 0.11978852 0)
(68.78874 0.12056424 0)
(68.789587 0.12124056 0)
(68.790399 0.12181544 0)
(68.791171 0.12228772 0)
(68.791898 0.12265706 0)
(68.792578 0.12292393 0)
(68.793207 0.12308952 0)
(68.793784 0.12315572 0)
(68.794308 0.12312506 0)
(68.794779 0.12300064 0)
(68.795197 0.12278611 0)
(68.795562 0.12248563 0)
(68.795878 0.12210389 0)
(68.796146 0.12164606 0)
(68.796368 0.12111775 0)
(68.796548 0.12052494 0)
(68.796689 0.11987382 0)
(68.796794 0.11917056 0)
(68.796866 0.11842118 0)
(68.796909 0.11763139 0)
(68.796926 0.11680668 0)
(68.79692 0.11595244 0)
(68.796896 0.11507421 0)
(68.796855 0.11417765 0)
(68.796802 0.11326821 0)
(68.796738 0.1123507 0)
(68.796666 0.11142901 0)
(68.796587 0.11050617 0)
(68.796505 0.10958502 0)
(68.796421 0.10866859 0)
(68.796336 0.10775993 0)
(68.796252 0.10686143 0)
(68.796169 0.10597438 0)
(68.796088 0.10509952 0)
(68.796011 0.10423767 0)
(68.795936 0.10338987 0)
(68.795866 0.10255677 0)
(68.795799 0.1017384 0)
(68.795736 0.10093449 0)
(68.795677 0.10014478 0)
(68.795622 0.099369082 0)
(68.795571 0.098607039 0)
(68.795524 0.097858201 0)
(68.79548 0.097122149 0)
(68.79544 0.096398272 0)
(68.795402 0.095686016 0)
(68.795368 0.094984823 0)
(68.795336 0.094294256 0)
(68.795307 0.093613888 0)
(68.795281 0.092943144 0)
(68.795257 0.092281351 0)
(68.795235 0.091627484 0)
(68.795215 0.090982343 0)
(68.795198 0.090344507 0)
(68.795183 0.089710886 0)
(68.795171 0.089083804 0)
(68.795165 0.088457117 0)
(68.795163 0.087820121 0)
(68.795168 0.087173108 0)
(68.795195 0.086502262 0)
(68.795243 0.085732118 0)
(68.795342 0.084871591 0)
(68.795382 0.083663676 0)
(68.795802 0.082763145 0)
(68.795553 0.079207091 0)
(68.797429 0.081332439 0)
(68.796996 0.064158618 0)
(68.77371 0.081051107 0)
(68.773832 0.082211171 0)
(68.773974 0.083411312 0)
(68.774139 0.08465118 0)
(68.774328 0.085930149 0)
(68.774543 0.087247291 0)
(68.774786 0.088601313 0)
(68.775058 0.0899905 0)
(68.775362 0.091412665 0)
(68.7757 0.092865129 0)
(68.776072 0.094344684 0)
(68.77648 0.095847578 0)
(68.776925 0.097369493 0)
(68.777408 0.098905542 0)
(68.777929 0.10045028 0)
(68.778488 0.10199771 0)
(68.779084 0.10354136 0)
(68.779716 0.10507427 0)
(68.780382 0.10658913 0)
(68.781079 0.10807831 0)
(68.781805 0.10953398 0)
(68.782556 0.11094823 0)
(68.783326 0.11231316 0)
(68.784112 0.113621 0)
(68.784909 0.11486427 0)
(68.785709 0.11603586 0)
(68.786508 0.11712918 0)
(68.787301 0.11813822 0)
(68.78808 0.1190577 0)
(68.78884 0.11988309 0)
(68.789576 0.1206107 0)
(68.790283 0.12123773 0)
(68.790956 0.12176222 0)
(68.791592 0.12218315 0)
(68.792188 0.12250032 0)
(68.79274 0.12271438 0)
(68.793247 0.12282675 0)
(68.793709 0.12283957 0)
(68.794124 0.12275565 0)
(68.794493 0.12257845 0)
(68.794817 0.12231202 0)
(68.795097 0.12196101 0)
(68.795335 0.12153062 0)
(68.795533 0.12102657 0)
(68.795694 0.12045496 0)
(68.79582 0.11982217 0)
(68.795915 0.11913457 0)
(68.795981 0.11839839 0)
(68.796021 0.11761956 0)
(68.796038 0.11680378 0)
(68.796036 0.11595663 0)
(68.796016 0.11508391 0)
(68.795983 0.11419148 0)
(68.795938 0.113285 0)
(68.795884 0.11236949 0)
(68.795822 0.11144898 0)
(68.795756 0.11052667 0)
(68.795685 0.10960548 0)
(68.795613 0.10868859 0)
(68.79554 0.10777917 0)
(68.795468 0.1068797 0)
(68.795397 0.10599155 0)
(68.795328 0.1051155 0)
(68.795261 0.10425241 0)
(68.795197 0.10340337 0)
(68.795137 0.10256907 0)
(68.795079 0.10174954 0)
(68.795026 0.10094452 0)
(68.794975 0.10015379 0)
(68.794929 0.099377147 0)
(68.794885 0.098614243 0)
(68.794845 0.097864614 0)
(68.794808 0.097127825 0)
(68.794774 0.09640329 0)
(68.794742 0.095690435 0)
(68.794714 0.094988705 0)
(68.794687 0.094297643 0)
(68.794663 0.093616801 0)
(68.794641 0.092945622 0)
(68.794621 0.092283419 0)
(68.794604 0.091629226 0)
(68.794588 0.090983643 0)
(68.794574 0.090345394 0)
(68.794562 0.089711528 0)
(68.794553 0.089083824 0)
(68.794549 0.088456629 0)
(68.79455 0.087819328 0)
(68.794555 0.087171076 0)
(68.79458 0.086498334 0)
(68.794624 0.085727051 0)
(68.794711 0.084863393 0)
(68.794749 0.0836577 0)
(68.795111 0.082728852 0)
(68.794918 0.079257012 0)
(68.796525 0.081029641 0)
(68.796163 0.064353226 0)
(68.776531 0.080748963 0)
(68.776631 0.08187203 0)
(68.776747 0.083034254 0)
(68.776881 0.08423545 0)
(68.777035 0.08547519 0)
(68.777209 0.086752777 0)
(68.777406 0.08806719 0)
(68.777627 0.089417021 0)
(68.777874 0.090800439 0)
(68.778147 0.092215153 0)
(68.778449 0.093658387 0)
(68.77878 0.095126847 0)
(68.779142 0.096616696 0)
(68.779534 0.098123544 0)
(68.779958 0.099642441 0)
(68.780414 0.10116789 0)
(68.7809 0.10269385 0)
(68.781416 0.1042138 0)
(68.781962 0.10572078 0)
(68.782533 0.10720744 0)
(68.78313 0.10866614 0)
(68.783748 0.11008905 0)
(68.784383 0.11146823 0)
(68.785033 0.11279578 0)
(68.785693 0.11406394 0)
(68.786358 0.11526525 0)
(68.787023 0.11639261 0)
(68.787684 0.11743946 0)
(68.788336 0.11839988 0)
(68.788973 0.11926865 0)
(68.789591 0.12004137 0)
(68.790186 0.12071451 0)
(68.790754 0.12128543 0)
(68.791291 0.12175244 0)
(68.791795 0.12211475 0)
(68.792263 0.12237246 0)
(68.792694 0.12252655 0)
(68.793086 0.12257877 0)
(68.79344 0.12253167 0)
(68.793754 0.12238848 0)
(68.794031 0.12215313 0)
(68.794271 0.12183022 0)
(68.794475 0.12142497 0)
(68.794645 0.12094315 0)
(68.794784 0.12039101 0)
(68.794893 0.11977506 0)
(68.794976 0.11910186 0)
(68.795034 0.11837783 0)
(68.79507 0.11760908 0)
(68.795087 0.11680152 0)
(68.795087 0.11596092 0)
(68.795073 0.11509326 0)
(68.795046 0.11420463 0)
(68.79501 0.11330087 0)
(68.794966 0.1123872 0)
(68.794916 0.11146779 0)
(68.794861 0.11054593 0)
(68.794803 0.1096247 0)
(68.794743 0.10870737 0)
(68.794683 0.10779723 0)
(68.794623 0.10689684 0)
(68.794564 0.10600766 0)
(68.794507 0.10513048 0)
(68.794452 0.10426622 0)
(68.7944 0.10341601 0)
(68.79435 0.10258057 0)
(68.794303 0.10175994 0)
(68.794259 0.10095388 0)
(68.794217 0.10016217 0)
(68.794179 0.099384624 0)
(68.794144 0.098620896 0)
(68.794111 0.09787051 0)
(68.794081 0.097133014 0)
(68.794054 0.096407845 0)
(68.794028 0.095694413 0)
(68.794005 0.094992162 0)
(68.793985 0.09430062 0)
(68.793966 0.093619324 0)
(68.793949 0.092947723 0)
(68.793933 0.092285126 0)
(68.79392 0.091630611 0)
(68.793908 0.090984612 0)
(68.793898 0.090345971 0)
(68.79389 0.089711858 0)
(68.793884 0.089083589 0)
(68.793882 0.088455915 0)
(68.793884 0.087818318 0)
(68.793891 0.087168945 0)
(68.793914 0.086494477 0)
(68.793952 0.085722156 0)
(68.794028 0.084855637 0)
(68.794063 0.083651964 0)
(68.794366 0.082697644 0)
(68.794222 0.079299378 0)
(68.795557 0.080761616 0)
(68.795266 0.064524528 0)
(68.779386 0.080492585 0)
(68.779464 0.081585047 0)
(68.779555 0.082715873 0)
(68.779659 0.083885008 0)
(68.779778 0.085092179 0)
(68.779914 0.086336869 0)
(68.780067 0.087618271 0)
(68.780238 0.088935226 0)
(68.780429 0.090286181 0)
(68.780641 0.091669161 0)
(68.780874 0.093081734 0)
(68.781131 0.094520979 0)
(68.781411 0.095983455 0)
(68.781716 0.097465182 0)
(68.782045 0.098961627 0)
(68.782399 0.1004677 0)
(68.782778 0.10197777 0)
(68.78318 0.10348568 0)
(68.783605 0.10498477 0)
(68.784053 0.10646798 0)
(68.784519 0.10792785 0)
(68.785004 0.10935666 0)
(68.785504 0.11074649 0)
(68.786015 0.11208936 0)
(68.786536 0.11337733 0)
(68.787061 0.11460264 0)
(68.787588 0.11575784 0)
(68.788113 0.11683591 0)
(68.788631 0.11783039 0)
(68.789138 0.1187355 0)
(68.789631 0.11954624 0)
(68.790107 0.12025845 0)
(68.790562 0.1208689 0)
(68.790993 0.1213753 0)
(68.791398 0.12177634 0)
(68.791774 0.12207164 0)
(68.792121 0.12226175 0)
(68.792438 0.1223481 0)
(68.792724 0.12233294 0)
(68.792979 0.12221933 0)
(68.793203 0.12201107 0)
(68.793398 0.12171269 0)
(68.793564 0.12132941 0)
(68.793703 0.12086708 0)
(68.793817 0.12033201 0)
(68.793907 0.11973087 0)
(68.793975 0.11907035 0)
(68.794024 0.11835704 0)
(68.794055 0.11759722 0)
(68.79407 0.11679696 0)
(68.794072 0.11596221 0)
(68.794062 0.11509911 0)
(68.794043 0.11421392 0)
(68.794015 0.11331268 0)
(68.793981 0.11240074 0)
(68.793942 0.1114824 0)
(68.7939 0.11056108 0)
(68.793855 0.10963993 0)
(68.793809 0.10872233 0)
(68.793762 0.10781168 0)
(68.793715 0.10691061 0)
(68.793669 0.10602063 0)
(68.793625 0.10514257 0)
(68.793582 0.10427739 0)
(68.793541 0.10342624 0)
(68.793503 0.10258989 0)
(68.793466 0.10176839 0)
(68.793432 0.10096149 0)
(68.793401 0.100169 0)
(68.793372 0.099390735 0)
(68.793345 0.098626351 0)
(68.79332 0.097875359 0)
(68.793297 0.0971373 0)
(68.793277 0.096411624 0)
(68.793258 0.095697734 0)
(68.793241 0.094995068 0)
(68.793226 0.094303145 0)
(68.793213 0.093621485 0)
(68.793201 0.092949545 0)
(68.793191 0.092286632 0)
(68.793182 0.091631859 0)
(68.793174 0.090985521 0)
(68.793168 0.090346556 0)
(68.793163 0.089712241 0)
(68.79316 0.089083501 0)
(68.793161 0.088455416 0)
(68.793165 0.087817565 0)
(68.793172 0.087167237 0)
(68.793193 0.08649127 0)
(68.793226 0.085718055 0)
(68.793289 0.084849044 0)
(68.793321 0.083647133 0)
(68.793564 0.082670821 0)
(68.793463 0.079334566 0)
(68.794521 0.080533854 0)
(68.794302 0.064670178 0)
(68.782297 0.08028894 0)
(68.782353 0.081357387 0)
(68.782418 0.082463579 0)
(68.782492 0.083607554 0)
(68.782578 0.084789151 0)
(68.782674 0.086007988 0)
(68.782783 0.087263414 0)
(68.782906 0.088554452 0)
(68.783042 0.089879762 0)
(68.783193 0.091237605 0)
(68.78336 0.092625814 0)
(68.783544 0.094041751 0)
(68.783744 0.095482283 0)
(68.783962 0.096943749 0)
(68.784198 0.098421945 0)
(68.784452 0.099912113 0)
(68.784724 0.10140894 0)
(68.785013 0.10290656 0)
(68.785319 0.10439861 0)
(68.78564 0.10587823 0)
(68.785977 0.10733815 0)
(68.786327 0.10877077 0)
(68.786688 0.1101682 0)
(68.787059 0.11152244 0)
(68.787436 0.11282542 0)
(68.787818 0.1140692 0)
(68.788202 0.11524603 0)
(68.788584 0.11634855 0)
(68.788962 0.11736991 0)
(68.789333 0.11830387 0)
(68.789695 0.11914494 0)
(68.790044 0.11988847 0)
(68.790378 0.12053073 0)
(68.790695 0.12106896 0)
(68.790993 0.12150137 0)
(68.791272 0.12182721 0)
(68.791528 0.12204665 0)
(68.791763 0.12216084 0)
(68.791975 0.12217178 0)
(68.792164 0.12208237 0)
(68.792331 0.12189628 0)
(68.792476 0.12161799 0)
(68.7926 0.12125272 0)
(68.792704 0.12080633 0)
(68.79279 0.12028523 0)
(68.792858 0.11969618 0)
(68.79291 0.119046 0)
(68.792948 0.11834141 0)
(68.792972 0.11758883 0)
(68.792985 0.11679446 0)
(68.792988 0.1159644 0)
(68.792983 0.11510493 0)
(68.79297 0.11422244 0)
(68.792951 0.11332314 0)
(68.792928 0.11241251 0)
(68.792901 0.11149494 0)
(68.792871 0.11057394 0)
(68.79284 0.10965275 0)
(68.792807 0.10873482 0)
(68.792774 0.10782364 0)
(68.792742 0.10692191 0)
(68.792709 0.10603118 0)
(68.792678 0.10515232 0)
(68.792648 0.1042863 0)
(68.79262 0.10343432 0)
(68.792593 0.10259716 0)
(68.792568 0.10177488 0)
(68.792545 0.10096724 0)
(68.792524 0.10017405 0)
(68.792504 0.099395158 0)
(68.792486 0.098630195 0)
(68.79247 0.097878673 0)
(68.792455 0.097140123 0)
(68.792442 0.096414005 0)
(68.79243 0.095699715 0)
(68.79242 0.09499669 0)
(68.792411 0.094304436 0)
(68.792403 0.093622465 0)
(68.792397 0.092950236 0)
(68.792391 0.092287055 0)
(68.792387 0.09163206 0)
(68.792384 0.090985442 0)
(68.792382 0.090346208 0)
(68.792381 0.089711721 0)
(68.792381 0.089082601 0)
(68.792385 0.088454176 0)
(68.79239 0.087816112 0)
(68.792399 0.087165014 0)
(68.792417 0.086487816 0)
(68.792444 0.085713857 0)
(68.792494 0.084842787 0)
(68.792522 0.083642281 0)
(68.792703 0.08264803 0)
(68.79264 0.079360833 0)
(68.793413 0.080350954 0)
(68.793268 0.064784616 0)
(68.785286 0.080145561 0)
(68.785319 0.081197009 0)
(68.785358 0.082285776 0)
(68.785403 0.083411957 0)
(68.785455 0.084575468 0)
(68.785513 0.085776019 0)
(68.785578 0.087013063 0)
(68.785652 0.088285747 0)
(68.785734 0.089592871 0)
(68.785825 0.090932858 0)
(68.785926 0.092303717 0)
(68.786036 0.093703006 0)
(68.786157 0.095127801 0)
(68.786288 0.096574662 0)
(68.78643 0.098039612 0)
(68.786584 0.099518124 0)
(68.786748 0.10100511 0)
(68.786923 0.10249492 0)
(68.787108 0.10398139 0)
(68.787303 0.10545783 0)
(68.787507 0.10691712 0)
(68.78772 0.10835172 0)
(68.787939 0.10975381 0)
(68.788165 0.11111538 0)
(68.788395 0.11242829 0)
(68.788628 0.11368448 0)
(68.788863 0.11487602 0)
(68.789097 0.11599534 0)
(68.789329 0.11703529 0)
(68.789556 0.11798933 0)
(68.789779 0.11885163 0)
(68.789993 0.1196172 0)
(68.790199 0.12028194 0)
(68.790395 0.12084276 0)
(68.79058 0.12129755 0)
(68.790752 0.12164524 0)
(68.790911 0.12188577 0)
(68.791056 0.12202003 0)
(68.791188 0.12204989 0)
(68.791306 0.12197806 0)
(68.791411 0.12180816 0)
(68.791502 0.12154459 0)
(68.79158 0.12119257 0)
(68.791646 0.12075797 0)
(68.7917 0.12024726 0)
(68.791744 0.11966724 0)
(68.791778 0.11902485 0)
(68.791803 0.11832687 0)
(68.79182 0.11757983 0)
(68.791829 0.11679002 0)
(68.791833 0.11596365 0)
(68.791832 0.11510707 0)
(68.791826 0.1142268 0)
(68.791816 0.11332916 0)
(68.791804 0.1124197 0)
(68.791789 0.1115029 0)
(68.791773 0.11058233 0)
(68.791755 0.10966129 0)
(68.791737 0.10874329 0)
(68.791719 0.10783188 0)
(68.791701 0.10692981 0)
(68.791683 0.10603866 0)
(68.791666 0.10515932 0)
(68.79165 0.10429279 0)
(68.791635 0.10344029 0)
(68.791621 0.10260261 0)
(68.791608 0.10177983 0)
(68.791596 0.10097171 0)
(68.791585 0.10017807 0)
(68.791575 0.099398759 0)
(68.791567 0.098633412 0)
(68.791559 0.097881536 0)
(68.791553 0.097142656 0)
(68.791547 0.096416239 0)
(68.791543 0.09570168 0)
(68.791539 0.094998408 0)
(68.791537 0.094305928 0)
(68.791535 0.093623743 0)
(68.791534 0.092951313 0)
(68.791534 0.092287944 0)
(68.791535 0.091632792 0)
(68.791536 0.090985976 0)
(68.791538 0.090346551 0)
(68.791541 0.089711938 0)
(68.791545 0.089082546 0)
(68.791551 0.088453877 0)
(68.791558 0.08781565 0)
(68.791567 0.087164006 0)
(68.791583 0.086485933 0)
(68.791604 0.085711434 0)
(68.79164 0.084838896 0)
(68.791662 0.083639375 0)
(68.791779 0.082632427 0)
(68.791751 0.079379047 0)
(68.792231 0.080221798 0)
(68.792162 0.064869607 0)
(68.788371 0.080069464 0)
(68.788382 0.081112166 0)
(68.788394 0.0821919 0)
(68.788409 0.083308806 0)
(68.788426 0.084462841 0)
(68.788445 0.085653765 0)
(68.788466 0.086881092 0)
(68.78849 0.088144041 0)
(68.788517 0.089441493 0)
(68.788546 0.090771959 0)
(68.788579 0.092133549 0)
(68.788616 0.093523929 0)
(68.788655 0.094940289 0)
(68.788699 0.096379312 0)
(68.788746 0.097837148 0)
(68.788796 0.099309394 0)
(68.78885 0.10079109 0)
(68.788908 0.10227671 0)
(68.78897 0.10376018 0)
(68.789035 0.10523492 0)
(68.789103 0.10669388 0)
(68.789174 0.10812957 0)
(68.789247 0.10953421 0)
(68.789323 0.11089977 0)
(68.7894 0.11221808 0)
(68.789478 0.11348101 0)
(68.789557 0.11468054 0)
(68.789636 0.11580895 0)
(68.789714 0.11685896 0)
(68.789791 0.11782384 0)
(68.789866 0.11869759 0)
(68.789939 0.11947502 0)
(68.79001 0.12015183 0)
(68.790076 0.12072474 0)
(68.790139 0.12119147 0)
(68.790199 0.12155078 0)
(68.790253 0.12180247 0)
(68.790304 0.12194734 0)
(68.79035 0.12198711 0)
(68.790391 0.12192448 0)
(68.790428 0.12176299 0)
(68.79046 0.12150703 0)
(68.790488 0.1211618 0)
(68.790512 0.12073321 0)
(68.790532 0.12022775 0)
(68.790549 0.11965227 0)
(68.790562 0.11901374 0)
(68.790573 0.11831902 0)
(68.790581 0.11757467 0)
(68.790586 0.11678704 0)
(68.79059 0.1159624 0)
(68.790591 0.11510716 0)
(68.790592 0.11422789 0)
(68.790591 0.11333095 0)
(68.790589 0.11242196 0)
(68.790587 0.11150545 0)
(68.790584 0.110585 0)
(68.790581 0.10966394 0)
(68.790578 0.10874583 0)
(68.790574 0.10783422 0)
(68.790571 0.10693192 0)
(68.790568 0.10604051 0)
(68.790566 0.10516089 0)
(68.790563 0.10429407 0)
(68.790561 0.10344128 0)
(68.79056 0.10260333 0)
(68.790559 0.10178028 0)
(68.790558 0.10097191 0)
(68.790558 0.10017804 0)
(68.790559 0.099398518 0)
(68.79056 0.098632982 0)
(68.790561 0.097880932 0)
(68.790563 0.097141891 0)
(68.790566 0.096415331 0)
(68.790569 0.095700645 0)
(68.790572 0.094997259 0)
(68.790576 0.094304674 0)
(68.79058 0.093622388 0)
(68.790584 0.092949865 0)
(68.790589 0.092286411 0)
(68.790595 0.091631188 0)
(68.790601 0.090984274 0)
(68.790607 0.090344757 0)
(68.790614 0.089710088 0)
(68.790622 0.089080549 0)
(68.79063 0.088451756 0)
(68.790639 0.087813442 0)
(68.790649 0.087161477 0)
(68.790661 0.0864829 0)
(68.790676 0.085708102 0)
(68.790696 0.084834683 0)
(68.790713 0.083635799 0)
(68.790764 0.082621047 0)
(68.790768 0.079388144 0)
(68.790943 0.080133722 0)
(68.79096 0.064930345 0)
)
;

boundaryField
{
    inlet
    {
        type            fixedValue;
        value           uniform (68.79 0 0);
    }
    outlet
    {
        type            zeroGradient;
    }
    top
    {
        type            inletOutlet;
        inletValue      uniform (68.79 0 0);
        value           nonuniform List<vector> 
110
(
(68.789965 0.0038453015 0)
(68.789741 0.012615522 0)
(68.789401 0.022560355 0)
(68.789036 0.033266759 0)
(68.78873 0.043582776 0)
(68.788522 0.052578919 0)
(68.788404 0.059872274 0)
(68.788349 0.065513999 0)
(68.788331 0.069762541 0)
(68.78833 0.072918696 0)
(68.788337 0.075249105 0)
(68.788346 0.076965978 0)
(68.788355 0.078230253 0)
(68.788362 0.079161884 0)
(68.788371 0.080069464 0)
(68.788382 0.081112166 0)
(68.788394 0.0821919 0)
(68.788409 0.083308806 0)
(68.788426 0.084462841 0)
(68.788445 0.085653765 0)
(68.788466 0.086881092 0)
(68.78849 0.088144041 0)
(68.788517 0.089441493 0)
(68.788546 0.090771959 0)
(68.788579 0.092133549 0)
(68.788616 0.093523929 0)
(68.788655 0.094940289 0)
(68.788699 0.096379312 0)
(68.788746 0.097837148 0)
(68.788796 0.099309394 0)
(68.78885 0.10079109 0)
(68.788908 0.10227671 0)
(68.78897 0.10376018 0)
(68.789035 0.10523492 0)
(68.789103 0.10669388 0)
(68.789174 0.10812957 0)
(68.789247 0.10953421 0)
(68.789323 0.11089977 0)
(68.7894 0.11221808 0)
(68.789478 0.11348101 0)
(68.789557 0.11468054 0)
(68.789636 0.11580895 0)
(68.789714 0.11685896 0)
(68.789791 0.11782384 0)
(68.789866 0.11869759 0)
(68.789939 0.11947502 0)
(68.79001 0.12015183 0)
(68.790076 0.12072474 0)
(68.790139 0.12119147 0)
(68.790199 0.12155078 0)
(68.790253 0.12180247 0)
(68.790304 0.12194734 0)
(68.79035 0.12198711 0)
(68.790391 0.12192448 0)
(68.790428 0.12176299 0)
(68.79046 0.12150703 0)
(68.790488 0.1211618 0)
(68.790512 0.12073321 0)
(68.790532 0.12022775 0)
(68.790549 0.11965227 0)
(68.790562 0.11901374 0)
(68.790573 0.11831902 0)
(68.790581 0.11757467 0)
(68.790586 0.11678704 0)
(68.79059 0.1159624 0)
(68.790591 0.11510716 0)
(68.790592 0.11422789 0)
(68.790591 0.11333095 0)
(68.790589 0.11242196 0)
(68.790587 0.11150545 0)
(68.790584 0.110585 0)
(68.790581 0.10966394 0)
(68.790578 0.10874583 0)
(68.790574 0.10783422 0)
(68.790571 0.10693192 0)
(68.790568 0.10604051 0)
(68.790566 0.10516089 0)
(68.790563 0.10429407 0)
(68.790561 0.10344128 0)
(68.79056 0.10260333 0)
(68.790559 0.10178028 0)
(68.790558 0.10097191 0)
(68.790558 0.10017804 0)
(68.790559 0.099398518 0)
(68.79056 0.098632982 0)
(68.790561 0.097880932 0)
(68.790563 0.097141891 0)
(68.790566 0.096415331 0)
(68.790569 0.095700645 0)
(68.790572 0.094997259 0)
(68.790576 0.094304674 0)
(68.79058 0.093622388 0)
(68.790584 0.092949865 0)
(68.790589 0.092286411 0)
(68.790595 0.091631188 0)
(68.790601 0.090984274 0)
(68.790607 0.090344757 0)
(68.790614 0.089710088 0)
(68.790622 0.089080549 0)
(68.79063 0.088451756 0)
(68.790639 0.087813442 0)
(68.790649 0.087161477 0)
(68.790661 0.0864829 0)
(68.790676 0.085708102 0)
(68.790696 0.084834683 0)
(68.790713 0.083635799 0)
(68.790764 0.082621047 0)
(68.790768 0.079388144 0)
(68.790943 0.080133722 0)
(68.79096 0.064930345 0)
)
;
    }
    upstreamWall
    {
        type            symmetryPlane;
    }
    plate
    {
        type            noSlip;
    }
    frontAndBack
    {
        type            empty;
    }
}


// ************************************************************************* //
