/*--------------------------------*- C++ -*----------------------------------*\
| =========                 |                                                 |
| \\      /  F ield         | OpenFOAM: The Open Source CFD Toolbox           |
|  \\    /   O peration     | Version:  2512                                  |
|   \\  /    A nd           | Website:  www.openfoam.com                      |
|    \\/     M anipulation  |                                                 |
\*---------------------------------------------------------------------------*/
FoamFile
{
    version     2.0;
    format      ascii;
    arch        "LSB;label=32;scalar=64";
    class       volScalarField;
    location    "0.249985";
    object      nut;
}
// * * * * * * * * * * * * * * * * * * * * * * * * * * * * * * * * * * * * * //

dimensions      [0 2 -1 0 0 0 0];

internalField   nonuniform List<scalar> 
8800
(
0.00070324973
0.00069620278
0.00068970677
0.00068676
0.00068350256
0.00068198028
0.00068045128
0.00067946788
0.0006788459
0.00067817253
0.00067789072
0.00067737783
0.00046592337
7.4183749e-05
0.00070325098
0.000696201
0.00068970754
0.00068676044
0.00068349928
0.00068198623
0.00068044267
0.0006794765
0.00067884196
0.00067816117
0.00067791352
0.00067737395
0.00046262312
0.00010165181
0.00070325369
0.00069619716
0.00068970926
0.00068676129
0.00068349241
0.00068199877
0.00068042413
0.00067949658
0.00067882701
0.00067814781
0.00067802273
0.00067714707
0.00067732266
0.00027998388
0.00070325806
0.00069619095
0.00068971211
0.00068676234
0.00068348201
0.00068201802
0.00068039478
0.00067953158
0.00067878711
0.0006781904
0.00067796937
0.00067725801
0.00067725918
0.00067651238
0.00070326431
0.00069618208
0.00068971637
0.00068676317
0.00068346866
0.00068204318
0.00068035519
0.00067958185
0.00067871937
0.0006782972
0.00067774868
0.00067772465
0.00067663791
0.00067718055
0.00070327264
0.00069617026
0.00068972237
0.00068676307
0.00068345364
0.00068207207
0.0006803086
0.00067964117
0.0006786433
0.00067839169
0.00067763347
0.00067780423
0.00067671828
0.00067726017
0.00070328323
0.00069615526
0.00068973052
0.000686761
0.0006834391
0.00068210079
0.00068026132
0.0006796984
0.00067858194
0.00067842566
0.00067768831
0.00067755188
0.00067713366
0.00067661671
0.00070329622
0.00069613689
0.00068974123
0.00068675567
0.00068342796
0.00068212384
0.00068022206
0.00067974201
0.00067854163
0.00067843681
0.00067771195
0.00067753571
0.00067703787
0.0006768041
0.00070331171
0.00069611508
0.0006897549
0.00068674563
0.00068342362
0.00068213486
0.00068020035
0.00067976174
0.00067852327
0.00067845006
0.00067767213
0.00067763299
0.00067691375
0.00067689428
0.00070332974
0.0006960899
0.00068977181
0.0006867296
0.00068342921
0.00068212818
0.00068020417
0.00067974905
0.00067853521
0.00067844234
0.00067765537
0.00067765733
0.00067691163
0.00067688183
0.00070335025
0.00069606162
0.00068979194
0.0006867069
0.00068344654
0.00068210104
0.00068023641
0.00067970124
0.00067858448
0.00067838978
0.00067770356
0.00067759654
0.00067697479
0.00067682675
0.0007033731
0.00069603072
0.00068981486
0.00068667792
0.00068347485
0.00068205581
0.00068029143
0.00067962756
0.00067866053
0.00067830536
0.00067778599
0.00067751183
0.00067704626
0.00067676786
0.00070339806
0.00069599792
0.00068983962
0.0006866445
0.00068351017
0.00068200091
0.00068035433
0.00067955
0.00067873409
0.00067822924
0.00067784916
0.00067745709
0.00067708938
0.00067673494
0.00070342485
0.0006959641
0.00068986474
0.00068660987
0.00068354568
0.00068194905
0.00068040558
0.00067949392
0.00067877576
0.00067819254
0.00067786713
0.00067744504
0.00067709916
0.00067673025
0.00070345316
0.00069593019
0.00068988849
0.00068657801
0.00068357361
0.00068191267
0.00068042974
0.00067947413
0.00067877529
0.00067819738
0.00067784834
0.00067746073
0.00067708931
0.00067674134
0.00070348273
0.00069589691
0.00068990937
0.00068655234
0.00068358823
0.00068189836
0.00068042325
0.00067948731
0.00067874452
0.00067822482
0.00067781467
0.00067748445
0.00067707533
0.00067675594
0.00070351345
0.00069586451
0.00068992672
0.00068653425
0.0006835886
0.00068190349
0.00068039582
0.00067951614
0.00067870532
0.00067825295
0.00067778428
0.00067750307
0.00067706692
0.00067676766
0.0007035455
0.0006958324
0.00068994138
0.00068652199
0.00068357952
0.00068191739
0.0006803644
0.00067954074
0.00067867575
0.00067826848
0.00067776554
0.00067751151
0.00067706739
0.00067677503
0.00070357932
0.00069579902
0.00068995589
0.00068651071
0.00068356985
0.00068192662
0.00068034416
0.0006795486
0.00067866345
0.00067826794
0.0006777596
0.00067750959
0.00067707653
0.00067677937
0.00070361573
0.00069576186
0.00068997417
0.00068649387
0.0006835688
0.0006819212
0.00068034195
0.00067953781
0.00067866662
0.00067825467
0.00067776297
0.00067750042
0.00067709168
0.00067678388
0.00070365574
0.00069571786
0.00069000053
0.00068646537
0.00068358235
0.00068189802
0.00068035592
0.00067951381
0.00067867856
0.00067823498
0.00067777006
0.0006774885
0.00067710893
0.00067679231
0.00070370029
0.00069566421
0.0006900384
0.00068642162
0.00068361173
0.00068185986
0.00068037978
0.00067948365
0.00067869283
0.00067821424
0.00067777662
0.00067747711
0.00067712558
0.00067680691
0.00070374994
0.00069559926
0.00069008908
0.00068636241
0.00068365435
0.00068181157
0.00068040853
0.00067945105
0.00067870712
0.00067819368
0.00067778207
0.00067746641
0.00067714136
0.00067682704
0.00070380438
0.0006955235
0.00069015108
0.00068629078
0.00068370596
0.00068175695
0.00068044045
0.0006794158
0.00067872287
0.00067817138
0.00067778852
0.00067745451
0.00067715763
0.00067684993
0.00070386203
0.0006954402
0.00069022002
0.00068621233
0.00068376171
0.00068169896
0.00068047503
0.00067937736
0.00067874144
0.00067814606
0.00067779741
0.00067744045
0.00067717512
0.00067687286
0.00070391991
0.00069535548
0.00069028913
0.00068613472
0.00068381579
0.00068164219
0.00068050923
0.00067933881
0.00067876051
0.00067812025
0.0006778069
0.00067742609
0.00067719238
0.00067689505
0.00070397375
0.00069527761
0.00069035027
0.00068606694
0.00068386115
0.00068159375
0.00068053709
0.00067930629
0.00067877525
0.00067809871
0.00067781365
0.00067741464
0.00067720727
0.00067691694
0.00070401851
0.00069521559
0.00069039563
0.00068601757
0.00068389112
0.0006815608
0.00068055321
0.00067928522
0.00067878216
0.00067808498
0.00067781581
0.00067740826
0.00067721877
0.00067693895
0.00070404934
0.0006951771
0.00069041976
0.00068599245
0.0006839022
0.00068154705
0.00068055601
0.00067927746
0.00067878104
0.00067807985
0.00067781375
0.00067740737
0.00067722731
0.00067696105
0.00070406262
0.00069516657
0.00069042109
0.00068599278
0.00068389558
0.00068155151
0.00068054799
0.00067928141
0.00067877437
0.00067808211
0.00067780937
0.0006774113
0.00067723418
0.00067698303
0.00070405683
0.00069518409
0.00069040211
0.00068601532
0.00068387595
0.00068157009
0.00068053358
0.00067929396
0.00067876525
0.00067808994
0.00067780465
0.00067741906
0.00067724069
0.00067700472
0.00070403284
0.00069522581
0.00069036782
0.00068605446
0.00068384856
0.00068159836
0.00068051644
0.00067931238
0.00067875593
0.00067810179
0.00067780098
0.00067742976
0.00067724772
0.00067702605
0.00070399368
0.00069528553
0.00069032358
0.00068610457
0.00068381741
0.00068163279
0.00068049873
0.00067933472
0.00067874744
0.00067811659
0.0006777987
0.00067744281
0.0006772554
0.000677047
0.00070394378
0.00069535636
0.00069027366
0.00068616125
0.00068378426
0.00068167131
0.00068048073
0.00067935999
0.00067873954
0.00067813364
0.00067779754
0.00067745755
0.00067726337
0.00067706751
0.00070388829
0.00069543183
0.00069022118
0.00068622108
0.00068374976
0.00068171235
0.00068046209
0.00067938724
0.00067873152
0.00067815228
0.00067779658
0.00067747342
0.00067727095
0.00067708721
0.00070383272
0.00069550562
0.00069016937
0.00068628016
0.00068371518
0.0006817535
0.00068044305
0.00067941479
0.00067872311
0.00067817123
0.00067779534
0.00067748929
0.0006772776
0.00067710546
0.0007037828
0.00069557077
0.00069012289
0.00068633287
0.00068368375
0.00068179051
0.00068042549
0.0006794397
0.00067871518
0.00067818839
0.000677794
0.00067750359
0.00067728316
0.0006771213
0.00070374414
0.00069561971
0.00069008784
0.00068637212
0.00068366038
0.00068181795
0.00068041258
0.00067945815
0.00067870945
0.00067820113
0.00067779329
0.0006775145
0.00067728784
0.00067713358
0.00070372114
0.00069564606
0.0006900697
0.00068639174
0.00068364953
0.00068183115
0.00068040726
0.00067946694
0.00067870755
0.00067820734
0.00067779395
0.00067752061
0.00067729194
0.00067714147
0.00070371532
0.00069564782
0.00069007015
0.00068639006
0.00068365243
0.0006818289
0.00068041025
0.00067946526
0.00067870986
0.00067820648
0.00067779611
0.00067752155
0.00067729553
0.00067714486
0.00070372385
0.00069562994
0.00069008506
0.00068637207
0.00068366542
0.00068181521
0.00068041893
0.00067945599
0.00067871483
0.00067820052
0.00067779903
0.00067751867
0.00067729843
0.00067714481
0.0007037399
0.00069560335
0.00069010565
0.00068634784
0.00068368153
0.00068179745
0.00068042894
0.000679444
0.00067872002
0.00067819258
0.00067780149
0.00067751407
0.00067730027
0.00067714291
0.00070375485
0.00069558132
0.00069012155
0.00068632935
0.0006836927
0.00068178446
0.00068043519
0.00067943526
0.00067872276
0.00067818665
0.00067780244
0.0006775105
0.00067730096
0.00067714127
0.00070376236
0.00069557248
0.00069012673
0.00068632341
0.00068369506
0.00068178077
0.00068043572
0.00067943271
0.0006787223
0.00067818473
0.00067780181
0.00067750946
0.00067730089
0.00067714113
0.00070376134
0.00069557663
0.00069012236
0.00068632852
0.00068369054
0.00068178481
0.00068043228
0.00067943527
0.00067871993
0.0006781862
0.00067780048
0.00067751068
0.00067730069
0.00067714253
0.00070375565
0.00069558667
0.00069011421
0.00068633793
0.00068368393
0.00068179162
0.00068042798
0.00067943964
0.00067871739
0.00067818894
0.00067779934
0.00067751281
0.00067730077
0.00067714456
0.00070375093
0.00069559366
0.00069010911
0.00068634369
0.00068368043
0.00068179553
0.00068042594
0.00067944208
0.0006787163
0.00067819049
0.00067779903
0.00067751417
0.0006773012
0.000677146
0.00070375026
0.00069559372
0.00069010954
0.00068634301
0.00068368128
0.00068179476
0.00068042664
0.00067944141
0.00067871668
0.00067819001
0.00067779935
0.00067751409
0.0006773017
0.00067714632
0.00070375253
0.00069558954
0.00069011296
0.00068633895
0.00068368405
0.00068179175
0.00068042831
0.00067943929
0.00067871745
0.00067818855
0.00067779968
0.00067751325
0.00067730196
0.00067714596
0.00070375462
0.00069558607
0.00069011571
0.00068633587
0.00068368597
0.0006817896
0.0006804293
0.00067943778
0.00067871774
0.00067818747
0.00067779969
0.00067751258
0.00067730198
0.00067714563
0.00070375466
0.00069558567
0.00069011629
0.0006863355
0.00068368631
0.00068178941
0.00068042935
0.0006794376
0.00067871759
0.00067818728
0.00067779955
0.00067751251
0.00067730197
0.00067714571
0.00070375331
0.00069558697
0.00069011589
0.00068633641
0.00068368617
0.00068179005
0.00068042925
0.00067943798
0.00067871748
0.0006781875
0.00067779954
0.00067751276
0.00067730212
0.00067714604
0.00070375231
0.00069558755
0.00069011609
0.00068633658
0.00068368665
0.00068179009
0.00068042962
0.00067943794
0.00067871768
0.00067818746
0.00067779971
0.00067751283
0.00067730234
0.00067714623
0.00070375252
0.00069558662
0.00069011724
0.00068633551
0.00068368778
0.00068178923
0.00068043037
0.00067943727
0.00067871805
0.00067818696
0.00067779989
0.00067751255
0.00067730248
0.00067714611
0.00070375353
0.00069558503
0.00069011859
0.00068633403
0.00068368891
0.00068178805
0.00068043104
0.00067943634
0.0006787183
0.00067818625
0.00067779992
0.00067751205
0.00067730244
0.00067714578
0.00070375456
0.00069558377
0.00069011952
0.00068633289
0.00068368963
0.0006817871
0.00068043142
0.00067943553
0.00067871835
0.00067818558
0.00067779981
0.00067751155
0.00067730228
0.00067714541
0.00070375519
0.00069558316
0.00069011992
0.00068633231
0.00068368994
0.00068178654
0.00068043152
0.00067943497
0.00067871824
0.00067818507
0.00067779961
0.00067751114
0.00067730207
0.00067714509
0.00070375547
0.00069558296
0.00069012003
0.00068633207
0.00068369003
0.00068178622
0.00068043148
0.00067943459
0.00067871806
0.00067818469
0.00067779939
0.00067751082
0.00067730186
0.00067714483
0.00070375556
0.00069558292
0.00069012005
0.00068633196
0.00068369003
0.00068178603
0.00068043137
0.0006794343
0.00067871785
0.00067818438
0.00067779916
0.00067751055
0.00067730165
0.00067714461
0.00070375558
0.00069558291
0.00069012004
0.0006863319
0.00068368999
0.00068178589
0.00068043123
0.00067943406
0.00067871762
0.0006781841
0.00067779892
0.00067751031
0.00067730145
0.0006771444
0.00070375559
0.0006955829
0.00069012003
0.00068633186
0.00068368992
0.00068178577
0.00068043106
0.00067943384
0.00067871738
0.00067818385
0.00067779869
0.00067751008
0.00067730124
0.0006771442
0.0007037556
0.00069558289
0.00069012001
0.00068633183
0.00068368984
0.00068178565
0.00068043089
0.00067943363
0.00067871714
0.00067818362
0.00067779846
0.00067750986
0.00067730103
0.00067714401
0.00070375561
0.00069558288
0.00069011999
0.00068633179
0.00068368975
0.00068178553
0.00068043071
0.00067943342
0.00067871691
0.00067818339
0.00067779824
0.00067750965
0.00067730084
0.00067714382
0.00070375562
0.00069558287
0.00069011996
0.00068633175
0.00068368966
0.0006817854
0.00068043053
0.00067943322
0.00067871669
0.00067818317
0.00067779803
0.00067750945
0.00067730065
0.00067714365
0.00070375562
0.00069558285
0.00069011992
0.0006863317
0.00068368957
0.00068178528
0.00068043036
0.00067943302
0.00067871648
0.00067818296
0.00067779783
0.00067750926
0.00067730048
0.00067714348
0.00070375563
0.00069558284
0.00069011989
0.00068633165
0.00068368948
0.00068178515
0.00068043019
0.00067943283
0.00067871627
0.00067818277
0.00067779764
0.00067750909
0.00067730031
0.00067714333
0.00070375563
0.00069558283
0.00069011985
0.0006863316
0.00068368938
0.00068178502
0.00068043002
0.00067943265
0.00067871608
0.00067818258
0.00067779747
0.00067750893
0.00067730016
0.00067714319
0.00070375564
0.00069558282
0.00069011981
0.00068633154
0.00068368928
0.00068178489
0.00068042985
0.00067943247
0.0006787159
0.00067818242
0.00067779731
0.00067750879
0.00067730003
0.00067714306
0.00070375564
0.00069558281
0.00069011978
0.00068633148
0.00068368918
0.00068178476
0.00068042969
0.0006794323
0.00067871574
0.00067818226
0.00067779717
0.00067750865
0.0006772999
0.00067714294
0.00070375564
0.0006955828
0.00069011974
0.00068633141
0.00068368908
0.00068178462
0.00068042954
0.00067943214
0.00067871558
0.00067818212
0.00067779704
0.00067750854
0.0006772998
0.00067714284
0.00070375564
0.00069558279
0.0006901197
0.00068633134
0.00068368898
0.00068178449
0.0006804294
0.00067943199
0.00067871544
0.00067818199
0.00067779692
0.00067750843
0.0006772997
0.00067714276
0.00070375563
0.00069558278
0.00069011966
0.00068633126
0.00068368887
0.00068178436
0.00068042926
0.00067943185
0.00067871532
0.00067818188
0.00067779682
0.00067750835
0.00067729963
0.00067714269
0.00070375563
0.00069558277
0.00069011962
0.00068633118
0.00068368877
0.00068178424
0.00068042913
0.00067943173
0.0006787152
0.00067818178
0.00067779674
0.00067750827
0.00067729956
0.00067714263
0.00070375563
0.00069558275
0.00069011957
0.0006863311
0.00068368866
0.00068178411
0.000680429
0.00067943161
0.0006787151
0.00067818169
0.00067779666
0.00067750821
0.00067729951
0.00067714259
0.00070375564
0.00069558274
0.00069011952
0.00068633102
0.00068368855
0.00068178399
0.00068042888
0.0006794315
0.00067871501
0.00067818162
0.0006777966
0.00067750817
0.00067729947
0.00067714256
0.00070375564
0.00069558272
0.00069011947
0.00068633094
0.00068368844
0.00068178387
0.00068042877
0.00067943141
0.00067871493
0.00067818156
0.00067779656
0.00067750813
0.00067729945
0.00067714254
0.00070375564
0.0006955827
0.00069011941
0.00068633085
0.00068368833
0.00068178376
0.00068042866
0.00067943132
0.00067871486
0.00067818151
0.00067779653
0.00067750811
0.00067729944
0.00067714254
0.00070375564
0.00069558268
0.00069011935
0.00068633076
0.00068368822
0.00068178365
0.00068042856
0.00067943124
0.00067871481
0.00067818147
0.0006777965
0.00067750811
0.00067729944
0.00067714255
0.00070375564
0.00069558265
0.00069011928
0.00068633066
0.0006836881
0.00068178353
0.00068042846
0.00067943117
0.00067871476
0.00067818144
0.00067779649
0.00067750811
0.00067729945
0.00067714257
0.00070375565
0.00069558263
0.00069011921
0.00068633055
0.00068368794
0.00068178336
0.00068042828
0.000679431
0.0006787146
0.0006781813
0.00067779636
0.00067750798
0.00067729934
0.00067714246
6.5350228e-06
2.8559531e-05
4.2784232e-05
4.3839629e-05
4.1009722e-05
3.8509423e-05
3.9270325e-05
4.0702549e-05
4.246316e-05
4.3362782e-05
4.3779388e-05
4.3846885e-05
4.3721123e-05
4.3532303e-05
4.3293009e-05
4.3012349e-05
4.2721625e-05
4.2427791e-05
4.2132365e-05
4.1840589e-05
4.1555045e-05
4.1274415e-05
4.1007426e-05
4.0749396e-05
4.0496328e-05
4.0248525e-05
4.0006288e-05
3.9771462e-05
3.9545677e-05
3.9323995e-05
3.9107019e-05
3.8893432e-05
3.8686765e-05
3.8484434e-05
3.8286561e-05
3.8091542e-05
3.7900644e-05
3.7714343e-05
3.7530703e-05
3.7350233e-05
3.7173037e-05
3.6999286e-05
3.6827535e-05
3.665836e-05
3.6492184e-05
3.6328441e-05
3.6166544e-05
3.6007092e-05
3.5849924e-05
3.5694544e-05
3.5541092e-05
3.5389548e-05
3.523961e-05
3.5091579e-05
3.4944889e-05
3.4799836e-05
3.4656454e-05
3.4514156e-05
3.4373394e-05
3.4234052e-05
3.4095776e-05
3.3958889e-05
3.3823038e-05
3.368855e-05
3.3554861e-05
3.342269e-05
3.3291163e-05
3.3160928e-05
3.3031479e-05
3.290316e-05
3.2775513e-05
3.2649119e-05
3.2523178e-05
3.2398575e-05
3.2274276e-05
3.2151361e-05
3.2028581e-05
3.1907307e-05
3.1785969e-05
3.1666273e-05
3.1546293e-05
3.1428122e-05
3.1309399e-05
3.1192741e-05
3.1075231e-05
3.0960001e-05
3.0843654e-05
3.0729832e-05
3.0614492e-05
3.0502121e-05
3.038754e-05
3.0276716e-05
3.0163166e-05
3.0048346e-05
2.9956547e-05
2.9775447e-05
3.0377241e-05
2.7713407e-05
4.6527546e-05
6.1459157e-05
8.6828477e-05
0.00011985933
0.00016075105
0.00019503
0.00022253237
0.00024138394
0.00025641151
0.00026732514
0.00027543265
0.00028137346
0.00028547578
0.00028812731
0.00029011247
0.00029158754
0.00029259113
0.00029328104
0.00029370629
0.00029389661
0.00029404483
0.00029406453
0.00029391384
0.00029363084
0.00029324189
0.00029280018
0.00029234082
0.00029177753
0.00029114877
0.00029044449
0.00028974248
0.00028899271
0.00028821288
0.0002873816
0.00028653469
0.00028568243
0.00028479331
0.00028388868
0.00028297393
0.00028205491
0.00028110957
0.00028015696
0.00027920643
0.00027824885
0.00027727845
0.00027631017
0.00027534171
0.00027436687
0.00027339149
0.00027241669
0.0002714393
0.00027046638
0.00026948929
0.00026851585
0.00026754678
0.00026657357
0.00026560633
0.00026464274
0.00026367828
0.00026271978
0.00026176178
0.0002608106
0.00025985775
0.0002589156
0.00025797008
0.0002570332
0.00025609675
0.00025516698
0.0002542373
0.00025331696
0.00025239395
0.00025148251
0.0002505669
0.0002496641
0.00024875556
0.00024786196
0.00024696042
0.00024607617
0.00024518146
0.0002443067
0.00024341835
0.00024255363
0.00024167183
0.00024081663
0.00023994151
0.00023909606
0.00023822629
0.0002373919
0.00023652484
0.00023570555
0.00023483697
0.00023400849
0.00023327208
0.00023194119
5.4738712e-05
2.9167274e-05
3.2350204e-05
3.0526846e-05
3.8919255e-05
4.984733e-05
7.7058456e-05
0.00010789315
0.00015443335
0.00020317534
0.00026295202
0.00031336415
0.00034924405
0.00037531647
0.00039596016
0.00041244841
0.00042633501
0.00043757048
0.00044678023
0.00045456777
0.00046111376
0.00046666005
0.00047166729
0.00047588828
0.00047940491
0.00048237724
0.00048487504
0.00048703971
0.00048892947
0.00049037951
0.00049154279
0.00049240267
0.00049312959
0.00049360166
0.00049390006
0.00049398035
0.00049393672
0.00049378063
0.00049345467
0.00049302868
0.0004925062
0.00049190379
0.00049118056
0.00049039093
0.00048955128
0.00048864341
0.000487663
0.00048664593
0.00048558698
0.00048447659
0.00048333066
0.00048215304
0.00048093952
0.00047970731
0.00047843831
0.00047715352
0.00047585405
0.00047452278
0.00047318509
0.00047183512
0.00047046457
0.00046909031
0.00046770036
0.00046631024
0.00046490129
0.00046350282
0.00046208258
0.0004606698
0.00045924554
0.00045782506
0.00045639381
0.00045497336
0.00045353669
0.00045211701
0.00045067842
0.00044926047
0.00044782096
0.00044640756
0.00044496825
0.00044356108
0.00044212283
0.0004407233
0.00043928623
0.00043789658
0.00043646204
0.00043508201
0.00043365123
0.00043228205
0.00043085302
0.00042949851
0.00042806573
0.0004267382
0.00042528354
0.00042397079
0.00042267672
0.00042053951
0.00059742904
0.00018156519
7.0527924e-05
5.2006229e-05
4.5697549e-05
3.7475604e-05
3.6147842e-05
4.1209253e-05
5.6859414e-05
8.426023e-05
0.00012705169
0.00019035523
0.00026071257
0.00031630209
0.00036720836
0.0004146076
0.00045505054
0.00048456325
0.00050951489
0.00053106997
0.00055015283
0.00056686675
0.00058217053
0.00059552939
0.00060726842
0.000617706
0.00062697825
0.00063539256
0.00064303655
0.0006496466
0.00065555621
0.00066071976
0.00066544653
0.00066953003
0.00067316371
0.00067624832
0.00067897104
0.00068134809
0.00068329778
0.00068496618
0.00068634246
0.00068747173
0.00068828963
0.00068890473
0.0006893427
0.00068957774
0.00068961057
0.00068950815
0.0006892652
0.00068886923
0.00068835146
0.00068772294
0.00068697963
0.00068615531
0.0006852188
0.00068421305
0.00068314098
0.00068197323
0.00068075994
0.0006794911
0.00067815319
0.00067677988
0.00067534971
0.00067389362
0.00067237726
0.00067085804
0.0006692749
0.00066768551
0.00066605417
0.00066441124
0.00066272963
0.00066105167
0.0006593259
0.00065761729
0.00065585707
0.00065412233
0.00065233211
0.00065057925
0.0006487634
0.00064699765
0.00064515994
0.00064338585
0.00064152836
0.0006397518
0.00063787862
0.0006361007
0.00063421559
0.00063243997
0.00063054067
0.00062877608
0.00062685288
0.00062512732
0.00062313652
0.00062147338
0.00061963644
0.00061681732
0.00066647895
0.00060344915
0.00046118921
0.00028048175
0.00015229157
0.00010445177
7.5118002e-05
5.7297342e-05
4.6588095e-05
4.3643443e-05
5.0853573e-05
7.0649063e-05
0.00011593628
0.00017524631
0.0002468259
0.00030414617
0.00036205302
0.0004178765
0.00047012187
0.00051655873
0.00055945638
0.00059814145
0.00063379761
0.00066076821
0.00068497512
0.00070693555
0.00072690903
0.00074525223
0.00076207994
0.00077710175
0.00079080506
0.00080313347
0.00081457862
0.0008248177
0.00083419607
0.00084252246
0.00085013375
0.00085703299
0.0008631236
0.00086865484
0.0008735787
0.00087799166
0.00088180239
0.00088519442
0.0008881972
0.00089077983
0.00089295587
0.00089483114
0.00089640284
0.00089765649
0.00089864383
0.00089938836
0.00089988803
0.00090019753
0.0009002713
0.00090018347
0.00089993791
0.00089949228
0.00089893045
0.00089823675
0.00089739263
0.00089645492
0.00089539031
0.00089425075
0.00089298224
0.00089168014
0.00089024537
0.00088877498
0.00088721075
0.00088560419
0.00088391173
0.00088220422
0.00088039757
0.00087860038
0.00087669938
0.00087482343
0.00087283875
0.00087090052
0.00086884227
0.0008668531
0.00086473015
0.00086269998
0.00086051815
0.00085845871
0.00085622676
0.00085414199
0.00085186782
0.00084976562
0.00084744737
0.00084534392
0.00084296647
0.00084091309
0.00083839533
0.0008364716
0.00083407032
0.00083063382
0.00067532854
0.00066510252
0.00063182268
0.00054831481
0.00040906385
0.00032574273
0.0002306874
0.00017168707
0.00012709868
9.4930885e-05
7.1204923e-05
5.9099651e-05
5.6584099e-05
6.9788827e-05
0.00010750118
0.00016265888
0.00023726307
0.00029380167
0.00035288297
0.00041355653
0.00047358343
0.00052990513
0.00058479185
0.00063586578
0.00068273431
0.00072573434
0.00076555073
0.00080233899
0.00083390887
0.00086056101
0.00088521014
0.00090775272
0.00092891428
0.00094808954
0.00096579441
0.00098189987
0.00099680891
0.0010105044
0.001022888
0.0010343349
0.0010447362
0.0010542654
0.0010627938
0.0010706052
0.0010777218
0.0010841094
0.0010898036
0.0010949577
0.0010995727
0.0011036309
0.0011072116
0.0011103572
0.0011130682
0.0011154238
0.0011173643
0.0011190051
0.001120348
0.001121339
0.001122105
0.0011226224
0.0011228685
0.0011229303
0.0011227602
0.0011224367
0.0011218833
0.0011212427
0.0011203687
0.0011194098
0.001118279
0.0011170554
0.0011156753
0.0011142461
0.0011126428
0.00111103
0.0011092383
0.0011074628
0.0011055029
0.0011035938
0.0011014847
0.0010994624
0.0010972208
0.0010951035
0.0010927413
0.0010905493
0.0010880821
0.0010858241
0.0010832662
0.0010809564
0.0010783071
0.0010759723
0.0010732101
0.001070933
0.0010679273
0.001065865
0.0010629031
0.0010589573
0.00067696366
0.00067459218
0.00066853102
0.00065092537
0.00060248586
0.00055253687
0.00046500824
0.0003956235
0.00031799264
0.00026796852
0.00019798645
0.0001537573
0.00010926914
8.3576817e-05
6.8997806e-05
7.4290861e-05
0.00010118319
0.00015399407
0.00022299259
0.00028875738
0.00034694044
0.00040870782
0.00047418244
0.00053839919
0.00060121742
0.00066218001
0.00072028266
0.0007752043
0.00082697823
0.00087482518
0.00091921711
0.00096025612
0.00099896241
0.0010308212
0.0010595572
0.0010860744
0.0011108756
0.00113384
0.0011548821
0.0011744326
0.0011925094
0.0012092163
0.0012244132
0.0012385205
0.0012515313
0.0012634067
0.0012742166
0.0012841724
0.0012932752
0.0013014994
0.0013089642
0.001315736
0.0013218166
0.0013273123
0.0013321518
0.0013365018
0.0013403564
0.0013436535
0.0013465733
0.0013490796
0.0013511481
0.0013529032
0.0013542807
0.0013553904
0.0013561322
0.0013567044
0.0013569055
0.001356948
0.0013567093
0.0013563033
0.0013556428
0.0013548794
0.0013538396
0.0013527566
0.0013513926
0.0013500249
0.0013483712
0.0013467648
0.0013448527
0.0013430413
0.0013408986
0.0013389119
0.0013365591
0.0013344291
0.001331892
0.0013296345
0.0013269358
0.0013245741
0.0013217158
0.0013192905
0.0013162438
0.0013138781
0.0013104504
0.0013084009
0.0013049037
0.001300596
0.00067645391
0.00067647558
0.00067480997
0.0006713222
0.00066165996
0.00064572471
0.00061093508
0.00057794817
0.00051771499
0.00047645043
0.00040084716
0.0003502741
0.00027966336
0.00021744584
0.00015287387
0.00011229523
8.6795785e-05
8.1939582e-05
9.9359941e-05
0.00014537566
0.00021052026
0.0002920437
0.00034787315
0.00040997152
0.0004777263
0.00054697697
0.00061537748
0.00068420074
0.00075182056
0.00081708508
0.00087959977
0.00093876104
0.00099506516
0.0010472715
0.0010959576
0.0011410619
0.0011835013
0.0012201563
0.0012522728
0.0012823104
0.0013103965
0.0013364984
0.001360515
0.0013829629
0.0014038204
0.0014230884
0.0014408126
0.0014573015
0.001472539
0.0014864876
0.0014993254
0.0015111435
0.0015219402
0.0015318532
0.0015408023
0.0015490159
0.0015564716
0.0015631049
0.00156916
0.0015745818
0.0015793471
0.0015836266
0.0015873358
0.0015906208
0.001593358
0.0015958088
0.0015977078
0.0015993461
0.0016005573
0.0016014979
0.0016020544
0.00160243
0.0016023952
0.0016022651
0.0016017211
0.0016011386
0.0016001391
0.0015991729
0.0015977658
0.001596467
0.0015946949
0.0015931087
0.0015910043
0.0015891783
0.0015867807
0.0015847402
0.0015820837
0.0015798646
0.0015769552
0.0015746156
0.0015714167
0.0015691296
0.0015653744
0.0015635197
0.0015595342
0.0015550526
0.00067633057
0.00067644508
0.00067563498
0.00067538416
0.00067273543
0.00066895543
0.00066038188
0.00064889558
0.00062411044
0.00060318385
0.00056401946
0.00052532952
0.00048000503
0.00041128717
0.00035478742
0.00027374985
0.00020076588
0.00014447106
0.00010843097
9.2980683e-05
0.00010149427
0.00014030694
0.00020209847
0.00028242546
0.00035474019
0.0004166584
0.00048484435
0.00055833552
0.00063195603
0.00070735318
0.00078294251
0.00085679874
0.00092893775
0.00099855924
0.0010653437
0.0011284822
0.001188556
0.0012447499
0.0012969276
0.0013456874
0.0013915543
0.0014301304
0.0014651879
0.001498187
0.0015290198
0.0015577137
0.0015843362
0.0016092823
0.0016324242
0.0016538725
0.0016737632
0.0016922357
0.0017092795
0.0017250698
0.0017395194
0.0017529286
0.0017652451
0.0017764113
0.001786747
0.0017961666
0.0018046542
0.0018124354
0.0018194007
0.0018257375
0.0018313
0.0018364188
0.0018407568
0.0018446992
0.0018480264
0.0018509458
0.0018533157
0.0018553976
0.0018568991
0.0018582305
0.0018589802
0.0018596383
0.0018597148
0.0018597965
0.0018592692
0.0018588483
0.0018577791
0.001856921
0.0018553584
0.0018541304
0.0018521307
0.0018505713
0.001848184
0.0018463448
0.0018435819
0.001841543
0.00183836
0.0018363542
0.0018323973
0.0018309532
0.0018265503
0.0018221267
0.00067634521
0.00067637032
0.00067566498
0.00067568921
0.00067469307
0.00067414003
0.00067158251
0.00066815076
0.0006619092
0.00065293597
0.00063982442
0.00061817155
0.00059879381
0.00056107526
0.00052954142
0.00046694316
0.00041002623
0.00032344224
0.00024596487
0.00017871299
0.00013360775
0.00010731821
0.00010759329
0.00013662408
0.00019579695
0.00027476045
0.00036811518
0.00042960698
0.0004985367
0.00057439692
0.00065284774
0.00073288838
0.0008154634
0.00089724029
0.00097859718
0.0010578219
0.0011346424
0.0012084705
0.0012790592
0.0013459381
0.0014093634
0.0014686132
0.0015235678
0.0015753363
0.0016216465
0.0016618794
0.0016994962
0.0017349641
0.0017679717
0.0017988246
0.0018276499
0.0018545173
0.0018795059
0.0019028281
0.0019243462
0.0019444605
0.0019630698
0.0019801362
0.0019960675
0.0020107296
0.0020241238
0.0020365394
0.0020478346
0.0020582434
0.0020676013
0.0020763114
0.0020839578
0.0020910366
0.0020972645
0.0021029086
0.0021077974
0.0021122568
0.0021159255
0.0021193223
0.0021219296
0.00212437
0.0021260268
0.0021276428
0.0021284447
0.0021293387
0.0021293719
0.0021296344
0.002128968
0.0021286908
0.0021274029
0.0021266414
0.0021248003
0.0021236263
0.0021212524
0.0021197729
0.0021168142
0.0021153317
0.0021113349
0.002110555
0.0021058321
0.0021017483
0.00067641366
0.00067626049
0.00067575478
0.00067553152
0.00067501419
0.00067461685
0.00067395705
0.00067283046
0.00067123773
0.00066794775
0.00066396139
0.00065649209
0.00064845597
0.00063270034
0.00061842564
0.00059005198
0.00056307463
0.00050648735
0.0004521946
0.00036953875
0.00028837476
0.00021456845
0.00015952405
0.0001248289
0.00011614616
0.00013505211
0.00019322272
0.00027179039
0.00036870936
0.00044739209
0.00051781158
0.0005952296
0.00067845412
0.0007622463
0.00085144599
0.00094099265
0.0010308087
0.0011194088
0.0012062377
0.0012901339
0.0013708243
0.001448441
0.0015220352
0.0015919969
0.0016576846
0.0017190199
0.001776304
0.0018291856
0.0018740959
0.0019163845
0.0019561388
0.0019933142
0.0020281095
0.0020607764
0.002091101
0.0021195622
0.0021460883
0.0021705926
0.0021936068
0.0022149214
0.0022345711
0.0022529161
0.0022697718
0.0022854261
0.0022996989
0.0023130673
0.0023250305
0.0023362135
0.002346256
0.0023554948
0.0023637281
0.0023713508
0.0023779275
0.0023840989
0.0023892284
0.0023940895
0.0023979226
0.0024016472
0.0024043115
0.0024070374
0.0024086486
0.0024104971
0.0024111502
0.0024122429
0.0024120427
0.0024124561
0.0024114945
0.0024113255
0.0024096339
0.0024090215
0.0024065415
0.0024058691
0.0024020348
0.002402216
0.0023973001
0.0023938946
0.00067648339
0.00067615949
0.00067583585
0.00067540648
0.0006751048
0.0006745478
0.0006742857
0.00067351593
0.00067314509
0.00067181241
0.00067074493
0.00066814807
0.00066495314
0.00065986591
0.00065384801
0.00064296531
0.0006317083
0.00060950813
0.0005859965
0.00054244141
0.00048041206
0.0004155487
0.00032755716
0.00025020049
0.00018633657
0.00014523354
0.000126886
0.00013930563
0.00019162789
0.00027136991
0.00037134767
0.00047058355
0.00054288553
0.00062202801
0.0007092348
0.00079809498
0.00089280218
0.00098953134
0.001087524
0.0011851681
0.0012812594
0.0013753547
0.0014664678
0.0015541863
0.0016381323
0.0017185674
0.0017945777
0.001866689
0.0019336087
0.0019964865
0.002054287
0.0021037673
0.0021503583
0.0021943093
0.0022353128
0.0022739557
0.002310158
0.0023438301
0.0023755385
0.0024050832
0.0024325156
0.0024582514
0.0024820601
0.0025042933
0.0025247583
0.0025440046
0.0025614415
0.0025778416
0.0025927522
0.0026065909
0.0026191256
0.0026308228
0.0026411695
0.002650941
0.002659369
0.0026673961
0.0026741041
0.0026806098
0.0026857635
0.0026909281
0.0026946782
0.0026986599
0.0027011335
0.0027040896
0.0027054236
0.0027074568
0.0027077718
0.0027090091
0.0027083508
0.0027089691
0.0027072746
0.0027077493
0.0027043269
0.0027058143
0.0027008664
0.0026985425
0.00067651711
0.0006761098
0.00067585827
0.00067536109
0.00067510762
0.00067452311
0.00067427658
0.00067360855
0.00067334134
0.00067254889
0.00067210958
0.00067099847
0.00067001906
0.00066794714
0.00066586219
0.00066179746
0.0006571148
0.00064987116
0.00064007039
0.00062553013
0.00060018195
0.00056818216
0.00050874631
0.00045283772
0.00036518265
0.00028562308
0.00021631792
0.00016618313
0.00013996613
0.0001461997
0.00019213437
0.00027483569
0.00037815296
0.00049430259
0.00057366896
0.00065554854
0.00074597139
0.00083992485
0.00093980604
0.0010437901
0.0011491499
0.0012558603
0.0013617305
0.0014657514
0.0015670851
0.0016654907
0.0017598233
0.0018504662
0.001936978
0.0020192345
0.0020969278
0.0021693077
0.0022372419
0.0022986391
0.0023522919
0.0024030836
0.0024508542
0.0024955422
0.0025377546
0.0025772581
0.0026141778
0.0026489008
0.0026812061
0.0027115325
0.0027396298
0.0027661328
0.0027903566
0.0028132414
0.0028342227
0.0028538118
0.0028717469
0.0028885661
0.0029036774
0.0029180022
0.0029306275
0.0029426842
0.0029530795
0.0029631478
0.002971522
0.0029798325
0.002986378
0.0029931322
0.0029980143
0.0030034114
0.0030068057
0.0030109797
0.0030130408
0.0030161553
0.003016947
0.0030192226
0.0030186798
0.0030206956
0.0030179881
0.003021182
0.0030164023
0.0030156365
0.00067651573
0.00067610236
0.00067583996
0.00067536095
0.00067506987
0.0006745372
0.00067422061
0.00067364412
0.00067329454
0.00067267498
0.00067226641
0.00067156542
0.00067101495
0.0006700802
0.00066911296
0.00066768892
0.0006656621
0.00066320614
0.00065899919
0.00065380178
0.00064579387
0.00063426223
0.00061219721
0.00058729935
0.00053490566
0.00048356251
0.00040127324
0.00031694062
0.00024618826
0.00018719619
0.00015464075
0.00015485386
0.00019599858
0.00028181191
0.0003901377
0.00051270653
0.00060902601
0.0006946676
0.00078862465
0.00088827481
0.00099236757
0.0011039457
0.0012172137
0.0013330042
0.0014485745
0.0015629761
0.0016748197
0.0017835916
0.0018887522
0.0019899298
0.0020866802
0.0021793528
0.0022671874
0.0023501381
0.0024273032
0.0025001807
0.0025635062
0.0026211744
0.0026758352
0.0027271621
0.0027754039
0.0028208913
0.0028634058
0.0029035193
0.0029407916
0.0029761222
0.0030086076
0.0030394064
0.0030678175
0.003094462
0.0031190485
0.0031421835
0.0031631974
0.0031831671
0.003201023
0.0032181028
0.0032331225
0.0032476554
0.0032600973
0.0032723723
0.003282476
0.0032927446
0.0033007211
0.0033092308
0.0033153008
0.0033222229
0.0033265812
0.0033321221
0.0033348546
0.0033392855
0.0033403286
0.0033443437
0.0033427155
0.0033480779
0.0033437118
0.0033450633
0.00067649625
0.00067611508
0.00067580689
0.00067537727
0.00067502568
0.00067455934
0.00067416707
0.00067367261
0.00067323472
0.00067271598
0.00067222308
0.0006716832
0.00067110936
0.00067053428
0.00066979491
0.00066911039
0.00066803898
0.00066698853
0.00066531532
0.00066324874
0.00066032174
0.00065584894
0.00064903595
0.00063994405
0.00062226756
0.00060141352
0.00055729547
0.00050706061
0.00043312757
0.00034441749
0.00027436299
0.00020792399
0.00016997113
0.00016487533
0.00020421766
0.00029123643
0.00040618757
0.00053612399
0.00064979268
0.00074004897
0.00083765323
0.00094319711
0.0010521611
0.0011713421
0.0012926885
0.0014178404
0.0015434473
0.0016682134
0.0017909418
0.0019105694
0.0020263204
0.0021383461
0.0022456193
0.0023485858
0.0024466847
0.0025400294
0.0026274153
0.0027090986
0.0027851074
0.0028502222
0.0029117521
0.0029699143
0.0030244981
0.0030762192
0.0031244202
0.0031702886
0.003212684
0.0032529814
0.0032903166
0.0033255041
0.0033581527
0.0033889528
0.0034171609
0.0034440164
0.0034682811
0.0034915185
0.0035122367
0.0035322683
0.0035497523
0.0035669336
0.0035814763
0.0035961154
0.003607981
0.0036203801
0.0036298411
0.0036402151
0.0036475134
0.0036561181
0.0036613662
0.0036685305
0.0036716704
0.0036782156
0.0036781016
0.0036861634
0.0036825087
0.0036866302
0.00067647558
0.00067612945
0.00067577685
0.00067539108
0.00067498956
0.00067457435
0.00067412698
0.00067368922
0.00067319203
0.0006727339
0.00067218066
0.00067170698
0.00067108944
0.00067059948
0.00066990234
0.00066937168
0.0006685643
0.00066791245
0.00066690879
0.00066597155
0.00066450405
0.00066296655
0.00066029542
0.00065703864
0.00065107435
0.00064364664
0.00063024517
0.0006115608
0.00057633158
0.00052337083
0.00045979915
0.00037052375
0.00029911115
0.00022858286
0.00018483717
0.00017614459
0.0002146967
0.00030430402
0.00042749513
0.00056546246
0.00069727849
0.00079220633
0.00089393817
0.0010054509
0.0011198344
0.0012468306
0.0013768094
0.0015115345
0.0016474982
0.0017829933
0.0019166786
0.002047442
0.0021742273
0.0022969802
0.0024151637
0.0025284975
0.0026371926
0.0027405443
0.0028386277
0.0029299573
0.0030160023
0.0030913624
0.0031599995
0.0032252844
0.0032863101
0.0033445813
0.0033986771
0.003450231
0.0034981693
0.0035435762
0.0035857819
0.0036257977
0.0036626531
0.0036977935
0.0037298005
0.0037604822
0.0037881205
0.0038148286
0.0038384686
0.0038616331
0.0038816253
0.0039016171
0.0039182869
0.0039354693
0.0039491481
0.0039637855
0.0039747692
0.003987174
0.0039956067
0.0040061729
0.0040120075
0.0040216947
0.0040236098
0.0040349796
0.0040323942
0.0040400439
0.00067646202
0.0006761381
0.00067575697
0.0006753967
0.00067496658
0.00067457856
0.000674103
0.00067369247
0.00067316833
0.00067273569
0.00067215847
0.00067170623
0.00067107155
0.0006706003
0.00066990162
0.00066940931
0.00066863254
0.0006681124
0.00066721526
0.00066665034
0.00066552577
0.00066485703
0.00066327623
0.00066227396
0.00065959967
0.00065748852
0.00065226976
0.0006457945
0.0006355788
0.00061867606
0.00058927243
0.00053930933
0.00048079546
0.00039515525
0.00032055514
0.00024756443
0.00019922134
0.00018818155
0.00022784232
0.00032157299
0.00045499364
0.00060179555
0.00075099801
0.0008512053
0.0009577135
0.0010754324
0.001196351
0.0013313805
0.0014703524
0.0016150211
0.0017616485
0.0019082322
0.0020532807
0.0021953696
0.0023336534
0.0024673548
0.0025966489
0.0027208547
0.0028398668
0.0029538603
0.0030622013
0.0031637902
0.0032588225
0.0033460587
0.0034219211
0.0034945997
0.0035623248
0.0036270491
0.0036874263
0.0037448557
0.0037983505
0.0038492891
0.0038963643
0.0039413914
0.0039826091
0.0040221971
0.0040581353
0.0040928526
0.0041239127
0.0041542846
0.0041808784
0.0042073438
0.0042298656
0.0042528543
0.0042717009
0.0042915332
0.004307062
0.0043241135
0.0043365054
0.004351243
0.0043604677
0.0043740002
0.0043785506
0.0043939228
0.0043928344
0.0044048883
0.00067645836
0.00067613995
0.00067574879
0.00067539432
0.00067495713
0.00067457332
0.00067409411
0.00067368475
0.00067316118
0.0006727252
0.00067215399
0.00067169227
0.00067107032
0.00067058263
0.00066990506
0.00066939147
0.00066865132
0.0006681119
0.00066729692
0.00066672568
0.00066581489
0.0006651808
0.00066413968
0.00066334161
0.00066209304
0.00066079767
0.00065913249
0.000656417
0.00065321492
0.0006469963
0.00063844268
0.00062363558
0.00059818124
0.00055356548
0.00049844347
0.00041627783
0.00033901645
0.00026483711
0.00021271013
0.00020092277
0.00024378635
0.00034418624
0.00048908874
0.00064577185
0.00081108819
0.00091718788
0.0010294366
0.0011536623
0.0012817714
0.0014254541
0.0015738829
0.0017290516
0.0018868994
0.002045074
0.0022020335
0.0023557687
0.0025058122
0.0026511457
0.0027913503
0.0029268114
0.0030566112
0.0031812308
0.0032997094
0.0034121774
0.0035164656
0.0036156242
0.0036990167
0.0037789651
0.003853759
0.0039251702
0.0039918457
0.0040555581
0.0041146355
0.004171295
0.0042233698
0.004273536
0.0043192318
0.0043634988
0.0044034041
0.0044423662
0.0044768667
0.0045110775
0.0045406438
0.0045706039
0.0045957038
0.0046217952
0.0046428554
0.0046655231
0.0046827661
0.0047025577
0.0047159771
0.0047341601
0.004742055
0.0047622194
0.0047631359
0.0047806017
0.00067646389
0.00067613716
0.00067575111
0.00067538665
0.00067495916
0.00067456198
0.00067409779
0.00067366992
0.00067316782
0.00067270633
0.00067216486
0.00067166805
0.00067108691
0.00067055108
0.00066992987
0.00066934947
0.0006686898
0.00066805625
0.00066736359
0.00066666049
0.00066594652
0.00066514187
0.00066442601
0.00066345855
0.00066276319
0.00066151346
0.00066081195
0.00065906421
0.00065807822
0.00065526489
0.00065311387
0.00064734318
0.00063984307
0.00062696017
0.00060489242
0.00056561962
0.00051223522
0.00043414389
0.00035477654
0.00027992476
0.00022525516
0.00021433687
0.00026300646
0.00037287306
0.00053037936
0.00069803835
0.00087571058
0.00099021135
0.0011091231
0.0012406203
0.001376464
0.001529611
0.0016885079
0.0018548822
0.0020246022
0.0021948324
0.0023640771
0.0025301323
0.0026920008
0.002849284
0.0030010311
0.0031478221
0.0032886316
0.0034241403
0.0035530155
0.0036766509
0.0037906598
0.0038992521
0.0039924785
0.0040799697
0.004161863
0.0042403581
0.0043133824
0.0043835809
0.0044483441
0.0045108852
0.0045680476
0.0046236041
0.0046738232
0.0047230071
0.0047668465
0.0048102556
0.004848215
0.0048864667
0.0049190533
0.0049526141
0.0049803306
0.0050097199
0.0050328359
0.0050586896
0.0050772303
0.0051009826
0.0051130476
0.0051388987
0.0051424205
0.0051664519
0.00067647585
0.00067613426
0.0006757602
0.00067537922
0.00067496813
0.00067455121
0.00067410819
0.00067365599
0.0006731807
0.00067268905
0.0006721811
0.00067164678
0.00067110728
0.00067052496
0.00066995524
0.00066931769
0.00066872117
0.00066801854
0.0006674012
0.0006666204
0.0006659913
0.00066511495
0.0006644841
0.00066349092
0.00066286287
0.00066173077
0.00066108379
0.00065978634
0.00065903017
0.0006574778
0.00065633325
0.00065422631
0.00065171937
0.00064744188
0.00064045268
0.00062908667
0.00060962051
0.00057511967
0.00052311214
0.00044830675
0.00036809282
0.00029244193
0.00023677162
0.0002286708
0.00028613029
0.00040852641
0.000579344
0.00075896034
0.00094880369
0.0010711499
0.0011974077
0.001336867
0.0014819429
0.0016451474
0.0018153702
0.0019936161
0.0021757571
0.0023587855
0.0025406247
0.002719455
0.002893719
0.0030632698
0.00322689
0.0033852695
0.0035373177
0.0036840799
0.0038238755
0.0039580008
0.0040822448
0.0042003228
0.0043036239
0.0043990507
0.004488116
0.0045739202
0.004653369
0.0047302535
0.0048007658
0.0048694702
0.0049317607
0.0049929638
0.0050476623
0.0051019917
0.0051497544
0.0051978474
0.0052392933
0.0052817033
0.0053173523
0.0053547187
0.005384872
0.0054179352
0.0054426584
0.0054730249
0.0054902164
0.0055227638
0.0055295971
0.0055615097
0.00067649062
0.00067613661
0.00067577187
0.00067537826
0.00067497883
0.00067454838
0.00067411906
0.00067365203
0.00067319222
0.00067268447
0.00067219331
0.00067164206
0.00067111975
0.00067052089
0.00066996711
0.00066931573
0.00066873024
0.00066802161
0.00066740381
0.0006666337
0.00066598173
0.0006651481
0.00066445678
0.00066356121
0.00066281795
0.0006618687
0.00066104745
0.00066005984
0.00065911365
0.00065809889
0.00065693303
0.0006558566
0.00065426006
0.00065281352
0.00065004403
0.0006469616
0.00064033262
0.00063015399
0.00061273439
0.00058161025
0.00053170066
0.00045900547
0.00037880578
0.00030229104
0.00024744977
0.00024438259
0.00031429549
0.0004514868
0.00063723141
0.00082952961
0.0010326021
0.0011608484
0.0012953439
0.0014432033
0.0015988341
0.0017728468
0.001955272
0.0021463028
0.0023414585
0.0025380105
0.0027330273
0.0029251706
0.0031122255
0.0032944401
0.0034702071
0.0036405215
0.0038042666
0.0039625174
0.0041132018
0.0042581643
0.0043928141
0.0045208357
0.0046339582
0.0047375766
0.0048338624
0.0049272226
0.0050131387
0.005097026
0.0051733232
0.005248471
0.0053158198
0.0053829604
0.005442079
0.0055018373
0.0055535201
0.0056064546
0.0056513943
0.0056982057
0.0057366986
0.0057782809
0.0058103956
0.0058485721
0.00587197
0.0059123853
0.0059233064
0.0059646187
0.00067650731
0.00067614738
0.00067578554
0.00067538754
0.00067499146
0.00067455785
0.00067413144
0.00067366275
0.00067320457
0.00067269746
0.00067220549
0.00067165832
0.00067113116
0.0006705417
0.0006699768
0.00066934301
0.00066873705
0.00066805774
0.00066740613
0.00066668148
0.00066597768
0.00066520989
0.0006644449
0.00066363952
0.00066280006
0.00066196652
0.00066103427
0.00066018446
0.00065913654
0.00065828083
0.00065708873
0.0006562233
0.00065484276
0.00065391568
0.00065220175
0.00065094933
0.00064836883
0.000645666
0.00063986114
0.00063036307
0.00061446069
0.00058553717
0.00053806561
0.00046668117
0.00038672998
0.00030971296
0.000257597
0.00026219693
0.0003487821
0.00050286877
0.00070528316
0.00091099638
0.0011229258
0.0012594431
0.0014033197
0.001560185
0.0017277684
0.0019135895
0.0021092554
0.0023140552
0.0025230032
0.0027338309
0.0029425476
0.0031486011
0.0033488622
0.0035440359
0.003732317
0.0039151623
0.0040906902
0.0042608797
0.0044226279
0.0045788929
0.004724087
0.004862399
0.0049848365
0.0050969508
0.0052004837
0.0053017581
0.0053941716
0.0054853725
0.0055673571
0.0056493109
0.0057215971
0.0057950368
0.0058585138
0.0059239085
0.0059795055
0.0060375555
0.0060857206
0.0061374135
0.0061781991
0.0062256224
0.0062563845
0.0063060552
0.0063218999
0.0063743647
0.00067652927
0.00067616715
0.00067580765
0.00067540912
0.00067501561
0.00067458288
0.00067415863
0.00067369237
0.00067323535
0.00067273265
0.00067224024
0.00067169983
0.00067116991
0.00067059039
0.00067001961
0.00066939953
0.00066878411
0.00066812253
0.000667458
0.00066675449
0.0006660356
0.00066529034
0.00066451114
0.0006637248
0.00066287905
0.00066205211
0.00066113419
0.00066026551
0.00065927183
0.00065835738
0.00065728631
0.00065631612
0.00065516627
0.00065411489
0.00065288096
0.00065167246
0.00065029297
0.00064867205
0.00064678192
0.00064368672
0.00063920164
0.00062997569
0.00061505589
0.00058790096
0.00054210669
0.00047201021
0.00039159549
0.00031515604
0.00026787157
0.00028312047
0.00039103266
0.00056446016
0.00078397599
0.0010040845
0.0012219995
0.0013675795
0.0015219712
0.0016887433
0.0018698413
0.0020684609
0.0022785727
0.00249807
0.0027216165
0.0029475646
0.0031705958
0.0033908351
0.0036047484
0.0038136563
0.0040148223
0.0042107101
0.004398223
0.0045807936
0.0047539339
0.0049219363
0.0050775454
0.0052264407
0.0053576947
0.0054787123
0.0055895155
0.0056990539
0.0057978386
0.0058967977
0.0059842847
0.0060734935
0.0061505826
0.006230608
0.0062984002
0.0063697456
0.0064289594
0.0064926712
0.006543424
0.0066018378
0.0066411788
0.006701752
0.0067234021
0.0067890412
0.00067656174
0.00067619682
0.00067584921
0.00067544836
0.0006750684
0.00067463318
0.00067422392
0.00067375471
0.00067331416
0.00067280777
0.00067233342
0.00067178803
0.00067127823
0.00067069155
0.00067014407
0.00066951342
0.00066892605
0.00066824858
0.00066761918
0.0006668917
0.0006662184
0.0006654371
0.00066471869
0.00066387877
0.00066311519
0.0006622103
0.00066140302
0.0006604253
0.00065957826
0.00065851679
0.00065763669
0.0006564751
0.0006555746
0.00065428844
0.00065338448
0.00065193768
0.00065104217
0.00064936758
0.00064844388
0.00064634749
0.00064505222
0.00064168418
0.00063815935
0.00062915362
0.00061480614
0.00058912619
0.00054413814
0.00047546922
0.00039369785
0.00031902393
0.00027923452
0.0003084865
0.00044280279
0.0006372735
0.00087420509
0.0011106274
0.0013312
0.0014864478
0.0016524058
0.0018298459
0.0020262355
0.0022385677
0.0024644339
0.0026997003
0.0029386132
0.0031801711
0.0034184041
0.0036537781
0.0038819014
0.0041050899
0.0043193828
0.0045287411
0.0047286116
0.0049240095
0.005108571
0.0052887132
0.0054546056
0.0056145409
0.0057541209
0.0058844412
0.0060023596
0.0061207
0.006225605
0.0063328686
0.0064256448
0.006522487
0.0066042892
0.0066912766
0.0067630396
0.0068409645
0.0069030696
0.0069745173
0.0070236667
0.0070971096
0.0071254647
0.0072066132
0.00067660648
0.00067623839
0.00067591767
0.00067551282
0.00067516296
0.00067472205
0.00067434631
0.0006738691
0.00067346597
0.00067294848
0.00067251605
0.00067195538
0.00067149293
0.00067088572
0.00067039215
0.00066973436
0.00066920892
0.000668496
0.0006679384
0.0006671649
0.00066657544
0.00066573519
0.00066511492
0.00066420073
0.00066355171
0.000662555
0.00066188105
0.00066079104
0.00066009778
0.00065890198
0.00065819738
0.00065688061
0.00065617514
0.00065471967
0.00065402664
0.00065241086
0.00065174512
0.0006499423
0.00064930731
0.00064727953
0.00064663897
0.00064423069
0.00064330887
0.00063979028
0.00063689276
0.00062810475
0.00061395888
0.0005895306
0.00054472369
0.00047716928
0.00039354853
0.00032179791
0.00029278873
0.00033996017
0.00050525804
0.00072408982
0.00097726171
0.0012314203
0.0014513896
0.0016169338
0.0017957694
0.0019847053
0.0021981593
0.0024253865
0.0026677103
0.0029201919
0.003176023
0.0034342166
0.0036882412
0.0039393074
0.0041819618
0.0044198954
0.0046476314
0.004870839
0.0050831542
0.0052919643
0.0054880566
0.0056809309
0.0058570596
0.0060284995
0.0061755509
0.006315818
0.0064405324
0.0065683302
0.0066790566
0.0067951117
0.0068929793
0.0069980172
0.007084074
0.0071787455
0.0072536679
0.0073404931
0.0074007994
0.0074893376
0.0075254092
0.0076246791
0.00067665894
0.00067629224
0.00067600832
0.00067560415
0.00067529489
0.00067485322
0.00067452187
0.00067404191
0.00067368737
0.00067316462
0.00067278535
0.00067221621
0.00067181192
0.00067119237
0.00067076259
0.00067008775
0.00066963231
0.00066889691
0.0006684159
0.00066761422
0.00066710811
0.00066623346
0.0006657036
0.00066474823
0.00066419692
0.00066315198
0.00066258246
0.00066143801
0.00066085455
0.00065959941
0.00065900753
0.00065762923
0.00065703574
0.00065552059
0.00065493348
0.00065326677
0.0006526947
0.00065086045
0.00065031307
0.0006482908
0.00064777205
0.0006455377
0.00064501199
0.00064245258
0.0006416839
0.00063815543
0.00063554955
0.00062700263
0.00061273857
0.00058935679
0.00054421996
0.00047591728
0.00039152763
0.00032461451
0.00030976909
0.00038650898
0.00057951451
0.00082518874
0.0010943645
0.0013680694
0.001583755
0.0017605964
0.0019531368
0.0021550054
0.0023857864
0.0026316217
0.002891876
0.0031625149
0.003435833
0.0037113106
0.0039816156
0.0042489573
0.0045063298
0.0047593625
0.0050007388
0.0052386013
0.0054636094
0.0056865677
0.0058943212
0.0061004747
0.0062864406
0.0064700703
0.0066235554
0.0067745465
0.006905666
0.0070435348
0.0071597679
0.0072853787
0.0073877358
0.0075018451
0.0075912437
0.007696148
0.0077690497
0.0078752042
0.0079201499
0.0080404289
0.0006767117
0.00067635429
0.00067610763
0.00067571324
0.00067544456
0.00067501266
0.00067472509
0.00067425465
0.00067394729
0.00067343364
0.00067310501
0.00067254432
0.0006721942
0.00067158226
0.00067121007
0.00067054215
0.00067014755
0.00066941847
0.00066900138
0.00066820512
0.00066776596
0.000666896
0.00066643549
0.00066548468
0.00066500393
0.00066396436
0.00066346506
0.00066232812
0.00066181255
0.0006605689
0.0006600399
0.00065867954
0.0006581405
0.00065665291
0.00065610769
0.00065448202
0.00065393471
0.00065215998
0.0006516146
0.00064968034
0.00064913888
0.00064703252
0.00064649808
0.00064420081
0.00064363993
0.00064108
0.000640268
0.0006368622
0.00063423612
0.00062595539
0.00061128373
0.00058853507
0.00054231467
0.00047251736
0.00038953661
0.00032829081
0.00033299094
0.00044684934
0.00066826482
0.00094233179
0.0012273781
0.0015217302
0.0017294115
0.0019190516
0.0021251186
0.0023458012
0.0025933663
0.0028591741
0.0031379682
0.0034277878
0.0037193521
0.004012892
0.0042995684
0.0045838111
0.0048563544
0.0051254984
0.005380805
0.0056341311
0.0058719225
0.00610965
0.0063289023
0.0065491809
0.0067443562
0.0069411515
0.0070998113
0.007262288
0.0073993708
0.0075482963
0.0076691928
0.0078055698
0.007911334
0.0080372762
0.0081243727
0.0082510084
0.0083061405
0.008450601
0.00067675916
0.00067641827
0.00067620216
0.00067582604
0.00067559058
0.00067517846
0.00067492639
0.0006744772
0.00067420769
0.00067371697
0.0006734285
0.00067289253
0.00067258464
0.00067199952
0.0006716715
0.00067103264
0.00067068389
0.00066998634
0.00066961643
0.00066885478
0.00066846335
0.00066763169
0.0006672186
0.00066631056
0.00066587585
0.00066488451
0.00066442845
0.00066334641
0.00066286952
0.00066168896
0.00066119193
0.00065990465
0.00065938834
0.0006579859
0.00065745119
0.00065592514
0.00065537278
0.00065371497
0.0006531452
0.00065134826
0.00065076039
0.00064881793
0.00064820886
0.00064611685
0.00064547973
0.0006432261
0.00064253243
0.00064007553
0.00063909205
0.00063588635
0.00063301027
0.0006249505
0.00060956288
0.00058712089
0.00053948891
0.00046779921
0.00038674266
0.00033547042
0.00036446996
0.00052346766
0.00077370647
0.0010766331
0.0013786913
0.0016928795
0.0018902593
0.0020945621
0.0023135245
0.0025562197
0.0028211914
0.0031088138
0.0034071941
0.0037171613
0.0040274011
0.00434041
0.0046442069
0.0049464725
0.0052344227
0.0055204332
0.0057895978
0.0060591012
0.0063096114
0.0065631646
0.0067935347
0.0070291443
0.0072327707
0.0074435104
0.0076059694
0.007781159
0.0079230897
0.0080846717
0.0082089522
0.0083590737
0.0084621814
0.0086125089
0.0086793028
0.0088514712
0.00067679916
0.00067647904
0.00067628442
0.00067593163
0.00067571953
0.0006753332
0.00067510598
0.00067468515
0.00067444201
0.0006739826
0.00067372196
0.00067322053
0.00067294177
0.00067239475
0.00067209698
0.00067150026
0.00067118258
0.00067053171
0.00067019329
0.00066948344
0.00066912342
0.00066834935
0.00066796695
0.00066712303
0.00066671751
0.00066579767
0.00066536831
0.00066436612
0.00066391229
0.00066282096
0.00066234201
0.00066115446
0.00066064971
0.0006593587
0.00065882734
0.00065742558
0.00065686653
0.00065534701
0.0006547587
0.00065311494
0.00065249497
0.00065072162
0.00065006605
0.00064815955
0.00064746226
0.00064542229
0.00064466871
0.00064248841
0.00064165628
0.00063929542
0.00063816581
0.00063506195
0.00063197248
0.00062370207
0.0006080202
0.00058351155
0.00053386136
0.00046016186
0.00038309487
0.00034817335
0.00040704842
0.00061849557
0.00089912482
0.0012285026
0.0015508743
0.0018586606
0.0020644581
0.0022864577
0.0025196172
0.0027870181
0.0030707043
0.0033810865
0.0037011507
0.0040335777
0.0043632679
0.0046968364
0.0050178877
0.0053387633
0.0056419474
0.0059457104
0.0062287026
0.0065156596
0.0067786222
0.0070493807
0.0072902812
0.0075421822
0.0077534266
0.0079778128
0.008143461
0.0083333799
0.0084785457
0.0086562112
0.0087773772
0.0089547683
0.0090349009
0.0092388948
0.00067683213
0.00067653401
0.0006763526
0.00067602458
0.00067582699
0.00067546822
0.00067525641
0.00067486607
0.00067463924
0.00067421369
0.00067397028
0.00067350641
0.00067324568
0.00067274032
0.00067246129
0.00067191079
0.00067161239
0.00067101282
0.00067069402
0.00067004109
0.00066970078
0.00066898986
0.00066862693
0.000667853
0.00066746633
0.00066662398
0.00066621242
0.00066529588
0.00066485829
0.0006638614
0.00066339658
0.00066231285
0.00066181959
0.0006606422
0.00066011921
0.00065884108
0.00065828698
0.00065690086
0.00065631414
0.0006548127
0.00065419164
0.00065256761
0.00065191026
0.00065015649
0.00064946068
0.00064757027
0.00064683406
0.00064479796
0.00064401803
0.00064181937
0.00064098709
0.00063854793
0.00063750079
0.00063417522
0.00063114035
0.00062167951
0.00060574869
0.00057856909
0.00052623727
0.00045080711
0.00038045316
0.00036875959
0.00047005089
0.00073237744
0.0010485311
0.0013971465
0.0017433664
0.0020358481
0.002255231
0.0024961057
0.0027456146
0.00303813
0.0033465103
0.0036813396
0.0040235862
0.0043794997
0.004728746
0.0050833606
0.0054217295
0.0057623683
0.006080771
0.0064037817
0.006700306
0.0070061416
0.007280916
0.0075701164
0.00782091
0.0080901833
0.0083079661
0.0085453635
0.0087139895
0.0089227531
0.0090642632
0.0092723092
0.0093676788
0.0096080307
0.00067685962
0.00067658253
0.00067640816
0.00067610387
0.00067591415
0.00067558178
0.0006753783
0.00067501717
0.00067479921
0.00067440609
0.0006741721
0.00067374419
0.00067349339
0.00067302793
0.00067275927
0.00067225297
0.00067196545
0.00067141485
0.00067110734
0.00067050861
0.00067017999
0.00066952896
0.00066917807
0.00066847024
0.00066809589
0.00066732635
0.00066692737
0.00066609079
0.00066566603
0.00066475663
0.00066430498
0.00066331648
0.00066283691
0.00066176252
0.00066125414
0.00066008642
0.0006595486
0.00065827941
0.00065771189
0.00065633219
0.00065573536
0.00065423496
0.0006536103
0.00065197727
0.00065132812
0.00064954788
0.00064888094
0.00064693445
0.00064626171
0.00064412171
0.00064346382
0.00064108859
0.00064045663
0.00063772931
0.00063699026
0.00063316259
0.00063020153
0.0006192848
0.000603195
0.00057311819
0.00051722648
0.00044122233
0.00038125904
0.00040083112
0.00056378301
0.00086597446
0.0012189959
0.0015865752
0.0019572379
0.0022296465
0.0024652389
0.0027248388
0.0030003925
0.0033160714
0.0036501726
0.0040105494
0.0043752752
0.0047556452
0.0051252376
0.0055023012
0.0058580108
0.0062201209
0.0065532034
0.0068968157
0.007206113
0.0075323931
0.0078183042
0.0081280599
0.0083873181
0.0086750167
0.0088991635
0.009152144
0.0093165255
0.0095590239
0.0096717768
0.0099534255
0.00067688312
0.00067662518
0.00067645355
0.00067617075
0.00067598426
0.0006756758
0.00067547572
0.000675141
0.00067492664
0.00067456282
0.00067433267
0.00067393722
0.00067369049
0.00067326089
0.00067299664
0.00067253001
0.00067224718
0.00067174043
0.00067143797
0.00067088767
0.00067056449
0.0006699669
0.00066962193
0.00066897295
0.00066860513
0.00066790026
0.00066750856
0.00066674286
0.00066632635
0.00066549437
0.00066505226
0.00066414792
0.00066367964
0.00066269617
0.00066220149
0.00066113122
0.00066061043
0.00065944459
0.00065889875
0.00065762713
0.00065705851
0.00065566895
0.00065508165
0.00065355928
0.00065296019
0.00065128633
0.00065068652
0.00064883705
0.0006482538
0.00064619685
0.00064565598
0.00064334951
0.00064288755
0.00064026899
0.00063991316
0.00063684072
0.00063645056
0.0006319899
0.00062918336
0.00061663447
0.00060059804
0.00056699574
0.00050652086
0.00043286931
0.00038967802
0.00044929548
0.00068360546
0.0010231391
0.0014111651
0.0018009344
0.0021936762
0.0024438094
0.0026981853
0.0029758507
0.0032806351
0.0036208521
0.0039814203
0.0043703193
0.0047589679
0.0051653227
0.0055554237
0.0059568048
0.0063288031
0.0067137425
0.0070607277
0.0074268528
0.0077480832
0.0080976263
0.0083928752
0.0087254572
0.0089924679
0.009299299
0.0095272232
0.0098080359
0.0099407395
0.010268969
0.0006769036
0.00067666293
0.00067649083
0.00067622735
0.00067604063
0.00067575363
0.00067555317
0.00067524214
0.00067502728
0.0006746897
0.000674459
0.00067409256
0.00067384521
0.00067344772
0.00067318273
0.00067275162
0.00067246797
0.00067200049
0.00067169714
0.00067119026
0.00067086616
0.00067031654
0.00066997066
0.00066937466
0.00066900599
0.00066835957
0.00066796718
0.00066726591
0.00066684899
0.0006660879
0.00066564582
0.00066481935
0.00066435173
0.0006634536
0.00066296048
0.00066198346
0.00066146544
0.00066040118
0.00065985968
0.00065869832
0.000658136
0.00065686571
0.00065628696
0.00065489329
0.00065430501
0.00065276998
0.00065218267
0.00065048354
0.00064991273
0.00064802033
0.0006474886
0.0006453649
0.00064490515
0.0006424991
0.00064215783
0.00063939049
0.00063921127
0.00063590447
0.00063573391
0.0006307254
0.0006280202
0.00061365652
0.00059771728
0.00055984168
0.00049449008
0.00042687467
0.00041025009
0.00052106021
0.00082987634
0.0012099362
0.001626299
0.0020427157
0.0024135012
0.0026764288
0.0029516674
0.0032506281
0.0035857391
0.0039577876
0.0043449937
0.0047644487
0.0051774108
0.0056116105
0.0060205918
0.0064481292
0.006835775
0.0072457537
0.0076055829
0.0079974525
0.0083282712
0.0087041991
0.0090074498
0.0093635395
0.0096434867
0.00996567
0.010167567
0.010547837
0.00067692155
0.0006766966
0.00067652146
0.0006762757
0.00067608577
0.00067581852
0.0006756144
0.00067532519
0.00067510619
0.00067479285
0.00067455752
0.00067421798
0.0006739654
0.00067359776
0.00067332689
0.00067292892
0.00067263867
0.00067220798
0.00067189724
0.00067143124
0.00067109886
0.0006705947
0.00067023952
0.00066969412
0.00066931501
0.00066872496
0.00066832082
0.00066768242
0.00066725221
0.00066656135
0.00066610416
0.00066535627
0.00066487135
0.00066406132
0.00066354817
0.0006626702
0.00066212868
0.00066117615
0.00066060661
0.00065957186
0.00065897535
0.00065784942
0.00065722796
0.00065600024
0.00065535716
0.00065401495
0.00065335537
0.00065188333
0.00065121475
0.00064959414
0.00064892736
0.00064713503
0.00064648534
0.00064449226
0.00064388141
0.0006416499
0.00064110648
0.00063857807
0.00063810461
0.00063515223
0.00063444474
0.0006299064
0.00062579476
0.00061150358
0.00059242351
0.00054983422
0.00048129591
0.00042450899
0.00044681365
0.00063711004
0.0010013164
0.0014272362
0.0018636568
0.0023096062
0.0026474899
0.0029316004
0.0032278745
0.0035598041
0.0039210306
0.0043293689
0.0047434009
0.0051950426
0.0056309226
0.006096059
0.0065233697
0.0069794741
0.0073814886
0.0078198355
0.0081894164
0.0086108901
0.0089494288
0.0093532432
0.0096713112
0.010043377
0.010321656
0.010769619
0.00067693685
0.00067672682
0.00067654629
0.0006763174
0.0006761216
0.00067587318
0.00067566239
0.00067539407
0.00067516752
0.00067487744
0.00067463362
0.00067432
0.00067405784
0.00067371907
0.00067343737
0.00067307161
0.00067276911
0.0006723744
0.00067204978
0.00067162402
0.00067127588
0.00067081682
0.00067044369
0.00066994893
0.0006695493
0.00066901626
0.00066858857
0.0006680145
0.00066755713
0.00066693911
0.00066645039
0.00066578529
0.00066526349
0.00066454795
0.00066399131
0.00066322175
0.0006626284
0.00066180099
0.00066116899
0.00066027966
0.00065960691
0.00065865136
0.00065793551
0.00065690932
0.00065614763
0.00065504642
0.00065423542
0.00065305518
0.00065219017
0.00065092795
0.00065000203
0.00064865713
0.00064765947
0.00064623592
0.00064514832
0.00064365974
0.0006424494
0.00064092914
0.00063952945
0.00063804286
0.00063627443
0.00063492134
0.00063212285
0.00062993746
0.00062218178
0.00060866791
0.0005857458
0.00053756849
0.00046972188
0.00043268638
0.00050674489
0.00079279108
0.0012007465
0.0016706637
0.0021300962
0.0026047409
0.0029052089
0.0032143453
0.0035299785
0.0039027723
0.0042890645
0.004735299
0.0051774696
0.0056656631
0.0061236404
0.0066223253
0.0070664851
0.0075542304
0.0079668179
0.0084383076
0.0088152665
0.0092688843
0.0096199257
0.010046698
0.010370106
0.010894079
0.00067694944
0.00067675354
0.00067656603
0.00067635311
0.00067614963
0.0006759191
0.0006756996
0.00067545114
0.00067521474
0.00067494684
0.00067469192
0.00067440309
0.00067412837
0.00067381731
0.00067352141
0.00067318666
0.00067286805
0.00067250812
0.0006721652
0.0006717785
0.00067140952
0.00067099442
0.0006705975
0.00067015234
0.00066972545
0.00066924853
0.00066878947
0.00066827912
0.0006677855
0.00066724006
0.00066670923
0.00066612714
0.00066555613
0.00066493599
0.00066432145
0.00066366206
0.0006630001
0.00066230067
0.00066158667
0.00066084696
0.00066007535
0.00065929597
0.00065845977
0.00065764265
0.00065673292
0.00065588193
0.00065488688
0.00065400893
0.00065291253
0.00065201915
0.00065079903
0.00064990902
0.00064853303
0.00064767673
0.00064609744
0.00064532369
0.0006434694
0.00064285694
0.00064061739
0.00064029091
0.00063749409
0.00063763152
0.00063398099
0.00063475123
0.00062948278
0.00062974752
0.00061786888
0.00060547931
0.00057796448
0.00052346349
0.00046366778
0.00045792309
0.00059561421
0.00098434007
0.0014367016
0.0019427061
0.0024283189
0.0028862515
0.0031862649
0.0035242237
0.0038602482
0.0042765011
0.0046955028
0.005182603
0.0056518843
0.0061797299
0.0066580218
0.0071929769
0.0076500973
0.0081754538
0.0085954686
0.0091035429
0.0094893132
0.0099743342
0.010329505
0.010932028
0.00067695958
0.0006767761
0.00067658159
0.0006763827
0.0006761715
0.00067595668
0.00067572844
0.00067549745
0.00067525117
0.00067500278
0.00067473674
0.00067446971
0.00067418244
0.00067389575
0.00067358568
0.0006732782
0.00067294359
0.0006726142
0.00067225316
0.00067190074
0.00067151121
0.00067113465
0.00067071437
0.00067031264
0.00066985914
0.00066943126
0.0006689418
0.00066848696
0.00066795849
0.00066747609
0.00066690516
0.00066639489
0.00066577755
0.0006652395
0.0006645712
0.00066400601
0.00066328138
0.00066269046
0.00066190305
0.00066128885
0.00066043079
0.00065979723
0.00065885873
0.00065821171
0.00065718035
0.00065652858
0.00065538831
0.00065474445
0.00065347418
0.00065285645
0.00065142802
0.00065086257
0.00064923783
0.00064876208
0.00064688891
0.00064655612
0.000644363
0.00064424827
0.00064163777
0.00064184468
0.00063868664
0.0006393477
0.00063547806
0.00063674731
0.00063190934
0.00063389435
0.00062724824
0.00062839221
0.00061371691
0.00060151518
0.00056869027
0.0005091936
0.00046326236
0.00050531941
0.00074777639
0.0012068579
0.0017077126
0.0022440189
0.0027563102
0.0031729964
0.0034928001
0.0038630019
0.0042327874
0.004689668
0.0051422692
0.0056741624
0.0061679945
0.0067389212
0.0072346435
0.0078129106
0.0082784447
0.0088456258
0.0092714547
0.0098185867
0.010204315
0.010887348
0.00067696781
0.00067679349
0.00067659403
0.0006764055
0.00067618888
0.00067598563
0.00067575129
0.0006755331
0.00067527994
0.00067504578
0.00067477206
0.00067452086
0.00067422501
0.00067395591
0.00067363624
0.00067334832
0.00067300297
0.00067269533
0.00067232229
0.00067199408
0.00067159113
0.00067124154
0.00067080626
0.00067043457
0.00066996431
0.00066956994
0.00066906175
0.00066864431
0.00066809491
0.00066765427
0.00066705997
0.00066659635
0.00066595295
0.00066546703
0.0006647697
0.00066426275
0.00066350589
0.00066297996
0.00066215695
0.00066161513
0.00066071805
0.00066016476
0.00065918404
0.00065862545
0.00065754936
0.00065699396
0.00065580794
0.00065526719
0.00065395305
0.00065344229
0.00065197714
0.00065151671
0.00064987173
0.0006494881
0.00064762725
0.00064735426
0.00064523312
0.00064511264
0.00064267816
0.00064275943
0.00063995162
0.00064028782
0.0006370429
0.00063768156
0.00063394206
0.00063488577
0.00063062886
0.00063163705
0.00062628141
0.00062469144
0.00061130911
0.00059513402
0.00055638897
0.00049721401
0.00047631357
0.00058675666
0.00095045295
0.0014681703
0.0020107046
0.0025796277
0.0031179481
0.0034912262
0.0038319162
0.0042353184
0.0046437738
0.0051461049
0.0056281787
0.0062125369
0.0067292623
0.0073503247
0.0078570189
0.0084839174
0.0089540448
0.0095675183
0.0099882052
0.010756497
0.00067697466
0.00067680495
0.00067660431
0.00067642098
0.00067620318
0.0006760057
0.00067577007
0.00067555813
0.00067530356
0.00067507624
0.00067480106
0.00067455732
0.00067425996
0.00067399896
0.00067367776
0.00067339861
0.00067305177
0.00067275359
0.00067237918
0.00067206111
0.00067165701
0.00067131825
0.00067088216
0.00067052197
0.0006700514
0.00066966914
0.00066916136
0.00066875654
0.00066820859
0.00066778089
0.00066718949
0.00066673886
0.00066610039
0.00066562707
0.00066493749
0.00066444211
0.00066369689
0.00066318057
0.00066237458
0.00066183903
0.00066096644
0.00066041407
0.00065946821
0.00065890228
0.00065787549
0.00065730024
0.00065618377
0.00065560448
0.00065438837
0.00065381137
0.00065248454
0.00065191702
0.00065046755
0.0006499169
0.00064833298
0.00064780539
0.00064607714
0.00064557486
0.00064369766
0.00064321462
0.00064119515
0.00064070876
0.00063857522
0.00063803239
0.00063585521
0.00063514203
0.00063305527
0.00063194459
0.00063017141
0.00062808516
0.00062611936
0.00061982619
0.00060839676
0.00058739809
0.00054158362
0.00049378469
0.00051308714
0.00072649657
0.0011955881
0.0017709176
0.0023476205
0.002953719
0.003451747
0.0038388085
0.004201554
0.0046472001
0.0050887885
0.0056541034
0.0061618382
0.0068043258
0.007336455
0.0080149475
0.0085272735
0.0092089183
0.0096685095
0.010529549
0.0006769804
0.00067681055
0.00067661296
0.00067642946
0.00067621525
0.00067601749
0.00067578594
0.00067557346
0.00067532355
0.0006750954
0.00067482561
0.00067458069
0.00067428957
0.00067402693
0.00067371299
0.00067343162
0.00067309325
0.00067279212
0.0006724276
0.00067210567
0.00067171319
0.00067136941
0.00067094702
0.00067058034
0.00067012599
0.00066973538
0.00066924691
0.00066883138
0.0006683065
0.0006678651
0.00066730141
0.00066683326
0.00066622824
0.00066573251
0.00066508353
0.00066455949
0.00066386383
0.00066331076
0.00066256563
0.00066198288
0.00066118547
0.00066057234
0.00065971991
0.00065907555
0.00065816561
0.00065748882
0.00065651936
0.00065580821
0.00065477818
0.00065402947
0.00065293945
0.00065214777
0.00065100113
0.00065015736
0.00064896206
0.00064805106
0.00064682246
0.00064581958
0.00064458529
0.00064344984
0.00064225633
0.00064092377
0.00063984694
0.00063821549
0.00063737448
0.00063528979
0.00063486667
0.00063209411
0.00063235878
0.00062854446
0.00062982055
0.0006241487
0.00062608905
0.00061385886
0.00060500091
0.00057848063
0.00052770551
0.00050154113
0.0005847295
0.00093796618
0.0014794783
0.0021174213
0.0027166435
0.0033662286
0.0037941414
0.004219664
0.0046023154
0.0051166288
0.0055793467
0.0062129376
0.0067413101
0.0074513532
0.007992523
0.00873706
0.0092332692
0.010193475
0.00067698495
0.00067681174
0.00067661996
0.0006764327
0.00067622515
0.00067602309
0.00067579906
0.00067558159
0.00067534017
0.00067510623
0.00067484609
0.00067459449
0.00067431436
0.00067404396
0.00067374255
0.00067345216
0.0006731281
0.00067281648
0.00067246835
0.00067213418
0.00067176052
0.00067140242
0.00067100171
0.00067061823
0.00067018894
0.00066977858
0.00066931914
0.00066888033
0.0006683892
0.00066792027
0.00066739596
0.00066689514
0.00066633623
0.00066580162
0.00066520683
0.00066463635
0.0006640046
0.00066339592
0.00066272645
0.00066207685
0.00066136935
0.00066067562
0.00065993042
0.00065918862
0.00065840698
0.00065761208
0.0006567966
0.00065594206
0.00065509722
0.00065417424
0.00065330727
0.00065230382
0.00065142581
0.00065032525
0.00064945284
0.00064823184
0.00064738958
0.00064601528
0.0006452387
0.00064366519
0.00064300557
0.00064116792
0.00064069805
0.00063850606
0.00063832552
0.00063565849
0.00063589992
0.00063259996
0.00063343204
0.00062930126
0.00063093124
0.00062570991
0.00062831111
0.00062142398
0.00062370011
0.00061026637
0.00059834462
0.00056615431
0.00051944642
0.00053062008
0.0007023052
0.0012145705
0.0018062786
0.0025039095
0.0031245778
0.0038034951
0.0041705324
0.0046440025
0.0050384645
0.0056311636
0.0061173079
0.0068276611
0.0073707392
0.0081611827
0.0086804596
0.009738219
0.00067698807
0.00067681055
0.00067662508
0.00067643302
0.00067623262
0.00067602515
0.00067580915
0.00067558552
0.00067535307
0.00067511215
0.0006748621
0.00067460259
0.0006743338
0.00067405444
0.00067376578
0.00067346524
0.00067315554
0.00067283238
0.00067250046
0.00067215317
0.00067179781
0.00067142478
0.00067104476
0.00067064428
0.00067023842
0.00066980867
0.00066937581
0.00066891483
0.00066845391
0.00066795962
0.00066746968
0.00066693981
0.00066642006
0.00066585216
0.00066530204
0.00066469335
0.00066411261
0.00066346006
0.00066284888
0.00066214893
0.00066150804
0.00066075657
0.00066008744
0.00065927954
0.00065858463
0.00065771434
0.00065699739
0.00065605735
0.00065532373
0.00065430486
0.00065356209
0.00065245293
0.00065171134
0.00065049732
0.00064977078
0.00064843343
0.00064774017
0.00064625625
0.00064561947
0.00064396031
0.00064340889
0.00064154001
0.0006411085
0.00063899037
0.00063871713
0.00063630792
0.00063623005
0.00063349611
0.00063363393
0.00063057374
0.00063089073
0.00062757451
0.00062789482
0.00062456249
0.0006243769
0.00062118106
0.00061793707
0.00060759462
0.00059092613
0.00055236573
0.00052540305
0.00059410942
0.00089248214
0.0015420296
0.002180685
0.002937222
0.0035725708
0.0041975715
0.0045736203
0.0051097462
0.005525286
0.0061984028
0.0067064658
0.0075121197
0.0080276044
0.0091651967
0.00067698974
0.00067680956
0.00067662823
0.00067643327
0.00067623754
0.00067602686
0.00067581603
0.00067558878
0.00067536203
0.00067511707
0.00067487334
0.00067460934
0.00067434754
0.0006740632
0.00067378228
0.00067347621
0.00067317507
0.00067284579
0.00067252331
0.00067216926
0.00067182432
0.00067144384
0.00067107531
0.00067066664
0.00067027342
0.00066983469
0.00066941572
0.00066894495
0.00066849924
0.00066799433
0.000667521
0.00066697968
0.000666478
0.00066589783
0.00066536723
0.00066474562
0.00066418574
0.00066351987
0.00066293063
0.00066221743
0.0006615991
0.00066083519
0.00066018843
0.00065937009
0.00065869603
0.00065781915
0.0006571195
0.00065617948
0.00065545665
0.00065444827
0.00065370537
0.00065262284
0.00065186369
0.00065070073
0.0006499297
0.00064867972
0.00064790142
0.00064655795
0.00064577662
0.00064433462
0.00064355187
0.00064201101
0.00064122103
0.0006395898
0.00063877496
0.00063707936
0.00063619799
0.00063449439
0.00063346482
0.00063185771
0.00063053942
0.00062921671
0.00062736134
0.00062662786
0.00062384626
0.0006240959
0.00061976791
0.00062100229
0.00061156996
0.00060437278
0.0005826972
0.00054243333
0.00054770828
0.00070561523
0.001177462
0.0019258132
0.0026007661
0.003412593
0.0040618328
0.0046360041
0.0050185793
0.0056223064
0.0060631592
0.006841804
0.0073179811
0.0084954503
0.00067699041
0.00067681026
0.00067662993
0.00067643508
0.00067624045
0.00067602997
0.00067582029
0.00067559328
0.00067536772
0.00067512307
0.00067488056
0.000674617
0.00067435644
0.0006740727
0.000673793
0.00067348773
0.00067318775
0.00067285956
0.00067253813
0.00067218554
0.00067184146
0.00067146291
0.00067109496
0.00067068884
0.00067029579
0.00066986042
0.00066944102
0.00066897467
0.0006685277
0.00066802858
0.00066755284
0.0006670191
0.00066651342
0.00066594321
0.00066540646
0.00066479787
0.00066422901
0.0006635801
0.00066297812
0.00066228697
0.00066165094
0.00066091566
0.00066024467
0.00065946346
0.00065875659
0.00065792783
0.00065718404
0.00065630646
0.00065552446
0.00065459728
0.00065377531
0.00065279859
0.00065193407
0.00065090915
0.00064999805
0.00064892829
0.00064796423
0.00064685619
0.0006458289
0.00064469385
0.00064358731
0.0006424433
0.00064123353
0.00064011012
0.00063875883
0.00063770246
0.00063615121
0.00063523212
0.00063339443
0.00063271725
0.00063046561
0.00063017562
0.00062733746
0.00062762136
0.0006239873
0.00062506751
0.00062040427
0.00062244832
0.00061639862
0.00061868436
0.0006076911
0.0005980001
0.00057156829
0.00054404796
0.0005996092
0.00092919121
0.0015261439
0.0023624585
0.0030626692
0.0039403675
0.0045351712
0.0051198387
0.0054998294
0.0062111883
0.0066184519
0.0077722412
0.0006769908
0.00067681258
0.00067663098
0.00067643838
0.00067624232
0.00067603442
0.00067582307
0.00067559898
0.00067537143
0.00067513012
0.00067488526
0.00067462553
0.00067436221
0.00067408288
0.00067379992
0.00067349974
0.00067319592
0.0006728736
0.00067254764
0.00067220184
0.00067185241
0.00067148176
0.00067110746
0.00067071054
0.00067030997
0.00066988533
0.000669457
0.00066900321
0.00066854562
0.00066806122
0.00066757282
0.00066705642
0.0006665356
0.00066598584
0.00066543095
0.00066484658
0.00066425589
0.00066363577
0.00066300746
0.00066235064
0.00066168276
0.00066098855
0.00066027895
0.000659547
0.00065879325
0.00065802369
0.00065722298
0.00065641658
0.00065556554
0.00065472394
0.00065381836
0.00065294442
0.00065197895
0.00065107711
0.00065004476
0.00064912158
0.00064801311
0.00064707803
0.00064588105
0.0006449473
0.00064364516
0.00064273106
0.00064130127
0.00064043149
0.00063884472
0.0006380516
0.00063627048
0.00063559504
0.00063357392
0.00063306299
0.00063075299
0.00063045436
0.00062782217
0.00062775434
0.00062479865
0.00062492559
0.00062170961
0.00062191575
0.00061861274
0.00061851837
0.00061540852
0.00061328773
0.00060477832
0.00059122938
0.00056049352
0.00057127382
0.00070816536
0.001250286
0.0019266376
0.0028606721
0.0035614791
0.0045348002
0.004982837
0.005660993
0.005998611
0.0070533433
0.00067699134
0.00067681544
0.00067663201
0.00067644206
0.00067624396
0.00067603906
0.0006758254
0.00067560466
0.00067537447
0.00067513689
0.00067488905
0.00067463351
0.00067436683
0.00067409218
0.00067380542
0.0006735105
0.00067320237
0.00067288597
0.00067255513
0.00067221599
0.00067186101
0.00067149787
0.00067111728
0.00067072885
0.0006703211
0.00066990608
0.00066946958
0.00066902669
0.00066855976
0.00066808776
0.00066758868
0.00066708637
0.00066655335
0.00066601962
0.00066545078
0.00066488464
0.00066427802
0.00066367864
0.00066303214
0.00066239891
0.00066171028
0.00066104284
0.00066030966
0.00065960801
0.0006588276
0.00065809214
0.00065726151
0.00065649318
0.00065560899
0.00065480935
0.00065386778
0.00065303916
0.00065203578
0.0006511814
0.00065011112
0.00064923514
0.00064809208
0.00064719972
0.00064597712
0.00064507467
0.00064376499
0.00064285939
0.00064145491
0.00064055356
0.00063904747
0.00063815652
0.00063654484
0.00063566564
0.00063395092
0.00063307293
0.00063127466
0.00063036396
0.00062852606
0.00062752249
0.0006257328
0.00062452148
0.00062294162
0.00062131492
0.00062019903
0.00061782772
0.00061755602
0.00061394185
0.00061467123
0.00060731971
0.0006013345
0.00058365414
0.00055994999
0.00062751144
0.00088772617
0.0016682815
0.0023722126
0.0034286809
0.0041014803
0.0051176056
0.005455356
0.0063919974
0.00067699214
0.00067681744
0.00067663325
0.00067644467
0.00067624576
0.00067604237
0.00067582781
0.00067560874
0.00067537753
0.00067514178
0.00067489281
0.00067463928
0.00067437133
0.0006740989
0.00067381074
0.00067351825
0.00067320859
0.00067289485
0.00067256232
0.00067222609
0.00067186929
0.0006715093
0.00067112675
0.00067074173
0.00067033189
0.00066992055
0.00066948184
0.00066904289
0.00066857368
0.00066810586
0.00066760446
0.00066710656
0.00066657123
0.00066604208
0.00066547105
0.00066490957
0.00066430101
0.00066370623
0.00066305827
0.00066242933
0.00066174006
0.00066107625
0.00066034371
0.00065964449
0.0006588667
0.00065813173
0.00065730668
0.00065653581
0.00065566151
0.00065485478
0.00065392929
0.00065308693
0.00065210841
0.00065123078
0.00065019761
0.00064928504
0.00064819599
0.00064724848
0.00064610309
0.00064511971
0.000643919
0.00064289712
0.00064164468
0.00064057866
0.00063928204
0.00063816206
0.00063683479
0.00063564417
0.00063430886
0.0006330193
0.00063171198
0.00063027821
0.00062905652
0.00062740482
0.00062636295
0.0006243754
0.00062363891
0.00062117599
0.00062090214
0.00061782513
0.00061814559
0.00061430748
0.0006153881
0.00061050726
0.00061207406
0.00060343288
0.00059538733
0.00057482022
0.00058270971
0.00075652728
0.0011513929
0.0021793929
0.0028728808
0.0040647088
0.004670739
0.005794121
0.00067699295
0.00067681805
0.00067663449
0.00067644568
0.00067624752
0.00067604388
0.00067583017
0.00067561078
0.00067538053
0.00067514437
0.00067489648
0.00067464244
0.00067437575
0.00067410269
0.00067381598
0.00067352272
0.00067321472
0.00067290003
0.00067256944
0.00067223204
0.00067187749
0.00067151609
0.00067113616
0.00067074942
0.00067034265
0.00066992921
0.00066949411
0.00066905261
0.00066858764
0.00066811672
0.00066762032
0.00066711863
0.00066658925
0.00066605546
0.00066549153
0.00066492435
0.00066432429
0.00066372249
0.00066308475
0.00066244714
0.0006617702
0.00066109566
0.00066037808
0.00065966553
0.00065890597
0.00065815437
0.00065735164
0.00065655997
0.00065571311
0.00065488032
0.00065398866
0.00065311365
0.00065217689
0.00065125841
0.00065027675
0.00064931328
0.00064828754
0.00064727706
0.000646209
0.00064514851
0.00064404137
0.00064292621
0.00064178547
0.00064060861
0.00063944309
0.00063819419
0.00063701702
0.00063568172
0.00063451053
0.00063306956
0.00063192585
0.00063035564
0.00062926554
0.00062754384
0.00062652913
0.00062463681
0.00062371227
0.00062165222
0.00062079169
0.00061861384
0.0006177252
0.00061557876
0.00061441941
0.00061266425
0.00061061247
0.00061013962
0.00060516274
0.00060156374
0.00059050671
0.00057814881
0.00063144878
0.0010241461
0.0015283714
0.0027671069
0.0034055589
0.0050195147
0.00067699344
0.00067681783
0.00067663536
0.00067644577
0.00067624885
0.00067604433
0.00067583203
0.00067561162
0.00067538294
0.00067514562
0.00067489948
0.00067464413
0.00067437939
0.00067410484
0.00067382031
0.00067352535
0.00067321981
0.00067290319
0.00067257536
0.00067223578
0.00067188432
0.00067152044
0.00067114398
0.00067075443
0.00067035158
0.00066993495
0.00066950426
0.00066905915
0.00066859915
0.00066812413
0.00066763335
0.000667127
0.00066660397
0.00066606489
0.00066550812
0.00066493495
0.00066434298
0.00066373437
0.00066310579
0.00066246043
0.00066179387
0.00066111051
0.00066040469
0.0006596821
0.00065893585
0.00065817284
0.00065738514
0.00065658057
0.00065575056
0.00065490337
0.00065403037
0.0006531396
0.00065222309
0.00065128793
0.00065032752
0.00064934739
0.00064834271
0.00064731719
0.00064626802
0.00064519668
0.00064410323
0.00064298512
0.00064184884
0.00064068182
0.0006395062
0.00063828712
0.00063707666
0.00063580212
0.00063455985
0.00063323011
0.00063195268
0.00063057584
0.00062925047
0.0006278429
0.00062645099
0.00062503801
0.00062354823
0.00062217631
0.00062052502
0.00061930125
0.00061734043
0.00061645641
0.0006139566
0.00061365625
0.00061038464
0.00061081136
0.00060676604
0.00060749108
0.0006018585
0.00059736972
0.00058485405
0.00061656179
0.00073230132
0.0014134036
0.0019996724
0.0037150904
0.00067699364
0.00067681764
0.00067663584
0.00067644584
0.00067624968
0.00067604472
0.00067583325
0.00067561236
0.00067538458
0.00067514671
0.00067490156
0.0006746456
0.00067438194
0.00067410672
0.00067382337
0.00067352768
0.00067322342
0.000672906
0.00067257954
0.00067223911
0.00067188913
0.00067152434
0.00067114947
0.00067075897
0.0006703578
0.0006699402
0.00066951128
0.00066906518
0.00066860704
0.00066813105
0.00066764218
0.00066713493
0.00066661382
0.00066607396
0.00066551908
0.00066494532
0.00066435512
0.00066374623
0.0006631192
0.000662474
0.00066180862
0.00066112606
0.00066042084
0.00065969996
0.00065895342
0.00065819342
0.00065740413
0.00065660439
0.00065577089
0.0006549311
0.00065405184
0.00065317213
0.00065224532
0.00065132649
0.00065034986
0.0006493936
0.00064836421
0.00064737319
0.00064628739
0.00064526509
0.00064411895
0.00064306888
0.00064185927
0.00064078411
0.00063950963
0.00063841064
0.00063707144
0.00063595084
0.00063454387
0.00063340937
0.00063192233
0.00063079443
0.00062920099
0.00062811298
0.00062637784
0.00062536633
0.00062345299
0.00062255871
0.0006204177
0.00061970755
0.00061726608
0.00061683154
0.00061399512
0.00061390878
0.00061063535
0.00061094471
0.00060714526
0.00060797499
0.00060339756
0.00060488101
0.00059806734
0.00059435232
0.00058524181
0.00068338641
0.00093070989
0.0022969424
0.00067699378
0.00067681789
0.00067663618
0.00067644633
0.00067625027
0.0006760455
0.00067583412
0.00067561345
0.00067538576
0.00067514814
0.00067490305
0.00067464738
0.00067438375
0.00067410888
0.00067382553
0.00067353025
0.00067322593
0.00067290901
0.00067258244
0.0006722426
0.00067189243
0.00067152836
0.0006711532
0.00067076358
0.00067036198
0.00066994546
0.00066951595
0.00066907118
0.00066861222
0.00066813789
0.00066764792
0.00066714272
0.00066662015
0.00066608282
0.00066552603
0.00066495541
0.00066436273
0.00066375773
0.00066312749
0.00066248712
0.00066181761
0.00066114104
0.00066043053
0.0006597171
0.0006589638
0.0006582131
0.00065741511
0.00065662707
0.00065578234
0.0006549574
0.00065406352
0.00065320285
0.00065225684
0.00065136264
0.00065036068
0.00064943642
0.00064837366
0.00064742412
0.00064629479
0.00064532553
0.00064412389
0.00064313995
0.00064186195
0.00064086625
0.00063951111
0.00063850394
0.00063707344
0.00063605481
0.00063454809
0.00063352414
0.0006319297
0.00063091877
0.00062921518
0.00062824201
0.00062641293
0.00062548251
0.00062354085
0.00062263064
0.00062060584
0.00061970339
0.00061757587
0.00061673267
0.00061444468
0.00061368945
0.00061126467
0.00061051946
0.00060807503
0.00060716924
0.00060502454
0.00060347508
0.00060225968
0.0005990796
0.00059643899
0.00059203612
0.00061100017
0.0012446737
0.00067699405
0.00067681838
0.0006766366
0.00067644701
0.00067625088
0.00067604641
0.00067583497
0.00067561463
0.00067538684
0.00067514959
0.00067490438
0.00067464912
0.00067438534
0.00067411093
0.00067382739
0.00067353263
0.00067322808
0.00067291175
0.00067258488
0.00067224571
0.00067189519
0.00067153188
0.0006711563
0.00067076754
0.00067036544
0.00066994991
0.0006695198
0.00066907618
0.0006686165
0.00066814348
0.00066765266
0.00066714897
0.00066662539
0.00066608982
0.00066553182
0.00066496323
0.00066436914
0.00066376648
0.00066313456
0.00066249691
0.00066182541
0.00066115202
0.00066043911
0.00065972943
0.0006589732
0.00065822697
0.00065742537
0.00065664276
0.00065579346
0.00065497522
0.00065407545
0.00065322323
0.0006522695
0.00065138611
0.00065037398
0.00064946354
0.00064838757
0.00064745535
0.00064630958
0.000645361
0.00064414035
0.00064317926
0.00064188167
0.00064090823
0.00063953699
0.00063854669
0.00063710908
0.00063609628
0.00063459693
0.0006335629
0.00063199506
0.00063095335
0.00062930107
0.00062826646
0.00062652994
0.00062548115
0.00062370986
0.00062257995
0.00062084404
0.00061959452
0.00061789268
0.00061656979
0.00061484044
0.00061346003
0.0006117872
0.00061017148
0.00060877596
0.00060676981
0.00060567653
0.00060330946
0.00060259132
0.00059977979
0.00059935037
0.00059613512
0.00059388982
0.00073888152
0.00067699437
0.00067681866
0.00067663705
0.00067644743
0.00067625151
0.00067604701
0.00067583581
0.00067561542
0.00067538791
0.00067515059
0.00067490568
0.00067465033
0.00067438689
0.00067411235
0.0006738292
0.00067353427
0.00067323017
0.00067291362
0.00067258727
0.00067224782
0.00067189789
0.00067153424
0.00067115934
0.00067077017
0.00067036886
0.00066995281
0.00066952363
0.00066907936
0.0006686208
0.00066814696
0.00066765749
0.00066715277
0.00066663081
0.00066609395
0.00066553792
0.00066496772
0.00066437599
0.00066377133
0.00066314228
0.00066250215
0.00066183411
0.00066115767
0.00066044894
0.00065973552
0.00065898433
0.00065823356
0.00065743797
0.00065664993
0.00065580769
0.00065498312
0.00065409149
0.00065323203
0.00065228751
0.00065139602
0.00065039418
0.0006494748
0.00064841028
0.00064746806
0.00064633536
0.000645375
0.00064417019
0.00064319383
0.00064191719
0.00064092205
0.00063957978
0.00063855845
0.00063716046
0.0006361056
0.00063465704
0.00063357098
0.00063206285
0.00063096213
0.00062937805
0.0006282735
0.00062662504
0.00062547654
0.00062383902
0.00062255216
0.00062101524
0.00061955218
0.00061807314
0.00061656345
0.00061498118
0.00061353123
0.00061187817
0.00061031686
0.00060880414
0.00060704863
0.00060554208
0.00060385479
0.00060217143
0.0006005928
0.0005986312
0.00059751445
0.00059507906
0.00061232636
0.00067699458
0.00067681859
0.0006766374
0.00067644746
0.00067625203
0.00067604716
0.00067583652
0.00067561572
0.00067538883
0.00067515103
0.00067490684
0.00067465091
0.00067438829
0.00067411308
0.00067383085
0.00067353514
0.00067323209
0.00067291463
0.00067258949
0.00067224896
0.00067190043
0.00067153551
0.00067116224
0.00067077155
0.00067037215
0.00066995431
0.00066952735
0.00066908096
0.000668625
0.00066814866
0.00066766224
0.00066715454
0.00066663619
0.00066609579
0.00066554403
0.00066496958
0.00066438295
0.0006637732
0.00066315021
0.00066250398
0.00066184318
0.00066115942
0.00066045931
0.00065973714
0.00065899618
0.00065823503
0.00065745148
0.00065665122
0.00065582308
0.00065498424
0.00065410899
0.00065323302
0.00065230738
0.00065139692
0.00065041673
0.00064947563
0.00064843593
0.00064746876
0.00064636468
0.00064537539
0.0006442039
0.00064319367
0.00064195597
0.00064092142
0.00063962392
0.00063855824
0.00063720892
0.00063610831
0.00063470692
0.0006335809
0.00063210997
0.00063098371
0.00062941996
0.00062830734
0.0006266648
0.00062551774
0.00062387967
0.00062260185
0.00062104997
0.00061962666
0.00061807809
0.00061669078
0.00061493332
0.00061372088
0.00061178977
0.00061054877
0.00060868324
0.00060736168
0.00060531408
0.00060434442
0.00060177644
0.00060127138
0.0005981242
0.0005984528
0.00059403415
0.00059627065
0.00067699461
0.00067681828
0.00067663754
0.00067644722
0.00067625232
0.00067604703
0.00067583698
0.00067561569
0.00067538949
0.00067515112
0.0006749077
0.00067465112
0.00067438937
0.0006741134
0.00067383216
0.00067353556
0.00067323365
0.00067291514
0.0006725913
0.00067224957
0.00067190253
0.00067153619
0.00067116464
0.00067077229
0.00067037489
0.0006699551
0.00066953048
0.00066908178
0.00066862858
0.00066814949
0.00066766631
0.00066715537
0.00066664084
0.00066609656
0.00066554933
0.00066497028
0.00066438901
0.00066377376
0.00066315717
0.00066250436
0.00066185116
0.00066115956
0.00066046848
0.00065973698
0.00065900672
0.00065823449
0.00065746362
0.00065665024
0.00065583706
0.00065498275
0.00065412507
0.00065323096
0.00065232587
0.00065139424
0.00065043798
0.00064947223
0.00064846038
0.00064746454
0.00064639281
0.00064537022
0.00064423617
0.00064318755
0.00064199259
0.00064091483
0.00063966438
0.00063855269
0.0006372513
0.00063610705
0.00063474744
0.00063358895
0.00063214381
0.00063100618
0.00062944365
0.00062834832
0.00062667787
0.00062557809
0.00062388587
0.00062268071
0.000621046
0.00061973606
0.00061804953
0.00061684518
0.00061488025
0.00061390078
0.00061175483
0.00061070488
0.00060870529
0.0006074719
0.0006054118
0.00060435016
0.00060210111
0.00060092517
0.00059897589
0.00059733829
0.00059597869
0.00059339098
0.00067699451
0.00067681792
0.00067663754
0.00067644694
0.00067625243
0.00067604683
0.00067583724
0.0006756156
0.00067538991
0.00067515113
0.00067490829
0.00067465123
0.00067439014
0.0006741136
0.00067383313
0.00067353586
0.00067323481
0.00067291553
0.00067259269
0.00067225003
0.00067190414
0.00067153672
0.0006711665
0.00067077288
0.00067037702
0.00066995572
0.00066953292
0.00066908243
0.00066863135
0.00066815014
0.00066766949
0.000667156
0.00066664448
0.00066609715
0.00066555352
0.00066497077
0.00066439382
0.00066377412
0.0006631627
0.00066250453
0.00066185757
0.00066115946
0.0006604759
0.00065973655
0.00065901534
0.00065823362
0.00065747366
0.00065664883
0.00065584876
0.00065498067
0.00065413873
0.00065322806
0.00065234186
0.00065139034
0.00065045672
0.00064946712
0.00064848236
0.00064745796
0.00064641857
0.00064536193
0.00064426622
0.00064317742
0.00064202724
0.00064090302
0.00063970347
0.00063854002
0.0006372939
0.00063609523
0.00063479171
0.00063358046
0.00063218742
0.00063100385
0.00062948503
0.0006283521
0.00062671898
0.00062558502
0.00062393139
0.00062268617
0.00062110119
0.00061973509
0.00061812119
0.00061682884
0.00061498398
0.00061385062
0.00061191271
0.00061060565
0.00060892408
0.00060733148
0.00060568761
0.00060416208
0.00060245549
0.00060068625
0.00059934597
0.00059721512
0.00059610281
0.00059331545
0.00067699435
0.00067681763
0.00067663745
0.00067644671
0.00067625245
0.00067604668
0.00067583737
0.00067561554
0.00067539017
0.00067515116
0.0006749087
0.00067465136
0.0006743907
0.00067411384
0.00067383384
0.00067353619
0.00067323569
0.00067291594
0.00067259373
0.00067225052
0.00067190536
0.00067153727
0.00067116792
0.00067077349
0.00067037865
0.00066995638
0.00066953478
0.00066908312
0.00066863348
0.00066815085
0.00066767191
0.00066715671
0.00066664725
0.00066609784
0.00066555669
0.00066497142
0.00066439747
0.00066377469
0.00066316692
0.00066250497
0.00066186244
0.00066115971
0.00066048157
0.00065973653
0.00065902196
0.00065823326
0.00065748141
0.00065664801
0.00065585787
0.00065497926
0.00065414947
0.0006532259
0.00065235455
0.00065138722
0.00065047174
0.00064946282
0.00064850016
0.0006474522
0.00064643965
0.00064535442
0.00064429107
0.00064316792
0.00064205628
0.00064089146
0.00063973689
0.00063852658
0.00063733157
0.00063608047
0.00063483322
0.0006335651
0.00063223246
0.00063098818
0.00062953414
0.00062833549
0.00062677409
0.00062556533
0.0006239954
0.00062266107
0.00062117715
0.00061970215
0.00061821205
0.00061678504
0.00061509421
0.0006137929
0.00061204389
0.00061053931
0.00060906536
0.00060727327
0.00060582688
0.00060411862
0.00060259158
0.00060067319
0.0005994464
0.00059727047
0.00059616574
0.00059336729
0.00067699418
0.00067681741
0.00067663734
0.00067644654
0.00067625242
0.00067604659
0.00067583744
0.00067561553
0.00067539035
0.00067515125
0.00067490899
0.00067465154
0.00067439112
0.00067411411
0.00067383439
0.00067353655
0.00067323637
0.00067291639
0.00067259454
0.00067225105
0.00067190632
0.00067153787
0.00067116902
0.00067077415
0.00067037991
0.0006699571
0.0006695362
0.00066908389
0.00066863509
0.00066815167
0.00066767374
0.00066715756
0.00066664933
0.0006660987
0.00066555905
0.00066497229
0.00066440016
0.00066377554
0.00066317
0.00066250579
0.00066186598
0.00066116046
0.00066048566
0.00065973717
0.00065902669
0.00065823372
0.00065748692
0.00065664823
0.00065586433
0.00065497916
0.00065415705
0.00065322536
0.00065236348
0.00065138613
0.00065048227
0.00064946102
0.00064851259
0.00064744954
0.00064645429
0.00064535073
0.00064430825
0.00064316308
0.00064207626
0.0006408854
0.00063975988
0.0006385194
0.00063735762
0.00063607236
0.00063486229
0.00063355631
0.00063226471
0.00063097849
0.00062957033
0.0006283246
0.00062681492
0.00062555291
0.0006240416
0.00062264712
0.0006212289
0.00061968731
0.00061826907
0.00061677004
0.00061515649
0.00061377905
0.00061210961
0.00061053177
0.0006091282
0.00060727977
0.0006058832
0.00060413985
0.00060264467
0.00060070802
0.0005994935
0.00059731954
0.00059621684
0.00059342077
0.000676994
0.00067681721
0.00067663722
0.0006764464
0.00067625236
0.00067604651
0.00067583747
0.00067561553
0.00067539047
0.00067515134
0.00067490921
0.00067465172
0.00067439144
0.00067411438
0.00067383482
0.00067353692
0.00067323691
0.00067291684
0.00067259519
0.00067225158
0.00067190707
0.00067153848
0.00067116988
0.00067077483
0.00067038089
0.00066995785
0.00066953731
0.0006690847
0.00066863633
0.00066815253
0.00066767512
0.00066715847
0.00066665087
0.00066609968
0.00066556078
0.00066497331
0.00066440211
0.0006637766
0.0006631722
0.00066250688
0.00066186848
0.00066116157
0.0006604885
0.00065973829
0.00065902995
0.00065823485
0.00065749064
0.00065664933
0.00065586858
0.0006549802
0.00065416195
0.00065322632
0.00065236915
0.00065138694
0.00065048888
0.00064946164
0.00064852026
0.00064744992
0.00064646318
0.00064535084
0.00064431852
0.0006431629
0.00064208804
0.00064088498
0.00063977324
0.00063851881
0.00063737264
0.00063607173
0.00063487905
0.00063355577
0.00063228325
0.0006309783
0.00062959063
0.00062832475
0.00062683739
0.00062555344
0.00062406632
0.00062264858
0.00062125547
0.00061969066
0.00061829694
0.00061677611
0.00061518556
0.00061378838
0.0006121397
0.00061054582
0.00060915792
0.00060730061
0.00060591275
0.0006041658
0.00060267725
0.00060074009
0.00059952912
0.00059735915
0.00059625824
0.00059346643
0.00067699382
0.00067681704
0.00067663708
0.00067644627
0.00067625228
0.00067604645
0.00067583746
0.00067561554
0.00067539054
0.00067515143
0.00067490937
0.00067465189
0.00067439169
0.00067411464
0.00067383516
0.00067353726
0.00067323734
0.00067291726
0.00067259572
0.00067225208
0.00067190769
0.00067153906
0.00067117059
0.00067077548
0.00067038168
0.00066995856
0.00066953819
0.00066908548
0.0006686373
0.00066815337
0.0006676762
0.00066715938
0.00066665205
0.00066610065
0.00066556208
0.00066497435
0.00066440355
0.00066377772
0.0006631738
0.00066250807
0.00066187025
0.00066116284
0.00066049048
0.00065973963
0.00065903216
0.00065823626
0.00065749314
0.00065665082
0.00065587143
0.00065498176
0.00065416518
0.00065322795
0.0006523728
0.00065138866
0.00065049298
0.00064946346
0.0006485249
0.00064745186
0.00064646843
0.00064535292
0.00064432444
0.00064316516
0.00064209471
0.00064088747
0.00063978073
0.00063852161
0.00063738099
0.00063607493
0.00063488832
0.00063355946
0.00063229355
0.00063098255
0.0006296021
0.00062832971
0.00062685008
0.00062555935
0.00062408024
0.0006226558
0.0006212705
0.00061969966
0.00061831304
0.00061678722
0.00061520288
0.00061380178
0.00061215847
0.00061056191
0.00060917806
0.00060732012
0.00060593438
0.00060418904
0.00060270177
0.00060076656
0.00059955701
0.00059738962
0.0005962902
0.00059350218
0.00067699364
0.00067681687
0.00067663694
0.00067644615
0.00067625219
0.00067604638
0.00067583742
0.00067561553
0.00067539058
0.00067515149
0.00067490949
0.00067465204
0.00067439189
0.00067411486
0.00067383544
0.00067353756
0.00067323771
0.00067291764
0.00067259616
0.00067225253
0.00067190821
0.00067153958
0.00067117118
0.00067077607
0.00067038234
0.00066995921
0.00066953892
0.00066908619
0.0006686381
0.00066815415
0.00066767706
0.00066716022
0.000666653
0.00066610155
0.00066556311
0.00066497532
0.00066440467
0.00066377876
0.00066317501
0.00066250919
0.00066187159
0.00066116405
0.00066049194
0.00065974093
0.00065903377
0.00065823767
0.00065749491
0.00065665234
0.00065587338
0.00065498342
0.00065416735
0.00065322975
0.00065237523
0.00065139062
0.00065049571
0.00064946558
0.00064852796
0.00064745416
0.00064647186
0.00064535543
0.00064432828
0.00064316792
0.00064209898
0.00064089054
0.00063978546
0.00063852506
0.00063738622
0.00063607884
0.00063489411
0.00063356389
0.00063229995
0.00063098757
0.00062960922
0.00062833542
0.00062685799
0.00062556589
0.00062408897
0.00062266337
0.00062128009
0.00061970851
0.0006183235
0.00061679759
0.00061521446
0.0006138138
0.00061217155
0.00061057576
0.0006091929
0.00060733611
0.00060595125
0.00060420733
0.00060272098
0.0006007873
0.00059957888
0.00059741338
0.00059631511
0.00059353002
0.00067699346
0.0006768167
0.00067663679
0.00067644602
0.00067625209
0.0006760463
0.00067583738
0.00067561551
0.00067539059
0.00067515154
0.00067490957
0.00067465216
0.00067439205
0.00067411506
0.00067383568
0.00067353783
0.00067323802
0.00067291799
0.00067259654
0.00067225294
0.00067190866
0.00067154006
0.00067117169
0.0006707766
0.00067038291
0.0006699598
0.00066953954
0.00066908683
0.00066863878
0.00066815484
0.0006676778
0.00066716097
0.00066665379
0.00066610235
0.00066556396
0.00066497618
0.00066440559
0.00066377968
0.000663176
0.00066251018
0.00066187265
0.00066116511
0.00066049309
0.00065974209
0.00065903502
0.00065823891
0.00065749628
0.00065665369
0.00065587487
0.00065498488
0.00065416899
0.00065323135
0.00065237702
0.00065139237
0.00065049769
0.00064946751
0.00064853015
0.00064745629
0.00064647428
0.00064535779
0.00064433096
0.00064317054
0.00064210195
0.00064089346
0.00063978876
0.00063852833
0.00063738989
0.00063608249
0.0006348982
0.00063356799
0.00063230452
0.00063099218
0.00062961431
0.00062834062
0.00062686368
0.00062557176
0.00062409535
0.00062267002
0.00062128724
0.00061971605
0.00061833154
0.00061680615
0.00061522351
0.00061382349
0.00061218177
0.00061058673
0.0006092045
0.00060734856
0.00060596441
0.00060422155
0.00060273596
0.00060080351
0.00059959598
0.00059743193
0.00059633456
0.00059355174
0.00067699329
0.00067681654
0.00067663665
0.00067644589
0.00067625198
0.00067604622
0.00067583732
0.00067561549
0.0006753906
0.00067515157
0.00067490964
0.00067465226
0.00067439218
0.00067411523
0.00067383588
0.00067353807
0.00067323829
0.00067291829
0.00067259688
0.00067225331
0.00067190906
0.00067154049
0.00067117215
0.00067077709
0.00067038342
0.00066996034
0.0006695401
0.00066908741
0.00066863938
0.00066815547
0.00066767845
0.00066716163
0.00066665448
0.00066610306
0.0006655647
0.00066497694
0.00066440637
0.00066378049
0.00066317684
0.00066251104
0.00066187355
0.00066116603
0.00066049405
0.00065974307
0.00065903605
0.00065823997
0.00065749739
0.00065665484
0.00065587608
0.00065498612
0.00065417029
0.00065323269
0.00065237845
0.00065139383
0.00065049925
0.00064946911
0.00064853186
0.00064745805
0.00064647617
0.00064535973
0.00064433303
0.00064317269
0.00064210425
0.00064089585
0.00063979131
0.00063853098
0.00063739272
0.00063608544
0.00063490135
0.00063357129
0.00063230804
0.00063099588
0.00062961825
0.00062834477
0.00062686809
0.00062557644
0.0006241003
0.00062267528
0.00062129281
0.00061972198
0.00061833782
0.00061681286
0.0006152306
0.0006138311
0.00061218978
0.00061059534
0.0006092136
0.00060735832
0.00060597474
0.00060423268
0.0006027477
0.00060081619
0.00059960937
0.00059744644
0.00059634976
0.00059356871
0.00067699312
0.00067681639
0.00067663651
0.00067644577
0.00067625188
0.00067604614
0.00067583727
0.00067561545
0.00067539059
0.0006751516
0.00067490969
0.00067465235
0.0006743923
0.00067411538
0.00067383606
0.00067353828
0.00067323854
0.00067291857
0.00067259719
0.00067225365
0.00067190942
0.00067154088
0.00067117257
0.00067077753
0.00067038389
0.00066996083
0.00066954061
0.00066908794
0.00066863993
0.00066815603
0.00066767904
0.00066716224
0.0006666551
0.0006661037
0.00066556536
0.00066497761
0.00066440706
0.0006637812
0.00066317757
0.00066251179
0.00066187432
0.00066116683
0.00066049487
0.00065974391
0.00065903693
0.00065824087
0.00065749832
0.0006566558
0.00065587708
0.00065498715
0.00065417137
0.0006532338
0.00065237962
0.00065139504
0.00065050052
0.00064947042
0.00064853324
0.00064745948
0.00064647767
0.0006453613
0.0006443347
0.00064317442
0.00064210607
0.00064089776
0.00063979333
0.0006385331
0.00063739496
0.0006360878
0.00063490385
0.00063357391
0.00063231082
0.00063099881
0.00062962135
0.00062834806
0.00062687156
0.00062558014
0.00062410419
0.00062267944
0.0006212972
0.00061972665
0.00061834278
0.00061681813
0.00061523617
0.00061383709
0.00061219607
0.00061060211
0.00060922076
0.00060736598
0.00060598286
0.00060424142
0.00060275691
0.00060082614
0.00059961988
0.0005974578
0.00059636168
0.00059358199
0.00067699297
0.00067681625
0.00067663638
0.00067644566
0.00067625178
0.00067604606
0.00067583721
0.00067561542
0.00067539059
0.00067515162
0.00067490974
0.00067465242
0.00067439241
0.00067411551
0.00067383623
0.00067353848
0.00067323876
0.00067291883
0.00067259748
0.00067225397
0.00067190976
0.00067154125
0.00067117296
0.00067077795
0.00067038432
0.00066996128
0.00066954109
0.00066908844
0.00066864044
0.00066815656
0.00066767958
0.00066716279
0.00066665567
0.00066610429
0.00066556595
0.00066497822
0.00066440769
0.00066378184
0.00066317822
0.00066251246
0.000661875
0.00066116753
0.00066049559
0.00065974465
0.00065903768
0.00065824165
0.00065749912
0.00065665662
0.00065587792
0.00065498802
0.00065417227
0.00065323474
0.00065238058
0.00065139604
0.00065050156
0.0006494715
0.00064853437
0.00064746065
0.0006464789
0.00064536258
0.00064433603
0.00064317582
0.00064210754
0.0006408993
0.00063979494
0.00063853479
0.00063739675
0.00063608968
0.00063490584
0.000633576
0.00063231303
0.00063100113
0.00062962381
0.00062835067
0.0006268743
0.00062558307
0.00062410726
0.00062268273
0.00062130066
0.00061973033
0.00061834669
0.00061682228
0.00061524057
0.0006138418
0.00061220103
0.00061060744
0.00060922639
0.000607372
0.00060598926
0.00060424829
0.00060276415
0.00060083395
0.00059962815
0.00059746672
0.00059637102
0.0005935924
0.00067699282
0.00067681611
0.00067663626
0.00067644555
0.00067625169
0.00067604599
0.00067583716
0.00067561539
0.00067539058
0.00067515164
0.00067490978
0.00067465249
0.00067439251
0.00067411564
0.00067383639
0.00067353867
0.00067323898
0.00067291907
0.00067259775
0.00067225426
0.00067191009
0.0006715416
0.00067117333
0.00067077834
0.00067038474
0.00066996171
0.00066954154
0.0006690889
0.00066864092
0.00066815706
0.00066768008
0.00066716332
0.00066665621
0.00066610483
0.00066556651
0.00066497879
0.00066440826
0.00066378242
0.00066317882
0.00066251306
0.00066187562
0.00066116816
0.00066049623
0.0006597453
0.00065903834
0.00065824232
0.00065749982
0.00065665733
0.00065587865
0.00065498877
0.00065417304
0.00065323552
0.0006523814
0.00065139688
0.00065050243
0.0006494724
0.0006485353
0.00064746161
0.00064647991
0.00064536362
0.00064433712
0.00064317695
0.00064210873
0.00064090054
0.00063979625
0.00063853615
0.00063739819
0.00063609117
0.00063490743
0.00063357765
0.0006323148
0.00063100297
0.00062962577
0.00062835273
0.00062687647
0.00062558539
0.00062410968
0.00062268532
0.00062130339
0.00061973323
0.00061834978
0.00061682555
0.00061524403
0.00061384552
0.00061220492
0.00061061164
0.00060923084
0.00060737672
0.0006059943
0.00060425368
0.00060276985
0.00060084009
0.00059963465
0.00059747372
0.00059637836
0.00059360057
0.00067699269
0.00067681599
0.00067663615
0.00067644546
0.00067625161
0.00067604592
0.00067583711
0.00067561537
0.00067539057
0.00067515165
0.00067490983
0.00067465256
0.0006743926
0.00067411576
0.00067383654
0.00067353884
0.00067323918
0.0006729193
0.000672598
0.00067225455
0.0006719104
0.00067154193
0.00067117368
0.00067077872
0.00067038513
0.00066996213
0.00066954197
0.00066908935
0.00066864139
0.00066815753
0.00066768057
0.00066716381
0.00066665671
0.00066610535
0.00066556703
0.00066497932
0.0006644088
0.00066378297
0.00066317937
0.00066251363
0.00066187619
0.00066116873
0.00066049681
0.00065974589
0.00065903894
0.00065824293
0.00065750043
0.00065665796
0.00065587929
0.00065498942
0.00065417371
0.0006532362
0.0006523821
0.00065139759
0.00065050317
0.00064947315
0.00064853608
0.00064746241
0.00064648074
0.00064536448
0.00064433802
0.00064317788
0.0006421097
0.00064090154
0.0006397973
0.00063853725
0.00063739935
0.00063609237
0.0006349087
0.00063357897
0.00063231621
0.00063100443
0.00062962733
0.00062835436
0.00062687819
0.00062558723
0.0006241116
0.00062268737
0.00062130556
0.00061973552
0.00061835222
0.00061682811
0.00061524677
0.00061384844
0.00061220799
0.00061061494
0.00060923434
0.00060738042
0.00060599827
0.00060425792
0.00060277432
0.00060084491
0.00059963978
0.00059747921
0.00059638413
0.00059360697
0.00067699257
0.00067681588
0.00067663605
0.00067644537
0.00067625154
0.00067604587
0.00067583707
0.00067561535
0.00067539058
0.00067515168
0.00067490987
0.00067465263
0.0006743927
0.00067411588
0.00067383668
0.00067353902
0.00067323938
0.00067291953
0.00067259826
0.00067225483
0.0006719107
0.00067154225
0.00067117403
0.00067077908
0.00067038552
0.00066996254
0.00066954239
0.00066908979
0.00066864184
0.00066815799
0.00066768104
0.0006671643
0.0006666572
0.00066610585
0.00066556754
0.00066497983
0.00066440932
0.00066378349
0.0006631799
0.00066251416
0.00066187672
0.00066116927
0.00066049736
0.00065974644
0.0006590395
0.00065824349
0.000657501
0.00065665852
0.00065587987
0.00065499
0.0006541743
0.0006532368
0.00065238271
0.00065139821
0.0006505038
0.00064947379
0.00064853675
0.00064746309
0.00064648144
0.00064536519
0.00064433876
0.00064317864
0.00064211049
0.00064090236
0.00063979816
0.00063853813
0.00063740028
0.00063609333
0.00063490973
0.00063358002
0.00063231734
0.00063100559
0.00062962857
0.00062835566
0.00062687956
0.00062558868
0.00062411311
0.00062268899
0.00062130726
0.00061973731
0.00061835416
0.00061683012
0.00061524892
0.00061385075
0.00061221038
0.00061061754
0.00060923708
0.00060738331
0.0006060014
0.00060426123
0.00060277783
0.00060084867
0.00059964379
0.0005974835
0.00059638863
0.00059361197
0.00067699246
0.00067681578
0.00067663596
0.0006764453
0.00067625148
0.00067604582
0.00067583705
0.00067561534
0.00067539058
0.00067515171
0.00067490992
0.0006746527
0.00067439279
0.000674116
0.00067383683
0.00067353919
0.00067323958
0.00067291975
0.0006725985
0.0006722551
0.00067191099
0.00067154257
0.00067117437
0.00067077944
0.0006703859
0.00066996293
0.0006695428
0.00066909022
0.00066864228
0.00066815845
0.00066768151
0.00066716477
0.00066665769
0.00066610634
0.00066556803
0.00066498033
0.00066440982
0.000663784
0.00066318041
0.00066251467
0.00066187724
0.00066116979
0.00066049787
0.00065974696
0.00065904002
0.00065824401
0.00065750152
0.00065665905
0.00065588039
0.00065499053
0.00065417484
0.00065323733
0.00065238325
0.00065139875
0.00065050436
0.00064947435
0.00064853732
0.00064746367
0.00064648204
0.0006453658
0.00064433939
0.00064317928
0.00064211115
0.00064090304
0.00063979886
0.00063853886
0.00063740104
0.00063609411
0.00063491056
0.00063358086
0.00063231825
0.00063100652
0.00062962956
0.00062835669
0.00062688063
0.00062558984
0.0006241143
0.00062269028
0.00062130861
0.00061973871
0.00061835568
0.0006168317
0.00061525062
0.00061385256
0.00061221227
0.00061061959
0.00060923926
0.00060738559
0.00060600388
0.00060426386
0.00060278061
0.00060085166
0.00059964698
0.0005974869
0.0005963922
0.00059361593
0.00067699237
0.0006768157
0.00067663589
0.00067644524
0.00067625143
0.00067604579
0.00067583703
0.00067561534
0.0006753906
0.00067515174
0.00067490998
0.00067465278
0.00067439289
0.00067411613
0.00067383698
0.00067353936
0.00067323977
0.00067291997
0.00067259875
0.00067225537
0.00067191129
0.00067154289
0.00067117471
0.0006707798
0.00067038628
0.00066996333
0.00066954322
0.00066909065
0.00066864272
0.0006681589
0.00066768197
0.00066716524
0.00066665816
0.00066610682
0.00066556852
0.00066498083
0.00066441032
0.0006637845
0.00066318091
0.00066251517
0.00066187774
0.00066117029
0.00066049837
0.00065974746
0.00065904051
0.0006582445
0.00065750201
0.00065665954
0.00065588089
0.00065499102
0.00065417533
0.00065323782
0.00065238375
0.00065139924
0.00065050486
0.00064947484
0.00064853783
0.00064746417
0.00064648256
0.00064536631
0.00064433992
0.00064317981
0.00064211171
0.0006409036
0.00063979945
0.00063853945
0.00063740167
0.00063609474
0.00063491124
0.00063358153
0.00063231898
0.00063100725
0.00062963035
0.00062835751
0.00062688149
0.00062559076
0.00062411523
0.00062269129
0.00062130967
0.00061973982
0.0006183569
0.00061683293
0.00061525196
0.00061385399
0.00061221374
0.0006106212
0.00060924097
0.00060738736
0.00060600583
0.00060426589
0.00060278277
0.00060085398
0.00059964948
0.00059748954
0.00059639498
0.00059361902
0.00067699229
0.00067681563
0.00067663583
0.00067644519
0.0006762514
0.00067604577
0.00067583702
0.00067561535
0.00067539063
0.00067515179
0.00067491004
0.00067465287
0.000674393
0.00067411626
0.00067383713
0.00067353954
0.00067323997
0.00067292019
0.000672599
0.00067225564
0.00067191158
0.00067154321
0.00067117504
0.00067078016
0.00067038665
0.00066996373
0.00066954363
0.00066909107
0.00066864316
0.00066815936
0.00066768243
0.00066716572
0.00066665864
0.00066610731
0.00066556901
0.00066498132
0.00066441082
0.000663785
0.00066318141
0.00066251567
0.00066187823
0.00066117078
0.00066049886
0.00065974794
0.000659041
0.00065824498
0.00065750249
0.00065666001
0.00065588136
0.00065499148
0.00065417579
0.00065323828
0.00065238421
0.00065139969
0.00065050532
0.00064947529
0.00064853829
0.00064746462
0.00064648302
0.00064536677
0.00064434039
0.00064318028
0.00064211219
0.00064090408
0.00063979994
0.00063853994
0.00063740219
0.00063609525
0.0006349118
0.00063358207
0.00063231958
0.00063100783
0.00062963099
0.00062835816
0.00062688216
0.00062559149
0.00062411596
0.00062269209
0.0006213105
0.00061974067
0.00061835785
0.00061683388
0.000615253
0.0006138551
0.00061221487
0.00061062245
0.00060924229
0.00060738871
0.00060600735
0.00060426747
0.00060278444
0.00060085577
0.00059965142
0.00059749157
0.00059639713
0.00059362139
0.00067699223
0.00067681558
0.00067663579
0.00067644516
0.00067625138
0.00067604576
0.00067583703
0.00067561537
0.00067539066
0.00067515184
0.00067491012
0.00067465296
0.00067439311
0.00067411639
0.00067383728
0.00067353972
0.00067324017
0.00067292042
0.00067259924
0.00067225591
0.00067191188
0.00067154352
0.00067117538
0.00067078052
0.00067038703
0.00066996413
0.00066954404
0.00066909151
0.0006686436
0.00066815981
0.0006676829
0.0006671662
0.00066665913
0.0006661078
0.00066556951
0.00066498182
0.00066441132
0.0006637855
0.00066318191
0.00066251617
0.00066187873
0.00066117128
0.00066049935
0.00065974843
0.00065904148
0.00065824546
0.00065750296
0.00065666047
0.00065588182
0.00065499193
0.00065417624
0.00065323871
0.00065238465
0.00065140011
0.00065050574
0.0006494757
0.00064853871
0.00064746502
0.00064648343
0.00064536717
0.0006443408
0.00064318068
0.0006421126
0.00064090448
0.00063980037
0.00063854036
0.00063740263
0.00063609568
0.00063491226
0.00063358251
0.00063232008
0.0006310083
0.00062963151
0.00062835868
0.0006268827
0.00062559207
0.00062411653
0.00062269272
0.00062131115
0.00061974133
0.00061835861
0.0006168346
0.00061525382
0.00061385597
0.00061221574
0.00061062342
0.00060924332
0.00060738975
0.00060600854
0.00060426869
0.00060278574
0.00060085717
0.00059965294
0.00059749315
0.0005963988
0.00059362324
0.00067699218
0.00067681554
0.00067663576
0.00067644514
0.00067625137
0.00067604577
0.00067583704
0.0006756154
0.00067539071
0.00067515191
0.0006749102
0.00067465306
0.00067439323
0.00067411653
0.00067383745
0.0006735399
0.00067324038
0.00067292065
0.0006725995
0.00067225619
0.00067191217
0.00067154385
0.00067117573
0.00067078089
0.00067038742
0.00066996453
0.00066954446
0.00066909194
0.00066864406
0.00066816028
0.00066768338
0.00066716668
0.00066665962
0.0006661083
0.00066557001
0.00066498233
0.00066441183
0.00066378601
0.00066318242
0.00066251668
0.00066187924
0.00066117178
0.00066049985
0.00065974892
0.00065904196
0.00065824593
0.00065750343
0.00065666093
0.00065588227
0.00065499237
0.00065417668
0.00065323913
0.00065238507
0.00065140052
0.00065050615
0.00064947609
0.0006485391
0.0006474654
0.00064648381
0.00064536753
0.00064434117
0.00064318104
0.00064211296
0.00064090484
0.00063980073
0.00063854071
0.000637403
0.00063609603
0.00063491265
0.00063358286
0.00063232048
0.00063100867
0.00062963192
0.00062835909
0.00062688312
0.00062559253
0.00062411697
0.00062269322
0.00062131166
0.00061974183
0.0006183592
0.00061683515
0.00061525444
0.00061385664
0.0006122164
0.00061062418
0.00060924412
0.00060739053
0.00060600947
0.00060426962
0.00060278673
0.00060085824
0.00059965412
0.00059749435
0.00059640008
0.00059362465
0.00067699214
0.00067681551
0.00067663574
0.00067644513
0.00067625137
0.00067604578
0.00067583707
0.00067561544
0.00067539077
0.00067515198
0.00067491029
0.00067465317
0.00067439336
0.00067411668
0.00067383762
0.00067354009
0.0006732406
0.00067292089
0.00067259976
0.00067225647
0.00067191248
0.00067154417
0.00067117608
0.00067078126
0.00067038781
0.00066996494
0.00066954489
0.00066909239
0.00066864452
0.00066816075
0.00066768386
0.00066716718
0.00066666013
0.00066610882
0.00066557053
0.00066498285
0.00066441235
0.00066378654
0.00066318294
0.0006625172
0.00066187975
0.00066117229
0.00066050035
0.00065974942
0.00065904245
0.00065824641
0.0006575039
0.00065666139
0.00065588272
0.00065499281
0.00065417711
0.00065323955
0.00065238548
0.00065140091
0.00065050654
0.00064947646
0.00064853948
0.00064746575
0.00064648417
0.00064536787
0.00064434151
0.00064318136
0.00064211329
0.00064090515
0.00063980105
0.00063854101
0.00063740332
0.00063609632
0.00063491298
0.00063358315
0.00063232082
0.00063100896
0.00062963226
0.00062835941
0.00062688344
0.0006255929
0.00062411731
0.00062269361
0.00062131205
0.00061974221
0.00061835967
0.00061683556
0.00061525493
0.00061385715
0.00061221688
0.00061062476
0.00060924472
0.0006073911
0.00060601018
0.00060427032
0.00060278747
0.00060085904
0.00059965502
0.00059749526
0.00059640105
0.00059362572
0.00067699212
0.0006768155
0.00067663573
0.00067644514
0.00067625139
0.00067604581
0.00067583712
0.0006756155
0.00067539084
0.00067515207
0.00067491039
0.00067465329
0.0006743935
0.00067411684
0.0006738378
0.0006735403
0.00067324082
0.00067292113
0.00067260002
0.00067225676
0.00067191279
0.00067154451
0.00067117643
0.00067078164
0.00067038821
0.00066996536
0.00066954533
0.00066909284
0.00066864499
0.00066816124
0.00066768436
0.00066716769
0.00066666065
0.00066610934
0.00066557106
0.00066498339
0.00066441289
0.00066378708
0.00066318348
0.00066251773
0.00066188028
0.00066117281
0.00066050087
0.00065974993
0.00065904295
0.0006582469
0.00065750438
0.00065666185
0.00065588318
0.00065499325
0.00065417755
0.00065323996
0.00065238589
0.0006514013
0.00065050693
0.00064947683
0.00064853984
0.00064746609
0.00064648451
0.00064536819
0.00064434183
0.00064318166
0.00064211359
0.00064090544
0.00063980133
0.00063854128
0.0006374036
0.00063609657
0.00063491326
0.00063358338
0.00063232111
0.00063100919
0.00062963254
0.00062835967
0.0006268837
0.00062559319
0.00062411755
0.00062269391
0.00062131234
0.00061974249
0.00061836003
0.00061683584
0.00061525529
0.00061385753
0.00061221722
0.00061062519
0.00060924517
0.00060739151
0.00060601073
0.00060427084
0.00060278802
0.00060085964
0.0005996557
0.00059749593
0.00059640178
0.00059362652
0.00067699211
0.0006768155
0.00067663574
0.00067644516
0.00067625142
0.00067604586
0.00067583717
0.00067561557
0.00067539093
0.00067515217
0.00067491051
0.00067465343
0.00067439365
0.00067411702
0.00067383799
0.00067354051
0.00067324105
0.00067292139
0.0006726003
0.00067225706
0.00067191311
0.00067154486
0.0006711768
0.00067078203
0.00067038862
0.00066996579
0.00066954578
0.00066909331
0.00066864547
0.00066816174
0.00066768488
0.00066716821
0.00066666118
0.00066610989
0.00066557161
0.00066498395
0.00066441345
0.00066378763
0.00066318403
0.00066251829
0.00066188083
0.00066117335
0.00066050141
0.00065975045
0.00065904347
0.00065824741
0.00065750488
0.00065666233
0.00065588365
0.0006549937
0.00065417799
0.00065324038
0.00065238631
0.00065140169
0.00065050732
0.00064947719
0.0006485402
0.00064746642
0.00064648484
0.00064536849
0.00064434214
0.00064318195
0.00064211387
0.0006409057
0.0006398016
0.00063854152
0.00063740386
0.00063609678
0.00063491351
0.00063358357
0.00063232135
0.00063100937
0.00062963277
0.00062835986
0.0006268839
0.00062559342
0.00062411773
0.00062269414
0.00062131256
0.00061974268
0.00061836031
0.00061683603
0.00061525556
0.00061385781
0.00061221745
0.00061062552
0.00060924549
0.00060739178
0.00060601113
0.00060427119
0.0006027884
0.00060086007
0.0005996562
0.0005974964
0.00059640229
0.00059362709
0.00067699211
0.00067681551
0.00067663577
0.00067644519
0.00067625146
0.00067604591
0.00067583724
0.00067561565
0.00067539102
0.00067515228
0.00067491064
0.00067465357
0.00067439382
0.0006741172
0.00067383819
0.00067354073
0.0006732413
0.00067292166
0.00067260059
0.00067225737
0.00067191345
0.00067154521
0.00067117718
0.00067078243
0.00067038904
0.00066996624
0.00066954624
0.0006690938
0.00066864597
0.00066816226
0.00066768541
0.00066716876
0.00066666174
0.00066611045
0.00066557218
0.00066498452
0.00066441402
0.00066378821
0.00066318461
0.00066251886
0.0006618814
0.00066117392
0.00066050196
0.000659751
0.00065904401
0.00065824793
0.00065750539
0.00065666283
0.00065588414
0.00065499416
0.00065417844
0.00065324081
0.00065238673
0.00065140208
0.00065050771
0.00064947755
0.00064854056
0.00064746675
0.00064648517
0.0006453688
0.00064434243
0.00064318222
0.00064211414
0.00064090595
0.00063980184
0.00063854174
0.00063740408
0.00063609697
0.00063491373
0.00063358373
0.00063232157
0.00063100952
0.00062963296
0.00062836002
0.00062688405
0.00062559361
0.00062411785
0.00062269432
0.00062131271
0.0006197428
0.00061836052
0.00061683614
0.00061525575
0.00061385801
0.00061221759
0.00061062575
0.00060924571
0.00060739193
0.00060601143
0.00060427143
0.00060278865
0.00060086036
0.00059965656
0.00059749672
0.00059640265
0.00059362748
0.00067699213
0.00067681554
0.0006766358
0.00067644524
0.00067625152
0.00067604598
0.00067583732
0.00067561575
0.00067539113
0.00067515241
0.00067491078
0.00067465373
0.00067439399
0.00067411739
0.0006738384
0.00067354097
0.00067324155
0.00067292194
0.00067260089
0.0006722577
0.0006719138
0.00067154559
0.00067117757
0.00067078285
0.00067038948
0.0006699667
0.00066954673
0.0006690943
0.00066864649
0.0006681628
0.00066768596
0.00066716933
0.00066666231
0.00066611104
0.00066557278
0.00066498512
0.00066441463
0.00066378882
0.00066318522
0.00066251946
0.000661882
0.00066117451
0.00066050254
0.00065975157
0.00065904457
0.00065824848
0.00065750592
0.00065666334
0.00065588464
0.00065499464
0.00065417892
0.00065324126
0.00065238717
0.00065140249
0.00065050811
0.00064947792
0.00064854093
0.00064746709
0.00064648551
0.00064536909
0.00064434273
0.00064318249
0.0006421144
0.00064090618
0.00063980208
0.00063854195
0.0006374043
0.00063609714
0.00063491394
0.00063358387
0.00063232176
0.00063100963
0.00062963312
0.00062836015
0.00062688416
0.00062559375
0.00062411793
0.00062269445
0.00062131282
0.00061974287
0.00061836068
0.00061683619
0.00061525587
0.00061385814
0.00061221764
0.0006106259
0.00060924585
0.000607392
0.00060601164
0.00060427157
0.0006027888
0.00060086054
0.00059965679
0.0005974969
0.00059640287
0.00059362773
0.00067699216
0.00067681557
0.00067663585
0.00067644529
0.00067625159
0.00067604606
0.00067583741
0.00067561585
0.00067539125
0.00067515255
0.00067491093
0.00067465391
0.00067439418
0.0006741176
0.00067383863
0.00067354122
0.00067324182
0.00067292223
0.00067260121
0.00067225804
0.00067191416
0.00067154598
0.00067117799
0.00067078329
0.00067038994
0.00066996718
0.00066954723
0.00066909483
0.00066864704
0.00066816336
0.00066768654
0.00066716992
0.00066666292
0.00066611166
0.0006655734
0.00066498576
0.00066441526
0.00066378946
0.00066318585
0.0006625201
0.00066188262
0.00066117513
0.00066050316
0.00065975217
0.00065904516
0.00065824905
0.00065750648
0.00065666388
0.00065588517
0.00065499515
0.00065417941
0.00065324172
0.00065238762
0.00065140291
0.00065050853
0.0006494783
0.00064854131
0.00064746743
0.00064648585
0.0006453694
0.00064434303
0.00064318276
0.00064211467
0.00064090642
0.00063980231
0.00063854215
0.00063740451
0.0006360973
0.00063491413
0.00063358398
0.00063232193
0.00063100972
0.00062963326
0.00062836024
0.00062688424
0.00062559387
0.00062411797
0.00062269456
0.00062131288
0.0006197429
0.0006183608
0.00061683618
0.00061525596
0.00061385822
0.00061221764
0.000610626
0.00060924593
0.00060739199
0.00060601178
0.00060427163
0.00060278886
0.00060086064
0.00059965694
0.00059749699
0.00059640299
0.00059362786
0.00067699205
0.00067681548
0.00067663576
0.00067644521
0.00067625151
0.000676046
0.00067583736
0.00067561581
0.00067539122
0.00067515253
0.00067491093
0.00067465391
0.00067439421
0.00067411765
0.00067383869
0.0006735413
0.00067324192
0.00067292235
0.00067260135
0.0006722582
0.00067191434
0.00067154618
0.00067117821
0.00067078354
0.00067039021
0.00066996748
0.00066954755
0.00066909517
0.0006686474
0.00066816374
0.00066768693
0.00066717033
0.00066666334
0.00066611209
0.00066557384
0.00066498621
0.00066441571
0.00066378991
0.0006631863
0.00066252055
0.00066188307
0.00066117556
0.00066050358
0.00065975258
0.00065904555
0.00065824943
0.00065750685
0.00065666423
0.0006558855
0.00065499545
0.00065417969
0.00065324197
0.00065238787
0.00065140311
0.00065050873
0.00064947845
0.00064854146
0.00064746753
0.00064648595
0.00064536946
0.00064434309
0.00064318277
0.00064211467
0.00064090639
0.00063980227
0.00063854207
0.00063740444
0.00063609717
0.00063491405
0.00063358381
0.00063232182
0.00063100952
0.0006296331
0.00062836004
0.00062688401
0.00062559368
0.00062411769
0.00062269433
0.00062131262
0.00061974259
0.00061836058
0.00061683583
0.00061525567
0.00061385795
0.00061221726
0.00061062573
0.00060924562
0.00060739159
0.00060601152
0.00060427129
0.00060278849
0.00060086032
0.00059965666
0.00059749664
0.00059640266
0.0005936275
)
;

boundaryField
{
    inlet
    {
        type            calculated;
        value           uniform 0.0007098;
    }
    outlet
    {
        type            calculated;
        value           nonuniform List<scalar> 
80
(
2.9775447e-05
0.00023194118
0.00042053951
0.00061681732
0.00083063382
0.0010589573
0.001300596
0.0015550526
0.0018221267
0.0021017483
0.0023938946
0.0026985425
0.0030156365
0.0033450633
0.0036866302
0.0040400439
0.0044048883
0.0047806017
0.0051664519
0.0055615097
0.0059646187
0.0063743647
0.0067890412
0.0072066132
0.0076246791
0.0080404289
0.008450601
0.0088514712
0.0092388948
0.0096080307
0.0099534255
0.010268969
0.010547837
0.010769091
0.010893476
0.010931347
0.010886587
0.010755655
0.01052863
0.010192483
0.0097371661
0.0091640971
0.008494317
0.0077710777
0.0070521357
0.0063907124
0.0057927258
0.0050195147
0.0037150904
0.0022969424
0.0012446737
0.00073888152
0.00061232636
0.00059627065
0.00059339098
0.00059331545
0.00059336729
0.00059342077
0.00059346643
0.00059350218
0.00059353002
0.00059355174
0.00059356871
0.00059358199
0.0005935924
0.00059360057
0.00059360697
0.00059361197
0.00059361593
0.00059361902
0.00059362139
0.00059362324
0.00059362465
0.00059362572
0.00059362652
0.00059362709
0.00059362748
0.00059362773
0.00059362786
0.0005936275
)
;
    }
    top
    {
        type            calculated;
        value           nonuniform List<scalar> 
110
(
0.00070375565
0.00069558263
0.00069011921
0.00068633055
0.00068368794
0.00068178336
0.00068042828
0.000679431
0.0006787146
0.0006781813
0.00067779636
0.00067750798
0.00067729934
0.00067714246
0.00067699205
0.00067681548
0.00067663576
0.00067644521
0.00067625151
0.000676046
0.00067583736
0.00067561581
0.00067539122
0.00067515253
0.00067491093
0.00067465391
0.00067439421
0.00067411765
0.00067383869
0.0006735413
0.00067324192
0.00067292235
0.00067260135
0.0006722582
0.00067191434
0.00067154618
0.00067117821
0.00067078354
0.00067039021
0.00066996748
0.00066954755
0.00066909517
0.0006686474
0.00066816374
0.00066768693
0.00066717033
0.00066666334
0.00066611209
0.00066557384
0.00066498621
0.00066441571
0.00066378991
0.0006631863
0.00066252055
0.00066188307
0.00066117556
0.00066050358
0.00065975258
0.00065904555
0.00065824943
0.00065750685
0.00065666423
0.0006558855
0.00065499545
0.00065417969
0.00065324197
0.00065238787
0.00065140311
0.00065050873
0.00064947845
0.00064854146
0.00064746753
0.00064648595
0.00064536946
0.00064434309
0.00064318277
0.00064211467
0.00064090639
0.00063980227
0.00063854207
0.00063740444
0.00063609717
0.00063491405
0.00063358381
0.00063232182
0.00063100952
0.0006296331
0.00062836004
0.00062688401
0.00062559368
0.00062411769
0.00062269433
0.00062131262
0.00061974259
0.00061836058
0.00061683583
0.00061525567
0.00061385795
0.00061221726
0.00061062573
0.00060924562
0.00060739159
0.00060601152
0.00060427129
0.00060278849
0.00060086032
0.00059965666
0.00059749664
0.00059640266
0.0005936275
)
;
    }
    upstreamWall
    {
        type            symmetryPlane;
    }
    plate
    {
        type            nutkWallFunction;
        blending        stepwise;
        value           nonuniform List<scalar> 
96
(
0
9.0074311e-06
1.2671446e-05
1.2235631e-05
1.0916841e-05
9.8594583e-06
9.8016635e-06
9.9785246e-06
1.0257471e-05
1.0324816e-05
1.028285e-05
1.0165601e-05
1.0009369e-05
9.8424755e-06
9.6677349e-06
9.487677e-06
9.3107604e-06
9.138141e-06
8.9695534e-06
8.8060538e-06
8.648291e-06
8.4958046e-06
8.3510384e-06
8.2123611e-06
8.0781824e-06
7.9482354e-06
7.8224085e-06
7.7011793e-06
7.5849121e-06
7.4719724e-06
7.3622563e-06
7.2552235e-06
7.1518418e-06
7.0512883e-06
6.9534558e-06
6.8577165e-06
6.7643732e-06
6.6735178e-06
6.5845041e-06
6.4973671e-06
6.412105e-06
6.3287199e-06
6.2467089e-06
6.1661708e-06
6.0872229e-06
6.0096616e-06
5.9332462e-06
5.8581308e-06
5.7842503e-06
5.7114169e-06
5.6396324e-06
5.5688826e-06
5.4990354e-06
5.4301808e-06
5.3621018e-06
5.2948868e-06
5.2285256e-06
5.162819e-06
5.0978807e-06
5.0336898e-06
4.9700918e-06
4.9072003e-06
4.8448698e-06
4.7832229e-06
4.7220362e-06
4.661574e-06
4.6015048e-06
4.5420656e-06
4.4830503e-06
4.4246023e-06
4.3665196e-06
4.3090413e-06
4.2518414e-06
4.1952676e-06
4.1389081e-06
4.0831849e-06
4.0276034e-06
3.9727001e-06
3.9178551e-06
3.8637368e-06
3.8095843e-06
3.756219e-06
3.7027113e-06
3.650085e-06
3.5971952e-06
3.54527e-06
3.4929674e-06
3.4417314e-06
3.3899457e-06
3.3394062e-06
3.2880298e-06
3.2381991e-06
3.187403e-06
3.1356475e-06
3.0949563e-06
3.0133841e-06
)
;
    }
    frontAndBack
    {
        type            empty;
    }
}


// ************************************************************************* //
