/*--------------------------------*- C++ -*----------------------------------*\
| =========                 |                                                 |
| \\      /  F ield         | OpenFOAM: The Open Source CFD Toolbox           |
|  \\    /   O peration     | Version:  2512                                  |
|   \\  /    A nd           | Website:  www.openfoam.com                      |
|    \\/     M anipulation  |                                                 |
\*---------------------------------------------------------------------------*/
FoamFile
{
    version     2.0;
    format      ascii;
    arch        "LSB;label=32;scalar=64";
    class       surfaceScalarField;
    location    "0.249985";
    object      phi;
}
// * * * * * * * * * * * * * * * * * * * * * * * * * * * * * * * * * * * * * //

dimensions      [1 0 -1 0 0 0 0];

oriented        oriented;

internalField   nonuniform List<scalar> 
17410
(
0.000180538
1.058568e-08
0.0001805173
2.0698249e-08
0.00018048759
2.9711597e-08
0.00018045128
3.6315518e-08
0.00018040981
4.1468501e-08
0.0001803639
4.5905632e-08
0.00018031363
5.0272522e-08
0.0001802577
5.5928347e-08
0.00018019726
6.0441064e-08
0.00018011959
7.7669608e-08
0.00018006479
5.4796592e-08
0.00017980191
2.628795e-07
0.00018039413
-5.922058e-07
3.0769202e-06
0.00017731721
0.00019067935
2.1731966e-08
0.00019065748
4.2561526e-08
0.00019062612
6.1080487e-08
0.00019058778
7.4651779e-08
0.00019054401
8.5238232e-08
0.00019049557
9.4346906e-08
0.00019044253
1.0331008e-07
0.00019038361
1.1485156e-07
0.00019031967
1.2437723e-07
0.00019024023
1.5710772e-07
0.00019016419
1.3083684e-07
0.00019005763
3.6943403e-07
0.00018952978
-6.4361394e-08
1.8255911e-06
0.00019078114
0.00020139034
3.3496275e-08
0.00020136725
6.5653429e-08
0.00020133412
9.4208589e-08
0.00020129363
1.1513669e-07
0.00020124741
1.3145991e-07
0.00020119626
1.4549672e-07
0.00020114025
1.5931987e-07
0.00020107811
1.7699419e-07
0.00020101028
1.9220282e-07
0.00020092858
2.3880735e-07
0.00020083918
2.2023314e-07
0.00020073336
4.7526197e-07
0.00020046808
2.0093711e-07
1.9129997e-06
0.00020038066
0.00021270299
4.5911915e-08
0.0002126786
9.0043029e-08
0.00021264362
1.2919417e-07
0.00021260086
1.5789006e-07
0.00021255205
1.8027004e-07
0.00021249805
1.9950437e-07
0.0002124389
2.1846906e-07
0.00021237337
2.4251891e-07
0.00021230148
2.6409625e-07
0.00021221664
3.2364539e-07
0.00021211942
3.1744267e-07
0.00021200268
5.9200126e-07
0.00021178027
4.2337191e-07
2.0354496e-06
0.00021165785
0.00022465111
5.9013825e-08
0.00022462535
1.1580328e-07
0.00022458841
1.6614089e-07
0.00022454326
2.0303809e-07
0.00022449172
2.3181243e-07
0.00022443469
2.5652669e-07
0.00022437223
2.8093009e-07
0.00022430314
3.1161201e-07
0.00022422705
3.401887e-07
0.0002241383
4.1239333e-07
0.00022403518
4.2055035e-07
0.00022391029
7.1691262e-07
0.0002236926
6.4106739e-07
2.1520672e-06
0.00022357596
0.00023727039
7.2838633e-08
0.00023724319
1.4301123e-07
0.00023720417
2.0515817e-07
0.00023715649
2.5071411e-07
0.00023710207
2.8623877e-07
0.00023704186
3.1672996e-07
0.00023697591
3.4688393e-07
0.00023690304
3.8447629e-07
0.00023682261
4.2062638e-07
0.00023672945
5.055525e-07
0.00023662062
5.293679e-07
0.00023648964
8.4790733e-07
0.00023627203
8.5870598e-07
2.2673881e-06
0.00023615673
0.00025059854
8.7424694e-08
0.0002505698
1.7174828e-07
0.0002505286
2.463614e-07
0.00025047825
3.0105846e-07
0.00025042078
3.4370877e-07
0.00025035722
3.8028878e-07
0.00025028759
4.1651772e-07
0.00025021074
4.6132636e-07
0.00025012578
5.0558254e-07
0.0002500279
6.0343261e-07
0.0002499131
6.4416055e-07
0.00024977697
9.840634e-07
0.00024955965
1.0760226e-06
2.382548e-06
0.00024944446
0.00026467536
1.0281215e-07
0.00026464501
2.021004e-07
0.0002646015
2.8987234e-07
0.00026454834
3.5421945e-07
0.00026448765
4.0439081e-07
0.00026442056
4.4738811e-07
0.00026434704
4.9002983e-07
0.00026426599
5.423826e-07
0.00026417631
5.9526051e-07
0.00026407346
7.0628547e-07
0.00026395244
7.6517373e-07
0.00026381141
1.1251151e-06
0.00026359539
1.2920685e-06
2.4975012e-06
0.00026348045
0.00027954292
1.1904298e-07
0.00027951086
2.3415842e-07
0.00027946492
3.3581938e-07
0.00027940878
4.1035311e-07
0.00027934471
4.6846213e-07
0.00027927388
5.1822174e-07
0.00027919628
5.6762649e-07
0.00027911079
6.2787245e-07
0.00027901617
6.8987812e-07
0.00027890812
8.1433882e-07
0.0002787807
8.9259056e-07
0.0002786348
1.2710308e-06
0.00027842102
1.5058358e-06
2.6116713e-06
0.00027830681
0.00029524564
1.36161e-07
0.00029521178
2.6801828e-07
0.00029516326
3.8433796e-07
0.00029510399
4.6962436e-07
0.00029503634
5.361096e-07
0.00029496157
5.929947e-07
0.00029487967
6.4952744e-07
0.00029478951
7.1802836e-07
0.00029468971
7.8967467e-07
0.00029457624
9.2781874e-07
0.0002944423
1.0265227e-06
0.00029429156
1.4217875e-06
0.00029408095
1.7164643e-06
2.724537e-06
0.00029396809
0.00031183042
1.5421194e-07
0.00031179466
3.0378132e-07
0.00031174342
4.3557091e-07
0.00031168084
5.3220657e-07
0.00031160942
6.0752985e-07
0.00031153049
6.7192142e-07
0.00031144406
7.3596102e-07
0.000311349
8.1309246e-07
0.00031124377
8.9489666e-07
0.00031112465
1.0469379e-06
0.00031098414
1.1670316e-06
0.00031082863
1.5773014e-06
0.000310622
1.9230834e-06
2.8354109e-06
0.0003105111
0.00032934682
1.7324342e-07
0.00032930905
3.4155461e-07
0.00032925495
4.8966882e-07
0.00032918887
5.9828297e-07
0.00032911347
6.829302e-07
0.00032903017
7.5522853e-07
0.00032893896
8.2717034e-07
0.00032883874
9.1331414e-07
0.00032872783
1.0058038e-06
0.00032860284
1.1719267e-06
0.00032845574
1.3141334e-06
0.00032829565
1.7374092e-06
0.0003280938
2.1249417e-06
2.9437657e-06
0.00032798544
0.00034784717
1.9330503e-07
0.00034780728
3.8145127e-07
0.00034775015
5.4679049e-07
0.00034768039
6.6804617e-07
0.00034760079
7.6252876e-07
0.00034751287
8.4315288e-07
0.00034741663
9.2340717e-07
0.00034731099
1.0189546e-06
0.00034719413
1.1226569e-06
0.00034706306
1.3029964e-06
0.00034690941
1.4677826e-06
0.00034674498
1.9018407e-06
0.00034654861
2.3213009e-06
3.0489291e-06
0.00034644342
0.00036738675
2.1444823e-07
0.00036734461
4.235908e-07
0.00036728429
6.0710335e-07
0.00036721064
7.4169962e-07
0.00036712661
8.4655547e-07
0.00036703382
9.3594463e-07
0.00036693229
1.024939e-06
0.00036682096
1.1302829e-06
0.00036669789
1.2457266e-06
0.00036656053
1.4403663e-06
0.00036640041
1.6278983e-06
0.00036623201
2.0702573e-06
0.00036604177
2.5115313e-06
3.150334e-06
0.00036594037
0.00038802392
2.3672648e-07
0.00038797941
4.6809945e-07
0.00038791573
6.7078392e-07
0.00038783797
8.1945713e-07
0.00038774927
9.3525215e-07
0.00038765135
1.0338651e-06
0.00038754425
1.132042e-06
0.00038742695
1.2475805e-06
0.0003872974
1.3752794e-06
0.00038715353
1.5842286e-06
0.0003869871
1.7943205e-06
0.00038681517
2.2421895e-06
0.00038663163
2.6950557e-06
3.2473163e-06
0.00038653463
0.00040982034
2.6019512e-07
0.00040977333
5.1511064e-07
0.0004097061
7.3801828e-07
0.00040962401
9.015445e-07
0.00040953039
1.0288736e-06
0.00040942706
1.1371902e-06
0.0004093141
1.2450086e-06
0.00040919054
1.3711361e-06
0.00040905424
1.5115855e-06
0.00040890369
1.7347774e-06
0.00040873117
1.9668435e-06
0.00040855626
2.4171104e-06
0.00040837991
2.8713996e-06
3.3393393e-06
0.00040828788
0.00043284114
2.8491137e-07
0.00043279149
5.6476533e-07
0.0004327205
8.0900259e-07
0.00043263385
9.8819897e-07
0.00043253504
1.1276878e-06
0.00043242602
1.2462078e-06
0.00043230688
1.3641402e-06
0.00043217677
1.5012503e-06
0.00043203345
1.6549067e-06
0.00043187606
1.8921621e-06
0.00043169772
2.1451775e-06
0.00043152046
2.5943626e-06
0.0004313517
3.0401516e-06
3.4258528e-06
0.00043126518
0.0004571551
3.109343e-07
0.00045710265
6.1721248e-07
0.00045702771
8.8394359e-07
0.00045693624
1.079671e-06
0.00045683195
1.2319767e-06
0.00045671693
1.3612216e-06
0.00045659132
1.4897547e-06
0.00045645434
1.6382293e-06
0.00045630375
1.8055018e-06
0.00045613939
2.0565211e-06
0.00045595559
2.3289741e-06
0.00045577672
2.7732424e-06
0.00045561587
3.2010004e-06
3.506429e-06
0.00045553528
0.00048283484
3.3832482e-07
0.00048277944
6.7260954e-07
0.00048270033
9.6305916e-07
0.00048260378
1.1762237e-06
0.00048249372
1.3420367e-06
0.00048237239
1.4825484e-06
0.00048223996
1.6221785e-06
0.0004820958
1.7823894e-06
0.00048193769
1.9636141e-06
0.00048176627
2.2279309e-06
0.00048157747
2.5177781e-06
0.00048139773
2.9529756e-06
0.00048124503
3.3536965e-06
3.5806737e-06
0.00048117078
0.00050995711
3.6714553e-07
0.00050989859
7.3112291e-07
0.00050981507
1.0465788e-06
0.00050971316
1.2781345e-06
0.00050959702
1.4581797e-06
0.00050946905
1.6105215e-06
0.00050932947
1.761755e-06
0.00050917781
1.9340488e-06
0.00050901195
2.1294761e-06
0.00050883344
2.40644e-06
0.00050864014
2.7110755e-06
0.00050846036
3.1327568e-06
0.00050831598
3.4980746e-06
3.6483065e-06
0.00050824834
0.00053860291
3.9746079e-07
0.00053854111
7.9292856e-07
0.00053845294
1.1347438e-06
0.00053834538
1.385695e-06
0.00053822283
1.5807333e-06
0.00053808786
1.7454885e-06
0.00053794078
1.9088348e-06
0.0005377813
2.0935323e-06
0.00053760748
2.3032958e-06
0.0005374219
2.5920113e-06
0.00053722468
2.9082887e-06
0.00053704575
3.3116889e-06
0.00053690981
3.6340053e-06
3.7091559e-06
0.00053684897
0.00056885786
4.2933652e-07
0.00056879257
8.5821261e-07
0.00056869951
1.2278073e-06
0.00056858599
1.4992124e-06
0.00056845668
1.710043e-06
0.00056831436
1.887814e-06
0.00056815941
2.0637845e-06
0.00056799178
2.2611612e-06
0.00056780982
2.4852523e-06
0.00056761727
2.7845652e-06
0.00056741676
3.1088006e-06
0.00056723957
3.4888798e-06
0.00056711215
3.761416e-06
3.7631444e-06
0.00056705816
0.00060081232
4.6284025e-07
0.00060074336
9.2717235e-07
0.00060064514
1.326033e-06
0.00060052534
1.6190109e-06
0.00060038891
1.8464724e-06
0.00060023884
2.0378779e-06
0.00060007565
2.2269736e-06
0.00059989956
2.4372595e-06
0.00059970935
2.6754532e-06
0.00059950991
2.9840035e-06
0.00059930678
3.3119213e-06
0.0005991323
3.6633606e-06
0.00059901345
3.8802695e-06
3.8102967e-06
0.0005989663
0.00063456178
4.9804103e-07
0.00063448893
1.0000179e-06
0.00063438527
1.4296907e-06
0.00063425884
1.7454421e-06
0.00063411492
1.9903976e-06
0.00063395671
2.1960805e-06
0.00063378491
2.3987756e-06
0.0006336
2.6221688e-06
0.00063340145
2.8740025e-06
0.00063319537
3.1900846e-06
0.00063299038
3.5169123e-06
0.0006328195
3.834244e-06
0.00063270919
3.9905741e-06
3.8507122e-06
0.00063266877
0.00067020705
5.3500945e-07
0.00067013009
1.0769769e-06
0.00067002074
1.5390489e-06
0.00066988725
1.8789239e-06
0.0006697355
2.142152e-06
0.0006695687
2.3628849e-06
0.00066938794
2.5795269e-06
0.00066919388
2.8162341e-06
0.00066898689
3.0809853e-06
0.00066877458
3.4023904e-06
0.00066856852
3.7229669e-06
0.00066840209
4.000676e-06
0.00066830029
4.0923736e-06
3.8845785e-06
0.00066826643
0.00070785466
5.7381759e-07
0.00070777333
1.1583037e-06
0.000707658
1.654382e-06
0.00070751705
2.0198711e-06
0.00070735709
2.3021113e-06
0.00070718121
2.5387601e-06
0.00070699113
2.7696097e-06
0.00070678766
3.0197041e-06
0.0007065722
3.2964435e-06
0.00070635411
3.6204896e-06
0.00070614784
3.9292333e-06
0.00070598665
4.1618681e-06
0.00070589327
4.1857506e-06
3.9121383e-06
0.00070586571
0.00074761706
6.1453911e-07
0.00074753111
1.2442459e-06
0.00074740945
1.7760462e-06
0.00074726068
2.1686371e-06
0.00074709204
2.4707551e-06
0.00074690669
2.7241066e-06
0.00074670688
2.9694215e-06
0.00074649373
3.2328522e-06
0.00074626988
3.5202956e-06
0.00074604651
3.843847e-06
0.00074584092
4.1348245e-06
0.0007456857
4.3170867e-06
0.00074560063
4.2708192e-06
3.9336895e-06
0.00074557909
0.00078961304
6.5724937e-07
0.00078952224
1.3350509e-06
0.00078939385
1.9044352e-06
0.0007892369
2.3255868e-06
0.00078905908
2.648576e-06
0.00078886386
2.9193287e-06
0.00078865386
3.1794176e-06
0.0007884308
3.4559157e-06
0.00078819874
3.7523576e-06
0.00078797073
4.0718565e-06
0.00078776671
4.3388453e-06
0.0007876181
4.4656907e-06
0.00078754119
4.3477346e-06
3.9495694e-06
0.00078752531
0.00083396811
7.0202554e-07
0.00083387217
1.430982e-06
0.00083373668
2.0399275e-06
0.00083357112
2.4911527e-06
0.00083338364
2.8360495e-06
0.00083317808
3.1248886e-06
0.00083295751
3.3999868e-06
0.00083272435
3.6890816e-06
0.00083248426
3.9924443e-06
0.0008322523
4.3038024e-06
0.00083205077
4.5403744e-06
0.00083190935
4.6071149e-06
0.0008318404
4.4166811e-06
3.9601354e-06
0.00083182984
0.00088081474
7.4894685e-07
0.0008807134
1.5323215e-06
0.00088057042
2.1829105e-06
0.00088039577
2.6657947e-06
0.00088019816
3.0336666e-06
0.00087998179
3.3412609e-06
0.00087975027
3.6315069e-06
0.00087950689
3.9324562e-06
0.00087925902
4.2403112e-06
0.00087902391
4.5389148e-06
0.00087882579
4.7384983e-06
0.000878692
4.7409004e-06
0.0008786308
4.4778867e-06
3.965769e-06
0.00087862517
0.00093029292
7.9809491e-07
0.00093018587
1.6393703e-06
0.00093003499
2.3337894e-06
0.0009298508
2.8499921e-06
0.00092964253
3.2419354e-06
0.00092941486
3.5689276e-06
0.00092917203
3.8743345e-06
0.00092891837
4.1861199e-06
0.00092866311
4.495562e-06
0.00092842571
4.7763178e-06
0.00092823185
4.9323553e-06
0.00092810606
4.8666829e-06
0.00092805234
4.5316126e-06
3.9668532e-06
0.00092805126
0.00098255046
8.4955406e-07
0.00098243738
1.7524466e-06
0.00098227818
2.49299e-06
0.00098208393
3.0442439e-06
0.00098186448
3.4613797e-06
0.00098162504
3.8083733e-06
0.00098137057
4.1288048e-06
0.0009811066
4.450089e-06
0.00098084445
4.7577077e-06
0.00098060572
5.0150557e-06
0.00098041691
5.1211593e-06
0.00098029939
4.9841986e-06
0.00098025285
4.578152e-06
3.9638584e-06
0.00098025585
0.0010377435
9.034119e-07
0.0010376241
1.8718858e-06
0.0010374561
2.6609593e-06
0.0010372513
3.2490702e-06
0.0010370201
3.6925383e-06
0.0010367684
4.0600825e-06
0.001036502
4.395217e-06
0.0010362278
4.7242982e-06
0.0010359593
5.0261511e-06
0.0010357202
5.2541748e-06
0.0010355373
5.304097e-06
0.0010354282
5.0932954e-06
0.0010353885
4.6177738e-06
3.9572381e-06
0.0010353951
0.0010960369
9.5975981e-07
0.0010959108
1.998039e-06
0.0010957336
2.8381656e-06
0.0010955176
3.4650118e-06
0.0010952742
3.9359629e-06
0.0010950097
4.3245296e-06
0.0010947311
4.6738313e-06
0.0010944469
5.008505e-06
0.0010941727
5.3003398e-06
0.0010939343
5.4925722e-06
0.0010937579
5.4805652e-06
0.0010936573
5.1938818e-06
0.0010936241
4.6509062e-06
3.9472117e-06
0.0010936342
0.0011576049
1.0186937e-06
0.0011574716
2.1312708e-06
0.0011572847
3.025098e-06
0.0011570571
3.6926303e-06
0.0011568008
4.1922175e-06
0.0011565232
4.60215e-06
0.0011562322
4.9648947e-06
0.0011559382
5.302486e-06
0.001155659
5.5794696e-06
0.0011554223
5.7292904e-06
0.001155253
5.6498477e-06
0.0011551609
5.2859893e-06
0.0011551339
4.6778995e-06
3.9341785e-06
0.001155147
0.0012226313
1.0803146e-06
0.0012224906
2.2719484e-06
0.0012222935
3.2222763e-06
0.0012220536
3.932501e-06
0.0012217839
4.4618852e-06
0.0012214928
4.8933195e-06
0.0012211889
5.2687114e-06
0.0012208855
5.6059626e-06
0.0012206024
5.8625517e-06
0.0012203684
5.9632986e-06
0.0012202068
5.8114129e-06
0.0012201231
5.3697158e-06
0.0012201018
4.699161e-06
3.9185187e-06
0.0012201175
0.0012913105
1.1447297e-06
0.0012911621
2.4204159e-06
0.001290954
3.4303529e-06
0.0012907014
4.1850866e-06
0.0012904176
4.7457196e-06
0.0012901124
5.1984986e-06
0.0012897959
5.5851934e-06
0.0012894834
5.9185141e-06
0.0012891973
6.1486295e-06
0.001288967
6.1935794e-06
0.0012888136
5.964817e-06
0.0012887381
5.4452339e-06
0.0012887221
4.7151032e-06
3.900593e-06
0.00128874
0.0013638477
1.2120528e-06
0.001363691
2.5770781e-06
0.0013634713
3.6500267e-06
0.0013632055
4.4509015e-06
0.0013629071
5.0441996e-06
0.0013625874
5.5181492e-06
0.0013622583
5.9143316e-06
0.0013619372
6.2395767e-06
0.0013616492
6.4366758e-06
0.0013614236
6.4191555e-06
0.0013612787
6.1097148e-06
0.0013612111
5.5127885e-06
0.0013612001
4.7261506e-06
3.8807324e-06
0.0013612199
0.0014404595
1.2824056e-06
0.0014402941
2.742445e-06
0.0014400624
3.8817218e-06
0.0014397826
4.7307306e-06
0.0014394689
5.3579073e-06
0.0014391345
5.852504e-06
0.0014387928
6.2560415e-06
0.0014384639
6.5684711e-06
0.001438175
6.7256042e-06
0.001437955
6.6391027e-06
0.0014378189
6.2458572e-06
0.001437759
5.5726761e-06
0.0014377524
4.7327246e-06
3.859248e-06
0.0014377739
0.0015213748
1.3559182e-06
0.0015212003
2.9169793e-06
0.001520956
4.1259729e-06
0.0015206615
5.0252841e-06
0.0015203319
5.6874161e-06
0.0015199826
6.2018541e-06
0.0015196285
6.6101328e-06
0.0015192926
6.9043913e-06
0.0015190039
7.0142825e-06
0.0015187904
6.852564e-06
0.0015186632
6.3730921e-06
0.0015186106
5.625243e-06
0.0015186081
4.7352471e-06
3.8364283e-06
0.0015186309
0.0016068354
1.43273e-06
0.0016066512
3.1011492e-06
0.0016063938
4.3833853e-06
0.0016060839
5.3352098e-06
0.0016057381
6.0332001e-06
0.0016053734
6.5665451e-06
0.0016050072
6.9763241e-06
0.0016046652
7.2463756e-06
0.001604378
7.301558e-06
0.0016041718
7.0587642e-06
0.0016040535
6.49136e-06
0.0016040079
5.6708714e-06
0.001604009
4.7341393e-06
3.8125356e-06
0.0016040329
0.0016970966
1.5129902e-06
0.0016969023
3.2954351e-06
0.0016966311
4.6545931e-06
0.0016963051
5.6611572e-06
0.0016959426
6.3957571e-06
0.0016955624
6.9467242e-06
0.0016951846
7.3541365e-06
0.0016948375
7.593488e-06
0.0016945528
7.586266e-06
0.0016943545
7.2570244e-06
0.0016942452
6.6006889e-06
0.0016942061
5.709965e-06
0.0016942104
4.7297784e-06
3.7878126e-06
0.0016942351
0.001792428
1.5968588e-06
0.0017922231
3.5003299e-06
0.0017919375
4.9402446e-06
0.0017915948
6.0037749e-06
0.0017912151
6.7754679e-06
0.0017908193
7.3425741e-06
0.0017904304
7.7429948e-06
0.0017900793
7.9446132e-06
0.0017897983
7.8672563e-06
0.0017896086
7.4467649e-06
0.0017895081
6.7011852e-06
0.0017894751
5.7429484e-06
0.0017894823
4.7225241e-06
3.7624665e-06
0.0017895077
0.0018931145
1.6845063e-06
0.0018928985
3.7163375e-06
0.0018925977
5.2409834e-06
0.0018922378
6.3637022e-06
0.0018918405
7.1727248e-06
0.001891429
7.7541217e-06
0.0018910298
8.1422343e-06
0.0018906759
8.2985142e-06
0.0018903997
8.1434136e-06
0.001890219
7.6275074e-06
0.0018901271
6.7930314e-06
0.0018900998
5.7702298e-06
0.0018901095
4.7128044e-06
3.7367061e-06
0.0018901353
0.0019994568
1.7761143e-06
0.0019992292
3.9439755e-06
0.0019989128
5.5573291e-06
0.0019985348
6.7417771e-06
0.0019981195
7.5879732e-06
0.0019976926
8.1810729e-06
0.0019972838
8.5510289e-06
0.0019969284
8.653912e-06
0.0019966581
8.4136707e-06
0.0019964867
7.7988828e-06
0.0019964033
6.8764666e-06
0.0019963813
5.7922626e-06
0.0019963932
4.7008736e-06
3.710682e-06
0.0019964192
0.0021117727
1.8718754e-06
0.0021115329
4.1838442e-06
0.0021112003
5.889865e-06
0.0021108035
7.1385862e-06
0.0021103699
8.0215662e-06
0.0021099279
8.6231055e-06
0.0021095105
8.9684049e-06
0.0021091549
9.0094793e-06
0.0021088916
8.6770236e-06
0.0021087298
7.9606276e-06
0.0021086545
6.9517833e-06
0.0021086373
5.8094725e-06
0.0021086511
4.6870359e-06
3.6845297e-06
0.0021086773
0.0022303977
1.9719923e-06
0.002230145
4.4366074e-06
0.0022297956
6.2392074e-06
0.0022293797
7.5545571e-06
0.0022289275
8.4737292e-06
0.0022284708
9.0797966e-06
0.002228046
9.3932579e-06
0.0022276916
9.3638518e-06
0.002227436
8.9325537e-06
0.0022272841
8.1125804e-06
0.0022272166
7.0193161e-06
0.0022272038
5.8222701e-06
0.0022272192
4.6715632e-06
3.658367e-06
0.0022272454
0.0023556863
2.0766777e-06
0.0023554202
4.7026623e-06
0.0023550532
6.6062191e-06
0.0023546175
7.9902584e-06
0.0023541468
8.9444652e-06
0.002353676
9.5505613e-06
0.0023532449
9.824347e-06
0.0023528931
9.7156513e-06
0.0023526462
9.1794299e-06
0.0023525041
8.2546741e-06
0.002352444
7.0794293e-06
0.0023524352
5.8310473e-06
0.0023524521
4.6546995e-06
3.6322888e-06
0.0023524782
0.0024880126
2.1861524e-06
0.0024877328
4.9824619e-06
0.0024873474
6.9915973e-06
0.0024868915
8.4461856e-06
0.0024864022
9.4337473e-06
0.0024859181
1.0034658e-05
0.0024854822
1.0260316e-05
0.0024851343
1.0063505e-05
0.0024848968
9.4169272e-06
0.0024847646
8.3869297e-06
0.0024847115
7.1325095e-06
0.0024847064
5.8361739e-06
0.0024847244
4.6366594e-06
3.6063739e-06
0.0024847503
0.0026277721
2.3006447e-06
0.0026274781
5.2765077e-06
0.0026270737
7.3959462e-06
0.0026265972
8.9227197e-06
0.0026260895
9.9414393e-06
0.002625593
1.0531178e-05
0.0026251536
1.06997e-05
0.002624811
1.0406071e-05
0.0026245835
9.6444269e-06
0.002624461
8.5094479e-06
0.0026244146
7.1789562e-06
0.0026244127
5.8379936e-06
0.0026244318
4.6176344e-06
3.5806848e-06
0.0026244575
0.0027753824
2.4203873e-06
0.0027750736
5.5852935e-06
0.0027746497
7.81983e-06
0.0027741523
9.420115e-06
0.0027736265
1.0467272e-05
0.0027731186
1.1039046e-05
0.0027726773
1.1140945e-05
0.0027723414
1.0742056e-05
0.0027721244
9.8614226e-06
0.0027720114
8.6224e-06
0.0027719712
7.2191739e-06
0.0027719723
5.8368355e-06
0.0027719922
4.5977899e-06
3.5552631e-06
0.0027720176
0.0029312843
2.5456155e-06
0.0029309603
5.9092899e-06
0.0029305163
8.2637585e-06
0.0029299981
9.9383927e-06
0.0029294544
1.1010955e-05
0.0029289364
1.1556994e-05
0.0029284949
1.1582435e-05
0.0029281668
1.1070229e-05
0.0029279607
1.006752e-05
0.0029278571
8.7260143e-06
0.0029278227
7.2535501e-06
0.0029278265
5.833045e-06
0.002927847
4.5772424e-06
3.5301214e-06
0.0029278722
0.0030959437
2.676563e-06
0.0030956041
6.2489241e-06
0.0030951396
8.7281678e-06
0.0030946004
1.047761e-05
0.0030940396
1.1571824e-05
0.0030935129
1.2083606e-05
0.0030930729
1.2022496e-05
0.0030927537
1.1389451e-05
0.0030925587
1.0262435e-05
0.0030924642
8.8205683e-06
0.0030924353
7.2824827e-06
0.0030924415
5.8268382e-06
0.0030924626
4.5561543e-06
3.5053216e-06
0.0030924874
0.0032698525
2.8134587e-06
0.003269497
6.6044192e-06
0.0032690116
9.2136154e-06
0.0032684514
1.1037778e-05
0.0032678744
1.2148882e-05
0.0032673407
1.2617294e-05
0.0032669037
1.2459432e-05
0.0032665945
1.1698679e-05
0.003266411
1.0445987e-05
0.0032663252
8.9063794e-06
0.0032663013
7.30636e-06
0.0032663096
5.8184687e-06
0.0032663312
4.534625e-06
3.4808749e-06
0.0032663556
0.0034535304
2.9565208e-06
0.0034531588
6.9760598e-06
0.003452652
9.7203887e-06
0.0034520711
1.1618678e-05
0.003451479
1.2741009e-05
0.0034509399
1.3156317e-05
0.0034505078
1.2891549e-05
0.0034502095
1.1996978e-05
0.0034500374
1.0618096e-05
0.00344996
8.9837984e-06
0.0034499408
7.3255672e-06
0.0034499511
5.8081544e-06
0.003449973
4.5127288e-06
3.4567934e-06
0.0034499971
0.0036475261
3.105952e-06
0.003647138
7.3641318e-06
0.0036466098
1.024858e-05
0.0036460086
1.2219854e-05
0.0036454027
1.3346899e-05
0.0036448603
1.3698797e-05
0.0036444346
1.3317178e-05
0.0036441481
1.2283535e-05
0.0036439874
1.0778773e-05
0.003643918
9.0531996e-06
0.0036439031
7.3404452e-06
0.0036439151
5.7961289e-06
0.0036439373
4.4905544e-06
3.4330781e-06
0.003643961
0.0038524191
3.2619317e-06
0.0038520144
7.7689137e-06
0.0038514648
1.0798097e-05
0.0038508441
1.2840557e-05
0.003850226
1.3965014e-05
0.0038496821
1.4242737e-05
0.0038492646
1.3734698e-05
0.0038489904
1.2557661e-05
0.0038488411
1.0928113e-05
0.0038487793
9.1149734e-06
0.0038487684
7.3513207e-06
0.003848782
5.78259e-06
0.0038488043
4.4681859e-06
3.4097398e-06
0.0038488277
0.0040688218
3.4246078e-06
0.0040684001
8.1905465e-06
0.0040678295
1.1368681e-05
0.0040671903
1.347981e-05
0.0040665617
1.4593589e-05
0.0040660184
1.4786046e-05
0.0040656105
1.4142557e-05
0.0040653494
1.2818792e-05
0.0040652112
1.1066287e-05
0.0040651567
9.1695221e-06
0.0040651495
7.3585447e-06
0.0040651644
5.7676948e-06
0.0040651869
4.4456733e-06
3.3867867e-06
0.0040652098
0.0042973805
3.5940981e-06
0.0042969421
8.6289682e-06
0.0042963509
1.1959864e-05
0.0042956943
1.4136414e-05
0.0042950573
1.5230627e-05
0.0042945168
1.5326564e-05
0.00429412
1.4539295e-05
0.0042938723
1.3066492e-05
0.0042937451
1.1193531e-05
0.0042936973
9.2172536e-06
0.0042936935
7.3624129e-06
0.0042937096
5.7516145e-06
0.0042937321
4.4230887e-06
3.3642285e-06
0.0042937547
0.0045387783
3.7704576e-06
0.0045383233
9.0839546e-06
0.0045377122
1.2570933e-05
0.0045370398
1.4808878e-05
0.0045363965
1.5873915e-05
0.004535861
1.5862083e-05
0.0045354767
1.4923561e-05
0.0045352427
1.3300448e-05
0.0045351261
1.1310139e-05
0.0045350848
9.2585813e-06
0.004535084
7.3632187e-06
0.0045351011
5.734506e-06
0.0045351237
4.4004914e-06
3.3420765e-06
0.0045351459
0.0047937364
3.9536738e-06
0.0047932653
9.5550903e-06
0.0047926354
1.3200754e-05
0.0047919488
1.549554e-05
0.0047913017
1.652102e-05
0.0047907734
1.6390386e-05
0.0047904028
1.5294123e-05
0.0047901828
1.3520468e-05
0.0047900765
1.1416453e-05
0.0047900411
9.2939134e-06
0.0047900431
7.3612561e-06
0.0047900611
5.7165146e-06
0.0047900836
4.3779387e-06
3.3203441e-06
0.0047901054
0.0050630165
4.1436487e-06
0.0050625299
1.0041734e-05
0.0050618826
1.3847962e-05
0.0050611839
1.6194299e-05
0.0050605356
1.7169315e-05
0.0050600167
1.6909261e-05
0.005059661
1.5649886e-05
0.0050594549
1.3726471e-05
0.0050593585
1.151286e-05
0.0050593288
9.3236615e-06
0.0050593332
7.3567985e-06
0.005059352
5.6977835e-06
0.0050593744
4.3554904e-06
3.299049e-06
0.0050593957
0.0053474234
4.3401183e-06
0.0053469221
1.0543057e-05
0.0053462591
1.4510932e-05
0.0053455509
1.6902596e-05
0.0053449042
1.7815993e-05
0.0053443969
1.7416538e-05
0.0053440569
1.5989892e-05
0.0053438649
1.3918482e-05
0.005343778
1.1599781e-05
0.0053437534
9.3482369e-06
0.0053437601
7.3501024e-06
0.0053437794
5.6784538e-06
0.0053438017
4.3332127e-06
3.2782138e-06
0.0053438225
0.0056478067
4.5428027e-06
0.0056472918
1.1057945e-05
0.0056466152
1.5187533e-05
0.0056459003
1.7617467e-05
0.0056452582
1.8458081e-05
0.0056447646
1.7910107e-05
0.0056444412
1.631333e-05
0.0056442631
1.4096621e-05
0.0056441852
1.1677667e-05
0.0056441654
9.3680406e-06
0.005644174
7.3414464e-06
0.0056441938
5.6586625e-06
0.0056442159
4.3111613e-06
3.2578623e-06
0.0056442362
0.005965064
4.7512431e-06
0.0059645372
1.1584813e-05
0.0059638495
1.5875244e-05
0.0059631313
1.8335673e-05
0.0059624969
1.9092467e-05
0.005962019
1.8387941e-05
0.0059617128
1.6619531e-05
0.0059615484
1.4261098e-05
0.005961479
1.1746991e-05
0.0059614636
9.3834809e-06
0.005961474
7.3310671e-06
0.0059614941
5.6385488e-06
0.0059615158
4.289414e-06
3.2380296e-06
0.0059615357
0.0063001433
4.9647978e-06
0.0062996065
1.212167e-05
0.0062989107
1.657105e-05
0.0062981927
1.90536e-05
0.0062975693
1.971592e-05
0.0062971091
1.8848113e-05
0.0062968207
1.6907965e-05
0.0062966696
1.4412199e-05
0.0062966083
1.1808245e-05
0.0062965968
9.3949584e-06
0.0062966087
7.3192205e-06
0.006296629
5.6182522e-06
0.0062966504
4.2680423e-06
3.2187542e-06
0.0062966696
0.0066540458
5.1826194e-06
0.0066535015
1.2666055e-05
0.0066528011
1.7271389e-05
0.0066520875
1.9767249e-05
0.0066514783
2.0325117e-05
0.0066510376
1.9288803e-05
0.0066507673
1.7178234e-05
0.0066506292
1.4550275e-05
0.0066505755
1.1861939e-05
0.0066505676
9.4028721e-06
0.0066505807
7.3061592e-06
0.006650601
5.5979171e-06
0.0066506219
4.2471264e-06
3.20008e-06
0.0066506406
0.0070278292
5.4036211e-06
0.0070272802
1.3214977e-05
0.0070265795
1.7972105e-05
0.0070258745
2.0472232e-05
0.007025283
2.0916651e-05
0.0070248635
1.97083e-05
0.0070246117
1.7430062e-05
0.0070244862
1.4675737e-05
0.0070244396
1.1908591e-05
0.0070244348
9.4076185e-06
0.0070244488
7.2921377e-06
0.0070244691
5.5776946e-06
0.0070244894
4.2267538e-06
3.1820588e-06
0.0070245075
0.0074226102
5.6264377e-06
0.0074220603
1.3764843e-05
0.007421364
1.86684e-05
0.0074206725
2.1163766e-05
0.0074201021
2.1487046e-05
0.0074197054
2.0105006e-05
0.0074194722
1.7663277e-05
0.0074193589
1.4789038e-05
0.0074193188
1.1948729e-05
0.0074193168
9.4095939e-06
0.0074193315
7.2774142e-06
0.0074193515
5.5577426e-06
0.0074193712
4.2070209e-06
3.1647505e-06
0.0074193885
0.0078395686
5.8493835e-06
0.0078390221
1.4311311e-05
0.0078383357
1.9354856e-05
0.0078376628
2.1836658e-05
0.0078371171
2.203276e-05
0.0078367446
2.0477415e-05
0.0078365301
1.7877797e-05
0.0078364285
1.4890665e-05
0.0078363943
1.1982886e-05
0.0078363947
9.4092014e-06
0.0078364099
7.2622512e-06
0.0078364294
5.5382268e-06
0.0078364484
4.1880333e-06
3.1482239e-06
0.0078364649
0.0082799503
6.0704068e-06
0.0082794124
1.4849279e-05
0.0082787419
2.0025302e-05
0.0082780933
2.2485285e-05
0.0082775759
2.2550166e-05
0.0082772292
2.0824095e-05
0.0082770334
1.8073601e-05
0.0082769429
1.4981127e-05
0.0082769142
1.2011593e-05
0.0082769166
9.4068468e-06
0.0082769319
7.2469197e-06
0.0082769508
5.5193246e-06
0.0082769689
4.1699082e-06
3.132558e-06
0.0082769846
0.0087450715
6.2870411e-06
0.0087445479
1.5372902e-05
0.0087439005
2.0672641e-05
0.0087432823
2.3103558e-05
0.0087427969
2.3035528e-05
0.0087424773
2.1143653e-05
0.0087423002
1.8250705e-05
0.0087422204
1.506094e-05
0.0087421966
1.2035387e-05
0.0087422005
9.4029344e-06
0.0087422158
7.2317037e-06
0.0087422339
5.5012291e-06
0.008742251
4.1527774e-06
3.1178443e-06
0.0087422657
0.0092363221
6.4963521e-06
0.0092358196
1.5875392e-05
0.0092352033
2.1288881e-05
0.009234622
2.3684862e-05
0.0092341726
2.348495e-05
0.0092338816
2.1434682e-05
0.0092337232
1.8409128e-05
0.0092336535
1.5130613e-05
0.0092336341
1.2054797e-05
0.0092336391
9.3978765e-06
0.0092336539
7.2168965e-06
0.009233671
5.4841462e-06
0.009233687
4.1367873e-06
3.1041882e-06
0.0092337007
0.0097551699
6.6948828e-06
0.0097546964
1.6348908e-05
0.0097541203
2.1865037e-05
0.0097535831
2.4221977e-05
0.0097531738
2.3894295e-05
0.0097529128
2.1695696e-05
0.0097527731
1.8548841e-05
0.0097527131
1.5190622e-05
0.0097526975
1.2070346e-05
0.0097527033
9.3921013e-06
0.0097527174
7.2028186e-06
0.0097527332
5.4683087e-06
0.0097527479
4.1221052e-06
3.0917102e-06
0.0097527604
0.010303166
6.8785963e-06
0.01030273
1.678444e-05
0.010302204
2.2391005e-05
0.010301719
2.4706958e-05
0.010301354
2.4259071e-05
0.010301125
2.1925039e-05
0.010301004
1.866972e-05
0.010300953
1.5241388e-05
0.010300941
1.2082527e-05
0.010300947
9.3860291e-06
0.01030096
7.1898005e-06
0.010300975
5.4539707e-06
0.010300988
4.1089248e-06
3.0805567e-06
0.010300999
0.010881947
7.0428186e-06
0.01088156
1.7171682e-05
0.010881095
2.2855402e-05
0.010880671
2.5130954e-05
0.010880356
2.4574256e-05
0.010880161
2.2120753e-05
0.010880059
1.8771483e-05
0.010880017
1.5283272e-05
0.010880008
1.2091834e-05
0.010880014
9.3801031e-06
0.010880025
7.1781965e-06
0.010880038
5.4414071e-06
0.010880049
4.0974577e-06
3.0708896e-06
0.010880059
0.011493244
7.1821807e-06
0.011492916
1.7498887e-05
0.011492527
2.324536e-05
0.011492174
2.5483972e-05
0.011491914
2.4834062e-05
0.011491754
2.2280381e-05
0.011491672
1.8853531e-05
0.011491639
1.5316473e-05
0.011491632
1.2098728e-05
0.011491637
9.3748115e-06
0.011491647
7.1684322e-06
0.011491657
5.4309573e-06
0.011491667
4.0879641e-06
3.0629058e-06
0.011491675
0.012138882
7.2905624e-06
0.012138629
1.7752689e-05
0.012138328
2.3546268e-05
0.012138057
2.5754573e-05
0.012137859
2.5031685e-05
0.012137739
2.2400813e-05
0.012137678
1.8914865e-05
0.012137653
1.5340936e-05
0.012137648
1.21035e-05
0.012137653
9.3705561e-06
0.01213766
7.1609213e-06
0.012137668
5.4229984e-06
0.012137675
4.0807619e-06
3.05686e-06
0.012137681
0.012820793
7.3611019e-06
0.012820627
1.7917851e-05
0.012820432
2.3741318e-05
0.012820258
2.5929282e-05
0.012820131
2.515877e-05
0.012820053
2.2478005e-05
0.012820014
1.8954081e-05
0.012819999
1.5356532e-05
0.012819996
1.2106494e-05
0.012819998
9.3677789e-06
0.012820003
7.1560774e-06
0.012820008
5.417892e-06
0.012820013
4.0761594e-06
3.0530078e-06
0.012820017
0.013541012
0.013540952
0.013540881
0.013540818
0.013540772
0.013540744
0.013540729
0.013540723
0.013540721
0.013540722
0.013540723
0.013540725
0.013540727
0.013540728
0.00016438177
1.2935426e-05
0.00014673971
1.7642048e-05
0.00012979985
1.6939862e-05
0.00011733417
1.2465692e-05
0.00011064243
6.6917448e-06
0.0001086819
1.9605395e-06
0.00010907899
-3.9731271e-07
0.00010983476
-7.5563974e-07
0.00011010192
-2.6715979e-07
0.00010975695
3.4495959e-07
0.00010902859
7.2837456e-07
0.00010813182
8.9697593e-07
0.00010716908
9.6258717e-07
0.0001061701
9.9899016e-07
0.00010514949
1.0206053e-06
0.00010413192
1.0175586e-06
0.00010314091
9.9094122e-07
0.00010218312
9.5785219e-07
0.00010125719
9.2594873e-07
0.00010036489
8.9229934e-07
9.950705e-05
8.5783898e-07
9.8687358e-05
8.196886e-07
9.7908007e-05
7.7934623e-07
9.7163082e-05
7.4492868e-07
9.6447085e-05
7.1599787e-07
9.5757061e-05
6.9002329e-07
9.5093114e-05
6.639471e-07
9.4456569e-05
6.3654518e-07
9.3845042e-05
6.1152684e-07
9.3254704e-05
5.9033878e-07
9.2682823e-05
5.7188103e-07
9.2129448e-05
5.5337449e-07
9.159469e-05
5.3475783e-07
9.1076758e-05
5.1793203e-07
9.0573692e-05
5.0306654e-07
9.0084121e-05
4.8957087e-07
8.9608419e-05
4.757012e-07
8.9145537e-05
4.6288252e-07
8.8694032e-05
4.5150519e-07
8.8253411e-05
4.4062081e-07
8.7823545e-05
4.2986566e-07
8.7403387e-05
4.2015862e-07
8.6991861e-05
4.1152615e-07
8.6589035e-05
4.0282524e-07
8.6194743e-05
3.9429218e-07
8.5808054e-05
3.8668928e-07
8.54285e-05
3.7955399e-07
8.5056145e-05
3.7235507e-07
8.4690471e-05
3.6567403e-07
8.4330955e-05
3.5951606e-07
8.3977427e-05
3.5352754e-07
8.3629566e-05
3.4786078e-07
8.3287149e-05
3.4241736e-07
8.2949902e-05
3.3724653e-07
8.2617446e-05
3.3245682e-07
8.2289878e-05
3.2756726e-07
8.1966746e-05
3.2313244e-07
8.164781e-05
3.1893623e-07
8.1333142e-05
3.1466743e-07
8.1022452e-05
3.1069016e-07
8.071552e-05
3.0693222e-07
8.0412282e-05
3.0323825e-07
8.0112629e-05
2.9965224e-07
7.9816346e-05
2.9628312e-07
7.9523463e-05
2.9288271e-07
7.9233826e-05
2.8963731e-07
7.8947217e-05
2.8660883e-07
7.8663647e-05
2.8357074e-07
7.8382969e-05
2.8067776e-07
7.8105058e-05
2.7791044e-07
7.7829918e-05
2.7514048e-07
7.7557427e-05
2.7249087e-07
7.7287524e-05
2.6990338e-07
7.7020132e-05
2.673913e-07
7.6755192e-05
2.649404e-07
7.6492589e-05
2.6260287e-07
7.6232341e-05
2.6024811e-07
7.5974323e-05
2.5801845e-07
7.571854e-05
2.5578258e-07
7.5464884e-05
2.5365554e-07
7.5213352e-05
2.5153289e-07
7.4963839e-05
2.4951227e-07
7.4716383e-05
2.4745603e-07
7.4470872e-05
2.4551138e-07
7.4227314e-05
2.4355808e-07
7.3985621e-05
2.4169272e-07
7.3745824e-05
2.3979744e-07
7.3507747e-05
2.3807606e-07
7.3271524e-05
2.3622321e-07
7.3036797e-05
2.3472769e-07
7.2803917e-05
2.3287984e-07
7.2572731e-05
2.311862e-07
7.2338242e-05
2.3448898e-07
7.2122732e-05
2.155099e-07
7.1855169e-05
2.6756389e-07
1.9689971e-07
0.00019485376
8.8628709e-06
0.00019685064
1.5645107e-05
0.00019474409
1.9046383e-05
0.00018925547
1.7954436e-05
0.00018199677
1.3950342e-05
0.00017437863
9.5786848e-06
0.00016742646
6.5546038e-06
0.00016168819
4.9827562e-06
0.0001571653
4.2556002e-06
0.00015363731
3.8730208e-06
0.00015082019
3.5454559e-06
0.00014841986
3.297523e-06
0.00014625358
3.1287809e-06
0.00014424579
3.0067292e-06
0.00014237916
2.8872551e-06
0.00014064386
2.7528355e-06
0.00013902107
2.6136581e-06
0.00013748929
2.489688e-06
0.00013603773
2.377528e-06
0.00013466295
2.2670833e-06
0.00013336154
2.1592518e-06
0.00013213168
2.0495416e-06
0.00013096933
1.9416927e-06
0.00012986503
1.8492351e-06
0.00012881222
1.7688123e-06
0.0001278068
1.6954368e-06
0.00012684674
1.624009e-06
0.00012593073
1.5525595e-06
0.00012505466
1.4875978e-06
0.00012421381
1.4311848e-06
0.00012340473
1.380956e-06
0.00012262609
1.332021e-06
0.00012187664
1.284204e-06
0.00012115377
1.2408021e-06
0.00012045486
1.2019745e-06
0.00011977798
1.1664508e-06
0.00011912256
1.1311205e-06
0.000118487
1.0984499e-06
0.00011786942
1.0690775e-06
0.00011726882
1.0412227e-06
0.00011668451
1.0141759e-06
0.00011611513
9.8954177e-07
0.00011555929
9.6736483e-07
0.0001150166
9.4551951e-07
0.00011448654
9.2434448e-07
0.00011396803
9.0520347e-07
0.00011346034
8.872475e-07
0.00011296322
8.6947664e-07
0.00011247599
8.5290398e-07
0.00011199794
8.375576e-07
0.00011152871
8.227614e-07
0.00011106779
8.0877886e-07
0.00011061482
7.9539115e-07
0.00011016936
7.8270264e-07
0.00010973093
7.7088523e-07
0.00010929946
7.5903873e-07
0.00010887443
7.4816109e-07
0.00010845547
7.3789981e-07
0.00010804255
7.2759053e-07
0.00010763529
7.1794536e-07
0.00010723341
7.0880942e-07
0.00010683675
6.9990641e-07
0.00010644512
6.9127394e-07
0.00010605827
6.8314159e-07
0.00010567613
6.7501514e-07
0.00010529854
6.6723162e-07
0.0001049252
6.5995231e-07
0.00010455606
6.5270868e-07
0.00010419094
6.4579433e-07
0.00010382966
6.3919425e-07
0.00010347219
6.3261074e-07
0.00010311835
6.2632308e-07
0.00010276809
6.2017154e-07
0.00010242125
6.1422889e-07
0.00010207777
6.0842262e-07
0.00010173748
6.0289271e-07
0.00010140038
5.9734058e-07
0.00010106632
5.9208164e-07
0.00010073529
5.8681174e-07
0.00010040713
5.8181633e-07
0.00010008185
5.7681486e-07
9.9759279e-05
5.7208302e-07
9.9439482e-05
5.672527e-07
9.9122283e-05
5.6271057e-07
9.8807719e-05
5.5812216e-07
9.8495629e-05
5.5378223e-07
9.8186092e-05
5.4933401e-07
9.7878842e-05
5.4532685e-07
9.7574068e-05
5.4099668e-07
9.727131e-05
5.3748571e-07
9.6970893e-05
5.3329659e-07
9.6673124e-05
5.2895537e-07
9.6369843e-05
5.3777024e-07
9.6095086e-05
4.9026786e-07
9.5743014e-05
6.1963622e-07
4.446895e-07
0.0002010593
8.1841751e-06
0.00020264073
1.4063673e-05
0.00020449029
1.7196798e-05
0.00020550641
1.6938254e-05
0.00020500857
1.444823e-05
0.00020272521
1.1862009e-05
0.00019874061
1.053907e-05
0.0001935393
1.0184137e-05
0.00018788054
9.914428e-06
0.00018253028
9.2232369e-06
0.00017791888
8.1568948e-06
0.00017411052
7.1059913e-06
0.00017090202
6.3371738e-06
0.00016809901
5.809746e-06
0.00016561418
5.3720815e-06
0.0001633764
4.9906199e-06
0.00016131871
4.6712939e-06
0.00015939795
4.4104959e-06
0.00015760011
4.1753738e-06
0.00015591624
3.9509604e-06
0.00015433647
3.7390186e-06
0.00015285268
3.5333258e-06
0.00015145355
3.3408164e-06
0.0001501251
3.1776905e-06
0.00014886162
3.0322918e-06
0.00014765939
2.897665e-06
0.00014651539
2.7680094e-06
0.00014542606
2.64189e-06
0.00014438509
2.5285714e-06
0.00014338716
2.4291092e-06
0.00014242905
2.3390638e-06
0.00014150915
2.2519277e-06
0.00014062517
2.168181e-06
0.00013977344
2.0925321e-06
0.00013895101
2.0244024e-06
0.00013815598
1.9614818e-06
0.00013738736
1.8997396e-06
0.0001366429
1.8429167e-06
0.00013592043
1.7915436e-06
0.00013521881
1.7428417e-06
0.00013453704
1.6959463e-06
0.0001338734
1.6531865e-06
0.00013322636
1.614403e-06
0.00013259538
1.5764999e-06
0.00013197967
1.5400558e-06
0.00013137793
1.5069349e-06
0.00013078939
1.47579e-06
0.00013021362
1.4452485e-06
0.00012964976
1.4167662e-06
0.00012909701
1.3903045e-06
0.00012855489
1.3648771e-06
0.00012802279
1.3408818e-06
0.00012750024
1.3179453e-06
0.00012698671
1.2962346e-06
0.00012648164
1.2759527e-06
0.00012598487
1.2558027e-06
0.00012549582
1.2372141e-06
0.00012501404
1.2196763e-06
0.00012453946
1.202176e-06
0.00012407162
1.1857851e-06
0.0001236102
1.1702325e-06
0.00012315496
1.1551387e-06
0.00012270571
1.1405233e-06
0.00012226212
1.1267335e-06
0.00012182411
1.113023e-06
0.00012139147
1.0998802e-06
0.00012096385
1.0875679e-06
0.00012054119
1.0753664e-06
0.00012012327
1.0637131e-06
0.00011970987
1.0525951e-06
0.00011930095
1.0415322e-06
0.0001188963
1.0309735e-06
0.00011849583
1.0206382e-06
0.00011809939
1.0106766e-06
0.00011770687
1.0009416e-06
0.00011731809
9.9167352e-07
0.00011693304
9.8238904e-07
0.00011655153
9.7359113e-07
0.00011617356
9.6478341e-07
0.00011579893
9.564453e-07
0.00011542765
9.4809106e-07
0.00011505953
9.4020465e-07
0.00011469463
9.3215154e-07
0.00011433275
9.2459377e-07
0.00011397393
9.1694534e-07
0.00011361797
9.0973971e-07
0.00011326497
9.0233127e-07
0.00011291462
8.9567406e-07
0.00011256714
8.8848228e-07
0.00011222201
8.8261831e-07
0.00011187953
8.7577238e-07
0.00011154024
8.68244e-07
0.00011119439
8.8362468e-07
0.00011088181
8.02849e-07
0.00011047893
1.0225095e-06
7.2504848e-07
0.00021176401
8.0780267e-06
0.00021211429
1.3713222e-05
0.00021268048
1.6630544e-05
0.00021333842
1.6280438e-05
0.00021388678
1.3899908e-05
0.00021416173
1.1587047e-05
0.0002139989
1.0701786e-05
0.00021307221
1.1110763e-05
0.00021101886
1.1967637e-05
0.00020768131
1.2560846e-05
0.00020331638
1.2521718e-05
0.00019863926
1.1783364e-05
0.00019430608
1.067025e-05
0.00019054778
9.5680703e-06
0.00018727863
8.641215e-06
0.00018436882
7.900433e-06
0.00018175929
7.2807822e-06
0.00017938853
6.7812835e-06
0.00017721049
6.3534328e-06
0.00017519503
5.9664157e-06
0.00017331948
5.6145729e-06
0.0001715675
5.2853032e-06
0.00016991792
4.9903918e-06
0.00016835306
4.742555e-06
0.00016687063
4.5147189e-06
0.00016546592
4.3023769e-06
0.00016413372
4.1002163e-06
0.00016286725
3.9083548e-06
0.00016165775
3.7380677e-06
0.00016049982
3.5870399e-06
0.00015939062
3.4482687e-06
0.00015832819
3.314361e-06
0.00015730883
3.1875345e-06
0.0001563275
3.0738679e-06
0.00015538114
2.9707545e-06
0.00015446809
2.8745397e-06
0.0001535868
2.7810287e-06
0.00015273417
2.6955465e-06
0.00015190774
2.6179676e-06
0.00015110634
2.5442448e-06
0.00015032862
2.4736652e-06
0.00014957238
2.4094243e-06
0.000148836
2.3507897e-06
0.0001481188
2.2936938e-06
0.00014741967
2.2391842e-06
0.0001467371
2.1895103e-06
0.00014607024
2.1426505e-06
0.00014541849
2.0969964e-06
0.00014478077
2.0544914e-06
0.00014415619
2.014877e-06
0.00014354418
1.9768856e-06
0.00014294397
1.9410955e-06
0.00014235499
1.9069239e-06
0.00014177662
1.8746085e-06
0.00014120821
1.8443567e-06
0.00014064953
1.8144897e-06
0.00014009987
1.7868736e-06
0.00013955875
1.7607901e-06
0.00013902603
1.7349008e-06
0.00013850117
1.7106482e-06
0.00013798379
1.687604e-06
0.00013747363
1.6653022e-06
0.00013697041
1.6437404e-06
0.00013647377
1.6233732e-06
0.0001359836
1.6031974e-06
0.00013549962
1.5838603e-06
0.00013502147
1.5657162e-06
0.00013454905
1.5477908e-06
0.00013408209
1.5306726e-06
0.00013362034
1.5143404e-06
0.00013316375
1.4981279e-06
0.00013271206
1.4826592e-06
0.00013226518
1.46752e-06
0.00013182291
1.4529489e-06
0.00013138513
1.438714e-06
0.00013095165
1.4251623e-06
0.00013052242
1.4116153e-06
0.00013009724
1.3987716e-06
0.00012967609
1.3859302e-06
0.00012925876
1.3737789e-06
0.00012884524
1.3616088e-06
0.00012843532
1.3501289e-06
0.00012802905
1.3384173e-06
0.00012762621
1.3274319e-06
0.00012722685
1.316313e-06
0.00012683073
1.3058572e-06
0.00012643796
1.2950982e-06
0.0001260482
1.2854325e-06
0.00012566167
1.2750142e-06
0.00012527783
1.2664614e-06
0.00012489694
1.2566621e-06
0.00012451975
1.2454356e-06
0.00012413514
1.2682329e-06
0.00012378768
1.150304e-06
0.00012333931
1.4708815e-06
1.0356217e-06
0.00022365568
7.9982329e-06
0.00022390093
1.3468021e-05
0.00022421096
1.6320556e-05
0.00022447662
1.6014697e-05
0.00022464749
1.3729055e-05
0.00022475883
1.1475705e-05
0.00022486823
1.0592307e-05
0.00022496791
1.1011171e-05
0.00022494498
1.1990637e-05
0.00022454738
1.2958343e-05
0.00022338608
1.3683149e-05
0.00022109347
1.4076013e-05
0.00021770354
1.4060116e-05
0.00021372782
1.3543755e-05
0.00020973067
1.2638383e-05
0.00020605291
1.157818e-05
0.00020275076
1.0582906e-05
0.00019975959
9.7724933e-06
0.00019704838
9.0646321e-06
0.00019457354
8.4412672e-06
0.00019229112
7.8969861e-06
0.00019017607
7.400353e-06
0.00018820639
6.9600664e-06
0.00018636096
6.5879829e-06
0.00018462564
6.2500438e-06
0.00018298886
5.9391596e-06
0.00018144169
5.6473846e-06
0.00017997302
5.377022e-06
0.00017857143
5.1396618e-06
0.00017723252
4.9259426e-06
0.00017595394
4.7268487e-06
0.00017473264
4.5356648e-06
0.00017356263
4.3575475e-06
0.00017243724
4.1992506e-06
0.00017135394
4.0540603e-06
0.00017031126
3.9172154e-06
0.00016930668
3.7856112e-06
0.00016833596
3.6662629e-06
0.00016739644
3.5574959e-06
0.00016648697
3.4537106e-06
0.00016560574
3.3549001e-06
0.00016474986
3.2652955e-06
0.00016391769
3.1829667e-06
0.00016310842
3.1029634e-06
0.00016232047
3.0271269e-06
0.00016155209
2.9578961e-06
0.0001608024
2.8923438e-06
0.00016007054
2.8288526e-06
0.00015935514
2.7698923e-06
0.00015865527
2.7147451e-06
0.00015797021
2.6619459e-06
0.00015729899
2.612313e-06
0.00015664096
2.5649596e-06
0.00015599535
2.5202154e-06
0.00015536144
2.4782654e-06
0.00015473887
2.4370614e-06
0.00015412683
2.3989161e-06
0.00015352478
2.3628334e-06
0.00015293249
2.3271925e-06
0.00015234933
2.2938139e-06
0.00015177487
2.2620593e-06
0.00015120877
2.2314e-06
0.00015065071
2.2018067e-06
0.00015010025
2.1738268e-06
0.00014955725
2.1461983e-06
0.00014902138
2.1197362e-06
0.00014849222
2.094869e-06
0.00014796965
2.0703685e-06
0.00014745334
2.0469815e-06
0.00014694302
2.0246627e-06
0.00014643858
2.0025625e-06
0.00014593976
1.9814802e-06
0.00014544642
1.9608581e-06
0.00014495834
1.9410307e-06
0.00014447538
1.9216735e-06
0.0001439973
1.903243e-06
0.00014352406
1.8848591e-06
0.00014305541
1.8674199e-06
0.00014259133
1.8500108e-06
0.00014213157
1.833538e-06
0.00014167612
1.8170561e-06
0.00014122474
1.8015098e-06
0.00014077748
1.7856759e-06
0.00014033409
1.7708215e-06
0.00013989461
1.7557976e-06
0.00013945878
1.7416809e-06
0.00013902672
1.7271607e-06
0.00013859805
1.7141039e-06
0.00013817298
1.7000788e-06
0.00013775097
1.6884747e-06
0.00013733221
1.6754198e-06
0.00013691769
1.6599559e-06
0.00013649497
1.6909543e-06
0.00013611302
1.5322517e-06
0.0001356202
1.9637099e-06
1.3760089e-06
0.00023623777
7.9171947e-06
0.0002364797
1.3225958e-05
0.00023677511
1.6025074e-05
0.00023699848
1.5791448e-05
0.00023709491
1.3632684e-05
0.00023710539
1.1465198e-05
0.0002371033
1.05943e-05
0.00023713235
1.098208e-05
0.00023719626
1.1926705e-05
0.00023726877
1.2885757e-05
0.00023728081
1.3671107e-05
0.00023705835
1.4298621e-05
0.00023630545
1.4812958e-05
0.00023467044
1.5178813e-05
0.00023203168
1.5277098e-05
0.00022865454
1.495535e-05
0.0002249966
1.4240806e-05
0.00022144381
1.332531e-05
0.0002181405
1.2367956e-05
0.000215079
1.1502772e-05
0.00021224745
1.0728539e-05
0.00020964112
1.0006675e-05
0.00020723259
9.3685939e-06
0.00020500205
8.8185223e-06
0.00020292586
8.3262381e-06
0.00020098134
7.8836809e-06
0.00019915305
7.4756715e-06
0.00019742825
7.101826e-06
0.00019579558
6.7723335e-06
0.00019424641
6.4751134e-06
0.00019277286
6.2003966e-06
0.00019136918
5.9393403e-06
0.00019002615
5.7005767e-06
0.0001887359
5.4895056e-06
0.00018749712
5.2928395e-06
0.00018630813
5.1062015e-06
0.00018516471
4.9290338e-06
0.0001840613
4.769676e-06
0.00018299521
4.6235873e-06
0.00018196542
4.4834957e-06
0.00018096931
4.3510101e-06
0.00018000312
4.2314813e-06
0.00017906531
4.120777e-06
0.00017815488
4.0133972e-06
0.00017726963
3.9123782e-06
0.00017640752
3.8200085e-06
0.00017556767
3.7321872e-06
0.00017474887
3.6476525e-06
0.00017394938
3.5693859e-06
0.00017316826
3.4958655e-06
0.00017240459
3.4256186e-06
0.00017165714
3.3597556e-06
0.00017092517
3.2969298e-06
0.00017020777
3.2376188e-06
0.00016950408
3.1819563e-06
0.00016881361
3.1275271e-06
0.00016813542
3.0771088e-06
0.00016746892
3.0293362e-06
0.00016681374
2.9823675e-06
0.00016616915
2.9384047e-06
0.00016553468
2.8965321e-06
0.00016490989
2.856194e-06
0.00016429437
2.817324e-06
0.00016368765
2.7805447e-06
0.00016308951
2.7443361e-06
0.00016249956
2.7096906e-06
0.00016191734
2.6770872e-06
0.00016134266
2.6450463e-06
0.00016077516
2.6144825e-06
0.00016021452
2.5853033e-06
0.0001596606
2.5564852e-06
0.00015911308
2.5289983e-06
0.00015857181
2.5021327e-06
0.00015803651
2.4763259e-06
0.00015750703
2.4511528e-06
0.00015698309
2.4271801e-06
0.00015646463
2.4033226e-06
0.00015595137
2.380678e-06
0.00015544327
2.3581116e-06
0.00015494005
2.336756e-06
0.00015444169
2.3154178e-06
0.00015394792
2.2952847e-06
0.00015345877
2.2748214e-06
0.00015297398
2.2556143e-06
0.00015249356
2.2362124e-06
0.00015201726
2.2179862e-06
0.00015154516
2.1992612e-06
0.00015107687
2.1823955e-06
0.00015061259
2.164355e-06
0.00015015176
2.1493017e-06
0.00014969451
2.1326709e-06
0.00014924208
2.1123894e-06
0.0001487807
2.1523373e-06
0.00014836363
1.9493153e-06
0.00014782586
2.5014845e-06
1.7466541e-06
0.00024952697
7.8346277e-06
0.00024977311
1.2979895e-05
0.00025007144
1.572685e-05
0.00025029601
1.5566751e-05
0.00025038751
1.354118e-05
0.0002503819
1.1470802e-05
0.00025035308
1.0623086e-05
0.00025034658
1.0988674e-05
0.00025037065
1.1902667e-05
0.00025041674
1.2839685e-05
0.00025047362
1.3614256e-05
0.00025052527
1.4246982e-05
0.00025053247
1.4805701e-05
0.00025038594
1.5325305e-05
0.00024987308
1.5789991e-05
0.00024867614
1.6152277e-05
0.00024659125
1.6325689e-05
0.00024372351
1.6193061e-05
0.00024040504
1.5686428e-05
0.00023699577
1.4912047e-05
0.00023372197
1.4002337e-05
0.00023062292
1.3105718e-05
0.00022768363
1.2307878e-05
0.0002249479
1.1554262e-05
0.00022241101
1.086312e-05
0.00022004612
1.0248573e-05
0.00021783757
9.6842224e-06
0.00021577022
9.1691797e-06
0.00021383117
8.7113855e-06
0.00021200694
8.2993434e-06
0.00021028212
7.9252114e-06
0.00020864609
7.5753683e-06
0.00020708976
7.2569092e-06
0.00020560545
6.973813e-06
0.00020418717
6.7111204e-06
0.00020282993
6.4634422e-06
0.00020152697
6.2319908e-06
0.00020027144
6.0252153e-06
0.00019906116
5.833858e-06
0.00019789505
5.6496132e-06
0.000196769
5.4770575e-06
0.00019567837
5.322113e-06
0.00019462197
5.1771763e-06
0.00019359835
5.0370155e-06
0.00019260451
4.9062172e-06
0.00019163816
4.7863588e-06
0.00019069843
4.6719199e-06
0.00018978353
4.5625517e-06
0.00018889132
4.4615906e-06
0.00018802094
4.3662533e-06
0.00018717112
4.2754346e-06
0.00018634034
4.1905324e-06
0.00018552777
4.1095018e-06
0.0001847323
4.0330951e-06
0.0001839529
3.9613516e-06
0.00018318895
3.8914735e-06
0.00018243933
3.8267349e-06
0.00018170338
3.7652869e-06
0.00018098059
3.7051497e-06
0.0001802701
3.6489023e-06
0.00017957136
3.5952686e-06
0.00017888384
3.5437193e-06
0.00017820703
3.4941272e-06
0.0001775404
3.4471741e-06
0.00017688365
3.4010849e-06
0.00017623631
3.3570368e-06
0.00017559786
3.3155337e-06
0.00017496806
3.274846e-06
0.00017434648
3.2360668e-06
0.00017373275
3.1990283e-06
0.00017312669
3.1625465e-06
0.00017252793
3.1277556e-06
0.00017193628
3.0937841e-06
0.00017135143
3.0611793e-06
0.00017077317
3.0294072e-06
0.00017020121
2.9991442e-06
0.00016963544
2.9690973e-06
0.00016907555
2.9405628e-06
0.00016852148
2.9121794e-06
0.00016797293
2.8853133e-06
0.00016742983
2.8585117e-06
0.00016689191
2.8332118e-06
0.00016635917
2.8075563e-06
0.00016583132
2.7834597e-06
0.00016530838
2.7591577e-06
0.00016479004
2.7363252e-06
0.00016427639
2.7129078e-06
0.00016376702
2.6917718e-06
0.0001632621
2.6692692e-06
0.00016276108
2.6503255e-06
0.00016226398
2.6297716e-06
0.00016177233
2.6040418e-06
0.000161271
2.6536653e-06
0.00016081756
2.4027562e-06
0.00016023344
3.0856051e-06
2.148547e-06
0.0002635638
7.7512706e-06
0.00026381441
1.2729214e-05
0.00026411716
1.5423992e-05
0.00026434694
1.5337074e-05
0.00026444225
1.3445913e-05
0.00026443558
1.1477457e-05
0.00026440079
1.0657797e-05
0.00026438512
1.1004332e-05
0.00026439805
1.1889744e-05
0.00026443036
1.2807317e-05
0.00026447125
1.3573381e-05
0.00026451458
1.420374e-05
0.00026455734
1.4762918e-05
0.00026459245
1.5290187e-05
0.00026459493
1.5787502e-05
0.00026449247
1.6254738e-05
0.00026412633
1.6691798e-05
0.00026323908
1.7080349e-05
0.00026158366
1.7341855e-05
0.0002591337
1.7362021e-05
0.00025612276
1.7013272e-05
0.00025287232
1.6356161e-05
0.00024962724
1.5552954e-05
0.00024649492
1.4686579e-05
0.00024349039
1.3867646e-05
0.00024064326
1.3095704e-05
0.00023797809
1.234939e-05
0.00023547774
1.1669539e-05
0.00023313459
1.1054528e-05
0.00023094117
1.049277e-05
0.00022888016
9.9862138e-06
0.00022693709
9.5184404e-06
0.00022510246
9.0915448e-06
0.00022336803
8.7082363e-06
0.00022172167
8.3574857e-06
0.00022015308
8.032029e-06
0.00021865459
7.7304832e-06
0.00021721959
7.4602111e-06
0.00021584296
7.2104886e-06
0.00021452029
6.9722869e-06
0.00021324509
6.7522555e-06
0.00021201209
6.5551107e-06
0.00021082084
6.3684296e-06
0.00020966896
6.1888968e-06
0.00020855233
6.0228496e-06
0.00020746853
5.8701552e-06
0.00020641671
5.7237428e-06
0.0002053942
5.5850589e-06
0.00020439847
5.4573169e-06
0.00020342879
5.3359344e-06
0.00020248338
5.2208433e-06
0.00020156035
5.1135673e-06
0.00020065881
5.0110358e-06
0.00019977738
4.914525e-06
0.00019891484
4.8238968e-06
0.00019807038
4.7359302e-06
0.00019724267
4.6544488e-06
0.00019643098
4.5769778e-06
0.00019563462
4.5015104e-06
0.00019485254
4.43098e-06
0.00019408415
4.3636531e-06
0.00019332877
4.2991043e-06
0.0001925858
4.2370993e-06
0.0001918546
4.1783697e-06
0.0001911348
4.1208894e-06
0.00019042581
4.0660234e-06
0.00018972707
4.0142747e-06
0.00018903825
3.9636628e-06
0.00018835885
3.9154714e-06
0.00018768845
3.8694229e-06
0.00018702681
3.8241925e-06
0.0001863735
3.7810665e-06
0.00018572828
3.7390035e-06
0.00018509079
3.6986671e-06
0.00018446079
3.6594045e-06
0.00018383794
3.6220011e-06
0.00018322208
3.5849536e-06
0.00018261289
3.5497541e-06
0.00018201026
3.5148089e-06
0.00018141385
3.4817246e-06
0.00018082358
3.4487773e-06
0.00018023913
3.4176586e-06
0.00017966051
3.386181e-06
0.00017908738
3.356594e-06
0.00017851972
3.3268094e-06
0.00017795723
3.2988164e-06
0.00017739997
3.2701656e-06
0.0001768475
3.2442453e-06
0.00017629998
3.2167872e-06
0.00017575685
3.1934607e-06
0.00017521802
3.1686016e-06
0.00017468533
3.1367342e-06
0.00017414225
3.1967433e-06
0.00017365071
2.8942957e-06
0.00017301821
3.7181031e-06
2.5830685e-06
0.00027839056
7.667487e-06
0.00027864544
1.2474411e-05
0.00027895239
1.5117161e-05
0.0002791874
1.5101927e-05
0.00027928771
1.3345584e-05
0.0002792835
1.1481666e-05
0.00027924804
1.069326e-05
0.00027922959
1.1022856e-05
0.00027923898
1.1880384e-05
0.00027926745
1.2778858e-05
0.00027930365
1.3537211e-05
0.00027934095
1.4166429e-05
0.00027937735
1.4726466e-05
0.00027941268
1.5254851e-05
0.0002794453
1.5754887e-05
0.00027946967
1.6230362e-05
0.00027946842
1.6693043e-05
0.00027939284
1.7155943e-05
0.00027912485
1.7609848e-05
0.00027845859
1.8028269e-05
0.00027711876
1.8353103e-05
0.00027499595
1.8478972e-05
0.00027225129
1.8297605e-05
0.00026915578
1.7782098e-05
0.00026596015
1.7063274e-05
0.00026282391
1.6231939e-05
0.00025977954
1.5393765e-05
0.00025683146
1.4617616e-05
0.00025403684
1.3849146e-05
0.00025140525
1.3124361e-05
0.00024892872
1.2462745e-05
0.00024660125
1.1845913e-05
0.00024441084
1.1281951e-05
0.00024234833
1.077075e-05
0.0002404023
1.0303514e-05
0.00023855882
9.8755137e-06
0.00023680908
9.4802211e-06
0.00023514635
9.1229373e-06
0.00023356132
8.7955185e-06
0.00023204457
8.4890424e-06
0.00023058964
8.2071833e-06
0.00022919117
7.953585e-06
0.00022784503
7.7145647e-06
0.00022654623
7.4877007e-06
0.00022528921
7.2798621e-06
0.00022407173
7.087639e-06
0.00022289285
6.9026261e-06
0.00022174862
6.7292813e-06
0.00022063618
6.5697601e-06
0.00021955498
6.4171379e-06
0.00021850244
6.2733771e-06
0.00021747628
6.1397267e-06
0.00021647564
6.0116771e-06
0.0002154987
5.8914726e-06
0.00021454397
5.7786209e-06
0.00021361049
5.6694115e-06
0.00021269664
5.5683035e-06
0.0002118016
5.4720182e-06
0.00021092444
5.3786699e-06
0.00021006392
5.291492e-06
0.00020921939
5.2081871e-06
0.00020838995
5.1285432e-06
0.00020757492
5.0521344e-06
0.00020677354
4.9797504e-06
0.00020598531
4.9091159e-06
0.00020520955
4.8417791e-06
0.00020444561
4.7782198e-06
0.00020369307
4.7162015e-06
0.00020295133
4.6572106e-06
0.00020221993
4.6008197e-06
0.00020149854
4.5455893e-06
0.00020078666
4.49294e-06
0.00020008401
4.4416523e-06
0.00019939017
4.3925136e-06
0.00019870483
4.3447398e-06
0.00019802761
4.2992247e-06
0.00019735831
4.2542515e-06
0.00019669656
4.2115048e-06
0.00019604222
4.1691522e-06
0.00019539489
4.1290471e-06
0.00019475449
4.089182e-06
0.00019412064
4.0515077e-06
0.00019349332
4.0134977e-06
0.00019287217
3.9777441e-06
0.00019225716
3.9418232e-06
0.00019164793
3.9080474e-06
0.00019104454
3.873559e-06
0.0001904465
3.8422784e-06
0.00018985397
3.8093158e-06
0.00018926638
3.7810544e-06
0.00018868352
3.7514655e-06
0.00018810755
3.7127039e-06
0.00018752049
3.7837955e-06
0.00018698876
3.4260285e-06
0.00018630536
4.4015072e-06
3.0519142e-06
0.00029405162
7.5839366e-06
0.00029431019
1.2215866e-05
0.00029462117
1.4806084e-05
0.00029486121
1.4861919e-05
0.00029496667
1.3240143e-05
0.00029496595
1.1482373e-05
0.00029493177
1.0727387e-05
0.00029491301
1.1041633e-05
0.0002949213
1.1872093e-05
0.00029494857
1.2751577e-05
0.00029498353
1.3502264e-05
0.00029501928
1.4130719e-05
0.00029505367
1.469206e-05
0.00029508673
1.5221776e-05
0.00029511794
1.5723671e-05
0.00029514652
1.6201781e-05
0.00029517122
1.6668327e-05
0.00029518843
1.7138754e-05
0.0002951854
1.7612887e-05
0.00029512753
1.8086143e-05
0.00029492418
1.8556452e-05
0.00029440115
1.9002019e-05
0.00029330953
1.9389209e-05
0.00029146645
1.9625177e-05
0.00028893416
1.9595567e-05
0.00028597138
1.9194712e-05
0.00028283282
1.8532334e-05
0.0002796837
1.7766732e-05
0.00027659034
1.6942503e-05
0.00027356688
1.6147823e-05
0.00027066243
1.5367192e-05
0.00026790773
1.4600616e-05
0.00026529875
1.3890926e-05
0.00026283837
1.3231139e-05
0.00026052104
1.2620838e-05
0.00025833354
1.2063018e-05
0.00025626626
1.15475e-05
0.00025431043
1.1078766e-05
0.00025245612
1.0649829e-05
0.00025069111
1.0254049e-05
0.00024900905
9.8892455e-06
0.00024740411
9.5585286e-06
0.00024586696
9.2517088e-06
0.00024439019
8.9644729e-06
0.00024296841
8.7016438e-06
0.00024159747
8.4585796e-06
0.00024027331
8.2267872e-06
0.00023899018
8.0124063e-06
0.00023774505
7.8148869e-06
0.00023653756
7.6246348e-06
0.00023536397
7.4469612e-06
0.00023422165
7.2820544e-06
0.00023310974
7.1235815e-06
0.00023202581
6.9754013e-06
0.00023096812
6.8363151e-06
0.00022993546
6.7020675e-06
0.00022892588
6.5778821e-06
0.00022793845
6.4594478e-06
0.00022697193
6.3451976e-06
0.00022602486
6.2385574e-06
0.00022509649
6.1365599e-06
0.00022418568
6.0393563e-06
0.00022329162
5.9461865e-06
0.00022241343
5.8579388e-06
0.00022155047
5.7720836e-06
0.00022070191
5.6903356e-06
0.00021986699
5.6131387e-06
0.00021904521
5.5379866e-06
0.00021823584
5.46658e-06
0.00021743836
5.3982977e-06
0.00021665233
5.331618e-06
0.0002158772
5.2680693e-06
0.0002151126
5.206249e-06
0.00021435804
5.1470744e-06
0.00021361317
5.0896154e-06
0.00021287752
5.0348739e-06
0.00021215085
4.9809154e-06
0.00021143275
4.9296128e-06
0.00021072301
4.8788878e-06
0.00021002121
4.8308479e-06
0.00020932721
4.7831873e-06
0.00020864059
4.7381211e-06
0.00020796132
4.6927743e-06
0.00020728897
4.6500891e-06
0.0002066235
4.6072946e-06
0.00020596451
4.5670343e-06
0.00020531204
4.5260296e-06
0.00020466558
4.488741e-06
0.00020402524
4.4496594e-06
0.00020339045
4.4158426e-06
0.00020276086
4.381048e-06
0.00020213901
4.3345586e-06
0.00020150539
4.4174173e-06
0.00020093103
4.0003831e-06
0.00020019376
5.1387795e-06
3.5570569e-06
0.00031059399
7.5010325e-06
0.00031085575
1.1954193e-05
0.00031117042
1.4491483e-05
0.00031141504
1.4617177e-05
0.00031152572
1.3129449e-05
0.00031152901
1.1479084e-05
0.00031149703
1.0759384e-05
0.00031147917
1.105955e-05
0.0003114876
1.1863693e-05
0.0003115148
1.2724388e-05
0.00031154971
1.3467382e-05
0.00031158536
1.4095042e-05
0.00031161953
1.4657848e-05
0.0003116522
1.5189106e-05
0.00031168297
1.5692911e-05
0.00031171142
1.6173323e-05
0.00031173726
1.6642492e-05
0.00031176042
1.7115595e-05
0.00031177984
1.7593462e-05
0.00031179221
1.8073773e-05
0.00031178803
1.8560633e-05
0.00031173978
1.9050258e-05
0.00031157968
1.9549318e-05
0.0003111597
2.0045158e-05
0.00031025459
2.050067e-05
0.00030862399
2.0825316e-05
0.00030625795
2.0898371e-05
0.00030340472
2.0619961e-05
0.00030031193
2.0035297e-05
0.00029715169
1.9308064e-05
0.00029402008
1.8498804e-05
0.00029093563
1.7685063e-05
0.00028792891
1.6897643e-05
0.00028505396
1.6106093e-05
0.00028231767
1.5357127e-05
0.00027972473
1.4655956e-05
0.00027727466
1.3997567e-05
0.00027495958
1.3393849e-05
0.0002727719
1.2837511e-05
0.00027069906
1.232689e-05
0.00026873219
1.1856115e-05
0.00026686412
1.1426599e-05
0.00026508434
1.1031486e-05
0.00026338405
1.0664761e-05
0.00026175788
1.032782e-05
0.00026019878
1.0017671e-05
0.0002586989
9.7266675e-06
0.00025725257
9.4587452e-06
0.00025585548
9.2119671e-06
0.00025450394
8.9761807e-06
0.00025319253
8.7583749e-06
0.00025191842
8.5561547e-06
0.00025068075
8.3612525e-06
0.00024947615
8.1800013e-06
0.00024830268
8.0097841e-06
0.00024715884
7.8459135e-06
0.00024604219
7.6945318e-06
0.00024495171
7.5499297e-06
0.00024388572
7.4111876e-06
0.00024284256
7.2817122e-06
0.00024182134
7.1577848e-06
0.00024082058
7.0401134e-06
0.00023983939
6.9273754e-06
0.00023887667
6.8206572e-06
0.00023793161
6.7171498e-06
0.00023700324
6.618702e-06
0.00023609065
6.5257275e-06
0.00023519322
6.4354203e-06
0.00023431009
6.3497078e-06
0.00023344066
6.2677261e-06
0.00023258437
6.1879132e-06
0.00023174057
6.1118644e-06
0.00023090882
6.0379965e-06
0.00023008854
5.9673595e-06
0.00022927929
5.8988598e-06
0.00022848056
5.8336083e-06
0.00022769203
5.769446e-06
0.00022691321
5.7084295e-06
0.00022614387
5.648227e-06
0.00022538351
5.5912073e-06
0.00022463195
5.5347493e-06
0.00022388873
5.4813385e-06
0.00022315377
5.4277401e-06
0.0002224266
5.3772553e-06
0.00022170715
5.3267518e-06
0.00022099497
5.279213e-06
0.00022029007
5.2309267e-06
0.00021959191
5.1868989e-06
0.00021890056
5.1410073e-06
0.00021821547
5.1009355e-06
0.00021753612
5.0603995e-06
0.00021686542
5.0052612e-06
0.00021618228
5.1005578e-06
0.00021556255
4.6201082e-06
0.00021476804
5.9332888e-06
4.100733e-06
0.00032806746
7.4189955e-06
0.00032833161
1.1690109e-05
0.00032864934
1.4173714e-05
0.00032889838
1.4368073e-05
0.00032901439
1.3013436e-05
0.00032902201
1.1471453e-05
0.00032899267
1.0788694e-05
0.0003289763
1.1075941e-05
0.00032898557
1.1854426e-05
0.00032901341
1.2696562e-05
0.000329049
1.3431792e-05
0.00032908535
1.4058718e-05
0.0003291201
1.4623073e-05
0.00032915317
1.5156032e-05
0.00032918424
1.5661836e-05
0.000329213
1.6144565e-05
0.00032923934
1.6616142e-05
0.00032926355
1.709139e-05
0.00032928546
1.7571557e-05
0.00032930456
1.8054674e-05
0.00032931989
1.8545309e-05
0.00032932826
1.9041884e-05
0.00032932255
1.9555025e-05
0.00032928086
2.0086847e-05
0.00032915058
2.0630954e-05
0.00032880272
2.1173171e-05
0.00032802254
2.1678552e-05
0.00032656385
2.2078649e-05
0.00032434593
2.2253225e-05
0.00032156459
2.2089398e-05
0.00031849447
2.1568921e-05
0.00031531814
2.08614e-05
0.00031214426
2.0071516e-05
0.00030899905
1.9251312e-05
0.00030589699
1.8459188e-05
0.00030290298
1.7649959e-05
0.00030003938
1.6861164e-05
0.00029731477
1.6118464e-05
0.0002947347
1.5417582e-05
0.00029229177
1.4769816e-05
0.00028997895
1.4168935e-05
0.0002877886
1.3616951e-05
0.00028571029
1.31098e-05
0.00028373396
1.264109e-05
0.00028185194
1.2209841e-05
0.00028005596
1.1813652e-05
0.00027833687
1.1445755e-05
0.00027668935
1.1106265e-05
0.0002751072
1.0794112e-05
0.00027358256
1.0500828e-05
0.00027211
1.0230933e-05
0.00027068545
9.9807071e-06
0.00026930471
9.7419874e-06
0.00026796311
9.5215987e-06
0.00026665868
9.3142142e-06
0.00026538943
9.1151697e-06
0.00026415229
8.9316685e-06
0.00026294621
8.7560111e-06
0.00026176892
8.5884825e-06
0.0002606185
8.4321282e-06
0.00025949388
8.2824012e-06
0.00025839318
8.1408129e-06
0.00025731541
8.005144e-06
0.0002562592
7.876872e-06
0.00025522351
7.7528401e-06
0.00025420723
7.634982e-06
0.00025320924
7.5237154e-06
0.00025222878
7.4158787e-06
0.00025126485
7.3136408e-06
0.00025031673
7.2158427e-06
0.00024938371
7.1209334e-06
0.00024846506
7.0305164e-06
0.00024756022
6.9428401e-06
0.00024666849
6.8590853e-06
0.00024578938
6.7779742e-06
0.00024492226
6.7007297e-06
0.00024406674
6.6249575e-06
0.00024322228
6.5528936e-06
0.00024238856
6.4819438e-06
0.00024156503
6.4147454e-06
0.00024075143
6.3483425e-06
0.00023994727
6.2854983e-06
0.00023915241
6.2226045e-06
0.00023836633
6.1633318e-06
0.00023758891
6.1041698e-06
0.00023681968
6.0484512e-06
0.00023605859
5.9920168e-06
0.00023530506
5.9404218e-06
0.00023455913
5.8869405e-06
0.00023382024
5.8398233e-06
0.0002330877
5.7929392e-06
0.00023236483
5.7281315e-06
0.00023162887
5.836521e-06
0.0002309607
5.2882742e-06
0.00023010518
6.7888077e-06
4.6854406e-06
0.0003465243
7.338122e-06
0.00034679015
1.1424311e-05
0.00034711041
1.3853498e-05
0.0003473635
1.4114881e-05
0.00034748493
1.2891999e-05
0.00034749727
1.1459112e-05
0.00034747094
1.0815054e-05
0.00034745639
1.109053e-05
0.00034746683
1.1844013e-05
0.00034749569
1.2667711e-05
0.0003475324
1.3395096e-05
0.00034756993
1.4021163e-05
0.00034760582
1.4587158e-05
0.00034763985
1.5121997e-05
0.00034767171
1.5629985e-05
0.00034770112
1.6115154e-05
0.00034772809
1.6589177e-05
0.00034775305
1.7066434e-05
0.00034777603
1.7548563e-05
0.00034779686
1.8033845e-05
0.00034781536
1.8526802e-05
0.00034783086
1.9026384e-05
0.00034784262
1.954327e-05
0.00034784815
2.0081318e-05
0.00034784147
2.0637637e-05
0.00034780435
2.1210285e-05
0.00034769088
2.1792025e-05
0.00034739166
2.2377874e-05
0.00034670379
2.2941093e-05
0.00034537436
2.3418826e-05
0.00034326201
2.3681268e-05
0.00034052032
2.3603097e-05
0.00033745345
2.3138384e-05
0.00033425436
2.2450398e-05
0.0003310259
2.1687649e-05
0.00032780876
2.0867097e-05
0.00032461868
2.0051244e-05
0.00032151198
1.9225167e-05
0.00031852578
1.8403788e-05
0.00031567207
1.7623525e-05
0.00031296071
1.6880288e-05
0.00031038957
1.6188094e-05
0.00030795293
1.5546444e-05
0.00030564268
1.4951331e-05
0.0003034494
1.4403128e-05
0.00030136436
1.3898687e-05
0.0002993773
1.3432815e-05
0.00029748089
1.3002682e-05
0.00029566766
1.2607338e-05
0.00029392872
1.2239764e-05
0.00029225904
1.1900616e-05
0.00029065257
1.1587176e-05
0.00028910166
1.1292902e-05
0.00028760136
1.1021895e-05
0.00028614793
1.0767643e-05
0.00028473641
1.0526694e-05
0.00028336291
1.0305163e-05
0.00028202646
1.0092459e-05
0.00028072395
9.8909951e-06
0.00027945317
9.7029127e-06
0.00027821285
9.5227208e-06
0.00027700056
9.3530982e-06
0.00027581524
9.1904682e-06
0.00027465512
9.0369914e-06
0.00027351894
8.8890235e-06
0.00027240539
8.7485293e-06
0.00027131309
8.6160091e-06
0.00027024113
8.4878425e-06
0.00026918831
8.3664633e-06
0.00026815379
8.2503625e-06
0.00026713666
8.1380613e-06
0.00026613609
8.0310868e-06
0.00026515138
7.9275501e-06
0.00026418172
7.8287502e-06
0.00026322649
7.7332021e-06
0.00026228497
7.642246e-06
0.00026135669
7.5532365e-06
0.000260441
7.4685844e-06
0.00025953752
7.3854236e-06
0.0002586456
7.3066672e-06
0.00025776494
7.229001e-06
0.00025689496
7.1554753e-06
0.00025603548
7.0820912e-06
0.00025518591
7.0129018e-06
0.00025434608
6.9439986e-06
0.00025351546
6.879074e-06
0.00025269396
6.8135078e-06
0.00025188098
6.7534056e-06
0.00025107647
6.6914515e-06
0.0002502799
6.6363938e-06
0.00024949037
6.5824724e-06
0.00024871164
6.5068612e-06
0.00024791918
6.6289791e-06
0.00024719917
6.0082862e-06
0.00024627845
7.7095241e-06
5.3139483e-06
0.00036601985
7.2586121e-06
0.00036628653
1.1157715e-05
0.00036660878
1.3531255e-05
0.00036686561
1.3857966e-05
0.00036699252
1.2765069e-05
0.00036700993
1.1441689e-05
0.00036698694
1.0838029e-05
0.00036697447
1.1103027e-05
0.00036698631
1.1832161e-05
0.00036701641
1.2637635e-05
0.00036705451
1.3357014e-05
0.00036709355
1.3982121e-05
0.00036713094
1.4549749e-05
0.00036716633
1.5086599e-05
0.00036719938
1.5596926e-05
0.0003672298
1.6084736e-05
0.00036725764
1.6561331e-05
0.00036728341
1.704068e-05
0.00036730724
1.7524733e-05
0.00036732909
1.8011992e-05
0.00036734901
1.8506882e-05
0.00036736662
1.9008779e-05
0.00036738195
1.952793e-05
0.00036739475
2.0068525e-05
0.00036740404
2.0628346e-05
0.00036740749
2.1206829e-05
0.00036739932
2.1800198e-05
0.00036736408
2.2413116e-05
0.00036726092
2.3044254e-05
0.00036699496
2.368478e-05
0.00036636974
2.4306489e-05
0.0003651251
2.4847737e-05
0.00036307999
2.5183492e-05
0.00036035384
2.5176557e-05
0.00035726682
2.477466e-05
0.00035402719
2.4106728e-05
0.00035073689
2.3341551e-05
0.00034744509
2.2516968e-05
0.00034416635
2.1682529e-05
0.00034094875
2.0841119e-05
0.00033784084
1.99882e-05
0.00033485775
1.9171182e-05
0.00033201545
1.8388747e-05
0.00032931509
1.7651688e-05
0.00032675201
1.6966208e-05
0.00032432056
1.633014e-05
0.00032201051
1.5742866e-05
0.00031981326
1.5199926e-05
0.00031771992
1.470068e-05
0.00031572081
1.4238875e-05
0.00031380903
1.3812394e-05
0.00031197729
1.3418921e-05
0.00031021754
1.3052653e-05
0.0003085248
1.2714634e-05
0.00030689261
1.2399833e-05
0.00030531394
1.2105367e-05
0.00030378435
1.1834753e-05
0.00030230012
1.1576687e-05
0.00030085598
1.1335131e-05
0.00029944944
1.1109452e-05
0.00029807901
1.0893151e-05
0.00029674155
1.0690561e-05
0.00029543589
1.0496125e-05
0.00029415978
1.0313105e-05
0.00029291168
1.0137117e-05
0.00029169006
9.9701548e-06
0.00029049319
9.8128804e-06
0.00028931997
9.6610635e-06
0.00028816898
9.5174502e-06
0.00028703923
9.3801173e-06
0.00028592955
9.2477323e-06
0.00028483902
9.1216253e-06
0.00028376674
8.9998306e-06
0.00028271175
8.8837342e-06
0.00028167333
8.7716207e-06
0.00028065062
8.6649554e-06
0.00027964304
8.5608189e-06
0.00027864983
8.4617932e-06
0.00027767053
8.3647296e-06
0.00027670437
8.2728231e-06
0.000275751
8.1823744e-06
0.00027480974
8.0967327e-06
0.00027388034
8.0114863e-06
0.00027296216
7.9310881e-06
0.00027205495
7.8512052e-06
0.00027115812
7.7759033e-06
0.00027027154
7.7000848e-06
0.00026939455
7.630405e-06
0.00026852702
7.5589752e-06
0.00026766845
7.4949613e-06
0.00026681771
7.4332165e-06
0.00026597903
7.3455384e-06
0.00026512602
7.481996e-06
0.0002643504
6.7839053e-06
0.00026335986
8.7000641e-06
5.9893096e-06
0.00038661257
7.1806943e-06
0.00038687912
1.0891204e-05
0.0003872028
1.3207574e-05
0.00038746302
1.3597682e-05
0.00038759547
1.2632622e-05
0.00038761833
1.1418831e-05
0.00038759905
1.0857339e-05
0.0003875889
1.111321e-05
0.00038760232
1.1818766e-05
0.00038763377
1.2606186e-05
0.00038767336
1.3317428e-05
0.0003877141
1.3941365e-05
0.00038775322
1.4510604e-05
0.00038779027
1.5049547e-05
0.00038782483
1.5562376e-05
0.00038785659
1.6052983e-05
0.00038788558
1.6532341e-05
0.00038791235
1.7013912e-05
0.00038793709
1.7499984e-05
0.00038795984
1.7989238e-05
0.00038798073
1.8485988e-05
0.00038799954
1.8989969e-05
0.00038801649
1.9510987e-05
0.00038803164
2.0053378e-05
0.00038804478
2.0615205e-05
0.00038805546
2.1196149e-05
0.00038806247
2.1793179e-05
0.00038806374
2.241185e-05
0.00038805391
2.305409e-05
0.00038801932
2.3719369e-05
0.00038792246
2.440335e-05
0.00038767592
2.5094274e-05
0.00038708834
2.5771075e-05
0.00038588947
2.6375427e-05
0.0003838814
2.6782721e-05
0.00038115088
2.6837257e-05
0.00037801558
2.6476851e-05
0.0003747157
2.5816844e-05
0.00037135204
2.5046183e-05
0.00036797974
2.421342e-05
0.0003646098
2.3358147e-05
0.00036127856
2.2502415e-05
0.00035804663
2.1620681e-05
0.00035493284
2.0765477e-05
0.00035195753
1.9941515e-05
0.00034912611
1.9161559e-05
0.00034643519
1.8433793e-05
0.00034387988
1.7755235e-05
0.00034145128
1.7129275e-05
0.0003391401
1.6550056e-05
0.0003369373
1.6015198e-05
0.00033483428
1.5521943e-05
0.00033282205
1.5064877e-05
0.000330894
1.4642683e-05
0.00032904233
1.4251511e-05
0.00032726044
1.3887257e-05
0.00032554333
1.3551864e-05
0.00032388371
1.32363e-05
0.00032227557
1.2943272e-05
0.00032071518
1.2669845e-05
0.00031919774
1.2410592e-05
0.00031771918
1.2169119e-05
0.00031627828
1.1937025e-05
0.0003148721
1.1719279e-05
0.00031349886
1.1510362e-05
0.00031215662
1.1312391e-05
0.00031084331
1.112619e-05
0.00030955762
1.094676e-05
0.00030829781
1.0777256e-05
0.00030706269
1.0615235e-05
0.00030585083
1.0459597e-05
0.00030466114
1.0311315e-05
0.00030349252
1.0168455e-05
0.00030234383
1.0032423e-05
0.00030121419
9.9012549e-06
0.0003001026
9.7765521e-06
0.00029900833
9.655088e-06
0.00029793051
9.5396136e-06
0.00029686855
9.4266862e-06
0.00029582159
9.3197869e-06
0.00029478916
9.2147999e-06
0.0002937705
9.1153891e-06
0.00029276529
9.016701e-06
0.00029177277
8.9236102e-06
0.00029079265
8.8313271e-06
0.00028982424
8.7443075e-06
0.00028886737
8.6569568e-06
0.0002879213
8.5764778e-06
0.00028698584
8.4944297e-06
0.0002860605
8.4203045e-06
0.00028514388
8.3498374e-06
0.00028424074
8.2486807e-06
0.00028332267
8.4000589e-06
0.0002824873
7.6192771e-06
0.00028142184
9.7655246e-06
6.7148837e-06
0.00040836417
7.1043836e-06
0.00040862963
1.0625825e-05
0.00040895411
1.2883129e-05
0.00040921732
1.3334386e-05
0.0004093553
1.2494617e-05
0.00040938395
1.1390163e-05
0.00040936876
1.0872526e-05
0.00040936119
1.1120797e-05
0.00040937638
1.180358e-05
0.00040940932
1.2573262e-05
0.00040945052
1.3276245e-05
0.00040949305
1.3898825e-05
0.00040953405
1.4469584e-05
0.00040957293
1.5010671e-05
0.0004096092
1.5526093e-05
0.00040964253
1.601966e-05
0.00040967294
1.6501927e-05
0.00040970096
1.69859e-05
0.00040972681
1.7474133e-05
0.00040975054
1.7965504e-05
0.00040977236
1.846417e-05
0.0004097921
1.8970226e-05
0.00040981009
1.9492995e-05
0.00040982655
2.0036924e-05
0.00040984143
2.0600325e-05
0.00040985462
2.118295e-05
0.0004098657
2.1782103e-05
0.00040987422
2.2403333e-05
0.00040987919
2.3049113e-05
0.00040987858
2.3719986e-05
0.00040986716
2.4414771e-05
0.00040983199
2.5129439e-05
0.00040973761
2.5865454e-05
0.00040949874
2.66143e-05
0.00040892873
2.7352733e-05
0.0004077483
2.8017682e-05
0.00040574091
2.8484249e-05
0.00040297199
2.8585755e-05
0.00039976402
2.8254155e-05
0.00039638797
2.7589475e-05
0.00039294202
2.6804095e-05
0.00038948059
2.5963844e-05
0.00038601156
2.5089713e-05
0.00038256263
2.4214403e-05
0.00037920322
2.3300932e-05
0.00037595599
2.2408781e-05
0.0003728457
2.1544087e-05
0.0003698808
2.0720131e-05
0.0003670601
1.9949977e-05
0.00036437954
1.9230619e-05
0.00036183027
1.8564467e-05
0.00035940383
1.7948384e-05
0.00035709014
1.7378569e-05
0.00035488063
1.6852194e-05
0.00035276625
1.6365887e-05
0.00035073921
1.59143e-05
0.00034879325
1.549782e-05
0.00034692019
1.5109364e-05
0.00034511464
1.4748815e-05
0.00034337112
1.4413372e-05
0.00034168208
1.4099633e-05
0.00034004275
1.3808441e-05
0.00033844918
1.35306e-05
0.00033689651
1.3271942e-05
0.0003353827
1.3024172e-05
0.00033390531
1.2789783e-05
0.00033246183
1.2569672e-05
0.00033105071
1.235788e-05
0.00032966981
1.2158154e-05
0.0003283177
1.1967346e-05
0.0003269926
1.1784703e-05
0.00032569325
1.161066e-05
0.00032441827
1.1443433e-05
0.00032316634
1.1284357e-05
0.00032193637
1.1131219e-05
0.00032072717
1.0985756e-05
0.00031953787
1.0844393e-05
0.00031836743
1.0710052e-05
0.00031721513
1.0578981e-05
0.00031607997
1.045495e-05
0.00031496138
1.033339e-05
0.00031385847
1.02183e-05
0.00031277082
1.0104346e-05
0.00031169758
9.996855e-06
0.00031063837
9.8905382e-06
0.00030959241
9.7902629e-06
0.00030855945
9.6899142e-06
0.00030753869
9.597238e-06
0.00030652986
9.5032667e-06
0.00030553245
9.4177136e-06
0.00030454479
9.3374932e-06
0.0003035722
9.2212768e-06
0.00030258414
9.3881187e-06
0.00030168445
8.5189675e-06
0.00030053846
1.0911514e-05
7.4943613e-06
0.00043133986
7.0297295e-06
0.00043160314
1.0362566e-05
0.0004319277
1.2558542e-05
0.00043219357
1.3068483e-05
0.00043233709
1.2351112e-05
0.00043237189
1.1355366e-05
0.00043236117
1.0883273e-05
0.00043235645
1.1125532e-05
0.00043237358
1.1786472e-05
0.00043240812
1.2538729e-05
0.00043245099
1.3233372e-05
0.00043249541
1.3854391e-05
0.00043253839
1.442659e-05
0.00043257922
1.4969841e-05
0.00043261736
1.5487958e-05
0.00043265243
1.5984593e-05
0.00043268444
1.6469922e-05
0.0004327139
1.6956432e-05
0.00043274105
1.7446978e-05
0.00043276595
1.7940604e-05
0.0004327888
1.8441318e-05
0.00043280949
1.894953e-05
0.0004328284
1.9474091e-05
0.00043284581
2.0019518e-05
0.00043286178
2.058435e-05
0.00043287635
2.1168378e-05
0.00043288925
2.1769207e-05
0.00043290041
2.2392175e-05
0.00043290961
2.3039913e-05
0.00043291635
2.3713242e-05
0.00043291959
2.4411536e-05
0.00043291707
2.5131951e-05
0.00043290371
2.5878817e-05
0.00043286674
2.665127e-05
0.00043277146
2.7448013e-05
0.00043253254
2.8256604e-05
0.00043196308
2.9053704e-05
0.00043077064
2.9778196e-05
0.0004287248
3.0299992e-05
0.00042588249
3.0431791e-05
0.00042257925
3.0107334e-05
0.00041911258
2.9430514e-05
0.00041557354
2.8628751e-05
0.00041201301
2.7774932e-05
0.00040843576
2.6878187e-05
0.00040486267
2.5981866e-05
0.00040137054
2.503622e-05
0.00039798672
2.4103954e-05
0.00039473949
2.3197202e-05
0.00039163975
2.2330358e-05
0.0003886877
2.1516524e-05
0.00038588058
2.0755495e-05
0.00038320944
2.0049713e-05
0.0003806657
1.9395938e-05
0.00037823931
1.8792268e-05
0.00037592088
1.823273e-05
0.00037370234
1.7716365e-05
0.00037157461
1.7237089e-05
0.000369531
1.6792431e-05
0.00036756474
1.6379632e-05
0.00036566893
1.5995439e-05
0.00036383817
1.5639201e-05
0.00036206537
1.5303406e-05
0.00036034468
1.4992633e-05
0.00035867231
1.469654e-05
0.00035704282
1.4419267e-05
0.00035545322
1.415928e-05
0.00035390169
1.3909409e-05
0.00035238551
1.3674335e-05
0.00035090301
1.3449844e-05
0.00034945197
1.3235737e-05
0.00034803093
1.3031706e-05
0.00034663816
1.2836204e-05
0.00034527209
1.265042e-05
0.00034393143
1.2471883e-05
0.00034261472
1.2302469e-05
0.00034132091
1.2138197e-05
0.00034004881
1.1982158e-05
0.0003387975
1.183029e-05
0.00033756581
1.1686635e-05
0.00033635306
1.1546139e-05
0.00033515821
1.1413156e-05
0.00033398073
1.1281826e-05
0.00033281962
1.1157963e-05
0.00033167443
1.1035728e-05
0.00033054426
1.0920428e-05
0.00032942878
1.0805398e-05
0.0003283271
1.0698921e-05
0.00032723883
1.0591532e-05
0.0003261635
1.0493047e-05
0.0003250991
1.0401888e-05
0.00032405154
1.0268836e-05
0.00032298802
1.0451638e-05
0.00032201899
9.4880057e-06
0.0003207863
1.2144203e-05
8.3317959e-06
0.00045560843
6.9565737e-06
0.00045586858
1.0102482e-05
0.00045619245
1.2234699e-05
0.00045646051
1.2800375e-05
0.00045660947
1.2202131e-05
0.00045665072
1.1314101e-05
0.00045664487
1.0889114e-05
0.00045664331
1.1127114e-05
0.00045666259
1.1767194e-05
0.00045669887
1.2502458e-05
0.00045674352
1.3188739e-05
0.0004567899
1.3808008e-05
0.00045683494
1.4381534e-05
0.00045687781
1.4926967e-05
0.00045691793
1.5447838e-05
0.00045695486
1.5947661e-05
0.00045698861
1.6436168e-05
0.00045701968
1.6925367e-05
0.0004570483
1.7418357e-05
0.00045707452
1.7914386e-05
0.00045709856
1.8417277e-05
0.00045712032
1.892777e-05
0.00045714019
1.9454219e-05
0.0004571585
2.0001204e-05
0.00045717538
2.0567476e-05
0.00045719091
2.1152849e-05
0.00045720492
2.1755194e-05
0.00045721748
2.2379612e-05
0.00045722856
2.302883e-05
0.00045723806
2.3703742e-05
0.00045724567
2.440393e-05
0.00045725068
2.5126942e-05
0.00045725206
2.5877435e-05
0.0004572476
2.6655727e-05
0.00045723208
2.7463534e-05
0.00045719236
2.8296327e-05
0.0004570934
2.9152662e-05
0.0004568469
3.0024695e-05
0.00045626062
3.0886277e-05
0.0004550246
3.1667808e-05
0.00045289954
3.223239e-05
0.00044995008
3.2379973e-05
0.00044653155
3.2047287e-05
0.00044295988
3.1346598e-05
0.00043931612
3.0521955e-05
0.00043564305
2.965493e-05
0.00043194497
2.8734302e-05
0.00042824209
2.7806834e-05
0.00042461345
2.6825845e-05
0.00042109015
2.5853657e-05
0.00041770381
2.4902858e-05
0.0004144675
2.3991805e-05
0.00041138252
2.3134698e-05
0.00040844671
2.2331745e-05
0.00040565169
2.1587292e-05
0.00040298842
2.0895993e-05
0.00040044735
2.025744e-05
0.00039801846
1.9665983e-05
0.00039569295
1.9117937e-05
0.00039346254
1.8610041e-05
0.0003913196
1.8138383e-05
0.00038925754
1.7701258e-05
0.00038726881
1.729214e-05
0.00038534791
1.6913532e-05
0.00038348863
1.6555814e-05
0.00038168387
1.6224024e-05
0.00037992955
1.5913603e-05
0.00037822021
1.5618753e-05
0.0003765523
1.5342245e-05
0.00037492394
1.50782e-05
0.00037333234
1.4827335e-05
0.00037177576
1.4588293e-05
0.00037025207
1.4359888e-05
0.00036875943
1.4143068e-05
0.00036729623
1.3935081e-05
0.00036586073
1.3737963e-05
0.0003644517
1.3547235e-05
0.00036306766
1.3366197e-05
0.00036170752
1.3190426e-05
0.00036036992
1.3024234e-05
0.00035905401
1.286205e-05
0.00035775857
1.27086e-05
0.00035648295
1.2557445e-05
0.00035522598
1.2414928e-05
0.00035398711
1.2274598e-05
0.00035276531
1.2142233e-05
0.00035156013
1.2010583e-05
0.00035037059
1.1888461e-05
0.00034919618
1.1765939e-05
0.00034803643
1.1652801e-05
0.00034688898
1.1549336e-05
0.00034576037
1.1397449e-05
0.00034461536
1.1596647e-05
0.00034357143
1.0531934e-05
0.00034224525
1.3470384e-05
9.2316398e-06
0.00048124258
6.8847926e-06
0.00048149853
9.846553e-06
0.00048182085
1.1912332e-05
0.00048209071
1.2530497e-05
0.00048224506
1.2047803e-05
0.00048229306
1.1266104e-05
0.0004822925
1.0889704e-05
0.00048229437
1.112526e-05
0.000482316
1.1745575e-05
0.00048235416
1.24643e-05
0.00048240066
1.314223e-05
0.00048244908
1.3759578e-05
0.00048249627
1.4334332e-05
0.00048254129
1.4881953e-05
0.00048258348
1.5405656e-05
0.00048262238
1.5908758e-05
0.00048265798
1.6400569e-05
0.00048269077
1.6892578e-05
0.00048272098
1.7388146e-05
0.00048274865
1.7886707e-05
0.00048277401
1.8391916e-05
0.00048279697
1.8904809e-05
0.00048281793
1.9433268e-05
0.00048283722
1.998191e-05
0.000482855
2.0549697e-05
0.00048287139
2.1136458e-05
0.00048288627
2.1740312e-05
0.00048289978
2.2366104e-05
0.00048291198
2.3016628e-05
0.0004829229
2.3692823e-05
0.00048293245
2.4394381e-05
0.00048294032
2.5119078e-05
0.00048294622
2.5871531e-05
0.00048294955
2.6652395e-05
0.00048294922
2.7463865e-05
0.00048294274
2.8302804e-05
0.00048292468
2.9170728e-05
0.00048288119
3.0068186e-05
0.00048277572
3.0991743e-05
0.00048251384
3.1929694e-05
0.00048189152
3.2854708e-05
0.00048057855
3.3692943e-05
0.00047833377
3.4292064e-05
0.00047524513
3.4435239e-05
0.0004716931
3.4073981e-05
0.00046800186
3.3346169e-05
0.00046423939
3.2496776e-05
0.00046044217
3.1604051e-05
0.00045661282
3.06552e-05
0.00045277244
2.969404e-05
0.00044900222
2.8673072e-05
0.00044533518
2.7658848e-05
0.0004418061
2.6663778e-05
0.00043843
2.570784e-05
0.00043520964
2.4807652e-05
0.00043214299
2.3962649e-05
0.00042922207
2.3178355e-05
0.00042643777
2.2450291e-05
0.0004237798
2.1775907e-05
0.00042123832
2.1151512e-05
0.0004188041
2.0572604e-05
0.00041646886
2.0036505e-05
0.0004142241
1.9536899e-05
0.00041206328
1.9074348e-05
0.00040997895
1.8640149e-05
0.00040796527
1.8237705e-05
0.00040601683
1.7862043e-05
0.00040412518
1.75104e-05
0.00040228582
1.7181601e-05
0.00040049368
1.6870348e-05
0.00039874458
1.6576429e-05
0.0003970365
1.629638e-05
0.00039536681
1.6029576e-05
0.00039373328
1.577659e-05
0.000392134
1.5534365e-05
0.00039056686
1.5305106e-05
0.00038903036
1.5083734e-05
0.00038752272
1.4873834e-05
0.00038604265
1.4670499e-05
0.0003845885
1.4478377e-05
0.00038315927
1.4291283e-05
0.0003817535
1.4114373e-05
0.0003803704
1.3940539e-05
0.00037900861
1.377672e-05
0.00037766744
1.361577e-05
0.00037634569
1.3463982e-05
0.0003750428
1.3313473e-05
0.00037375768
1.317358e-05
0.00037248967
1.3033951e-05
0.00037123829
1.2904184e-05
0.00037000079
1.2786835e-05
0.00036878438
1.2613854e-05
0.00036755122
1.2829814e-05
0.00036642628
1.1656869e-05
0.00036499913
1.489754e-05
1.0198787e-05
0.00050831903
6.8141047e-06
0.00050856991
9.5957189e-06
0.00050888979
1.1592478e-05
0.00050916092
1.2259341e-05
0.00050932048
1.1888225e-05
0.00050937546
1.121111e-05
0.00050938058
1.0884591e-05
0.0005093862
1.1119645e-05
0.00050941042
1.1721368e-05
0.00050945063
1.24241e-05
0.00050949911
1.3093762e-05
0.00050954964
1.3709032e-05
0.00050959907
1.4284896e-05
0.00050964631
1.483471e-05
0.00050969067
1.5361298e-05
0.00050973164
1.5867783e-05
0.0005097692
1.636301e-05
0.00050980381
1.6857971e-05
0.00050983571
1.735624e-05
0.00050986495
1.7857467e-05
0.00050989175
1.8365119e-05
0.00050991602
1.8880535e-05
0.00050993816
1.9411126e-05
0.00050995854
1.9961533e-05
0.00050997731
2.0530931e-05
0.0005099946
2.1119165e-05
0.00051001032
2.172459e-05
0.00051002464
2.2351786e-05
0.00051003767
2.3003595e-05
0.00051004951
2.3680982e-05
0.00051006017
2.438372e-05
0.00051006946
2.5109794e-05
0.00051007735
2.5863641e-05
0.00051008364
2.6646103e-05
0.00051008803
2.7459477e-05
0.00051008974
2.8301097e-05
0.00051008756
2.91729e-05
0.00051007895
3.0076803e-05
0.00051005802
3.101267e-05
0.00051000969
3.1978021e-05
0.00050989426
3.2970144e-05
0.00050960794
3.397926e-05
0.00050892838
3.4971623e-05
0.00050750284
3.5860775e-05
0.00050509736
3.6479469e-05
0.00050184165
3.6601879e-05
0.00049814065
3.6197777e-05
0.00049431416
3.5430541e-05
0.00049041848
3.4550875e-05
0.00048648542
3.3627097e-05
0.00048251465
3.264385e-05
0.00047852607
3.1647425e-05
0.00047460566
3.058419e-05
0.00047078943
2.952407e-05
0.00046711395
2.8483124e-05
0.00046359545
2.7481152e-05
0.00046023752
2.6536281e-05
0.00045703833
2.5649484e-05
0.00045398966
2.4824584e-05
0.00045108215
2.4059021e-05
0.00044830535
2.3349401e-05
0.00044564929
2.2692565e-05
0.00044310403
2.2082157e-05
0.00044066112
2.1517257e-05
0.00043831178
2.0989487e-05
0.00043604938
2.0500109e-05
0.0004338675
2.0043924e-05
0.00043175869
1.9619209e-05
0.00042971743
1.9222859e-05
0.00042773578
1.8851999e-05
0.00042580836
1.8503845e-05
0.00042393031
1.8174434e-05
0.00042209719
1.7862701e-05
0.00042030634
1.7567436e-05
0.00041855541
1.7285296e-05
0.00041684188
1.7018639e-05
0.00041516393
1.6761679e-05
0.00041351941
1.6518356e-05
0.00041190676
1.6283148e-05
0.00041032401
1.6061127e-05
0.00040876996
1.5845327e-05
0.00040724286
1.5641479e-05
0.00040574177
1.5441625e-05
0.00040426506
1.5253433e-05
0.00040281191
1.5068925e-05
0.00040138091
1.489498e-05
0.00039997136
1.4723021e-05
0.00039858204
1.4562897e-05
0.00039721211
1.4403885e-05
0.00039586108
1.4255216e-05
0.00039452576
1.4122152e-05
0.00039321409
1.3925522e-05
0.00039188538
1.4158522e-05
0.00039067269
1.2869567e-05
0.0003891363
1.6433927e-05
1.1238619e-05
0.00053691881
6.7442837e-06
0.00053716372
9.3508239e-06
0.00053748014
1.1276e-05
0.00053775209
1.198739e-05
0.00053791674
1.1723601e-05
0.00053797892
1.1148935e-05
0.00053799012
1.0873405e-05
0.00053799981
1.1109966e-05
0.00053802682
1.1694371e-05
0.00053806923
1.238169e-05
0.00053811978
1.3043202e-05
0.00053817253
1.3656272e-05
0.00053822429
1.4233137e-05
0.00053827385
1.4785144e-05
0.00053832048
1.5314679e-05
0.00053836362
1.5824638e-05
0.00053840324
1.6323398e-05
0.00053843977
1.682144e-05
0.00053847346
1.7322541e-05
0.00053850437
1.7826561e-05
0.00053853269
1.8336795e-05
0.00053855838
1.8854848e-05
0.00053858181
1.9387694e-05
0.00053860337
1.9939975e-05
0.00053862321
2.0511089e-05
0.00053864148
2.1100893e-05
0.0005386581
2.1707975e-05
0.00053867323
2.2336647e-05
0.00053868704
2.2989791e-05
0.00053869964
2.3668384e-05
0.00053871108
2.4372273e-05
0.00053872126
2.509962e-05
0.00053873023
2.5854666e-05
0.00053873793
2.6638399e-05
0.00053874435
2.7453058e-05
0.00053874916
2.8296295e-05
0.00053875194
2.9170115e-05
0.000538752
3.007674e-05
0.00053874803
3.1016648e-05
0.00053873713
3.1988915e-05
0.00053871283
3.2994447e-05
0.0005386583
3.4033791e-05
0.00053852891
3.5101011e-05
0.00053820737
3.6182314e-05
0.0005374457
3.7241137e-05
0.00053586924
3.8178343e-05
0.00053326392
3.8803093e-05
0.00052981318
3.8881283e-05
0.00052594609
3.8417965e-05
0.00052197064
3.7602546e-05
0.00051792949
3.6684999e-05
0.00051384511
3.5731809e-05
0.00050971835
3.4710952e-05
0.00050557288
3.3669542e-05
0.00050149535
3.2560651e-05
0.00049752546
3.1451038e-05
0.00049370028
3.0361467e-05
0.00049003685
2.9312906e-05
0.00048653919
2.8322249e-05
0.00048320509
2.739312e-05
0.00048002648
2.6528016e-05
0.00047699366
2.5725381e-05
0.00047409583
2.497999e-05
0.0004713225
2.429058e-05
0.00046866337
2.3648621e-05
0.00046610977
2.3053704e-05
0.00046365387
2.2499833e-05
0.00046128779
2.1985281e-05
0.00045900488
2.1505771e-05
0.00045679775
2.1059128e-05
0.0004546605
2.0641098e-05
0.00045258569
2.0249245e-05
0.00045056734
1.9881048e-05
0.00044860017
1.9534609e-05
0.00044667965
1.9205811e-05
0.00044480278
1.8895507e-05
0.00044296736
1.85971e-05
0.00044117076
1.8314964e-05
0.0004394111
1.8042799e-05
0.00043768603
1.7786202e-05
0.00043599412
1.753724e-05
0.00043433321
1.7302383e-05
0.00043270226
1.7072573e-05
0.00043109924
1.6856459e-05
0.00042952322
1.6644941e-05
0.00042797252
1.6445687e-05
0.00042644628
1.6249256e-05
0.00042494312
1.6066058e-05
0.00042346198
1.5885026e-05
0.00042200236
1.5714835e-05
0.00042056058
1.5563935e-05
0.00041914535
1.5340748e-05
0.00041771291
1.5590962e-05
0.00041640498
1.4177504e-05
0.00041475024
1.8088665e-05
1.235707e-05
0.00056712743
6.6750084e-06
0.00056736572
9.1125815e-06
0.00056767772
1.0964012e-05
0.00056794986
1.1715241e-05
0.00056811934
1.1554113e-05
0.00056818884
1.1079419e-05
0.00056820654
1.0855715e-05
0.00056822061
1.1095898e-05
0.00056825067
1.166433e-05
0.00056829547
1.2336892e-05
0.00056834824
1.2990444e-05
0.00056840329
1.3601209e-05
0.00056845746
1.4178964e-05
0.00056850944
1.4733155e-05
0.00056855843
1.526569e-05
0.00056860385
1.5779214e-05
0.00056864563
1.6281622e-05
0.00056868418
1.6782888e-05
0.00056871977
1.7286952e-05
0.00056875243
1.77939e-05
0.00056878238
1.8306849e-05
0.00056880956
1.882766e-05
0.00056883438
1.9362884e-05
0.0005688572
1.9917152e-05
0.0005688782
2.0490085e-05
0.00056889754
2.108156e-05
0.00056891512
2.1690392e-05
0.00056893114
2.2320629e-05
0.00056894575
2.2975182e-05
0.00056895909
2.3655043e-05
0.00056897124
2.4360124e-05
0.0005689821
2.5088754e-05
0.00056899181
2.5844959e-05
0.00056900036
2.662985e-05
0.00056900782
2.7445593e-05
0.00056901404
2.829008e-05
0.0005690189
2.9165247e-05
0.0005690222
3.0073447e-05
0.00056902347
3.1015374e-05
0.0005690219
3.1990481e-05
0.00056901602
3.3000332e-05
0.00056900268
3.404713e-05
0.00056897449
3.5129197e-05
0.000568912
3.6244807e-05
0.00056876353
3.7389608e-05
0.00056839318
3.8548694e-05
0.00056752091
3.9675363e-05
0.00056575111
4.0651079e-05
0.00056290514
4.1263939e-05
0.0005592325
4.1275186e-05
0.00055518425
4.0733242e-05
0.00055104736
3.9868703e-05
0.00054684756
3.8910755e-05
0.00054259758
3.7919523e-05
0.00053830181
3.6856415e-05
0.00053399111
3.5761737e-05
0.00052974968
3.4602902e-05
0.00052562118
3.3441402e-05
0.00052164239
3.2301038e-05
0.00051783075
3.1204764e-05
0.00051419059
3.0168176e-05
0.0005107191
2.9196866e-05
0.0005074083
2.8290797e-05
0.0005042475
2.7451381e-05
0.00050122574
2.6670376e-05
0.00049833211
2.5947334e-05
0.00049555679
2.5275152e-05
0.00049289036
2.4651712e-05
0.00049032458
2.4071546e-05
0.00048785153
2.353218e-05
0.00048546428
2.3028347e-05
0.00048315568
2.2557849e-05
0.00048091959
2.2117141e-05
0.00047874837
2.1705825e-05
0.00047663569
2.1318489e-05
0.00047457595
2.0955252e-05
0.00047256461
2.0608442e-05
0.00047059847
2.0281099e-05
0.00046867531
1.996596e-05
0.00046679224
1.9669268e-05
0.00046494758
1.9381902e-05
0.00046313872
1.9111242e-05
0.00046136443
1.8846862e-05
0.00045962222
1.8598674e-05
0.00045791108
1.8356082e-05
0.00045622887
1.8127892e-05
0.0004545747
1.7903427e-05
0.00045294686
1.7693893e-05
0.00045134413
1.7487761e-05
0.00044976593
1.7293032e-05
0.00044820804
1.7121825e-05
0.00044668003
1.6868764e-05
0.00044513475
1.7136243e-05
0.00044372328
1.5588966e-05
0.00044194011
1.9871839e-05
1.3560692e-05
0.0005990353
6.6060291e-06
0.00059926628
8.8816147e-06
0.0005995728
1.0657439e-05
0.00059984456
1.1443473e-05
0.00060001867
1.1380028e-05
0.00060009562
1.1002479e-05
0.00060012014
1.083121e-05
0.00060013893
1.1077114e-05
0.00060017227
1.1631002e-05
0.00060021967
1.2289485e-05
0.00060027476
1.2935342e-05
0.00060033222
1.3543744e-05
0.0006003889
1.4122281e-05
0.00060044341
1.467865e-05
0.00060049487
1.5214232e-05
0.00060054268
1.573141e-05
0.00060058672
1.6237579e-05
0.0006006274
1.6742205e-05
0.00060066498
1.7249371e-05
0.0006006995
1.7759381e-05
0.00060073116
1.8275189e-05
0.00060075994
1.8798878e-05
0.00060078621
1.933661e-05
0.00060081038
1.989298e-05
0.00060083263
2.0467841e-05
0.0006008531
2.1061091e-05
0.00060087172
2.1671768e-05
0.00060088869
2.2303664e-05
0.00060090416
2.295971e-05
0.00060091829
2.3640916e-05
0.00060093115
2.4347258e-05
0.00060094268
2.5077226e-05
0.00060095301
2.5834625e-05
0.00060096219
2.6620675e-05
0.00060097033
2.7437455e-05
0.00060097733
2.8283073e-05
0.0006009832
2.9159378e-05
0.00060098791
3.0068742e-05
0.00060099133
3.1011955e-05
0.00060099314
3.1988667e-05
0.00060099286
3.3000613e-05
0.00060098969
3.4050302e-05
0.00060098192
3.5136966e-05
0.00060096588
3.6260849e-05
0.00060093303
3.7422456e-05
0.00060086029
3.8621436e-05
0.00060068632
3.9849329e-05
0.00060024988
4.108752e-05
0.00059923205
4.2281767e-05
0.00059722123
4.3286014e-05
0.00059409291
4.3861562e-05
0.00059017914
4.3782469e-05
0.00058594054
4.3149359e-05
0.00058162695
4.2233108e-05
0.00057725471
4.1228656e-05
0.00057282664
4.0189812e-05
0.00056834896
3.9080579e-05
0.00056386323
3.7927135e-05
0.00055944993
3.6714331e-05
0.00055515721
3.5497486e-05
0.00055102051
3.4304882e-05
0.00054705718
3.3160194e-05
0.0005432718
3.2076178e-05
0.00053965985
3.1063323e-05
0.00053621389
3.0116336e-05
0.00053292225
2.9238974e-05
0.00052977387
2.8423539e-05
0.00052675735
2.7668231e-05
0.00052386251
2.6966382e-05
0.00052107985
2.6314841e-05
0.00051840083
2.570737e-05
0.00051581753
2.5141145e-05
0.00051332296
2.4611715e-05
0.00051090967
2.4119113e-05
0.00050857142
2.3656743e-05
0.00050630032
2.3226351e-05
0.00050408983
2.281893e-05
0.00050193408
2.2436847e-05
0.00049982845
2.2071595e-05
0.00049776944
2.1728274e-05
0.00049575502
2.1396318e-05
0.00049378208
2.1084189e-05
0.0004918491
2.0779838e-05
0.00048995309
2.0494683e-05
0.00048809292
2.021626e-05
0.0004862659
1.9954906e-05
0.00048447113
1.9698204e-05
0.00048270643
1.9458593e-05
0.00048097046
1.9223729e-05
0.00047926248
1.9001007e-05
0.00047757771
1.88066e-05
0.0004759266
1.8519876e-05
0.00047425832
1.8804515e-05
0.00047273413
1.711316e-05
0.00047081135
2.1794616e-05
1.485675e-05
0.00063273775
6.5370499e-06
0.00063296103
8.6583745e-06
0.00063326111
1.0357371e-05
0.00063353177
1.1172807e-05
0.00063371018
1.1201615e-05
0.00063379459
1.0918053e-05
0.00063382626
1.0799551e-05
0.00063385013
1.1053249e-05
0.00063388702
1.159412e-05
0.00063393719
1.2239319e-05
0.00063399477
1.2877766e-05
0.00063405474
1.3483771e-05
0.00063411402
1.4062991e-05
0.00063417115
1.4621518e-05
0.00063422519
1.5160196e-05
0.00063427549
1.5681108e-05
0.00063432191
1.6191154e-05
0.00063436483
1.6699286e-05
0.00063440451
1.7209693e-05
0.00063444099
1.7722904e-05
0.00063447446
1.8241716e-05
0.00063450492
1.876841e-05
0.00063453275
1.9308783e-05
0.00063455835
1.9867377e-05
0.00063458192
2.0444277e-05
0.0006346036
2.1039412e-05
0.00063462333
2.1652031e-05
0.00063464131
2.2285684e-05
0.00063465771
2.2943312e-05
0.00063467268
2.3625948e-05
0.00063468631
2.4333627e-05
0.00063469853
2.5065006e-05
0.00063470949
2.5823664e-05
0.00063471924
2.6610923e-05
0.00063472793
2.7428766e-05
0.00063473549
2.8275513e-05
0.00063474197
2.9152901e-05
0.0006347474
3.0063308e-05
0.00063475178
3.1007573e-05
0.00063475501
3.1985441e-05
0.00063475693
3.2998689e-05
0.00063475733
3.4049907e-05
0.00063475562
3.5138675e-05
0.00063475083
3.6265641e-05
0.00063474106
3.743222e-05
0.00063472205
3.8640451e-05
0.00063468361
3.9887766e-05
0.00063459752
4.117361e-05
0.0006343895
4.2489787e-05
0.00063386451
4.3811009e-05
0.0006326569
4.506917e-05
0.00063035351
4.6085856e-05
0.00062690727
4.65956e-05
0.00062273599
4.6404387e-05
0.00061829917
4.5665478e-05
0.0006137973
4.4691685e-05
0.0006092379
4.3639971e-05
0.00060461693
4.2548112e-05
0.00059994387
4.1387388e-05
0.00059527356
4.0167793e-05
0.00059068067
3.8897777e-05
0.0005862181
3.7622759e-05
0.00058191925
3.6375034e-05
0.00057780009
3.5182477e-05
0.00057386628
3.4050149e-05
0.00057011111
3.2994142e-05
0.00056652654
3.2008114e-05
0.00056310071
3.1094058e-05
0.00055982212
3.0244972e-05
0.00055667932
2.945765e-05
0.00055366161
2.8725077e-05
0.00055075935
2.8043406e-05
0.0005479639
2.7407163e-05
0.00054526704
2.6815977e-05
0.00054266177
2.6262003e-05
0.00054014041
2.5747719e-05
0.00053769657
2.5262767e-05
0.00053532211
2.4811311e-05
0.00053301024
2.4383462e-05
0.00053075466
2.3983857e-05
0.00052855099
2.3599987e-05
0.00052639549
2.323969e-05
0.00052428632
2.2889005e-05
0.0005222199
2.2561101e-05
0.00052019487
2.2241291e-05
0.00051820798
2.1941799e-05
0.00051625825
2.1647932e-05
0.00051434293
2.137391e-05
0.00051246064
2.110602e-05
0.0005106103
2.0851345e-05
0.00050878657
2.0630331e-05
0.00050700084
2.030561e-05
0.00050519824
2.0607111e-05
0.00050355106
1.876034e-05
0.00050147631
2.386937e-05
1.6253323e-05
0.00066833561
6.4678831e-06
0.00066855079
8.4432185e-06
0.00066884341
1.0064688e-05
0.00066911229
1.0903919e-05
0.00066929469
1.1019242e-05
0.0006693866
1.0826156e-05
0.00066942569
1.0760478e-05
0.00066945497
1.1023969e-05
0.00066949566
1.1553431e-05
0.00066954878
1.2186194e-05
0.00066960899
1.2817553e-05
0.00066967158
1.3421179e-05
0.00066973358
1.4000991e-05
0.00066979343
1.4561662e-05
0.00066985016
1.5103474e-05
0.00066990307
1.5628201e-05
0.00066995199
1.6142232e-05
0.00066999726
1.6654012e-05
0.00067003915
1.7167806e-05
0.00067007769
1.768436e-05
0.00067011307
1.8206329e-05
0.00067014532
1.873616e-05
0.0006701748
1.927931e-05
0.00067020192
1.9840259e-05
0.00067022688
2.0419315e-05
0.00067024984
2.1016449e-05
0.00067027076
2.1631112e-05
0.00067028982
2.2266624e-05
0.00067030721
2.2925925e-05
0.00067032308
2.3610081e-05
0.00067033752
2.4319181e-05
0.00067035048
2.5052049e-05
0.0006703621
2.581204e-05
0.00067037245
2.6600575e-05
0.00067038168
2.7419539e-05
0.00067038973
2.8267459e-05
0.00067039667
2.9145958e-05
0.00067040259
3.0057396e-05
0.00067040751
3.1002654e-05
0.00067041139
3.1981553e-05
0.00067041424
3.2995838e-05
0.00067041605
3.4048097e-05
0.00067041662
3.5138112e-05
0.00067041562
3.6266637e-05
0.00067041249
3.7435354e-05
0.00067040614
3.8646804e-05
0.00067039433
3.9899574e-05
0.0006703719
4.1196032e-05
0.0006703266
4.2535088e-05
0.00067022305
4.3914559e-05
0.00066996904
4.532318e-05
0.00066932534
4.672956e-05
0.00066787542
4.8045515e-05
0.00066522575
4.905406e-05
0.00066143394
4.9457292e-05
0.00065699478
4.9130838e-05
0.00065234817
4.828658e-05
0.00064764393
4.7252356e-05
0.00064288363
4.6147692e-05
0.00063805627
4.499515e-05
0.00063317503
4.3779013e-05
0.00062831083
4.2486959e-05
0.00062353086
4.1155002e-05
0.00061889242
3.9820924e-05
0.00061442731
3.8515259e-05
0.00061014841
3.7273041e-05
0.00060606104
3.609548e-05
0.00060215846
3.4996641e-05
0.00059843152
3.3971905e-05
0.00059486829
3.3020888e-05
0.00059145629
3.2137077e-05
0.00058818381
3.1315879e-05
0.00058503997
3.0551005e-05
0.00058201466
2.9841285e-05
0.0005790993
2.9177367e-05
0.00057628537
2.8561645e-05
0.00057356592
2.7982216e-05
0.00057093299
2.7444245e-05
0.00056837995
2.6936504e-05
0.00056589819
2.6465611e-05
0.00056348112
2.6017058e-05
0.00056112187
2.559894e-05
0.00055881647
2.5194408e-05
0.00055656065
2.4816915e-05
0.00055435275
2.44492e-05
0.00055218886
2.4105685e-05
0.00055006787
2.3768918e-05
0.00054798638
2.3455399e-05
0.00054594298
2.3149428e-05
0.00054393609
2.2858234e-05
0.00054195984
2.2606574e-05
0.00054002656
2.2238895e-05
0.00053807696
2.2556714e-05
0.00053629534
2.054196e-05
0.00053405487
2.6109842e-05
1.7759425e-05
0.00070593525
6.3983325e-06
0.00070614218
8.236321e-06
0.00070642653
9.7803501e-06
0.00070669281
1.0637641e-05
0.00070687876
1.0833281e-05
0.00070697806
1.0726857e-05
0.0007070248
1.0713737e-05
0.00070705985
1.0988928e-05
0.00070710459
1.15087e-05
0.00070716088
1.2129909e-05
0.00070722388
1.2754558e-05
0.0007072892
1.3355849e-05
0.00070735401
1.3936181e-05
0.0007074167
1.4498969e-05
0.00070747622
1.5043954e-05
0.00070753185
1.5572566e-05
0.00070758339
1.6090694e-05
0.00070763113
1.6606268e-05
0.00070767534
1.7123596e-05
0.00070771606
1.764364e-05
0.00070775347
1.8168922e-05
0.0007077876
1.8702023e-05
0.00070781882
1.9248096e-05
0.00070784755
1.9811534e-05
0.00070787399
2.0392868e-05
0.00070789832
2.0992123e-05
0.00070792049
2.1608935e-05
0.0007079407
2.2246416e-05
0.00070795914
2.2907487e-05
0.00070797597
2.3593255e-05
0.00070799128
2.4303864e-05
0.00070800503
2.5038305e-05
0.00070801736
2.5799711e-05
0.00070802834
2.6589593e-05
0.00070803813
2.740975e-05
0.00070804668
2.8258904e-05
0.00070805407
2.9138569e-05
0.00070806039
3.005108e-05
0.00070806569
3.0997351e-05
0.00070806998
3.1977265e-05
0.00070807329
3.2992528e-05
0.00070807569
3.4045691e-05
0.00070807716
3.513665e-05
0.00070807759
3.6266207e-05
0.00070807681
3.743613e-05
0.00070807454
3.8649075e-05
0.00070807008
3.9904031e-05
0.00070806217
4.1203945e-05
0.00070804821
4.2549042e-05
0.00070802187
4.3940907e-05
0.00070796794
4.5377102e-05
0.00070784111
4.6856399e-05
0.00070752443
4.8362189e-05
0.00070672375
4.9854742e-05
0.00070496645
5.1214589e-05
0.0007019138
5.2183494e-05
0.00069775611
5.2444268e-05
0.00069304289
5.1965571e-05
0.00068817761
5.1012971e-05
0.00068325821
4.9914557e-05
0.00067828325
4.8753973e-05
0.00067323633
4.7533878e-05
0.00066813502
4.6256316e-05
0.00066306839
4.4887554e-05
0.00065809425
4.3489391e-05
0.00065327138
4.2095916e-05
0.00064863257
4.0734283e-05
0.00064418954
3.943968e-05
0.0006399451
3.821634e-05
0.00063589229
3.7073702e-05
0.00063201999
3.6009371e-05
0.0006283161
3.5019768e-05
0.00062476758
3.4099532e-05
0.0006213619
3.3246966e-05
0.00061808816
3.2451105e-05
0.00061493603
3.1713772e-05
0.00061189704
3.1021204e-05
0.00060896242
3.037887e-05
0.00060612498
2.9773937e-05
0.00060337655
2.9214041e-05
0.0006007105
2.8683117e-05
0.00059811755
2.8191891e-05
0.00059559148
2.7720476e-05
0.0005931245
2.7283897e-05
0.0005907131
2.6860593e-05
0.00058835271
2.6466078e-05
0.0005860419
2.6079723e-05
0.00058377661
2.5720694e-05
0.00058155529
2.5370749e-05
0.00057937581
2.5037714e-05
0.00057723176
2.4750624e-05
0.00057513637
2.433428e-05
0.00057302553
2.4667559e-05
0.00057109664
2.2470849e-05
0.00056867516
2.8531322e-05
1.9385132e-05
0.00074564911
6.3283234e-06
0.00074584766
8.0378015e-06
0.00074612288
9.5050676e-06
0.00074638578
1.0374723e-05
0.00074657488
1.0644213e-05
0.00074668146
1.0620288e-05
0.00074673604
1.0659165e-05
0.00074677715
1.0947818e-05
0.00074682619
1.1459658e-05
0.00074688584
1.207026e-05
0.00074695179
1.2688602e-05
0.00074701998
1.3287656e-05
0.00074708771
1.3868451e-05
0.00074715335
1.4433335e-05
0.00074721578
1.4981521e-05
0.00074727425
1.5514092e-05
0.00074732853
1.6036417e-05
0.00074737887
1.6555931e-05
0.00074742552
1.7076944e-05
0.00074746853
1.7600626e-05
0.00074750807
1.8129379e-05
0.0007475442
1.8665893e-05
0.00074757726
1.9215036e-05
0.00074760769
1.9781107e-05
0.00074763571
2.036485e-05
0.00074766148
2.0966351e-05
0.00074768499
2.1585425e-05
0.00074770642
2.2224986e-05
0.00074772597
2.2887932e-05
0.00074774382
2.3575409e-05
0.00074776006
2.4287622e-05
0.00074777465
2.5023721e-05
0.00074778773
2.5786629e-05
0.00074779938
2.6577936e-05
0.00074780977
2.7399362e-05
0.00074781886
2.8249819e-05
0.00074782671
2.9130719e-05
0.00074783343
3.004436e-05
0.00074783908
3.0991694e-05
0.00074784369
3.1972662e-05
0.0007478473
3.2988916e-05
0.00074785002
3.4042968e-05
0.00074785186
3.5134809e-05
0.00074785283
3.6265239e-05
0.00074785292
3.7436042e-05
0.00074785209
3.8649901e-05
0.00074785012
3.9906008e-05
0.00074784665
4.1207407e-05
0.00074784097
4.2554723e-05
0.00074783155
4.3950326e-05
0.00074781529
4.5393364e-05
0.00074778433
4.6887365e-05
0.00074771908
4.8427438e-05
0.00074756107
5.0012749e-05
0.00074715594
5.1619722e-05
0.00074614392
5.3195512e-05
0.00074400862
5.4579564e-05
0.00074050318
5.5471014e-05
0.00073596574
5.5550409e-05
0.00073097496
5.4905344e-05
0.00072588144
5.3847485e-05
0.0007207352
5.2680119e-05
0.0007155327
5.1458815e-05
0.0007102551
5.0165159e-05
0.00070491876
4.8825728e-05
0.00069963192
4.7382751e-05
0.00069445622
4.5909989e-05
0.00068944542
4.4450482e-05
0.0006846299
4.3031857e-05
0.00068002031
4.1683291e-05
0.00067561589
4.0413796e-05
0.0006714099
3.9225756e-05
0.0006673895
3.8119927e-05
0.00066354115
3.7095325e-05
0.00065985181
3.6140441e-05
0.00065630872
3.5256863e-05
0.00065290112
3.4428798e-05
0.00064961835
3.3661644e-05
0.00064645175
3.2940538e-05
0.00064339237
3.2273415e-05
0.00064043305
3.1642439e-05
0.00063756523
3.105971e-05
0.00063478234
3.0503373e-05
0.00063207398
2.999225e-05
0.00062943451
2.9500068e-05
0.00062685526
2.9045326e-05
0.00062433344
2.8601542e-05
0.00062186429
2.8189848e-05
0.00061944594
2.7789102e-05
0.00061707569
2.7407959e-05
0.00061474651
2.7079809e-05
0.00061247259
2.6608197e-05
0.00061018447
2.6955682e-05
0.00060809388
2.456144e-05
0.00060547434
3.1150862e-05
2.1141733e-05
0.00078759582
6.2578071e-06
0.00078778604
7.8475859e-06
0.00078805157
9.2395604e-06
0.00078831026
1.0116038e-05
0.00078850193
1.0452545e-05
0.00078861556
1.0506649e-05
0.0007886781
1.0596633e-05
0.00078872557
1.0900358e-05
0.00078877917
1.1406057e-05
0.00078884239
1.200704e-05
0.00078891147
1.2619529e-05
0.00078898265
1.321647e-05
0.0007890534
1.3797695e-05
0.00078912209
1.4364645e-05
0.00078918755
1.4916062e-05
0.00078924899
1.5452649e-05
0.00078930613
1.5979278e-05
0.00078935919
1.6502874e-05
0.0007894084
1.7027727e-05
0.00078945383
1.7555196e-05
0.00078949563
1.8087586e-05
0.00078953386
1.8627657e-05
0.00078956887
1.9180024e-05
0.0007896011
1.9748878e-05
0.00078963079
2.0335164e-05
0.00078965809
2.0939045e-05
0.00078968302
2.15605e-05
0.00078970575
2.220226e-05
0.00078972649
2.2867189e-05
0.00078974542
2.3556481e-05
0.00078976264
2.4270395e-05
0.00078977812
2.5008243e-05
0.00078979201
2.5772745e-05
0.00078980438
2.6565559e-05
0.00078981541
2.7388335e-05
0.00078982506
2.8240169e-05
0.0007898334
2.9122378e-05
0.00078984054
3.0037215e-05
0.00078984656
3.0985674e-05
0.00078985148
3.1967751e-05
0.00078985535
3.2985045e-05
0.0007898583
3.4040016e-05
0.00078986036
3.513275e-05
0.00078986156
3.6264038e-05
0.00078986195
3.7435646e-05
0.00078986162
3.8650235e-05
0.00078986048
3.990715e-05
0.00078985849
4.1209394e-05
0.00078985545
4.2557765e-05
0.00078985096
4.3954813e-05
0.00078984415
4.5400179e-05
0.00078983327
4.6898239e-05
0.00078981443
4.8446279e-05
0.00078977784
5.004934e-05
0.00078969703
5.1700534e-05
0.00078949495
5.3397591e-05
0.00078896582
5.5108695e-05
0.00078767405
5.6762786e-05
0.0007850838
5.8140658e-05
0.00078108324
5.8905902e-05
0.00077615922
5.877151e-05
0.00077089146
5.7947879e-05
0.00076556064
5.6789634e-05
0.0007601779
5.5547894e-05
0.00075472249
5.4281138e-05
0.00074918769
5.2917556e-05
0.00074361342
5.1484254e-05
0.00073810194
4.9961966e-05
0.00073272115
4.8412644e-05
0.00072751958
4.688486e-05
0.00072252408
4.5409293e-05
0.00071774529
4.400455e-05
0.00071317826
4.2686961e-05
0.00070881424
4.1459346e-05
0.00070464066
4.0314021e-05
0.00070064322
3.9254304e-05
0.00069680898
3.8263031e-05
0.00069312461
3.7346018e-05
0.00068957904
3.6486109e-05
0.00068616139
3.5691067e-05
0.00068286308
3.4940744e-05
0.00067967494
3.4247854e-05
0.00067658973
3.3588582e-05
0.0006735982
3.2983781e-05
0.00067069398
3.2404282e-05
0.00066786557
3.187374e-05
0.00066510807
3.1359044e-05
0.00066241214
3.0885769e-05
0.00065977495
3.04263e-05
0.0006571933
2.9989605e-05
0.00065465928
2.9613831e-05
0.00065218822
2.9079251e-05
0.00064970467
2.9439234e-05
0.00064743609
2.6830022e-05
0.00064459942
3.3987532e-05
2.3041927e-05
0.00083190083
6.1868271e-06
0.00083208282
7.6656299e-06
0.00083233805
8.9842776e-06
0.00083259173
9.8623442e-06
0.00083278542
1.0258872e-05
0.00083290587
1.0386203e-05
0.00083297642
1.0526097e-05
0.00083303048
1.0846298e-05
0.0008330889
1.1347633e-05
0.00083315589
1.1940044e-05
0.00083322826
1.254715e-05
0.00083330258
1.3142151e-05
0.00083337648
1.3723794e-05
0.00083344834
1.4292791e-05
0.00083351694
1.4847454e-05
0.00083358148
1.538812e-05
0.00083364161
1.5919145e-05
0.00083369751
1.6446966e-05
0.00083374942
1.6975814e-05
0.00083379739
1.7507226e-05
0.00083384156
1.8043417e-05
0.00083388202
1.8587197e-05
0.0008339191
1.9142946e-05
0.00083395324
1.9714739e-05
0.00083398469
2.0303713e-05
0.00083401362
2.0910113e-05
0.00083404005
2.1534071e-05
0.00083406415
2.2178157e-05
0.00083408616
2.2845184e-05
0.00083410624
2.35364e-05
0.00083412451
2.4252121e-05
0.00083414094
2.4991813e-05
0.00083415568
2.5758007e-05
0.00083416882
2.6552415e-05
0.00083418053
2.7376627e-05
0.00083419078
2.8229917e-05
0.00083419965
2.9113511e-05
0.00083420725
3.0029619e-05
0.00083421365
3.0979268e-05
0.00083421889
3.1962519e-05
0.00083422302
3.2980911e-05
0.00083422618
3.4036851e-05
0.00083422842
3.5130518e-05
0.00083422976
3.6262693e-05
0.00083423029
3.743512e-05
0.00083423012
3.8650407e-05
0.00083422922
3.9908045e-05
0.00083422768
4.1210938e-05
0.00083422545
4.2559991e-05
0.00083422249
4.3957769e-05
0.00083421853
4.5404139e-05
0.00083421318
4.690359e-05
0.00083420535
4.8454113e-05
0.00083419302
5.0061667e-05
0.00083417116
5.1722392e-05
0.00083412719
5.3441568e-05
0.0008340244
5.5211477e-05
0.00083375998
5.7027208e-05
0.00083305803
5.8842606e-05
0.00083140117
6.0562762e-05
0.0008282768
6.1895885e-05
0.00082375397
6.2470706e-05
0.00081844465
6.2098956e-05
0.00081290105
6.1091492e-05
0.00080732306
5.9859127e-05
0.00080168489
5.8555732e-05
0.00079595979
5.7209357e-05
0.0007901532
5.5768546e-05
0.00078433393
5.4231917e-05
0.00077859236
5.2626429e-05
0.00077300215
5.0999503e-05
0.00076760661
4.9400096e-05
0.00076242677
4.7866803e-05
0.00075747156
4.6414548e-05
0.00075273621
4.5049376e-05
0.00074820957
4.3780941e-05
0.00074387902
4.2593588e-05
0.00073972891
4.1496125e-05
0.0007357456
4.046942e-05
0.00073191546
3.9521207e-05
0.00072822755
3.8628653e-05
0.00072467073
3.7804673e-05
0.00072123642
3.7022892e-05
0.00071791491
3.6305291e-05
0.00071469918
3.5620007e-05
0.00071157925
3.4993676e-05
0.00070854926
3.4389033e-05
0.00070559634
3.383869e-05
0.00070271532
3.330732e-05
0.00069989877
3.2806152e-05
0.00069713744
3.2375165e-05
0.00069444813
3.1768562e-05
0.00069174852
3.213884e-05
0.00068928352
2.9295027e-05
0.00068620829
3.7062757e-05
2.5100094e-05
0.00087869651
6.1154799e-06
0.00087887044
7.4917013e-06
0.0008791151
8.7396294e-06
0.00087936299
9.6144645e-06
0.00087955803
1.0063833e-05
0.00087968494
1.0259296e-05
0.00087976347
1.0447571e-05
0.00087982433
1.0785437e-05
0.00087988781
1.1284158e-05
0.00087995878
1.1869072e-05
0.00088003463
1.2471306e-05
0.00088011222
1.3064559e-05
0.00088018938
1.3646636e-05
0.00088026451
1.4217656e-05
0.00088033638
1.4775583e-05
0.00088040412
1.5320375e-05
0.00088046738
1.5855892e-05
0.00088052627
1.6388075e-05
0.00088058101
1.6921075e-05
0.00088063165
1.7456582e-05
0.00088067832
1.7996745e-05
0.00088072113
1.8544387e-05
0.00088076039
1.9103682e-05
0.00088079656
1.9678579e-05
0.00088082988
2.027039e-05
0.00088086054
2.0879456e-05
0.00088088856
2.1506048e-05
0.00088091413
2.2152589e-05
0.00088093747
2.2821838e-05
0.00088095878
2.3515095e-05
0.00088097816
2.4232735e-05
0.0008809956
2.4974372e-05
0.00088101125
2.5742359e-05
0.00088102521
2.6538454e-05
0.00088103765
2.7364194e-05
0.00088104854
2.8219022e-05
0.00088105797
2.9104084e-05
0.00088106605
3.0021538e-05
0.00088107287
3.0972451e-05
0.00088107844
3.1956942e-05
0.00088108286
3.2976497e-05
0.00088108624
3.4033466e-05
0.00088108864
3.5128118e-05
0.00088109011
3.6261224e-05
0.00088109072
3.7434508e-05
0.00088109061
3.8650518e-05
0.00088108977
3.9908881e-05
0.00088108833
4.1212387e-05
0.00088108629
4.2562025e-05
0.00088108374
4.3960322e-05
0.00088108059
4.5407286e-05
0.00088107685
4.6907332e-05
0.00088107216
4.8458808e-05
0.00088106609
5.0067727e-05
0.00088105735
5.1731136e-05
0.00088104348
5.3455437e-05
0.00088101786
5.5237102e-05
0.00088096393
5.708114e-05
0.00088082977
5.8976761e-05
0.00088047609
6.0916446e-05
0.00087953467
6.2837298e-05
0.0008774088
6.4596585e-05
0.00087367595
6.5831799e-05
0.00086862374
6.6143707e-05
0.00086295447
6.5528392e-05
0.00085713799
6.4372215e-05
0.00085128794
6.3059405e-05
0.00084537238
6.168411e-05
0.00083936155
6.0242749e-05
0.00083327246
5.8715519e-05
0.00082720148
5.7070478e-05
0.00082122264
5.5378933e-05
0.00081541209
5.3677351e-05
0.00080981293
5.2013711e-05
0.00080444394
5.041837e-05
0.00079930874
4.8916142e-05
0.00079440228
4.7500043e-05
0.0007897101
4.6188309e-05
0.00078521818
4.4961339e-05
0.00078091055
4.382883e-05
0.00077677347
4.276574e-05
0.0007727929
4.1785242e-05
0.000768958
4.0857786e-05
0.00076525712
4.0006174e-05
0.00076168199
3.9195141e-05
0.00075822225
3.8453415e-05
0.00075487175
3.7739527e-05
0.000751619
3.7091443e-05
0.00074845752
3.6468805e-05
0.00074537614
3.5887529e-05
0.00074236176
3.538954e-05
0.00073943015
3.4700174e-05
0.00073649099
3.5078003e-05
0.00073380868
3.1977339e-05
0.00073047072
4.040072e-05
2.7332661e-05
0.00092812284
6.0439037e-06
0.00092828892
7.3256361e-06
0.00092852273
8.5057972e-06
0.0009287641
9.3730746e-06
0.00092895982
9.8681255e-06
0.00092909279
1.0126338e-05
0.00092917921
1.0361152e-05
0.00092924703
1.0717616e-05
0.00092931578
1.1215401e-05
0.00092939093
1.1793927e-05
0.00092947042
1.2391811e-05
0.00092955143
1.2983546e-05
0.00092963197
1.3566098e-05
0.0009297105
1.4139127e-05
0.00092978575
1.4700324e-05
0.00092985684
1.5249289e-05
0.00092992335
1.5789381e-05
0.00092998536
1.6326063e-05
0.00093004306
1.686337e-05
0.00093009652
1.7403131e-05
0.00093014583
1.7947434e-05
0.00093019111
1.8499101e-05
0.00093023269
1.9062107e-05
0.00093027099
1.9640278e-05
0.00093030629
2.0235084e-05
0.00093033878
2.0846968e-05
0.00093036849
2.1476333e-05
0.00093039562
2.2125466e-05
0.00093042039
2.2797068e-05
0.00093044299
2.3492488e-05
0.00093046356
2.4212164e-05
0.00093048208
2.4955853e-05
0.0009304987
2.5725743e-05
0.00093051353
2.6523623e-05
0.00093052674
2.7350987e-05
0.00093053832
2.8207441e-05
0.00093054834
2.9094059e-05
0.00093055694
3.0012941e-05
0.0009305642
3.0965193e-05
0.00093057014
3.1950997e-05
0.00093057486
3.2971783e-05
0.00093057848
3.4029843e-05
0.00093058106
3.5125539e-05
0.00093058265
3.625963e-05
0.00093058334
3.7433817e-05
0.00093058327
3.8650593e-05
0.00093058244
3.9909711e-05
0.00093058098
4.1213848e-05
0.00093057894
4.2564065e-05
0.00093057642
4.3962839e-05
0.00093057342
4.5410286e-05
0.00093057005
4.6910698e-05
0.00093056619
4.8462672e-05
0.00093056185
5.0072067e-05
0.00093055661
5.1736376e-05
0.00093054998
5.3462064e-05
0.00093054038
5.5246709e-05
0.00093052481
5.7096705e-05
0.00093049423
5.900734e-05
0.00093042622
6.0984455e-05
0.00093024722
6.3016301e-05
0.00092976172
6.5082087e-05
0.00092849118
6.7102338e-05
0.00092577872
6.8856166e-05
0.00092138345
6.9923657e-05
0.00091582191
6.9933763e-05
0.00090980737
6.9073942e-05
0.00090370715
6.7784332e-05
0.00089756827
6.6381628e-05
0.000891362
6.4921787e-05
0.00088505399
6.3378484e-05
0.0008786629
6.1770029e-05
0.00087231678
6.0023468e-05
0.0008660939
5.8236596e-05
0.00086006164
5.6450632e-05
0.00085425728
5.4720501e-05
0.00084869794
5.3059381e-05
0.0008433803
5.1505943e-05
0.00083829753
5.0044111e-05
0.00083343452
4.8691838e-05
0.00082877621
4.7424053e-05
0.00082430604
4.6255409e-05
0.00082001033
4.5153505e-05
0.00081587423
4.4142273e-05
0.0008118873
4.3182064e-05
0.00080803722
4.2303503e-05
0.00080431683
4.1459908e-05
0.00080071424
4.0694034e-05
0.00079722346
3.9959584e-05
0.00079383401
3.9276985e-05
0.00079052981
3.869374e-05
0.00078732667
3.7903312e-05
0.00078412105
3.8283622e-05
0.00078119772
3.4900674e-05
0.00077756962
4.4028817e-05
2.9758514e-05
0.00098032749
5.9722797e-06
0.00098048606
7.1670668e-06
0.00098070897
8.2828693e-06
0.0009809432
9.1388455e-06
0.00098113885
9.6724806e-06
0.00098127737
9.9878299e-06
0.00098137151
1.026701e-05
0.00098144638
1.0642746e-05
0.00098152061
1.1141177e-05
0.00098160011
1.1714427e-05
0.00098168341
1.2308511e-05
0.00098176798
1.2898969e-05
0.00098185202
1.3482064e-05
0.00098193405
1.4057092e-05
0.00098201281
1.4621564e-05
0.00098208736
1.5174736e-05
0.00098215726
1.5719483e-05
0.00098222253
1.6260792e-05
0.00098228334
1.6802562e-05
0.00098233974
1.7346733e-05
0.00098239182
1.7895349e-05
0.00098243972
1.8451202e-05
0.00098248373
1.9018093e-05
0.0009825243
1.9599715e-05
0.0009825617
2.019768e-05
0.00098259613
2.0812542e-05
0.00098262764
2.1444822e-05
0.00098265641
2.2096693e-05
0.0009826827
2.2770784e-05
0.00098270669
2.3468498e-05
0.00098272851
2.4190335e-05
0.00098274818
2.4936188e-05
0.00098276583
2.5708094e-05
0.00098278159
2.6507865e-05
0.00098279562
2.7336957e-05
0.00098280793
2.8195129e-05
0.00098281859
2.9083394e-05
0.00098282774
3.0003792e-05
0.00098283547
3.0957464e-05
0.00098284181
3.1944656e-05
0.00098284685
3.2966747e-05
0.00098285072
3.4025966e-05
0.0009828535
3.5122766e-05
0.00098285523
3.6257901e-05
0.000982856
3.7433043e-05
0.00098285596
3.8650631e-05
0.00098285513
3.9910545e-05
0.00098285363
4.1215348e-05
0.00098285152
4.2566168e-05
0.00098284893
4.3965429e-05
0.00098284587
4.5413348e-05
0.0009828425
4.6914074e-05
0.00098283874
4.8466428e-05
0.00098283476
5.0076044e-05
0.00098283039
5.1740751e-05
0.00098282563
5.3466823e-05
0.00098282001
5.525233e-05
0.00098281296
5.7103747e-05
0.00098280248
5.9017826e-05
0.00098278477
6.1002164e-05
0.00098274769
6.305338e-05
0.00098265867
6.5171104e-05
0.00098241407
6.7346941e-05
0.00098173013
6.9540109e-05
0.00098001115
7.1642635e-05
0.00097660911
7.3335806e-05
0.00097152754
7.4155507e-05
0.00096547447
7.38374e-05
0.00095912512
7.2730985e-05
0.00095273345
7.1313459e-05
0.000946292
6.9819934e-05
0.00093975703
6.8304998e-05
0.00093311696
6.6663532e-05
0.00092642754
6.4926018e-05
0.00091980702
6.3071153e-05
0.00091334024
6.118728e-05
0.00090708578
5.9313839e-05
0.00090107246
5.7519263e-05
0.0008953158
5.5800772e-05
0.0008898104
5.4197238e-05
0.00088454614
5.2688318e-05
0.00087950722
5.1294322e-05
0.0008746779
4.9982825e-05
0.00087004002
4.8780155e-05
0.00086558032
4.7641768e-05
0.00086128317
4.6600647e-05
0.00085713938
4.5603697e-05
0.00085313505
4.4698371e-05
0.00084926383
4.3830797e-05
0.00084551426
4.3026557e-05
0.00084187119
4.2336813e-05
0.00083835312
4.142138e-05
0.00083484319
4.1793555e-05
0.00083165183
3.8092033e-05
0.00082770245
4.7978201e-05
3.2399554e-05
0.0010354667
5.9007967e-06
0.001035618
7.0157011e-06
0.00103583
8.0708333e-06
0.0010360566
8.9122872e-06
0.0010362514
9.4776505e-06
0.0010363949
9.8443343e-06
0.0010364965
1.0165397e-05
0.0010365785
1.0560791e-05
0.0010366583
1.1061316e-05
0.0010367424
1.16304e-05
0.0010368296
1.2221235e-05
0.0010369179
1.2810682e-05
0.0010370056
1.3394408e-05
0.0010370912
1.3971437e-05
0.0010371736
1.4539179e-05
0.0010372518
1.509659e-05
0.0010373252
1.5646062e-05
0.0010373939
1.619212e-05
0.0010374579
1.6738506e-05
0.0010375174
1.7287245e-05
0.0010375724
1.7840344e-05
0.0010376231
1.8400553e-05
0.0010376696
1.8971502e-05
0.0010377126
1.9556758e-05
0.0010377522
2.0158055e-05
0.0010377887
2.0776061e-05
0.0010378221
2.1411408e-05
0.0010378526
2.2066166e-05
0.0010378805
2.2742892e-05
0.001037906
2.3443037e-05
0.0010379292
2.4167167e-05
0.00103795
2.4915304e-05
0.0010379688
2.5689348e-05
0.0010379855
2.6491119e-05
0.0010380004
2.7322049e-05
0.0010380135
2.8182038e-05
0.0010380249
2.9072048e-05
0.0010380346
2.9994053e-05
0.0010380429
3.0949232e-05
0.0010380496
3.1937892e-05
0.001038055
3.2961365e-05
0.0010380592
3.4021814e-05
0.0010380621
3.5119784e-05
0.001038064
3.6256024e-05
0.0010380649
3.7432177e-05
0.0010380649
3.8650629e-05
0.001038064
3.9911383e-05
0.0010380625
4.1216892e-05
0.0010380603
4.2568347e-05
0.0010380576
4.3968122e-05
0.0010380544
4.5416533e-05
0.0010380509
4.6917574e-05
0.0010380471
4.8470291e-05
0.0010380431
5.0080067e-05
0.0010380388
5.1745042e-05
0.0010380344
5.3471223e-05
0.0010380297
5.5257024e-05
0.0010380247
5.7108737e-05
0.0010380188
5.9023686e-05
0.0010380114
6.1009581e-05
0.0010380001
6.3064715e-05
0.0010379794
6.5191792e-05
0.0010379332
6.7393089e-05
0.0010378117
6.9661634e-05
0.0010374664
7.198799e-05
0.0010364949
7.4307241e-05
0.0010341895
7.6460964e-05
0.0010300039
7.8022982e-05
0.0010242437
7.8491214e-05
0.0010177249
7.7832259e-05
0.0010110379
7.650693e-05
0.0010043385
7.5004394e-05
0.00099756972
7.3432278e-05
0.00099068918
7.180655e-05
0.00098370805
7.0052291e-05
0.00097671865
6.8176677e-05
0.00096981889
6.6213597e-05
0.00096309846
6.4239694e-05
0.00095661358
6.2285657e-05
0.00095038707
6.0423739e-05
0.00094442828
5.8647109e-05
0.00093873089
5.6991717e-05
0.00093328147
5.5432246e-05
0.0009280613
5.4000325e-05
0.00092305513
5.2647941e-05
0.00091824359
5.1412179e-05
0.00091361455
5.0232742e-05
0.00090915083
4.9162094e-05
0.0009048444
4.8137219e-05
0.00090068132
4.7189645e-05
0.00089664705
4.6371082e-05
0.00089275869
4.5309734e-05
0.00088889532
4.5656932e-05
0.00088539728
4.1590067e-05
0.00088108277
5.2292719e-05
3.5281412e-05
0.0010937053
5.8297007e-06
0.0010938495
6.8714552e-06
0.0010940509
7.8694484e-06
0.0010942693
8.6938337e-06
0.0010944626
9.2843849e-06
0.0010946105
9.6964908e-06
0.0010947192
1.0056645e-05
0.0010948082
1.047179e-05
0.0010948938
1.0975704e-05
0.0010949825
1.1541697e-05
0.0010950739
1.2129845e-05
0.0010951661
1.2718547e-05
0.0010952575
1.3303013e-05
0.0010953468
1.3882051e-05
0.001095433
1.4453058e-05
0.0010955148
1.5014724e-05
0.0010955919
1.5568985e-05
0.0010956641
1.6119908e-05
0.0010957316
1.6671057e-05
0.0010957943
1.722452e-05
0.0010958524
1.7782274e-05
0.0010959059
1.8347006e-05
0.0010959552
1.8922194e-05
0.0010960007
1.9511272e-05
0.0010960427
2.0116081e-05
0.0010960813
2.0737404e-05
0.0010961168
2.1375976e-05
0.0010961491
2.2033779e-05
0.0010961787
2.2713293e-05
0.0010962058
2.3416013e-05
0.0010962304
2.4142575e-05
0.0010962525
2.4893122e-05
0.0010962725
2.5669431e-05
0.0010962903
2.6473322e-05
0.0010963061
2.7306204e-05
0.00109632
2.8168115e-05
0.0010963321
2.9059972e-05
0.0010963425
2.9983684e-05
0.0010963512
3.094046e-05
0.0010963585
3.1930674e-05
0.0010963642
3.295561e-05
0.0010963687
3.4017367e-05
0.0010963719
3.5116574e-05
0.0010963739
3.6253985e-05
0.0010963749
3.7431209e-05
0.0010963749
3.8650579e-05
0.0010963741
3.991222e-05
0.0010963725
4.1218479e-05
0.0010963702
4.2570608e-05
0.0010963674
4.3970927e-05
0.0010963641
4.5419855e-05
0.0010963605
4.692123e-05
0.0010963564
4.847432e-05
0.0010963522
5.0084253e-05
0.0010963478
5.174947e-05
0.0010963433
5.3475696e-05
0.0010963387
5.5261644e-05
0.0010963341
5.7113359e-05
0.0010963292
5.902854e-05
0.0010963241
6.1014681e-05
0.0010963182
6.3070632e-05
0.0010963104
6.5199585e-05
0.0010962981
6.7405458e-05
0.0010962731
6.968655e-05
0.001096213
7.2048094e-05
0.0010960413
7.4479031e-05
0.0010955422
7.695998e-05
0.0010941634
7.9401805e-05
0.0010911147
8.1539903e-05
0.0010860748
8.2872228e-05
0.0010796631
8.291858e-05
0.0010727281
8.1939361e-05
0.0010657096
8.0450791e-05
0.0010586707
7.8845471e-05
0.001051556
7.7167005e-05
0.0010443166
7.5416115e-05
0.0010369733
7.3556813e-05
0.0010296625
7.1550546e-05
0.0010224791
6.9468994e-05
0.0010155027
6.7400143e-05
0.0010087842
6.5365694e-05
0.0010023427
6.3433194e-05
0.00099617937
6.1595564e-05
0.0009902837
5.9895985e-05
0.00098464273
5.8288919e-05
0.00097923509
5.6819811e-05
0.0009740463
5.5421534e-05
0.0009690553
5.4153095e-05
0.00096425103
5.2941487e-05
0.00095961573
5.1824948e-05
0.00095513432
5.0852493e-05
0.00095081913
4.9624923e-05
0.00094654993
4.9926131e-05
0.00094269012
4.5449876e-05
0.00093794796
5.7034881e-05
3.8435903e-05
0.0011552175
5.7592196e-06
0.0011553549
6.7340414e-06
0.0011555458
7.6784703e-06
0.0011557559
8.4837749e-06
0.0011559469
9.0934136e-06
0.0011560984
9.5449966e-06
0.0011562138
9.9411716e-06
0.0011563098
1.037585e-05
0.0011564012
1.0884259e-05
0.0011564947
1.1448189e-05
0.0011565904
1.20342e-05
0.0011566865
1.2622431e-05
0.0011567817
1.3207756e-05
0.001156875
1.3788825e-05
0.0011569649
1.4363083e-05
0.0011570506
1.4929015e-05
0.0011571315
1.5488118e-05
0.0011572074
1.6044011e-05
0.0011572784
1.6600067e-05
0.0011573445
1.7158408e-05
0.0011574058
1.7720985e-05
0.0011574624
1.8290414e-05
0.0011575145
1.8870021e-05
0.0011575627
1.9463115e-05
0.0011576072
2.0071621e-05
0.0011576481
2.0696441e-05
0.0011576857
2.1338405e-05
0.0011577201
2.1999417e-05
0.0011577515
2.2681879e-05
0.0011577802
2.3387329e-05
0.0011578063
2.4116469e-05
0.0011578298
2.486956e-05
0.001157851
2.5648267e-05
0.0011578699
2.6454403e-05
0.0011578868
2.7289361e-05
0.0011579016
2.8153304e-05
0.0011579144
2.9047118e-05
0.0011579255
2.997264e-05
0.0011579348
3.0931111e-05
0.0011579425
3.1922969e-05
0.0011579487
3.2949455e-05
0.0011579534
3.4012601e-05
0.0011579569
3.511312e-05
0.0011579591
3.6251769e-05
0.0011579602
3.7430128e-05
0.0011579603
3.8650474e-05
0.0011579595
3.9913052e-05
0.0011579578
4.1220106e-05
0.0011579555
4.257295e-05
0.0011579526
4.3973847e-05
0.0011579491
4.5423322e-05
0.0011579453
4.6925054e-05
0.0011579411
4.8478535e-05
0.0011579367
5.0088636e-05
0.0011579321
5.1754097e-05
0.0011579274
5.348036e-05
0.0011579226
5.5266422e-05
0.0011579179
5.7118068e-05
0.0011579131
5.9033324e-05
0.0011579084
6.1019386e-05
0.0011579036
6.3075444e-05
0.0011578985
6.5204702e-05
0.0011578926
6.7411353e-05
0.0011578844
6.9694746e-05
0.0011578705
7.2061952e-05
0.0011578394
7.4510149e-05
0.0011577572
7.7042208e-05
0.0011575093
7.9649714e-05
0.0011567682
8.228098e-05
0.0011548199
8.4820552e-05
0.0011508815
8.6856942e-05
0.0011449688
8.7852049e-05
0.0011379601
8.7459475e-05
0.001130637
8.6168591e-05
0.0011232799
8.4524139e-05
0.0011158784
8.2817597e-05
0.0011083745
8.1060743e-05
0.0011007439
7.9181141e-05
0.0010930421
7.7170731e-05
0.0010854058
7.5036523e-05
0.0010779396
7.2831908e-05
0.0010707086
7.0664178e-05
0.0010637532
6.8550913e-05
0.0010570884
6.6560774e-05
0.0010507144
6.4662972e-05
0.0010446145
6.2919659e-05
0.0010387763
6.1259763e-05
0.0010331757
5.9753659e-05
0.0010277984
5.8318784e-05
0.0010226222
5.700117e-05
0.00101763
5.5844662e-05
0.0010128279
5.4427038e-05
0.0010080957
5.4658381e-05
0.0010038134
4.9732125e-05
0.00099857315
6.2275166e-05
4.1902712e-05
0.0012201872
5.6895383e-06
0.001220318
6.6031831e-06
0.0012204989
7.4975813e-06
0.0012207004
8.2822986e-06
0.0012208884
8.905422e-06
0.0012210428
9.3906023e-06
0.0012211645
9.8194746e-06
0.0012212672
1.0273162e-05
0.0012213645
1.0786968e-05
0.0012214629
1.1349784e-05
0.0012215629
1.1934194e-05
0.0012216631
1.2522217e-05
0.0012217623
1.310853e-05
0.0012218595
1.3691657e-05
0.0012219534
1.4269151e-05
0.0012220431
1.4839347e-05
0.0012221279
1.5403332e-05
0.0012222076
1.5964291e-05
0.0012222823
1.6525389e-05
0.0012223519
1.7088758e-05
0.0012224166
1.7656324e-05
0.0012224764
1.8230622e-05
0.0012225315
1.8814832e-05
0.0012225825
1.941214e-05
0.0012226296
2.0024537e-05
0.001222673
2.065304e-05
0.0012227128
2.1298569e-05
0.0012227493
2.1962961e-05
0.0012227826
2.2648541e-05
0.0012228131
2.3356881e-05
0.0012228408
2.4088755e-05
0.0012228658
2.4844529e-05
0.0012228883
2.5625777e-05
0.0012229084
2.6434291e-05
0.0012229263
2.7271454e-05
0.0012229421
2.8137548e-05
0.0012229558
2.9033432e-05
0.0012229675
2.9960876e-05
0.0012229775
3.0921145e-05
0.0012229857
3.1914743e-05
0.0012229923
3.2942869e-05
0.0012229974
3.4007491e-05
0.0012230012
3.5109399e-05
0.0012230036
3.624936e-05
0.0012230048
3.7428921e-05
0.0012230049
3.8650305e-05
0.0012230041
3.9913872e-05
0.0012230025
4.1221772e-05
0.001223
4.2575373e-05
0.001222997
4.3976885e-05
0.0012229934
4.5426937e-05
0.0012229894
4.6929053e-05
0.001222985
4.8482942e-05
0.0012229804
5.0093228e-05
0.0012229755
5.1758943e-05
0.0012229706
5.3485247e-05
0.0012229657
5.5271421e-05
0.0012229607
5.7122982e-05
0.0012229558
5.9038277e-05
0.001222951
6.1024183e-05
0.0012229462
6.3080181e-05
0.0012229416
6.5209382e-05
0.0012229369
6.7416028e-05
0.0012229319
6.9699779e-05
0.001222926
7.2067823e-05
0.0012229173
7.4518803e-05
0.0012229011
7.7058464e-05
0.0012228611
7.9689675e-05
0.0012227423
8.2399762e-05
0.0012223723
8.5190569e-05
0.0012212623
8.7966991e-05
0.0012185549
9.0559466e-05
0.0012136188
9.2395555e-05
0.001206872
9.2915323e-05
0.0011993156
9.2080625e-05
0.001191597
9.0536172e-05
0.0011838824
8.8775358e-05
0.0011760964
8.6967127e-05
0.0011681777
8.5089444e-05
0.0011601388
8.3075353e-05
0.001152084
8.0886776e-05
0.0011441208
7.8627302e-05
0.0011363616
7.6310201e-05
0.0011288666
7.4055687e-05
0.0011216709
7.1858721e-05
0.0011147782
6.9812313e-05
0.001108189
6.7849028e-05
0.0011018809
6.6061759e-05
0.0010958393
6.4360353e-05
0.0010900389
6.280159e-05
0.00108446
6.1423573e-05
0.001079102
5.9785003e-05
0.0010738416
5.9918785e-05
0.0010690751
5.4498594e-05
0.001063264
6.8086347e-05
4.5728144e-05
0.0012888087
5.6208504e-06
0.0012889333
6.4785865e-06
0.0012891045
7.3264043e-06
0.0012892973
8.0894699e-06
0.0012894817
8.721029e-06
0.0012896382
9.2340842e-06
0.0012897656
9.6921281e-06
0.0012898748
1.0163988e-05
0.0012899779
1.0683864e-05
0.0012900812
1.1246422e-05
0.0012901857
1.1829733e-05
0.0012902901
1.2417798e-05
0.0012903934
1.3005227e-05
0.0012904946
1.3590445e-05
0.0012905926
1.4171155e-05
0.0012906863
1.4745602e-05
0.0012907752
1.5314499e-05
0.0012908589
1.5880607e-05
0.0012909374
1.6446874e-05
0.0012910107
1.7015416e-05
0.0012910789
1.7588133e-05
0.0012911421
1.8167472e-05
0.0012912004
1.8756472e-05
0.0012912544
1.9358193e-05
0.0012913042
1.997468e-05
0.0012913502
2.060706e-05
0.0012913924
2.1256334e-05
0.0012914311
2.1924285e-05
0.0012914665
2.2613159e-05
0.0012914988
2.3324559e-05
0.0012915282
2.4059329e-05
0.0012915548
2.4817937e-05
0.0012915787
2.5601874e-05
0.0012916001
2.6412906e-05
0.0012916192
2.7252413e-05
0.0012916359
2.8120782e-05
0.0012916505
2.9018859e-05
0.001291663
2.9948341e-05
0.0012916737
3.0910518e-05
0.0012916824
3.1905956e-05
0.0012916895
3.2935821e-05
0.001291695
3.4002011e-05
0.001291699
3.5105391e-05
0.0012917016
3.624674e-05
0.0012917029
3.7427575e-05
0.0012917032
3.8650061e-05
0.0012917024
3.9914675e-05
0.0012917007
4.1223472e-05
0.0012916982
4.2577877e-05
0.001291695
4.3980042e-05
0.0012916913
4.5430703e-05
0.0012916871
4.6933231e-05
0.0012916825
4.848755e-05
0.0012916777
5.009804e-05
0.0012916726
5.1764019e-05
0.0012916675
5.3490373e-05
0.0012916622
5.527666e-05
0.0012916571
5.7128135e-05
0.0012916519
5.9043461e-05
0.0012916469
6.1029192e-05
0.001291642
6.308509e-05
0.0012916372
6.5214152e-05
0.0012916326
6.7420616e-05
0.0012916281
6.9704327e-05
0.0012916236
7.2072312e-05
0.0012916187
7.4523657e-05
0.0012916128
7.7064385e-05
0.0012916037
7.9698787e-05
0.0012915836
8.241981e-05
0.0012915291
8.52451e-05
0.0012913493
8.8146766e-05
0.0012907842
9.1124626e-05
0.0012891407
9.4038979e-05
0.0012854677
9.6588336e-05
0.0012794623
9.808603e-05
0.00127194
9.8058491e-05
0.0012639057
9.6809666e-05
0.0012558028
9.5070023e-05
0.0012476907
9.3201508e-05
0.0012394949
9.1271171e-05
0.0012311502
8.9231453e-05
0.0012226798
8.7097765e-05
0.0012142461
8.4743868e-05
0.001205954
8.2347785e-05
0.001197903
7.9909733e-05
0.0011901424
7.7572918e-05
0.001182705
7.5286475e-05
0.0011755825
7.3184217e-05
0.0011687707
7.1172137e-05
0.0011622461
6.9326179e-05
0.0011559882
6.7681534e-05
0.0011499911
6.5782026e-05
0.0011441255
6.5784432e-05
0.001138806
5.9818118e-05
0.0011323442
7.4548127e-05
4.9964525e-05
0.0013612875
5.5533314e-06
0.0013614061
6.359996e-06
0.0013615679
7.1645121e-06
0.0013617522
7.9052568e-06
0.0013619324
8.5407802e-06
0.0013620903
9.0762362e-06
0.0013622226
9.5597781e-06
0.0013623379
1.0048676e-05
0.0013624467
1.0575054e-05
0.0013625551
1.1138091e-05
0.001362664
1.1720763e-05
0.0013627727
1.2309097e-05
0.0013628802
1.2897761e-05
0.0013629855
1.3485105e-05
0.0013630877
1.4069006e-05
0.0013631856
1.4647679e-05
0.0013632786
1.52215e-05
0.0013633664
1.5792827e-05
0.0013634489
1.6364378e-05
0.0013635261
1.6938232e-05
0.0013635979
1.7516257e-05
0.0013636646
1.8100806e-05
0.0013637263
1.869478e-05
0.0013637834
1.9301119e-05
0.0013638361
1.9921901e-05
0.0013638849
2.0558355e-05
0.0013639296
2.1211563e-05
0.0013639707
2.1883257e-05
0.0013640082
2.257561e-05
0.0013640425
2.329025e-05
0.0013640738
2.4028087e-05
0.001364102
2.4789685e-05
0.0013641274
2.5576468e-05
0.0013641501
2.6390169e-05
0.0013641704
2.7232163e-05
0.0013641882
2.8102941e-05
0.0013642038
2.9003338e-05
0.0013642171
2.9934983e-05
0.0013642285
3.0899184e-05
0.0013642378
3.1896571e-05
0.0013642454
3.2928276e-05
0.0013642513
3.3996132e-05
0.0013642556
3.5101071e-05
0.0013642584
3.6243891e-05
0.0013642599
3.7426074e-05
0.0013642603
3.8649734e-05
0.0013642595
3.9915454e-05
0.0013642577
4.1225204e-05
0.0013642552
4.2580458e-05
0.0013642519
4.398332e-05
0.001364248
4.5434624e-05
0.0013642436
4.6937595e-05
0.0013642388
4.8492365e-05
0.0013642337
5.0103079e-05
0.0013642284
5.1769332e-05
0.0013642231
5.3495748e-05
0.0013642176
5.5282151e-05
0.0013642122
5.7133543e-05
0.0013642067
5.9048897e-05
0.0013642015
6.1034446e-05
0.0013641963
6.309023e-05
0.0013641914
6.5219133e-05
0.0013641866
6.7425373e-05
0.001364182
6.9708959e-05
0.0013641776
7.2076701e-05
0.0013641733
7.4527976e-05
0.001364169
7.7068676e-05
0.0013641644
7.9703305e-05
0.0013641584
8.2425871e-05
0.0013641484
8.5255067e-05
0.0013641222
8.8172986e-05
0.0013640423
9.1204501e-05
0.0013637662
9.4315071e-05
0.0013628808
9.7473769e-05
0.0013604784
0.00010048846
0.0013556644
0.00010287251
0.0013486074
0.0001038666
0.0013403948
0.0001032826
0.0013319142
0.00010168214
0.0013234181
9.9767309e-05
0.0013148784
9.7771138e-05
0.0013062163
9.5759824e-05
0.0012974065
9.3553682e-05
0.0012885166
9.1237694e-05
0.0012797057
8.8720673e-05
0.0012710872
8.6191423e-05
0.001262748
8.362568e-05
0.0012547199
8.1212267e-05
0.0012470308
7.8861232e-05
0.0012396705
7.6686464e-05
0.0012326248
7.4727264e-05
0.0012258878
7.2519059e-05
0.0012193236
7.2348572e-05
0.0012133692
6.5772598e-05
0.0012061645
8.175281e-05
5.4671658e-05
0.0014378401
5.4871419e-06
0.001437953
6.2471419e-06
0.001438106
7.0114512e-06
0.0014382817
7.7295353e-06
0.0014384574
8.365131e-06
0.0014386158
8.9178397e-06
0.0014387524
9.4231269e-06
0.0014388735
9.9276482e-06
0.0014389878
1.0460706e-05
0.0014391011
1.1024819e-05
0.0014392146
1.1607255e-05
0.0014393276
1.2196052e-05
0.0014394393
1.2786054e-05
0.0014395489
1.3375555e-05
0.0014396553
1.3962617e-05
0.0014397575
1.4545475e-05
0.0014398547
1.512422e-05
0.0014399467
1.570082e-05
0.0014400334
1.6277756e-05
0.0014401145
1.685705e-05
0.0014401903
1.7440533e-05
0.0014402606
1.803046e-05
0.0014403258
1.8629594e-05
0.0014403862
1.9240754e-05
0.001440442
1.986604e-05
0.0014404936
2.0506774e-05
0.0014405411
2.1164109e-05
0.0014405846
2.183974e-05
0.0014406244
2.2535765e-05
0.0014406608
2.3253831e-05
0.001440694
2.3994915e-05
0.001440724
2.4759669e-05
0.001440751
2.5549462e-05
0.0014407752
2.6365989e-05
0.0014407967
2.7210625e-05
0.0014408157
2.8083953e-05
0.0014408323
2.8986805e-05
0.0014408465
2.9920746e-05
0.0014408586
3.0887094e-05
0.0014408686
3.1886543e-05
0.0014408767
3.2920197e-05
0.001440883
3.3989823e-05
0.0014408877
3.5096415e-05
0.0014408908
3.6240792e-05
0.0014408924
3.7424404e-05
0.0014408929
3.864931e-05
0.0014408921
3.9916199e-05
0.0014408904
4.1226962e-05
0.0014408877
4.2583117e-05
0.0014408843
4.3986719e-05
0.0014408802
4.5438702e-05
0.0014408757
4.694215e-05
0.0014408706
4.8497393e-05
0.0014408654
5.0108353e-05
0.0014408598
5.1774892e-05
0.0014408542
5.3501382e-05
0.0014408484
5.5287905e-05
0.0014408427
5.7139216e-05
0.001440837
5.9054594e-05
0.0014408315
6.103996e-05
0.0014408261
6.309562e-05
0.0014408209
6.5224356e-05
0.0014408159
6.7430356e-05
0.0014408111
6.9713793e-05
0.0014408066
7.208125e-05
0.0014408022
7.4532369e-05
0.001440798
7.7072843e-05
0.0014407941
7.9707234e-05
0.0014407899
8.2429985e-05
0.0014407857
8.525928e-05
0.0014407795
8.8179203e-05
0.0014407677
9.1216363e-05
0.0014407321
9.4350624e-05
0.0014406076
9.7598303e-05
0.0014401684
0.00010092761
0.0014387844
0.00010425657
0.0014353653
0.00010728568
0.0014292914
0.00010935643
0.0014212669
0.0001097067
0.0014124389
0.0001085953
0.0014035061
0.0001067039
0.0013945919
0.00010467407
0.0013855979
0.00010254768
0.0013764455
0.00010039012
0.0013671532
9.8012933e-05
0.0013578498
9.5494773e-05
0.0013486656
9.2809895e-05
0.0013397109
9.0166988e-05
0.0013310729
8.7499283e-05
0.0013227746
8.4984759e-05
0.0013148261
8.2675716e-05
0.0013072333
8.0111907e-05
0.0012998598
7.9722066e-05
0.0012931708
7.2461559e-05
0.0012851125
8.9811105e-05
5.9919995e-05
0.0015186957
5.4224081e-06
0.001518803
6.1397635e-06
0.0015189477
6.8667569e-06
0.0015191152
7.5621079e-06
0.0015192859
8.1944484e-06
0.001519444
8.7596507e-06
0.0015195842
9.2829228e-06
0.0015197105
9.801403e-06
0.0015198301
1.0341062e-05
0.0015199483
1.0906696e-05
0.0015200663
1.1489227e-05
0.0015201837
1.207864e-05
0.0015202997
1.2670057e-05
0.0015204135
1.3261735e-05
0.0015205242
1.3851918e-05
0.0015206308
1.4438908e-05
0.0015207324
1.5022555e-05
0.0015208288
1.5604464e-05
0.0015209197
1.6186873e-05
0.001521005
1.6771725e-05
0.0015210847
1.7360806e-05
0.0015211589
1.7956273e-05
0.0015212278
1.8560748e-05
0.0015212916
1.9176935e-05
0.0015213507
1.9806936e-05
0.0015214053
2.0452159e-05
0.0015214556
2.1113824e-05
0.0015215017
2.179359e-05
0.001521544
2.2493488e-05
0.0015215827
2.3215175e-05
0.0015216179
2.3959695e-05
0.0015216498
2.4727781e-05
0.0015216785
2.5520756e-05
0.0015217042
2.6340276e-05
0.0015217271
2.7187715e-05
0.0015217473
2.8063742e-05
0.0015217649
2.8969193e-05
0.0015217801
2.9905568e-05
0.001521793
3.0874195e-05
0.0015218037
3.1875826e-05
0.0015218124
3.2911545e-05
0.0015218192
3.3983051e-05
0.0015218242
3.5091394e-05
0.0015218275
3.623742e-05
0.0015218294
3.7422546e-05
0.0015218299
3.8648777e-05
0.0015218292
3.9916903e-05
0.0015218275
4.1228741e-05
0.0015218247
4.258585e-05
0.0015218212
4.3990241e-05
0.001521817
4.544294e-05
0.0015218122
4.69469e-05
0.001521807
4.850264e-05
0.0015218014
5.0113869e-05
0.0015217956
5.1780708e-05
0.0015217897
5.3507284e-05
0.0015217837
5.529393e-05
0.0015217778
5.7145165e-05
0.0015217718
5.9060565e-05
0.001521766
6.1045745e-05
0.0015217603
6.3101273e-05
0.0015217549
6.5229835e-05
0.0015217496
6.7435584e-05
0.0015217446
6.9718861e-05
0.0015217398
7.2086015e-05
0.0015217352
7.4536956e-05
0.0015217309
7.707716e-05
0.0015217269
7.9711231e-05
0.0015217229
8.2433955e-05
0.0015217194
8.5262853e-05
0.0015217155
8.8183086e-05
0.0015217115
9.1220378e-05
0.0015217051
9.4356942e-05
0.00152169
9.7613435e-05
0.0015216373
0.00010098036
0.0015214353
0.00010445858
0.0015207171
0.00010800387
0.0015185871
0.00011148636
0.0015139095
0.00011438438
0.0015065415
0.0001159633
0.0014976442
0.00011560121
0.0014882882
0.00011402999
0.0014789136
0.00011192231
0.0014695298
0.0001097739
0.0014600469
0.00010749586
0.0014503935
0.00010514816
0.0014406012
0.00010260223
0.0014308539
9.9914303e-05
0.0014212979
9.705524e-05
0.0014120158
9.4266869e-05
0.0014030746
9.1616908e-05
0.0013945122
8.8674314e-05
0.0013862078
8.8026468e-05
0.0013786679
8.0001407e-05
0.0013696235
9.885552e-05
6.5794198e-05
0.001604096
5.3592177e-06
0.0016041982
6.0375974e-06
0.001604335
6.7299565e-06
0.0016044944
7.4027183e-06
0.0016046598
8.0290069e-06
0.0016048171
8.6023773e-06
0.0016049601
9.1399401e-06
0.001605091
9.6705044e-06
0.0016052156
1.0216431e-05
0.0016053385
1.0783861e-05
0.0016054609
1.1366732e-05
0.0016055827
1.1956863e-05
0.001605703
1.2549738e-05
0.0016058212
1.3143596e-05
0.0016059362
1.3736851e-05
0.0016060472
1.4327902e-05
0.0016061534
1.491641e-05
0.0016062542
1.5503643e-05
0.0016063495
1.6091593e-05
0.0016064391
1.6682108e-05
0.001606523
1.7276918e-05
0.0016066012
1.7878078e-05
0.0016066739
1.8488074e-05
0.0016067413
1.910949e-05
0.0016068038
1.9744423e-05
0.0016068616
2.0394348e-05
0.0016069149
2.1060548e-05
0.0016069638
2.1744656e-05
0.0016070087
2.2448634e-05
0.0016070497
2.3174148e-05
0.0016070871
2.39223e-05
0.001607121
2.4693902e-05
0.0016071515
2.5490241e-05
0.0016071788
2.631293e-05
0.0016072032
2.7163343e-05
0.0016072247
2.8042227e-05
0.0016072435
2.8950427e-05
0.0016072597
2.9889385e-05
0.0016072734
3.0860429e-05
0.0016072849
3.1864371e-05
0.0016072942
3.2902275e-05
0.0016073014
3.3975778e-05
0.0016073069
3.5085979e-05
0.0016073105
3.623375e-05
0.0016073126
3.7420481e-05
0.0016073132
3.8648121e-05
0.0016073126
3.9917554e-05
0.0016073108
4.1230535e-05
0.001607308
4.2588653e-05
0.0016073044
4.3993884e-05
0.0016073
4.5447341e-05
0.001607295
4.695185e-05
0.0016072895
4.8508112e-05
0.0016072838
5.0119637e-05
0.0016072777
5.1786786e-05
0.0016072715
5.3513464e-05
0.0016072652
5.5300237e-05
0.001607259
5.7151401e-05
0.0016072527
5.906682e-05
0.0016072466
6.1051813e-05
0.0016072407
6.31072e-05
0.001607235
6.5235581e-05
0.0016072295
6.7441068e-05
0.0016072242
6.9724174e-05
0.0016072192
7.2091015e-05
0.0016072144
7.4541762e-05
0.0016072098
7.708168e-05
0.0016072057
7.9715405e-05
0.0016072016
8.2438066e-05
0.0016071979
8.5266487e-05
0.0016071942
8.8186829e-05
0.0016071909
9.1223657e-05
0.0016071874
9.436046e-05
0.0016071836
9.761726e-05
0.0016071768
0.00010098714
0.001607156
0.00010447932
0.0016070701
0.00010808977
0.0016067329
0.00011182358
0.0016055499
0.00011556742
0.0016023739
0.00011913924
0.0015962513
0.00012172385
0.0015876594
0.00012262185
0.0015780056
0.00012157614
0.0015681483
0.00011963115
0.0015583262
0.00011731803
0.0015484479
0.00011502647
0.001538405
0.00011264506
0.0015281979
0.00011012141
0.001517934
0.00010731912
0.0015077569
0.00010444403
0.0014978211
0.00010155271
0.0014882196
9.8275847e-05
0.0014788772
9.7368867e-05
0.0014703663
8.8512218e-05
0.0014601862
0.00010903571
7.2394264e-05
0.0016942967
5.2976759e-06
0.0016943939
5.9403827e-06
0.0016945233
6.6005843e-06
0.0016946749
7.251066e-06
0.0016948349
7.8689972e-06
0.0016949906
8.4466707e-06
0.0016951356
8.9949643e-06
0.0016952705
9.5355781e-06
0.0016953998
1.0087193e-05
0.0016955271
1.0656518e-05
0.001695654
1.1239878e-05
0.0016957801
1.1830772e-05
0.0016959047
1.2425104e-05
0.0016960272
1.3021119e-05
0.0016961467
1.3617379e-05
0.0016962622
1.4212402e-05
0.0016963729
1.4805708e-05
0.0016964782
1.5398259e-05
0.001696578
1.5991799e-05
0.0016966721
1.6588064e-05
0.0016967603
1.718872e-05
0.0016968426
1.7795717e-05
0.0016969193
1.8411407e-05
0.0016969905
1.9038252e-05
0.0016970566
1.967833e-05
0.0016971178
2.0333176e-05
0.0016971742
2.1004123e-05
0.0016972261
2.1692783e-05
0.0016972737
2.2401058e-05
0.0016973172
2.313061e-05
0.0016973569
2.3882601e-05
0.0016973929
2.4657912e-05
0.0016974253
2.5457804e-05
0.0016974544
2.6283848e-05
0.0016974803
2.7137415e-05
0.0016975033
2.8019323e-05
0.0016975232
2.8930432e-05
0.0016975405
2.9872127e-05
0.0016975552
3.0845738e-05
0.0016975674
3.1852125e-05
0.0016975774
3.2892343e-05
0.0016975852
3.3967967e-05
0.001697591
3.5080137e-05
0.001697595
3.6229756e-05
0.0016975973
3.7418186e-05
0.0016975981
3.8647324e-05
0.0016975975
3.991814e-05
0.0016975957
4.1232335e-05
0.0016975929
4.2591522e-05
0.0016975891
4.3997647e-05
0.0016975845
4.5451904e-05
0.0016975794
4.6957003e-05
0.0016975737
4.8513815e-05
0.0016975677
5.0125662e-05
0.0016975613
5.1793137e-05
0.0016975548
5.3519931e-05
0.0016975482
5.5306836e-05
0.0016975417
5.7157934e-05
0.0016975352
5.9073368e-05
0.0016975288
6.1058173e-05
0.0016975226
6.311341e-05
0.0016975166
6.5241603e-05
0.0016975108
6.7446819e-05
0.0016975052
6.9729743e-05
0.0016975
7.2096258e-05
0.001697495
7.4546798e-05
0.0016974902
7.708642e-05
0.0016974858
7.971978e-05
0.0016974815
8.2442365e-05
0.0016974777
8.5270286e-05
0.0016974739
8.8190709e-05
0.0016974705
9.1226995e-05
0.0016974671
9.4363861e-05
0.0016974641
9.76203e-05
0.001697461
0.00010099024
0.0016974575
0.00010448282
0.0016974492
0.00010809807
0.0016974181
0.00011185464
0.001697269
0.00011571658
0.0016966948
0.00011971339
0.0016947851
0.0001236336
0.0016902404
0.00012716654
0.0016825854
0.00012923116
0.001672909
0.00012930748
0.001662613
0.0001276141
0.0016522561
0.00012538337
0.0016419369
0.00012296424
0.001631522
0.00012053629
0.0016209093
0.0001179318
0.0016101302
0.00011522313
0.0015993712
0.00011231169
0.0015887805
0.00010886662
0.0015783628
0.00010778651
0.0015687946
9.8080446e-05
0.0015573348
0.00012049555
7.9828841e-05
0.0017895675
5.2378558e-06
0.00178966
5.8478618e-06
0.0017897824
6.4781809e-06
0.0017899267
7.1068196e-06
0.0017900811
7.7145302e-06
0.0017902347
8.2931104e-06
0.0017903809
8.8487698e-06
0.0017905192
9.3972928e-06
0.0017906526
9.9537944e-06
0.0017907842
1.0524927e-05
0.0017909152
1.110882e-05
0.0017910455
1.1700452e-05
0.0017911744
1.2296191e-05
0.0017913012
1.2894306e-05
0.0017914251
1.3493484e-05
0.0017915452
1.409237e-05
0.0017916605
1.4690386e-05
0.0017917705
1.5288222e-05
0.0017918749
1.5887377e-05
0.0017919735
1.648946e-05
0.0017920662
1.7096063e-05
0.0017921529
1.7709032e-05
0.0017922337
1.8330579e-05
0.0017923089
1.8963049e-05
0.0017923788
1.9608486e-05
0.0017924435
2.026847e-05
0.0017925032
2.0944381e-05
0.0017925582
2.1637811e-05
0.0017926086
2.2350603e-05
0.0017926548
2.3084416e-05
0.001792697
2.384046e-05
0.0017927352
2.4619683e-05
0.0017927697
2.5423326e-05
0.0017928006
2.6252919e-05
0.0017928282
2.710983e-05
0.0017928526
2.799494e-05
0.0017928739
2.8909126e-05
0.0017928923
2.9853723e-05
0.001792908
3.0830054e-05
0.0017929211
3.1839032e-05
0.0017929317
3.2881699e-05
0.0017929401
3.3959575e-05
0.0017929464
3.5073833e-05
0.0017929507
3.6225409e-05
0.0017929533
3.7415639e-05
0.0017929543
3.8646368e-05
0.0017929537
3.9918648e-05
0.0017929519
4.1234131e-05
0.001792949
4.2594452e-05
0.0017929451
4.4001528e-05
0.0017929404
4.5456631e-05
0.001792935
4.6962363e-05
0.0017929291
4.8519752e-05
0.0017929228
5.0131951e-05
0.0017929162
5.1799766e-05
0.0017929094
5.3526694e-05
0.0017929025
5.5313736e-05
0.0017928957
5.7164774e-05
0.0017928888
5.9080219e-05
0.0017928822
6.1064837e-05
0.0017928757
6.3119914e-05
0.0017928694
6.5247913e-05
0.0017928633
6.7452846e-05
0.0017928575
6.9735577e-05
0.001792852
7.2101755e-05
0.0017928467
7.4552074e-05
0.0017928418
7.7091387e-05
0.0017928372
7.9724367e-05
0.0017928327
8.2446867e-05
0.0017928287
8.5274269e-05
0.0017928246
8.8194763e-05
0.0017928211
9.1230485e-05
0.0017928176
9.4367394e-05
0.0017928145
9.7623426e-05
0.0017928115
0.00010099327
0.0017928087
0.00010448558
0.0017928059
0.00010810087
0.0017928031
0.00011185745
0.0017927914
0.00011572825
0.0017927386
0.00011976624
0.0017924739
0.00012389827
0.0017914867
0.0001281537
0.0017885098
0.00013220806
0.0017823213
0.00013549599
0.0017731869
0.00013674856
0.0017625795
0.00013599076
0.0017517182
0.00013382555
0.0017408633
0.00013139114
0.0017299833
0.00012881185
0.0017189616
0.00012624482
0.0017077388
0.00012353443
0.0016964151
0.00012019036
0.0016850405
0.00011916114
0.0016744346
0.00010868631
0.0016616114
0.00013331876
8.8191159e-05
0.0018901934
5.1797182e-06
0.0018902815
5.7597717e-06
0.0018903974
6.3623007e-06
0.0018905346
6.9696269e-06
0.0018906835
7.5656499e-06
0.0018908344
8.1422012e-06
0.0018909811
8.7021055e-06
0.001891122
9.2563513e-06
0.0018912591
9.8167417e-06
0.0018913946
1.0389415e-05
0.0018915296
1.0973767e-05
0.001891664
1.1566041e-05
0.0018917971
1.2163079e-05
0.0018919282
1.2763196e-05
0.0018920566
1.3365177e-05
0.0018921811
1.3967792e-05
0.0018923011
1.4570403e-05
0.0018924159
1.5173463e-05
0.001892525
1.5778232e-05
0.0018926283
1.6386181e-05
0.0018927255
1.6998815e-05
0.0018928167
1.7617873e-05
0.0018929018
1.8245431e-05
0.0018929812
1.8883713e-05
0.0018930549
1.953472e-05
0.0018931234
2.0200061e-05
0.0018931866
2.0881155e-05
0.0018932448
2.1579576e-05
0.0018932983
2.2297113e-05
0.0018933473
2.3035414e-05
0.001893392
2.3795735e-05
0.0018934326
2.4579082e-05
0.0018934693
2.5386684e-05
0.0018935022
2.622003e-05
0.0018935315
2.7080484e-05
0.0018935575
2.7968982e-05
0.0018935802
2.8886422e-05
0.0018935998
2.9834094e-05
0.0018936165
3.0813312e-05
0.0018936305
3.1825031e-05
0.001893642
3.2870292e-05
0.001893651
3.3950557e-05
0.0018936578
3.506703e-05
0.0018936625
3.6220677e-05
0.0018936653
3.7412813e-05
0.0018936665
3.8645234e-05
0.0018936661
3.9919064e-05
0.0018936643
4.1235914e-05
0.0018936613
4.2597436e-05
0.0018936573
4.4005524e-05
0.0018936524
4.5461522e-05
0.0018936468
4.6967932e-05
0.0018936407
4.8525929e-05
0.0018936341
5.0138512e-05
0.0018936272
5.1806683e-05
0.0018936201
5.3533763e-05
0.0018936129
5.5320945e-05
0.0018936057
5.7171933e-05
0.0018935986
5.9087384e-05
0.0018935916
6.1071814e-05
0.0018935848
6.3126722e-05
0.0018935782
6.5254519e-05
0.0018935719
6.7459159e-05
0.0018935658
6.9741684e-05
0.00189356
7.2107515e-05
0.0018935545
7.4557598e-05
0.0018935493
7.7096591e-05
0.0018935445
7.9729173e-05
0.0018935398
8.2451578e-05
0.0018935356
8.5278446e-05
0.0018935313
8.8199001e-05
0.0018935277
9.1234145e-05
0.001893524
9.4371084e-05
0.0018935207
9.7626699e-05
0.0018935176
0.00010099643
0.0018935146
0.0001044885
0.0018935118
0.00010810369
0.0018935097
0.00011185961
0.0018935072
0.00011573072
0.0018935048
0.00011976863
0.0018934864
0.00012391665
0.0018933877
0.0001282524
0.0018929155
0.00013268023
0.0018912382
0.00013717334
0.0018867801
0.00014120663
0.0018787812
0.00014398966
0.0018683479
0.0001442589
0.0018569594
0.00014277964
0.0018455307
0.00014024048
0.001834134
0.00013764159
0.0018226586
0.00013500977
0.0018110183
0.00013183067
0.0017990167
0.00013116277
0.0017875939
0.00012010909
0.0017734753
0.00014743735
9.7504884e-05
0.0019964756
5.123338e-06
0.0019965595
5.6758613e-06
0.0019966693
6.2525117e-06
0.0019967998
6.8391284e-06
0.0019969431
7.4223408e-06
0.0019970909
7.9943693e-06
0.0019972374
8.5556773e-06
0.0019973802
9.1134695e-06
0.0019975204
9.6765919e-06
0.0019976594
1.0250363e-05
0.0019977982
1.0834982e-05
0.0019979365
1.1427722e-05
0.0019980737
1.2025888e-05
0.0019982091
1.262786e-05
0.0019983417
1.3232496e-05
0.0019984709
1.3838679e-05
0.0019985955
1.4445741e-05
0.001998715
1.5053933e-05
0.001998829
1.5664285e-05
0.001998937
1.6278119e-05
0.001999039
1.6896847e-05
0.0019991348
1.7522095e-05
0.0019992244
1.8155804e-05
0.0019993081
1.8800076e-05
0.0019993859
1.9456858e-05
0.0019994582
2.0127774e-05
0.0019995251
2.0814272e-05
0.0019995868
2.1517909e-05
0.0019996434
2.2240423e-05
0.0019996954
2.2983448e-05
0.0019997429
2.3748277e-05
0.001999786
2.453597e-05
0.0019998249
2.5347747e-05
0.0019998599
2.618506e-05
0.0019998911
2.7049265e-05
0.0019999187
2.7941348e-05
0.0019999429
2.886223e-05
0.0019999639
2.9813159e-05
0.0019999817
3.0795436e-05
0.0019999967
3.1810058e-05
0.0020000089
3.2858064e-05
0.0020000186
3.3940865e-05
0.002000026
3.5059686e-05
0.0020000311
3.6215527e-05
0.0020000343
3.7409683e-05
0.0020000356
3.86439e-05
0.0020000353
3.991937e-05
0.0020000335
4.123767e-05
0.0020000305
4.2600466e-05
0.0020000264
4.4009631e-05
0.0020000213
4.5466574e-05
0.0020000156
4.6973711e-05
0.0020000091
4.8532348e-05
0.0020000023
5.0145348e-05
0.0019999951
5.1813893e-05
0.0019999877
5.3541144e-05
0.0019999802
5.5328474e-05
0.0019999727
5.7179418e-05
0.0019999652
5.9094873e-05
0.0019999579
6.1079116e-05
0.0019999508
6.3133845e-05
0.0019999439
6.5261432e-05
0.0019999373
6.746577e-05
0.0019999309
6.9748074e-05
0.0019999248
7.2113548e-05
0.0019999191
7.4563378e-05
0.0019999136
7.710204e-05
0.0019999086
7.9734207e-05
0.0019999036
8.2456505e-05
0.0019998993
8.5282826e-05
0.0019998948
8.8203429e-05
0.001999891
9.1237984e-05
0.0019998871
9.4374938e-05
0.0019998837
9.7630128e-05
0.0019998804
0.00010099973
0.0019998773
0.00010449157
0.0019998744
0.00010810667
0.0019998719
0.00011186207
0.0019998692
0.00011573346
0.0019998677
0.00011977011
0.0019998659
0.00012391849
0.0019998631
0.00012825516
0.0019998297
0.00013271359
0.0019996436
0.00013735947
0.0019987722
0.00014207804
0.0019959918
0.0001467701
0.0019897103
0.00015054032
0.0019799248
0.00015256519
0.0019683829
0.00015178234
0.0019563167
0.00014970782
0.001944316
0.00014701049
0.0019323606
0.000143786
0.0019200821
0.00014344135
0.0019082605
0.00013193061
0.0018931591
0.0001625388
0.00010763646
0.0021087319
5.0686991e-06
0.0021088119
5.5958852e-06
0.002108916
6.1484015e-06
0.0021090402
6.7149621e-06
0.002109178
7.2845398e-06
0.0021093224
7.8499653e-06
0.0021094679
8.4101378e-06
0.002109612
8.9693638e-06
0.0021097547
9.5339441e-06
0.0021098968
1.0108212e-05
0.002110039
1.0692784e-05
0.002110181
1.1285732e-05
0.0021103221
1.1884787e-05
0.0021104616
1.2488411e-05
0.0021105986
1.3095513e-05
0.0021107322
1.3705072e-05
0.0021108615
1.4316409e-05
0.0021109858
1.4929606e-05
0.0021111046
1.5545478e-05
0.0021112175
1.6165191e-05
0.0021113243
1.679005e-05
0.0021114249
1.7421569e-05
0.0021115191
1.8061553e-05
0.0021116072
1.8711981e-05
0.0021116893
1.9374734e-05
0.0021117657
2.0051439e-05
0.0021118364
2.0743561e-05
0.0021119017
2.1452641e-05
0.0021119617
2.2180369e-05
0.0021120168
2.2928359e-05
0.0021120671
2.3697934e-05
0.0021121129
2.4490203e-05
0.0021121543
2.5306381e-05
0.0021121914
2.6147884e-05
0.0021122247
2.7016058e-05
0.0021122541
2.7911934e-05
0.0021122798
2.8836453e-05
0.0021123022
2.9790831e-05
0.0021123213
3.0776353e-05
0.0021123373
3.1794047e-05
0.0021123504
3.2844957e-05
0.0021123608
3.3930449e-05
0.0021123687
3.5051759e-05
0.0021123743
3.6209922e-05
0.0021123778
3.7406216e-05
0.0021123793
3.8642341e-05
0.0021123792
3.991955e-05
0.0021123774
4.1239387e-05
0.0021123744
4.2603533e-05
0.0021123702
4.4013843e-05
0.002112365
4.5471787e-05
0.002112359
4.6979702e-05
0.0021123523
4.8539015e-05
0.0021123452
5.0152467e-05
0.0021123377
5.1821404e-05
0.00211233
5.3548847e-05
0.0021123221
5.5336331e-05
0.0021123143
5.7187241e-05
0.0021123065
5.9102695e-05
0.0021122988
6.1086752e-05
0.0021122914
6.3141292e-05
0.0021122842
6.5268662e-05
0.0021122772
6.7472687e-05
0.0021122706
6.9754757e-05
0.0021122642
7.2119862e-05
0.0021122582
7.4569423e-05
0.0021122525
7.7107741e-05
0.0021122472
7.9739477e-05
0.0021122421
8.2461654e-05
0.0021122375
8.5287416e-05
0.0021122329
8.8208052e-05
0.0021122288
9.1242007e-05
0.0021122248
9.4378962e-05
0.0021122212
9.7633719e-05
0.0021122178
0.00010100318
0.0021122146
0.00010449478
0.0021122115
0.00010810978
0.0021122089
0.00011186467
0.0021122059
0.00011573641
0.0021122039
0.00011977214
0.0021122013
0.00012392108
0.0021122006
0.00012825584
0.0021121996
0.00013271458
0.0021121959
0.0001373632
0.0021121255
0.00014214842
0.0021117578
0.00014713781
0.0021101843
0.00015211383
0.0021058373
0.0001569122
0.0020975254
0.00016009421
0.0020861113
0.00016112194
0.0020736223
0.00015949942
0.0020609747
0.0001564336
0.0020482513
0.00015616482
0.0020361594
0.00014402249
0.0020205727
0.0001781255
0.00011824277
0.0022272983
5.0157736e-06
0.0022273746
5.5196011e-06
0.0022274734
6.0495796e-06
0.0022275916
6.5967705e-06
0.002227724
7.1521455e-06
0.0022278647
7.7092674e-06
0.0022280088
8.2660769e-06
0.0022281534
8.8247335e-06
0.0022282979
9.3894253e-06
0.0022284427
9.9634484e-06
0.0022285879
1.0547543e-05
0.0022287333
1.1140356e-05
0.0022288781
1.1739993e-05
0.0022290215
1.2345007e-05
0.0022291627
1.295434e-05
0.0022293007
1.3567046e-05
0.0022294346
1.4182446e-05
0.0022295638
1.4800485e-05
0.0022296875
1.5421778e-05
0.0022298053
1.6047329e-05
0.002229917
1.667833e-05
0.0022300224
1.7316177e-05
0.0022301214
1.7962541e-05
0.0022302141
1.8619274e-05
0.0022303007
1.9288185e-05
0.0022303813
1.9970885e-05
0.002230456
2.066885e-05
0.002230525
2.1383601e-05
0.0022305886
2.2116782e-05
0.002230647
2.2869983e-05
0.0022307003
2.3644551e-05
0.0022307489
2.4441633e-05
0.0022307929
2.5262446e-05
0.0022308324
2.6108371e-05
0.0022308677
2.6980744e-05
0.002230899
2.7880629e-05
0.0022309264
2.8808993e-05
0.0022309503
2.9767021e-05
0.0022309706
3.0755979e-05
0.0022309877
3.1776926e-05
0.0022310018
3.283091e-05
0.002231013
3.3919253e-05
0.0022310215
3.5043203e-05
0.0022310276
3.6203824e-05
0.0022310315
3.7402383e-05
0.0022310333
3.8640533e-05
0.0022310333
3.9919583e-05
0.0022310316
4.1241049e-05
0.0022310285
4.2606626e-05
0.0022310242
4.4018154e-05
0.0022310188
4.5477157e-05
0.0022310126
4.6985904e-05
0.0022310057
4.854593e-05
0.0022309983
5.0159872e-05
0.0022309905
5.1829222e-05
0.0022309824
5.3556879e-05
0.0022309743
5.5344524e-05
0.0022309661
5.7195411e-05
0.0022309579
5.9110859e-05
0.0022309499
6.1094733e-05
0.0022309422
6.3149074e-05
0.0022309346
6.5276218e-05
0.0022309274
6.747992e-05
0.0022309204
6.976174e-05
0.0022309138
7.2126466e-05
0.0022309075
7.457574e-05
0.0022309015
7.7113703e-05
0.002230896
7.9744991e-05
0.0022308906
8.2467031e-05
0.0022308858
8.5292224e-05
0.002230881
8.8212874e-05
0.0022308768
9.1246223e-05
0.0022308726
9.438316e-05
0.0022308688
9.7637477e-05
0.0022308652
0.00010100678
0.0022308618
0.00010449813
0.0022308586
0.00010811302
0.0022308559
0.0001118674
0.0022308528
0.00011573949
0.0022308506
0.00011977433
0.0022308477
0.00012392402
0.002230846
0.00012825755
0.0022308439
0.00013271669
0.0022308444
0.00013736261
0.0022308441
0.00014214879
0.0022308343
0.00014714757
0.0022306806
0.00015226758
0.0022299662
0.0001576266
0.0022272569
0.00016280347
0.002220885
0.00016749389
0.0022105204
0.00016986397
0.0021977593
0.0001691947
0.0021843449
0.00016957928
0.002171596
0.00015677136
0.0021556507
0.00019407075
0.00012907746
0.0023525294
4.9645215e-06
0.0023526023
5.4467749e-06
0.0023526962
5.9556768e-06
0.0023528087
6.484205e-06
0.0023529358
7.0250266e-06
0.0023530726
7.5724866e-06
0.0023532147
8.1240161e-06
0.0023533592
8.6802466e-06
0.0023535049
9.2436763e-06
0.0023536518
9.8166033e-06
0.0023537996
1.0399679e-05
0.002353948
1.0991931e-05
0.0023540963
1.1591774e-05
0.0023542434
1.2197851e-05
0.0023543886
1.2809129e-05
0.002354531
1.3424712e-05
0.0023546695
1.4043927e-05
0.0023548034
1.4666605e-05
0.002354932
1.5293181e-05
0.0023550548
1.5924495e-05
0.0023551715
1.6561615e-05
0.0023552819
1.720582e-05
0.0023553858
1.7858646e-05
0.0023554832
1.8521815e-05
0.0023555743
1.9197054e-05
0.0023556593
1.9885949e-05
0.0023557382
2.0589971e-05
0.0023558111
2.131062e-05
0.0023558784
2.2049493e-05
0.0023559403
2.2808155e-05
0.0023559968
2.3587967e-05
0.0023560484
2.439011e-05
0.002356095
2.5215799e-05
0.002356137
2.6066388e-05
0.0023561745
2.6943196e-05
0.0023562079
2.7847319e-05
0.0023562371
2.8779745e-05
0.0023562625
2.9741633e-05
0.0023562842
3.0734231e-05
0.0023563025
3.175862e-05
0.0023563176
3.2815855e-05
0.0023563296
3.3907221e-05
0.0023563389
3.5033969e-05
0.0023563455
3.6197192e-05
0.0023563497
3.7398148e-05
0.0023563518
3.8638447e-05
0.002356352
3.9919447e-05
0.0023563504
4.124264e-05
0.0023563473
4.2609734e-05
0.0023563429
4.4022557e-05
0.0023563373
4.5482681e-05
0.0023563309
4.6992316e-05
0.0023563238
4.8553097e-05
0.0023563161
5.0167567e-05
0.0023563079
5.1837352e-05
0.0023562996
5.3565246e-05
0.002356291
5.5353062e-05
0.0023562825
5.7203936e-05
0.002356274
5.9119375e-05
0.0023562656
6.1103067e-05
0.0023562575
6.3157201e-05
0.0023562496
6.528411e-05
0.0023562421
6.7487479e-05
0.0023562348
6.9769034e-05
0.0023562279
7.213337e-05
0.0023562213
7.4582338e-05
0.002356215
7.7119933e-05
0.0023562093
7.9750757e-05
0.0023562037
8.2472642e-05
0.0023561986
8.5297256e-05
0.0023561936
8.8217901e-05
0.0023561892
9.1250637e-05
0.0023561848
9.4387537e-05
0.0023561809
9.7641407e-05
0.0023561771
0.00010101054
0.0023561736
0.00010450164
0.0023561702
0.0001081164
0.0023561674
0.00011187025
0.0023561642
0.00011574269
0.0023561619
0.00011977663
0.0023561588
0.00012392708
0.0023561569
0.0001282595
0.0023561543
0.00013271931
0.0023561528
0.0001373641
0.0023561512
0.00014215037
0.0023561542
0.00014714457
0.0023561526
0.00015226923
0.0023561237
0.00015765544
0.0023557904
0.0001631368
0.0023544455
0.00016883875
0.00235004
0.0001742695
0.0023413064
0.00017792824
0.0023289405
0.00018194517
0.0023155732
0.00017013869
0.0022989347
0.00021070928
0.00014040485
0.0024847999
4.9148937e-06
0.0024848695
5.3771812e-06
0.0024849589
5.8663485e-06
0.0024850661
6.3769311e-06
0.0024851881
6.9030303e-06
0.0024853208
7.4397748e-06
0.0024854604
7.9844079e-06
0.0024856042
8.5365289e-06
0.0024857505
9.0973383e-06
0.0024858989
9.6682375e-06
0.0024860489
1.0249658e-05
0.0024862
1.0840843e-05
0.0024863513
1.1440446e-05
0.0024865019
1.2047197e-05
0.002486651
1.2660078e-05
0.0024867975
1.3278223e-05
0.0024869404
1.3900962e-05
0.002487079
1.4528035e-05
0.0024872125
1.5159712e-05
0.0024873403
1.5796674e-05
0.0024874621
1.6439858e-05
0.0024875775
1.709042e-05
0.0024876863
1.7749762e-05
0.0024877887
1.8419477e-05
0.0024878845
1.9101199e-05
0.002487974
1.9796475e-05
0.0024880572
2.050676e-05
0.0024881343
2.1233529e-05
0.0024882055
2.1978335e-05
0.0024882709
2.2742709e-05
0.0024883309
2.3528021e-05
0.0024883855
2.4335477e-05
0.002488435
2.5166293e-05
0.0024884796
2.6021795e-05
0.0024885195
2.6903286e-05
0.0024885549
2.7811884e-05
0.0024885861
2.8748599e-05
0.0024886131
2.9714568e-05
0.0024886364
3.0711018e-05
0.0024886559
3.173905e-05
0.0024886721
3.2799723e-05
0.002488685
3.3894291e-05
0.002488695
3.5024003e-05
0.0024887022
3.618998e-05
0.0024887068
3.7393473e-05
0.0024887092
3.8636053e-05
0.0024887096
3.9919116e-05
0.0024887081
4.1244141e-05
0.002488705
4.2612843e-05
0.0024887005
4.402704e-05
0.0024886948
4.5488351e-05
0.0024886882
4.6998936e-05
0.0024886808
4.8560513e-05
0.0024886728
5.0175554e-05
0.0024886643
5.1845798e-05
0.0024886556
5.3573955e-05
0.0024886467
5.5361951e-05
0.0024886378
5.7212824e-05
0.002488629
5.9128251e-05
0.0024886203
6.1111762e-05
0.0024886118
6.316568e-05
0.0024886036
6.5292345e-05
0.0024885957
6.7495372e-05
0.0024885881
6.9776646e-05
0.0024885808
7.2140581e-05
0.002488574
7.4589225e-05
0.0024885675
7.7126437e-05
0.0024885614
7.9756781e-05
0.0024885556
8.2478494e-05
0.0024885503
8.5302521e-05
0.0024885451
8.8223137e-05
0.0024885405
9.1255255e-05
0.0024885359
9.4392095e-05
0.0024885318
9.7645515e-05
0.0024885279
0.00010101446
0.0024885242
0.00010450529
0.0024885207
0.00010811993
0.0024885177
0.00011187323
0.0024885144
0.00011574603
0.002488512
0.00011977903
0.0024885088
0.00012393024
0.0024885068
0.00012826155
0.002488504
0.00013272204
0.0024885021
0.00013736598
0.0024884997
0.00014215286
0.0024884989
0.00014714537
0.0024884977
0.00015227041
0.0024885047
0.00015764837
0.0024884948
0.0001631467
0.0024884178
0.00016891574
0.0024877009
0.00017498645
0.002485247
0.00018038215
0.002478484
0.00018870818
0.0024677507
0.00018087203
0.0024513089
0.00022715103
0.00015245113
0.0026245055
4.8668318e-06
0.0026245721
5.3106073e-06
0.0026246572
5.7812732e-06
0.0026247595
6.2746305e-06
0.0026248765
6.7859895e-06
0.0026250051
7.3112322e-06
0.0026251418
7.8476361e-06
0.0026252842
8.3941551e-06
0.0026254305
8.9510392e-06
0.0026255798
9.5189327e-06
0.0026257315
1.0097983e-05
0.0026258848
1.0687522e-05
0.0026260389
1.1286376e-05
0.0026261927
1.1893349e-05
0.0026263454
1.2507433e-05
0.0026264958
1.3127777e-05
0.0026266431
1.3753705e-05
0.0026267862
1.4384885e-05
0.0026269245
1.5021438e-05
0.0026270573
1.566389e-05
0.0026271841
1.6313043e-05
0.0026273046
1.6969927e-05
0.0026274185
1.7635809e-05
0.0026275258
1.8312151e-05
0.0026276266
1.900049e-05
0.0026277207
1.9702317e-05
0.0026278084
2.0419062e-05
0.0026278898
2.1152169e-05
0.002627965
2.1903143e-05
0.0026280342
2.2673482e-05
0.0026280977
2.3464552e-05
0.0026281556
2.427758e-05
0.0026282081
2.511378e-05
0.0026282554
2.5974451e-05
0.0026282978
2.6860882e-05
0.0026283355
2.7774203e-05
0.0026283687
2.8715443e-05
0.0026283975
2.9685724e-05
0.0026284223
3.068625e-05
0.0026284432
3.1718133e-05
0.0026284605
3.2782441e-05
0.0026284744
3.3880399e-05
0.0026284851
3.5013252e-05
0.0026284929
3.6182142e-05
0.0026284981
3.7388319e-05
0.0026285008
3.8633317e-05
0.0026285014
3.9918564e-05
0.0026285
4.1245531e-05
0.0026284969
4.2615936e-05
0.0026284923
4.4031594e-05
0.0026284865
4.5494161e-05
0.0026284797
4.7005758e-05
0.002628472
4.8568179e-05
0.0026284638
5.0183834e-05
0.002628455
5.1854565e-05
0.0026284459
5.3583009e-05
0.0026284367
5.5371196e-05
0.0026284274
5.7222081e-05
0.0026284182
5.9137493e-05
0.0026284091
6.1120828e-05
0.0026284003
6.317452e-05
0.0026283917
6.5300932e-05
0.0026283835
6.7503607e-05
0.0026283755
6.9784583e-05
0.002628368
7.2148107e-05
0.0026283608
7.4596407e-05
0.002628354
7.7133224e-05
0.0026283478
7.9763071e-05
0.0026283417
8.248459e-05
0.0026283362
8.5308023e-05
0.0026283307
8.8228586e-05
0.0026283259
9.1260083e-05
0.0026283211
9.4396839e-05
0.0026283168
9.7649805e-05
0.0026283128
0.00010101854
0.002628309
0.0001045091
0.0026283053
0.00010812361
0.0026283022
0.00011187634
0.0026282987
0.00011574949
0.0026282962
0.00011978156
0.0026282929
0.00012393352
0.0026282908
0.0001282637
0.0026282879
0.00013272485
0.002628286
0.00013736797
0.0026282834
0.00014215545
0.0026282818
0.00014714689
0.002628279
0.00015227324
0.0026282795
0.00015764788
0.002628278
0.00016314817
0.0026282918
0.00016890195
0.0026282495
0.00017502878
0.0026280588
0.00018057283
0.0026265213
0.00019024574
0.0026226333
0.00018475997
0.0026109954
0.00023878901
0.00016337896
0.0027720642
4.8202671e-06
0.0027721279
5.2468522e-06
0.002772209
5.7001531e-06
0.0027723067
6.1770035e-06
0.0027724189
6.6737288e-06
0.0027725433
7.1869147e-06
0.0027726769
7.7140189e-06
0.0027728174
8.2536431e-06
0.002772963
8.8053819e-06
0.0027731127
9.3692787e-06
0.0027732655
9.9451864e-06
0.0027734206
1.0532439e-05
0.002773577
1.1129975e-05
0.0027737337
1.1736659e-05
0.0027738896
1.235149e-05
0.0027740438
1.2973617e-05
0.0027741951
1.3602356e-05
0.0027743427
1.4237306e-05
0.0027744857
1.4878462e-05
0.0027746233
1.5526201e-05
0.0027747552
1.6181186e-05
0.0027748808
1.6844319e-05
0.0027749999
1.7516731e-05
0.0027751123
1.8199753e-05
0.002775218
1.8894817e-05
0.0027753169
1.9603346e-05
0.0027754093
2.0326735e-05
0.002775495
2.1066387e-05
0.0027755744
2.182376e-05
0.0027756476
2.2600312e-05
0.0027757147
2.3397401e-05
0.0027757761
2.4216263e-05
0.0027758317
2.505811e-05
0.002775882
2.5924216e-05
0.002775927
2.6815849e-05
0.002775967
2.7734151e-05
0.0027760023
2.8680164e-05
0.0027760331
2.9654996e-05
0.0027760595
3.0659829e-05
0.0027760818
3.1695784e-05
0.0027761003
3.2763933e-05
0.0027761153
3.3865478e-05
0.0027761268
3.5001656e-05
0.0027761354
3.6173629e-05
0.002776141
3.7382644e-05
0.0027761441
3.8630205e-05
0.0027761449
3.9917762e-05
0.0027761437
4.1246786e-05
0.0027761406
4.2618997e-05
0.002776136
4.4036204e-05
0.0027761301
4.5500101e-05
0.0027761231
4.7012778e-05
0.0027761151
4.8576092e-05
0.0027761066
5.0192406e-05
0.0027760975
5.1863653e-05
0.0027760881
5.3592411e-05
0.0027760785
5.5380803e-05
0.0027760688
5.7231712e-05
0.0027760592
5.9147109e-05
0.0027760498
6.1130269e-05
0.0027760406
6.3183728e-05
0.0027760316
6.5309877e-05
0.0027760231
6.7512191e-05
0.0027760148
6.9792852e-05
0.0027760069
7.2155954e-05
0.0027759995
7.4603889e-05
0.0027759924
7.7140297e-05
0.0027759858
7.9769632e-05
0.0027759795
8.2490936e-05
0.0027759737
8.5313769e-05
0.0027759681
8.8234251e-05
0.002775963
9.1265126e-05
0.0027759581
9.4401772e-05
0.0027759536
9.7654279e-05
0.0027759494
0.00010102279
0.0027759454
0.00010451307
0.0027759416
0.00010812743
0.0027759383
0.00011187958
0.0027759347
0.00011575308
0.0027759321
0.0001197842
0.0027759287
0.00012393691
0.0027759264
0.00012826596
0.0027759235
0.00013272776
0.0027759215
0.00013737004
0.0027759188
0.00014215811
0.0027759172
0.00014714851
0.0027759142
0.00015227619
0.0027759132
0.00015764886
0.0027759092
0.00016315221
0.0027759119
0.00016889928
0.0027759042
0.0001750364
0.0027759374
0.00018053965
0.0027757507
0.00019043247
0.0027754165
0.00018509413
0.0027713303
0.00024287519
0.00016945797
0.0029279173
4.7751442e-06
0.0029279784
5.1857314e-06
0.0029280558
5.6227131e-06
0.0029281491
6.0837691e-06
0.0029282567
6.5660687e-06
0.0029283768
7.0668411e-06
0.002928507
7.5838135e-06
0.0029286452
8.1154503e-06
0.0029287896
8.6609331e-06
0.0029289391
9.2198612e-06
0.0029290924
9.7918211e-06
0.0029292488
1.03761e-05
0.002929407
1.0971697e-05
0.0029295662
1.1577528e-05
0.0029297251
1.2192595e-05
0.0029298826
1.2816039e-05
0.0029300378
1.3447158e-05
0.0029301896
1.4085497e-05
0.0029303372
1.4730935e-05
0.0029304797
1.5383708e-05
0.0029306165
1.6044343e-05
0.0029307472
1.6713609e-05
0.0029308714
1.7392504e-05
0.002930989
1.8082225e-05
0.0029310997
1.8784091e-05
0.0029312036
1.9499452e-05
0.0029313007
2.0229649e-05
0.002931391
2.0976041e-05
0.0029314748
2.1740036e-05
0.002931552
2.2523047e-05
0.002931623
2.3326414e-05
0.0029316879
2.4151374e-05
0.0029317469
2.4999135e-05
0.0029318001
2.5870946e-05
0.0029318479
2.6768052e-05
0.0029318905
2.76916e-05
0.002931928
2.8642643e-05
0.0029319607
2.9622275e-05
0.0029319889
3.0631659e-05
0.0029320128
3.1671914e-05
0.0029320326
3.2744122e-05
0.0029320486
3.3849459e-05
0.0029320611
3.4989155e-05
0.0029320703
3.6164387e-05
0.0029320766
3.7376403e-05
0.0029320801
3.8626678e-05
0.0029320812
3.991668e-05
0.0029320801
4.1247883e-05
0.0029320771
4.2622005e-05
0.0029320724
4.4040855e-05
0.0029320664
4.5506161e-05
0.0029320592
4.7019987e-05
0.002932051
4.8584248e-05
0.0029320421
5.0201269e-05
0.0029320327
5.1873063e-05
0.002932023
5.3602164e-05
0.002932013
5.5390776e-05
0.002932003
5.7241723e-05
0.002931993
5.9157104e-05
0.0029319832
6.1140092e-05
0.0029319736
6.3193311e-05
0.0029319643
6.5319187e-05
0.0029319553
6.7521131e-05
0.0029319467
6.9801459e-05
0.0029319386
7.2164127e-05
0.0029319308
7.4611679e-05
0.0029319234
7.7147662e-05
0.0029319166
7.977647e-05
0.00293191
8.2497534e-05
0.002931904
8.5319764e-05
0.0029318981
8.8240135e-05
0.0029318928
9.1270389e-05
0.0029318877
9.4406896e-05
0.002931883
9.7658942e-05
0.0029318786
0.00010102721
0.0029318745
0.0001045172
0.0029318705
0.0001081314
0.0029318671
0.00011188296
0.0029318634
0.00011575679
0.0029318607
0.00011978697
0.0029318572
0.00012394041
0.0029318548
0.00012826833
0.0029318518
0.00013273077
0.0029318496
0.00013737221
0.0029318469
0.00014216086
0.0029318452
0.00014715022
0.0029318422
0.00015227918
0.002931841
0.00015765003
0.0029318369
0.00016315633
0.0029318359
0.00016890023
0.0029318267
0.0001750456
0.0029318328
0.00018053358
0.0029318037
0.00019046155
0.0029317048
0.00018519308
0.0029317366
0.00024284334
0.00017159582
0.0030925311
4.7313923e-06
0.0030925898
5.1270704e-06
0.0030926638
5.5487064e-06
0.0030927529
5.9946684e-06
0.0030928561
6.4628311e-06
0.0030929719
6.9510009e-06
0.0030930985
7.4572224e-06
0.003093234
7.9799742e-06
0.0030933767
8.5182169e-06
0.0030935253
9.0712511e-06
0.0030936787
9.63845e-06
0.0030938358
1.0219035e-05
0.0030939954
1.0812035e-05
0.0030941566
1.1416401e-05
0.003094318
1.2031141e-05
0.0030944787
1.2655385e-05
0.0030946374
1.328841e-05
0.0030947932
1.3929706e-05
0.0030949451
1.4579054e-05
0.0030950922
1.5236559e-05
0.003095234
1.5902612e-05
0.0030953697
1.6577851e-05
0.0030954991
1.7263139e-05
0.0030956218
1.7959539e-05
0.0030957376
1.8668254e-05
0.0030958465
1.9390546e-05
0.0030959485
2.0127696e-05
0.0030960435
2.0881008e-05
0.0030961317
2.1651836e-05
0.0030962132
2.2441542e-05
0.0030962882
2.3251442e-05
0.0030963568
2.4082766e-05
0.0030964192
2.4936711e-05
0.0030964756
2.5814501e-05
0.0030965263
2.6717358e-05
0.0030965715
2.7646426e-05
0.0030966114
2.8602764e-05
0.0030966462
2.9587455e-05
0.0030966762
3.0601639e-05
0.0030967017
3.1646435e-05
0.0030967229
3.2722925e-05
0.0030967401
3.3832269e-05
0.0030967536
3.4975686e-05
0.0030967636
3.6154363e-05
0.0030967704
3.736955e-05
0.0030967744
3.8622697e-05
0.0030967758
3.9915285e-05
0.0030967749
4.1248793e-05
0.003096772
4.2624938e-05
0.0030967673
4.4045531e-05
0.0030967611
4.5512328e-05
0.0030967537
4.7027377e-05
0.0030967454
4.859264e-05
0.0030967362
5.0210419e-05
0.0030967265
5.1882794e-05
0.0030967164
5.3612268e-05
0.003096706
5.5401115e-05
0.0030966956
5.7252116e-05
0.0030966853
5.916748e-05
0.003096675
6.11503e-05
0.0030966651
6.3203272e-05
0.0030966554
6.5328865e-05
0.0030966461
6.7530431e-05
0.0030966372
6.9810409e-05
0.0030966287
7.2172632e-05
0.0030966206
7.4619779e-05
0.0030966129
7.7155323e-05
0.0030966058
7.9783589e-05
0.0030965989
8.2504389e-05
0.0030965927
8.532601e-05
0.0030965866
8.824624e-05
0.0030965811
9.1275873e-05
0.0030965758
9.4412213e-05
0.0030965709
9.7663795e-05
0.0030965663
0.0001010318
0.003096562
0.00010452149
0.0030965579
0.00010813553
0.0030965544
0.00011188649
0.0030965505
0.00011576064
0.0030965477
0.00011978986
0.003096544
0.00012394402
0.0030965416
0.00012827081
0.0030965385
0.00013273386
0.0030965362
0.00013737448
0.0030965334
0.0001421637
0.0030965316
0.000147152
0.0030965285
0.00015228225
0.0030965272
0.0001576513
0.0030965232
0.00016316037
0.0030965214
0.00016890205
0.003096514
0.00017505293
0.0030965039
0.00018054371
0.0030965122
0.00019045325
0.0030962255
0.00018547977
0.0030972563
0.0002418126
0.00017258642
0.0032663981
4.6889519e-06
0.0032664544
5.0707096e-06
0.0032665252
5.4779071e-06
0.0032666104
5.9094626e-06
0.0032667094
6.3638409e-06
0.003266821
6.8393595e-06
0.0032669439
7.3343987e-06
0.0032670763
7.8475535e-06
0.0032672168
8.3777087e-06
0.0032673641
8.9239943e-06
0.0032675169
9.4856352e-06
0.0032676741
1.0061793e-05
0.0032678346
1.0651509e-05
0.0032679973
1.1253764e-05
0.0032681608
1.1867572e-05
0.0032683242
1.2492051e-05
0.0032684861
1.3126458e-05
0.0032686456
1.3770232e-05
0.0032688016
1.4423069e-05
0.0032689532
1.5084952e-05
0.0032690997
1.5756142e-05
0.0032692404
1.6437145e-05
0.0032693748
1.712869e-05
0.0032695026
1.7831708e-05
0.0032696236
1.854728e-05
0.0032697376
1.9276572e-05
0.0032698445
2.0020792e-05
0.0032699443
2.0781185e-05
0.0032700371
2.155904e-05
0.003270123
2.2355668e-05
0.0032702021
2.317235e-05
0.0032702745
2.4010299e-05
0.0032703406
2.4870699e-05
0.0032704003
2.5754746e-05
0.003270454
2.6663635e-05
0.003270502
2.7598502e-05
0.0032705443
2.8560408e-05
0.0032705813
2.9550424e-05
0.0032706133
3.0569669e-05
0.0032706405
3.1619254e-05
0.0032706632
3.2700262e-05
0.0032706816
3.3813836e-05
0.0032706961
3.4961184e-05
0.003270707
3.6143499e-05
0.0032707145
3.7362035e-05
0.003270719
3.861822e-05
0.0032707207
3.991354e-05
0.00327072
4.1249488e-05
0.0032707172
4.2627772e-05
0.0032707125
4.405021e-05
0.0032707062
4.5518586e-05
0.0032706987
4.7034934e-05
0.0032706901
4.860126e-05
0.0032706806
5.0219849e-05
0.0032706706
5.1892842e-05
0.0032706601
5.3622721e-05
0.0032706494
5.5411821e-05
0.0032706386
5.7262891e-05
0.0032706279
5.917824e-05
0.0032706173
6.1160896e-05
0.0032706069
6.3213615e-05
0.0032705969
6.5338915e-05
0.0032705872
6.7540094e-05
0.0032705779
6.9819704e-05
0.0032705691
7.2181471e-05
0.0032705607
7.4628194e-05
0.0032705527
7.7163283e-05
0.0032705453
7.9790992e-05
0.0032705382
8.2511501e-05
0.0032705317
8.5332512e-05
0.0032705254
8.8252569e-05
0.0032705197
9.1281582e-05
0.0032705142
9.4417724e-05
0.0032705091
9.7668841e-05
0.0032705043
0.00010103656
0.0032704999
0.00010452594
0.0032704956
0.0001081398
0.003270492
0.00011189015
0.003270488
0.0001157646
0.003270485
0.00011979288
0.0032704812
0.00012394774
0.0032704786
0.00012827341
0.0032704755
0.00013273705
0.0032704731
0.00013737684
0.0032704702
0.00014216662
0.0032704683
0.00014715386
0.0032704652
0.00015228541
0.0032704638
0.00015765266
0.0032704597
0.00016316444
0.0032704575
0.00016890428
0.0032704512
0.00017505919
0.0032704357
0.00018055923
0.0032704581
0.00019043092
0.003270109
0.00018582882
0.0032712786
0.00024064304
0.00017345656
0.0034500383
4.6477707e-06
0.0034500925
5.0165078e-06
0.0034501603
5.4101108e-06
0.0034502418
5.8279328e-06
0.0034503367
6.2689294e-06
0.0034504442
6.7318651e-06
0.0034505631
7.2154541e-06
0.0034506922
7.7184715e-06
0.0034508301
8.2398328e-06
0.0034509755
8.7786035e-06
0.0034511272
9.3339286e-06
0.003451284
9.9049321e-06
0.0034514449
1.0490666e-05
0.0034516085
1.1090136e-05
0.0034517737
1.170237e-05
0.0034519393
1.2326481e-05
0.003452104
1.2961702e-05
0.0034522668
1.360743e-05
0.0034524266
1.4263283e-05
0.0034525824
1.4929138e-05
0.0034527335
1.5605131e-05
0.003452879
1.6291638e-05
0.0034530184
1.6989258e-05
0.0034531513
1.7698787e-05
0.0034532774
1.8421182e-05
0.0034533965
1.9157506e-05
0.0034535084
1.9908885e-05
0.0034536131
2.0676492e-05
0.0034537106
2.1461551e-05
0.0034538009
2.2265313e-05
0.0034538843
2.3089015e-05
0.0034539607
2.3933847e-05
0.0034540304
2.480097e-05
0.0034540936
2.5691551e-05
0.0034541505
2.6606757e-05
0.0034542013
2.7547708e-05
0.0034542462
2.8515462e-05
0.0034542856
2.9511077e-05
0.0034543196
3.053565e-05
0.0034543486
3.159028e-05
0.0034543728
3.2676049e-05
0.0034543926
3.3794086e-05
0.0034544082
3.4945582e-05
0.0034544199
3.6131738e-05
0.0034544281
3.7353808e-05
0.0034544332
3.8613202e-05
0.0034544353
3.9911409e-05
0.0034544348
4.1249935e-05
0.0034544321
4.2630482e-05
0.0034544275
4.4054872e-05
0.0034544211
4.5524919e-05
0.0034544134
4.7042646e-05
0.0034544046
4.8610097e-05
0.0034543949
5.0229552e-05
0.0034543845
5.1903201e-05
0.0034543737
5.3633519e-05
0.0034543627
5.5422891e-05
0.0034543515
5.7274048e-05
0.0034543404
5.9189385e-05
0.0034543294
6.117188e-05
0.0034543186
6.3224341e-05
0.0034543082
6.5349338e-05
0.0034542982
6.7550121e-05
0.0034542886
6.9829346e-05
0.0034542794
7.2190646e-05
0.0034542706
7.4636924e-05
0.0034542624
7.7171543e-05
0.0034542547
7.9798682e-05
0.0034542473
8.2518873e-05
0.0034542406
8.5339271e-05
0.003454234
8.825912e-05
0.0034542281
9.1287517e-05
0.0034542224
9.442343e-05
0.0034542171
9.7674079e-05
0.0034542122
0.0001010415
0.0034542076
0.00010453055
0.0034542032
0.00010814422
0.0034541994
0.00011189396
0.0034541953
0.0001157687
0.0034541921
0.00011979603
0.0034541883
0.00012395156
0.0034541856
0.00012827612
0.0034541823
0.00013274032
0.0034541798
0.0001373793
0.0034541768
0.00014216962
0.0034541749
0.0001471558
0.0034541717
0.00015228865
0.0034541702
0.00015765411
0.0034541661
0.00016316857
0.0034541636
0.00016890677
0.0034541576
0.00017506516
0.0034541399
0.00018057697
0.0034541671
0.00019040368
0.0034538009
0.00018619508
0.003455014
0.00023942989
0.00017435588
0.003644001
4.6077853e-06
0.0036440532
4.9643361e-06
0.0036441182
5.3451331e-06
0.0036441962
5.7498797e-06
0.0036442872
6.1779356e-06
0.0036443906
6.6284527e-06
0.0036445056
7.1004642e-06
0.0036446311
7.5929606e-06
0.003644766
8.1049617e-06
0.003644909
8.6355525e-06
0.0036450591
9.1838618e-06
0.003645215
9.7490084e-06
0.0036453756
1.0330064e-05
0.0036455397
1.0926065e-05
0.003645706
1.1536061e-05
0.0036458733
1.2159164e-05
0.0036460404
1.2794591e-05
0.0036462062
1.3441705e-05
0.0036463694
1.4100057e-05
0.0036465291
1.4769427e-05
0.0036466844
1.5449835e-05
0.0036468345
1.6141535e-05
0.0036469788
1.6844994e-05
0.0036471167
1.7560877e-05
0.0036472478
1.8290017e-05
0.003647372
1.9033365e-05
0.0036474889
1.9791956e-05
0.0036475985
2.0566884e-05
0.0036477008
2.13593e-05
0.0036477957
2.2170389e-05
0.0036478834
2.3001336e-05
0.0036479639
2.3853299e-05
0.0036480375
2.4727409e-05
0.0036481042
2.56248e-05
0.0036481644
2.6546607e-05
0.0036482182
2.7493929e-05
0.0036482658
2.8467816e-05
0.0036483076
2.946931e-05
0.0036483437
3.0499484e-05
0.0036483746
3.1559424e-05
0.0036484004
3.2650206e-05
0.0036484216
3.3772944e-05
0.0036484383
3.4928816e-05
0.0036484511
3.6119022e-05
0.00364846
3.7344817e-05
0.0036484657
3.8607598e-05
0.0036484682
3.9908853e-05
0.003648468
4.1250103e-05
0.0036484655
4.2633037e-05
0.0036484609
4.4059492e-05
0.0036484545
4.5531306e-05
0.0036484466
4.7050495e-05
0.0036484376
4.861914e-05
0.0036484276
5.0239516e-05
0.003648417
5.1913864e-05
0.0036484058
5.3644654e-05
0.0036483944
5.5434321e-05
0.0036483829
5.7285582e-05
0.0036483713
5.9200911e-05
0.00364836
6.1183249e-05
0.0036483489
6.3235448e-05
0.0036483381
6.5360134e-05
0.0036483277
6.7560513e-05
0.0036483177
6.9839336e-05
0.0036483082
7.2200157e-05
0.0036482991
7.464597e-05
0.0036482906
7.7180102e-05
0.0036482826
7.9806657e-05
0.003648275
8.2526503e-05
0.0036482679
8.5346285e-05
0.0036482612
8.8265894e-05
0.003648255
9.1293676e-05
0.0036482491
9.442933e-05
0.0036482437
9.7679508e-05
0.0036482386
0.00010104661
0.0036482338
0.00010453533
0.0036482292
0.0001081488
0.0036482253
0.00011189792
0.0036482211
0.00011577291
0.0036482178
0.00011979931
0.0036482139
0.00012395547
0.003648211
0.00012827895
0.0036482077
0.00013274367
0.0036482051
0.00013738185
0.003648202
0.00014217271
0.0036482
0.00014715782
0.0036481967
0.00015229196
0.0036481952
0.00015765563
0.003648191
0.00016317278
0.0036481883
0.00016890947
0.0036481824
0.00017507105
0.003648163
0.00018059639
0.0036481933
0.00019037328
0.0036478152
0.00018657322
0.003649069
0.00023817606
0.00017528859
0.0038488665
4.5689449e-06
0.0038489168
4.9140806e-06
0.0038489791
5.2828111e-06
0.0038490539
5.6751237e-06
0.0038491411
6.0907081e-06
0.0038492405
6.5290489e-06
0.0038493515
6.989475e-06
0.0038494732
7.4712074e-06
0.0038496048
7.9734175e-06
0.0038497451
8.4952721e-06
0.003849893
9.0359397e-06
0.0038500474
9.5945695e-06
0.0038502072
1.0170271e-05
0.0038503712
1.0762121e-05
0.003850538
1.1369199e-05
0.0038507065
1.1990631e-05
0.0038508755
1.2625626e-05
0.0038510437
1.3273519e-05
0.0038512099
1.3933806e-05
0.0038513732
1.4606185e-05
0.0038515324
1.5290571e-05
0.0038516869
1.5987098e-05
0.0038518358
1.6696108e-05
0.0038519785
1.7418139e-05
0.0038521146
1.8153895e-05
0.0038522438
1.8904214e-05
0.0038523657
1.9670031e-05
0.0038524802
2.0452352e-05
0.0038525873
2.1252249e-05
0.0038526868
2.2070835e-05
0.0038527789
2.2909236e-05
0.0038528637
2.3768564e-05
0.0038529412
2.4649916e-05
0.0038530116
2.5554389e-05
0.0038530751
2.648308e-05
0.003853132
2.7437062e-05
0.0038531824
2.8417369e-05
0.0038532267
2.9425025e-05
0.0038532651
3.046108e-05
0.0038532979
3.1526601e-05
0.0038533255
3.2622653e-05
0.0038533481
3.3750338e-05
0.0038533661
3.4910818e-05
0.0038533798
3.610529e-05
0.0038533896
3.7335011e-05
0.0038533959
3.8601362e-05
0.0038533989
3.9905831e-05
0.003853399
4.1249955e-05
0.0038533967
4.2635408e-05
0.0038533921
4.4064045e-05
0.0038533857
4.5537724e-05
0.0038533777
4.7058463e-05
0.0038533685
4.862837e-05
0.0038533583
5.0249729e-05
0.0038533473
5.192482e-05
0.0038533359
5.3656118e-05
0.0038533241
5.5446102e-05
0.0038533122
5.7297486e-05
0.0038533003
5.9212812e-05
0.0038532885
6.1194999e-05
0.003853277
6.3246934e-05
0.0038532659
6.5371298e-05
0.0038532551
6.7571266e-05
0.0038532448
6.984967e-05
0.0038532349
7.221e-05
0.0038532256
7.4655328e-05
0.0038532167
7.7188957e-05
0.0038532085
7.9814917e-05
0.0038532006
8.2534388e-05
0.0038531933
8.5353554e-05
0.0038531863
8.8272888e-05
0.0038531799
9.1300059e-05
0.0038531738
9.4435422e-05
0.0038531682
9.7685127e-05
0.0038531629
0.00010105189
0.003853158
0.00010454027
0.0038531533
0.00010815352
0.0038531492
0.00011190201
0.0038531449
0.00011577723
0.0038531415
0.00011980273
0.0038531374
0.00012395948
0.0038531345
0.0001282819
0.0038531311
0.00013274711
0.0038531284
0.00013738451
0.0038531253
0.00014217586
0.0038531232
0.00014715993
0.0038531198
0.00015229534
0.0038531182
0.00015765725
0.0038531139
0.00016317706
0.003853111
0.00016891238
0.0038531052
0.00017507686
0.0038530841
0.0001806175
0.0038531175
0.00019033985
0.0038527285
0.00018696225
0.0038540203
0.00023688427
0.00017625109
0.0040652476
4.5312072e-06
0.004065296
4.8656422e-06
0.0040653558
5.2230034e-06
0.0040654274
5.6035046e-06
0.004065511
6.0071064e-06
0.0040656065
6.4335758e-06
0.0040657135
6.8825094e-06
0.0040658313
7.3533588e-06
0.0040659593
7.8454747e-06
0.0040660964
8.3581485e-06
0.0040662417
8.8906339e-06
0.0040663941
9.4421449e-06
0.0040665525
1.0011851e-05
0.0040667158
1.0598884e-05
0.0040668826
1.1202367e-05
0.0040670518
1.1821451e-05
0.0040672221
1.2455352e-05
0.0040673922
1.3103385e-05
0.004067561
1.3765007e-05
0.0040677273
1.4439844e-05
0.0040678902
1.5127717e-05
0.0040680486
1.5828653e-05
0.0040682019
1.6542874e-05
0.0040683492
1.7270791e-05
0.0040684901
1.8012984e-05
0.0040686242
1.8770172e-05
0.004068751
1.9543185e-05
0.0040688704
2.0332934e-05
0.0040689823
2.1140404e-05
0.0040690865
2.1966629e-05
0.004069183
2.2812668e-05
0.004069272
2.367958e-05
0.0040693535
2.4568418e-05
0.0040694277
2.5480235e-05
0.0040694947
2.6416087e-05
0.0040695547
2.7377015e-05
0.0040696081
2.836403e-05
0.0040696549
2.9378135e-05
0.0040696957
3.0420353e-05
0.0040697305
3.1491729e-05
0.0040697599
3.2593316e-05
0.004069784
3.37262e-05
0.0040698033
3.4891526e-05
0.0040698181
3.6090486e-05
0.0040698288
3.7324336e-05
0.0040698357
3.8594448e-05
0.0040698392
3.9902302e-05
0.0040698397
4.1249453e-05
0.0040698376
4.2637562e-05
0.0040698331
4.4068502e-05
0.0040698267
4.5544151e-05
0.0040698186
4.7066527e-05
0.0040698092
4.863777e-05
0.0040697988
5.0260172e-05
0.0040697876
5.1936053e-05
0.0040697758
5.3667897e-05
0.0040697637
5.5458224e-05
0.0040697514
5.730975e-05
0.0040697391
5.9225081e-05
0.004069727
6.1207121e-05
0.0040697151
6.325879e-05
0.0040697036
6.5382825e-05
0.0040696925
6.7582374e-05
0.0040696818
6.9860343e-05
0.0040696717
7.2220171e-05
0.004069662
7.4664996e-05
0.0040696529
7.7198105e-05
0.0040696443
7.9823457e-05
0.0040696362
8.2542525e-05
0.0040696287
8.5361073e-05
0.0040696214
8.8280098e-05
0.0040696148
9.130666e-05
0.0040696086
9.4441702e-05
0.0040696028
9.7690931e-05
0.0040695973
0.00010105733
0.0040695922
0.00010454536
0.0040695874
0.00010815838
0.0040695831
0.00011190625
0.0040695787
0.00011578167
0.0040695751
0.00011980628
0.0040695711
0.00012396357
0.004069568
0.00012828496
0.0040695645
0.00013275061
0.0040695617
0.00013738725
0.0040695585
0.00014217909
0.0040695563
0.00014716211
0.0040695529
0.00015229878
0.0040695512
0.00015765895
0.0040695468
0.0001631814
0.0040695437
0.0001689155
0.004069538
0.00017508257
0.0040695152
0.00018064031
0.0040695516
0.00019030345
0.0040691531
0.00018736076
0.0040704788
0.00023555859
0.00017724049
0.0042937914
4.4945387e-06
0.0042938381
4.8189356e-06
0.0042938955
5.1655856e-06
0.0042939641
5.5348806e-06
0.0042940442
5.9270016e-06
0.0042941358
6.3419537e-06
0.0042942388
6.7795713e-06
0.0042943526
7.2395277e-06
0.0042944767
7.7213637e-06
0.0042946103
8.2245234e-06
0.0042947526
8.7483791e-06
0.0042949025
9.2922401e-06
0.004295059
9.8553582e-06
0.0042952209
1.0436939e-05
0.0042953871
1.1036164e-05
0.0042955564
1.1652224e-05
0.0042957274
1.2284354e-05
0.0042958989
1.2931867e-05
0.0042960697
1.3594189e-05
0.0042962387
1.4270892e-05
0.0042964047
1.4961718e-05
0.0042965667
1.5666593e-05
0.004296724
1.6385629e-05
0.0042968756
1.7119117e-05
0.0042970211
1.7867513e-05
0.0042971599
1.8631417e-05
0.0042972915
1.9411549e-05
0.0042974157
2.0208718e-05
0.0042975323
2.1023816e-05
0.0042976411
2.185779e-05
0.0042977422
2.2711625e-05
0.0042978354
2.3586318e-05
0.004297921
2.4482868e-05
0.0042979989
2.5402279e-05
0.0042980695
2.6345562e-05
0.0042981328
2.7313716e-05
0.0042981891
2.8307725e-05
0.0042982386
2.9328565e-05
0.0042982818
3.0377229e-05
0.0042983188
3.1454738e-05
0.0042983499
3.2562127e-05
0.0042983757
3.3700464e-05
0.0042983963
3.4870879e-05
0.0042984123
3.6074555e-05
0.0042984239
3.7312744e-05
0.0042984315
3.8586808e-05
0.0042984356
3.9898225e-05
0.0042984365
4.1248558e-05
0.0042984346
4.2639467e-05
0.0042984302
4.4072832e-05
0.0042984238
4.5550556e-05
0.0042984157
4.7074663e-05
0.0042984061
4.8647317e-05
0.0042983955
5.0270826e-05
0.004298384
5.1947545e-05
0.0042983719
5.3679975e-05
0.0042983595
5.5470672e-05
0.0042983469
5.7322361e-05
0.0042983342
5.9237705e-05
0.0042983217
6.1219604e-05
0.0042983095
6.3271007e-05
0.0042982977
6.5394703e-05
0.0042982862
6.7593827e-05
0.0042982752
6.9871346e-05
0.0042982647
7.223066e-05
0.0042982547
7.4674963e-05
0.0042982453
7.7207537e-05
0.0042982365
7.9832269e-05
0.0042982281
8.2550906e-05
0.0042982204
8.5368835e-05
0.0042982129
8.8287518e-05
0.0042982061
9.1313474e-05
0.0042981997
9.4448164e-05
0.0042981937
9.7696913e-05
0.0042981881
0.00010106294
0.0042981828
0.0001045506
0.0042981778
0.00010816337
0.0042981735
0.00011191062
0.0042981689
0.00011578621
0.0042981652
0.00011980995
0.0042981611
0.00012396775
0.0042981579
0.00012828814
0.0042981543
0.00013275419
0.0042981515
0.00013739009
0.0042981482
0.00014218238
0.0042981459
0.00014716437
0.0042981424
0.00015230228
0.0042981407
0.00015766074
0.0042981363
0.00016318579
0.0042981329
0.00016891885
0.0042981273
0.00017508817
0.0042981028
0.00018066482
0.004298142
0.00019026423
0.0042977357
0.00018776707
0.0042990907
0.0002342036
0.00017825373
0.0045351815
4.4589116e-06
0.0045352265
4.7738904e-06
0.0045352817
5.1104518e-06
0.0045353474
5.4691279e-06
0.0045354241
5.8502774e-06
0.004535512
6.2541045e-06
0.0045356109
6.6806519e-06
0.0045357206
7.1297984e-06
0.0045358407
7.6012759e-06
0.0045359706
8.0946956e-06
0.0045361094
8.6095709e-06
0.0045362563
9.145331e-06
0.0045364103
9.7013317e-06
0.0045365704
1.0276869e-05
0.0045367353
1.0871199e-05
0.004536904
1.1483571e-05
0.0045370751
1.2113254e-05
0.0045372474
1.2759572e-05
0.0045374196
1.3421937e-05
0.0045375906
1.4099882e-05
0.0045377593
1.4793083e-05
0.0045379245
1.5501382e-05
0.0045380853
1.6224786e-05
0.004538241
1.6963474e-05
0.0045383907
1.7717785e-05
0.0045385339
1.8488198e-05
0.0045386701
1.9275319e-05
0.004538799
2.0079854e-05
0.0045389202
2.0902591e-05
0.0045390336
2.1744388e-05
0.0045391391
2.2606145e-05
0.0045392366
2.3488789e-05
0.0045393263
2.4393257e-05
0.004539408
2.5320497e-05
0.0045394821
2.6271465e-05
0.0045395487
2.7247117e-05
0.0045396081
2.82484e-05
0.0045396604
2.9276256e-05
0.004539706
3.0331649e-05
0.0045397451
3.1415568e-05
0.0045397782
3.2529028e-05
0.0045398056
3.3673076e-05
0.0045398277
3.4848825e-05
0.0045398448
3.6057446e-05
0.0045398573
3.7300186e-05
0.0045398657
3.85784e-05
0.0045398704
3.9893558e-05
0.0045398717
4.1247233e-05
0.0045398701
4.2641086e-05
0.0045398659
4.4077003e-05
0.0045398596
4.5556909e-05
0.0045398514
4.7082841e-05
0.0045398417
4.8656985e-05
0.0045398309
5.0281666e-05
0.0045398192
5.1959274e-05
0.0045398068
5.3692331e-05
0.0045397941
5.5483426e-05
0.0045397811
5.73353e-05
0.0045397682
5.9250667e-05
0.0045397553
6.1232432e-05
0.0045397428
6.3283568e-05
0.0045397306
6.540692e-05
0.0045397188
6.7605611e-05
0.0045397074
6.9882666e-05
0.0045396967
7.2241456e-05
0.0045396864
7.468522e-05
0.0045396767
7.7217242e-05
0.0045396676
7.9841344e-05
0.004539659
8.2559523e-05
0.004539651
8.537683e-05
0.0045396434
8.8295138e-05
0.0045396364
9.1320491e-05
0.0045396297
9.44548e-05
0.0045396236
9.7703066e-05
0.0045396178
0.00010106869
0.0045396124
0.00010455599
0.0045396073
0.0001081685
0.0045396028
0.00011191512
0.0045395982
0.00011579085
0.0045395944
0.00011981375
0.0045395901
0.00012397199
0.0045395868
0.00012829143
0.0045395832
0.00013275782
0.0045395803
0.00013739302
0.004539577
0.00014218572
0.0045395746
0.0001471667
0.0045395711
0.00015230581
0.0045395692
0.00015766261
0.0045395648
0.00016319021
0.0045395612
0.00016892243
0.0045395557
0.00017509365
0.0045395295
0.000180691
0.0045395714
0.00019022236
0.0045391591
0.00018817936
0.0045405384
0.00023282434
0.00017928732
0.00479014
4.4243075e-06
0.0047901834
4.7304496e-06
0.0047902364
5.0575133e-06
0.0047902993
5.4061398e-06
0.0047903728
5.7768304e-06
0.0047904569
6.1699541e-06
0.0047905519
6.5857331e-06
0.0047906574
7.024233e-06
0.0047907733
7.4853691e-06
0.0047908991
7.9689241e-06
0.0047910341
8.4745659e-06
0.0047911776
9.0018608e-06
0.0047913286
9.5502864e-06
0.0047914862
1.0119246e-05
0.0047916494
1.0708088e-05
0.0047918168
1.1316134e-05
0.0047919873
1.1942703e-05
0.0047921598
1.2587149e-05
0.0047923328
1.3248887e-05
0.0047925053
1.3927424e-05
0.004792676
1.462239e-05
0.0047928438
1.5333552e-05
0.0047930077
1.6060829e-05
0.0047931669
1.6804296e-05
0.0047933205
1.7564176e-05
0.0047934679
1.8340836e-05
0.0047936084
1.9134766e-05
0.0047937417
1.9946559e-05
0.0047938674
2.0776902e-05
0.0047939853
2.1626552e-05
0.0047940951
2.2496321e-05
0.0047941968
2.3387054e-05
0.0047942905
2.429962e-05
0.0047943761
2.52349e-05
0.0047944537
2.6193793e-05
0.0047945237
2.7177201e-05
0.004794586
2.8186026e-05
0.0047946411
2.9221174e-05
0.0047946892
3.0283573e-05
0.0047947306
3.1374176e-05
0.0047947656
3.2493973e-05
0.0047947947
3.364399e-05
0.0047948182
3.4825318e-05
0.0047948366
3.6039115e-05
0.0047948501
3.7286621e-05
0.0047948593
3.8569181e-05
0.0047948646
3.9888262e-05
0.0047948664
4.1245441e-05
0.0047948651
4.2642384e-05
0.0047948611
4.4080981e-05
0.0047948549
4.5563179e-05
0.0047948467
4.7091031e-05
0.0047948369
4.8666744e-05
0.0047948259
5.0292665e-05
0.004794814
5.1971214e-05
0.0047948014
5.3704938e-05
0.0047947883
5.5496462e-05
0.0047947751
5.7348544e-05
0.0047947618
5.9263945e-05
0.0047947487
6.1245583e-05
0.0047947358
6.3296454e-05
0.0047947233
6.5419457e-05
0.0047947112
6.7617709e-05
0.0047946995
6.9894287e-05
0.0047946884
7.2252541e-05
0.0047946779
7.4695751e-05
0.004794668
7.7227205e-05
0.0047946586
7.9850668e-05
0.0047946498
8.2568361e-05
0.0047946416
8.5385046e-05
0.0047946338
8.8302947e-05
0.0047946266
9.1327699e-05
0.0047946198
9.44616e-05
0.0047946134
9.7709379e-05
0.0047946075
0.0001010746
0.004794602
0.00010456151
0.0047945968
0.00010817374
0.0047945922
0.00011191974
0.0047945874
0.00011579557
0.0047945835
0.00011981766
0.0047945792
0.0001239763
0.0047945758
0.00012829481
0.0047945722
0.0001327615
0.0047945692
0.00013739602
0.0047945658
0.0001421891
0.0047945634
0.00014716911
0.0047945598
0.00015230938
0.0047945578
0.00015766458
0.0047945534
0.00016319465
0.0047945496
0.00016892623
0.0047945442
0.00017509899
0.0047945164
0.00018071882
0.0047945608
0.00019017803
0.0047941444
0.00018859568
0.0047955425
0.00023142631
0.00018033745
0.0050594293
4.3907169e-06
0.0050594712
4.6885696e-06
0.005059522
5.0066978e-06
0.0050595823
5.3458268e-06
0.0050596526
5.706571e-06
0.0050597331
6.0894343e-06
0.005059824
6.4947921e-06
0.0050599254
6.922876e-06
0.005060037
7.3737724e-06
0.0050601585
7.8474323e-06
0.0050602894
8.3436829e-06
0.005060429
8.8622385e-06
0.0050605766
9.4027115e-06
0.0050607312
9.9646268e-06
0.0050608918
1.054744e-05
0.0050610574
1.115056e-05
0.0050612267
1.1773376e-05
0.0050613986
1.2415284e-05
0.0050615718
1.3075721e-05
0.005061745
1.3754187e-05
0.0050619171
1.4450279e-05
0.0050620869
1.516371e-05
0.0050622535
1.5894321e-05
0.0050624157
1.6642094e-05
0.0050625727
1.7407148e-05
0.0050627238
1.8189737e-05
0.0050628683
1.8990236e-05
0.0050630057
1.9809129e-05
0.0050631357
2.0646993e-05
0.0050632577
2.1504481e-05
0.0050633717
2.2382309e-05
0.0050634776
2.3281234e-05
0.0050635751
2.4202044e-05
0.0050636645
2.5145551e-05
0.0050637457
2.6112584e-05
0.0050638189
2.7103986e-05
0.0050638843
2.8120609e-05
0.0050639422
2.9163314e-05
0.0050639928
3.0232984e-05
0.0050640364
3.133054e-05
0.0050640734
3.2456936e-05
0.0050641043
3.3613175e-05
0.0050641293
3.4800325e-05
0.0050641488
3.6019528e-05
0.0050641634
3.7272012e-05
0.0050641735
3.8559116e-05
0.0050641795
3.98823e-05
0.0050641818
4.1243144e-05
0.0050641808
4.2643324e-05
0.0050641771
4.4084729e-05
0.0050641709
4.556933e-05
0.0050641628
4.7099198e-05
0.0050641529
4.8676562e-05
0.0050641418
5.0303788e-05
0.0050641297
5.1983333e-05
0.0050641169
5.3717767e-05
0.0050641036
5.550975e-05
0.0050640901
5.7362063e-05
0.0050640765
5.9277512e-05
0.0050640631
6.1259031e-05
0.0050640499
6.3309641e-05
0.005064037
6.5432288e-05
0.0050640246
6.7630097e-05
0.0050640128
6.9906186e-05
0.0050640014
7.2263895e-05
0.0050639906
7.4706536e-05
0.0050639804
7.7237407e-05
0.0050639709
7.9860222e-05
0.0050639618
8.2577404e-05
0.0050639534
8.5393465e-05
0.0050639454
8.8310931e-05
0.005063938
9.1335083e-05
0.0050639311
9.446855e-05
0.0050639246
9.7715837e-05
0.0050639186
0.00010108063
0.0050639129
0.00010456715
0.0050639076
0.00010817909
0.0050639029
0.00011192448
0.0050638981
0.00011580037
0.0050638941
0.00011982167
0.0050638897
0.00012398065
0.0050638862
0.00012829829
0.0050638825
0.00013276522
0.0050638794
0.0001373991
0.005063876
0.00014219252
0.0050638735
0.00014717158
0.0050638699
0.00015231296
0.0050638679
0.00015766663
0.0050638635
0.0001631991
0.0050638594
0.00016893025
0.0050638542
0.00017510418
0.0050638249
0.00018074819
0.0050638714
0.00019013148
0.0050634532
0.00018901393
0.005064864
0.00023001548
0.00018139992
0.0053438551
4.3581399e-06
0.0053438954
4.6482205e-06
0.0053439442
4.9579493e-06
0.0053440019
5.288116e-06
0.0053440691
5.6394234e-06
0.005344146
6.0124851e-06
0.005344233
6.4078051e-06
0.0053443301
6.8257601e-06
0.0053444373
7.2665923e-06
0.0053445543
7.7304125e-06
0.0053446808
8.2172059e-06
0.0053448162
8.7268387e-06
0.0053449598
9.2590667e-06
0.0053451109
9.8135474e-06
0.0053452685
1.0389856e-05
0.0053454315
1.0987503e-05
0.005345599
1.1605962e-05
0.0053457696
1.2244691e-05
0.0053459421
1.2903162e-05
0.0053461154
1.358089e-05
0.0053462882
1.4277456e-05
0.0053464594
1.4992534e-05
0.0053466278
1.5725904e-05
0.0053467925
1.6477466e-05
0.0053469524
1.7247246e-05
0.0053471067
1.8035391e-05
0.0053472548
1.8842167e-05
0.005347396
1.9667946e-05
0.0053475298
2.0513193e-05
0.0053476558
2.1378454e-05
0.0053477737
2.2264341e-05
0.0053478835
2.3171516e-05
0.0053479848
2.4100682e-05
0.0053480778
2.5052567e-05
0.0053481625
2.6027928e-05
0.0053482389
2.702754e-05
0.0053483073
2.8052195e-05
0.0053483679
2.9102703e-05
0.005348421
3.0179901e-05
0.0053484669
3.1284664e-05
0.0053485059
3.2417913e-05
0.0053485385
3.358062e-05
0.005348565
3.4773828e-05
0.0053485858
3.5998661e-05
0.0053486015
3.7256333e-05
0.0053486125
3.8548175e-05
0.0053486191
3.987564e-05
0.005348622
4.124031e-05
0.0053486214
4.2643872e-05
0.0053486179
4.4088212e-05
0.0053486119
4.5575324e-05
0.0053486038
4.7107305e-05
0.005348594
4.86864e-05
0.0053485828
5.0314999e-05
0.0053485705
5.1995592e-05
0.0053485575
5.373078e-05
0.005348544
5.5523254e-05
0.0053485302
5.7375823e-05
0.0053485164
5.9291333e-05
0.0053485027
6.1272743e-05
0.0053484892
6.3323095e-05
0.0053484761
6.5445385e-05
0.0053484635
6.7642746e-05
0.0053484513
6.9918337e-05
0.0053484398
7.2275491e-05
0.0053484287
7.4717549e-05
0.0053484183
7.7247824e-05
0.0053484086
7.9869983e-05
0.0053483993
8.258663e-05
0.0053483907
8.5402066e-05
0.0053483826
8.8319069e-05
0.0053483751
9.1342623e-05
0.005348368
9.4475633e-05
0.0053483614
9.7722424e-05
0.0053483552
0.00010108678
0.0053483495
0.00010457289
0.0053483441
0.00010818453
0.0053483392
0.00011192931
0.0053483344
0.00011580522
0.0053483303
0.00011982578
0.0053483259
0.00012398504
0.0053483223
0.00012830186
0.0053483186
0.00013276898
0.0053483154
0.00013740223
0.005348312
0.00014219596
0.0053483095
0.0001471741
0.0053483059
0.00015231655
0.0053483037
0.00015766876
0.0053482993
0.00016320353
0.0053482951
0.00016893448
0.00534829
0.00017510922
0.0053482592
0.00018077904
0.0053483077
0.00019008296
0.0053478897
0.00018943193
0.0053493069
0.00022859825
0.00018247018
0.0056442678
4.3265843e-06
0.0056443066
4.6093832e-06
0.0056443533
4.9112268e-06
0.0056444085
5.2329509e-06
0.0056444726
5.5753269e-06
0.005644546
5.9390564e-06
0.0056446291
6.3247507e-06
0.0056447219
6.7329108e-06
0.0056448246
7.1639183e-06
0.005644937
7.6180317e-06
0.0056450588
8.0953879e-06
0.0056451896
8.596004e-06
0.0056453289
9.1197826e-06
0.0056454759
9.6665205e-06
0.0056456299
1.0235921e-05
0.0056457898
1.0827611e-05
0.0056459546
1.1441161e-05
0.0056461232
1.2076105e-05
0.0056462943
1.2731971e-05
0.0056464669
1.3408303e-05
0.0056466397
1.4104687e-05
0.0056468115
1.4820773e-05
0.0056469811
1.5556298e-05
0.0056471474
1.6311095e-05
0.0056473096
1.7085108e-05
0.0056474666
1.7878387e-05
0.0056476177
1.8691092e-05
0.0056477621
1.9523486e-05
0.0056478994
2.0375922e-05
0.005648029
2.1248835e-05
0.0056481506
2.2142731e-05
0.005648264
2.305817e-05
0.0056483689
2.3995757e-05
0.0056484653
2.4956136e-05
0.0056485533
2.5939978e-05
0.0056486328
2.6947985e-05
0.0056487041
2.7980881e-05
0.0056487674
2.9039417e-05
0.0056488229
3.0124377e-05
0.005648871
3.1236588e-05
0.005648912
3.2376928e-05
0.0056489463
3.3546338e-05
0.0056489743
3.4745831e-05
0.0056489964
3.5976509e-05
0.0056490132
3.7239572e-05
0.005649025
3.8536339e-05
0.0056490324
3.9868257e-05
0.0056490358
4.1236909e-05
0.0056490357
4.2643994e-05
0.0056490325
4.4091392e-05
0.0056490267
4.5581124e-05
0.0056490187
4.711531e-05
0.0056490089
4.8696216e-05
0.0056489976
5.0326255e-05
0.0056489853
5.2007951e-05
0.0056489721
5.3743934e-05
0.0056489584
5.5536932e-05
0.0056489445
5.7389781e-05
0.0056489305
5.9305369e-05
0.0056489165
6.1286679e-05
0.0056489028
6.3336778e-05
0.0056488895
6.545871e-05
0.0056488766
6.765562e-05
0.0056488643
6.9930704e-05
0.0056488525
7.2287296e-05
0.0056488413
7.472876e-05
0.0056488307
7.7258427e-05
0.0056488207
7.9879924e-05
0.0056488113
8.2596015e-05
0.0056488026
8.5410824e-05
0.0056487943
8.832734e-05
0.0056487866
9.1350296e-05
0.0056487794
9.4482828e-05
0.0056487727
9.7729118e-05
0.0056487665
0.00010109302
0.0056487607
0.00010457872
0.0056487552
0.00010819004
0.0056487502
0.00011193422
0.0056487453
0.00011581012
0.0056487412
0.00011982997
0.0056487367
0.00012398946
0.0056487331
0.00012830548
0.0056487293
0.00013277274
0.0056487262
0.00013740541
0.0056487227
0.00014219941
0.0056487202
0.00014717667
0.0056487166
0.00015232013
0.0056487144
0.00015767096
0.00564871
0.00016320792
0.0056487055
0.00016893892
0.0056487007
0.00017511409
0.0056486685
0.00018081123
0.0056487187
0.00019003276
0.0056483032
0.00018984738
0.00564972
0.00022718145
0.0001835433
0.0059615662
4.296071e-06
0.0059616035
4.5720552e-06
0.0059616482
4.8665059e-06
0.0059617009
5.1802916e-06
0.005961762
5.514236e-06
0.0059618319
5.8691101e-06
0.0059619111
6.2456127e-06
0.0059619996
6.6443512e-06
0.0059620977
7.0658285e-06
0.0059622053
7.5104373e-06
0.0059623222
7.9784562e-06
0.0059624482
8.470048e-06
0.0059625827
8.985261e-06
0.0059627252
9.5240344e-06
0.0059628749
1.0086206e-05
0.005963031
1.0671528e-05
0.0059631925
1.1279677e-05
0.0059633583
1.1910282e-05
0.0059635273
1.256294e-05
0.0059636984
1.3237241e-05
0.0059638703
1.3932793e-05
0.0059640418
1.4649245e-05
0.0059642118
1.5386304e-05
0.0059643792
1.6143754e-05
0.0059645428
1.6921468e-05
0.0059647018
1.7719411e-05
0.0059648552
1.8537646e-05
0.0059650024
1.9376329e-05
0.0059651426
2.0235704e-05
0.0059652753
2.1116094e-05
0.0059654002
2.2017893e-05
0.0059655168
2.2941555e-05
0.005965625
2.3887583e-05
0.0059657246
2.4856523e-05
0.0059658156
2.584896e-05
0.0059658981
2.686551e-05
0.0059659721
2.7906824e-05
0.005966038
2.8973584e-05
0.0059660958
3.0066515e-05
0.005966146
3.118639e-05
0.0059661889
3.2334042e-05
0.0059662249
3.3510372e-05
0.0059662543
3.4716361e-05
0.0059662778
3.5953086e-05
0.0059662956
3.722173e-05
0.0059663083
3.8523601e-05
0.0059663165
3.9860135e-05
0.0059663205
4.1232917e-05
0.0059663208
4.264366e-05
0.0059663179
4.4094235e-05
0.0059663124
4.5586691e-05
0.0059663045
4.7123172e-05
0.0059662948
4.8705965e-05
0.0059662835
5.0337508e-05
0.0059662711
5.2020358e-05
0.0059662579
5.3757179e-05
0.0059662441
5.5550733e-05
0.00596623
5.7403887e-05
0.0059662158
5.9319569e-05
0.0059662016
6.1300789e-05
0.0059661878
6.3350644e-05
0.0059661743
6.5472216e-05
0.0059661612
6.7668675e-05
0.0059661487
6.9943246e-05
0.0059661367
7.2299269e-05
0.0059661253
7.4740131e-05
0.0059661146
7.7269179e-05
0.0059661045
7.989001e-05
0.005966095
8.2605525e-05
0.0059660861
8.5419707e-05
0.0059660777
8.8335713e-05
0.00596607
9.1358074e-05
0.0059660627
9.4490109e-05
0.0059660559
9.7735894e-05
0.0059660496
0.00010109933
0.0059660437
0.00010458461
0.0059660381
0.0001081956
0.0059660332
0.00011193919
0.0059660282
0.00011581504
0.005966024
0.00011983421
0.0059660196
0.00012399387
0.0059660159
0.00012830916
0.0059660121
0.00013277651
0.0059660089
0.00013740862
0.0059660055
0.00014220285
0.0059660029
0.00014717927
0.0059659993
0.00015232367
0.0059659971
0.00015767321
0.0059659927
0.00016321227
0.0059659881
0.00016894354
0.0059659834
0.00017511879
0.00596595
0.00018084461
0.0059660016
0.00018998121
0.0059655911
0.00019025791
0.0059670002
0.00022577231
0.00018461403
0.0062966991
4.2666291e-06
0.0062967349
4.5362456e-06
0.0062967776
4.8237773e-06
0.0062968278
5.1301153e-06
0.0062968859
5.4561217e-06
0.0062969524
5.8026214e-06
0.0062970276
6.1703843e-06
0.0062971119
6.5601062e-06
0.0062972053
6.9723952e-06
0.006297308
7.407763e-06
0.0062974198
7.8666179e-06
0.0062975406
8.3492601e-06
0.00629767
8.8558788e-06
0.0062978075
9.3865544e-06
0.0062979524
9.9412627e-06
0.006298104
1.0519884e-05
0.0062982615
1.1122217e-05
0.0062984238
1.174799e-05
0.0062985899
1.2396886e-05
0.0062987585
1.3068558e-05
0.0062989287
1.3762653e-05
0.0062990991
1.4478836e-05
0.0062992686
1.5216802e-05
0.006299436
1.5976304e-05
0.0062996003
1.6757157e-05
0.0062997605
1.7559256e-05
0.0062999156
1.8382574e-05
0.0063000647
1.9227168e-05
0.0063002073
2.0093175e-05
0.0063003425
2.0980808e-05
0.0063004701
2.1890347e-05
0.0063005895
2.2822135e-05
0.0063007005
2.3776568e-05
0.006300803
2.4754089e-05
0.0063008967
2.5755185e-05
0.0063009819
2.6780383e-05
0.0063010584
2.783025e-05
0.0063011266
2.8905395e-05
0.0063011867
3.0006474e-05
0.0063012389
3.1134202e-05
0.0063012835
3.2289359e-05
0.0063013211
3.3472802e-05
0.006301352
3.4685477e-05
0.0063013766
3.5928434e-05
0.0063013955
3.7202833e-05
0.0063014092
3.8509969e-05
0.006301418
3.9851272e-05
0.0063014226
4.1228321e-05
0.0063014235
4.2642842e-05
0.006301421
4.4096707e-05
0.0063014157
4.5591983e-05
0.006301408
4.7130843e-05
0.0063013984
4.8715595e-05
0.0063013872
5.0348702e-05
0.0063013748
5.2032757e-05
0.0063013615
5.3770456e-05
0.0063013476
5.5564598e-05
0.0063013335
5.7418082e-05
0.0063013191
5.9333874e-05
0.0063013049
6.1315018e-05
0.0063012909
6.3364634e-05
0.0063012773
6.5485851e-05
0.0063012641
6.7681858e-05
0.0063012514
6.9955911e-05
0.0063012394
7.2311362e-05
0.0063012279
7.4751614e-05
0.006301217
7.7280036e-05
0.0063012068
7.9900198e-05
0.0063011972
8.2615122e-05
0.0063011883
8.5428676e-05
0.0063011798
8.8344154e-05
0.006301172
9.1365922e-05
0.0063011646
9.4497445e-05
0.0063011578
9.7742722e-05
0.0063011514
0.00010110569
0.0063011455
0.00010459054
0.0063011399
0.00010820119
0.0063011349
0.0001119442
0.00630113
0.00011581996
0.0063011257
0.00011983849
0.0063011213
0.00012399827
0.0063011176
0.00012831287
0.0063011139
0.00013278025
0.0063011107
0.00013741184
0.0063011072
0.00014220626
0.0063011046
0.00014718189
0.0063011011
0.00015232716
0.0063010988
0.00015767551
0.0063010946
0.00016321653
0.0063010898
0.00016894831
0.0063010853
0.00017512329
0.0063010509
0.00018087899
0.0063011035
0.00018992864
0.0063007003
0.00019066111
0.0063020942
0.00022437842
0.00018567677
0.006650669
4.2382989e-06
0.0066507032
4.5019771e-06
0.0066507439
4.7830478e-06
0.0066507916
5.0824164e-06
0.0066508468
5.4009722e-06
0.0066509098
5.7395814e-06
0.0066509812
6.0990703e-06
0.006651061
6.4802077e-06
0.0066511498
6.8836908e-06
0.0066512474
7.3101355e-06
0.0066513539
7.7600668e-06
0.0066514693
8.2339113e-06
0.0066515932
8.7319918e-06
0.0066517252
9.2545255e-06
0.0066518648
9.8016251e-06
0.0066520114
1.0373303e-05
0.0066521641
1.0969483e-05
0.0066523221
1.1590005e-05
0.0066524844
1.2234648e-05
0.0066526498
1.2903144e-05
0.0066528172
1.3595194e-05
0.0066529856
1.4310495e-05
0.0066531536
1.504875e-05
0.0066533202
1.5809696e-05
0.0066534843
1.6593109e-05
0.0066536447
1.7398824e-05
0.0066538006
1.8226738e-05
0.0066539509
1.9076817e-05
0.006654095
1.9949096e-05
0.0066542321
2.0843679e-05
0.0066543617
2.1760735e-05
0.0066544834
2.2700493e-05
0.0066545967
2.3663236e-05
0.0066547015
2.46493e-05
0.0066547976
2.5659066e-05
0.006654885
2.6692966e-05
0.0066549638
2.7751475e-05
0.0066550341
2.8835119e-05
0.0066550961
2.9944483e-05
0.0066551501
3.1080214e-05
0.0066551964
3.2243035e-05
0.0066552354
3.3433755e-05
0.0066552676
3.4653279e-05
0.0066552934
3.5902625e-05
0.0066553133
3.7182931e-05
0.0066553278
3.8495475e-05
0.0066553374
3.9841678e-05
0.0066553426
4.1223116e-05
0.0066553439
4.2641525e-05
0.0066553419
4.4098778e-05
0.0066553369
4.5596962e-05
0.0066553295
4.7138277e-05
0.00665532
4.8725051e-05
0.0066553089
5.0359779e-05
0.0066552966
5.2045084e-05
0.0066552834
5.37837e-05
0.0066552695
5.5578459e-05
0.0066552553
5.7432296e-05
0.0066552409
5.9348216e-05
0.0066552267
6.1329295e-05
0.0066552126
6.3378684e-05
0.0066551989
6.5499548e-05
0.0066551857
6.7695105e-05
0.0066551729
6.9968641e-05
0.0066551608
7.2323517e-05
0.0066551492
7.4763155e-05
0.0066551383
7.7290945e-05
0.0066551281
7.9910438e-05
0.0066551185
8.2624758e-05
0.0066551095
8.5437686e-05
0.006655101
8.8352622e-05
0.0066550931
9.1373799e-05
0.0066550858
9.4504799e-05
0.0066550789
9.7749565e-05
0.0066550725
0.00010111206
0.0066550666
0.00010459647
0.006655061
0.00010820677
0.006655056
0.00011194922
0.0066550511
0.00011582486
0.0066550468
0.00011984278
0.0066550425
0.00012400262
0.0066550388
0.00012831657
0.0066550351
0.00013278395
0.0066550319
0.00013741505
0.0066550285
0.00014220963
0.0066550259
0.00014718449
0.0066550225
0.00015233058
0.0066550202
0.00015767783
0.006655016
0.00016322069
0.0066550111
0.00016895321
0.0066550068
0.00017512759
0.0066549716
0.00018091416
0.0066550248
0.00018987545
0.0066546314
0.00019105451
0.0066560021
0.00022300772
0.00018672555
0.0070245346
4.2111321e-06
0.0070245673
4.4692864e-06
0.007024606
4.7443407e-06
0.0070246512
5.0372075e-06
0.0070247034
5.3487948e-06
0.007024763
5.6799993e-06
0.0070248304
6.0316912e-06
0.0070249059
6.4046985e-06
0.0070249898
6.7997936e-06
0.0070250822
7.2176815e-06
0.0070251833
7.6589904e-06
0.0070252929
8.1242615e-06
0.007025411
8.6139414e-06
0.0070255371
9.1283773e-06
0.007025671
9.6678147e-06
0.0070258119
1.0232398e-05
0.0070259592
1.0822178e-05
0.0070261121
1.1437113e-05
0.0070262696
1.2077089e-05
0.0070264308
1.2741924e-05
0.0070265946
1.3431392e-05
0.0070267599
1.4145236e-05
0.0070269255
1.4883185e-05
0.0070270902
1.5644975e-05
0.0070272529
1.6430361e-05
0.0070274126
1.7239133e-05
0.0070275682
1.8071124e-05
0.0070277188
1.8926218e-05
0.0070278636
1.9804359e-05
0.0070280017
2.0705545e-05
0.0070281326
2.1629835e-05
0.0070282558
2.2577343e-05
0.0070283708
2.3548239e-05
0.0070284773
2.4542744e-05
0.0070285752
2.5561131e-05
0.0070286645
2.6603726e-05
0.0070287451
2.7670909e-05
0.0070288171
2.8763117e-05
0.0070288807
2.9880852e-05
0.0070289362
3.102469e-05
0.007028984
3.2195291e-05
0.0070290243
3.3393411e-05
0.0070290577
3.461991e-05
0.0070290845
3.5875771e-05
0.0070291053
3.7162105e-05
0.0070291206
3.8480173e-05
0.0070291309
3.9831385e-05
0.0070291367
4.1217313e-05
0.0070291386
4.2639698e-05
0.0070291369
4.4100424e-05
0.0070291323
4.560159e-05
0.0070291252
4.7145422e-05
0.0070291159
4.8734275e-05
0.007029105
5.0370671e-05
0.0070290929
5.2057267e-05
0.0070290797
5.3796832e-05
0.0070290659
5.5592236e-05
0.0070290518
5.7446449e-05
0.0070290375
5.9362514e-05
0.0070290232
6.1343541e-05
0.0070290092
6.3392712e-05
0.0070289955
6.5513231e-05
0.0070289823
6.7708343e-05
0.0070289696
6.9981361e-05
0.0070289574
7.2335664e-05
0.0070289459
7.4774688e-05
0.007028935
7.7301844e-05
0.0070289248
7.9920671e-05
0.0070289151
8.263438e-05
0.0070289061
8.5446683e-05
0.0070288977
8.8361067e-05
0.0070288898
9.1381658e-05
0.0070288825
9.4512127e-05
0.0070288757
9.7756381e-05
0.0070288694
0.0001011184
0.0070288635
0.00010460237
0.0070288579
0.00010821231
0.0070288529
0.00011195421
0.0070288481
0.00011582969
0.0070288438
0.00011984705
0.0070288395
0.00012400691
0.0070288359
0.00012832025
0.0070288322
0.00013278758
0.0070288291
0.00013741822
0.0070288258
0.00014221291
0.0070288232
0.00014718707
0.0070288199
0.0001523339
0.0070288176
0.00015768014
0.0070288135
0.00016322471
0.0070288086
0.0001689582
0.0070288045
0.00017513168
0.0070287688
0.00018094984
0.0070288222
0.00018982205
0.0070284411
0.00019143564
0.0070297803
0.00022166849
0.00018775408
0.0074194144
4.1851931e-06
0.0074194455
4.4382259e-06
0.0074194821
4.7076971e-06
0.0074195248
4.9945211e-06
0.007419574
5.2996175e-06
0.0074196301
5.6239045e-06
0.0074196935
5.9682862e-06
0.0074197646
6.333638e-06
0.0074198436
6.7207937e-06
0.0074199307
7.1305346e-06
0.0074200261
7.5635782e-06
0.0074201298
8.0205677e-06
0.0074202417
8.5020627e-06
0.0074203615
9.0085312e-06
0.007420489
9.5403452e-06
0.0074206236
1.0097778e-05
0.0074207648
1.0681006e-05
0.0074209118
1.1290111e-05
0.0074210638
1.1925089e-05
0.0074212199
1.2585857e-05
0.007421379
1.3272271e-05
0.0074215401
1.3984135e-05
0.0074217021
1.472122e-05
0.0074218638
1.5483278e-05
0.0074220241
1.6270057e-05
0.0074221819
1.7081318e-05
0.0074223361
1.7916845e-05
0.0074224859
1.8776454e-05
0.0074226303
1.9660002e-05
0.0074227684
2.0567391e-05
0.0074228997
2.1498572e-05
0.0074230235
2.2453548e-05
0.0074231394
2.3432371e-05
0.0074232469
2.4435147e-05
0.007423346
2.5462036e-05
0.0074234365
2.6513255e-05
0.0074235183
2.7589079e-05
0.0074235916
2.868985e-05
0.0074236565
2.9815984e-05
0.0074237132
3.0967977e-05
0.0074237621
3.2146423e-05
0.0074238035
3.3352017e-05
0.0074238378
3.4585572e-05
0.0074238655
3.5848031e-05
0.0074238872
3.7140477e-05
0.0074239032
3.846415e-05
0.0074239141
3.9820448e-05
0.0074239205
4.1210939e-05
0.0074239228
4.2637367e-05
0.0074239216
4.4101627e-05
0.0074239174
4.560583e-05
0.0074239106
4.7152227e-05
0.0074239016
4.8743201e-05
0.007423891
5.0381304e-05
0.0074238791
5.2069223e-05
0.0074238661
5.3809765e-05
0.0074238525
5.5605839e-05
0.0074238385
5.7460447e-05
0.0074238244
5.9376673e-05
0.0074238102
6.1357662e-05
0.0074237963
6.3406627e-05
0.0074237828
6.5526809e-05
0.0074237696
6.7721483e-05
0.007423757
6.999399e-05
0.0074237449
7.2347723e-05
0.0074237335
7.4786136e-05
0.0074237227
7.731266e-05
0.0074237125
7.9930827e-05
0.007423703
8.264392e-05
0.007423694
8.5455606e-05
0.0074236857
8.8369431e-05
0.0074236779
9.1389442e-05
0.0074236706
9.4519377e-05
0.0074236639
9.776312e-05
0.0074236576
0.00010112466
0.0074236518
0.00010460819
0.0074236464
0.00010821776
0.0074236414
0.00011195914
0.0074236367
0.00011583443
0.0074236325
0.00011985125
0.0074236283
0.00012401109
0.0074236247
0.00012832387
0.0074236212
0.00013279111
0.0074236181
0.00013742132
0.0074236149
0.0001422161
0.0074236124
0.00014718959
0.0074236092
0.00015233709
0.0074236069
0.00015768243
0.007423603
0.00016322857
0.007423598
0.00016896323
0.0074235941
0.00017513553
0.0074235583
0.00018098572
0.0074236114
0.00018976888
0.0074232451
0.00019180202
0.0074245442
0.0002203693
0.00018875572
0.0078364896
4.1605602e-06
0.0078365189
4.4088646e-06
0.0078365534
4.6731774e-06
0.0078365936
4.9544112e-06
0.0078366397
5.2534913e-06
0.0078366922
5.5713507e-06
0.0078367516
5.9089185e-06
0.0078368181
6.2671071e-06
0.0078368921
6.6468005e-06
0.0078369738
7.0488434e-06
0.0078370634
7.4740302e-06
0.0078371608
7.9230935e-06
0.0078372662
8.3966936e-06
0.0078373793
8.8954095e-06
0.0078374999
9.419731e-06
0.0078376277
9.9700544e-06
0.007837762
1.0546679e-05
0.0078379023
1.1149809e-05
0.0078380478
1.1779554e-05
0.0078381978
1.2435938e-05
0.0078383511
1.3118905e-05
0.0078385069
1.3828334e-05
0.0078386641
1.456405e-05
0.0078388215
1.5325837e-05
0.0078389781
1.6113452e-05
0.0078391328
1.6926642e-05
0.0078392845
1.7765156e-05
0.0078394322
1.8628753e-05
0.007839575
1.9517217e-05
0.007839712
2.0430361e-05
0.0078398426
2.1368034e-05
0.007839966
2.233013e-05
0.0078400818
2.3316587e-05
0.0078401895
2.4327393e-05
0.007840289
2.5362591e-05
0.0078403799
2.6422285e-05
0.0078404624
2.7506642e-05
0.0078405363
2.8615904e-05
0.0078406019
2.9750393e-05
0.0078406594
3.0910524e-05
0.007840709
3.2096814e-05
0.0078407511
3.3309895e-05
0.0078407861
3.4550531e-05
0.0078408145
3.581962e-05
0.0078408368
3.7118214e-05
0.0078408534
3.8447529e-05
0.0078408649
3.9808951e-05
0.0078408718
4.1204043e-05
0.0078408746
4.263455e-05
0.0078408739
4.4102379e-05
0.0078408701
4.560965e-05
0.0078408636
4.7158641e-05
0.0078408551
4.8751763e-05
0.0078408448
5.0391597e-05
0.0078408332
5.2080862e-05
0.0078408205
5.3822402e-05
0.0078408072
5.5619162e-05
0.0078407935
5.7474183e-05
0.0078407795
5.9390585e-05
0.0078407657
6.1371549e-05
0.007840752
6.3420321e-05
0.0078407386
6.5540177e-05
0.0078407257
6.7734423e-05
0.0078407132
7.0006426e-05
0.0078407013
7.2359598e-05
0.0078406901
7.4797408e-05
0.0078406794
7.7323307e-05
0.0078406694
7.9940823e-05
0.00784066
8.2653303e-05
0.0078406513
8.5464379e-05
0.0078406431
8.8377646e-05
0.0078406354
9.1397085e-05
0.0078406283
9.4526487e-05
0.0078406217
9.7769725e-05
0.0078406156
0.0001011308
0.0078406099
0.00010461388
0.0078406045
0.00010822309
0.0078405997
0.00011196395
0.0078405951
0.00011583904
0.007840591
0.00011985535
0.007840587
0.00012401512
0.0078405835
0.00012832739
0.0078405801
0.0001327945
0.0078405771
0.00013742431
0.007840574
0.00014221914
0.0078405716
0.00014719202
0.0078405686
0.00015234012
0.0078405664
0.00015768466
0.0078405627
0.00016323223
0.0078405577
0.00016896823
0.0078405541
0.00017513913
0.0078405184
0.00018102147
0.0078405708
0.00018971642
0.0078402216
0.00019215119
0.0078414719
0.00021911906
0.00018972345
0.0082770078
4.1373268e-06
0.0082770354
4.3812898e-06
0.0082770677
4.6408636e-06
0.0082771052
4.9169559e-06
0.0082771482
5.2104939e-06
0.0082771971
5.5224192e-06
0.0082772523
5.8536792e-06
0.0082773142
6.2052146e-06
0.0082773831
6.5779494e-06
0.0082774592
6.9727808e-06
0.0082775426
7.3905678e-06
0.0082776336
7.8321202e-06
0.0082777321
8.2981872e-06
0.0082778381
8.7894473e-06
0.0082779513
9.3064987e-06
0.0082780715
9.8498521e-06
0.0082781982
1.0419925e-05
0.008278331
1.101704e-05
0.0082784692
1.1641422e-05
0.0082786119
1.2293202e-05
0.0082787584
1.2972422e-05
0.0082789077
1.3679043e-05
0.0082790588
1.4412954e-05
0.0082792106
1.5173985e-05
0.0082793621
1.5961917e-05
0.0082795123
1.6776498e-05
0.00827966
1.7617454e-05
0.0082798042
1.8484502e-05
0.0082799441
1.9377364e-05
0.0082800787
2.0295774e-05
0.0082802072
2.1239487e-05
0.0082803291
2.2208294e-05
0.0082804436
2.3202019e-05
0.0082805505
2.4220535e-05
0.0082806493
2.5263769e-05
0.0082807399
2.6331707e-05
0.0082808221
2.7424406e-05
0.008280896
2.8542003e-05
0.0082809617
2.9684722e-05
0.0082810193
3.085289e-05
0.0082810692
3.2046947e-05
0.0082811116
3.3267459e-05
0.008281147
3.4515131e-05
0.0082811758
3.5790817e-05
0.0082811985
3.7095537e-05
0.0082812156
3.8430479e-05
0.0082812275
3.9797014e-05
0.0082812348
4.11967e-05
0.0082812381
4.2631282e-05
0.0082812378
4.4102681e-05
0.0082812344
4.5613024e-05
0.0082812285
4.7164612e-05
0.0082812203
4.8759889e-05
0.0082812105
5.0401461e-05
0.0082811993
5.2092082e-05
0.008281187
5.3834629e-05
0.0082811741
5.5632087e-05
0.0082811608
5.7487533e-05
0.0082811472
5.9404123e-05
0.0082811337
6.1385077e-05
0.0082811203
6.3433669e-05
0.0082811073
6.5553212e-05
0.0082810947
6.7747044e-05
0.0082810826
7.0018556e-05
0.008281071
7.2371179e-05
0.00828106
7.4808399e-05
0.0082810496
7.7333684e-05
0.0082810399
7.9950565e-05
0.0082810307
8.2662439e-05
0.0082810222
8.5472919e-05
0.0082810142
8.8385631e-05
0.0082810068
9.1404513e-05
0.0082809999
9.4533388e-05
0.0082809935
9.7776129e-05
0.0082809875
0.00010113673
0.008280982
0.00010461938
0.0082809769
0.00010822822
0.0082809723
0.00011196859
0.0082809678
0.00011584345
0.0082809639
0.0001198593
0.00828096
0.00012401897
0.0082809567
0.00012833076
0.0082809534
0.00013279773
0.0082809506
0.00013742716
0.0082809477
0.00014222202
0.0082809454
0.00014719432
0.0082809426
0.00015234294
0.0082809405
0.00015768679
0.008280937
0.00016323564
0.0082809321
0.00016897313
0.0082809288
0.00017514245
0.0082808936
0.00018105666
0.0082809449
0.00018966518
0.0082806153
0.00019248071
0.0082818074
0.00021792702
0.00019064984
0.0087422874
4.1156051e-06
0.0087423131
4.3556105e-06
0.0087423431
4.6108623e-06
0.0087423778
4.8822614e-06
0.0087424176
5.1707333e-06
0.0087424628
5.4772244e-06
0.0087425137
5.8026942e-06
0.0087425709
6.1481046e-06
0.0087426344
6.5144113e-06
0.0087427046
6.9025536e-06
0.0087427817
7.3134445e-06
0.0087428659
7.7479595e-06
0.0087429572
8.2069248e-06
0.0087430555
8.6911069e-06
0.0087431608
9.2012013e-06
0.0087432728
9.737824e-06
0.0087433913
1.0301503e-05
0.0087435156
1.0892674e-05
0.0087436454
1.1511673e-05
0.0087437798
1.2158739e-05
0.0087439182
1.2834016e-05
0.0087440597
1.353755e-05
0.0087442034
1.4269306e-05
0.0087443482
1.5029167e-05
0.0087444932
1.5816952e-05
0.0087446372
1.6632421e-05
0.0087447794
1.7475293e-05
0.0087449186
1.8345257e-05
0.008745054
1.9241983e-05
0.0087451847
2.0165137e-05
0.0087453098
2.1114392e-05
0.0087454286
2.2089438e-05
0.0087455406
2.3089995e-05
0.0087456454
2.4115823e-05
0.0087457424
2.516673e-05
0.0087458315
2.624259e-05
0.0087459126
2.7343345e-05
0.0087459855
2.8469024e-05
0.0087460505
2.9619753e-05
0.0087461076
3.0795766e-05
0.0087461572
3.1997424e-05
0.0087461994
3.3225221e-05
0.0087462347
3.4479804e-05
0.0087462636
3.5761979e-05
0.0087462864
3.7072729e-05
0.0087463036
3.8413216e-05
0.0087463159
3.9784796e-05
0.0087463235
4.1189015e-05
0.0087463272
4.2627622e-05
0.0087463273
4.4102551e-05
0.0087463244
4.561593e-05
0.0087463189
4.7170089e-05
0.0087463113
4.8767502e-05
0.008746302
5.04108e-05
0.0087462913
5.2102768e-05
0.0087462796
5.3846322e-05
0.0087462672
5.5644479e-05
0.0087462544
5.7500356e-05
0.0087462414
5.9417145e-05
0.0087462284
6.1398098e-05
0.0087462155
6.3446526e-05
0.0087462029
6.5565773e-05
0.0087461908
6.7759207e-05
0.0087461791
7.0030245e-05
0.0087461679
7.2382338e-05
0.0087461573
7.4818986e-05
0.0087461473
7.7343675e-05
0.008746138
7.9959942e-05
0.0087461292
8.2671224e-05
0.008746121
8.5481125e-05
0.0087461133
8.8393295e-05
0.0087461062
9.1411636e-05
0.0087460996
9.4539997e-05
0.0087460935
9.7782253e-05
0.0087460878
0.0001011424
0.0087460825
0.00010462463
0.0087460777
0.00010823311
0.0087460732
0.00011197301
0.0087460691
0.00011584763
0.0087460653
0.00011986304
0.0087460617
0.00012402259
0.0087460585
0.00012833394
0.0087460555
0.00013280073
0.0087460529
0.00013742981
0.0087460502
0.00014222467
0.0087460481
0.00014719645
0.0087460455
0.00015234553
0.0087460435
0.00015768877
0.0087460404
0.00016323877
0.0087460357
0.00016897787
0.0087460327
0.00017514545
0.0087459985
0.00018109086
0.0087460479
0.00018961573
0.0087457405
0.00019278814
0.0087468647
0.00021680282
0.00019152702
0.0092337207
4.0955273e-06
0.0092337444
4.3319602e-06
0.0092337719
4.5833089e-06
0.0092338037
4.8504662e-06
0.0092338401
5.134354e-06
0.0092338814
5.4359202e-06
0.009233928
5.7561318e-06
0.0092339801
6.0959662e-06
0.0092340381
6.4564031e-06
0.0092341023
6.8384157e-06
0.0092341728
7.2429612e-06
0.0092342497
7.6709699e-06
0.0092343333
8.1233339e-06
0.0092344236
8.6008958e-06
0.0092345203
9.1044377e-06
0.0092346235
9.6346697e-06
0.0092347328
1.0192222e-05
0.0092348478
1.0777633e-05
0.0092349681
1.1391347e-05
0.0092350931
1.2033709e-05
0.0092352222
1.270496e-05
0.0092353545
1.3405239e-05
0.0092354892
1.4134586e-05
0.0092356255
1.489295e-05
0.0092357622
1.5680193e-05
0.0092358985
1.6496103e-05
0.0092360334
1.7340401e-05
0.0092361659
1.8212759e-05
0.0092362951
1.9112811e-05
0.0092364201
2.0040166e-05
0.00923654
2.0994421e-05
0.0092366543
2.1975179e-05
0.0092367622
2.2982061e-05
0.0092368633
2.4014716e-05
0.0092369572
2.5072844e-05
0.0092370436
2.6156202e-05
0.0092371223
2.7264622e-05
0.0092371933
2.8398023e-05
0.0092372567
2.9556432e-05
0.0092373124
3.0739991e-05
0.0092373609
3.1948976e-05
0.0092374023
3.3183811e-05
0.009237437
3.4445082e-05
0.0092374654
3.5733546e-05
0.009237488
3.7050146e-05
0.0092375052
3.8396019e-05
0.0092375175
3.97725e-05
0.0092375254
4.1181129e-05
0.0092375294
4.2623653e-05
0.0092375299
4.4102017e-05
0.0092375275
4.5618357e-05
0.0092375225
4.7175024e-05
0.0092375155
4.877452e-05
0.0092375068
5.0419506e-05
0.0092374968
5.2112795e-05
0.0092374858
5.3857336e-05
0.0092374741
5.5656185e-05
0.0092374619
5.7512491e-05
0.0092374496
5.9429483e-05
0.0092374372
6.1410448e-05
0.009237425
6.3458726e-05
0.0092374131
6.5577696e-05
0.0092374016
6.7770753e-05
0.0092373905
7.004134e-05
0.0092373799
7.2392927e-05
0.0092373699
7.4829027e-05
0.0092373604
7.7353146e-05
0.0092373515
7.9968825e-05
0.0092373432
8.2679537e-05
0.0092373354
8.5488884e-05
0.0092373282
8.8400531e-05
0.0092373215
9.1418354e-05
0.0092373153
9.4546219e-05
0.0092373095
9.7788008e-05
0.0092373042
0.00010114772
0.0092372993
0.00010462954
0.0092372947
0.00010823766
0.0092372906
0.00011197713
0.0092372867
0.00011585149
0.0092372833
0.0001198665
0.0092372799
0.0001240259
0.009237277
0.00012833686
0.0092372743
0.00013280346
0.0092372719
0.00013743222
0.0092372695
0.00014222705
0.0092372676
0.00014719836
0.0092372653
0.00015234783
0.0092372635
0.00015769056
0.0092372607
0.00016324156
0.0092372563
0.00016898232
0.0092372536
0.00017514811
0.0092372209
0.00018112354
0.009237268
0.00018956865
0.0092369851
0.00019307107
0.0092380313
0.00021575659
0.00019234656
0.0097527786
4.0772495e-06
0.0097528001
4.3104998e-06
0.009752825
4.5583704e-06
0.0097528538
4.8217456e-06
0.0097528866
5.1015421e-06
0.0097529238
5.3987068e-06
0.0097529657
5.7142109e-06
0.0097530126
6.0490425e-06
0.0097530648
6.4041996e-06
0.0097531226
6.7806816e-06
0.009753186
7.1794813e-06
0.0097532554
7.6015741e-06
0.0097533309
8.0479074e-06
0.0097534124
8.5193889e-06
0.0097534999
9.0168751e-06
0.0097535935
9.5411597e-06
0.0097536927
1.0092962e-05
0.0097537974
1.0672919e-05
0.0097539072
1.1281572e-05
0.0097540215
1.1919364e-05
0.0097541399
1.2586632e-05
0.0097542615
1.3283605e-05
0.0097543857
1.4010404e-05
0.0097545116
1.4767044e-05
0.0097546383
1.5553439e-05
0.009754765
1.6369409e-05
0.0097548908
1.7214693e-05
0.0097550146
1.8088954e-05
0.0097551356
1.8991802e-05
0.0097552529
1.9922798e-05
0.0097553659
2.088148e-05
0.0097554737
2.1867369e-05
0.0097555757
2.2879996e-05
0.0097556716
2.3918911e-05
0.0097557607
2.4983707e-05
0.0097558429
2.6074031e-05
0.0097559179
2.7189607e-05
0.0097559857
2.833025e-05
0.0097560462
2.9495885e-05
0.0097560996
3.0686565e-05
0.0097561461
3.1902483e-05
0.0097561859
3.3143991e-05
0.0097562194
3.4411612e-05
0.0097562469
3.5706056e-05
0.0097562688
3.7028225e-05
0.0097562856
3.8379228e-05
0.0097562977
3.9760383e-05
0.0097563056
4.1173221e-05
0.0097563098
4.2619485e-05
0.0097563107
4.410113e-05
0.0097563087
4.5620301e-05
0.0097563044
4.7179368e-05
0.0097562981
4.878086e-05
0.0097562901
5.0427462e-05
0.0097562809
5.212202e-05
0.0097562707
5.3867512e-05
0.0097562599
5.5667029e-05
0.0097562486
5.7523754e-05
0.0097562371
5.9440949e-05
0.0097562256
6.1421933e-05
0.0097562143
6.3470078e-05
0.0097562032
6.5588792e-05
0.0097561925
6.7781498e-05
0.0097561821
7.0051663e-05
0.0097561723
7.2402774e-05
0.009756163
7.4838359e-05
0.0097561542
7.7361941e-05
0.0097561459
7.9977067e-05
0.0097561382
8.2687241e-05
0.009756131
8.5496065e-05
0.0097561243
8.8407216e-05
0.0097561181
9.142455e-05
0.0097561124
9.4551945e-05
0.0097561071
9.7793293e-05
0.0097561023
0.00010115259
0.0097560978
0.00010463402
0.0097560936
0.0001082418
0.0097560899
0.00011198086
0.0097560864
0.00011585497
0.0097560833
0.00011986962
0.0097560804
0.00012402886
0.0097560778
0.00012833945
0.0097560754
0.00013280586
0.0097560733
0.00013743433
0.0097560712
0.00014222912
0.0097560696
0.00014719999
0.0097560676
0.00015234979
0.0097560661
0.00015769208
0.0097560637
0.00016324395
0.0097560596
0.0001689864
0.0097560573
0.00017515037
0.0097560267
0.00018115414
0.0097560708
0.0001895246
0.0097558148
0.00019332704
0.0097567723
0.00021479914
0.00019309933
0.010301015
4.0609624e-06
0.010301034
4.2914302e-06
0.010301056
4.5362593e-06
0.010301082
4.7963254e-06
0.010301111
5.0725394e-06
0.010301144
5.3658458e-06
0.010301181
5.6772174e-06
0.010301222
6.0076494e-06
0.010301268
6.3581528e-06
0.010301319
6.7297476e-06
0.010301375
7.1234543e-06
0.010301436
7.5402848e-06
0.010301503
7.9812317e-06
0.010301575
8.4472571e-06
0.010301653
8.9392806e-06
0.010301736
9.4581675e-06
0.010301824
1.0004716e-05
0.010301917
1.0579647e-05
0.010302015
1.1183592e-05
0.010302118
1.1817083e-05
0.010302224
1.2480546e-05
0.010302333
1.3174296e-05
0.010302445
1.3898532e-05
0.010302559
1.4653335e-05
0.010302673
1.5438674e-05
0.010302788
1.625441e-05
0.010302903
1.7100301e-05
0.010303016
1.7976017e-05
0.010303126
1.8881149e-05
0.010303234
1.9815225e-05
0.010303338
2.0777729e-05
0.010303437
2.1768119e-05
0.010303531
2.2785842e-05
0.01030362
2.3830359e-05
0.010303702
2.4901164e-05
0.010303778
2.5997803e-05
0.010303848
2.7119899e-05
0.010303911
2.8267166e-05
0.010303968
2.9439435e-05
0.010304018
3.063667e-05
0.010304061
3.1858984e-05
0.010304098
3.310666e-05
0.01030413
3.4380162e-05
0.010304156
3.568015e-05
0.010304176
3.7007489e-05
0.010304192
3.8363259e-05
0.010304204
3.974876e-05
0.010304212
4.1165512e-05
0.010304216
4.2615258e-05
0.010304217
4.4099958e-05
0.010304216
4.5621769e-05
0.010304212
4.7183074e-05
0.010304206
4.8786427e-05
0.010304199
5.043454e-05
0.010304191
5.2130284e-05
0.010304182
5.3876668e-05
0.010304172
5.5676813e-05
0.010304162
5.7533935e-05
0.010304152
5.9451326e-05
0.010304141
6.1432336e-05
0.010304131
6.3480364e-05
0.010304121
6.5598846e-05
0.010304111
6.7791232e-05
0.010304102
7.0061009e-05
0.010304093
7.2411683e-05
0.010304084
7.4846795e-05
0.010304076
7.7369882e-05
0.010304069
7.99845e-05
0.010304062
8.2694177e-05
0.010304056
8.5502518e-05
0.01030405
8.8413209e-05
0.010304044
9.1430091e-05
0.010304039
9.4557052e-05
0.010304034
9.779799e-05
0.01030403
0.00010115691
0.010304026
0.00010463798
0.010304022
0.00010824544
0.010304019
0.00011198412
0.010304016
0.00011585799
0.010304013
0.00011987231
0.010304011
0.00012403138
0.010304009
0.00012834165
0.010304007
0.00013280787
0.010304005
0.00013743606
0.010304003
0.00014223079
0.010304002
0.00014720129
0.010304
0.00015235135
0.010303999
0.00015769329
0.010303997
0.00016324589
0.010303994
0.00016898996
0.010303992
0.00017515216
0.010303964
0.00018118203
0.010304004
0.00018948428
0.010303778
0.00019355349
0.010304635
0.00021394215
0.00019377532
0.010880073
4.0468845e-06
0.010880089
4.2749879e-06
0.010880108
4.5172317e-06
0.01088013
4.7744837e-06
0.010880155
5.0476491e-06
0.010880183
5.3376688e-06
0.010880215
5.6455159e-06
0.01088025
5.9721899e-06
0.01088029
6.3187109e-06
0.010880334
6.6861141e-06
0.010880382
7.0754414e-06
0.010880434
7.4877334e-06
0.010880491
7.9240188e-06
0.010880553
8.3853037e-06
0.01088062
8.8725597e-06
0.010880691
9.3867115e-06
0.010880768
9.9286241e-06
0.010880848
1.049909e-05
0.010880933
1.1098818e-05
0.010881022
1.1728419e-05
0.010881114
1.2388399e-05
0.010881209
1.307915e-05
0.010881306
1.3800942e-05
0.010881406
1.4553922e-05
0.010881506
1.5338113e-05
0.010881607
1.6153415e-05
0.010881708
1.6999613e-05
0.010881808
1.7876387e-05
0.010881906
1.878332e-05
0.010882001
1.9719916e-05
0.010882093
2.0685619e-05
0.010882181
2.1679829e-05
0.010882265
2.2701926e-05
0.010882344
2.3751292e-05
0.010882418
2.4827334e-05
0.010882486
2.5929508e-05
0.010882549
2.7057344e-05
0.010882606
2.8210466e-05
0.010882656
2.9388618e-05
0.010882701
3.059168e-05
0.010882741
3.1819694e-05
0.010882774
3.3072876e-05
0.010882803
3.4351635e-05
0.010882827
3.5656586e-05
0.010882846
3.6988557e-05
0.01088286
3.8348602e-05
0.010882871
3.9738002e-05
0.010882878
4.1158269e-05
0.010882882
4.2611143e-05
0.010882884
4.4098589e-05
0.010882883
4.5622774e-05
0.01088288
4.7186093e-05
0.010882875
4.879112e-05
0.010882869
5.0440595e-05
0.010882862
5.2137409e-05
0.010882854
5.3884599e-05
0.010882845
5.5685314e-05
0.010882836
5.7542796e-05
0.010882827
5.9460368e-05
0.010882818
6.1441405e-05
0.010882809
6.3489333e-05
0.010882801
6.5607611e-05
0.010882792
6.7799713e-05
0.010882784
7.0069146e-05
0.010882776
7.2419431e-05
0.010882769
7.4854121e-05
0.010882762
7.7376765e-05
0.010882756
7.999093e-05
0.01088275
8.2700162e-05
0.010882744
8.550807e-05
0.010882739
8.8418348e-05
0.010882734
9.1434826e-05
0.01088273
9.4561396e-05
0.010882726
9.7801966e-05
0.010882722
0.00010116054
0.010882719
0.00010464128
0.010882716
0.00010824845
0.010882713
0.0001119868
0.010882711
0.00011586044
0.010882709
0.00011987447
0.010882707
0.00012403338
0.010882705
0.00012834336
0.010882703
0.00013280939
0.010882702
0.00013743734
0.010882701
0.00014223201
0.0108827
0.00014720218
0.010882699
0.00015235244
0.010882698
0.00015769409
0.010882697
0.00016324728
0.010882694
0.00016899287
0.010882693
0.00017515343
0.010882668
0.00018120648
0.010882704
0.00018944848
0.01088251
0.00019374763
0.010883253
0.00021319862
0.00019436337
0.011491687
4.0352843e-06
0.0114917
4.2614654e-06
0.011491716
4.5016075e-06
0.011491734
4.7565712e-06
0.011491754
5.0272559e-06
0.011491777
5.3145994e-06
0.011491803
5.6195737e-06
0.011491832
5.9431806e-06
0.011491864
6.2864466e-06
0.0114919
6.6504175e-06
0.011491939
7.0361512e-06
0.011491982
7.4447097e-06
0.011492029
7.8771495e-06
0.01149208
8.3345109e-06
0.011492135
8.8178063e-06
0.011492193
9.3280078e-06
0.011492256
9.8660338e-06
0.011492322
1.0432736e-05
0.011492392
1.1028885e-05
0.011492466
1.1655159e-05
0.011492542
1.2312131e-05
0.011492621
1.3000257e-05
0.011492702
1.3719872e-05
0.011492785
1.4471179e-05
0.011492868
1.525425e-05
0.011492953
1.6069025e-05
0.011493037
1.6915315e-05
0.011493121
1.7792811e-05
0.011493203
1.8701096e-05
0.011493283
1.963966e-05
0.011493361
2.0607913e-05
0.011493435
2.1605214e-05
0.011493506
2.2630886e-05
0.011493574
2.3684247e-05
0.011493636
2.4764631e-05
0.011493694
2.5871417e-05
0.011493748
2.7004056e-05
0.011493796
2.8162093e-05
0.011493839
2.9345196e-05
0.011493878
3.0553177e-05
0.011493912
3.178601e-05
0.011493941
3.3043857e-05
0.011493965
3.4327075e-05
0.011493986
3.563624e-05
0.011494002
3.6972148e-05
0.011494015
3.8335829e-05
0.011494024
3.9728547e-05
0.011494031
4.1151807e-05
0.011494034
4.2607345e-05
0.011494036
4.4097129e-05
0.011494035
4.5623338e-05
0.011494033
4.7188374e-05
0.011494029
4.879483e-05
0.011494024
5.0445465e-05
0.011494019
5.2143194e-05
0.011494012
5.3891072e-05
0.011494005
5.5692273e-05
0.011493998
5.7550066e-05
0.011493991
5.9467793e-05
0.011493983
6.1448855e-05
0.011493976
6.34967e-05
0.011493969
6.5614806e-05
0.011493962
6.7806667e-05
0.011493955
7.0075807e-05
0.011493949
7.2425761e-05
0.011493943
7.4860091e-05
0.011493937
7.7382359e-05
0.011493932
7.9996137e-05
0.011493927
8.2704988e-05
0.011493923
8.5512526e-05
0.011493918
8.8422449e-05
0.011493915
9.1438581e-05
0.011493911
9.4564815e-05
0.011493908
9.7805067e-05
0.011493905
0.00010116334
0.011493903
0.0001046438
0.011493901
0.00010825072
0.011493899
0.00011198879
0.011493897
0.00011586221
0.011493895
0.00011987599
0.011493894
0.00012403475
0.011493893
0.00012834449
0.011493892
0.00013281035
0.011493891
0.0001374381
0.01149389
0.00014223269
0.01149389
0.00014720259
0.011493889
0.00015235299
0.011493889
0.0001576944
0.011493888
0.00016324806
0.011493886
0.00016899496
0.011493886
0.00017515408
0.011493865
0.00018122669
0.011493896
0.00018941807
0.011493737
0.00019390632
0.011494352
0.00021258335
0.00019485073
0.01213769
4.0265049e-06
0.0121377
4.25124e-06
0.012137712
4.4898012e-06
0.012137726
4.7430435e-06
0.012137741
5.0118618e-06
0.012137759
5.2971907e-06
0.012137778
5.600001e-06
0.0121378
5.9212954e-06
0.012137824
6.2621045e-06
0.012137851
6.623481e-06
0.012137881
7.006494e-06
0.012137913
7.4122205e-06
0.012137949
7.8417368e-06
0.012137987
8.2961079e-06
0.012138029
8.7763759e-06
0.012138073
9.2835477e-06
0.012138121
9.8185815e-06
0.012138171
1.0382373e-05
0.012138224
1.097574e-05
0.01213828
1.1599412e-05
0.012138338
1.2254013e-05
0.012138398
1.2940051e-05
0.01213846
1.3657909e-05
0.012138523
1.4407837e-05
0.012138588
1.5189947e-05
0.012138653
1.600421e-05
0.012138717
1.6850463e-05
0.012138782
1.7728408e-05
0.012138845
1.8637633e-05
0.012138907
1.9577614e-05
0.012138968
2.0547745e-05
0.012139025
2.1547349e-05
0.012139081
2.257571e-05
0.012139133
2.3632096e-05
0.012139182
2.4715785e-05
0.012139227
2.5826098e-05
0.012139269
2.6962422e-05
0.012139306
2.8124243e-05
0.01213934
2.9311168e-05
0.012139371
3.0522951e-05
0.012139397
3.1759518e-05
0.01213942
3.3020982e-05
0.012139439
3.4307663e-05
0.012139456
3.5620103e-05
0.012139469
3.6959073e-05
0.012139479
3.8325583e-05
0.012139487
3.9720885e-05
0.012139492
4.1146476e-05
0.012139495
4.2604089e-05
0.012139497
4.4095695e-05
0.012139496
4.5623483e-05
0.012139495
4.7189857e-05
0.012139492
4.8797425e-05
0.012139489
5.0448965e-05
0.012139485
5.2147406e-05
0.01213948
5.3895821e-05
0.012139475
5.5697401e-05
0.012139469
5.7555433e-05
0.012139464
5.9473281e-05
0.012139458
6.1454361e-05
0.012139453
6.3502139e-05
0.012139448
6.5620109e-05
0.012139443
6.781178e-05
0.012139438
7.0080689e-05
0.012139433
7.2430381e-05
0.012139429
7.4864428e-05
0.012139425
7.7386398e-05
0.012139421
7.9999871e-05
0.012139417
8.2708419e-05
0.012139414
8.5515664e-05
0.012139411
8.8425305e-05
0.012139409
9.144116e-05
0.012139407
9.4567127e-05
0.012139405
9.7807124e-05
0.012139403
0.00010116516
0.012139401
0.00010464539
0.0121394
0.0001082521
0.012139399
0.00011198994
0.012139398
0.00011586319
0.012139397
0.00011987677
0.012139396
0.00012403539
0.012139396
0.00012834494
0.012139395
0.00013281065
0.012139395
0.00013743822
0.012139395
0.00014223275
0.012139395
0.00014720242
0.012139396
0.0001523529
0.012139396
0.00015769414
0.012139396
0.00016324812
0.012139395
0.00016899606
0.012139395
0.00017515401
0.01213938
0.00018124178
0.012139404
0.00018939406
0.012139284
0.00019402578
0.012139754
0.00021211373
0.00019522253
0.012820022
4.0209181e-06
0.012820029
4.2447407e-06
0.012820036
4.4823017e-06
0.012820045
4.7344535e-06
0.012820055
5.0020887e-06
0.012820066
5.2861393e-06
0.012820078
5.5875749e-06
0.012820092
5.9073988e-06
0.012820107
6.2466434e-06
0.012820125
6.606366e-06
0.012820143
6.9876419e-06
0.012820164
7.3915574e-06
0.012820187
7.8192009e-06
0.012820211
8.2716524e-06
0.012820237
8.7499727e-06
0.012820266
9.2551902e-06
0.012820296
9.7882883e-06
0.012820328
1.035019e-05
0.012820362
1.0941745e-05
0.012820398
1.1563713e-05
0.012820435
1.2216753e-05
0.012820474
1.2901405e-05
0.012820514
1.3618086e-05
0.012820555
1.4367076e-05
0.012820596
1.5148513e-05
0.012820638
1.5962391e-05
0.01282068
1.6808562e-05
0.012820721
1.7686742e-05
0.012820762
1.8596517e-05
0.012820803
1.9537362e-05
0.012820842
2.0508655e-05
0.012820879
2.1509703e-05
0.012820915
2.2539763e-05
0.012820949
2.3598071e-05
0.012820981
2.4683869e-05
0.012821011
2.579644e-05
0.012821038
2.6935132e-05
0.012821063
2.8099388e-05
0.012821086
2.9288776e-05
0.012821105
3.0503016e-05
0.012821123
3.1741996e-05
0.012821138
3.3005801e-05
0.012821151
3.4294726e-05
0.012821162
3.5609289e-05
0.012821171
3.6950244e-05
0.012821178
3.8318589e-05
0.012821183
3.9715567e-05
0.012821187
4.1142669e-05
0.012821189
4.2601629e-05
0.012821191
4.4094417e-05
0.012821191
4.5623228e-05
0.01282119
4.7190468e-05
0.012821189
4.8798755e-05
0.012821187
5.045088e-05
0.012821185
5.2149781e-05
0.012821182
5.389854e-05
0.012821179
5.5700362e-05
0.012821176
5.7558546e-05
0.012821173
5.9476467e-05
0.012821169
6.1457553e-05
0.012821166
6.3505281e-05
0.012821163
6.5623156e-05
0.01282116
6.7814697e-05
0.012821158
7.0083449e-05
0.012821155
7.2432963e-05
0.012821153
7.4866818e-05
0.01282115
7.7388585e-05
0.012821148
8.0001851e-05
0.012821147
8.2710193e-05
0.012821145
8.5517236e-05
0.012821144
8.8426682e-05
0.012821143
9.1442347e-05
0.012821142
9.4568127e-05
0.012821141
9.7807945e-05
0.01282114
0.00010116581
0.01282114
0.00010464588
0.012821139
0.00010825244
0.012821139
0.00011199012
0.012821139
0.00011586324
0.012821139
0.00011987667
0.012821139
0.00012403519
0.01282114
0.00012834459
0.01282114
0.00013281018
0.012821141
0.00013743763
0.012821141
0.00014223208
0.012821142
0.00014720159
0.012821143
0.0001523521
0.012821144
0.00015769321
0.012821145
0.00016324737
0.012821145
0.00016899597
0.012821146
0.00017515314
0.012821137
0.00018125073
0.012821153
0.00018937763
0.012821078
0.00019410127
0.01282138
0.00021181093
0.00019546093
0.01354073
0.013540732
0.013540734
0.013540737
0.013540741
0.013540745
0.013540749
0.013540754
0.013540759
0.013540765
0.013540771
0.013540779
0.013540786
0.013540795
0.013540804
0.013540814
0.013540825
0.013540836
0.013540848
0.01354086
0.013540873
0.013540887
0.013540901
0.013540915
0.01354093
0.013540945
0.01354096
0.013540975
0.013540989
0.013541004
0.013541018
0.013541031
0.013541044
0.013541057
0.013541068
0.013541079
0.013541089
0.013541098
0.013541106
0.013541114
0.01354112
0.013541126
0.013541131
0.013541135
0.013541139
0.013541142
0.013541144
0.013541146
0.013541147
0.013541148
0.013541148
0.013541149
0.013541149
0.013541148
0.013541148
0.013541148
0.013541147
0.013541147
0.013541146
0.013541145
0.013541145
0.013541144
0.013541144
0.013541144
0.013541143
0.013541143
0.013541143
0.013541143
0.013541143
0.013541144
0.013541144
0.013541144
0.013541145
0.013541145
0.013541146
0.013541147
0.013541148
0.013541148
0.013541149
0.013541151
0.013541152
0.013541153
0.013541154
0.013541156
0.013541157
0.013541159
0.01354116
0.013541162
0.013541164
0.013541165
0.013541167
0.013541165
0.013541173
0.013541148
0.013541258
)
;

boundaryField
{
    inlet
    {
        type            calculated;
        value           nonuniform List<scalar> 
80
(
-0.00018054859
-0.00019069049
-0.0002014021
-0.00021271541
-0.00022466422
-0.00023728422
-0.00025061312
-0.00026469075
-0.00027955915
-0.00029526275
-0.00031184847
-0.00032936585
-0.00034786723
-0.00036740789
-0.00038804619
-0.00040984381
-0.00043286586
-0.00045718112
-0.00048286223
-0.00050998593
-0.00053863323
-0.00056888973
-0.00060084582
-0.00063459698
-0.00067024402
-0.00070789346
-0.00074765778
-0.00078965575
-0.00083401288
-0.00088086166
-0.00093034207
-0.00098260192
-0.0010377974
-0.0010960933
-0.0011576638
-0.0012226929
-0.0012913749
-0.001363915
-0.0014405298
-0.0015214483
-0.0016069122
-0.0016971768
-0.0017925119
-0.0018932021
-0.0019995484
-0.0021118685
-0.0022304979
-0.0023557909
-0.0024881221
-0.0026278866
-0.0027755021
-0.0029314095
-0.0030960746
-0.0032699894
-0.0034536735
-0.0036476755
-0.0038525751
-0.0040689844
-0.00429755
-0.0045389547
-0.0047939196
-0.0050632065
-0.0053476199
-0.0056480093
-0.0059652725
-0.0063003569
-0.0066542637
-0.0070280502
-0.007422833
-0.0078397915
-0.0082801713
-0.0087452881
-0.0092365314
-0.0097553685
-0.010303349
-0.010882111
-0.011493383
-0.012138991
-0.012820863
-0.013541037
)
;
    }
    outlet
    {
        type            calculated;
        value           nonuniform List<scalar> 
80
(
7.1658269e-05
9.5495224e-05
0.00011019857
0.00012302874
0.00013527981
0.00014745521
0.00015983155
0.00017258369
0.00018583651
0.00019968862
0.00021422437
0.00022952048
0.00024564994
0.0002626845
0.00028069627
0.00029975898
0.00031994886
0.0003413454
0.00036403198
0.00038809647
0.00041363179
0.00044073649
0.0004695153
0.00050007974
0.00053254877
0.00056704945
0.00060371774
0.00064269923
0.00068415013
0.00072823815
0.00077514377
0.00082506141
0.00087820091
0.00093479347
0.00099510635
0.0010594385
0.0011281078
0.0012014573
0.0012798642
0.0013637493
0.0014535861
0.0015499002
0.0016532491
0.0017641616
0.0018830275
0.0020099664
0.002144816
0.0022876073
0.0024392626
0.0026000675
0.0027652513
0.0029295988
0.0030962657
0.0032704084
0.0034541147
0.0036481363
0.0038530578
0.0040694894
0.0042980775
0.0045395048
0.0047944923
0.0050638015
0.0053482367
0.0056486469
0.0059659295
0.0063010314
0.0066549533
0.0070287518
0.0074235426
0.0078405042
0.008280881
0.0087459875
0.0092372118
0.0097560195
0.010303959
0.010882665
0.011493865
0.012139382
0.012821142
0.013541174
)
;
    }
    top
    {
        type            calculated;
        value           nonuniform List<scalar> 
110
(
7.3864879e-06
1.7977649e-05
2.3811808e-05
2.5992459e-05
2.5204888e-05
2.2506296e-05
1.8968787e-05
1.5362737e-05
1.2108096e-05
9.3671941e-06
7.1546295e-06
5.4162446e-06
4.0746169e-06
3.0516876e-06
4.0190219e-06
4.2425292e-06
4.4797454e-06
4.7315204e-06
4.9987448e-06
5.2823503e-06
5.583306e-06
5.9026155e-06
6.2413118e-06
6.6004532e-06
6.9811175e-06
7.384394e-06
7.8113749e-06
8.2631458e-06
8.7407735e-06
9.2452941e-06
9.7776996e-06
1.0338923e-05
1.0929824e-05
1.1551174e-05
1.2203643e-05
1.2887785e-05
1.3604028e-05
1.4352661e-05
1.5133834e-05
1.5947549e-05
1.6793665e-05
1.7671899e-05
1.8581842e-05
1.9522965e-05
2.0494645e-05
2.1496179e-05
2.2526817e-05
2.3585783e-05
2.4672308e-05
2.578566e-05
2.6925173e-05
2.8090275e-05
2.9280522e-05
3.0495618e-05
3.1735441e-05
3.3000063e-05
3.428977e-05
3.5605074e-05
3.6946721e-05
3.8315706e-05
3.9713267e-05
4.1140894e-05
4.260032e-05
4.4093515e-05
4.5622676e-05
4.7190213e-05
4.8798744e-05
5.0451063e-05
5.2150114e-05
5.3898983e-05
5.5700877e-05
5.7559101e-05
5.9477034e-05
6.1458108e-05
6.3505803e-05
6.5623629e-05
6.7815106e-05
7.0083785e-05
7.2433218e-05
7.4866986e-05
7.7388662e-05
8.0001834e-05
8.2710081e-05
8.5517031e-05
8.8426384e-05
9.1441957e-05
9.4567645e-05
9.7807374e-05
0.00010116515
0.00010464513
0.00010825161
0.0001119892
0.00011586224
0.00011987559
0.00012403403
0.00012834335
0.00013280886
0.00013743622
0.00014223061
0.00014720002
0.00015235049
0.00015769151
0.00016324568
0.00016899447
0.00017515132
0.00018125241
0.00018937013
0.00019412657
0.00021170075
0.00019554455
)
;
    }
    upstreamWall
    {
        type            symmetryPlane;
        value           uniform 0;
    }
    plate
    {
        type            calculated;
        value           uniform 0;
    }
    frontAndBack
    {
        type            empty;
    }
}


// ************************************************************************* //
