/*--------------------------------*- C++ -*----------------------------------*\
| =========                 |                                                 |
| \\      /  F ield         | OpenFOAM: The Open Source CFD Toolbox           |
|  \\    /   O peration     | Version:  2512                                  |
|   \\  /    A nd           | Website:  www.openfoam.com                      |
|    \\/     M anipulation  |                                                 |
\*---------------------------------------------------------------------------*/
FoamFile
{
    version     2.0;
    format      ascii;
    arch        "LSB;label=32;scalar=64";
    class       volScalarField;
    location    "0.0499878";
    object      alphat;
}
// * * * * * * * * * * * * * * * * * * * * * * * * * * * * * * * * * * * * * //

dimensions      [1 -1 -1 0 0 0 0];

internalField   nonuniform List<scalar> 
8800
(
0.0008431708
0.00083472522
0.00082694245
0.00082341586
0.00081951911
0.00081770214
0.00081587892
0.00081470869
0.00081397438
0.00081317728
0.00081285475
0.00081224786
0.00055869855
8.8954433e-05
0.0008431723
0.00083472309
0.0008269434
0.00082341641
0.00081951518
0.00081770929
0.0008158686
0.00081471904
0.00081396966
0.00081316385
0.00081288174
0.00081224937
0.00055472173
0.00012190803
0.00084317553
0.00083471848
0.00082694549
0.00082341745
0.00081950696
0.00081772436
0.00081584638
0.00081474314
0.00081395173
0.0008131481
0.00081301235
0.00081197913
0.00081220028
0.00033575459
0.00084318076
0.00083471104
0.00082694896
0.00082341876
0.00081949452
0.00081774751
0.00081581121
0.00081478516
0.00081390389
0.00081319944
0.00081294801
0.00081211253
0.00081212933
0.00081127026
0.00084318823
0.00083470041
0.00082695415
0.00082341983
0.00081947855
0.00081777777
0.00081576378
0.0008148455
0.00081382267
0.00081332769
0.00081268321
0.00081267207
0.00081138608
0.00081206909
0.00084319818
0.00083468626
0.00082696146
0.0008234198
0.00081946061
0.00081781252
0.00081570796
0.00081491672
0.00081373145
0.00081344106
0.00081254512
0.00081276711
0.0008114827
0.00081216263
0.00084321083
0.00083466828
0.00082697137
0.00082341744
0.00081944324
0.0008178471
0.00081565132
0.00081498545
0.00081365786
0.00081348178
0.00081261101
0.00081246413
0.00081198056
0.00081138882
0.00084322636
0.00083464627
0.0008269844
0.00082341118
0.00081942998
0.0008178749
0.00081560432
0.00081503785
0.00081360953
0.00081349511
0.00081263942
0.00081244441
0.00081186534
0.0008116111
0.00084324487
0.00083462014
0.00082700103
0.0008233993
0.0008194249
0.0008178883
0.0008155784
0.00081506162
0.00081358752
0.00081351095
0.00081259163
0.00081256073
0.000811716
0.00081171679
0.0008432664
0.00083458998
0.00082702158
0.00082338026
0.00081943176
0.00081788051
0.0008155831
0.00081504653
0.00081360185
0.00081350164
0.00081257142
0.00081258947
0.00081171298
0.0008116992
0.0008432909
0.0008345561
0.00082704605
0.00082335323
0.0008194527
0.00081784819
0.00081562189
0.0008149893
0.00081366096
0.00081343854
0.00081262906
0.00081251606
0.00081178798
0.00081163052
0.00084331818
0.00083451909
0.00082707393
0.00082331869
0.00081948685
0.0008177942
0.00081568801
0.00081490105
0.00081375217
0.0008133372
0.00081272774
0.00081241385
0.00081187289
0.00081155719
0.00084334797
0.00083447982
0.00082710405
0.00082327883
0.00081952941
0.00081772862
0.00081576357
0.00081480813
0.00081384034
0.00081324579
0.00081280318
0.0008123476
0.00081192346
0.00081151501
0.00084337991
0.00083443935
0.00082713467
0.00082323752
0.00081957222
0.00081766668
0.00081582515
0.00081474095
0.00081389023
0.00081320159
0.00081282441
0.00081233232
0.00081193404
0.0008115065
0.00084341364
0.0008343988
0.00082716368
0.00082319951
0.00081960594
0.00081762328
0.0008158542
0.00081471724
0.00081388951
0.00081320712
0.00081280142
0.00081235026
0.00081192077
0.00081151686
0.00084344883
0.00083435906
0.00082718927
0.00082316891
0.00081962369
0.0008176063
0.00081584644
0.00081473301
0.00081385237
0.00081323963
0.00081276048
0.00081237762
0.00081190237
0.00081153129
0.00084348535
0.00083432042
0.00082721061
0.00082314737
0.00081962432
0.00081761255
0.00081581349
0.00081476743
0.00081380498
0.00081327286
0.00081272327
0.00081239873
0.00081189037
0.00081154212
0.00084352336
0.00083428221
0.00082722867
0.00082313278
0.00081961358
0.0008176292
0.00081577567
0.00081479665
0.00081376901
0.00081329082
0.00081269985
0.0008124074
0.00081188874
0.00081154754
0.0008435634
0.00083424258
0.00082724645
0.00082311933
0.00081960207
0.0008176401
0.00081575112
0.00081480562
0.00081375358
0.00081328929
0.00081269155
0.00081240346
0.00081189714
0.00081154912
0.00084360639
0.00083419852
0.00082726856
0.00082309915
0.00081960077
0.00081763323
0.00081574805
0.00081479203
0.00081375648
0.00081327227
0.00081269415
0.00081239062
0.00081191234
0.00081155065
0.00084365349
0.00083414642
0.00082730011
0.00082306497
0.00081961684
0.00081760487
0.00081576417
0.00081476232
0.0008137697
0.00081324729
0.00081270094
0.00081237418
0.00081192976
0.00081155662
0.0008437058
0.0008340829
0.00082734511
0.00082301249
0.00081965167
0.00081755832
0.00081579194
0.00081472498
0.00081378545
0.00081322078
0.0008127068
0.00081235803
0.00081194613
0.00081156973
0.00084376387
0.00083400601
0.00082740503
0.00082294148
0.00081970213
0.0008174994
0.0008158253
0.00081468445
0.00081380097
0.00081319432
0.00081271089
0.00081234236
0.0008119612
0.00081158926
0.00084382723
0.00083391638
0.00082747801
0.00082285565
0.00081976305
0.00081743273
0.00081586221
0.00081464056
0.00081381793
0.00081316558
0.00081271591
0.00081232502
0.00081197659
0.00081161191
0.00084389391
0.00083381794
0.00082755873
0.00082276175
0.00081982858
0.00081736202
0.00081590191
0.00081459285
0.00081383798
0.00081313309
0.00081272379
0.0008123049
0.00081199339
0.00081163458
0.00084396022
0.00083371803
0.00082763912
0.00082266893
0.00081989178
0.00081729284
0.00081594094
0.00081454502
0.00081385864
0.00081309996
0.0008127324
0.00081228444
0.00081201
0.00081165649
0.00084402095
0.00083362658
0.00082770955
0.00082258782
0.00081994451
0.00081723356
0.00081597254
0.00081450443
0.00081387429
0.00081307213
0.00081273797
0.00081226768
0.00081202403
0.00081167838
0.00084407011
0.00083355432
0.0008277609
0.00082252867
0.00081997901
0.00081719283
0.00081599044
0.00081447765
0.00081388094
0.00081305397
0.00081273842
0.00081225739
0.00081203448
0.00081170094
0.00084410209
0.00083351027
0.00082778698
0.00082249839
0.00081999132
0.00081717522
0.00081599287
0.00081446716
0.00081387858
0.00081304657
0.00081273445
0.00081225425
0.00081204209
0.00081172435
0.00084411303
0.00083349936
0.00082778644
0.00082249814
0.00081998321
0.00081717942
0.00081598316
0.00081447101
0.00081387044
0.00081304847
0.00081272852
0.00081225751
0.00081204857
0.00081174843
0.000844102
0.00083352096
0.00082776304
0.00082252349
0.00081996077
0.00081720014
0.00081596697
0.0008144852
0.00081386045
0.00081305741
0.00081272314
0.00081226596
0.00081205559
0.00081177297
0.00084407142
0.00083356924
0.00082772381
0.00082256677
0.00081993095
0.00081723145
0.00081594889
0.00081450614
0.0008138513
0.00081307122
0.00081271996
0.00081227816
0.00081206408
0.00081179757
0.00084402655
0.0008336351
0.00082767629
0.00082262004
0.00081989918
0.00081726812
0.00081593194
0.00081453061
0.00081384432
0.00081308803
0.00081271916
0.0008122931
0.00081207387
0.00081182191
0.00084397434
0.0008337086
0.00082762653
0.0008226769
0.00081986797
0.00081730688
0.00081591643
0.00081455685
0.00081383913
0.00081310627
0.00081272034
0.00081230905
0.00081208443
0.00081184516
0.00084392185
0.000833781
0.00082757845
0.00082273285
0.00081983788
0.0008173456
0.00081590161
0.00081458329
0.00081383432
0.00081312486
0.0008127216
0.0008123253
0.00081209413
0.00081186656
0.00084387486
0.00083384574
0.0008275346
0.00082278447
0.00081980925
0.00081738223
0.00081588693
0.00081460829
0.00081382888
0.00081314248
0.00081272201
0.00081234038
0.00081210203
0.00081188521
0.00084383708
0.00083389864
0.00082749713
0.00082282865
0.00081978339
0.00081741415
0.00081587284
0.00081463028
0.00081382287
0.00081315765
0.00081272124
0.00081235307
0.00081210772
0.00081190035
0.00084380981
0.00083393784
0.00082746785
0.00082286282
0.00081976219
0.00081743942
0.00081586073
0.00081464749
0.00081381718
0.00081316914
0.00081271972
0.00081236251
0.0008121114
0.00081191163
0.00084379231
0.0008339637
0.00082744751
0.00082288634
0.00081974688
0.00081745683
0.00081585199
0.00081465899
0.00081381276
0.00081317641
0.00081271809
0.00081236846
0.00081211362
0.00081191917
0.00084378245
0.00083397853
0.00082743551
0.00082290008
0.00081973779
0.00081746675
0.00081584689
0.00081466516
0.00081381004
0.00081317986
0.00081271677
0.00081237136
0.00081211489
0.00081192359
0.00084377766
0.00083398566
0.00082742979
0.00082290653
0.00081973368
0.00081747112
0.00081584471
0.00081466742
0.00081380866
0.00081318058
0.00081271577
0.0008123721
0.00081211553
0.00081192577
0.00084377571
0.00083398836
0.00082742785
0.00082290867
0.00081973251
0.00081747227
0.00081584424
0.0008146676
0.00081380792
0.00081317981
0.00081271484
0.00081237158
0.00081211564
0.00081192656
0.00084377508
0.00083398902
0.00082742761
0.00082290888
0.00081973259
0.00081747215
0.0008158442
0.00081466692
0.00081380727
0.00081317848
0.00081271376
0.00081237051
0.00081211529
0.00081192657
0.00084377495
0.00083398898
0.00082742786
0.00082290858
0.0008197329
0.00081747173
0.00081584411
0.00081466604
0.00081380646
0.00081317698
0.00081271247
0.00081236919
0.00081211458
0.00081192602
0.00084377495
0.00083398881
0.00082742809
0.0008229084
0.00081973296
0.00081747127
0.00081584381
0.00081466516
0.00081380547
0.00081317548
0.00081271102
0.00081236776
0.00081211357
0.00081192526
0.00084377498
0.00083398868
0.00082742813
0.00082290842
0.00081973277
0.00081747091
0.00081584337
0.00081466433
0.00081380434
0.00081317397
0.00081270944
0.00081236625
0.00081211232
0.00081192425
0.000843775
0.00083398862
0.000827428
0.00082290842
0.00081973255
0.00081747065
0.00081584285
0.00081466351
0.0008138031
0.00081317243
0.00081270775
0.00081236463
0.00081211089
0.00081192304
0.000843775
0.00083398856
0.00082742792
0.00082290827
0.00081973233
0.00081747044
0.00081584229
0.00081466265
0.00081380179
0.00081317083
0.00081270599
0.00081236292
0.00081210931
0.00081192165
0.00084377499
0.00083398851
0.00082742786
0.00082290813
0.00081973205
0.00081747015
0.00081584167
0.00081466173
0.00081380043
0.00081316919
0.00081270418
0.00081236115
0.00081210764
0.00081192014
0.00084377498
0.00083398847
0.0008274278
0.000822908
0.00081973177
0.0008174698
0.000815841
0.00081466074
0.00081379902
0.00081316751
0.00081270234
0.00081235934
0.0008121059
0.00081191854
0.00084377495
0.00083398843
0.00082742773
0.00082290787
0.00081973151
0.00081746936
0.00081584038
0.00081465966
0.00081379758
0.00081316579
0.00081270048
0.00081235748
0.0008121041
0.00081191687
0.00084377491
0.00083398839
0.00082742765
0.00082290773
0.00081973129
0.00081746879
0.00081583973
0.00081465852
0.00081379614
0.00081316402
0.00081269861
0.0008123556
0.00081210224
0.00081191516
0.00084377486
0.00083398836
0.00082742757
0.0008229076
0.00081973107
0.00081746818
0.00081583892
0.00081465726
0.00081379462
0.00081316219
0.00081269674
0.00081235371
0.00081210042
0.00081191341
0.0008437748
0.00083398832
0.00082742754
0.0008229074
0.00081973078
0.00081746753
0.00081583806
0.00081465599
0.00081379308
0.00081316038
0.00081269486
0.00081235182
0.0008120986
0.00081191163
0.00084377474
0.00083398825
0.00082742755
0.00082290711
0.00081973048
0.00081746688
0.00081583718
0.00081465467
0.00081379148
0.00081315853
0.00081269296
0.0008123499
0.00081209675
0.00081190983
0.00084377468
0.00083398818
0.00082742749
0.00082290681
0.00081973015
0.00081746621
0.00081583625
0.00081465332
0.00081378986
0.00081315668
0.00081269105
0.00081234798
0.00081209487
0.00081190801
0.00084377461
0.0008339881
0.00082742737
0.00082290649
0.00081972978
0.0008174655
0.00081583526
0.00081465192
0.00081378821
0.00081315483
0.00081268915
0.00081234608
0.00081209299
0.00081190618
0.00084377454
0.00083398802
0.00082742722
0.00082290615
0.00081972935
0.00081746474
0.00081583421
0.00081465049
0.00081378653
0.00081315297
0.00081268725
0.00081234417
0.00081209113
0.00081190436
0.00084377447
0.00083398793
0.00082742704
0.00082290581
0.00081972888
0.00081746394
0.0008158331
0.00081464902
0.00081378482
0.00081315111
0.00081268536
0.00081234228
0.00081208928
0.00081190254
0.00084377439
0.00083398782
0.00082742685
0.00082290546
0.00081972835
0.0008174631
0.00081583188
0.00081464751
0.00081378309
0.00081314924
0.00081268347
0.00081234041
0.00081208744
0.00081190074
0.0008437743
0.0008339877
0.00082742664
0.00082290512
0.00081972776
0.00081746218
0.00081583059
0.00081464599
0.00081378133
0.00081314744
0.00081268163
0.00081233858
0.00081208565
0.00081189898
0.00084377421
0.00083398755
0.0008274264
0.00082290477
0.00081972706
0.00081746126
0.0008158293
0.00081464446
0.00081377959
0.00081314563
0.00081267979
0.00081233675
0.00081208385
0.00081189721
0.00084377411
0.0008339874
0.00082742613
0.00082290438
0.00081972631
0.00081746028
0.00081582798
0.0008146429
0.00081377785
0.00081314383
0.00081267797
0.00081233495
0.00081208207
0.00081189545
0.000843774
0.00083398723
0.00082742582
0.00082290394
0.00081972552
0.00081745925
0.00081582662
0.00081464132
0.0008137761
0.00081314204
0.00081267616
0.00081233315
0.00081208031
0.00081189371
0.00084377387
0.00083398707
0.00082742545
0.00082290344
0.0008197247
0.00081745817
0.00081582521
0.00081463972
0.00081377435
0.00081314025
0.00081267436
0.00081233138
0.00081207855
0.00081189198
0.00084377373
0.00083398687
0.00082742505
0.00082290289
0.00081972384
0.00081745704
0.00081582377
0.00081463809
0.0008137726
0.00081313846
0.00081267258
0.00081232961
0.00081207681
0.00081189026
0.00084377357
0.00083398665
0.00082742464
0.00082290229
0.00081972293
0.00081745585
0.00081582229
0.00081463644
0.00081377084
0.00081313669
0.0008126708
0.00081232786
0.00081207508
0.00081188855
0.0008437734
0.00083398641
0.0008274242
0.00082290163
0.00081972197
0.00081745461
0.00081582078
0.00081463477
0.00081376909
0.00081313492
0.00081266904
0.00081232612
0.00081207337
0.00081188686
0.0008437732
0.00083398614
0.00082742373
0.00082290092
0.00081972095
0.00081745333
0.00081581925
0.00081463309
0.00081376734
0.00081313316
0.0008126673
0.0008123244
0.00081207166
0.00081188517
0.00084377299
0.00083398584
0.00082742325
0.00082290014
0.00081971988
0.00081745198
0.00081581771
0.0008146314
0.00081376561
0.00081313141
0.00081266556
0.00081232269
0.00081206997
0.0008118835
0.00084377275
0.0008339855
0.00082742273
0.00082289929
0.00081971876
0.00081745057
0.00081581613
0.00081462971
0.00081376388
0.00081312969
0.00081266385
0.000812321
0.0008120683
0.00081188185
0.00084377249
0.00083398514
0.00082742217
0.00082289839
0.00081971759
0.00081744911
0.00081581451
0.00081462799
0.00081376214
0.00081312795
0.00081266213
0.0008123193
0.00081206663
0.00081188019
0.0008437722
0.00083398474
0.00082742156
0.00082289743
0.00081971635
0.0008174476
0.00081581286
0.00081462625
0.00081376039
0.0008131262
0.00081266041
0.00081231761
0.00081206496
0.00081187853
0.0008437719
0.0008339843
0.00082742089
0.00082289641
0.00081971504
0.00081744604
0.00081581117
0.00081462449
0.00081375864
0.00081312446
0.0008126587
0.00081231592
0.00081206328
0.00081187688
0.00084377156
0.00083398383
0.00082742016
0.00082289533
0.00081971367
0.00081744444
0.00081580944
0.00081462271
0.00081375686
0.0008131227
0.00081265696
0.0008123142
0.00081206159
0.0008118752
0.0008437712
0.00083398332
0.00082741937
0.00082289418
0.00081971222
0.00081744277
0.00081580767
0.00081462089
0.00081375505
0.00081312092
0.0008126552
0.00081231248
0.00081205989
0.00081187351
0.0008437708
0.00083398278
0.00082741851
0.00082289296
0.0008197107
0.00081744105
0.00081580584
0.00081461904
0.00081375321
0.0008131191
0.00081265342
0.00081231071
0.00081205815
0.00081187179
0.00084377038
0.00083398219
0.0008274176
0.00082289167
0.00081970911
0.00081743925
0.00081580396
0.00081461714
0.00081375133
0.00081311724
0.00081265159
0.00081230892
0.00081205637
0.00081187003
0.00084376993
0.00083398157
0.00082741662
0.00082289031
0.00081970743
0.00081743739
0.000815802
0.00081461517
0.00081374938
0.00081311533
0.00081264971
0.00081230706
0.00081205454
0.00081186822
0.00084376945
0.0008339809
0.00082741556
0.00082288884
0.00081970561
0.00081743535
0.00081579986
0.00081461301
0.00081374723
0.0008131132
0.0008126476
0.00081230498
0.00081205247
0.00081186617
7.8325435e-06
3.4187379e-05
5.11659e-05
5.2405226e-05
4.9022044e-05
4.6039256e-05
4.6959184e-05
4.867884e-05
5.0787794e-05
5.186325e-05
5.2360347e-05
5.2439415e-05
5.2287601e-05
5.2060441e-05
5.1773124e-05
5.1436455e-05
5.1087969e-05
5.0735982e-05
5.0382188e-05
5.0032815e-05
4.9691045e-05
4.9355184e-05
4.9035787e-05
4.8727145e-05
4.8424473e-05
4.8128148e-05
4.7838505e-05
4.7557765e-05
4.7287884e-05
4.7022926e-05
4.6763621e-05
4.6508368e-05
4.6261432e-05
4.6019683e-05
4.5783291e-05
4.5550296e-05
4.5322259e-05
4.5099715e-05
4.4880374e-05
4.466481e-05
4.4453191e-05
4.4245674e-05
4.4040573e-05
4.3838537e-05
4.3640107e-05
4.3444578e-05
4.3251251e-05
4.306086e-05
4.2873188e-05
4.2687663e-05
4.2504454e-05
4.2323484e-05
4.2144492e-05
4.1967718e-05
4.1792565e-05
4.1619402e-05
4.1448178e-05
4.1278267e-05
4.111027e-05
4.0943774e-05
4.0778798e-05
4.0615349e-05
4.0453091e-05
4.029259e-05
4.0133169e-05
3.9975073e-05
3.9818407e-05
3.9663253e-05
3.950867e-05
3.9355667e-05
3.9204812e-05
3.9054556e-05
3.8905056e-05
3.8759069e-05
3.8617185e-05
3.8477204e-05
3.8340541e-05
3.8215892e-05
3.8110558e-05
3.8023676e-05
3.7950529e-05
3.7890461e-05
3.7850687e-05
3.783805e-05
3.7844893e-05
3.785887e-05
3.7869097e-05
3.7872214e-05
3.7871717e-05
3.7870771e-05
3.7870466e-05
3.7870529e-05
3.7870613e-05
3.7870631e-05
3.7870633e-05
3.7870585e-05
3.6441615e-05
3.3243728e-05
5.579186e-05
7.3649333e-05
0.0001039738
0.00014344229
0.00019231409
0.00023328904
0.00026617124
0.00028870656
0.00030667485
0.00031972166
0.00032941198
0.00033650875
0.00034140805
0.00034457258
0.00034694083
0.00034870006
0.00034989583
0.00035071696
0.00035122249
0.0003514473
0.00035162284
0.00035164492
0.0003514636
0.00035112448
0.00035065889
0.0003501306
0.00034958158
0.00034890842
0.00034815721
0.00034731578
0.00034647742
0.000345582
0.00034465083
0.00034365807
0.00034264691
0.00034162928
0.00034056783
0.00033948763
0.00033839572
0.00033729843
0.00033617001
0.00033503273
0.00033389814
0.00033275506
0.00033159656
0.00033044081
0.00032928474
0.00032812097
0.00032695697
0.00032579286
0.00032462675
0.00032346491
0.00032229848
0.00032113687
0.00031997961
0.00031881766
0.00031766422
0.00031651191
0.00031536236
0.00031421799
0.00031307323
0.0003119384
0.00031080387
0.00030967389
0.00030854945
0.00030743435
0.00030631421
0.00030520283
0.00030410899
0.00030301233
0.00030191178
0.00030083876
0.00029979922
0.00029876409
0.00029773234
0.00029677986
0.00029597398
0.00029530605
0.0002947331
0.00029423305
0.00029386525
0.00029371437
0.00029373813
0.00029383808
0.00029393186
0.00029396548
0.00029396443
0.00029395695
0.00029395354
0.00029395363
0.00029395416
0.00029395421
0.00029395416
0.00029395387
6.5648419e-05
3.4981683e-05
3.8799695e-05
3.6610476e-05
4.6667338e-05
5.9755437e-05
9.2330172e-05
0.00012920181
0.00018484485
0.00024310996
0.00031458667
0.0003748601
0.00041775605
0.00044891996
0.00047359442
0.00049329923
0.00050989403
0.00052331928
0.0005343226
0.00054362632
0.00055144667
0.00055807205
0.0005640548
0.00056909749
0.00057329887
0.0005768501
0.00057983449
0.00058242142
0.0005846802
0.00058641354
0.0005878045
0.00058883295
0.00058970316
0.00059026871
0.00059062702
0.00059072452
0.00059067446
0.00059048978
0.00059010252
0.00058959521
0.00058897346
0.00058825548
0.00058739381
0.00058645248
0.00058545162
0.00058436926
0.00058319994
0.00058198725
0.00058072437
0.00057939954
0.00057803348
0.0005766276
0.00057518126
0.00057371033
0.00057219615
0.0005706642
0.00056911281
0.00056752368
0.00056593046
0.00056431492
0.00056268327
0.00056104329
0.00055938179
0.00055772376
0.00055604953
0.00055436825
0.00055268168
0.00055100273
0.00054929751
0.00054759522
0.0005459189
0.00054422517
0.00054250609
0.00054082727
0.00053920442
0.00053757446
0.00053591581
0.00053436239
0.00053304565
0.00053195124
0.0005309979
0.00053012048
0.00052941507
0.0005290673
0.00052907768
0.00052922739
0.00052940741
0.00052947922
0.0005294807
0.00052946794
0.00052946035
0.00052946024
0.00052946121
0.00052946141
0.00052946126
0.00052946075
0.00071646511
0.00021774003
8.4573803e-05
6.2362362e-05
5.4796464e-05
4.4937125e-05
4.3343277e-05
4.9406775e-05
6.8149963e-05
0.00010094633
0.00015213593
0.00022784433
0.00031198518
0.00037844969
0.00043931337
0.00049598022
0.00054432862
0.00057960376
0.00060942491
0.00063518607
0.00065799196
0.000677966
0.00069625642
0.0007122209
0.00072625027
0.00073872427
0.0007498059
0.00075986308
0.00076899979
0.000776901
0.00078396547
0.00079013842
0.00079579028
0.00080067314
0.00080501884
0.00080870817
0.00081196577
0.00081480983
0.0008171438
0.00081914078
0.0008207901
0.00082214286
0.00082312474
0.00082386369
0.00082439132
0.00082467657
0.00082471956
0.00082460172
0.0008243157
0.0008238458
0.00082323285
0.00082248374
0.00082160202
0.00082061936
0.00081950378
0.00081830778
0.00081702883
0.00081563586
0.00081419561
0.00081267408
0.00081108627
0.00080944894
0.00080773788
0.00080600294
0.00080420829
0.00080237209
0.00080049901
0.0007986158
0.00079665772
0.00079468131
0.00079273133
0.00079072541
0.00078864818
0.00078662031
0.00078466603
0.00078266375
0.0007805615
0.00077857408
0.00077690458
0.0007755112
0.00077425454
0.00077300552
0.00077191573
0.00077132218
0.00077128943
0.00077147213
0.00077174637
0.00077186195
0.0007718688
0.00077185157
0.00077183948
0.00077183895
0.00077184026
0.00077184059
0.00077184029
0.00077183961
0.00079926747
0.00072365933
0.00055302956
0.00033631627
0.00018260163
0.00012524312
9.0070884e-05
6.8704097e-05
5.5861043e-05
5.2327027e-05
6.0960828e-05
8.4663803e-05
0.00013887306
0.00020982842
0.0002954454
0.00036398214
0.00043322033
0.00049996265
0.00056242382
0.0006179384
0.0006692191
0.00071546282
0.00075808685
0.000790322
0.0008192551
0.0008455025
0.0008693756
0.00089130118
0.00091141529
0.0009293714
0.00094575196
0.00096048952
0.00097417251
0.00098641364
0.00099762694
0.0010075825
0.0010166846
0.0010249349
0.0010322197
0.0010388349
0.0010447263
0.0010500049
0.0010545657
0.0010586253
0.0010622201
0.0010653131
0.0010679192
0.0010701671
0.0010720518
0.0010735547
0.0010747435
0.001075636
0.001076243
0.0010766163
0.0010767096
0.0010766137
0.0010763233
0.001075794
0.0010751379
0.0010742996
0.0010733081
0.0010721933
0.0010709168
0.0010695624
0.0010680747
0.0010664832
0.0010647979
0.0010630661
0.0010611805
0.0010592353
0.0010573064
0.0010552582
0.0010530647
0.001050923
0.0010488681
0.0010466964
0.0010443148
0.0010420428
0.0010401694
0.0010386026
0.00103712
0.0010355047
0.0010339788
0.0010330856
0.0010329848
0.0010331939
0.0010335731
0.0010337408
0.0010337557
0.001033734
0.0010337168
0.0010337157
0.0010337173
0.0010337179
0.0010337174
0.0010337166
0.00080987621
0.00079758954
0.00075763013
0.00065745583
0.0004904668
0.00039057552
0.00027660116
0.00020586258
0.00015239805
0.00011382709
8.5375723e-05
7.0858821e-05
6.7834529e-05
8.3646552e-05
0.0001288012
0.00019481111
0.0002840684
0.00035167585
0.00042232041
0.00049486687
0.00056663487
0.00063397101
0.00069959076
0.00076064855
0.0008166794
0.00086808279
0.00091568075
0.00095965908
0.00099739745
0.0010292564
0.0010587213
0.0010856688
0.0011109668
0.0011338901
0.0011550572
0.001174312
0.0011921385
0.0012085133
0.0012233217
0.0012370088
0.0012494492
0.0012608442
0.0012710458
0.0012803893
0.001288903
0.001296546
0.0013033588
0.0013095277
0.0013150523
0.0013199082
0.0013242002
0.0013279629
0.0013312165
0.0013340364
0.0013363622
0.001338336
0.0013399449
0.001341133
0.0013420709
0.0013426748
0.0013429936
0.0013430759
0.0013428653
0.0013424886
0.0013418693
0.0013410493
0.001340047
0.0013389382
0.0013375608
0.0013360564
0.0013345437
0.0013328191
0.001330842
0.0013289086
0.0013270678
0.0013250098
0.0013225894
0.0013202569
0.001318402
0.0013168542
0.0013152782
0.0013133438
0.0013113566
0.0013101238
0.001309929
0.0013101615
0.001310651
0.001310878
0.0013109033
0.0013108774
0.0013108547
0.0013108528
0.0013108548
0.0013108556
0.0013108549
0.0013108539
0.00081183282
0.00080896667
0.00080164562
0.00078048676
0.0007223813
0.00066249433
0.00055755545
0.00047436963
0.00038128686
0.00032130549
0.00023739129
0.00018435899
0.00013101387
0.00010020558
8.2719052e-05
8.9051261e-05
0.00012125233
0.00018447373
0.0002670398
0.00034570446
0.00041527679
0.00048913562
0.00056742279
0.000644201
0.00071930788
0.00079219167
0.00086165658
0.00092731728
0.00098921354
0.0010464156
0.001099486
0.0011485486
0.0011948233
0.0012329098
0.0012672641
0.0012989655
0.001328618
0.0013560729
0.0013812329
0.0014046071
0.0014262245
0.0014461998
0.0014643745
0.0014812451
0.0014968059
0.0015110108
0.00152394
0.0015358505
0.0015467416
0.0015565781
0.0015655165
0.0015736139
0.0015808988
0.0015874732
0.0015932654
0.0015984815
0.0016030934
0.0016070381
0.0016105581
0.001613533
0.0016160383
0.0016181476
0.0016197826
0.0016211212
0.0016220667
0.0016226733
0.0016229705
0.0016230728
0.0016227503
0.0016222014
0.0016216
0.001620661
0.0016193233
0.0016180065
0.0016167778
0.0016151959
0.0016130528
0.0016109565
0.0016094151
0.0016081461
0.0016066672
0.001604506
0.0016020598
0.0016004605
0.0016001505
0.0016004017
0.0016010045
0.001601297
0.0016013353
0.0016013057
0.0016012771
0.0016012742
0.0016012766
0.0016012776
0.0016012768
0.0016012757
0.00081121706
0.00081122242
0.00080917387
0.00080494365
0.00079333308
0.00077422431
0.00073252201
0.00069297916
0.00062075955
0.00057127975
0.00048062451
0.00041998699
0.00033531967
0.00026071843
0.00018329296
0.00013463721
0.00010405802
9.8225194e-05
0.0001190822
0.0001741791
0.00025215004
0.00034969867
0.00041645786
0.00049071239
0.00057173168
0.00065453179
0.00073631568
0.00081860243
0.0008994485
0.00097747914
0.0010522198
0.001122952
0.0011902679
0.0012526844
0.0013108931
0.0013648184
0.0014155605
0.0014593829
0.0014977832
0.0015336935
0.0015672781
0.0015984846
0.0016272042
0.0016540461
0.0016789882
0.0017020321
0.0017232275
0.0017429495
0.0017611762
0.0017778558
0.0017932212
0.0018073508
0.0018202766
0.0018321324
0.0018428382
0.001852677
0.0018615941
0.0018695263
0.001876803
0.0018832557
0.0018889936
0.0018941238
0.001898541
0.0019024818
0.0019058324
0.001908657
0.0019109999
0.0019130266
0.0019144244
0.0019154578
0.001916371
0.0019167829
0.0019166046
0.0019164048
0.0019162756
0.0019156177
0.0019141483
0.0019126617
0.001911806
0.001911149
0.0019100221
0.0019077779
0.0019049056
0.0019029275
0.0019024863
0.0019027508
0.001903468
0.001903832
0.0019038859
0.0019038532
0.0019038185
0.0019038144
0.001903817
0.0019038183
0.0019038173
0.001903816
0.00081106462
0.00081118326
0.00081016253
0.00080981453
0.0008066142
0.00080207813
0.00079180862
0.00077804507
0.00074832896
0.00072323427
0.00067626993
0.00062987922
0.00057553077
0.00049313501
0.00042538838
0.0003282229
0.00024071196
0.00017321316
0.00012999733
0.00011146461
0.00012165122
0.00016812756
0.00024209946
0.00033823077
0.00042473676
0.00049877628
0.00058031462
0.00066819024
0.0007562167
0.00084636799
0.00093674566
0.0010250521
0.0011113032
0.0011945449
0.0012743951
0.0013498842
0.001421712
0.0014888971
0.0015512857
0.0016095813
0.0016644276
0.0017105462
0.0017524666
0.0017919225
0.0018287907
0.0018631047
0.0018949381
0.0019247722
0.0019524499
0.0019780947
0.0020018958
0.0020239801
0.0020443768
0.0020632597
0.0020805418
0.0020965957
0.0021113244
0.002124674
0.0021370772
0.0021483012
0.0021584983
0.0021678184
0.0021761221
0.0021837123
0.0021904633
0.0021964458
0.0022017216
0.0022065218
0.0022104356
0.002213801
0.0022169497
0.0022193915
0.0022209997
0.0022225185
0.0022240747
0.0022248827
0.0022245722
0.0022241525
0.0022244396
0.0022248088
0.0022243616
0.0022222377
0.0022190086
0.0022166563
0.0022160733
0.0022163474
0.0022171773
0.0022176189
0.0022176909
0.0022176559
0.0022176149
0.0022176094
0.0022176122
0.0022176138
0.0022176125
0.0022176111
0.00081107778
0.00081109034
0.00081019788
0.00081018126
0.00080896284
0.00080829513
0.00080523807
0.00080113132
0.00079364915
0.00078288713
0.00076716062
0.00074119544
0.0007179581
0.00067273013
0.00063491795
0.00055986005
0.00049161405
0.00038779876
0.00029490177
0.00021426647
0.0001601821
0.00012865525
0.00012896875
0.00016373129
0.0002345795
0.00032909167
0.0004408028
0.00051433343
0.00059676056
0.00068747376
0.00078127817
0.00087698481
0.00097571854
0.0010734983
0.0011707756
0.0012655013
0.0013573551
0.0014456261
0.0015300308
0.0016099909
0.0016858328
0.0017566716
0.0018223848
0.0018842836
0.0019396574
0.0019877678
0.0020327452
0.0020751597
0.0021146335
0.0021515205
0.0021860084
0.0022181241
0.0022480261
0.0022759125
0.0023016454
0.002325719
0.0023479715
0.0023683726
0.0023874749
0.0024049583
0.0024210305
0.0024358949
0.0024493683
0.0024618271
0.0024731414
0.0024833818
0.0024926308
0.0025012022
0.0025085702
0.0025151523
0.0025213876
0.002526664
0.0025308042
0.0025347555
0.0025386923
0.0025416126
0.0025430447
0.0025442415
0.0025462221
0.0025481226
0.0025487651
0.0025470342
0.0025435596
0.0025408583
0.0025401303
0.0025404124
0.0025413501
0.0025418761
0.002541969
0.0025419324
0.0025418852
0.0025418781
0.0025418809
0.0025418828
0.0025418812
0.0025418797
0.0008111556
0.00081095465
0.000810305
0.00080999318
0.0008093494
0.00080886775
0.00080808518
0.00080674167
0.00080483345
0.00080088488
0.00079610065
0.00078714054
0.0007775017
0.00075860719
0.00074148876
0.00070746563
0.00067511713
0.00060726672
0.00054216808
0.00044306364
0.00034574597
0.00025725361
0.00019125301
0.00014964951
0.00013922611
0.00016186008
0.00023151714
0.00032556751
0.00044155774
0.00053567684
0.00061988557
0.00071246551
0.00081198139
0.00091217547
0.0010188352
0.0011259071
0.0012333037
0.0013392399
0.0014430665
0.0015433749
0.001639863
0.0017326634
0.0018206663
0.0019043189
0.0019828642
0.0020562099
0.0021247038
0.0021879404
0.002241646
0.0022922029
0.002339763
0.0023841967
0.0024258303
0.0024648881
0.0025011476
0.0025352068
0.0025669236
0.0025962136
0.0026237936
0.0026492226
0.0026727824
0.0026947398
0.002714854
0.002733583
0.0027508022
0.0027665733
0.0027810011
0.0027945032
0.0028064187
0.00281725
0.002827566
0.0028366198
0.0028441688
0.0028513904
0.0028585248
0.00286432
0.0028681885
0.0028716531
0.0028759819
0.0028800205
0.002882256
0.0028812712
0.0028777118
0.0028747109
0.002873844
0.0028741347
0.0028751742
0.0028757914
0.0028759079
0.0028758705
0.0028758172
0.0028758082
0.0028758109
0.0028758131
0.0028758112
0.0028758095
0.000811235
0.00081082899
0.00081040164
0.00080984432
0.00080945946
0.00080878588
0.00080847921
0.00080756293
0.00080711967
0.0008055178
0.00080423323
0.00080111508
0.00079728053
0.00079117733
0.00078395849
0.00077090696
0.00075740682
0.00073078634
0.00070259324
0.00065036914
0.00057599442
0.00049822246
0.00039271967
0.00029997214
0.00022339772
0.00017411244
0.00015210381
0.00016696653
0.00022962365
0.000325091
0.00044475279
0.00056349007
0.00064995071
0.00074459491
0.00084887714
0.00095513186
0.0010683818
0.0011840418
0.0013012218
0.0014179712
0.0015328783
0.0016453835
0.0017543368
0.0018592225
0.001959601
0.002055787
0.0021466723
0.002232905
0.0023129302
0.0023881047
0.002457249
0.002516388
0.0025721314
0.0026246796
0.0026737038
0.0027199426
0.0027632279
0.0028034707
0.0028414694
0.0028767118
0.0029095925
0.0029403904
0.0029688104
0.0029954024
0.0030200563
0.003042814
0.0030638029
0.003083569
0.0031012934
0.0031175673
0.0031331138
0.0031470398
0.0031590188
0.0031704851
0.003181769
0.0031913302
0.0031984509
0.0032049476
0.0032123938
0.0032192909
0.0032237274
0.0032239344
0.0032205093
0.0032172869
0.0032162989
0.0032165992
0.0032177385
0.0032184515
0.0032185945
0.0032185573
0.003218498
0.0032184869
0.0032184895
0.0032184919
0.0032184897
0.0032184878
0.00081127099
0.00081076582
0.00081042731
0.00080979069
0.000809464
0.00080875717
0.00080846809
0.00080767333
0.00080735405
0.00080640004
0.00080586852
0.0008045318
0.00080335339
0.00080086556
0.00079836188
0.00079348513
0.00078786729
0.00077917956
0.00076742533
0.00074998954
0.00071959465
0.00068122484
0.00060995969
0.00054292469
0.00043782726
0.00034243775
0.00025934124
0.00019922806
0.00016778624
0.00017523588
0.00023024328
0.00032926426
0.00045293279
0.00059193106
0.00068685005
0.00078476669
0.00089289965
0.0010052435
0.0011246867
0.0012490199
0.0013750147
0.0015026065
0.0016292095
0.0017535909
0.0018747624
0.0019924394
0.0021052339
0.0022136277
0.0023170825
0.0024154263
0.0025083662
0.0025948806
0.0026761554
0.0027495618
0.0028137067
0.0028744769
0.0029315936
0.0029849973
0.0030355804
0.003082702
0.0031269409
0.0031684939
0.0032070572
0.0032433244
0.0032771375
0.0033085293
0.0033376471
0.0033651957
0.0033901698
0.0034132521
0.0034353481
0.0034554056
0.0034729939
0.0034898287
0.0035063628
0.0035207226
0.0035320472
0.0035424637
0.0035539233
0.0035645258
0.003571888
0.0035738389
0.0035708344
0.0035675028
0.0035664265
0.0035667384
0.0035679801
0.0035687917
0.0035689639
0.0035689277
0.0035688627
0.0035688494
0.0035688517
0.0035688544
0.0035688517
0.0035688497
0.00081126472
0.00081075352
0.00081040403
0.00080979118
0.00080941976
0.00080877485
0.00080840075
0.00080771527
0.00080729697
0.00080655036
0.00080605562
0.00080521065
0.00080454636
0.00080342189
0.0008022582
0.00080054745
0.00079811372
0.00079516623
0.00079011883
0.00078388486
0.00077428022
0.0007604518
0.00073399324
0.0007041387
0.00064131713
0.00057975735
0.00048109442
0.00037998175
0.00029515222
0.00022441898
0.00018537962
0.00018561327
0.0002348832
0.00033763841
0.00046731272
0.0006140015
0.00072922315
0.00083163666
0.00094400255
0.0010631559
0.0011876396
0.0013210549
0.0014565081
0.0015949668
0.0017331649
0.0018699731
0.0020037085
0.0021337825
0.0022595404
0.0023805063
0.0024962422
0.0026070154
0.002712094
0.0028112757
0.0029035314
0.0029907218
0.0030664356
0.0031353471
0.0032008417
0.0032620707
0.0033198617
0.0033742952
0.0034250497
0.0034730067
0.003517858
0.0035597238
0.0035987447
0.0036357881
0.003669641
0.0037010813
0.0037312262
0.0037588518
0.0037833998
0.0038068887
0.0038299367
0.0038502824
0.0038669118
0.0038822712
0.0038987787
0.0039140738
0.0039252154
0.003929583
0.0039273641
0.0039240757
0.0039229619
0.0039232909
0.00392464
0.0039255524
0.0039257566
0.0039257224
0.0039256521
0.0039256362
0.0039256382
0.003925641
0.003925638
0.0039256357
0.00081123665
0.00081076531
0.00081036293
0.00080981133
0.00080936764
0.00080880209
0.00080833616
0.00080774858
0.00080722409
0.0008065985
0.00080600256
0.00080535084
0.00080465834
0.00080396512
0.00080307441
0.00080225032
0.00080096182
0.00079969951
0.00079768973
0.00079520946
0.0007916965
0.00078633144
0.00077815961
0.00076725632
0.00074605931
0.00072105392
0.00066815512
0.00060792469
0.00051928339
0.00041291983
0.0003289303
0.00024926744
0.00020375824
0.00019762725
0.00024474018
0.00034894203
0.00048655979
0.00064206969
0.00077807058
0.00088599973
0.0010027326
0.0011289342
0.0012592427
0.0014017593
0.0015468668
0.0016965351
0.0018467316
0.0019959345
0.0021427051
0.0022857304
0.0024241955
0.0025581053
0.0026864343
0.002809552
0.0029268372
0.003038509
0.0031429952
0.003240612
0.0033316655
0.0034093494
0.0034830433
0.0035526428
0.0036178123
0.0036796324
0.003737625
0.0037920033
0.0038428989
0.0038913537
0.0039358413
0.0039774225
0.0040173061
0.0040541241
0.0040871655
0.0041187676
0.0041497699
0.0041774564
0.0042006553
0.0042221272
0.0042448681
0.0042659978
0.0042819136
0.0042895069
0.0042885293
0.0042854825
0.0042844038
0.0042847601
0.004286225
0.00428724
0.0042874788
0.0042874476
0.0042873726
0.0042873538
0.0042873553
0.0042873583
0.0042873549
0.0042873523
0.00081120705
0.00081077897
0.00081032527
0.00080982824
0.00080932502
0.0008088206
0.00080828759
0.00080776751
0.00080717162
0.00080661881
0.00080595043
0.00080537811
0.00080463308
0.0008040419
0.00080320164
0.00080256199
0.00080158984
0.00080080536
0.00079959818
0.00079847175
0.00079670866
0.00079486262
0.00079165674
0.00078774927
0.00078059523
0.00077168692
0.00075561602
0.00073321154
0.00069097365
0.00062747142
0.0005512567
0.00044421467
0.00035859878
0.0002740333
0.00022157909
0.00021113654
0.00025730579
0.00036460505
0.00051210215
0.00067722311
0.00083495864
0.00094847411
0.0010701425
0.0012034912
0.0013402714
0.0014921499
0.0016475766
0.0018086921
0.0019712965
0.0021332943
0.002293216
0.0024495276
0.0026011959
0.002747976
0.0028892758
0.0030248563
0.003154827
0.0032783401
0.0033958301
0.0035048215
0.0036078515
0.0036980269
0.0037799837
0.0038580022
0.0039314102
0.0040005262
0.0040654349
0.0041274073
0.0041845577
0.0042381911
0.0042897357
0.004337524
0.0043808064
0.0044221643
0.0044627509
0.0044993128
0.0045305232
0.0045594354
0.0045897574
0.0046180339
0.0046398719
0.004651651
0.0046524746
0.0046499207
0.0046489755
0.0046493769
0.0046509683
0.0046520879
0.0046523641
0.0046523367
0.0046522576
0.0046522358
0.0046522366
0.0046522396
0.004652236
0.0046522329
0.00081118594
0.00081078556
0.00081029955
0.00080983517
0.00080929801
0.00080882603
0.00080825818
0.00080777025
0.00080714171
0.00080661954
0.00080592233
0.00080537579
0.00080461003
0.00080404129
0.00080319899
0.00080260528
0.00080166963
0.00080104298
0.00079996332
0.00079928319
0.00079793103
0.00079712651
0.00079522765
0.00079402317
0.00079081363
0.0007882793
0.00078201947
0.00077425254
0.00076200245
0.00074173371
0.00070647993
0.00064657532
0.00057642113
0.00047374159
0.00038430462
0.00029678911
0.00023882091
0.00022556542
0.0002730675
0.00038529776
0.0005450539
0.0007207523
0.00089930381
0.0010191423
0.001146513
0.0012872987
0.0014318892
0.0015933712
0.0017595784
0.0019325442
0.0021079548
0.0022831807
0.0024566971
0.0026266033
0.0027919371
0.0029518798
0.0031064875
0.0032549214
0.003397472
0.0035335341
0.0036632405
0.0037848043
0.0038982951
0.0040025477
0.0040937848
0.0041800306
0.004261256
0.0043390385
0.0044110541
0.004478874
0.0045441631
0.0046049953
0.0046603435
0.0047133403
0.0047653516
0.0048124949
0.0048533574
0.0048912064
0.0049306309
0.0049675515
0.0049966234
0.0050137146
0.0050170187
0.0050152689
0.0050145847
0.0050150619
0.0050167893
0.0050180173
0.0050183335
0.0050183109
0.0050182288
0.0050182033
0.0050182034
0.0050182063
0.0050182024
0.0050181988
0.00081117657
0.00081078382
0.00081028767
0.00080983218
0.00080928694
0.00080881987
0.00080824668
0.00080775964
0.00080713146
0.00080660537
0.00080591526
0.00080535738
0.00080460672
0.00080401826
0.00080320107
0.00080258183
0.00080168987
0.00080104005
0.00080005865
0.00079937087
0.0007982748
0.00079751176
0.00079625969
0.00079530008
0.00079379944
0.00079224334
0.00079024361
0.00078698464
0.00078314265
0.00077568369
0.0007654262
0.00074767076
0.00071715186
0.00066365802
0.00059757347
0.00049906572
0.00040642955
0.00031749813
0.00025498819
0.0002408383
0.00029217864
0.00041239556
0.00058589724
0.00077344017
0.00097127149
0.0010981714
0.0012324026
0.0013809634
0.001534181
0.0017059644
0.0018835394
0.0020690274
0.0022578596
0.0024470081
0.002634673
0.0028185806
0.0029980082
0.0031716889
0.0033396137
0.0035013207
0.0036566991
0.0038058194
0.003947331
0.0040817332
0.0042070834
0.0043248727
0.0044248488
0.0045209008
0.0046101553
0.004694481
0.0047757875
0.0048518906
0.0049214235
0.0049880929
0.005053582
0.0051133055
0.0051654569
0.0052140208
0.0052642511
0.0053115138
0.0053493048
0.0053730132
0.0053796142
0.0053790453
0.0053787807
0.0053793901
0.0053812509
0.0053825968
0.0053829558
0.0053829385
0.005382855
0.0053828254
0.0053828245
0.0053828272
0.0053828229
0.0053828188
0.00081117815
0.00081077627
0.00081028805
0.00080982259
0.00080928942
0.00080880621
0.00080825003
0.00080774028
0.00080713747
0.00080658087
0.00080592631
0.00080532644
0.00080462449
0.00080397834
0.00080322848
0.00080252917
0.00080173341
0.00080097077
0.00080013568
0.00079928991
0.00079842933
0.00079746199
0.00079659934
0.00079543686
0.00079459898
0.000793098
0.00079225285
0.00079015474
0.00078896869
0.00078559307
0.00078301053
0.0007760896
0.00076709504
0.00075164722
0.0007251888
0.00067810952
0.00061409284
0.00052049104
0.00042531456
0.00033558785
0.00027002587
0.0002569176
0.00031520632
0.00044677892
0.0006353524
0.00083605658
0.0010486685
0.0011856121
0.0013278435
0.0014850485
0.0016475756
0.0018306408
0.0020207352
0.002219696
0.0024226179
0.0026262608
0.0028286605
0.0030271018
0.0032209674
0.0034087451
0.0035903781
0.003766026
0.0039342309
0.004096155
0.004251012
0.0043979467
0.004534559
0.004664998
0.0047762546
0.0048795702
0.00497934
0.0050731317
0.005159164
0.0052417346
0.0053229372
0.0053974685
0.0054627772
0.0055239928
0.0055869232
0.0056464604
0.0056945967
0.0057264355
0.0057373065
0.0057383668
0.0057387191
0.0057395365
0.0057415242
0.005743001
0.0057434056
0.0057433947
0.0057433112
0.0057432769
0.0057432749
0.0057432772
0.0057432725
0.0057432679
0.00081118726
0.00081076837
0.00081029629
0.00080981291
0.00080929987
0.00080879288
0.00080826118
0.00080772177
0.00080715071
0.00080655805
0.00080594353
0.00080529875
0.00080464651
0.00080394467
0.00080325627
0.00080248849
0.00080176813
0.00080092273
0.00080017763
0.0007992387
0.00079847967
0.00079742637
0.00079666531
0.00079547209
0.00079471442
0.00079335476
0.00079257428
0.00079101643
0.00079010525
0.00078824184
0.00078686529
0.00078433725
0.00078132781
0.00077619834
0.00076781609
0.00075418959
0.00073084896
0.00068950314
0.00062711993
0.00053747319
0.00044127745
0.00035059214
0.00028383525
0.00027409931
0.00034290578
0.0004895095
0.00069401299
0.00090901365
0.0011362397
0.001282503
0.0014335807
0.0016002696
0.0017738338
0.0019690072
0.0021725245
0.0023857624
0.0026035975
0.002822315
0.0030401023
0.0032536237
0.0034621907
0.0036650741
0.0038605497
0.0040497845
0.0042324541
0.0044069462
0.0045744061
0.0047354606
0.0048838154
0.0050233906
0.0051491039
0.0052631723
0.0053681988
0.0054690836
0.0055684325
0.005660142
0.0057408837
0.0058166833
0.0058944573
0.0059685367
0.0060286864
0.0060703431
0.0060866948
0.0060899064
0.0060911188
0.0060922348
0.0060943497
0.0060959688
0.0060964217
0.0060964184
0.0060963363
0.0060962972
0.0060962938
0.0060962955
0.0060962904
0.0060962852
0.00081119965
0.00081076648
0.00081030733
0.00080981062
0.00080931219
0.00080878878
0.00080827274
0.00080771495
0.00080716209
0.00080655016
0.00080595568
0.00080529062
0.00080465883
0.00080393714
0.00080326764
0.0008024833
0.00080177588
0.00080092333
0.00080017729
0.00079925133
0.00079846435
0.00079746249
0.00079662839
0.00079555244
0.00079465615
0.00079351583
0.00079252621
0.00079133989
0.00079020067
0.00078898188
0.00078757954
0.0007862872
0.00078436878
0.00078263374
0.00077930939
0.00077561511
0.00076766459
0.00075546543
0.00073457786
0.00069727114
0.00063742263
0.00055029686
0.00045413749
0.00036239216
0.00029664402
0.00029293265
0.00037666456
0.0005409637
0.00076339733
0.00099348971
0.0012366314
0.001389902
0.001550817
0.0017276382
0.0019136944
0.0021218742
0.0023400614
0.0025683238
0.0028020814
0.0030367721
0.0032701617
0.0035000879
0.0037235838
0.0039412737
0.0041524143
0.0043549853
0.0045510848
0.0047410449
0.0049210619
0.0050924931
0.0052560936
0.0054092065
0.0055426967
0.0056644718
0.0057845808
0.0058960425
0.0059946317
0.0060872477
0.0061821676
0.0062732205
0.0063474338
0.0064005471
0.0064238955
0.0064298523
0.0064322183
0.0064337405
0.0064359913
0.0064377616
0.0064382651
0.0064382709
0.0064381918
0.0064381477
0.0064381428
0.0064381435
0.006438138
0.0064381322
0.00081121416
0.00081077444
0.00081032054
0.0008098202
0.00080932654
0.00080879903
0.00080828588
0.00080772548
0.00080717424
0.0008065631
0.0008059676
0.00080530742
0.00080466968
0.00080395923
0.00080327625
0.00080251293
0.00080178081
0.00080096335
0.00080017662
0.00079930505
0.00079845583
0.00079753271
0.00079661028
0.00079564221
0.00079463066
0.00079362876
0.00079250615
0.00079148472
0.00079022374
0.00078919531
0.00078776181
0.00078672211
0.00078506309
0.00078395045
0.00078189225
0.00078039122
0.00077729498
0.00077405754
0.00076709737
0.00075571599
0.00073664899
0.00070198419
0.00064507986
0.00055948384
0.00046366511
0.00037128898
0.00030881413
0.00031428726
0.00041803845
0.00060246995
0.00084495416
0.001091052
0.0013447411
0.0015080171
0.0016800198
0.0018676841
0.0020681308
0.0022901342
0.002524547
0.0027690746
0.0030191268
0.0032714288
0.0035208278
0.0037669683
0.0040075187
0.0042397379
0.0044651675
0.0046845858
0.0048943824
0.0050956927
0.0052919795
0.0054789514
0.0056504784
0.0058132571
0.0059654096
0.0060993804
0.006218424
0.0063302816
0.0064448029
0.0065554155
0.006646255
0.0067122878
0.0067444754
0.0067538682
0.0067577358
0.0067597982
0.0067621929
0.0067641237
0.0067646787
0.0067646958
0.0067646212
0.0067645723
0.0067645656
0.0067645649
0.0067645589
0.0067645527
0.00081123493
0.00081079304
0.00081034358
0.00080984422
0.00080935446
0.00080882777
0.00080831658
0.0008077585
0.0008072083
0.00080660251
0.00080600644
0.00080535434
0.00080471322
0.00080401462
0.0008033245
0.00080257751
0.00080183398
0.00080103761
0.00080023537
0.00079938895
0.00079852166
0.00079762532
0.00079668594
0.00079574039
0.00079472148
0.00079372711
0.00079262199
0.00079157751
0.00079038196
0.00078928269
0.00078799477
0.00078682912
0.00078544721
0.0007841853
0.00078270315
0.00078125477
0.00077959885
0.0007776588
0.0007753919
0.00077168762
0.00076631192
0.00075526087
0.00073737694
0.00070483338
0.00064996393
0.00056587493
0.00046950535
0.00037784058
0.00032113251
0.00033937146
0.00046870918
0.00067625499
0.00093915914
0.0012026223
0.0014633103
0.0016374821
0.0018221734
0.0020213661
0.0022383856
0.0024754943
0.0027269369
0.0029896381
0.0032567727
0.0035266368
0.0037945511
0.0040566671
0.0043127249
0.0045633605
0.0048039111
0.0050356539
0.0052629576
0.0054814883
0.0056862494
0.0058839882
0.0060769731
0.0062551848
0.0064061599
0.0065398428
0.006676585
0.0068095315
0.0069198346
0.0070004134
0.0070433817
0.0070570588
0.0070628353
0.0070656014
0.0070681444
0.0070702462
0.0070708506
0.0070708824
0.0070708134
0.0070707605
0.0070707517
0.007070749
0.0070707427
0.0070707359
0.00081126821
0.00081082338
0.0008103898
0.00080988917
0.00080941651
0.0008088866
0.00080839289
0.00080783062
0.00080729995
0.00080668971
0.00080611531
0.00080545719
0.00080484018
0.0008041329
0.00080347072
0.00080271091
0.00080200104
0.00080118542
0.00080042539
0.00079954995
0.00079873748
0.00079779766
0.00079693133
0.00079592134
0.00079500103
0.00079391326
0.00079294086
0.00079176569
0.00079074604
0.00078947059
0.00078841169
0.00078701675
0.00078593384
0.00078439083
0.00078330434
0.00078157083
0.00078049539
0.0007784915
0.00077738379
0.00077487741
0.00077332685
0.00076929903
0.00076507962
0.00075429647
0.00073710564
0.00070633255
0.0006524149
0.00057008002
0.00047199969
0.00038251848
0.00033476211
0.00036978537
0.00053069242
0.00076357927
0.0010471313
0.0013301976
0.001594179
0.0017795775
0.0019785014
0.0021902706
0.0024252912
0.0026794432
0.0029493576
0.0032302872
0.0035173422
0.0038048697
0.0040899716
0.0043723171
0.0046452248
0.0049092951
0.0051687909
0.0054194758
0.0056560984
0.0058859802
0.0061143726
0.0063301749
0.0065218157
0.0066997654
0.0068712081
0.0070294282
0.0071622613
0.007259236
0.0073149569
0.007333945
0.0073420992
0.0073457659
0.0073484511
0.0073507399
0.0073513848
0.007351435
0.0073513733
0.0073513178
0.0073513064
0.007351301
0.0073512944
0.0073512872
0.00081131632
0.00081086805
0.00081046819
0.00080996422
0.00080952859
0.00080899167
0.00080853776
0.00080796521
0.00080747931
0.00080685563
0.00080633163
0.00080565509
0.00080509497
0.00080436288
0.0008037655
0.00080297292
0.00080233745
0.00080147913
0.00080080527
0.00079987465
0.00079916281
0.00079815216
0.00079740381
0.00079630438
0.00079552218
0.00079432346
0.00079351183
0.00079220126
0.00079136687
0.00078992976
0.00078908209
0.00078750073
0.00078665234
0.00078490623
0.00078407325
0.00078213729
0.00078133796
0.00077918079
0.00077842012
0.00077599629
0.00077523198
0.00077235479
0.00077125789
0.00076705248
0.00076359242
0.00075307418
0.0007361274
0.00070686188
0.00065310261
0.00057219268
0.00047182457
0.00038584483
0.00035102571
0.00040751647
0.00060543701
0.00086756048
0.001170736
0.0014745186
0.0017382311
0.0019358025
0.0021498115
0.0023759853
0.0026310771
0.0029023031
0.0031935844
0.0034940798
0.0038001783
0.0041098824
0.004413912
0.0047109697
0.0050045317
0.0052895359
0.0055594195
0.0058218627
0.0060839765
0.0063342691
0.0065614667
0.006776573
0.0069929723
0.0072002602
0.0073670254
0.0074825646
0.0075529018
0.0075784533
0.0075895123
0.007594314
0.0075971156
0.0075996182
0.0076002822
0.0076003539
0.0076003032
0.0076002472
0.0076002326
0.0076002237
0.0076002168
0.007600209
0.00081137393
0.00081092765
0.00081057334
0.00081007162
0.00080968556
0.00080914764
0.00080874656
0.00080817018
0.00080774242
0.00080711233
0.00080665223
0.00080596544
0.00080547522
0.0008047282
0.00080420744
0.00080339434
0.00080284307
0.0008019575
0.00080137601
0.00080041086
0.00079979975
0.00079874718
0.00079810796
0.00079695871
0.00079629403
0.00079503745
0.00079435132
0.00079297552
0.0007922731
0.00079076494
0.00079005278
0.0007883978
0.00078768408
0.00078586662
0.00078516115
0.00078316439
0.00078247807
0.00078028342
0.00077962883
0.00077721159
0.00077659493
0.00077392596
0.00077330571
0.00077024977
0.00076934379
0.00076513011
0.00076202551
0.00075179921
0.00073470516
0.00070669626
0.00065255691
0.00057065343
0.00046945424
0.0003891813
0.00037138181
0.00046329904
0.00069459262
0.00098826456
0.0013111789
0.0016381847
0.0018963832
0.0021081243
0.0023382467
0.0025790448
0.0028566334
0.0031490806
0.0034604266
0.003785077
0.004112353
0.0044382169
0.0047649869
0.0050853428
0.0053906247
0.0056879512
0.0059852127
0.0062704598
0.0065317991
0.0067804889
0.0070347781
0.0072836381
0.0074901631
0.0076386675
0.0077363728
0.0077746446
0.0077934639
0.0077997962
0.0077978892
0.0077974375
0.0077965805
0.0077967468
0.0077972002
0.0077973325
0.0077972909
0.0077972328
0.0077972177
0.0077972037
0.00081143234
0.00081099755
0.00081068919
0.00081020057
0.00080986414
0.0008093379
0.00080898904
0.00080842353
0.00080805229
0.00080743298
0.00080703386
0.00080635709
0.00080593207
0.00080519403
0.00080474272
0.00080393753
0.00080345962
0.00080258131
0.00080207684
0.00080111819
0.00080058752
0.00079954055
0.0007989848
0.00079784085
0.00079726141
0.00079601098
0.00079540983
0.00079404271
0.00079342257
0.00079192784
0.00079129204
0.0007896582
0.00078901086
0.00078722605
0.00078657197
0.00078462399
0.00078396867
0.00078184497
0.00078119414
0.00077888226
0.0007782394
0.00077572385
0.00077509406
0.00077235189
0.00077169616
0.00076864302
0.00076769024
0.00076362756
0.00076049943
0.00075058809
0.00073300668
0.00070573027
0.00065028951
0.00056656771
0.00046712796
0.00039355056
0.00039921878
0.00053521204
0.00080112999
0.0011286498
0.0014699902
0.0018226127
0.0020708975
0.0022969779
0.0025450635
0.0028073912
0.0031035322
0.0034224224
0.003756444
0.0040990393
0.0044513692
0.0048032722
0.0051435706
0.0054773329
0.0058122028
0.0061351055
0.006432292
0.006714625
0.0070039599
0.007290696
0.0075346092
0.0077126119
0.0078345718
0.0078873252
0.0079124756
0.0079203312
0.0079162766
0.0079140867
0.0079124452
0.0079126274
0.0079133263
0.0079135591
0.0079135075
0.0079134238
0.0079134045
0.0079133874
0.00081148504
0.00081107038
0.0008107999
0.00081033451
0.00081003887
0.00080953639
0.00080922989
0.0008086894
0.00080836354
0.00080777163
0.00080742094
0.00080677374
0.0008063997
0.00080569364
0.0008052956
0.00080452519
0.00080410261
0.00080326202
0.00080281449
0.00080189708
0.00080142428
0.00080042292
0.00079992476
0.00079883174
0.00079830833
0.00079711531
0.00079656699
0.00079526522
0.00079469261
0.00079327295
0.00079267684
0.00079112991
0.00079051133
0.00078882777
0.00078818799
0.00078635848
0.00078569888
0.00078371431
0.00078303603
0.00078088773
0.00078019101
0.00077787086
0.00077715304
0.00077465624
0.00077390914
0.00077122209
0.0007704112
0.00076748464
0.00076632743
0.0007625023
0.00075906931
0.00074941088
0.00073095957
0.00070402777
0.0006469046
0.00056089153
0.00046363816
0.00040219091
0.00043690314
0.00062713047
0.00092689899
0.0012899512
0.001651372
0.0020263597
0.0022643397
0.0025071812
0.0027690432
0.0030602161
0.0033779282
0.0037174737
0.0040780825
0.0044498541
0.0048183373
0.0051855059
0.0055580707
0.0059208956
0.0062567387
0.0065751459
0.0069003878
0.0072250696
0.0075070311
0.0077146123
0.0078576713
0.0079271056
0.0079578826
0.0079676345
0.0079633292
0.0079604503
0.0079585287
0.0079586426
0.0079593917
0.0079596578
0.0079596096
0.0079595196
0.0079594983
0.0079594804
0.00081152966
0.00081114022
0.00081089668
0.00081046047
0.0008101939
0.00080972241
0.00080944565
0.00080893869
0.00080864456
0.00080809004
0.00080777314
0.00080716723
0.00080682854
0.00080616803
0.00080580677
0.00080508669
0.00080470192
0.00080391699
0.00080350793
0.00080265226
0.00080221794
0.00080128518
0.00080082479
0.0007998081
0.00079932084
0.00079821288
0.00079769794
0.00079649108
0.00079594773
0.00079463405
0.00079406147
0.0007926329
0.00079203028
0.00079047885
0.00078984537
0.00078816319
0.00078749794
0.00078567732
0.0007849791
0.00078301256
0.0007822793
0.00078016021
0.00077938788
0.00077711182
0.0007762933
0.0007738604
0.00077297748
0.00077037971
0.00076940384
0.00076659008
0.00076525049
0.00076154112
0.0007578318
0.00074791302
0.00072908171
0.00069966504
0.00064009193
0.00055172637
0.00045920057
0.00041736256
0.00048782624
0.00074133799
0.001077357
0.0014704789
0.0018587959
0.0022253769
0.0024713711
0.0027376804
0.0030175925
0.0033326347
0.0036757382
0.0040481848
0.0044284965
0.0048178243
0.0052216595
0.0056223013
0.0059973624
0.0063541084
0.0067178021
0.0070830274
0.007406087
0.0076465687
0.0078090805
0.0078969697
0.0079335099
0.0079457516
0.0079425676
0.0079398117
0.0079379603
0.0079379432
0.0079385968
0.0079388467
0.0079388093
0.0079387278
0.0079387063
0.0079386885
0.00081156688
0.00081120396
0.00081097757
0.00081057206
0.00081032412
0.00080988563
0.00080962756
0.00080915655
0.00080888235
0.00080836809
0.00080807252
0.00080751133
0.00080719502
0.00080658408
0.0008062461
0.00080558092
0.00080522027
0.00080449623
0.00080411183
0.00080332367
0.00080291429
0.00080205633
0.00080162083
0.00080068697
0.0008002241
0.00079920775
0.00079871625
0.00079761051
0.00079708905
0.00079588674
0.00079533388
0.00079402757
0.00079344181
0.00079202405
0.0007914039
0.00078986707
0.00078921108
0.00078754733
0.00078685413
0.00078505509
0.00078432321
0.00078238002
0.00078160767
0.00077951142
0.00077869618
0.00077643887
0.00077557767
0.00077314842
0.00077223552
0.00076961241
0.00076862936
0.00076571519
0.0007644572
0.0007604703
0.00075680494
0.0007454425
0.00072630211
0.00069369769
0.0006309064
0.00054046945
0.0004561818
0.00044198119
0.00056362129
0.0008763174
0.0012576686
0.0016729405
0.0020871039
0.0024380099
0.0027017456
0.0029850174
0.0032870699
0.0036382608
0.0040048233
0.0043960006
0.004815095
0.0052428621
0.0056514027
0.006044869
0.0064478145
0.0068562491
0.0072241694
0.0075024232
0.0076858168
0.0077919889
0.0078354005
0.0078508198
0.0078498111
0.0078477445
0.0078462343
0.0078460604
0.0078465106
0.0078467078
0.0078466819
0.0078466185
0.007846599
0.0078465816
0.00081159863
0.00081126085
0.0008110444
0.00081066795
0.000810431
0.00081002385
0.00080977644
0.00080933954
0.00080907677
0.00080860068
0.00080831756
0.00080779876
0.0008074956
0.00080693154
0.00080660752
0.00080599424
0.0008056483
0.00080498168
0.00080461273
0.00080388803
0.00080349485
0.00080270694
0.00080228837
0.00080143167
0.00080098648
0.00080005494
0.00079958187
0.00079856907
0.00079806686
0.00079696599
0.00079643329
0.0007952372
0.00079467268
0.00079337392
0.00079277641
0.00079136702
0.00079073571
0.00078920688
0.00078854164
0.00078688311
0.00078618477
0.00078438423
0.00078365503
0.00078169772
0.00078094173
0.00077881029
0.00077803467
0.00077570641
0.0007749236
0.00077236522
0.00077159224
0.00076875054
0.00076799433
0.00076472028
0.00076381864
0.00075920751
0.00075562744
0.00074251411
0.00072320006
0.000687134
0.00062014331
0.00052896059
0.00045717289
0.00048025235
0.00067706387
0.0010369891
0.001459404
0.0019004474
0.0023459646
0.0026666754
0.0029518018
0.0032637642
0.0035915262
0.0039589935
0.0043683755
0.0048018306
0.0052290342
0.0056495597
0.0060865133
0.0065371486
0.0069516604
0.0072715197
0.0074796724
0.0076015753
0.0076536238
0.0076728164
0.0076748463
0.0076738802
0.0076729426
0.0076726256
0.0076727989
0.0076729126
0.0076728923
0.007672852
0.0076728374
0.0076728204
0.00081162641
0.00081131122
0.00081109994
0.00081074934
0.00081051834
0.00081013906
0.00080989702
0.00080949032
0.0008092333
0.00080879096
0.00080851433
0.00080803286
0.0008077368
0.00080721397
0.00080689766
0.0008063299
0.00080599235
0.00080537591
0.00080501614
0.00080434673
0.00080396365
0.00080323655
0.00080282917
0.00080203924
0.00080160654
0.00080074814
0.00080028914
0.00079935621
0.00079886998
0.00079785604
0.00079734164
0.00079623973
0.00079569631
0.00079449904
0.00079392603
0.00079262522
0.00079202265
0.00079060888
0.00078997788
0.00078843962
0.00078778304
0.00078610576
0.00078542883
0.00078359428
0.00078290515
0.00078089104
0.00078020184
0.00077797982
0.00077730889
0.00077484161
0.00077421208
0.00077144721
0.00077089731
0.00076775222
0.00076731539
0.00076361043
0.00076312217
0.00075774541
0.00075436661
0.0007393134
0.00072009315
0.00067980196
0.00060734829
0.00051901925
0.0004672586
0.00053866116
0.00081843876
0.001225892
0.0016928103
0.0021523491
0.0026268204
0.0029278125
0.0032309613
0.0035525109
0.0039263916
0.0043360664
0.0047592101
0.0051862935
0.0056426619
0.0061264625
0.0065834572
0.0069445399
0.0071799559
0.0073143301
0.007376147
0.0073993713
0.0074051076
0.0074056439
0.0074054836
0.0074050691
0.0074049293
0.0074049211
0.0074048997
0.0074048841
0.0074048775
0.0074048608
0.00081165123
0.00081135586
0.00081114642
0.00081081826
0.00081058972
0.00081023462
0.00080999432
0.00080961369
0.00080935858
0.00080894527
0.00080867104
0.00080822172
0.00080792827
0.0008074409
0.0008071275
0.00080659885
0.00080626458
0.00080569123
0.00080533522
0.00080471327
0.00080433455
0.00080365968
0.00080325741
0.00080252489
0.00080209825
0.00080130289
0.00080085111
0.00079998733
0.00079950972
0.00079857154
0.0007980674
0.0007970484
0.00079651709
0.00079541044
0.00079485155
0.00079364968
0.00079306331
0.00079175742
0.00079114481
0.00078972399
0.00078908811
0.00078753843
0.0007868847
0.00078518856
0.00078452494
0.00078266108
0.00078199852
0.00077994099
0.00077929481
0.00077701168
0.00077640012
0.00077384643
0.00077330296
0.00077041127
0.00076999447
0.00076665964
0.00076642901
0.00076244007
0.00076222315
0.00075621134
0.0007529747
0.00073576774
0.00071666243
0.00067127006
0.00059285169
0.00051179893
0.00049192498
0.00062429809
0.00099727551
0.0014443871
0.0019475858
0.0024481819
0.0028912925
0.0031946835
0.0035327183
0.0038935599
0.0042881997
0.0046919292
0.0051442291
0.0056410719
0.0061268954
0.006520919
0.0067806883
0.0069250003
0.0069946049
0.0070220901
0.0070318398
0.0070344335
0.0070352067
0.0070347612
0.007034296
0.0070341306
0.0070341011
0.007034109
0.0070341124
0.0070340963
0.00081167352
0.00081139493
0.00081118515
0.00081087658
0.0008106479
0.00081031395
0.00081007257
0.00080971472
0.00080945827
0.0008090704
0.00080879486
0.00080837378
0.00080807886
0.00080762269
0.00080730765
0.0008068135
0.00080647741
0.00080594222
0.0008055842
0.00080500447
0.00080462355
0.00080399543
0.00080359075
0.00080291003
0.00080248075
0.00080174286
0.00080128816
0.00080048823
0.00080000729
0.00079914022
0.0007986321
0.00079769255
0.00079715618
0.00079613867
0.00079557289
0.00079447155
0.00079387534
0.00079268355
0.00079205651
0.00079076622
0.00079010908
0.00078871007
0.00078802513
0.00078650471
0.00078579533
0.00078413897
0.00078340893
0.00078160079
0.00078085412
0.00077887781
0.00077811651
0.00077594865
0.00077518356
0.00077278545
0.00077204664
0.00076936125
0.00076869284
0.00076564926
0.00076506411
0.0007615264
0.00076067676
0.0007552549
0.00075032757
0.00073319028
0.00071030608
0.00065926506
0.0005771987
0.00050866519
0.00053612116
0.00075892677
0.0011993535
0.0017114425
0.0022336768
0.0027520749
0.0031682838
0.0035120289
0.0038629465
0.0042170322
0.0046380503
0.0051177207
0.0056080635
0.0060166329
0.0062906512
0.0064411452
0.0065134082
0.006544776
0.0065583936
0.0065636493
0.0065654909
0.0065650882
0.0065643045
0.0065639608
0.0065639183
0.0065639458
0.0065639599
0.0065639445
0.00081169244
0.00081142882
0.00081121664
0.00081092567
0.00081069447
0.00081037963
0.00081013459
0.00080979735
0.00080953659
0.00080917178
0.00080889158
0.0008084962
0.00080819597
0.00080776834
0.00080744725
0.00080698484
0.00080664182
0.00080614199
0.00080577603
0.00080523574
0.0008048457
0.00080426166
0.00080384644
0.00080321512
0.0008027736
0.00080209122
0.00080162218
0.00080088488
0.00080038695
0.00079959085
0.00079906235
0.00079820368
0.00079764244
0.00079671769
0.00079612101
0.00079512691
0.00079449157
0.00079342487
0.00079274744
0.00079160457
0.00079088169
0.00078965835
0.00078888676
0.0007875781
0.00078675338
0.00078535561
0.0007844701
0.00078298286
0.00078202339
0.00078045311
0.00077939719
0.00077775248
0.00077657645
0.00077486207
0.00077354753
0.00077176808
0.00077028715
0.0007684775
0.00076676216
0.00076500593
0.00076286088
0.0007612721
0.00075791164
0.00075528332
0.00074599263
0.00072979383
0.00070234827
0.00064444847
0.0005631392
0.00051843854
0.00060636442
0.00095103468
0.0014412913
0.0019859555
0.0025479174
0.0031196217
0.003478592
0.0038080973
0.004175276
0.0046082011
0.0050718231
0.0054688752
0.0057411075
0.0058889871
0.005957719
0.0059902463
0.0060073464
0.0060157121
0.0060187469
0.0060184631
0.0060173894
0.0060168743
0.0060168122
0.0060168563
0.0060168795
0.0060168651
0.0008117074
0.00081145747
0.00081124131
0.00081096628
0.00081073084
0.0008104334
0.00081018282
0.0008098644
0.00080959717
0.00080925346
0.00080896608
0.00080859434
0.0008082859
0.00080788466
0.00080755416
0.00080712126
0.00080676744
0.00080630066
0.00080592224
0.00080541908
0.00080501463
0.00080447241
0.00080404045
0.00080345639
0.00080299531
0.00080236654
0.00080187452
0.00080119826
0.00080067316
0.00079994692
0.00079938602
0.00079860771
0.0007980075
0.00079717579
0.00079653171
0.00079564606
0.00079495243
0.0007940132
0.00079326321
0.00079227153
0.00079145737
0.00079041516
0.00078952761
0.00078843824
0.00078746473
0.00078633548
0.0007852567
0.00078410282
0.00078288871
0.00078173863
0.00078034371
0.00077923558
0.00077760586
0.00077658159
0.00077466077
0.00077376897
0.00077148327
0.00077080901
0.00076804062
0.00076772974
0.00076429543
0.00076454599
0.00076011124
0.00076107074
0.0007547308
0.00075505982
0.00074083038
0.00072596719
0.00069296611
0.00062785211
0.00055588998
0.00054853307
0.00071927718
0.0011633735
0.0017171646
0.0023273475
0.0029050432
0.0034188682
0.0037649555
0.0041604759
0.0045710222
0.0049335067
0.0051846626
0.0053149661
0.0053724712
0.0054022415
0.0054221374
0.005433648
0.0054380081
0.0054378747
0.0054365758
0.0054359283
0.0054358448
0.0054359006
0.0054359294
0.0054359157
0.00081171852
0.00081148056
0.00081125991
0.00081099882
0.00081075856
0.0008104764
0.00081021971
0.0008099178
0.00080964343
0.00080931825
0.00080902289
0.00080867195
0.00080835442
0.00080797644
0.00080763552
0.00080722871
0.00080686292
0.00080642543
0.00080603324
0.00080556306
0.00080514271
0.00080463773
0.00080418736
0.00080364546
0.00080316297
0.0008025821
0.0008020651
0.00080144345
0.00080088907
0.00080022527
0.00079962994
0.00079892331
0.00079828243
0.00079753327
0.00079684093
0.00079605077
0.00079529949
0.00079447128
0.00079365197
0.00079279018
0.00079189201
0.00079100287
0.00079001267
0.00078910518
0.00078800516
0.00078709395
0.00078585771
0.00078496775
0.00078355558
0.00078272794
0.00078108278
0.00078037073
0.00077842583
0.00077788627
0.00077557514
0.0007752656
0.00077251334
0.00077251333
0.00076921604
0.00076964482
0.00076566445
0.00076666239
0.0007618351
0.00076352883
0.00075756757
0.00076009107
0.00075200046
0.00075348407
0.00073583403
0.00072127744
0.0006819883
0.00061045323
0.00055531424
0.00060290031
0.00089215201
0.001447138
0.002043756
0.0026311602
0.0032197238
0.0037418643
0.0041359464
0.0044674967
0.0046777449
0.0047755693
0.0048163455
0.0048411566
0.004862335
0.0048764026
0.0048820508
0.0048820418
0.0048806536
0.004879952
0.0048798493
0.004879908
0.0048799361
0.0048799229
0.0008117264
0.00081149803
0.00081127361
0.00081102372
0.00081077943
0.00081050955
0.00081024776
0.00080995905
0.00080967869
0.00080936828
0.00080906625
0.00080873188
0.00080840678
0.00080804728
0.00080769775
0.00080731159
0.00080693598
0.00080652162
0.0008061182
0.00080567397
0.00080524077
0.00080476496
0.00080429985
0.00080379083
0.00080329141
0.00080274764
0.00080221118
0.00080163144
0.00080105472
0.00080043829
0.00079981737
0.00079916423
0.00079849414
0.0007978053
0.0007970798
0.00079635752
0.00079556877
0.00079481684
0.00079395536
0.00079317921
0.00079223371
0.00079144076
0.00079039755
0.00078959817
0.00078843902
0.0007876492
0.00078634762
0.00078559333
0.00078411033
0.00078343244
0.00078171402
0.0007811634
0.00077914959
0.00077877578
0.00077641424
0.00077625672
0.00077350031
0.00077360348
0.00077039208
0.00077082132
0.00076708169
0.000767896
0.00076357892
0.00076477689
0.00075986889
0.00076140873
0.00075593124
0.00075747123
0.00075080988
0.00074907067
0.00073296679
0.00071362144
0.00066731589
0.00059660776
0.00057020529
0.00070302233
0.0011433829
0.0017007406
0.0023201099
0.0029922418
0.0036483354
0.0040406424
0.004235456
0.0043176404
0.0043480555
0.004368552
0.0043895221
0.0044047868
0.0044110619
0.0044112321
0.0044099947
0.0044093455
0.004409237
0.0044092811
0.0044093007
0.0044092885
0.00081173186
0.00081151027
0.00081128368
0.00081104177
0.00081079524
0.00081053406
0.00081026931
0.0008099898
0.00080970589
0.00080940569
0.00080909979
0.00080877681
0.00080844738
0.00080810049
0.00080774609
0.00080737391
0.00080699283
0.00080659396
0.0008061844
0.00080575737
0.00080531729
0.00080486058
0.00080438778
0.00080389995
0.00080339199
0.00080287171
0.00080232584
0.00080177205
0.00080118511
0.00080059715
0.00079996541
0.00079934321
0.00079866212
0.0007980064
0.00079727039
0.0007965829
0.00079578514
0.00079506883
0.00079420123
0.00079346036
0.00079251346
0.00079175386
0.00079071642
0.00078994615
0.00078880357
0.00078803494
0.00078676642
0.00078601924
0.0007845947
0.00078389975
0.00078227891
0.00078167261
0.00077981425
0.00077932645
0.00077720309
0.00077684608
0.00077444462
0.00077422467
0.00077152873
0.00077146277
0.00076845322
0.00076853591
0.00076525021
0.00076537562
0.00076195476
0.00076192927
0.00075860131
0.0007580742
0.00075521451
0.00075338814
0.00075044184
0.00074341573
0.00072947133
0.00070464233
0.00064986052
0.000592416
0.0006126
0.00083301414
0.0013453375
0.0020179068
0.0027322821
0.003310803
0.0036841543
0.0038702564
0.0039054663
0.0039252736
0.0039447444
0.003959018
0.0039649141
0.0039653335
0.0039644879
0.0039639788
0.0039638758
0.0039638916
0.0039638979
0.0039638879
0.00081173565
0.00081151819
0.00081129116
0.00081105419
0.00081080739
0.00081055152
0.00081028613
0.00081001205
0.00080972722
0.00080943296
0.00080912616
0.00080880973
0.00080847937
0.00080813962
0.00080778425
0.00080741984
0.00080703778
0.00080664736
0.00080623683
0.00080581895
0.00080537799
0.00080493117
0.00080445766
0.00080398046
0.00080347209
0.00080296313
0.00080241737
0.00080187544
0.00080128949
0.00080071364
0.00080008432
0.00079947396
0.00079879757
0.00079815262
0.0007974248
0.00079674579
0.00079596141
0.00079524964
0.00079440278
0.0007936604
0.00079274437
0.0007919744
0.00079098162
0.00079018833
0.00078910932
0.00078829938
0.0007871211
0.00078630549
0.00078500953
0.00078420576
0.00078276828
0.00078199559
0.00078039523
0.00077966415
0.00077789474
0.00077719679
0.00077526885
0.00077458598
0.00077251028
0.00077183121
0.00076961813
0.00076890726
0.00076662977
0.0007657475
0.0007635905
0.00076230851
0.00076052118
0.00075854302
0.00075748448
0.00075429607
0.00075449231
0.00074891608
0.00075033002
0.00073610135
0.00072573294
0.00069429597
0.00063386638
0.00059794262
0.00066694982
0.0010380745
0.0017157307
0.0023246213
0.002721259
0.0029204428
0.0030014217
0.0030365291
0.0030552119
0.00306556
0.0030698905
0.0030707786
0.0030705749
0.0030701837
0.0030700472
0.0030700209
0.0030700187
0.0030700169
0.00081173824
0.00081152296
0.00081129675
0.00081106246
0.00081081678
0.00081056375
0.00081029933
0.00081002797
0.00080974407
0.00080945267
0.00080914703
0.0008088337
0.00080850473
0.00080816826
0.00080781454
0.00080745359
0.0008070735
0.00080668668
0.00080627853
0.00080586436
0.0008054263
0.00080498327
0.00080451331
0.00080403988
0.00080353594
0.00080303058
0.0008024904
0.00080195166
0.00080137286
0.00080079941
0.00080017941
0.00079957007
0.000798906
0.00079825986
0.00079754854
0.00079686498
0.0007961028
0.00079538159
0.0007945646
0.00079380596
0.00079292987
0.00079213443
0.00079119468
0.00079036351
0.00078935485
0.00078848993
0.00078740569
0.00078651079
0.00078534194
0.00078442401
0.00078315923
0.00078222515
0.00078085616
0.00077990545
0.00077843629
0.00077745312
0.00077590157
0.00077486192
0.00077324626
0.00077213162
0.00077046858
0.00076924285
0.00076759731
0.0007661449
0.00076466636
0.00076281454
0.0007616779
0.00075922614
0.00075870042
0.00075523752
0.00075584275
0.00075072769
0.0007530598
0.00074498142
0.00074818532
0.00073156378
0.00071832474
0.00068286987
0.00062402003
0.00061416913
0.00084486985
0.0013302967
0.0016772672
0.0018623029
0.0019421617
0.0019753607
0.001993912
0.0020040703
0.0020083603
0.0020092993
0.0020091751
0.0020087892
0.0020086493
0.00200862
0.0020086173
0.0020086163
0.00081173989
0.00081152568
0.00081130082
0.00081106795
0.00081082395
0.00081057239
0.00081030963
0.00081003952
0.0008097573
0.00080946715
0.00080916346
0.00080885145
0.00080852473
0.00080818958
0.00080783845
0.0008074788
0.0008071017
0.00080671612
0.00080631143
0.00080589843
0.0008054644
0.00080502238
0.00080455719
0.00080408454
0.00080358624
0.0008030813
0.00080254788
0.00080200903
0.00080143842
0.00080086403
0.00080025407
0.00079964256
0.00079899099
0.00079834088
0.00079764529
0.00079695521
0.00079621301
0.00079548179
0.00079469025
0.00079391696
0.00079307323
0.00079225712
0.0007913584
0.00079049877
0.00078954222
0.00078863846
0.00078762101
0.00078667289
0.00078559083
0.00078459954
0.00078344812
0.00078241479
0.00078119108
0.00078011255
0.00077882127
0.00077768439
0.00077633958
0.0007751253
0.00077374103
0.00077243643
0.00077102049
0.00076960835
0.00076819386
0.00076661098
0.00076528048
0.00076343867
0.00076226771
0.00076009059
0.00075919505
0.00075647695
0.00075609686
0.00075266114
0.0007527818
0.00074853719
0.00074938771
0.00074310185
0.00074383434
0.00072748126
0.00071106954
0.00066768236
0.00061912894
0.00071276989
0.00087513976
0.00096665223
0.0010090438
0.0010288216
0.0010404543
0.0010472827
0.0010502819
0.0010509557
0.0010508886
0.0010506283
0.0010505344
0.0010505155
0.0010505138
0.0010505138
0.00081174077
0.00081152717
0.00081130364
0.00081107166
0.00081082929
0.00081057865
0.00081031753
0.00081004814
0.00080976756
0.00080947806
0.00080917625
0.00080886492
0.00080854033
0.00080820585
0.00080785711
0.00080749809
0.00080712371
0.0008067387
0.00080633711
0.00080592459
0.00080549411
0.00080505246
0.00080459135
0.00080411891
0.00080362534
0.00080312039
0.0008025925
0.0008020533
0.00080148919
0.00080091399
0.00080031173
0.00079969875
0.00079905641
0.00079840389
0.00079771945
0.00079702569
0.00079629707
0.00079556048
0.00079478553
0.0007940047
0.00079318123
0.00079235487
0.00079148083
0.0007906076
0.0007896811
0.00078875944
0.00078777891
0.00078680706
0.00078577096
0.00078474797
0.00078365399
0.00078257939
0.0007814256
0.00078029737
0.00077908569
0.00077789618
0.000776634
0.00077537236
0.00077406636
0.0007727274
0.0007713768
0.00076995782
0.0007685721
0.00076704767
0.00076566143
0.00076400035
0.00076262662
0.00076083049
0.00075947975
0.00075749494
0.00075621489
0.00075408931
0.0007526488
0.00075057163
0.00074893947
0.00074687715
0.00074457439
0.00074338456
0.00073458033
0.0007262124
0.00070298487
0.00065775689
0.0006454221
0.00064492233
0.00064617713
0.00064806295
0.00064997024
0.00065129285
0.000651981
0.00065214034
0.00065212482
0.0006520703
0.00065205377
0.00065205251
0.0006520534
0.0006520535
0.00081174101
0.0008115279
0.00081130545
0.00081107419
0.00081083316
0.00081058327
0.00081032349
0.00081005469
0.00080977543
0.00080948648
0.00080918612
0.00080887537
0.00080855241
0.00080821851
0.00080787159
0.00080751315
0.00080714079
0.00080675635
0.00080635702
0.00080594505
0.00080551713
0.000805076
0.00080461778
0.00080414582
0.00080365555
0.00080315102
0.0008026269
0.00080208802
0.00080152824
0.00080095323
0.00080035597
0.00079974298
0.00079910643
0.00079845363
0.00079777593
0.00079708151
0.0007963608
0.00079562304
0.00079485742
0.00079407477
0.00079326231
0.00079243334
0.00079157222
0.00079069547
0.0007897841
0.00078885784
0.00078789505
0.00078691724
0.00078590213
0.0007848713
0.00078380226
0.00078271781
0.00078159277
0.00078045403
0.00077927271
0.00077807579
0.00077684138
0.00077558043
0.00077429547
0.00077296915
0.00077162954
0.00077024112
0.00076884645
0.00076738726
0.00076595203
0.00076441227
0.00076293137
0.00076133257
0.00075978816
0.00075811987
0.00075651945
0.00075483172
0.00075301038
0.00075139899
0.00074936014
0.00074789552
0.00074546645
0.00074442399
0.00074071489
0.00074010893
0.00073152793
0.00072446764
0.00070977386
0.00070145084
0.00069787717
0.0006964337
0.00069569785
0.00069525762
0.00069506166
0.00069501868
0.00069502328
0.00069504099
0.00069504711
0.00069504845
0.00069504867
0.00069504864
0.00081174077
0.0008115281
0.00081130647
0.00081107587
0.00081083586
0.00081058668
0.00081032791
0.00081005972
0.00080978141
0.00080949302
0.0008091937
0.00080888355
0.00080856174
0.00080822847
0.0008078828
0.00080752501
0.00080715403
0.00080677026
0.00080637246
0.00080596119
0.00080553496
0.00080509456
0.00080463825
0.00080416704
0.00080367891
0.00080317517
0.00080265346
0.00080211541
0.00080155835
0.0008009842
0.00080039001
0.00079977792
0.00079914482
0.00079849295
0.00079781916
0.00079712569
0.00079640944
0.00079567264
0.00079491212
0.00079413041
0.00079332381
0.00079249576
0.00079164134
0.00079076551
0.00078986174
0.00078893644
0.00078798222
0.00078700552
0.00078600008
0.00078497048
0.00078391241
0.00078282937
0.0007817166
0.00078058003
0.00077941139
0.00077821911
0.000776996
0.00077574441
0.00077446786
0.00077315665
0.00077182255
0.0007704558
0.00076906182
0.00076763579
0.00076619072
0.00076470062
0.0007631993
0.00076166371
0.00076009204
0.0007585003
0.00075687426
0.00075524242
0.00075347187
0.00075180833
0.00074994906
0.00074830839
0.00074630882
0.00074460266
0.00074233862
0.00074089731
0.00073874388
0.00073701398
0.00073493067
0.00073375004
0.00073329672
0.0007331145
0.00073297944
0.00073291531
0.00073286249
0.00073285148
0.00073285176
0.00073285536
0.00073285625
0.00073285629
0.00073285624
0.00073285622
0.00081174015
0.00081152789
0.00081130687
0.00081107687
0.00081083764
0.00081058912
0.00081033112
0.00081006351
0.00080978592
0.00080949807
0.0008091995
0.00080888994
0.00080856894
0.00080823628
0.00080789149
0.00080753436
0.00080716433
0.00080678125
0.00080638449
0.00080597394
0.00080554886
0.00080510923
0.00080465418
0.0008041838
0.00080369708
0.00080319423
0.0008026741
0.00080213702
0.00080158171
0.00080100862
0.00080041638
0.00079980545
0.0007991745
0.00079852393
0.00079785253
0.00079716051
0.00079644692
0.00079571173
0.0007949542
0.00079417426
0.00079337106
0.00079254494
0.00079169437
0.00079082067
0.00078992122
0.00078899833
0.0007880489
0.00078707503
0.00078607483
0.00078504856
0.00078399633
0.00078291711
0.00078181091
0.00078067875
0.00077951727
0.00077833062
0.00077711464
0.00077587087
0.00077460093
0.00077329987
0.00077197268
0.00077061773
0.00076923137
0.0007678201
0.00076638164
0.00076491064
0.00076341697
0.00076190031
0.00076034282
0.00075876775
0.00075716522
0.00075553657
0.00075382686
0.00075212157
0.0007503727
0.0007486593
0.00074682519
0.00074495466
0.00074299772
0.00074129958
0.00073989243
0.00073893927
0.00073835652
0.00073808917
0.00073799494
0.00073796059
0.00073793946
0.00073792619
0.00073791854
0.00073791633
0.00073791621
0.00073791641
0.00073791638
0.00073791628
0.00073791623
0.00073791623
0.00081173923
0.00081152733
0.00081130679
0.00081107731
0.00081083869
0.00081059077
0.00081033338
0.0008100663
0.00080978927
0.00080950192
0.00080920392
0.00080889489
0.0008085745
0.00080824241
0.00080789827
0.00080754172
0.00080717239
0.00080678993
0.00080639392
0.00080598403
0.00080555976
0.00080512083
0.00080466668
0.00080419705
0.00080371132
0.00080320929
0.00080269024
0.00080215406
0.00080159995
0.00080102785
0.00080043693
0.00079982711
0.00079919761
0.00079854829
0.00079787849
0.00079718787
0.00079647605
0.00079574243
0.00079498688
0.00079420867
0.0007934077
0.00079258349
0.00079173546
0.00079086385
0.00078996728
0.00078904675
0.00078810047
0.00078712936
0.00078613259
0.00078510954
0.0007840611
0.00078298552
0.00078188369
0.00078075552
0.00077959905
0.000778417
0.00077720642
0.00077596839
0.00077470403
0.00077340985
0.00077208913
0.00077074153
0.00076936313
0.00076796023
0.00076653025
0.00076506969
0.00076358611
0.00076207936
0.0007605366
0.00075897101
0.00075738623
0.00075576607
0.00075408508
0.00075237826
0.00075066869
0.00074895634
0.00074716812
0.000745289
0.00074339492
0.00074168956
0.00074036213
0.0007394926
0.00073901576
0.0007387988
0.00073871403
0.0007386815
0.00073866638
0.00073865818
0.00073865448
0.00073865327
0.00073865304
0.00073865297
0.00073865288
0.00073865278
0.00073865274
0.00073865274
0.00081173807
0.00081152647
0.00081130632
0.00081107728
0.00081083916
0.00081059175
0.00081033487
0.00081006827
0.00080979169
0.00080950479
0.00080920725
0.00080889868
0.00080857878
0.00080824718
0.00080790355
0.00080754751
0.00080717872
0.00080679679
0.00080640135
0.00080599201
0.00080556836
0.00080513002
0.00080467653
0.00080420753
0.00080372252
0.00080322117
0.00080270292
0.00080216749
0.00080161425
0.00080104298
0.00080045302
0.00079984413
0.00079921569
0.00079856741
0.00079789878
0.00079720934
0.00079649881
0.00079576651
0.00079501239
0.00079423565
0.00079343629
0.00079261367
0.00079176748
0.00079089762
0.00079000313
0.00078908458
0.0007881406
0.00078717177
0.0007861775
0.00078515708
0.00078411141
0.00078303879
0.00078194017
0.00078081521
0.0007796625
0.00077848404
0.0007772776
0.00077604391
0.00077478395
0.00077349487
0.00077217931
0.00077083707
0.00076946503
0.00076806817
0.00076664502
0.00076519204
0.00076371627
0.00076221724
0.0007606849
0.00075912783
0.0007575541
0.00075594439
0.00075427812
0.00075258015
0.00075088773
0.00074918932
0.00074741999
0.00074555331
0.00074368099
0.00074199908
0.00074069327
0.00073983599
0.00073936417
0.00073914448
0.00073905532
0.00073902062
0.0007390055
0.00073899801
0.00073899486
0.00073899385
0.00073899364
0.00073899357
0.00073899348
0.00073899338
0.00073899334
0.00073899334
0.00081173675
0.0008115254
0.00081130556
0.0008110769
0.0008108392
0.00081059223
0.00081033578
0.00081006959
0.0008097934
0.00080950689
0.00080920973
0.00080890156
0.00080858206
0.00080825086
0.00080790765
0.00080755203
0.00080718368
0.00080680219
0.0008064072
0.00080599832
0.00080557515
0.00080513729
0.00080468431
0.00080421582
0.00080373137
0.00080323057
0.00080271292
0.00080217808
0.00080162552
0.0008010549
0.00080046567
0.00079985752
0.00079922989
0.00079858245
0.0007979147
0.00079722621
0.00079651665
0.00079578542
0.00079503239
0.0007942568
0.00079345867
0.00079263731
0.00079179251
0.00079092405
0.00079003113
0.00078911415
0.00078817193
0.0007872049
0.00078621254
0.00078519419
0.00078415062
0.00078308032
0.00078198414
0.00078086171
0.00077971186
0.0007785362
0.00077733293
0.00077610257
0.00077484602
0.00077356082
0.00077224923
0.00077091113
0.00076954391
0.00076815174
0.00076673376
0.00076528662
0.00076381669
0.0007623238
0.00076079893
0.0007592489
0.00075768286
0.00075608197
0.00075442539
0.00075273608
0.00075105449
0.0007493683
0.00074761127
0.00074575616
0.00074389831
0.00074223361
0.00074094458
0.00074009652
0.00073962548
0.00073940276
0.0007393109
0.00073927522
0.00073926032
0.00073925336
0.00073925056
0.00073924968
0.0007392495
0.00073924944
0.00073924934
0.00073924925
0.00073924921
0.00073924921
0.0008117353
0.00081152417
0.00081130459
0.00081107624
0.0008108389
0.0008105923
0.00081033622
0.00081007039
0.00080979455
0.00080950837
0.00080921153
0.0008089037
0.00080858454
0.00080825369
0.00080791082
0.00080755556
0.00080718756
0.00080680643
0.00080641181
0.0008060033
0.00080558052
0.00080514304
0.00080469047
0.00080422239
0.00080373837
0.00080323801
0.00080272084
0.00080218647
0.00080163442
0.00080106432
0.00080047565
0.00079986808
0.00079924107
0.00079859429
0.00079792722
0.00079723948
0.00079653068
0.00079580028
0.0007950481
0.00079427342
0.00079347624
0.00079265587
0.00079181214
0.00079094476
0.00079005305
0.00078913731
0.00078819645
0.00078723083
0.00078623994
0.0007852232
0.00078418125
0.00078311276
0.00078201846
0.00078089799
0.00077975035
0.00077857688
0.00077737603
0.00077614825
0.00077489434
0.00077361213
0.00077230359
0.0007709687
0.00076960514
0.0007682166
0.00076680257
0.00076535992
0.00076389444
0.00076240632
0.00076088702
0.00075934251
0.00075778224
0.00075618814
0.00075453871
0.00075285629
0.00075118265
0.00074950574
0.00074775789
0.0007459118
0.00074406474
0.00074241287
0.00074113572
0.00074029474
0.0007398255
0.00073960174
0.00073950859
0.00073947261
0.00073945807
0.0007394516
0.00073944909
0.00073944832
0.00073944817
0.0007394481
0.00073944801
0.00073944791
0.00073944787
0.00073944788
0.00081173376
0.0008115228
0.00081130343
0.00081107535
0.0008108383
0.00081059202
0.00081033626
0.00081007074
0.0008097952
0.00080950932
0.00080921278
0.00080890524
0.00080858637
0.00080825582
0.00080791325
0.00080755829
0.00080719059
0.00080680977
0.00080641545
0.00080600725
0.00080558478
0.00080514762
0.00080469537
0.00080422762
0.00080374395
0.00080324393
0.00080272712
0.00080219313
0.00080164148
0.00080107179
0.00080048355
0.00079987644
0.0007992499
0.00079860363
0.0007979371
0.00079724995
0.00079654175
0.00079581199
0.00079506047
0.00079428651
0.00079349006
0.00079267046
0.00079182756
0.00079096103
0.00079007026
0.00078915549
0.00078821568
0.00078725116
0.00078626141
0.00078524593
0.00078420525
0.00078313815
0.0007820453
0.00078092636
0.00077978043
0.00077860867
0.00077740969
0.0007761839
0.00077493203
0.00077365214
0.00077234596
0.00077101354
0.00076965279
0.00076826707
0.00076685608
0.00076541686
0.00076395481
0.00076247037
0.00076095531
0.00075941506
0.00075785921
0.00075627027
0.00075462626
0.00075294918
0.00075128159
0.00074961165
0.00074787077
0.00074603162
0.00074419277
0.0007425505
0.00074128218
0.00074044669
0.00073997923
0.00073975518
0.00073966151
0.00073962556
0.00073961144
0.00073960538
0.00073960311
0.00073960243
0.0007396023
0.00073960224
0.00073960214
0.00073960205
0.00073960201
0.00073960201
0.00081173214
0.00081152132
0.00081130214
0.00081107429
0.00081083749
0.00081059148
0.000810336
0.00081007077
0.0008097955
0.00080950988
0.00080921359
0.00080890631
0.0008085877
0.00080825741
0.00080791509
0.00080756039
0.00080719295
0.00080681238
0.00080641832
0.00080601037
0.00080558815
0.00080515125
0.00080469927
0.00080423178
0.00080374839
0.00080324864
0.00080273213
0.00080219843
0.00080164709
0.00080107773
0.00080048983
0.00079988307
0.00079925691
0.00079861104
0.00079794493
0.00079725822
0.00079655048
0.00079582123
0.00079507023
0.00079429683
0.00079350096
0.00079268197
0.00079183972
0.00079097384
0.0007900838
0.00078916978
0.0007882308
0.00078726713
0.00078627827
0.00078526376
0.00078422407
0.00078315806
0.00078206635
0.00078094859
0.00077980397
0.00077863356
0.00077743603
0.00077621177
0.0007749615
0.00077368339
0.00077237904
0.00077104855
0.00076968996
0.00076830643
0.00076689779
0.00076546121
0.00076400181
0.00076252022
0.0007610084
0.00075947143
0.00075791901
0.000756334
0.00075469411
0.00075302116
0.00075135821
0.00074969355
0.00074795797
0.00074612418
0.00074429161
0.00074265662
0.00074139495
0.00074056372
0.00074009784
0.00073987387
0.00073978006
0.00073974431
0.00073973059
0.0007397249
0.00073972283
0.00073972223
0.00073972211
0.00073972205
0.00073972196
0.00073972187
0.00073972183
0.00073972184
0.00081173048
0.0008115198
0.00081130079
0.00081107313
0.00081083655
0.00081059079
0.00081033556
0.00081007058
0.00080979555
0.00080951016
0.00080921411
0.00080890705
0.00080858866
0.00080825859
0.00080791649
0.000807562
0.00080719476
0.00080681441
0.00080642056
0.00080601282
0.00080559081
0.00080515412
0.00080470235
0.00080423508
0.00080375191
0.00080325239
0.00080273612
0.00080220266
0.00080165158
0.00080108247
0.00080049485
0.00079988838
0.00079926252
0.00079861696
0.00079795116
0.0007972648
0.00079655741
0.00079582854
0.00079507794
0.00079430497
0.00079350957
0.00079269105
0.00079184932
0.00079098397
0.0007900945
0.00078918105
0.0007882427
0.0007872797
0.00078629154
0.00078527779
0.00078423887
0.0007831737
0.00078208288
0.00078096604
0.00077982244
0.00077865307
0.00077745668
0.00077623362
0.00077498459
0.00077370786
0.00077240492
0.00077107593
0.00076971902
0.00076833718
0.00076693038
0.00076549584
0.00076403848
0.0007625591
0.00076104978
0.00075951534
0.00075796557
0.00075638358
0.00075474685
0.00075307708
0.00075141772
0.0007497571
0.00074802554
0.00074619587
0.00074436815
0.00074273872
0.00074148213
0.00074065418
0.00074018964
0.00073996592
0.00073987218
0.00073983672
0.0007398234
0.00073981804
0.00073981614
0.00073981561
0.00073981551
0.00073981545
0.00073981536
0.00073981527
0.00073981523
0.00073981524
0.0008117288
0.00081151823
0.00081129935
0.00081107186
0.00081083548
0.00081058992
0.00081033491
0.00081007015
0.00080979533
0.00080951017
0.00080921432
0.00080890747
0.00080858928
0.00080825941
0.0008079175
0.0008075632
0.00080719615
0.00080681598
0.00080642231
0.00080601474
0.00080559291
0.00080515639
0.00080470481
0.00080423772
0.00080375473
0.0008032554
0.00080273933
0.00080220607
0.00080165519
0.00080108629
0.00080049889
0.00079989264
0.000799267
0.00079862168
0.00079795613
0.00079727003
0.00079656292
0.00079583435
0.00079508406
0.00079431143
0.00079351639
0.00079269826
0.00079185693
0.000790992
0.00079010297
0.00078918996
0.0007882521
0.00078728961
0.000786302
0.00078528884
0.00078425053
0.00078318603
0.00078209589
0.00078097978
0.00077983696
0.0007786684
0.0007774729
0.00077625077
0.00077500271
0.00077372705
0.0007724252
0.0007710974
0.00076974179
0.00076836126
0.00076695588
0.00076552292
0.00076406714
0.00076258949
0.00076108209
0.0007595496
0.00075800189
0.00075642226
0.00075478795
0.00075312063
0.00075146406
0.00074980655
0.00074807806
0.00074625156
0.0007444276
0.00074280246
0.00074154975
0.00074072433
0.00074026089
0.0007400375
0.00073994395
0.00073990881
0.00073989587
0.0007398908
0.00073988906
0.00073988858
0.0007398885
0.00073988845
0.00073988836
0.00073988827
0.00073988823
0.00073988823
0.00081172706
0.00081151659
0.00081129783
0.00081107048
0.00081083426
0.00081058889
0.00081033408
0.00081006951
0.0008097949
0.00080950993
0.00080921428
0.00080890762
0.00080858962
0.00080825993
0.0008079182
0.00080756408
0.0008071972
0.00080681719
0.00080642368
0.00080601628
0.0008055946
0.00080515823
0.0008047068
0.00080423985
0.00080375702
0.00080325783
0.00080274191
0.00080220881
0.0008016581
0.00080108936
0.00080050213
0.00079989606
0.0007992706
0.00079862547
0.00079796012
0.00079727422
0.00079656733
0.00079583899
0.00079508895
0.00079431658
0.00079352182
0.00079270399
0.00079186297
0.00079099837
0.00079010969
0.00078919703
0.00078825954
0.00078729746
0.00078631027
0.00078529757
0.00078425973
0.00078319575
0.00078210615
0.00078099061
0.0007798484
0.00077868046
0.00077748567
0.00077626426
0.00077501695
0.00077374213
0.00077244113
0.00077111425
0.00076975966
0.00076838015
0.00076697588
0.00076554414
0.00076408959
0.00076261328
0.00076110739
0.00075957639
0.0007580303
0.00075645249
0.00075482004
0.00075315461
0.00075150023
0.00074984511
0.00074811898
0.00074629492
0.00074447389
0.00074285207
0.00074160233
0.00074077887
0.00074031636
0.00074009332
0.00074000004
0.00073996523
0.00073995261
0.0007399478
0.00073994618
0.00073994575
0.00073994568
0.00073994563
0.00073994554
0.00073994545
0.00073994541
0.00073994542
0.0008117253
0.00081151491
0.00081129625
0.00081106903
0.00081083296
0.00081058775
0.0008103331
0.00081006872
0.00080979429
0.00080950951
0.00080921403
0.00080890756
0.00080858973
0.00080826021
0.00080791865
0.00080756469
0.00080719797
0.00080681812
0.00080642476
0.00080601749
0.00080559595
0.00080515971
0.00080470841
0.00080424159
0.00080375887
0.00080325981
0.00080274402
0.00080221103
0.00080166044
0.00080109184
0.00080050475
0.00079989881
0.00079927351
0.00079862853
0.00079796334
0.00079727761
0.00079657089
0.00079584273
0.00079509288
0.00079432072
0.00079352617
0.00079270856
0.00079186778
0.00079100343
0.00079011502
0.00078920264
0.00078826546
0.00078730369
0.00078631683
0.00078530449
0.00078426702
0.00078320345
0.00078211426
0.00078099916
0.00077985744
0.00077868999
0.00077749574
0.00077627489
0.00077502817
0.00077375401
0.00077245367
0.00077112751
0.0007697737
0.00076839499
0.00076699159
0.00076556079
0.0007641072
0.00076263196
0.00076112722
0.00075959739
0.00075805256
0.00075647616
0.00075484514
0.0007531812
0.00075152853
0.00074987525
0.0007481509
0.00074632876
0.00074451004
0.00074289077
0.00074164328
0.00074082136
0.00074035964
0.000740137
0.000740044
0.0007400095
0.00073999717
0.00073999255
0.00073999103
0.00073999064
0.00073999057
0.00073999052
0.00073999043
0.00073999034
0.0007399903
0.00073999031
0.00081172353
0.0008115132
0.00081129463
0.00081106752
0.00081083158
0.00081058652
0.00081033203
0.00081006781
0.00080979355
0.00080950893
0.00080921363
0.00080890732
0.00080858965
0.0008082603
0.0008079189
0.00080756509
0.00080719852
0.0008068188
0.00080642557
0.00080601844
0.00080559702
0.0008051609
0.00080470971
0.000804243
0.00080376039
0.00080326143
0.00080274574
0.00080221286
0.00080166237
0.00080109387
0.00080050688
0.00079990106
0.00079927587
0.00079863101
0.00079796594
0.00079728035
0.00079657377
0.00079584577
0.00079509607
0.00079432407
0.00079352967
0.00079271223
0.00079187164
0.00079100747
0.00079011928
0.00078920711
0.00078827017
0.00078730865
0.00078632205
0.00078530999
0.00078427281
0.00078320955
0.00078212069
0.00078100594
0.00077986459
0.00077869752
0.0007775037
0.00077628328
0.00077503703
0.00077376338
0.00077246356
0.00077113797
0.00076978477
0.00076840666
0.00076700395
0.00076557389
0.00076412105
0.00076264664
0.00076114279
0.00075961386
0.00075807004
0.00075649474
0.00075486481
0.00075320204
0.00075155071
0.00074989884
0.00074817586
0.00074635523
0.00074453832
0.00074292103
0.00074167527
0.00074085452
0.00074039346
0.0007401712
0.0007400785
0.00074004428
0.0007400322
0.00074002775
0.00074002631
0.00074002594
0.00074002588
0.00074002582
0.00074002574
0.00074002565
0.00074002561
0.00074002562
0.00081172175
0.00081151149
0.000811293
0.00081106599
0.00081083016
0.00081058522
0.00081033087
0.0008100668
0.00080979269
0.00080950823
0.00080921309
0.00080890693
0.00080858942
0.00080826022
0.00080791897
0.0008075653
0.00080719887
0.00080681928
0.00080642618
0.00080601917
0.00080559787
0.00080516185
0.00080471076
0.00080424414
0.00080376163
0.00080326276
0.00080274716
0.00080221436
0.00080166396
0.00080109555
0.00080050865
0.00079990291
0.00079927782
0.00079863305
0.00079796809
0.00079728259
0.00079657612
0.00079584823
0.00079509864
0.00079432677
0.0007935325
0.00079271521
0.00079187475
0.00079101074
0.00079012271
0.0007892107
0.00078827395
0.00078731262
0.00078632622
0.00078531438
0.00078427743
0.00078321441
0.0007821258
0.00078101133
0.00077987026
0.0007787035
0.00077751
0.00077628992
0.00077504404
0.00077377078
0.00077247137
0.00077114622
0.00076979349
0.00076841586
0.0007670137
0.0007655842
0.00076413194
0.0007626582
0.00076115504
0.00075962679
0.00075808378
0.00075650936
0.00075488027
0.00075321841
0.00075156813
0.00074991734
0.0007481954
0.00074637593
0.00074456047
0.00074294475
0.00074170032
0.00074088047
0.00074041992
0.00074019798
0.00074010555
0.0007400716
0.00074005975
0.00074005546
0.0007400541
0.00074005375
0.00074005369
0.00074005364
0.00074005355
0.00074005347
0.00074005343
0.00074005343
0.00081171997
0.00081150977
0.00081129135
0.00081106442
0.0008108287
0.00081058388
0.00081032965
0.00081006572
0.00080979175
0.00080950744
0.00080921244
0.00080890643
0.00080858907
0.00080826001
0.00080791889
0.00080756537
0.00080719906
0.0008068196
0.00080642662
0.00080601972
0.00080559852
0.00080516261
0.00080471161
0.00080424508
0.00080376266
0.00080326387
0.00080274834
0.00080221562
0.00080166529
0.00080109695
0.00080051012
0.00079990446
0.00079927944
0.00079863475
0.00079796986
0.00079728445
0.00079657806
0.00079585025
0.00079510076
0.00079432897
0.00079353481
0.00079271762
0.00079187727
0.00079101338
0.00079012548
0.00078921361
0.00078827701
0.00078731582
0.00078632958
0.0007853179
0.00078428112
0.0007832183
0.00078212988
0.00078101562
0.00077987478
0.00077870824
0.00077751501
0.0007762952
0.0007750496
0.00077377665
0.00077247756
0.00077115275
0.00076980038
0.00076842313
0.00076702139
0.00076559233
0.00076414054
0.00076266733
0.00076116467
0.00075963695
0.00075809459
0.00075652088
0.00075489245
0.00075323127
0.00075158182
0.00074993187
0.00074821072
0.00074639217
0.00074457786
0.00074296336
0.00074171995
0.0007409008
0.00074044067
0.00074021902
0.00074012684
0.00074009312
0.00074008148
0.00074007733
0.00074007602
0.0007400757
0.00074007564
0.00074007559
0.0007400755
0.00074007541
0.00074007538
0.00074007538
0.00081171821
0.00081150805
0.0008112897
0.00081106286
0.00081082723
0.00081058251
0.0008103284
0.00081006459
0.00080979076
0.00080950658
0.00080921172
0.00080890585
0.00080858862
0.0008082597
0.00080791871
0.00080756531
0.00080719913
0.00080681979
0.00080642691
0.00080602011
0.00080559902
0.0008051632
0.00080471229
0.00080424584
0.00080376349
0.00080326477
0.00080274931
0.00080221666
0.0008016664
0.00080109812
0.00080051136
0.00079990577
0.00079928081
0.00079863619
0.00079797136
0.000797286
0.00079657967
0.00079585193
0.0007951025
0.00079433079
0.0007935367
0.00079271959
0.00079187934
0.00079101555
0.00079012774
0.00078921598
0.00078827948
0.0007873184
0.00078633229
0.00078532073
0.00078428409
0.00078322142
0.00078213315
0.00078101907
0.00077987839
0.00077871203
0.000777519
0.0007762994
0.00077505402
0.00077378131
0.00077248246
0.00077115793
0.00076980584
0.00076842888
0.00076702748
0.00076559875
0.00076414734
0.00076267453
0.00076117227
0.000759645
0.00075810315
0.00075652994
0.00075490199
0.0007532414
0.00075159261
0.00074994328
0.00074822276
0.00074640495
0.00074459154
0.00074297796
0.00074173532
0.00074091674
0.00074045699
0.00074023562
0.00074014366
0.00074011014
0.00074009865
0.00074009461
0.00074009335
0.00074009304
0.00074009298
0.00074009293
0.00074009284
0.00074009276
0.00074009272
0.00074009273
0.00081171648
0.00081150638
0.00081128808
0.00081106131
0.00081082576
0.00081058113
0.00081032713
0.00081006343
0.0008097897
0.00080950565
0.00080921091
0.00080890517
0.00080858807
0.00080825927
0.00080791841
0.00080756513
0.00080719906
0.00080681983
0.00080642707
0.00080602037
0.00080559936
0.00080516363
0.00080471281
0.00080424644
0.00080376417
0.00080326553
0.00080275014
0.00080221756
0.00080166736
0.00080109915
0.00080051245
0.0007999069
0.00079928199
0.00079863741
0.00079797262
0.00079728732
0.00079658103
0.00079585333
0.00079510395
0.0007943323
0.00079353828
0.00079272124
0.00079188107
0.00079101736
0.00079012962
0.00078921794
0.0007882815
0.0007873205
0.00078633447
0.00078532301
0.0007842865
0.00078322395
0.00078213581
0.00078102185
0.00077988128
0.00077871506
0.0007775222
0.00077630276
0.00077505754
0.00077378502
0.00077248637
0.00077116204
0.00076981017
0.00076843345
0.00076703229
0.00076560385
0.00076415273
0.00076268022
0.00076117829
0.00075965136
0.00075810987
0.00075653704
0.0007549095
0.00075324938
0.00075160112
0.00074995231
0.00074823227
0.000746415
0.00074460227
0.00074298943
0.00074174743
0.0007409293
0.00074046982
0.00074024862
0.00074015682
0.00074012347
0.00074011215
0.00074010823
0.00074010704
0.00074010675
0.0007401067
0.00074010664
0.00074010656
0.00074010648
0.00074010644
0.00074010645
0.00081171475
0.00081150468
0.00081128644
0.00081105972
0.00081082424
0.00081057971
0.00081032579
0.00081006219
0.00080978858
0.00080950464
0.00080921002
0.0008089044
0.00080858742
0.00080825874
0.000807918
0.00080756485
0.00080719889
0.00080681978
0.00080642712
0.00080602052
0.00080559962
0.00080516398
0.00080471324
0.00080424695
0.00080376475
0.00080326618
0.00080275086
0.00080221833
0.0008016682
0.00080110003
0.00080051338
0.00079990787
0.000799283
0.00079863846
0.00079797371
0.00079728844
0.00079658219
0.00079585454
0.0007951052
0.00079433359
0.00079353962
0.00079272264
0.00079188252
0.00079101886
0.00079013119
0.00078921956
0.00078828317
0.00078732224
0.00078633628
0.0007853249
0.00078428847
0.000783226
0.00078213795
0.00078102408
0.00077988362
0.00077871751
0.00077752477
0.00077630545
0.00077506036
0.00077378799
0.00077248949
0.00077116531
0.00076981362
0.00076843708
0.00076703612
0.0007656079
0.00076415699
0.00076268471
0.00076118305
0.00075965637
0.00075811514
0.00075654263
0.00075491546
0.00075325572
0.00075160786
0.00074995945
0.00074823977
0.0007464229
0.00074461069
0.00074299845
0.00074175698
0.00074093921
0.0007404799
0.00074025883
0.00074016715
0.00074013396
0.00074012279
0.000740119
0.00074011787
0.0007401176
0.00074011756
0.00074011751
0.00074011742
0.00074011734
0.00074011731
0.00074011731
0.00081171302
0.00081150299
0.00081128479
0.00081105814
0.00081082272
0.00081057826
0.00081032443
0.00081006092
0.00080978741
0.00080950357
0.00080920906
0.00080890356
0.0008085867
0.00080825814
0.00080791752
0.00080756448
0.00080719864
0.00080681964
0.00080642708
0.00080602059
0.00080559978
0.00080516423
0.00080471358
0.00080424737
0.00080376524
0.00080326674
0.00080275148
0.00080221901
0.00080166892
0.0008011008
0.00080051419
0.00079990873
0.00079928389
0.00079863939
0.00079797466
0.00079728943
0.0007965832
0.00079585558
0.00079510628
0.00079433471
0.00079354078
0.00079272383
0.00079188376
0.00079102014
0.00079013251
0.00078922093
0.00078828458
0.0007873237
0.00078633779
0.00078532646
0.0007842901
0.00078322769
0.00078213971
0.00078102591
0.00077988552
0.0007787195
0.00077752685
0.00077630762
0.00077506264
0.00077379038
0.00077249199
0.00077116794
0.00076981637
0.00076843997
0.00076703917
0.0007656111
0.00076416037
0.00076268828
0.00076118682
0.00075966038
0.00075811941
0.0007565471
0.00075492013
0.00075326069
0.00075161317
0.00074996504
0.00074824562
0.00074642912
0.00074461737
0.00074300557
0.00074176445
0.00074094694
0.00074048783
0.00074026693
0.0007401754
0.00074014233
0.00074013128
0.00074012757
0.00074012648
0.00074012621
0.00074012617
0.00074012612
0.00074012604
0.00074012596
0.00074012593
0.00074012593
0.0008117113
0.00081150131
0.00081128315
0.00081105655
0.0008108212
0.0008105768
0.00081032305
0.00081005963
0.00080978621
0.00080950247
0.00080920807
0.00080890267
0.00080858592
0.00080825748
0.00080791697
0.00080756404
0.00080719832
0.00080681942
0.00080642697
0.00080602058
0.00080559986
0.0008051644
0.00080471383
0.0008042477
0.00080376565
0.00080326721
0.00080275201
0.00080221959
0.00080166956
0.00080110149
0.00080051491
0.00079990949
0.00079928468
0.00079864021
0.00079797552
0.0007972903
0.00079658411
0.00079585651
0.00079510724
0.00079433569
0.00079354179
0.00079272488
0.00079188483
0.00079102125
0.00079013364
0.0007892221
0.00078828579
0.00078732493
0.00078633906
0.00078532778
0.00078429145
0.0007832291
0.00078214116
0.00078102742
0.00077988709
0.00077872113
0.00077752855
0.00077630938
0.00077506448
0.00077379231
0.00077249401
0.00077117004
0.00076981858
0.00076844228
0.00076704159
0.00076561365
0.00076416306
0.00076269112
0.0007611898
0.00075966357
0.00075812286
0.00075655074
0.00075492385
0.00075326454
0.0007516173
0.00074996946
0.00074825024
0.00074643395
0.00074462257
0.00074301122
0.00074177043
0.00074095308
0.000740494
0.00074027312
0.00074018167
0.00074014875
0.00074013787
0.00074013429
0.00074013327
0.00074013303
0.000740133
0.00074013295
0.00074013287
0.0007401328
0.00074013276
0.00074013277
0.00081170959
0.00081149963
0.00081128152
0.00081105496
0.00081081966
0.00081057533
0.00081032165
0.00081005831
0.00080978498
0.00080950133
0.00080920703
0.00080890174
0.00080858509
0.00080825676
0.00080791636
0.00080756354
0.00080719793
0.00080681914
0.00080642679
0.0008060205
0.00080559988
0.00080516451
0.00080471402
0.00080424797
0.00080376599
0.00080326761
0.00080275247
0.00080222011
0.00080167012
0.00080110209
0.00080051556
0.00079991017
0.0007992854
0.00079864095
0.00079797629
0.0007972911
0.00079658493
0.00079585736
0.00079510811
0.00079433658
0.0007935427
0.00079272581
0.00079188579
0.00079102222
0.00079013464
0.00078922311
0.00078828683
0.000787326
0.00078634016
0.0007853289
0.0007842926
0.00078323029
0.00078214238
0.00078102868
0.00077988841
0.00077872248
0.00077752995
0.00077631083
0.00077506598
0.00077379389
0.00077249564
0.00077117173
0.00076982037
0.00076844414
0.00076704352
0.00076561571
0.00076416521
0.00076269337
0.00076119218
0.00075966609
0.00075812554
0.00075655361
0.00075492681
0.00075326759
0.00075162057
0.000749973
0.00074825392
0.00074643774
0.00074462663
0.00074301568
0.00074177521
0.00074095797
0.00074049885
0.00074027794
0.00074018654
0.00074015375
0.00074014304
0.0007401396
0.00074013865
0.00074013844
0.00074013842
0.00074013837
0.0007401383
0.00074013822
0.0007401382
0.0007401382
0.0008117079
0.00081149797
0.00081127989
0.00081105338
0.00081081813
0.00081057386
0.00081032025
0.00081005698
0.00080978373
0.00080950017
0.00080920596
0.00080890077
0.00080858423
0.000808256
0.0008079157
0.00080756299
0.00080719748
0.00080681879
0.00080642655
0.00080602036
0.00080559983
0.00080516455
0.00080471415
0.00080424817
0.00080376626
0.00080326795
0.00080275287
0.00080222056
0.00080167062
0.00080110264
0.00080051615
0.00079991079
0.00079928605
0.00079864163
0.000797977
0.00079729184
0.00079658569
0.00079585814
0.0007951089
0.0007943374
0.00079354353
0.00079272666
0.00079188664
0.00079102309
0.00079013554
0.00078922401
0.00078828776
0.00078732694
0.00078634112
0.00078532989
0.00078429359
0.00078323132
0.00078214343
0.00078102975
0.00077988952
0.00077872361
0.00077753112
0.00077631204
0.00077506721
0.00077379518
0.00077249698
0.00077117312
0.00076982182
0.00076844565
0.00076704512
0.00076561736
0.00076416693
0.00076269519
0.00076119409
0.00075966801
0.00075812755
0.00075655583
0.00075492921
0.00075327011
0.00075162327
0.00074997586
0.00074825683
0.0007464407
0.00074462981
0.0007430192
0.00074177899
0.00074096183
0.00074050266
0.00074028171
0.00074019036
0.00074015769
0.00074014712
0.00074014381
0.00074014293
0.00074014274
0.00074014273
0.00074014268
0.00074014261
0.00074014254
0.00074014251
0.00074014252
0.00081170621
0.00081149631
0.00081127827
0.0008110518
0.0008108166
0.00081057239
0.00081031884
0.00081005564
0.00080978246
0.00080949899
0.00080920486
0.00080889976
0.00080858332
0.00080825519
0.000807915
0.00080756239
0.00080719698
0.0008068184
0.00080642625
0.00080602016
0.00080559972
0.00080516453
0.00080471421
0.00080424831
0.00080376648
0.00080326823
0.00080275321
0.00080222096
0.00080167107
0.00080110313
0.00080051668
0.00079991136
0.00079928666
0.00079864227
0.00079797766
0.00079729252
0.00079658639
0.00079585886
0.00079510964
0.00079433816
0.0007935443
0.00079272744
0.00079188744
0.00079102389
0.00079013634
0.00078922483
0.00078828859
0.00078732778
0.00078634197
0.00078533076
0.00078429448
0.00078323221
0.00078214434
0.00078103068
0.00077989045
0.00077872458
0.00077753211
0.00077631305
0.00077506826
0.00077379625
0.00077249807
0.00077117428
0.000769823
0.00076844688
0.00076704641
0.0007656187
0.00076416831
0.00076269666
0.00076119564
0.00075966961
0.00075812923
0.00075655754
0.00075493099
0.00075327211
0.00075162546
0.00074997809
0.00074825905
0.00074644305
0.0007446324
0.00074302196
0.00074178182
0.00074096472
0.00074050567
0.00074028488
0.00074019364
0.00074016105
0.00074015053
0.00074014725
0.00074014638
0.00074014618
0.00074014616
0.00074014611
0.00074014604
0.00074014597
0.00074014595
0.00074014595
0.00081170454
0.00081149466
0.00081127665
0.00081105022
0.00081081507
0.00081057091
0.00081031742
0.00081005428
0.00080978118
0.00080949778
0.00080920374
0.00080889873
0.00080858237
0.00080825434
0.00080791425
0.00080756174
0.00080719643
0.00080681795
0.0008064259
0.0008060199
0.00080559956
0.00080516446
0.00080471422
0.00080424841
0.00080376664
0.00080326847
0.00080275351
0.00080222131
0.00080167148
0.00080110358
0.00080051717
0.00079991189
0.00079928722
0.00079864286
0.00079797828
0.00079729317
0.00079658706
0.00079585955
0.00079511035
0.00079433888
0.00079354503
0.00079272818
0.00079188818
0.00079102464
0.00079013709
0.00078922558
0.00078828935
0.00078732855
0.00078634276
0.00078533155
0.00078429528
0.00078323302
0.00078214514
0.00078103149
0.00077989126
0.0007787254
0.00077753297
0.00077631391
0.00077506914
0.00077379715
0.00077249898
0.00077117523
0.000769824
0.00076844788
0.00076704745
0.00076561979
0.00076416942
0.00076269782
0.00076119687
0.00075967089
0.00075813055
0.00075655892
0.00075493244
0.00075327366
0.00075162719
0.00074997993
0.00074826086
0.00074644483
0.00074463433
0.00074302415
0.00074178421
0.00074096714
0.00074050798
0.00074028709
0.00074019585
0.00074016335
0.00074015299
0.00074014985
0.00074014905
0.00074014889
0.00074014888
0.00074014884
0.00074014877
0.0007401487
0.00074014868
0.00074014868
0.00081170287
0.00081149302
0.00081127505
0.00081104865
0.00081081354
0.00081056943
0.00081031599
0.00081005292
0.00080977988
0.00080949655
0.00080920259
0.00080889766
0.00080858139
0.00080825345
0.00080791345
0.00080756104
0.00080719583
0.00080681744
0.00080642549
0.00080601959
0.00080559934
0.00080516433
0.00080471418
0.00080424844
0.00080376675
0.00080326865
0.00080275376
0.00080222162
0.00080167184
0.00080110399
0.00080051763
0.00079991239
0.00079928776
0.00079864343
0.00079797888
0.00079729379
0.00079658771
0.00079586022
0.00079511103
0.00079433957
0.00079354573
0.00079272888
0.00079188889
0.00079102535
0.00079013781
0.0007892263
0.00078829008
0.00078732927
0.00078634348
0.00078533227
0.000784296
0.00078323375
0.00078214586
0.00078103222
0.000779892
0.00077872613
0.00077753371
0.00077631465
0.00077506989
0.00077379792
0.00077249976
0.00077117603
0.00076982482
0.0007684487
0.00076704831
0.00076562069
0.00076417032
0.00076269877
0.00076119788
0.00075967191
0.00075813162
0.00075656006
0.00075493361
0.00075327488
0.00075162855
0.00074998137
0.00074826225
0.00074644618
0.00074463583
0.00074302589
0.00074178608
0.00074096901
0.00074050977
0.00074028883
0.00074019762
0.00074016522
0.00074015497
0.00074015194
0.00074015119
0.00074015105
0.00074015104
0.000740151
0.00074015094
0.00074015088
0.00074015086
0.00074015086
0.00081170122
0.00081149139
0.00081127345
0.00081104708
0.00081081202
0.00081056794
0.00081031455
0.00081005154
0.00080977856
0.0008094953
0.00080920141
0.00080889656
0.00080858037
0.00080825252
0.00080791261
0.00080756029
0.00080719518
0.00080681689
0.00080642504
0.00080601923
0.00080559907
0.00080516415
0.00080471409
0.00080424844
0.00080376682
0.00080326879
0.00080275397
0.00080222189
0.00080167217
0.00080110437
0.00080051805
0.00079991285
0.00079928826
0.00079864397
0.00079797946
0.0007972944
0.00079658834
0.00079586087
0.0007951117
0.00079434026
0.00079354641
0.00079272958
0.00079188957
0.00079102604
0.0007901385
0.00078922699
0.00078829077
0.00078732997
0.00078634417
0.00078533296
0.00078429668
0.00078323442
0.00078214653
0.00078103289
0.00077989266
0.00077872679
0.00077753436
0.00077631531
0.00077507056
0.00077379858
0.00077250043
0.00077117672
0.0007698255
0.00076844941
0.00076704904
0.00076562141
0.00076417108
0.00076269956
0.00076119864
0.00075967265
0.00075813239
0.00075656088
0.00075493454
0.00075327598
0.00075162973
0.0007499825
0.00074826333
0.00074644732
0.00074463707
0.00074302718
0.00074178741
0.00074097042
0.00074051127
0.00074029043
0.00074019927
0.00074016688
0.00074015667
0.00074015366
0.00074015293
0.00074015278
0.00074015277
0.00074015273
0.00074015267
0.00074015261
0.00074015259
0.00074015259
0.00081169958
0.00081148978
0.00081127186
0.00081104553
0.0008108105
0.00081056647
0.00081031312
0.00081005016
0.00080977724
0.00080949404
0.00080920021
0.00080889543
0.00080857933
0.00080825155
0.00080791173
0.0008075595
0.00080719447
0.00080681628
0.00080642452
0.0008060188
0.00080559874
0.00080516391
0.00080471394
0.00080424837
0.00080376684
0.00080326889
0.00080275414
0.00080222213
0.00080167246
0.00080110472
0.00080051846
0.0007999133
0.00079928875
0.0007986445
0.00079798001
0.00079729499
0.00079658895
0.00079586151
0.00079511234
0.00079434092
0.00079354709
0.00079273025
0.00079189026
0.00079102672
0.00079013918
0.00078922766
0.00078829143
0.00078733064
0.00078634483
0.00078533362
0.00078429733
0.00078323505
0.00078214716
0.00078103349
0.00077989328
0.0007787274
0.00077753496
0.00077631592
0.00077507115
0.00077379916
0.00077250104
0.00077117728
0.00076982609
0.00076845002
0.00076704961
0.00076562202
0.00076417174
0.00076270017
0.00076119927
0.0007596734
0.00075813312
0.00075656155
0.00075493526
0.00075327678
0.00075163054
0.00074998332
0.00074826423
0.00074644827
0.00074463799
0.00074302808
0.00074178841
0.00074097161
0.00074051258
0.00074029176
0.00074020057
0.00074016816
0.00074015796
0.000740155
0.00074015429
0.00074015415
0.00074015414
0.00074015411
0.00074015405
0.000740154
0.00074015397
0.00074015398
0.00081169795
0.00081148817
0.00081127027
0.00081104397
0.00081080898
0.00081056499
0.00081031169
0.00081004877
0.0008097759
0.00080949276
0.000809199
0.00080889429
0.00080857825
0.00080825056
0.00080791081
0.00080755867
0.00080719373
0.00080681562
0.00080642396
0.00080601833
0.00080559836
0.00080516362
0.00080471374
0.00080424826
0.00080376682
0.00080326894
0.00080275427
0.00080222233
0.00080167273
0.00080110505
0.00080051884
0.00079991373
0.00079928923
0.00079864501
0.00079798056
0.00079729556
0.00079658955
0.00079586213
0.00079511298
0.00079434157
0.00079354775
0.00079273092
0.00079189094
0.00079102739
0.00079013986
0.00078922833
0.0007882921
0.0007873313
0.00078634548
0.00078533426
0.00078429795
0.00078323566
0.00078214777
0.00078103407
0.00077989386
0.00077872797
0.0007775355
0.00077631648
0.00077507169
0.00077379968
0.00077250156
0.0007711778
0.00076982659
0.00076845054
0.00076705015
0.00076562253
0.00076417224
0.00076270072
0.00076119981
0.00075967386
0.00075813357
0.00075656207
0.00075493587
0.00075327747
0.00075163126
0.00074998403
0.0007482649
0.00074644892
0.0007446387
0.00074302887
0.00074178925
0.0007409725
0.00074051349
0.00074029269
0.00074020151
0.00074016913
0.00074015899
0.00074015608
0.00074015538
0.00074015525
0.00074015524
0.0007401552
0.00074015515
0.0007401551
0.00074015508
0.00074015508
0.00081169631
0.00081148655
0.00081126868
0.00081104241
0.00081080745
0.0008105635
0.00081031024
0.00081004737
0.00080977455
0.00080949147
0.00080919777
0.00080889312
0.00080857716
0.00080824953
0.00080790987
0.0008075578
0.00080719295
0.00080681493
0.00080642335
0.00080601782
0.00080559794
0.00080516329
0.00080471349
0.0008042481
0.00080376674
0.00080326895
0.00080275435
0.00080222249
0.00080167296
0.00080110535
0.00080051919
0.00079991414
0.00079928968
0.00079864551
0.0007979811
0.00079729613
0.00079659015
0.00079586275
0.00079511363
0.00079434223
0.00079354842
0.0007927316
0.00079189161
0.00079102807
0.00079014053
0.00078922901
0.00078829277
0.00078733196
0.00078634613
0.00078533489
0.00078429857
0.00078323627
0.00078214835
0.00078103465
0.00077989441
0.00077872851
0.00077753604
0.00077631698
0.00077507219
0.00077380018
0.00077250201
0.00077117827
0.00076982705
0.00076845096
0.00076705061
0.00076562301
0.00076417266
0.00076270116
0.0007612003
0.00075967432
0.00075813396
0.00075656245
0.00075493625
0.0007532779
0.00075163185
0.00074998468
0.00074826544
0.00074644937
0.00074463922
0.00074302952
0.00074178998
0.0007409732
0.00074051412
0.00074029329
0.00074020213
0.00074016981
0.00074015974
0.0007401569
0.00074015624
0.00074015612
0.00074015611
0.00074015607
0.00074015602
0.00074015598
0.00074015596
0.00074015596
0.00081169467
0.00081148494
0.00081126709
0.00081104085
0.00081080592
0.000810562
0.00081030878
0.00081004596
0.00080977319
0.00080949016
0.00080919651
0.00080889193
0.00080857603
0.00080824847
0.00080790888
0.0008075569
0.00080719212
0.00080681419
0.0008064227
0.00080601725
0.00080559746
0.0008051629
0.0008047132
0.0008042479
0.00080376663
0.00080326892
0.0008027544
0.00080222262
0.00080167316
0.00080110562
0.00080051952
0.00079991453
0.00079929012
0.000798646
0.00079798162
0.0007972967
0.00079659074
0.00079586337
0.00079511427
0.00079434289
0.00079354911
0.00079273228
0.00079189231
0.00079102876
0.00079014122
0.00078922969
0.00078829343
0.00078733262
0.00078634677
0.00078533552
0.00078429919
0.00078323685
0.00078214894
0.00078103521
0.00077989495
0.00077872905
0.00077753653
0.00077631747
0.00077507266
0.00077380061
0.00077250246
0.00077117868
0.00076982746
0.00076845138
0.00076705098
0.00076562339
0.00076417308
0.0007627015
0.00076120066
0.00075967476
0.00075813428
0.00075656261
0.00075493654
0.00075327837
0.00075163227
0.00074998504
0.00074826591
0.00074644993
0.00074463965
0.00074302977
0.00074179025
0.00074097376
0.00074051496
0.00074029424
0.00074020304
0.00074017061
0.00074016048
0.00074015763
0.00074015695
0.00074015681
0.0007401568
0.00074015676
0.00074015672
0.00074015668
0.00074015666
0.00074015666
0.00081169301
0.0008114833
0.00081126548
0.00081103927
0.00081080437
0.00081056049
0.00081030731
0.00081004452
0.0008097718
0.00080948882
0.00080919524
0.00080889071
0.00080857487
0.00080824739
0.00080790787
0.00080755596
0.00080719127
0.00080681341
0.00080642201
0.00080601665
0.00080559695
0.00080516248
0.00080471286
0.00080424765
0.00080376646
0.00080326884
0.00080275441
0.0008022227
0.00080167332
0.00080110585
0.00080051983
0.0007999149
0.00079929055
0.00079864648
0.00079798215
0.00079729726
0.00079659135
0.000795864
0.00079511493
0.00079434356
0.00079354979
0.00079273298
0.00079189301
0.00079102947
0.00079014192
0.00078923039
0.00078829412
0.00078733328
0.00078634743
0.00078533615
0.00078429981
0.00078323747
0.00078214951
0.00078103579
0.00077989549
0.00077872956
0.00077753706
0.00077631793
0.00077507311
0.00077380107
0.00077250285
0.00077117907
0.00076982785
0.00076845169
0.00076705128
0.0007656237
0.00076417337
0.0007627018
0.00076120098
0.00075967515
0.00075813489
0.00075656328
0.00075493686
0.00075327836
0.00075163234
0.00074998529
0.0007482661
0.00074644997
0.00074463981
0.00074303024
0.00074179087
0.00074097426
0.00074051516
0.00074029422
0.00074020298
0.00074017065
0.0007401607
0.00074015801
0.00074015743
0.00074015733
0.00074015733
0.00074015731
0.00074015727
0.00074015723
0.00074015722
0.00074015722
0.00081169134
0.00081148165
0.00081126386
0.00081103767
0.0008108028
0.00081055895
0.00081030581
0.00081004307
0.00080977039
0.00080948746
0.00080919393
0.00080888946
0.00080857368
0.00080824626
0.00080790682
0.00080755498
0.00080719036
0.00080681259
0.00080642127
0.00080601599
0.00080559639
0.000805162
0.00080471248
0.00080424736
0.00080376626
0.00080326873
0.00080275438
0.00080222276
0.00080167346
0.00080110607
0.00080052012
0.00079991525
0.00079929096
0.00079864695
0.00079798267
0.00079729783
0.00079659195
0.00079586464
0.00079511559
0.00079434424
0.00079355049
0.00079273369
0.00079189373
0.00079103019
0.00079014264
0.0007892311
0.00078829482
0.00078733397
0.0007863481
0.00078533681
0.00078430045
0.00078323808
0.00078215011
0.00078103635
0.00077989604
0.00077873008
0.00077753754
0.00077631841
0.00077507355
0.00077380148
0.00077250326
0.00077117944
0.00076982819
0.00076845205
0.00076705158
0.00076562397
0.00076417367
0.00076270208
0.0007612012
0.00075967541
0.00075813524
0.00075656362
0.00075493711
0.00075327854
0.00075163246
0.00074998542
0.00074826628
0.00074645019
0.00074464
0.00074303038
0.00074179104
0.00074097458
0.00074051561
0.00074029474
0.00074020348
0.00074017111
0.00074016114
0.00074015846
0.00074015787
0.00074015777
0.00074015777
0.00074015774
0.00074015771
0.00074015768
0.00074015767
0.00074015767
0.00081168964
0.00081147997
0.0008112622
0.00081103604
0.0008108012
0.00081055739
0.00081030428
0.00081004158
0.00080976895
0.00080948607
0.00080919258
0.00080888817
0.00080857246
0.0008082451
0.00080790572
0.00080755396
0.00080718942
0.00080681173
0.00080642049
0.0008060153
0.00080559578
0.00080516149
0.00080471206
0.00080424702
0.00080376602
0.00080326858
0.00080275432
0.00080222279
0.00080167358
0.00080110626
0.00080052039
0.0007999156
0.00079929137
0.00079864742
0.00079798319
0.0007972984
0.00079659256
0.00079586528
0.00079511627
0.00079434495
0.00079355121
0.00079273443
0.00079189447
0.00079103094
0.00079014338
0.00078923183
0.00078829554
0.00078733468
0.00078634879
0.00078533748
0.0007843011
0.0007832387
0.00078215072
0.00078103693
0.00077989658
0.00077873061
0.00077753803
0.00077631887
0.00077507401
0.00077380187
0.00077250365
0.00077117983
0.0007698285
0.00076845237
0.00076705193
0.00076562422
0.0007641739
0.00076270238
0.00076120142
0.00075967549
0.0007581353
0.00075656373
0.00075493728
0.00075327881
0.00075163278
0.00074998564
0.00074826637
0.00074645028
0.00074464016
0.00074303053
0.00074179115
0.00074097474
0.00074051588
0.00074029512
0.00074020391
0.00074017153
0.00074016155
0.00074015886
0.00074015825
0.00074015813
0.00074015811
0.00074015809
0.00074015806
0.00074015804
0.00074015803
0.00074015803
0.0008116879
0.00081147825
0.0008112605
0.00081103437
0.00081079956
0.00081055578
0.00081030271
0.00081004005
0.00080976746
0.00080948463
0.0008091912
0.00080888684
0.00080857119
0.00080824389
0.00080790458
0.00080755289
0.00080718843
0.00080681082
0.00080641966
0.00080601456
0.00080559513
0.00080516093
0.00080471159
0.00080424666
0.00080376575
0.0008032684
0.00080275424
0.0008022228
0.00080167367
0.00080110644
0.00080052065
0.00079991594
0.00079929178
0.00079864789
0.00079798372
0.00079729898
0.00079659319
0.00079586595
0.00079511697
0.00079434567
0.00079355196
0.00079273519
0.00079189525
0.00079103171
0.00079014415
0.0007892326
0.00078829629
0.00078733542
0.00078634952
0.00078533818
0.00078430178
0.00078323936
0.00078215134
0.00078103752
0.00077989715
0.00077873114
0.00077753854
0.00077631935
0.00077507444
0.0007738023
0.00077250403
0.00077118016
0.00076982883
0.00076845266
0.00076705216
0.00076562446
0.00076417415
0.00076270257
0.0007612016
0.00075967578
0.00075813567
0.00075656404
0.00075493741
0.00075327876
0.0007516327
0.00074998566
0.00074826646
0.00074645032
0.00074464013
0.00074303052
0.00074179126
0.00074097501
0.00074051619
0.00074029537
0.00074020408
0.00074017166
0.00074016171
0.00074015908
0.00074015849
0.00074015839
0.00074015837
0.00074015836
0.00074015833
0.00074015832
0.00074015831
0.00074015831
0.0008116861
0.00081147648
0.00081125875
0.00081103265
0.00081079787
0.00081055413
0.00081030109
0.00081003847
0.00080976593
0.00080948314
0.00080918976
0.00080888546
0.00080856987
0.00080824264
0.0008079034
0.00080755178
0.0008071874
0.00080680986
0.0008064188
0.00080601378
0.00080559444
0.00080516034
0.0008047111
0.00080424625
0.00080376545
0.0008032682
0.00080275413
0.00080222278
0.00080167375
0.00080110661
0.0008005209
0.00079991627
0.00079929219
0.00079864837
0.00079798427
0.00079729958
0.00079659384
0.00079586664
0.0007951177
0.00079434643
0.00079355274
0.00079273598
0.00079189605
0.00079103252
0.00079014496
0.0007892334
0.00078829708
0.00078733619
0.00078635027
0.00078533891
0.00078430249
0.00078324004
0.00078215199
0.00078103815
0.00077989773
0.0007787317
0.00077753906
0.00077631983
0.00077507491
0.00077380271
0.00077250441
0.00077118054
0.00076982915
0.00076845295
0.00076705247
0.00076562471
0.00076417436
0.00076270282
0.00076120182
0.0007596759
0.0007581358
0.00075656417
0.00075493744
0.00075327878
0.00075163282
0.0007499858
0.00074826648
0.00074645026
0.00074464012
0.0007430306
0.00074179135
0.00074097511
0.00074051627
0.00074029546
0.00074020419
0.00074017178
0.00074016188
0.00074015929
0.00074015871
0.0007401586
0.00074015858
0.00074015857
0.00074015855
0.00074015854
0.00074015854
0.00074015854
0.00081168406
0.00081147446
0.00081125676
0.00081103068
0.00081079593
0.00081055221
0.00081029921
0.00081003663
0.00080976412
0.00080948138
0.00080918805
0.0008088838
0.00080856826
0.0008082411
0.00080790192
0.00080755037
0.00080718606
0.00080680861
0.00080641763
0.0008060127
0.00080559345
0.00080515944
0.0008047103
0.00080424556
0.00080376485
0.0008032677
0.00080275374
0.00080222249
0.00080167356
0.00080110652
0.00080052089
0.00079991635
0.00079929234
0.0007986486
0.00079798455
0.00079729993
0.00079659424
0.00079586709
0.00079511819
0.00079434695
0.00079355329
0.00079273654
0.00079189663
0.0007910331
0.00079014553
0.00078923397
0.00078829762
0.00078733674
0.00078635078
0.0007853394
0.00078430295
0.00078324045
0.00078215239
0.00078103849
0.00077989805
0.00077873198
0.00077753928
0.00077632004
0.00077507506
0.00077380282
0.00077250451
0.00077118057
0.00076982916
0.00076845296
0.0007670524
0.00076562464
0.00076417429
0.00076270265
0.00076120162
0.00075967574
0.00075813549
0.00075656371
0.0007549371
0.00075327858
0.00075163258
0.00074998544
0.00074826609
0.00074644984
0.00074463953
0.00074302971
0.00074179016
0.00074097381
0.00074051503
0.00074029444
0.00074020345
0.00074017131
0.00074016166
0.00074015925
0.00074015878
0.00074015872
0.00074015872
0.00074015872
0.00074015872
0.00074015872
0.00074015872
0.00074015872
)
;

boundaryField
{
    inlet
    {
        type            calculated;
        value           nonuniform List<scalar> 
80
(
0.00085102561
0.00085102561
0.00085102561
0.00085102561
0.00085102561
0.00085102561
0.00085102561
0.00085102561
0.00085102561
0.00085102561
0.00085102561
0.00085102561
0.0008510256
0.0008510256
0.0008510256
0.0008510256
0.0008510256
0.0008510256
0.0008510256
0.0008510256
0.0008510256
0.0008510256
0.0008510256
0.0008510256
0.00085102559
0.00085102559
0.00085102559
0.00085102559
0.00085102559
0.00085102558
0.00085102558
0.00085102557
0.00085102557
0.00085102557
0.00085102556
0.00085102555
0.00085102555
0.00085102554
0.00085102553
0.00085102552
0.00085102551
0.0008510255
0.00085102548
0.00085102547
0.00085102545
0.00085102543
0.00085102541
0.00085102539
0.00085102536
0.00085102533
0.0008510253
0.00085102526
0.00085102522
0.00085102518
0.00085102513
0.00085102507
0.00085102501
0.00085102494
0.00085102486
0.00085102478
0.00085102469
0.00085102458
0.00085102447
0.00085102434
0.0008510242
0.00085102404
0.00085102387
0.00085102368
0.00085102347
0.00085102324
0.00085102299
0.00085102271
0.00085102241
0.00085102208
0.00085102172
0.00085102133
0.00085102091
0.00085102045
0.00085101997
0.00085101945
)
;
    }
    outlet
    {
        type            calculated;
        value           nonuniform List<scalar> 
80
(
3.7870586e-05
0.00029395388
0.00052946076
0.00077183963
0.0010337166
0.001310854
0.0016012757
0.0019038161
0.0022176112
0.0025418797
0.0028758096
0.0032184879
0.0035688497
0.0039256358
0.0042873524
0.004652233
0.0050181989
0.005382819
0.005743268
0.0060962853
0.0064381324
0.0067645528
0.007070736
0.0073512873
0.0076002092
0.0077972038
0.0079133876
0.0079594805
0.0079386887
0.0078465818
0.0076728206
0.007404861
0.0070340964
0.0065639447
0.0060168652
0.0054359158
0.004879923
0.0044092885
0.0039638879
0.0030700169
0.0020086163
0.0010505138
0.00065205351
0.00069504866
0.00073285623
0.00073791625
0.00073865275
0.00073899336
0.00073924922
0.00073944789
0.00073960203
0.00073972185
0.00073981525
0.00073988824
0.00073994543
0.00073999032
0.00074002563
0.00074005344
0.00074007539
0.00074009274
0.00074010646
0.00074011732
0.00074012594
0.00074013278
0.00074013821
0.00074014252
0.00074014596
0.00074014869
0.00074015087
0.0007401526
0.00074015398
0.00074015509
0.00074015597
0.00074015667
0.00074015723
0.00074015768
0.00074015803
0.00074015831
0.00074015854
0.00074015872
)
;
    }
    top
    {
        type            calculated;
        value           nonuniform List<scalar> 
110
(
0.00084376918
0.00083398052
0.00082741495
0.00082288798
0.00081970454
0.00081743414
0.00081579858
0.0008146117
0.00081374591
0.00081311189
0.0008126463
0.00081230368
0.00081205118
0.00081186489
0.00081168279
0.0008114732
0.0008112555
0.00081102944
0.00081079469
0.00081055099
0.00081029801
0.00081003544
0.00080976295
0.00080948023
0.00080918692
0.0008088827
0.00080856719
0.00080824005
0.00080790091
0.0008075494
0.00080718513
0.00080680771
0.00080641677
0.00080601189
0.00080559269
0.00080515872
0.00080470963
0.00080424494
0.00080376429
0.00080326719
0.00080275328
0.00080222209
0.0008016732
0.00080110621
0.00080052064
0.00079991614
0.00079929218
0.00079864848
0.00079798448
0.00079729989
0.00079659424
0.00079586712
0.00079511825
0.00079434703
0.0007935534
0.00079273667
0.00079189677
0.00079103325
0.00079014569
0.00078923414
0.0007882978
0.00078733692
0.00078635096
0.00078533958
0.00078430313
0.00078324063
0.00078215257
0.00078103866
0.00077989821
0.00077873214
0.00077753943
0.00077632018
0.0007750752
0.00077380295
0.00077250463
0.00077118069
0.00076982927
0.00076845306
0.00076705249
0.00076562474
0.00076417438
0.00076270274
0.00076120171
0.00075967582
0.00075813557
0.0007565638
0.00075493719
0.00075327867
0.00075163267
0.00074998554
0.0007482662
0.00074644996
0.00074463966
0.00074302983
0.00074179028
0.00074097393
0.00074051515
0.00074029454
0.00074020352
0.00074017134
0.00074016167
0.00074015924
0.00074015876
0.0007401587
0.0007401587
0.00074015871
0.00074015872
0.00074015872
0.00074015872
0.00074015872
)
;
    }
    upstreamWall
    {
        type            symmetryPlane;
    }
    plate
    {
        type            compressible::alphatJayatillekeWallFunction;
        value           uniform 0;
    }
    frontAndBack
    {
        type            empty;
    }
}


// ************************************************************************* //
