/*--------------------------------*- C++ -*----------------------------------*\
| =========                 |                                                 |
| \\      /  F ield         | OpenFOAM: The Open Source CFD Toolbox           |
|  \\    /   O peration     | Version:  2512                                  |
|   \\  /    A nd           | Website:  www.openfoam.com                      |
|    \\/     M anipulation  |                                                 |
\*---------------------------------------------------------------------------*/
FoamFile
{
    version     2.0;
    format      ascii;
    arch        "LSB;label=32;scalar=64";
    class       volScalarField;
    location    "0.0499878";
    object      nut;
}
// * * * * * * * * * * * * * * * * * * * * * * * * * * * * * * * * * * * * * //

dimensions      [0 2 -1 0 0 0 0];

internalField   nonuniform List<scalar> 
8800
(
0.00070324873
0.00069620311
0.0006897079
0.00068676153
0.00068350496
0.00068198318
0.00068045465
0.0006794712
0.00067884927
0.00067817571
0.00067789381
0.00067738074
0.0004659018
7.4183762e-05
0.00070324998
0.00069620133
0.00068970869
0.00068676199
0.00068350168
0.00068198914
0.00068044604
0.00067947982
0.00067884533
0.00067816436
0.00067791662
0.00067737687
0.0004626054
0.00010165281
0.00070325268
0.00069619749
0.00068971043
0.00068676286
0.00068349482
0.00068200171
0.00068042751
0.00067949992
0.00067883038
0.000678151
0.00067802583
0.00067715002
0.00067732547
0.00027998167
0.00070325704
0.00069619128
0.00068971333
0.00068676396
0.00068348445
0.00068202102
0.00068039818
0.00067953496
0.00067879049
0.0006781936
0.00067797247
0.00067726096
0.00067726205
0.00067651513
0.00070326327
0.00069618242
0.00068971766
0.00068676485
0.00068347113
0.00068204626
0.00068035862
0.00067958528
0.00067872276
0.00067830043
0.00067775176
0.00067772761
0.00067664073
0.00067718335
0.00070327157
0.00069617061
0.00068972376
0.00068676482
0.00068345616
0.00068207524
0.00068031207
0.00067964468
0.0006786467
0.00067839496
0.00067763653
0.00067780722
0.00067672108
0.0006772629
0.00070328212
0.00069615562
0.00068973202
0.00068676285
0.00068344168
0.00068210408
0.00068026484
0.000679702
0.00067858533
0.00067842898
0.00067769134
0.00067755487
0.00067713642
0.00067661946
0.00070329507
0.00069613726
0.00068974289
0.00068675763
0.00068343062
0.00068212727
0.00068022564
0.0006797457
0.00067854503
0.00067844018
0.00067771494
0.00067753871
0.00067704059
0.00067680682
0.00070331051
0.00069611546
0.00068975676
0.00068674772
0.00068342638
0.00068213845
0.00068020402
0.00067976553
0.00067852669
0.00067845347
0.00067767509
0.00067763598
0.00067691637
0.000676897
0.00070332847
0.00069609031
0.0006897739
0.00068673184
0.00068343211
0.00068213195
0.00068020794
0.00067975295
0.00067853865
0.00067844576
0.00067765832
0.00067766024
0.00067691425
0.00067688439
0.0007033489
0.00069606205
0.00068979431
0.0006867093
0.00068344957
0.000682105
0.0006802403
0.00067970523
0.00067858797
0.00067839317
0.00067770649
0.00067759937
0.00067697731
0.00067682919
0.00070337165
0.00069603119
0.00068981756
0.00068668049
0.00068347805
0.00068205997
0.00068029545
0.00067963164
0.00067866406
0.0006783087
0.00067778889
0.00067751451
0.00067704872
0.00067677014
0.0007033965
0.00069599843
0.00068984269
0.00068664725
0.00068351356
0.00068200528
0.00068035848
0.00067955415
0.00067873762
0.00067823253
0.00067785193
0.00067745968
0.00067709159
0.00067673708
0.00070342314
0.00069596468
0.00068986822
0.0006866128
0.00068354926
0.00068195363
0.00068040984
0.00067949814
0.00067877926
0.00067819575
0.00067786976
0.00067744741
0.0006771012
0.00067673211
0.00070345127
0.00069593086
0.00068989242
0.0006865811
0.00068357739
0.00068191743
0.00068043408
0.00067947838
0.00067877869
0.00067820046
0.00067785073
0.00067746287
0.00067709101
0.00067674289
0.00070348062
0.00069589771
0.00068991376
0.00068655558
0.00068359219
0.00068190327
0.00068042761
0.00067949155
0.00067874775
0.00067822769
0.00067781675
0.00067748624
0.00067707664
0.00067675707
0.00070351108
0.00069586548
0.00068993157
0.00068653762
0.00068359272
0.00068190849
0.00068040015
0.00067952028
0.00067870827
0.00067825553
0.00067778592
0.00067750443
0.0006770677
0.00067676826
0.00070354279
0.00069583362
0.00068994663
0.00068652545
0.00068358377
0.00068192239
0.00068036861
0.00067954468
0.00067867832
0.00067827065
0.00067776662
0.0006775123
0.00067706749
0.00067677495
0.00070357618
0.00069580056
0.00068996146
0.00068651423
0.00068357417
0.00068193148
0.00068034815
0.0006795522
0.00067866551
0.00067826953
0.00067775997
0.00067750962
0.00067707582
0.00067677845
0.00070361204
0.00069576382
0.0006899799
0.0006864974
0.00068357309
0.00068192577
0.0006803456
0.00067954089
0.000678668
0.0006782555
0.00067776245
0.00067749952
0.00067708994
0.00067678192
0.00070365133
0.00069572036
0.00069000622
0.0006864689
0.0006835865
0.00068190212
0.00068035907
0.00067951616
0.0006786791
0.00067823484
0.00067776846
0.00067748647
0.00067710598
0.00067678911
0.00070369495
0.00069566738
0.00069004375
0.00068642512
0.00068361554
0.0006818633
0.00068038225
0.00067948506
0.00067869232
0.00067821291
0.00067777374
0.00067747374
0.00067712121
0.00067680226
0.00070374339
0.00069560325
0.00069009373
0.00068636588
0.00068365763
0.00068181417
0.0006804101
0.00067945131
0.00067870538
0.00067819097
0.00067777773
0.00067746148
0.00067713541
0.00067682076
0.00070379624
0.00069552849
0.00069015461
0.00068629425
0.00068370845
0.00068175855
0.00068044093
0.00067941472
0.00067871971
0.00067816712
0.00067778257
0.00067744792
0.00067714995
0.00067684189
0.00070385186
0.00069544639
0.00069022198
0.00068621585
0.0006837632
0.00068169946
0.00068047425
0.00067937483
0.00067873677
0.00067814015
0.0006777898
0.00067743209
0.00067716569
0.00067686301
0.00070390716
0.00069536305
0.00069028908
0.00068613832
0.00068381609
0.00068164156
0.00068050708
0.00067933478
0.00067875433
0.0006781127
0.00067779767
0.00067741604
0.00067718129
0.00067688349
0.00070395782
0.00069528677
0.00069034787
0.00068607061
0.0006838602
0.00068159204
0.0006805336
0.00067930086
0.00067876768
0.0006780897
0.00067780303
0.00067740313
0.00067719476
0.00067690393
0.00070399882
0.00069522649
0.00069039073
0.00068602129
0.00068388901
0.00068155808
0.00068054858
0.0006792786
0.0006787735
0.00067807482
0.00067780414
0.00067739568
0.00067720526
0.00067692491
0.00070402549
0.00069518976
0.0006904125
0.00068599605
0.00068389931
0.00068154342
0.00068055067
0.00067926995
0.0006787718
0.000678069
0.00067780163
0.00067739426
0.00067721342
0.00067694658
0.00070403462
0.00069518066
0.00069041206
0.00068599586
0.00068389256
0.00068154696
0.00068054263
0.00067927328
0.00067876526
0.00067807103
0.00067779753
0.00067739825
0.00067722065
0.0006769688
0.00070402543
0.00069519868
0.00069039255
0.00068601701
0.00068387387
0.00068156428
0.0006805292
0.00067928525
0.00067875719
0.00067807898
0.00067779393
0.00067740661
0.00067722835
0.00067699138
0.00070399992
0.00069523895
0.00069035984
0.00068605312
0.00068384902
0.00068159043
0.0006805142
0.00067930285
0.00067874985
0.00067809103
0.00067779217
0.00067741819
0.00067723724
0.00067701398
0.0007039625
0.00069529389
0.00069032022
0.00068609756
0.00068382255
0.00068162106
0.00068050015
0.00067932343
0.00067874432
0.00067810562
0.00067779249
0.00067743202
0.00067724726
0.00067703631
0.00070391896
0.00069535519
0.00069027872
0.000686145
0.00068379655
0.00068165343
0.00068048731
0.00067934549
0.00067874021
0.00067812156
0.0006777943
0.00067744693
0.00067725779
0.00067705772
0.00070387519
0.00069541558
0.00069023862
0.00068619168
0.00068377148
0.00068168577
0.00068047499
0.00067936779
0.00067873645
0.00067813784
0.00067779635
0.00067746203
0.00067726766
0.00067707757
0.000703836
0.00069546958
0.00069020204
0.00068623474
0.00068374761
0.0006817164
0.00068046274
0.00067938902
0.00067873224
0.00067815334
0.00067779774
0.00067747615
0.00067727604
0.00067709507
0.00070380449
0.00069551373
0.00069017073
0.00068627166
0.00068372594
0.0006817433
0.00068045099
0.00067940772
0.00067872761
0.00067816681
0.00067779822
0.00067748829
0.00067728255
0.00067710962
0.00070378175
0.00069554644
0.00069014623
0.0006863004
0.0006837081
0.00068176461
0.0006804409
0.00067942242
0.00067872328
0.00067817724
0.00067779809
0.00067749773
0.00067728737
0.00067712088
0.00070376716
0.00069556802
0.00069012927
0.00068632012
0.00068369533
0.00068177931
0.00068043366
0.00067943237
0.00067872006
0.00067818417
0.00067779791
0.00067750425
0.00067729094
0.00067712899
0.00070375895
0.0006955804
0.00069011928
0.00068633163
0.0006836878
0.00068178776
0.00068042956
0.00067943789
0.0006787183
0.00067818795
0.00067779802
0.00067750822
0.00067729371
0.00067713446
0.00070375496
0.00069558636
0.00069011453
0.00068633704
0.00068368444
0.00068179153
0.00068042796
0.00067944017
0.00067871773
0.0006781895
0.00067779844
0.00067751038
0.00067729592
0.00067713802
0.00070375335
0.00069558862
0.00069011293
0.00068633887
0.00068368353
0.00068179261
0.00068042779
0.00067944068
0.00067871779
0.00067818984
0.00067779897
0.00067751151
0.00067729769
0.00067714039
0.00070375283
0.00069558918
0.00069011276
0.00068633908
0.00068368366
0.00068179256
0.00068042809
0.0006794405
0.000678718
0.0006781897
0.00067779943
0.00067751214
0.00067729905
0.00067714205
0.00070375273
0.00069558916
0.00069011299
0.00068633886
0.00068368399
0.00068179226
0.00068042838
0.00067944018
0.00067871812
0.00067818948
0.00067779973
0.00067751256
0.00067730007
0.00067714327
0.00070375275
0.00069558904
0.00069011322
0.00068633866
0.0006836842
0.00068179201
0.00068042852
0.00067943992
0.00067871811
0.00067818928
0.00067779989
0.00067751287
0.00067730081
0.00067714421
0.00070375279
0.00069558894
0.00069011334
0.00068633857
0.00068368427
0.00068179186
0.00068042854
0.00067943972
0.00067871801
0.00067818911
0.00067779994
0.00067751309
0.00067730134
0.00067714492
0.00070375283
0.00069558888
0.00069011338
0.00068633854
0.00068368426
0.00068179178
0.0006804285
0.00067943957
0.00067871786
0.00067818895
0.00067779992
0.00067751324
0.00067730169
0.00067714544
0.00070375285
0.00069558885
0.00069011339
0.00068633851
0.00068368424
0.00068179173
0.00068042843
0.00067943944
0.00067871768
0.00067818878
0.00067779985
0.00067751331
0.00067730192
0.00067714581
0.00070375286
0.00069558884
0.0006901134
0.00068633848
0.0006836842
0.00068179168
0.00068042834
0.00067943929
0.00067871748
0.0006781886
0.00067779974
0.00067751332
0.00067730204
0.00067714604
0.00070375287
0.00069558883
0.0006901134
0.00068633846
0.00068368416
0.00068179163
0.00068042825
0.00067943914
0.00067871728
0.0006781884
0.00067779959
0.00067751326
0.00067730208
0.00067714617
0.00070375288
0.00069558883
0.0006901134
0.00068633845
0.00068368412
0.00068179156
0.00068042815
0.00067943896
0.00067871706
0.00067818818
0.00067779942
0.00067751316
0.00067730205
0.00067714622
0.00070375288
0.00069558883
0.0006901134
0.00068633845
0.0006836841
0.00068179147
0.00068042806
0.00067943877
0.00067871685
0.00067818794
0.00067779922
0.00067751302
0.00067730197
0.00067714621
0.00070375287
0.00069558885
0.00069011339
0.00068633845
0.00068368408
0.00068179137
0.00068042794
0.00067943858
0.00067871662
0.0006781877
0.00067779902
0.00067751286
0.00067730185
0.00067714614
0.00070375286
0.00069558887
0.00069011339
0.00068633844
0.00068368405
0.00068179127
0.00068042781
0.00067943838
0.0006787164
0.00067818745
0.0006777988
0.00067751268
0.00067730171
0.00067714603
0.00070375284
0.00069558888
0.0006901134
0.00068633841
0.00068368402
0.00068179118
0.00068042768
0.00067943817
0.00067871616
0.0006781872
0.00067779857
0.00067751247
0.00067730155
0.00067714589
0.00070375283
0.00069558889
0.00069011341
0.00068633838
0.00068368398
0.00068179108
0.00068042754
0.00067943796
0.00067871592
0.00067818694
0.00067779832
0.00067751225
0.00067730136
0.00067714573
0.00070375283
0.0006955889
0.0006901134
0.00068633834
0.00068368394
0.00068179098
0.0006804274
0.00067943775
0.00067871568
0.00067818668
0.00067779808
0.00067751203
0.00067730116
0.00067714555
0.00070375283
0.0006955889
0.00069011339
0.00068633831
0.00068368389
0.00068179088
0.00068042725
0.00067943754
0.00067871544
0.00067818642
0.00067779783
0.0006775118
0.00067730095
0.00067714536
0.00070375283
0.00069558891
0.00069011337
0.00068633827
0.00068368384
0.00068179078
0.0006804271
0.00067943733
0.0006787152
0.00067818617
0.00067779759
0.00067751157
0.00067730074
0.00067714517
0.00070375283
0.00069558891
0.00069011336
0.00068633824
0.00068368378
0.00068179067
0.00068042693
0.00067943712
0.00067871495
0.00067818591
0.00067779735
0.00067751134
0.00067730053
0.00067714498
0.00070375284
0.0006955889
0.00069011335
0.00068633821
0.00068368372
0.00068179055
0.00068042675
0.00067943691
0.00067871471
0.00067818568
0.00067779712
0.00067751112
0.00067730033
0.00067714479
0.00070375285
0.00069558889
0.00069011334
0.00068633818
0.00068368363
0.00068179043
0.00068042658
0.0006794367
0.00067871448
0.00067818545
0.00067779689
0.00067751091
0.00067730013
0.00067714461
0.00070375286
0.00069558888
0.00069011332
0.00068633815
0.00068368355
0.00068179032
0.0006804264
0.0006794365
0.00067871426
0.00067818523
0.00067779668
0.00067751071
0.00067729994
0.00067714443
0.00070375287
0.00069558887
0.00069011331
0.00068633811
0.00068368346
0.0006817902
0.00068042623
0.0006794363
0.00067871404
0.00067818501
0.00067779648
0.00067751052
0.00067729976
0.00067714426
0.00070375288
0.00069558887
0.00069011328
0.00068633807
0.00068368337
0.00068179008
0.00068042607
0.00067943611
0.00067871383
0.00067818481
0.00067779628
0.00067751034
0.00067729959
0.0006771441
0.00070375289
0.00069558887
0.00069011325
0.00068633802
0.00068368328
0.00068178995
0.0006804259
0.00067943592
0.00067871364
0.00067818462
0.0006777961
0.00067751017
0.00067729944
0.00067714395
0.0007037529
0.00069558886
0.00069011322
0.00068633797
0.00068368319
0.00068178983
0.00068042574
0.00067943575
0.00067871345
0.00067818445
0.00067779594
0.00067751001
0.00067729929
0.00067714381
0.00070375291
0.00069558885
0.00069011319
0.00068633792
0.0006836831
0.00068178971
0.00068042558
0.00067943557
0.00067871328
0.00067818428
0.00067779578
0.00067750987
0.00067729916
0.00067714369
0.00070375292
0.00069558885
0.00069011316
0.00068633787
0.00068368301
0.00068178959
0.00068042543
0.00067943541
0.00067871312
0.00067818413
0.00067779564
0.00067750975
0.00067729904
0.00067714358
0.00070375293
0.00069558885
0.00069011314
0.0006863378
0.00068368292
0.00068178947
0.00068042529
0.00067943526
0.00067871297
0.000678184
0.00067779552
0.00067750964
0.00067729894
0.00067714349
0.00070375294
0.00069558884
0.00069011311
0.00068633774
0.00068368283
0.00068178934
0.00068042516
0.00067943513
0.00067871285
0.00067818388
0.00067779542
0.00067750955
0.00067729886
0.00067714341
0.00070375295
0.00069558884
0.00069011309
0.00068633768
0.00068368274
0.00068178922
0.00068042503
0.000679435
0.00067871273
0.00067818378
0.00067779533
0.00067750947
0.0006772988
0.00067714335
0.00070375296
0.00069558884
0.00069011306
0.00068633761
0.00068368264
0.0006817891
0.00068042491
0.00067943488
0.00067871263
0.00067818369
0.00067779526
0.00067750941
0.00067729874
0.00067714331
0.00070375297
0.00069558883
0.00069011303
0.00068633754
0.00068368255
0.00068178898
0.0006804248
0.00067943478
0.00067871255
0.00067818363
0.0006777952
0.00067750937
0.00067729871
0.00067714328
0.00070375298
0.00069558883
0.00069011299
0.00068633747
0.00068368246
0.00068178888
0.0006804247
0.00067943469
0.00067871247
0.00067818356
0.00067779516
0.00067750933
0.00067729869
0.00067714327
0.000703753
0.00069558882
0.00069011295
0.0006863374
0.00068368236
0.00068178878
0.0006804246
0.0006794346
0.00067871241
0.00067818352
0.00067779513
0.00067750932
0.00067729868
0.00067714327
0.00070375301
0.00069558881
0.00069011292
0.00068633732
0.00068368227
0.00068178868
0.00068042451
0.00067943453
0.00067871236
0.00067818349
0.00067779511
0.00067750931
0.00067729869
0.00067714328
0.00070375303
0.00069558881
0.00069011287
0.00068633725
0.00068368217
0.00068178858
0.00068042443
0.00067943447
0.00067871232
0.00067818347
0.00067779511
0.00067750932
0.00067729871
0.00067714331
0.00070375305
0.0006955888
0.00069011283
0.00068633717
0.00068368208
0.00068178849
0.00068042435
0.00067943441
0.00067871228
0.00067818346
0.00067779512
0.00067750934
0.00067729874
0.00067714335
0.00070375308
0.00069558879
0.00069011278
0.00068633707
0.00068368194
0.00068178833
0.00068042419
0.00067943427
0.00067871215
0.00067818334
0.00067779501
0.00067750925
0.00067729865
0.00067714326
6.5350277e-06
2.8559558e-05
4.2784276e-05
4.3839689e-05
4.1009738e-05
3.8509463e-05
3.9270288e-05
4.0702588e-05
4.2463185e-05
4.3362824e-05
4.3779424e-05
4.3846983e-05
4.3721158e-05
4.3532345e-05
4.3293049e-05
4.3012396e-05
4.2721645e-05
4.2427836e-05
4.2132403e-05
4.1840623e-05
4.1555076e-05
4.1274444e-05
4.1007452e-05
4.074942e-05
4.049635e-05
4.0248545e-05
4.0006307e-05
3.9771481e-05
3.9545696e-05
3.9324014e-05
3.9107038e-05
3.8893453e-05
3.8686785e-05
3.8484456e-05
3.8286583e-05
3.8091564e-05
3.7900666e-05
3.7714363e-05
3.7530723e-05
3.7350251e-05
3.717306e-05
3.6999304e-05
3.6827559e-05
3.6658383e-05
3.6492215e-05
3.6328475e-05
3.6166576e-05
3.600713e-05
3.5849959e-05
3.5694581e-05
3.5541144e-05
3.5389578e-05
3.523967e-05
3.5091618e-05
3.4944924e-05
3.4799895e-05
3.4656492e-05
3.4514189e-05
3.437349e-05
3.4234051e-05
3.4095881e-05
3.3959001e-05
3.3823111e-05
3.3688696e-05
3.3555195e-05
3.3422796e-05
3.3291597e-05
3.3161677e-05
3.3032229e-05
3.2904097e-05
3.2777784e-05
3.2651983e-05
3.2526799e-05
3.2404545e-05
3.2285733e-05
3.2168539e-05
3.2054196e-05
3.1949994e-05
3.1862022e-05
3.1789787e-05
3.1729435e-05
3.1679882e-05
3.1647057e-05
3.1636666e-05
3.1642381e-05
3.1654001e-05
3.1662478e-05
3.1665058e-05
3.1664641e-05
3.1663859e-05
3.166361e-05
3.1663666e-05
3.1663743e-05
3.1663763e-05
3.1663766e-05
3.1663729e-05
3.0377067e-05
2.7713437e-05
4.6526854e-05
6.1459789e-05
8.682809e-05
0.00011985995
0.00016075068
0.00019503009
0.00022253228
0.00024138385
0.00025641118
0.0002673255
0.00027543292
0.00028137353
0.00028547579
0.00028812744
0.00029011224
0.00029158741
0.00029259101
0.00029328095
0.00029370618
0.00029389647
0.00029404464
0.00029406431
0.00029391358
0.00029363056
0.0002932416
0.00029279987
0.00029234051
0.00029177719
0.00029114843
0.00029044417
0.00028974216
0.00028899242
0.00028821258
0.00028738132
0.00028653442
0.00028568214
0.00028479306
0.00028388836
0.00028297371
0.00028205458
0.00028110933
0.00028015671
0.00027920625
0.00027824871
0.00027727826
0.00027631008
0.00027534163
0.00027436672
0.00027339164
0.00027241646
0.00027143961
0.00027046635
0.00026948926
0.0002685162
0.00026754683
0.00026657351
0.00026560737
0.00026464218
0.00026367929
0.00026272081
0.00026176199
0.00026081149
0.00025986132
0.00025891493
0.00025797317
0.00025703935
0.00025610128
0.00025517048
0.00025425451
0.00025333629
0.0002524147
0.00025151605
0.00025064548
0.0002497788
0.00024891549
0.0002481192
0.00024744608
0.00024689051
0.00024641765
0.00024600483
0.00024570077
0.00024557608
0.00024559595
0.00024567902
0.00024575685
0.00024578474
0.00024578385
0.00024577767
0.00024577485
0.00024577497
0.00024577545
0.00024577554
0.00024577551
0.00024577529
5.473964e-05
2.9167661e-05
3.2349273e-05
3.0527164e-05
3.8919149e-05
4.984733e-05
7.7058779e-05
0.00010789303
0.00015443342
0.00020317506
0.00026295179
0.00031336424
0.00034924428
0.00037531654
0.00039596012
0.00041244855
0.00042633474
0.00043757033
0.00044678013
0.00045456769
0.00046111366
0.00046665989
0.00047166706
0.00047588799
0.00047940457
0.00048237686
0.00048487461
0.00048703925
0.00048892899
0.00049037898
0.00049154225
0.00049240214
0.00049312907
0.00049360118
0.00049389956
0.00049397989
0.0004939363
0.00049378015
0.0004934543
0.00049302811
0.00049250587
0.00049190318
0.00049118014
0.0004903905
0.00048955089
0.00048864315
0.00048766261
0.00048664574
0.00048558688
0.00048447616
0.00048333097
0.00048215244
0.00048094008
0.00047970717
0.0004784381
0.00047715415
0.00047585401
0.00047452228
0.00047318719
0.00047183347
0.00047046624
0.00046909218
0.00046770008
0.00046631091
0.00046490833
0.0004634998
0.00046208685
0.00046068048
0.00045925208
0.00045782602
0.00045642196
0.00045500353
0.00045356372
0.00045215739
0.00045079802
0.00044943305
0.000448045
0.00044674623
0.0004456464
0.00044473617
0.00044395005
0.00044322607
0.00044264266
0.00044235466
0.00044236342
0.00044248772
0.00044263719
0.00044269681
0.00044269803
0.00044268747
0.00044268121
0.00044268119
0.00044268207
0.00044268231
0.00044268222
0.00044268182
0.00059743065
0.00018156794
7.052745e-05
5.2006628e-05
4.5697478e-05
3.7475608e-05
3.6147938e-05
4.1209295e-05
5.6859373e-05
8.4260077e-05
0.00012705128
0.00019035459
0.00026071204
0.0003163019
0.00036720799
0.0004146075
0.00045505021
0.00048456295
0.00050951461
0.0005310697
0.00055015256
0.00056686642
0.00058217015
0.00059552891
0.00060726788
0.00061770537
0.00062697755
0.0006353918
0.00064303574
0.00064964569
0.00065555526
0.00066071881
0.00066544558
0.00066952913
0.00067316279
0.00067624745
0.00067897024
0.00068134718
0.00068329705
0.00068496511
0.00068634184
0.00068747056
0.0006882888
0.00068890385
0.00068934184
0.00068957714
0.00068960969
0.0006895076
0.0006892648
0.00068886816
0.00068835182
0.00068772155
0.00068698037
0.00068615476
0.00068521798
0.00068421389
0.00068314052
0.00068197174
0.00068076348
0.0006794873
0.00067815561
0.00067678269
0.00067534805
0.00067389345
0.00067238911
0.00067084996
0.0006692799
0.0006677017
0.00066606083
0.00066440442
0.00066277048
0.00066109008
0.00065934979
0.00065765047
0.00065601291
0.00065433569
0.00065257611
0.00065091437
0.00064951993
0.00064836145
0.00064732646
0.00064629634
0.00064539468
0.00064490266
0.0006448755
0.00064502701
0.00064525477
0.00064535077
0.00064535644
0.00064534221
0.00064533223
0.00064533189
0.00064533309
0.00064533347
0.00064533327
0.00064533274
0.00066648145
0.00060345146
0.0004611958
0.00028048473
0.00015229141
0.00010445269
7.5117679e-05
5.7297332e-05
4.6588095e-05
4.3643446e-05
5.0853491e-05
7.0648841e-05
0.00011593577
0.00017524581
0.0002468255
0.00030414607
0.0003620528
0.00041787628
0.00047012144
0.00051655833
0.00055945589
0.00059814084
0.0006337972
0.00066076769
0.00068497452
0.00070693483
0.0007269082
0.00074525129
0.00076207892
0.00077710061
0.00079080382
0.00080313222
0.00081457734
0.00082481647
0.00083419482
0.00084252125
0.00085013267
0.00085703173
0.00086312259
0.0008686533
0.00087357788
0.00087798994
0.00088180119
0.00088519313
0.00088819589
0.00089077896
0.0008929545
0.00089483026
0.00089640225
0.0008976547
0.00089864441
0.00089938611
0.00089988907
0.00090019657
0.00090026974
0.00090018468
0.00089993701
0.00089948946
0.00089893593
0.00089823009
0.00089739593
0.00089645899
0.00089538664
0.00089424913
0.00089300041
0.00089166484
0.00089025069
0.00088879805
0.00088721677
0.00088558523
0.00088396785
0.00088225116
0.00088041268
0.000878617
0.00087689416
0.00087507436
0.00087308047
0.00087118064
0.000869616
0.00086831419
0.00086709521
0.00086576379
0.00086450104
0.00086376009
0.00086367625
0.00086384947
0.0008641645
0.00086430381
0.00086431614
0.00086429822
0.00086428402
0.00086428323
0.00086428479
0.00086428535
0.00086428504
0.00086428439
0.00067533125
0.00066510492
0.00063182564
0.0005483182
0.0004090614
0.00032574835
0.00023068688
0.00017168761
0.00012709842
9.493128e-05
7.1204861e-05
5.9099798e-05
5.6584077e-05
6.9788636e-05
0.00010750084
0.0001626585
0.00023726281
0.00029380149
0.00035288272
0.0004135562
0.00047358313
0.00052990476
0.00058479146
0.00063586524
0.00068273366
0.0007257335
0.00076554973
0.00080233777
0.00083390781
0.00086055978
0.00088520875
0.00090775132
0.00092891278
0.00094808815
0.00096579293
0.00098189844
0.00099680767
0.0010105029
0.0010228868
0.001034333
0.0010447353
0.0010542632
0.0010627923
0.0010706036
0.00107772
0.0010841083
0.0010898018
0.0010949565
0.0010995721
0.0011036283
0.0011072126
0.001110354
0.0011130697
0.0011154225
0.0011173619
0.0011190068
0.0011203467
0.0011213345
0.0011221129
0.0011226122
0.0011228728
0.001122936
0.001122754
0.001122433
0.0011219095
0.0011212181
0.0011203739
0.0011194412
0.0011182839
0.0011170199
0.0011157494
0.0011143024
0.0011126438
0.0011110212
0.0011094762
0.0011077505
0.0011057235
0.0011037728
0.0011022238
0.0011009394
0.0010996473
0.0010980545
0.0010964098
0.0010953868
0.0010952247
0.0010954171
0.0010958238
0.0010960123
0.0010960333
0.001096012
0.0010959932
0.0010959918
0.0010959937
0.0010959945
0.0010959941
0.0010959933
0.00067696627
0.00067459473
0.00066853368
0.00065092756
0.00060248592
0.00055253881
0.00046500911
0.00039562508
0.00031799274
0.00026796905
0.00019798613
0.00015375811
0.00010926951
8.3576882e-05
6.8997746e-05
7.429074e-05
0.0001011831
0.00015399387
0.00022299238
0.00028875739
0.0003469404
0.00040870783
0.00047418233
0.00053839897
0.00060121715
0.00066217956
0.00072028207
0.00077520343
0.00082697723
0.00087482396
0.00091921564
0.00096025461
0.00099896068
0.0010308198
0.0010595556
0.0010860729
0.0011108744
0.0011338382
0.001154881
0.0011744302
0.0011925085
0.0012092136
0.0012244115
0.0012385185
0.0012515291
0.0012634056
0.0012742144
0.001284171
0.0012932746
0.001301496
0.0013089658
0.0013157321
0.0013218186
0.0013273107
0.0013321485
0.0013365043
0.0013403548
0.0013436471
0.0013465841
0.0013490655
0.0013511536
0.001352911
0.0013542715
0.001355384
0.0013561681
0.0013566686
0.0013569101
0.0013569892
0.001356713
0.0013562469
0.0013557375
0.0013549465
0.0013538216
0.0013527133
0.0013516791
0.0013503506
0.0013485547
0.0013468012
0.0013455144
0.0013444644
0.0013432586
0.0013414818
0.0013394573
0.00133813
0.001337872
0.0013380795
0.0013385804
0.0013388234
0.0013388553
0.0013388309
0.0013388073
0.0013388051
0.0013388073
0.0013388083
0.0013388078
0.0013388069
0.0006764564
0.00067647807
0.00067481229
0.00067132459
0.00066166142
0.0006457262
0.00061093604
0.00057794908
0.00051771572
0.00047645095
0.00040084609
0.00035027537
0.00027966346
0.00021744606
0.00015287347
0.00011229527
8.6795513e-05
8.1939415e-05
9.9359769e-05
0.00014537556
0.00021052038
0.00029204377
0.00034787331
0.00040997163
0.00047772646
0.00054697696
0.00061537741
0.0006842004
0.00075182006
0.00081708437
0.00087959876
0.00093876003
0.00099506383
0.0010472705
0.0010959562
0.0011410606
0.0011835002
0.0012201544
0.001252272
0.0012823076
0.0013103958
0.0013364953
0.0013605132
0.0013829607
0.0014038179
0.0014230874
0.00144081
0.0014572999
0.0014725386
0.0014864831
0.0014993279
0.0015111389
0.0015219427
0.0015318514
0.0015407981
0.0015490193
0.0015564698
0.0015630961
0.0015691742
0.0015745632
0.001579354
0.0015836369
0.0015873232
0.001590611
0.0015934054
0.0015957599
0.0015977111
0.0015993985
0.0016005601
0.0016014161
0.001602172
0.0016025099
0.0016023537
0.0016021782
0.0016020623
0.0016015055
0.0016002721
0.001599028
0.0015983147
0.0015977776
0.001596871
0.0015950307
0.0015926544
0.0015910126
0.0015906452
0.0015908635
0.0015914595
0.0015917619
0.0015918067
0.0015917799
0.0015917511
0.001591748
0.0015917504
0.0015917518
0.0015917511
0.0015917501
0.00067633293
0.00067644775
0.00067563709
0.00067538624
0.00067273713
0.00066895713
0.00066038301
0.00064889651
0.00062411111
0.00060318424
0.00056401845
0.00052533019
0.00048000479
0.00041128677
0.00035478659
0.00027374953
0.00020076482
0.00014447044
0.00010843053
9.2980379e-05
0.00010149409
0.00014030688
0.00020209886
0.00028242591
0.00035474046
0.00041665864
0.00048484466
0.00055833557
0.00063195599
0.00070735297
0.00078294201
0.00085679832
0.00092893692
0.00099855883
0.001065343
0.0011284816
0.0011885558
0.0012447485
0.0012969275
0.0013456845
0.0013915542
0.0014301268
0.0014651862
0.0014981846
0.0015290169
0.001557713
0.0015843332
0.0016092807
0.0016324241
0.0016538669
0.0016737668
0.0016922305
0.0017092824
0.0017250679
0.0017395142
0.0017529329
0.0017652433
0.0017763998
0.0017867646
0.0017961433
0.0018046625
0.0018124486
0.0018193846
0.0018257234
0.0018313607
0.0018363553
0.0018407582
0.001844764
0.0018480288
0.0018508339
0.0018534582
0.0018554928
0.0018568296
0.0018580902
0.0018593824
0.0018600505
0.0018597855
0.0018594329
0.0018596752
0.0018599971
0.0018596637
0.0018579302
0.00185526
0.0018533079
0.0018528224
0.0018530483
0.0018537379
0.0018541049
0.0018541648
0.001854136
0.0018541022
0.0018540979
0.0018541005
0.0018541021
0.0018541012
0.0018541002
0.00067634752
0.00067637281
0.00067566695
0.00067569121
0.00067469461
0.00067414161
0.00067158356
0.00066815166
0.00066190962
0.0006529367
0.00063982389
0.00061817132
0.0005987933
0.00056107422
0.00052954008
0.00046694166
0.00041002445
0.00032344057
0.00024596312
0.00017871203
0.0001336067
0.00010731753
0.0001075929
0.000136624
0.00019579748
0.00027476108
0.00036811548
0.00042960714
0.00049853685
0.00057439699
0.00065284755
0.0007328884
0.00081546292
0.00089724042
0.00097859703
0.0010578218
0.0011346429
0.0012084696
0.0012790602
0.0013459356
0.0014093642
0.00146861
0.0015235668
0.0015753342
0.0016216434
0.0016618791
0.0016994928
0.0017349627
0.0017679722
0.0017988177
0.0018276556
0.0018545094
0.0018795109
0.0019028263
0.0019243402
0.0019444657
0.0019630682
0.0019801215
0.0019960885
0.0020107015
0.0020241336
0.0020365558
0.0020478145
0.0020582241
0.0020676769
0.0020762316
0.0020839563
0.002091115
0.0020972676
0.0021027618
0.0021079663
0.0021123704
0.0021158238
0.0021191174
0.0021223993
0.0021248329
0.0021260243
0.0021270227
0.0021286808
0.002130284
0.0021308666
0.0021294679
0.0021265973
0.0021243559
0.0021237499
0.0021239821
0.0021247612
0.0021251983
0.0021252757
0.0021252456
0.0021252066
0.002125201
0.0021252037
0.0021252056
0.0021252044
0.0021252033
0.00067641588
0.00067626288
0.00067575662
0.0006755333
0.00067501558
0.0006746182
0.00067395796
0.00067283121
0.00067123805
0.00066794781
0.00066396111
0.00065649141
0.00064845493
0.00063269883
0.00061842377
0.00059004963
0.00056307194
0.00050648429
0.00045219153
0.00036953622
0.00028837117
0.00021456668
0.00015952204
0.00012482754
0.00011614549
0.00013505186
0.00019322305
0.00027179088
0.00036870975
0.00044739211
0.00051781138
0.00059522977
0.00067845378
0.00076224679
0.00085144617
0.00094099298
0.0010308098
0.0011194082
0.0012062396
0.0012901316
0.0013708259
0.0014484379
0.0015220351
0.0015919954
0.0016576822
0.0017190212
0.001776301
0.0018291844
0.0018740971
0.001916376
0.0019561471
0.0019933033
0.0020281166
0.0020607751
0.0020910929
0.0021195694
0.0021460872
0.0021705742
0.002193631
0.0022148887
0.0022345823
0.0022529359
0.0022697478
0.0022854005
0.0022997908
0.0023129701
0.0023250249
0.0023363063
0.0023462612
0.002355308
0.002363924
0.0023714863
0.0023777896
0.0023838168
0.0023897715
0.0023946084
0.0023978363
0.0024007304
0.0024043515
0.0024077432
0.0024096624
0.002408894
0.0024059575
0.0024034685
0.0024027469
0.002402986
0.0024038495
0.0024043624
0.0024044595
0.0024044288
0.0024043848
0.0024043777
0.0024043804
0.0024043826
0.0024043812
0.0024043799
0.00067648545
0.00067616151
0.00067583763
0.00067540806
0.00067510598
0.00067454882
0.00067428634
0.00067351636
0.00067314513
0.00067181213
0.00067074422
0.000668147
0.00066495154
0.00065986388
0.00065384543
0.00064296228
0.00063170465
0.00060950411
0.00058599186
0.00054243674
0.00048040687
0.00041554345
0.00032755114
0.00025019727
0.0001863332
0.00014523117
0.0001268845
0.00013930489
0.00019162755
0.00027137005
0.00037134729
0.00047058347
0.00054288503
0.00062202838
0.00070923501
0.00079809548
0.00089280356
0.00098953082
0.0010875266
0.0011851658
0.0012812616
0.0013753516
0.0014664682
0.0015541852
0.0016381303
0.0017185701
0.0017945752
0.0018666897
0.0019336116
0.001996477
0.0020542983
0.0021037535
0.0021503676
0.0021943088
0.0022353024
0.0022739651
0.0023101579
0.002343805
0.0023755749
0.0024050396
0.002432528
0.0024582746
0.0024820323
0.0025042602
0.0025248676
0.0025438893
0.0025614303
0.0025779493
0.0025927616
0.002606359
0.0026193482
0.0026309842
0.0026409914
0.0026505672
0.0026599908
0.0026679762
0.0026739229
0.0026793516
0.0026855789
0.0026913612
0.0026951252
0.00269536
0.0026925409
0.0026898696
0.0026890477
0.0026892944
0.0026902408
0.0026908332
0.0026909524
0.0026909218
0.0026908729
0.0026908641
0.0026908667
0.0026908692
0.0026908675
0.0026908661
0.00067651896
0.00067611151
0.00067585977
0.0006753624
0.00067510848
0.0006745238
0.00067427679
0.00067360856
0.00067334086
0.00067254815
0.00067210827
0.00067099687
0.00067001676
0.00066794453
0.00066585874
0.00066179368
0.00065711016
0.00064986612
0.00064006436
0.00062552391
0.00060017501
0.00056817461
0.00050873784
0.00045282926
0.00036517473
0.00028561702
0.00021631295
0.00016617942
0.00013996366
0.0001461984
0.0001921327
0.0002748353
0.00037815183
0.00049430241
0.00057366876
0.00065554867
0.0007459728
0.00083992426
0.00093980935
0.0010437877
0.0011491528
0.001255857
0.0013617311
0.0014657504
0.0015670828
0.0016654944
0.001759821
0.0018504681
0.001936983
0.0020192241
0.0020969443
0.0021692913
0.0022372554
0.0022986397
0.0023522794
0.0024030952
0.0024508557
0.0024955095
0.0025378039
0.0025772033
0.0026141904
0.0026489313
0.0026811717
0.0027114906
0.0027397572
0.0027659992
0.0027903376
0.0028133644
0.0028342389
0.0028535294
0.0028719947
0.0028887577
0.0029034552
0.0029175194
0.0029313323
0.0029433299
0.0029527913
0.0029614967
0.0029710793
0.0029799601
0.0029861747
0.0029878742
0.0029854122
0.0029826528
0.0029817579
0.002982014
0.0029830453
0.0029837197
0.0029838631
0.0029838336
0.00298378
0.0029837693
0.0029837718
0.0029837744
0.0029837725
0.0029837709
0.00067651733
0.00067610374
0.00067584109
0.00067536188
0.00067507033
0.00067453746
0.00067422034
0.00067364365
0.00067329348
0.00067267367
0.00067226441
0.00067156313
0.00067101185
0.00067007676
0.00066910862
0.00066768416
0.00066565636
0.00066319991
0.00065899184
0.00065379407
0.00064578494
0.00063425292
0.00061218682
0.00058728823
0.00053489352
0.00048355137
0.00040126326
0.00031693196
0.00024618214
0.00018719079
0.00015463721
0.00015485175
0.00019599556
0.00028181058
0.0003901365
0.00051270555
0.00060902693
0.00069466646
0.00078862784
0.00088827211
0.00099237121
0.0011039421
0.0012172144
0.0013330034
0.0014485716
0.0015629803
0.001674817
0.0017835937
0.001888759
0.0019899178
0.0020867011
0.0021793344
0.0022672042
0.0023501422
0.0024272882
0.0025001967
0.0025635098
0.002621133
0.0026758981
0.0027270958
0.0027754166
0.0028209294
0.0028633651
0.0029034599
0.0029409573
0.0029759583
0.0030085781
0.0030395446
0.0030678439
0.0030941234
0.0031193189
0.0031424102
0.0031629274
0.0031825551
0.0032018142
0.0032188169
0.0032327138
0.0032455513
0.0032593539
0.0032721586
0.0032815373
0.0032852642
0.0032834645
0.0032807446
0.0032798192
0.0032800893
0.0032812098
0.0032819679
0.003282138
0.0032821101
0.0032820522
0.0032820395
0.0032820417
0.0032820445
0.0032820423
0.0032820406
0.0006764975
0.00067611608
0.00067580755
0.00067537777
0.00067502561
0.00067455909
0.00067416618
0.00067367152
0.00067323292
0.00067271394
0.00067222023
0.00067168008
0.00067110528
0.00067052988
0.00066978945
0.00066910454
0.00066803193
0.00066698104
0.00066530647
0.00066323943
0.00066031093
0.00065583761
0.00064902326
0.00063993071
0.00062225274
0.00060139842
0.00055727959
0.00050704606
0.00043311615
0.00034440525
0.00027435589
0.0002079165
0.00016996632
0.00016487124
0.00020421406
0.00029123336
0.00040618782
0.00053612076
0.00064979486
0.00074004549
0.00083765663
0.00094319324
0.0010521621
0.0011713415
0.0012926849
0.001417845
0.0015434443
0.0016682153
0.0017909504
0.0019105552
0.0020263448
0.0021383256
0.0022456381
0.0023485923
0.0024466685
0.002540049
0.0026274212
0.0027090475
0.002785185
0.002850144
0.0029117644
0.0029699604
0.0030244515
0.0030761395
0.0031246267
0.0031700916
0.0032126416
0.0032531508
0.0032903434
0.0033251029
0.0033584418
0.0033892199
0.0034168395
0.0034432511
0.0034691609
0.0034923018
0.0035116917
0.0035296395
0.0035486531
0.0035663364
0.0035797108
0.0035861412
0.0035853851
0.0035828706
0.0035819757
0.0035822682
0.0035834849
0.0035843282
0.0035845272
0.0035845019
0.00358444
0.003584425
0.0035844268
0.0035844298
0.0035844273
0.0035844254
0.00067647634
0.00067613
0.00067577694
0.00067539099
0.00067498883
0.00067457344
0.00067412534
0.00067368738
0.00067318937
0.000672731
0.00067217682
0.00067170284
0.00067108422
0.00067059392
0.00066989558
0.00066936451
0.00066855578
0.00066790344
0.0006668983
0.00066596044
0.00066449139
0.00066295307
0.00066028044
0.0006570226
0.00065105693
0.00064362817
0.00063022545
0.00061154027
0.000576313
0.00052335042
0.00045978483
0.00037050788
0.00029910195
0.00022857341
0.00018483056
0.00017613894
0.00021469421
0.00030429725
0.00042749783
0.00056545568
0.00069728057
0.00079220178
0.00089393862
0.0010054503
0.0011198301
0.0012468357
0.0013768061
0.0015115361
0.0016475085
0.0017829765
0.0019167063
0.002047419
0.0021742474
0.0022969884
0.0024151461
0.0025285196
0.0026372023
0.0027404832
0.002838727
0.0029298642
0.0030160144
0.0030914169
0.0031599471
0.0032251816
0.0032865602
0.0033443501
0.0033986186
0.0034504318
0.003498214
0.003543052
0.0035861419
0.0036260937
0.0036622771
0.0036968463
0.00373077
0.0037613325
0.0037874215
0.0038115895
0.003836941
0.0038605999
0.0038789295
0.0038888662
0.0038896216
0.003887523
0.0038867409
0.0038870708
0.0038883926
0.0038893227
0.0038895528
0.0038895308
0.0038894657
0.003889448
0.0038894494
0.0038894525
0.0038894498
0.0038894475
0.00067646218
0.00067613805
0.00067575635
0.00067539594
0.00067496508
0.00067457688
0.00067410046
0.00067368973
0.00067316464
0.00067273173
0.00067215344
0.00067170091
0.00067106499
0.00067059339
0.00066989334
0.0006694006
0.00066862232
0.00066810164
0.00066720287
0.00066663727
0.00066551096
0.00066484132
0.00066325877
0.00066225532
0.00065957945
0.00065746675
0.00065224675
0.00064576981
0.00063555366
0.00061864966
0.00058924737
0.00053928527
0.00048077436
0.0003951359
0.00032054287
0.00024755389
0.00019921212
0.00018817446
0.00022784268
0.00032156149
0.00045499642
0.00060178747
0.00075099688
0.00085120436
0.00095770845
0.0010754376
0.0011963475
0.0013313815
0.0014703645
0.0016150013
0.0017616798
0.0019082064
0.002053302
0.0021953797
0.0023336338
0.0024673787
0.002596663
0.0027207829
0.0028399826
0.0029537561
0.0030622131
0.0031638611
0.0032587586
0.0033459295
0.003422218
0.0034943334
0.0035622468
0.0036272812
0.0036874948
0.0037441962
0.0037987794
0.0038496391
0.0038959125
0.003940214
0.0039836906
0.0040231015
0.0040572616
0.0040889013
0.0041218624
0.0041527488
0.0041771301
0.0041915145
0.0041943496
0.0041929269
0.0041923643
0.0041927574
0.0041941924
0.0041952124
0.0041954758
0.0041954577
0.0041953902
0.0041953696
0.0041953704
0.0041953735
0.0041953705
0.0041953678
0.00067645776
0.00067613917
0.00067574735
0.00067539269
0.00067495467
0.00067457066
0.00067409051
0.00067368092
0.00067315629
0.00067272003
0.0006721476
0.00067168555
0.00067106222
0.00067057414
0.00066989504
0.00066938099
0.00066863916
0.00066809916
0.00066728237
0.00066671039
0.0006657977
0.00066516267
0.00066411958
0.00066332035
0.00066206976
0.00066077289
0.00065910593
0.00065638868
0.00065318515
0.00064696491
0.00063841057
0.00062360269
0.0005981494
0.00055353411
0.00049841742
0.00041625842
0.00033899705
0.00026482721
0.00021269773
0.0002009148
0.00024378748
0.00034417393
0.00048908597
0.00064576963
0.00081108204
0.00091719279
0.0010294329
0.0011536624
0.0012817852
0.0014254313
0.0015739178
0.0017290227
0.0018869218
0.0020450871
0.0022020119
0.0023557943
0.0025058317
0.0026510622
0.0027914795
0.0029266971
0.0030566212
0.0031813113
0.0032996393
0.0034120201
0.0035168314
0.0036153219
0.0036989157
0.003779228
0.0038538579
0.0039243623
0.0039923397
0.0040559695
0.0041141051
0.0041698395
0.0042245861
0.0042745169
0.004318117
0.0043587151
0.0044007098
0.0044402432
0.0044719178
0.0044918407
0.004497438
0.0044970065
0.004496796
0.0044972994
0.0044988453
0.0044999632
0.0045002622
0.0045002487
0.0045001801
0.0045001561
0.0045001561
0.0045001591
0.0045001558
0.0045001527
0.0006764624
0.00067613544
0.00067574863
0.00067538399
0.00067495559
0.00067455819
0.00067409293
0.0006736648
0.0006731615
0.00067269971
0.00067215687
0.00067165974
0.00067107702
0.00067054081
0.00066991786
0.00066933702
0.00066867542
0.00066804133
0.00066734657
0.00066664283
0.00066592656
0.00066512114
0.00066440287
0.00066343443
0.00066273662
0.0006614857
0.0006607817
0.00065903259
0.00065804416
0.00065522947
0.00065307628
0.00064730465
0.00063980353
0.00062692021
0.00060485346
0.00056558816
0.00051219619
0.00043412893
0.00035474898
0.00027991594
0.00022524149
0.00021432879
0.00026300193
0.00037286952
0.00053036773
0.00069804493
0.00087570482
0.00099021013
0.0011091387
0.0012405956
0.0013765017
0.0015295791
0.0016885319
0.0018548991
0.002024578
0.0021948596
0.0023641031
0.002530036
0.002692143
0.0028491599
0.0030010373
0.0031479091
0.0032885579
0.0034239519
0.0035534357
0.0036762967
0.0037905225
0.0038995862
0.0039926151
0.0040789997
0.0041624164
0.0042408384
0.0043127718
0.0043818027
0.0044496887
0.0045120024
0.0045666051
0.004617781
0.0046703932
0.0047201892
0.0047605164
0.0047872424
0.0047964155
0.0047973499
0.0047976567
0.0047983339
0.0047999852
0.0048012118
0.0048015488
0.0048015406
0.0048014721
0.0048014443
0.0048014435
0.0048014461
0.0048014426
0.004801439
0.00067647323
0.00067613142
0.00067575652
0.00067537531
0.00067496321
0.00067454603
0.00067410185
0.00067364938
0.00067317274
0.00067268079
0.00067217129
0.00067163665
0.00067109538
0.0006705127
0.000669941
0.00066930303
0.00066870433
0.00066800121
0.00066738151
0.00066660008
0.0006659685
0.00066509139
0.00066445786
0.0006634638
0.0006628329
0.00066169984
0.00066104978
0.00065975126
0.00065899204
0.00065743855
0.00065629111
0.00065418322
0.00065167386
0.00064739627
0.00064040571
0.00062904134
0.00060957498
0.00057509156
0.00052306205
0.00044829354
0.00036806363
0.0002924314
0.00023676113
0.00022866349
0.00028611645
0.00040853461
0.00057933726
0.0007589578
0.00094882791
0.0010711241
0.0011974486
0.0013368345
0.0014819684
0.0016451674
0.0018153427
0.0019936442
0.0021757908
0.0023586745
0.0025407812
0.0027193217
0.002893719
0.0030633634
0.0032268149
0.0033850454
0.003537785
0.0036836892
0.0038237081
0.0039583709
0.004082418
0.0041991197
0.0043042294
0.0043996075
0.004487425
0.0045717704
0.0046548301
0.0047315089
0.0047990173
0.0048623868
0.0049274084
0.0049893629
0.0050397372
0.0050746768
0.0050884375
0.0050911745
0.0050922018
0.0050931285
0.0050948856
0.0050962305
0.0050966078
0.0050966059
0.0050965387
0.0050965069
0.0050965049
0.0050965071
0.0050965032
0.0050964992
0.00067648671
0.00067613243
0.00067576676
0.00067537289
0.00067497239
0.00067454164
0.00067411106
0.0006736437
0.00067318243
0.00067267433
0.00067218149
0.00067162987
0.00067110565
0.00067050638
0.00066995044
0.00066929864
0.00066871074
0.00066800165
0.00066738118
0.00066661055
0.00066595567
0.00066512146
0.00066442703
0.00066353077
0.00066278427
0.00066183416
0.00066100967
0.00066002103
0.0006590716
0.00065805574
0.00065688674
0.00065580944
0.00065420993
0.00065276333
0.00064999117
0.00064691049
0.00064027993
0.00063010593
0.00061268552
0.00058157089
0.00053165548
0.00045898972
0.00037879033
0.00030227444
0.00024744662
0.00024437734
0.00031428922
0.00045148381
0.00063726273
0.00082949264
0.0010326615
0.0011608182
0.0012953681
0.0014432246
0.0015988032
0.0017728744
0.001955314
0.0021461754
0.002341632
0.0025378696
0.0027330194
0.002925273
0.0031121523
0.0032941747
0.00347072
0.003640103
0.0038040691
0.0039629016
0.004113423
0.0042567609
0.0043935477
0.0045215706
0.0046331888
0.0047350027
0.0048354218
0.0049286181
0.0050110513
0.0050884812
0.005167837
0.0052439827
0.0053061178
0.0053506402
0.0053702559
0.005375292
0.0053772853
0.0053785515
0.0053804218
0.0053818923
0.0053823117
0.0053823174
0.0053822528
0.0053822169
0.0053822136
0.005382215
0.0053822108
0.0053822064
0.00067650189
0.00067614166
0.00067577883
0.00067538051
0.00067498328
0.00067454932
0.00067412156
0.0006736525
0.00067319276
0.00067268525
0.00067219149
0.00067164389
0.00067111469
0.00067052477
0.00066995758
0.0006693233
0.00066871479
0.00066803496
0.00066738056
0.0006666553
0.00066594851
0.00066517998
0.00066441188
0.0006636056
0.00066276298
0.00066192832
0.00066099291
0.00066014181
0.00065909082
0.00065823373
0.00065703874
0.00065617213
0.00065478893
0.00065386138
0.00065214514
0.00065089363
0.00064831161
0.00064561187
0.00063980723
0.00063031526
0.00061441323
0.00058550215
0.00053804235
0.00046665266
0.00038673759
0.00030969618
0.00025760005
0.00026219607
0.00034881911
0.00050282666
0.00070535446
0.00091095839
0.0011229456
0.0012594665
0.001403288
0.001560209
0.0017278185
0.0019134461
0.002109449
0.002313908
0.0025229865
0.0027339452
0.0029424799
0.0031482883
0.0033494224
0.0035435946
0.0037320847
0.0039155484
0.0040909703
0.004259292
0.0044234084
0.0045797415
0.0047231626
0.0048592586
0.0049864696
0.0050984886
0.0051980266
0.0052915447
0.0053872875
0.0054797867
0.0055558247
0.0056111524
0.005638163
0.0056460757
0.0056493259
0.0056510437
0.0056530338
0.0056546378
0.0056551
0.0056551152
0.0056550545
0.0056550146
0.0056550098
0.0056550101
0.0056550056
0.0056550007
0.0006765222
0.00067615972
0.00067579916
0.00067540027
0.00067500555
0.00067457242
0.00067414675
0.00067368005
0.0006732214
0.00067271823
0.00067222394
0.00067168303
0.00067115099
0.00067057093
0.00066999778
0.0006693771
0.00066875908
0.00066809683
0.0006674295
0.00066672521
0.00066600336
0.00066525716
0.00066447494
0.00066368745
0.00066283868
0.00066201032
0.00066108949
0.00066021917
0.00065922276
0.00065830659
0.00065723301
0.00065626136
0.00065510926
0.0006540572
0.00065282138
0.00065161371
0.0006502329
0.00064861513
0.00064672475
0.00064363555
0.0006391524
0.00062993591
0.00061502056
0.00058787873
0.00054211616
0.00047198356
0.00039160938
0.00031516212
0.000267878
0.00028312823
0.00039111044
0.00056442268
0.00078401021
0.0010041252
0.00122197
0.001367599
0.0015220299
0.0016885895
0.0018700528
0.0020683083
0.0022785477
0.0024981976
0.0027215576
0.0029471977
0.0031712078
0.0033903749
0.0036044724
0.0038140365
0.0040151724
0.0042089402
0.0043989908
0.0045817113
0.0047529209
0.0049182473
0.005079597
0.0052286046
0.005354842
0.0054666087
0.0055809284
0.0056921005
0.005784413
0.0058519049
0.0058879333
0.0058994315
0.0059042793
0.0059065853
0.005908699
0.0059104451
0.0059109485
0.0059109759
0.00591092
0.0059108768
0.0059108703
0.005910869
0.0059108642
0.0059108589
0.00067655286
0.00067618755
0.00067583887
0.00067543758
0.00067505637
0.00067462068
0.00067420996
0.00067374024
0.00067329801
0.00067279108
0.00067231481
0.00067176882
0.00067125687
0.00067066955
0.00067011969
0.00066948831
0.00066889835
0.00066822005
0.00066758792
0.00066685943
0.0006661833
0.00066540085
0.00066467955
0.00066383832
0.0006630718
0.00066216553
0.00066135541
0.00066037609
0.00065952639
0.00065846328
0.00065758072
0.00065641783
0.00065551511
0.00065422859
0.00065332277
0.00065187726
0.00065098057
0.00064930947
0.00064838584
0.00064629564
0.00064500266
0.00064164358
0.00063812476
0.00062913166
0.00061479435
0.00058912915
0.00054416051
0.00047549117
0.00039369062
0.00031906565
0.00027925086
0.00030850953
0.00044284638
0.00063732474
0.0008741654
0.0011106612
0.0013312712
0.0014862863
0.0016526166
0.0018296911
0.0020262026
0.0022387045
0.0024643865
0.0026992749
0.0029392841
0.0031796937
0.0034180718
0.0036541458
0.0038823341
0.0041031309
0.0043200973
0.0045297025
0.0047275531
0.0049197553
0.0051107089
0.0052911462
0.005451384
0.0056001586
0.0057434871
0.0058757896
0.0059869396
0.0060681415
0.0061148355
0.0061307774
0.0061376146
0.0061406735
0.0061429057
0.0061448075
0.0061453444
0.0061453873
0.0061453374
0.0061452922
0.0061452837
0.0061452801
0.006145275
0.0061452693
0.0006765958
0.00067622725
0.00067590544
0.00067550008
0.000675149
0.00067470753
0.00067433036
0.00067385253
0.00067344775
0.00067292959
0.0006724953
0.00067193389
0.00067146937
0.00067086133
0.0006703655
0.00066970677
0.00066917887
0.00066846495
0.00066790469
0.00066713018
0.00066653799
0.00066569646
0.00066507357
0.00066415775
0.00066350642
0.00066250762
0.00066183159
0.00066073934
0.00066004416
0.00065884623
0.00065813984
0.00065682146
0.00065611436
0.00065465843
0.00065396406
0.00065234968
0.00065168328
0.00064988432
0.0006492501
0.00064722869
0.00064659142
0.00064419186
0.0006432772
0.00063976995
0.0006368844
0.00062811216
0.00061397836
0.00058957056
0.00054473419
0.00047725367
0.0003935456
0.00032184246
0.00029282245
0.00033999889
0.00050523748
0.00072413631
0.0009773779
0.0012311868
0.0014515881
0.0016167803
0.0017957238
0.0019848399
0.0021981304
0.0024249067
0.0026684463
0.0029196943
0.0031756229
0.0034345665
0.0036887718
0.003937147
0.0041825939
0.0044208922
0.004646553
0.0048659805
0.0050851287
0.005294404
0.005484372
0.0056642116
0.0058451216
0.0060184435
0.0061579612
0.0062546851
0.0063136023
0.0063350346
0.0063443017
0.0063483096
0.0063506388
0.0063527185
0.0063532713
0.006353332
0.0063532916
0.0063532459
0.0063532347
0.0063532282
0.0063532229
0.0063532168
0.00067664657
0.00067627934
0.00067599438
0.00067558963
0.00067527916
0.00067483685
0.00067450411
0.00067402345
0.00067366733
0.0006731438
0.00067276275
0.00067219275
0.0006717865
0.00067116598
0.00067073405
0.00067005819
0.00066960051
0.00066886386
0.00066838065
0.00066757733
0.00066706916
0.00066619267
0.0006656608
0.00066470344
0.00066415013
0.00066310307
0.00066253172
0.00066138508
0.00066079997
0.00065954278
0.00065894942
0.00065756964
0.00065697486
0.00065545943
0.00065487141
0.00065320632
0.00065263417
0.00065080394
0.00065025819
0.00064824226
0.0006477281
0.00064550218
0.00064498498
0.00064243628
0.00064168079
0.00063816653
0.00063557741
0.00062704858
0.00061279199
0.00058943235
0.00054427922
0.00047597034
0.00039156991
0.00032462842
0.0003098099
0.00038655393
0.00057966198
0.00082491466
0.0010946556
0.001367873
0.0015836874
0.0017607248
0.0019531414
0.0021544856
0.0023865776
0.0026310969
0.0028914098
0.0031628451
0.003436481
0.0037089364
0.0039821438
0.0042499957
0.0045052514
0.004753844
0.0050023782
0.0052408791
0.0054593944
0.0056673127
0.0058798979
0.0060879732
0.0062607279
0.0063850101
0.0064668087
0.0064988777
0.0065146334
0.0065199208
0.0065183138
0.0065179234
0.0065172045
0.0065173442
0.0065177252
0.006517837
0.0065178032
0.0065177555
0.0065177435
0.0065177321
0.00067669791
0.00067633993
0.00067609226
0.00067569723
0.00067542743
0.00067499482
0.00067470596
0.00067423471
0.00067392589
0.00067341135
0.00067308111
0.00067251941
0.00067216752
0.00067155447
0.00067118045
0.00067051117
0.00067011468
0.00066938407
0.0006689651
0.0006681672
0.00066772612
0.00066685431
0.00066639206
0.00066543913
0.00066495692
0.000663915
0.00066341453
0.00066227512
0.00066175865
0.00066051266
0.000659983
0.00065862085
0.00065808144
0.00065659324
0.00065604809
0.00065442369
0.0006538774
0.00065210635
0.00065156373
0.00064963567
0.00064909965
0.00064700166
0.0006464765
0.00064418944
0.00064364259
0.00064109613
0.00064030153
0.00063691314
0.00063430439
0.00062603824
0.00061137524
0.00058862664
0.00054238824
0.00047256326
0.0003896314
0.00032827693
0.00033304093
0.00044657424
0.00066860098
0.00094213071
0.001227278
0.0015219044
0.0017294582
0.0019184861
0.0021259172
0.0023452625
0.0025928646
0.0028594833
0.0031387551
0.0034251949
0.0037197667
0.0040139886
0.0042985171
0.0045775703
0.0048575458
0.0051275285
0.0053760161
0.0056120631
0.0058539463
0.0060936853
0.006297693
0.0064466341
0.00654871
0.0065928869
0.0066139362
0.0066204973
0.006617095
0.0066152511
0.0066138763
0.0066140292
0.0066146155
0.0066148112
0.0066147691
0.0066147001
0.0066146844
0.0066146706
0.00067674441
0.00067640291
0.00067618589
0.00067580908
0.00067557259
0.0006751597
0.00067490647
0.0006744564
0.0006741856
0.0006736939
0.00067340401
0.00067286693
0.00067255754
0.00067197113
0.00067164152
0.00067100123
0.00067065088
0.00066995173
0.00066958025
0.00066881675
0.00066842394
0.00066759016
0.00066717596
0.0006662655
0.00066583004
0.000664836
0.0006643796
0.0006632947
0.00066281789
0.00066163451
0.00066113796
0.00065984831
0.00065933289
0.00065792914
0.00065739592
0.00065587033
0.00065532047
0.00065366547
0.00065309996
0.00065130833
0.00065072738
0.00064879237
0.00064819377
0.00064611136
0.00064548826
0.0006432471
0.00064257076
0.00064012982
0.00063916469
0.00063597442
0.00063311141
0.00062505623
0.00060966765
0.00058720657
0.00053956524
0.00046782991
0.00038672307
0.00033548958
0.00036449119
0.00052329559
0.00077360082
0.0010768177
0.0013787542
0.0016920798
0.0018910421
0.0020940888
0.0023130405
0.0025564921
0.0028221301
0.0031060191
0.0034075085
0.0037183357
0.0040264231
0.0043334015
0.0046448875
0.004948244
0.0052290504
0.0054952575
0.0057671588
0.0060386186
0.0062744296
0.0064480954
0.0065678097
0.0066259319
0.0066516857
0.006659832
0.0066562203
0.0066538
0.0066521909
0.0066522866
0.0066529149
0.0066531385
0.0066530992
0.0066530249
0.0066530076
0.006652993
0.0006767841
0.00067646332
0.00067626793
0.00067591438
0.00067570143
0.00067531425
0.00067508608
0.00067466428
0.00067442009
0.00067395959
0.00067369783
0.00067319514
0.0006729152
0.00067236676
0.00067206781
0.00067146948
0.00067115065
0.00067049793
0.00067015853
0.00066944653
0.00066908581
0.00066830925
0.00066792656
0.00066707977
0.00066667445
0.00066575137
0.00066532282
0.00066431708
0.00066386468
0.0006627697
0.00066229278
0.00066110185
0.00066059974
0.0006593062
0.00065877823
0.00065737553
0.00065682097
0.00065530271
0.00065472056
0.00065308054
0.00065246912
0.00065070181
0.00065005774
0.00064815944
0.00064747677
0.00064544756
0.00064471112
0.00064254437
0.00064173039
0.00063938352
0.00063826628
0.00063517257
0.00063207901
0.00062380664
0.00060810119
0.00058356779
0.00053388348
0.00046018689
0.00038302504
0.00034815228
0.00040699185
0.00061862712
0.00089921828
0.0012275684
0.0015519827
0.0018583165
0.0020639872
0.0022866494
0.0025206947
0.0027841027
0.0030709599
0.0033823476
0.0037003197
0.0040258192
0.0043634424
0.0046984093
0.0050120007
0.0053102592
0.0056143046
0.0059196552
0.0061898169
0.0063909822
0.0065269574
0.0066005068
0.0066310788
0.0066413066
0.0066386323
0.0066363145
0.0066347639
0.0066347501
0.0066352984
0.0066355085
0.0066354783
0.0066354111
0.0066353936
0.0066353791
0.00067681755
0.0006765186
0.00067633673
0.00067600779
0.00067580969
0.00067544986
0.00067523749
0.00067484595
0.00067461854
0.00067419161
0.00067394759
0.00067348216
0.00067322086
0.00067271374
0.00067243419
0.00067188163
0.00067158291
0.00067098096
0.00067066213
0.00067000643
0.00066966652
0.00066895235
0.00066859041
0.00066781271
0.00066742775
0.00066658108
0.00066617207
0.00066525069
0.00066481655
0.00066381446
0.00066335399
0.00066226504
0.00066177701
0.00066059496
0.00066007811
0.00065879664
0.0006582498
0.00065686238
0.00065628443
0.00065478411
0.00065417384
0.00065255324
0.00065190916
0.00065016084
0.00064948089
0.00064759813
0.0006468798
0.00064485359
0.00064409211
0.00064190422
0.00064108426
0.00063865364
0.0006376044
0.00063427913
0.00063122224
0.00062174582
0.00060578272
0.00057859073
0.00052622283
0.00045079962
0.0003805115
0.00036869913
0.00047025128
0.00073130623
0.0010497661
0.0013966416
0.0017426635
0.0020359309
0.0022564371
0.0024932878
0.0027458366
0.0030394555
0.0033459344
0.0036729779
0.0040233526
0.0043809891
0.0047225655
0.0050515199
0.0053883762
0.005729843
0.0060374976
0.0062702323
0.0064236614
0.0065124929
0.0065488091
0.0065616929
0.006560837
0.0065590953
0.0065578296
0.0065576847
0.006558063
0.006558229
0.0065582083
0.0065581562
0.0065581404
0.0065581263
0.00067684636
0.00067656811
0.00067639382
0.00067608819
0.00067589859
0.00067556471
0.00067536139
0.00067499854
0.00067478081
0.00067438573
0.00067415205
0.00067372193
0.00067347157
0.00067300352
0.00067273558
0.0006722263
0.00067193984
0.00067138577
0.00067107983
0.00067047705
0.00067015065
0.00066949491
0.00066914709
0.00066843375
0.00066806354
0.00066728761
0.00066689399
0.00066605012
0.00066563204
0.00066471457
0.00066427092
0.0006632739
0.00066280358
0.00066172079
0.00066122283
0.00066004766
0.0006595214
0.00065824652
0.00065769188
0.00065630876
0.00065572647
0.00065422485
0.00065361676
0.00065198432
0.00065135381
0.00064957602
0.00064892907
0.0006469871
0.00064633411
0.00064420019
0.00064355542
0.00064118519
0.00064055438
0.00063782352
0.00063707148
0.00063322559
0.0006302399
0.00061930316
0.00060319532
0.00057311644
0.00051724669
0.00044120298
0.00038134431
0.00040063988
0.00056493364
0.00086544123
0.0012182135
0.0015866357
0.0019588691
0.0022269487
0.0024653333
0.0027261641
0.0030002155
0.0033074417
0.0036496961
0.0040120823
0.0043692561
0.0047208283
0.0050861103
0.0054628465
0.0058094371
0.0060769418
0.0062510633
0.0063530424
0.0063965778
0.0064126155
0.0064142996
0.0064134776
0.0064126905
0.0064124259
0.0064125727
0.0064126689
0.0064126528
0.00641262
0.0064126083
0.0064125945
0.00067687189
0.00067661209
0.0006764415
0.00067615658
0.00067597129
0.00067566043
0.00067546171
0.00067512427
0.00067491147
0.00067454456
0.00067431625
0.00067391722
0.00067367275
0.00067323906
0.00067297754
0.0006725062
0.00067222672
0.00067171451
0.00067141621
0.00067085955
0.00067054157
0.00066993655
0.00066959807
0.00066894043
0.00066858064
0.00066786571
0.00066748382
0.00066670658
0.00066630183
0.00066545687
0.00066502849
0.00066411003
0.00066365731
0.00066265917
0.00066218165
0.00066109704
0.00066059475
0.00065941584
0.00065888976
0.00065760696
0.0006570595
0.00065566068
0.0006550962
0.00065356615
0.0006529914
0.00065131148
0.0006507366
0.00064888324
0.00064832357
0.00064626562
0.0006457405
0.00064343434
0.00064297558
0.00064035225
0.00063998779
0.00063689754
0.00063649033
0.00063200584
0.000629188
0.00061663337
0.00060060395
0.00056700154
0.00050657624
0.0004329148
0.00038976567
0.00044938781
0.00068293821
0.001023153
0.0014131158
0.0017970148
0.0021934548
0.0024450889
0.0026985569
0.0029674091
0.0032799918
0.0036224997
0.0039762775
0.0043333306
0.0047148386
0.0051192885
0.0055013768
0.0058033283
0.006000232
0.0061126331
0.0061643323
0.0061837396
0.0061885217
0.0061889557
0.0061888181
0.006188472
0.006188357
0.0061883512
0.0061883342
0.006188322
0.0061883169
0.0061883033
0.00067689492
0.00067665117
0.00067648161
0.00067621464
0.00067603078
0.00067573984
0.00067554266
0.00067522714
0.00067501606
0.00067467337
0.00067444704
0.00067407478
0.00067383246
0.00067342832
0.0006731692
0.00067273045
0.00067245371
0.00067197742
0.00067168226
0.00067116518
0.00067085084
0.00067028938
0.00066995517
0.00066934541
0.00066899068
0.00066832833
0.00066795247
0.0006672329
0.00066683536
0.00066605358
0.00066563376
0.00066478445
0.00066434184
0.0006634193
0.00066295355
0.00066195147
0.0006614627
0.00066037376
0.00065986302
0.00065867817
0.00065814798
0.0006568556
0.00065631046
0.00065489586
0.00065434239
0.00065278778
0.00065223512
0.00065051896
0.00064997993
0.00064807559
0.00064756543
0.00064543541
0.00064498201
0.00064257003
0.00064222224
0.00063944067
0.00063924823
0.00063592114
0.00063574018
0.00063072605
0.00062802682
0.00061367594
0.00059774266
0.00055988618
0.00049448715
0.00042689761
0.00041035293
0.00052086187
0.00083222286
0.0012055829
0.0016258751
0.0020440851
0.0024143806
0.0026680357
0.0029506528
0.0032523479
0.0035823009
0.0039198373
0.0042979437
0.004713286
0.0051194562
0.0054489278
0.0056661783
0.0057868818
0.0058450887
0.0058680569
0.0058761935
0.0058783475
0.0058789899
0.0058786179
0.0058782308
0.0058780936
0.0058780698
0.0058780771
0.0058780804
0.0058780672
0.00067691557
0.00067668568
0.00067651528
0.00067626394
0.00067607938
0.00067580582
0.00067560777
0.00067531142
0.00067509933
0.00067477787
0.00067455041
0.00067420166
0.00067395809
0.00067357994
0.00067331942
0.00067290944
0.00067263115
0.00067218668
0.00067188984
0.00067140797
0.00067109179
0.00067056933
0.00067023311
0.00066966656
0.00066930963
0.00066869522
0.00066831693
0.00066765062
0.0006672503
0.00066652784
0.00066610471
0.00066532167
0.00066487484
0.00066402664
0.00066355515
0.00066263691
0.00066213994
0.00066114618
0.0006606234
0.00065954742
0.00065899951
0.00065783279
0.00065726163
0.00065599359
0.00065540195
0.00065402042
0.00065341147
0.00065190332
0.00065128048
0.00064963203
0.000648997
0.00064718879
0.00064655053
0.00064455022
0.00064393386
0.00064169394
0.00064113635
0.00063859769
0.00063810952
0.00063515878
0.00063445012
0.00062992808
0.00062581876
0.00061152616
0.00059244142
0.00054987442
0.00048143432
0.00042429085
0.00044723893
0.00063322598
0.0010009233
0.0014285648
0.0018647981
0.002297908
0.0026457619
0.0029331444
0.0032265546
0.0035226068
0.0038745702
0.0042755537
0.0046854872
0.0050271022
0.0052562518
0.005382117
0.005442544
0.0054687566
0.0054801257
0.0054845051
0.0054860405
0.0054857042
0.0054850507
0.0054847645
0.0054847296
0.0054847533
0.0054847655
0.0054847529
0.00067693331
0.00067671582
0.00067654291
0.00067630561
0.00067611839
0.00067586049
0.00067565939
0.00067538036
0.00067516477
0.00067486257
0.00067463118
0.00067430383
0.00067405579
0.00067370142
0.00067343582
0.00067305229
0.00067276822
0.00067235323
0.00067204976
0.00067160078
0.00067127699
0.00067079129
0.00067044629
0.00066992095
0.00066955381
0.00066898571
0.00066859546
0.00066798139
0.0006675669
0.00066690364
0.00066646351
0.00066574793
0.00066528036
0.00066450954
0.00066401228
0.00066318349
0.00066265388
0.00066176445
0.00066119966
0.00066024663
0.00065964389
0.00065862369
0.00065798026
0.00065688884
0.00065620101
0.00065503515
0.00065429654
0.00065305603
0.0006522557
0.00065094592
0.00065006515
0.00064869327
0.00064771228
0.00064628224
0.00064518568
0.00064370137
0.00064246608
0.00064095659
0.00063952575
0.00063806082
0.00063627162
0.00063494642
0.0006321436
0.00062995158
0.00062220304
0.00060869341
0.0005858047
0.00053751807
0.00046971189
0.0004324532
0.0005058635
0.0007935716
0.0012029142
0.0016577966
0.0021272319
0.0026048967
0.002904992
0.0031804886
0.0034874613
0.0038493756
0.0042369662
0.0045689433
0.00479659
0.0049202644
0.0049777386
0.00500492
0.0050191992
0.0050261785
0.005028711
0.0050284739
0.0050275781
0.0050271484
0.0050270971
0.0050271346
0.0050271544
0.0050271426
0.00067694775
0.00067674149
0.00067656484
0.00067634026
0.00067614899
0.00067590533
0.00067569958
0.00067543633
0.00067521544
0.00067493085
0.00067469344
0.00067438575
0.00067413084
0.00067379844
0.00067352498
0.00067316603
0.00067287293
0.0006724855
0.00067217163
0.00067175362
0.00067141781
0.00067096699
0.00067060803
0.0006701221
0.00066973866
0.00066921527
0.00066880586
0.00066824271
0.00066780556
0.00066720057
0.00066673342
0.00066608487
0.0006655848
0.00066489157
0.00066435478
0.00066361646
0.00066303822
0.00066225512
0.00066162981
0.00066080289
0.00066012402
0.0006592549
0.00065851475
0.00065760623
0.0006567943
0.0006558524
0.00065495259
0.00065399013
0.00065297741
0.0006520181
0.0006508546
0.00064993026
0.00064857086
0.00064771641
0.00064611417
0.00064537022
0.0006434637
0.0006429012
0.00064059204
0.00064033262
0.00063746807
0.00063767695
0.00063397801
0.00063477824
0.00062949039
0.00062976502
0.0006178974
0.00060550203
0.00057798033
0.00052367799
0.00046367158
0.00045757108
0.00060010161
0.00097082349
0.0014332462
0.0019428813
0.002425502
0.002854862
0.0031441868
0.0034748283
0.0038180567
0.0041211357
0.0043311604
0.0044401422
0.0044882333
0.004513111
0.0045297261
0.0045393343
0.0045429742
0.0045428629
0.0045417786
0.0045412382
0.004541169
0.0045412162
0.0045412405
0.0045412292
0.00067695894
0.00067676248
0.00067658171
0.00067636824
0.00067617247
0.00067594126
0.00067573036
0.00067548095
0.00067525416
0.00067498504
0.00067474095
0.00067445057
0.00067418803
0.00067387501
0.00067359283
0.00067325561
0.00067295252
0.0006725895
0.00067226414
0.00067187362
0.00067152456
0.00067110479
0.00067073048
0.00067027972
0.00066987843
0.00066939499
0.00066896475
0.00066844714
0.00066798558
0.00066743268
0.00066693681
0.00066634805
0.00066581406
0.00066518968
0.00066461264
0.00066395396
0.00066332766
0.00066263715
0.00066195402
0.00066123544
0.0006604865
0.00065974505
0.00065891929
0.00065816248
0.00065724503
0.00065648499
0.00065545385
0.00065471152
0.00065353361
0.00065284324
0.00065147101
0.00065087703
0.00064925474
0.00064880458
0.0006468768
0.00064661849
0.00064432283
0.00064432269
0.0006415724
0.00064192989
0.0006386099
0.00063944212
0.00063541577
0.00063682835
0.00063185623
0.00063396096
0.00062721299
0.00062845068
0.00061373025
0.00060159097
0.00056882555
0.00050916954
0.00046320015
0.00050294452
0.00074438555
0.0012077129
0.0017059444
0.0021966034
0.0026883068
0.0031246292
0.0034540665
0.0037312801
0.0039071164
0.0039889563
0.0040230683
0.0040438026
0.0040614889
0.0040732343
0.0040779505
0.0040779431
0.004076784
0.0040761983
0.0040761129
0.0040761625
0.0040761863
0.0040761754
0.00067696735
0.00067677872
0.00067659447
0.00067638989
0.00067619031
0.00067596907
0.00067575384
0.00067551547
0.00067528373
0.00067502694
0.00067477725
0.00067450064
0.00067423175
0.00067393411
0.00067364472
0.00067332471
0.0006730134
0.00067266966
0.00067233492
0.00067196604
0.00067160625
0.00067121083
0.00067082421
0.00067040088
0.00066998547
0.00066953298
0.00066908651
0.00066860387
0.00066812368
0.00066761028
0.00066709308
0.00066654893
0.00066599059
0.00066541653
0.00066481183
0.00066420977
0.00066355221
0.00066292533
0.00066220703
0.00066155989
0.00066077147
0.00066011026
0.00065924028
0.00065857364
0.00065760687
0.00065694808
0.00065586244
0.00065523327
0.00065399628
0.00065343081
0.00065199748
0.00065153815
0.00064985839
0.00064954647
0.00064757665
0.00064744513
0.00064514601
0.00064523193
0.00064255328
0.00064291115
0.00063979196
0.00064047102
0.00063687021
0.00063786928
0.00063377562
0.00063505988
0.00063049128
0.00063177573
0.0006262199
0.00062476968
0.00061133904
0.00059520614
0.0005565898
0.00049762631
0.00047563349
0.00058650447
0.0009540793
0.001419444
0.0019366969
0.0024981201
0.0030462541
0.0033741611
0.0035370822
0.0036058457
0.0036312987
0.0036484283
0.0036659405
0.0036786864
0.0036839263
0.0036840687
0.0036830354
0.0036824933
0.003682403
0.0036824403
0.003682457
0.0036824468
0.00067697369
0.00067679057
0.00067660419
0.00067640586
0.00067620401
0.00067598975
0.00067577194
0.00067554126
0.0006753066
0.00067505832
0.00067480537
0.00067453822
0.00067426568
0.00067397852
0.00067368503
0.00067337666
0.00067306076
0.00067272993
0.00067239006
0.00067203552
0.00067166998
0.00067129048
0.00067089746
0.0006704918
0.00067006926
0.00066963637
0.00066918206
0.00066872106
0.00066823235
0.00066774271
0.00066721649
0.00066669815
0.00066613063
0.0006655842
0.00066497074
0.0006643977
0.00066373264
0.00066313546
0.00066241207
0.00066179435
0.00066100476
0.00066037136
0.0006595062
0.00065886384
0.0006579109
0.00065726979
0.00065621172
0.00065558848
0.00065440026
0.00065382056
0.00065246862
0.00065196284
0.00065041274
0.00065000575
0.00064823458
0.00064793668
0.00064593362
0.00064575003
0.0006435013
0.00064344616
0.00064093588
0.00064100473
0.00063826415
0.00063836864
0.00063551534
0.00063549401
0.00063271823
0.00063227854
0.00062989339
0.00062837014
0.00062591294
0.00062005324
0.00060842403
0.00058771815
0.00054203369
0.00049413774
0.00051101539
0.00069499434
0.0011226584
0.0016842298
0.0022808496
0.0027641272
0.0030760753
0.003231593
0.0032610443
0.0032775967
0.0032938565
0.0033057747
0.0033106982
0.0033110486
0.0033103425
0.0033099173
0.0033098315
0.0033098452
0.0033098506
0.0033098424
0.00067697858
0.00067679876
0.00067661176
0.00067641716
0.00067621473
0.00067600463
0.00067578616
0.00067555999
0.00067532458
0.00067508125
0.00067482752
0.00067456579
0.00067429243
0.0006740112
0.00067371687
0.00067341495
0.00067309821
0.0006727744
0.00067243372
0.0006720868
0.00067172053
0.00067134927
0.00067095565
0.00067055886
0.00067013598
0.00066971253
0.00066925831
0.00066880721
0.00066831933
0.00066783979
0.0006673156
0.00066680714
0.00066624354
0.0006657061
0.00066509948
0.00066453351
0.0006638796
0.00066328623
0.00066258013
0.00066196115
0.00066119732
0.00066055527
0.00065972736
0.00065906581
0.00065816589
0.00065749032
0.00065650752
0.00065582721
0.00065474623
0.00065407577
0.00065287676
0.00065223221
0.0006508973
0.00065028739
0.00064881144
0.00064822918
0.00064662106
0.00064605137
0.00064431996
0.00064375344
0.00064190748
0.00064131445
0.00063941478
0.0006386788
0.00063687964
0.00063581031
0.0006343195
0.00063266955
0.00063178663
0.0006291273
0.000629291
0.00062464019
0.00062581977
0.00061395288
0.00060530663
0.00057909033
0.00052869743
0.00049875643
0.00055637087
0.00086613208
0.0014318402
0.0019402888
0.0022715748
0.0024379648
0.0025056126
0.0025349345
0.0025505348
0.0025591752
0.0025627912
0.0025635328
0.0025633626
0.0025630359
0.002562922
0.0025629004
0.0025628988
0.0025628973
0.00067698244
0.00067680429
0.00067661773
0.00067642505
0.00067622321
0.00067601522
0.00067579744
0.0006755735
0.00067533886
0.00067509791
0.0006748451
0.00067458592
0.00067431368
0.00067403514
0.00067374216
0.00067344309
0.00067312797
0.00067280715
0.00067246844
0.00067212461
0.00067176074
0.00067139264
0.00067100198
0.00067060833
0.00067018915
0.0006697687
0.00066931914
0.0006688707
0.00066838878
0.00066791125
0.00066739483
0.00066688723
0.00066633392
0.00066579549
0.00066520263
0.00066463287
0.00066399749
0.00066339624
0.00066271506
0.00066208252
0.000661352
0.00066068871
0.00065990503
0.00065921188
0.00065837064
0.00065764922
0.00065674486
0.00065599841
0.00065502346
0.00065425778
0.00065320281
0.00065242365
0.00065128172
0.00065048863
0.00064926312
0.00064844296
0.00064714877
0.00064628151
0.0006449338
0.00064400399
0.00064261679
0.00064159434
0.00064022175
0.00063901025
0.00063777696
0.00063623237
0.00063528427
0.0006332393
0.00063280078
0.00062991251
0.00063041729
0.00062615104
0.00062809625
0.00062135857
0.00062403117
0.00061016869
0.00059912873
0.0005695623
0.00052048904
0.00051230286
0.00070484158
0.0011100108
0.0013996917
0.001554198
0.0016208823
0.0016486019
0.0016640892
0.0016725696
0.001676151
0.0016769349
0.001676831
0.0016765088
0.0016763922
0.0016763679
0.0016763657
0.0016763649
0.00067698547
0.0006768081
0.00067662244
0.00067643066
0.00067622992
0.00067602291
0.00067580636
0.00067558341
0.00067535015
0.00067511021
0.000674859
0.00067460087
0.00067433047
0.00067405299
0.00067376213
0.00067346411
0.00067315146
0.00067283166
0.00067249582
0.00067215294
0.00067179245
0.00067142518
0.00067103849
0.0006706455
0.00067023102
0.00066981093
0.00066936701
0.00066891847
0.00066844339
0.00066796507
0.00066745703
0.00066694762
0.00066640474
0.000665863
0.00066528327
0.00066470807
0.00066408937
0.00066347977
0.00066281982
0.00066217505
0.00066147153
0.000660791
0.00066004154
0.00065932466
0.00065852688
0.00065777307
0.00065692442
0.00065613359
0.00065523102
0.00065440416
0.00065344375
0.0006525818
0.00065156104
0.00065066134
0.00064958419
0.00064863584
0.00064751408
0.00064650117
0.00064534645
0.00064425821
0.00064307711
0.00064189918
0.0006407193
0.00063939898
0.00063828917
0.00063675292
0.0006357762
0.00063396029
0.00063321333
0.00063094625
0.00063062922
0.00062776363
0.00062786432
0.00062432413
0.00062503362
0.00061979108
0.00062040259
0.00060676434
0.00059307857
0.00055689735
0.00051641779
0.00059457467
0.00073007962
0.00080646185
0.00084184566
0.00085835305
0.00086806158
0.00087376046
0.00087626351
0.00087682579
0.00087676972
0.00087655245
0.00087647407
0.00087645845
0.00087645701
0.00087645708
0.00067698782
0.00067681085
0.0006766261
0.0006764348
0.00067623515
0.00067602867
0.00067581334
0.00067559091
0.00067535899
0.00067511957
0.00067486988
0.00067461227
0.00067434359
0.00067406663
0.00067377774
0.00067348021
0.0006731698
0.00067285045
0.00067251718
0.0006721747
0.00067181715
0.00067145019
0.00067106691
0.00067067409
0.00067026356
0.00066984346
0.00066940414
0.00066895533
0.00066848566
0.00066800667
0.00066750505
0.00066699442
0.00066645922
0.00066591549
0.00066534505
0.00066476681
0.00066415942
0.00066354535
0.00066289924
0.0006622482
0.00066156158
0.0006608725
0.00066014362
0.00065941539
0.00065864268
0.00065787394
0.0006570561
0.00065624547
0.00065538124
0.00065452795
0.00065361544
0.00065271907
0.00065175662
0.00065081548
0.00064980472
0.00064881248
0.00064775964
0.00064670721
0.00064561778
0.00064450089
0.00064337429
0.00064219065
0.00064103477
0.0006397632
0.0006386069
0.00063722138
0.00063607554
0.00063457741
0.00063345078
0.00063179531
0.00063072766
0.0006289548
0.00062775337
0.00062602095
0.00062465967
0.00062293971
0.00062101935
0.00062002738
0.00061268471
0.00060570664
0.00058633727
0.00054862481
0.00053834876
0.00053793889
0.00053898823
0.00054056239
0.00054215427
0.00054325811
0.00054383238
0.00054396529
0.00054395228
0.00054390676
0.000543893
0.000543892
0.00054389277
0.00054389286
0.00067698961
0.00067681292
0.0006766289
0.00067643797
0.00067623919
0.00067603312
0.00067581876
0.00067559674
0.00067536587
0.00067512686
0.00067487834
0.00067462116
0.0006743538
0.00067407728
0.00067378986
0.00067349279
0.00067318404
0.00067286514
0.00067253374
0.00067219171
0.00067183628
0.00067146976
0.00067108888
0.00067069646
0.00067028868
0.00066986893
0.00066943276
0.00066898422
0.00066851816
0.00066803933
0.00066754187
0.00066703123
0.00066650087
0.00066595689
0.0006653921
0.0006648133
0.00066421253
0.00066359749
0.00066295917
0.00066230661
0.00066162917
0.00066093791
0.00066021981
0.00065948864
0.00065872854
0.00065795598
0.00065715293
0.00065633734
0.00065549062
0.00065463079
0.00065373908
0.00065283449
0.00065189603
0.00065094611
0.00064996069
0.00064896228
0.00064793259
0.00064688073
0.00064580886
0.00064470251
0.00064358507
0.00064242693
0.00064126358
0.00064004643
0.00063884926
0.00063756494
0.00063632971
0.00063499616
0.000633708
0.00063231653
0.00063098167
0.00062957401
0.00062805494
0.000626711
0.00062501052
0.00062378905
0.0006217633
0.00062089408
0.0006178007
0.00061729556
0.00061013948
0.00060425375
0.00059200059
0.00058505913
0.00058207792
0.00058087348
0.00058026004
0.00057989321
0.00057972991
0.00057969402
0.00057969779
0.00057971254
0.00057971768
0.00057971886
0.00057971906
0.00057971905
0.00067699094
0.00067681453
0.00067663104
0.00067644045
0.0006762423
0.00067603662
0.00067582295
0.00067560133
0.0006753712
0.00067513261
0.00067488491
0.00067462818
0.00067436172
0.00067408569
0.00067379927
0.00067350271
0.00067319509
0.00067287673
0.00067254659
0.00067220512
0.00067185111
0.00067148518
0.00067110589
0.00067071409
0.0006703081
0.000669889
0.00066945485
0.00066900699
0.0006685432
0.00066806508
0.00066757018
0.00066706028
0.00066653281
0.00066598961
0.00066542809
0.00066485009
0.00066425304
0.00066363881
0.00066300475
0.00066235299
0.00066168043
0.00066098994
0.00066027742
0.00065954701
0.00065879325
0.0006580215
0.00065722561
0.00065641095
0.0006555723
0.00065471349
0.00065383093
0.00065292751
0.00065199928
0.00065105118
0.00065007635
0.0006490818
0.00064806152
0.00064701748
0.00064595263
0.00064485889
0.00064374605
0.00064260597
0.0006414432
0.00064025371
0.00063904834
0.00063780543
0.00063655317
0.00063527235
0.00063396145
0.00063263383
0.0006312776
0.00062991655
0.00062843984
0.00062705241
0.0006255017
0.0006241334
0.00062246587
0.00062104306
0.00061915485
0.00061795286
0.00061615729
0.00061471569
0.00061297841
0.000611993
0.00061161368
0.00061146085
0.0006113482
0.00061129509
0.00061125117
0.00061124195
0.00061124211
0.0006112451
0.00061124588
0.00061124598
0.00061124596
0.00061124595
0.00067699193
0.00067681578
0.00067663266
0.00067644239
0.00067624468
0.00067603938
0.00067582619
0.00067560496
0.00067537535
0.00067513716
0.00067489003
0.00067463374
0.00067436791
0.00067409234
0.00067380662
0.00067351056
0.0006732037
0.00067288589
0.00067255659
0.00067221572
0.00067186265
0.00067149735
0.00067111911
0.000670728
0.00067032318
0.00066990483
0.00066947198
0.00066902493
0.0006685626
0.00066808536
0.00066759208
0.00066708317
0.00066655749
0.00066601538
0.00066545585
0.00066487907
0.00066428425
0.00066367137
0.00066303981
0.00066238953
0.0006617198
0.00066103092
0.00066032161
0.00065959297
0.00065884282
0.00065807308
0.00065728119
0.0006564689
0.00065563463
0.0006547786
0.00065390089
0.00065300066
0.00065207791
0.0006511335
0.00065016465
0.0006491748
0.00064816046
0.00064712294
0.0006460636
0.00064497833
0.00064387125
0.00064274101
0.0006415846
0.00064040742
0.00063920757
0.0006379806
0.00063673472
0.00063546968
0.00063417061
0.00063285689
0.00063152027
0.00063016188
0.00062873592
0.00062731367
0.00062585504
0.00062442607
0.00062289654
0.00062133664
0.00061970454
0.00061828832
0.00061711515
0.00061632103
0.00061583498
0.00061561114
0.00061553119
0.00061550165
0.00061548399
0.0006154733
0.00061546706
0.00061546518
0.00061546501
0.00061546516
0.00061546518
0.00061546515
0.00061546514
0.00061546514
0.00067699266
0.00067681672
0.00067663388
0.00067644389
0.00067624651
0.00067604152
0.00067582871
0.00067560781
0.00067537859
0.00067514075
0.00067489403
0.00067463812
0.00067437275
0.0006740976
0.00067381237
0.00067351676
0.00067321045
0.00067289313
0.00067256443
0.00067222409
0.00067187168
0.00067150696
0.00067112946
0.00067073897
0.00067033497
0.0006699173
0.00066948536
0.00066903905
0.00066857772
0.00066810132
0.00066760914
0.00066710115
0.00066657668
0.00066603562
0.00066547743
0.00066490182
0.00066430848
0.00066369691
0.00066306701
0.00066241818
0.00066175032
0.00066106303
0.00066035584
0.00065962894
0.00065888119
0.00065811342
0.00065732417
0.00065651418
0.00065568277
0.00065482943
0.00065395489
0.00065305769
0.00065213859
0.00065119751
0.00065023284
0.00064924683
0.00064823699
0.00064720426
0.00064614958
0.00064507005
0.00064396836
0.00064284426
0.00064169449
0.00064052429
0.00063933151
0.00063811324
0.00063687578
0.00063561901
0.00063433222
0.00063302642
0.0006317046
0.00063035329
0.00062895128
0.00062752776
0.0006261019
0.00062467382
0.00062318256
0.00062161549
0.00062003583
0.00061861358
0.00061750688
0.00061678245
0.0006163847
0.00061620289
0.00061613085
0.00061610286
0.00061609021
0.00061608376
0.00061608081
0.00061607976
0.0006160795
0.00061607943
0.0006160794
0.00061607937
0.00061607936
0.00061607937
0.00067699318
0.00067681742
0.00067663479
0.00067644502
0.00067624791
0.00067604318
0.00067583065
0.00067561003
0.00067538111
0.00067514357
0.00067489717
0.00067464158
0.00067437655
0.00067410174
0.0006738169
0.00067352166
0.00067321576
0.00067289884
0.0006725706
0.0006722307
0.00067187878
0.00067151454
0.00067113759
0.00067074762
0.00067034423
0.00066992712
0.00066949585
0.00066905017
0.00066858957
0.00066811386
0.00066762249
0.00066711528
0.00066659169
0.0006660515
0.00066549428
0.00066491966
0.00066432739
0.00066371693
0.00066308823
0.00066244062
0.00066177411
0.00066108815
0.0006603825
0.00065965707
0.00065891105
0.00065814493
0.0006573576
0.00065654951
0.0006557202
0.00065486905
0.00065399682
0.0006531021
0.00065218567
0.00065124727
0.00065028573
0.00064930272
0.00064829634
0.00064726723
0.00064621623
0.00064514094
0.00064404356
0.00064292393
0.00064177946
0.00064061431
0.00063942722
0.00063821528
0.00063698434
0.000635734
0.00063445591
0.0006331572
0.00063184461
0.00063050201
0.00062911228
0.00062769613
0.00062628459
0.00062486813
0.00062339262
0.00062183593
0.00062027441
0.00061887173
0.00061778305
0.00061706883
0.00061667528
0.00061649121
0.00061641556
0.00061638577
0.00061637315
0.00061636729
0.0006163648
0.00061636391
0.00061636369
0.00061636361
0.00061636358
0.00061636355
0.00061636354
0.00061636355
0.00067699353
0.00067681792
0.00067663546
0.00067644588
0.00067624896
0.00067604446
0.00067583215
0.00067561177
0.00067538307
0.00067514578
0.00067489963
0.0006746443
0.00067437954
0.00067410502
0.00067382046
0.00067352554
0.00067321995
0.00067290337
0.00067257547
0.00067223592
0.00067188439
0.00067152053
0.000671144
0.00067075445
0.00067035151
0.00066993487
0.0006695041
0.00066905892
0.00066859889
0.00066812373
0.00066763297
0.00066712638
0.00066660347
0.00066606397
0.00066550749
0.00066493366
0.00066434221
0.00066373263
0.00066310484
0.0006624582
0.00066179272
0.00066110782
0.00066040334
0.00065967907
0.00065893436
0.00065816956
0.00065738369
0.00065657711
0.00065574938
0.00065489996
0.00065402949
0.00065313671
0.00065222232
0.00065128602
0.00065032687
0.0006493462
0.00064834247
0.00064731614
0.00064626798
0.00064519593
0.00064410187
0.00064298569
0.00064184524
0.00064068399
0.00063950122
0.00063829415
0.00063706808
0.00063582287
0.000634551
0.00063325818
0.00063195199
0.00063061676
0.00062923511
0.00062782619
0.00062642367
0.0006250174
0.00062355215
0.0006220051
0.00062045566
0.00061906733
0.00061799264
0.0006172861
0.00061689321
0.00061670665
0.00061662879
0.0006165982
0.00061658577
0.00061658035
0.00061657815
0.00061657739
0.00061657718
0.00061657711
0.00061657708
0.00061657705
0.00061657705
0.00061657705
0.00067699375
0.00067681826
0.00067663593
0.0006764465
0.00067624975
0.00067604543
0.0006758333
0.00067561311
0.00067538461
0.00067514751
0.00067490156
0.00067464645
0.0006743819
0.00067410761
0.00067382328
0.00067352861
0.00067322327
0.00067290695
0.00067257933
0.00067224006
0.00067188883
0.00067152528
0.00067114907
0.00067075985
0.00067035727
0.00066994099
0.00066951062
0.00066906583
0.00066860623
0.00066813151
0.00066764123
0.00066713512
0.00066661273
0.00066607379
0.00066551787
0.00066494466
0.00066435384
0.00066374496
0.00066311788
0.000662472
0.00066180731
0.00066112325
0.00066041966
0.0006596963
0.00065895262
0.00065818884
0.0006574041
0.00065659869
0.00065577219
0.00065492412
0.00065405502
0.00065316374
0.00065225092
0.00065131626
0.00065035894
0.0006493801
0.0006483784
0.00064735422
0.00064630826
0.00064523871
0.00064414719
0.00064303369
0.0006418963
0.00064073808
0.0006395586
0.00063835527
0.00063713292
0.00063589168
0.00063462447
0.00063333624
0.00063203487
0.0006307053
0.00062932962
0.00062792644
0.00062653056
0.00062513202
0.00062367443
0.0006221349
0.00062059446
0.00061921682
0.00061815203
0.0006174514
0.00061706002
0.00061687262
0.00061679373
0.0006167629
0.00061675078
0.00061674577
0.00061674381
0.00061674314
0.00061674295
0.00061674289
0.00061674285
0.00061674283
0.00061674282
0.00061674283
0.00067699388
0.00067681848
0.00067663626
0.00067644695
0.00067625033
0.00067604615
0.00067583418
0.00067561414
0.0006753858
0.00067514886
0.00067490308
0.00067464814
0.00067438377
0.00067410966
0.00067382553
0.00067353104
0.00067322591
0.00067290979
0.00067258239
0.00067224335
0.00067189235
0.00067152904
0.00067115309
0.00067076413
0.00067036184
0.00066994584
0.00066951577
0.0006690713
0.00066861203
0.00066813765
0.00066764774
0.00066714202
0.00066662003
0.00066608152
0.00066552605
0.00066495333
0.000664363
0.00066375466
0.00066312813
0.00066248284
0.00066181878
0.00066113536
0.00066043247
0.00065970983
0.00065896693
0.00065820396
0.00065742009
0.00065661561
0.00065579006
0.00065494304
0.00065407499
0.00065318489
0.00065227329
0.0006513399
0.000650384
0.00064940658
0.00064840645
0.00064738393
0.00064633968
0.00064527205
0.0006441825
0.00064307108
0.00064193603
0.00064078016
0.00063960322
0.00063840276
0.00063718326
0.0006359451
0.00063468142
0.00063339674
0.00063209906
0.0006307738
0.00062940263
0.0006280039
0.00062661307
0.00062522035
0.00062376856
0.00062223482
0.00062070122
0.0006193316
0.00061827416
0.00061757811
0.00061718821
0.00061700059
0.00061692131
0.00061689053
0.00061687876
0.00061687409
0.00061687233
0.00061687173
0.00061687157
0.0006168715
0.00061687147
0.00061687144
0.00061687144
0.00061687144
0.00067699392
0.0006768186
0.00067663646
0.00067644726
0.00067625075
0.00067604669
0.00067583484
0.00067561493
0.00067538672
0.00067514992
0.00067490426
0.00067464947
0.00067438524
0.00067411129
0.0006738273
0.00067353298
0.00067322801
0.00067291207
0.00067258483
0.00067224597
0.00067189515
0.00067153203
0.00067115628
0.00067076754
0.00067036546
0.00066994968
0.00066951986
0.00066907563
0.00066861663
0.00066814253
0.0006676529
0.00066714748
0.00066662581
0.00066608764
0.00066553252
0.00066496017
0.00066437023
0.0006637623
0.0006631362
0.00066249138
0.0006618278
0.0006611449
0.00066044256
0.00065972047
0.00065897819
0.00065821584
0.00065743266
0.00065662888
0.00065580408
0.00065495787
0.00065409066
0.00065320147
0.00065229081
0.00065135842
0.00065040361
0.00064942731
0.0006484284
0.00064740717
0.00064636424
0.0006452981
0.00064421008
0.00064310026
0.00064196702
0.00064081297
0.000639638
0.00063843974
0.00063722246
0.00063598667
0.00063472569
0.00063344375
0.00063214893
0.00063082694
0.00062945922
0.00062806393
0.00062667697
0.00062528865
0.00062384128
0.000622312
0.00062078365
0.00061942009
0.0006183682
0.00061767568
0.00061728711
0.00061709958
0.00061702022
0.00061698962
0.00061697819
0.00061697382
0.00061697222
0.00061697169
0.00061697154
0.00061697148
0.00061697145
0.00061697142
0.00061697141
0.00061697142
0.0006769939
0.00067681865
0.00067663658
0.00067644746
0.00067625104
0.00067604708
0.00067583533
0.00067561553
0.00067538742
0.00067515074
0.0006749052
0.00067465052
0.00067438641
0.00067411257
0.00067382871
0.00067353452
0.00067322968
0.00067291387
0.00067258678
0.00067224806
0.0006718974
0.00067153443
0.00067115884
0.00067077026
0.00067036836
0.00066995276
0.00066952312
0.00066907909
0.00066862029
0.0006681464
0.000667657
0.00066715182
0.00066663039
0.00066609249
0.00066553764
0.00066496558
0.00066437594
0.00066376834
0.00066314258
0.00066249813
0.00066183493
0.00066115242
0.00066045051
0.00065972886
0.00065898705
0.0006582252
0.00065744254
0.00065663933
0.00065581511
0.00065496953
0.00065410297
0.00065321448
0.00065230457
0.00065137295
0.00065041899
0.00064944355
0.00064844559
0.00064742536
0.00064638347
0.00064531849
0.00064423165
0.00064312309
0.00064199125
0.00064083861
0.00063966516
0.0006384686
0.00063725303
0.00063601909
0.00063476019
0.00063348037
0.00063218776
0.00063086829
0.0006295032
0.00062811056
0.0006267266
0.00062534165
0.00062389763
0.00062237178
0.00062084747
0.00061948855
0.00061844088
0.00061775109
0.00061736364
0.00061717634
0.00061709707
0.00061706673
0.00061705564
0.00061705153
0.00061705008
0.0006170496
0.00061704947
0.00061704941
0.00061704938
0.00061704935
0.00061704934
0.00061704935
0.00067699384
0.00067681864
0.00067663663
0.00067644758
0.00067625123
0.00067604735
0.00067583569
0.00067561598
0.00067538797
0.00067515137
0.00067490593
0.00067465135
0.00067438733
0.0006741136
0.00067382984
0.00067353575
0.00067323102
0.00067291532
0.00067258834
0.00067224973
0.00067189919
0.00067153635
0.00067116089
0.00067077244
0.00067037068
0.00066995522
0.00066952574
0.00066908186
0.00066862322
0.0006681495
0.00066766028
0.00066715528
0.00066663405
0.00066609634
0.00066554171
0.00066496988
0.00066438048
0.00066377313
0.00066314764
0.00066250346
0.00066184056
0.00066115837
0.00066045679
0.00065973549
0.00065899405
0.00065823258
0.00065745034
0.00065664756
0.00065582379
0.00065497872
0.00065411266
0.00065322473
0.00065231539
0.00065138438
0.00065043108
0.00064945631
0.0006484591
0.00064743965
0.00064639856
0.00064533448
0.00064424856
0.00064314098
0.00064201022
0.00064085868
0.00063968642
0.00063849118
0.00063727693
0.00063604443
0.00063478714
0.00063350893
0.00063221805
0.00063090054
0.00062953747
0.00062814688
0.00062676524
0.00062538288
0.00062394142
0.00062241821
0.00062089703
0.00061954169
0.00061849725
0.00061780956
0.00061742303
0.00061723603
0.00061715695
0.00061712689
0.00061711611
0.00061711224
0.00061711091
0.00061711048
0.00061711036
0.00061711031
0.00061711028
0.00061711025
0.00061711025
0.00061711025
0.00067699374
0.00067681858
0.00067663662
0.00067644762
0.00067625134
0.00067604753
0.00067583594
0.00067561631
0.00067538837
0.00067515186
0.00067490649
0.00067465199
0.00067438807
0.00067411442
0.00067383075
0.00067353675
0.0006732321
0.00067291649
0.0006725896
0.00067225109
0.00067190065
0.0006715379
0.00067116254
0.0006707742
0.00067037254
0.0006699572
0.00066952783
0.00066908408
0.00066862558
0.00066815199
0.00066766291
0.00066715805
0.00066663697
0.00066609943
0.00066554496
0.00066497331
0.00066438409
0.00066377695
0.00066315165
0.0006625077
0.00066184503
0.00066116308
0.00066046176
0.00065974073
0.00065899959
0.00065823841
0.0006574565
0.00065665406
0.00065583065
0.00065498596
0.0006541203
0.0006532328
0.00065232392
0.00065139338
0.00065044059
0.00064946635
0.00064846972
0.00064745087
0.00064641042
0.00064534704
0.00064426183
0.00064315503
0.00064202511
0.00064087441
0.00063970309
0.00063850888
0.00063729565
0.00063606428
0.00063480823
0.00063353127
0.00063224173
0.00063092575
0.00062956423
0.00062817522
0.00062679541
0.00062541504
0.00062397553
0.00062245435
0.00062093563
0.00061958305
0.00061854107
0.000617855
0.00061746925
0.00061728257
0.00061720374
0.00061717397
0.00061716347
0.00061715979
0.00061715856
0.00061715817
0.00061715807
0.00061715802
0.00061715799
0.00061715796
0.00061715795
0.00061715796
0.0006769936
0.00067681848
0.00067663656
0.00067644761
0.00067625138
0.00067604763
0.0006758361
0.00067561653
0.00067538866
0.00067515222
0.00067490693
0.0006746525
0.00067438865
0.00067411507
0.00067383148
0.00067353755
0.00067323298
0.00067291745
0.00067259064
0.00067225221
0.00067190184
0.00067153917
0.0006711639
0.00067077563
0.00067037407
0.00066995881
0.00066952954
0.00066908588
0.00066862748
0.00066815399
0.00066766502
0.00066716028
0.00066663932
0.00066610191
0.00066554757
0.00066497606
0.00066438698
0.00066377999
0.00066315486
0.00066251109
0.00066184859
0.00066116684
0.00066046572
0.0006597449
0.00065900399
0.00065824304
0.00065746138
0.0006566592
0.00065583608
0.00065499169
0.00065412633
0.00065323918
0.00065233064
0.00065140048
0.0006504481
0.00064947427
0.00064847809
0.00064745972
0.00064641976
0.00064535693
0.00064427227
0.00064316607
0.00064203681
0.00064088677
0.00063971618
0.00063852276
0.00063731034
0.00063607984
0.00063482476
0.00063354877
0.00063226029
0.00063094549
0.00062958516
0.00062819739
0.000626819
0.00062544017
0.00062400215
0.00062248256
0.00062096576
0.00061961531
0.0006185752
0.00061789039
0.0006175053
0.00061731897
0.00061724041
0.00061721092
0.00061720065
0.00061719712
0.00061719598
0.00061719561
0.00061719552
0.00061719547
0.00061719544
0.00061719541
0.0006171954
0.00061719541
0.00067699345
0.00067681835
0.00067663647
0.00067644756
0.00067625137
0.00067604767
0.0006758362
0.00067561669
0.00067538888
0.0006751525
0.00067490726
0.0006746529
0.00067438911
0.0006741156
0.00067383206
0.0006735382
0.0006732337
0.00067291823
0.00067259148
0.00067225312
0.00067190282
0.00067154022
0.00067116501
0.00067077681
0.00067037532
0.00066996013
0.00066953094
0.00066908735
0.00066862903
0.00066815562
0.00066766674
0.00066716208
0.00066664122
0.0006661039
0.00066554967
0.00066497827
0.00066438931
0.00066378245
0.00066315744
0.0006625138
0.00066185145
0.00066116984
0.00066046888
0.00065974822
0.00065900749
0.00065824672
0.00065746527
0.00065666329
0.00065584039
0.00065499623
0.00065413112
0.00065324423
0.00065233597
0.0006514061
0.00065045403
0.00064948052
0.0006484847
0.00064746669
0.00064642713
0.00064536472
0.0006442805
0.00064317477
0.00064204602
0.0006408965
0.00063972648
0.00063853367
0.00063732187
0.00063609208
0.00063483774
0.00063356251
0.00063227486
0.00063096098
0.00062960155
0.00062821476
0.0006268375
0.00062545983
0.00062402295
0.00062250461
0.00062098932
0.00061964052
0.00061860184
0.000617918
0.00061753346
0.00061734747
0.00061726919
0.00061723995
0.00061722988
0.00061722649
0.0006172254
0.00061722506
0.00061722497
0.00061722492
0.00061722489
0.00061722486
0.00061722486
0.00061722486
0.00067699328
0.00067681821
0.00067663635
0.00067644748
0.00067625133
0.00067604768
0.00067583625
0.00067561679
0.00067538903
0.0006751527
0.00067490752
0.00067465321
0.00067438947
0.00067411602
0.00067383254
0.00067353874
0.00067323429
0.00067291888
0.00067259219
0.00067225388
0.00067190363
0.00067154109
0.00067116594
0.0006707778
0.00067037636
0.00066996123
0.00066953209
0.00066908856
0.0006686303
0.00066815696
0.00066766815
0.00066716356
0.00066664277
0.00066610553
0.00066555138
0.00066498006
0.00066439119
0.00066378442
0.00066315952
0.00066251598
0.00066185374
0.00066117225
0.00066047142
0.00065975089
0.00065901029
0.00065824967
0.00065746837
0.00065666655
0.00065584382
0.00065499985
0.00065413492
0.00065324824
0.00065234019
0.00065141055
0.00065045872
0.00064948547
0.00064848993
0.00064747221
0.00064643295
0.00064537088
0.00064428699
0.00064318163
0.00064205328
0.00064090416
0.0006397346
0.00063854226
0.00063733094
0.00063610171
0.00063484794
0.00063357328
0.00063228631
0.00063097316
0.00062961444
0.0006282284
0.00062685202
0.00062547526
0.00062403923
0.00062252186
0.00062100778
0.00061966028
0.0006186227
0.00061793959
0.00061755548
0.00061736978
0.00061729176
0.00061726276
0.00061725288
0.00061724961
0.00061724858
0.00061724826
0.00061724817
0.00061724812
0.00061724809
0.00061724807
0.00061724806
0.00061724806
0.0006769931
0.00067681805
0.00067663623
0.00067644738
0.00067625127
0.00067604765
0.00067583626
0.00067561684
0.00067538913
0.00067515285
0.00067490772
0.00067465346
0.00067438977
0.00067411637
0.00067383294
0.00067353918
0.00067323478
0.00067291942
0.00067259278
0.00067225452
0.00067190432
0.00067154182
0.00067116672
0.00067077862
0.00067037723
0.00066996215
0.00066953306
0.00066908958
0.00066863137
0.00066815808
0.00066766932
0.00066716479
0.00066664406
0.00066610687
0.00066555279
0.00066498154
0.00066439274
0.00066378604
0.00066316121
0.00066251776
0.0006618556
0.0006611742
0.00066047345
0.00065975303
0.00065901254
0.00065825204
0.00065747086
0.00065666916
0.00065584657
0.00065500273
0.00065413795
0.00065325144
0.00065234355
0.0006514141
0.00065046246
0.0006494894
0.00064849408
0.00064747658
0.00064643756
0.00064537575
0.00064429213
0.00064318706
0.00064205901
0.00064091022
0.00063974101
0.00063854903
0.0006373381
0.00063610931
0.00063485597
0.00063358175
0.00063229533
0.00063098277
0.00062962459
0.00062823912
0.00062686343
0.00062548736
0.000624052
0.00062253538
0.00062102226
0.00061967578
0.00061863904
0.00061795649
0.00061757273
0.00061738729
0.00061730951
0.00061728073
0.00061727102
0.00061726785
0.00061726686
0.00061726656
0.00061726648
0.00061726643
0.0006172664
0.00061726637
0.00061726637
0.00061726637
0.00067699292
0.0006768179
0.00067663609
0.00067644727
0.00067625119
0.0006760476
0.00067583625
0.00067561687
0.0006753892
0.00067515296
0.00067490787
0.00067465366
0.00067439001
0.00067411666
0.00067383327
0.00067353956
0.0006732352
0.00067291988
0.00067259328
0.00067225506
0.0006719049
0.00067154245
0.00067116738
0.00067077933
0.00067037797
0.00066996293
0.00066953388
0.00066909044
0.00066863227
0.00066815902
0.0006676703
0.00066716582
0.00066664513
0.000666108
0.00066555396
0.00066498276
0.00066439401
0.00066378737
0.0006631626
0.00066251921
0.00066185711
0.00066117579
0.00066047511
0.00065975477
0.00065901436
0.00065825394
0.00065747286
0.00065667126
0.00065584878
0.00065500505
0.00065414039
0.000653254
0.00065234623
0.00065141693
0.00065046543
0.00064949253
0.00064849738
0.00064748005
0.00064644122
0.00064537961
0.00064429619
0.00064319136
0.00064206354
0.000640915
0.00063974608
0.00063855437
0.00063734376
0.0006361153
0.00063486231
0.00063358846
0.00063230246
0.00063099032
0.00062963254
0.00062824755
0.00062687241
0.00062549688
0.00062406202
0.00062254602
0.00062103365
0.00061968793
0.00061865183
0.00061796973
0.00061758628
0.0006174011
0.00061732354
0.00061729494
0.00061728535
0.00061728226
0.00061728131
0.00061728102
0.00061728094
0.00061728089
0.00061728086
0.00061728084
0.00061728083
0.00061728084
0.00067699275
0.00067681774
0.00067663595
0.00067644716
0.0006762511
0.00067604755
0.00067583622
0.00067561688
0.00067538924
0.00067515304
0.00067490799
0.00067465381
0.00067439021
0.00067411689
0.00067383355
0.00067353988
0.00067323556
0.00067292028
0.00067259371
0.00067225553
0.00067190541
0.00067154299
0.00067116796
0.00067077994
0.00067037861
0.00066996361
0.00066953459
0.00066909118
0.00066863305
0.00066815983
0.00066767115
0.0006671667
0.00066664605
0.00066610895
0.00066555495
0.00066498379
0.00066439508
0.00066378848
0.00066316376
0.00066252041
0.00066185837
0.0006611771
0.00066047648
0.0006597562
0.00065901585
0.0006582555
0.00065747448
0.00065667297
0.00065585055
0.00065500691
0.00065414235
0.00065325605
0.0006523484
0.0006514192
0.00065046781
0.00064949503
0.00064850001
0.00064748282
0.00064644413
0.00064538268
0.00064429943
0.00064319477
0.00064206714
0.0006409188
0.00063975008
0.00063855861
0.00063734823
0.00063612003
0.00063486732
0.00063359376
0.00063230807
0.00063099623
0.0006296388
0.0006282542
0.0006268795
0.00062550439
0.00062406993
0.00062255438
0.00062104257
0.00061969747
0.00061866189
0.00061798015
0.00061759693
0.00061741191
0.00061733452
0.00061730608
0.00061729663
0.00061729363
0.00061729273
0.00061729245
0.00061729238
0.00061729233
0.00061729231
0.00061729228
0.00061729227
0.00061729228
0.00067699258
0.00067681758
0.00067663582
0.00067644704
0.00067625101
0.00067604748
0.00067583618
0.00067561687
0.00067538926
0.0006751531
0.00067490808
0.00067465394
0.00067439037
0.00067411709
0.00067383378
0.00067354015
0.00067323587
0.00067292062
0.00067259409
0.00067225594
0.00067190585
0.00067154346
0.00067116846
0.00067078047
0.00067037918
0.0006699642
0.00066953522
0.00066909184
0.00066863373
0.00066816054
0.00066767188
0.00066716746
0.00066664684
0.00066610977
0.00066555579
0.00066498466
0.00066439599
0.00066378942
0.00066316473
0.00066252142
0.00066185942
0.00066117819
0.00066047762
0.00065975738
0.00065901709
0.00065825679
0.00065747582
0.00065667436
0.00065585201
0.00065500843
0.00065414394
0.00065325771
0.00065235014
0.00065142102
0.00065046973
0.00064949704
0.00064850212
0.00064748504
0.00064644646
0.00064538513
0.00064430201
0.00064319748
0.00064207001
0.00064092181
0.00063975326
0.00063856198
0.00063735178
0.00063612378
0.00063487128
0.00063359794
0.00063231245
0.00063100089
0.00062964376
0.00062825948
0.00062688512
0.00062551034
0.00062407617
0.00062256094
0.00062104957
0.00061970498
0.00061866982
0.00061798835
0.00061760528
0.00061742039
0.00061734313
0.00061731484
0.00061730552
0.00061730261
0.00061730176
0.0006173015
0.00061730144
0.00061730139
0.00061730137
0.00061730134
0.00061730134
0.00061730134
0.00067699241
0.00067681743
0.00067663568
0.00067644692
0.00067625091
0.0006760474
0.00067583613
0.00067561685
0.00067538927
0.00067515313
0.00067490815
0.00067465404
0.00067439051
0.00067411726
0.00067383399
0.00067354039
0.00067323614
0.00067292093
0.00067259444
0.00067225632
0.00067190626
0.0006715439
0.00067116893
0.00067078096
0.0006703797
0.00066996474
0.00066953578
0.00066909243
0.00066863434
0.00066816118
0.00066767254
0.00066716814
0.00066664754
0.00066611049
0.00066555653
0.00066498543
0.00066439677
0.00066379023
0.00066316557
0.00066252229
0.00066186032
0.00066117912
0.00066047858
0.00065975838
0.00065901812
0.00065825786
0.00065747693
0.00065667552
0.00065585321
0.00065500968
0.00065414524
0.00065325907
0.00065235156
0.0006514225
0.00065047127
0.00064949866
0.00064850382
0.00064748682
0.00064644833
0.00064538709
0.00064430407
0.00064319965
0.00064207228
0.00064092421
0.00063975579
0.00063856464
0.00063735459
0.00063612675
0.00063487441
0.00063360127
0.00063231601
0.00063100462
0.00062964765
0.00062826362
0.00062688953
0.00062551499
0.00062408104
0.00062256611
0.00062105512
0.00061971089
0.00061867601
0.00061799473
0.00061761183
0.00061742711
0.00061735001
0.00061732185
0.00061731262
0.00061730976
0.00061730893
0.00061730868
0.00061730862
0.00061730858
0.00061730855
0.00061730853
0.00061730852
0.00061730853
0.00067699225
0.00067681728
0.00067663555
0.0006764468
0.00067625081
0.00067604733
0.00067583608
0.00067561682
0.00067538927
0.00067515316
0.00067490821
0.00067465413
0.00067439063
0.00067411742
0.00067383418
0.00067354061
0.00067323639
0.00067292121
0.00067259475
0.00067225666
0.00067190663
0.0006715443
0.00067116935
0.00067078141
0.00067038017
0.00066996524
0.0006695363
0.00066909296
0.0006686349
0.00066816175
0.00066767313
0.00066716875
0.00066664817
0.00066611113
0.0006655572
0.00066498611
0.00066439747
0.00066379095
0.00066316631
0.00066252305
0.0006618611
0.00066117992
0.00066047941
0.00065975923
0.000659019
0.00065825876
0.00065747787
0.00065667648
0.00065585421
0.00065501072
0.00065414632
0.0006532602
0.00065235272
0.00065142372
0.00065047254
0.00064949998
0.00064850521
0.00064748826
0.00064644984
0.00064538868
0.00064430573
0.00064320139
0.00064207411
0.00064092612
0.00063975779
0.00063856675
0.00063735683
0.00063612911
0.0006348769
0.00063360392
0.00063231888
0.00063100765
0.00062965074
0.00062826682
0.00062689297
0.00062551867
0.00062408488
0.00062257012
0.00062105943
0.00061971557
0.00061868096
0.00061799979
0.00061761691
0.00061743223
0.00061735524
0.00061732723
0.00061731813
0.00061731537
0.0006173146
0.00061731437
0.00061731432
0.00061731428
0.00061731425
0.00061731423
0.00061731422
0.00061731423
0.0006769921
0.00067681714
0.00067663542
0.00067644669
0.00067625072
0.00067604725
0.00067583603
0.00067561679
0.00067538927
0.00067515319
0.00067490826
0.00067465421
0.00067439074
0.00067411756
0.00067383435
0.00067354081
0.00067323663
0.00067292148
0.00067259504
0.00067225698
0.00067190698
0.00067154467
0.00067116975
0.00067078183
0.00067038061
0.0006699657
0.00066953678
0.00066909346
0.00066863541
0.00066816228
0.00066767368
0.00066716931
0.00066664874
0.00066611172
0.0006655578
0.00066498672
0.0006643981
0.00066379159
0.00066316696
0.00066252372
0.00066186179
0.00066118062
0.00066048013
0.00065975997
0.00065901976
0.00065825954
0.00065747867
0.00065667731
0.00065585506
0.0006550116
0.00065414722
0.00065326114
0.00065235369
0.00065142472
0.00065047359
0.00064950106
0.00064850634
0.00064748944
0.00064645106
0.00064538997
0.00064430707
0.00064320278
0.00064207559
0.00064092766
0.0006397594
0.00063856846
0.00063735861
0.00063613098
0.00063487888
0.00063360602
0.00063232111
0.00063101003
0.00062965321
0.00062826936
0.0006268957
0.00062552161
0.00062408793
0.00062257325
0.00062106279
0.00061971926
0.0006186849
0.0006180038
0.00061762089
0.00061743621
0.0006173593
0.00061733142
0.00061732246
0.0006173198
0.00061731908
0.00061731888
0.00061731884
0.0006173188
0.00061731878
0.00061731876
0.00061731875
0.00061731876
0.00067699196
0.00067681701
0.0006766353
0.00067644659
0.00067625064
0.00067604719
0.00067583598
0.00067561677
0.00067538927
0.00067515321
0.00067490831
0.00067465429
0.00067439085
0.00067411769
0.00067383451
0.000673541
0.00067323685
0.00067292173
0.00067259532
0.00067225728
0.00067190731
0.00067154502
0.00067117013
0.00067078223
0.00067038103
0.00066996614
0.00066953724
0.00066909394
0.0006686359
0.00066816278
0.00066767419
0.00066716984
0.00066664928
0.00066611227
0.00066555836
0.00066498729
0.00066439868
0.00066379219
0.00066316756
0.00066252434
0.00066186241
0.00066118126
0.00066048078
0.00065976063
0.00065902043
0.00065826022
0.00065747938
0.00065667803
0.0006558558
0.00065501236
0.00065414799
0.00065326194
0.00065235451
0.00065142556
0.00065047447
0.00064950196
0.00064850727
0.00064749041
0.00064645206
0.00064539102
0.00064430816
0.00064320392
0.00064207678
0.00064092891
0.00063976071
0.00063856983
0.00063736004
0.00063613249
0.00063488047
0.00063360761
0.00063232279
0.00063101188
0.0006296552
0.00062827146
0.00062689794
0.00062552398
0.00062409034
0.0006225757
0.00062106542
0.00061972216
0.000618688
0.00061800695
0.000617624
0.00061743931
0.00061736248
0.00061733472
0.00061732588
0.00061732331
0.00061732265
0.00061732247
0.00061732243
0.0006173224
0.00061732238
0.00061732236
0.00061732235
0.00061732236
0.00067699183
0.0006768169
0.0006766352
0.0006764465
0.00067625056
0.00067604713
0.00067583594
0.00067561675
0.00067538927
0.00067515324
0.00067490836
0.00067465437
0.00067439095
0.00067411782
0.00067383467
0.00067354119
0.00067323706
0.00067292197
0.00067259558
0.00067225758
0.00067190762
0.00067154537
0.00067117049
0.00067078262
0.00067038144
0.00066996656
0.00066953767
0.00066909439
0.00066863637
0.00066816326
0.00066767469
0.00066717034
0.00066664979
0.00066611279
0.00066555889
0.00066498783
0.00066439923
0.00066379274
0.00066316813
0.00066252491
0.00066186299
0.00066118184
0.00066048137
0.00065976123
0.00065902104
0.00065826084
0.00065748
0.00065667866
0.00065585644
0.00065501301
0.00065414867
0.00065326262
0.00065235521
0.00065142629
0.0006504752
0.00064950272
0.00064850806
0.00064749122
0.0006464529
0.00064539188
0.00064430905
0.00064320486
0.00064207775
0.00064092991
0.00063976178
0.00063857093
0.00063736118
0.00063613371
0.00063488175
0.00063360895
0.00063232418
0.0006310133
0.00062965669
0.00062827312
0.00062689977
0.00062552584
0.00062409218
0.00062257764
0.00062106755
0.00061972443
0.00061869032
0.00061800929
0.00061762644
0.00061744191
0.00061736521
0.00061733755
0.00061732875
0.00061732619
0.00061732552
0.00061732534
0.0006173253
0.00061732526
0.00061732524
0.00061732522
0.00061732521
0.00061732522
0.00067699172
0.00067681679
0.00067663511
0.00067644642
0.0006762505
0.00067604708
0.00067583591
0.00067561674
0.00067538928
0.00067515327
0.00067490841
0.00067465445
0.00067439105
0.00067411795
0.00067383482
0.00067354137
0.00067323727
0.0006729222
0.00067259584
0.00067225786
0.00067190793
0.0006715457
0.00067117084
0.00067078299
0.00067038183
0.00066996697
0.0006695381
0.00066909483
0.00066863683
0.00066816373
0.00066767517
0.00066717083
0.00066665029
0.0006661133
0.00066555941
0.00066498835
0.00066439976
0.00066379328
0.00066316866
0.00066252545
0.00066186353
0.00066118239
0.00066048192
0.00065976178
0.0006590216
0.0006582614
0.00065748057
0.00065667923
0.00065585703
0.0006550136
0.00065414926
0.00065326323
0.00065235582
0.00065142692
0.00065047584
0.00064950337
0.00064850873
0.00064749189
0.00064645361
0.00064539261
0.00064430979
0.00064320563
0.00064207856
0.00064093073
0.00063976264
0.00063857184
0.00063736211
0.00063613468
0.00063488278
0.00063361001
0.00063232527
0.00063101445
0.00062965789
0.00062827441
0.0006269012
0.00062552736
0.00062409367
0.0006225791
0.00062106913
0.00061972623
0.00061869226
0.00061801124
0.00061762829
0.0006174437
0.00061736705
0.00061733949
0.00061733082
0.00061732836
0.00061732775
0.0006173276
0.00061732757
0.00061732754
0.00061732752
0.0006173275
0.00061732749
0.0006173275
0.00067699162
0.0006768167
0.00067663503
0.00067644636
0.00067625044
0.00067604704
0.00067583589
0.00067561673
0.00067538929
0.0006751533
0.00067490847
0.00067465453
0.00067439116
0.00067411808
0.00067383498
0.00067354155
0.00067323748
0.00067292243
0.0006725961
0.00067225815
0.00067190824
0.00067154603
0.00067117119
0.00067078336
0.00067038222
0.00066996738
0.00066953852
0.00066909527
0.00066863728
0.00066816419
0.00066767564
0.00066717131
0.00066665078
0.0006661138
0.00066555991
0.00066498886
0.00066440027
0.00066379379
0.00066316918
0.00066252597
0.00066186405
0.00066118292
0.00066048244
0.00065976231
0.00065902213
0.00065826193
0.0006574811
0.00065667976
0.00065585756
0.00065501414
0.0006541498
0.00065326378
0.00065235637
0.00065142747
0.0006504764
0.00064950393
0.00064850931
0.00064749248
0.00064645421
0.00064539323
0.00064431041
0.00064320628
0.00064207923
0.0006409314
0.00063976334
0.00063857258
0.00063736285
0.00063613547
0.00063488361
0.00063361086
0.00063232616
0.0006310154
0.00062965886
0.00062827542
0.00062690233
0.00062552856
0.00062409481
0.0006225802
0.00062107035
0.00061972764
0.00061869378
0.00061801273
0.00061762971
0.00061744511
0.00061736852
0.00061734106
0.00061733249
0.00061733011
0.00061732954
0.0006173294
0.00061732938
0.00061732935
0.00061732933
0.00061732931
0.00061732931
0.00061732931
0.00067699153
0.00067681663
0.00067663496
0.0006764463
0.0006762504
0.00067604702
0.00067583588
0.00067561674
0.00067538932
0.00067515335
0.00067490854
0.00067465461
0.00067439127
0.00067411821
0.00067383514
0.00067354173
0.00067323768
0.00067292267
0.00067259636
0.00067225843
0.00067190854
0.00067154636
0.00067117154
0.00067078373
0.00067038261
0.00066996779
0.00066953895
0.00066909571
0.00066863773
0.00066816465
0.00066767611
0.00066717179
0.00066665127
0.00066611429
0.00066556041
0.00066498937
0.00066440078
0.0006637943
0.00066316969
0.00066252648
0.00066186456
0.00066118343
0.00066048295
0.00065976282
0.00065902263
0.00065826244
0.00065748161
0.00065668026
0.00065585807
0.00065501464
0.0006541503
0.00065326428
0.00065235687
0.00065142797
0.0006504769
0.00064950444
0.00064850982
0.00064749299
0.00064645473
0.00064539375
0.00064431095
0.00064320683
0.00064207978
0.00064093198
0.00063976395
0.00063857318
0.00063736348
0.00063613613
0.00063488425
0.00063361148
0.00063232681
0.00063101609
0.00062965964
0.00062827634
0.00062690331
0.00062552949
0.0006240957
0.00062258113
0.00062107136
0.00061972869
0.00061869484
0.00061801382
0.00061763089
0.00061744639
0.00061736988
0.00061734247
0.00061733392
0.00061733155
0.00061733098
0.00061733085
0.00061733082
0.00061733079
0.00061733078
0.00061733076
0.00061733076
0.00061733076
0.00067699147
0.00067681657
0.00067663492
0.00067644627
0.00067625038
0.000676047
0.00067583588
0.00067561676
0.00067538935
0.0006751534
0.00067490861
0.00067465471
0.00067439138
0.00067411835
0.0006738353
0.00067354192
0.00067323789
0.0006729229
0.00067259661
0.00067225871
0.00067190885
0.00067154668
0.00067117189
0.0006707841
0.000670383
0.0006699682
0.00066953937
0.00066909615
0.00066863818
0.00066816512
0.00066767659
0.00066717228
0.00066665176
0.00066611479
0.00066556091
0.00066498987
0.00066440129
0.00066379481
0.0006631702
0.00066252699
0.00066186507
0.00066118393
0.00066048346
0.00065976332
0.00065902313
0.00065826293
0.00065748209
0.00065668075
0.00065585854
0.00065501512
0.00065415077
0.00065326474
0.00065235734
0.00065142843
0.00065047737
0.0006495049
0.00064851027
0.00064749346
0.00064645518
0.00064539421
0.00064431143
0.00064320728
0.00064208025
0.00064093248
0.00063976441
0.00063857368
0.00063736403
0.00063613663
0.00063488477
0.0006336121
0.00063232742
0.00063101665
0.00062966024
0.000628277
0.00062690398
0.00062553017
0.00062409643
0.00062258189
0.00062107209
0.00061972941
0.00061869562
0.00061801474
0.00061763191
0.00061744745
0.00061737096
0.00061734356
0.00061733503
0.00061733268
0.00061733212
0.00061733199
0.00061733197
0.00061733194
0.00061733193
0.00061733191
0.00061733191
0.00061733191
0.00067699141
0.00067681653
0.00067663488
0.00067644625
0.00067625037
0.00067604701
0.0006758359
0.00067561679
0.0006753894
0.00067515347
0.00067490869
0.00067465481
0.00067439151
0.0006741185
0.00067383546
0.00067354211
0.0006732381
0.00067292313
0.00067259687
0.00067225899
0.00067190915
0.00067154701
0.00067117224
0.00067078448
0.00067038339
0.00066996861
0.0006695398
0.00066909659
0.00066863864
0.00066816559
0.00066767707
0.00066717277
0.00066665226
0.00066611529
0.00066556142
0.00066499039
0.0006644018
0.00066379533
0.00066317072
0.00066252751
0.00066186558
0.00066118444
0.00066048396
0.00065976381
0.00065902362
0.00065826341
0.00065748257
0.00065668123
0.00065585901
0.00065501558
0.00065415122
0.00065326519
0.00065235779
0.00065142886
0.0006504778
0.00064950533
0.00064851068
0.00064749389
0.0006464556
0.00064539461
0.00064431185
0.0006432077
0.00064208066
0.00064093291
0.00063976485
0.0006385741
0.00063736445
0.00063613709
0.00063488523
0.0006336125
0.0006323278
0.00063101709
0.00062966076
0.00062827758
0.00062690458
0.00062553075
0.00062409698
0.00062258242
0.00062107266
0.00061973003
0.00061869627
0.00061801539
0.00061763258
0.00061744817
0.00061737173
0.00061734439
0.0006173359
0.00061733358
0.00061733304
0.00061733291
0.00061733289
0.00061733286
0.00061733285
0.00061733283
0.00061733283
0.00061733283
0.00067699138
0.0006768165
0.00067663486
0.00067644624
0.00067625037
0.00067604702
0.00067583593
0.00067561683
0.00067538946
0.00067515354
0.00067490879
0.00067465492
0.00067439164
0.00067411865
0.00067383564
0.0006735423
0.00067323832
0.00067292338
0.00067259714
0.00067225928
0.00067190947
0.00067154735
0.0006711726
0.00067078485
0.00067038379
0.00066996902
0.00066954024
0.00066909704
0.00066863911
0.00066816607
0.00066767756
0.00066717327
0.00066665277
0.00066611581
0.00066556194
0.00066499091
0.00066440232
0.00066379585
0.00066317124
0.00066252803
0.0006618661
0.00066118496
0.00066048447
0.00065976431
0.00065902412
0.0006582639
0.00065748305
0.0006566817
0.00065585947
0.00065501604
0.00065415167
0.00065326562
0.00065235821
0.00065142928
0.00065047821
0.00064950573
0.00064851109
0.00064749426
0.00064645598
0.000645395
0.0006443122
0.00064320808
0.00064208104
0.00064093325
0.00063976523
0.0006385745
0.0006373648
0.00063613746
0.00063488565
0.00063361288
0.00063232813
0.00063101741
0.00062966107
0.00062827794
0.00062690507
0.00062553128
0.00062409741
0.00062258277
0.00062107306
0.00061973054
0.00061869682
0.0006180159
0.00061763302
0.00061744861
0.00061737224
0.00061734497
0.00061733655
0.00061733428
0.00061733375
0.00061733364
0.00061733362
0.00061733359
0.00061733358
0.00061733356
0.00061733356
0.00061733357
0.00067699136
0.00067681649
0.00067663486
0.00067644625
0.00067625039
0.00067604706
0.00067583597
0.00067561689
0.00067538953
0.00067515363
0.00067490889
0.00067465505
0.00067439178
0.00067411881
0.00067383582
0.00067354251
0.00067323855
0.00067292362
0.00067259741
0.00067225957
0.00067190978
0.00067154768
0.00067117297
0.00067078524
0.0006703842
0.00066996945
0.00066954068
0.0006690975
0.00066863958
0.00066816656
0.00066767806
0.00066717378
0.00066665328
0.00066611633
0.00066556246
0.00066499144
0.00066440286
0.00066379639
0.00066317178
0.00066252856
0.00066186664
0.00066118548
0.000660485
0.00065976482
0.00065902462
0.0006582644
0.00065748353
0.00065668218
0.00065585993
0.00065501649
0.00065415212
0.00065326605
0.00065235864
0.00065142968
0.0006504786
0.00064950613
0.00064851145
0.00064749464
0.00064645634
0.00064539534
0.00064431256
0.00064320841
0.00064208137
0.00064093359
0.00063976554
0.00063857482
0.00063736516
0.00063613775
0.00063488595
0.00063361325
0.00063232841
0.00063101755
0.00062966132
0.00062827834
0.00062690542
0.00062553158
0.00062409779
0.00062258321
0.00062107339
0.0006197307
0.000618697
0.00061801628
0.00061763363
0.00061744935
0.00061737298
0.00061734566
0.00061733719
0.00061733489
0.00061733435
0.00061733422
0.0006173342
0.00061733418
0.00061733416
0.00061733415
0.00061733415
0.00061733415
0.00067699135
0.00067681649
0.00067663487
0.00067644627
0.00067625042
0.0006760471
0.00067583603
0.00067561696
0.00067538962
0.00067515374
0.00067490902
0.00067465519
0.00067439194
0.00067411899
0.00067383602
0.00067354273
0.00067323879
0.00067292389
0.0006725977
0.00067225988
0.00067191011
0.00067154804
0.00067117334
0.00067078563
0.00067038461
0.00066996988
0.00066954113
0.00066909797
0.00066864007
0.00066816706
0.00066767857
0.0006671743
0.00066665382
0.00066611688
0.00066556302
0.00066499199
0.00066440341
0.00066379694
0.00066317233
0.00066252911
0.00066186718
0.00066118602
0.00066048552
0.00065976535
0.00065902514
0.00065826491
0.00065748403
0.00065668266
0.00065586041
0.00065501694
0.00065415256
0.00065326649
0.00065235905
0.0006514301
0.000650479
0.0006495065
0.00064851184
0.00064749498
0.00064645669
0.00064539569
0.00064431286
0.00064320872
0.00064208167
0.00064093385
0.00063976579
0.00063857509
0.0006373654
0.00063613802
0.00063488623
0.00063361359
0.00063232893
0.00063101812
0.0006296616
0.00062827833
0.00062690548
0.00062553179
0.00062409793
0.00062258323
0.0006210735
0.00061973106
0.00061869747
0.00061801661
0.00061763371
0.00061744927
0.0006173729
0.00061734571
0.00061733739
0.00061733521
0.00061733475
0.00061733466
0.00061733465
0.00061733464
0.00061733463
0.00061733462
0.00061733462
0.00061733462
0.00067699136
0.00067681651
0.0006766349
0.00067644631
0.00067625047
0.00067604716
0.0006758361
0.00067561705
0.00067538972
0.00067515385
0.00067490915
0.00067465534
0.00067439211
0.00067411918
0.00067383623
0.00067354295
0.00067323904
0.00067292416
0.00067259799
0.00067226019
0.00067191045
0.0006715484
0.00067117372
0.00067078604
0.00067038504
0.00066997033
0.0006695416
0.00066909846
0.00066864057
0.00066816758
0.0006676791
0.00066717485
0.00066665437
0.00066611744
0.00066556358
0.00066499257
0.00066440399
0.00066379752
0.0006631729
0.00066252968
0.00066186775
0.00066118658
0.00066048608
0.0006597659
0.00065902567
0.00065826543
0.00065748454
0.00065668316
0.00065586089
0.00065501741
0.00065415302
0.00065326693
0.00065235948
0.00065143051
0.00065047939
0.00064950688
0.0006485122
0.00064749534
0.00064645702
0.00064539601
0.00064431318
0.000643209
0.00064208195
0.00064093414
0.00063976604
0.00063857531
0.00063736566
0.00063613826
0.00063488642
0.00063361382
0.00063232923
0.00063101841
0.00062966182
0.00062827849
0.00062690558
0.00062553189
0.00062409807
0.00062258339
0.00062107363
0.00061973114
0.00061869755
0.00061801678
0.00061763399
0.00061744963
0.0006173733
0.00061734611
0.00061733778
0.0006173356
0.00061733513
0.00061733503
0.00061733502
0.00061733501
0.000617335
0.00061733499
0.00061733499
0.00061733499
0.00067699138
0.00067681654
0.00067663494
0.00067644636
0.00067625054
0.00067604724
0.00067583619
0.00067561715
0.00067538984
0.00067515398
0.0006749093
0.0006746555
0.00067439229
0.00067411938
0.00067383645
0.0006735432
0.0006732393
0.00067292444
0.0006725983
0.00067226052
0.0006719108
0.00067154877
0.00067117412
0.00067078645
0.00067038548
0.00066997079
0.00066954208
0.00066909896
0.00066864109
0.00066816811
0.00066767965
0.00066717541
0.00066665495
0.00066611802
0.00066556417
0.00066499316
0.00066440458
0.00066379811
0.0006631735
0.00066253027
0.00066186833
0.00066118716
0.00066048665
0.00065976646
0.00065902622
0.00065826597
0.00065748506
0.00065668367
0.00065586139
0.0006550179
0.00065415349
0.00065326737
0.00065235991
0.00065143093
0.00065047978
0.00064950727
0.00064851256
0.00064749569
0.00064645737
0.00064539631
0.00064431349
0.00064320932
0.0006420822
0.00064093441
0.00063976634
0.00063857553
0.00063736586
0.00063613851
0.00063488662
0.00063361391
0.0006323293
0.00063101852
0.00062966197
0.00062827872
0.00062690585
0.00062553207
0.00062409813
0.00062258344
0.00062107373
0.00061973123
0.00061869759
0.00061801682
0.00061763412
0.00061744988
0.00061737364
0.00061734648
0.00061733814
0.00061733594
0.00061733544
0.00061733534
0.00061733532
0.0006173353
0.00061733529
0.00061733529
0.00061733528
0.00061733529
0.00067699141
0.00067681658
0.00067663499
0.00067644642
0.00067625061
0.00067604732
0.00067583629
0.00067561727
0.00067538997
0.00067515413
0.00067490946
0.00067465568
0.00067439249
0.00067411959
0.00067383668
0.00067354345
0.00067323958
0.00067292474
0.00067259862
0.00067226087
0.00067191117
0.00067154916
0.00067117453
0.00067078689
0.00067038594
0.00066997127
0.00066954258
0.00066909948
0.00066864163
0.00066816867
0.00066768023
0.000667176
0.00066665555
0.00066611863
0.00066556479
0.00066499378
0.00066440521
0.00066379874
0.00066317412
0.00066253089
0.00066186895
0.00066118777
0.00066048725
0.00065976705
0.0006590268
0.00065826654
0.00065748562
0.00065668421
0.00065586191
0.0006550184
0.00065415397
0.00065326784
0.00065236036
0.00065143136
0.0006504802
0.00064950766
0.00064851294
0.00064749605
0.0006464577
0.00064539664
0.00064431379
0.00064320958
0.00064208247
0.00064093465
0.00063976653
0.00063857574
0.00063736609
0.00063613869
0.00063488679
0.00063361417
0.00063232962
0.00063101879
0.00062966209
0.00062827869
0.00062690579
0.00062553208
0.0006240982
0.00062258345
0.00062107367
0.00061973119
0.00061869763
0.00061801695
0.00061763427
0.00061745002
0.00061737376
0.0006173466
0.0006173383
0.00061733613
0.00061733565
0.00061733556
0.00061733554
0.00061733554
0.00061733553
0.00061733552
0.00061733552
0.00061733552
0.00067699146
0.00067681664
0.00067663506
0.0006764465
0.0006762507
0.00067604742
0.00067583641
0.00067561739
0.00067539011
0.00067515429
0.00067490963
0.00067465587
0.0006743927
0.00067411982
0.00067383693
0.00067354372
0.00067323987
0.00067292506
0.00067259896
0.00067226123
0.00067191156
0.00067154957
0.00067117497
0.00067078735
0.00067038642
0.00066997178
0.00066954311
0.00066910003
0.00066864219
0.00066816926
0.00066768083
0.00066717661
0.00066665618
0.00066611927
0.00066556544
0.00066499443
0.00066440586
0.0006637994
0.00066317478
0.00066253154
0.0006618696
0.00066118841
0.00066048788
0.00065976767
0.00065902741
0.00065826713
0.00065748619
0.00065668477
0.00065586245
0.00065501892
0.00065415448
0.00065326833
0.00065236083
0.00065143181
0.00065048062
0.00064950807
0.00064851332
0.0006474964
0.00064645805
0.00064539695
0.00064431408
0.00064320989
0.00064208273
0.00064093489
0.0006397668
0.00063857596
0.00063736627
0.00063613891
0.00063488699
0.00063361429
0.00063232975
0.00063101892
0.00062966213
0.00062827871
0.0006269059
0.0006255322
0.0006240982
0.00062258338
0.00062107364
0.00061973122
0.00061869764
0.00061801693
0.00061763423
0.00061745002
0.00061737382
0.00061734672
0.00061733846
0.00061733631
0.00061733584
0.00061733575
0.00061733573
0.00061733572
0.00061733572
0.00061733571
0.00061733571
0.00061733571
0.00067699138
0.00067681657
0.00067663499
0.00067644644
0.00067625065
0.00067604738
0.00067583637
0.00067561737
0.0006753901
0.00067515429
0.00067490965
0.0006746559
0.00067439274
0.00067411988
0.00067383701
0.00067354382
0.00067323999
0.00067292519
0.00067259911
0.00067226141
0.00067191176
0.00067154979
0.00067117521
0.00067078762
0.00067038672
0.0006699721
0.00066954345
0.00066910039
0.00066864258
0.00066816966
0.00066768125
0.00066717705
0.00066665662
0.00066611973
0.0006655659
0.00066499491
0.00066440634
0.00066379987
0.00066317526
0.00066253201
0.00066187007
0.00066118887
0.00066048833
0.00065976811
0.00065902783
0.00065826754
0.00065748657
0.00065668514
0.00065586279
0.00065501925
0.00065415478
0.0006532686
0.00065236109
0.00065143203
0.00065048082
0.00064950825
0.00064851346
0.00064749654
0.00064645815
0.00064539702
0.00064431415
0.0006432099
0.00064208274
0.0006409349
0.00063976675
0.00063857591
0.00063736623
0.0006361388
0.00063488685
0.00063361417
0.00063232951
0.00063101856
0.00062966186
0.00062827857
0.0006269057
0.0006255319
0.00062409786
0.000622583
0.00062107311
0.00061973042
0.00061869657
0.00061801571
0.00061763307
0.00061744907
0.00061737316
0.00061734632
0.00061733828
0.00061733628
0.0006173359
0.00061733585
0.00061733586
0.00061733586
0.00061733586
0.00061733586
0.00061733586
0.00061733586
)
;

boundaryField
{
    inlet
    {
        type            calculated;
        value           uniform 0.0007098;
    }
    outlet
    {
        type            calculated;
        value           nonuniform List<scalar> 
80
(
3.1663729e-05
0.00024577529
0.00044268182
0.00064533274
0.00086428439
0.0010959933
0.0013388069
0.0015917501
0.0018541002
0.0021252033
0.0024043799
0.0026908661
0.0029837709
0.0032820406
0.0035844254
0.0038894475
0.0041953678
0.0045001527
0.004801439
0.0050964992
0.0053822064
0.0056550007
0.0059108589
0.0061452693
0.0063532168
0.0065177321
0.0066146706
0.006652993
0.0066353791
0.0065581263
0.0064125945
0.0061883033
0.0058780672
0.0054847529
0.0050271426
0.0045412292
0.0040761754
0.0036824468
0.0033098424
0.0025628973
0.0016763649
0.00087645708
0.00054389286
0.00057971905
0.00061124595
0.00061546514
0.00061607937
0.00061636355
0.00061657705
0.00061674283
0.00061687144
0.00061697142
0.00061704935
0.00061711025
0.00061715796
0.00061719541
0.00061722486
0.00061724806
0.00061726637
0.00061728084
0.00061729228
0.00061730134
0.00061730853
0.00061731423
0.00061731876
0.00061732236
0.00061732522
0.0006173275
0.00061732931
0.00061733076
0.00061733191
0.00061733283
0.00061733357
0.00061733415
0.00061733462
0.00061733499
0.00061733529
0.00061733552
0.00061733571
0.00061733586
)
;
    }
    top
    {
        type            calculated;
        value           nonuniform List<scalar> 
110
(
0.00070375308
0.00069558879
0.00069011278
0.00068633707
0.00068368194
0.00068178833
0.00068042419
0.00067943427
0.00067871215
0.00067818334
0.00067779501
0.00067750925
0.00067729865
0.00067714326
0.00067699138
0.00067681657
0.00067663499
0.00067644644
0.00067625065
0.00067604738
0.00067583637
0.00067561737
0.0006753901
0.00067515429
0.00067490965
0.0006746559
0.00067439274
0.00067411988
0.00067383701
0.00067354382
0.00067323999
0.00067292519
0.00067259911
0.00067226141
0.00067191176
0.00067154979
0.00067117521
0.00067078762
0.00067038672
0.0006699721
0.00066954345
0.00066910039
0.00066864258
0.00066816966
0.00066768125
0.00066717705
0.00066665662
0.00066611973
0.0006655659
0.00066499491
0.00066440634
0.00066379987
0.00066317526
0.00066253201
0.00066187007
0.00066118887
0.00066048833
0.00065976811
0.00065902783
0.00065826754
0.00065748657
0.00065668514
0.00065586279
0.00065501925
0.00065415478
0.0006532686
0.00065236109
0.00065143203
0.00065048082
0.00064950825
0.00064851346
0.00064749654
0.00064645815
0.00064539702
0.00064431415
0.0006432099
0.00064208274
0.0006409349
0.00063976675
0.00063857591
0.00063736623
0.0006361388
0.00063488685
0.00063361417
0.00063232951
0.00063101856
0.00062966186
0.00062827857
0.0006269057
0.0006255319
0.00062409786
0.000622583
0.00062107311
0.00061973042
0.00061869657
0.00061801571
0.00061763307
0.00061744907
0.00061737316
0.00061734632
0.00061733828
0.00061733628
0.0006173359
0.00061733585
0.00061733586
0.00061733586
0.00061733586
0.00061733586
0.00061733586
0.00061733586
)
;
    }
    upstreamWall
    {
        type            symmetryPlane;
    }
    plate
    {
        type            nutkWallFunction;
        blending        stepwise;
        value           nonuniform List<scalar> 
96
(
0
9.0074352e-06
1.267147e-05
1.2235646e-05
1.091685e-05
9.8594669e-06
9.8016665e-06
9.9785422e-06
1.0257489e-05
1.0324836e-05
1.028287e-05
1.0165624e-05
1.0009382e-05
9.8424926e-06
9.6677511e-06
9.4876953e-06
9.3107754e-06
9.1381597e-06
8.9695693e-06
8.8060685e-06
8.648305e-06
8.495818e-06
8.3510503e-06
8.2123722e-06
8.0781922e-06
7.9482441e-06
7.8224166e-06
7.7011863e-06
7.5849194e-06
7.4719798e-06
7.362264e-06
7.2552321e-06
7.1518509e-06
7.0512984e-06
6.953466e-06
6.8577264e-06
6.7643826e-06
6.6735257e-06
6.584511e-06
6.4973725e-06
6.4121121e-06
6.3287248e-06
6.2467167e-06
6.1661771e-06
6.0872333e-06
6.0096719e-06
5.9332561e-06
5.8581414e-06
5.7842595e-06
5.7114268e-06
5.6396489e-06
5.5688893e-06
5.4990543e-06
5.4301889e-06
5.3621104e-06
5.2949013e-06
5.228536e-06
5.1628242e-06
5.0979119e-06
5.0336832e-06
4.9701292e-06
4.9072363e-06
4.8449015e-06
4.7832805e-06
4.7221722e-06
4.6616314e-06
4.6017011e-06
4.5423902e-06
4.4834076e-06
4.4250612e-06
4.367541e-06
4.3103538e-06
4.2535502e-06
4.1980673e-06
4.1441486e-06
4.0910867e-06
4.0394497e-06
3.992368e-06
3.952544e-06
3.9197066e-06
3.8921154e-06
3.8696613e-06
3.8549607e-06
3.8503445e-06
3.8531241e-06
3.8584046e-06
3.8622331e-06
3.8634043e-06
3.8632048e-06
3.8628481e-06
3.8627367e-06
3.8627661e-06
3.8628014e-06
3.8628091e-06
3.8628087e-06
3.8627878e-06
)
;
    }
    frontAndBack
    {
        type            empty;
    }
}


// ************************************************************************* //
