/*--------------------------------*- C++ -*----------------------------------*\
| =========                 |                                                 |
| \\      /  F ield         | OpenFOAM: The Open Source CFD Toolbox           |
|  \\    /   O peration     | Version:  2512                                  |
|   \\  /    A nd           | Website:  www.openfoam.com                      |
|    \\/     M anipulation  |                                                 |
\*---------------------------------------------------------------------------*/
FoamFile
{
    version     2.0;
    format      ascii;
    arch        "LSB;label=32;scalar=64";
    class       surfaceScalarField;
    location    "0.0499878";
    object      phi;
}
// * * * * * * * * * * * * * * * * * * * * * * * * * * * * * * * * * * * * * //

dimensions      [1 0 -1 0 0 0 0];

oriented        oriented;

internalField   nonuniform List<scalar> 
17410
(
0.00018053805
1.1242159e-08
0.00018051727
2.1135848e-08
0.00018048755
3.0016329e-08
0.00018045129
3.6496003e-08
0.00018040985
4.1582852e-08
0.00018036395
4.5994856e-08
0.00018031366
5.0341664e-08
0.00018025773
5.5974352e-08
0.00018019728
6.0471669e-08
0.0001801196
7.7688867e-08
0.0001800648
5.4814731e-08
0.00017980192
2.6289404e-07
0.00018039413
-5.922102e-07
3.0769334e-06
0.0001773172
0.00019067941
2.3068043e-08
0.00019065746
4.3467024e-08
0.00019062607
6.1708498e-08
0.0001905878
7.5023107e-08
0.00019054406
8.5472567e-08
0.00019049563
9.4529465e-08
0.00019044257
1.0345154e-07
0.00019038364
1.1494606e-07
0.0001903197
1.2443896e-07
0.00019024026
1.5714644e-07
0.00019016421
1.308747e-07
0.00019005764
3.694667e-07
0.00018952979
-6.4342565e-08
1.8256091e-06
0.00019078112
0.00020139041
3.55422e-08
0.00020136722
6.7056625e-08
0.00020133407
9.5182213e-08
0.00020129365
1.1571009e-07
0.00020124747
1.3182066e-07
0.00020119633
1.4577759e-07
0.0002011403
1.5953803e-07
0.00020107815
1.7714023e-07
0.00020101032
1.9229643e-07
0.00020092861
2.3887058e-07
0.0002008392
2.2029346e-07
0.00020073338
4.7530165e-07
0.00020046809
2.0095201e-07
1.9130149e-06
0.00020038069
0.00021270308
4.8699505e-08
0.00021267858
9.1971402e-08
0.00021264358
1.3053282e-07
0.00021260089
1.5867715e-07
0.00021255212
1.8076309e-07
0.00021249812
1.9988783e-07
0.00021243896
2.187672e-07
0.00021237342
2.4271925e-07
0.00021230152
2.6421947e-07
0.00021221667
3.2373995e-07
0.00021211945
3.175276e-07
0.00021200271
5.92055e-07
0.00021178027
4.234032e-07
2.03548e-06
0.00021165781
0.00022465121
6.2578851e-08
0.00022462534
1.1829093e-07
0.00022458837
1.6786837e-07
0.00022454329
2.0405083e-07
0.00022449179
2.32445e-07
0.00022443478
2.5701834e-07
0.0002243723
2.8131312e-07
0.0002243032
3.1186996e-07
0.0002242271
3.403414e-07
0.00022413833
4.1253117e-07
0.00022403522
4.2065427e-07
0.00022391031
7.1697049e-07
0.00022369261
6.4111186e-07
2.1521287e-06
0.00022357597
0.0002372705
7.7218472e-08
0.00023724317
1.4608959e-07
0.00023720413
2.0729487e-07
0.00023715653
2.5196483e-07
0.00023710215
2.870174e-07
0.00023704196
3.1733453e-07
0.00023697599
3.4735533e-07
0.00023690311
3.8479491e-07
0.00023682267
4.2080788e-07
0.00023672949
5.0573595e-07
0.00023662066
5.2949663e-07
0.00023648967
8.4797171e-07
0.00023627203
8.5876651e-07
2.2674452e-06
0.00023615672
0.00025059866
9.2661171e-08
0.00025056979
1.7545656e-07
0.00025052856
2.489328e-07
0.00025047829
3.0256009e-07
0.00025042088
3.4464148e-07
0.00025035732
3.8101254e-07
0.00025028768
4.1708305e-07
0.00025021081
4.6170914e-07
0.00025012585
5.0579766e-07
0.00025002795
6.0366483e-07
0.00024991315
6.4431044e-07
0.00024977701
9.8412294e-07
0.00024955967
1.0761068e-06
2.3826314e-06
0.00024944449
0.00026467549
1.0894844e-07
0.000264645
2.0647529e-07
0.00026460146
2.9290068e-07
0.00026454838
3.5598527e-07
0.00026448775
4.0548499e-07
0.00026442066
4.4823643e-07
0.00026434714
4.9069292e-07
0.00026426606
5.4283299e-07
0.00026417638
5.9551412e-07
0.00026407351
7.0655727e-07
0.00026395249
7.6534923e-07
0.00026381144
1.1251837e-06
0.0002635954
1.2921629e-06
2.4975781e-06
0.00026348046
0.00027954306
1.2612671e-07
0.00027951085
2.3924486e-07
0.00027946487
3.3933213e-07
0.00027940883
4.1239732e-07
0.00027934482
4.6972674e-07
0.00027927399
5.1920171e-07
0.00027919638
5.6839359e-07
0.00027911087
6.2839421e-07
0.00027901624
6.9017933e-07
0.00027890818
8.1464604e-07
0.00027878076
8.9279067e-07
0.00027863484
1.2711117e-06
0.00027842106
1.5059504e-06
2.6117831e-06
0.00027830686
0.00029524579
1.4424074e-07
0.00029521176
2.7385901e-07
0.00029516321
3.8835974e-07
0.00029510403
4.7196148e-07
0.00029503645
5.3755312e-07
0.00029496169
5.9411251e-07
0.00029487977
6.5040287e-07
0.0002947896
7.186256e-07
0.00029468979
7.9002752e-07
0.0002945763
9.2815811e-07
0.00029444236
1.0267461e-06
0.0002942916
1.4218879e-06
0.00029408098
1.7165901e-06
2.7246762e-06
0.00029396809
0.00031183059
1.6334051e-07
0.00031179464
3.1042729e-07
0.00031174337
4.401313e-07
0.00031168089
5.3485237e-07
0.00031160954
6.0916242e-07
0.00031153062
6.7318509e-07
0.00031144417
7.3695179e-07
0.00031134909
8.1376931e-07
0.00031124385
8.9530719e-07
0.00031112472
1.0473156e-06
0.00031098421
1.1672825e-06
0.00031082869
1.5774197e-06
0.00031062205
1.92323e-06
2.8356261e-06
0.00031051111
0.000329347
1.8347435e-07
0.00032930902
3.4905552e-07
0.00032925489
4.9479528e-07
0.00032918892
6.0125364e-07
0.0003291136
6.8476167e-07
0.0003290303
7.5664529e-07
0.00032893908
8.2828141e-07
0.00032883883
9.1407538e-07
0.00032872791
1.0062738e-06
0.00032860291
1.1723415e-06
0.00032845581
1.3144113e-06
0.0003282957
1.7375464e-06
0.00032809384
2.1251032e-06
2.9439961e-06
0.00032798548
0.00034784737
2.0469583e-07
0.00034780725
3.8986475e-07
0.00034775009
5.5251501e-07
0.00034768044
6.7135932e-07
0.00034760092
7.6457062e-07
0.00034751301
8.4473183e-07
0.00034741676
9.2464644e-07
0.0003473111
1.0198048e-06
0.00034719422
1.1231913e-06
0.00034706314
1.3034561e-06
0.00034690948
1.4680951e-06
0.00034674504
1.9020005e-06
0.00034654867
2.3214822e-06
3.0491794e-06
0.0003464435
0.00036738696
2.2705719e-07
0.00036734457
4.3297436e-07
0.00036728423
6.1345652e-07
0.00036721069
7.4537339e-07
0.00036712675
8.4881916e-07
0.00036703397
9.3769415e-07
0.00036693242
1.0263122e-06
0.00036682107
1.1312274e-06
0.00036669798
1.2463274e-06
0.0003665606
1.4408693e-06
0.00036640048
1.6282429e-06
0.00036623206
2.070437e-06
0.00036604183
2.5117308e-06
3.1505725e-06
0.00036594044
0.00038802415
2.5061575e-07
0.00038797937
4.7851837e-07
0.00038791566
6.7780034e-07
0.00038783803
8.2351125e-07
0.00038774942
9.3775067e-07
0.00038765151
1.0357954e-06
0.00038754439
1.133558e-06
0.00038742707
1.2486241e-06
0.00038729749
1.3759527e-06
0.00038715362
1.584782e-06
0.00038698718
1.794703e-06
0.00038681524
2.2423987e-06
0.0003866317
2.695276e-06
3.2475673e-06
0.00038653472
0.0004098206
2.7542794e-07
0.00040977329
5.2663158e-07
0.00040970602
7.4573208e-07
0.00040962407
9.0599934e-07
0.00040953054
1.0316201e-06
0.00040942723
1.1393108e-06
0.00040931425
1.2466742e-06
0.00040919067
1.3722848e-06
0.00040905434
1.5123345e-06
0.00040890378
1.7353784e-06
0.00040873125
1.9672611e-06
0.00040855632
2.4173452e-06
0.00040837997
2.8716382e-06
3.3395865e-06
0.00040828796
0.00043284142
3.0155486e-07
0.00043279144
5.7746258e-07
0.00043272042
8.174514e-07
0.00043263392
9.930766e-07
0.0004325352
1.1306968e-06
0.0004324262
1.24853e-06
0.00043230704
1.3659651e-06
0.0004321769
1.5025095e-06
0.00043203356
1.6557379e-06
0.00043187615
1.8928187e-06
0.00043169781
2.1456346e-06
0.00043152054
2.5946329e-06
0.00043135178
3.0404116e-06
3.4261101e-06
0.00043126527
0.0004571554
3.2905718e-07
0.0004571026
6.3116313e-07
0.00045702762
8.9316533e-07
0.00045693631
1.0849943e-06
0.00045683212
1.2352631e-06
0.00045671712
1.3637563e-06
0.00045659149
1.4917465e-06
0.00045645448
1.6396057e-06
0.00045630386
1.806419e-06
0.00045613949
2.0572308e-06
0.00045595568
2.3294693e-06
0.00045577679
2.7735446e-06
0.00045561594
3.2012781e-06
3.5066898e-06
0.00045553537
0.00048283517
3.5799966e-07
0.00048277939
6.8789817e-07
0.00048270024
9.7309478e-07
0.00048260385
1.1820172e-06
0.0004824939
1.3456168e-06
0.00048237259
1.485308e-06
0.00048224014
1.6243479e-06
0.00048209595
1.7838889e-06
0.00048193781
1.9646239e-06
0.00048176638
2.2287029e-06
0.00048157756
2.5183168e-06
0.00048139781
2.9533171e-06
0.00048124511
3.3539958e-06
3.580943e-06
0.00048117087
0.00050995746
3.8844715e-07
0.00050989853
7.4783829e-07
0.00050981498
1.0574702e-06
0.00050971324
1.2844239e-06
0.00050959721
1.4620702e-06
0.00050946926
1.6135182e-06
0.00050932966
1.7641106e-06
0.00050917796
1.9356792e-06
0.00050901207
2.1305826e-06
0.00050883355
2.4072718e-06
0.00050864024
2.7116577e-06
0.00050846045
3.1331339e-06
0.00050831607
3.4983931e-06
3.6485842e-06
0.00050824844
0.00053860331
4.2046792e-07
0.00053854104
8.1116686e-07
0.00053845284
1.1465355e-06
0.00053834547
1.3925079e-06
0.00053822303
1.5849523e-06
0.00053808809
1.7487356e-06
0.00053794098
1.9113885e-06
0.00053778146
2.0953001e-06
0.00053760761
2.3045058e-06
0.00053742202
2.5929128e-06
0.00053722479
2.90892e-06
0.00053704584
3.3121084e-06
0.0005369099
3.6343472e-06
3.7094412e-06
0.00053684906
0.00056885828
4.5413064e-07
0.0005687925
8.7807548e-07
0.0005686994
1.2405457e-06
0.00056858608
1.5065777e-06
0.0005684569
1.7146093e-06
0.00056831459
1.8913244e-06
0.00056815961
2.0665459e-06
0.00056799195
2.2630752e-06
0.00056780996
2.4865703e-06
0.00056761739
2.7855347e-06
0.00056741686
3.1094813e-06
0.00056723966
3.4893383e-06
0.00056711224
3.7617803e-06
3.7634412e-06
0.00056705826
0.00060081279
4.8950666e-07
0.00060074328
9.4876997e-07
0.00060064503
1.3397692e-06
0.00060052544
1.6269579e-06
0.00060038914
1.851405e-06
0.00060023909
2.041665e-06
0.00060007587
2.2299552e-06
0.00059989973
2.4393275e-06
0.00059970949
2.6768867e-06
0.00059951003
2.9850522e-06
0.00059930689
3.3126565e-06
0.0005991324
3.6638645e-06
0.00059901354
3.880659e-06
3.8106029e-06
0.00059896639
0.00063456228
5.2666758e-07
0.00063448884
1.0234731e-06
0.00063438516
1.4444891e-06
0.00063425895
1.7539878e-06
0.00063411516
1.9957148e-06
0.00063395697
2.2001584e-06
0.00063378513
2.401986e-06
0.00063360018
2.6244056e-06
0.00063340159
2.8755539e-06
0.00063319549
3.1912093e-06
0.00063299049
3.5177026e-06
0.0006328196
3.8347906e-06
0.00063270929
3.9909891e-06
3.8510332e-06
0.00063266888
0.00067020761
5.6568674e-07
0.00067012999
1.1024364e-06
0.00067002062
1.5549724e-06
0.00066988739
1.8880686e-06
0.00066973576
2.1478854e-06
0.00066956895
2.3672761e-06
0.00066938817
2.5829721e-06
0.00066919406
2.8186447e-06
0.00066898703
3.0826635e-06
0.00066877471
3.4036013e-06
0.00066856864
3.7238182e-06
0.00066840219
4.0012709e-06
0.00066830039
4.0928162e-06
3.8849134e-06
0.00066826653
0.00070785526
6.0663883e-07
0.00070777322
1.185922e-06
0.00070765787
1.6714925e-06
0.0007075172
2.029634e-06
0.00070735737
2.3082755e-06
0.00070718148
2.5434885e-06
0.00070699136
2.7733004e-06
0.00070678785
3.0222979e-06
0.00070657235
3.2982533e-06
0.00070635423
3.6217859e-06
0.00070614795
3.9301467e-06
0.00070598675
4.162509e-06
0.00070589337
4.1862217e-06
3.9124915e-06
0.00070586581
0.00074761771
6.4960347e-07
0.000747531
1.2741761e-06
0.0007474093
1.7944134e-06
0.00074726083
2.1790096e-06
0.00074709234
2.4773899e-06
0.00074690699
2.7292076e-06
0.00074670713
2.9733696e-06
0.00074649393
3.2356404e-06
0.00074627003
3.5222442e-06
0.00074604665
3.8452396e-06
0.00074584104
4.1358064e-06
0.00074568581
4.3177787e-06
0.00074560074
4.2713211e-06
3.934063e-06
0.00074557919
0.00078961375
6.946645e-07
0.00078952212
1.3674439e-06
0.00078939369
1.9241214e-06
0.00078923705
2.3366019e-06
0.00078905939
2.6557128e-06
0.00078886418
2.9248224e-06
0.00078865414
3.1836354e-06
0.00078843102
3.4589122e-06
0.00078819891
3.7544516e-06
0.00078797087
4.073346e-06
0.00078776683
4.339898e-06
0.00078761821
4.4664336e-06
0.00078754129
4.3482682e-06
3.9499654e-06
0.00078752541
0.00083396886
7.4190874e-07
0.00083387205
1.4659906e-06
0.00083373652
2.0609975e-06
0.00083357127
2.5028488e-06
0.00083338397
2.8437213e-06
0.00083317843
3.130796e-06
0.00083295782
3.4044898e-06
0.00083272459
3.6922964e-06
0.00083248445
3.9946951e-06
0.00083225247
4.3053981e-06
0.00083205091
4.5415058e-06
0.00083190947
4.6079131e-06
0.00083184052
4.4172485e-06
3.9605585e-06
0.00083182995
0.00088081555
7.9142395e-07
0.00088071327
1.5701054e-06
0.00088057025
2.2054347e-06
0.00088039594
2.6782112e-06
0.0008801985
3.0419061e-06
0.00087998215
3.3476053e-06
0.00087975059
3.6363098e-06
0.00087950715
3.9359013e-06
0.00087925923
4.2427251e-06
0.00087902408
4.5406182e-06
0.00087882593
4.739712e-06
0.00087869213
4.7417551e-06
0.00087863092
4.4784885e-06
3.9662227e-06
0.00087862528
0.00093029379
8.4330043e-07
0.00093018573
1.6800966e-06
0.00093003482
2.357843e-06
0.00092985097
2.86317e-06
0.00092964289
3.2507752e-06
0.00092941525
3.5757327e-06
0.00092917238
3.8794547e-06
0.00092891865
4.1898072e-06
0.00092866334
4.4981492e-06
0.00092842589
4.7781391e-06
0.000928232
4.9336577e-06
0.0009281062
4.8675988e-06
0.00092805247
4.5322478e-06
3.9673448e-06
0.00092805137
0.00098255138
8.9763112e-07
0.00098243722
1.7962905e-06
0.000982278
2.5186532e-06
0.00098208411
3.0582269e-06
0.00098186487
3.470854e-06
0.00098162545
3.8156647e-06
0.00098137093
4.1342589e-06
0.00098110689
4.4540322e-06
0.00098084469
4.7604758e-06
0.00098060591
5.0170018e-06
0.00098041707
5.1225525e-06
0.00098029954
4.9851769e-06
0.000980253
4.5788203e-06
3.9643913e-06
0.00098025597
0.0010377445
9.5451309e-07
0.0010376239
1.9190296e-06
0.0010374559
2.6883165e-06
0.0010372515
3.2639043e-06
0.0010370205
3.7026828e-06
0.0010367688
4.0678863e-06
0.0010365024
4.4010237e-06
0.0010362281
4.7285114e-06
0.0010359596
5.0291111e-06
0.0010357204
5.2562756e-06
0.0010355374
5.3055625e-06
0.0010354283
5.0943471e-06
0.0010353886
4.6185494e-06
3.9577526e-06
0.0010353953
0.001096038
1.0140472e-06
0.0010959106
2.0486741e-06
0.0010957334
2.8673063e-06
0.0010955178
3.4807458e-06
0.0010952746
3.9468157e-06
0.0010950102
4.332872e-06
0.0010947315
4.6800094e-06
0.0010944473
5.0130029e-06
0.001094173
5.3035048e-06
0.0010939345
5.4948119e-06
0.001093758
5.4821346e-06
0.0010936574
5.1950023e-06
0.0010936243
4.6517189e-06
3.9477777e-06
0.0010936343
0.001157606
1.0763403e-06
0.0011574715
2.1855968e-06
0.0011572845
3.0561182e-06
0.0011570573
3.7093156e-06
0.0011568013
4.2038161e-06
0.0011565237
4.611043e-06
0.0011562326
4.9714885e-06
0.0011559385
5.3072792e-06
0.0011556593
5.5828495e-06
0.0011554225
5.7316775e-06
0.0011552532
5.6515251e-06
0.0011551611
5.2871846e-06
0.0011551341
4.6787629e-06
3.9347827e-06
0.0011551471
0.0012226325
1.1415072e-06
0.0012224904
2.3301709e-06
0.0012222933
3.2552842e-06
0.0012220538
3.9501942e-06
0.0012217844
4.4742591e-06
0.0012214933
4.9027934e-06
0.0012211894
5.2757422e-06
0.0012208858
5.61107e-06
0.0012206027
5.8661565e-06
0.0012203686
5.9658412e-06
0.001220207
5.8132023e-06
0.0012201232
5.3709885e-06
0.001220102
4.7000764e-06
3.9191677e-06
0.0012201176
0.0012913117
1.209682e-06
0.0012911618
2.4827029e-06
0.0012909538
3.4654608e-06
0.0012907016
4.2039288e-06
0.001290418
4.7588606e-06
0.0012901129
5.2085779e-06
0.0012897964
5.5926801e-06
0.0012894837
5.9239534e-06
0.0012891976
6.1524713e-06
0.0012889672
6.1962874e-06
0.0012888138
5.9667248e-06
0.0012887382
5.4465898e-06
0.0012887223
4.7160743e-06
3.901286e-06
0.0012887402
0.0013638489
1.2809942e-06
0.0013636908
2.643567e-06
0.0013634711
3.6873054e-06
0.0013632058
4.4710354e-06
0.0013629075
5.0581621e-06
0.001362588
5.5288729e-06
0.0013622588
5.9223028e-06
0.0013619376
6.2453683e-06
0.0013616495
6.4407674e-06
0.0013614238
6.4220385e-06
0.0013612789
6.1117469e-06
0.0013612113
5.5142311e-06
0.0013612002
4.7271814e-06
3.8814711e-06
0.0013612201
0.0014404608
1.3555642e-06
0.0014402938
2.8133467e-06
0.0014400622
3.9212587e-06
0.0014397828
4.7522665e-06
0.0014394694
5.3727593e-06
0.0014391352
5.8638878e-06
0.0014387933
6.2645287e-06
0.0014384643
6.5746342e-06
0.0014381753
6.7299576e-06
0.0014379553
6.6421699e-06
0.0014378191
6.2480199e-06
0.0014377592
5.5742103e-06
0.0014377526
4.7338199e-06
3.8600338e-06
0.0014377741
0.0015213762
1.433528e-06
0.0015212
2.9925323e-06
0.0015209558
4.1678912e-06
0.0015206617
5.0483027e-06
0.0015203325
5.7032001e-06
0.0015199832
6.2139435e-06
0.0015196291
6.6191771e-06
0.001519293
6.9109222e-06
0.0015190043
7.0189138e-06
0.0015187907
6.8558268e-06
0.0015186635
6.3753926e-06
0.0015186108
5.626874e-06
0.0015186083
4.7364136e-06
3.8372629e-06
0.0015186311
0.0016068369
1.5150363e-06
0.0016066509
3.181604e-06
0.0016063936
4.427814e-06
0.0016060842
5.3597938e-06
0.0016057387
6.0499726e-06
0.0016053741
6.5793692e-06
0.0016050078
6.9859493e-06
0.0016046657
7.2533008e-06
0.0016043784
7.3064809e-06
0.0016041721
7.0622337e-06
0.0016040538
6.4938063e-06
0.0016040081
5.672605e-06
0.0016040092
4.7353798e-06
3.8134245e-06
0.0016040331
0.0016970981
1.6002506e-06
0.0016969019
3.3810546e-06
0.0016966308
4.7016662e-06
0.0016963054
5.6873934e-06
0.0016959432
6.4135726e-06
0.0016955631
6.9603216e-06
0.0016951852
7.3643517e-06
0.001694838
7.6008598e-06
0.0016945532
7.5914962e-06
0.0016943548
7.2607105e-06
0.0016942454
6.603288e-06
0.0016942063
5.7118081e-06
0.0016942107
4.7310942e-06
3.7887579e-06
0.0016942354
0.0017924296
1.6893444e-06
0.0017922227
3.5913888e-06
0.0017919372
4.9901024e-06
0.0017915951
6.0317555e-06
0.0017912158
6.7943661e-06
0.00179082
7.3570084e-06
0.001790431
7.7538335e-06
0.0017900798
7.9524448e-06
0.0017897987
7.8728103e-06
0.0017896089
7.4506795e-06
0.0017895084
6.7039453e-06
0.0017894754
5.7449061e-06
0.0017894826
4.7239219e-06
3.763472e-06
0.0017895079
0.0018931162
1.7825009e-06
0.0018928981
3.813124e-06
0.0018925975
5.2937668e-06
0.0018922381
6.3935324e-06
0.0018918413
7.1927754e-06
0.0018914297
7.7694249e-06
0.0018910304
8.1537356e-06
0.0018906763
8.306828e-06
0.0018904001
8.1493086e-06
0.0018902193
7.6316616e-06
0.0018901274
6.79596e-06
0.0018901001
5.7723072e-06
0.0018901098
4.7142866e-06
3.7377731e-06
0.0018901356
0.0019994586
1.8799124e-06
0.0019992288
4.0468026e-06
0.0019989126
5.6132501e-06
0.0019985352
6.773486e-06
0.0019981202
7.609231e-06
0.0019976932
8.1973051e-06
0.0019972843
8.5632217e-06
0.0019969288
8.6627323e-06
0.0019966585
8.419924e-06
0.0019964871
7.8032898e-06
0.0019964037
6.8795733e-06
0.0019963816
5.7944653e-06
0.0019963935
4.7024459e-06
3.711813e-06
0.0019964196
0.0021117746
1.9817643e-06
0.0021115324
4.2931104e-06
0.0021112001
5.9491846e-06
0.002110804
7.1721358e-06
0.0021103706
8.0440732e-06
0.0021099285
8.6403176e-06
0.0021095111
8.9813307e-06
0.0021091554
9.0188336e-06
0.002108892
8.683657e-06
0.0021087303
7.9653017e-06
0.0021086549
6.9550781e-06
0.0021086377
5.8118079e-06
0.0021086516
4.6887029e-06
3.685729e-06
0.0021086777
0.0022303998
2.088234e-06
0.0022301446
4.5528162e-06
0.0022297954
6.3020277e-06
0.0022293801
7.5900344e-06
0.0022289282
8.4975511e-06
0.0022284714
9.0980392e-06
0.0022280465
9.406953e-06
0.0022276921
9.3737675e-06
0.0022274365
8.9395854e-06
0.0022272845
8.1175347e-06
0.002227217
7.0228081e-06
0.0022272042
5.8247447e-06
0.0022272197
4.67333e-06
3.6596374e-06
0.0022272458
0.0023556884
2.1995939e-06
0.0023554198
4.8261848e-06
0.0023550529
6.6727135e-06
0.002354618
8.0276604e-06
0.0023541476
8.969776e-06
0.0023536768
9.569901e-06
0.0023532455
9.838855e-06
0.0023528936
9.7261577e-06
0.0023526467
9.1868806e-06
0.0023525045
8.2599223e-06
0.0023524444
7.0831282e-06
0.0023524356
5.8336681e-06
0.0023524525
4.6565708e-06
3.6336345e-06
0.0023524786
0.0024880149
2.3160906e-06
0.0024877324
5.1136868e-06
0.0024873471
7.0619373e-06
0.002486892
8.4855626e-06
0.0024864032
9.4606804e-06
0.002485919
1.005515e-05
0.0024854829
1.0275678e-05
0.0024851349
1.0074633e-05
0.0024848973
9.4248185e-06
0.002484765
8.3924874e-06
0.0024847119
7.136426e-06
0.0024847067
5.838949e-06
0.0024847248
4.6386415e-06
3.6077984e-06
0.0024847507
0.0026277745
2.4379662e-06
0.0026274776
5.4158322e-06
0.0026270733
7.4703224e-06
0.0026265977
8.9641743e-06
0.0026260906
9.970081e-06
0.0026255939
1.0552883e-05
0.0026251544
1.0715955e-05
0.0026248116
1.0417853e-05
0.002624584
9.6527815e-06
0.0026244615
8.5153312e-06
0.002624415
7.1831014e-06
0.0026244131
5.840932e-06
0.0026244321
4.6197337e-06
3.5821925e-06
0.0026244578
0.0027753848
2.5654675e-06
0.0027750731
5.7331296e-06
0.0027746493
7.8984454e-06
0.0027741528
9.4637648e-06
0.0027736275
1.0497706e-05
0.0027731197
1.1062019e-05
0.0027726782
1.1158147e-05
0.002772342
1.0754522e-05
0.0027721249
9.8702641e-06
0.0027720119
8.6286254e-06
0.0027719716
7.2235601e-06
0.0027719727
5.8399495e-06
0.0027719925
4.6000111e-06
3.5568583e-06
0.0027720179
0.0029312869
2.6988425e-06
0.0029309598
6.066058e-06
0.0029305159
8.3468252e-06
0.0029299986
9.9844285e-06
0.0029294554
1.1043184e-05
0.0029289377
1.1581299e-05
0.002928496
1.1600636e-05
0.0029281676
1.108342e-05
0.0029279613
1.0076875e-05
0.0029278576
8.7326015e-06
0.0029278231
7.2581933e-06
0.0029278269
5.8363377e-06
0.0029278474
4.5795919e-06
3.5318112e-06
0.0029278725
0.0030959464
2.8383389e-06
0.0030956035
6.4150349e-06
0.0030951393
8.8159484e-06
0.003094601
1.0526221e-05
0.0030940406
1.1605876e-05
0.0030935141
1.2109306e-05
0.0030930739
1.2041736e-05
0.0030927544
1.1403396e-05
0.0030925594
1.0272325e-05
0.0030924647
8.8275322e-06
0.0030924357
7.2873928e-06
0.0030924419
5.8303176e-06
0.003092463
4.5586397e-06
3.5071101e-06
0.0030924878
0.0032698554
2.9842195e-06
0.0032694965
6.7803035e-06
0.0032690113
9.3063252e-06
0.003268452
1.1089139e-05
0.0032678753
1.2184806e-05
0.0032673418
1.2644451e-05
0.0032669047
1.2479762e-05
0.0032665953
1.1713415e-05
0.0032664117
1.045644e-05
0.0032663258
8.9137394e-06
0.0032663019
7.3115495e-06
0.0032663102
5.8221466e-06
0.0032663317
4.5372513e-06
3.4827659e-06
0.0032663561
0.0034535333
3.1367876e-06
0.0034531581
7.1618812e-06
0.0034526517
9.8184761e-06
0.0034520717
1.1672914e-05
0.00345148
1.2778904e-05
0.0034509411
1.3185e-05
0.0034505088
1.2913023e-05
0.0034502104
1.2012544e-05
0.0034500382
1.0629138e-05
0.0034499607
8.9915727e-06
0.0034499414
7.331048e-06
0.0034499517
5.8120406e-06
0.0034499736
4.5155044e-06
3.4587907e-06
0.0034499976
0.0036475291
3.2962247e-06
0.0036471372
7.5602435e-06
0.0036466094
1.0352332e-05
0.0036460093
1.2277093e-05
0.0036454038
1.3386866e-05
0.0036448615
1.3729076e-05
0.0036444357
1.333985e-05
0.003644149
1.229997e-05
0.0036439882
1.0790432e-05
0.0036439187
9.0614077e-06
0.0036439038
7.346232e-06
0.0036439157
5.8002318e-06
0.0036439379
4.4934858e-06
3.4351872e-06
0.0036439616
0.0038524223
3.4626843e-06
0.0038520135
7.9757502e-06
0.0038514644
1.0907723e-05
0.0038508448
1.2900995e-05
0.0038502272
1.4007156e-05
0.0038496834
1.4274683e-05
0.0038492657
1.3758621e-05
0.0038489914
1.2575004e-05
0.0038488419
1.0940417e-05
0.00384878
9.123635e-06
0.0038487691
7.3574281e-06
0.0038487826
5.7869189e-06
0.0038488049
4.471277e-06
3.4119651e-06
0.0038488283
0.004068825
3.6363121e-06
0.0040683993
8.4085235e-06
0.0040678291
1.1484385e-05
0.004067191
1.3543685e-05
0.004066563
1.463801e-05
0.0040660198
1.4819731e-05
0.0040656118
1.4167787e-05
0.0040653504
1.2837084e-05
0.0040652121
1.1079264e-05
0.0040651574
9.1786572e-06
0.0040651501
7.3649829e-06
0.004065165
5.7722608e-06
0.0040651875
4.4489359e-06
3.3891344e-06
0.0040652104
0.0042973839
3.817216e-06
0.0042969412
8.8585654e-06
0.0042963505
1.2081819e-05
0.0042956951
1.4203953e-05
0.0042950586
1.5277432e-05
0.0042945182
1.5362059e-05
0.0042941213
1.4565889e-05
0.0042938733
1.3085772e-05
0.0042937459
1.1207209e-05
0.0042936981
9.2268833e-06
0.0042936942
7.3692002e-06
0.0042937102
5.7564264e-06
0.0042937328
4.426527e-06
3.3667032e-06
0.0042937553
0.0045387818
4.0054473e-06
0.0045383224
9.3256568e-06
0.0045377118
1.2699325e-05
0.0045370407
1.4880295e-05
0.0045363979
1.5923206e-05
0.0045358624
1.5899464e-05
0.0045354779
1.4951571e-05
0.0045352438
1.3320758e-05
0.004535127
1.1324547e-05
0.0045350855
9.268726e-06
0.0045350847
7.3703645e-06
0.0045351018
5.7395758e-06
0.0045351243
4.4041141e-06
3.3446836e-06
0.0045351465
0.00479374
4.2009846e-06
0.0047932643
9.8093811e-06
0.004792635
1.3335922e-05
0.0047919498
1.5570891e-05
0.0047913031
1.65729e-05
0.0047907746
1.6429721e-05
0.0047904039
1.5323603e-05
0.0047901838
1.3541845e-05
0.0047900774
1.1431619e-05
0.004790042
9.304591e-06
0.0047900439
7.368781e-06
0.0047900619
5.7218523e-06
0.0047900845
4.3817529e-06
3.3230888e-06
0.0047901062
0.0050630203
4.4037143e-06
0.0050625288
1.0309093e-05
0.0050618822
1.39903e-05
0.0050611849
1.6273585e-05
0.005060537
1.7223875e-05
0.005060018
1.6950625e-05
0.0050596622
1.5680891e-05
0.005059456
1.3748956e-05
0.0050593595
1.1528813e-05
0.0050593297
9.3348917e-06
0.0050593342
7.3647181e-06
0.0050593529
5.7033989e-06
0.0050593753
4.3595016e-06
3.3019359e-06
0.0050593966
0.0053474273
4.6134126e-06
0.0053469211
1.082388e-05
0.0053462588
1.4660782e-05
0.0053455518
1.6985864e-05
0.0053449056
1.7873319e-05
0.0053443983
1.7460001e-05
0.0053440582
1.6022475e-05
0.0053438661
1.3942112e-05
0.0053437791
1.1616547e-05
0.0053437544
9.3600402e-06
0.0053437611
7.3584262e-06
0.0053437804
5.6843563e-06
0.0053438027
4.3374288e-06
3.2812477e-06
0.0053438235
0.0056478106
4.8297147e-06
0.0056472908
1.135252e-05
0.0056466149
1.5345281e-05
0.0056459013
1.7704852e-05
0.0056452596
1.8518255e-05
0.0056447661
1.7955736e-05
0.0056444426
1.634754e-05
0.0056442643
1.4121433e-05
0.0056441864
1.1695272e-05
0.0056441665
9.3804348e-06
0.0056441751
7.3501859e-06
0.0056441949
5.6648611e-06
0.0056442169
4.3155899e-06
3.2610492e-06
0.0056442373
0.0059650682
5.0520384e-06
0.0059645362
1.1893786e-05
0.0059638491
1.6040948e-05
0.0059631322
1.84273e-05
0.0059624983
1.9155567e-05
0.0059620205
1.8435798e-05
0.0059617143
1.6655413e-05
0.0059615497
1.4287124e-05
0.0059614803
1.1765458e-05
0.0059614648
9.3964827e-06
0.0059614751
7.3402346e-06
0.0059614952
5.6450513e-06
0.0059615169
4.29406e-06
3.2413733e-06
0.0059615367
0.0063001476
5.2797189e-06
0.0062996055
1.2445623e-05
0.0062989103
1.6744743e-05
0.0062981937
1.9149579e-05
0.0062975707
1.9782015e-05
0.0062971106
1.889825e-05
0.0062968222
1.6945559e-05
0.0062966709
1.4439467e-05
0.0062966096
1.1827595e-05
0.006296598
9.408582e-06
0.0062966098
7.3288264e-06
0.0062966301
5.6250658e-06
0.0062966515
4.2729108e-06
3.2222579e-06
0.0062966707
0.0066540502
5.5118713e-06
0.0066535005
1.3005444e-05
0.0066528007
1.7453117e-05
0.0066520885
1.9867672e-05
0.0066514798
2.0394265e-05
0.0066510391
1.9341263e-05
0.0066507688
1.7217573e-05
0.0066506306
1.4578811e-05
0.0066505768
1.1882188e-05
0.0066505688
9.4171296e-06
0.0066505818
7.3162121e-06
0.0066506021
5.6050477e-06
0.006650623
4.2522213e-06
3.2037468e-06
0.0066506417
0.0070278336
5.7473489e-06
0.0070272792
1.3570136e-05
0.0070265791
1.8161909e-05
0.0070258756
2.0577168e-05
0.0070252846
2.0988896e-05
0.007024865
1.9763117e-05
0.0070246131
1.747117e-05
0.0070244875
1.4705557e-05
0.0070244408
1.1929751e-05
0.007024436
9.4225177e-06
0.0070244499
7.3026446e-06
0.0070244701
5.5851472e-06
0.0070244905
4.2320787e-06
3.185891e-06
0.0070245085
0.0074226147
5.9847135e-06
0.0074220593
1.4135934e-05
0.0074213636
1.886633e-05
0.0074206736
2.1273258e-05
0.0074201037
2.1562413e-05
0.007419707
2.0162196e-05
0.0074194736
1.7706169e-05
0.0074193602
1.4820152e-05
0.0074193199
1.1970808e-05
0.0074193179
9.4251409e-06
0.0074193326
7.2883781e-06
0.0074193525
5.5655191e-06
0.0074193722
4.2125772e-06
3.1687493e-06
0.0074193895
0.007839573
6.2221989e-06
0.0078390211
1.4698286e-05
0.0078383353
1.9560963e-05
0.0078376638
2.1950713e-05
0.0078371187
2.2111251e-05
0.0078367464
2.053698e-05
0.0078365317
1.7922473e-05
0.0078364298
1.4923074e-05
0.0078363955
1.2005884e-05
0.0078363958
9.4253971e-06
0.0078364109
7.2736711e-06
0.0078364304
5.5463271e-06
0.0078364494
4.1938211e-06
3.1523893e-06
0.0078364659
0.0082799547
6.4576485e-06
0.0082794113
1.5251893e-05
0.0082787415
2.0239584e-05
0.0082780943
2.2603871e-05
0.0082775775
2.2631754e-05
0.0082772309
2.0886013e-05
0.008277035
1.8120045e-05
0.0082769443
1.501482e-05
0.0082769155
1.2035504e-05
0.0082769177
9.4236835e-06
0.008276933
7.2587922e-06
0.0082769518
5.5277461e-06
0.0082769699
4.1759255e-06
3.1368886e-06
0.0082769855
0.0087450758
6.6884445e-06
0.0087445468
1.5790684e-05
0.0087439002
2.0895052e-05
0.0087432833
2.3226592e-05
0.0087427985
2.3120154e-05
0.008742479
2.1207878e-05
0.0087423018
1.8298883e-05
0.0087422218
1.5095892e-05
0.0087421978
1.2060192e-05
0.0087422016
9.4204e-06
0.0087422168
7.2440197e-06
0.0087422348
5.5099654e-06
0.0087422519
4.1590198e-06
3.1223369e-06
0.0087422666
0.0092363261
6.9114609e-06
0.0092358185
1.6307656e-05
0.009235203
2.1519279e-05
0.009234623
2.3812203e-05
0.0092341742
2.3572513e-05
0.0092338832
2.1501138e-05
0.0092337247
1.845898e-05
0.0092336548
1.5166781e-05
0.0092336352
1.2080466e-05
0.0092336402
9.4159504e-06
0.0092336549
7.2296415e-06
0.0092336719
5.4931869e-06
0.0092336879
4.1432473e-06
3.1088374e-06
0.0092337015
0.0097551738
7.1230124e-06
0.0097546954
1.6794752e-05
0.00975412
2.2103134e-05
0.0097535841
2.4353412e-05
0.0097531753
2.3984646e-05
0.0097529143
2.1764268e-05
0.0097527745
1.8600283e-05
0.0097527143
1.5227945e-05
0.0097526986
1.2096835e-05
0.0097527043
9.4107527e-06
0.0097527183
7.2159709e-06
0.0097527341
5.4776383e-06
0.0097527487
4.1287717e-06
3.096508e-06
0.0097527612
0.010303169
7.3187888e-06
0.010302729
1.7242868e-05
0.010302204
2.2636194e-05
0.01030172
2.4842185e-05
0.010301356
2.4352005e-05
0.010301126
2.1995571e-05
0.010301005
1.8722633e-05
0.010300955
1.5279779e-05
0.010300942
1.2109775e-05
0.010300948
9.4052156e-06
0.010300961
7.20333e-06
0.010300975
5.4635681e-06
0.010300989
4.1157826e-06
3.0854923e-06
0.010301
0.01088195
7.4937969e-06
0.010881559
1.7641421e-05
0.010881095
2.3106873e-05
0.010880672
2.526957e-05
0.010880357
2.4669503e-05
0.010880162
2.2193039e-05
0.01088006
1.8825713e-05
0.010880018
1.5322619e-05
0.010880009
1.2119762e-05
0.010880014
9.3997686e-06
0.010880026
7.1920641e-06
0.010880038
5.4512442e-06
0.01088005
4.1044868e-06
3.0759484e-06
0.01088006
0.011493246
7.6423079e-06
0.011492916
1.7978281e-05
0.011492526
2.3502129e-05
0.011492174
2.5625462e-05
0.011491915
2.4931274e-05
0.011491755
2.2354158e-05
0.011491673
1.890888e-05
0.01149164
1.5356633e-05
0.011491633
1.2127232e-05
0.011491638
9.3948837e-06
0.011491648
7.1825867e-06
0.011491658
5.4409981e-06
0.011491668
4.0951388e-06
3.0680695e-06
0.011491676
0.012138884
7.7578041e-06
0.012138628
1.8239639e-05
0.012138328
2.380714e-05
0.012138058
2.5898299e-05
0.01213786
2.5130428e-05
0.01213774
2.2475752e-05
0.012137678
1.8971086e-05
0.012137654
1.5381729e-05
0.012137649
1.2132453e-05
0.012137653
9.390945e-06
0.012137661
7.1752991e-06
0.012137669
5.4331976e-06
0.012137676
4.0880498e-06
3.0621053e-06
0.012137682
0.012820794
7.8329686e-06
0.012820627
1.8409756e-05
0.012820432
2.4004864e-05
0.012820258
2.6074464e-05
0.012820131
2.5258513e-05
0.012820054
2.2553704e-05
0.012820015
1.9010873e-05
0.012819999
1.539774e-05
0.012819996
1.2135743e-05
0.012819999
9.3883753e-06
0.012820003
7.170601e-06
0.012820009
5.4281943e-06
0.012820013
4.0835208e-06
3.0583058e-06
0.012820017
0.013541012
0.013540952
0.013540881
0.013540818
0.013540772
0.013540744
0.013540729
0.013540723
0.013540721
0.013540722
0.013540723
0.013540725
0.013540727
0.013540728
0.00016438174
1.2935497e-05
0.0001467397
1.7642013e-05
0.00012979988
1.6939839e-05
0.00011733415
1.2465723e-05
0.00011064241
6.6917503e-06
0.0001086819
1.9605094e-06
0.00010907911
-3.9721996e-07
0.00010983481
-7.5567285e-07
0.00011010199
-2.6716873e-07
0.00010975702
3.4497816e-07
0.00010902862
7.2841749e-07
0.00010813179
8.9689001e-07
0.00010716913
9.6262719e-07
0.00010617014
9.9899187e-07
0.00010514954
1.020617e-06
0.00010413199
1.0175591e-06
0.00010314098
9.9099606e-07
0.00010218317
9.5784872e-07
0.00010125722
9.2595314e-07
0.00010036493
8.9230204e-07
9.950709e-05
8.5784486e-07
9.8687396e-05
8.1969912e-07
9.7908041e-05
7.7935631e-07
9.7163111e-05
7.4493547e-07
9.6447109e-05
7.1600417e-07
9.5757082e-05
6.900281e-07
9.5093131e-05
6.6395148e-07
9.4456585e-05
6.365473e-07
9.384506e-05
6.1152605e-07
9.3254722e-05
5.9033976e-07
9.2682844e-05
5.7188138e-07
9.2129471e-05
5.5337469e-07
9.1594717e-05
5.3475671e-07
9.1076787e-05
5.1792702e-07
9.0573719e-05
5.0306361e-07
9.0084144e-05
4.8956614e-07
8.9608437e-05
4.7569411e-07
8.9145546e-05
4.6287535e-07
8.8694034e-05
4.5149406e-07
8.8253412e-05
4.4060082e-07
8.7823544e-05
4.298472e-07
8.7403384e-05
4.2013732e-07
8.6991858e-05
4.115006e-07
8.6589037e-05
4.0279321e-07
8.6194753e-05
3.9424636e-07
8.5808061e-05
3.8664908e-07
8.5428505e-05
3.7950861e-07
8.5056142e-05
3.723086e-07
8.4690468e-05
3.6562092e-07
8.4330966e-05
3.5943459e-07
8.3977432e-05
3.5345908e-07
8.3629571e-05
3.4778147e-07
8.3287155e-05
3.4232425e-07
8.2949885e-05
3.3716938e-07
8.2617439e-05
3.3234557e-07
8.2289879e-05
3.2743044e-07
8.1966732e-05
3.230174e-07
8.164783e-05
3.1876212e-07
8.1333148e-05
3.1452528e-07
8.1022473e-05
3.1052229e-07
8.0715633e-05
3.0667327e-07
8.04124e-05
3.0306208e-07
8.0112816e-05
2.9942828e-07
7.9816757e-05
2.9588993e-07
7.9523921e-05
2.9265538e-07
7.9234453e-05
2.8936284e-07
7.8948457e-05
2.8585336e-07
7.866531e-05
2.8300644e-07
7.8385063e-05
2.8015906e-07
7.8108701e-05
2.7625536e-07
7.7835602e-05
2.7292639e-07
7.7564918e-05
2.7052057e-07
7.7298762e-05
2.6603549e-07
7.7039743e-05
2.5886333e-07
7.6787016e-05
2.5249467e-07
7.6540663e-05
2.4592065e-07
7.6309292e-05
2.3051046e-07
7.6106101e-05
2.0199387e-07
7.5936724e-05
1.6747839e-07
7.579665e-05
1.3584672e-07
7.568144e-05
1.104988e-07
7.5596716e-05
8.0657985e-08
7.5553311e-05
4.0392632e-08
7.5550136e-05
1.1571837e-09
7.5569543e-05
-2.0936076e-08
7.5590953e-05
-2.2878885e-08
7.5602664e-05
-1.3388769e-08
7.5604927e-05
-4.1852653e-09
7.56036e-05
-6.0380734e-10
7.560252e-05
-7.271195e-10
7.560236e-05
-1.5020852e-09
7.5602534e-05
-1.7505405e-09
7.5602638e-05
-1.6701989e-09
7.5602645e-05
-1.6220764e-09
7.5602585e-05
-1.6362175e-09
-1.717732e-09
0.00019485368
8.8629796e-06
0.00019685079
1.5644872e-05
0.00019474421
1.9046411e-05
0.00018925533
1.7954621e-05
0.00018199667
1.3950416e-05
0.0001743786
9.5785938e-06
0.00016742658
6.5547785e-06
0.00016168829
4.9826342e-06
0.00015716543
4.2556894e-06
0.00015363744
3.8729727e-06
0.00015082029
3.545578e-06
0.00014841989
3.297365e-06
0.00014625366
3.1288288e-06
0.00014424588
3.0067825e-06
0.00014237924
2.887266e-06
0.00014064396
2.7528522e-06
0.00013902119
2.6137571e-06
0.00013748939
2.4896819e-06
0.00013603782
2.3775365e-06
0.00013466304
2.2670944e-06
0.00013336162
2.1592674e-06
0.00013213176
2.0495621e-06
0.00013096941
1.9417142e-06
0.0001298651
1.8492493e-06
0.00012881228
1.7688266e-06
0.00012780686
1.6954483e-06
0.00012684679
1.6240195e-06
0.00012593077
1.5525647e-06
0.0001250547
1.4875964e-06
0.00012421386
1.4311857e-06
0.00012340479
1.3809556e-06
0.00012262614
1.3320205e-06
0.0001218767
1.2842018e-06
0.00012115383
1.2407921e-06
0.00012045493
1.2019683e-06
0.00011977804
1.1664421e-06
0.00011912262
1.1311075e-06
0.00011848704
1.0984364e-06
0.00011786946
1.0690565e-06
0.00011726885
1.0411833e-06
0.00011668454
1.0141377e-06
0.00011611515
9.8949722e-07
0.00011555932
9.6731217e-07
0.00011501663
9.4545324e-07
0.00011448658
9.2425105e-07
0.00011396807
9.0511871e-07
0.00011346037
8.8715476e-07
0.00011296324
8.6938007e-07
0.00011247601
8.5279542e-07
0.00011199798
8.3739311e-07
0.00011152874
8.2261933e-07
0.00011106783
8.0861773e-07
0.00011061485
7.9520181e-07
0.00011016937
7.8254387e-07
0.00010973095
7.7066123e-07
0.00010929948
7.5875915e-07
0.00010887444
7.4792804e-07
0.00010845551
7.3754468e-07
0.00010804257
7.2729444e-07
0.00010763533
7.1760377e-07
0.00010723356
7.0827298e-07
0.00010683691
6.9952518e-07
0.00010644536
6.9081441e-07
0.00010605876
6.8231067e-07
0.00010567673
6.7450503e-07
0.00010529933
6.6663863e-07
0.00010492671
6.5833363e-07
0.00010455816
6.5139655e-07
0.00010419362
6.4461303e-07
0.00010383417
6.3559134e-07
0.0001034793
6.2761698e-07
0.00010312791
6.2173893e-07
0.00010278229
6.1152311e-07
0.00010244578
5.9521912e-07
0.00010211777
5.8025991e-07
0.00010179835
5.649011e-07
0.0001014978
5.3018814e-07
0.00010123287
4.6567184e-07
0.00010101166
3.8676196e-07
0.00010082917
3.1410206e-07
0.00010067978
2.547967e-07
0.00010056992
1.8614371e-07
0.00010051277
9.4261311e-08
0.00010050791
3.7933001e-09
0.00010053287
-4.7562117e-08
0.00010056033
-5.1944091e-08
0.00010057546
-3.032677e-08
0.00010057846
-9.2603452e-09
0.00010057676
-9.8445431e-10
0.00010057534
-1.2752218e-09
0.00010057511
-3.0808931e-09
0.00010057533
-3.6927191e-09
0.00010057547
-3.5238136e-09
0.00010057549
-3.4091047e-09
0.00010057542
-3.4170305e-09
-3.5868348e-09
0.00020105928
8.1844141e-06
0.00020264064
1.4063498e-05
0.00020449028
1.7196793e-05
0.00020550648
1.6938413e-05
0.0002050086
1.44483e-05
0.00020272516
1.1862041e-05
0.00019874065
1.0539285e-05
0.00019353931
1.0183997e-05
0.00018788062
9.9144003e-06
0.0001825304
9.2232039e-06
0.000177919
8.1569893e-06
0.00017411059
7.1058184e-06
0.00017090212
6.3372789e-06
0.00016809911
5.8098069e-06
0.00016561428
5.372109e-06
0.00016337651
4.9906347e-06
0.00016131884
4.6714232e-06
0.00015939807
4.4104788e-06
0.00015760022
4.1753982e-06
0.00015591634
3.9509815e-06
0.00015433656
3.73905e-06
0.00015285277
3.5333604e-06
0.00015145364
3.3408516e-06
0.00015012518
3.1777154e-06
0.00014886169
3.0323156e-06
0.00014765946
2.897684e-06
0.00014651545
2.7680265e-06
0.00014542612
2.6418988e-06
0.00014438514
2.52857e-06
0.00014338722
2.4291097e-06
0.00014242912
2.3390619e-06
0.00014150921
2.2519258e-06
0.00014062524
2.168177e-06
0.00013977351
2.0925169e-06
0.00013895109
2.0243927e-06
0.00013815605
1.9614688e-06
0.00013738742
1.8997207e-06
0.00013664295
1.8428965e-06
0.00013592047
1.7915124e-06
0.00013521885
1.7427826e-06
0.00013453707
1.6958866e-06
0.00013387343
1.6531165e-06
0.00013322639
1.6143209e-06
0.00013259542
1.5763969e-06
0.00013197972
1.539913e-06
0.00013137799
1.5068015e-06
0.00013078944
1.4756464e-06
0.00013021366
1.4450979e-06
0.0001296498
1.4165976e-06
0.00012909706
1.3900536e-06
0.00012855495
1.3646553e-06
0.00012802284
1.3406327e-06
0.00012750029
1.3176544e-06
0.00012698673
1.2959874e-06
0.00012648167
1.2756099e-06
0.00012598491
1.2553736e-06
0.00012549584
1.2368558e-06
0.0001250141
1.2191311e-06
0.0001245395
1.2017138e-06
0.00012407168
1.1852593e-06
0.00012361036
1.1694013e-06
0.00012315516
1.1545318e-06
0.00012270599
1.1398149e-06
0.00012226268
1.1254301e-06
0.0001218248
1.1121928e-06
0.00012139238
1.0989347e-06
0.00012096554
1.0850145e-06
0.00012054358
1.0731981e-06
0.00012012632
1.0617721e-06
0.00011971494
1.0468547e-06
0.00011930896
1.0334112e-06
0.00011890714
1.0233716e-06
0.0001185119
1.0066217e-06
0.000118127
9.799555e-07
0.00011775198
9.5502174e-07
0.00011738698
9.2945223e-07
0.00011704334
8.7296748e-07
0.00011673997
7.6777558e-07
0.0001164865
6.3832243e-07
0.00011627763
5.1877741e-07
0.00011610702
4.2006601e-07
0.00011598163
3.069563e-07
0.00011591607
1.5638896e-07
0.00011591003
7.5394755e-09
0.00011593824
-7.7454334e-08
0.00011596954
-8.4843573e-08
0.00011598691
-4.9462698e-08
0.00011599044
-1.4849948e-08
0.00011598852
-1.1293686e-09
0.00011598688
-1.5786878e-09
0.00011598659
-4.5709306e-09
0.00011598684
-5.6123217e-09
0.00011598701
-5.3449527e-09
0.00011598703
-5.1447114e-09
0.00011598695
-5.1289962e-09
-5.3838054e-09
0.00021176397
8.0782804e-06
0.00021211431
1.3713141e-05
0.00021268053
1.6630578e-05
0.00021333841
1.6280538e-05
0.00021388676
1.3899964e-05
0.00021416176
1.1587055e-05
0.00021399893
1.0702094e-05
0.00021307225
1.1110695e-05
0.00021101902
1.1967624e-05
0.00020768149
1.2560742e-05
0.00020331656
1.2521933e-05
0.00019863933
1.1783111e-05
0.00019430618
1.0670405e-05
0.00019054789
9.5681149e-06
0.00018727874
8.6412717e-06
0.00018436894
7.9004501e-06
0.00018175943
7.2809289e-06
0.00017938865
6.7812837e-06
0.00017721061
6.3534554e-06
0.00017519514
5.9664583e-06
0.00017331959
5.6146133e-06
0.0001715676
5.2853543e-06
0.00016991802
4.9904394e-06
0.00016835315
4.7425906e-06
0.00016687071
4.5147534e-06
0.00016546599
4.3024049e-06
0.00016413378
4.1002406e-06
0.00016286731
3.9083676e-06
0.00016165782
3.738066e-06
0.00016049989
3.5870398e-06
0.00015939068
3.4482646e-06
0.00015832826
3.3143573e-06
0.00015730891
3.1875281e-06
0.00015632757
3.0738465e-06
0.00015538122
2.9707409e-06
0.00015446816
2.8745222e-06
0.00015358687
2.7810036e-06
0.00015273422
2.6955194e-06
0.00015190779
2.6179254e-06
0.00015110638
2.5441654e-06
0.00015032866
2.4735828e-06
0.00014957242
2.409327e-06
0.00014883604
2.3506759e-06
0.00014811885
2.2935512e-06
0.00014741973
2.238989e-06
0.00014673716
2.1893246e-06
0.0001460703
2.1424529e-06
0.00014541854
2.0967874e-06
0.00014478082
2.0542585e-06
0.00014415626
2.0145364e-06
0.00014354425
1.9765788e-06
0.00014294403
1.9407539e-06
0.00014235505
1.9065263e-06
0.00014177665
1.8742668e-06
0.00014120825
1.8438878e-06
0.00014064958
1.8139032e-06
0.0001400999
1.7863833e-06
0.00013955882
1.7600456e-06
0.00013902609
1.73426e-06
0.00013850124
1.7099273e-06
0.00013798399
1.6864614e-06
0.00013747386
1.6644499e-06
0.00013697073
1.6427686e-06
0.00013647439
1.6215686e-06
0.00013598437
1.602014e-06
0.00013550063
1.5825326e-06
0.00013502332
1.5621662e-06
0.00013455168
1.5446685e-06
0.00013408546
1.5278855e-06
0.0001336259
1.5063036e-06
0.00013317254
1.4865733e-06
0.00013272403
1.4716744e-06
0.00013228289
1.447618e-06
0.00013185322
1.4094509e-06
0.00013143475
1.373225e-06
0.00013102765
1.3360903e-06
0.00013064416
1.2555712e-06
0.00013030514
1.1054775e-06
0.00013002166
9.1984138e-07
0.00012978827
7.4788844e-07
0.00012959804
6.0456054e-07
0.00012945834
4.4173645e-07
0.00012938497
2.260435e-07
0.00012937765
1.2349343e-08
0.00012940872
-1.1035906e-07
0.00012944355
-1.2143107e-07
0.000129463
-7.0828412e-08
0.00012946706
-2.1140624e-08
0.00012946495
-1.2644475e-09
0.0001294631
-1.8556839e-09
0.00012946276
-6.1780952e-09
0.00012946303
-7.7188349e-09
0.00012946322
-7.3527676e-09
0.00012946325
-7.0605244e-09
0.00012946316
-7.0173533e-09
-7.3643709e-09
0.00022365567
7.9985937e-06
0.00022390091
1.3467904e-05
0.00022421101
1.632049e-05
0.00022447669
1.6014858e-05
0.00022464754
1.3729119e-05
0.00022475887
1.1475735e-05
0.0002248683
1.0592669e-05
0.00022496796
1.1011059e-05
0.00022494497
1.1990633e-05
0.00022454739
1.2958338e-05
0.00022338618
1.3683162e-05
0.00022109354
1.4075775e-05
0.00021770368
1.4060262e-05
0.00021372795
1.3543848e-05
0.00020973079
1.2638445e-05
0.00020605304
1.1578217e-05
0.0002027509
1.0583076e-05
0.00019975971
9.7724915e-06
0.00019704851
9.0646739e-06
0.00019457366
8.4413177e-06
0.00019229123
7.8970479e-06
0.00019017618
7.4004186e-06
0.00018820649
6.960133e-06
0.00018636105
6.5880321e-06
0.00018462572
6.2500905e-06
0.00018298893
5.9391969e-06
0.00018144175
5.6474168e-06
0.00017997308
5.3770395e-06
0.00017857149
5.1396604e-06
0.00017723258
4.9259416e-06
0.00017595401
4.7268419e-06
0.00017473271
4.5356581e-06
0.0001735627
4.3575378e-06
0.00017243732
4.199223e-06
0.00017135402
4.0540418e-06
0.00017031134
3.9171925e-06
0.00016930675
3.7855793e-06
0.00016833602
3.6662281e-06
0.00016739648
3.5574422e-06
0.00016648701
3.4536107e-06
0.00016560577
3.3547929e-06
0.0001647499
3.2651687e-06
0.00016391773
3.1828187e-06
0.00016310846
3.1027787e-06
0.00016232053
3.0268772e-06
0.00016155215
2.9576538e-06
0.00016080246
2.892088e-06
0.0001600706
2.8285807e-06
0.00015935519
2.7695901e-06
0.00015865534
2.7143109e-06
0.00015797028
2.6615471e-06
0.00015729906
2.6118719e-06
0.00015664103
2.564449e-06
0.00015599539
2.5197704e-06
0.00015536149
2.4776627e-06
0.00015473893
2.4363095e-06
0.00015412686
2.3982843e-06
0.00015352486
2.3618801e-06
0.00015293256
2.3263587e-06
0.00015234941
2.2928849e-06
0.00015177508
2.2605886e-06
0.00015120904
2.2302803e-06
0.00015065105
2.2005565e-06
0.00015010093
2.1714911e-06
0.0001495581
2.1446219e-06
0.00014902249
2.1179941e-06
0.00014849422
2.0902687e-06
0.00014797251
2.0661952e-06
0.00014745702
2.0432563e-06
0.00014694903
2.0141868e-06
0.00014644811
1.987284e-06
0.00014595282
1.9667447e-06
0.0001454657
1.9345814e-06
0.0001449912
1.8837704e-06
0.00014452925
1.8348922e-06
0.00014408009
1.7847795e-06
0.00014365673
1.678055e-06
0.00014328187
1.479011e-06
0.00014296812
1.2316438e-06
0.00014271004
1.0017193e-06
0.00014250014
8.0848433e-07
0.00014234614
5.9061751e-07
0.00014226486
3.0344725e-07
0.00014225605
1.8570871e-08
0.00014228984
-1.459707e-07
0.00014232816
-1.614999e-07
0.00014234971
-9.4237329e-08
0.00014235432
-2.795581e-08
0.00014235204
-1.1912969e-09
0.00014234998
-1.883553e-09
0.00014234959
-7.6751436e-09
0.00014234988
-9.7765524e-09
0.00014235008
-9.302935e-09
0.00014235012
-8.8999603e-09
0.00014235002
-8.8141781e-09
-9.2497377e-09
0.00023623779
7.9175495e-06
0.00023647975
1.3225929e-05
0.00023677518
1.6025068e-05
0.00023699851
1.5791537e-05
0.00023709493
1.3632714e-05
0.00023710544
1.1465237e-05
0.00023710344
1.0594662e-05
0.00023713247
1.0982036e-05
0.00023719639
1.1926713e-05
0.00023726895
1.288578e-05
0.00023728094
1.3671187e-05
0.0002370584
1.4298368e-05
0.00023630555
1.48131e-05
0.00023467055
1.5178872e-05
0.00023203181
1.5277198e-05
0.00022865466
1.4955376e-05
0.00022499674
1.4241003e-05
0.00022144394
1.3325315e-05
0.00021814062
1.2368007e-05
0.00021507912
1.1502836e-05
0.00021224756
1.0728612e-05
0.00020964123
1.0006763e-05
0.00020723269
9.3686753e-06
0.00020500214
8.8185872e-06
0.00020292594
8.3262974e-06
0.00020098141
7.8837295e-06
0.00019915311
7.4757124e-06
0.0001974283
7.1018488e-06
0.00019579563
6.7723326e-06
0.00019424646
6.4751112e-06
0.00019277292
6.2003865e-06
0.00019136925
5.9393296e-06
0.00019002622
5.7005627e-06
0.00018873597
5.4894709e-06
0.0001874972
5.2928151e-06
0.00018630821
5.1061723e-06
0.00018516478
4.9289948e-06
0.00018406136
4.7696325e-06
0.00018299525
4.6235209e-06
0.00018196546
4.4833749e-06
0.00018096935
4.3508765e-06
0.00018000316
4.2313232e-06
0.00017906535
4.1205926e-06
0.00017815493
4.0131675e-06
0.00017726969
3.9120708e-06
0.00017640758
3.8197057e-06
0.00017556774
3.7318698e-06
0.00017474894
3.6473128e-06
0.00017394944
3.5690103e-06
0.00017316833
3.4953336e-06
0.00017240466
3.4251219e-06
0.00017165722
3.3592104e-06
0.00017092525
3.2963e-06
0.00017020782
3.2370632e-06
0.00016950413
3.181212e-06
0.00016881368
3.1266009e-06
0.00016813547
3.0763276e-06
0.000167469
3.0281647e-06
0.00016681383
2.9813265e-06
0.00016616925
2.9372551e-06
0.00016553491
2.8947171e-06
0.00016491018
2.8547853e-06
0.00016429475
2.8157797e-06
0.00016368838
2.7776516e-06
0.00016309044
2.7423282e-06
0.00016250077
2.7075057e-06
0.00016191948
2.6713854e-06
0.00016134576
2.6397239e-06
0.00016077916
2.6097303e-06
0.00016022097
2.5722579e-06
0.00015967085
2.5371975e-06
0.00015912721
2.5101439e-06
0.00015859262
2.4690079e-06
0.00015807185
2.4043617e-06
0.00015756506
2.341383e-06
0.00015707254
2.2768059e-06
0.00015660803
2.1416704e-06
0.00015619604
1.8896188e-06
0.00015585081
1.574866e-06
0.00015556704
1.2811394e-06
0.00015533676
1.0323812e-06
0.00015516794
7.5394748e-07
0.00015507835
3.8885042e-07
0.0001550678
2.6307312e-08
0.00015510422
-1.8437378e-07
0.0001551461
-2.0528084e-07
0.00015516983
-1.1997601e-07
0.00015517504
-3.5554685e-08
0.00015517259
-1.1322401e-09
0.00015517031
-1.8793555e-09
0.00015516986
-9.2825548e-09
0.00015517017
-1.2019655e-08
0.00015517039
-1.1439773e-08
0.00015517043
-1.0919063e-08
0.00015517033
-1.0787494e-08
-1.131925e-08
0.00024952699
7.8350608e-06
0.0002497731
1.2979833e-05
0.00025007149
1.5726692e-05
0.0002502961
1.5566936e-05
0.00025038757
1.3541242e-05
0.00025038196
1.1470862e-05
0.00025035317
1.0623458e-05
0.00025034662
1.0988608e-05
0.0002503707
1.1902652e-05
0.00025041681
1.2839696e-05
0.00025047369
1.3614319e-05
0.00025052535
1.4246725e-05
0.00025053258
1.4805868e-05
0.00025038606
1.5325408e-05
0.0002498732
1.5790072e-05
0.00024867627
1.6152327e-05
0.00024659139
1.6325891e-05
0.00024372364
1.6193087e-05
0.00024040516
1.5686496e-05
0.00023699588
1.4912128e-05
0.00023372208
1.400243e-05
0.00023062303
1.3105823e-05
0.00022768373
1.230798e-05
0.00022494798
1.1554343e-05
0.00022241109
1.0863194e-05
0.00022004619
1.0248633e-05
0.00021783763
9.6842725e-06
0.00021577027
9.1692087e-06
0.00021383121
8.7113861e-06
0.00021200698
8.2993396e-06
0.00021028217
7.9251973e-06
0.00020864615
7.5753525e-06
0.00020708982
7.2568895e-06
0.00020560552
6.9737703e-06
0.00020418725
6.7110889e-06
0.00020283001
6.4634052e-06
0.00020152704
6.2319436e-06
0.00020027149
6.0251618e-06
0.00019906121
5.8337778e-06
0.00019789508
5.6494709e-06
0.00019676903
5.4768961e-06
0.0001956784
5.3219212e-06
0.000194622
5.1769518e-06
0.00019359839
5.0367391e-06
0.00019260457
4.9058492e-06
0.00019163823
4.7859908e-06
0.00019069849
4.671536e-06
0.00018978359
4.562139e-06
0.00018889138
4.4611367e-06
0.00018802101
4.365619e-06
0.0001871712
4.2748328e-06
0.00018634042
4.1898755e-06
0.00018552785
4.1087451e-06
0.00018473235
4.0324189e-06
0.00018395296
3.960457e-06
0.00018318903
3.8903634e-06
0.00018243938
3.8257936e-06
0.00018170346
3.7638864e-06
0.00018098069
3.7038851e-06
0.00018027021
3.6475175e-06
0.00017957161
3.5930918e-06
0.00017888415
3.5419977e-06
0.00017820744
3.492272e-06
0.00017754118
3.4436933e-06
0.00017688466
3.3986013e-06
0.00017623762
3.3543757e-06
0.00017560015
3.3086813e-06
0.00017497139
3.2682743e-06
0.00017435079
3.2301919e-06
0.00017373964
3.1832859e-06
0.00017313766
3.1389643e-06
0.00017254314
3.1044016e-06
0.00017195863
3.0533434e-06
0.00017138922
2.9735883e-06
0.00017083533
2.8949555e-06
0.0001702973
2.8143194e-06
0.00016978953
2.648554e-06
0.00016933837
2.3394085e-06
0.0001689598
1.9514456e-06
0.00016864879
1.5878194e-06
0.00016839693
1.277634e-06
0.00016821241
9.3276406e-07
0.0001681139
4.8300226e-07
0.00016810129
3.60288e-08
0.0001681403
-2.2537077e-07
0.00016818585
-2.5271911e-07
0.00016821188
-1.4796472e-07
0.00016821776
-4.3781627e-08
0.00016821514
-8.7406683e-10
0.00016821264
-1.6032489e-09
0.00016821212
-1.0762491e-08
0.00016821245
-1.4204782e-08
0.00016821269
-1.3510584e-08
0.00016821274
-1.2851556e-08
0.00016821263
-1.2658325e-08
-1.3282402e-08
0.00026356383
7.7517063e-06
0.00026381447
1.2729192e-05
0.00026411724
1.5423922e-05
0.000264347
1.5337194e-05
0.00026444229
1.3445961e-05
0.00026443564
1.1477524e-05
0.00026440091
1.065819e-05
0.0002643852
1.100433e-05
0.00026439813
1.1889722e-05
0.00026443045
1.2807385e-05
0.00026447132
1.357346e-05
0.0002645146
1.4203484e-05
0.00026455741
1.4763067e-05
0.00026459254
1.5290289e-05
0.00026459502
1.5787607e-05
0.00026449258
1.6254792e-05
0.00026412646
1.6692012e-05
0.0002632392
1.7080377e-05
0.00026158377
1.7341938e-05
0.00025913381
1.7362111e-05
0.00025612286
1.7013387e-05
0.00025287242
1.6356279e-05
0.00024962733
1.5553077e-05
0.000246495
1.4686679e-05
0.00024349046
1.3867736e-05
0.00024064332
1.3095777e-05
0.00023797814
1.234945e-05
0.00023547777
1.1669574e-05
0.00023313463
1.105453e-05
0.0002309412
1.0492764e-05
0.0002288802
9.9861951e-06
0.00022693713
9.5184184e-06
0.00022510251
9.0915178e-06
0.00022336809
8.708184e-06
0.00022172173
8.3574452e-06
0.00022015315
8.0319827e-06
0.00021865465
7.7304264e-06
0.00021721965
7.4601459e-06
0.000215843
7.2103932e-06
0.00021452032
6.9721216e-06
0.00021324512
6.7520653e-06
0.00021201212
6.5548832e-06
0.00021082087
6.3681621e-06
0.00020966899
6.1885706e-06
0.00020855238
6.0224175e-06
0.00020746859
5.8697181e-06
0.00020641677
5.723288e-06
0.00020539426
5.5845681e-06
0.00020439853
5.4567808e-06
0.00020342886
5.3351924e-06
0.00020248346
5.2201307e-06
0.00020156042
5.1127939e-06
0.00020065889
5.0101445e-06
0.00019977744
4.9137202e-06
0.0001989149
4.8228432e-06
0.00019807046
4.734626e-06
0.00019724272
4.6533393e-06
0.00019643107
4.5753377e-06
0.00019563472
4.5000067e-06
0.00019485266
4.429347e-06
0.00019408442
4.3610974e-06
0.00019332911
4.2970464e-06
0.00019258624
4.2349163e-06
0.00019185543
4.174274e-06
0.00019113589
4.1178867e-06
0.00019042722
4.0628573e-06
0.0001897295
4.0062227e-06
0.00018904181
3.9557384e-06
0.00018836347
3.9083811e-06
0.00018769578
3.8508622e-06
0.00018703849
3.7960262e-06
0.00018638979
3.7528258e-06
0.00018575216
3.6907832e-06
0.00018513103
3.5945379e-06
0.00018452709
3.4985564e-06
0.00018394073
3.4001504e-06
0.00018338695
3.2014306e-06
0.00018289397
2.8309664e-06
0.00018247968
2.363695e-06
0.00018213942
1.9236354e-06
0.00018186441
1.5456144e-06
0.00018166301
1.1280535e-06
0.00018155479
5.8654268e-07
0.00018153973
4.7966583e-08
0.00018158131
-2.6908172e-07
0.00018163069
-3.0412774e-07
0.00018165919
-1.7854919e-07
0.0001816658
-5.2905916e-08
0.00018166302
-6.2345824e-10
0.00018166028
-1.2540444e-09
0.00018165969
-1.2320768e-08
0.00018166003
-1.6554013e-08
0.0001816603
-1.5747666e-08
0.00018166035
-1.4940389e-08
0.00018166023
-1.4680356e-08
-1.540387e-08
0.00027839063
7.6679515e-06
0.00027864546
1.2474377e-05
0.00027895243
1.511696e-05
0.0002791875
1.5102135e-05
0.00027928779
1.3345674e-05
0.00027928357
1.1481757e-05
0.00027924812
1.0693651e-05
0.00027922963
1.1022846e-05
0.00027923901
1.1880357e-05
0.0002792675
1.2778921e-05
0.0002793037
1.3537271e-05
0.000279341
1.4166206e-05
0.00027937743
1.4726639e-05
0.00027941277
1.525497e-05
0.00027944539
1.5755003e-05
0.00027946977
1.6230425e-05
0.00027946853
1.6693267e-05
0.00027939295
1.7155984e-05
0.00027912497
1.7609934e-05
0.00027845871
1.802838e-05
0.00027711887
1.8353237e-05
0.00027499605
1.8479118e-05
0.00027225138
1.8297753e-05
0.00026915585
1.7782219e-05
0.00026596021
1.7063384e-05
0.00026282396
1.6232028e-05
0.00025977957
1.5393838e-05
0.00025683148
1.4617659e-05
0.00025403686
1.384915e-05
0.00025140527
1.3124353e-05
0.00024892874
1.2462721e-05
0.00024660127
1.1845883e-05
0.00024441088
1.1281915e-05
0.00024234837
1.0770686e-05
0.00024040235
1.0303462e-05
0.00023855887
9.8754557e-06
0.00023680913
9.4801524e-06
0.0002351464
9.1228577e-06
0.00023356136
8.7954059e-06
0.0002320446
8.4888527e-06
0.00023058966
8.2069625e-06
0.00022919118
7.9533191e-06
0.00022784505
7.7142507e-06
0.00022654626
7.4873214e-06
0.00022528926
7.2793631e-06
0.00022407179
7.0871281e-06
0.00022289291
6.9020948e-06
0.00022174869
6.7287059e-06
0.00022063624
6.5691364e-06
0.00021955505
6.4162835e-06
0.00021850252
6.2725464e-06
0.00021747636
6.1388291e-06
0.00021647573
6.0106408e-06
0.00021549876
5.8905289e-06
0.00021454404
5.777398e-06
0.00021361057
5.6679019e-06
0.00021269669
5.5670149e-06
0.00021180169
5.4701252e-06
0.00021092454
5.3769089e-06
0.00021006405
5.289596e-06
0.00020921967
5.2052327e-06
0.00020839032
5.1261232e-06
0.00020757538
5.0496054e-06
0.00020677441
4.975007e-06
0.00020598648
4.9055457e-06
0.00020521106
4.838073e-06
0.00020444818
4.768919e-06
0.00020369687
4.7068173e-06
0.00020295627
4.6488055e-06
0.0002022277
4.5793173e-06
0.00020151095
4.5125423e-06
0.00020080407
4.459409e-06
0.00020010946
4.385186e-06
0.00019943288
4.2709303e-06
0.00019877533
4.1557496e-06
0.00019813721
4.037713e-06
0.0001975341
3.8036452e-06
0.00019699615
3.3675197e-06
0.00019654328
2.814549e-06
0.00019617134
2.2911414e-06
0.00019587124
1.8384696e-06
0.00019565153
1.3414394e-06
0.00019553262
7.0058195e-07
0.00019551466
6.2722051e-08
0.00019555878
-3.1533642e-07
0.00019561217
-3.5953428e-07
0.00019564332
-2.1172086e-07
0.00019565075
-6.2803482e-08
0.00019564781
-1.7609298e-10
0.00019564481
-5.9583222e-10
0.00019564414
-1.372685e-08
0.00019564451
-1.8833505e-08
0.00019564479
-1.7908139e-08
0.00019564485
-1.6929223e-08
0.00019564472
-1.6584778e-08
-1.7403222e-08
0.0002940518
7.5842611e-06
0.00029431035
1.2215827e-05
0.00029462117
1.4806143e-05
0.00029486125
1.4862072e-05
0.00029496671
1.3240226e-05
0.00029496601
1.1482468e-05
0.00029493187
1.0727796e-05
0.00029491307
1.1041656e-05
0.00029492135
1.1872085e-05
0.00029494862
1.275166e-05
0.00029498357
1.3502339e-05
0.0002950193
1.4130505e-05
0.00029505374
1.4692216e-05
0.00029508681
1.5221911e-05
0.00029511804
1.57238e-05
0.00029514662
1.620186e-05
0.00029517133
1.6668566e-05
0.00029518853
1.7138805e-05
0.00029518551
1.7612982e-05
0.00029512764
1.808626e-05
0.0002949243
1.8556597e-05
0.00029440126
1.9002172e-05
0.00029330964
1.9389386e-05
0.00029146654
1.9625326e-05
0.00028893422
1.9595705e-05
0.00028597143
1.9194825e-05
0.00028283284
1.8532425e-05
0.00027968371
1.7766787e-05
0.00027659034
1.6942514e-05
0.00027356687
1.6147816e-05
0.00027066243
1.5367164e-05
0.00026790773
1.4600579e-05
0.00026529876
1.389088e-05
0.00026283839
1.3231061e-05
0.00026052107
1.2620772e-05
0.00025833358
1.2062946e-05
0.0002562663
1.1547417e-05
0.00025431047
1.107867e-05
0.00025245615
1.0649696e-05
0.00025069113
1.0253833e-05
0.00024900906
9.8889919e-06
0.00024740411
9.5582215e-06
0.00024586698
9.251345e-06
0.00024439021
8.9640366e-06
0.00024296845
8.7010731e-06
0.00024159752
8.4579902e-06
0.00024027337
8.2261748e-06
0.00023899025
8.0117399e-06
0.00023774511
7.8141711e-06
0.00023653763
7.623662e-06
0.00023536405
7.4460084e-06
0.00023422172
7.2810265e-06
0.00023310983
7.1223885e-06
0.00023202587
6.974313e-06
0.00023096818
6.8349125e-06
0.00022993555
6.7003405e-06
0.00022892594
6.576407e-06
0.00022793855
6.457288e-06
0.00022697204
6.343163e-06
0.000226025
6.2363874e-06
0.00022509678
6.1331876e-06
0.00022418607
6.0365488e-06
0.00022329212
5.9432943e-06
0.00022241436
5.8525176e-06
0.00022155172
5.7678973e-06
0.00022070352
5.6860607e-06
0.00021986971
5.6025389e-06
0.00021904925
5.5270308e-06
0.00021824111
5.4567651e-06
0.00021744657
5.3737335e-06
0.00021666549
5.2933844e-06
0.00021589575
5.2288352e-06
0.00021513965
5.1410707e-06
0.00021440327
5.0071198e-06
0.00021368794
4.8706952e-06
0.00021299407
4.7310062e-06
0.00021233777
4.4590424e-06
0.00021175115
3.9527035e-06
0.00021125637
3.3072693e-06
0.00021084991
2.6930499e-06
0.00021052243
2.1582734e-06
0.00021028267
1.5744542e-06
0.00021015193
8.261163e-07
0.00021013052
8.0694308e-08
0.00021017715
-3.6422787e-07
0.00021023477
-4.1928337e-07
0.00021026878
-2.47855e-07
0.0002102771
-7.3744176e-08
0.00021027402
2.7923645e-10
0.00021027074
1.9671202e-10
0.00021026998
-1.5164284e-08
0.00021027037
-2.1244541e-08
0.00021027068
-2.020346e-08
0.00021027074
-1.9038991e-08
0.00021027061
-1.8601844e-08
-1.9520982e-08
0.00031059421
7.5011764e-06
0.00031085589
1.1954157e-05
0.00031117034
1.4491709e-05
0.00031141507
1.4617347e-05
0.00031152577
1.3129545e-05
0.00031152906
1.1479191e-05
0.0003114971
1.0759775e-05
0.0003114792
1.1059573e-05
0.00031148762
1.1863686e-05
0.00031151482
1.2724473e-05
0.00031154974
1.3467444e-05
0.00031158539
1.4094862e-05
0.0003116196
1.4658019e-05
0.00031165228
1.5189255e-05
0.00031168305
1.5693045e-05
0.00031171151
1.6173417e-05
0.00031173736
1.6642735e-05
0.00031176053
1.7115659e-05
0.00031177995
1.7593575e-05
0.00031179233
1.8073903e-05
0.00031178814
1.8560795e-05
0.0003117399
1.9050427e-05
0.00031157979
1.954951e-05
0.0003111598
2.0045326e-05
0.00031025468
2.0500835e-05
0.00030862405
2.082546e-05
0.00030625798
2.0898491e-05
0.00030340473
2.0620038e-05
0.00030031192
2.003532e-05
0.00029715167
1.9308063e-05
0.00029402005
1.8498776e-05
0.0002909356
1.7685019e-05
0.0002879289
1.6897585e-05
0.00028505395
1.6106001e-05
0.00028231768
1.5357046e-05
0.00027972475
1.4655866e-05
0.00027727469
1.3997467e-05
0.00027495961
1.3393732e-05
0.00027277191
1.2837356e-05
0.00027069907
1.2326644e-05
0.00026873219
1.1855826e-05
0.00026686411
1.1426248e-05
0.00026508434
1.1031069e-05
0.00026338406
1.0664264e-05
0.00026175791
1.0327173e-05
0.00026019883
1.0016998e-05
0.00025869896
9.7259674e-06
0.00025725263
9.45798e-06
0.00025585554
9.2111528e-06
0.00025450401
8.9750834e-06
0.00025319259
8.7572934e-06
0.00025191849
8.5549879e-06
0.00025068084
8.3598904e-06
0.00024947622
8.1787573e-06
0.00024830275
8.0081913e-06
0.00024715893
7.8439557e-06
0.00024604224
7.6928591e-06
0.00024495181
7.5474847e-06
0.00024388584
7.4088601e-06
0.0002428427
7.2792563e-06
0.00024182165
7.1539697e-06
0.000240821
7.03689e-06
0.00023983991
6.9241017e-06
0.00023887765
6.8145207e-06
0.00023793295
6.7122936e-06
0.00023700495
6.6138239e-06
0.00023609352
6.5137756e-06
0.00023519751
6.4227758e-06
0.00023431569
6.3383833e-06
0.00023344933
6.2399746e-06
0.00023259829
6.1441749e-06
0.00023176029
6.0664974e-06
0.00023093749
5.9636336e-06
0.00023013632
5.8080996e-06
0.00022935844
5.6481705e-06
0.00022860423
5.4846092e-06
0.00022789029
5.1720799e-06
0.00022725079
4.5907936e-06
0.00022671028
3.845748e-06
0.00022626602
3.1327801e-06
0.00022590846
2.5079329e-06
0.00022564663
1.8293076e-06
0.00022550271
9.6463236e-07
0.00022547722
1.0264764e-07
0.00022552629
-4.1558311e-07
0.00022558838
-4.8346838e-07
0.00022562547
-2.870255e-07
0.0002256348
-8.5652203e-08
0.00022563158
9.1574008e-10
0.00022562801
1.3371701e-09
0.00022562714
-1.6428293e-08
0.00022562755
-2.3581747e-08
0.00022562789
-2.2420391e-08
0.00022562796
-2.104429e-08
0.00022562782
-2.0495073e-08
-2.1509617e-08
0.00032806754
7.4191224e-06
0.00032833166
1.1690041e-05
0.00032864935
1.4174028e-05
0.00032889845
1.4368266e-05
0.00032901445
1.3013558e-05
0.00032902207
1.1471579e-05
0.00032899275
1.0789097e-05
0.00032897635
1.1075988e-05
0.0003289856
1.1854451e-05
0.00032901344
1.269665e-05
0.00032904903
1.3431871e-05
0.00032908537
1.4058556e-05
0.00032912016
1.4623241e-05
0.00032915324
1.515619e-05
0.00032918432
1.5661985e-05
0.00032921309
1.6144674e-05
0.00032923944
1.6616396e-05
0.00032926366
1.709147e-05
0.00032928557
1.7571677e-05
0.00032930468
1.8054817e-05
0.00032932001
1.8545484e-05
0.00032932839
1.9042062e-05
0.00032932267
1.9555234e-05
0.00032928098
2.0087033e-05
0.00032915068
2.0631137e-05
0.00032880281
2.1173336e-05
0.0003280226
2.1678699e-05
0.00032656388
2.2078755e-05
0.00032434593
2.2253273e-05
0.00032156457
2.2089413e-05
0.00031849444
2.15689e-05
0.0003153181
2.0861355e-05
0.00031214423
2.0071452e-05
0.00030899902
1.9251207e-05
0.00030589697
1.845909e-05
0.00030290298
1.764985e-05
0.00030003939
1.6861043e-05
0.00029731478
1.6118324e-05
0.0002947347
1.5417402e-05
0.00029229177
1.4769538e-05
0.00028997894
1.4168609e-05
0.00028778858
1.3616554e-05
0.00028571027
1.3109326e-05
0.00028373395
1.2640527e-05
0.00028185196
1.2209114e-05
0.00028005599
1.1812889e-05
0.00027833692
1.144496e-05
0.00027668941
1.1105392e-05
0.00027510725
1.0793193e-05
0.00027358262
1.0499599e-05
0.00027211006
1.0229716e-05
0.00027068551
9.9793948e-06
0.0002693048
9.7404455e-06
0.00026796318
9.5201889e-06
0.00026665875
9.312422e-06
0.00026538952
9.112967e-06
0.00026415234
8.9297905e-06
0.00026294632
8.7532636e-06
0.00026176905
8.5858427e-06
0.00026061864
8.429381e-06
0.00025949421
8.2781173e-06
0.00025839363
8.1371457e-06
0.00025731596
8.0014742e-06
0.00025626023
7.8699835e-06
0.00025522494
7.7472595e-06
0.00025420904
7.629475e-06
0.00025321226
7.5103559e-06
0.00025223334
7.4014228e-06
0.00025127079
7.3007141e-06
0.00025032587
7.184779e-06
0.00024939843
7.0713587e-06
0.00024848599
6.9785763e-06
0.00024759055
6.8588195e-06
0.00024671888
6.6795784e-06
0.00024587301
6.4936228e-06
0.00024505322
6.303751e-06
0.00024427661
5.9477835e-06
0.00024357944
5.2865494e-06
0.00024298884
4.4342881e-06
0.000242503
3.6139852e-06
0.00024211227
2.8903361e-06
0.00024182599
2.1081769e-06
0.00024166731
1.1175668e-06
0.00024163699
1.2922765e-07
0.00024168843
-4.6940117e-07
0.00024175522
-5.5242414e-07
0.00024179565
-3.2959925e-07
0.00024180611
-9.876823e-08
0.00024180275
1.5934384e-09
0.00024179886
2.706599e-09
0.00024179789
-1.7646008e-08
0.00024179831
-2.5990079e-08
0.00024179868
-2.4712785e-08
0.00024179876
-2.3105419e-08
0.00024179861
-2.2431108e-08
-2.3544254e-08
0.00034652437
7.3382559e-06
0.00034679013
1.14243e-05
0.00034711039
1.3853778e-05
0.00034736356
1.4115108e-05
0.00034748499
1.2892145e-05
0.00034749732
1.145926e-05
0.000347471
1.0815437e-05
0.00034745642
1.1090594e-05
0.00034746685
1.1844043e-05
0.0003474957
1.2667812e-05
0.00034753242
1.3395173e-05
0.00034756995
1.4021036e-05
0.00034760588
1.4587334e-05
0.00034763992
1.5122166e-05
0.00034767179
1.563014e-05
0.00034770121
1.6115278e-05
0.00034772819
1.6589432e-05
0.00034775315
1.7066532e-05
0.00034777615
1.7548699e-05
0.00034779698
1.8034006e-05
0.00034781549
1.8526992e-05
0.00034783099
1.902658e-05
0.00034784274
1.9543493e-05
0.00034784827
2.0081519e-05
0.00034784158
2.0637836e-05
0.00034780445
2.1210468e-05
0.00034769096
2.179219e-05
0.00034739171
2.2377999e-05
0.00034670382
2.2941165e-05
0.00034537436
2.3418861e-05
0.00034326199
2.3681262e-05
0.00034052028
2.3603061e-05
0.0003374534
2.3138321e-05
0.00033425432
2.2450286e-05
0.00033102587
2.1687538e-05
0.00032780874
2.0866969e-05
0.00032461867
2.0051101e-05
0.00032151198
1.9225001e-05
0.00031852577
1.840358e-05
0.00031567205
1.7623213e-05
0.00031296069
1.6879923e-05
0.00031038954
1.6187649e-05
0.0003079529
1.554591e-05
0.00030564266
1.49507e-05
0.0003034494
1.4402318e-05
0.00030136439
1.3897828e-05
0.00029937734
1.343192e-05
0.00029748094
1.3001693e-05
0.0002956677
1.2606307e-05
0.00029392878
1.2238396e-05
0.0002922591
1.1899254e-05
0.00029065263
1.1585709e-05
0.00028910174
1.1291168e-05
0.00028760142
1.1020306e-05
0.000286148
1.0765639e-05
0.0002847365
1.0524231e-05
0.00028336296
1.0303067e-05
0.00028202658
1.0089391e-05
0.00028072409
9.8880203e-06
0.00027945331
9.6998581e-06
0.00027821319
9.5179416e-06
0.00027700103
9.3489571e-06
0.00027581581
9.1863864e-06
0.0002746562
9.0293053e-06
0.00027352046
8.8826584e-06
0.0002724073
8.7423653e-06
0.00027131627
8.6011789e-06
0.00027024595
8.4714459e-06
0.00026919459
8.3518417e-06
0.0002681634
8.2158513e-06
0.00026715219
8.0823005e-06
0.00026615826
7.9721181e-06
0.00026518342
7.8333906e-06
0.00026423478
7.6280293e-06
0.00026331472
7.4132287e-06
0.00026242344
7.1943455e-06
0.00026157845
6.7918809e-06
0.00026081817
6.0454508e-06
0.00026017254
5.0778963e-06
0.00025964081
4.1411036e-06
0.0002592133
3.3092988e-06
0.00025889983
2.413983e-06
0.00025872458
1.2868746e-06
0.00025868852
1.6142319e-07
0.0002587422
-5.2547203e-07
0.00025881396
-6.2631426e-07
0.00025885802
-3.7573142e-07
0.00025886972
-1.1307928e-07
0.00025886624
2.4461855e-09
0.00025886201
4.4831185e-09
0.00025886092
-1.8648335e-08
0.00025886136
-2.8302975e-08
0.00025886176
-2.6907948e-08
0.00025886185
-2.5039397e-08
0.00025886169
-2.4217876e-08
-2.542271e-08
0.00036601993
7.2587822e-06
0.0003662865
1.1157737e-05
0.00036660875
1.353154e-05
0.00036686566
1.3858216e-05
0.00036699257
1.276524e-05
0.00036700998
1.1441863e-05
0.00036698701
1.0838419e-05
0.00036697451
1.1103115e-05
0.00036698634
1.1832226e-05
0.00036701643
1.2637737e-05
0.00036705452
1.3357104e-05
0.00036709356
1.3982023e-05
0.00036713099
1.454993e-05
0.0003671664
1.5086776e-05
0.00036719946
1.5597099e-05
0.00036722989
1.6084873e-05
0.00036725775
1.6561595e-05
0.00036728351
1.7040794e-05
0.00036730735
1.752488e-05
0.00036732922
1.8012165e-05
0.00036734914
1.8507084e-05
0.00036736675
1.900899e-05
0.00036738208
1.9528172e-05
0.00036739487
2.0068745e-05
0.00036740415
2.0628564e-05
0.00036740759
2.1207031e-05
0.0003673994
2.1800382e-05
0.00036736414
2.2413259e-05
0.00036726095
2.3044341e-05
0.00036699498
2.3684828e-05
0.00036636974
2.4306494e-05
0.00036512509
2.4847707e-05
0.00036307997
2.5183433e-05
0.0003603538
2.5176446e-05
0.00035726679
2.4774544e-05
0.00035402717
2.4106585e-05
0.00035073687
2.334139e-05
0.00034744507
2.2516778e-05
0.00034416633
2.1682292e-05
0.00034094873
2.0840771e-05
0.0003378408
1.9987794e-05
0.0003348577
1.9170688e-05
0.0003320154
1.8388153e-05
0.00032931505
1.7650986e-05
0.00032675199
1.6965311e-05
0.00032432057
1.632918e-05
0.00032201053
1.5741864e-05
0.00031981331
1.5198812e-05
0.00031771995
1.4699528e-05
0.00031572086
1.4237362e-05
0.00031380908
1.3810879e-05
0.00031197734
1.3417291e-05
0.00031021762
1.3050715e-05
0.00030852486
1.271285e-05
0.00030689267
1.2397606e-05
0.00030531403
1.2102628e-05
0.00030378439
1.1832429e-05
0.00030230023
1.1573283e-05
0.00030085613
1.13318e-05
0.00029944959
1.1106074e-05
0.00029807937
1.0887853e-05
0.00029674204
1.0685915e-05
0.00029543648
1.0491617e-05
0.00029416092
1.0304577e-05
0.0002929133
1.0129909e-05
0.00029169207
9.9633168e-06
0.00029049653
9.796508e-06
0.00028932507
9.6425926e-06
0.00028817561
9.5010539e-06
0.00028704932
9.3420188e-06
0.00028594593
9.1854162e-06
0.00028486248
9.0551647e-06
0.00028380052
8.8950507e-06
0.00028276755
8.6608206e-06
0.00028176631
8.4140011e-06
0.00028079682
8.1631095e-06
0.00027987698
7.71082e-06
0.00027904745
6.8736137e-06
0.0002783412
5.7821449e-06
0.00027775863
4.7189523e-06
0.00027729022
3.7687445e-06
0.00027694639
2.7497323e-06
0.00027675242
1.4745627e-06
0.00027670959
2.0020879e-07
0.00027676534
-5.836651e-07
0.00027684234
-7.0544885e-07
0.00027689032
-4.2578105e-07
0.00027690341
-1.2880414e-07
0.00027689981
3.3783055e-09
0.00027689523
6.6022436e-09
0.00027689399
-1.9506926e-08
0.00027689446
-3.0609875e-08
0.00027689489
-2.910308e-08
0.00027689499
-2.6947046e-08
0.00027689482
-2.5959559e-08
-2.72558e-08
0.00038661265
7.180865e-06
0.00038687911
1.0891289e-05
0.00038720278
1.3207873e-05
0.00038746306
1.3597957e-05
0.00038759551
1.2632808e-05
0.00038761837
1.1419025e-05
0.0003875991
1.0857706e-05
0.00038758892
1.111332e-05
0.00038760233
1.1818837e-05
0.00038763378
1.2606304e-05
0.00038767338
1.3317525e-05
0.00038771412
1.3941303e-05
0.00038775328
1.451079e-05
0.00038779034
1.5049736e-05
0.00038782491
1.5562555e-05
0.00038785667
1.6053137e-05
0.00038788569
1.6532606e-05
0.00038791246
1.7014046e-05
0.00038793721
1.7500146e-05
0.00038795997
1.7989429e-05
0.00038798087
1.8486205e-05
0.00038799968
1.8990199e-05
0.00038801662
1.9511244e-05
0.00038803176
2.0053616e-05
0.00038804489
2.0615442e-05
0.00038805555
2.1196371e-05
0.00038806255
2.1793384e-05
0.0003880638
2.2412012e-05
0.00038805394
2.3054194e-05
0.00038801933
2.3719429e-05
0.00038792246
2.4403361e-05
0.00038767591
2.5094245e-05
0.00038708832
2.577101e-05
0.00038588946
2.6375307e-05
0.0003838814
2.6782598e-05
0.00038115087
2.6837107e-05
0.00037801557
2.6476681e-05
0.00037471569
2.5816635e-05
0.00037135203
2.5045923e-05
0.00036797971
2.4213041e-05
0.00036460975
2.33577e-05
0.00036127851
2.2501869e-05
0.00035804657
2.1620025e-05
0.00035493278
2.07647e-05
0.0003519575
1.9940529e-05
0.00034912611
1.9160493e-05
0.00034643519
1.8432678e-05
0.00034387991
1.7753987e-05
0.0003414513
1.7127994e-05
0.00033914014
1.654839e-05
0.00033693734
1.6013521e-05
0.00033483431
1.5520141e-05
0.00033282212
1.5062724e-05
0.00033089405
1.4640687e-05
0.00032904239
1.4249046e-05
0.00032726053
1.3884224e-05
0.00032554337
1.3549295e-05
0.00032388383
1.3232542e-05
0.00032227573
1.2939561e-05
0.00032071533
1.2666124e-05
0.00031919811
1.2404748e-05
0.0003177197
1.2163933e-05
0.00031627889
1.1932072e-05
0.0003148733
1.1709864e-05
0.00031350057
1.150225e-05
0.00031215874
1.1304844e-05
0.00031084683
1.1108202e-05
0.00030956302
1.0926077e-05
0.00030830479
1.0759005e-05
0.00030707329
1.0573396e-05
0.0003058681
1.039033e-05
0.00030468593
1.0236889e-05
0.0003035281
1.0052563e-05
0.00030240243
9.7863052e-06
0.00030131206
9.5038836e-06
0.00030025675
9.2176335e-06
0.00029925476
8.7119152e-06
0.00029834905
7.7780208e-06
0.0002975758
6.5534437e-06
0.00029693679
5.3532587e-06
0.00029642271
4.2736532e-06
0.00029604482
3.1192727e-06
0.00029582967
1.6832056e-06
0.00029577883
2.4689396e-07
0.00029583642
-6.436925e-07
0.00029591893
-7.900416e-07
0.00029597115
-4.7998866e-07
0.00029598579
-1.4600154e-07
0.0002959821
4.4762677e-09
0.00029597713
9.2035392e-09
0.00029597574
-2.0092009e-08
0.00029597622
-3.2786963e-08
0.00029597669
-3.1170432e-08
0.0002959768
-2.8692533e-08
0.00029597662
-2.7513301e-08
-2.8891677e-08
0.00040836425
7.1045864e-06
0.00040862961
1.0625944e-05
0.00040895408
1.2883422e-05
0.00040921736
1.3334689e-05
0.00040935535
1.2494831e-05
0.000409384
1.1390388e-05
0.00040936882
1.08729e-05
0.00040936123
1.1120933e-05
0.0004093764
1.1803683e-05
0.00040940934
1.2573388e-05
0.00040945054
1.327635e-05
0.00040949307
1.3898799e-05
0.0004095341
1.4469777e-05
0.000409573
1.5010869e-05
0.00040960929
1.552629e-05
0.00040964262
1.6019828e-05
0.00040967305
1.6502201e-05
0.00040970107
1.698605e-05
0.00040972693
1.7474311e-05
0.00040975067
1.7965709e-05
0.0004097725
1.8464404e-05
0.00040979224
1.8970472e-05
0.00040981023
1.949327e-05
0.00040982668
2.0037183e-05
0.00040984154
2.0600584e-05
0.00040985472
2.1183194e-05
0.00040986578
2.1782329e-05
0.00040987428
2.2403515e-05
0.00040987923
2.3049235e-05
0.00040987859
2.3720061e-05
0.00040986715
2.441479e-05
0.00040983198
2.5129411e-05
0.0004097376
2.586538e-05
0.00040949874
2.6614164e-05
0.00040892874
2.7352585e-05
0.00040774834
2.8017509e-05
0.00040574094
2.8484066e-05
0.00040297203
2.8585529e-05
0.00039976403
2.8253885e-05
0.00039638796
2.7589071e-05
0.00039294199
2.6803615e-05
0.00038948053
2.5963255e-05
0.00038601149
2.5088997e-05
0.00038256256
2.421355e-05
0.00037920316
2.3299853e-05
0.00037595597
2.2407605e-05
0.00037284569
2.1542854e-05
0.00036988082
2.0718744e-05
0.00036706011
1.9948559e-05
0.00036437956
1.9228792e-05
0.00036183029
1.8562619e-05
0.00035940385
1.7946401e-05
0.0003570902
1.737619e-05
0.00035488067
1.6849972e-05
0.0003527663
1.6363171e-05
0.0003507393
1.5910954e-05
0.00034879329
1.5494992e-05
0.0003469203
1.5105236e-05
0.0003451148
1.4744699e-05
0.00034337127
1.4409286e-05
0.00034168247
1.4093217e-05
0.0003400433
1.3802682e-05
0.00033844982
1.3525186e-05
0.00033689777
1.3261596e-05
0.00033538452
1.3015094e-05
0.00033390754
1.2781496e-05
0.00033246552
1.2550002e-05
0.00033105641
1.2334837e-05
0.00032967715
1.2137961e-05
0.00032832881
1.1921622e-05
0.00032701078
1.1708076e-05
0.00032571943
1.1527771e-05
0.0003244557
1.1315952e-05
0.00032322783
1.1014005e-05
0.00032203929
1.0691914e-05
0.00032088955
1.0366548e-05
0.00031979713
9.8034336e-06
0.00031880738
8.7665209e-06
0.00031795991
7.398998e-06
0.00031725804
6.0503532e-06
0.0003166928
4.8293353e-06
0.00031627659
3.5267364e-06
0.0003160374
1.9155867e-06
0.00031597708
3.0291501e-07
0.00031603619
-7.0522748e-07
0.00031612448
-8.8034682e-07
0.00031618129
-5.3868713e-07
0.00031619765
-1.648562e-07
0.00031619389
5.7044964e-09
0.0003161885
1.229629e-08
0.00031618695
-2.0399253e-08
0.00031618745
-3.4846735e-08
0.00031618796
-3.3128189e-08
0.00031618808
-3.0293796e-08
0.00031618789
-2.8896568e-08
-3.0351827e-08
0.00043133993
7.0299327e-06
0.00043160316
1.0362733e-05
0.00043192772
1.2558875e-05
0.00043219362
1.3068809e-05
0.00043233713
1.235134e-05
0.00043237192
1.1355613e-05
0.00043236121
1.0883629e-05
0.00043235648
1.1125694e-05
0.0004323736
1.1786585e-05
0.00043240814
1.2538872e-05
0.00043245101
1.3233492e-05
0.00043249543
1.38544e-05
0.00043253845
1.4426788e-05
0.00043257929
1.4970053e-05
0.00043261744
1.5488163e-05
0.00043265252
1.5984778e-05
0.00043268455
1.6470199e-05
0.00043271402
1.6956604e-05
0.00043274119
1.7447171e-05
0.00043276609
1.7940828e-05
0.00043278895
1.8441568e-05
0.00043280964
1.8949796e-05
0.00043282855
1.9474384e-05
0.00043284594
2.0019799e-05
0.00043286191
2.058463e-05
0.00043287646
2.1168646e-05
0.00043288933
2.1769456e-05
0.00043290047
2.2392377e-05
0.00043290964
2.3040057e-05
0.00043291636
2.3713333e-05
0.00043291958
2.4411564e-05
0.00043291705
2.5131927e-05
0.00043290369
2.5878735e-05
0.00043286673
2.6651118e-05
0.00043277147
2.7447837e-05
0.00043253257
2.8256399e-05
0.00043196314
2.9053485e-05
0.00043077072
2.9777934e-05
0.00042872487
3.0299705e-05
0.00042588253
3.0431362e-05
0.00042257925
3.0106839e-05
0.00041911253
2.9429893e-05
0.00041557347
2.8627982e-05
0.00041201293
2.7774007e-05
0.00040843569
2.6877017e-05
0.00040486263
2.5980574e-05
0.00040137052
2.5034862e-05
0.00039798673
2.4102418e-05
0.00039473949
2.3195636e-05
0.00039163977
2.2328363e-05
0.0003886877
2.1514499e-05
0.00038588059
2.0753321e-05
0.00038320949
2.0047096e-05
0.00038066573
1.9393473e-05
0.00037823936
1.8789287e-05
0.00037592098
1.8229049e-05
0.00037370237
1.7713257e-05
0.00037157472
1.7232578e-05
0.00036953116
1.6787883e-05
0.00036756489
1.6375155e-05
0.00036566934
1.5988423e-05
0.00036383875
1.5632824e-05
0.00036206603
1.5297506e-05
0.00036034599
1.4981311e-05
0.00035867422
1.4686432e-05
0.00035704516
1.4410199e-05
0.00035545709
1.413786e-05
0.0003539077
1.3883852e-05
0.00035239324
1.3652094e-05
0.00035091465
1.3400091e-05
0.00034947111
1.3151336e-05
0.00034805854
1.2939815e-05
0.00034667749
1.2696651e-05
0.00034533655
1.2354769e-05
0.00034403956
1.1988369e-05
0.00034278558
1.1619641e-05
0.00034159335
1.0994761e-05
0.00034051067
9.8480474e-06
0.00033958077
8.3270512e-06
0.00033880872
6.81765e-06
0.00033818598
5.4423181e-06
0.00033772648
3.9772265e-06
0.00033745992
2.1751248e-06
0.0003373884
3.7004544e-07
0.00033744862
-7.6783647e-07
0.00033754296
-9.7660384e-07
0.00033760472
-6.0219463e-07
0.000337623
-1.8549987e-07
0.0003376192
7.103072e-09
0.00033761337
1.5984985e-08
0.00033761163
-2.0333716e-08
0.00033761214
-3.6703661e-08
0.0003376127
-3.4889155e-08
0.00033761283
-3.1657574e-08
0.00033761263
-3.0010905e-08
-3.1529774e-08
0.00045560851
6.9568067e-06
0.00045586858
1.0102681e-05
0.00045619245
1.2235024e-05
0.00045646055
1.280072e-05
0.00045660952
1.2202386e-05
0.00045665077
1.1314379e-05
0.00045664494
1.0889478e-05
0.00045664335
1.1127305e-05
0.00045666262
1.1767336e-05
0.0004566989
1.2502616e-05
0.00045674355
1.3188868e-05
0.00045678993
1.3808054e-05
0.000456835
1.4381741e-05
0.00045687789
1.4927191e-05
0.00045691802
1.5448061e-05
0.00045695496
1.5947864e-05
0.00045698873
1.6436453e-05
0.00045701981
1.6925557e-05
0.00045704844
1.7418568e-05
0.00045707467
1.7914625e-05
0.00045709871
1.8417545e-05
0.00045712047
1.8928055e-05
0.00045714034
1.9454531e-05
0.00045715865
2.0001508e-05
0.00045717551
2.056778e-05
0.00045719102
2.1153142e-05
0.00045720501
2.1755467e-05
0.00045721754
2.2379838e-05
0.0004572286
2.3028996e-05
0.00045723808
2.3703848e-05
0.00045724566
2.4403969e-05
0.00045725066
2.5126923e-05
0.00045725203
2.5877346e-05
0.00045724759
2.665556e-05
0.00045723208
2.7463332e-05
0.00045719239
2.8296086e-05
0.00045709346
2.9152403e-05
0.00045684699
3.0024387e-05
0.00045626072
3.0885943e-05
0.00045502468
3.1667346e-05
0.00045289958
3.2231876e-05
0.00044995008
3.2379313e-05
0.0004465315
3.2046482e-05
0.0004429598
3.1345616e-05
0.00043931604
3.0520697e-05
0.000435643
2.9653521e-05
0.00043194494
2.8732816e-05
0.00042824209
2.7805143e-05
0.00042461344
2.6824123e-05
0.00042109015
2.5851485e-05
0.00041770381
2.4900649e-05
0.00041446749
2.3989429e-05
0.00041138255
2.3131832e-05
0.00040844673
2.2329022e-05
0.00040565172
2.1584029e-05
0.00040298852
2.0891954e-05
0.00040044738
2.0254035e-05
0.00039801856
1.9661074e-05
0.00039569311
1.911293e-05
0.0003934627
1.8605146e-05
0.00039132002
1.8130743e-05
0.00038925815
1.769422e-05
0.0003872695
1.7285729e-05
0.00038534928
1.69012e-05
0.00038349064
1.6544609e-05
0.00038168633
1.6214134e-05
0.0003799336
1.5890366e-05
0.00037822654
1.5590522e-05
0.00037656043
1.531784e-05
0.00037493614
1.5024279e-05
0.00037335244
1.4734746e-05
0.00037180486
1.4486825e-05
0.00037029339
1.4207755e-05
0.00036882694
1.3821057e-05
0.00036740974
1.3405006e-05
0.00036604038
1.2988052e-05
0.00036473768
1.229657e-05
0.00036355195
1.1032729e-05
0.00036253028
9.3469573e-06
0.00036167964
7.6634692e-06
0.00036099211
6.119766e-06
0.00036048356
4.4764015e-06
0.00036018574
2.4656486e-06
0.00036010098
4.5034759e-07
0.00036016179
-8.309232e-07
0.00036026243
-1.078991e-06
0.00036032951
-6.7082114e-07
0.00036034993
-2.0809299e-07
0.00036034612
8.6887334e-09
0.00036033982
2.0347531e-08
0.00036033788
-1.9819218e-08
0.00036033841
-3.8297655e-08
0.00036033901
-3.6397016e-08
0.00036033915
-3.2723673e-08
0.00036033895
-3.0792133e-08
-3.2362636e-08
0.00048124266
6.88503e-06
0.00048149857
9.8467867e-06
0.00048182091
1.1912705e-05
0.00048209078
1.2530868e-05
0.00048224511
1.2048074e-05
0.00048229311
1.1266405e-05
0.00048229255
1.089006e-05
0.0004822944
1.1125479e-05
0.00048231603
1.1745734e-05
0.00048235419
1.2464477e-05
0.0004824007
1.3142379e-05
0.00048244912
1.3759659e-05
0.00048249635
1.4334546e-05
0.00048254137
1.4882193e-05
0.00048258358
1.5405889e-05
0.00048262249
1.5908979e-05
0.00048265811
1.640086e-05
0.00048269091
1.6892792e-05
0.00048272113
1.7388374e-05
0.00048274881
1.7886966e-05
0.00048277418
1.8392201e-05
0.00048279714
1.8905115e-05
0.00048281809
1.9433601e-05
0.00048283737
1.9982238e-05
0.00048285514
2.0550025e-05
0.00048287151
2.1136777e-05
0.00048288637
2.1740612e-05
0.00048289985
2.2366355e-05
0.00048291202
2.3016817e-05
0.00048292291
2.3692947e-05
0.00048293244
2.4394433e-05
0.00048294029
2.511906e-05
0.00048294619
2.5871436e-05
0.00048294953
2.6652215e-05
0.00048294922
2.7463638e-05
0.00048294277
2.8302525e-05
0.00048292473
2.9170429e-05
0.00048288127
3.0067833e-05
0.00048277582
3.0991358e-05
0.00048251393
3.1929188e-05
0.00048189158
3.2854153e-05
0.00048057858
3.369223e-05
0.00047833375
3.4291224e-05
0.00047524507
3.4434199e-05
0.00047169303
3.407264e-05
0.00046800181
3.334465e-05
0.00046423935
3.2495161e-05
0.00046044217
3.1602195e-05
0.00045661281
3.065331e-05
0.00045277243
2.9691687e-05
0.0004490022
2.867067e-05
0.00044533515
2.7656261e-05
0.00044180611
2.6660658e-05
0.00043843
2.5704841e-05
0.00043520966
2.4804087e-05
0.00043214307
2.3958227e-05
0.00042922209
2.3174632e-05
0.00042643786
2.2444966e-05
0.00042377996
2.1770411e-05
0.00042123848
2.1146171e-05
0.00041880454
2.0564313e-05
0.0004164695
2.0028752e-05
0.00041422483
1.952995e-05
0.0004120647
1.9060977e-05
0.00040998105
1.862777e-05
0.00040796785
1.8226931e-05
0.00040602106
1.7836934e-05
0.00040413183
1.7479334e-05
0.00040229439
1.715489e-05
0.00040050644
1.6812116e-05
0.00039876567
1.647523e-05
0.00039706715
1.6184724e-05
0.00039541019
1.5864332e-05
0.00039380395
1.5427149e-05
0.00039225306
1.4955301e-05
0.00039075559
1.4484473e-05
0.00038933032
1.3720963e-05
0.00038802999
1.2332143e-05
0.00038690586
1.046942e-05
0.00038596705
8.5974725e-06
0.00038520628
6.870295e-06
0.00038464196
5.0310997e-06
0.00038430838
2.7917443e-06
0.00038420796
5.4626605e-07
0.00038426866
-8.9379773e-07
0.00038437585
-1.1877276e-06
0.00038444866
-7.4494595e-07
0.00038447144
-2.3282786e-07
0.00038446767
1.046689e-08
0.00038446087
2.5467868e-08
0.0003844587
-1.8779367e-08
0.00038445924
-3.9564833e-08
0.00038445989
-3.7588093e-08
0.00038446005
-3.3423684e-08
0.00038445984
-3.1167564e-08
-3.2769981e-08
0.00050831911
6.8143717e-06
0.00050856994
9.5959842e-06
0.00050888981
1.1592846e-05
0.00050916098
1.2259722e-05
0.00050932054
1.1888522e-05
0.00050937553
1.1211438e-05
0.00050938065
1.0884959e-05
0.00050938626
1.1119893e-05
0.00050941046
1.1721556e-05
0.00050945067
1.2424295e-05
0.00050949916
1.3093926e-05
0.0005095497
1.3709149e-05
0.00050959915
1.4285122e-05
0.00050964641
1.4834966e-05
0.00050969078
1.536155e-05
0.00050973176
1.5868025e-05
0.00050976934
1.6363311e-05
0.00050980396
1.6858206e-05
0.00050983588
1.7356487e-05
0.00050986513
1.7857745e-05
0.00050989193
1.8365426e-05
0.0005099162
1.8880863e-05
0.00050993834
1.9411481e-05
0.00050995871
1.9961886e-05
0.00050997746
2.0531287e-05
0.00050999473
2.1119512e-05
0.00051001042
2.1724918e-05
0.00051002471
2.2352064e-05
0.00051003771
2.300381e-05
0.00051004952
2.3681125e-05
0.00051006016
2.4383785e-05
0.00051006943
2.510978e-05
0.00051007732
2.5863539e-05
0.00051008362
2.6645907e-05
0.00051008803
2.7459224e-05
0.00051008976
2.8300781e-05
0.00051008762
2.9172558e-05
0.00051007902
3.0076406e-05
0.00051005811
3.1012237e-05
0.00051000977
3.1977473e-05
0.00050989432
3.2969537e-05
0.00050960797
3.3978495e-05
0.00050892835
3.4970741e-05
0.0005075028
3.5859644e-05
0.0005050973
3.6478045e-05
0.00050184158
3.6600263e-05
0.0004981406
3.6196018e-05
0.00049431416
3.5428516e-05
0.00049041846
3.454882e-05
0.00048648541
3.3624553e-05
0.00048251462
3.2641238e-05
0.00047852602
3.1644625e-05
0.00047460564
3.058082e-05
0.0004707894
2.9520771e-05
0.00046711395
2.8479236e-05
0.00046359553
2.7476323e-05
0.00046023753
2.6532214e-05
0.00045703842
2.5643723e-05
0.00045398982
2.4818569e-05
0.0004510823
2.4053208e-05
0.0004483058
2.3340429e-05
0.00044564998
2.2684043e-05
0.00044310479
2.2074647e-05
0.00044066259
2.1502824e-05
0.000438314
2.0975849e-05
0.0004360521
2.0488388e-05
0.0004338719
2.0016913e-05
0.00043176566
1.958514e-05
0.00042972645
1.9193661e-05
0.00042774916
1.8789315e-05
0.00042583047
1.8393627e-05
0.00042396258
1.8051945e-05
0.00042214272
1.7683784e-05
0.00042038025
1.7189497e-05
0.00041868016
1.6654769e-05
0.00041704003
1.6123479e-05
0.00041547836
1.5281762e-05
0.00041405026
1.3759504e-05
0.00041281141
1.1706716e-05
0.00041177341
9.630629e-06
0.00041092966
7.703553e-06
0.00041030173
5.6491104e-06
0.00040992712
3.1586854e-06
0.00040980817
6.6072651e-07
0.00040986791
-9.5547387e-07
0.00040998183
-1.3028769e-06
0.00041006079
-8.2485409e-07
0.00041008619
-2.5983791e-07
0.00041008251
1.2507785e-08
0.00041007519
3.1496873e-08
0.00041007277
-1.7060509e-08
0.00041007332
-4.0366377e-08
0.00041007402
-3.8324853e-08
0.0004100742
-3.361252e-08
0.00041007398
-3.0984377e-08
-3.2597193e-08
0.00053691888
6.7445613e-06
0.00053716378
9.3511133e-06
0.00053748022
1.1276413e-05
0.00053775217
1.1987798e-05
0.0005379168
1.1723916e-05
0.00053797898
1.1149287e-05
0.00053799019
1.0873774e-05
0.00053799987
1.1110241e-05
0.00053802687
1.1694583e-05
0.00053806928
1.2381907e-05
0.00053811984
1.304339e-05
0.0005381726
1.3656421e-05
0.00053822438
1.4233376e-05
0.00053827396
1.4785415e-05
0.0005383206
1.5314946e-05
0.00053836376
1.5824899e-05
0.00053840339
1.6323709e-05
0.00053843993
1.6821699e-05
0.00053847364
1.7322808e-05
0.00053850455
1.7826861e-05
0.00053853288
1.8337122e-05
0.00053855857
1.8855201e-05
0.000538582
1.9388072e-05
0.00053860354
1.9940355e-05
0.00053862337
2.0511473e-05
0.00053864162
2.1101269e-05
0.0005386582
2.1708333e-05
0.00053867331
2.2336955e-05
0.00053868708
2.2990032e-05
0.00053869965
2.3668549e-05
0.00053871107
2.4372353e-05
0.00053872123
2.5099611e-05
0.0005387302
2.5854557e-05
0.00053873792
2.6638186e-05
0.00053874435
2.7452779e-05
0.00053874918
2.829594e-05
0.000538752
2.9169729e-05
0.00053875209
3.0076294e-05
0.00053874812
3.1016168e-05
0.00053873721
3.1988324e-05
0.00053871288
3.2993794e-05
0.0005386583
3.4032977e-05
0.00053852888
3.5100064e-05
0.00053820732
3.6181091e-05
0.00053744562
3.7239637e-05
0.00053586918
3.8176598e-05
0.00053326389
3.8801179e-05
0.00052981317
3.8879106e-05
0.00052594605
3.8415746e-05
0.00052197061
3.759979e-05
0.00051792944
3.6682174e-05
0.00051384502
3.5728793e-05
0.00050971829
3.4707319e-05
0.00050557282
3.3665914e-05
0.00050149533
3.2556415e-05
0.00049752553
3.1445781e-05
0.00049370027
3.0357024e-05
0.00049003694
2.9306685e-05
0.00048653935
2.8315689e-05
0.00048320525
2.7386797e-05
0.00048002694
2.6518331e-05
0.00047699439
2.5716031e-05
0.00047409663
2.4971893e-05
0.00047132403
2.4275057e-05
0.0004686657
2.3633634e-05
0.00046611264
2.3040967e-05
0.00046365844
2.2470892e-05
0.00046129509
2.1948033e-05
0.00045901441
2.1473863e-05
0.00045681177
2.0991867e-05
0.00045468361
2.0521493e-05
0.0004526196
2.0115227e-05
0.00045061512
1.9687837e-05
0.00044867743
1.9127084e-05
0.00044681026
1.8521278e-05
0.00044501068
1.7921837e-05
0.00044329678
1.6994798e-05
0.00044172584
1.5329889e-05
0.00044035816
1.3072984e-05
0.00043920831
1.077564e-05
0.00043827037
8.6309082e-06
0.00043756966
6.3397056e-06
0.00043714782
3.5727301e-06
0.00043700697
7.9713499e-07
0.00043706465
-1.014847e-06
0.00043718545
-1.4245698e-06
0.00043727099
-9.1095805e-07
0.0004372993
-2.8935699e-07
0.00043729575
1.4800284e-08
0.00043728788
3.8518623e-08
0.00043728519
-1.4581971e-08
0.00043728575
-4.0636148e-08
0.0004372865
-3.85425e-08
0.0004372867
-3.3220802e-08
0.00043728647
-3.016871e-08
-3.1761962e-08
0.00056712752
6.6753182e-06
0.00056736576
9.1129003e-06
0.00056767777
1.0964425e-05
0.00056794993
1.1715656e-05
0.00056811941
1.1554456e-05
0.00056818892
1.1079796e-05
0.00056820662
1.0856099e-05
0.00056822069
1.1096201e-05
0.00056825073
1.1664572e-05
0.00056829554
1.233713e-05
0.00056834831
1.2990652e-05
0.00056840337
1.3601394e-05
0.00056845756
1.4179217e-05
0.00056850956
1.4733444e-05
0.00056855857
1.5265976e-05
0.000568604
1.5779497e-05
0.0005686458
1.6281945e-05
0.00056868437
1.6783169e-05
0.00056871997
1.7287241e-05
0.00056875264
1.7794221e-05
0.00056878259
1.8307199e-05
0.00056880977
1.8828037e-05
0.00056883458
1.9363287e-05
0.00056885739
1.991756e-05
0.00056887837
2.0490499e-05
0.00056889768
2.1081968e-05
0.00056891523
2.1690781e-05
0.00056893122
2.2320968e-05
0.00056894579
2.2975451e-05
0.0005689591
2.365523e-05
0.00056897122
2.4360219e-05
0.00056898208
2.508875e-05
0.00056899178
2.5844843e-05
0.00056900034
2.6629619e-05
0.00056900783
2.7445284e-05
0.00056901407
2.8289687e-05
0.00056901897
2.9164819e-05
0.00056902228
3.007295e-05
0.00056902356
3.1014846e-05
0.00056902198
3.1989846e-05
0.00056901606
3.2999636e-05
0.00056900267
3.4046269e-05
0.00056897444
3.5128187e-05
0.00056891192
3.6243499e-05
0.00056876345
3.7388e-05
0.00056839313
3.8546793e-05
0.00056752088
3.9673304e-05
0.00056575108
4.0648774e-05
0.00056290508
4.1261535e-05
0.00055923247
4.1272191e-05
0.00055518415
4.0730248e-05
0.00055104723
3.9865431e-05
0.00054684748
3.8906832e-05
0.00054259751
3.7915545e-05
0.00053830178
3.6851813e-05
0.00053399117
3.5756031e-05
0.00052974967
3.4598047e-05
0.00052562126
3.3434708e-05
0.00052164255
3.2293915e-05
0.00051783091
3.1197881e-05
0.00051419108
3.0157746e-05
0.00051071989
2.9186632e-05
0.00050740914
2.8282079e-05
0.00050424908
2.7434739e-05
0.00050122819
2.6653949e-05
0.00049833513
2.5933514e-05
0.00049556155
2.5244253e-05
0.00049289801
2.4611096e-05
0.00049033466
2.4036686e-05
0.00048786619
2.3460252e-05
0.00048548837
2.289903e-05
0.00048319129
2.2411515e-05
0.00048096976
2.1908914e-05
0.00047882913
2.1267641e-05
0.00047677234
2.0577386e-05
0.00047479393
1.9898926e-05
0.00047290956
1.8878304e-05
0.00047117851
1.7060618e-05
0.00046966574
1.4584529e-05
0.00046838937
1.2047146e-05
0.0004673443
9.6652766e-06
0.00046656014
7.1135411e-06
0.00046608376
4.0412396e-06
0.00046591702
9.5960791e-07
0.00046597127
-1.0703738e-06
0.00046609902
-1.5526874e-06
0.0004661916
-1.0035008e-06
0.0004662231
-3.2149328e-07
0.00046621977
1.7468377e-08
0.00046621132
4.6759025e-08
0.00046620833
-1.1108637e-08
0.00046620889
-4.0151853e-08
0.00046620971
-3.801737e-08
0.00046620993
-3.2013612e-08
0.00046620969
-2.8474043e-08
-3.0012419e-08
0.00059903538
6.6063536e-06
0.00059926635
8.8819541e-06
0.0005995729
1.0657892e-05
0.00059984466
1.1443919e-05
0.00060001875
1.1380392e-05
0.00060009569
1.100288e-05
0.00060012022
1.0831603e-05
0.00060013901
1.1077445e-05
0.00060017234
1.163127e-05
0.00060021975
1.228975e-05
0.00060027485
1.2935579e-05
0.00060033232
1.354396e-05
0.00060038902
1.4122552e-05
0.00060044355
1.4678955e-05
0.00060049502
1.5214536e-05
0.00060054284
1.5731713e-05
0.00060058691
1.6237916e-05
0.0006006276
1.6742512e-05
0.00060066519
1.7249682e-05
0.00060069972
1.7759726e-05
0.00060073138
1.8275562e-05
0.00060076016
1.8799281e-05
0.00060078643
1.933704e-05
0.00060081059
1.9893419e-05
0.00060083281
2.0468286e-05
0.00060085325
2.1061532e-05
0.00060087185
2.167219e-05
0.00060088877
2.2304035e-05
0.00060090421
2.2960009e-05
0.0006009183
2.3641128e-05
0.00060093114
2.4347368e-05
0.00060094266
2.5077227e-05
0.00060095299
2.5834503e-05
0.00060096218
2.6620426e-05
0.00060097034
2.7437114e-05
0.00060097738
2.8282638e-05
0.00060098328
2.9158902e-05
0.000600988
3.0068198e-05
0.00060099142
3.1011377e-05
0.00060099322
3.1987981e-05
0.0006009929
3.2999871e-05
0.00060098968
3.4049392e-05
0.00060098186
3.5135892e-05
0.00060096578
3.6259459e-05
0.00060093293
3.7420731e-05
0.00060086022
3.8619384e-05
0.0006006863
3.9847091e-05
0.00060024989
4.1085033e-05
0.00059923204
4.2279182e-05
0.00059722112
4.3282881e-05
0.00059409269
4.3858417e-05
0.00059017899
4.377883e-05
0.00058594043
4.3145145e-05
0.00058162684
4.2228773e-05
0.00057725466
4.1223639e-05
0.0005728267
4.0183617e-05
0.00056834895
3.9075287e-05
0.00056386328
3.7919974e-05
0.00055945005
3.6706625e-05
0.00055515738
3.5489966e-05
0.000551021
3.4293683e-05
0.000547058
3.3149018e-05
0.00054327268
3.2066784e-05
0.00053966151
3.1045528e-05
0.00053621647
3.0098386e-05
0.00053292543
2.9223993e-05
0.00052977882
2.8390642e-05
0.00052676537
2.7624053e-05
0.00052387316
2.6928317e-05
0.00052109517
2.6238155e-05
0.00051842591
2.5568028e-05
0.00051585493
2.4981633e-05
0.0005133757
2.4387652e-05
0.00051099401
2.3649296e-05
0.00050871408
2.28566e-05
0.00050652863
2.208294e-05
0.00050445094
2.0955124e-05
0.00050253987
1.8971605e-05
0.00050086326
1.626013e-05
0.00049944332
1.3462205e-05
0.00049827613
1.0821787e-05
0.00049739614
7.9830971e-06
0.00049685658
4.5729373e-06
0.00049665922
1.1529306e-06
0.00049670833
-1.1203053e-06
0.00049684301
-1.6871581e-06
0.00049694306
-1.1028726e-06
0.00049697809
-3.5649262e-07
0.00049697506
2.0516604e-08
0.000496966
5.6337112e-08
0.00049696269
-6.517841e-09
0.00049696325
-3.8805103e-08
0.00049696413
-3.6642134e-08
0.00049696438
-2.9877326e-08
0.00049696413
-2.5780324e-08
-2.7217664e-08
0.00063273784
6.537408e-06
0.00063296108
8.6587439e-06
0.00063326117
1.0357828e-05
0.00063353185
1.117326e-05
0.00063371026
1.120201e-05
0.00063379469
1.0918478e-05
0.00063382636
1.0799966e-05
0.00063385022
1.1053609e-05
0.00063388711
1.1594418e-05
0.00063393728
1.223961e-05
0.00063399487
1.2878028e-05
0.00063405484
1.3484021e-05
0.00063411415
1.4063281e-05
0.0006341713
1.4621844e-05
0.00063422535
1.5160521e-05
0.00063427567
1.5681435e-05
0.00063432212
1.6191506e-05
0.00063436505
1.6699617e-05
0.00063440474
1.7210027e-05
0.00063444122
1.7723273e-05
0.0006344747
1.8242115e-05
0.00063450516
1.8768841e-05
0.00063453298
1.9309241e-05
0.00063455857
1.9867848e-05
0.00063458211
2.0444756e-05
0.00063460376
2.1039889e-05
0.00063462346
2.1652488e-05
0.00063464141
2.228609e-05
0.00063465777
2.2943642e-05
0.0006346727
2.3626186e-05
0.0006346863
2.4333755e-05
0.00063469851
2.5065014e-05
0.00063470947
2.5823536e-05
0.00063471923
2.6610654e-05
0.00063472795
2.7428392e-05
0.00063473554
2.8275035e-05
0.00063474205
2.9152373e-05
0.0006347475
3.0062713e-05
0.00063475189
3.1006942e-05
0.00063475509
3.1984707e-05
0.00063475698
3.29979e-05
0.00063475732
3.4048943e-05
0.00063475556
3.5137534e-05
0.00063475072
3.6264165e-05
0.00063474096
3.7430373e-05
0.00063472198
3.8638239e-05
0.0006346836
3.9885336e-05
0.00063459754
4.1170925e-05
0.00063438953
4.2486988e-05
0.00063386444
4.3807723e-05
0.00063265668
4.5065897e-05
0.00063035327
4.6081921e-05
0.00062690698
4.659116e-05
0.00062273577
4.6399618e-05
0.0006182991
4.5659935e-05
0.00061379737
4.4684959e-05
0.00060923786
4.3634245e-05
0.00060461691
4.2540494e-05
0.00059994396
4.1379047e-05
0.00059527373
4.0159558e-05
0.00059068116
3.8885802e-05
0.00058621895
3.7610579e-05
0.0005819202
3.6364879e-05
0.00057780183
3.5163505e-05
0.00057386897
3.4030609e-05
0.00057011445
3.2977897e-05
0.00056653171
3.1973173e-05
0.00056310912
3.104613e-05
0.00055983338
3.0203434e-05
0.00055669535
2.9376094e-05
0.00055368773
2.8575395e-05
0.00055079863
2.7869814e-05
0.00054801938
2.7166368e-05
0.00054535499
2.63137e-05
0.00054281033
2.5400523e-05
0.00054037924
2.4512473e-05
0.00053807453
2.3258962e-05
0.00053595457
2.1091757e-05
0.00053409051
1.8123476e-05
0.00053250711
1.5040674e-05
0.0005312004
1.2117896e-05
0.0005302102
8.9628025e-06
0.00052959725
5.1781392e-06
0.00052936363
1.3829091e-06
0.00052940548
-1.1622866e-06
0.00052954696
-1.8275736e-06
0.00052965493
-1.2092447e-06
0.00052969384
-3.9443447e-07
0.00052969119
2.4127594e-08
0.00052968149
6.7560792e-08
0.00052967784
-4.8442451e-10
0.00052967839
-3.6279341e-08
0.00052967933
-3.4095797e-08
0.00052967961
-2.6475515e-08
0.00052967935
-2.1735602e-08
-2.3015756e-08
0.0006683357
6.4682605e-06
0.00066855086
8.4436043e-06
0.00066884353
1.0065187e-05
0.00066911241
1.0904408e-05
0.00066929479
1.1019661e-05
0.00066938669
1.0826607e-05
0.00066942578
1.076091e-05
0.00066945507
1.1024357e-05
0.00066949576
1.1553762e-05
0.00066954889
1.2186512e-05
0.00066960911
1.2817847e-05
0.00066967171
1.342146e-05
0.00066973372
1.4001304e-05
0.0006697936
1.4562007e-05
0.00066985034
1.5103821e-05
0.00066990327
1.562855e-05
0.00066995221
1.6142603e-05
0.0006699975
1.6654369e-05
0.00067003939
1.7168166e-05
0.00067007794
1.7684755e-05
0.00067011333
1.8206755e-05
0.00067014558
1.8736619e-05
0.00067017505
1.9279798e-05
0.00067020215
1.9840763e-05
0.00067022709
2.0419829e-05
0.00067025002
2.1016962e-05
0.0006702709
2.1631605e-05
0.00067028992
2.2267066e-05
0.00067030727
2.2926288e-05
0.0006703231
2.3610345e-05
0.00067033752
2.4319327e-05
0.00067035046
2.5052063e-05
0.00067036209
2.5811906e-05
0.00067037245
2.6600286e-05
0.0006703817
2.7419131e-05
0.00067038979
2.8266936e-05
0.00067039677
2.9145375e-05
0.0006704027
3.0056744e-05
0.00067040762
3.1001969e-05
0.00067041148
3.1980769e-05
0.0006704143
3.2994994e-05
0.00067041605
3.4047077e-05
0.00067041655
3.5136904e-05
0.00067041552
3.6265072e-05
0.00067041238
3.743338e-05
0.00067040606
3.864442e-05
0.00067039431
3.989694e-05
0.00067037194
4.1193126e-05
0.00067032664
4.2532064e-05
0.00067022303
4.3911078e-05
0.00066996894
4.5319689e-05
0.00066932514
4.6725399e-05
0.00066787503
4.8040959e-05
0.00066522547
4.9048805e-05
0.00066143384
4.9451171e-05
0.00065699477
4.9123617e-05
0.00065234806
4.8280381e-05
0.00064764393
4.724416e-05
0.00064288374
4.6138681e-05
0.00063805642
4.4986202e-05
0.00063317551
4.3766241e-05
0.0006283117
4.2473706e-05
0.00062353189
4.1143978e-05
0.00061889422
3.9800773e-05
0.0006144301
3.8494076e-05
0.00061015196
3.7255358e-05
0.00060606648
3.6058444e-05
0.00060216728
3.4944809e-05
0.00059844341
3.3926609e-05
0.00059488511
3.2934305e-05
0.00059148354
3.1976737e-05
0.00058822507
3.112729e-05
0.00058509836
3.0292504e-05
0.00058210638
2.9305724e-05
0.00057925385
2.8252306e-05
0.00057653507
2.7229562e-05
0.00057396154
2.5831607e-05
0.00057159294
2.3460829e-05
0.00056950643
2.0209633e-05
0.00056773083
1.6811247e-05
0.00056626273
1.3575638e-05
0.00056514559
1.0069488e-05
0.00056444723
5.8689739e-06
0.00056417065
1.6563558e-06
0.00056420263
-1.1935746e-06
0.00056435057
-1.9734926e-06
0.0005644669
-1.3229088e-06
0.00056451005
-4.3553075e-07
0.0005645079
2.8363513e-08
0.00056449755
8.0630389e-08
0.00056449352
7.2057467e-09
0.00056449406
-3.23699e-08
0.00056449508
-3.017289e-08
0.00056449538
-2.1592499e-08
0.00056449512
-1.611283e-08
-1.7164353e-08
0.00070593535
6.3987449e-06
0.00070614225
8.2367409e-06
0.0007064266
9.7808557e-06
0.0007066929
1.063814e-05
0.00070687886
1.0833734e-05
0.00070697817
1.0727334e-05
0.00070702492
1.0714193e-05
0.00070705996
1.0989345e-05
0.0007071047
1.1509062e-05
0.000707161
1.2130256e-05
0.000707224
1.275488e-05
0.00070728934
1.3356164e-05
0.00070735417
1.3936518e-05
0.00070741688
1.4499336e-05
0.00070747642
1.5044323e-05
0.00070753207
1.5572941e-05
0.00070758363
1.6091084e-05
0.00070763139
1.6606651e-05
0.00070767561
1.7123982e-05
0.00070771634
1.7644061e-05
0.00070775375
1.8169374e-05
0.00070778788
1.8702513e-05
0.00070781909
1.9248616e-05
0.00070784779
1.9812073e-05
0.00070787421
2.039342e-05
0.00070789851
2.0992675e-05
0.00070792065
2.1609468e-05
0.00070794081
2.2246896e-05
0.00070795921
2.2907885e-05
0.000707976
2.3593547e-05
0.00070799129
2.4304029e-05
0.00070800502
2.5038325e-05
0.00070801734
2.579957e-05
0.00070802834
2.6589283e-05
0.00070803816
2.7409305e-05
0.00070804675
2.8258333e-05
0.00070805418
2.9137929e-05
0.00070806051
3.0050369e-05
0.00070806582
3.0996606e-05
0.00070807008
3.197643e-05
0.00070807334
3.2991632e-05
0.00070807569
3.4044612e-05
0.00070807709
3.5135367e-05
0.00070807748
3.626455e-05
0.0007080767
3.7434023e-05
0.00070807446
3.8646511e-05
0.00070807007
3.9901179e-05
0.00070806221
4.1200805e-05
0.00070804827
4.2545776e-05
0.00070802187
4.3937201e-05
0.00070796788
4.5373367e-05
0.00070784095
4.6851993e-05
0.0007075242
4.835736e-05
0.0007067236
4.9849035e-05
0.00070496624
5.1208121e-05
0.00070191349
5.2175916e-05
0.00069775587
5.2437411e-05
0.00069304301
5.195653e-05
0.00068817775
5.1003359e-05
0.00068325836
4.9904864e-05
0.00067828376
4.8740349e-05
0.00067323723
4.7519519e-05
0.00066813609
4.6244354e-05
0.00066307021
4.4866249e-05
0.00065809712
4.3466479e-05
0.00065327523
4.2076515e-05
0.00064863834
4.0695127e-05
0.00064419876
3.9383853e-05
0.00063995766
3.8166953e-05
0.00063591001
3.698186e-05
0.00063204848
3.5838075e-05
0.00062835944
3.481526e-05
0.00062482907
3.3822242e-05
0.00062145767
3.2677223e-05
0.00061824901
3.1460217e-05
0.00061519709
3.0279653e-05
0.00061231124
2.871656e-05
0.00060965069
2.6122183e-05
0.00060729831
2.2562051e-05
0.00060529206
1.8812478e-05
0.00060363248
1.5225165e-05
0.00060236463
1.1327058e-05
0.00060156387
6.6626273e-06
0.00060123477
1.983115e-06
0.00060125286
-1.2098254e-06
0.00060140755
-2.1248038e-06
0.00060153399
-1.4452149e-06
0.00060158257
-4.8055512e-07
0.00060158127
3.3274771e-08
0.00060157016
9.6091889e-08
0.00060156562
1.7145405e-08
0.00060156611
-2.656805e-08
0.00060156722
-2.4394073e-08
0.00060156756
-1.4723826e-08
0.00060156729
-8.3774012e-09
-9.1100997e-09
0.0007456492
6.3287609e-06
0.00074584773
8.0382357e-06
0.000746123
9.5056117e-06
0.00074638591
1.0375259e-05
0.00074657499
1.0644694e-05
0.00074668156
1.0620793e-05
0.00074673615
1.0659644e-05
0.00074677727
1.0948266e-05
0.00074682631
1.1460056e-05
0.00074688597
1.2070637e-05
0.00074695193
1.2688959e-05
0.00074702013
1.3288003e-05
0.00074708788
1.3868814e-05
0.00074715354
1.4433724e-05
0.00074721599
1.4981915e-05
0.00074727449
1.551449e-05
0.00074732879
1.603683e-05
0.00074737914
1.6556341e-05
0.0007474258
1.7077359e-05
0.00074746883
1.7601075e-05
0.00074750837
1.8129862e-05
0.0007475445
1.8666414e-05
0.00074757755
1.921559e-05
0.00074760795
1.9781684e-05
0.00074763595
2.036544e-05
0.00074766168
2.0966944e-05
0.00074768515
2.1585999e-05
0.00074770654
2.2225507e-05
0.00074772605
2.2888366e-05
0.00074774385
2.3575731e-05
0.00074776007
2.4287807e-05
0.00074777463
2.5023748e-05
0.00074778772
2.5786481e-05
0.00074779939
2.6577603e-05
0.00074780981
2.7398878e-05
0.00074781894
2.8249198e-05
0.00074782682
2.9130019e-05
0.00074783357
3.0043586e-05
0.00074783922
3.0990886e-05
0.0007478438
3.1971771e-05
0.00074784736
3.2987965e-05
0.00074785001
3.4041831e-05
0.0007478518
3.5133444e-05
0.00074785273
3.6263476e-05
0.00074785281
3.7433796e-05
0.00074785202
3.8647151e-05
0.00074785011
3.9902927e-05
0.0007478467
4.1204016e-05
0.00074784104
4.2551198e-05
0.00074783157
4.3946378e-05
0.00074781524
4.5389365e-05
0.00074778421
4.6882678e-05
0.00074771894
4.842227e-05
0.00074756095
5.0006632e-05
0.00074715582
5.1612813e-05
0.00074614369
5.3187549e-05
0.00074400865
5.4571867e-05
0.00074050338
5.5461254e-05
0.0007359656
5.5540526e-05
0.00073097519
5.4894523e-05
0.00072588206
5.3832948e-05
0.00072073609
5.2664749e-05
0.00071553369
5.1445917e-05
0.00071025687
5.014266e-05
0.00070492176
4.8800876e-05
0.00069963617
4.7361297e-05
0.00069446235
4.5868751e-05
0.00068945501
4.4390656e-05
0.00068464317
4.2977957e-05
0.00068003907
4.1585845e-05
0.00067564568
4.0231319e-05
0.00067145539
3.9004412e-05
0.00066745435
3.7822582e-05
0.00066364139
3.649034e-05
0.00066001939
3.5081465e-05
0.00065658175
3.3715322e-05
0.00065333502
3.1962371e-05
0.00065033632
2.912202e-05
0.00064767319
2.5225623e-05
0.00064539442
2.1086378e-05
0.00064350675
1.7103197e-05
0.00064205728
1.2766587e-05
0.00064113162
7.5818081e-06
0.00064073716
2.3762767e-06
0.00064073598
-1.2053624e-06
0.00064089797
-2.2817421e-06
0.00064103723
-1.578532e-06
0.00064109308
-5.3096596e-07
0.00064109322
3.8669783e-08
0.00064108118
1.1451525e-07
0.00064107591
2.9969551e-08
0.0006410763
-1.8375416e-08
0.00064107751
-1.6319531e-08
0.00064107792
-5.4051214e-09
0.00064107765
1.9691422e-09
1.6739829e-09
0.00078759592
6.2582794e-06
0.00078778612
7.8480652e-06
0.00078805165
9.2401125e-06
0.00078831036
1.0116586e-05
0.00078850202
1.045306e-05
0.00078861567
1.0507181e-05
0.00078867821
1.0597141e-05
0.00078872568
1.0900836e-05
0.00078877929
1.1406487e-05
0.00078884252
1.2007449e-05
0.00078891161
1.2619917e-05
0.0007889828
1.3216851e-05
0.00078905358
1.3798086e-05
0.00078912229
1.436506e-05
0.00078918777
1.4916481e-05
0.00078924924
1.5453074e-05
0.0007893064
1.5979713e-05
0.00078935948
1.6503311e-05
0.00078940871
1.7028171e-05
0.00078945415
1.7555676e-05
0.00078949595
1.80881e-05
0.00078953418
1.8628212e-05
0.00078956918
1.9180614e-05
0.00078960139
1.9749494e-05
0.00078963105
2.0335797e-05
0.00078965831
2.0939682e-05
0.0007896832
2.1561117e-05
0.00078970587
2.2202823e-05
0.00078972657
2.2867661e-05
0.00078974546
2.3556834e-05
0.00078976265
2.4270601e-05
0.00078977811
2.5008277e-05
0.000789792
2.5772588e-05
0.00078980439
2.6565202e-05
0.00078981545
2.738781e-05
0.00078982514
2.8239495e-05
0.00078983353
2.9121613e-05
0.0007898407
3.0036376e-05
0.00078984672
3.09848e-05
0.0007898516
3.1966801e-05
0.00078985541
3.2984035e-05
0.00078985829
3.4038818e-05
0.00078986028
3.5131303e-05
0.00078986145
3.6262162e-05
0.00078986185
3.7433257e-05
0.00078986155
3.8647285e-05
0.00078986047
3.9903829e-05
0.00078985854
4.1205734e-05
0.00078985553
4.2553966e-05
0.00078985099
4.3950607e-05
0.0007898441
4.5395899e-05
0.00078983317
4.6893249e-05
0.00078981433
4.8440736e-05
0.00078977777
5.0042783e-05
0.00078969699
5.1693116e-05
0.00078949486
5.3389156e-05
0.00078896595
5.5100181e-05
0.00078767408
5.6752499e-05
0.00078508364
5.813031e-05
0.00078108386
5.8893567e-05
0.00077615994
5.8756284e-05
0.00077089217
5.7931734e-05
0.00076556154
5.6775662e-05
0.00076017985
5.5523908e-05
0.00075472581
5.4254198e-05
0.00074919227
5.2893959e-05
0.00074361982
5.1440987e-05
0.00073811178
4.9898163e-05
0.00073273516
4.8353671e-05
0.00072753955
4.6781323e-05
0.0007225552
4.5215564e-05
0.00071779296
4.3765458e-05
0.00071324678
4.2367985e-05
0.00070891951
4.0817829e-05
0.00070481549
3.9184749e-05
0.00070092891
3.7599785e-05
0.00069726397
3.5626383e-05
0.00069387435
3.2513152e-05
0.00069085064
2.825023e-05
0.00068825288
2.3679586e-05
0.00068609674
1.9250229e-05
0.00068443229
1.4421671e-05
0.00068335648
8.6520682e-06
0.0006828817
2.8512269e-06
0.00068285513
-1.173549e-06
0.00068302401
-2.4433067e-06
0.00068317785
-1.7240031e-06
0.00068324235
-5.8753115e-07
0.0006832444
4.4718021e-08
0.00068323138
1.3662873e-07
0.00068322524
4.6506841e-08
0.00068322549
-7.0215561e-09
0.00068322683
-5.1983853e-09
0.0006832273
7.146658e-09
0.00068322703
1.5751106e-08
1.6043876e-08
0.00083190092
6.1873356e-06
0.00083208289
7.6661226e-06
0.00083233817
8.9848654e-06
0.00083259186
9.8629304e-06
0.00083278553
1.0259421e-05
0.00083290598
1.0386767e-05
0.00083297653
1.0526635e-05
0.0008330306
1.0846809e-05
0.00083308902
1.1348102e-05
0.00083315603
1.1940488e-05
0.00083322841
1.2547576e-05
0.00083330275
1.3142566e-05
0.00083337667
1.3724216e-05
0.00083344855
1.4293231e-05
0.00083351718
1.4847901e-05
0.00083358174
1.5388571e-05
0.00083364189
1.5919607e-05
0.00083369782
1.6447433e-05
0.00083374975
1.6976289e-05
0.00083379773
1.7507736e-05
0.00083384191
1.8043965e-05
0.00083388236
1.8587787e-05
0.00083391943
1.9143573e-05
0.00083395355
1.9715397e-05
0.00083398497
2.030439e-05
0.00083401386
2.0910795e-05
0.00083404024
2.1534734e-05
0.0008340643
2.2178764e-05
0.00083408625
2.2845697e-05
0.00083410628
2.3536787e-05
0.00083412452
2.425235e-05
0.00083414093
2.4991855e-05
0.00083415567
2.5757841e-05
0.00083416883
2.6552033e-05
0.00083418058
2.7376059e-05
0.00083419088
2.8229186e-05
0.00083419979
2.9112679e-05
0.00083420741
3.0028709e-05
0.00083421382
3.0978326e-05
0.00083421902
3.1961506e-05
0.00083422309
3.2979838e-05
0.00083422618
3.4035588e-05
0.00083422834
3.5128986e-05
0.00083422964
3.6260697e-05
0.00083423018
3.7432576e-05
0.00083423005
3.8647249e-05
0.00083422921
3.9904474e-05
0.00083422773
4.1206993e-05
0.00083422553
4.2555901e-05
0.00083422253
4.3953288e-05
0.00083421849
4.5399561e-05
0.00083421308
4.6898278e-05
0.00083420526
4.8448167e-05
0.00083419297
5.0054637e-05
0.00083417116
5.1714429e-05
0.00083412716
5.3432584e-05
0.00083402442
5.5202297e-05
0.00083375991
5.7016343e-05
0.00083305813
5.8831404e-05
0.00083140194
6.0549037e-05
0.00082827724
6.18803e-05
0.00082375435
6.2453804e-05
0.00081844574
6.2083351e-05
0.00081290344
6.1065726e-05
0.00080732635
5.9830547e-05
0.00080168927
5.8530086e-05
0.00079596625
5.7163794e-05
0.00079016321
5.5700666e-05
0.00078434865
5.4167247e-05
0.0007786136
5.2516214e-05
0.00077303447
5.0794646e-05
0.00076765633
4.9142329e-05
0.00076249932
4.7524142e-05
0.00075758254
4.5734901e-05
0.00075291879
4.3847794e-05
0.0007485086
4.2007709e-05
0.00074435679
3.9777258e-05
0.00074051329
3.6358562e-05
0.00073707033
3.1694577e-05
0.00073409896
2.664686e-05
0.00073162694
2.1713807e-05
0.00072970978
1.6330298e-05
0.0007284552
9.902371e-06
0.00072788232
3.4262297e-06
0.00072782298
-1.1064681e-06
0.00072799721
-2.6073624e-06
0.00072816646
-1.8818452e-06
0.00072824059
-6.5055891e-07
0.00072824498
5.1687615e-08
0.00072823102
1.6310112e-07
0.00072822396
6.7559694e-08
0.00072822405
8.3037646e-09
0.0007282255
9.7888633e-09
0.00072822605
2.3780622e-08
0.00072822578
3.3857644e-08
3.4931037e-08
0.00087869662
6.1160235e-06
0.00087887053
7.4922376e-06
0.00087911519
8.7402361e-06
0.00087936309
9.615069e-06
0.00087955813
1.0064417e-05
0.00087968504
1.0259891e-05
0.00087976358
1.0448142e-05
0.00087982445
1.078598e-05
0.00087988793
1.1284661e-05
0.00087995891
1.1869551e-05
0.00088003477
1.2471766e-05
0.00088011238
1.3065008e-05
0.00088018956
1.3647089e-05
0.00088026472
1.4218124e-05
0.00088033662
1.4776057e-05
0.0008804044
1.5320855e-05
0.00088046768
1.585638e-05
0.00088052659
1.6388572e-05
0.00088058135
1.6921582e-05
0.00088063201
1.7457126e-05
0.00088067869
1.7997327e-05
0.0008807215
1.8545016e-05
0.00088076075
1.910435e-05
0.00088079689
1.9679281e-05
0.00088083018
2.0271113e-05
0.00088086079
2.0880187e-05
0.00088088877
2.150676e-05
0.00088091428
2.2153244e-05
0.00088093757
2.2822395e-05
0.00088095882
2.3515516e-05
0.00088097817
2.4232986e-05
0.00088099559
2.4974422e-05
0.00088101124
2.5742184e-05
0.00088102522
2.6538044e-05
0.00088103769
2.7363579e-05
0.00088104864
2.8218231e-05
0.00088105811
2.9103182e-05
0.00088106622
3.0020555e-05
0.00088107305
3.0971435e-05
0.00088107859
3.1955863e-05
0.00088108294
3.2975358e-05
0.00088108624
3.4032134e-05
0.00088108856
3.5126495e-05
0.00088108998
3.6259104e-05
0.00088109061
3.7431795e-05
0.00088109055
3.8647142e-05
0.00088108977
3.9905048e-05
0.00088108838
4.1208145e-05
0.00088108638
4.2557627e-05
0.00088108378
4.3955548e-05
0.00088108055
4.5402392e-05
0.00088107675
4.6901678e-05
0.00088107206
4.8452435e-05
0.00088106605
5.0060194e-05
0.00088105736
5.1722595e-05
0.00088104348
5.3445855e-05
0.00088101785
5.5227272e-05
0.00088096387
5.7069648e-05
0.00088082976
5.8964777e-05
0.00088047631
6.0901725e-05
0.00087953475
6.2821073e-05
0.00087740913
6.457858e-05
0.0008736779
6.5813728e-05
0.00086862675
6.6116286e-05
0.00086295697
6.5499545e-05
0.00085714199
6.434407e-05
0.00085129462
6.3010928e-05
0.00084538265
6.1612105e-05
0.00083937671
6.0172124e-05
0.00083329456
5.8598171e-05
0.00082723463
5.6854585e-05
0.0008212741
5.5101527e-05
0.00081548895
5.330837e-05
0.00080993024
5.1293977e-05
0.00080463452
4.9142851e-05
0.00079962155
4.7018278e-05
0.00079490476
4.4493111e-05
0.00079053286
4.0732817e-05
0.00078660006
3.5629317e-05
0.00078318883
3.0054654e-05
0.00078034289
2.4552154e-05
0.00077812814
1.8537705e-05
0.00077666172
1.1366329e-05
0.00077596951
4.1231845e-06
0.00077586817
-9.9405296e-07
0.00077604487
-2.7701325e-06
0.00077622947
-2.0510271e-06
0.00077631377
-7.1960798e-07
0.00077632087
6.0224072e-08
0.00077630614
1.9484138e-07
0.0007762982
9.4213758e-08
0.00077629811
2.8773069e-08
0.00077629967
2.9865494e-08
0.0007763003
4.5763607e-08
0.00077630003
5.7605927e-08
5.9704216e-08
0.00092812294
6.0444896e-06
0.00092828901
7.3261987e-06
0.00092852284
8.5064338e-06
0.00092876423
9.3737181e-06
0.00092895994
9.8687465e-06
0.0009290929
1.0126969e-05
0.00092917933
1.0361758e-05
0.00092924715
1.0718198e-05
0.00092931592
1.1215945e-05
0.00092939107
1.1794445e-05
0.00092947058
1.2392312e-05
0.00092955161
1.2984032e-05
0.00092963216
1.3566586e-05
0.00092971072
1.4139625e-05
0.00092978601
1.470083e-05
0.00092985713
1.5249799e-05
0.00092992367
1.5789899e-05
0.0009299857
1.6326591e-05
0.00093004343
1.6863912e-05
0.0009300969
1.7403709e-05
0.00093014621
1.7948054e-05
0.0009301915
1.8499768e-05
0.00093023306
1.9062819e-05
0.00093027134
1.9641027e-05
0.00093030661
2.0235857e-05
0.00093033905
2.0847751e-05
0.00093036872
2.1477096e-05
0.00093039578
2.2126171e-05
0.00093042049
2.279767e-05
0.00093044304
2.3492946e-05
0.00093046357
2.421244e-05
0.00093048207
2.4955911e-05
0.00093049868
2.5725557e-05
0.00093051354
2.6523184e-05
0.00093052678
2.7350324e-05
0.00093053842
2.8206586e-05
0.00093054849
2.9093081e-05
0.00093055713
3.001188e-05
0.00093056439
3.0964101e-05
0.0009305703
3.1949848e-05
0.00093057495
3.2970575e-05
0.00093057848
3.4028438e-05
0.00093058098
3.512382e-05
0.00093058251
3.6257378e-05
0.00093058322
3.7430923e-05
0.00093058321
3.8646988e-05
0.00093058244
3.99056e-05
0.00093058104
4.1209293e-05
0.00093057903
4.2559344e-05
0.00093057646
4.3957755e-05
0.00093057338
4.540506e-05
0.00093056995
4.6904682e-05
0.00093056609
4.8455849e-05
0.00093056181
5.0063997e-05
0.00093055663
5.1727225e-05
0.00093054999
5.3451848e-05
0.00093054037
5.5236205e-05
0.00093052476
5.7084544e-05
0.0009304942
5.8994571e-05
0.00093042627
6.0968847e-05
0.00093024734
6.2999151e-05
0.00092976189
6.5063165e-05
0.00092849283
6.7081931e-05
0.00092578013
6.8828222e-05
0.00092138411
6.98947e-05
0.00091582633
6.9900916e-05
0.00090981482
6.9022148e-05
0.00090371758
6.7708797e-05
0.00089758289
6.63057e-05
0.00089138395
6.4796887e-05
0.00088508756
6.3151023e-05
0.00087871551
6.1472198e-05
0.00087239766
5.9625231e-05
0.0008662176
5.7474466e-05
0.00086025986
5.5099986e-05
0.00085458367
5.2691954e-05
0.00084922689
4.9848991e-05
0.00084424592
4.5716611e-05
0.00083974163
4.0136195e-05
0.00083581079
3.398286e-05
0.00083251949
2.7836912e-05
0.00082995197
2.109952e-05
0.00082823481
1.3083482e-05
0.00082739854
4.9676899e-06
0.00082724336
-8.2345906e-07
0.00082741802
-2.9259678e-06
0.00082761682
-2.2292632e-06
0.00082771138
-7.9351475e-07
0.0008277215
7.1291325e-08
0.00082770626
2.3291631e-07
0.00082769755
1.2774286e-07
0.00082769729
5.5825176e-08
0.00082769896
5.6561065e-08
0.00082769964
7.4683072e-08
0.00082769938
8.8641386e-08
9.2079994e-08
0.00098032759
5.9729093e-06
0.00098048614
7.1676803e-06
0.00098070907
8.2835403e-06
0.0009809433
9.1395161e-06
0.00098113895
9.6731395e-06
0.00098127746
9.9884948e-06
0.00098137161
1.0267653e-05
0.00098144649
1.0643364e-05
0.00098152073
1.1141758e-05
0.00098160024
1.1714984e-05
0.00098168356
1.2309049e-05
0.00098176816
1.2899492e-05
0.00098185221
1.3482587e-05
0.00098193428
1.4057622e-05
0.00098201307
1.46221e-05
0.00098208766
1.5175277e-05
0.00098215759
1.5720032e-05
0.00098222289
1.6261353e-05
0.00098228372
1.6803139e-05
0.00098234013
1.7347348e-05
0.00098239223
1.7896008e-05
0.00098244013
1.8451911e-05
0.00098248413
1.9018849e-05
0.00098252467
1.9600512e-05
0.00098256204
2.0198506e-05
0.00098259642
2.0813379e-05
0.00098262787
2.144564e-05
0.00098265658
2.209745e-05
0.0009826828
2.2771434e-05
0.00098270674
2.3468995e-05
0.00098272852
2.4190636e-05
0.00098274816
2.4936255e-05
0.00098276581
2.5707898e-05
0.00098278159
2.6507395e-05
0.00098279566
2.7336243e-05
0.00098280803
2.8194207e-05
0.00098281875
2.9082338e-05
0.00098282794
3.0002649e-05
0.00098283568
3.0956291e-05
0.00098284198
3.1943434e-05
0.00098284694
3.2965466e-05
0.00098285073
3.4024484e-05
0.00098285341
3.5120946e-05
0.00098285508
3.6255509e-05
0.00098285586
3.7429956e-05
0.00098285589
3.8646786e-05
0.00098285513
3.990614e-05
0.0009828537
4.1210463e-05
0.00098285162
4.2561106e-05
0.00098284898
4.3960016e-05
0.00098284583
4.5407771e-05
0.00098284239
4.6907676e-05
0.00098283864
4.8459131e-05
0.00098283472
5.0067408e-05
0.00098283041
5.1730956e-05
0.00098282564
5.3455934e-05
0.00098282
5.5241118e-05
0.00098281291
5.709088e-05
0.00098280244
5.9004233e-05
0.00098278477
6.0985661e-05
0.0009827478
6.3035224e-05
0.00098265887
6.5151184e-05
0.00098241498
6.7324917e-05
0.00098173043
6.9511905e-05
0.00098001142
7.1612871e-05
0.00097661408
7.3297458e-05
0.00097153544
7.4100353e-05
0.00096548398
7.3759628e-05
0.00095913873
7.2649883e-05
0.00095275578
7.1179576e-05
0.00094632617
6.9580697e-05
0.00093980989
6.7987039e-05
0.00093320022
6.623385e-05
0.00092655629
6.4118907e-05
0.00092001154
6.1644169e-05
0.00091367863
5.902227e-05
0.00090764177
5.5885044e-05
0.00090198533
5.1376424e-05
0.00089682741
4.5297445e-05
0.00089228773
3.8520899e-05
0.00088846676
3.1652707e-05
0.00088547938
2.4083411e-05
0.00088346605
1.5100247e-05
0.00088245755
5.989129e-06
0.00088223352
-5.7819797e-07
0.00088239955
-3.0666839e-06
0.00088261009
-2.4124247e-06
0.00088271439
-8.7000001e-07
0.00088272772
8.6526624e-08
0.00088271235
2.7886312e-07
0.00088270308
1.6991527e-07
0.00088270272
9.1488199e-08
0.00088270446
9.2057272e-08
0.0008827052
1.1280981e-07
0.00088270493
1.2931458e-07
1.3450157e-07
0.0010354668
5.9014641e-06
0.0010356181
7.0163798e-06
0.0010358301
8.0715436e-06
0.0010360567
8.9129999e-06
0.0010362515
9.47835e-06
0.001036395
9.845038e-06
0.0010364966
1.0166079e-05
0.0010365786
1.056145e-05
0.0010366585
1.1061941e-05
0.0010367425
1.1631e-05
0.0010368298
1.2221817e-05
0.0010369181
1.2811246e-05
0.0010370058
1.3394969e-05
0.0010370915
1.3972002e-05
0.0010371739
1.453975e-05
0.0010372521
1.5097164e-05
0.0010373255
1.5646645e-05
0.0010373942
1.6192716e-05
0.0010374583
1.6739121e-05
0.0010375178
1.7287898e-05
0.0010375728
1.7841045e-05
0.0010376235
1.8401305e-05
0.0010376701
1.8972306e-05
0.001037713
1.9557607e-05
0.0010377526
2.0158936e-05
0.001037789
2.0776955e-05
0.0010378224
2.1412283e-05
0.0010378528
2.2066979e-05
0.0010378806
2.2743592e-05
0.001037906
2.3443574e-05
0.0010379292
2.4167494e-05
0.00103795
2.4915379e-05
0.0010379688
2.5689139e-05
0.0010379855
2.6490616e-05
0.0010380005
2.732128e-05
0.0010380136
2.8181045e-05
0.0010380251
2.9070908e-05
0.0010380348
2.9992823e-05
0.0010380431
3.0947972e-05
0.0010380498
3.1936591e-05
0.0010380551
3.2960006e-05
0.0010380592
3.402025e-05
0.001038062
3.5117857e-05
0.0010380639
3.6253485e-05
0.0010380647
3.7428886e-05
0.0010380648
3.864653e-05
0.0010380641
3.9906665e-05
0.0010380626
4.121166e-05
0.0010380604
4.2562927e-05
0.0010380577
4.3962362e-05
0.0010380544
4.5410585e-05
0.0010380508
4.6910771e-05
0.001038047
4.8462491e-05
0.001038043
5.0070834e-05
0.0010380388
5.1734567e-05
0.0010380344
5.3459625e-05
0.0010380297
5.5245067e-05
0.0010380246
5.7095122e-05
0.0010380188
5.9009225e-05
0.0010380114
6.0992142e-05
0.0010380002
6.3045499e-05
0.0010379796
6.5170777e-05
0.0010379339
6.7369741e-05
0.0010378124
6.9632394e-05
0.0010374674
7.1957008e-05
0.0010364984
7.4265664e-05
0.0010341947
7.640335e-05
0.0010300095
7.7944053e-05
0.001024256
7.8402528e-05
0.0010177503
7.7685031e-05
0.0010110732
7.6257806e-05
0.0010043903
7.4668473e-05
0.00099765226
7.2970748e-05
0.00099082014
7.0951591e-05
0.0009839168
6.8546979e-05
0.00097706516
6.5871274e-05
0.00097039939
6.2550152e-05
0.00096406055
5.7719276e-05
0.00095819568
5.11665e-05
0.00095296589
4.3750197e-05
0.00094852712
3.6087996e-05
0.00094504501
2.756501e-05
0.00094268482
1.7468592e-05
0.00094147316
7.2201337e-06
0.00094116223
-2.3823536e-07
0.00094131062
-3.1810568e-06
0.00094152863
-2.5939828e-06
0.00094164127
-9.4526971e-07
0.00094165778
1.0845428e-07
0.00094164274
3.3481673e-07
0.00094163328
2.2310139e-07
0.00094163289
1.3849956e-07
0.0009416347
1.393273e-07
0.00094163545
1.6324759e-07
0.00094163519
1.8283877e-07
1.9031268e-07
0.0010937054
5.8304197e-06
0.0010938496
6.8721824e-06
0.001094051
7.8702114e-06
0.0010942694
8.6945855e-06
0.0010944627
9.2851266e-06
0.0010946106
9.6972343e-06
0.0010947193
1.0057369e-05
0.0010948083
1.047249e-05
0.001094894
1.0976371e-05
0.0010949827
1.1542339e-05
0.0010950741
1.2130468e-05
0.0010951662
1.2719152e-05
0.0010952577
1.3303612e-05
0.0010953471
1.3882652e-05
0.0010954332
1.4453663e-05
0.0010955151
1.5015332e-05
0.0010955923
1.5569603e-05
0.0010956645
1.612054e-05
0.001095732
1.6671711e-05
0.0010957947
1.7225214e-05
0.0010958528
1.7783017e-05
0.0010959064
1.8347805e-05
0.0010959556
1.8923048e-05
0.0010960011
1.9512176e-05
0.001096043
2.0117019e-05
0.0010960816
2.0738357e-05
0.001096117
2.1376911e-05
0.0010961493
2.203465e-05
0.0010961789
2.2714045e-05
0.0010962058
2.3416593e-05
0.0010962304
2.4142931e-05
0.0010962525
2.4893207e-05
0.0010962724
2.566921e-05
0.0010962903
2.6472784e-05
0.0010963061
2.7305378e-05
0.0010963201
2.8167047e-05
0.0010963323
2.9058744e-05
0.0010963427
2.9982362e-05
0.0010963515
3.093911e-05
0.0010963586
3.1929291e-05
0.0010963643
3.2954169e-05
0.0010963687
3.4015716e-05
0.0010963718
3.5114535e-05
0.0010963737
3.625129e-05
0.0010963747
3.7427703e-05
0.0010963748
3.8646212e-05
0.0010963741
3.9907173e-05
0.0010963726
4.1212883e-05
0.0010963703
4.256481e-05
0.0010963675
4.39648e-05
0.0010963641
4.5413516e-05
0.0010963603
4.6914e-05
0.0010963563
4.8465991e-05
0.0010963522
5.0074391e-05
0.0010963478
5.1738276e-05
0.0010963434
5.3463349e-05
0.0010963387
5.5248901e-05
0.001096334
5.7098955e-05
0.0010963292
5.9013163e-05
0.0010963241
6.0996257e-05
0.0010963183
6.30503e-05
0.0010963107
6.5177399e-05
0.0010962986
6.7380815e-05
0.001096274
6.965603e-05
0.0010962145
7.2015595e-05
0.0010960439
7.4435382e-05
0.0010955464
7.6900079e-05
0.0010941673
7.9322398e-05
0.0010911294
8.1439853e-05
0.0010861057
8.2708683e-05
0.0010796981
8.2664974e-05
0.0010727769
8.1588176e-05
0.0010657914
7.9955171e-05
0.0010588047
7.7938929e-05
0.0010517676
7.5583573e-05
0.0010446646
7.297158e-05
0.0010375703
6.9643945e-05
0.0010306682
6.4626138e-05
0.0010241266
5.7713322e-05
0.001018175
4.9702599e-05
0.0010130528
4.120878e-05
0.0010090087
3.1612607e-05
0.0010062522
2.0239751e-05
0.0010048065
8.6940027e-06
0.0010043893
2.1855794e-07
0.0010045083
-3.2542597e-06
0.0010047271
-2.7641323e-06
0.0010048453
-1.0132308e-06
0.0010048646
1.4092651e-07
0.0010048504
4.038207e-07
0.0010048413
2.905672e-07
0.001004841
2.006308e-07
0.0010048429
2.0249116e-07
0.0010048436
2.3030567e-07
0.0010048434
2.5367571e-07
2.6415114e-07
0.0011552176
5.7599914e-06
0.001155355
6.7348341e-06
0.0011555459
7.6792705e-06
0.001155756
8.4845727e-06
0.001155947
9.094202e-06
0.0011560985
9.5457844e-06
0.001156214
9.9419414e-06
0.0011563099
1.0376597e-05
0.0011564014
1.0884974e-05
0.0011564949
1.1448879e-05
0.0011565906
1.203487e-05
0.0011566867
1.262308e-05
0.001156782
1.3208398e-05
0.0011568752
1.3789466e-05
0.0011569652
1.4363727e-05
0.001157051
1.4929662e-05
0.0011571319
1.5488774e-05
0.0011572078
1.6044683e-05
0.0011572788
1.6600763e-05
0.001157345
1.7159145e-05
0.0011574063
1.7721774e-05
0.0011574629
1.8291262e-05
0.001157515
1.8870928e-05
0.0011575631
1.9464076e-05
0.0011576076
2.0072621e-05
0.0011576485
2.0697458e-05
0.001157686
2.1339404e-05
0.0011577203
2.2000349e-05
0.0011577516
2.2682687e-05
0.0011577802
2.3387954e-05
0.0011578063
2.4116854e-05
0.0011578298
2.4869654e-05
0.001157851
2.5648034e-05
0.0011578699
2.6453829e-05
0.0011578868
2.7288475e-05
0.0011579017
2.8152159e-05
0.0011579146
2.9045798e-05
0.0011579257
2.9971222e-05
0.001157935
3.0929666e-05
0.0011579427
3.1921498e-05
0.0011579488
3.2947928e-05
0.0011579534
3.4010858e-05
0.0011579568
3.5110961e-05
0.0011579589
3.6248909e-05
0.00115796
3.7426395e-05
0.0011579602
3.8645824e-05
0.0011579595
3.9907657e-05
0.0011579579
4.1214127e-05
0.0011579556
4.2566752e-05
0.0011579526
4.3967332e-05
0.0011579491
4.5416569e-05
0.0011579451
4.6917372e-05
0.0011579409
4.8469646e-05
0.0011579366
5.0078109e-05
0.0011579321
5.1742145e-05
0.0011579274
5.3467222e-05
0.0011579226
5.5252851e-05
0.0011579178
5.710283e-05
0.0011579131
5.901698e-05
0.0011579084
6.0999922e-05
0.0011579037
6.3053935e-05
0.0011578988
6.5181273e-05
0.0011578932
6.7385375e-05
0.0011578853
6.9662841e-05
0.0011578722
7.2027759e-05
0.0011578421
7.4464572e-05
0.0011577613
7.698001e-05
0.0011575143
7.9568699e-05
0.0011567809
8.2172569e-05
0.0011548448
8.4644234e-05
0.0011509095
8.6599456e-05
0.0011450109
8.7485235e-05
0.0011380437
8.6921722e-05
0.0011307789
8.5204307e-05
0.0011234946
8.2867282e-05
0.0011162214
8.0242188e-05
0.0011089734
7.6891669e-05
0.0011017723
7.1832771e-05
0.0010947326
6.4759209e-05
0.0010881448
5.6292634e-05
0.0010823473
4.7007302e-05
0.0010777142
3.625437e-05
0.0010745298
2.3447667e-05
0.0010728274
1.0436594e-05
0.0010722874
8.1232117e-07
0.0010723632
-3.2686154e-06
0.0010725731
-2.909089e-06
0.001072692
-1.0647591e-06
0.0010727131
1.8942867e-07
0.0010727006
4.8992424e-07
0.0010726925
3.765426e-07
0.0010726926
2.8277866e-07
0.0010726945
2.8691569e-07
0.0010726952
3.1960785e-07
0.0010726949
3.4765113e-07
3.6207505e-07
0.0012201873
5.6903614e-06
0.0012203181
6.6040242e-06
0.001220499
7.4984317e-06
0.0012207005
8.2831434e-06
0.0012208885
8.9062583e-06
0.0012210429
9.3914357e-06
0.0012211646
9.8202915e-06
0.0012212673
1.0273955e-05
0.0012213646
1.078773e-05
0.001221463
1.1350522e-05
0.0012215631
1.193491e-05
0.0012216633
1.2522912e-05
0.0012217626
1.3109215e-05
0.0012218598
1.3692339e-05
0.0012219537
1.4269834e-05
0.0012220435
1.4840033e-05
0.0012221283
1.5404027e-05
0.001222208
1.5965004e-05
0.0012222827
1.6526129e-05
0.0012223524
1.7089541e-05
0.0012224171
1.7657162e-05
0.0012224769
1.8231522e-05
0.001222532
1.8815796e-05
0.001222583
1.9413161e-05
0.00122263
2.00256e-05
0.0012226734
2.0654123e-05
0.0012227131
2.1299635e-05
0.0012227495
2.1963957e-05
0.0012227828
2.2649406e-05
0.0012228131
2.3357553e-05
0.0012228408
2.408917e-05
0.0012228658
2.4844633e-05
0.0012228883
2.562553e-05
0.0012229084
2.6433678e-05
0.0012229264
2.7270505e-05
0.0012229422
2.813632e-05
0.001222956
2.9032015e-05
0.0012229678
2.9959356e-05
0.0012229778
3.09196e-05
0.0012229859
3.1913179e-05
0.0012229924
3.2941251e-05
0.0012229974
3.4005651e-05
0.001223001
3.5107115e-05
0.0012230034
3.6246327e-05
0.0012230046
3.7424949e-05
0.0012230049
3.8645355e-05
0.0012230041
3.990811e-05
0.0012230025
4.1215389e-05
0.0012230002
4.2568754e-05
0.001222997
4.3969959e-05
0.0012229933
4.5419748e-05
0.0012229892
4.6920893e-05
0.0012229848
4.8473464e-05
0.0012229803
5.0082001e-05
0.0012229756
5.1746192e-05
0.0012229707
5.3471275e-05
0.0012229656
5.5256975e-05
0.0012229607
5.7106864e-05
0.0012229557
5.9020915e-05
0.001222951
6.100362e-05
0.0012229464
6.3057431e-05
0.0012229419
6.5184641e-05
0.0012229375
6.7388648e-05
0.0012229328
6.9666408e-05
0.0012229278
7.2031815e-05
0.0012229201
7.4471236e-05
0.0012229054
7.6993913e-05
0.0012228671
7.9606128e-05
0.0012227523
8.2286621e-05
0.0012223889
8.5007001e-05
0.001221284
8.7703489e-05
0.0012185872
9.0181045e-05
0.0012137027
9.1806293e-05
0.0012070263
9.1881433e-05
0.0011995297
9.0362592e-05
0.0011919301
8.783933e-05
0.0011844683
8.4353667e-05
0.001177114
7.919346e-05
0.0011698702
7.2010096e-05
0.0011628889
6.3277349e-05
0.0011565602
5.3339635e-05
0.0011513991
4.1430792e-05
0.0011478044
2.7077336e-05
0.0011458496
1.2447263e-05
0.0011451819
1.552207e-06
0.0011452017
-3.2068065e-06
0.0011453896
-3.0110945e-06
0.0011455018
-1.0874598e-06
0.0011455229
2.6099603e-07
0.0011455127
5.9785402e-07
0.0011455065
4.8584895e-07
0.0011455074
3.9058699e-07
0.0011455093
3.9879067e-07
0.0011455098
4.3765604e-07
0.0011455095
4.7149868e-07
4.9108659e-07
0.0012888089
5.6217266e-06
0.0012889335
6.479483e-06
0.0012891046
7.3273067e-06
0.0012892975
8.0903665e-06
0.0012894819
8.7219173e-06
0.0012896384
9.2349677e-06
0.0012897657
9.6929958e-06
0.0012898749
1.0164832e-05
0.0012899781
1.0684678e-05
0.0012900814
1.1247212e-05
0.0012901859
1.18305e-05
0.0012902904
1.2418543e-05
0.0012903937
1.300596e-05
0.0012904949
1.3591173e-05
0.001290593
1.4171881e-05
0.0012906868
1.4746331e-05
0.0012907756
1.5315237e-05
0.0012908593
1.5881365e-05
0.0012909379
1.644766e-05
0.0012910112
1.7016247e-05
0.0012910794
1.7589023e-05
0.0012911426
1.8168427e-05
0.0012912009
1.8757495e-05
0.0012912548
1.9359278e-05
0.0012913047
1.9975812e-05
0.0012913506
2.0608213e-05
0.0012913927
2.125747e-05
0.0012914313
2.1925349e-05
0.0012914666
2.2614086e-05
0.0012914989
2.3325281e-05
0.0012915282
2.4059778e-05
0.0012915548
2.4818052e-05
0.0012915787
2.5601613e-05
0.0012916001
2.6412254e-05
0.0012916192
2.7251398e-05
0.0012916361
2.8119467e-05
0.0012916507
2.901734e-05
0.0012916633
2.9946714e-05
0.0012916739
3.0908867e-05
0.0012916827
3.1904295e-05
0.0012916896
3.2934107e-05
0.001291695
3.4000067e-05
0.0012916989
3.5102974e-05
0.0012917014
3.6243524e-05
0.0012917028
3.7423352e-05
0.0012917031
3.8644794e-05
0.0012917024
3.9908525e-05
0.0012917008
4.1216666e-05
0.0012916983
4.2570813e-05
0.0012916951
4.3972681e-05
0.0012916912
4.5423055e-05
0.0012916869
4.6924567e-05
0.0012916823
4.8477451e-05
0.0012916776
5.0086073e-05
0.0012916726
5.1750425e-05
0.0012916675
5.3475521e-05
0.0012916622
5.5261293e-05
0.001291657
5.7111087e-05
0.0012916518
5.9025026e-05
0.0012916469
6.1007469e-05
0.0012916421
6.3061032e-05
0.0012916375
6.5188025e-05
0.0012916332
6.739176e-05
0.0012916291
6.9669409e-05
0.0012916254
7.2034385e-05
0.0012916217
7.4473996e-05
0.0012916173
7.6997389e-05
0.0012916103
7.9612273e-05
0.0012915936
8.2302498e-05
0.0012915437
8.5056124e-05
0.00129137
8.7876425e-05
0.0012908121
9.0738079e-05
0.0012892095
9.3408141e-05
0.0012856002
9.5491096e-05
0.0012796475
9.631241e-05
0.0012722461
9.5238026e-05
0.0012644789
9.2122425e-05
0.0012568198
8.6860337e-05
0.001249366
7.9472018e-05
0.0012421828
7.046489e-05
0.0012355773
5.9951059e-05
0.0012300637
4.6967044e-05
0.0012261681
3.102153e-05
0.0012240207
1.4669264e-05
0.0012232434
2.4241392e-06
0.0012231992
-3.0565442e-06
0.0012233501
-3.0503191e-06
0.0012234456
-1.0668439e-06
0.0012234639
3.6342888e-07
0.0012234566
7.3221695e-07
0.0012234533
6.2311614e-07
0.0012234552
5.294802e-07
0.0012234571
5.4410864e-07
0.0012234575
5.9073153e-07
0.0012234571
6.3172564e-07
6.5795531e-07
0.0013612876
5.5542647e-06
0.0013614062
6.3609456e-06
0.0013615681
7.1654691e-06
0.0013617523
7.906208e-06
0.0013619325
8.5417226e-06
0.0013620904
9.0771719e-06
0.0013622228
9.5606985e-06
0.0013623381
1.0049573e-05
0.0013624469
1.0575921e-05
0.0013625553
1.1138933e-05
0.0013626643
1.1721581e-05
0.001362773
1.2309892e-05
0.0013628805
1.2898542e-05
0.0013629859
1.3485878e-05
0.0013630881
1.4069777e-05
0.001363186
1.4648451e-05
0.0013632791
1.5222282e-05
0.0013633669
1.5793631e-05
0.0013634494
1.6365212e-05
0.0013635266
1.6939113e-05
0.0013635985
1.75172e-05
0.0013636652
1.8101819e-05
0.0013637268
1.8695866e-05
0.0013637839
1.9302271e-05
0.0013638366
1.9923104e-05
0.0013638852
2.0559583e-05
0.0013639299
2.1212773e-05
0.0013639709
2.1884393e-05
0.0013640083
2.2576602e-05
0.0013640426
2.3291024e-05
0.0013640738
2.402857e-05
0.001364102
2.4789811e-05
0.0013641274
2.5576191e-05
0.0013641502
2.6389473e-05
0.0013641705
2.7231078e-05
0.0013641884
2.8101534e-05
0.001364204
2.9001712e-05
0.0013642174
2.9933243e-05
0.0013642287
3.0897422e-05
0.0013642381
3.1894806e-05
0.0013642455
3.292646e-05
0.0013642513
3.3994079e-05
0.0013642554
3.5098515e-05
0.0013642582
3.6240481e-05
0.0013642597
3.7421587e-05
0.0013642602
3.8644132e-05
0.0013642595
3.9908895e-05
0.0013642578
4.1217951e-05
0.0013642553
4.2572927e-05
0.0013642519
4.3975499e-05
0.0013642479
4.5426491e-05
0.0013642435
4.6928398e-05
0.0013642386
4.8481611e-05
0.0013642337
5.0090331e-05
0.0013642285
5.175485e-05
0.0013642231
5.3479966e-05
0.0013642176
5.5265813e-05
0.0013642121
5.7115513e-05
0.0013642067
5.9029331e-05
0.0013642015
6.1011499e-05
0.0013641965
6.3064792e-05
0.0013641917
6.5191544e-05
0.0013641873
6.739496e-05
0.0013641831
6.9672406e-05
0.0013641796
7.2036751e-05
0.0013641764
7.4476109e-05
0.0013641737
7.6999109e-05
0.0013641715
7.9613579e-05
0.0013641689
8.2304279e-05
0.0013641633
8.5060858e-05
0.0013641436
8.7895276e-05
0.0013640725
9.0808252e-05
0.0013638172
9.3662304e-05
0.0013629665
9.6340619e-05
0.0013606034
9.8673601e-05
0.001355902
9.9935873e-05
0.0013491553
9.8873224e-05
0.0013414482
9.4578e-05
0.0013335967
8.7332783e-05
0.0013260332
7.8033069e-05
0.0013191516
6.6840965e-05
0.0013134533
5.2695124e-05
0.0013094383
3.5099506e-05
0.0013072055
1.6997054e-05
0.0013063541
3.3960038e-06
0.0013062436
-2.8122954e-06
0.0013063444
-3.0103136e-06
0.0013064139
-9.8994305e-07
0.0013064266
5.0368388e-07
0.0013064224
8.9707907e-07
0.0013064224
7.9227033e-07
0.0013064256
7.0386252e-07
0.0013064275
7.2764281e-07
0.0013064278
7.8382486e-07
0.0013064273
8.3351993e-07
8.6809079e-07
0.0014378402
5.4881328e-06
0.0014379531
6.248149e-06
0.0014381061
7.0124659e-06
0.0014382819
7.7305442e-06
0.0014384575
8.3661312e-06
0.0014386159
8.9188315e-06
0.0014387526
9.4241034e-06
0.0014388736
9.9286016e-06
0.001438988
1.046163e-05
0.0014391013
1.1025718e-05
0.0014392148
1.1608129e-05
0.0014393279
1.2196902e-05
0.0014394396
1.2786887e-05
0.0014395492
1.3376379e-05
0.0014396557
1.3963436e-05
0.0014397579
1.4546296e-05
0.0014398552
1.512505e-05
0.0014399473
1.5701673e-05
0.0014400339
1.6278642e-05
0.0014401151
1.6857986e-05
0.0014401909
1.7441534e-05
0.0014402612
1.8031535e-05
0.0014403264
1.8630747e-05
0.0014403867
1.9241979e-05
0.0014404425
1.9867319e-05
0.001440494
2.0508081e-05
0.0014405414
2.1165399e-05
0.0014405848
2.1840952e-05
0.0014406246
2.2536826e-05
0.0014406609
2.325466e-05
0.001440694
2.3995434e-05
0.001440724
2.4759808e-05
0.001440751
2.554917e-05
0.0014407752
2.6365249e-05
0.0014407968
2.7209467e-05
0.0014408159
2.8082449e-05
0.0014408325
2.8985066e-05
0.0014408468
2.9918887e-05
0.0014408589
3.0885216e-05
0.0014408689
3.1884669e-05
0.0014408768
3.2918275e-05
0.001440883
3.3987655e-05
0.0014408875
3.5093711e-05
0.0014408905
3.6237178e-05
0.0014408922
3.7419638e-05
0.0014408928
3.8643355e-05
0.0014408921
3.9909208e-05
0.0014408905
4.1219239e-05
0.0014408878
4.2575093e-05
0.0014408844
4.3978413e-05
0.0014408802
4.5430059e-05
0.0014408755
4.693239e-05
0.0014408705
4.8485949e-05
0.0014408653
5.0094782e-05
0.0014408598
5.1759474e-05
0.0014408542
5.348462e-05
0.0014408484
5.5270543e-05
0.0014408427
5.7120149e-05
0.001440837
5.9033837e-05
0.0014408315
6.101572e-05
0.0014408263
6.3068728e-05
0.0014408213
6.5195225e-05
0.0014408166
6.7398303e-05
0.0014408123
6.9675516e-05
0.0014408086
7.2039171e-05
0.0014408054
7.4478177e-05
0.001440803
7.7000572e-05
0.0014408015
7.9614098e-05
0.001440801
8.2303898e-05
0.0014408013
8.5059654e-05
0.001440802
8.789367e-05
0.0014408004
9.0808925e-05
0.0014407806
9.3680894e-05
0.0014406793
9.6440473e-05
0.0014402681
9.9083068e-05
0.001438946
0.00010125608
0.0014358107
0.00010200971
0.0014303047
0.00010009745
0.0014229278
9.471943e-05
0.0014149611
8.6003199e-05
0.0014075864
7.4225978e-05
0.0014015894
5.8730845e-05
0.0013974183
3.9352315e-05
0.0013950979
1.9439561e-05
0.0013941793
4.4641211e-06
0.0013940016
-2.4702621e-06
0.0013940468
-2.8828468e-06
0.0013940866
-8.4968772e-07
0.001394092
6.8678697e-07
0.0013940903
1.0969431e-06
0.0013940933
9.9764335e-07
0.0013940975
9.1791104e-07
0.0013940995
9.5360879e-07
0.0013940996
1.0213104e-06
0.0013940992
1.0814743e-06
1.1262999e-06
0.0015186958
5.4234596e-06
0.0015188032
6.1408313e-06
0.0015189479
6.8678316e-06
0.0015191153
7.563178e-06
0.001519286
8.1955095e-06
0.0015194442
8.7607019e-06
0.0015195844
9.2839584e-06
0.0015197107
9.8024153e-06
0.0015198303
1.0342045e-05
0.0015199485
1.0907653e-05
0.0015200665
1.1490157e-05
0.001520184
1.2079545e-05
0.0015203
1.2670943e-05
0.0015204139
1.326261e-05
0.0015205246
1.3852787e-05
0.0015206312
1.4439777e-05
0.0015207329
1.5023434e-05
0.0015208293
1.5605367e-05
0.0015209203
1.6187812e-05
0.0015210056
1.6772717e-05
0.0015210853
1.7361867e-05
0.0015211595
1.7957412e-05
0.0015212284
1.856197e-05
0.0015212922
1.9178234e-05
0.0015213512
1.9808296e-05
0.0015214057
2.0453549e-05
0.0015214559
2.1115196e-05
0.001521502
2.1794882e-05
0.0015215442
2.249462e-05
0.0015215827
2.3216062e-05
0.0015216179
2.3960251e-05
0.0015216498
2.4727931e-05
0.0015216785
2.5520446e-05
0.0015217042
2.6339488e-05
0.0015217272
2.7186479e-05
0.0015217475
2.8062136e-05
0.0015217652
2.8967334e-05
0.0015217804
2.9903584e-05
0.0015217933
3.0872194e-05
0.001521804
3.1873838e-05
0.0015218125
3.290951e-05
0.0015218192
3.3980761e-05
0.001521824
3.5088535e-05
0.0015218273
3.6233591e-05
0.0015218292
3.7417484e-05
0.0015218298
3.8642451e-05
0.0015218293
3.9909455e-05
0.0015218276
4.1220522e-05
0.0015218249
4.2577307e-05
0.0015218213
4.3981422e-05
0.0015218169
4.5433759e-05
0.001521812
4.6936545e-05
0.0015218068
4.8490469e-05
0.0015218014
5.0099431e-05
0.0015217957
5.1764302e-05
0.0015217898
5.3489487e-05
0.0015217837
5.5275491e-05
0.0015217777
5.7125004e-05
0.0015217717
5.9038554e-05
0.001521766
6.1020141e-05
0.0015217605
6.307285e-05
0.0015217552
6.5199079e-05
0.0015217504
6.7401802e-05
0.0015217458
6.9678762e-05
0.001521742
7.2041696e-05
0.0015217387
7.4480311e-05
0.0015217361
7.700204e-05
0.0015217347
7.9614496e-05
0.0015217345
8.2303135e-05
0.0015217358
8.5057532e-05
0.0015217392
8.7889315e-05
0.0015217463
9.0800784e-05
0.0015217556
9.367032e-05
0.0015217619
9.6432565e-05
0.001521739
9.9104157e-05
0.0015215783
0.00010141473
0.0015209891
0.00010259734
0.0015192363
0.0001018522
0.0015151779
9.878446e-05
0.0015086731
9.250339e-05
0.0015013531
8.1555145e-05
0.0014950428
6.509355e-05
0.0014906142
4.3892386e-05
0.0014881409
2.2076264e-05
0.0014871209
5.6775693e-06
0.0014868585
-1.9979954e-06
0.0014868422
-2.6460576e-06
0.0014868512
-6.2806042e-07
0.0014868488
9.3116736e-07
0.0014868483
1.3514949e-06
0.0014868535
1.2593117e-06
0.0014868586
1.191937e-06
0.0014868607
1.242893e-06
0.0014868608
1.3249433e-06
0.0014868604
1.3983133e-06
1.4562985e-06
0.0016040962
5.3603392e-06
0.0016041984
6.0387298e-06
0.0016043352
6.7310956e-06
0.0016044946
7.4038532e-06
0.00160466
8.0301334e-06
0.0016048173
8.6034926e-06
0.0016049603
9.1410391e-06
0.0016050912
9.6715801e-06
0.0016052158
1.0217477e-05
0.0016053387
1.078488e-05
0.0016054612
1.1367723e-05
0.001605583
1.1957828e-05
0.0016057034
1.2550682e-05
0.0016058216
1.3144526e-05
0.0016059367
1.3737773e-05
0.0016060477
1.4328824e-05
0.0016061539
1.4917342e-05
0.0016062548
1.5504601e-05
0.0016063501
1.609259e-05
0.0016064397
1.668316e-05
0.0016065236
1.7278042e-05
0.0016066018
1.7879285e-05
0.0016066745
1.848937e-05
0.0016067419
1.9110869e-05
0.0016068044
1.9745866e-05
0.0016068621
2.0395825e-05
0.0016069153
2.1062009e-05
0.0016069641
2.1746032e-05
0.0016070089
2.2449843e-05
0.0016070498
2.3175096e-05
0.0016070871
2.3922897e-05
0.001607121
2.4694066e-05
0.0016071515
2.5489913e-05
0.0016071789
2.6312092e-05
0.0016072033
2.7162026e-05
0.0016072249
2.8040513e-05
0.0016072437
2.8948444e-05
0.00160726
2.9887268e-05
0.0016072738
3.0858298e-05
0.0016072852
3.1862262e-05
0.0016072943
3.2900122e-05
0.0016073014
3.397336e-05
0.0016073067
3.5082956e-05
0.0016073103
3.6229696e-05
0.0016073124
3.7415107e-05
0.0016073131
3.8641401e-05
0.0016073126
3.9909625e-05
0.0016073109
4.1221793e-05
0.0016073081
4.2579563e-05
0.0016073044
4.3984524e-05
0.0016072999
4.5437593e-05
0.0016072948
4.6940867e-05
0.0016072894
4.8495174e-05
0.0016072837
5.0104283e-05
0.0016072777
5.1769341e-05
0.0016072715
5.3494576e-05
0.0016072652
5.5280662e-05
0.0016072589
5.7130084e-05
0.0016072526
5.9043487e-05
0.0016072466
6.1024767e-05
0.0016072409
6.3077162e-05
0.0016072354
6.5203111e-05
0.0016072302
6.7405464e-05
0.0016072255
6.9682153e-05
0.0016072215
7.2044337e-05
0.001607218
7.4482531e-05
0.0016072153
7.7003557e-05
0.0016072139
7.961488e-05
0.0016072138
8.2302267e-05
0.0016072152
8.5055165e-05
0.0016072192
8.7884383e-05
0.0016072276
9.0791181e-05
0.0016072404
9.3656171e-05
0.0016072585
9.6412827e-05
0.0016072845
9.9076231e-05
0.0016073093
0.00010138763
0.0016072903
0.00010261379
0.0016070849
0.00010205538
0.0016061842
9.9683789e-05
0.0016035443
9.5140286e-05
0.0015988777
8.6212874e-05
0.0015936385
7.039684e-05
0.0015895069
4.8175551e-05
0.0015870572
2.4746578e-05
0.0015859576
7.0393278e-06
0.0015855894
-1.3459408e-06
0.0015854916
-2.2501809e-06
0.0015854606
-2.851013e-07
0.0015854478
1.2714705e-06
0.001585448
1.6949143e-06
0.001585455
1.6126385e-06
0.0015854609
1.5626317e-06
0.0015854631
1.6335656e-06
0.0015854632
1.7343384e-06
0.0015854629
1.8253349e-06
1.9011556e-06
0.0016942969
5.2988696e-06
0.0016943941
5.9415848e-06
0.0016945235
6.6017907e-06
0.0016946751
7.2522692e-06
0.0016948351
7.8701921e-06
0.0016949908
8.4478533e-06
0.0016951358
8.9961297e-06
0.0016952708
9.5367195e-06
0.0016954
1.0088305e-05
0.0016955274
1.0657601e-05
0.0016956543
1.1240932e-05
0.0016957804
1.1831798e-05
0.0016959051
1.2426107e-05
0.0016960276
1.3022107e-05
0.0016961471
1.3618357e-05
0.0016962626
1.4213379e-05
0.0016963734
1.4806695e-05
0.0016964788
1.5399274e-05
0.0016965786
1.5992855e-05
0.0016966727
1.6589179e-05
0.0016967609
1.7189911e-05
0.0016968433
1.7796997e-05
0.0016969199
1.841278e-05
0.0016969911
1.9039714e-05
0.0016970572
1.9679862e-05
0.0016971183
2.0334744e-05
0.0016971746
2.1005675e-05
0.0016972264
2.1694247e-05
0.0016972739
2.2402345e-05
0.0016973173
2.3131622e-05
0.0016973569
2.388324e-05
0.0016973929
2.465809e-05
0.0016974253
2.5457458e-05
0.0016974544
2.6282956e-05
0.0016974804
2.7136012e-05
0.0016975034
2.8017496e-05
0.0016975235
2.8928317e-05
0.0016975408
2.9869872e-05
0.0016975555
3.084347e-05
0.0016975677
3.1849887e-05
0.0016975775
3.2890064e-05
0.0016975852
3.3965412e-05
0.0016975909
3.5076941e-05
0.0016975948
3.6225468e-05
0.0016975971
3.7412484e-05
0.001697598
3.8640185e-05
0.0016975975
3.9909704e-05
0.0016975958
4.122304e-05
0.001697593
4.2581856e-05
0.0016975892
4.3987716e-05
0.0016975845
4.5441559e-05
0.0016975792
4.6945357e-05
0.0016975735
4.8500068e-05
0.0016975676
5.0109343e-05
0.0016975613
5.1774598e-05
0.0016975549
5.3499892e-05
0.0016975482
5.5286064e-05
0.0016975416
5.7135398e-05
0.0016975351
5.9048644e-05
0.0016975288
6.1029607e-05
0.0016975227
6.3081672e-05
0.001697517
6.5207327e-05
0.0016975116
6.7409296e-05
0.0016975066
6.9685693e-05
0.0016975024
7.20471e-05
0.0016974988
7.4484842e-05
0.001697496
7.7005134e-05
0.0016974945
7.9615264e-05
0.0016974944
8.230133e-05
0.0016974959
8.5052632e-05
0.0016975001
8.7879133e-05
0.0016975092
9.078095e-05
0.0016975229
9.3640998e-05
0.0016975428
9.6391293e-05
0.0016975744
9.9042586e-05
0.0016976213
0.00010133822
0.0016976764
0.00010255585
0.0016977186
0.00010201001
0.001697671
9.9728321e-05
0.0016972426
9.5565222e-05
0.0016959423
8.750548e-05
0.0016938041
7.2560991e-05
0.0016916111
5.0505917e-05
0.0016900353
2.6549705e-05
0.0016891709
8.1843648e-06
0.0016887755
-6.4299863e-07
0.0016886077
-1.7569102e-06
0.0016885399
1.2558036e-07
0.0016885191
1.653192e-06
0.0016885202
2.0726945e-06
0.0016885277
2.0023867e-06
0.0016885332
1.9721429e-06
0.0016885352
2.0645078e-06
0.0016885354
2.1853935e-06
0.0016885351
2.295673e-06
2.3912579e-06
0.0017895677
5.2391237e-06
0.0017896602
5.8491365e-06
0.0017897826
6.4794595e-06
0.0017899269
7.1080955e-06
0.0017900814
7.7157981e-06
0.0017902349
8.294365e-06
0.0017903811
8.8500062e-06
0.0017905194
9.398505e-06
0.0017906528
9.954977e-06
0.0017907844
1.052608e-05
0.0017909155
1.1109941e-05
0.0017910459
1.1701544e-05
0.0017911748
1.2297258e-05
0.0017913017
1.2895356e-05
0.0017914256
1.3494522e-05
0.0017915457
1.4093406e-05
0.0017916611
1.4691433e-05
0.0017917711
1.5289298e-05
0.0017918756
1.5888496e-05
0.0017919742
1.6490642e-05
0.0017920669
1.7097326e-05
0.0017921536
1.7710388e-05
0.0017922344
1.8332035e-05
0.0017923095
1.8964599e-05
0.0017923793
1.9610112e-05
0.0017924439
2.0270135e-05
0.0017925036
2.094603e-05
0.0017925585
2.1639368e-05
0.0017926088
2.2351974e-05
0.0017926549
2.3085495e-05
0.001792697
2.3841143e-05
0.0017927352
2.4619875e-05
0.0017927697
2.542296e-05
0.0017928006
2.6251972e-05
0.0017928283
2.7108337e-05
0.0017928528
2.7992994e-05
0.0017928741
2.8906872e-05
0.0017928926
2.9851322e-05
0.0017929083
3.0827643e-05
0.0017929213
3.1836658e-05
0.0017929318
3.2879287e-05
0.0017929401
3.3956875e-05
0.0017929462
3.5070454e-05
0.0017929505
3.6220873e-05
0.0017929531
3.7409595e-05
0.0017929541
3.8638784e-05
0.0017929538
3.9909678e-05
0.0017929521
4.1224253e-05
0.0017929492
4.258418e-05
0.0017929452
4.3990996e-05
0.0017929403
4.5445657e-05
0.0017929349
4.6950016e-05
0.0017929289
4.8505154e-05
0.0017929227
5.0114615e-05
0.0017929162
5.1780075e-05
0.0017929094
5.3505441e-05
0.0017929025
5.5291703e-05
0.0017928956
5.7140951e-05
0.0017928888
5.9054032e-05
0.0017928821
6.1034666e-05
0.0017928758
6.3086384e-05
0.0017928698
6.5211732e-05
0.0017928642
6.7413301e-05
0.0017928589
6.9689386e-05
0.0017928545
7.204999e-05
0.0017928507
7.4487246e-05
0.0017928478
7.7006769e-05
0.0017928463
7.9615649e-05
0.0017928462
8.2300327e-05
0.0017928478
8.504994e-05
0.0017928523
8.7873582e-05
0.0017928618
9.0770187e-05
0.0017928763
9.3625019e-05
0.0017928972
9.636858e-05
0.0017929306
9.9007075e-05
0.0017929814
0.00010128479
0.0017930454
0.00010248867
0.0017931128
0.00010193925
0.0017931775
9.9660081e-05
0.0017932059
9.5532903e-05
0.0017930823
8.7622671e-05
0.0017927099
7.2931648e-05
0.0017921597
5.1098973e-05
0.0017916043
2.7188022e-05
0.0017911644
8.7308851e-06
0.0017908756
-2.3639839e-07
0.0017907194
-1.4746582e-06
0.0017906552
3.2454859e-07
0.0017906399
1.8124515e-06
0.0017906426
2.2225513e-06
0.0017906482
2.1580204e-06
0.0017906518
2.1377073e-06
0.0017906531
2.2399401e-06
0.0017906533
2.3695008e-06
0.0017906532
2.4877239e-06
2.5914953e-06
0.0018901937
5.1810657e-06
0.0018902818
5.7611249e-06
0.0018903977
6.3636567e-06
0.0018905349
6.9709801e-06
0.0018906838
7.5669946e-06
0.0018908347
8.1435318e-06
0.0018909814
8.7034169e-06
0.0018911223
9.2576375e-06
0.0018912594
9.8179977e-06
0.0018913949
1.0390639e-05
0.00189153
1.0974959e-05
0.0018916644
1.1567202e-05
0.0018917976
1.2164213e-05
0.0018919287
1.276431e-05
0.0018920571
1.3366278e-05
0.0018921817
1.3968891e-05
0.0018923017
1.4571513e-05
0.0018924165
1.5174603e-05
0.0018925257
1.5779418e-05
0.001892629
1.6387433e-05
0.0018927262
1.7000152e-05
0.0018928174
1.7619309e-05
0.0018929025
1.8246972e-05
0.0018929818
1.8885355e-05
0.0018930555
1.9536443e-05
0.0018931238
2.0201827e-05
0.001893187
2.0882905e-05
0.0018932451
2.158123e-05
0.0018932985
2.229857e-05
0.0018933474
2.3036563e-05
0.0018933921
2.3796463e-05
0.0018934327
2.4579289e-05
0.0018934693
2.5386297e-05
0.0018935022
2.6219024e-05
0.0018935316
2.7078896e-05
0.0018935577
2.7966911e-05
0.0018935804
2.8884023e-05
0.0018936001
2.983154e-05
0.0018936169
3.0810749e-05
0.0018936308
3.1822514e-05
0.0018936421
3.2867739e-05
0.0018936509
3.3947705e-05
0.0018936576
3.5063458e-05
0.0018936623
3.6215881e-05
0.0018936651
3.7406415e-05
0.0018936663
3.8637177e-05
0.0018936661
3.9909532e-05
0.0018936644
4.1225418e-05
0.0018936614
4.2586525e-05
0.0018936573
4.399436e-05
0.0018936523
4.5449883e-05
0.0018936466
4.6954845e-05
0.0018936405
4.8510435e-05
0.001893634
5.0120105e-05
0.0018936272
5.1785776e-05
0.0018936201
5.3511231e-05
0.0018936129
5.5297586e-05
0.0018936057
5.7146752e-05
0.0018935985
5.9059656e-05
0.0018935915
6.103995e-05
0.0018935849
6.3091307e-05
0.0018935786
6.5216333e-05
0.0018935727
6.7417486e-05
0.0018935672
6.9693235e-05
0.0018935627
7.205301e-05
0.0018935587
7.4489743e-05
0.0018935557
7.7008464e-05
0.0018935541
7.9616035e-05
0.001893554
8.2299253e-05
0.0018935557
8.5047084e-05
0.0018935604
8.786772e-05
0.0018935704
9.0758884e-05
0.0018935856
9.3608226e-05
0.0018936076
9.63447e-05
0.0018936426
9.8969828e-05
0.0018936959
0.00010122872
0.0018937632
0.00010241803
0.0018938343
0.00010186467
0.0018939106
9.958005e-05
0.0018939997
9.5439559e-05
0.0018940734
8.7542472e-05
0.001894065
7.2933605e-05
0.0018939191
5.1250157e-05
0.0018936521
2.7469269e-05
0.001893349
9.0521504e-06
0.0018931023
2.8819267e-08
0.0018929544
-1.3081816e-06
0.0018928932
4.0702139e-07
0.0018928799
1.8503904e-06
0.0018928829
2.2476584e-06
0.0018928877
2.1846052e-06
0.0018928906
2.1688819e-06
0.0018928917
2.2748965e-06
0.0018928919
2.4070094e-06
0.0018928918
2.526986e-06
2.6325791e-06
0.0019964759
5.1247682e-06
0.0019965599
5.6772977e-06
0.0019966696
6.2539504e-06
0.0019968001
6.8405639e-06
0.0019969435
7.4237673e-06
0.0019970913
7.9957811e-06
0.0019972377
8.5570689e-06
0.0019973806
9.114835e-06
0.0019975208
9.6779263e-06
0.0019976599
1.0251665e-05
0.0019977987
1.0836249e-05
0.001997937
1.1428956e-05
0.0019980743
1.2027093e-05
0.0019982096
1.2629043e-05
0.0019983423
1.3233664e-05
0.0019984715
1.3839844e-05
0.0019985962
1.4446917e-05
0.0019987157
1.505514e-05
0.0019988297
1.5665541e-05
0.0019989377
1.6279445e-05
0.0019990397
1.6898263e-05
0.0019991355
1.7523616e-05
0.001999225
1.8157437e-05
0.0019993086
1.8801816e-05
0.0019993864
1.9458684e-05
0.0019994586
2.0129647e-05
0.0019995255
2.0816129e-05
0.001999587
2.1519665e-05
0.0019996436
2.2241972e-05
0.0019996955
2.2984671e-05
0.001999743
2.3749054e-05
0.001999786
2.4536193e-05
0.001999825
2.5347339e-05
0.00199986
2.6183994e-05
0.0019998913
2.7047578e-05
0.001999919
2.7939147e-05
0.0019999432
2.8859678e-05
0.0019999642
2.9810443e-05
0.001999982
3.0792714e-05
0.0019999969
3.180739e-05
0.002000009
3.2855363e-05
0.0020000186
3.3937851e-05
0.0020000258
3.5055911e-05
0.0020000309
3.6210456e-05
0.002000034
3.7402909e-05
0.0020000355
3.8635346e-05
0.0020000353
3.9909249e-05
0.0020000336
4.122652e-05
0.0020000306
4.2588881e-05
0.0020000264
4.3997802e-05
0.0020000213
4.5454238e-05
0.0020000154
4.6959845e-05
0.002000009
4.8515911e-05
0.0020000022
5.0125814e-05
0.0019999951
5.1791707e-05
0.0019999877
5.3517264e-05
0.0019999802
5.530372e-05
0.0019999726
5.7152806e-05
0.0019999651
5.9065524e-05
0.0019999578
6.1045466e-05
0.0019999509
6.3096444e-05
0.0019999443
6.5221133e-05
0.0019999382
6.7421856e-05
0.0019999324
6.9697243e-05
0.0019999276
7.2056163e-05
0.0019999235
7.4492335e-05
0.0019999203
7.7010218e-05
0.0019999187
7.9616419e-05
0.0019999186
8.2298103e-05
0.0019999204
8.5044053e-05
0.0019999254
8.786153e-05
0.0019999359
9.0747023e-05
0.0019999518
9.3590589e-05
0.001999975
9.6319607e-05
0.0020000117
9.8930779e-05
0.0020000674
0.00010117007
0.0020001377
0.00010234417
0.0020002119
0.00010178682
0.0020002918
9.9496219e-05
0.0020003902
9.5336629e-05
0.0020004917
8.7433909e-05
0.0020005364
7.2882295e-05
0.0020004523
5.1331379e-05
0.0020002316
2.7689908e-05
0.0019999493
9.3341873e-06
0.0019997055
2.70667e-07
0.0019995544
-1.1617375e-06
0.0019994903
4.6790185e-07
0.001999476
1.8638678e-06
0.0019994789
2.2465009e-06
0.0019994837
2.1837384e-06
0.0019994865
2.1715541e-06
0.0019994877
2.2801805e-06
0.0019994879
2.4136061e-06
0.0019994878
2.5340376e-06
2.6401283e-06
0.0021087324
5.0702157e-06
0.0021088123
5.597409e-06
0.0021089164
6.1499277e-06
0.0021090406
6.7164848e-06
0.0021091784
7.2860529e-06
0.0021093228
7.8514629e-06
0.0021094684
8.4116139e-06
0.0021096125
8.9708126e-06
0.0021097552
9.5353606e-06
0.0021098973
1.0109593e-05
0.0021100396
1.0694129e-05
0.0021101816
1.1287042e-05
0.0021103227
1.1886066e-05
0.0021104622
1.2489666e-05
0.0021105992
1.3096752e-05
0.0021107328
1.3706307e-05
0.0021108621
1.4317655e-05
0.0021109865
1.4930884e-05
0.0021111053
1.5546808e-05
0.0021112182
1.6166594e-05
0.002111325
1.6791548e-05
0.0021114255
1.7423178e-05
0.0021115197
1.8063282e-05
0.0021116078
1.8713823e-05
0.0021116898
1.9376669e-05
0.0021117661
2.0053423e-05
0.0021118368
2.074553e-05
0.0021119019
2.1454505e-05
0.0021119619
2.2182015e-05
0.002112017
2.292966e-05
0.0021120673
2.3698763e-05
0.002112113
2.4490443e-05
0.0021121544
2.530595e-05
0.0021121916
2.6146753e-05
0.0021122248
2.7014267e-05
0.0021122543
2.7909595e-05
0.0021122801
2.8833741e-05
0.0021123025
2.9787945e-05
0.0021123215
3.0773462e-05
0.0021123375
3.179122e-05
0.0021123505
3.2842101e-05
0.0021123608
3.3927264e-05
0.0021123686
3.504777e-05
0.0021123741
3.6204561e-05
0.0021123776
3.7399048e-05
0.0021123792
3.8633266e-05
0.0021123791
3.9908808e-05
0.0021123775
4.1227547e-05
0.0021123745
4.2591236e-05
0.0021123702
4.4001316e-05
0.0021123649
4.5458716e-05
0.0021123588
4.6965013e-05
0.0021123521
4.8521585e-05
0.0021123451
5.0131744e-05
0.0021123376
5.179787e-05
0.0021123299
5.3523549e-05
0.0021123221
5.5310109e-05
0.0021123142
5.715912e-05
0.0021123063
5.9071641e-05
0.0021122987
6.105122e-05
0.0021122915
6.3101803e-05
0.0021122846
6.5226139e-05
0.0021122782
6.7426415e-05
0.0021122722
6.9701415e-05
0.0021122672
7.2059453e-05
0.0021122628
7.4495022e-05
0.0021122596
7.7012031e-05
0.0021122578
7.96168e-05
0.0021122577
8.229687e-05
0.0021122597
8.5040837e-05
0.002112265
8.7854998e-05
0.002112276
9.0734582e-05
0.0021122927
9.3572073e-05
0.002112317
9.6293252e-05
0.0021123554
9.8889865e-05
0.0021124136
0.00010110877
0.0021124871
0.00010226703
0.0021125646
0.00010170543
0.0021126481
9.9408595e-05
0.0021127509
9.5228999e-05
0.0021128589
8.7318344e-05
0.0021129116
7.2822915e-05
0.0021128335
5.1404518e-05
0.0021126131
2.7907493e-05
0.0021123256
9.617755e-06
0.0021120742
5.1589279e-07
0.0021119171
-1.0140629e-06
0.0021118498
5.2698552e-07
0.0021118344
1.8732895e-06
0.0021118372
2.2402514e-06
0.0021118421
2.1774585e-06
0.002111845
2.1686895e-06
0.0021118463
2.2797794e-06
0.0021118465
2.4143221e-06
0.0021118465
2.5349696e-06
2.6413325e-06
0.0022272987
5.0173805e-06
0.002227375
5.5212162e-06
0.0022274739
6.0511974e-06
0.0022275921
6.5983848e-06
0.0022277245
7.1537497e-06
0.0022278652
7.7108552e-06
0.0022280092
8.2676421e-06
0.0022281539
8.8262701e-06
0.0022282984
9.3909283e-06
0.0022284432
9.9649145e-06
0.0022285885
1.0548971e-05
0.0022287339
1.1141746e-05
0.0022288787
1.1741351e-05
0.0022290221
1.2346337e-05
0.0022291633
1.2955653e-05
0.0022293014
1.3568354e-05
0.0022294353
1.4183766e-05
0.0022295645
1.4801838e-05
0.0022296882
1.5423186e-05
0.002229806
1.6048815e-05
0.0022299177
1.6679915e-05
0.0022300231
1.731788e-05
0.0022301221
1.796437e-05
0.0022302147
1.8621224e-05
0.0022303012
1.9290233e-05
0.0022303817
1.9972988e-05
0.0022304563
2.0670938e-05
0.0022305253
2.1385578e-05
0.0022305888
2.2118529e-05
0.0022306471
2.2871366e-05
0.0022307005
2.3645433e-05
0.002230749
2.4441891e-05
0.002230793
2.5261992e-05
0.0022308325
2.6107173e-05
0.0022308679
2.6978843e-05
0.0022308992
2.7878146e-05
0.0022309267
2.8806113e-05
0.0022309505
2.9763956e-05
0.0022309709
3.0752912e-05
0.0022309879
3.1773931e-05
0.0022310019
3.2827889e-05
0.0022310129
3.3915889e-05
0.0022310214
3.5038988e-05
0.0022310274
3.6198157e-05
0.0022310313
3.7394798e-05
0.0022310332
3.8630912e-05
0.0022310332
3.9908184e-05
0.0022310317
4.1228483e-05
0.0022310286
4.2593583e-05
0.0022310242
4.4004893e-05
0.0022310187
4.5463312e-05
0.0022310124
4.6970349e-05
0.0022310055
4.8527456e-05
0.0022309982
5.0137898e-05
0.0022309904
5.180427e-05
0.0022309824
5.3530087e-05
0.0022309742
5.5316759e-05
0.002230966
5.7165698e-05
0.0022309578
5.9078013e-05
0.0022309498
6.1057217e-05
0.0022309423
6.3107387e-05
0.0022309351
6.5231354e-05
0.0022309284
6.7431167e-05
0.0022309221
6.9705752e-05
0.0022309168
7.2062883e-05
0.0022309123
7.4497805e-05
0.0022309089
7.7013902e-05
0.0022309071
7.9617176e-05
0.0022309071
8.2295549e-05
0.0022309092
8.5037425e-05
0.0022309147
8.7848104e-05
0.0022309262
9.072154e-05
0.0022309438
9.3552643e-05
0.0022309693
9.6265586e-05
0.0022310095
9.8847022e-05
0.0022310703
0.00010104476
0.0022311469
0.00010218654
0.0022312279
0.00010162036
0.0022313151
9.9316986e-05
0.0022314222
9.5116852e-05
0.0022315344
8.7198314e-05
0.0022315891
7.2761095e-05
0.0022315081
5.1479828e-05
0.0022312795
2.8132606e-05
0.0022309808
9.9116252e-06
0.0022307191
7.7037222e-07
0.002230555
-8.6079882e-07
0.0022304844
5.880393e-07
0.0022304681
1.8824846e-06
0.0022304708
2.2329583e-06
0.0022304759
2.1700236e-06
0.0022304789
2.1647302e-06
0.0022304802
2.2783238e-06
0.0022304805
2.413987e-06
0.0022304804
2.5348165e-06
2.6414393e-06
0.0023525298
4.9662231e-06
0.0023526026
5.4484852e-06
0.0023526965
5.9573908e-06
0.0023528091
6.4859155e-06
0.0023529363
7.0267263e-06
0.0023530731
7.574169e-06
0.0023532151
8.1256748e-06
0.0023533596
8.6818752e-06
0.0023535054
9.2452696e-06
0.0023536523
9.8181578e-06
0.0023538002
1.0401194e-05
0.0023539486
1.0993406e-05
0.0023540969
1.1593213e-05
0.0023542441
1.2199261e-05
0.0023543893
1.281052e-05
0.0023545317
1.3426098e-05
0.0023546703
1.4045325e-05
0.0023548042
1.4668038e-05
0.0023549328
1.5294671e-05
0.0023550556
1.5926068e-05
0.0023551723
1.6563294e-05
0.0023552826
1.7207623e-05
0.0023553865
1.7860582e-05
0.0023554839
1.852388e-05
0.0023555749
1.9199224e-05
0.0023556598
1.9888177e-05
0.0023557385
2.0592183e-05
0.0023558114
2.1312715e-05
0.0023558786
2.2051346e-05
0.0023559404
2.2809623e-05
0.0023559969
2.3588903e-05
0.0023560484
2.4390385e-05
0.0023560951
2.5215319e-05
0.0023561371
2.6065117e-05
0.0023561748
2.694118e-05
0.0023562081
2.7844684e-05
0.0023562374
2.8776688e-05
0.0023562628
2.9738381e-05
0.0023562845
3.0730979e-05
0.0023563027
3.175545e-05
0.0023563177
3.2812662e-05
0.0023563296
3.3903668e-05
0.0023563387
3.5029515e-05
0.0023563453
3.6191202e-05
0.0023563495
3.7390122e-05
0.0023563517
3.862825e-05
0.0023563519
3.9907361e-05
0.0023563504
4.1229311e-05
0.0023563473
4.2595905e-05
0.0023563429
4.4008521e-05
0.0023563372
4.5468021e-05
0.0023563307
4.6975847e-05
0.0023563236
4.8533522e-05
0.0023563159
5.0144277e-05
0.0023563078
5.1810911e-05
0.0023562995
5.3536883e-05
0.002356291
5.5323674e-05
0.0023562824
5.7172546e-05
0.0023562738
5.9084646e-05
0.0023562655
6.1063462e-05
0.0023562577
6.3113203e-05
0.0023562502
6.5236783e-05
0.0023562431
6.7436117e-05
0.0023562366
6.9710257e-05
0.0023562311
7.2066457e-05
0.0023562264
7.4500684e-05
0.0023562228
7.7015831e-05
0.0023562209
7.9617545e-05
0.0023562209
8.2294134e-05
0.0023562232
8.5033808e-05
0.002356229
8.7840833e-05
0.0023562411
9.0707875e-05
0.0023562595
9.3532264e-05
0.0023562862
9.6236558e-05
0.0023563283
9.8802194e-05
0.0023563917
0.00010097797
0.0023564715
0.00010210259
0.0023565562
0.0001015315
0.0023566472
9.922128e-05
0.0023567586
9.5000108e-05
0.0023568748
8.7073976e-05
0.0023569307
7.2697637e-05
0.0023568455
5.1558937e-05
0.0023566071
2.8367154e-05
0.0023562958
1.021762e-05
0.002356023
1.0354225e-06
0.0023558516
-7.0099066e-07
0.0023557777
6.5181849e-07
0.0023557605
1.8921703e-06
0.0023557631
2.2253643e-06
0.0023557682
2.162212e-06
0.0023557714
2.1604834e-06
0.0023557727
2.276652e-06
0.0023557731
2.4134747e-06
0.002355773
2.5344913e-06
2.6414015e-06
0.0024848003
4.9166944e-06
0.0024848699
5.3789919e-06
0.0024849592
5.8681635e-06
0.0024850665
6.3787428e-06
0.0024851885
6.9048308e-06
0.0024853212
7.4415572e-06
0.0024854609
7.9861653e-06
0.0024856046
8.5382547e-06
0.002485751
9.0990271e-06
0.0024858994
9.6698854e-06
0.0024860494
1.0251264e-05
0.0024862006
1.0842406e-05
0.0024863519
1.1441972e-05
0.0024865026
1.2048692e-05
0.0024866517
1.2661552e-05
0.0024867983
1.3279691e-05
0.0024869413
1.3902443e-05
0.0024870799
1.4529552e-05
0.0024872134
1.516129e-05
0.0024873412
1.5798339e-05
0.0024874629
1.6441635e-05
0.0024875783
1.7092329e-05
0.0024876871
1.7751811e-05
0.0024877894
1.8421662e-05
0.0024878851
1.9103496e-05
0.0024879745
1.9798833e-05
0.0024880576
2.0509103e-05
0.0024881346
2.1235749e-05
0.0024882057
2.1980299e-05
0.002488271
2.2744266e-05
0.0024883309
2.3529015e-05
0.0024883855
2.433577e-05
0.0024884351
2.5165785e-05
0.0024884797
2.6020449e-05
0.0024885197
2.6901149e-05
0.0024885552
2.780909e-05
0.0024885864
2.8745357e-05
0.0024886135
2.9711121e-05
0.0024886367
3.0707574e-05
0.0024886562
3.1735695e-05
0.0024886721
3.2796348e-05
0.0024886849
3.3890538e-05
0.0024886947
3.5019298e-05
0.0024887019
3.6183649e-05
0.0024887066
3.7384983e-05
0.0024887091
3.8625251e-05
0.0024887095
3.9906309e-05
0.0024887081
4.1230012e-05
0.002488705
4.2598186e-05
0.0024887005
4.401219e-05
0.0024886947
4.5472834e-05
0.002488688
4.6981504e-05
0.0024886806
4.853978e-05
0.0024886726
5.015088e-05
0.0024886642
5.1817791e-05
0.0024886556
5.3543939e-05
0.0024886467
5.5330856e-05
0.0024886377
5.7179669e-05
0.0024886288
5.9091543e-05
0.0024886202
6.1069958e-05
0.0024886119
6.3119252e-05
0.0024886041
6.5242429e-05
0.0024885967
6.7441267e-05
0.0024885899
6.9714933e-05
0.0024885842
7.2070175e-05
0.0024885793
7.4503658e-05
0.0024885756
7.7017813e-05
0.0024885737
7.9617902e-05
0.0024885737
8.2292617e-05
0.0024885761
8.5029973e-05
0.0024885822
8.7833168e-05
0.0024885949
9.0693566e-05
0.0024886142
9.3510901e-05
0.0024886422
9.6206119e-05
0.0024886862
9.8755318e-05
0.0024887522
0.00010090834
0.0024888354
0.00010201513
0.0024889237
0.00010143874
0.0024890187
9.9121364e-05
0.0024891345
9.4878683e-05
0.0024892546
8.6945327e-05
0.0024893116
7.2632705e-05
0.0024892219
5.1642199e-05
0.0024889732
2.8611632e-05
0.0024886489
1.0536263e-05
0.0024883646
1.3114682e-06
0.0024881858
-5.3434712e-07
0.0024881085
7.1850533e-07
0.0024880901
1.9024813e-06
0.0024880927
2.2175937e-06
0.0024880979
2.1541502e-06
0.0024881012
2.1560768e-06
0.0024881026
2.2748952e-06
0.002488103
2.4129225e-06
0.0024881029
2.534138e-06
2.641371e-06
0.0026245059
4.868737e-06
0.0026245725
5.3125238e-06
0.0026246575
5.783195e-06
0.0026247598
6.2765493e-06
0.0026248769
6.7878965e-06
0.0026250054
7.3131201e-06
0.0026251422
7.8494976e-06
0.0026252846
8.3959834e-06
0.002625431
8.9528286e-06
0.0026255803
9.5206789e-06
0.002625732
1.0099684e-05
0.0026258854
1.0689179e-05
0.0026260395
1.1287992e-05
0.0026261934
1.1894932e-05
0.0026263461
1.2508994e-05
0.0026264966
1.3129331e-05
0.0026266439
1.3755273e-05
0.0026267871
1.438649e-05
0.0026269254
1.5023108e-05
0.0026270582
1.5665652e-05
0.002627185
1.6314923e-05
0.0026273055
1.6971946e-05
0.0026274194
1.7637977e-05
0.0026275266
1.8314464e-05
0.0026276272
1.9002921e-05
0.0026277213
1.9704814e-05
0.0026278088
2.0421543e-05
0.0026278901
2.115452e-05
0.0026279651
2.1905224e-05
0.0026280343
2.2675132e-05
0.0026280977
2.3465607e-05
0.0026281556
2.4277891e-05
0.0026282081
2.5113243e-05
0.0026282555
2.5973026e-05
0.002628298
2.6858617e-05
0.0026283358
2.7771242e-05
0.002628369
2.8712008e-05
0.0026283979
2.9682071e-05
0.0026284226
3.0682602e-05
0.0026284434
3.1714584e-05
0.0026284605
3.2778875e-05
0.0026284742
3.3876436e-05
0.0026284849
3.5008281e-05
0.0026284926
3.6175452e-05
0.0026284978
3.737934e-05
0.0026285007
3.8621879e-05
0.0026285014
3.9904998e-05
0.0026285001
4.1230563e-05
0.002628497
4.2600413e-05
0.0026284923
4.4015882e-05
0.0026284864
4.5477742e-05
0.0026284795
4.6987313e-05
0.0026284718
4.8546229e-05
0.0026284636
5.0157706e-05
0.0026284549
5.1824914e-05
0.0026284459
5.3551256e-05
0.0026284366
5.533831e-05
0.0026284273
5.7187068e-05
0.002628418
5.9098708e-05
0.002628409
6.107671e-05
0.0026284004
6.312554e-05
0.0026283923
6.5248294e-05
0.0026283846
6.7446621e-05
0.0026283775
6.971978e-05
0.0026283715
7.2074039e-05
0.0026283664
7.4506728e-05
0.0026283626
7.7019849e-05
0.0026283606
7.9618246e-05
0.0026283606
8.2290992e-05
0.0026283632
8.5025907e-05
0.0026283697
8.782509e-05
0.0026283829
9.0678592e-05
0.0026284031
9.3488521e-05
0.0026284325
9.6174222e-05
0.0026284784
9.8706342e-05
0.0026285472
0.00010083579
0.0026286337
0.00010192406
0.0026287258
0.000101342
0.0026288249
9.9017148e-05
0.0026289451
9.475253e-05
0.002629069
8.6812385e-05
0.002629127
7.2566408e-05
0.0026290327
5.1729787e-05
0.0026287734
2.8866263e-05
0.0026284358
1.086779e-05
0.0026281399
1.5987134e-06
0.0026279534
-3.6071451e-07
0.0026278726
7.8819805e-07
0.0026278532
1.9134774e-06
0.0026278556
2.209683e-06
0.002627861
2.1458617e-06
0.0026278643
2.1515255e-06
0.0026278658
2.2730651e-06
0.0026278662
2.4123428e-06
0.0026278662
2.5337722e-06
2.6413649e-06
0.0027720645
4.8222823e-06
0.0027721282
5.2488806e-06
0.0027722094
5.7021871e-06
0.002772307
6.1790343e-06
0.0027724192
6.6757474e-06
0.0027725436
7.1889132e-06
0.0027726772
7.7159897e-06
0.0027728177
8.2555788e-06
0.0027729634
8.8072765e-06
0.0027731131
9.3711277e-06
0.002773266
9.9469878e-06
0.0027734211
1.0534194e-05
0.0027735776
1.1131686e-05
0.0027737343
1.1738335e-05
0.0027738904
1.2353142e-05
0.0027740446
1.2975262e-05
0.002774196
1.3604014e-05
0.0027743437
1.4239004e-05
0.0027744867
1.4880229e-05
0.0027746244
1.5528065e-05
0.0027747562
1.6183174e-05
0.0027748818
1.6846454e-05
0.0027750008
1.7519024e-05
0.0027751131
1.8202199e-05
0.0027752187
1.8897387e-05
0.0027753175
1.9605988e-05
0.0027754097
2.032936e-05
0.0027754954
2.1068875e-05
0.0027755746
2.1825963e-05
0.0027756477
2.260206e-05
0.0027757147
2.3398519e-05
0.002775776
2.4216594e-05
0.0027758317
2.5057542e-05
0.002775882
2.5922707e-05
0.0027759272
2.681345e-05
0.0027759674
2.7731013e-05
0.0027760027
2.8676524e-05
0.0027760335
2.9651127e-05
0.0027760599
3.0655969e-05
0.0027760821
3.1692032e-05
0.0027761004
3.2760167e-05
0.0027761151
3.3861294e-05
0.0027761266
3.4996406e-05
0.002776135
3.6166559e-05
0.0027761407
3.737315e-05
0.002776144
3.8618099e-05
0.0027761449
3.9903396e-05
0.0027761438
4.1230944e-05
0.0027761408
4.2602571e-05
0.002776136
4.4019577e-05
0.0027761299
4.5482734e-05
0.0027761228
4.6993268e-05
0.0027761149
4.8552863e-05
0.0027761064
5.016475e-05
0.0027760974
5.1832274e-05
0.002776088
5.3558833e-05
0.0027760784
5.5346035e-05
0.0027760687
5.7194746e-05
0.002776059
5.9106142e-05
0.0027760497
6.1083718e-05
0.0027760407
6.3132067e-05
0.0027760322
6.525438e-05
0.0027760242
6.7452178e-05
0.0027760168
6.9724799e-05
0.0027760106
7.2078048e-05
0.0027760053
7.4509891e-05
0.0027760013
7.7021934e-05
0.0027759993
7.9618572e-05
0.0027759994
8.228925e-05
0.0027760021
8.5021599e-05
0.0027760089
8.7816583e-05
0.0027760227
9.0662933e-05
0.0027760439
9.3465092e-05
0.0027760746
9.6140822e-05
0.0027761226
9.865521e-05
0.0027761941
0.00010076029
0.0027762841
0.00010182934
0.00277638
0.00010124118
0.0027764832
9.8908537e-05
0.0027766079
9.46216e-05
0.0027767357
8.6675185e-05
0.0027767945
7.2498857e-05
0.0027766953
5.1821872e-05
0.0027764253
2.9131262e-05
0.0027760742
1.1212416e-05
0.0027757664
1.8973427e-06
0.0027755722
-1.7996792e-07
0.0027754877
8.6095971e-07
0.0027754672
1.925188e-06
0.0027754695
2.2016467e-06
0.0027754749
2.1373523e-06
0.0027754784
2.1468283e-06
0.00277548
2.2711569e-06
0.0027754804
2.4117313e-06
0.0027754804
2.5333902e-06
2.6413814e-06
0.0029279176
4.7772816e-06
0.0029279787
5.18788e-06
0.0029280561
5.6248655e-06
0.0029281493
6.0859176e-06
0.002928257
6.5682044e-06
0.0029283771
7.0689556e-06
0.0029285073
7.5858985e-06
0.0029286455
8.1174982e-06
0.00292879
8.6629377e-06
0.0029289394
9.2218176e-06
0.0029290929
9.793727e-06
0.0029292493
1.0377956e-05
0.0029294076
1.0973507e-05
0.0029295668
1.15793e-05
0.0029297258
1.2194342e-05
0.0029298835
1.2817778e-05
0.0029300388
1.3448913e-05
0.0029301907
1.4087293e-05
0.0029303382
1.4732803e-05
0.0029304808
1.5385679e-05
0.0029306176
1.6046445e-05
0.0029307483
1.6715866e-05
0.0029308725
1.7394928e-05
0.0029309899
1.8084811e-05
0.0029311006
1.8786811e-05
0.0029312043
1.9502246e-05
0.0029313012
2.0232426e-05
0.0029313914
2.0978675e-05
0.002931475
2.1742368e-05
0.0029315521
2.2524898e-05
0.002931623
2.3327598e-05
0.0029316878
2.4151725e-05
0.0029317468
2.4998534e-05
0.0029318001
2.5869348e-05
0.0029318481
2.6765512e-05
0.0029318908
2.7688278e-05
0.0029319284
2.863879e-05
0.0029319612
2.9618181e-05
0.0029319894
3.0627575e-05
0.0029320131
3.166795e-05
0.0029320327
3.2740144e-05
0.0029320485
3.3845043e-05
0.0029320608
3.4983613e-05
0.0029320699
3.615692e-05
0.0029320762
3.7366368e-05
0.0029320799
3.861387e-05
0.0029320812
3.9901471e-05
0.0029320802
4.1231128e-05
0.0029320772
4.2604633e-05
0.0029320724
4.4023263e-05
0.0029320662
4.5487799e-05
0.0029320588
4.6999358e-05
0.0029320507
4.8559676e-05
0.002932042
5.0172008e-05
0.0029320327
5.1839874e-05
0.0029320229
5.3566667e-05
0.0029320129
5.5354032e-05
0.0029320028
5.7202703e-05
0.0029319928
5.9113848e-05
0.002931983
6.1090985e-05
0.0029319737
6.3138837e-05
0.0029319649
6.526069e-05
0.0029319565
6.7457942e-05
0.0029319489
6.972999e-05
0.0029319424
7.2082205e-05
0.0029319369
7.4513146e-05
0.0029319328
7.7024066e-05
0.0029319306
7.9618876e-05
0.0029319308
8.2287383e-05
0.0029319337
8.5017034e-05
0.0029319409
8.7807632e-05
0.0029319553
9.0646569e-05
0.0029319774
9.3440585e-05
0.0029320096
9.6105874e-05
0.0029320595
9.8601878e-05
0.0029321339
0.00010068178
0.0029322274
0.00010173091
0.0029323272
0.00010113622
0.0029324346
9.8795466e-05
0.0029325638
9.448588e-05
0.0029326953
8.6533814e-05
0.0029327547
7.2430176e-05
0.0029326505
5.1918601e-05
0.0029323696
2.9406765e-05
0.002932005
1.1570257e-05
0.0029316852
2.2074587e-06
0.0029314831
7.98503e-09
0.002931395
9.3686143e-07
0.0029313733
1.9376618e-06
0.0029313753
2.1935121e-06
0.0029313809
2.128632e-06
0.0029313844
2.141983e-06
0.0029313861
2.2691629e-06
0.0029313866
2.4110798e-06
0.0029313866
2.5329872e-06
2.6414155e-06
0.0030925315
4.7336551e-06
0.0030925901
5.1293446e-06
0.0030926641
5.5509836e-06
0.0030927532
5.996941e-06
0.0030928565
6.4650905e-06
0.0030929723
6.953238e-06
0.0030930989
7.4594284e-06
0.0030932344
7.9821414e-06
0.0030933772
8.5203383e-06
0.0030935258
9.0733218e-06
0.0030936793
9.6404673e-06
0.0030938364
1.0221e-05
0.0030939961
1.0813951e-05
0.0030941573
1.1418276e-05
0.0030943188
1.203299e-05
0.0030944795
1.2657225e-05
0.0030946384
1.3290265e-05
0.0030947942
1.3931604e-05
0.0030949461
1.4581029e-05
0.0030950933
1.5238642e-05
0.003095235
1.5904834e-05
0.0030953708
1.6580236e-05
0.0030955001
1.72657e-05
0.0030956227
1.7962272e-05
0.0030957384
1.8671128e-05
0.0030958472
1.9393499e-05
0.003095949
2.0130632e-05
0.0030960439
2.0883794e-05
0.0030961319
2.1654303e-05
0.0030962133
2.2443501e-05
0.0030962882
2.3252696e-05
0.0030963567
2.4083139e-05
0.0030964192
2.4936077e-05
0.0030964757
2.5812812e-05
0.0030965265
2.6714671e-05
0.0030965718
2.764291e-05
0.0030966118
2.8598685e-05
0.0030966467
2.9583122e-05
0.0030966767
3.059732e-05
0.003096702
3.1642245e-05
0.003096723
3.2718725e-05
0.00309674
3.3827609e-05
0.0030967533
3.4969836e-05
0.0030967632
3.6146478e-05
0.00309677
3.7358947e-05
0.0030967742
3.8609154e-05
0.0030967758
3.9899191e-05
0.003096775
4.1231078e-05
0.0030967721
4.2606572e-05
0.0030967673
4.4026927e-05
0.0030967609
4.549292e-05
0.0030967534
4.7005572e-05
0.003096745
4.8566659e-05
0.003096736
5.0179474e-05
0.0030967264
5.1847702e-05
0.0030967163
5.357476e-05
0.0030967059
5.5362301e-05
0.0030966954
5.721094e-05
0.003096685
5.9121826e-05
0.0030966749
6.1098509e-05
0.0030966652
6.3145846e-05
0.003096656
6.5267221e-05
0.0030966473
6.746391e-05
0.0030966394
6.9735351e-05
0.0030966327
7.2086506e-05
0.003096627
7.451649e-05
0.0030966227
7.7026238e-05
0.0030966205
7.9619154e-05
0.0030966207
8.2285385e-05
0.0030966237
8.50122e-05
0.0030966313
8.779822e-05
0.0030966464
9.0629482e-05
0.0030966695
9.3414969e-05
0.0030967031
9.6069339e-05
0.0030967551
9.8546306e-05
0.0030968323
0.00010060024
0.0030969293
0.00010162872
0.0030970331
0.00010102705
0.0030971448
9.8677868e-05
0.0030972785
9.4345366e-05
0.0030974136
8.6388352e-05
0.0030974736
7.2360517e-05
0.0030973642
5.2020134e-05
0.0030970722
2.9692918e-05
0.0030966938
1.1941432e-05
0.0030963619
2.5291592e-06
0.0030961519
2.0321732e-07
0.00309606
1.0159479e-06
0.0030960371
1.950929e-06
0.0030960389
2.1852992e-06
0.0030960445
2.1197108e-06
0.0030960481
2.1369896e-06
0.0030960499
2.2670778e-06
0.0030960504
2.4103827e-06
0.0030960504
2.5325581e-06
2.641464e-06
0.0032663986
4.6913445e-06
0.0032664549
5.0731147e-06
0.0032665257
5.4803153e-06
0.0032666109
5.9118656e-06
0.0032667099
6.3662299e-06
0.0032668215
6.8417251e-06
0.0032669444
7.3367317e-06
0.0032670768
7.8498454e-06
0.0032672174
8.3799523e-06
0.0032673647
8.9261843e-06
0.0032675175
9.4877689e-06
0.0032676748
1.0063871e-05
0.0032678354
1.0653535e-05
0.0032679981
1.1255747e-05
0.0032681617
1.1869526e-05
0.0032683251
1.2493996e-05
0.0032684871
1.3128419e-05
0.0032686466
1.3772239e-05
0.0032688026
1.4425155e-05
0.0032689543
1.5087152e-05
0.0032691007
1.5758488e-05
0.0032692414
1.6439664e-05
0.0032693758
1.7131396e-05
0.0032695036
1.7834595e-05
0.0032696245
1.8550316e-05
0.0032697383
1.9279692e-05
0.0032698451
2.0023895e-05
0.0032699448
2.0784129e-05
0.0032700374
2.1561648e-05
0.0032701232
2.235774e-05
0.0032702022
2.3173678e-05
0.0032702746
2.4010697e-05
0.0032703406
2.4870031e-05
0.0032704004
2.5752961e-05
0.0032704542
2.6660794e-05
0.0032705022
2.7594784e-05
0.0032705447
2.8556094e-05
0.0032705817
2.9545842e-05
0.0032706137
3.0565103e-05
0.0032706408
3.1614827e-05
0.0032706633
3.2695829e-05
0.0032706815
3.380892e-05
0.0032706958
3.4955012e-05
0.0032707066
3.6135178e-05
0.0032707141
3.7350837e-05
0.0032707187
3.8603906e-05
0.0032707206
3.9896524e-05
0.0032707201
4.1230758e-05
0.0032707173
4.260836e-05
0.0032707125
4.4030554e-05
0.003270706
4.5498081e-05
0.0032706983
4.7011897e-05
0.0032706897
4.8573802e-05
0.0032706804
5.018714e-05
0.0032706705
5.1855755e-05
0.0032706601
5.3583104e-05
0.0032706493
5.5370837e-05
0.0032706384
5.7219456e-05
0.0032706276
5.9130074e-05
0.0032706171
6.1106289e-05
0.003270607
6.3153095e-05
0.0032705975
6.5273973e-05
0.0032705885
6.7470082e-05
0.0032705803
6.9740882e-05
0.0032705733
7.209095e-05
0.0032705674
7.4519921e-05
0.0032705629
7.7028447e-05
0.0032705607
7.9619401e-05
0.0032705609
8.2283247e-05
0.0032705642
8.5007086e-05
0.0032705722
8.7788331e-05
0.0032705878
9.0611656e-05
0.003270612
9.3388219e-05
0.0032706471
9.6031176e-05
0.0032707012
9.8488468e-05
0.0032707812
0.00010051565
0.0032708818
0.00010152277
0.0032709895
0.00010091364
0.0032711055
9.8555714e-05
0.0032712436
9.4200094e-05
0.0032713823
8.6238925e-05
0.0032714426
7.2290066e-05
0.0032713278
5.2126603e-05
0.0032710248
2.9989773e-05
0.0032706326
1.2325941e-05
0.0032702886
2.8624444e-06
0.0032700706
4.0576209e-07
0.0032699749
1.0982707e-06
0.0032699506
1.9650407e-06
0.0032699522
2.1770422e-06
0.0032699578
2.1106037e-06
0.0032699615
2.1318474e-06
0.0032699634
2.2648937e-06
0.003269964
2.4096314e-06
0.003269964
2.5320979e-06
2.6415219e-06
0.0034500388
4.6502971e-06
0.003450093
5.019048e-06
0.0034501608
5.4126553e-06
0.0034502423
5.830472e-06
0.0034503372
6.2714539e-06
0.0034504447
6.7343649e-06
0.0034505637
7.2179196e-06
0.0034506928
7.7208938e-06
0.0034508307
8.2422041e-06
0.0034509761
8.7809184e-06
0.0034511279
9.3361839e-06
0.0034512848
9.9071281e-06
0.0034514457
1.0492807e-05
0.0034516094
1.1092232e-05
0.0034517746
1.1704436e-05
0.0034519402
1.2328536e-05
0.0034521051
1.2963773e-05
0.0034522679
1.3609549e-05
0.0034524277
1.4265486e-05
0.0034525836
1.4931461e-05
0.0034527346
1.5607609e-05
0.00345288
1.6294298e-05
0.0034530194
1.6992114e-05
0.0034531523
1.7701834e-05
0.0034532783
1.8424387e-05
0.0034533972
1.9160801e-05
0.003453509
1.9912162e-05
0.0034536135
2.0679602e-05
0.0034537109
2.1464307e-05
0.0034538011
2.2267503e-05
0.0034538843
2.309042e-05
0.0034539607
2.3934268e-05
0.0034540305
2.4800265e-05
0.0034540937
2.5689666e-05
0.0034541506
2.6603754e-05
0.0034542015
2.7543778e-05
0.0034542466
2.8510902e-05
0.003454286
2.9506234e-05
0.00345432
3.0530825e-05
0.0034543489
3.1585605e-05
0.0034543729
3.2671372e-05
0.0034543925
3.3788901e-05
0.0034544079
3.4939073e-05
0.0034544196
3.6122958e-05
0.0034544278
3.7341987e-05
0.0034544329
3.8598082e-05
0.0034544352
3.989343e-05
0.0034544349
4.1230138e-05
0.0034544322
4.2609973e-05
0.0034544274
4.4034116e-05
0.0034544209
4.5503264e-05
0.003454413
4.7018317e-05
0.0034544042
4.8581093e-05
0.0034543946
5.0194994e-05
0.0034543844
5.1864026e-05
0.0034543737
5.3591692e-05
0.0034543625
5.5379636e-05
0.0034543513
5.7228242e-05
0.00345434
5.9138587e-05
0.0034543291
6.1114322e-05
0.0034543187
6.316058e-05
0.0034543088
6.5280943e-05
0.0034542996
6.7476456e-05
0.003454291
6.9746578e-05
0.0034542837
7.2095532e-05
0.0034542776
7.4523432e-05
0.003454273
7.7030686e-05
0.0034542707
7.961961e-05
0.0034542711
8.2280961e-05
0.0034542745
8.5001681e-05
0.0034542829
8.7777951e-05
0.0034542992
9.0593076e-05
0.0034543244
9.3360311e-05
0.003454361
9.5991356e-05
0.0034544172
9.8428347e-05
0.0034545001
0.00010042799
0.0034546042
0.00010141304
0.003454716
0.00010079596
0.0034548362
9.842898e-05
0.0034549787
9.4050114e-05
0.0034551207
8.6085681e-05
0.0034551811
7.221902e-05
0.0034550609
5.2238149e-05
0.0034547467
3.0297381e-05
0.0034543407
1.2723771e-05
0.0034539846
3.2072951e-06
0.0034537586
6.156231e-07
0.003453659
1.1838507e-06
0.0034536335
1.9800291e-06
0.0034536347
2.1687699e-06
0.0034536403
2.1013278e-06
0.0034536441
2.1265604e-06
0.003453646
2.2626072e-06
0.0034536467
2.4088214e-06
0.0034536468
2.5316033e-06
2.6415873e-06
0.0036440016
4.6104524e-06
0.0036440537
4.9670177e-06
0.0036441187
5.3478199e-06
0.0036441967
5.7525613e-06
0.0036442877
6.1806016e-06
0.0036443912
6.6310928e-06
0.0036445062
7.1030681e-06
0.0036446317
7.595519e-06
0.0036447666
8.1074665e-06
0.0036449097
8.6379977e-06
0.0036450598
9.1862441e-06
0.0036452158
9.7513281e-06
0.0036453764
1.0332326e-05
0.0036455406
1.0928279e-05
0.003645707
1.1538242e-05
0.0036458743
1.2161334e-05
0.0036460415
1.2796779e-05
0.0036462073
1.3443943e-05
0.0036463705
1.4102383e-05
0.0036465303
1.4771879e-05
0.0036466856
1.5452451e-05
0.0036468356
1.6144343e-05
0.0036469798
1.6848009e-05
0.0036471177
1.7564094e-05
0.0036472487
1.8293401e-05
0.0036473727
1.9036844e-05
0.0036474895
1.9795416e-05
0.003647599
2.0570168e-05
0.0036477011
2.1362211e-05
0.0036477959
2.2172702e-05
0.0036478834
2.3002821e-05
0.0036479639
2.3853745e-05
0.0036480375
2.4726665e-05
0.0036481043
2.5622809e-05
0.0036481645
2.6543436e-05
0.0036482184
2.7489778e-05
0.0036482662
2.8462999e-05
0.003648308
2.9464194e-05
0.0036483441
3.049439e-05
0.0036483749
3.1554492e-05
0.0036484006
3.2645273e-05
0.0036484215
3.3767478e-05
0.0036484381
3.4921952e-05
0.0036484507
3.610976e-05
0.0036484597
3.7332342e-05
0.0036484654
3.8591634e-05
0.0036484681
3.9889866e-05
0.0036484681
4.1229189e-05
0.0036484656
4.2611382e-05
0.0036484608
4.4037584e-05
0.0036484542
4.5508448e-05
0.0036484462
4.7024813e-05
0.0036484371
4.8588516e-05
0.0036484273
5.0203025e-05
0.0036484169
5.1872504e-05
0.0036484058
5.3600516e-05
0.0036483943
5.538869e-05
0.0036483826
5.7237295e-05
0.003648371
5.9147362e-05
0.0036483597
6.1122602e-05
0.0036483489
6.3168298e-05
0.0036483387
6.5288128e-05
0.0036483291
6.7483026e-05
0.0036483203
6.9752436e-05
0.0036483126
7.2100249e-05
0.0036483063
7.452702e-05
0.0036483016
7.7032948e-05
0.0036482993
7.9619772e-05
0.0036482997
8.2278525e-05
0.0036483034
8.4995975e-05
0.0036483122
8.7767063e-05
0.0036483291
9.0573732e-05
0.0036483553
9.3331229e-05
0.0036483934
9.594986e-05
0.0036484518
9.8365927e-05
0.0036485375
0.00010033729
0.0036486452
0.00010129957
0.0036487609
0.00010067401
0.0036488854
9.8297684e-05
0.0036490322
9.3895525e-05
0.0036491773
8.5928822e-05
0.0036492377
7.2147605e-05
0.0036491118
5.2354878e-05
0.0036487865
3.0615681e-05
0.0036483669
1.3134769e-05
0.0036479988
3.5635777e-06
0.0036477649
8.3275334e-07
0.0036476614
1.2727097e-06
0.0036476344
1.9959443e-06
0.0036476353
2.160523e-06
0.0036476408
2.091904e-06
0.0036476447
2.1211304e-06
0.0036476467
2.2602113e-06
0.0036476475
2.4079447e-06
0.0036476475
2.5310697e-06
2.6416555e-06
0.0038488671
4.5717595e-06
0.0038489173
4.9169107e-06
0.0038489796
5.2856466e-06
0.0038490544
5.6779539e-06
0.0038491416
6.093522e-06
0.003849241
6.5318356e-06
0.003849352
6.9922237e-06
0.0038494738
7.4739081e-06
0.0038496054
7.9760618e-06
0.0038497457
8.4978535e-06
0.0038498937
9.0384548e-06
0.0038500482
9.5970185e-06
0.0038502081
1.0172659e-05
0.0038503721
1.0764458e-05
0.003850539
1.1371502e-05
0.0038507076
1.1992922e-05
0.0038508766
1.2627935e-05
0.0038510449
1.3275881e-05
0.0038512112
1.3936261e-05
0.0038513744
1.4608773e-05
0.0038515337
1.5293331e-05
0.0038516881
1.599006e-05
0.0038518369
1.669929e-05
0.0038519796
1.7421533e-05
0.0038521156
1.8157465e-05
0.0038522446
1.8907885e-05
0.0038523663
1.9673682e-05
0.0038524807
2.0455818e-05
0.0038525876
2.1255322e-05
0.003852687
2.2073277e-05
0.003852779
2.2910803e-05
0.0038528637
2.3769035e-05
0.0038529412
2.4649131e-05
0.0038530117
2.5552287e-05
0.0038530753
2.6479732e-05
0.0038531323
2.7432679e-05
0.0038531828
2.8412284e-05
0.0038532272
2.9419626e-05
0.0038532655
3.0455704e-05
0.0038532983
3.1521398e-05
0.0038533256
3.2617453e-05
0.003853348
3.3744577e-05
0.0038533658
3.4903584e-05
0.0038533794
3.6095524e-05
0.0038533892
3.7321851e-05
0.0038533956
3.8584515e-05
0.0038533988
3.9885789e-05
0.0038533991
4.1227877e-05
0.0038533968
4.2612555e-05
0.0038533921
4.4040929e-05
0.0038533854
4.5513609e-05
0.0038533773
4.7031367e-05
0.003853368
4.8596054e-05
0.003853358
5.0211217e-05
0.0038533472
5.1881176e-05
0.0038533358
5.3609563e-05
0.0038533239
5.5397988e-05
0.0038533119
5.7246604e-05
0.0038532999
5.9156389e-05
0.0038532882
6.1131123e-05
0.0038532771
6.3176241e-05
0.0038532665
6.5295519e-05
0.0038532566
6.7489786e-05
0.0038532475
6.9758448e-05
0.0038532396
7.2105093e-05
0.0038532331
7.4530678e-05
0.0038532283
7.7035227e-05
0.0038532259
7.9619887e-05
0.0038532264
8.2275932e-05
0.0038532303
8.4989949e-05
0.0038532395
8.7755656e-05
0.0038532571
9.0553616e-05
0.0038532844
9.3300971e-05
0.003853324
9.5906682e-05
0.0038533845
9.8301199e-05
0.003853473
0.00010024358
0.0038535841
0.00010118239
0.0038537038
0.00010054782
0.0038538325
9.8161861e-05
0.0038539834
9.3736448e-05
0.0038541315
8.5768577e-05
0.0038541915
7.2076058e-05
0.0038540599
5.2476891e-05
0.0038537235
3.094459e-05
0.0038532905
1.3558743e-05
0.0038529105
3.9311146e-06
0.0038526688
1.0570626e-06
0.0038525614
1.3648346e-06
0.0038525329
2.0128185e-06
0.0038525334
2.1523393e-06
0.0038525389
2.082357e-06
0.0038525428
2.1155653e-06
0.003852545
2.2577047e-06
0.0038525458
2.4069979e-06
0.0038525459
2.530495e-06
2.6417256e-06
0.0040652481
4.5341759e-06
0.0040652965
4.8686271e-06
0.0040653563
5.225994e-06
0.004065428
5.6064898e-06
0.0040655116
6.0100747e-06
0.0040656071
6.4365155e-06
0.004065714
6.8854091e-06
0.0040658319
7.3562081e-06
0.0040659599
7.8482645e-06
0.0040660971
8.3608722e-06
0.0040662424
8.8932876e-06
0.0040663949
9.4447289e-06
0.0040665534
1.001437e-05
0.0040667167
1.0601349e-05
0.0040668836
1.1204796e-05
0.0040670529
1.1823868e-05
0.0040672232
1.2457787e-05
0.0040673934
1.3105876e-05
0.0040675622
1.3767595e-05
0.0040677286
1.4442572e-05
0.0040678915
1.5130627e-05
0.0040680499
1.5831777e-05
0.0040682031
1.6546228e-05
0.0040683503
1.727437e-05
0.0040684911
1.8016748e-05
0.004068625
1.8774043e-05
0.0040687517
1.9547035e-05
0.0040688709
2.033659e-05
0.0040689826
2.1143646e-05
0.0040690867
2.1969206e-05
0.0040691831
2.2814322e-05
0.004069272
2.3680078e-05
0.0040693536
2.4567591e-05
0.0040694278
2.5478018e-05
0.0040694949
2.6412555e-05
0.004069555
2.7372391e-05
0.0040696085
2.8358665e-05
0.0040696554
2.9372439e-05
0.0040696961
3.0414684e-05
0.0040697309
3.1486244e-05
0.00406976
3.2587837e-05
0.0040697839
3.3720131e-05
0.004069803
3.4883904e-05
0.0040698176
3.6080194e-05
0.0040698283
3.7310462e-05
0.0040698354
3.8576679e-05
0.0040698391
3.9881155e-05
0.0040698398
4.1226164e-05
0.0040698377
4.2613462e-05
0.0040698331
4.4044122e-05
0.0040698264
4.5518721e-05
0.0040698182
4.7037954e-05
0.0040698088
4.8603687e-05
0.0040697985
5.0219552e-05
0.0040697874
5.1890026e-05
0.0040697757
5.361882e-05
0.0040697635
5.5407518e-05
0.004069751
5.7256158e-05
0.0040697387
5.9165658e-05
0.0040697267
6.1139874e-05
0.0040697152
6.31844e-05
0.0040697043
6.530311e-05
0.004069694
6.7496727e-05
0.0040696846
6.9764606e-05
0.0040696765
7.2110057e-05
0.0040696698
7.4534401e-05
0.0040696649
7.7037514e-05
0.0040696625
7.9619948e-05
0.004069663
8.2273159e-05
0.0040696671
8.4983603e-05
0.0040696767
8.7743724e-05
0.004069695
9.0532727e-05
0.0040697234
9.3269539e-05
0.0040697646
9.5861822e-05
0.0040698271
9.8234173e-05
0.0040699184
0.0001001469
0.0040700328
0.00010106157
0.0040701565
0.00010041746
0.0040702893
9.8021593e-05
0.0040704441
9.3573064e-05
0.0040705949
8.5605236e-05
0.0040706542
7.2004649e-05
0.0040705169
5.2604247e-05
0.0040701696
3.1283897e-05
0.0040697235
1.3995339e-05
0.004069332
4.309596e-06
0.0040690825
1.2883968e-06
0.0040689712
1.4602051e-06
0.0040689413
2.0306978e-06
0.0040689413
2.1442657e-06
0.0040689467
2.0727143e-06
0.0040689507
2.1098702e-06
0.0040689529
2.2550817e-06
0.0040689538
2.4059738e-06
0.0040689539
2.5298754e-06
2.6417939e-06
0.0042937919
4.4976678e-06
0.0042938386
4.8220822e-06
0.004293896
5.1687382e-06
0.0042939647
5.5380277e-06
0.0042940448
5.930131e-06
0.0042941364
6.345053e-06
0.0042942394
6.7826287e-06
0.0042943532
7.2425319e-06
0.0042944774
7.7243053e-06
0.0042946111
8.2273953e-06
0.0042947534
8.7511773e-06
0.0042949033
9.2949647e-06
0.0042950599
9.8580147e-06
0.0042952219
1.0439538e-05
0.0042953882
1.1038724e-05
0.0042955575
1.1654771e-05
0.0042957286
1.2286921e-05
0.0042959002
1.2934492e-05
0.004296071
1.3596917e-05
0.00429624
1.4273768e-05
0.004296406
1.4964785e-05
0.004296568
1.5669885e-05
0.0042967252
1.6389165e-05
0.0042968768
1.7122889e-05
0.0042970221
1.7871481e-05
0.0042971607
1.8635497e-05
0.0042972922
1.9415608e-05
0.0042974162
2.0212572e-05
0.0042975326
2.1027233e-05
0.0042976413
2.1860507e-05
0.0042977423
2.271337e-05
0.0042978355
2.3586844e-05
0.004297921
2.4481997e-05
0.004297999
2.5399943e-05
0.0042980697
2.6341838e-05
0.0042981331
2.7308841e-05
0.0042981895
2.8302068e-05
0.0042982392
2.9322559e-05
0.0042982823
3.0371253e-05
0.0042983191
3.1448959e-05
0.0042983501
3.2556356e-05
0.0042983755
3.3694074e-05
0.0042983959
3.4862853e-05
0.0042984117
3.6063714e-05
0.0042984233
3.7298123e-05
0.0042984311
3.8568079e-05
0.0042984355
3.9875926e-05
0.0042984365
4.1224008e-05
0.0042984347
4.2614068e-05
0.0042984302
4.4047132e-05
0.0042984236
4.5523757e-05
0.0042984152
4.7044549e-05
0.0042984056
4.8611392e-05
0.0042983952
5.0228007e-05
0.0042983839
5.1899034e-05
0.0042983718
5.3628268e-05
0.0042983592
5.5417265e-05
0.0042983465
5.7265942e-05
0.0042983338
5.9175156e-05
0.0042983215
6.1148841e-05
0.0042983096
6.3192761e-05
0.0042982983
6.5310888e-05
0.0042982877
6.7503838e-05
0.004298278
6.97709e-05
0.0042982697
7.2115132e-05
0.0042982629
7.4538178e-05
0.0042982579
7.7039799e-05
0.0042982554
7.9619944e-05
0.0042982559
8.2270203e-05
0.0042982603
8.4976925e-05
0.0042982704
8.7731262e-05
0.0042982893
9.0511068e-05
0.0042983187
9.3236935e-05
0.0042983615
9.5815277e-05
0.0042984261
9.8164908e-05
0.0042985199
0.00010004735
0.0042986377
0.00010093723
0.0042987651
0.00010028302
0.004298902
9.7876993e-05
0.0042990606
9.3405585e-05
0.0042992136
8.5439122e-05
0.0042992721
7.1933661e-05
0.0042991289
5.2736986e-05
0.004298771
3.1633334e-05
0.0042983122
1.4444126e-05
0.0042979095
4.6986367e-06
0.0042976525
1.5265405e-06
0.0042975374
1.5587611e-06
0.004297506
2.0496105e-06
0.0042975055
2.1363479e-06
0.0042975107
2.0630082e-06
0.0042975148
2.1040568e-06
0.0042975171
2.252343e-06
0.0042975181
2.4048699e-06
0.0042975182
2.52921e-06
2.6418597e-06
0.0045351821
4.4622078e-06
0.0045352271
4.7772051e-06
0.0045352823
5.1137731e-06
0.0045353481
5.4724435e-06
0.0045354248
5.8535745e-06
0.0045355127
6.2573701e-06
0.0045356116
6.6838734e-06
0.0045357214
7.1329641e-06
0.0045358415
7.6043758e-06
0.0045359714
8.0977221e-06
0.0045361103
8.6125197e-06
0.0045362573
9.1482024e-06
0.0045364114
9.7041311e-06
0.0045365715
1.0279608e-05
0.0045367365
1.0873898e-05
0.0045369052
1.1486256e-05
0.0045370764
1.2115958e-05
0.0045372487
1.2762337e-05
0.004537421
1.3424811e-05
0.004537592
1.4102911e-05
0.0045377606
1.4796314e-05
0.0045379258
1.5504849e-05
0.0045380866
1.622851e-05
0.0045382421
1.6967447e-05
0.0045383917
1.7721964e-05
0.0045385347
1.8492496e-05
0.0045386708
1.9279595e-05
0.0045387995
2.0083913e-05
0.0045389205
2.0906191e-05
0.0045390338
2.1747251e-05
0.0045391392
2.2607984e-05
0.0045392367
2.3489344e-05
0.0045393264
2.439234e-05
0.0045394082
2.5318036e-05
0.0045394824
2.6267542e-05
0.0045395491
2.724198e-05
0.0045396086
2.8242439e-05
0.0045396609
2.9269929e-05
0.0045397064
3.0325354e-05
0.0045397454
3.1409483e-05
0.0045397783
3.2522953e-05
0.0045398054
3.3666351e-05
0.0045398273
3.4840378e-05
0.0045398443
3.6046033e-05
0.0045398568
3.728479e-05
0.0045398654
3.8558671e-05
0.0045398703
3.9870062e-05
0.0045398718
4.1221375e-05
0.0045398702
4.2614327e-05
0.0045398659
4.4049929e-05
0.0045398593
4.5528686e-05
0.0045398509
4.7051124e-05
0.0045398413
4.8619143e-05
0.0045398306
5.0236561e-05
0.004539819
5.1908179e-05
0.0045398067
5.3637885e-05
0.0045397938
5.5427209e-05
0.0045397807
5.7275939e-05
0.0045397677
5.9184866e-05
0.004539755
6.115801e-05
0.0045397429
6.3201311e-05
0.0045397312
6.5318839e-05
0.0045397203
6.7511106e-05
0.0045397103
6.9777319e-05
0.0045397018
7.2120305e-05
0.0045396949
7.4542e-05
0.0045396898
7.7042072e-05
0.0045396872
7.9619867e-05
0.0045396878
8.2267064e-05
0.0045396924
8.4969909e-05
0.0045397029
8.7718267e-05
0.0045397226
9.0488649e-05
0.004539753
9.3203171e-05
0.0045397972
9.5767073e-05
0.0045398638
9.8093463e-05
0.0045399602
9.9945043e-05
0.0045400811
0.00010080951
0.0045402122
0.00010014466
0.0045403529
9.7728234e-05
0.0045405149
9.323429e-05
0.0045406699
8.527062e-05
0.0045407272
7.1863406e-05
0.0045405782
5.2875092e-05
0.0045402101
3.1992492e-05
0.0045397392
1.4904491e-05
0.0045393259
5.0976991e-06
0.0045390617
1.7711988e-06
0.0045389429
1.660424e-06
0.0045389098
2.0695922e-06
0.0045389088
2.1286387e-06
0.0045389139
2.0532731e-06
0.0045389179
2.0981347e-06
0.0045389204
2.2494855e-06
0.0045389214
2.4036808e-06
0.0045389216
2.5284959e-06
2.6419205e-06
0.0047901408
4.4277781e-06
0.0047901842
4.7339396e-06
0.0047902372
5.0610103e-06
0.0047903002
5.4096309e-06
0.0047903736
5.7803022e-06
0.0047904578
6.1733927e-06
0.0047905528
6.5891254e-06
0.0047906583
7.0275666e-06
0.0047907743
7.4886335e-06
0.0047909001
7.9721112e-06
0.0047910351
8.4776712e-06
0.0047911787
9.0048845e-06
0.0047913297
9.5532342e-06
0.0047914874
1.012213e-05
0.0047916506
1.0710929e-05
0.004791818
1.131896e-05
0.0047919886
1.194555e-05
0.0047921611
1.259006e-05
0.0047923341
1.3251911e-05
0.0047925066
1.3930612e-05
0.0047926772
1.4625789e-05
0.004792845
1.53372e-05
0.0047930089
1.6064747e-05
0.004793168
1.6808477e-05
0.0047933215
1.7568575e-05
0.0047934687
1.834536e-05
0.0047936091
1.9139266e-05
0.0047937423
1.9950833e-05
0.0047938678
2.0780693e-05
0.0047939855
2.1629567e-05
0.0047940953
2.2498258e-05
0.004794197
2.3387641e-05
0.0047942907
2.4298656e-05
0.0047943763
2.5232311e-05
0.0047944541
2.6189663e-05
0.0047945241
2.7171791e-05
0.0047945865
2.8179749e-05
0.0047946416
2.9214512e-05
0.0047946896
3.0276945e-05
0.0047947308
3.1367771e-05
0.0047947657
3.2487583e-05
0.0047947945
3.3636918e-05
0.0047948179
3.4816434e-05
0.0047948361
3.6027109e-05
0.0047948497
3.7270419e-05
0.0047948591
3.8548415e-05
0.0047948645
3.9863529e-05
0.0047948664
4.1218208e-05
0.0047948651
4.2614201e-05
0.0047948611
4.4052492e-05
0.0047948546
4.5533478e-05
0.0047948463
4.7057649e-05
0.0047948365
4.8626911e-05
0.0047948256
5.0245185e-05
0.0047948137
5.1917433e-05
0.0047948012
5.3647649e-05
0.0047947881
5.5437327e-05
0.0047947747
5.7286126e-05
0.0047947614
5.9194767e-05
0.0047947484
6.116736e-05
0.0047947359
6.321003e-05
0.004794724
6.5326946e-05
0.0047947127
6.7518516e-05
0.0047947025
6.9783848e-05
0.0047946938
7.2125562e-05
0.0047946867
7.4545854e-05
0.0047946815
7.7044321e-05
0.0047946789
7.9619707e-05
0.0047946796
8.2263735e-05
0.0047946844
8.4962551e-05
0.0047946954
8.7704743e-05
0.0047947157
9.0465482e-05
0.0047947472
9.3168276e-05
0.0047947928
9.5717255e-05
0.0047948613
9.8019925e-05
0.0047949601
9.9840119e-05
0.004795084
0.00010067861
0.0047952185
0.00010000254
0.0047953628
9.7575532e-05
0.004795528
9.3059508e-05
0.0047956845
8.5100159e-05
0.0047957402
7.1794206e-05
0.0047955855
5.3018507e-05
0.0047952077
3.236086e-05
0.0047947254
1.5375693e-05
0.0047943022
5.5061298e-06
0.0047940312
2.0219937e-06
0.0047939087
1.76507e-06
0.0047938741
2.0906618e-06
0.0047938724
2.1211908e-06
0.0047938773
2.0435481e-06
0.0047938814
2.0921196e-06
0.004793884
2.246512e-06
0.0047938851
2.4024051e-06
0.0047938853
2.5277332e-06
2.6419756e-06
0.0050594302
4.3943678e-06
0.0050594721
4.6922409e-06
0.0050595229
5.0103767e-06
0.0050595832
5.3494996e-06
0.0050596535
5.7102234e-06
0.005059734
6.093052e-06
0.005059825
6.4983611e-06
0.0050599264
6.9263833e-06
0.005060038
7.3772068e-06
0.0050601595
7.8507854e-06
0.0050602904
8.34695e-06
0.0050604301
8.8654195e-06
0.0050605777
9.4058126e-06
0.0050607324
9.9676611e-06
0.005060893
1.0550429e-05
0.0050610587
1.1153533e-05
0.005061228
1.177637e-05
0.0050613999
1.2418346e-05
0.0050615731
1.3078901e-05
0.0050617463
1.3757539e-05
0.0050619184
1.4453854e-05
0.0050620882
1.5167547e-05
0.0050622546
1.5898442e-05
0.0050624167
1.6646491e-05
0.0050625736
1.7411774e-05
0.0050627246
1.8194495e-05
0.005062869
1.8994971e-05
0.0050630063
1.9813626e-05
0.0050631361
2.0650982e-05
0.0050632581
2.1507655e-05
0.005063372
2.2384349e-05
0.0050634778
2.3281852e-05
0.0050635754
2.4201031e-05
0.0050636647
2.5142827e-05
0.005063746
2.6108238e-05
0.0050638193
2.7098294e-05
0.0050638847
2.8114004e-05
0.0050639426
2.9156304e-05
0.0050639931
3.0226013e-05
0.0050640366
3.1323805e-05
0.0050640735
3.2450219e-05
0.0050641041
3.3605743e-05
0.0050641289
3.4790989e-05
0.0050641484
3.6006906e-05
0.005064163
3.7254975e-05
0.0050641732
3.8537273e-05
0.0050641793
3.9856286e-05
0.0050641817
4.121448e-05
0.0050641808
4.2613672e-05
0.005064177
4.4054773e-05
0.0050641707
4.5538098e-05
0.0050641623
4.706409e-05
0.0050641525
4.8634664e-05
0.0050641414
5.0253846e-05
0.0050641294
5.1926767e-05
0.0050641167
5.365753e-05
0.0050641034
5.5447592e-05
0.0050640897
5.7296477e-05
0.005064076
5.9204834e-05
0.0050640627
6.1176869e-05
0.0050640499
6.3218897e-05
0.0050640377
6.5335189e-05
0.0050640263
6.7526047e-05
0.0050640158
6.979047e-05
0.0050640069
7.2130888e-05
0.0050639997
7.4549728e-05
0.0050639944
7.7046533e-05
0.0050639918
7.9619457e-05
0.0050639926
8.2260213e-05
0.0050639977
8.4954852e-05
0.0050640091
8.7690702e-05
0.00506403
9.0441593e-05
0.0050640624
9.3132296e-05
0.0050641095
9.5665888e-05
0.0050641797
9.7944411e-05
0.0050642808
9.9732775e-05
0.0050644073
0.00010054477
0.0050645451
9.9856946e-05
0.0050646927
9.7419172e-05
0.0050648607
9.2881642e-05
0.0050650182
8.4928237e-05
0.0050650721
7.1726406e-05
0.0050649117
5.3167102e-05
0.0050645249
3.2737762e-05
0.0050640322
1.585678e-05
0.0050635999
5.9230977e-06
0.0050633225
2.2784466e-06
0.0050631967
1.8725425e-06
0.0050631604
2.1128373e-06
0.0050631581
2.1140619e-06
0.0050631628
2.0338737e-06
0.0050631668
2.0860259e-06
0.0050631695
2.2434231e-06
0.0050631707
2.4010396e-06
0.0050631709
2.5269206e-06
2.6420236e-06
0.0053438561
4.3619771e-06
0.0053438964
4.6520794e-06
0.0053439452
4.9618164e-06
0.0053440029
5.2919767e-06
0.00534407
5.6432627e-06
0.005344147
6.0162879e-06
0.005344234
6.4115568e-06
0.0053443311
6.829447e-06
0.0053444383
7.2702025e-06
0.0053445554
7.7339372e-06
0.0053446819
8.2206401e-06
0.0053448173
8.7301824e-06
0.005344961
9.2623262e-06
0.0053451121
9.8167366e-06
0.0053452697
1.0392996e-05
0.0053454328
1.0990627e-05
0.0053456002
1.1609108e-05
0.0053457709
1.2247908e-05
0.0053459434
1.2906504e-05
0.0053461167
1.3584412e-05
0.0053462895
1.4281212e-05
0.0053464606
1.4996566e-05
0.005346629
1.5730234e-05
0.0053467935
1.6482087e-05
0.0053469533
1.7252108e-05
0.0053471076
1.8040392e-05
0.0053472555
1.8847145e-05
0.0053473966
1.9672673e-05
0.0053475303
2.0517387e-05
0.0053476562
2.138179e-05
0.0053477741
2.2266486e-05
0.0053478837
2.3172167e-05
0.0053479851
2.4099617e-05
0.0053480781
2.5049704e-05
0.0053481628
2.6023359e-05
0.0053482393
2.7021556e-05
0.0053483077
2.8045251e-05
0.0053483683
2.9095334e-05
0.0053484214
3.0172573e-05
0.0053484671
3.1277588e-05
0.0053485059
3.2410859e-05
0.0053485383
3.3572816e-05
0.0053485646
3.4764024e-05
0.0053485854
3.5985403e-05
0.0053486011
3.7238432e-05
0.0053486122
3.8525219e-05
0.005348619
3.9848301e-05
0.0053486219
4.1210171e-05
0.0053486214
4.2612697e-05
0.0053486178
4.4056736e-05
0.0053486116
4.5542511e-05
0.0053486034
4.7070412e-05
0.0053485935
4.8642367e-05
0.0053485824
5.0262511e-05
0.0053485702
5.193615e-05
0.0053485573
5.3667497e-05
0.0053485437
5.545797e-05
0.0053485298
5.7306959e-05
0.0053485159
5.9215037e-05
0.0053485024
6.1186507e-05
0.0053484893
6.3227885e-05
0.0053484768
6.5343543e-05
0.0053484651
6.7533677e-05
0.0053484545
6.9797163e-05
0.0053484454
7.2136263e-05
0.0053484381
7.4553606e-05
0.0053484327
7.7048696e-05
0.0053484301
7.9619108e-05
0.0053484311
8.2256496e-05
0.0053484364
8.4946816e-05
0.0053484482
8.7676158e-05
0.0053484697
9.0417017e-05
0.005348503
9.309529e-05
0.0053485514
9.5613063e-05
0.0053486233
9.786707e-05
0.0053487263
9.9623246e-05
0.0053488553
0.00010040828
0.005348996
9.9708176e-05
0.0053491466
9.7259508e-05
0.0053493168
9.2701163e-05
0.0053494749
8.4755404e-05
0.0053495266
7.1660357e-05
0.0053493608
5.332068e-05
0.0053489657
3.3122373e-05
0.0053484638
1.6346619e-05
0.0053480234
6.3476086e-06
0.0053477403
2.5399695e-06
0.0053476113
1.9826311e-06
0.0053475735
2.1361183e-06
0.0053475704
2.107311e-06
0.0053475748
2.0242939e-06
0.0053475789
2.0798735e-06
0.0053475816
2.2402242e-06
0.0053475829
2.3995847e-06
0.0053475832
2.5260592e-06
2.642064e-06
0.0056442688
4.3306146e-06
0.0056443076
4.6134361e-06
0.0056443544
4.915288e-06
0.0056444095
5.2370053e-06
0.0056444736
5.5793589e-06
0.005644547
5.9430501e-06
0.0056446301
6.3286906e-06
0.005644723
6.7367827e-06
0.0056448256
7.1677097e-06
0.005644938
7.6217332e-06
0.0056450599
8.0989942e-06
0.0056451907
8.5995152e-06
0.00564533
9.1232052e-06
0.0056454771
9.669869e-06
0.0056456311
1.0239219e-05
0.005645791
1.0830891e-05
0.0056459558
1.1444464e-05
0.0056461244
1.2079482e-05
0.0056462956
1.2735479e-05
0.0056464682
1.3412001e-05
0.005646641
1.410863e-05
0.0056468127
1.4825006e-05
0.0056469823
1.5560844e-05
0.0056471486
1.6315948e-05
0.0056473106
1.7090214e-05
0.0056474675
1.7883639e-05
0.0056476185
1.869632e-05
0.0056477628
1.9528451e-05
0.0056478999
2.0380327e-05
0.0056480295
2.1252341e-05
0.005648151
2.2144985e-05
0.0056482643
2.3058854e-05
0.0056483692
2.399464e-05
0.0056484656
2.4953128e-05
0.0056485536
2.5935179e-05
0.0056486332
2.6941699e-05
0.0056487045
2.7973587e-05
0.0056487678
2.9031677e-05
0.0056488233
3.0116682e-05
0.0056488712
3.1229159e-05
0.005648912
3.2369526e-05
0.0056489461
3.3538151e-05
0.005648974
3.4735544e-05
0.005648996
3.5962594e-05
0.0056490128
3.7220779e-05
0.0056490248
3.8512235e-05
0.0056490323
3.9839552e-05
0.0056490358
4.1205254e-05
0.0056490357
4.2611244e-05
0.0056490324
4.4058348e-05
0.0056490264
4.5546681e-05
0.0056490182
4.7076578e-05
0.0056490084
4.8649983e-05
0.0056489972
5.0271143e-05
0.005648985
5.1945541e-05
0.005648972
5.3677509e-05
0.0056489582
5.5468425e-05
0.005648944
5.7317538e-05
0.0056489299
5.9225342e-05
0.0056489162
6.1196243e-05
0.0056489029
6.3236964e-05
0.0056488902
6.5351979e-05
0.0056488783
6.7541379e-05
0.0056488675
6.9803904e-05
0.0056488583
7.2141666e-05
0.0056488508
7.455747e-05
0.0056488455
7.7050796e-05
0.0056488429
7.9618651e-05
0.0056488439
8.2252583e-05
0.0056488495
8.4938451e-05
0.0056488617
8.7661137e-05
0.0056488837
9.0391804e-05
0.0056489179
9.3057341e-05
0.0056489674
9.5558902e-05
0.0056490408
9.7788093e-05
0.0056491456
9.9511823e-05
0.0056492766
0.00010026952
0.0056494198
9.9556631e-05
0.005649573
9.7096976e-05
0.005649745
9.2518628e-05
0.005649903
8.4582281e-05
0.0056499521
7.1596421e-05
0.0056497813
5.3478947e-05
0.005649379
3.3513663e-05
0.0056488693
1.6843821e-05
0.0056484219
6.7784557e-06
0.005648134
2.8058478e-06
0.005648002
2.0950763e-06
0.0056479627
2.1604939e-06
0.0056479588
2.1010022e-06
0.005647963
2.0148515e-06
0.005647967
2.0736824e-06
0.0056479698
2.2369207e-06
0.0056479712
2.3980404e-06
0.0056479715
2.5251496e-06
2.6420962e-06
0.0059615672
4.3002993e-06
0.0059616046
4.5763073e-06
0.0059616493
4.8707666e-06
0.0059617019
5.1845452e-06
0.005961763
5.518466e-06
0.005961833
5.8732999e-06
0.0059619121
6.2497461e-06
0.0059620007
6.648413e-06
0.0059620988
7.0698059e-06
0.0059622064
7.5143203e-06
0.0059623233
7.9822393e-06
0.0059624493
8.4737312e-06
0.0059625839
8.9888513e-06
0.0059627264
9.5275467e-06
0.0059628761
1.0089665e-05
0.0059630322
1.0674967e-05
0.0059631938
1.1283141e-05
0.0059633596
1.1913824e-05
0.0059635286
1.2566619e-05
0.0059636997
1.3241119e-05
0.0059638716
1.3936928e-05
0.0059640431
1.4653684e-05
0.005964213
1.5391073e-05
0.0059643803
1.6148844e-05
0.0059645438
1.6926824e-05
0.0059647027
1.7724921e-05
0.005964856
1.8543131e-05
0.0059650031
1.9381539e-05
0.0059651432
2.0240327e-05
0.0059652758
2.1119773e-05
0.0059654006
2.2020259e-05
0.0059655171
2.2942274e-05
0.0059656253
2.3886411e-05
0.0059657249
2.4853368e-05
0.0059658159
2.5843925e-05
0.0059658985
2.6858914e-05
0.0059659725
2.789917e-05
0.0059660384
2.8965463e-05
0.0059660961
3.0058443e-05
0.0059661462
3.11786e-05
0.0059661889
3.2326282e-05
0.0059662247
3.350179e-05
0.005966254
3.4705578e-05
0.0059662774
3.5938497e-05
0.0059662952
3.7202022e-05
0.0059663081
3.8498317e-05
0.0059663163
3.9830025e-05
0.0059663204
4.1199709e-05
0.0059663207
4.2609287e-05
0.0059663178
4.4059577e-05
0.005966312
4.5550572e-05
0.005966304
4.7082549e-05
0.0059662942
4.8657469e-05
0.0059662831
5.0279698e-05
0.0059662709
5.1954899e-05
0.0059662577
5.3687525e-05
0.0059662438
5.5478915e-05
0.0059662294
5.7328171e-05
0.0059662152
5.9235709e-05
0.0059662013
6.1206038e-05
0.0059661878
6.3246097e-05
0.0059661749
6.5360465e-05
0.0059661629
6.7549122e-05
0.005966152
6.9810665e-05
0.0059661426
7.2147071e-05
0.0059661351
7.4561303e-05
0.0059661297
7.7052818e-05
0.0059661272
7.9618079e-05
0.0059661283
8.2248479e-05
0.0059661342
8.4929773e-05
0.0059661467
8.7645673e-05
0.0059661692
9.0366018e-05
0.0059662041
9.3018553e-05
0.0059662547
9.5503557e-05
0.0059663294
9.7707718e-05
0.0059664355
9.9398857e-05
0.0059665682
0.00010012893
0.0059667134
9.9402787e-05
0.0059668688
9.6932101e-05
0.0059670419
9.233468e-05
0.0059671991
8.4409553e-05
0.0059672454
7.1534958e-05
0.0059670699
5.3641503e-05
0.0059666617
3.3910399e-05
0.0059661458
1.7346752e-05
0.005965693
7.2142148e-06
0.005965401
3.0752254e-06
0.0059652666
2.209552e-06
0.0059652258
2.1859319e-06
0.0059652212
2.0951966e-06
0.0059652249
2.0055945e-06
0.0059652289
2.0674772e-06
0.0059652318
2.233522e-06
0.0059652333
2.3964096e-06
0.0059652336
2.5241943e-06
2.64212e-06
0.0062967002
4.27106e-06
0.0062967359
4.5407014e-06
0.0062967787
4.8282422e-06
0.0062968288
5.1345727e-06
0.0062968869
5.4605543e-06
0.0062969534
5.8070118e-06
0.0062970287
6.1747156e-06
0.0062971129
6.5643626e-06
0.0062972064
6.976563e-06
0.0062973091
7.4118318e-06
0.0062974209
7.870582e-06
0.0062975417
8.3531193e-06
0.0062976712
8.8596405e-06
0.0062978087
9.3902343e-06
0.0062979537
9.9448864e-06
0.0062981053
1.0523487e-05
0.0062982628
1.1125846e-05
0.0062984251
1.17517e-05
0.0062985912
1.2400739e-05
0.0062987599
1.307262e-05
0.00629893
1.3766985e-05
0.0062991004
1.4483486e-05
0.0062992698
1.5221798e-05
0.0062994372
1.5981636e-05
0.0062996014
1.676277e-05
0.0062997615
1.756503e-05
0.0062999164
1.8388322e-05
0.0063000654
1.9232629e-05
0.0063002079
2.0098021e-05
0.006300343
2.0984665e-05
0.0063004705
2.1892828e-05
0.0063005899
2.2822889e-05
0.0063007008
2.3775341e-05
0.0063008033
2.4750783e-05
0.0063008971
2.5749908e-05
0.0063009823
2.677347e-05
0.0063010589
2.7822228e-05
0.006301127
2.8896884e-05
0.006301187
2.9998016e-05
0.0063012391
3.1126042e-05
0.0063012836
3.2281232e-05
0.0063013209
3.3463817e-05
0.0063013517
3.4674187e-05
0.0063013762
3.5913154e-05
0.0063013951
3.7182186e-05
0.0063014089
3.8483477e-05
0.0063014179
3.9819722e-05
0.0063014226
4.1193524e-05
0.0063014234
4.2606812e-05
0.0063014208
4.4060396e-05
0.0063014153
4.5554149e-05
0.0063014075
4.7088286e-05
0.0063013978
4.8664783e-05
0.0063013868
5.0288132e-05
0.0063013746
5.1964178e-05
0.0063013614
5.3697497e-05
0.0063013473
5.548939e-05
0.0063013329
5.7338811e-05
0.0063013186
5.9246091e-05
0.0063013046
6.1215848e-05
0.006301291
6.3255242e-05
0.006301278
6.5368961e-05
0.0063012658
6.7556871e-05
0.0063012548
6.9817415e-05
0.0063012454
7.2152451e-05
0.0063012379
7.4565081e-05
0.0063012325
7.7054748e-05
0.00630123
7.9617385e-05
0.0063012313
8.2244188e-05
0.0063012373
8.4920803e-05
0.0063012502
8.7629815e-05
0.0063012731
9.0339738e-05
0.0063013086
9.2979057e-05
0.0063013601
9.5447223e-05
0.0063014357
9.7626233e-05
0.0063015428
9.9284767e-05
0.0063016766
9.9987028e-05
0.0063018234
9.9247222e-05
0.0063019803
9.6765514e-05
0.0063021538
9.2150063e-05
0.0063023096
8.4237979e-05
0.0063023527
7.1476324e-05
0.0063021731
5.3807819e-05
0.0063017605
3.4311091e-05
0.0063012404
1.785347e-05
0.0063007839
7.6532016e-06
0.006300489
3.3470854e-06
0.0063003525
2.325663e-06
0.0063003104
2.2123768e-06
0.0063003049
2.0899665e-06
0.0063003083
1.9965627e-06
0.0063003122
2.0612834e-06
0.0063003152
2.2300389e-06
0.0063003168
2.3946962e-06
0.0063003171
2.5231961e-06
2.6421354e-06
0.00665067
4.242936e-06
0.0066507043
4.5066403e-06
0.006650745
4.7877206e-06
0.0066507927
5.0870814e-06
0.0066508478
5.4056113e-06
0.0066509109
5.7441764e-06
0.0066509822
6.1036033e-06
0.0066510621
6.4846622e-06
0.0066511509
6.8880526e-06
0.0066512485
7.3143936e-06
0.0066513551
7.7642151e-06
0.0066514705
8.2379498e-06
0.0066515944
8.7359281e-06
0.0066517265
9.2583761e-06
0.0066518661
9.8054166e-06
0.0066520128
1.0377074e-05
0.0066521655
1.0973279e-05
0.0066523235
1.1593886e-05
0.0066524858
1.223868e-05
0.0066526512
1.2907394e-05
0.0066528187
1.3599726e-05
0.006652987
1.4315361e-05
0.0066531549
1.5053978e-05
0.0066533215
1.5815277e-05
0.0066534854
1.6598983e-05
0.0066536457
1.7404868e-05
0.0066538014
1.8232755e-05
0.0066539516
1.9082533e-05
0.0066540956
1.9954169e-05
0.0066542326
2.0847717e-05
0.0066543621
2.1763333e-05
0.0066544837
2.2701284e-05
0.006654597
2.3661952e-05
0.0066547018
2.4645839e-05
0.006654798
2.5653542e-05
0.0066548854
2.6685729e-05
0.0066549642
2.7743077e-05
0.0066550345
2.8826211e-05
0.0066550964
2.9935632e-05
0.0066551503
3.1071677e-05
0.0066551964
3.2234535e-05
0.0066552352
3.3424358e-05
0.0066552673
3.464147e-05
0.006655293
3.588664e-05
0.0066553129
3.7161327e-05
0.0066553275
3.846775e-05
0.0066553373
3.9808655e-05
0.0066553426
4.1186699e-05
0.0066553439
4.260381e-05
0.0066553418
4.4060782e-05
0.0066553366
4.555738e-05
0.006655329
4.7093748e-05
0.0066553195
4.867188e-05
0.0066553085
5.0296395e-05
0.0066552964
5.1973323e-05
0.0066552832
5.370737e-05
0.0066552692
5.5499796e-05
0.0066552547
5.7349402e-05
0.0066552403
5.9256434e-05
0.0066552263
6.1225622e-05
0.0066552127
6.3264353e-05
0.0066551996
6.5377424e-05
0.0066551875
6.7564584e-05
0.0066551764
6.9824117e-05
0.006655167
7.2157775e-05
0.0066551594
7.4568782e-05
0.006655154
7.7056568e-05
0.0066551516
7.9616562e-05
0.006655153
8.2239722e-05
0.0066551593
8.4911574e-05
0.0066551724
8.7613621e-05
0.0066551957
9.031307e-05
0.0066552316
9.2939019e-05
0.0066552838
9.5390139e-05
0.0066553601
9.7543989e-05
0.0066554677
9.9170052e-05
0.006655602
9.9844444e-05
0.0066557497
9.9090622e-05
0.0066559073
9.659796e-05
0.0066560804
9.1965632e-05
0.006656234
8.4068388e-05
0.0066562737
7.1420861e-05
0.0066560908
5.3977217e-05
0.0066556756
3.4713976e-05
0.0066551536
1.8361705e-05
0.0066546955
8.0934502e-06
0.0066543989
3.6202303e-06
0.0066542609
2.4429295e-06
0.0066542176
2.2397516e-06
0.0066542113
2.0853615e-06
0.0066542143
1.9878104e-06
0.0066542181
2.0551308e-06
0.0066542212
2.2264862e-06
0.0066542228
2.3929069e-06
0.0066542232
2.5221595e-06
2.6421425e-06
0.0070245357
4.2159783e-06
0.0070245683
4.47416e-06
0.007024607
4.7492243e-06
0.0070246523
5.0420829e-06
0.0070247044
5.3536432e-06
0.007024764
5.6848014e-06
0.0070248314
6.0364285e-06
0.007024907
6.4093539e-06
0.0070249909
6.8043519e-06
0.0070250834
7.2221315e-06
0.0070251845
7.6633255e-06
0.0070252942
8.1284817e-06
0.0070254123
8.6180547e-06
0.0070255385
9.1324009e-06
0.0070256723
9.6717765e-06
0.0070258133
1.0236338e-05
0.0070259606
1.0826145e-05
0.0070261135
1.1441169e-05
0.0070262711
1.2081301e-05
0.0070264323
1.2746364e-05
0.0070265961
1.3436128e-05
0.0070267613
1.415032e-05
0.0070269268
1.4888648e-05
0.0070270915
1.5650807e-05
0.0070272541
1.64365e-05
0.0070274136
1.7245449e-05
0.0070275691
1.8077412e-05
0.0070277196
1.8932193e-05
0.0070278641
1.9809662e-05
0.0070280021
2.0709767e-05
0.0070281329
2.1632552e-05
0.007028256
2.2578171e-05
0.007028371
2.3546898e-05
0.0070284776
2.4539126e-05
0.0070285756
2.5555356e-05
0.0070286649
2.659616e-05
0.0070287455
2.766213e-05
0.0070288175
2.8753805e-05
0.0070288811
2.9871601e-05
0.0070289365
3.101577e-05
0.007028984
3.2186413e-05
0.0070290241
3.3383597e-05
0.0070290573
3.4607576e-05
0.007029084
3.5859072e-05
0.0070291048
3.7139531e-05
0.0070291203
3.8451197e-05
0.0070291308
3.9796864e-05
0.0070291367
4.1179253e-05
0.0070291386
4.2600281e-05
0.0070291369
4.406072e-05
0.007029132
4.5560235e-05
0.0070291247
4.7098893e-05
0.0070291154
4.8678711e-05
0.0070291046
5.0304434e-05
0.0070290925
5.198228e-05
0.0070290795
5.3717086e-05
0.0070290657
5.5510071e-05
0.0070290512
5.7359882e-05
0.0070290368
5.9266678e-05
0.0070290228
6.1235302e-05
0.0070290093
6.3273375e-05
0.0070289963
6.5385802e-05
0.0070289842
6.7572214e-05
0.0070289731
6.9830729e-05
0.0070289637
7.2163006e-05
0.0070289561
7.4572379e-05
0.0070289509
7.7058263e-05
0.0070289486
7.9615606e-05
0.0070289501
8.2235096e-05
0.0070289565
8.4902126e-05
0.0070289699
8.7597166e-05
0.0070289933
9.028614e-05
0.0070290296
9.2898637e-05
0.0070290821
9.5332595e-05
0.0070291586
9.7461407e-05
0.0070292662
9.9055296e-05
0.0070294004
9.9701906e-05
0.0070295482
9.8933802e-05
0.0070297058
9.6430318e-05
0.0070298776
9.1782361e-05
0.0070300282
8.390169e-05
0.0070300642
7.1368884e-05
0.0070298788
5.4148843e-05
0.0070294632
3.511697e-05
0.0070289419
1.8868807e-05
0.0070284846
8.5326719e-06
0.0070281879
3.8932588e-06
0.0070280491
2.5607785e-06
0.0070280048
2.2679492e-06
0.0070279976
2.081425e-06
0.0070280002
1.9793922e-06
0.0070280039
2.0490512e-06
0.007028007
2.2228815e-06
0.0070280087
2.3910507e-06
0.0070280091
2.5210897e-06
2.6421414e-06
0.0074194154
4.19025e-06
0.0074194465
4.4433113e-06
0.0074194831
4.7127929e-06
0.0074195258
4.9996084e-06
0.007419575
5.3046766e-06
0.0074196311
5.6289154e-06
0.0074196945
5.9732295e-06
0.0074197656
6.3384956e-06
0.0074198446
6.72555e-06
0.0074199318
7.1351777e-06
0.0074200273
7.5681013e-06
0.007420131
8.0249709e-06
0.007420243
8.5063541e-06
0.0074203629
9.012729e-06
0.0074204904
9.5444783e-06
0.0074206251
1.0101888e-05
0.0074207663
1.0685145e-05
0.0074209133
1.1294342e-05
0.0074210653
1.1929483e-05
0.0074212214
1.2590489e-05
0.0074213805
1.3277211e-05
0.0074215416
1.398944e-05
0.0074217035
1.472692e-05
0.0074218651
1.5489363e-05
0.0074220253
1.6276462e-05
0.0074221829
1.708791e-05
0.007422337
1.7923408e-05
0.0074224866
1.878269e-05
0.0074226308
1.9665537e-05
0.0074227688
2.0571798e-05
0.0074229
2.1501409e-05
0.0074230237
2.2454413e-05
0.0074231396
2.3430972e-05
0.0074232472
2.4431372e-05
0.0074233464
2.545601e-05
0.0074234369
2.6505359e-05
0.0074235188
2.7579917e-05
0.0074235921
2.8680132e-05
0.0074236569
2.9806331e-05
0.0074237135
3.0958671e-05
0.0074237621
3.2137163e-05
0.0074238033
3.3341783e-05
0.0074238374
3.4572709e-05
0.007423865
3.5830612e-05
0.0074238866
3.7116925e-05
0.0074239028
3.8433914e-05
0.0074239139
3.978442e-05
0.0074239205
4.1171221e-05
0.0074239229
4.2596233e-05
0.0074239216
4.4060204e-05
0.0074239171
4.5562689e-05
0.0074239101
4.7103682e-05
0.0074239011
4.8685229e-05
0.0074238905
5.0312193e-05
0.0074238787
5.1990988e-05
0.0074238659
5.3726577e-05
0.0074238522
5.5520145e-05
0.007423838
5.737018e-05
0.0074238237
5.9276754e-05
0.0074238098
6.1244824e-05
0.0074237964
6.3282246e-05
0.0074237836
6.5394037e-05
0.0074237715
6.7579706e-05
0.0074237605
6.9837204e-05
0.0074237512
7.2168107e-05
0.0074237437
7.4575844e-05
0.0074237386
7.7059816e-05
0.0074237364
7.9614516e-05
0.0074237381
8.2230332e-05
0.0074237446
8.489251e-05
0.0074237581
8.7580543e-05
0.0074237817
9.0259106e-05
0.007423818
9.2858154e-05
0.0074238706
9.5274943e-05
0.0074239469
9.7378983e-05
0.0074240538
9.8941189e-05
0.0074241871
9.9560269e-05
0.0074243341
9.8777715e-05
0.0074244907
9.6263611e-05
0.0074246601
9.1601358e-05
0.0074248068
8.3738877e-05
0.0074248389
7.1320679e-05
0.0074246522
5.432164e-05
0.0074242387
3.5517628e-05
0.0074237214
1.9371706e-05
0.0074232675
8.968218e-06
0.0074229726
4.1645398e-06
0.0074228338
2.6785285e-06
0.0074227886
2.2968256e-06
0.0074227807
2.0781923e-06
0.0074227828
1.9713628e-06
0.0074227864
2.0430801e-06
0.0074227895
2.2192464e-06
0.0074227913
2.3891393e-06
0.0074227917
2.5199938e-06
2.6421326e-06
0.0078364905
4.1658278e-06
0.0078365198
4.4141618e-06
0.0078365543
4.6784855e-06
0.0078365944
4.9597105e-06
0.0078366406
5.2587611e-06
0.0078366931
5.5765703e-06
0.0078367525
5.9140676e-06
0.0078368191
6.2721668e-06
0.0078368931
6.6517546e-06
0.0078369749
7.0536796e-06
0.0078370645
7.4787413e-06
0.007837162
7.9276795e-06
0.0078372674
8.4011631e-06
0.0078373806
8.8997812e-06
0.0078375013
9.4240353e-06
0.0078376291
9.9743339e-06
0.0078377635
1.0550989e-05
0.0078379039
1.1154215e-05
0.0078380494
1.178413e-05
0.0078381994
1.2440761e-05
0.0078383527
1.3124049e-05
0.0078385085
1.3833859e-05
0.0078386656
1.4569986e-05
0.0078388229
1.5332174e-05
0.0078389794
1.6120124e-05
0.0078391339
1.6933508e-05
0.0078392854
1.7771993e-05
0.0078394329
1.863525e-05
0.0078395755
1.9522985e-05
0.0078397124
2.0434953e-05
0.0078398428
2.1370991e-05
0.0078399661
2.2331032e-05
0.0078400819
2.331513e-05
0.0078401897
2.432346e-05
0.0078402893
2.5356312e-05
0.0078403804
2.6414058e-05
0.0078404629
2.7497096e-05
0.0078405369
2.860578e-05
0.0078406024
2.9740339e-05
0.0078406597
3.0900832e-05
0.0078407091
3.2087172e-05
0.0078407509
3.3299242e-05
0.0078407857
3.4537139e-05
0.007840814
3.5801481e-05
0.0078408362
3.7093683e-05
0.007840853
3.8416033e-05
0.0078408647
3.9771418e-05
0.0078408718
4.1162664e-05
0.0078408747
4.2591715e-05
0.0078408739
4.4059226e-05
0.0078408698
4.5564717e-05
0.0078408632
4.7108082e-05
0.0078408545
4.8691382e-05
0.0078408443
5.0319612e-05
0.0078408329
5.1999378e-05
0.0078408203
5.3735771e-05
0.0078408069
5.552994e-05
0.0078407929
5.7380215e-05
0.0078407789
5.9286582e-05
0.0078407652
6.1254112e-05
0.0078407521
6.3290897e-05
0.0078407394
6.5402063e-05
0.0078407275
6.7587001e-05
0.0078407167
6.984349e-05
0.0078407075
7.2173032e-05
0.0078407003
7.4579146e-05
0.0078406953
7.7061211e-05
0.0078406932
7.9613293e-05
0.007840695
8.2225457e-05
0.0078407017
8.4882791e-05
0.0078407153
8.756387e-05
0.0078407387
9.0232157e-05
0.0078407748
9.2817858e-05
0.0078408271
9.5217601e-05
0.0078409027
9.7297307e-05
0.0078410081
9.8828532e-05
0.0078411396
9.9420528e-05
0.0078412847
9.8623475e-05
0.0078414392
9.6099031e-05
0.0078416051
9.1423878e-05
0.0078417469
8.3581023e-05
0.007841775
7.1276487e-05
0.0078415884
5.4494313e-05
0.0078411799
3.5913094e-05
0.0078406703
1.9866855e-05
0.0078402231
9.3970348e-06
0.0078399319
4.4321839e-06
0.007839794
2.7953756e-06
0.0078397484
2.3261934e-06
0.0078397397
2.0756874e-06
0.0078397414
1.9637761e-06
0.0078397448
2.0372562e-06
0.007839748
2.215607e-06
0.0078397498
2.3871882e-06
0.0078397503
2.5188802e-06
2.6421163e-06
0.0082770087
4.1428033e-06
0.0082770363
4.3867971e-06
0.0082770686
4.6463822e-06
0.008277106
4.9224653e-06
0.008277149
5.2159725e-06
0.008277198
5.5278456e-06
0.0082772532
5.8590322e-06
0.0082773152
6.2104747e-06
0.008277384
6.5830996e-06
0.0082774601
6.9778082e-06
0.0082775437
7.3954651e-06
0.0082776347
7.8368872e-06
0.0082777333
8.302833e-06
0.0082778393
8.7939913e-06
0.0082779526
9.3109725e-06
0.0082780729
9.8542999e-06
0.0082781997
1.0424404e-05
0.0082783325
1.1021619e-05
0.0082784707
1.1646178e-05
0.0082786135
1.2298215e-05
0.00827876
1.2977769e-05
0.0082789092
1.3684785e-05
0.0082790603
1.4419125e-05
0.008279212
1.5180574e-05
0.0082793634
1.5968854e-05
0.0082795134
1.6783637e-05
0.0082796609
1.7624563e-05
0.0082798049
1.8491258e-05
0.0082799446
1.9383362e-05
0.008280079
2.030055e-05
0.0082802074
2.1242563e-05
0.0082803292
2.2209233e-05
0.0082804438
2.3200505e-05
0.0082805507
2.4216446e-05
0.0082806496
2.5257239e-05
0.0082807403
2.6323151e-05
0.0082808227
2.7414479e-05
0.0082808966
2.8531475e-05
0.0082809622
2.9674268e-05
0.0082810197
3.0842815e-05
0.0082810693
3.2036926e-05
0.0082811115
3.3256389e-05
0.0082811466
3.4501215e-05
0.0082811753
3.5771966e-05
0.0082811979
3.7070037e-05
0.0082812151
3.8397733e-05
0.0082812273
3.9757988e-05
0.0082812349
4.1153675e-05
0.0082812382
4.258676e-05
0.0082812378
4.4057817e-05
0.0082812342
4.5566312e-05
0.008281228
4.7112058e-05
0.0082812197
4.8697121e-05
0.00828121
5.0326629e-05
0.008281199
5.2007377e-05
0.0082811868
5.3744587e-05
0.0082811738
5.5539368e-05
0.0082811602
5.7389899e-05
0.0082811466
5.9296075e-05
0.0082811333
6.1263082e-05
0.0082811204
6.3299246e-05
0.0082811081
6.5409805e-05
0.0082810965
6.7594031e-05
0.008281086
6.9849527e-05
0.0082810771
7.2177735e-05
0.0082810701
7.458225e-05
0.0082810653
7.706243e-05
0.0082810634
7.961194e-05
0.0082810653
8.2220508e-05
0.008281072
8.4873049e-05
0.0082810855
8.7547287e-05
0.0082811087
9.0205517e-05
0.0082811443
9.2778093e-05
0.0082811958
9.5161063e-05
0.00828127
9.7217069e-05
0.0082813731
9.8718255e-05
0.0082815016
9.9283837e-05
0.0082816438
9.8472375e-05
0.0082817948
9.5937954e-05
0.0082819559
9.1251344e-05
0.0082820918
8.3429296e-05
0.0082821159
7.1236493e-05
0.0082819311
5.4665298e-05
0.0082815311
3.6300049e-05
0.0082810333
2.0350168e-05
0.0082805965
9.8156101e-06
0.0082803113
4.6940082e-06
0.0082801756
2.9103764e-06
0.0082801298
2.3558169e-06
0.0082801206
2.0739226e-06
0.0082801218
1.9566858e-06
0.008280125
2.0316215e-06
0.0082801281
2.2119938e-06
0.00828013
2.3852163e-06
0.0082801305
2.5177594e-06
2.6420931e-06
0.0087422883
4.1212863e-06
0.008742314
4.3613237e-06
0.0087423439
4.6165872e-06
0.0087423786
4.8879767e-06
0.0087424184
5.1764166e-06
0.0087424636
5.4828535e-06
0.0087425146
5.808247e-06
0.0087425717
6.153561e-06
0.0087426353
6.5197535e-06
0.0087427056
6.9077683e-06
0.0087427827
7.3185241e-06
0.0087428669
7.7529038e-06
0.0087429583
8.2117432e-06
0.0087430567
8.6958195e-06
0.0087431621
9.2058409e-06
0.0087432742
9.7424365e-06
0.0087433927
1.0306148e-05
0.0087435171
1.0897422e-05
0.0087436469
1.1516604e-05
0.0087437814
1.2163938e-05
0.0087439198
1.2839561e-05
0.0087440613
1.3543506e-05
0.0087442049
1.4275706e-05
0.0087443496
1.5036002e-05
0.0087444944
1.5824148e-05
0.0087446383
1.6639827e-05
0.0087447803
1.7482669e-05
0.0087449194
1.8352267e-05
0.0087450546
1.9248208e-05
0.008745185
2.0170095e-05
0.00874531
2.1117585e-05
0.0087454288
2.2090414e-05
0.0087455408
2.3088426e-05
0.0087456456
2.4111581e-05
0.0087457427
2.5159956e-05
0.0087458319
2.6233712e-05
0.0087459131
2.7333045e-05
0.0087459861
2.8458101e-05
0.008746051
2.9608907e-05
0.008746108
3.0785316e-05
0.0087461572
3.1987033e-05
0.0087461992
3.3213743e-05
0.0087462343
3.4465375e-05
0.008746263
3.574243e-05
0.0087462858
3.7046279e-05
0.0087463032
3.8379247e-05
0.0087463157
3.9744307e-05
0.0087463236
4.1144379e-05
0.0087463273
4.2581444e-05
0.0087463273
4.4056011e-05
0.0087463242
4.5567476e-05
0.0087463184
4.7115582e-05
0.0087463107
4.8702397e-05
0.0087463015
5.0333177e-05
0.008746291
5.2014908e-05
0.0087462794
5.3752936e-05
0.0087462669
5.5548334e-05
0.0087462539
5.739913e-05
0.0087462408
5.9305133e-05
0.0087462279
6.1271639e-05
0.0087462155
6.3307206e-05
0.0087462036
6.5417181e-05
0.0087461925
6.7600718e-05
0.0087461825
6.985525e-05
0.008746174
7.2182161e-05
0.0087461673
7.4585119e-05
0.0087461627
7.7063457e-05
0.008746161
7.9610467e-05
0.0087461629
8.2215532e-05
0.0087461696
8.4863383e-05
0.0087461829
8.7530966e-05
0.0087462056
9.0179455e-05
0.0087462404
9.2739266e-05
0.0087462906
9.5105913e-05
0.0087463627
9.7139075e-05
0.0087464625
9.8611438e-05
0.0087465868
9.9151529e-05
0.0087467245
9.8325914e-05
0.0087468707
9.578197e-05
0.0087470255
9.1085361e-05
0.0087471544
8.3284965e-05
0.0087471744
7.1200814e-05
0.0087469934
5.4832721e-05
0.0087466059
3.6674644e-05
0.0087461248
2.0816954e-05
0.0087457026
1.021992e-05
0.0087454264
4.9475032e-06
0.008745294
3.0224297e-06
0.0087452486
2.3854011e-06
0.0087452389
2.0728925e-06
0.0087452396
1.950143e-06
0.0087452427
2.0262223e-06
0.0087452458
2.2084436e-06
0.0087452476
2.3832476e-06
0.0087452481
2.5166445e-06
2.6420634e-06
0.0092337216
4.1014065e-06
0.0092337452
4.3378724e-06
0.0092337727
4.5892331e-06
0.0092338045
4.8563804e-06
0.0092338409
5.1402352e-06
0.0092338822
5.4417451e-06
0.0092339288
5.7618778e-06
0.0092339809
6.1016122e-06
0.009234039
6.4619309e-06
0.0092341032
6.8438114e-06
0.0092341737
7.2482169e-06
0.0092342508
7.6760854e-06
0.0092343344
8.1283188e-06
0.0092344247
8.6057712e-06
0.0092345215
9.1092372e-06
0.0092346248
9.6394411e-06
0.0092347341
1.0197026e-05
0.0092348492
1.0782544e-05
0.0092349696
1.1396449e-05
0.0092350947
1.2039087e-05
0.0092352237
1.2710696e-05
0.009235356
1.34114e-05
0.0092354907
1.4141208e-05
0.0092356268
1.4900022e-05
0.0092357634
1.568764e-05
0.0092358996
1.6503767e-05
0.0092360343
1.7348035e-05
0.0092361666
1.8220016e-05
0.0092362956
1.9119255e-05
0.0092364204
2.0045299e-05
0.0092365403
2.0997727e-05
0.0092366545
2.1976191e-05
0.0092367624
2.2980438e-05
0.0092368635
2.4010327e-05
0.0092369575
2.5065832e-05
0.009237044
2.6147013e-05
0.0092371228
2.7253959e-05
0.0092371938
2.8386717e-05
0.0092372571
2.9545208e-05
0.0092373127
3.0729179e-05
0.0092373609
3.1938227e-05
0.0092374021
3.317194e-05
0.0092374366
3.4430158e-05
0.0092374649
3.5713322e-05
0.0092374875
3.702278e-05
0.0092375049
3.8360866e-05
0.0092375174
3.9730598e-05
0.0092375255
4.1134935e-05
0.0092375295
4.2575872e-05
0.0092375299
4.405386e-05
0.0092375272
4.5568219e-05
0.009237522
4.7118628e-05
0.0092375149
4.8707158e-05
0.0092375063
5.0339187e-05
0.0092374965
5.2021886e-05
0.0092374856
5.3760719e-05
0.0092374738
5.555673e-05
0.0092374615
5.7407796e-05
0.009237449
5.9313642e-05
0.0092374368
6.1279675e-05
0.009237425
6.3314675e-05
0.0092374138
6.5424095e-05
0.0092374032
6.7606976e-05
0.0092373938
6.9860582e-05
0.0092373857
7.2186251e-05
0.0092373794
7.4587713e-05
0.0092373752
7.7064276e-05
0.0092373736
7.9608886e-05
0.0092373757
8.2210587e-05
0.0092373823
8.4853914e-05
0.0092373952
8.7515106e-05
0.0092374171
9.0154285e-05
0.0092374506
9.2701851e-05
0.009237499
9.5052833e-05
0.0092375681
9.7064263e-05
0.0092376634
9.8509325e-05
0.0092377821
9.9025139e-05
0.0092379138
9.8185818e-05
0.0092380533
9.5632904e-05
0.0092382001
9.0927744e-05
0.0092383209
8.3149416e-05
0.0092383371
7.1169496e-05
0.0092381623
5.4994358e-05
0.0092377919
3.7032436e-05
0.0092373331
2.1261828e-05
0.0092369303
1.0605352e-05
0.0092366662
5.1897819e-06
0.0092365388
3.1302569e-06
0.0092364944
2.4145912e-06
0.0092364842
2.0725792e-06
0.0092364845
1.9441989e-06
0.0092364874
2.0211092e-06
0.0092364904
2.2049981e-06
0.0092364922
2.38131e-06
0.0092364927
2.5155513e-06
2.6420284e-06
0.0097527794
4.0833166e-06
0.0097528009
4.316601e-06
0.0097528258
4.564484e-06
0.0097528545
4.8278488e-06
0.0097528873
5.1076111e-06
0.0097529245
5.4047176e-06
0.0097529665
5.7201401e-06
0.0097530134
6.0548685e-06
0.0097530657
6.4099033e-06
0.0097531234
6.7862488e-06
0.009753187
7.1849038e-06
0.0097532564
7.6068518e-06
0.0097533319
8.0530501e-06
0.0097534135
8.5244183e-06
0.0097535011
9.0218261e-06
0.0097535947
9.5460814e-06
0.009753694
1.0097918e-05
0.0097537988
1.0677985e-05
0.0097539086
1.1286834e-05
0.009754023
1.1924912e-05
0.0097541413
1.259255e-05
0.0097542629
1.3289962e-05
0.0097543871
1.4017236e-05
0.0097545129
1.4774341e-05
0.0097546395
1.5561123e-05
0.0097547661
1.637732e-05
0.0097548916
1.7222572e-05
0.0097550152
1.8096444e-05
0.0097551361
1.8998454e-05
0.0097552533
1.9928098e-05
0.0097553661
2.0884894e-05
0.0097554738
2.1868415e-05
0.0097555759
2.2878322e-05
0.0097556717
2.3914381e-05
0.009755761
2.4976469e-05
0.0097558432
2.6064545e-05
0.0097559183
2.7178601e-05
0.0097559861
2.831858e-05
0.0097560466
2.9484302e-05
0.0097560999
3.0675409e-05
0.0097561462
3.1891395e-05
0.0097561858
3.3131747e-05
0.009756219
3.4396219e-05
0.0097562464
3.5685193e-05
0.0097562683
3.6999988e-05
0.0097562853
3.8342954e-05
0.0097562976
3.971714e-05
0.0097563057
4.1125549e-05
0.0097563099
4.2570181e-05
0.0097563107
4.4051439e-05
0.0097563085
4.5568569e-05
0.0097563039
4.7121182e-05
0.0097562975
4.8711356e-05
0.0097562896
5.0344587e-05
0.0097562806
5.2028218e-05
0.0097562705
5.376783e-05
0.0097562596
5.5564434e-05
0.0097562482
5.7415768e-05
0.0097562366
5.9321476e-05
0.0097562252
6.1287069e-05
0.0097562143
6.3321539e-05
0.0097562038
6.5430442e-05
0.009756194
6.7612707e-05
0.0097561853
6.9865441e-05
0.0097561778
7.2189937e-05
0.009756172
7.4589988e-05
0.0097561682
7.706487e-05
0.0097561669
7.9607217e-05
0.009756169
8.2205743e-05
0.0097561754
8.4844786e-05
0.0097561878
8.7499943e-05
0.0097562086
9.0130381e-05
0.0097562403
9.2666406e-05
0.009756286
9.5002613e-05
0.0097563512
9.6993719e-05
0.0097564408
9.8413351e-05
0.0097565522
9.8906431e-05
0.0097566759
9.8054076e-05
0.0097568069
9.5492845e-05
0.0097569439
9.0780545e-05
0.0097570552
8.3024166e-05
0.0097570678
7.1142495e-05
0.0097569021
5.5147588e-05
0.0097565542
3.7368302e-05
0.0097561241
2.1678636e-05
0.0097557463
1.0966644e-05
0.0097554978
5.4175431e-06
0.0097553772
3.2323754e-06
0.0097553344
2.4429516e-06
0.0097553241
2.0729376e-06
0.0097553241
1.9389e-06
0.0097553267
2.0163392e-06
0.0097553296
2.2017087e-06
0.0097553313
2.3794392e-06
0.0097553318
2.5144994e-06
2.6419893e-06
0.010301016
4.0672037e-06
0.010301035
4.2977065e-06
0.010301057
4.5425482e-06
0.010301083
4.8026036e-06
0.010301112
5.0787824e-06
0.010301144
5.3720288e-06
0.010301181
5.6833163e-06
0.010301223
6.0136419e-06
0.010301269
6.3640195e-06
0.01030132
6.7354736e-06
0.010301376
7.1290312e-06
0.010301437
7.5457125e-06
0.010301504
7.9865204e-06
0.010301576
8.4524289e-06
0.010301654
8.9443716e-06
0.010301737
9.4632282e-06
0.010301825
1.0009812e-05
0.010301919
1.0584856e-05
0.010302017
1.1189003e-05
0.010302119
1.1822787e-05
0.010302225
1.2486632e-05
0.010302334
1.3180833e-05
0.010302446
1.3905558e-05
0.01030256
1.466084e-05
0.010302674
1.5446578e-05
0.010302789
1.6262548e-05
0.010302904
1.7108408e-05
0.010303016
1.7983724e-05
0.010303127
1.8887993e-05
0.010303234
1.9820678e-05
0.010303338
2.0781244e-05
0.010303437
2.1769197e-05
0.010303531
2.2784121e-05
0.01030362
2.3825698e-05
0.010303702
2.4893716e-05
0.010303779
2.5988043e-05
0.010303848
2.7108574e-05
0.010303912
2.8255159e-05
0.010303968
2.9427518e-05
0.010304018
3.0625195e-05
0.010304061
3.1847583e-05
0.010304098
3.3094072e-05
0.010304129
3.4364336e-05
0.010304155
3.5658696e-05
0.010304176
3.6978447e-05
0.010304192
3.8325945e-05
0.010304204
3.9704275e-05
0.010304212
4.1116471e-05
0.010304216
4.2564542e-05
0.010304217
4.4048849e-05
0.010304215
4.5568562e-05
0.010304211
4.7123231e-05
0.010304206
4.8714942e-05
0.010304199
5.0349298e-05
0.010304191
5.2033804e-05
0.010304182
5.3774149e-05
0.010304172
5.5571312e-05
0.010304162
5.7422904e-05
0.010304151
5.9328492e-05
0.010304141
6.1293684e-05
0.010304131
6.332767e-05
0.010304121
6.5436099e-05
0.010304113
6.76178e-05
0.010304105
6.9869731e-05
0.010304098
7.2193147e-05
0.010304093
7.4591897e-05
0.010304089
7.7065224e-05
0.010304088
7.9605486e-05
0.01030409
8.2201083e-05
0.010304097
8.4836164e-05
0.010304108
8.7485759e-05
0.010304128
9.0108172e-05
0.010304157
9.2633573e-05
0.010304199
9.4956173e-05
0.010304259
9.6928696e-05
0.010304342
9.8325165e-05
0.010304444
9.8797433e-05
0.010304557
9.7932972e-05
0.010304678
9.5364191e-05
0.010304803
9.0646089e-05
0.010304903
8.2910899e-05
0.010304913
7.1119694e-05
0.010304759
5.5289352e-05
0.01030444
3.7676346e-05
0.010304046
2.2060315e-05
0.0103037
1.1297757e-05
0.010303471
5.6269961e-06
0.010303359
3.3270835e-06
0.010303319
2.4699848e-06
0.010303309
2.0739183e-06
0.010303308
1.9342963e-06
0.010303311
2.011973e-06
0.010303313
2.1986299e-06
0.010303315
2.3776742e-06
0.010303315
2.5135125e-06
2.6419485e-06
0.010880074
4.0532816e-06
0.01088009
4.2814208e-06
0.010880109
4.5236775e-06
0.010880131
4.7809184e-06
0.010880156
5.0540475e-06
0.010880184
5.3440057e-06
0.010880216
5.6517666e-06
0.010880251
5.9783312e-06
0.010880291
6.3247232e-06
0.010880334
6.691982e-06
0.010880382
7.0811563e-06
0.010880435
7.4932952e-06
0.010880492
7.9294378e-06
0.010880554
8.3906028e-06
0.010880621
8.8777756e-06
0.010880693
9.3918962e-06
0.010880769
9.9338446e-06
0.010880849
1.0504427e-05
0.010880934
1.1104361e-05
0.010881023
1.1734263e-05
0.010881115
1.2394634e-05
0.01088121
1.3085848e-05
0.010881308
1.3808143e-05
0.010881407
1.4561614e-05
0.010881507
1.5346214e-05
0.010881608
1.6161756e-05
0.010881709
1.7007923e-05
0.010881808
1.7884288e-05
0.010881906
1.8790337e-05
0.010882001
1.9725508e-05
0.010882093
2.0689223e-05
0.010882181
2.1680935e-05
0.010882265
2.2700162e-05
0.010882344
2.3746514e-05
0.010882418
2.4819699e-05
0.010882487
2.5919502e-05
0.010882549
2.7045734e-05
0.010882606
2.8198157e-05
0.010882657
2.9376402e-05
0.010882702
3.057992e-05
0.010882741
3.1808012e-05
0.010882774
3.305998e-05
0.010882803
3.4335422e-05
0.010882826
3.5634604e-05
0.010882845
3.6958795e-05
0.01088286
3.8310358e-05
0.010882871
3.9692406e-05
0.010882878
4.1108003e-05
0.010882882
4.2559163e-05
0.010882884
4.4046211e-05
0.010882882
4.5568249e-05
0.010882879
4.7124768e-05
0.010882874
4.8717865e-05
0.010882869
5.0353235e-05
0.010882862
5.2038534e-05
0.010882854
5.3779541e-05
0.010882845
5.5577212e-05
0.010882836
5.7429042e-05
0.010882827
5.9334528e-05
0.010882818
6.1299365e-05
0.010882809
6.3332922e-05
0.010882801
6.5440932e-05
0.010882793
6.7622132e-05
0.010882787
6.9873346e-05
0.010882781
7.2195798e-05
0.010882776
7.4593386e-05
0.010882774
7.7065323e-05
0.010882773
7.9603724e-05
0.010882775
8.2196707e-05
0.010882781
8.4828244e-05
0.010882791
8.7472878e-05
0.010882809
9.008816e-05
0.010882835
9.2604097e-05
0.010882873
9.4914568e-05
0.010882927
9.6870636e-05
0.010883
9.824666e-05
0.010883091
9.8700468e-05
0.010883192
9.7825121e-05
0.010883299
9.5249676e-05
0.01088341
9.0527009e-05
0.010883498
8.2811482e-05
0.010883504
7.1100889e-05
0.010883367
5.5416098e-05
0.010883084
3.7949815e-05
0.010882734
2.2398823e-05
0.010882426
1.1591831e-05
0.010882222
5.8138195e-06
0.010882122
3.4124086e-06
0.010882085
2.4950753e-06
0.010882075
2.0754281e-06
0.010882075
1.930432e-06
0.010882077
2.0080859e-06
0.010882079
2.1958342e-06
0.010882081
2.3760656e-06
0.010882081
2.5126191e-06
2.6419086e-06
0.011491687
4.0418139e-06
0.011491701
4.2680314e-06
0.011491716
4.5081866e-06
0.011491734
4.7631389e-06
0.011491755
5.0337866e-06
0.011491778
5.3210671e-06
0.011491804
5.6259532e-06
0.011491833
5.9494484e-06
0.011491865
6.2925825e-06
0.011491901
6.6564058e-06
0.01149194
7.0419832e-06
0.011491983
7.4503852e-06
0.01149203
7.882679e-06
0.011492081
8.3399178e-06
0.011492136
8.8231281e-06
0.011492194
9.3332975e-06
0.011492257
9.8713599e-06
0.011492323
1.043818e-05
0.011492393
1.103454e-05
0.011492467
1.1661122e-05
0.011492543
1.2318493e-05
0.011492622
1.3007092e-05
0.011492703
1.3727221e-05
0.011492785
1.447903e-05
0.011492869
1.5262519e-05
0.011492953
1.6077539e-05
0.011493038
1.6923798e-05
0.011493121
1.7800877e-05
0.011493203
1.8708262e-05
0.011493283
1.964537e-05
0.011493361
2.0611595e-05
0.011493436
2.1606345e-05
0.011493507
2.2629087e-05
0.011493574
2.367937e-05
0.011493636
2.4756836e-05
0.011493695
2.5861201e-05
0.011493748
2.6992202e-05
0.011493796
2.8149526e-05
0.01149384
2.9332727e-05
0.011493878
3.0541175e-05
0.011493912
3.1774091e-05
0.011493941
3.30307e-05
0.011493965
3.4310534e-05
0.011493985
3.561381e-05
0.011494002
3.6941774e-05
0.011494014
3.8296794e-05
0.011494024
3.9682005e-05
0.011494031
4.1100498e-05
0.011494034
4.255429e-05
0.011494036
4.4043675e-05
0.011494035
4.5567694e-05
0.011494033
4.7125792e-05
0.011494029
4.872007e-05
0.011494024
5.0356307e-05
0.011494018
5.2042281e-05
0.011494012
5.3783857e-05
0.011494005
5.5581964e-05
0.011493998
5.7434e-05
0.01149399
5.9339401e-05
0.011493983
6.1303937e-05
0.011493976
6.3337129e-05
0.011493969
6.5444785e-05
0.011493963
6.762556e-05
0.011493957
6.9876164e-05
0.011493952
7.2197797e-05
0.011493949
7.4594397e-05
0.011493947
7.706515e-05
0.011493947
7.9601969e-05
0.011493949
8.2192733e-05
0.011493954
8.4821251e-05
0.011493963
8.7461674e-05
0.011493978
9.007092e-05
0.011494001
9.2578831e-05
0.011494033
9.4879012e-05
0.011494079
9.6821191e-05
0.011494141
9.8180009e-05
0.011494218
9.8618199e-05
0.011494304
9.7733514e-05
0.011494395
9.5152432e-05
0.011494488
9.0426323e-05
0.011494562
8.2728055e-05
0.011494567
7.1085845e-05
0.01149445
5.5523743e-05
0.011494211
3.8180932e-05
0.011493915
2.2684886e-05
0.011493654
1.1840953e-05
0.011493481
5.9730526e-06
0.011493394
3.4861283e-06
0.011493361
2.5175745e-06
0.011493352
2.0773999e-06
0.011493352
1.9273619e-06
0.011493353
2.004749e-06
0.011493356
2.1933879e-06
0.011493357
2.3746639e-06
0.011493357
2.5118534e-06
2.6418743e-06
0.012137691
4.0331375e-06
0.012137701
4.2579096e-06
0.012137713
4.4964841e-06
0.012137726
4.7497146e-06
0.012137742
5.0184952e-06
0.012137759
5.3037601e-06
0.012137779
5.6064807e-06
0.0121378
5.9276616e-06
0.012137825
6.2683364e-06
0.012137852
6.629563e-06
0.012137881
7.012417e-06
0.012137914
7.4179843e-06
0.012137949
7.8473522e-06
0.012137988
8.3015985e-06
0.012138029
8.78178e-06
0.012138074
9.2889191e-06
0.012138121
9.8239897e-06
0.012138172
1.0387901e-05
0.012138225
1.0981483e-05
0.012138281
1.1605467e-05
0.012138339
1.2260473e-05
0.012138399
1.2946992e-05
0.012138461
1.3665372e-05
0.012138524
1.4415811e-05
0.012138588
1.5198346e-05
0.012138653
1.601286e-05
0.012138718
1.6859081e-05
0.012138782
1.7736603e-05
0.012138846
1.8644913e-05
0.012138908
1.9583416e-05
0.012138968
2.0551485e-05
0.012139025
2.1548498e-05
0.012139081
2.2573882e-05
0.012139133
2.3627141e-05
0.012139182
2.4707865e-05
0.012139227
2.5815717e-05
0.012139269
2.6950378e-05
0.012139307
2.8111476e-05
0.012139341
2.92985e-05
0.012139371
3.0510761e-05
0.012139397
3.1747413e-05
0.01213942
3.3007623e-05
0.012139439
3.4290867e-05
0.012139455
3.5597324e-05
0.012139468
3.6928223e-05
0.012139479
3.8285932e-05
0.012139486
3.9673606e-05
0.012139492
4.1094354e-05
0.012139495
4.2550197e-05
0.012139497
4.4041403e-05
0.012139496
4.5566967e-05
0.012139495
4.7126296e-05
0.012139492
4.8721494e-05
0.012139489
5.0358405e-05
0.012139484
5.2044906e-05
0.01213948
5.3786924e-05
0.012139475
5.5585371e-05
0.012139469
5.7437566e-05
0.012139464
5.93429e-05
0.012139458
6.1307199e-05
0.012139453
6.3340106e-05
0.012139448
6.5447482e-05
0.012139443
6.7627925e-05
0.012139439
6.9878049e-05
0.012139436
7.2199039e-05
0.012139434
7.4594864e-05
0.012139432
7.7064687e-05
0.012139432
7.9600267e-05
0.012139434
8.2189296e-05
0.012139439
8.481544e-05
0.012139446
8.7452573e-05
0.012139458
9.0057111e-05
0.012139476
9.2558751e-05
0.012139502
9.4850885e-05
0.012139538
9.678225e-05
0.012139587
9.8127694e-05
0.012139647
9.8553678e-05
0.012139715
9.7661575e-05
0.012139786
9.5076034e-05
0.01213986
9.0347471e-05
0.012139917
8.2663055e-05
0.012139921
7.107429e-05
0.01213983
5.5607628e-05
0.012139643
3.8360852e-05
0.012139413
2.290798e-05
0.012139208
1.2036144e-05
0.012139071
6.0990246e-06
0.012139002
3.5456286e-06
0.012138975
2.5366466e-06
0.012138967
2.0797019e-06
0.012138966
1.9251516e-06
0.012138968
2.0020785e-06
0.012138969
2.1913971e-06
0.01213897
2.3735387e-06
0.012138971
2.5112542e-06
2.6418491e-06
0.012820023
4.0276176e-06
0.012820029
4.2514775e-06
0.012820037
4.489052e-06
0.012820045
4.7411919e-06
0.012820055
5.0087889e-06
0.012820066
5.2927748e-06
0.012820078
5.5941197e-06
0.012820092
5.9138288e-06
0.012820108
6.2529378e-06
0.012820125
6.6125087e-06
0.012820144
6.9936238e-06
0.012820164
7.3973784e-06
0.012820187
7.8248718e-06
0.012820212
8.2771972e-06
0.012820238
8.7554299e-06
0.012820266
9.2606144e-06
0.012820297
9.7937496e-06
0.012820329
1.0355773e-05
0.012820363
1.0947544e-05
0.012820399
1.1569829e-05
0.012820436
1.2223278e-05
0.012820474
1.2908416e-05
0.012820514
1.3625625e-05
0.012820555
1.437513e-05
0.012820596
1.5156998e-05
0.012820638
1.5971129e-05
0.01282068
1.6817269e-05
0.012820722
1.7695021e-05
0.012820763
1.8603872e-05
0.012820803
1.9543224e-05
0.012820842
2.0512435e-05
0.012820879
2.1510865e-05
0.012820915
2.2537916e-05
0.012820949
2.3593064e-05
0.012820981
2.4675867e-05
0.012821011
2.5785951e-05
0.012821038
2.6922963e-05
0.012821063
2.8086488e-05
0.012821086
2.927598e-05
0.012821106
3.0490703e-05
0.012821123
3.1729772e-05
0.012821138
3.2992312e-05
0.012821151
3.4277764e-05
0.012821162
3.5586282e-05
0.012821171
3.6919081e-05
0.012821178
3.8278533e-05
0.012821183
3.9667804e-05
0.012821187
4.1090015e-05
0.012821189
4.2547189e-05
0.012821191
4.4039579e-05
0.012821191
4.5566144e-05
0.01282119
4.7126269e-05
0.012821189
4.8722059e-05
0.012821187
5.0359403e-05
0.012821185
5.2046241e-05
0.012821182
5.3788544e-05
0.012821179
5.5587209e-05
0.012821176
5.7439504e-05
0.012821172
5.9344787e-05
0.012821169
6.1308924e-05
0.012821166
6.3341636e-05
0.012821164
6.5448825e-05
0.012821161
6.7629043e-05
0.012821159
6.9878846e-05
0.012821157
7.2199405e-05
0.012821156
7.4594713e-05
0.012821156
7.7063915e-05
0.012821156
7.9598668e-05
0.012821158
8.2186546e-05
0.012821161
8.4811115e-05
0.012821167
8.7446066e-05
0.012821175
9.0047488e-05
0.012821188
9.2544974e-05
0.012821205
9.4831769e-05
0.01282123
9.6755977e-05
0.012821262
9.8092573e-05
0.012821303
9.8510407e-05
0.012821349
9.7613225e-05
0.012821397
9.5024596e-05
0.012821446
9.0294462e-05
0.012821485
8.2619386e-05
0.012821488
7.1065992e-05
0.012821429
5.5662317e-05
0.012821306
3.8479103e-05
0.012821153
2.3055573e-05
0.012821017
1.2166741e-05
0.012820923
6.1851765e-06
0.012820874
3.5881801e-06
0.012820854
2.5517524e-06
0.012820847
2.0825384e-06
0.012820847
1.9240459e-06
0.012820848
2.0002333e-06
0.012820849
2.1899514e-06
0.01282085
2.3727429e-06
0.01282085
2.5108601e-06
2.6418383e-06
0.01354073
0.013540732
0.013540735
0.013540738
0.013540741
0.013540745
0.013540749
0.013540754
0.013540759
0.013540765
0.013540771
0.013540779
0.013540786
0.013540795
0.013540804
0.013540814
0.013540825
0.013540836
0.013540848
0.01354086
0.013540874
0.013540887
0.013540901
0.013540916
0.01354093
0.013540945
0.01354096
0.013540975
0.013540989
0.013541004
0.013541018
0.013541031
0.013541044
0.013541057
0.013541068
0.013541079
0.013541089
0.013541098
0.013541106
0.013541114
0.01354112
0.013541126
0.013541131
0.013541135
0.013541139
0.013541141
0.013541144
0.013541146
0.013541147
0.013541148
0.013541148
0.013541149
0.013541149
0.013541148
0.013541148
0.013541148
0.013541147
0.013541147
0.013541146
0.013541145
0.013541145
0.013541145
0.013541144
0.013541144
0.013541144
0.013541145
0.013541145
0.013541146
0.013541148
0.01354115
0.013541153
0.013541157
0.013541162
0.01354117
0.013541181
0.013541194
0.013541212
0.013541231
0.013541252
0.013541274
0.013541294
0.0135413
0.013541283
0.013541241
0.013541185
0.013541129
0.013541086
0.013541058
0.013541042
0.013541034
0.013541031
0.013541031
0.013541032
0.013541032
0.013541032
)
;

boundaryField
{
    inlet
    {
        type            calculated;
        value           nonuniform List<scalar> 
80
(
-0.00018054846
-0.00019069036
-0.00020140196
-0.00021271526
-0.00022466406
-0.00023728405
-0.00025061295
-0.00026469056
-0.00027955896
-0.00029526255
-0.00031184825
-0.00032936562
-0.00034786699
-0.00036740763
-0.00038804593
-0.00040984353
-0.00043286556
-0.0004571808
-0.0004828619
-0.00050998557
-0.00053863286
-0.00056888934
-0.00060084541
-0.00063459654
-0.00067024356
-0.00070789297
-0.00074765726
-0.00078965521
-0.0008340123
-0.00088086105
-0.00093034143
-0.00098260124
-0.0010377966
-0.0010960925
-0.001157663
-0.0012226921
-0.0012913741
-0.0013639141
-0.0014405288
-0.0015214473
-0.0016069111
-0.0016971757
-0.0017925106
-0.0018932008
-0.0019995471
-0.0021118671
-0.0022304963
-0.0023557894
-0.0024881204
-0.0026278849
-0.0027755002
-0.0029314076
-0.0030960726
-0.0032699873
-0.0034536712
-0.0036476732
-0.0038525727
-0.0040689819
-0.0042975473
-0.0045389519
-0.0047939167
-0.0050632035
-0.0053476168
-0.0056480061
-0.0059652692
-0.0063003535
-0.0066542602
-0.0070280467
-0.0074228295
-0.007839788
-0.0082801679
-0.0087452847
-0.0092365281
-0.0097553653
-0.010303346
-0.010882109
-0.011493381
-0.012138989
-0.012820862
-0.013541037
)
;
    }
    outlet
    {
        type            calculated;
        value           nonuniform List<scalar> 
80
(
7.5602528e-05
0.00010057535
0.00011598687
0.00012946308
0.00014234993
0.00015517023
0.00016821252
0.00018166011
0.0001956446
0.00021027048
0.00022562767
0.00024179846
0.00025886153
0.00027689465
0.00029597644
0.0003161877
0.00033761244
0.00036033874
0.00038445962
0.00041007375
0.00043728623
0.00046620944
0.00049696387
0.00052967908
0.00056449484
0.000601567
0.00064107734
0.00068322672
0.00072822547
0.00077629971
0.00082769905
0.0008827046
0.00094163485
0.001004843
0.0010726946
0.0011455092
0.0012234568
0.001306427
0.0013940989
0.0014868601
0.0015854625
0.0016885348
0.0017906529
0.0018928915
0.0019994875
0.0021118461
0.00223048
0.0023557726
0.0024881025
0.0026278658
0.0027754799
0.0029313861
0.0030960499
0.0032699634
0.0034536462
0.0036476469
0.0038525452
0.0040689533
0.0042975175
0.0045389209
0.0047938846
0.0050631702
0.0053475825
0.0056479708
0.0059652329
0.0063003164
0.0066542224
0.0070280084
0.007422791
0.0078397495
0.0082801297
0.0087452474
0.0092364921
0.0097553312
0.010303315
0.010882081
0.011493357
0.01213897
0.01282085
0.013541032
)
;
    }
    top
    {
        type            calculated;
        value           nonuniform List<scalar> 
110
(
7.8600078e-06
1.8471344e-05
2.4076321e-05
2.613816e-05
2.5304989e-05
2.2582269e-05
1.9025786e-05
1.5404096e-05
1.2137452e-05
9.3878657e-06
7.1692059e-06
5.4265838e-06
4.0820044e-06
3.0570041e-06
4.025745e-06
4.2492899e-06
4.4865196e-06
4.7382827e-06
5.0054688e-06
5.2890092e-06
5.5898739e-06
5.9090681e-06
6.2476281e-06
6.6066174e-06
6.9871202e-06
7.3902351e-06
7.8170654e-06
8.2687096e-06
8.7462494e-06
9.2507369e-06
9.7831796e-06
1.0344525e-05
1.0935643e-05
1.1557311e-05
1.2210191e-05
1.2894822e-05
1.3611594e-05
1.4360745e-05
1.5142351e-05
1.595632e-05
1.6802404e-05
1.768021e-05
1.8589225e-05
1.9528849e-05
2.0498438e-05
2.1497344e-05
2.2524962e-05
2.3580756e-05
2.4664274e-05
2.5775131e-05
2.6912957e-05
2.8077327e-05
2.9267679e-05
3.0483262e-05
3.1723175e-05
3.2986528e-05
3.427275e-05
3.5581986e-05
3.6915446e-05
3.8275502e-05
3.9665327e-05
4.1088045e-05
4.2545681e-05
4.4038482e-05
4.5565392e-05
4.7125786e-05
4.8721771e-05
5.0359253e-05
5.2046196e-05
5.3788588e-05
5.558732e-05
5.7439637e-05
5.9344885e-05
6.1308945e-05
6.334157e-05
6.5448676e-05
6.7628797e-05
6.9878464e-05
7.2198844e-05
7.4593939e-05
7.7062892e-05
7.9597314e-05
8.2184732e-05
8.4808681e-05
8.7442769e-05
9.0042972e-05
9.2538824e-05
9.4823504e-05
9.6744871e-05
9.8077913e-05
9.8492341e-05
9.7592724e-05
9.500231e-05
9.0270876e-05
8.2598492e-05
7.10575e-05
5.5677364e-05
3.8519523e-05
2.3110565e-05
1.222005e-05
6.2256296e-06
3.6136605e-06
2.5655934e-06
2.0889159e-06
1.9260623e-06
2.000215e-06
2.189338e-06
2.3722809e-06
2.5106454e-06
2.6418263e-06
)
;
    }
    upstreamWall
    {
        type            symmetryPlane;
        value           uniform 0;
    }
    plate
    {
        type            calculated;
        value           uniform 0;
    }
    frontAndBack
    {
        type            empty;
    }
}


// ************************************************************************* //
