/*--------------------------------*- C++ -*----------------------------------*\
| =========                 |                                                 |
| \\      /  F ield         | OpenFOAM: The Open Source CFD Toolbox           |
|  \\    /   O peration     | Version:  2512                                  |
|   \\  /    A nd           | Website:  www.openfoam.com                      |
|    \\/     M anipulation  |                                                 |
\*---------------------------------------------------------------------------*/
FoamFile
{
    version     2.0;
    format      ascii;
    arch        "LSB;label=32;scalar=64";
    class       volVectorField;
    location    "0.0499878";
    object      U;
}
// * * * * * * * * * * * * * * * * * * * * * * * * * * * * * * * * * * * * * //

dimensions      [0 1 -1 0 0 0 0];

internalField   nonuniform List<vector> 
8800
(
(68.78925 2.9233208e-06 0)
(68.78348 7.4142446e-06 0)
(68.773468 1.4227238e-05 0)
(68.760367 2.3374764e-05 0)
(68.744981 3.599257e-05 0)
(68.727752 5.3810911e-05 0)
(68.708766 7.9621281e-05 0)
(68.688088 0.00011972653 0)
(68.664701 0.00017479867 0)
(68.640224 0.00030627985 0)
(68.604456 0.0002629809 0)
(68.592969 0.0021556991 0)
(68.41378 -0.0078399395 0)
(68.967786 0.050148555 0)
(68.789252 8.9102398e-06 0)
(68.783484 2.2646346e-05 0)
(68.77347 4.3450967e-05 0)
(68.760368 7.1381017e-05 0)
(68.744983 0.00010989466 0)
(68.727754 0.00016425483 0)
(68.708769 0.00024295048 0)
(68.688088 0.00036502856 0)
(68.664727 0.00053330834 0)
(68.640073 0.00092210388 0)
(68.6058 0.00092926847 0)
(68.581144 0.0048978716 0)
(68.521261 -0.0075236478 0)
(68.25566 0.057988759 0)
(68.789253 1.520763e-05 0)
(68.783487 3.8731782e-05 0)
(68.773472 7.4289135e-05 0)
(68.760369 0.00012202617 0)
(68.744985 0.00018783424 0)
(68.727756 0.00028067749 0)
(68.708774 0.00041503735 0)
(68.688086 0.00062295557 0)
(68.664771 0.00091218117 0)
(68.639871 0.0015457637 0)
(68.607061 0.0018337663 0)
(68.575877 0.0060396473 0)
(68.526072 0.0015691535 0)
(68.425118 0.050829651 0)
(68.789254 2.1853045e-05 0)
(68.783489 5.57275e-05 0)
(68.773474 0.00010687008 0)
(68.76037 0.00017553003 0)
(68.744986 0.00027017637 0)
(68.727759 0.00040367919 0)
(68.708779 0.00059691615 0)
(68.688085 0.00089521987 0)
(68.664822 0.0013146796 0)
(68.639706 0.0021918138 0)
(68.607849 0.0028279556 0)
(68.574459 0.0075438528 0)
(68.523841 0.0062720047 0)
(68.453894 0.05134073 0)
(68.789255 2.8865463e-05 0)
(68.783491 7.3681479e-05 0)
(68.773476 0.00014128433 0)
(68.760372 0.00023204144 0)
(68.744988 0.00035714558 0)
(68.727761 0.00053358236 0)
(68.708785 0.00078905098 0)
(68.688085 0.0011824263 0)
(68.664873 0.0017412331 0)
(68.639608 0.002866776 0)
(68.608278 0.0038821974 0)
(68.574365 0.0092850967 0)
(68.523633 0.010334678 0)
(68.461862 0.054108864 0)
(68.789256 3.6262649e-05 0)
(68.783493 9.2645707e-05 0)
(68.773477 0.00017762855 0)
(68.760373 0.00029171768 0)
(68.74499 0.00044898162 0)
(68.727764 0.00067073393 0)
(68.708793 0.00099193927 0)
(68.688088 0.0014852931 0)
(68.66492 0.0021923634 0)
(68.639574 0.0035746849 0)
(68.608543 0.004996275 0)
(68.574573 0.011118545 0)
(68.524952 0.014431071 0)
(68.467562 0.057307232 0)
(68.789256 4.4065191e-05 0)
(68.783493 0.00011267752 0)
(68.773477 0.00021600914 0)
(68.760374 0.00035473316 0)
(68.744992 0.00054595165 0)
(68.727767 0.00081552776 0)
(68.708801 0.0012061529 0)
(68.688094 0.0018046982 0)
(68.664964 0.0026689682 0)
(68.639584 0.0043183519 0)
(68.60877 0.0061723059 0)
(68.574838 0.013016632 0)
(68.526939 0.018605682 0)
(68.473143 0.060354842 0)
(68.789256 5.2295081e-05 0)
(68.783494 0.00013383775 0)
(68.773478 0.00025653979 0)
(68.760374 0.00042127377 0)
(68.744994 0.00064834122 0)
(68.72777 0.00096838681 0)
(68.708809 0.0014323045 0)
(68.688104 0.0021415811 0)
(68.665008 0.0031721788 0)
(68.639623 0.0050998198 0)
(68.609018 0.0074124222 0)
(68.575161 0.014984456 0)
(68.529185 0.022772843 0)
(68.478871 0.063341733 0)
(68.789257 6.097518e-05 0)
(68.783494 0.00015619029 0)
(68.773478 0.00029933991 0)
(68.760375 0.00049153533 0)
(68.744996 0.00075645041 0)
(68.727774 0.0011297554 0)
(68.708819 0.0016710352 0)
(68.688119 0.0024969007 0)
(68.665056 0.0037032445 0)
(68.639685 0.0059208322 0)
(68.609305 0.0087189712 0)
(68.575584 0.01702245 0)
(68.531575 0.026900258 0)
(68.484696 0.066314152 0)
(68.789257 7.0129202e-05 0)
(68.783494 0.00017980283 0)
(68.773478 0.00034453569 0)
(68.760376 0.00056572396 0)
(68.744998 0.00087059495 0)
(68.727779 0.0013001005 0)
(68.708831 0.0019230179 0)
(68.688138 0.0028716378 0)
(68.665111 0.0042634882 0)
(68.639767 0.0067831423 0)
(68.609637 0.010093542 0)
(68.576131 0.019129716 0)
(68.534092 0.030973424 0)
(68.490578 0.069264013 0)
(68.789257 7.9781669e-05 0)
(68.783494 0.00020474648 0)
(68.773479 0.00039225972 0)
(68.760377 0.00064405703 0)
(68.745001 0.00099110715 0)
(68.727785 0.0014799126 0)
(68.708844 0.0021889603 0)
(68.688161 0.0032668029 0)
(68.665174 0.0048543002 0)
(68.639871 0.007688506 0)
(68.610015 0.011536996 0)
(68.576817 0.021305369 0)
(68.536741 0.034977867 0)
(68.496502 0.072172471 0)
(68.789257 8.995812e-05 0)
(68.783494 0.00023109681 0)
(68.773479 0.00044265237 0)
(68.760379 0.00072676371 0)
(68.745005 0.0011183373 0)
(68.727792 0.0016697083 0)
(68.70886 0.0024696069 0)
(68.68819 0.003683445 0)
(68.665249 0.0054771302 0)
(68.64 0.0086386654 0)
(68.610445 0.013049695 0)
(68.577648 0.023547707 0)
(68.539527 0.038898261 0)
(68.502457 0.075021621 0)
(68.789257 0.00010068494 0)
(68.783494 0.00025893323 0)
(68.77348 0.00049586114 0)
(68.76038 0.00081408561 0)
(68.745009 0.0012526542 0)
(68.7278 0.0018700301 0)
(68.708878 0.0027657396 0)
(68.688225 0.0041226532 0)
(68.665335 0.0061334742 0)
(68.640156 0.0096353469 0)
(68.610931 0.014631496 0)
(68.578631 0.025853744 0)
(68.542453 0.042720148 0)
(68.508436 0.077795086 0)
(68.789257 0.00011198962 0)
(68.783495 0.00028834007 0)
(68.773481 0.00055204207 0)
(68.760383 0.00090627736 0)
(68.745014 0.0013944463 0)
(68.72781 0.0020814481 0)
(68.708899 0.0030781789 0)
(68.688267 0.0045855584 0)
(68.665435 0.0068248662 0)
(68.640344 0.010680219 0)
(68.611478 0.016281739 0)
(68.57977 0.028219134 0)
(68.545522 0.04643051 0)
(68.514433 0.080477332 0)
(68.789256 0.00012390053 0)
(68.783495 0.00031940606 0)
(68.773482 0.00061135913 0)
(68.760385 0.0010036072 0)
(68.74502 0.0015441227 0)
(68.727822 0.0023045607 0)
(68.708924 0.0034077843 0)
(68.688315 0.0050733327 0)
(68.665551 0.0075528598 0)
(68.640568 0.011774877 0)
(68.612094 0.017999159 0)
(68.58107 0.030638196 0)
(68.548734 0.050017833 0)
(68.520439 0.083052662 0)
(68.789256 0.00013644721 0)
(68.783495 0.00035222547 0)
(68.773483 0.00067398573 0)
(68.760389 0.0011063578 0)
(68.745027 0.0017021141 0)
(68.727836 0.0025399963 0)
(68.708953 0.0037554553 0)
(68.688373 0.0055871915 0)
(68.665684 0.0083190058 0)
(68.640831 0.012920824 0)
(68.612783 0.019781837 0)
(68.582534 0.033103841 0)
(68.552089 0.053472072 0)
(68.526447 0.085505556 0)
(68.789256 0.00014966011 0)
(68.783496 0.00038689756 0)
(68.773485 0.00074010422 0)
(68.760392 0.0012148268 0)
(68.745035 0.0018688736 0)
(68.727852 0.0027884142 0)
(68.708987 0.0041221305 0)
(68.688439 0.0061283916 0)
(68.665837 0.0091248357 0)
(68.641137 0.014119413 0)
(68.613553 0.021627176 0)
(68.584163 0.035607649 0)
(68.555587 0.056784753 0)
(68.532453 0.087821746 0)
(68.789256 0.00016357086 0)
(68.783496 0.00042352765 0)
(68.773487 0.00080990721 0)
(68.760397 0.0013293277 0)
(68.745044 0.0020448784 0)
(68.72787 0.0030505066 0)
(68.709025 0.0045087881 0)
(68.688517 0.0066982289 0)
(68.666011 0.0099718487 0)
(68.64149 0.015371766 0)
(68.61441 0.023531859 0)
(68.585958 0.038139947 0)
(68.559223 0.059948918 0)
(68.53845 0.089988671 0)
(68.789256 0.00017821195 0)
(68.783497 0.00046222669 0)
(68.773489 0.00088359727 0)
(68.760402 0.0014501907 0)
(68.745054 0.0022306296 0)
(68.727891 0.0033269992 0)
(68.70907 0.0049164455 0)
(68.688606 0.0072980322 0)
(68.666209 0.01086149 0)
(68.641897 0.016678736 0)
(68.61536 0.025491681 0)
(68.587919 0.040690192 0)
(68.562994 0.062959206 0)
(68.544432 0.091995612 0)
(68.789256 0.00019361704 0)
(68.783498 0.0005031123 0)
(68.773492 0.00096138815 0)
(68.760408 0.0015777632 0)
(68.745066 0.0024266543 0)
(68.727916 0.0036186531 0)
(68.70912 0.0053461604 0)
(68.688708 0.0079291572 0)
(68.666435 0.011795131 0)
(68.64236 0.018040829 0)
(68.61641 0.027501549 0)
(68.590045 0.043247092 0)
(68.566894 0.065811727 0)
(68.550393 0.093834035 0)
(68.789256 0.00020982062 0)
(68.783498 0.00054630849 0)
(68.773494 0.0010435044 0)
(68.760414 0.0017124113 0)
(68.74508 0.0026335066 0)
(68.727944 0.0039262644 0)
(68.709179 0.0057990299 0)
(68.688826 0.0085929734 0)
(68.666691 0.012774051 0)
(68.642886 0.019458108 0)
(68.617565 0.029555723 0)
(68.592332 0.045798511 0)
(68.570916 0.06850363 0)
(68.556328 0.095498104 0)
(68.789256 0.00022685825 0)
(68.783499 0.00059194656 0)
(68.773498 0.0011301824 0)
(68.760422 0.0018545198 0)
(68.745096 0.002851771 0)
(68.727976 0.0042506642 0)
(68.709245 0.0062761902 0)
(68.68896 0.0092908524 0)
(68.666979 0.013799372 0)
(68.643479 0.020930162 0)
(68.618831 0.031647892 0)
(68.594779 0.048331662 0)
(68.575051 0.071032964 0)
(68.562231 0.096984764 0)
(68.789256 0.00024476625 0)
(68.7835 0.0006401654 0)
(68.773502 0.0012216707 0)
(68.76043 0.0020044912 0)
(68.745114 0.003082064 0)
(68.728012 0.0045927191 0)
(68.70932 0.0067788063 0)
(68.689113 0.010024184 0)
(68.667305 0.014871889 0)
(68.644144 0.022456296 0)
(68.620214 0.033771317 0)
(68.597379 0.050833291 0)
(68.579289 0.073398494 0)
(68.568096 0.09829341 0)
(68.789256 0.00026358173 0)
(68.783502 0.00069111502 0)
(68.773506 0.0013182308 0)
(68.76044 0.0021627503 0)
(68.745134 0.0033250222 0)
(68.728054 0.0049533474 0)
(68.709406 0.0073080357 0)
(68.689287 0.010794425 0)
(68.667671 0.01599219 0)
(68.644887 0.024035143 0)
(68.621717 0.035918662 0)
(68.600129 0.053290216 0)
(68.583619 0.075599754 0)
(68.573916 0.099425729 0)
(68.789256 0.00028334221 0)
(68.783503 0.00074496222 0)
(68.773511 0.0014201207 0)
(68.760452 0.0023297759 0)
(68.745158 0.0035812645 0)
(68.728102 0.0053335716 0)
(68.709503 0.0078649848 0)
(68.689484 0.011603012 0)
(68.668081 0.017160891 0)
(68.645712 0.025664182 0)
(68.623343 0.038081683 0)
(68.60302 0.055689961 0)
(68.58803 0.077637215 0)
(68.579687 0.10038559 0)
(68.789256 0.00030408588 0)
(68.783505 0.00080188791 0)
(68.773517 0.0015275956 0)
(68.760464 0.0025061006 0)
(68.745184 0.0038514058 0)
(68.728156 0.0057344815 0)
(68.709613 0.0084508083 0)
(68.689706 0.012451175 0)
(68.66854 0.018378385 0)
(68.646625 0.027340174 0)
(68.625096 0.040251587 0)
(68.606048 0.058020798 0)
(68.59251 0.079512039 0)
(68.5854 0.10117865 0)
(68.789256 0.00032585257 0)
(68.783506 0.00086207105 0)
(68.773523 0.0016409564 0)
(68.760479 0.0026922127 0)
(68.745214 0.0041361866 0)
(68.728217 0.0061571105 0)
(68.709737 0.009066758 0)
(68.689956 0.013340037 0)
(68.669051 0.019644517 0)
(68.64763 0.029059377 0)
(68.626976 0.042419292 0)
(68.609202 0.060271888 0)
(68.597047 0.08122604 0)
(68.59105 0.10181199 0)
(68.789256 0.0003486847 0)
(68.783508 0.00092568361 0)
(68.77353 0.0017605592 0)
(68.760495 0.0028885795 0)
(68.745248 0.0044364584 0)
(68.728286 0.0066024067 0)
(68.709877 0.0097141562 0)
(68.690238 0.014270733 0)
(68.669619 0.020958559 0)
(68.648732 0.030817285 0)
(68.628985 0.044575421 0)
(68.612476 0.062433455 0)
(68.601626 0.082781751 0)
(68.596631 0.10229388 0)
(68.789256 0.00037262671 0)
(68.783511 0.00099290321 0)
(68.773538 0.0018867702 0)
(68.760514 0.0030957349 0)
(68.745287 0.0047530634 0)
(68.728364 0.0070713553 0)
(68.710035 0.010394329 0)
(68.690553 0.0152442 0)
(68.670249 0.022319486 0)
(68.649934 0.032608734 0)
(68.631122 0.046710383 0)
(68.615859 0.064496875 0)
(68.606237 0.084182384 0)
(68.602135 0.1026334 0)
(68.789255 0.00039772397 0)
(68.783513 0.0010639235 0)
(68.773548 0.002019956 0)
(68.760535 0.0033142555 0)
(68.745331 0.0050868384 0)
(68.728452 0.0075650473 0)
(68.710212 0.011108515 0)
(68.690906 0.016261029 0)
(68.670945 0.023726036 0)
(68.65124 0.034428061 0)
(68.633385 0.048814556 0)
(68.619342 0.066454792 0)
(68.610867 0.085431829 0)
(68.607557 0.10284014 0)
(68.789255 0.00042402258 0)
(68.783516 0.0011389539 0)
(68.773558 0.0021604959 0)
(68.760559 0.0035447451 0)
(68.74538 0.0054386438 0)
(68.728551 0.0080846065 0)
(68.710411 0.011857879 0)
(68.691299 0.017321618 0)
(68.671712 0.025176363 0)
(68.652653 0.03626889 0)
(68.635771 0.050878594 0)
(68.622914 0.068301291 0)
(68.615503 0.086534759 0)
(68.612893 0.10292393 0)
(68.789255 0.00045156992 0)
(68.78352 0.0012182171 0)
(68.77357 0.0023087874 0)
(68.760585 0.0037878326 0)
(68.745435 0.005809372 0)
(68.728663 0.0086311668 0)
(68.710634 0.01264351 0)
(68.691737 0.018426194 0)
(68.672553 0.026667974 0)
(68.654175 0.038124048 0)
(68.638277 0.052893673 0)
(68.626565 0.070031979 0)
(68.620136 0.087496698 0)
(68.618136 0.10289586 0)
(68.789255 0.00048041515 0)
(68.783523 0.0013019479 0)
(68.773583 0.0024652481 0)
(68.760616 0.004044173 0)
(68.745498 0.0061999428 0)
(68.728788 0.0092058689 0)
(68.710883 0.013466394 0)
(68.692223 0.019574689 0)
(68.673474 0.028197775 0)
(68.655807 0.039986122 0)
(68.640898 0.054851334 0)
(68.630285 0.07164379 0)
(68.624753 0.0883234 0)
(68.623283 0.10276773 0)
(68.789255 0.00051060944 0)
(68.783528 0.001390393 0)
(68.773598 0.0026303155 0)
(68.76065 0.0043144501 0)
(68.745568 0.0066112975 0)
(68.728928 0.0098098389 0)
(68.711161 0.01432745 0)
(68.692761 0.020766391 0)
(68.674478 0.029762459 0)
(68.657551 0.041847084 0)
(68.643627 0.056744106 0)
(68.634063 0.073135084 0)
(68.629348 0.089020992 0)
(68.628331 0.10254872 0)
(68.789255 0.00054220625 0)
(68.783533 0.0014838103 0)
(68.773615 0.0028044458 0)
(68.760688 0.0045993756 0)
(68.745647 0.0070444014 0)
(68.729086 0.01044411 0)
(68.711471 0.015227564 0)
(68.693355 0.022000257 0)
(68.675569 0.031358048 0)
(68.659406 0.043698904 0)
(68.646459 0.058565095 0)
(68.637887 0.074505494 0)
(68.63391 0.089596772 0)
(68.633278 0.10224685 0)
(68.789255 0.00057526287 0)
(68.783538 0.0015824611 0)
(68.773635 0.0029881266 0)
(68.760731 0.004899674 0)
(68.745735 0.0075002686 0)
(68.729262 0.011109593 0)
(68.711815 0.016167531 0)
(68.694008 0.023275412 0)
(68.67675 0.032979451 0)
(68.661371 0.045533835 0)
(68.649387 0.060307729 0)
(68.641748 0.075755729 0)
(68.638432 0.09005842 0)
(68.638122 0.10187194 0)
(68.789255 0.00060984465 0)
(68.783545 0.0016865819 0)
(68.773656 0.0031819207 0)
(68.76078 0.0052160615 0)
(68.745835 0.0079800025 0)
(68.729458 0.011807333 0)
(68.712197 0.017147653 0)
(68.694725 0.024590379 0)
(68.678024 0.034621114 0)
(68.663445 0.047343789 0)
(68.652402 0.061966713 0)
(68.645636 0.07688776 0)
(68.642907 0.090413786 0)
(68.642864 0.1014339 0)
(68.789255 0.00064602087 0)
(68.783552 0.001796407 0)
(68.77368 0.0033864544 0)
(68.760834 0.0055492337 0)
(68.745946 0.0084846401 0)
(68.729678 0.012538449 0)
(68.712621 0.018167887 0)
(68.69551 0.025942968 0)
(68.679393 0.036277266 0)
(68.665625 0.049121014 0)
(68.655496 0.063537899 0)
(68.64954 0.077904629 0)
(68.647329 0.090671073 0)
(68.647503 0.10094159 0)
(68.789255 0.00068385535 0)
(68.78356 0.0019122717 0)
(68.773708 0.0036022546 0)
(68.760895 0.0059000008 0)
(68.74607 0.0090151909 0)
(68.729922 0.013303702 0)
(68.713088 0.01922805 0)
(68.696367 0.027330567 0)
(68.680859 0.037941866 0)
(68.667907 0.050858118 0)
(68.658661 0.065018142 0)
(68.653451 0.078810195 0)
(68.651694 0.090838422 0)
(68.65204 0.10040334 0)
(68.789255 0.00072341345 0)
(68.783569 0.0020345585 0)
(68.773738 0.0038297943 0)
(68.760963 0.0062692647 0)
(68.74621 0.0095726865 0)
(68.730194 0.014103731 0)
(68.713604 0.020327679 0)
(68.697298 0.028749957 0)
(68.682424 0.039608486 0)
(68.670287 0.052548123 0)
(68.661888 0.066405304 0)
(68.657362 0.079609061 0)
(68.655999 0.090923989 0)
(68.656479 0.099826965 0)
(68.789255 0.00076476967 0)
(68.783579 0.0021636088 0)
(68.773772 0.004069625 0)
(68.76104 0.0066578818 0)
(68.746365 0.010158015 0)
(68.730496 0.014939273 0)
(68.714171 0.021466102 0)
(68.698307 0.030197467 0)
(68.684087 0.041270485 0)
(68.67276 0.054184615 0)
(68.665168 0.067698247 0)
(68.661265 0.080306455 0)
(68.66024 0.090935952 0)
(68.66082 0.099219645 0)
(68.789255 0.00080800534 0)
(68.783591 0.0022997611 0)
(68.773811 0.0043223418 0)
(68.761125 0.0070666881 0)
(68.746538 0.010772012 0)
(68.730831 0.015810922 0)
(68.714792 0.022642055 0)
(68.699398 0.031669113 0)
(68.685847 0.042921242 0)
(68.675321 0.055761923 0)
(68.668493 0.068896812 0)
(68.665152 0.080908001 0)
(68.664415 0.090881975 0)
(68.665067 0.098587993 0)
(68.789256 0.0008532073 0)
(68.783604 0.0024433626 0)
(68.773854 0.0045885643 0)
(68.761221 0.0074965223 0)
(68.746731 0.011415405 0)
(68.731201 0.016719123 0)
(68.715473 0.023853896 0)
(68.700572 0.033160454 0)
(68.687705 0.044554112 0)
(68.677964 0.057275127 0)
(68.671854 0.070001715 0)
(68.669019 0.081419655 0)
(68.668524 0.090769005 0)
(68.669225 0.09793773 0)
(68.789256 0.00090046851 0)
(68.783619 0.0025947678 0)
(68.773902 0.0048689095 0)
(68.761328 0.007948245 0)
(68.746945 0.012088846 0)
(68.73161 0.017664061 0)
(68.716215 0.025099808 0)
(68.701832 0.034666491 0)
(68.689658 0.046162481 0)
(68.680682 0.058720044 0)
(68.675245 0.071014464 0)
(68.672859 0.081847278 0)
(68.672566 0.090604888 0)
(68.673296 0.097274454 0)
(68.789257 0.00094988688 0)
(68.783635 0.0027543521 0)
(68.773956 0.0051639467 0)
(68.761448 0.0084227408 0)
(68.747183 0.01279313 0)
(68.73206 0.018645448 0)
(68.717023 0.026377401 0)
(68.70318 0.036181856 0)
(68.691704 0.04774002 0)
(68.683469 0.06009337 0)
(68.678655 0.071937312 0)
(68.676668 0.082197066 0)
(68.676541 0.090396231 0)
(68.677285 0.096602761 0)
(68.789257 0.0010015602 0)
(68.783654 0.0029225509 0)
(68.774016 0.0054742428 0)
(68.761581 0.0089208183 0)
(68.747447 0.013528951 0)
(68.732555 0.019662633 0)
(68.7179 0.027683807 0)
(68.704617 0.03770098 0)
(68.69384 0.049280754 0)
(68.686318 0.061392644 0)
(68.68208 0.07277309 0)
(68.680444 0.082475399 0)
(68.680452 0.090148171 0)
(68.681195 0.095926166 0)
(68.789258 0.0010555798 0)
(68.783675 0.003099871 0)
(68.774084 0.0058003486 0)
(68.761729 0.009443157 0)
(68.74774 0.014296779 0)
(68.733099 0.020714726 0)
(68.718848 0.029015758 0)
(68.706142 0.039218133 0)
(68.696061 0.050779134 0)
(68.689222 0.062616204 0)
(68.685512 0.073525134 0)
(68.684183 0.082688203 0)
(68.684298 0.0898664 0)
(68.685031 0.095248144 0)
(68.789259 0.0011120609 0)
(68.783699 0.0032866766 0)
(68.774159 0.0061429253 0)
(68.761895 0.0099904191 0)
(68.748063 0.01509694 0)
(68.733693 0.021800572 0)
(68.719871 0.030369565 0)
(68.707757 0.040727444 0)
(68.698363 0.052230068 0)
(68.692174 0.063763136 0)
(68.688946 0.074197133 0)
(68.687882 0.082841215 0)
(68.688082 0.089555882 0)
(68.688797 0.094571385 0)
(68.789261 0.0011711413 0)
(68.783726 0.0034832224 0)
(68.774243 0.0065027231 0)
(68.762078 0.010563296 0)
(68.74842 0.015929476 0)
(68.734342 0.022918627 0)
(68.72097 0.031741155 0)
(68.70946 0.042223047 0)
(68.700743 0.053629061 0)
(68.695166 0.064833271 0)
(68.692375 0.074793073 0)
(68.691541 0.082939896 0)
(68.691806 0.089221024 0)
(68.692498 0.093898119 0)
(68.789263 0.0012329482 0)
(68.783756 0.0036898487 0)
(68.774336 0.0068803691 0)
(68.762282 0.011162417 0)
(68.748813 0.016794179 0)
(68.73505 0.024066951 0)
(68.722149 0.033126065 0)
(68.711251 0.043699131 0)
(68.703194 0.054972226 0)
(68.698194 0.065827114 0)
(68.695796 0.075317145 0)
(68.695158 0.082989335 0)
(68.695472 0.08886576 0)
(68.696136 0.093230224 0)
(68.789265 0.0012976074 0)
(68.78379 0.0039069146 0)
(68.774441 0.0072764321 0)
(68.762508 0.011788226 0)
(68.749246 0.017690672 0)
(68.735817 0.02524324 0)
(68.723407 0.034519548 0)
(68.713126 0.04515004 0)
(68.705711 0.056256285 0)
(68.701249 0.066745714 0)
(68.699204 0.075773646 0)
(68.698733 0.082994313 0)
(68.699082 0.088493368 0)
(68.699716 0.092569044 0)
(68.789267 0.0013652452 0)
(68.783828 0.0041347699 0)
(68.774557 0.0076914397 0)
(68.762758 0.012440946 0)
(68.74972 0.018618395 0)
(68.736649 0.02644478 0)
(68.724747 0.035916613 0)
(68.715084 0.046570411 0)
(68.708289 0.057478662 0)
(68.704327 0.067590681 0)
(68.702595 0.076166753 0)
(68.702265 0.082959775 0)
(68.702638 0.088106713 0)
(68.703241 0.091915143 0)
(68.789271 0.001435989 0)
(68.783871 0.0043737285 0)
(68.774686 0.0081258807 0)
(68.763034 0.013120659 0)
(68.75024 0.019576466 0)
(68.737548 0.027668484 0)
(68.72617 0.037312027 0)
(68.717121 0.047955136 0)
(68.710921 0.05863737 0)
(68.707421 0.06836399 0)
(68.705967 0.076500599 0)
(68.705755 0.082889591 0)
(68.706142 0.087708473 0)
(68.706713 0.091269522 0)
(68.789274 0.0015099732 0)
(68.783918 0.0046240146 0)
(68.774829 0.0085802251 0)
(68.763339 0.013827417 0)
(68.750808 0.020563487 0)
(68.738515 0.02891085 0)
(68.727674 0.038700481 0)
(68.719235 0.049299534 0)
(68.713602 0.059731067 0)
(68.710526 0.069067978 0)
(68.709317 0.076779365 0)
(68.709202 0.08278705 0)
(68.709597 0.087301015 0)
(68.710137 0.090633248 0)
(68.789279 0.0015873471 0)
(68.783972 0.0048857202 0)
(68.774988 0.0090549303 0)
(68.763674 0.014561087 0)
(68.751426 0.021577731 0)
(68.739554 0.030167967 0)
(68.72926 0.040076616 0)
(68.721421 0.050599388 0)
(68.716326 0.060759023 0)
(68.713637 0.069705286 0)
(68.712643 0.077007146 0)
(68.712608 0.082655603 0)
(68.713004 0.086886067 0)
(68.713513 0.090006471 0)
(68.789284 0.0016682341 0)
(68.784032 0.0051590246 0)
(68.775164 0.0095502178 0)
(68.764043 0.015321209 0)
(68.752099 0.022617166 0)
(68.740666 0.031435587 0)
(68.730926 0.041435087 0)
(68.723674 0.05185094 0)
(68.719087 0.061721037 0)
(68.71675 0.070278754 0)
(68.715943 0.077187813 0)
(68.715973 0.082498432 0)
(68.716365 0.086465159 0)
(68.716844 0.089389302 0)
(68.78929 0.0017527169 0)
(68.784098 0.0054442211 0)
(68.775359 0.010066006 0)
(68.764449 0.016107038 0)
(68.752829 0.023679321 0)
(68.741853 0.032709198 0)
(68.732672 0.042770707 0)
(68.725991 0.053050988 0)
(68.72188 0.062617432 0)
(68.719861 0.070791399 0)
(68.719215 0.077324835 0)
(68.719297 0.082318639 0)
(68.719682 0.086039954 0)
(68.720132 0.088781966 0)
(68.789296 0.0018408723 0)
(68.784173 0.0057414801 0)
(68.775574 0.010602089 0)
(68.764892 0.016917549 0)
(68.753618 0.024761346 0)
(68.743115 0.03398403 0)
(68.734494 0.044078447 0)
(68.728366 0.054196836 0)
(68.724699 0.063448981 0)
(68.722965 0.071246322 0)
(68.722458 0.077421802 0)
(68.722581 0.082118716 0)
(68.722957 0.085611735 0)
(68.723378 0.088184689 0)
(68.789304 0.001932766 0)
(68.784256 0.0060508453 0)
(68.775811 0.011158108 0)
(68.765377 0.017751386 0)
(68.754469 0.025859995 0)
(68.744454 0.035255109 0)
(68.736391 0.04535353 0)
(68.730794 0.055286346 0)
(68.727539 0.064216879 0)
(68.72606 0.071646707 0)
(68.725672 0.077482164 0)
(68.725827 0.081900969 0)
(68.72619 0.085181661 0)
(68.726585 0.087597683 0)
(68.789313 0.0020284388 0)
(68.784348 0.0063722408 0)
(68.776072 0.011733498 0)
(68.765906 0.018606824 0)
(68.755384 0.026971631 0)
(68.745869 0.036517323 0)
(68.73836 0.046591498 0)
(68.73327 0.056317918 0)
(68.730396 0.064922668 0)
(68.729143 0.071995783 0)
(68.728855 0.077508992 0)
(68.729034 0.081667713 0)
(68.729384 0.084750955 0)
(68.729753 0.087021221 0)
(68.789324 0.0021278976 0)
(68.784451 0.006705448 0)
(68.77636 0.012327464 0)
(68.766482 0.019481742 0)
(68.756366 0.028092252 0)
(68.74736 0.037765489 0)
(68.740396 0.047788241 0)
(68.735789 0.057290461 0)
(68.733264 0.065568194 0)
(68.73221 0.072296734 0)
(68.732008 0.077505379 0)
(68.732204 0.081421119 0)
(68.732539 0.084320757 0)
(68.732884 0.086455622 0)
(68.789335 0.0022311054 0)
(68.784564 0.0070501007 0)
(68.776675 0.012938924 0)
(68.767106 0.020373593 0)
(68.757416 0.029217483 0)
(68.748927 0.038994416 0)
(68.742496 0.048940071 0)
(68.738347 0.058203397 0)
(68.736139 0.06615559 0)
(68.735261 0.072552759 0)
(68.73513 0.077474363 0)
(68.735337 0.081163259 0)
(68.735657 0.083892161 0)
(68.735978 0.085901242 0)
(68.789349 0.0023379738 0)
(68.78469 0.0074056556 0)
(68.77702 0.01356647 0)
(68.767782 0.021279405 0)
(68.758535 0.030342607 0)
(68.750568 0.04019897 0)
(68.744658 0.050043737 0)
(68.740938 0.059056615 0)
(68.739018 0.066687184 0)
(68.738294 0.072767104 0)
(68.738221 0.077418648 0)
(68.738434 0.080896065 0)
(68.738738 0.083466354 0)
(68.739037 0.085358632 0)
(68.789363 0.0024483493 0)
(68.784829 0.0077713691 0)
(68.777397 0.014208328 0)
(68.768513 0.022195737 0)
(68.759725 0.031462606 0)
(68.752281 0.041374128 0)
(68.746875 0.051096427 0)
(68.743557 0.059850424 0)
(68.741898 0.067165503 0)
(68.741307 0.072942922 0)
(68.741281 0.077341042 0)
(68.741497 0.080621529 0)
(68.741784 0.083044538 0)
(68.742061 0.084828399 0)
(68.78938 0.0025619845 0)
(68.784983 0.0081463816 0)
(68.777809 0.014862179 0)
(68.769299 0.023118689 0)
(68.760986 0.032572202 0)
(68.754065 0.042515028 0)
(68.749146 0.052095783 0)
(68.746201 0.060585532 0)
(68.744775 0.067593222 0)
(68.744298 0.073083352 0)
(68.744311 0.07724428 0)
(68.744525 0.080341603 0)
(68.744796 0.082627947 0)
(68.745053 0.084311257 0)
(68.789399 0.0026785537 0)
(68.785151 0.0085295449 0)
(68.778256 0.015525252 0)
(68.770144 0.024043868 0)
(68.762319 0.033665898 0)
(68.755918 0.043617016 0)
(68.751464 0.053039887 0)
(68.748865 0.061262989 0)
(68.747647 0.067973117 0)
(68.747269 0.073191545 0)
(68.747311 0.077130903 0)
(68.747522 0.080058222 0)
(68.747775 0.08221799 0)
(68.748012 0.083808172 0)
(68.78942 0.0027976539 0)
(68.785337 0.0089192453 0)
(68.778743 0.01619443 0)
(68.771049 0.024966373 0)
(68.763724 0.034737997 0)
(68.757837 0.044675682 0)
(68.753828 0.053927269 0)
(68.751546 0.061884163 0)
(68.750514 0.068308079 0)
(68.750218 0.073270595 0)
(68.750283 0.077003588 0)
(68.750487 0.079773408 0)
(68.750724 0.081816112 0)
(68.750942 0.083320171 0)
(68.789443 0.002918757 0)
(68.78554 0.0093134921 0)
(68.779269 0.016866071 0)
(68.772016 0.025880819 0)
(68.765201 0.035782659 0)
(68.75982 0.045686875 0)
(68.756232 0.054756844 0)
(68.754242 0.062450668 0)
(68.753372 0.068601055 0)
(68.753147 0.073323573 0)
(68.753228 0.076864972 0)
(68.753424 0.079489227 0)
(68.753643 0.081423896 0)
(68.753843 0.082848484 0)
(68.789469 0.0030411911 0)
(68.785761 0.009709881 0)
(68.779838 0.017535951 0)
(68.773046 0.026781309 0)
(68.76675 0.036793898 0)
(68.761864 0.04664669 0)
(68.758676 0.055527883 0)
(68.75695 0.062964334 0)
(68.756223 0.068855052 0)
(68.756056 0.073353549 0)
(68.756148 0.076717715 0)
(68.756334 0.079207841 0)
(68.756536 0.081043084 0)
(68.756718 0.082394536 0)
(68.789498 0.0031641252 0)
(68.786003 0.010105502 0)
(68.780451 0.018199243 0)
(68.774142 0.027661434 0)
(68.76837 0.037765606 0)
(68.763968 0.047551466 0)
(68.761155 0.056239969 0)
(68.75967 0.063427162 0)
(68.759067 0.0690731 0)
(68.758947 0.073363607 0)
(68.759045 0.076564513 0)
(68.75922 0.078931506 0)
(68.759405 0.080675571 0)
(68.75957 0.081959957 0)
(68.789529 0.0032865433 0)
(68.786266 0.010496907 0)
(68.78111 0.018850439 0)
(68.775304 0.028514241 0)
(68.770061 0.038691538 0)
(68.76613 0.048397733 0)
(68.763668 0.056892915 0)
(68.762401 0.063841254 0)
(68.761906 0.069258241 0)
(68.761824 0.073356846 0)
(68.761924 0.076408138 0)
(68.762086 0.078662627 0)
(68.762254 0.080323461 0)
(68.762403 0.081546625 0)
(68.789564 0.0034072068 0)
(68.786551 0.01088012 0)
(68.781817 0.019483221 0)
(68.776533 0.029332181 0)
(68.771823 0.039565282 0)
(68.76835 0.049182155 0)
(68.766216 0.057486691 0)
(68.765144 0.064208771 0)
(68.764742 0.069413517 0)
(68.764689 0.073336365 0)
(68.764788 0.076251447 0)
(68.764937 0.078403775 0)
(68.765087 0.079989096 0)
(68.76522 0.081156721 0)
(68.789602 0.0035246247 0)
(68.786859 0.011250568 0)
(68.782574 0.020090394 0)
(68.777832 0.030107063 0)
(68.773657 0.04038019 0)
(68.770626 0.049901419 0)
(68.768799 0.058021315 0)
(68.767902 0.06453186 0)
(68.767579 0.069541957 0)
(68.767549 0.07330532 0)
(68.767644 0.076097433 0)
(68.767778 0.078157715 0)
(68.767911 0.079675037 0)
(68.768028 0.080792648 0)
(68.789643 0.0036370303 0)
(68.787192 0.011602978 0)
(68.783382 0.020663816 0)
(68.779201 0.030829963 0)
(68.775563 0.041129277 0)
(68.77296 0.050552119 0)
(68.771419 0.058496728 0)
(68.770679 0.064812539 0)
(68.770424 0.069646482 0)
(68.770411 0.073266892 0)
(68.770499 0.075949308 0)
(68.770617 0.077927638 0)
(68.770733 0.079384448 0)
(68.770835 0.08045755 0)
(68.789688 0.0037423523 0)
(68.787549 0.011931347 0)
(68.784243 0.021194224 0)
(68.780642 0.031491068 0)
(68.777543 0.041805035 0)
(68.775356 0.051130614 0)
(68.774082 0.058912771 0)
(68.773483 0.065052761 0)
(68.773284 0.069729912 0)
(68.773283 0.073224063 0)
(68.773361 0.075809969 0)
(68.773463 0.077716334 0)
(68.773562 0.079120053 0)
(68.773649 0.080154113 0)
(68.789736 0.0038381756 0)
(68.787933 0.012228807 0)
(68.785158 0.021671241 0)
(68.782158 0.032079469 0)
(68.7796 0.042399001 0)
(68.777818 0.051632467 0)
(68.776794 0.059268781 0)
(68.776322 0.065254542 0)
(68.776171 0.06979588 0)
(68.776176 0.073181326 0)
(68.776244 0.075684312 0)
(68.776329 0.077528859 0)
(68.776411 0.078886961 0)
(68.776482 0.079887472 0)
(68.789788 0.0039216825 0)
(68.788345 0.012487387 0)
(68.78613 0.022083497 0)
(68.783751 0.032583408 0)
(68.78174 0.042901877 0)
(68.780354 0.052051836 0)
(68.779567 0.059561686 0)
(68.77921 0.065416512 0)
(68.7791 0.069844094 0)
(68.779108 0.073139273 0)
(68.779162 0.075573731 0)
(68.779229 0.07736728 0)
(68.779293 0.078687748 0)
(68.779349 0.07966056 0)
(68.789844 0.0039896776 0)
(68.788783 0.012697265 0)
(68.787161 0.022417454 0)
(68.785426 0.032990167 0)
(68.78397 0.043305959 0)
(68.782974 0.052387419 0)
(68.782414 0.059795218 0)
(68.782164 0.065545069 0)
(68.782088 0.069881759 0)
(68.782096 0.073105028 0)
(68.782136 0.075485093 0)
(68.782185 0.077238326 0)
(68.782231 0.078529141 0)
(68.782271 0.079480174 0)
(68.789904 0.0040398237 0)
(68.789251 0.012846618 0)
(68.788253 0.022651955 0)
(68.78719 0.033273096 0)
(68.7863 0.043584925 0)
(68.785694 0.052618095 0)
(68.785355 0.059955668 0)
(68.785204 0.065633678 0)
(68.785159 0.069907914 0)
(68.785164 0.073081301 0)
(68.785188 0.075423227 0)
(68.785218 0.07714796 0)
(68.785246 0.078417731 0)
(68.78527 0.079353296 0)
(68.789968 0.0040766268 0)
(68.789744 0.012944989 0)
(68.789403 0.022797613 0)
(68.789039 0.033440339 0)
(68.788734 0.043741859 0)
(68.788526 0.05274141 0)
(68.788408 0.060036778 0)
(68.788353 0.065675001 0)
(68.788335 0.069916537 0)
(68.788334 0.073064742 0)
(68.788341 0.075387781 0)
(68.788349 0.077098459 0)
(68.788358 0.078357789 0)
(68.788366 0.079285604 0)
(65.776384 0.21254689 0)
(59.441152 0.32642859 0)
(52.431213 0.31710774 0)
(46.611276 0.2110088 0)
(42.994245 0.084268392 0)
(41.556603 -0.010594972 0)
(41.511059 -0.047119367 0)
(41.835684 -0.040266199 0)
(42.066356 -0.023815164 0)
(42.032381 -0.0085680509 0)
(41.802779 0.00021007844 0)
(41.478737 0.0039174074 0)
(41.119949 0.005287589 0)
(40.744732 0.0058731923 0)
(40.35819 0.0061547217 0)
(39.966647 0.006162751 0)
(39.582487 0.0059188597 0)
(39.211015 0.0055741573 0)
(38.851618 0.0052286049 0)
(38.504653 0.0048849226 0)
(38.170691 0.0045498791 0)
(37.849979 0.0042025506 0)
(37.545155 0.0038498208 0)
(37.254908 0.0035413278 0)
(36.976379 0.0032793568 0)
(36.708044 0.003048059 0)
(36.449381 0.002827557 0)
(36.200946 0.0026095233 0)
(35.963081 0.0024116145 0)
(35.733753 0.0022404323 0)
(35.51193 0.0020899527 0)
(35.296745 0.0019466824 0)
(35.089034 0.0018094627 0)
(34.888015 0.001685338 0)
(34.693136 0.0015744375 0)
(34.503401 0.0014739499 0)
(34.318882 0.0013770244 0)
(34.139689 0.0012880602 0)
(33.964944 0.0012078932 0)
(33.794414 0.001133126 0)
(33.628009 0.0010623508 0)
(33.465666 0.00099785165 0)
(33.306658 0.00093933052 0)
(33.150908 0.00088344787 0)
(32.998559 0.00083061641 0)
(32.849316 0.0007825806 0)
(32.702753 0.00073792577 0)
(32.558974 0.0006952825 0)
(32.417896 0.00065575538 0)
(32.279221 0.00061913667 0)
(32.142862 0.00058468822 0)
(32.008747 0.00055242507 0)
(31.876714 0.00052210517 0)
(31.746776 0.0004937406 0)
(31.618656 0.00046727764 0)
(31.492425 0.0004419246 0)
(31.368028 0.000418542 0)
(31.245178 0.00039649158 0)
(31.124022 0.00037552215 0)
(31.004414 0.00035585082 0)
(30.886305 0.00033732256 0)
(30.76965 0.00031995079 0)
(30.654289 0.00030337384 0)
(30.540429 0.00028771168 0)
(30.427778 0.00027309669 0)
(30.316368 0.00025912564 0)
(30.206305 0.00024562776 0)
(30.097558 0.00023338984 0)
(29.989674 0.00022169548 0)
(29.883133 0.00020971129 0)
(29.778248 0.00019882502 0)
(29.674223 0.00018912485 0)
(29.571156 0.00017838023 0)
(29.470613 0.00016645177 0)
(29.373024 0.0001558064 0)
(29.277292 0.00014559344 0)
(29.18467 0.00013071583 0)
(29.100652 0.00010963204 0)
(29.029851 8.7033137e-05 0)
(28.972019 6.7584981e-05 0)
(28.924131 5.2839984e-05 0)
(28.885527 3.6962126e-05 0)
(28.8607 1.7569244e-05 0)
(28.853328 2.3942727e-07 0)
(28.858729 -8.6812147e-06 0)
(28.868151 -9.0436197e-06 0)
(28.874857 -5.0935444e-06 0)
(28.876895 -1.5677754e-06 0)
(28.876517 -2.827208e-07 0)
(28.875898 -3.2035387e-07 0)
(28.875718 -5.511206e-07 0)
(28.875786 -5.9734344e-07 0)
(28.875858 -5.4469823e-07 0)
(28.875875 -5.076604e-07 0)
(28.875872 -4.9302602e-07 0)
(28.875832 -4.9659259e-07 0)
(69.535857 0.20869266 0)
(70.972562 0.32587481 0)
(70.976785 0.35672153 0)
(69.507383 0.30660973 0)
(67.11054 0.21397253 0)
(64.359449 0.12088277 0)
(61.665528 0.060916224 0)
(59.359539 0.035010171 0)
(57.530989 0.024976041 0)
(56.102527 0.023995379 0)
(54.991398 0.024451057 0)
(54.072577 0.024403634 0)
(53.259972 0.023905447 0)
(52.50909 0.023096254 0)
(51.810947 0.021895042 0)
(51.161985 0.020405466 0)
(50.558555 0.018813106 0)
(49.990464 0.017331681 0)
(49.452345 0.015972253 0)
(48.942251 0.014685672 0)
(48.459365 0.013474737 0)
(48.002164 0.012308575 0)
(47.570897 0.011206369 0)
(47.162168 0.010254257 0)
(46.772806 0.0094284033 0)
(46.401135 0.008692028 0)
(46.046 0.0080060577 0)
(45.707054 0.0073542572 0)
(45.38363 0.0067681564 0)
(45.07351 0.006255777 0)
(44.775447 0.0058015964 0)
(44.488291 0.0053780126 0)
(44.212181 0.0049810533 0)
(43.946073 0.0046225505 0)
(43.689147 0.0043015229 0)
(43.440309 0.0040107006 0)
(43.199317 0.0037358316 0)
(42.965947 0.0034844427 0)
(42.739283 0.0032572755 0)
(42.518901 0.0030470042 0)
(42.304511 0.0028502274 0)
(42.095882 0.0026707182 0)
(41.892267 0.002507506 0)
(41.693426 0.0023535822 0)
(41.499319 0.0022092237 0)
(41.309607 0.0020774838 0)
(41.123827 0.0019553308 0)
(40.94194 0.0018397939 0)
(40.763795 0.0017327407 0)
(40.589057 0.0016336388 0)
(40.417567 0.0015408073 0)
(40.249186 0.0014541127 0)
(40.083708 0.0013728613 0)
(39.921082 0.0012970124 0)
(39.761014 0.001226272 0)
(39.603503 0.0011589863 0)
(39.448468 0.0010967325 0)
(39.295601 0.0010382113 0)
(39.144992 0.00098275548 0)
(38.996475 0.00093078241 0)
(38.849975 0.00088185352 0)
(38.705428 0.00083603745 0)
(38.562639 0.00079247472 0)
(38.421781 0.00075130268 0)
(38.282589 0.00071289992 0)
(38.145029 0.00067626653 0)
(38.0092 0.0006409867 0)
(37.875103 0.00060879305 0)
(37.742234 0.00057821916 0)
(37.611016 0.00054712758 0)
(37.481868 0.00051857756 0)
(37.353984 0.00049309797 0)
(37.227337 0.00046535923 0)
(37.103644 0.00043459584 0)
(36.9836 0.00040667043 0)
(36.866075 0.00037996094 0)
(36.752372 0.00034191857 0)
(36.648812 0.00028779268 0)
(36.561205 0.00022916079 0)
(36.489685 0.00017853004 0)
(36.430801 0.00013915428 0)
(36.38356 9.7448871e-05 0)
(36.35298 4.7009489e-05 0)
(36.343409 1.4399533e-06 0)
(36.350038 -2.2259851e-05 0)
(36.361481 -2.3220758e-05 0)
(36.369651 -1.2976949e-05 0)
(36.372186 -3.8082463e-06 0)
(36.371726 -4.282005e-07 0)
(36.370961 -5.3102942e-07 0)
(36.370729 -1.1618595e-06 0)
(36.370811 -1.3210962e-06 0)
(36.370901 -1.2084273e-06 0)
(36.370925 -1.1228497e-06 0)
(36.370925 -1.0820516e-06 0)
(36.370876 -1.0901872e-06 0)
(68.454583 0.16529714 0)
(68.837893 0.26986445 0)
(69.526556 0.31837665 0)
(70.11461 0.30089712 0)
(70.247731 0.2404957 0)
(69.805151 0.17760553 0)
(68.726917 0.13825403 0)
(67.133585 0.11899292 0)
(65.226939 0.10573501 0)
(63.312693 0.092193407 0)
(61.600439 0.076926291 0)
(60.17902 0.063456735 0)
(59.008293 0.054580172 0)
(57.991761 0.049013428 0)
(57.096423 0.04449738 0)
(56.296222 0.040423536 0)
(55.568941 0.036752087 0)
(54.890974 0.033550007 0)
(54.256821 0.030639701 0)
(53.662714 0.027930762 0)
(53.106118 0.02543533 0)
(52.582965 0.02311036 0)
(52.091797 0.020991282 0)
(51.626168 0.019181461 0)
(51.183251 0.017587049 0)
(50.761879 0.016152362 0)
(50.360782 0.014826665 0)
(49.979134 0.013590528 0)
(49.615283 0.012488787 0)
(49.266643 0.011521753 0)
(48.932141 0.010658465 0)
(48.610712 0.0098577957 0)
(48.302283 0.0091147072 0)
(48.005362 0.0084460818 0)
(47.718958 0.0078466603 0)
(47.442033 0.0073024146 0)
(47.174364 0.0067919409 0)
(46.915457 0.0063264686 0)
(46.664287 0.0059054897 0)
(46.420412 0.0055166204 0)
(46.183501 0.0051544388 0)
(45.95318 0.0048241717 0)
(45.728655 0.0045235013 0)
(45.50969 0.0042412449 0)
(45.296152 0.0039776183 0)
(45.087623 0.0037367451 0)
(44.883639 0.0035135201 0)
(44.684132 0.0033032818 0)
(44.488877 0.0031086441 0)
(44.297517 0.0029284761 0)
(44.109881 0.0027600068 0)
(43.925784 0.0026029207 0)
(43.744999 0.0024558914 0)
(43.567446 0.0023187808 0)
(43.392814 0.0021909391 0)
(43.221083 0.0020697297 0)
(43.052139 0.0019574759 0)
(42.885669 0.0018520841 0)
(42.721748 0.0017523903 0)
(42.560182 0.0016590359 0)
(42.400889 0.0015711599 0)
(42.243797 0.0014889327 0)
(42.088692 0.0014109093 0)
(41.935728 0.0013371551 0)
(41.784654 0.0012683676 0)
(41.635406 0.0012028781 0)
(41.48807 0.0011398821 0)
(41.342669 0.0010822091 0)
(41.198674 0.001027642 0)
(41.056481 0.00097237616 0)
(40.916546 0.00092132708 0)
(40.778074 0.00087575017 0)
(40.640977 0.00082664776 0)
(40.507023 0.00077221782 0)
(40.377023 0.00072234053 0)
(40.249858 0.00067476081 0)
(40.12685 0.0006079485 0)
(40.014641 0.00051273144 0)
(39.919565 0.00040885458 0)
(39.841958 0.00031879154 0)
(39.778217 0.00024798402 0)
(39.727225 0.00017388418 0)
(39.694163 8.4727036e-05 0)
(39.68363 3.5459575e-06 0)
(39.690658 -3.9058794e-05 0)
(39.702988 -4.0943386e-05 0)
(39.711832 -2.2900546e-05 0)
(39.714624 -6.6376206e-06 0)
(39.714144 -5.7087802e-07 0)
(39.713311 -7.4163345e-07 0)
(39.713051 -1.8794551e-06 0)
(39.713137 -2.1878123e-06 0)
(39.713234 -2.0009106e-06 0)
(39.713262 -1.8526055e-06 0)
(39.713263 -1.7768157e-06 0)
(39.713211 -1.7898467e-06 0)
(68.428219 0.16095449 0)
(68.493137 0.26304459 0)
(68.651453 0.30785317 0)
(68.874942 0.29025176 0)
(69.095338 0.23860364 0)
(69.242174 0.19245461 0)
(69.27494 0.17234128 0)
(69.13383 0.16978577 0)
(68.689735 0.16858138 0)
(67.847646 0.1598914 0)
(66.587082 0.14302301 0)
(65.077604 0.12262494 0)
(63.599947 0.10337711 0)
(62.297814 0.087815364 0)
(61.183792 0.076388235 0)
(60.192482 0.067581776 0)
(59.308191 0.060203347 0)
(58.508916 0.054221327 0)
(57.777671 0.049118426 0)
(57.102197 0.044527269 0)
(56.475348 0.040388565 0)
(55.889892 0.036598643 0)
(55.342542 0.033230326 0)
(54.822789 0.030346799 0)
(54.33011 0.027761389 0)
(53.86342 0.025419983 0)
(53.42089 0.023271626 0)
(53.000939 0.021300881 0)
(52.600757 0.019560847 0)
(52.217572 0.018026059 0)
(51.85064 0.016644515 0)
(51.498944 0.015365821 0)
(51.162201 0.014189498 0)
(50.838295 0.013136986 0)
(50.526117 0.012191266 0)
(50.224799 0.011329292 0)
(49.93415 0.010524999 0)
(49.653339 0.0097943734 0)
(49.381213 0.0091333153 0)
(49.117344 0.0085228852 0)
(48.861407 0.0079561252 0)
(48.612839 0.0074399799 0)
(48.370794 0.0069695146 0)
(48.135071 0.0065289405 0)
(47.905448 0.0061188384 0)
(47.68141 0.0057439848 0)
(47.462494 0.0053965483 0)
(47.248627 0.0050702898 0)
(47.039488 0.0047685953 0)
(46.834697 0.0044892961 0)
(46.634087 0.0042284253 0)
(46.437421 0.0039854984 0)
(46.24445 0.0037583516 0)
(46.055069 0.0035466932 0)
(45.868946 0.0033493851 0)
(45.686048 0.0031627411 0)
(45.506226 0.0029898283 0)
(45.329161 0.0028275917 0)
(45.154916 0.0026743401 0)
(44.983269 0.0025309432 0)
(44.814128 0.0023959879 0)
(44.647416 0.0022697636 0)
(44.482899 0.0021501781 0)
(44.320716 0.0020371463 0)
(44.160623 0.0019317227 0)
(44.002532 0.0018315079 0)
(43.846513 0.00173521 0)
(43.692605 0.0016468473 0)
(43.540268 0.0015634397 0)
(43.389862 0.0014792493 0)
(43.241869 0.0014011832 0)
(43.095515 0.0013314126 0)
(42.950662 0.0012568096 0)
(42.809085 0.0011742295 0)
(42.67169 0.0010980523 0)
(42.537392 0.0010254125 0)
(42.407505 0.00092446777 0)
(42.288851 0.00078064267 0)
(42.188156 0.00062305967 0)
(42.105949 0.0004860547 0)
(42.038573 0.00037741138 0)
(41.984825 0.0002646618 0)
(41.94993 0.00012965432 0)
(41.938644 6.3351128e-06 0)
(41.945867 -5.8782062e-05 0)
(41.958843 -6.1885718e-05 0)
(41.968184 -3.4620826e-05 0)
(41.971181 -9.9416262e-06 0)
(41.970697 -6.5042226e-07 0)
(41.969814 -8.9500338e-07 0)
(41.969532 -2.6437764e-06 0)
(41.969618 -3.1400053e-06 0)
(41.96972 -2.8702368e-06 0)
(41.96975 -2.6485347e-06 0)
(41.969752 -2.5301842e-06 0)
(41.969698 -2.548365e-06 0)
(68.436044 0.16008977 0)
(68.48667 0.25973978 0)
(68.5872 0.30188328 0)
(68.691364 0.28356832 0)
(68.766283 0.23259643 0)
(68.807352 0.18638093 0)
(68.833558 0.16552886 0)
(68.864077 0.16560473 0)
(68.888746 0.17365696 0)
(68.8545 0.17999165 0)
(68.66033 0.18011646 0)
(68.172478 0.17212892 0)
(67.299802 0.15755001 0)
(66.147008 0.13955826 0)
(64.907775 0.12075286 0)
(63.729157 0.10383916 0)
(62.676187 0.090699706 0)
(61.720602 0.0806693 0)
(60.854175 0.072186009 0)
(60.067321 0.06482433 0)
(59.343559 0.058455812 0)
(58.673256 0.052739906 0)
(58.050886 0.047699258 0)
(57.468756 0.043416004 0)
(56.92195 0.039631503 0)
(56.406687 0.036218148 0)
(55.919924 0.033105038 0)
(55.459195 0.030283597 0)
(55.020195 0.027802715 0)
(54.600364 0.025593018 0)
(54.199575 0.023588311 0)
(53.816588 0.021737138 0)
(53.450746 0.02005149 0)
(53.099038 0.018552785 0)
(52.760455 0.017199358 0)
(52.434446 0.015960172 0)
(52.12071 0.01481012 0)
(51.817951 0.013770542 0)
(51.524923 0.012829486 0)
(51.241236 0.011959743 0)
(50.966604 0.011154368 0)
(50.70017 0.010422644 0)
(50.441058 0.0097548409 0)
(50.18913 0.0091304186 0)
(49.944041 0.0085510605 0)
(49.705163 0.0080215651 0)
(49.472046 0.0075306107 0)
(49.244613 0.0070707419 0)
(49.022416 0.0066461401 0)
(48.805062 0.0062529624 0)
(48.592393 0.0058860679 0)
(48.384102 0.0055448805 0)
(48.179917 0.0052261306 0)
(47.979712 0.0049293319 0)
(47.783126 0.0046527453 0)
(47.590115 0.0043916008 0)
(47.400487 0.0041496787 0)
(47.213915 0.0039227941 0)
(47.030457 0.0037087449 0)
(46.849851 0.0035086261 0)
(46.671997 0.0033203334 0)
(46.496812 0.003144293 0)
(46.324043 0.0029777404 0)
(46.153806 0.0028203496 0)
(45.985868 0.0026735521 0)
(45.820117 0.0025342042 0)
(45.656599 0.0024004326 0)
(45.495373 0.0022774611 0)
(45.33589 0.002161605 0)
(45.178466 0.0020450098 0)
(45.023603 0.0019365715 0)
(44.87056 0.0018395542 0)
(44.719144 0.0017364827 0)
(44.571116 0.0016225677 0)
(44.427466 0.0015169061 0)
(44.287163 0.0014161567 0)
(44.151492 0.001277405 0)
(44.027363 0.001079827 0)
(43.921837 0.0008625517 0)
(43.835656 0.00067312623 0)
(43.765169 0.0005218131 0)
(43.709108 0.00036586791 0)
(43.672662 0.0001799901 0)
(43.66068 9.9284471e-06 0)
(43.667988 -8.0410969e-05 0)
(43.681486 -8.5090944e-05 0)
(43.691243 -4.762256e-05 0)
(43.694427 -1.3589866e-05 0)
(43.69395 -6.642185e-07 0)
(43.693023 -9.7228182e-07 0)
(43.692721 -3.4077418e-06 0)
(43.692807 -4.1234733e-06 0)
(43.692913 -3.7670502e-06 0)
(43.692944 -3.4649457e-06 0)
(43.692946 -3.2989254e-06 0)
(43.692891 -3.3222814e-06 0)
(68.443424 0.15854019 0)
(68.491281 0.25531464 0)
(68.586318 0.29681446 0)
(68.677662 0.27984256 0)
(68.730752 0.23086218 0)
(68.743424 0.18569232 0)
(68.736292 0.16445241 0)
(68.733654 0.16369769 0)
(68.746313 0.17098024 0)
(68.770374 0.17776187 0)
(68.792247 0.18154654 0)
(68.782532 0.18240025 0)
(68.672219 0.18036408 0)
(68.364539 0.17393527 0)
(67.756563 0.16256831 0)
(66.878857 0.14769131 0)
(65.841724 0.13071692 0)
(64.792449 0.11463004 0)
(63.806757 0.10106826 0)
(62.895019 0.09000718 0)
(62.044572 0.080596486 0)
(61.263055 0.072243997 0)
(60.540428 0.065101574 0)
(59.871875 0.05902329 0)
(59.251099 0.053643374 0)
(58.670862 0.048865449 0)
(58.125719 0.044559646 0)
(57.612176 0.04067964 0)
(57.126517 0.037272952 0)
(56.666028 0.034251098 0)
(56.228409 0.031521894 0)
(55.811541 0.029011296 0)
(55.414193 0.026746776 0)
(55.032264 0.02473467 0)
(54.665379 0.022903362 0)
(54.313173 0.021220308 0)
(53.975075 0.01966882 0)
(53.64916 0.018274505 0)
(53.334193 0.017010097 0)
(53.029859 0.015838974 0)
(52.735909 0.014758179 0)
(52.451033 0.013779675 0)
(52.174405 0.012884836 0)
(51.905959 0.012049099 0)
(51.645183 0.011276366 0)
(51.391314 0.010570424 0)
(51.143939 0.0099154937 0)
(50.90297 0.0093035922 0)
(50.667783 0.0087396301 0)
(50.438001 0.0082171691 0)
(50.213477 0.0077301243 0)
(49.9938 0.0072779024 0)
(49.778687 0.0068557362 0)
(49.567991 0.0064629458 0)
(49.361308 0.0060970719 0)
(49.158587 0.0057522178 0)
(48.959585 0.0054328456 0)
(48.763967 0.0051334286 0)
(48.571786 0.004851309 0)
(48.382732 0.004587792 0)
(48.196699 0.0043399174 0)
(48.013593 0.0041082734 0)
(47.833143 0.0038894043 0)
(47.65544 0.0036826414 0)
(47.480259 0.0034897997 0)
(47.307464 0.0033070087 0)
(47.137074 0.0031316958 0)
(46.969165 0.0029702837 0)
(46.803181 0.0028184745 0)
(46.639393 0.002666133 0)
(46.478317 0.0025240786 0)
(46.319248 0.0023968518 0)
(46.161942 0.0022625073 0)
(46.008123 0.0021142843 0)
(45.858863 0.0019761026 0)
(45.713195 0.0018443422 0)
(45.572358 0.0016644452 0)
(45.443294 0.0014084857 0)
(45.33336 0.0011259952 0)
(45.243531 0.00087893931 0)
(45.170201 0.00068028257 0)
(45.112056 0.00047685225 0)
(45.074194 0.00023551191 0)
(45.061523 1.4463842e-05 0)
(45.068836 -0.00010369394 0)
(45.082771 -0.00011038562 0)
(45.092902 -6.1845878e-05 0)
(45.096266 -1.7591262e-05 0)
(45.095801 -6.294169e-07 0)
(45.094837 -9.8036725e-07 0)
(45.094514 -4.1719793e-06 0)
(45.094599 -5.138582e-06 0)
(45.094708 -4.6928552e-06 0)
(45.094741 -4.3039464e-06 0)
(45.094744 -4.0857377e-06 0)
(45.094687 -4.1143353e-06 0)
(68.450539 0.15687385 0)
(68.495943 0.25042141 0)
(68.587372 0.29121332 0)
(68.675297 0.27601774 0)
(68.725356 0.22952608 0)
(68.734184 0.1859115 0)
(68.721738 0.16502244 0)
(68.711155 0.16395829 0)
(68.712375 0.17062447 0)
(68.723681 0.17672355 0)
(68.739785 0.17986577 0)
(68.757205 0.18071966 0)
(68.77023 0.18051763 0)
(68.763927 0.17946773 0)
(68.695801 0.17711206 0)
(68.495447 0.17175139 0)
(68.063492 0.16268946 0)
(67.388288 0.15082155 0)
(66.529983 0.1364138 0)
(65.602697 0.12154632 0)
(64.686574 0.10795834 0)
(63.826879 0.096508273 0)
(63.000758 0.086766317 0)
(62.225544 0.078153887 0)
(61.508235 0.070608447 0)
(60.839754 0.0640477 0)
(60.215311 0.058180164 0)
(59.631242 0.052964941 0)
(59.083338 0.048407511 0)
(58.568951 0.044362477 0)
(58.083368 0.040729657 0)
(57.623097 0.037418356 0)
(57.185808 0.034437362 0)
(56.768963 0.031793338 0)
(56.37093 0.029398669 0)
(55.990095 0.02720228 0)
(55.625406 0.025192566 0)
(55.274167 0.023391005 0)
(54.935392 0.021749376 0)
(54.608899 0.020225833 0)
(54.294291 0.018827161 0)
(53.989684 0.01756569 0)
(53.694465 0.016407977 0)
(53.408602 0.015328145 0)
(53.131335 0.014333828 0)
(52.861774 0.013425879 0)
(52.599569 0.012582793 0)
(52.344592 0.011797424 0)
(52.095991 0.011075054 0)
(51.853457 0.010405317 0)
(51.616833 0.0097818106 0)
(51.38557 0.0092038922 0)
(51.159392 0.0086647125 0)
(50.938126 0.0081634954 0)
(50.721312 0.0076969149 0)
(50.508891 0.0072578624 0)
(50.300566 0.0068514602 0)
(50.09599 0.0064705722 0)
(49.89521 0.0061121706 0)
(49.697857 0.0057777391 0)
(49.503828 0.0054632614 0)
(49.31301 0.0051695302 0)
(49.125108 0.0048923622 0)
(48.940193 0.0046306364 0)
(48.758041 0.004386554 0)
(48.578494 0.0041555392 0)
(48.401538 0.0039341857 0)
(48.227268 0.0037301001 0)
(48.055119 0.0035384739 0)
(47.885315 0.0033467195 0)
(47.718382 0.0031674935 0)
(47.553653 0.003006808 0)
(47.39083 0.0028381436 0)
(47.231593 0.0026524093 0)
(47.077092 0.0024784252 0)
(46.926425 0.0023125244 0)
(46.780774 0.0020879616 0)
(46.647074 0.0017687784 0)
(46.532951 0.0014152289 0)
(46.43963 0.0011049414 0)
(46.363579 0.00085389626 0)
(46.303454 0.00059836143 0)
(46.264228 0.00029668793 0)
(46.250846 2.0139054e-05 0)
(46.258101 -0.00012864703 0)
(46.272412 -0.0001378776 0)
(46.282891 -7.7378527e-05 0)
(46.286432 -2.1978938e-05 0)
(46.285986 -5.4359121e-07 0)
(46.284987 -9.0880313e-07 0)
(46.284645 -4.9294707e-06 0)
(46.284728 -6.1808839e-06 0)
(46.284841 -5.6432015e-06 0)
(46.284875 -5.1604763e-06 0)
(46.284878 -4.8853538e-06 0)
(46.28482 -4.9193198e-06 0)
(68.457708 0.15520185 0)
(68.500691 0.24561373 0)
(68.588378 0.28562347 0)
(68.673491 0.27198687 0)
(68.722571 0.22797033 0)
(68.731332 0.18603405 0)
(68.718599 0.16555335 0)
(68.706688 0.16417969 0)
(68.705364 0.17043194 0)
(68.712859 0.17628099 0)
(68.723911 0.17929839 0)
(68.735755 0.18003158 0)
(68.747468 0.17956499 0)
(68.758879 0.17851691 0)
(68.767023 0.17704442 0)
(68.762533 0.17504123 0)
(68.71857 0.17242778 0)
(68.581958 0.16807171 0)
(68.276094 0.16094838 0)
(67.752023 0.15119032 0)
(67.040247 0.13903907 0)
(66.223253 0.12545076 0)
(65.380858 0.11249877 0)
(64.560467 0.10118037 0)
(63.771051 0.091393792 0)
(63.01291 0.082682534 0)
(62.302442 0.074799292 0)
(61.636058 0.067890571 0)
(61.009401 0.061795782 0)
(60.42326 0.056389186 0)
(59.873138 0.051596538 0)
(59.354929 0.047273883 0)
(58.865286 0.043407536 0)
(58.402894 0.039985501 0)
(57.964808 0.036892207 0)
(57.547763 0.034072904 0)
(57.149796 0.031504632 0)
(56.768891 0.029205526 0)
(56.403717 0.02711828 0)
(56.052948 0.02518894 0)
(55.715685 0.023428939 0)
(55.389416 0.021841881 0)
(55.074001 0.020377764 0)
(54.769343 0.019015413 0)
(54.474312 0.017767382 0)
(54.187899 0.016627511 0)
(53.909888 0.015567527 0)
(53.640043 0.01458397 0)
(53.377221 0.013681216 0)
(53.121266 0.012843113 0)
(52.871966 0.01206437 0)
(52.628591 0.011343989 0)
(52.390906 0.010672137 0)
(52.1587 0.010048276 0)
(51.931435 0.0094680001 0)
(51.709054 0.0089228342 0)
(51.491191 0.0084185526 0)
(51.27749 0.007946087 0)
(51.067987 0.0075021627 0)
(50.862246 0.0070883766 0)
(50.660168 0.0066994195 0)
(50.461617 0.0063363618 0)
(50.266271 0.0059942207 0)
(50.07418 0.0056713137 0)
(49.885116 0.0053702261 0)
(49.698899 0.0050856965 0)
(49.515481 0.0048133381 0)
(49.334971 0.0045619169 0)
(49.156793 0.0043262261 0)
(48.981127 0.0040910429 0)
(48.808502 0.0038707599 0)
(48.638292 0.0036730648 0)
(48.470144 0.0034667766 0)
(48.305684 0.0032400839 0)
(48.146137 0.00302676 0)
(47.990668 0.002823359 0)
(47.840393 0.0025504254 0)
(47.702204 0.0021629639 0)
(47.583985 0.0017321926 0)
(47.48722 0.0013526787 0)
(47.408478 0.0010438087 0)
(47.346398 0.00073120705 0)
(47.305807 0.00036403455 0)
(47.291671 2.7180022e-05 0)
(47.298814 -0.00015527235 0)
(47.31345 -0.00016767146 0)
(47.324264 -9.4314123e-05 0)
(47.327983 -2.6791718e-05 0)
(47.327561 -4.085448e-07 0)
(47.32653 -7.5117172e-07 0)
(47.326169 -5.6769656e-06 0)
(47.32625 -7.2501874e-06 0)
(47.326365 -6.6181739e-06 0)
(47.3264 -6.0341095e-06 0)
(47.326403 -5.6971029e-06 0)
(47.326345 -5.7366814e-06 0)
(68.464984 0.15353865 0)
(68.505579 0.24078746 0)
(68.589434 0.28002809 0)
(68.671652 0.26786974 0)
(68.719901 0.2262958 0)
(68.729347 0.1861167 0)
(68.717485 0.16609962 0)
(68.705644 0.16443187 0)
(68.7036 0.17027776 0)
(68.709801 0.17589098 0)
(68.71929 0.17884883 0)
(68.72912 0.17959996 0)
(68.738481 0.1791436 0)
(68.74759 0.17805589 0)
(68.756455 0.17644739 0)
(68.764518 0.17444976 0)
(68.769765 0.17227051 0)
(68.765921 0.16999284 0)
(68.736258 0.1674343 0)
(68.641504 0.16385165 0)
(68.422649 0.15799104 0)
(68.007052 0.14959665 0)
(67.412146 0.13946368 0)
(66.691612 0.12758007 0)
(65.919885 0.11548667 0)
(65.144476 0.10434964 0)
(64.396892 0.094620114 0)
(63.66182 0.085957617 0)
(62.958896 0.07802507 0)
(62.296544 0.07095544 0)
(61.671584 0.06470691 0)
(61.083901 0.059087138 0)
(60.530838 0.054084728 0)
(60.009577 0.049641346 0)
(59.518549 0.045651662 0)
(59.053894 0.042056185 0)
(58.612775 0.038804067 0)
(58.193793 0.035898545 0)
(57.795127 0.033267059 0)
(57.414033 0.030849928 0)
(57.048724 0.028649727 0)
(56.697824 0.026669534 0)
(56.360126 0.02484937 0)
(56.034828 0.023165027 0)
(55.720291 0.021628064 0)
(55.41544 0.020220371 0)
(55.120282 0.018909659 0)
(54.834344 0.017699794 0)
(54.556165 0.016591309 0)
(54.285818 0.015559957 0)
(54.022978 0.014604385 0)
(53.766683 0.013722342 0)
(53.516798 0.012899625 0)
(53.273041 0.012136816 0)
(53.034772 0.011428043 0)
(52.801952 0.010763175 0)
(52.57413 0.010148682 0)
(52.350936 0.0095731852 0)
(52.132397 0.0090333242 0)
(51.917991 0.0085306796 0)
(51.707638 0.0080583867 0)
(51.501161 0.0076179085 0)
(51.298212 0.0072033325 0)
(51.098824 0.0068123159 0)
(50.90275 0.0064478205 0)
(50.709797 0.0061039092 0)
(50.519871 0.0057750607 0)
(50.3331 0.0054711634 0)
(50.148892 0.0051867331 0)
(49.967383 0.004903715 0)
(49.789101 0.0046381254 0)
(49.613458 0.0043995384 0)
(49.440048 0.0041520383 0)
(49.270436 0.0038806723 0)
(49.105921 0.0036241955 0)
(48.945732 0.0033796894 0)
(48.790909 0.0030544897 0)
(48.648281 0.0025934804 0)
(48.525971 0.002078998 0)
(48.425739 0.0016238634 0)
(48.344268 0.0012513271 0)
(48.2802 0.00087631981 0)
(48.238204 0.00043815044 0)
(48.223259 3.5860405e-05 0)
(48.230234 -0.00018355295 0)
(48.245156 -0.00019986798 0)
(48.256297 -0.00011274763 0)
(48.260199 -3.2066999e-05 0)
(48.259806 -2.1963679e-07 0)
(48.258745 -4.9513556e-07 0)
(48.258363 -6.4056888e-06 0)
(48.258441 -8.3410028e-06 0)
(48.25856 -7.6126642e-06 0)
(48.258596 -6.9191994e-06 0)
(48.2586 -6.5150771e-06 0)
(48.25854 -6.5605101e-06 0)
(68.472336 0.15187789 0)
(68.5106 0.23588421 0)
(68.590583 0.2743622 0)
(68.669828 0.26367944 0)
(68.717151 0.22454799 0)
(68.727385 0.18615786 0)
(68.716737 0.1666479 0)
(68.70549 0.16471586 0)
(68.703296 0.17015553 0)
(68.708893 0.17551337 0)
(68.717659 0.17839029 0)
(68.726665 0.17915346 0)
(68.735121 0.17874237 0)
(68.743167 0.17769603 0)
(68.750954 0.17612479 0)
(68.758297 0.17413132 0)
(68.764975 0.17189182 0)
(68.77061 0.1696056 0)
(68.774027 0.16731239 0)
(68.77085 0.16495551 0)
(68.750132 0.16238487 0)
(68.681947 0.1592669 0)
(68.517808 0.1545754 0)
(68.193814 0.14759284 0)
(67.689048 0.13877108 0)
(67.048042 0.12828996 0)
(66.340175 0.11696912 0)
(65.612131 0.10630413 0)
(64.8947 0.096802783 0)
(64.187993 0.088264528 0)
(63.499885 0.080426235 0)
(62.845969 0.073262702 0)
(62.22513 0.066897839 0)
(61.637346 0.061186764 0)
(61.084188 0.056079088 0)
(60.561845 0.051511273 0)
(60.068217 0.047393263 0)
(59.601094 0.043709831 0)
(59.158774 0.040389666 0)
(58.738397 0.037371267 0)
(58.337272 0.034637847 0)
(57.955201 0.03218125 0)
(57.589708 0.029930943 0)
(57.238966 0.02785989 0)
(56.901407 0.025974443 0)
(56.576112 0.024252125 0)
(56.262103 0.022655193 0)
(55.958473 0.021189185 0)
(55.663468 0.01984466 0)
(55.377467 0.018590775 0)
(55.099934 0.017433838 0)
(54.829649 0.01636796 0)
(54.566639 0.01537304 0)
(54.310492 0.01445254 0)
(54.060455 0.01359827 0)
(53.81652 0.012798007 0)
(53.57813 0.012059179 0)
(53.344903 0.011367568 0)
(53.116849 0.010719944 0)
(52.893342 0.010117647 0)
(52.67434 0.0095519833 0)
(52.459603 0.0090249739 0)
(52.248755 0.0085295557 0)
(52.041818 0.0080626543 0)
(51.838513 0.0076275902 0)
(51.638635 0.0072177443 0)
(51.442042 0.006826301 0)
(51.248878 0.0064642205 0)
(51.058528 0.0061258704 0)
(50.871089 0.0057901471 0)
(50.687084 0.0054745717 0)
(50.505958 0.0051908214 0)
(50.327254 0.004898184 0)
(50.15247 0.0045781105 0)
(49.982977 0.0042743448 0)
(49.818063 0.003984844 0)
(49.658688 0.0036032535 0)
(49.511595 0.0030631687 0)
(49.385135 0.0024581084 0)
(49.281355 0.0019205039 0)
(49.197064 0.0014779941 0)
(49.130934 0.0010348066 0)
(49.087462 0.00051974588 0)
(49.07164 4.650458e-05 0)
(49.078394 -0.00021346455 0)
(49.093568 -0.00023457867 0)
(49.105031 -0.00013278592 0)
(49.10912 -3.7846682e-05 0)
(49.108761 2.0956389e-08 0)
(49.107671 -1.2693999e-07 0)
(49.107269 -7.1057723e-06 0)
(49.107344 -9.4473205e-06 0)
(49.107466 -8.6212416e-06 0)
(49.107504 -7.8097647e-06 0)
(49.107507 -7.3329591e-06 0)
(49.107447 -7.3845469e-06 0)
(68.479743 0.15022341 0)
(68.515733 0.23091087 0)
(68.591829 0.26862396 0)
(68.668051 0.25940749 0)
(68.714373 0.22271889 0)
(68.725358 0.18613849 0)
(68.716 0.16716689 0)
(68.705546 0.16499515 0)
(68.703462 0.17003957 0)
(68.708764 0.1751401 0)
(68.717112 0.1779288 0)
(68.725673 0.17870098 0)
(68.73367 0.1783279 0)
(68.741225 0.17732089 0)
(68.748474 0.17579487 0)
(68.75529 0.17384776 0)
(68.761562 0.17165265 0)
(68.767239 0.16938688 0)
(68.772324 0.16707099 0)
(68.776459 0.16469124 0)
(68.778743 0.16232599 0)
(68.776054 0.15996198 0)
(68.760012 0.15752856 0)
(68.710111 0.15478608 0)
(68.583996 0.15100423 0)
(68.327815 0.14511325 0)
(67.891109 0.13713705 0)
(67.316887 0.12788366 0)
(66.663903 0.11755202 0)
(65.979623 0.10740537 0)
(65.292465 0.098117246 0)
(64.616533 0.089744504 0)
(63.946508 0.082051169 0)
(63.302408 0.074925971 0)
(62.687902 0.068534587 0)
(62.103058 0.062777742 0)
(61.550198 0.057587105 0)
(61.02704 0.052946396 0)
(60.532684 0.048771833 0)
(60.064834 0.045008076 0)
(59.62045 0.041607444 0)
(59.198775 0.038544597 0)
(58.797509 0.035762151 0)
(58.414372 0.033221784 0)
(58.047871 0.030917057 0)
(57.697159 0.028817311 0)
(57.360018 0.026878815 0)
(57.035229 0.025104902 0)
(56.721553 0.023482752 0)
(56.418354 0.021975633 0)
(56.124663 0.020591253 0)
(55.839045 0.019315138 0)
(55.561753 0.018123096 0)
(55.292143 0.01702356 0)
(55.029357 0.016004054 0)
(54.773451 0.015050138 0)
(54.523696 0.014170779 0)
(54.27973 0.01334796 0)
(54.041524 0.012579009 0)
(53.808331 0.011864701 0)
(53.580171 0.011194205 0)
(53.356705 0.010570338 0)
(53.137541 0.0099845277 0)
(52.922688 0.0094329541 0)
(52.711818 0.008919258 0)
(52.504724 0.0084361051 0)
(52.301202 0.0079752244 0)
(52.101417 0.007548582 0)
(51.904722 0.0071505326 0)
(51.71118 0.0067566801 0)
(51.5213 0.0063859329 0)
(51.334562 0.0060522904 0)
(51.150452 0.0057101889 0)
(50.9704 0.0053369927 0)
(50.795848 0.0049814239 0)
(50.626135 0.0046427062 0)
(50.462138 0.004200325 0)
(50.310494 0.0035753291 0)
(50.179772 0.0028723881 0)
(50.072318 0.0022449566 0)
(49.985076 0.0017256468 0)
(49.916767 0.0012079921 0)
(49.871724 0.00060966475 0)
(49.854944 5.9492573e-05 0)
(49.861422 -0.00024498135 0)
(49.876817 -0.00027193436 0)
(49.888601 -0.00015455777 0)
(49.892883 -4.4183427e-05 0)
(49.892562 3.0958646e-07 0)
(49.891445 3.6466825e-07 0)
(49.891021 -7.7710192e-06 0)
(49.891094 -1.0567185e-05 0)
(49.891218 -9.6425119e-06 0)
(49.891258 -8.7038342e-06 0)
(49.891261 -8.1484504e-06 0)
(49.891201 -8.2063796e-06 0)
(68.487182 0.14858531 0)
(68.520968 0.2258839 0)
(68.593172 0.26282229 0)
(68.666334 0.25505694 0)
(68.711601 0.22080115 0)
(68.723288 0.18604989 0)
(68.715217 0.16764527 0)
(68.705622 0.16525348 0)
(68.703761 0.16991485 0)
(68.708917 0.17476262 0)
(68.717009 0.17746342 0)
(68.725309 0.1782452 0)
(68.733042 0.17790828 0)
(68.740319 0.1769373 0)
(68.747259 0.17544947 0)
(68.753769 0.1735441 0)
(68.759756 0.17139313 0)
(68.765226 0.16916672 0)
(68.770264 0.16688656 0)
(68.774815 0.16453751 0)
(68.778771 0.16217491 0)
(68.781813 0.15978057 0)
(68.783139 0.15746643 0)
(68.780687 0.15526793 0)
(68.76785 0.15308757 0)
(68.730216 0.15060049 0)
(68.630195 0.14734304 0)
(68.418814 0.14237693 0)
(68.044506 0.13531823 0)
(67.523255 0.12686342 0)
(66.914179 0.11735844 0)
(66.268535 0.10768573 0)
(65.610743 0.098686839 0)
(64.962174 0.090568427 0)
(64.312464 0.08307582 0)
(63.679523 0.076062363 0)
(63.072437 0.069667814 0)
(62.491891 0.063903225 0)
(61.941191 0.058691894 0)
(61.419586 0.05401318 0)
(60.925047 0.049789409 0)
(60.456843 0.045985432 0)
(60.01271 0.042550747 0)
(59.590661 0.039430737 0)
(59.188633 0.036602782 0)
(58.805549 0.034034056 0)
(58.439109 0.031682355 0)
(58.087841 0.029539829 0)
(57.751073 0.027586281 0)
(57.426876 0.025778309 0)
(57.113964 0.024122108 0)
(56.811366 0.022600223 0)
(56.518389 0.021184987 0)
(56.233988 0.019883163 0)
(55.957249 0.018675047 0)
(55.688319 0.017546447 0)
(55.426209 0.016508064 0)
(55.170621 0.015536426 0)
(54.921471 0.014630498 0)
(54.677859 0.013790025 0)
(54.439893 0.013001491 0)
(54.207102 0.012268971 0)
(53.979083 0.011581839 0)
(53.755837 0.0109356 0)
(53.53696 0.01033414 0)
(53.322259 0.0097693326 0)
(53.111455 0.0092312979 0)
(52.904734 0.0087329253 0)
(52.701405 0.0082686925 0)
(52.501505 0.0078106322 0)
(52.305526 0.0073789351 0)
(52.11297 0.0069901372 0)
(51.923274 0.0065937737 0)
(51.737794 0.0061625932 0)
(51.558039 0.005750269 0)
(51.383396 0.0053577288 0)
(51.21465 0.0048498364 0)
(51.058319 0.0041337397 0)
(50.923179 0.0033251251 0)
(50.811884 0.0025999437 0)
(50.721519 0.0019964242 0)
(50.650879 0.0013974295 0)
(50.604146 0.00070890011 0)
(50.586315 7.5283328e-05 0)
(50.592458 -0.00027805027 0)
(50.608045 -0.00031206489 0)
(50.620151 -0.00017819123 0)
(50.624632 -5.1123525e-05 0)
(50.624354 6.5925404e-07 0)
(50.623211 1.0033075e-06 0)
(50.622766 -8.3829101e-06 0)
(50.622834 -1.1686903e-05 0)
(50.622962 -1.0663593e-05 0)
(50.623003 -9.5878276e-06 0)
(50.623006 -8.9475577e-06 0)
(50.622946 -9.0120955e-06 0)
(68.494639 0.14696995 0)
(68.526296 0.22081869 0)
(68.594614 0.25696696 0)
(68.664685 0.25063227 0)
(68.708851 0.21879227 0)
(68.721197 0.18588733 0)
(68.714398 0.16807914 0)
(68.705678 0.16548616 0)
(68.704079 0.16977505 0)
(68.709151 0.17437375 0)
(68.717068 0.17698709 0)
(68.725203 0.17777833 0)
(68.732787 0.17747917 0)
(68.739905 0.17654613 0)
(68.746664 0.17509699 0)
(68.752983 0.1732311 0)
(68.758775 0.17111786 0)
(68.764077 0.16892467 0)
(68.768988 0.16667803 0)
(68.773515 0.16436526 0)
(68.77762 0.1620327 0)
(68.781231 0.15967013 0)
(68.784224 0.15737568 0)
(68.786421 0.15517152 0)
(68.787149 0.15303141 0)
(68.784905 0.15095073 0)
(68.774331 0.14889601 0)
(68.74345 0.14662124 0)
(68.662493 0.1437479 0)
(68.483942 0.13951515 0)
(68.157957 0.13322703 0)
(67.677598 0.12533549 0)
(67.104898 0.11653176 0)
(66.492592 0.10737021 0)
(65.863328 0.098756151 0)
(65.23567 0.090877909 0)
(64.607199 0.08355726 0)
(63.987623 0.076693371 0)
(63.389732 0.070361629 0)
(62.815659 0.064634663 0)
(62.268467 0.059425359 0)
(61.749207 0.054735879 0)
(61.256279 0.050504962 0)
(60.789215 0.046673505 0)
(60.345484 0.043209951 0)
(59.924002 0.040071427 0)
(59.522546 0.037216587 0)
(59.139347 0.034618908 0)
(58.77339 0.032254712 0)
(58.42275 0.030084732 0)
(58.085929 0.028104537 0)
(57.762458 0.026291042 0)
(57.45044 0.024610924 0)
(57.148788 0.023069408 0)
(56.856644 0.021643279 0)
(56.573425 0.020318116 0)
(56.297754 0.019099682 0)
(56.029478 0.017958577 0)
(55.768426 0.01689785 0)
(55.513502 0.015914944 0)
(55.264937 0.014993022 0)
(55.022089 0.014138339 0)
(54.784558 0.013337314 0)
(54.552325 0.012584983 0)
(54.324893 0.011885345 0)
(54.102096 0.01122937 0)
(53.88356 0.010605431 0)
(53.6695 0.010027235 0)
(53.459168 0.0094895067 0)
(53.25258 0.0089603869 0)
(53.050202 0.0084612733 0)
(52.851558 0.0080114363 0)
(52.656031 0.0075554616 0)
(52.4649 0.0070609147 0)
(52.279742 0.0065863775 0)
(52.099982 0.0061349696 0)
(51.926309 0.0055564723 0)
(51.765109 0.0047426815 0)
(51.625352 0.0038200543 0)
(51.510012 0.0029885796 0)
(51.416314 0.0022928014 0)
(51.34316 0.0016049247 0)
(51.294592 0.00081860474 0)
(51.275606 9.4409193e-05 0)
(51.281352 -0.00031260623 0)
(51.297101 -0.00035512077 0)
(51.30953 -0.00020383746 0)
(51.314217 -5.8730098e-05 0)
(51.313987 1.0666028e-06 0)
(51.312819 1.8038352e-06 0)
(51.312352 -8.9311319e-06 0)
(51.312416 -1.2801377e-05 0)
(51.312546 -1.1680197e-05 0)
(51.312589 -1.0456811e-05 0)
(51.312593 -9.7249649e-06 0)
(51.312532 -9.7962619e-06 0)
(68.502094 0.14538047 0)
(68.531705 0.21573052 0)
(68.59616 0.25106958 0)
(68.663115 0.2461389 0)
(68.706133 0.21669094 0)
(68.719094 0.18564527 0)
(68.713548 0.16846368 0)
(68.705713 0.16568973 0)
(68.704395 0.16961662 0)
(68.709405 0.17396924 0)
(68.717178 0.17649414 0)
(68.725193 0.17729411 0)
(68.732683 0.17703418 0)
(68.739712 0.17614181 0)
(68.74637 0.17473429 0)
(68.752576 0.17291004 0)
(68.758248 0.17083499 0)
(68.76343 0.16867304 0)
(68.768226 0.16645485 0)
(68.77267 0.16417055 0)
(68.776752 0.16186622 0)
(68.780442 0.1595374 0)
(68.783702 0.15727205 0)
(68.786538 0.15509229 0)
(68.788869 0.15297144 0)
(68.790514 0.15090498 0)
(68.790841 0.14886167 0)
(68.788507 0.14687693 0)
(68.779293 0.14496275 0)
(68.752905 0.1429341 0)
(68.685374 0.14035901 0)
(68.529861 0.13661249 0)
(68.238802 0.13093033 0)
(67.791634 0.12352244 0)
(67.248781 0.11530544 0)
(66.663625 0.10665922 0)
(66.05953 0.098368205 0)
(65.451736 0.090713391 0)
(64.843573 0.083600551 0)
(64.237906 0.076911145 0)
(63.650398 0.070671521 0)
(63.083598 0.065007272 0)
(62.541114 0.059837456 0)
(62.025517 0.055159561 0)
(61.534955 0.050930423 0)
(61.069731 0.047101611 0)
(60.627624 0.043635513 0)
(60.20715 0.040486197 0)
(59.806733 0.037628146 0)
(59.424666 0.035019991 0)
(59.059157 0.032642703 0)
(58.709459 0.030470772 0)
(58.373637 0.028473706 0)
(58.050675 0.026647919 0)
(57.739747 0.024964901 0)
(57.439284 0.023406456 0)
(57.148266 0.021976845 0)
(56.866041 0.020642856 0)
(56.591936 0.019408487 0)
(56.324628 0.018264027 0)
(56.064521 0.017191082 0)
(55.810738 0.01619883 0)
(55.562909 0.015269351 0)
(55.320968 0.014397793 0)
(55.084321 0.013588062 0)
(54.852837 0.012830012 0)
(54.626021 0.012110205 0)
(54.404133 0.011442994 0)
(54.186339 0.010823472 0)
(53.972659 0.010215534 0)
(53.763511 0.0096417347 0)
(53.558438 0.0091242535 0)
(53.356768 0.0086026739 0)
(53.159706 0.0080387734 0)
(52.968888 0.0074959836 0)
(52.783773 0.0069801587 0)
(52.604944 0.0063255343 0)
(52.43865 0.0054070008 0)
(52.294037 0.0043614178 0)
(52.17441 0.0034144258 0)
(52.077135 0.0026176352 0)
(52.001246 0.0018325766 0)
(51.950676 0.00094012475 0)
(51.930417 0.00011750986 0)
(51.935696 -0.00034854355 0)
(51.951578 -0.00040124544 0)
(51.964331 -0.00023164526 0)
(51.969231 -6.7060033e-05 0)
(51.969055 1.5416468e-06 0)
(51.967863 2.7956791e-06 0)
(51.967373 -9.3917236e-06 0)
(51.967433 -1.3892383e-05 0)
(51.967566 -1.2675218e-05 0)
(51.96761 -1.1292906e-05 0)
(51.967614 -1.0462325e-05 0)
(51.967553 -1.0540578e-05 0)
(68.509531 0.14382021 0)
(68.537187 0.21063612 0)
(68.597815 0.24514076 0)
(68.661635 0.24158283 0)
(68.70346 0.21449654 0)
(68.716987 0.18531779 0)
(68.712675 0.16879331 0)
(68.705727 0.16586044 0)
(68.704703 0.16943678 0)
(68.709661 0.17354677 0)
(68.717301 0.17598198 0)
(68.725209 0.17678935 0)
(68.732632 0.17656925 0)
(68.739606 0.17571977 0)
(68.746206 0.1743565 0)
(68.752352 0.17257676 0)
(68.757959 0.17054249 0)
(68.763068 0.16841349 0)
(68.767785 0.166224 0)
(68.772152 0.16396636 0)
(68.776175 0.16168665 0)
(68.779843 0.15938407 0)
(68.783146 0.15714238 0)
(68.786125 0.15498672 0)
(68.788788 0.15289225 0)
(68.791098 0.15084894 0)
(68.792926 0.14882548 0)
(68.79407 0.14686252 0)
(68.793991 0.14496902 0)
(68.791527 0.143138 0)
(68.783244 0.14134754 0)
(68.759907 0.13947546 0)
(68.700982 0.1371113 0)
(68.561648 0.1337192 0)
(68.294085 0.12856964 0)
(67.876123 0.12163288 0)
(67.356124 0.11377413 0)
(66.792497 0.10555538 0)
(66.21011 0.097593087 0)
(65.620228 0.090175056 0)
(65.031462 0.08327907 0)
(64.43952 0.076775427 0)
(63.862397 0.070657335 0)
(63.303448 0.065071669 0)
(62.766504 0.059953615 0)
(62.255119 0.055314808 0)
(61.767929 0.051114601 0)
(61.305294 0.047301049 0)
(60.86533 0.043850293 0)
(60.446878 0.040711325 0)
(60.047965 0.037856814 0)
(59.667432 0.035255923 0)
(59.303489 0.032876624 0)
(58.954809 0.030703852 0)
(58.620425 0.02870894 0)
(58.298569 0.026873385 0)
(57.988749 0.025194622 0)
(57.689656 0.023634203 0)
(57.400097 0.022194672 0)
(57.119133 0.020863457 0)
(56.846375 0.019621201 0)
(56.580611 0.018473953 0)
(56.321554 0.017399126 0)
(56.06905 0.016393421 0)
(55.822408 0.015459896 0)
(55.581536 0.014587205 0)
(55.345784 0.013760175 0)
(55.115481 0.012993397 0)
(54.889687 0.012282642 0)
(54.668422 0.011587066 0)
(54.452056 0.010930362 0)
(54.240143 0.010337785 0)
(54.031956 0.0097438575 0)
(53.82862 0.0091039069 0)
(53.631827 0.0084861536 0)
(53.441065 0.0078997843 0)
(53.256804 0.0071630134 0)
(53.085146 0.0061321694 0)
(52.935397 0.0049540191 0)
(52.811205 0.0038815377 0)
(52.71007 0.0029742095 0)
(52.631188 0.0020828104 0)
(52.578425 0.001075016 0)
(52.556758 0.00014532869 0)
(52.561496 -0.00038573247 0)
(52.577483 -0.00045059751 0)
(52.590557 -0.00026178852 0)
(52.59568 -7.6190629e-05 0)
(52.595563 2.0816022e-06 0)
(52.594348 3.9975593e-06 0)
(52.593835 -9.7508009e-06 0)
(52.59389 -1.4952215e-05 0)
(52.594025 -1.3642142e-05 0)
(52.594072 -1.2088908e-05 0)
(52.594076 -1.1151981e-05 0)
(52.594015 -1.1237238e-05 0)
(68.516932 0.14229148 0)
(68.542728 0.20555413 0)
(68.599583 0.23919149 0)
(68.660255 0.23697048 0)
(68.700841 0.21220863 0)
(68.714883 0.18489896 0)
(68.711776 0.16906223 0)
(68.705723 0.16599452 0)
(68.705004 0.16923302 0)
(68.709918 0.17310476 0)
(68.717428 0.17544928 0)
(68.725236 0.17626237 0)
(68.732596 0.17608222 0)
(68.739526 0.17527724 0)
(68.746088 0.17396045 0)
(68.752199 0.17222773 0)
(68.757775 0.17023674 0)
(68.76285 0.16814309 0)
(68.767523 0.16598425 0)
(68.771841 0.16375476 0)
(68.775814 0.16149972 0)
(68.77944 0.1592215 0)
(68.782726 0.15700039 0)
(68.785723 0.15486349 0)
(68.788469 0.15278826 0)
(68.79096 0.15076454 0)
(68.79315 0.14876601 0)
(68.794973 0.14682697 0)
(68.796331 0.14495282 0)
(68.797072 0.14314018 0)
(68.796695 0.14138071 0)
(68.794112 0.13965013 0)
(68.786319 0.13795221 0)
(68.764945 0.13622155 0)
(68.710907 0.13406373 0)
(68.583005 0.13091522 0)
(68.331847 0.12612907 0)
(67.934714 0.11956663 0)
(67.431904 0.11201519 0)
(66.885714 0.10415991 0)
(66.32249 0.096499434 0)
(65.749181 0.089334154 0)
(65.177623 0.082665603 0)
(64.598818 0.076341344 0)
(64.032069 0.070351676 0)
(63.481111 0.064865946 0)
(62.950332 0.059824054 0)
(62.443802 0.055238151 0)
(61.960554 0.051082638 0)
(61.501341 0.047305318 0)
(61.064261 0.043879958 0)
(60.648366 0.040764746 0)
(60.251918 0.037926422 0)
(59.873361 0.035339096 0)
(59.511469 0.03297305 0)
(59.164486 0.030804043 0)
(58.831639 0.028821603 0)
(58.511598 0.026990407 0)
(58.20303 0.025308779 0)
(57.905498 0.023758843 0)
(57.617557 0.022317104 0)
(57.338258 0.020989416 0)
(57.066886 0.019750199 0)
(56.802814 0.018594314 0)
(56.545256 0.017520978 0)
(56.294173 0.016519381 0)
(56.048709 0.015572185 0)
(55.809303 0.014693656 0)
(55.574874 0.013880901 0)
(55.345445 0.013087606 0)
(55.121328 0.012338652 0)
(54.902094 0.011662535 0)
(54.686939 0.010988645 0)
(54.476923 0.010265108 0)
(54.273782 0.0095649074 0)
(54.077028 0.0089012007 0)
(53.887004 0.0080756915 0)
(53.709667 0.0069243807 0)
(53.554459 0.0056033152 0)
(53.425383 0.0043945532 0)
(53.320069 0.0033663221 0)
(53.237898 0.0023584512 0)
(53.182723 0.0012250985 0)
(53.159499 0.00017876029 0)
(53.163612 -0.00042398202 0)
(53.179672 -0.00050331869 0)
(53.193066 -0.00029443298 0)
(53.198419 -8.6189245e-05 0)
(53.198366 2.7002925e-06 0)
(53.19713 5.4477164e-06 0)
(53.196594 -9.9753216e-06 0)
(53.196643 -1.5954515e-05 0)
(53.196781 -1.4556052e-05 0)
(53.196829 -1.2819095e-05 0)
(53.196834 -1.1767679e-05 0)
(53.196773 -1.1860048e-05 0)
(68.524279 0.14079485 0)
(68.548315 0.20050394 0)
(68.601466 0.23323406 0)
(68.658988 0.23230849 0)
(68.698291 0.20982733 0)
(68.712792 0.18438313 0)
(68.710858 0.16926443 0)
(68.705698 0.16608794 0)
(68.705296 0.16900269 0)
(68.710175 0.17264156 0)
(68.717558 0.17489495 0)
(68.725264 0.17571206 0)
(68.732563 0.17557174 0)
(68.739453 0.17481258 0)
(68.745984 0.1735442 0)
(68.752071 0.17186073 0)
(68.757631 0.16991529 0)
(68.76269 0.16785923 0)
(68.767344 0.16573308 0)
(68.771638 0.16353365 0)
(68.775583 0.16130476 0)
(68.77918 0.15905194 0)
(68.78244 0.15685158 0)
(68.785423 0.15473202 0)
(68.788174 0.15267264 0)
(68.790709 0.15066428 0)
(68.793006 0.14868365 0)
(68.795035 0.14676244 0)
(68.796777 0.14490862 0)
(68.798203 0.14311835 0)
(68.799211 0.14137899 0)
(68.799627 0.13966554 0)
(68.798965 0.13800471 0)
(68.796205 0.1363915 0)
(68.788556 0.13480829 0)
(68.768301 0.133177 0)
(68.71717 0.13116216 0)
(68.59631 0.12819309 0)
(68.354777 0.12367497 0)
(67.971109 0.11737982 0)
(67.480485 0.11005628 0)
(66.948917 0.10253302 0)
(66.402333 0.095173318 0)
(65.844129 0.088251343 0)
(65.287743 0.081795874 0)
(64.721284 0.075655374 0)
(64.164393 0.06980928 0)
(63.621511 0.064428741 0)
(63.097367 0.059475737 0)
(62.596357 0.054961935 0)
(62.117811 0.050861891 0)
(61.662642 0.047132888 0)
(61.229276 0.043746044 0)
(60.81657 0.040663745 0)
(60.423083 0.037855369 0)
(60.047152 0.035288341 0)
(59.687568 0.032945923 0)
(59.342999 0.030793087 0)
(59.011997 0.028819943 0)
(58.693931 0.027005419 0)
(58.387261 0.025328137 0)
(58.091487 0.023788991 0)
(57.805321 0.022357596 0)
(57.527793 0.021026201 0)
(57.258242 0.019793154 0)
(56.995989 0.018647911 0)
(56.739905 0.017565464 0)
(56.490597 0.016561253 0)
(56.246785 0.015634256 0)
(56.008519 0.014731678 0)
(55.776025 0.013879826 0)
(55.548905 0.013110523 0)
(55.326262 0.012348032 0)
(55.109087 0.011532405 0)
(54.899158 0.010741361 0)
(54.696009 0.0099927609 0)
(54.499833 0.0090712484 0)
(54.316458 0.0077906389 0)
(54.155422 0.0063154951 0)
(54.021102 0.0049587566 0)
(53.911247 0.0037983381 0)
(53.825447 0.002662765 0)
(53.767613 0.001392478 0)
(53.742663 0.00021884947 0)
(53.746059 -0.00046305582 0)
(53.76216 -0.00055955855 0)
(53.775868 -0.00032976724 0)
(53.781461 -9.7144079e-05 0)
(53.781479 3.3985993e-06 0)
(53.780223 7.1748426e-06 0)
(53.779662 -1.0041309e-05 0)
(53.779705 -1.6882472e-05 0)
(53.779847 -1.5401747e-05 0)
(53.779896 -1.3467533e-05 0)
(53.779901 -1.2292962e-05 0)
(53.779841 -1.2392439e-05 0)
(68.531557 0.13932903 0)
(68.553935 0.19550519 0)
(68.603468 0.22728225 0)
(68.657845 0.22760392 0)
(68.695822 0.20735332 0)
(68.71072 0.18376494 0)
(68.709922 0.16939373 0)
(68.705652 0.16613653 0)
(68.705579 0.16874304 0)
(68.710431 0.17215542 0)
(68.717692 0.1743179 0)
(68.725297 0.17513744 0)
(68.732532 0.17503671 0)
(68.73938 0.17432457 0)
(68.745879 0.1731064 0)
(68.751946 0.17147428 0)
(68.757495 0.16957651 0)
(68.76255 0.16756015 0)
(68.767197 0.16546865 0)
(68.771482 0.16330115 0)
(68.775415 0.16110012 0)
(68.778998 0.15887417 0)
(68.782245 0.15669571 0)
(68.785213 0.15459411 0)
(68.787953 0.15255059 0)
(68.790488 0.1505566 0)
(68.792808 0.14859068 0)
(68.794899 0.14668315 0)
(68.796766 0.1448437 0)
(68.798413 0.14306898 0)
(68.799817 0.14134691 0)
(68.800923 0.13965525 0)
(68.801608 0.13801527 0)
(68.801709 0.13641818 0)
(68.800781 0.13487179 0)
(68.79782 0.1333558 0)
(68.790121 0.13185472 0)
(68.770341 0.13030818 0)
(68.720382 0.12841557 0)
(68.602723 0.12555807 0)
(68.364803 0.12119718 0)
(67.988067 0.11509683 0)
(67.505951 0.10796992 0)
(66.986715 0.10073071 0)
(66.454482 0.093648264 0)
(65.909955 0.086977853 0)
(65.366066 0.080725876 0)
(64.811159 0.074752241 0)
(64.264046 0.069054222 0)
(63.729374 0.063793513 0)
(63.212316 0.058937451 0)
(62.717326 0.054506644 0)
(62.244146 0.050474827 0)
(61.793611 0.046804939 0)
(61.364426 0.043470066 0)
(60.955497 0.040428346 0)
(60.565357 0.037659489 0)
(60.19265 0.035124231 0)
(59.835853 0.032805577 0)
(59.493919 0.03067942 0)
(59.165399 0.028721424 0)
(58.849607 0.026927037 0)
(58.545202 0.025267582 0)
(58.25125 0.02373064 0)
(57.967267 0.022311977 0)
(57.691732 0.020998123 0)
(57.42397 0.019760394 0)
(57.163835 0.018616156 0)
(56.909767 0.017560993 0)
(56.661884 0.016535912 0)
(56.420287 0.015569093 0)
(56.18462 0.01469554 0)
(55.953889 0.013834616 0)
(55.728998 0.012917277 0)
(55.511765 0.012025924 0)
(55.301755 0.011183944 0)
(55.098988 0.010158401 0)
(54.909154 0.0087389074 0)
(54.741874 0.007097605 0)
(54.601902 0.0055801981 0)
(54.487105 0.0042753115 0)
(54.397287 0.0029995594 0)
(54.336515 0.001579615 0)
(54.309652 0.00026684546 0)
(54.312227 -0.00050263371 0)
(54.328332 -0.00061944419 0)
(54.342347 -0.00036797327 0)
(54.348188 -0.00010913624 0)
(54.348284 4.1916224e-06 0)
(54.34701 9.2255091e-06 0)
(54.346424 -9.9068987e-06 0)
(54.346461 -1.7701911e-05 0)
(54.346604 -1.6146896e-05 0)
(54.346656 -1.4001039e-05 0)
(54.346661 -1.2694088e-05 0)
(54.346601 -1.280068e-05 0)
(68.53875 0.13789108 0)
(68.559573 0.19057719 0)
(68.605589 0.2213512 0)
(68.656839 0.22286422 0)
(68.693446 0.20478791 0)
(68.70868 0.18303955 0)
(68.708974 0.16944387 0)
(68.705587 0.1661359 0)
(68.705852 0.1684511 0)
(68.710686 0.17164436 0)
(68.717828 0.17371692 0)
(68.725332 0.17453751 0)
(68.732503 0.17447613 0)
(68.739308 0.17381216 0)
(68.745774 0.17264595 0)
(68.75182 0.17106719 0)
(68.757359 0.16921918 0)
(68.762411 0.16724459 0)
(68.767056 0.16518964 0)
(68.77134 0.16305591 0)
(68.77527 0.16088445 0)
(68.778851 0.15868687 0)
(68.782095 0.15653168 0)
(68.785057 0.1544491 0)
(68.787791 0.15242231 0)
(68.790318 0.15044309 0)
(68.792637 0.14849178 0)
(68.794741 0.14659712 0)
(68.796644 0.14476948 0)
(68.798364 0.14300589 0)
(68.799904 0.14129571 0)
(68.80124 0.13961881 0)
(68.802328 0.13799453 0)
(68.803125 0.1364171 0)
(68.803531 0.13489159 0)
(68.80337 0.1333928 0)
(68.802189 0.13192615 0)
(68.79898 0.13049791 0)
(68.791058 0.12908635 0)
(68.771191 0.12760624 0)
(68.720863 0.12578903 0)
(68.602733 0.12299654 0)
(68.363245 0.11872165 0)
(67.988033 0.11273776 0)
(67.511663 0.1057705 0)
(67.002959 0.098799002 0)
(66.482861 0.091986588 0)
(65.95035 0.085540308 0)
(65.417625 0.079478244 0)
(64.873191 0.073670194 0)
(64.335602 0.068118594 0)
(63.809098 0.062984871 0)
(63.299307 0.058236406 0)
(62.81061 0.053898083 0)
(62.343152 0.04994672 0)
(61.897749 0.046343088 0)
(61.473202 0.043069092 0)
(61.068545 0.040078565 0)
(60.682313 0.037350914 0)
(60.313154 0.034857061 0)
(59.959647 0.032567159 0)
(59.620757 0.030472538 0)
(59.295144 0.028543889 0)
(58.981732 0.0267612 0)
(58.679976 0.025120944 0)
(58.38819 0.023609526 0)
(58.106352 0.022191585 0)
(57.833306 0.020883551 0)
(57.567804 0.019680847 0)
(57.309406 0.018519011 0)
(57.057863 0.017423833 0)
(56.812886 0.016433342 0)
(56.573371 0.015462827 0)
(56.340123 0.014432888 0)
(56.11499 0.013430516 0)
(55.897571 0.012485557 0)
(55.687723 0.01134707 0)
(55.490949 0.0097782456 0)
(55.316952 0.0079576747 0)
(55.170868 0.0062657904 0)
(55.050681 0.0048030612 0)
(54.956403 0.0033732534 0)
(54.892381 0.0017893628 0)
(54.863394 0.00032421546 0)
(54.865033 -0.00054231486 0)
(54.881099 -0.00068309638 0)
(54.895413 -0.00040925058 0)
(54.901511 -0.00012226361 0)
(54.901691 5.0851268e-06 0)
(54.900401 1.1640856e-05 0)
(54.89979 -9.5348805e-06 0)
(54.899819 -1.8383875e-05 0)
(54.899965 -1.6764639e-05 0)
(54.90002 -1.4391974e-05 0)
(54.900025 -1.2942821e-05 0)
(54.899965 -1.3056413e-05 0)
(68.545844 0.13647666 0)
(68.565213 0.1857383 0)
(68.607829 0.21545734 0)
(68.655979 0.21809746 0)
(68.691179 0.202133 0)
(68.70668 0.18220263 0)
(68.708017 0.16940855 0)
(68.705502 0.16608151 0)
(68.706116 0.16812382 0)
(68.710941 0.17110632 0)
(68.717967 0.17309069 0)
(68.725371 0.17391123 0)
(68.732475 0.17388894 0)
(68.739235 0.17327428 0)
(68.745667 0.17216177 0)
(68.75169 0.17063839 0)
(68.757219 0.16884221 0)
(68.762269 0.16691149 0)
(68.766914 0.16489501 0)
(68.771198 0.16279687 0)
(68.77513 0.16065669 0)
(68.778714 0.15848898 0)
(68.781961 0.15635847 0)
(68.784926 0.15429612 0)
(68.787659 0.15228711 0)
(68.790184 0.15032349 0)
(68.792501 0.14838744 0)
(68.794605 0.14650597 0)
(68.796516 0.14468991 0)
(68.798256 0.14293658 0)
(68.799839 0.14123617 0)
(68.801255 0.13956969 0)
(68.802486 0.13795598 0)
(68.803521 0.13639143 0)
(68.804336 0.13488008 0)
(68.804882 0.13339934 0)
(68.805041 0.13195348 0)
(68.804623 0.13054363 0)
(68.80319 0.12916448 0)
(68.799714 0.12781004 0)
(68.7914 0.12646612 0)
(68.770859 0.1250479 0)
(68.718664 0.12328176 0)
(68.596624 0.1204952 0)
(68.351013 0.11622993 0)
(67.97286 0.11032382 0)
(67.500905 0.10351407 0)
(67.000896 0.09676338 0)
(66.491073 0.090197884 0)
(65.968953 0.083964533 0)
(65.446427 0.078083158 0)
(64.911442 0.07244002 0)
(64.382474 0.06703727 0)
(63.863879 0.062031286 0)
(63.361458 0.057399342 0)
(62.879359 0.053158219 0)
(62.418052 0.049295268 0)
(61.978187 0.045767392 0)
(61.558823 0.042556011 0)
(61.158842 0.039626623 0)
(60.776909 0.036944527 0)
(60.411743 0.03449675 0)
(60.061954 0.032251016 0)
(59.726267 0.030179822 0)
(59.403933 0.028280337 0)
(59.093269 0.026534375 0)
(58.794112 0.024900525 0)
(58.505249 0.023400624 0)
(58.225954 0.022026583 0)
(57.955024 0.020705881 0)
(57.692251 0.019463236 0)
(57.437084 0.018341493 0)
(57.187979 0.017249151 0)
(56.945637 0.016094226 0)
(56.71192 0.014968799 0)
(56.486462 0.013909965 0)
(56.268971 0.012648533 0)
(56.064713 0.010919009 0)
(55.883465 0.0089049206 0)
(55.730741 0.0070234592 0)
(55.604681 0.0053883218 0)
(55.505438 0.0037890262 0)
(55.437812 0.0020250653 0)
(55.406464 0.0003927081 0)
(55.407037 -0.00058157789 0)
(55.423018 -0.00075060258 0)
(55.43762 -0.00045379223 0)
(55.443983 -0.00013661727 0)
(55.444253 6.098736e-06 0)
(55.44295 1.4480417e-05 0)
(55.442313 -8.8693689e-06 0)
(55.442335 -1.8881186e-05 0)
(55.442483 -1.721005e-05 0)
(55.442539 -1.4594586e-05 0)
(55.442545 -1.2992777e-05 0)
(55.442486 -1.3113222e-05 0)
(68.552828 0.13508068 0)
(68.57084 0.18100534 0)
(68.610187 0.20961825 0)
(68.655279 0.2133124 0)
(68.689032 0.1993911 0)
(68.704732 0.1812506 0)
(68.707057 0.16928139 0)
(68.705398 0.16596863 0)
(68.706367 0.16775803 0)
(68.711193 0.1705391 0)
(68.718108 0.17243779 0)
(68.725412 0.17325751 0)
(68.73245 0.1732741 0)
(68.739162 0.17270986 0)
(68.745558 0.17165279 0)
(68.751557 0.17018681 0)
(68.757076 0.16844458 0)
(68.762122 0.16655987 0)
(68.766767 0.16458383 0)
(68.771051 0.16252311 0)
(68.774987 0.16041596 0)
(68.778575 0.15827964 0)
(68.78183 0.15617524 0)
(68.784802 0.15413438 0)
(68.787539 0.15214424 0)
(68.790066 0.15019722 0)
(68.792384 0.14827728 0)
(68.794489 0.14640966 0)
(68.796402 0.14460563 0)
(68.798147 0.14286279 0)
(68.799742 0.14117186 0)
(68.801183 0.13951494 0)
(68.802463 0.13790991 0)
(68.803584 0.13635415 0)
(68.804546 0.13485166 0)
(68.805335 0.13338253 0)
(68.80591 0.13195037 0)
(68.806215 0.13055704 0)
(68.806144 0.12919796 0)
(68.805502 0.12786289 0)
(68.803818 0.12655087 0)
(68.800026 0.12526894 0)
(68.791141 0.12399191 0)
(68.769329 0.12261402 0)
(68.713722 0.12085873 0)
(68.584344 0.11804253 0)
(68.328681 0.11373542 0)
(67.944455 0.10785289 0)
(67.47521 0.10118728 0)
(66.982552 0.094646711 0)
(66.481676 0.088303314 0)
(65.968869 0.082284279 0)
(65.45444 0.076573608 0)
(64.928246 0.071083683 0)
(64.407445 0.065833098 0)
(63.896675 0.06095364 0)
(63.401837 0.056444019 0)
(62.92657 0.052307699 0)
(62.471837 0.048533821 0)
(62.037892 0.045092143 0)
(61.62403 0.041947101 0)
(61.229133 0.039082551 0)
(60.851911 0.036462509 0)
(60.490927 0.034052848 0)
(60.145219 0.031849545 0)
(59.8131 0.029828643 0)
(59.493983 0.02794355 0)
(59.186805 0.026217071 0)
(58.89075 0.024638192 0)
(58.604491 0.023131567 0)
(58.328147 0.021718344 0)
(58.060828 0.020444192 0)
(57.800811 0.019211955 0)
(57.548529 0.017917857 0)
(57.305444 0.016656367 0)
(57.071221 0.015471237 0)
(56.845438 0.014075665 0)
(56.633086 0.012173021 0)
(56.443983 0.0099499182 0)
(56.284017 0.0078623033 0)
(56.151554 0.0060388492 0)
(56.046783 0.0042529119 0)
(55.97515 0.0022906356 0)
(55.941176 0.00047438563 0)
(55.940538 -0.00061976956 0)
(55.956377 -0.00082202349 0)
(55.971254 -0.00050180162 0)
(55.977888 -0.00015230009 0)
(55.978257 7.2479117e-06 0)
(55.976942 1.7804354e-05 0)
(55.97628 -7.8527364e-06 0)
(55.976293 -1.9145584e-05 0)
(55.976444 -1.7437461e-05 0)
(55.976502 -1.4562422e-05 0)
(55.976508 -1.279683e-05 0)
(55.97645 -1.2923867e-05 0)
(68.559689 0.13369768 0)
(68.576438 0.17639313 0)
(68.61266 0.20385224 0)
(68.654746 0.20851861 0)
(68.687021 0.19656542 0)
(68.702847 0.18018072 0)
(68.706101 0.16905611 0)
(68.705277 0.16579239 0)
(68.706608 0.16735044 0)
(68.711443 0.16994031 0)
(68.718253 0.17175668 0)
(68.725459 0.17257522 0)
(68.732427 0.17263048 0)
(68.739089 0.17211776 0)
(68.745448 0.17111787 0)
(68.751421 0.16971133 0)
(68.756927 0.16802522 0)
(68.76197 0.16618874 0)
(68.766614 0.16425516 0)
(68.7709 0.16223378 0)
(68.774838 0.16016145 0)
(68.778433 0.15805806 0)
(68.781696 0.15598126 0)
(68.784675 0.15396318 0)
(68.787419 0.15199307 0)
(68.789951 0.15006369 0)
(68.792273 0.14816077 0)
(68.794383 0.14630781 0)
(68.7963 0.14451648 0)
(68.798048 0.14278464 0)
(68.799647 0.14110355 0)
(68.801096 0.13945631 0)
(68.802391 0.1378597 0)
(68.80354 0.1363118 0)
(68.804553 0.1348164 0)
(68.805431 0.13335505 0)
(68.806156 0.13193116 0)
(68.80671 0.13054803 0)
(68.807064 0.12920176 0)
(68.807162 0.12788217 0)
(68.806884 0.12658973 0)
(68.806027 0.12532754 0)
(68.804095 0.12408337 0)
(68.799946 0.12285674 0)
(68.790278 0.12163061 0)
(68.76652 0.12028835 0)
(68.705741 0.11851535 0)
(68.565838 0.11561975 0)
(68.296308 0.11122543 0)
(67.903615 0.10533328 0)
(67.435751 0.098793339 0)
(66.949749 0.092471697 0)
(66.456549 0.086341756 0)
(65.952082 0.080519538 0)
(65.444354 0.074968443 0)
(64.926393 0.069619758 0)
(64.413449 0.064522957 0)
(63.910388 0.059773882 0)
(63.423245 0.055384837 0)
(62.955018 0.051362948 0)
(62.507081 0.047680827 0)
(62.079369 0.044327575 0)
(61.671383 0.041265879 0)
(61.281755 0.038458139 0)
(60.909574 0.035896854 0)
(60.553145 0.033553911 0)
(60.211459 0.031376269 0)
(59.883515 0.02938477 0)
(59.568219 0.027567435 0)
(59.264249 0.025842985 0)
(58.971613 0.024227662 0)
(58.689432 0.022774351 0)
(58.416243 0.021380531 0)
(58.152121 0.01992715 0)
(57.898329 0.018510867 0)
(57.654512 0.017184976 0)
(57.419691 0.015643131 0)
(57.198556 0.013553653 0)
(57.000918 0.0111048 0)
(56.833029 0.0087928156 0)
(56.693561 0.0067635992 0)
(56.582655 0.0047719768 0)
(56.506545 0.0025907036 0)
(56.469649 0.00057169858 0)
(56.467638 -0.00065606397 0)
(56.48327 -0.00089736781 0)
(56.498406 -0.00055347319 0)
(56.505318 -0.00016940999 0)
(56.505791 8.5610514e-06 0)
(56.504468 2.1690973e-05 0)
(56.503779 -6.4084387e-06 0)
(56.503785 -1.9110267e-05 0)
(56.503937 -1.7382876e-05 0)
(56.503998 -1.4230674e-05 0)
(56.504004 -1.2289478e-05 0)
(56.503946 -1.2422744e-05 0)
(68.56642 0.13232202 0)
(68.581994 0.1719142 0)
(68.615243 0.19817808 0)
(68.654391 0.20372667 0)
(68.685158 0.19365976 0)
(68.701037 0.17899103 0)
(68.705154 0.16872695 0)
(68.705141 0.16554803 0)
(68.706838 0.16689753 0)
(68.711691 0.16930714 0)
(68.7184 0.17104561 0)
(68.725508 0.17186316 0)
(68.732407 0.17195698 0)
(68.739018 0.17149686 0)
(68.745337 0.17055589 0)
(68.751283 0.16921083 0)
(68.756775 0.16758304 0)
(68.761813 0.16579709 0)
(68.766455 0.16390808 0)
(68.770742 0.16192799 0)
(68.774684 0.15989238 0)
(68.778284 0.1578235 0)
(68.781555 0.15577584 0)
(68.784544 0.15378188 0)
(68.787296 0.15183298 0)
(68.789834 0.14992234 0)
(68.792162 0.1480374 0)
(68.794279 0.14619998 0)
(68.796201 0.14442211 0)
(68.797954 0.14270193 0)
(68.799557 0.1410312 0)
(68.801009 0.13939408 0)
(68.80231 0.13780614 0)
(68.803469 0.13626616 0)
(68.804499 0.13477758 0)
(68.805407 0.13332309 0)
(68.806185 0.13190569 0)
(68.806829 0.13052915 0)
(68.807336 0.12919012 0)
(68.807687 0.12787982 0)
(68.807844 0.12659966 0)
(68.807751 0.12535175 0)
(68.807291 0.12412636 0)
(68.806247 0.12292007 0)
(68.804062 0.12172977 0)
(68.799486 0.12055956 0)
(68.788769 0.11938065 0)
(68.76233 0.11805295 0)
(68.694309 0.11623082 0)
(68.540468 0.11321421 0)
(68.253601 0.10868592 0)
(67.850687 0.10277709 0)
(67.384697 0.096374742 0)
(66.904518 0.090253728 0)
(66.4176 0.084321644 0)
(65.920864 0.078677591 0)
(65.418818 0.073281649 0)
(64.908481 0.068071971 0)
(64.402948 0.063122322 0)
(63.90749 0.058509746 0)
(63.428063 0.054241956 0)
(62.967024 0.050334495 0)
(62.526161 0.046760837 0)
(62.104821 0.043487664 0)
(61.702956 0.040504024 0)
(61.319005 0.037782831 0)
(60.951819 0.035262501 0)
(60.600389 0.032961298 0)
(60.263357 0.030866382 0)
(59.939347 0.028888459 0)
(59.628096 0.027038977 0)
(59.328781 0.025376123 0)
(59.039916 0.023791559 0)
(58.761345 0.022153313 0)
(58.494603 0.020560046 0)
(58.239342 0.019073111 0)
(57.994223 0.017367421 0)
(57.763519 0.015075668 0)
(57.556584 0.012383404 0)
(57.380006 0.0098270185 0)
(57.232838 0.007572902 0)
(57.115151 0.0053544361 0)
(57.034019 0.0029307246 0)
(56.99387 0.00068753796 0)
(56.990301 -0.00068944154 0)
(57.005653 -0.00097657441 0)
(57.021027 -0.00060898059 0)
(57.028221 -0.00018803967 0)
(57.028806 1.0074399e-05 0)
(57.027478 2.6227774e-05 0)
(57.026763 -4.4494901e-06 0)
(57.02676 -1.8697644e-05 0)
(57.026914 -1.6971494e-05 0)
(57.026977 -1.3523776e-05 0)
(57.026984 -1.1394484e-05 0)
(57.026927 -1.1533503e-05 0)
(68.573012 0.13094825 0)
(68.587494 0.16757864 0)
(68.61793 0.19261441 0)
(68.654221 0.19894815 0)
(68.683457 0.19067863 0)
(68.699314 0.1776803 0)
(68.704225 0.16828884 0)
(68.704993 0.16523043 0)
(68.707057 0.16639561 0)
(68.711938 0.16863701 0)
(68.71855 0.17030273 0)
(68.725563 0.17112002 0)
(68.732391 0.17125242 0)
(68.738948 0.17084598 0)
(68.745225 0.16996568 0)
(68.751142 0.16868414 0)
(68.756619 0.1671169 0)
(68.761651 0.16538383 0)
(68.766291 0.16354159 0)
(68.770579 0.16160483 0)
(68.774523 0.1596079 0)
(68.778129 0.1575752 0)
(68.781409 0.15555829 0)
(68.784407 0.15358985 0)
(68.787166 0.15166342 0)
(68.789712 0.14977265 0)
(68.792047 0.14790667 0)
(68.794171 0.14608573 0)
(68.7961 0.14432211 0)
(68.797859 0.1426143 0)
(68.799467 0.14095459 0)
(68.800924 0.13932813 0)
(68.80223 0.13774931 0)
(68.803394 0.13621759 0)
(68.80443 0.13473601 0)
(68.805348 0.13328836 0)
(68.806144 0.1318772 0)
(68.806819 0.13050635 0)
(68.807379 0.12917271 0)
(68.807821 0.12786826 0)
(68.808133 0.12659471 0)
(68.808298 0.12535491 0)
(68.808286 0.124141 0)
(68.808037 0.12294844 0)
(68.807417 0.12177606 0)
(68.806196 0.12062694 0)
(68.803748 0.11948878 0)
(68.798665 0.11836284 0)
(68.786551 0.11722504 0)
(68.756503 0.11589709 0)
(68.678784 0.11398518 0)
(68.50708 0.11080839 0)
(68.200492 0.10611266 0)
(67.786878 0.10018609 0)
(67.322936 0.09393044 0)
(66.848515 0.08799272 0)
(66.366835 0.082253483 0)
(65.876982 0.0767805 0)
(65.379616 0.071526157 0)
(64.876497 0.066456124 0)
(64.378044 0.061651105 0)
(63.890097 0.057171827 0)
(63.418468 0.053040513 0)
(62.964661 0.049238494 0)
(62.530967 0.045764768 0)
(62.11647 0.042601775 0)
(61.720639 0.039679047 0)
(61.342632 0.03701485 0)
(60.981032 0.034594994 0)
(60.634393 0.032321759 0)
(60.302163 0.030200969 0)
(59.983503 0.02829445 0)
(59.676782 0.02648916 0)
(59.381611 0.024637986 0)
(59.099516 0.022838737 0)
(58.830279 0.021164689 0)
(58.572774 0.019274327 0)
(58.330752 0.016759963 0)
(58.113251 0.013801816 0)
(57.927125 0.010978603 0)
(57.771451 0.0084787218 0)
(57.646288 0.0060097392 0)
(57.559519 0.0033170862 0)
(57.515742 0.00082529334 0)
(57.510406 -0.00071866419 0)
(57.525392 -0.0010594758 0)
(57.540977 -0.00066843389 0)
(57.548458 -0.00020824906 0)
(57.549162 1.1846217e-05 0)
(57.547831 3.1518181e-05 0)
(57.547092 -1.8726869e-06 0)
(57.547079 -1.781117e-05 0)
(57.547235 -1.610853e-05 0)
(57.5473 -1.2346209e-05 0)
(57.547308 -1.0015918e-05 0)
(57.547251 -1.0160012e-05 0)
(68.57946 0.12957172 0)
(68.592924 0.16339396 0)
(68.620715 0.18717927 0)
(68.654241 0.19419555 0)
(68.681931 0.18762744 0)
(68.69769 0.17624818 0)
(68.703322 0.16773718 0)
(68.704836 0.16483415 0)
(68.707266 0.16584093 0)
(68.712182 0.16792754 0)
(68.718704 0.16952615 0)
(68.725622 0.17034444 0)
(68.732378 0.17051558 0)
(68.738881 0.1701639 0)
(68.745114 0.16934601 0)
(68.751 0.16813005 0)
(68.75646 0.16662564 0)
(68.761484 0.16494787 0)
(68.766122 0.16315468 0)
(68.770409 0.16126334 0)
(68.774356 0.15930714 0)
(68.777968 0.15731236 0)
(68.781256 0.15532788 0)
(68.784263 0.15338645 0)
(68.787031 0.15148379 0)
(68.789585 0.1496141 0)
(68.791927 0.14776812 0)
(68.794058 0.14596461 0)
(68.795995 0.1442161 0)
(68.797761 0.14252143 0)
(68.799374 0.1408734 0)
(68.800837 0.13925822 0)
(68.802148 0.13768905 0)
(68.803317 0.13616604 0)
(68.804358 0.13469183 0)
(68.805281 0.13325131 0)
(68.806084 0.13184652 0)
(68.80677 0.13048131 0)
(68.807348 0.12915279 0)
(68.807821 0.12785329 0)
(68.808186 0.12658444 0)
(68.808442 0.12534938 0)
(68.808586 0.1241412 0)
(68.808599 0.12295614 0)
(68.808444 0.12179455 0)
(68.80806 0.12065855 0)
(68.807305 0.11953727 0)
(68.805919 0.11843434 0)
(68.803176 0.11734435 0)
(68.797467 0.11625934 0)
(68.783512 0.11515307 0)
(68.748604 0.11380492 0)
(68.658228 0.11175608 0)
(68.464828 0.10838663 0)
(68.136861 0.10349257 0)
(67.713714 0.097555823 0)
(67.251753 0.091472116 0)
(66.782537 0.085711367 0)
(66.305246 0.080145 0)
(65.821829 0.074838166 0)
(65.328433 0.069718923 0)
(64.832189 0.06478186 0)
(64.340608 0.060133604 0)
(63.860081 0.055777971 0)
(63.39618 0.051769373 0)
(62.950075 0.048103996 0)
(62.523283 0.044714926 0)
(62.115714 0.041626805 0)
(61.726458 0.038825528 0)
(61.35424 0.036206645 0)
(60.998323 0.033769813 0)
(60.657854 0.031579473 0)
(60.331036 0.029518705 0)
(60.017194 0.027423327 0)
(59.717675 0.025388424 0)
(59.432382 0.023498563 0)
(59.160252 0.021396185 0)
(58.904516 0.018634136 0)
(58.674319 0.015384654 0)
(58.476867 0.012266806 0)
(58.31145 0.0094947985 0)
(58.17805 0.0067481815 0)
(58.084956 0.0037570906 0)
(58.037124 0.00098894556 0)
(58.029786 -0.00074218032 0)
(58.044305 -0.0011457864 0)
(58.06007 -0.00073189341 0)
(58.067841 -0.00023007328 0)
(58.06867 1.3952525e-05 0)
(58.067342 3.7686521e-05 0)
(58.066578 1.4480412e-06 0)
(58.066555 -1.6330359e-05 0)
(58.066712 -1.4675621e-05 0)
(58.06678 -1.0578976e-05 0)
(58.066788 -8.0343222e-06 0)
(58.066732 -8.182726e-06 0)
(68.585759 0.1281887 0)
(68.598274 0.15936517 0)
(68.623589 0.18188954 0)
(68.654456 0.18948229 0)
(68.680591 0.18451248 0)
(68.696177 0.17469534 0)
(68.702454 0.16706792 0)
(68.704674 0.16435415 0)
(68.707466 0.16522992 0)
(68.712425 0.16717604 0)
(68.718862 0.16871383 0)
(68.725687 0.16953494 0)
(68.73237 0.16974524 0)
(68.738816 0.16944939 0)
(68.745003 0.16869566 0)
(68.750856 0.16754731 0)
(68.756297 0.16610803 0)
(68.761314 0.16448804 0)
(68.765948 0.16274627 0)
(68.770234 0.16090254 0)
(68.774183 0.15898919 0)
(68.7778 0.15703413 0)
(68.781097 0.15508384 0)
(68.784114 0.153171 0)
(68.78689 0.15129348 0)
(68.789451 0.14944613 0)
(68.791801 0.14762125 0)
(68.79394 0.14583621 0)
(68.795885 0.14410368 0)
(68.797659 0.14242296 0)
(68.799278 0.14078734 0)
(68.800746 0.13918406 0)
(68.802063 0.13762515 0)
(68.803237 0.13611135 0)
(68.804284 0.13464495 0)
(68.805211 0.13321194 0)
(68.806019 0.13181383 0)
(68.80671 0.13045447 0)
(68.807295 0.12913117 0)
(68.807779 0.12783658 0)
(68.808162 0.12657211 0)
(68.808448 0.12534088 0)
(68.808645 0.12413648 0)
(68.808748 0.12295554 0)
(68.80875 0.12179894 0)
(68.808635 0.12066959 0)
(68.808365 0.11955862 0)
(68.807872 0.11846874 0)
(68.806993 0.11739424 0)
(68.805441 0.11633536 0)
(68.802359 0.11528748 0)
(68.79587 0.11423818 0)
(68.779477 0.11315279 0)
(68.738063 0.11176185 0)
(68.631764 0.10952373 0)
(68.412158 0.10590952 0)
(68.062401 0.10082596 0)
(67.631322 0.094909578 0)
(67.171735 0.089002652 0)
(66.707479 0.083412076 0)
(66.233991 0.078008776 0)
(65.756489 0.072855879 0)
(65.26672 0.067880695 0)
(64.777033 0.063066387 0)
(64.292288 0.05855631 0)
(63.819245 0.054360193 0)
(63.362515 0.050457613 0)
(62.924121 0.04688621 0)
(62.504774 0.043642067 0)
(62.104086 0.040619307 0)
(61.721478 0.037813356 0)
(61.356361 0.035290717 0)
(61.006873 0.032932454 0)
(60.672055 0.030556099 0)
(60.352992 0.028251679 0)
(60.049653 0.026113966 0)
(59.760933 0.02377132 0)
(59.489526 0.020734682 0)
(59.244358 0.017162381 0)
(59.033183 0.013715895 0)
(58.856218 0.010640793 0)
(58.713292 0.0075851681 0)
(58.612725 0.0042611275 0)
(58.560193 0.0011841556 0)
(58.550441 -0.00075755527 0)
(58.564375 -0.0012355063 0)
(58.580441 -0.00080017086 0)
(58.588604 -0.00025398347 0)
(58.589616 1.6357405e-05 0)
(58.58829 4.4942162e-05 0)
(58.587488 5.7327947e-06 0)
(58.587449 -1.4085425e-05 0)
(58.587608 -1.2525175e-05 0)
(58.587679 -8.0724387e-06 0)
(58.587688 -5.2963792e-06 0)
(58.587634 -5.4476236e-06 0)
(68.591907 0.12679666 0)
(68.603534 0.15549488 0)
(68.626544 0.1767604 0)
(68.654869 0.18482245 0)
(68.679448 0.18134105 0)
(68.694789 0.17302339 0)
(68.701629 0.16627784 0)
(68.704512 0.16378554 0)
(68.707659 0.16455894 0)
(68.712668 0.16637968 0)
(68.719024 0.16786362 0)
(68.725757 0.16869 0)
(68.732367 0.16894011 0)
(68.738754 0.16870121 0)
(68.744894 0.16801335 0)
(68.750712 0.16693468 0)
(68.756132 0.16556285 0)
(68.761139 0.16400318 0)
(68.765768 0.16231525 0)
(68.770053 0.16052138 0)
(68.774004 0.15865308 0)
(68.777626 0.15673965 0)
(68.780932 0.15482538 0)
(68.783957 0.15294279 0)
(68.786743 0.15109186 0)
(68.789311 0.14926819 0)
(68.791669 0.14746556 0)
(68.793816 0.14570005 0)
(68.79577 0.14398445 0)
(68.797551 0.14231852 0)
(68.799177 0.14069607 0)
(68.800651 0.13910538 0)
(68.801974 0.13755736 0)
(68.803154 0.13605331 0)
(68.804206 0.13459522 0)
(68.805138 0.13317014 0)
(68.80595 0.1317791 0)
(68.806646 0.1304259 0)
(68.807235 0.12910806 0)
(68.807724 0.12781854 0)
(68.808114 0.12655854 0)
(68.808411 0.12533106 0)
(68.808625 0.12413007 0)
(68.808758 0.12295233 0)
(68.808811 0.12179875 0)
(68.808786 0.12067261 0)
(68.808675 0.11956609 0)
(68.808458 0.11848245 0)
(68.808091 0.11741788 0)
(68.807503 0.11637212 0)
(68.80651 0.11533788 0)
(68.804795 0.11431926 0)
(68.801326 0.11330928 0)
(68.793804 0.11229097 0)
(68.774291 0.1112058 0)
(68.723602 0.10973465 0)
(68.597282 0.1072736 0)
(68.348353 0.10338391 0)
(67.977468 0.098111512 0)
(67.540284 0.092248855 0)
(67.083547 0.086531362 0)
(66.623849 0.081094392 0)
(66.154164 0.075862018 0)
(65.681829 0.070845933 0)
(65.196076 0.065999661 0)
(64.711643 0.061348533 0)
(64.233327 0.056949804 0)
(63.767925 0.052865075 0)
(63.318991 0.049128266 0)
(62.888431 0.045644158 0)
(62.476598 0.042411062 0)
(62.08398 0.039499391 0)
(61.708937 0.03679349 0)
(61.350444 0.034091826 0)
(61.009387 0.031477467 0)
(60.685781 0.029054532 0)
(60.378447 0.026439272 0)
(60.089522 0.023098833 0)
(59.827473 0.019171863 0)
(59.600576 0.015358864 0)
(59.410144 0.01194154 0)
(59.256018 0.0085391646 0)
(59.146459 0.0048420162 0)
(59.088341 0.001417908 0)
(59.075637 -0.00076198553 0)
(59.088848 -0.0013284462 0)
(59.105408 -0.0008739263 0)
(59.114128 -0.00028037017 0)
(59.115407 1.9099714e-05 0)
(59.114085 5.3542018e-05 0)
(59.113222 1.1249352e-05 0)
(59.113157 -1.0848554e-05 0)
(59.113318 -9.4482604e-06 0)
(59.113396 -4.6160218e-06 0)
(59.113406 -1.5882261e-06 0)
(59.113353 -1.7404018e-06 0)
(68.597901 0.12539447 0)
(68.608698 0.15178359 0)
(68.629569 0.17180484 0)
(68.655478 0.18023046 0)
(68.678512 0.17812155 0)
(68.693536 0.17123502 0)
(68.700858 0.16536465 0)
(68.704355 0.16312392 0)
(68.707846 0.16382425 0)
(68.712911 0.16553562 0)
(68.719192 0.16697331 0)
(68.725835 0.16780797 0)
(68.732371 0.16809887 0)
(68.738697 0.16791807 0)
(68.744786 0.16729781 0)
(68.750567 0.16629085 0)
(68.755965 0.1649888 0)
(68.76096 0.16349203 0)
(68.765584 0.16186047 0)
(68.769866 0.16011878 0)
(68.773819 0.15829782 0)
(68.777445 0.15642798 0)
(68.780759 0.15455165 0)
(68.783794 0.15270105 0)
(68.786588 0.15087825 0)
(68.789165 0.14907967 0)
(68.79153 0.14730049 0)
(68.793687 0.14555566 0)
(68.795649 0.14385799 0)
(68.797438 0.14220776 0)
(68.79907 0.14059928 0)
(68.800551 0.13902189 0)
(68.801881 0.13748541 0)
(68.803067 0.13599169 0)
(68.804124 0.13454243 0)
(68.805061 0.13312574 0)
(68.805878 0.1317422 0)
(68.806578 0.13039553 0)
(68.807172 0.12908347 0)
(68.807664 0.12779928 0)
(68.808058 0.12654394 0)
(68.808361 0.12532035 0)
(68.808581 0.12412281 0)
(68.808725 0.12294813 0)
(68.808795 0.12179722 0)
(68.808798 0.12067332 0)
(68.808737 0.11956923 0)
(68.808609 0.1184883 0)
(68.808403 0.11742775 0)
(68.808101 0.11638783 0)
(68.807656 0.11536318 0)
(68.806994 0.11435767 0)
(68.80591 0.11335941 0)
(68.80402 0.11237685 0)
(68.800111 0.11140113 0)
(68.791103 0.11041231 0)
(68.767284 0.10930807 0)
(68.704073 0.10770949 0)
(68.553152 0.1049738 0)
(68.272503 0.10079188 0)
(67.882477 0.095359817 0)
(67.441072 0.089576728 0)
(66.988061 0.084071311 0)
(66.53218 0.078764128 0)
(66.067151 0.073701865 0)
(65.596555 0.068843415 0)
(65.11566 0.064092598 0)
(64.636683 0.059557204 0)
(64.165505 0.055329693 0)
(63.708058 0.051353827 0)
(63.267007 0.047643342 0)
(62.845265 0.044285359 0)
(62.442091 0.041176426 0)
(62.057088 0.038097483 0)
(61.69123 0.035125037 0)
(61.344722 0.032372212 0)
(61.016436 0.02944536 0)
(60.707962 0.025767288 0)
(60.42714 0.021450728 0)
(60.182609 0.017229532 0)
(59.976823 0.013425806 0)
(59.809957 0.0096339917 0)
(59.690027 0.0055169324 0)
(59.625334 0.0016998977 0)
(59.609178 -0.00075153199 0)
(59.621496 -0.001424628 0)
(59.638593 -0.00095446266 0)
(59.647951 -0.0003099918 0)
(59.649542 2.2133407e-05 0)
(59.648232 6.3833739e-05 0)
(59.647301 1.8371877e-05 0)
(59.647205 -6.3201987e-06 0)
(59.647369 -5.1804956e-06 0)
(59.647454 5.6767937e-08 0)
(59.647465 3.3624412e-06 0)
(59.647414 3.2123836e-06 0)
(68.603741 0.12398238 0)
(68.613758 0.14823001 0)
(68.632655 0.16703336 0)
(68.656282 0.17572076 0)
(68.67779 0.17486348 0)
(68.69243 0.16933401 0)
(68.700151 0.16432704 0)
(68.70421 0.1623653 0)
(68.708031 0.16302219 0)
(68.713156 0.16464102 0)
(68.719366 0.1660406 0)
(68.72592 0.16688715 0)
(68.732381 0.16722017 0)
(68.738645 0.16709867 0)
(68.744682 0.16654773 0)
(68.750424 0.16561452 0)
(68.755796 0.16438459 0)
(68.760778 0.16295334 0)
(68.765395 0.16138074 0)
(68.769674 0.15969362 0)
(68.773627 0.15792235 0)
(68.777259 0.15609816 0)
(68.780581 0.15426175 0)
(68.783625 0.15244499 0)
(68.786428 0.15065193 0)
(68.789012 0.14887993 0)
(68.791386 0.14712548 0)
(68.793551 0.14540252 0)
(68.795522 0.14372385 0)
(68.797319 0.14209026 0)
(68.798959 0.14049662 0)
(68.800446 0.13893328 0)
(68.801782 0.13740904 0)
(68.802975 0.13592626 0)
(68.804038 0.1344864 0)
(68.80498 0.13307858 0)
(68.805802 0.13170298 0)
(68.806507 0.13036324 0)
(68.807105 0.1290573 0)
(68.807601 0.12777876 0)
(68.807999 0.12652835 0)
(68.808305 0.12530885 0)
(68.80853 0.12411491 0)
(68.808678 0.12294337 0)
(68.808754 0.12179516 0)
(68.808767 0.12067333 0)
(68.808722 0.11957126 0)
(68.808622 0.1184921 0)
(68.808466 0.11743343 0)
(68.808252 0.11639573 0)
(68.807971 0.11537479 0)
(68.807607 0.11437456 0)
(68.807112 0.11338552 0)
(68.8064 0.11241624 0)
(68.805245 0.11145246 0)
(68.803138 0.11050329 0)
(68.798638 0.10955897 0)
(68.787529 0.1085945 0)
(68.75786 0.10744141 0)
(68.677857 0.10566051 0)
(68.497696 0.10261058 0)
(68.184352 0.098118806 0)
(67.77838 0.092590227 0)
(67.334386 0.086901437 0)
(66.88638 0.081608218 0)
(66.433169 0.076483543 0)
(65.972618 0.071543677 0)
(65.502953 0.066772601 0)
(65.027515 0.062174131 0)
(64.554429 0.057756659 0)
(64.090499 0.053559179 0)
(63.641752 0.049721801 0)
(63.209914 0.046159685 0)
(62.79649 0.042649495 0)
(62.403203 0.03926515 0)
(62.030919 0.036129999 0)
(61.678994 0.032844094 0)
(61.348582 0.028787833 0)
(61.046833 0.024041766 0)
(60.782561 0.019366231 0)
(60.559334 0.015125684 0)
(60.378064 0.010894784 0)
(60.246487 0.0063043429 0)
(60.174102 0.0020411278 0)
(60.153981 -0.00072160654 0)
(60.16518 -0.0015231456 0)
(60.182746 -0.0010422579 0)
(60.192752 -0.00034320301 0)
(60.194673 2.555199e-05 0)
(60.193391 7.6175618e-05 0)
(60.192397 2.750346e-05 0)
(60.192271 -1.3063643e-07 0)
(60.192436 6.276683e-07 0)
(60.192527 6.2945147e-06 0)
(60.19254 9.9072346e-06 0)
(60.19249 9.7627355e-06 0)
(68.609427 0.12256183 0)
(68.618711 0.14483153 0)
(68.635793 0.16245369 0)
(68.657277 0.17130733 0)
(68.677288 0.17157736 0)
(68.691484 0.16732533 0)
(68.699517 0.16316475 0)
(68.704083 0.16150633 0)
(68.708217 0.16214919 0)
(68.713404 0.16369307 0)
(68.719548 0.16506321 0)
(68.726014 0.16592576 0)
(68.732399 0.1663026 0)
(68.738598 0.16624169 0)
(68.744581 0.16576176 0)
(68.750281 0.16490433 0)
(68.755627 0.16374887 0)
(68.760593 0.16238579 0)
(68.765202 0.1608748 0)
(68.769477 0.15924471 0)
(68.77343 0.15752557 0)
(68.777066 0.15574917 0)
(68.780395 0.15395476 0)
(68.783449 0.15217376 0)
(68.78626 0.15041215 0)
(68.788853 0.14866828 0)
(68.791235 0.14693991 0)
(68.793409 0.1452401 0)
(68.795389 0.14358153 0)
(68.797194 0.1419656 0)
(68.798842 0.14038771 0)
(68.800336 0.13883921 0)
(68.801679 0.13732797 0)
(68.802879 0.13585677 0)
(68.803948 0.1344269 0)
(68.804895 0.13302847 0)
(68.805722 0.1316613 0)
(68.806432 0.1303289 0)
(68.807034 0.12902947 0)
(68.807535 0.1277569 0)
(68.807937 0.1265117 0)
(68.808246 0.12529654 0)
(68.808474 0.12410642 0)
(68.808626 0.12293818 0)
(68.808706 0.12179276 0)
(68.808723 0.12067307 0)
(68.808684 0.11957302 0)
(68.808593 0.11849543 0)
(68.808452 0.11743821 0)
(68.808265 0.1164018 0)
(68.808033 0.11538227 0)
(68.807757 0.11438356 0)
(68.80743 0.11339795 0)
(68.807033 0.11243367 0)
(68.806516 0.11147872 0)
(68.805764 0.11054228 0)
(68.80453 0.10961295 0)
(68.802133 0.1086959 0)
(68.796849 0.10777478 0)
(68.782766 0.10682538 0)
(68.7451 0.10559144 0)
(68.643199 0.10355868 0)
(68.428578 0.10016664 0)
(68.084366 0.095356734 0)
(67.666511 0.08981231 0)
(67.22354 0.084324485 0)
(66.779524 0.079161912 0)
(66.328002 0.074153668 0)
(65.871592 0.069380609 0)
(65.403291 0.064697902 0)
(64.933314 0.060111399 0)
(64.466838 0.055832775 0)
(64.011183 0.051799093 0)
(63.57068 0.047820439 0)
(63.149039 0.043974288 0)
(62.748765 0.040400522 0)
(62.370623 0.036700375 0)
(62.015644 0.032218143 0)
(61.690463 0.02699643 0)
(61.403964 0.021815061 0)
(61.160834 0.017079703 0)
(60.963142 0.01235059 0)
(60.818617 0.0072253659 0)
(60.737317 0.002454616 0)
(60.712659 -0.00066662498 0)
(60.722439 -0.0016222294 0)
(60.740319 -0.0011370807 0)
(60.750923 -0.0003799782 0)
(60.753173 2.9588366e-05 0)
(60.75194 9.095915e-05 0)
(60.750896 3.9096483e-05 0)
(60.750743 8.1767013e-06 0)
(60.750908 8.4272127e-06 0)
(60.751005 1.454519e-05 0)
(60.751018 1.8494384e-05 0)
(60.75097 1.8359192e-05 0)
(68.614962 0.12113523 0)
(68.623554 0.1415847 0)
(68.638974 0.15807104 0)
(68.658458 0.16700319 0)
(68.67701 0.16827462 0)
(68.690705 0.16521517 0)
(68.698969 0.16187866 0)
(68.703982 0.16054432 0)
(68.708408 0.16120193 0)
(68.713657 0.16268902 0)
(68.719738 0.16403882 0)
(68.726117 0.16492196 0)
(68.732426 0.16534471 0)
(68.738559 0.16534582 0)
(68.744485 0.16493857 0)
(68.750141 0.16415893 0)
(68.755457 0.16308028 0)
(68.760407 0.16178805 0)
(68.765005 0.16034137 0)
(68.769275 0.15877086 0)
(68.773228 0.15710632 0)
(68.776866 0.15537995 0)
(68.780203 0.15362969 0)
(68.783265 0.15188647 0)
(68.786086 0.15015809 0)
(68.788687 0.148444 0)
(68.791077 0.14674313 0)
(68.79326 0.14506779 0)
(68.795249 0.14343053 0)
(68.797063 0.14183332 0)
(68.798719 0.14027216 0)
(68.80022 0.13873933 0)
(68.80157 0.13724189 0)
(68.802777 0.13578295 0)
(68.803852 0.1343637 0)
(68.804805 0.13297521 0)
(68.805637 0.13161698 0)
(68.806353 0.13029238 0)
(68.806959 0.12899984 0)
(68.807464 0.1277336 0)
(68.80787 0.12649394 0)
(68.808184 0.12528338 0)
(68.808415 0.12409729 0)
(68.80857 0.12293255 0)
(68.808653 0.12179007 0)
(68.808674 0.12067265 0)
(68.808638 0.11957469 0)
(68.808551 0.11849871 0)
(68.808416 0.11744289 0)
(68.808237 0.11640759 0)
(68.808019 0.115389 0)
(68.807769 0.1143909 0)
(68.80749 0.11340621 0)
(68.807183 0.11244291 0)
(68.806837 0.11149115 0)
(68.806424 0.11056 0)
(68.80589 0.10963958 0)
(68.805097 0.10873347 0)
(68.803778 0.1078328 0)
(68.800999 0.10694499 0)
(68.794623 0.1060456 0)
(68.776448 0.10509246 0)
(68.727094 0.10373811 0)
(68.59811 0.10137148 0)
(68.344052 0.097599378 0)
(67.973567 0.092562698 0)
(67.548702 0.087047038 0)
(67.108056 0.081730607 0)
(66.667137 0.076724463 0)
(66.217851 0.071827781 0)
(65.765132 0.067074412 0)
(65.2993 0.062502997 0)
(64.834211 0.058069781 0)
(64.374737 0.053641957 0)
(63.92846 0.049313002 0)
(63.500754 0.045254434 0)
(63.095223 0.041085255 0)
(62.713528 0.036125273 0)
(62.362404 0.030376534 0)
(62.050871 0.024632438 0)
(61.784954 0.019335583 0)
(61.568361 0.014036886 0)
(61.409358 0.0083046934 0)
(61.317912 0.002955746 0)
(61.288039 -0.00057944019 0)
(61.296013 -0.0017190655 0)
(61.313967 -0.0012379731 0)
(61.325068 -0.00041988164 0)
(61.327628 3.4658272e-05 0)
(61.326466 0.00010867245 0)
(61.325396 5.3714526e-05 0)
(61.325222 1.9202746e-05 0)
(61.325384 1.8826172e-05 0)
(61.325484 2.5413446e-05 0)
(61.325499 2.9725963e-05 0)
(61.325452 2.9603436e-05 0)
(68.620348 0.11970566 0)
(68.628288 0.13848439 0)
(68.642188 0.15388825 0)
(68.659816 0.16282027 0)
(68.676958 0.16496743 0)
(68.690105 0.16301097 0)
(68.698516 0.16047083 0)
(68.703915 0.15947743 0)
(68.708608 0.16017743 0)
(68.713918 0.16162623 0)
(68.71994 0.1629652 0)
(68.726233 0.16387392 0)
(68.732464 0.16434504 0)
(68.738529 0.16440972 0)
(68.744395 0.16407682 0)
(68.750004 0.16337697 0)
(68.755288 0.16237746 0)
(68.760218 0.16115876 0)
(68.764805 0.15977914 0)
(68.769069 0.1582708 0)
(68.77302 0.15666342 0)
(68.776661 0.1549894 0)
(68.780005 0.1532855 0)
(68.783075 0.15158219 0)
(68.785905 0.14988893 0)
(68.788514 0.14820633 0)
(68.790913 0.14653447 0)
(68.793105 0.144885 0)
(68.795104 0.14327031 0)
(68.796926 0.14169296 0)
(68.798589 0.14014954 0)
(68.800099 0.13863328 0)
(68.801456 0.13715047 0)
(68.80267 0.13570452 0)
(68.803752 0.13429657 0)
(68.80471 0.1329186 0)
(68.805548 0.13156984 0)
(68.806269 0.13025352 0)
(68.806881 0.1289683 0)
(68.80739 0.12770876 0)
(68.8078 0.12647496 0)
(68.808118 0.1252693 0)
(68.808353 0.12408749 0)
(68.808511 0.12292646 0)
(68.808597 0.12178708 0)
(68.808621 0.1206721 0)
(68.808588 0.11957632 0)
(68.808504 0.11850203 0)
(68.808372 0.11744768 0)
(68.808197 0.11641347 0)
(68.807984 0.11539577 0)
(68.807742 0.1143981 0)
(68.807476 0.11341379 0)
(68.807194 0.11245053 0)
(68.806895 0.11149944 0)
(68.806573 0.11056925 0)
(68.806216 0.10965184 0)
(68.805793 0.10875112 0)
(68.805255 0.10785964 0)
(68.804429 0.10698018 0)
(68.803007 0.10610947 0)
(68.799746 0.10524978 0)
(68.791637 0.10437119 0)
(68.767966 0.10336662 0)
(68.701097 0.10182471 0)
(68.538994 0.09909914 0)
(68.246232 0.094933422 0)
(67.854311 0.089697421 0)
(67.42476 0.084298134 0)
(66.988279 0.079150317 0)
(66.549941 0.074151107 0)
(66.104052 0.069401514 0)
(65.651681 0.064778953 0)
(65.19082 0.06002846 0)
(64.731988 0.055274659 0)
(64.283713 0.050728847 0)
(63.85344 0.046059736 0)
(63.445134 0.040576713 0)
(63.066663 0.034251352 0)
(62.727546 0.02788526 0)
(62.435805 0.021951753 0)
(62.197484 0.015997515 0)
(62.022155 0.0095714192 0)
(61.919429 0.0035624716 0)
(61.883531 -0.00045087254 0)
(61.889226 -0.0018095427 0)
(61.906923 -0.0013431104 0)
(61.918369 -0.00046198847 0)
(61.921198 4.142893e-05 0)
(61.920131 0.00012995719 0)
(61.919064 7.2081737e-05 0)
(61.918878 3.3741854e-05 0)
(61.919038 3.2641041e-05 0)
(61.919139 3.9713384e-05 0)
(61.919154 4.4410872e-05 0)
(61.919109 4.4303614e-05 0)
(68.625587 0.11827732 0)
(68.632913 0.13552424 0)
(68.645429 0.14990505 0)
(68.661344 0.15876887 0)
(68.677131 0.16166842 0)
(68.689689 0.16072147 0)
(68.698169 0.15894461 0)
(68.70389 0.15830472 0)
(68.708823 0.15907313 0)
(68.714191 0.16050227 0)
(68.720154 0.16184019 0)
(68.726361 0.1627798 0)
(68.732513 0.16330213 0)
(68.738508 0.16343208 0)
(68.744313 0.16317521 0)
(68.749872 0.16255709 0)
(68.755122 0.16163903 0)
(68.76003 0.16049653 0)
(68.764603 0.15918677 0)
(68.768859 0.15774325 0)
(68.772807 0.15619564 0)
(68.77645 0.15457636 0)
(68.7798 0.15292114 0)
(68.782879 0.15125994 0)
(68.785717 0.14960377 0)
(68.788335 0.14795447 0)
(68.790742 0.1463132 0)
(68.792943 0.14469108 0)
(68.794951 0.14310029 0)
(68.796783 0.141544 0)
(68.798454 0.1400194 0)
(68.799971 0.13852066 0)
(68.801336 0.13705336 0)
(68.802557 0.13562118 0)
(68.803646 0.13422525 0)
(68.80461 0.13285841 0)
(68.805454 0.13151969 0)
(68.80618 0.13021216 0)
(68.806797 0.12893471 0)
(68.807311 0.12768226 0)
(68.807726 0.12645469 0)
(68.808048 0.12525423 0)
(68.808286 0.12407695 0)
(68.808448 0.12291986 0)
(68.808538 0.12178376 0)
(68.808565 0.12067138 0)
(68.808535 0.11957792 0)
(68.808454 0.11850543 0)
(68.808324 0.11745262 0)
(68.808152 0.11641957 0)
(68.807942 0.11540277 0)
(68.807703 0.1144055 0)
(68.807442 0.1134215 0)
(68.807167 0.1124581 0)
(68.806881 0.11150711 0)
(68.806583 0.11057682 0)
(68.806272 0.10965989 0)
(68.805942 0.10876017 0)
(68.805588 0.10787144 0)
(68.805175 0.10699741 0)
(68.804649 0.10613604 0)
(68.803802 0.10528344 0)
(68.802195 0.10444096 0)
(68.79833 0.10359737 0)
(68.787431 0.10273969 0)
(68.755589 0.10164863 0)
(68.665626 0.099816721 0)
(68.464703 0.096677219 0)
(68.13422 0.09216323 0)
(67.728733 0.086809515 0)
(67.29643 0.081429384 0)
(66.864677 0.076472215 0)
(66.428361 0.071617339 0)
(65.986829 0.06670044 0)
(65.535747 0.061700585 0)
(65.083356 0.056767651 0)
(64.637859 0.051634033 0)
(64.208478 0.045614499 0)
(63.804554 0.038684509 0)
(63.437097 0.031644494 0)
(63.11725 0.024995028 0)
(62.854568 0.018284379 0)
(62.660988 0.011059361 0)
(62.545995 0.0042952709 0)
(62.503224 -0.00026944908 0)
(62.506082 -0.0018878356 0)
(62.52309 -0.0014494759 0)
(62.534661 -0.00050466528 0)
(62.537692 5.09717e-05 0)
(62.536743 0.000155726 0)
(62.535714 9.5189308e-05 0)
(62.535531 5.2891144e-05 0)
(62.535688 5.101083e-05 0)
(62.535787 5.8584212e-05 0)
(62.535801 6.3680687e-05 0)
(62.535758 6.3589176e-05 0)
(68.630682 0.1168548 0)
(68.637431 0.13270051 0)
(68.64869 0.14611923 0)
(68.66303 0.15485723 0)
(68.677525 0.15839042 0)
(68.689464 0.15835655 0)
(68.697937 0.15730456 0)
(68.703916 0.15702624 0)
(68.709059 0.15788698 0)
(68.714477 0.15931489 0)
(68.720384 0.16066173 0)
(68.726504 0.16163778 0)
(68.732576 0.16221447 0)
(68.738498 0.16241159 0)
(68.744239 0.1622324 0)
(68.749746 0.16169794 0)
(68.754957 0.16086359 0)
(68.759841 0.15979997 0)
(68.764399 0.15856289 0)
(68.768646 0.15718689 0)
(68.772589 0.15570171 0)
(68.776234 0.15413964 0)
(68.779588 0.15253548 0)
(68.782675 0.15091869 0)
(68.785522 0.14930169 0)
(68.788148 0.14768758 0)
(68.790563 0.14607857 0)
(68.792774 0.14448533 0)
(68.794792 0.14291987 0)
(68.796633 0.1413859 0)
(68.798312 0.13988128 0)
(68.799837 0.13840105 0)
(68.80121 0.1369502 0)
(68.802439 0.13553262 0)
(68.803534 0.13414946 0)
(68.804505 0.13279441 0)
(68.805355 0.13146634 0)
(68.806087 0.13016813 0)
(68.806709 0.12889893 0)
(68.807228 0.12765399 0)
(68.807647 0.12643302 0)
(68.807973 0.12523809 0)
(68.808216 0.12406563 0)
(68.808381 0.1229127 0)
(68.808475 0.1217801 0)
(68.808505 0.12067049 0)
(68.808479 0.11957946 0)
(68.8084 0.11850891 0)
(68.808273 0.11745773 0)
(68.808103 0.1164259 0)
(68.807896 0.11541007 0)
(68.80766 0.11441321 0)
(68.807402 0.11342952 0)
(68.80713 0.11246592 0)
(68.806848 0.11151495 0)
(68.806557 0.11058438 0)
(68.806257 0.10966739 0)
(68.805951 0.10876742 0)
(68.805641 0.10787882 0)
(68.805325 0.10700584 0)
(68.804993 0.10614701 0)
(68.804607 0.10530016 0)
(68.804088 0.10446641 0)
(68.803225 0.10363324 0)
(68.801333 0.10282023 0)
(68.796488 0.10198888 0)
(68.781583 0.10111346 0)
(68.737886 0.09988688 0)
(68.617151 0.097698061 0)
(68.374191 0.094086057 0)
(68.011865 0.089170558 0)
(67.596313 0.083829916 0)
(67.166636 0.078635968 0)
(66.739509 0.073504141 0)
(66.306273 0.068285867 0)
(65.870795 0.063155606 0)
(65.427544 0.057689836 0)
(64.991516 0.051204168 0)
(64.570336 0.043699458 0)
(64.178418 0.035963975 0)
(63.830891 0.028529137 0)
(63.542698 0.020951795 0)
(63.329598 0.012805438 0)
(63.201641 0.0051765186 0)
(63.151346 -2.1687661e-05 0)
(63.150748 -0.0019460424 0)
(63.16653 -0.0015524554 0)
(63.177912 -0.00054524944 0)
(63.181043 6.4941599e-05 0)
(63.180229 0.00018728257 0)
(63.179282 0.00012440201 0)
(63.179121 7.816256e-05 0)
(63.179275 7.5516683e-05 0)
(63.17937 8.3611283e-05 0)
(63.179382 8.9110603e-05 0)
(63.179341 8.9032188e-05 0)
(68.635638 0.11544223 0)
(68.641845 0.13001027 0)
(68.651964 0.14252688 0)
(68.664865 0.15109137 0)
(68.678136 0.1551459 0)
(68.689434 0.15592715 0)
(68.697829 0.15555659 0)
(68.704003 0.15564309 0)
(68.709321 0.15661758 0)
(68.714782 0.15806217 0)
(68.720631 0.15942798 0)
(68.726664 0.16044615 0)
(68.732653 0.16108061 0)
(68.738501 0.16134696 0)
(68.744175 0.16124712 0)
(68.749626 0.16079817 0)
(68.754797 0.16004978 0)
(68.759654 0.15906768 0)
(68.764194 0.1579061 0)
(68.768429 0.15660037 0)
(68.772368 0.15518033 0)
(68.776012 0.15367801 0)
(68.779371 0.15212737 0)
(68.782465 0.15055737 0)
(68.78532 0.14898171 0)
(68.787954 0.14740476 0)
(68.790378 0.14582976 0)
(68.792598 0.14426704 0)
(68.794625 0.14272838 0)
(68.796476 0.14121809 0)
(68.798164 0.13973465 0)
(68.799696 0.138274 0)
(68.801078 0.13684059 0)
(68.802314 0.13543849 0)
(68.803417 0.1340689 0)
(68.804394 0.13272633 0)
(68.80525 0.13140955 0)
(68.805988 0.13012125 0)
(68.806615 0.1288608 0)
(68.807139 0.12762383 0)
(68.807563 0.12640986 0)
(68.807894 0.1252208 0)
(68.808141 0.12405345 0)
(68.80831 0.12290495 0)
(68.808408 0.12177604 0)
(68.808441 0.12066938 0)
(68.808418 0.11958095 0)
(68.808342 0.11851246 0)
(68.808219 0.117463 0)
(68.808051 0.11643248 0)
(68.807847 0.11541768 0)
(68.807613 0.11442126 0)
(68.807357 0.11343789 0)
(68.807088 0.11247408 0)
(68.806808 0.1115231 0)
(68.80652 0.11059222 0)
(68.806225 0.10967506 0)
(68.805925 0.10877465 0)
(68.805626 0.10788568 0)
(68.805332 0.10701225 0)
(68.805045 0.10615331 0)
(68.804757 0.10530786 0)
(68.804454 0.10447682 0)
(68.804101 0.10364941 0)
(68.803595 0.10284222 0)
(68.802702 0.10202882 0)
(68.800427 0.10122407 0)
(68.794034 0.10040675 0)
(68.773191 0.099481558 0)
(68.71187 0.09799665 0)
(68.554401 0.095320839 0)
(68.264876 0.091245472 0)
(67.879967 0.086092837 0)
(67.462466 0.080539728 0)
(67.038463 0.075050654 0)
(66.615456 0.069659282 0)
(66.19019 0.06393592 0)
(65.767851 0.057166592 0)
(65.345782 0.049209773 0)
(64.941383 0.040833666 0)
(64.572331 0.032585111 0)
(64.261207 0.024041301 0)
(64.02925 0.014843304 0)
(63.888471 0.0062276814 0)
(63.830557 0.00030651475 0)
(63.825961 -0.0019743106 0)
(63.839886 -0.0016453115 0)
(63.85064 -0.00057960345 0)
(63.853716 8.5797597e-05 0)
(63.85305 0.00022644215 0)
(63.852235 0.00016156333 0)
(63.852122 0.00011159999 0)
(63.852275 0.00010830393 0)
(63.852361 0.00011695048 0)
(63.85237 0.00012284329 0)
(63.852331 0.00012277047 0)
(68.640459 0.1140439 0)
(68.646158 0.12744805 0)
(68.655247 0.13912217 0)
(68.666837 0.14747528 0)
(68.678958 0.15194673 0)
(68.689601 0.15344512 0)
(68.697855 0.15370788 0)
(68.704159 0.15415751 0)
(68.709618 0.15526426 0)
(68.715109 0.15674259 0)
(68.7209 0.15813729 0)
(68.726845 0.15920331 0)
(68.732748 0.15989915 0)
(68.738519 0.16023694 0)
(68.744123 0.16021814 0)
(68.749516 0.1598565 0)
(68.754643 0.15919624 0)
(68.759469 0.15829826 0)
(68.763989 0.157215 0)
(68.768211 0.15598231 0)
(68.772143 0.15463014 0)
(68.775785 0.1531902 0)
(68.779148 0.15169561 0)
(68.782249 0.15017486 0)
(68.785111 0.1486428 0)
(68.787753 0.1471051 0)
(68.790186 0.14556594 0)
(68.792415 0.14403544 0)
(68.794452 0.14252516 0)
(68.796312 0.14103996 0)
(68.798008 0.139579 0)
(68.799549 0.13813903 0)
(68.800939 0.13672412 0)
(68.802183 0.13533842 0)
(68.803293 0.13398327 0)
(68.804277 0.13265392 0)
(68.805139 0.13134911 0)
(68.805883 0.13007133 0)
(68.806517 0.12882017 0)
(68.807046 0.12759163 0)
(68.807475 0.12638508 0)
(68.807811 0.12520228 0)
(68.808062 0.12404035 0)
(68.808235 0.12289654 0)
(68.808336 0.12177157 0)
(68.808374 0.12066805 0)
(68.808354 0.11958235 0)
(68.808281 0.11851606 0)
(68.80816 0.11746845 0)
(68.807996 0.11643931 0)
(68.807794 0.1154256 0)
(68.807563 0.11442966 0)
(68.80731 0.11344663 0)
(68.807042 0.11248263 0)
(68.806765 0.11153163 0)
(68.806479 0.11060041 0)
(68.806186 0.10968307 0)
(68.805889 0.10878216 0)
(68.805593 0.10789273 0)
(68.805305 0.10701859 0)
(68.805029 0.10615907 0)
(68.804762 0.10531333 0)
(68.804505 0.10448216 0)
(68.80425 0.10365618 0)
(68.803988 0.10285188 0)
(68.803693 0.10204438 0)
(68.803222 0.10124211 0)
(68.802246 0.10045154 0)
(68.79942 0.09965163 0)
(68.790517 0.098796057 0)
(68.761344 0.097719675 0)
(68.672692 0.09590168 0)
(68.472518 0.092690279 0)
(68.146565 0.087911417 0)
(67.747712 0.082188643 0)
(67.327467 0.076371419 0)
(66.913567 0.070345247 0)
(66.505174 0.063238329 0)
(66.10039 0.054958496 0)
(65.702528 0.04611148 0)
(65.326351 0.037108404 0)
(65.001035 0.027551842 0)
(64.754526 0.017185979 0)
(64.603169 0.0074596509 0)
(64.538656 0.00072538576 0)
(64.529899 -0.0019618001 0)
(64.54128 -0.0017187936 0)
(64.550833 -0.00060170472 0)
(64.553636 0.00011693322 0)
(64.553121 0.00027550705 0)
(64.552493 0.00020896047 0)
(64.552455 0.00015575883 0)
(64.552609 0.00015206082 0)
(64.552683 0.00016130926 0)
(64.552688 0.00016756989 0)
(64.552651 0.00016748948 0)
(68.645152 0.11266381 0)
(68.650375 0.12500808 0)
(68.658534 0.13589884 0)
(68.668937 0.14401119 0)
(68.67998 0.14880395 0)
(68.689965 0.15092297 0)
(68.69802 0.15176689 0)
(68.704393 0.15257294 0)
(68.709955 0.15382716 0)
(68.715465 0.15535507 0)
(68.721193 0.15678833 0)
(68.727047 0.15790784 0)
(68.732863 0.15866876 0)
(68.738553 0.15908036 0)
(68.744084 0.15914426 0)
(68.749416 0.15887167 0)
(68.754495 0.15830165 0)
(68.759288 0.15749033 0)
(68.763785 0.15648818 0)
(68.767992 0.15533133 0)
(68.771915 0.1540498 0)
(68.775555 0.15267489 0)
(68.77892 0.15123896 0)
(68.782026 0.14977 0)
(68.784895 0.14828391 0)
(68.787545 0.1467876 0)
(68.789986 0.14528621 0)
(68.792224 0.14378972 0)
(68.794271 0.14230948 0)
(68.79614 0.14085086 0)
(68.797846 0.13941374 0)
(68.799395 0.13799565 0)
(68.800793 0.13660034 0)
(68.802045 0.13523203 0)
(68.803163 0.13389222 0)
(68.804154 0.13257688 0)
(68.805023 0.13128475 0)
(68.805773 0.13001814 0)
(68.806412 0.12877685 0)
(68.806947 0.12755725 0)
(68.807381 0.12635857 0)
(68.807722 0.12518242 0)
(68.807978 0.12402624 0)
(68.808155 0.12288741 0)
(68.80826 0.12176662 0)
(68.808301 0.12066644 0)
(68.808285 0.11958366 0)
(68.808216 0.11851972 0)
(68.808098 0.11747405 0)
(68.807937 0.1164464 0)
(68.807738 0.11543384 0)
(68.807509 0.11443844 0)
(68.807259 0.11345577 0)
(68.806993 0.11249157 0)
(68.806718 0.11154056 0)
(68.806435 0.11060899 0)
(68.806143 0.10969144 0)
(68.805848 0.10879002 0)
(68.805555 0.10790008 0)
(68.80527 0.10702519 0)
(68.804996 0.10616501 0)
(68.804735 0.10531867 0)
(68.804487 0.10448686 0)
(68.804253 0.10366067 0)
(68.804037 0.10285612 0)
(68.803844 0.10204973 0)
(68.803648 0.10125054 0)
(68.803414 0.10046505 0)
(68.803006 0.099667648 0)
(68.801912 0.098847871 0)
(68.798353 0.098010275 0)
(68.784947 0.097125654 0)
(68.742654 0.095757154 0)
(68.622855 0.093213322 0)
(68.376055 0.089098403 0)
(68.014394 0.083563412 0)
(67.613816 0.077036803 0)
(67.209518 0.069477909 0)
(66.816519 0.060857099 0)
(66.43103 0.051559162 0)
(66.065287 0.041919865 0)
(65.73982 0.03139064 0)
(65.488273 0.01978876 0)
(65.332335 0.0088541694 0)
(65.26401 0.0012347225 0)
(65.251549 -0.0018986741 0)
(65.25977 -0.0017615344 0)
(65.267478 -0.00060366299 0)
(65.26974 0.00016260465 0)
(65.269368 0.00033708872 0)
(65.268974 0.00026914304 0)
(65.269033 0.00021349794 0)
(65.26919 0.00020980723 0)
(65.269251 0.00021973081 0)
(65.269249 0.00022631645 0)
(65.269215 0.00022620943 0)
(68.649722 0.11130552 0)
(68.654501 0.12268535 0)
(68.661823 0.13284959 0)
(68.671151 0.14069924 0)
(68.681194 0.14572728 0)
(68.690524 0.14837347 0)
(68.698331 0.14974321 0)
(68.704715 0.15089398 0)
(68.710342 0.1523073 0)
(68.715853 0.15389911 0)
(68.721515 0.15538011 0)
(68.727276 0.15655855 0)
(68.732999 0.15738825 0)
(68.738606 0.1578761 0)
(68.744062 0.1580244 0)
(68.749328 0.1578425 0)
(68.754357 0.15736471 0)
(68.759112 0.15664252 0)
(68.763584 0.15572425 0)
(68.767774 0.15464603 0)
(68.771685 0.15343792 0)
(68.775321 0.15213076 0)
(68.778687 0.15075613 0)
(68.781798 0.1493416 0)
(68.784673 0.14790392 0)
(68.78733 0.14645125 0)
(68.789779 0.14498966 0)
(68.792027 0.14352904 0)
(68.794083 0.14208058 0)
(68.795962 0.14065013 0)
(68.797676 0.13923827 0)
(68.799234 0.13784333 0)
(68.80064 0.13646878 0)
(68.801901 0.13511892 0)
(68.803026 0.1337954 0)
(68.804025 0.13249491 0)
(68.8049 0.13121622 0)
(68.805657 0.12996147 0)
(68.806302 0.12873066 0)
(68.806843 0.12752053 0)
(68.807282 0.12633021 0)
(68.807628 0.12516112 0)
(68.807888 0.12401105 0)
(68.80807 0.1228775 0)
(68.80818 0.12176115 0)
(68.808225 0.12066453 0)
(68.808212 0.11958483 0)
(68.808146 0.1185234 0)
(68.808032 0.11747981 0)
(68.807874 0.11645373 0)
(68.807678 0.11544241 0)
(68.807452 0.11444759 0)
(68.807204 0.1134653 0)
(68.806941 0.11250093 0)
(68.806668 0.11154989 0)
(68.806387 0.11061798 0)
(68.806098 0.10970022 0)
(68.805805 0.10879826 0)
(68.805513 0.10790777 0)
(68.80523 0.1070321 0)
(68.804958 0.1061712 0)
(68.804699 0.10532423 0)
(68.804455 0.10449172 0)
(68.804225 0.10366504 0)
(68.804019 0.10285941 0)
(68.803844 0.10205261 0)
(68.803693 0.10125366 0)
(68.80357 0.10046874 0)
(68.80348 0.099673884 0)
(68.803362 0.098855541 0)
(68.80307 0.09802764 0)
(68.801733 0.097197884 0)
(68.796726 0.096213139 0)
(68.778063 0.09494107 0)
(68.715955 0.092953201 0)
(68.551496 0.089462013 0)
(68.263127 0.083880162 0)
(67.897042 0.07617394 0)
(67.509783 0.067007093 0)
(67.125626 0.057220458 0)
(66.764746 0.046904394 0)
(66.446688 0.035375286 0)
(66.202022 0.02252718 0)
(66.050051 0.010354918 0)
(65.981613 0.0018206539 0)
(65.966289 -0.0017786448 0)
(65.971016 -0.0017622026 0)
(65.976403 -0.0005773142 0)
(65.977905 0.00022699579 0)
(65.977648 0.00041354981 0)
(65.977498 0.00034432511 0)
(65.977658 0.00028726405 0)
(65.97782 0.00028412409 0)
(65.977866 0.00029481038 0)
(65.97786 0.00030166696 0)
(65.977828 0.0003015117 0)
(68.654175 0.1099724 0)
(68.658542 0.12047493 0)
(68.66511 0.12996635 0)
(68.67347 0.1375379 0)
(68.682588 0.14272503 0)
(68.691274 0.14580942 0)
(68.698792 0.14764742 0)
(68.705131 0.14912645 0)
(68.710784 0.15070668 0)
(68.71628 0.15237483 0)
(68.721869 0.15391208 0)
(68.727533 0.15515456 0)
(68.733161 0.15605662 0)
(68.738681 0.15662319 0)
(68.744057 0.15685755 0)
(68.749255 0.15676788 0)
(68.754229 0.15638423 0)
(68.758944 0.15575354 0)
(68.763386 0.15492184 0)
(68.767556 0.15392503 0)
(68.771455 0.15279312 0)
(68.775084 0.15155645 0)
(68.77845 0.15024585 0)
(68.781564 0.14888843 0)
(68.784445 0.14750169 0)
(68.787109 0.146095 0)
(68.789565 0.14467532 0)
(68.791821 0.14325253 0)
(68.793887 0.14183766 0)
(68.795775 0.14043705 0)
(68.797499 0.13905197 0)
(68.799065 0.13768149 0)
(68.80048 0.13632895 0)
(68.801749 0.13499864 0)
(68.802883 0.13369243 0)
(68.803888 0.13240767 0)
(68.804771 0.13114323 0)
(68.805535 0.12990108 0)
(68.806186 0.1286814 0)
(68.806732 0.1274813 0)
(68.807177 0.12629984 0)
(68.807528 0.12513827 0)
(68.807793 0.12399469 0)
(68.80798 0.12286675 0)
(68.808094 0.12175511 0)
(68.808143 0.12066229 0)
(68.808134 0.11958586 0)
(68.808072 0.1185271 0)
(68.807961 0.11748572 0)
(68.807806 0.11646132 0)
(68.807613 0.11545131 0)
(68.80739 0.11445713 0)
(68.807145 0.11347525 0)
(68.806885 0.11251071 0)
(68.806615 0.11155964 0)
(68.806335 0.11062739 0)
(68.806049 0.1097094 0)
(68.805757 0.10880689 0)
(68.805468 0.10791582 0)
(68.805187 0.10703934 0)
(68.804917 0.10617768 0)
(68.80466 0.10533004 0)
(68.804417 0.10449679 0)
(68.804189 0.10366957 0)
(68.803985 0.10286278 0)
(68.803815 0.10205538 0)
(68.803672 0.10125559 0)
(68.803568 0.10046947 0)
(68.803521 0.099674351 0)
(68.803527 0.09885646 0)
(68.803587 0.098029811 0)
(68.803678 0.09719504 0)
(68.80359 0.096224856 0)
(68.802266 0.095073971 0)
(68.795082 0.093748898 0)
(68.765796 0.091845388 0)
(68.675549 0.088284159 0)
(68.481312 0.082199644 0)
(68.17259 0.073571653 0)
(67.802046 0.063338286 0)
(67.435205 0.052150288 0)
(67.117283 0.03953814 0)
(66.877052 0.025375945 0)
(66.728496 0.011920033 0)
(66.660701 0.0024585391 0)
(66.643011 -0.0016043119 0)
(66.644341 -0.0017154181 0)
(66.647384 -0.00051860589 0)
(66.648106 0.00031152467 0)
(66.647915 0.00050519631 0)
(66.647957 0.00043466801 0)
(66.648196 0.00037720672 0)
(66.64836 0.00037513675 0)
(66.648398 0.00038665107 0)
(66.648389 0.0003937247 0)
(66.64836 0.00039350684 0)
(68.658517 0.10866734 0)
(68.662501 0.11837183 0)
(68.668392 0.12724066 0)
(68.675884 0.13452426 0)
(68.684149 0.13980404 0)
(68.692209 0.1432433 0)
(68.699405 0.14549094 0)
(68.70565 0.14727729 0)
(68.71129 0.14902825 0)
(68.716751 0.15078304 0)
(68.722261 0.15238414 0)
(68.727823 0.15369532 0)
(68.733352 0.15467308 0)
(68.73878 0.15532079 0)
(68.744073 0.15564285 0)
(68.749198 0.15564684 0)
(68.754114 0.15535907 0)
(68.758784 0.15482213 0)
(68.763194 0.15407962 0)
(68.767341 0.15316695 0)
(68.771225 0.15211401 0)
(68.774846 0.1509506 0)
(68.778209 0.14970679 0)
(68.781326 0.14840922 0)
(68.784211 0.14707605 0)
(68.786881 0.14571776 0)
(68.789344 0.14434217 0)
(68.791609 0.14295925 0)
(68.793684 0.1415799 0)
(68.795582 0.14021088 0)
(68.797314 0.13885415 0)
(68.798889 0.13750955 0)
(68.800313 0.1361803 0)
(68.801591 0.13487073 0)
(68.802732 0.13358291 0)
(68.803745 0.13231483 0)
(68.804635 0.13106549 0)
(68.805405 0.12983671 0)
(68.806063 0.12862886 0)
(68.806615 0.12743939 0)
(68.807066 0.12626733 0)
(68.807423 0.12511376 0)
(68.807693 0.12397706 0)
(68.807884 0.12285507 0)
(68.808003 0.12174844 0)
(68.808056 0.12065967 0)
(68.808051 0.1195867 0)
(68.807993 0.1185308 0)
(68.807885 0.11749176 0)
(68.807734 0.11646917 0)
(68.807544 0.11546054 0)
(68.807324 0.11446706 0)
(68.807082 0.11348561 0)
(68.806825 0.11252093 0)
(68.806557 0.11156983 0)
(68.80628 0.11063724 0)
(68.805996 0.109719 0)
(68.805707 0.10881593 0)
(68.80542 0.10792425 0)
(68.80514 0.10704692 0)
(68.804872 0.10618446 0)
(68.804617 0.10533613 0)
(68.804375 0.10450209 0)
(68.804149 0.10367429 0)
(68.803947 0.1028663 0)
(68.803779 0.10205825 0)
(68.803638 0.10125746 0)
(68.803537 0.10046992 0)
(68.803497 0.099673475 0)
(68.803519 0.098854361 0)
(68.803615 0.098025963 0)
(68.803852 0.097189299 0)
(68.804272 0.09621765 0)
(68.80481 0.095060375 0)
(68.805132 0.093760075 0)
(68.803334 0.092088231 0)
(68.792055 0.089422245 0)
(68.753801 0.085013523 0)
(68.64192 0.078412771 0)
(68.40444 0.069395472 0)
(68.079077 0.05790926 0)
(67.767048 0.044026696 0)
(67.526868 0.028342806 0)
(67.378253 0.013543806 0)
(67.309344 0.0031584822 0)
(67.288517 -0.0013655417 0)
(67.286366 -0.0016146916 0)
(67.287226 -0.00042259041 0)
(67.287242 0.0004214326 0)
(67.28706 0.00061745825 0)
(67.287221 0.00054538965 0)
(67.28751 0.00048828924 0)
(67.287677 0.00048772867 0)
(67.287711 0.00050014788 0)
(67.287702 0.00050741264 0)
(67.287675 0.00050713485 0)
(68.662754 0.10739255 0)
(68.666385 0.11637106 0)
(68.67167 0.12466394 0)
(68.678382 0.13165425 0)
(68.685866 0.13696964 0)
(68.693322 0.14068696 0)
(68.700172 0.1432857 0)
(68.706278 0.14535456 0)
(68.711868 0.14727602 0)
(68.717273 0.14912533 0)
(68.722694 0.15079678 0)
(68.72815 0.1521807 0)
(68.733574 0.15323715 0)
(68.738906 0.15396827 0)
(68.744112 0.15437955 0)
(68.749161 0.1544785 0)
(68.754014 0.15428821 0)
(68.758636 0.15384712 0)
(68.76301 0.15319628 0)
(68.76713 0.15237043 0)
(68.770996 0.15139921 0)
(68.774607 0.15031183 0)
(68.777966 0.14913759 0)
(68.781083 0.14790267 0)
(68.783972 0.14662576 0)
(68.786647 0.14531837 0)
(68.789117 0.14398917 0)
(68.791389 0.14264825 0)
(68.793473 0.14130641 0)
(68.79538 0.13997081 0)
(68.797122 0.13864412 0)
(68.798706 0.13732687 0)
(68.800138 0.13602229 0)
(68.801424 0.13473471 0)
(68.802574 0.13346642 0)
(68.803594 0.132216 0)
(68.804491 0.13098267 0)
(68.805269 0.12976809 0)
(68.805934 0.1285728 0)
(68.806492 0.12739461 0)
(68.806949 0.12623251 0)
(68.807311 0.12508745 0)
(68.807586 0.12395806 0)
(68.807782 0.12284238 0)
(68.807905 0.12174107 0)
(68.807963 0.12065662 0)
(68.807962 0.11958732 0)
(68.807908 0.11853447 0)
(68.807804 0.11749793 0)
(68.807656 0.11647726 0)
(68.80747 0.11547012 0)
(68.807253 0.1144774 0)
(68.807014 0.11349641 0)
(68.80676 0.1125316 0)
(68.806495 0.11158046 0)
(68.806221 0.11064754 0)
(68.805939 0.10972905 0)
(68.805652 0.1088254 0)
(68.805367 0.10793307 0)
(68.80509 0.10705486 0)
(68.804824 0.10619156 0)
(68.80457 0.1053425 0)
(68.804331 0.10450764 0)
(68.804106 0.10367923 0)
(68.803906 0.10286999 0)
(68.803738 0.10206123 0)
(68.803599 0.10125942 0)
(68.8035 0.1004704 0)
(68.803461 0.099672455 0)
(68.803486 0.09885166 0)
(68.803586 0.098020574 0)
(68.803835 0.097179889 0)
(68.804301 0.096204594 0)
(68.804973 0.095043149 0)
(68.805945 0.093732491 0)
(68.807319 0.092055367 0)
(68.808353 0.08942212 0)
(68.806496 0.085359571 0)
(68.792768 0.079974561 0)
(68.734108 0.072895506 0)
(68.578725 0.062680711 0)
(68.355125 0.048527397 0)
(68.150558 0.031567637 0)
(68.014871 0.015370836 0)
(67.947807 0.0039889022 0)
(67.923567 -0.001028246 0)
(67.917224 -0.0014354152 0)
(67.915551 -0.00027028356 0)
(67.914764 0.00057514819 0)
(67.914556 0.00076862458 0)
(67.914805 0.00069452027 0)
(67.915129 0.00063836723 0)
(67.915295 0.00063971914 0)
(67.915328 0.00065315231 0)
(67.915321 0.00066061054 0)
(67.915296 0.00066028921 0)
(68.666893 0.10614995 0)
(68.670198 0.11446752 0)
(68.67494 0.12222758 0)
(68.680955 0.12892289 0)
(68.687726 0.13422561 0)
(68.694604 0.13815135 0)
(68.701091 0.14104386 0)
(68.707019 0.14336719 0)
(68.712524 0.14545496 0)
(68.717853 0.14740405 0)
(68.723174 0.14915105 0)
(68.728517 0.15061101 0)
(68.733831 0.15174864 0)
(68.739063 0.1525652 0)
(68.744178 0.15306713 0)
(68.749146 0.15326217 0)
(68.753931 0.15317075 0)
(68.7585 0.15282744 0)
(68.762834 0.15227065 0)
(68.766925 0.1515342 0)
(68.77077 0.15064739 0)
(68.774368 0.14963879 0)
(68.777721 0.14853691 0)
(68.780837 0.14736747 0)
(68.783728 0.14614957 0)
(68.786407 0.14489567 0)
(68.788883 0.14361524 0)
(68.791163 0.14231853 0)
(68.793255 0.14101628 0)
(68.795171 0.13971603 0)
(68.796921 0.13842113 0)
(68.798514 0.13713281 0)
(68.799955 0.13585433 0)
(68.80125 0.13459005 0)
(68.802408 0.13334248 0)
(68.803436 0.13211081 0)
(68.804341 0.13089443 0)
(68.805126 0.12969493 0)
(68.805797 0.12851298 0)
(68.806361 0.12734674 0)
(68.806824 0.12619522 0)
(68.807192 0.1250592 0)
(68.807473 0.12393759 0)
(68.807674 0.12282862 0)
(68.807802 0.12173293 0)
(68.807864 0.12065308 0)
(68.807868 0.1195877 0)
(68.807818 0.1185381 0)
(68.807718 0.11750421 0)
(68.807574 0.1164856 0)
(68.807391 0.11548003 0)
(68.807178 0.11448815 0)
(68.806942 0.11350764 0)
(68.80669 0.11254273 0)
(68.806428 0.11159156 0)
(68.806157 0.1106583 0)
(68.805877 0.10973954 0)
(68.805593 0.1088353 0)
(68.805311 0.10794229 0)
(68.805035 0.10706316 0)
(68.804772 0.10619899 0)
(68.80452 0.10534916 0)
(68.804282 0.10451345 0)
(68.804059 0.10368439 0)
(68.803861 0.10287385 0)
(68.803695 0.10206434 0)
(68.803557 0.10126145 0)
(68.803458 0.10047089 0)
(68.80342 0.099671358 0)
(68.803447 0.098848789 0)
(68.803547 0.098014862 0)
(68.803797 0.097169196 0)
(68.804264 0.096189306 0)
(68.804939 0.095022804 0)
(68.805929 0.093702881 0)
(68.807526 0.092013922 0)
(68.809781 0.089366588 0)
(68.81218 0.085307639 0)
(68.813708 0.080045497 0)
(68.809338 0.073612395 0)
(68.781512 0.064611162 0)
(68.711171 0.051213878 0)
(68.619294 0.034009044 0)
(68.542813 0.016996984 0)
(68.496905 0.0048690549 0)
(68.475043 -0.00057158827 0)
(68.465759 -0.0011464712 0)
(68.461937 -3.1333159e-05 0)
(68.460563 0.00079318692 0)
(68.460397 0.00097762841 0)
(68.460683 0.00090122194 0)
(68.460973 0.000846532 0)
(68.46111 0.00084989878 0)
(68.461139 0.00086425062 0)
(68.461137 0.0008717954 0)
(68.461116 0.00087136926 0)
(68.67094 0.10494125 0)
(68.673946 0.11265649 0)
(68.678203 0.11992319 0)
(68.683594 0.12632471 0)
(68.689717 0.13157447 0)
(68.696047 0.13564641 0)
(68.70216 0.13877765 0)
(68.707878 0.14132498 0)
(68.713264 0.1435711 0)
(68.718495 0.14562246 0)
(68.723706 0.1474487 0)
(68.72893 0.14898714 0)
(68.734128 0.15020783 0)
(68.739253 0.15111149 0)
(68.744272 0.15170527 0)
(68.749155 0.15199735 0)
(68.753868 0.15200598 0)
(68.75838 0.15176216 0)
(68.76267 0.15130161 0)
(68.766728 0.15065703 0)
(68.770549 0.14985724 0)
(68.774131 0.14893013 0)
(68.777476 0.14790342 0)
(68.780589 0.14680232 0)
(68.78348 0.14564623 0)
(68.786162 0.14444847 0)
(68.788643 0.14321925 0)
(68.79093 0.14196904 0)
(68.79303 0.14070855 0)
(68.794955 0.13944567 0)
(68.796713 0.13818441 0)
(68.798314 0.13692665 0)
(68.799764 0.13567579 0)
(68.801068 0.1344362 0)
(68.802234 0.13321064 0)
(68.80327 0.13199882 0)
(68.804182 0.13080041 0)
(68.804974 0.12961692 0)
(68.805653 0.12844914 0)
(68.806224 0.12729557 0)
(68.806693 0.12615526 0)
(68.807067 0.12502886 0)
(68.807353 0.12391551 0)
(68.807559 0.12281366 0)
(68.807692 0.12172397 0)
(68.807759 0.120649 0)
(68.807767 0.11958778 0)
(68.807721 0.11854164 0)
(68.807626 0.11751059 0)
(68.807485 0.11649417 0)
(68.807306 0.11549028 0)
(68.807097 0.11449931 0)
(68.806864 0.11351932 0)
(68.806616 0.11255434 0)
(68.806357 0.11160313 0)
(68.806088 0.11066954 0)
(68.805811 0.1097505 0)
(68.80553 0.10884565 0)
(68.80525 0.10795193 0)
(68.804977 0.10707184 0)
(68.804715 0.10620675 0)
(68.804466 0.10535613 0)
(68.80423 0.10451953 0)
(68.804009 0.10368977 0)
(68.803812 0.10287789 0)
(68.803647 0.10206757 0)
(68.803511 0.10126357 0)
(68.803414 0.10047137 0)
(68.803376 0.099670181 0)
(68.803403 0.098845751 0)
(68.803504 0.098008842 0)
(68.803753 0.09715793 0)
(68.804218 0.096173249 0)
(68.804891 0.095000993 0)
(68.805871 0.093670288 0)
(68.807458 0.09196716 0)
(68.809776 0.089311445 0)
(68.812451 0.085250482 0)
(68.815138 0.079984477 0)
(68.817668 0.073587805 0)
(68.817737 0.064786305 0)
(68.80974 0.051758926 0)
(68.791945 0.034771249 0)
(68.770096 0.017699102 0)
(68.750665 0.0053867693 0)
(68.7368 -0.00021806258 0)
(68.72872 -0.00090041557 0)
(68.72508 0.00015629427 0)
(68.724019 0.00094956884 0)
(68.724015 0.0011232634 0)
(68.724241 0.0010458047 0)
(68.724417 0.00099289731 0)
(68.7245 0.00099792482 0)
(68.724525 0.0010129942 0)
(68.724529 0.0010206549 0)
(68.724512 0.0010202746 0)
(68.6749 0.10376676 0)
(68.677634 0.11093269 0)
(68.681456 0.11774243 0)
(68.686292 0.1238536 0)
(68.691825 0.12901739 0)
(68.697638 0.13318082 0)
(68.703375 0.13649889 0)
(68.708856 0.13923823 0)
(68.714094 0.14163131 0)
(68.719206 0.14378461 0)
(68.724296 0.14569214 0)
(68.729392 0.14731049 0)
(68.734468 0.14861543 0)
(68.739481 0.14960737 0)
(68.744399 0.15029392 0)
(68.749192 0.15068374 0)
(68.753829 0.15079336 0)
(68.758278 0.15065049 0)
(68.76252 0.15028816 0)
(68.76654 0.14973778 0)
(68.770334 0.14902752 0)
(68.773898 0.14818457 0)
(68.777231 0.14723581 0)
(68.780339 0.1462059 0)
(68.783229 0.14511446 0)
(68.785913 0.14397554 0)
(68.788398 0.14280006 0)
(68.79069 0.14159873 0)
(68.792798 0.14038225 0)
(68.79473 0.13915884 0)
(68.796497 0.13793314 0)
(68.798107 0.13670768 0)
(68.799565 0.13548603 0)
(68.800877 0.1342726 0)
(68.802052 0.13307038 0)
(68.803096 0.13187961 0)
(68.804016 0.13070024 0)
(68.804815 0.12953373 0)
(68.8055 0.12838099 0)
(68.806078 0.12724087 0)
(68.806554 0.12611244 0)
(68.806934 0.12499627 0)
(68.807226 0.12389169 0)
(68.807437 0.12279741 0)
(68.807576 0.1217141 0)
(68.807647 0.1206443 0)
(68.80766 0.11958753 0)
(68.807618 0.11854506 0)
(68.807527 0.11751703 0)
(68.807391 0.11650297 0)
(68.807216 0.11550086 0)
(68.80701 0.11451088 0)
(68.806781 0.11353146 0)
(68.806536 0.11256642 0)
(68.80628 0.11161518 0)
(68.806014 0.11068127 0)
(68.80574 0.10976194 0)
(68.805461 0.10885646 0)
(68.805184 0.107962 0)
(68.804913 0.10708092 0)
(68.804654 0.10621487 0)
(68.804407 0.1053634 0)
(68.804173 0.10452588 0)
(68.803954 0.10369538 0)
(68.803758 0.10288211 0)
(68.803595 0.10207092 0)
(68.803461 0.10126576 0)
(68.803365 0.10047186 0)
(68.803328 0.099668923 0)
(68.803355 0.098842528 0)
(68.803457 0.098002477 0)
(68.803705 0.097146115 0)
(68.804167 0.096156418 0)
(68.804836 0.094978027 0)
(68.805811 0.093635825 0)
(68.807382 0.091917343 0)
(68.809679 0.089251563 0)
(68.812332 0.085189935 0)
(68.81498 0.079922193 0)
(68.817979 0.073516425 0)
(68.821484 0.064716273 0)
(68.823695 0.051729414 0)
(68.821491 0.034845772 0)
(68.813536 0.017868573 0)
(68.802069 0.0055886936 0)
(68.791255 -5.074152e-05 0)
(68.78402 -0.00079435442 0)
(68.780648 0.00021013641 0)
(68.779735 0.00098073171 0)
(68.779771 0.0011473332 0)
(68.779963 0.0010701078 0)
(68.780095 0.001018834 0)
(68.780161 0.0010250324 0)
(68.780185 0.0010406275 0)
(68.780191 0.0010484261 0)
(68.780174 0.00104817 0)
(68.67878 0.1026268 0)
(68.681265 0.10929122 0)
(68.6847 0.11567726 0)
(68.689039 0.12150326 0)
(68.69404 0.12655456 0)
(68.699368 0.13076205 0)
(68.70473 0.13421889 0)
(68.709955 0.1371176 0)
(68.71502 0.1396433 0)
(68.719992 0.14189543 0)
(68.724947 0.14388451 0)
(68.729909 0.14558312 0)
(68.734856 0.14697265 0)
(68.73975 0.14805348 0)
(68.744561 0.14883336 0)
(68.749259 0.14932134 0)
(68.753815 0.14953258 0)
(68.758198 0.14949184 0)
(68.762385 0.14922949 0)
(68.766365 0.14877544 0)
(68.770127 0.1481571 0)
(68.773669 0.14740086 0)
(68.776989 0.14653277 0)
(68.780088 0.14557691 0)
(68.782976 0.14455298 0)
(68.78566 0.14347565 0)
(68.788147 0.1423565 0)
(68.790444 0.14120649 0)
(68.792559 0.14003636 0)
(68.794499 0.1388546 0)
(68.796274 0.13766648 0)
(68.797891 0.13647514 0)
(68.799358 0.13528437 0)
(68.800679 0.13409864 0)
(68.801861 0.13292117 0)
(68.802914 0.13175272 0)
(68.803841 0.13059352 0)
(68.804648 0.12944501 0)
(68.80534 0.12830825 0)
(68.805924 0.12718237 0)
(68.806406 0.12606656 0)
(68.806792 0.12496126 0)
(68.80709 0.123866 0)
(68.807308 0.12277976 0)
(68.807451 0.12170322 0)
(68.807528 0.12063894 0)
(68.807546 0.11958689 0)
(68.807509 0.11854832 0)
(68.807422 0.11752352 0)
(68.807289 0.11651199 0)
(68.807118 0.11551177 0)
(68.806916 0.11452287 0)
(68.806691 0.11354405 0)
(68.80645 0.112579 0)
(68.806197 0.11162772 0)
(68.805934 0.1106935 0)
(68.805663 0.10977387 0)
(68.805388 0.10886775 0)
(68.805113 0.10797251 0)
(68.804845 0.1070904 0)
(68.804588 0.10622334 0)
(68.804343 0.105371 0)
(68.804111 0.10453251 0)
(68.803894 0.10370123 0)
(68.803701 0.10288651 0)
(68.803539 0.10207441 0)
(68.803406 0.10126802 0)
(68.803312 0.10047235 0)
(68.803275 0.099667576 0)
(68.803304 0.098839107 0)
(68.803406 0.097995755 0)
(68.803653 0.097133717 0)
(68.804112 0.096138735 0)
(68.804777 0.094953883 0)
(68.805746 0.09359972 0)
(68.807303 0.091865236 0)
(68.809575 0.089188556 0)
(68.812199 0.08512618 0)
(68.814803 0.079856635 0)
(68.817769 0.073439788 0)
(68.82154 0.064640153 0)
(68.824891 0.051694976 0)
(68.824806 0.03490157 0)
(68.819166 0.018011482 0)
(68.809364 0.0057631314 0)
(68.799359 9.1797326e-05 0)
(68.792383 -0.0007115094 0)
(68.789059 0.00024340221 0)
(68.78814 0.00098809326 0)
(68.788164 0.0011471754 0)
(68.788345 0.0010701841 0)
(68.78847 0.0010205147 0)
(68.788532 0.0010277712 0)
(68.788556 0.0010437916 0)
(68.788563 0.0010516325 0)
(68.788547 0.0010514199 0)
(68.682586 0.10152201 0)
(68.684843 0.10772763 0)
(68.687934 0.11372 0)
(68.691831 0.11926744 0)
(68.696349 0.12418533 0)
(68.701226 0.12839639 0)
(68.706219 0.13194824 0)
(68.711174 0.13497386 0)
(68.716043 0.13761544 0)
(68.720857 0.13996062 0)
(68.725665 0.14202968 0)
(68.730484 0.14380768 0)
(68.735295 0.14528126 0)
(68.740065 0.1464509 0)
(68.744763 0.14732418 0)
(68.749361 0.1479104 0)
(68.75383 0.14822357 0)
(68.758141 0.14828584 0)
(68.76227 0.14812493 0)
(68.766204 0.14776912 0)
(68.769931 0.14724491 0)
(68.773448 0.14657786 0)
(68.77675 0.14579309 0)
(68.779839 0.14491409 0)
(68.782721 0.14396052 0)
(68.785404 0.14294758 0)
(68.787892 0.14188742 0)
(68.790193 0.14079124 0)
(68.792313 0.13966985 0)
(68.79426 0.13853202 0)
(68.796042 0.13738356 0)
(68.797668 0.13622825 0)
(68.799142 0.13507011 0)
(68.800471 0.13391369 0)
(68.801662 0.13276245 0)
(68.802722 0.13161764 0)
(68.803657 0.1304798 0)
(68.804471 0.1293504 0)
(68.805171 0.1282306 0)
(68.805762 0.12711983 0)
(68.806251 0.12601739 0)
(68.806643 0.12492364 0)
(68.806947 0.1238383 0)
(68.80717 0.12276057 0)
(68.807319 0.12169124 0)
(68.807401 0.12063284 0)
(68.807424 0.11958581 0)
(68.807391 0.11855139 0)
(68.807309 0.11753003 0)
(68.807181 0.1165212 0)
(68.807014 0.11552299 0)
(68.806816 0.11453527 0)
(68.806595 0.1135571 0)
(68.806357 0.11259208 0)
(68.806108 0.11164075 0)
(68.805849 0.11070625 0)
(68.805581 0.1097863 0)
(68.805308 0.10887954 0)
(68.805036 0.10798346 0)
(68.804771 0.10710028 0)
(68.804517 0.10623217 0)
(68.804274 0.10537892 0)
(68.804044 0.10453944 0)
(68.80383 0.10370731 0)
(68.803638 0.10289112 0)
(68.803478 0.10207803 0)
(68.803347 0.10127037 0)
(68.803254 0.10047283 0)
(68.803218 0.099666132 0)
(68.803247 0.098835477 0)
(68.80335 0.097988659 0)
(68.803596 0.097120709 0)
(68.804051 0.096120164 0)
(68.804713 0.094928521 0)
(68.805676 0.093561894 0)
(68.807217 0.091810779 0)
(68.809462 0.089122755 0)
(68.812057 0.085059599 0)
(68.814635 0.079787888 0)
(68.817562 0.073358757 0)
(68.821293 0.064557436 0)
(68.824692 0.051655561 0)
(68.824846 0.034953214 0)
(68.819606 0.018153071 0)
(68.810206 0.0059389941 0)
(68.80047 0.00023722834 0)
(68.793614 -0.00062739587 0)
(68.79032 0.00027574902 0)
(68.789395 0.000993268 0)
(68.789409 0.0011443669 0)
(68.789583 0.0010674925 0)
(68.789705 0.0010195199 0)
(68.789767 0.0010279218 0)
(68.789791 0.0010444195 0)
(68.789798 0.0010523304 0)
(68.789782 0.0010522007 0)
(68.686321 0.10045195 0)
(68.688374 0.106237 0)
(68.691156 0.1118632 0)
(68.694659 0.11713971 0)
(68.698741 0.1219082 0)
(68.703199 0.12608878 0)
(68.707834 0.1296965 0)
(68.71251 0.13281755 0)
(68.717166 0.13555656 0)
(68.721806 0.1379866 0)
(68.726455 0.1401322 0)
(68.731121 0.14198749 0)
(68.73579 0.14354359 0)
(68.740429 0.14480118 0)
(68.745009 0.14576742 0)
(68.749501 0.14645154 0)
(68.753878 0.14686659 0)
(68.758111 0.14703236 0)
(68.762177 0.14697404 0)
(68.76606 0.14671814 0)
(68.769748 0.14629008 0)
(68.773235 0.1457145 0)
(68.776516 0.14501562 0)
(68.779592 0.14421622 0)
(68.782467 0.14333587 0)
(68.785145 0.14239012 0)
(68.787634 0.14139162 0)
(68.789937 0.14035185 0)
(68.792061 0.13928167 0)
(68.794014 0.1381901 0)
(68.795803 0.13708349 0)
(68.797436 0.13596619 0)
(68.798918 0.13484251 0)
(68.800255 0.13371709 0)
(68.801454 0.13259365 0)
(68.802522 0.13147388 0)
(68.803464 0.13035865 0)
(68.804286 0.12924951 0)
(68.804992 0.1281477 0)
(68.80559 0.12705296 0)
(68.806086 0.12596469 0)
(68.806485 0.12488322 0)
(68.806795 0.12380841 0)
(68.807024 0.12273972 0)
(68.807178 0.12167805 0)
(68.807266 0.12062592 0)
(68.807293 0.11958422 0)
(68.807266 0.11855421 0)
(68.807188 0.11753652 0)
(68.807065 0.1165306 0)
(68.806903 0.11553453 0)
(68.806709 0.11454808 0)
(68.806491 0.11357061 0)
(68.806257 0.11260565 0)
(68.806012 0.1116543 0)
(68.805756 0.11071951 0)
(68.805492 0.10979924 0)
(68.805222 0.10889182 0)
(68.804953 0.10799488 0)
(68.804691 0.10711059 0)
(68.80444 0.10624139 0)
(68.804199 0.10538718 0)
(68.803972 0.10454666 0)
(68.80376 0.10371365 0)
(68.80357 0.10289592 0)
(68.803412 0.10208178 0)
(68.803282 0.10127279 0)
(68.803191 0.10047331 0)
(68.803156 0.099664586 0)
(68.803185 0.098831625 0)
(68.803289 0.097981171 0)
(68.803534 0.097107069 0)
(68.803985 0.096100672 0)
(68.804643 0.094901893 0)
(68.8056 0.093522272 0)
(68.807125 0.091753889 0)
(68.809341 0.089054072 0)
(68.811906 0.084990002 0)
(68.814459 0.079715971 0)
(68.817352 0.0732741 0)
(68.821022 0.064470256 0)
(68.824358 0.051612284 0)
(68.824509 0.035003251 0)
(68.819365 0.018297203 0)
(68.810126 0.0061196698 0)
(68.800537 0.00038733404 0)
(68.793768 -0.00054066474 0)
(68.790505 0.00030887426 0)
(68.789582 0.00099807115 0)
(68.789588 0.0011407502 0)
(68.789757 0.0010639697 0)
(68.789875 0.0010177558 0)
(68.789937 0.0010273442 0)
(68.789961 0.0010443437 0)
(68.789969 0.0010523348 0)
(68.789953 0.0010523057 0)
(68.689992 0.09941586 0)
(68.691858 0.10481479 0)
(68.694366 0.11009992 0)
(68.697517 0.11511389 0)
(68.701207 0.11972122 0)
(68.705277 0.12384318 0)
(68.709568 0.1274723 0)
(68.713961 0.13065892 0)
(68.718391 0.13347582 0)
(68.722842 0.13598046 0)
(68.72732 0.13819737 0)
(68.731826 0.14012653 0)
(68.736345 0.14176264 0)
(68.740846 0.14310648 0)
(68.745301 0.14416456 0)
(68.749682 0.14494578 0)
(68.753961 0.14546223 0)
(68.758111 0.14573162 0)
(68.762109 0.14577666 0)
(68.765936 0.14562201 0)
(68.76958 0.14529189 0)
(68.773034 0.14480991 0)
(68.776291 0.14419933 0)
(68.77935 0.14348219 0)
(68.782214 0.14267783 0)
(68.784886 0.14180207 0)
(68.787372 0.14086796 0)
(68.789676 0.13988721 0)
(68.791804 0.13887076 0)
(68.793761 0.13782787 0)
(68.795556 0.13676535 0)
(68.797195 0.13568814 0)
(68.798685 0.13460081 0)
(68.800029 0.13350817 0)
(68.801236 0.13241416 0)
(68.802312 0.1313209 0)
(68.803261 0.13022962 0)
(68.804091 0.12914193 0)
(68.804805 0.12805922 0)
(68.805409 0.12698146 0)
(68.805911 0.12590823 0)
(68.806317 0.12483979 0)
(68.806633 0.12377616 0)
(68.806868 0.12271708 0)
(68.807028 0.12166353 0)
(68.807122 0.12061809 0)
(68.807154 0.11958205 0)
(68.807132 0.11855675 0)
(68.807059 0.11754296 0)
(68.806941 0.11654014 0)
(68.806783 0.11554636 0)
(68.806593 0.1145613 0)
(68.80638 0.11358458 0)
(68.80615 0.11261973 0)
(68.805908 0.11166836 0)
(68.805656 0.1107333 0)
(68.805395 0.10981271 0)
(68.805129 0.10890461 0)
(68.804864 0.10800677 0)
(68.804605 0.10712133 0)
(68.804356 0.10625098 0)
(68.804118 0.10539578 0)
(68.803893 0.10455418 0)
(68.803684 0.10372023 0)
(68.803496 0.10290092 0)
(68.80334 0.10208566 0)
(68.803212 0.10127529 0)
(68.803122 0.10047378 0)
(68.803088 0.099662928 0)
(68.803118 0.09882754 0)
(68.803223 0.097973271 0)
(68.803467 0.097092774 0)
(68.803914 0.096080222 0)
(68.804567 0.094873946 0)
(68.805516 0.093480797 0)
(68.807025 0.091694502 0)
(68.809211 0.088982421 0)
(68.811744 0.084917273 0)
(68.814271 0.079640804 0)
(68.817128 0.073185944 0)
(68.820736 0.064379905 0)
(68.823996 0.051567773 0)
(68.824116 0.035055706 0)
(68.81903 0.018447249 0)
(68.809915 0.0063076102 0)
(68.800455 0.00054354961 0)
(68.79377 -0.00045033416 0)
(68.79054 0.00034342077 0)
(68.78962 0.0010030594 0)
(68.789619 0.0011369194 0)
(68.789782 0.0010602054 0)
(68.789897 0.0010157967 0)
(68.789958 0.001026608 0)
(68.789983 0.0010441294 0)
(68.789991 0.0010522045 0)
(68.789976 0.0010522883 0)
(68.693603 0.098412829 0)
(68.6953 0.10345662 0)
(68.697563 0.10842364 0)
(68.700401 0.11318399 0)
(68.703738 0.11762197 0)
(68.707449 0.12166246 0)
(68.711411 0.12528314 0)
(68.715522 0.12850761 0)
(68.719717 0.13138244 0)
(68.723966 0.13394974 0)
(68.728264 0.13623104 0)
(68.732602 0.13822939 0)
(68.736963 0.13994194 0)
(68.741321 0.14136946 0)
(68.745645 0.14251756 0)
(68.749909 0.14339451 0)
(68.754084 0.14401144 0)
(68.758146 0.1443841 0)
(68.762069 0.14453289 0)
(68.765835 0.1444805 0)
(68.76943 0.14424981 0)
(68.772846 0.14386333 0)
(68.776074 0.14334329 0)
(68.779114 0.14271095 0)
(68.781964 0.14198531 0)
(68.784628 0.14118229 0)
(68.787109 0.14031528 0)
(68.789412 0.1393962 0)
(68.791541 0.13843604 0)
(68.793502 0.1374443 0)
(68.795302 0.13642821 0)
(68.796947 0.13539321 0)
(68.798443 0.13434424 0)
(68.799795 0.13328622 0)
(68.801009 0.13222334 0)
(68.802092 0.13115814 0)
(68.803049 0.1300922 0)
(68.803885 0.12902726 0)
(68.804606 0.12796478 0)
(68.805218 0.12690504 0)
(68.805727 0.12584773 0)
(68.806139 0.12479312 0)
(68.806462 0.12374139 0)
(68.806702 0.12269249 0)
(68.806869 0.12164757 0)
(68.806968 0.12060926 0)
(68.807006 0.11957925 0)
(68.806989 0.11855895 0)
(68.806921 0.11754932 0)
(68.806807 0.11654981 0)
(68.806654 0.11555846 0)
(68.806469 0.1145749 0)
(68.80626 0.11359901 0)
(68.806035 0.11263431 0)
(68.805797 0.11168293 0)
(68.805549 0.11074763 0)
(68.805292 0.1098267 0)
(68.805029 0.10891792 0)
(68.804767 0.10801914 0)
(68.804511 0.10713251 0)
(68.804265 0.10626097 0)
(68.80403 0.10540473 0)
(68.803808 0.10456201 0)
(68.803601 0.10372706 0)
(68.803416 0.10290612 0)
(68.803262 0.10208967 0)
(68.803136 0.10127787 0)
(68.803047 0.10047424 0)
(68.803014 0.099661152 0)
(68.803045 0.098823209 0)
(68.80315 0.09796494 0)
(68.803392 0.0970778 0)
(68.803835 0.09605878 0)
(68.804484 0.094844632 0)
(68.805426 0.093437413 0)
(68.806916 0.091632559 0)
(68.809072 0.088907733 0)
(68.811571 0.084841329 0)
(68.81407 0.079562306 0)
(68.816891 0.073094224 0)
(68.820433 0.0642864 0)
(68.823614 0.051522221 0)
(68.8237 0.03511095 0)
(68.818668 0.018603691 0)
(68.809678 0.0065033863 0)
(68.800348 0.00070629618 0)
(68.79375 -0.00035610934 0)
(68.790554 0.00037955568 0)
(68.789638 0.0010083691 0)
(68.789631 0.0011329937 0)
(68.789787 0.0010563141 0)
(68.7899 0.0010137591 0)
(68.78996 0.0010258307 0)
(68.789985 0.0010438947 0)
(68.789993 0.0010520591 0)
(68.789978 0.0010522701 0)
(68.697157 0.097441809 0)
(68.698702 0.10215828 0)
(68.700746 0.10682824 0)
(68.703306 0.11134427 0)
(68.706323 0.11560774 0)
(68.709705 0.11954863 0)
(68.713355 0.12313548 0)
(68.717188 0.12637256 0)
(68.721142 0.12928553 0)
(68.725182 0.13190236 0)
(68.72929 0.13423967 0)
(68.733452 0.13630128 0)
(68.73765 0.13808567 0)
(68.741857 0.13959337 0)
(68.746044 0.14082891 0)
(68.750185 0.14179964 0)
(68.754251 0.14251557 0)
(68.758218 0.14299069 0)
(68.76206 0.14324314 0)
(68.76576 0.14329363 0)
(68.769302 0.14316354 0)
(68.772674 0.1428742 0)
(68.77587 0.14244675 0)
(68.778885 0.14190159 0)
(68.781718 0.14125727 0)
(68.784371 0.14052972 0)
(68.786846 0.13973252 0)
(68.789145 0.13887775 0)
(68.791274 0.1379765 0)
(68.793238 0.13703841 0)
(68.795042 0.13607113 0)
(68.796692 0.13508058 0)
(68.798193 0.134072 0)
(68.799552 0.13305053 0)
(68.800773 0.13202057 0)
(68.801862 0.13098505 0)
(68.802826 0.12994591 0)
(68.80367 0.12890504 0)
(68.804398 0.12786402 0)
(68.805017 0.12682335 0)
(68.805532 0.12578292 0)
(68.805951 0.124743 0)
(68.806279 0.12370388 0)
(68.806526 0.1226658 0)
(68.806699 0.12163004 0)
(68.806803 0.12059932 0)
(68.806847 0.11957571 0)
(68.806835 0.11856076 0)
(68.806773 0.11755554 0)
(68.806664 0.11655956 0)
(68.806516 0.11557082 0)
(68.806336 0.11458889 0)
(68.806132 0.11361389 0)
(68.805911 0.1126494 0)
(68.805677 0.11169802 0)
(68.805433 0.1107625 0)
(68.805179 0.10984124 0)
(68.80492 0.10893175 0)
(68.804662 0.108032 0)
(68.804409 0.10714413 0)
(68.804167 0.10627136 0)
(68.803935 0.10541403 0)
(68.803716 0.10457016 0)
(68.803511 0.10373414 0)
(68.803329 0.10291154 0)
(68.803176 0.10209381 0)
(68.803052 0.10128051 0)
(68.802965 0.10047468 0)
(68.802933 0.099659249 0)
(68.802965 0.098818618 0)
(68.80307 0.097956159 0)
(68.803311 0.097062126 0)
(68.80375 0.096036309 0)
(68.804393 0.094813902 0)
(68.805327 0.093392065 0)
(68.806799 0.091568002 0)
(68.808922 0.088829939 0)
(68.811386 0.084762088 0)
(68.813855 0.079480391 0)
(68.816637 0.072998876 0)
(68.82011 0.064189708 0)
(68.82321 0.051475658 0)
(68.82326 0.035169083 0)
(68.818287 0.018766704 0)
(68.809426 0.0067071802 0)
(68.800234 0.00087573654 0)
(68.793726 -0.00025788372 0)
(68.790568 0.00041733387 0)
(68.789655 0.0010140311 0)
(68.789641 0.0011289911 0)
(68.789791 0.0010523101 0)
(68.7899 0.0010116543 0)
(68.78996 0.0010250221 0)
(68.789985 0.00104365 0)
(68.789994 0.0010519098 0)
(68.789979 0.0010522627 0)
(68.700658 0.096501671 0)
(68.702066 0.10091586 0)
(68.703915 0.10530808 0)
(68.706225 0.10958933 0)
(68.708955 0.11367566 0)
(68.712035 0.11750294 0)
(68.715391 0.12103476 0)
(68.718952 0.12426191 0)
(68.722664 0.12719396 0)
(68.726488 0.12984644 0)
(68.730399 0.13223015 0)
(68.734379 0.13434795 0)
(68.738407 0.13619861 0)
(68.742458 0.13778209 0)
(68.746502 0.13910167 0)
(68.750513 0.14016353 0)
(68.754465 0.14097645 0)
(68.758331 0.14155269 0)
(68.762087 0.14190823 0)
(68.765715 0.14206178 0)
(68.769197 0.14203309 0)
(68.772522 0.14184222 0)
(68.775681 0.14150915 0)
(68.778668 0.14105336 0)
(68.78148 0.14049282 0)
(68.784118 0.13984335 0)
(68.786583 0.13911862 0)
(68.788877 0.13833082 0)
(68.791004 0.13749109 0)
(68.792968 0.13660922 0)
(68.794775 0.13569319 0)
(68.796428 0.13474936 0)
(68.797935 0.13378331 0)
(68.799299 0.13280037 0)
(68.800526 0.13180517 0)
(68.801623 0.13080103 0)
(68.802593 0.12979022 0)
(68.803443 0.12877482 0)
(68.804178 0.12775653 0)
(68.804804 0.12673607 0)
(68.805326 0.12571351 0)
(68.805751 0.12468916 0)
(68.806086 0.12366345 0)
(68.806339 0.12263683 0)
(68.806517 0.12161079 0)
(68.806628 0.12058816 0)
(68.806677 0.11957135 0)
(68.806671 0.1185621 0)
(68.806614 0.11756159 0)
(68.806511 0.11656934 0)
(68.806368 0.11558341 0)
(68.806193 0.11460324 0)
(68.805993 0.1136292 0)
(68.805777 0.11266498 0)
(68.805547 0.11171364 0)
(68.805307 0.11077791 0)
(68.805058 0.10985631 0)
(68.804803 0.10894612 0)
(68.804548 0.10804535 0)
(68.804299 0.10715621 0)
(68.80406 0.10628215 0)
(68.803832 0.10542369 0)
(68.803615 0.10457862 0)
(68.803414 0.10374149 0)
(68.803234 0.10291716 0)
(68.803083 0.10209808 0)
(68.802962 0.10128322 0)
(68.802876 0.1004751 0)
(68.802845 0.09965721 0)
(68.802877 0.098813752 0)
(68.802983 0.09794691 0)
(68.803223 0.097045728 0)
(68.803657 0.096012777 0)
(68.804294 0.094781712 0)
(68.805219 0.093344704 0)
(68.806671 0.091500781 0)
(68.808761 0.088748983 0)
(68.811187 0.084679475 0)
(68.813625 0.079394985 0)
(68.816366 0.072899866 0)
(68.819768 0.064089855 0)
(68.822784 0.051428164 0)
(68.822799 0.03523022 0)
(68.817885 0.018936425 0)
(68.809161 0.0069191241 0)
(68.800111 0.0010519834 0)
(68.793699 -0.00015558091 0)
(68.79058 0.00045679648 0)
(68.789673 0.0010200656 0)
(68.789651 0.0011249209 0)
(68.789794 0.0010481969 0)
(68.7899 0.0010094817 0)
(68.789959 0.0010241799 0)
(68.789985 0.0010433929 0)
(68.789994 0.001051755 0)
(68.789979 0.0010522652 0)
(68.70411 0.095590874 0)
(68.705394 0.099725643 0)
(68.707069 0.10385788 0)
(68.709155 0.10791402 0)
(68.711626 0.11182269 0)
(68.71443 0.11552592 0)
(68.71751 0.11898535 0)
(68.720809 0.12218286 0)
(68.72428 0.12511604 0)
(68.727884 0.12779005 0)
(68.731593 0.13020966 0)
(68.735386 0.13237559 0)
(68.739239 0.13428601 0)
(68.743127 0.13593998 0)
(68.747022 0.13733941 0)
(68.750899 0.13848907 0)
(68.754729 0.13939637 0)
(68.758489 0.14007182 0)
(68.762154 0.14052937 0)
(68.765703 0.14078567 0)
(68.769121 0.14085879 0)
(68.772393 0.14076736 0)
(68.775509 0.14053019 0)
(68.778463 0.1401657 0)
(68.78125 0.13969125 0)
(68.78387 0.13912235 0)
(68.786323 0.13847268 0)
(68.788609 0.13775447 0)
(68.790732 0.13697888 0)
(68.792694 0.13615578 0)
(68.794502 0.13529346 0)
(68.796158 0.13439869 0)
(68.797668 0.13347736 0)
(68.799037 0.13253501 0)
(68.80027 0.13157649 0)
(68.801372 0.13060548 0)
(68.802349 0.12962461 0)
(68.803206 0.12863614 0)
(68.803947 0.12764191 0)
(68.804579 0.12664285 0)
(68.805108 0.12563922 0)
(68.805539 0.12463138 0)
(68.805881 0.12361987 0)
(68.80614 0.12260542 0)
(68.806324 0.12158969 0)
(68.806441 0.12057566 0)
(68.806496 0.11956607 0)
(68.806495 0.11856292 0)
(68.806444 0.11756743 0)
(68.806346 0.11657912 0)
(68.806208 0.11559619 0)
(68.806038 0.11461794 0)
(68.805844 0.11364495 0)
(68.805632 0.11268105 0)
(68.805407 0.11172977 0)
(68.805172 0.11079385 0)
(68.804927 0.10987192 0)
(68.804676 0.10896102 0)
(68.804425 0.10805919 0)
(68.80418 0.10716873 0)
(68.803945 0.10629335 0)
(68.803719 0.1054337 0)
(68.803506 0.1045874 0)
(68.803307 0.10374909 0)
(68.80313 0.10292299 0)
(68.802982 0.10210248 0)
(68.802863 0.101286 0)
(68.802779 0.1004755 0)
(68.802749 0.099655025 0)
(68.802781 0.098808596 0)
(68.802888 0.097937173 0)
(68.803126 0.097028587 0)
(68.803555 0.095988151 0)
(68.804186 0.094748018 0)
(68.805102 0.093295281 0)
(68.806533 0.091430851 0)
(68.808587 0.088664813 0)
(68.810974 0.084593423 0)
(68.813379 0.079306022 0)
(68.816077 0.072797168 0)
(68.819404 0.063986881 0)
(68.822333 0.051379821 0)
(68.822312 0.035294468 0)
(68.817463 0.019112968 0)
(68.808881 0.0071393233 0)
(68.799983 0.0012351085 0)
(68.793672 -4.9144605e-05 0)
(68.790594 0.00049797999 0)
(68.789691 0.001026493 0)
(68.789662 0.0011207934 0)
(68.789798 0.0010439777 0)
(68.7899 0.0010072397 0)
(68.789958 0.0010233006 0)
(68.789985 0.0010431201 0)
(68.789994 0.0010515924 0)
(68.78998 0.0010522756 0)
(68.707515 0.094708203 0)
(68.708687 0.098584201 0)
(68.710205 0.1024729 0)
(68.712092 0.10631366 0)
(68.71433 0.11004584 0)
(68.716881 0.11361765 0)
(68.719703 0.11699082 0)
(68.722751 0.12014178 0)
(68.725985 0.12305962 0)
(68.729368 0.12574121 0)
(68.732872 0.12818563 0)
(68.736473 0.13039082 0)
(68.740146 0.13235368 0)
(68.743867 0.13407205 0)
(68.747609 0.13554633 0)
(68.751344 0.13677973 0)
(68.755048 0.13777812 0)
(68.758696 0.13855031 0)
(68.762262 0.1391082 0)
(68.765728 0.13946643 0)
(68.769075 0.13964128 0)
(68.772288 0.1396499 0)
(68.775357 0.13950978 0)
(68.778274 0.13923829 0)
(68.781032 0.13885198 0)
(68.78363 0.13836601 0)
(68.786067 0.13779388 0)
(68.788342 0.13714782 0)
(68.790458 0.13643893 0)
(68.792417 0.13567718 0)
(68.794223 0.13487108 0)
(68.795881 0.13402774 0)
(68.797394 0.13315337 0)
(68.798766 0.13225371 0)
(68.800004 0.13133385 0)
(68.801112 0.1303978 0)
(68.802094 0.12944854 0)
(68.802957 0.12848852 0)
(68.803704 0.12751974 0)
(68.804342 0.12654333 0)
(68.804877 0.12555972 0)
(68.805315 0.12456936 0)
(68.805663 0.12357293 0)
(68.805928 0.12257137 0)
(68.806119 0.12156658 0)
(68.806241 0.1205617 0)
(68.806302 0.11955978 0)
(68.806307 0.11856312 0)
(68.806261 0.11757296 0)
(68.806169 0.11658886 0)
(68.806037 0.11560914 0)
(68.805872 0.11463295 0)
(68.805683 0.1136611 0)
(68.805476 0.11269759 0)
(68.805256 0.1117464 0)
(68.805026 0.11081033 0)
(68.804785 0.10988807 0)
(68.804539 0.10897645 0)
(68.804292 0.10807353 0)
(68.804051 0.10718171 0)
(68.803819 0.10630496 0)
(68.803597 0.10544408 0)
(68.803387 0.1045965 0)
(68.803192 0.10375694 0)
(68.803018 0.10292904 0)
(68.802872 0.10210701 0)
(68.802755 0.10128883 0)
(68.802673 0.10047587 0)
(68.802644 0.099652686 0)
(68.802677 0.098803134 0)
(68.802784 0.09792693 0)
(68.80302 0.097010681 0)
(68.803443 0.095962402 0)
(68.804068 0.094712777 0)
(68.804974 0.093243756 0)
(68.806383 0.091358179 0)
(68.808399 0.08857739 0)
(68.810746 0.084503877 0)
(68.813116 0.079213451 0)
(68.815769 0.072690777 0)
(68.819019 0.063880851 0)
(68.821858 0.051330729 0)
(68.8218 0.035361933 0)
(68.817018 0.019296424 0)
(68.808587 0.007367851 0)
(68.799846 0.0014251785 0)
(68.79364 6.1478809e-05 0)
(68.790607 0.00054091733 0)
(68.78971 0.0010333345 0)
(68.789673 0.0011166207 0)
(68.789802 0.0010396576 0)
(68.7899 0.0010049283 0)
(68.789957 0.0010223814 0)
(68.789984 0.0010428289 0)
(68.789994 0.00105142 0)
(68.78998 0.0010522924 0)
(68.710876 0.093852569 0)
(68.711947 0.097488333 0)
(68.713325 0.10114882 0)
(68.715033 0.10478389 0)
(68.71706 0.10834217 0)
(68.71938 0.11177779 0)
(68.721962 0.11505392 0)
(68.724771 0.11814415 0)
(68.727774 0.12103186 0)
(68.730938 0.12370761 0)
(68.734236 0.12616553 0)
(68.737642 0.12840054 0)
(68.741132 0.13040781 0)
(68.744681 0.13218375 0)
(68.748264 0.13372712 0)
(68.751854 0.13503948 0)
(68.755426 0.13612505 0)
(68.758955 0.13699086 0)
(68.762418 0.13764686 0)
(68.765794 0.13810563 0)
(68.769064 0.13838165 0)
(68.772213 0.13849046 0)
(68.775229 0.13844819 0)
(68.778103 0.13827103 0)
(68.780828 0.13797469 0)
(68.7834 0.13757377 0)
(68.785817 0.13708155 0)
(68.788078 0.13651009 0)
(68.790184 0.13587045 0)
(68.792138 0.1351726 0)
(68.793941 0.13442523 0)
(68.795597 0.13363572 0)
(68.797111 0.13281059 0)
(68.798487 0.13195579 0)
(68.799728 0.13107662 0)
(68.80084 0.13017742 0)
(68.801827 0.12926148 0)
(68.802695 0.12833149 0)
(68.803449 0.1273896 0)
(68.804093 0.12643713 0)
(68.804634 0.12547471 0)
(68.805077 0.12450286 0)
(68.805431 0.1235224 0)
(68.805703 0.12253451 0)
(68.805899 0.12154132 0)
(68.806028 0.12054615 0)
(68.806095 0.11955237 0)
(68.806106 0.1185626 0)
(68.806066 0.11757811 0)
(68.805979 0.11659853 0)
(68.805853 0.11562221 0)
(68.805694 0.11464825 0)
(68.80551 0.11367764 0)
(68.805308 0.11271459 0)
(68.805093 0.11176353 0)
(68.804867 0.11082734 0)
(68.804632 0.10990475 0)
(68.80439 0.10899241 0)
(68.804147 0.10808837 0)
(68.80391 0.10719514 0)
(68.803683 0.10631697 0)
(68.803465 0.10545482 0)
(68.803258 0.10460592 0)
(68.803066 0.10376505 0)
(68.802895 0.10293528 0)
(68.802751 0.10211165 0)
(68.802637 0.10129171 0)
(68.802557 0.10047621 0)
(68.802529 0.099650181 0)
(68.802563 0.098797352 0)
(68.80267 0.097916165 0)
(68.802904 0.096991992 0)
(68.803322 0.095935501 0)
(68.803939 0.094675951 0)
(68.804834 0.093190097 0)
(68.80622 0.09128274 0)
(68.808198 0.088486688 0)
(68.810502 0.084410794 0)
(68.812834 0.07911723 0)
(68.815438 0.072580702 0)
(68.818609 0.063771839 0)
(68.821355 0.051281005 0)
(68.82126 0.035432713 0)
(68.81655 0.019486861 0)
(68.808276 0.0076047457 0)
(68.799701 0.0016222254 0)
(68.793607 0.00017631898 0)
(68.790621 0.00058563491 0)
(68.78973 0.0010406114 0)
(68.789685 0.0011124164 0)
(68.789806 0.0010352425 0)
(68.789901 0.0010025468 0)
(68.789957 0.0010214192 0)
(68.789984 0.0010425158 0)
(68.789995 0.0010512355 0)
(68.789981 0.0010523137 0)
(68.714195 0.093022648 0)
(68.715174 0.096435071 0)
(68.716426 0.099881617 0)
(68.717974 0.10332066 0)
(68.719811 0.10670874 0)
(68.72192 0.11000557 0)
(68.724278 0.11317663 0)
(68.726862 0.11619452 0)
(68.729642 0.11903911 0)
(68.732591 0.12169649 0)
(68.735683 0.12415669 0)
(68.738892 0.12641175 0)
(68.742197 0.1284549 0)
(68.745571 0.13028093 0)
(68.748991 0.13188697 0)
(68.752431 0.13327282 0)
(68.755865 0.13444099 0)
(68.759271 0.1353967 0)
(68.762624 0.13614796 0)
(68.765903 0.13670534 0)
(68.769091 0.13708142 0)
(68.77217 0.1372901 0)
(68.775128 0.13734605 0)
(68.777954 0.13726422 0)
(68.78064 0.13705935 0)
(68.783182 0.13674539 0)
(68.785575 0.13633523 0)
(68.787819 0.13584072 0)
(68.789912 0.13527277 0)
(68.791857 0.13464131 0)
(68.793655 0.13395514 0)
(68.795309 0.13322188 0)
(68.796822 0.13244829 0)
(68.798198 0.13164054 0)
(68.799442 0.13080414 0)
(68.800557 0.12994372 0)
(68.801549 0.12906289 0)
(68.802422 0.12816456 0)
(68.80318 0.12725107 0)
(68.80383 0.1263239 0)
(68.804376 0.12538386 0)
(68.804826 0.1244316 0)
(68.805186 0.12346805 0)
(68.805463 0.12249464 0)
(68.805666 0.12151373 0)
(68.8058 0.12052886 0)
(68.805873 0.11954374 0)
(68.80589 0.11856125 0)
(68.805856 0.1175828 0)
(68.805775 0.11660805 0)
(68.805654 0.11563537 0)
(68.805501 0.1146638 0)
(68.805323 0.11369454 0)
(68.805127 0.11273203 0)
(68.804917 0.11178113 0)
(68.804696 0.11084486 0)
(68.804466 0.10992196 0)
(68.804228 0.1090089 0)
(68.803991 0.1081037 0)
(68.803758 0.10720902 0)
(68.803534 0.10632938 0)
(68.803321 0.10546591 0)
(68.803118 0.10461565 0)
(68.802929 0.1037734 0)
(68.802761 0.10294173 0)
(68.80262 0.10211641 0)
(68.802508 0.10129464 0)
(68.802431 0.1004765 0)
(68.802404 0.099647502 0)
(68.802438 0.098791239 0)
(68.802546 0.097904859 0)
(68.802777 0.096972503 0)
(68.803189 0.09590742 0)
(68.803798 0.094637504 0)
(68.804681 0.093134285 0)
(68.806043 0.091204523 0)
(68.80798 0.088392698 0)
(68.810239 0.084314147 0)
(68.812532 0.079017341 0)
(68.815086 0.072466978 0)
(68.818173 0.063659948 0)
(68.820825 0.051230789 0)
(68.820694 0.035506905 0)
(68.816059 0.019684311 0)
(68.807949 0.0078500037 0)
(68.799547 0.0018262435 0)
(68.793571 0.00029538619 0)
(68.790633 0.00063215337 0)
(68.789749 0.0010483465 0)
(68.789697 0.0011081971 0)
(68.78981 0.0010307406 0)
(68.789901 0.0010000964 0)
(68.789956 0.0010204116 0)
(68.789984 0.0010421785 0)
(68.789995 0.0010510376 0)
(68.789981 0.0010523385 0)
(68.717474 0.092217318 0)
(68.71837 0.095421914 0)
(68.719508 0.098667818 0)
(68.720911 0.10192034 0)
(68.722577 0.10514281 0)
(68.724493 0.10830008 0)
(68.726645 0.11136043 0)
(68.729016 0.11429674 0)
(68.731582 0.11708711 0)
(68.734321 0.11971466 0)
(68.73721 0.12216631 0)
(68.740224 0.12443157 0)
(68.743341 0.12650172 0)
(68.746538 0.12836991 0)
(68.749792 0.13003159 0)
(68.753077 0.13148483 0)
(68.756369 0.13273038 0)
(68.759646 0.13377163 0)
(68.762884 0.13461467 0)
(68.766061 0.1352681 0)
(68.76916 0.13574258 0)
(68.772163 0.13605028 0)
(68.775057 0.13620436 0)
(68.777829 0.13621844 0)
(68.780472 0.1361062 0)
(68.782978 0.13588081 0)
(68.785344 0.13555465 0)
(68.787566 0.13513926 0)
(68.789644 0.13464533 0)
(68.791577 0.13408268 0)
(68.793366 0.13346015 0)
(68.795015 0.13278555 0)
(68.796526 0.13206582 0)
(68.797902 0.13130734 0)
(68.799146 0.13051583 0)
(68.800264 0.12969616 0)
(68.801259 0.12885227 0)
(68.802135 0.1279873 0)
(68.802898 0.12710374 0)
(68.803552 0.12620327 0)
(68.804104 0.12528686 0)
(68.804559 0.1243553 0)
(68.804925 0.12340964 0)
(68.805208 0.12245154 0)
(68.805416 0.12148364 0)
(68.805557 0.1205097 0)
(68.805636 0.11953377 0)
(68.805659 0.118559 0)
(68.80563 0.11758698 0)
(68.805556 0.11661737 0)
(68.805441 0.11564855 0)
(68.805293 0.11467956 0)
(68.805121 0.11371177 0)
(68.80493 0.11274988 0)
(68.804726 0.11179919 0)
(68.804511 0.11086288 0)
(68.804285 0.1099397 0)
(68.804053 0.1090259 0)
(68.80382 0.10811951 0)
(68.803593 0.10722334 0)
(68.803373 0.10634218 0)
(68.803164 0.10547735 0)
(68.802965 0.10462569 0)
(68.80278 0.103782 0)
(68.802615 0.10294838 0)
(68.802477 0.10212128 0)
(68.802368 0.1012976 0)
(68.802292 0.10047673 0)
(68.802267 0.099644644 0)
(68.802302 0.098784782 0)
(68.802409 0.097892997 0)
(68.802638 0.096952202 0)
(68.803044 0.09587814 0)
(68.803645 0.094597412 0)
(68.804515 0.093076304 0)
(68.80585 0.09112353 0)
(68.807745 0.088295426 0)
(68.809957 0.084213926 0)
(68.812208 0.078913778 0)
(68.814709 0.072349661 0)
(68.81771 0.063545304 0)
(68.820265 0.051180226 0)
(68.820096 0.035584589 0)
(68.815541 0.019888774 0)
(68.807604 0.0081035759 0)
(68.799385 0.0020371891 0)
(68.793532 0.00041866968 0)
(68.790647 0.00068048465 0)
(68.78977 0.0010565612 0)
(68.78971 0.0011039799 0)
(68.789815 0.0010261608 0)
(68.789901 0.0009975781 0)
(68.789956 0.001019356 0)
(68.789984 0.0010418137 0)
(68.789995 0.0010508243 0)
(68.789982 0.0010523651 0)
(68.720713 0.091435372 0)
(68.721533 0.094446544 0)
(68.722569 0.097504209 0)
(68.723842 0.10057957 0)
(68.725353 0.10364172 0)
(68.727093 0.10666016 0)
(68.729055 0.10960619 0)
(68.731226 0.11245387 0)
(68.733589 0.11518076 0)
(68.736125 0.11776828 0)
(68.738814 0.12020121 0)
(68.741634 0.12246698 0)
(68.744564 0.12455511 0)
(68.747583 0.12645717 0)
(68.750667 0.128167 0)
(68.753794 0.12968097 0)
(68.756941 0.13099809 0)
(68.760084 0.13211993 0)
(68.7632 0.13305069 0)
(68.766271 0.13379701 0)
(68.769275 0.13436763 0)
(68.772196 0.13477297 0)
(68.775019 0.13502458 0)
(68.777733 0.13513472 0)
(68.780326 0.13511587 0)
(68.782792 0.13498033 0)
(68.785126 0.13473986 0)
(68.787322 0.13440556 0)
(68.78938 0.13398782 0)
(68.791298 0.13349628 0)
(68.793077 0.13293976 0)
(68.794718 0.13232615 0)
(68.796224 0.13166259 0)
(68.797597 0.13095561 0)
(68.798841 0.13021111 0)
(68.799959 0.12943422 0)
(68.800956 0.12862914 0)
(68.801835 0.12779926 0)
(68.802601 0.12694722 0)
(68.80326 0.12607489 0)
(68.803816 0.1251834 0)
(68.804276 0.12427368 0)
(68.804647 0.12334693 0)
(68.804936 0.12240502 0)
(68.80515 0.12145087 0)
(68.805296 0.12048852 0)
(68.805381 0.11952233 0)
(68.80541 0.11855575 0)
(68.805388 0.11759055 0)
(68.80532 0.1166264 0)
(68.805211 0.11566171 0)
(68.80507 0.11469548 0)
(68.804903 0.11372928 0)
(68.804719 0.11276811 0)
(68.80452 0.11181768 0)
(68.80431 0.11088137 0)
(68.80409 0.10995792 0)
(68.803864 0.1090434 0)
(68.803636 0.10813579 0)
(68.803413 0.10723809 0)
(68.803198 0.10635537 0)
(68.802993 0.10548913 0)
(68.802798 0.10463603 0)
(68.802617 0.10379084 0)
(68.802456 0.10295521 0)
(68.802321 0.10212625 0)
(68.802214 0.10130059 0)
(68.802141 0.10047691 0)
(68.802117 0.0996416 0)
(68.802152 0.098777964 0)
(68.80226 0.097880562 0)
(68.802486 0.096931077 0)
(68.802885 0.095847651 0)
(68.803477 0.094555662 0)
(68.804333 0.093016141 0)
(68.805642 0.091039783 0)
(68.807492 0.0881949 0)
(68.809655 0.084110144 0)
(68.811861 0.078806563 0)
(68.814306 0.072228837 0)
(68.817218 0.06342807 0)
(68.819673 0.051129485 0)
(68.819468 0.035665841 0)
(68.814998 0.020100204 0)
(68.807241 0.0083653537 0)
(68.799212 0.002254968 0)
(68.793488 0.0005461298 0)
(68.790659 0.00073063182 0)
(68.789791 0.0010652783 0)
(68.789723 0.0010997856 0)
(68.789819 0.0010215147 0)
(68.789902 0.0009949945 0)
(68.789955 0.0010182509 0)
(68.789983 0.0010414195 0)
(68.789995 0.0010505944 0)
(68.789982 0.0010523928 0)
(68.723915 0.090675944 0)
(68.724667 0.093506927 0)
(68.72561 0.096388025 0)
(68.726765 0.099295409 0)
(68.728135 0.10220304 0)
(68.729715 0.10508461 0)
(68.731502 0.10791448 0)
(68.733486 0.1106684 0)
(68.735657 0.11332433 0)
(68.737998 0.11586299 0)
(68.740492 0.11826785 0)
(68.743121 0.12052483 0)
(68.745866 0.122622 0)
(68.748706 0.12454948 0)
(68.75162 0.12629962 0)
(68.754586 0.12786722 0)
(68.757582 0.12924955 0)
(68.760587 0.13044646 0)
(68.763578 0.13146027 0)
(68.766535 0.1322957 0)
(68.769439 0.13295962 0)
(68.772272 0.13346064 0)
(68.775019 0.13380866 0)
(68.777668 0.13401448 0)
(68.780206 0.13408936 0)
(68.782627 0.13404458 0)
(68.784923 0.13389117 0)
(68.787089 0.13363968 0)
(68.789123 0.1333001 0)
(68.791022 0.13288184 0)
(68.792787 0.13239358 0)
(68.794418 0.13184327 0)
(68.795916 0.13123815 0)
(68.797285 0.13058488 0)
(68.798526 0.12988953 0)
(68.799643 0.12915744 0)
(68.80064 0.12839306 0)
(68.801521 0.12760002 0)
(68.80229 0.12678113 0)
(68.802952 0.12593842 0)
(68.803512 0.12507319 0)
(68.803977 0.12418649 0)
(68.804353 0.12327969 0)
(68.804647 0.12235489 0)
(68.804866 0.12141526 0)
(68.805018 0.12046517 0)
(68.805109 0.11950928 0)
(68.805144 0.11855141 0)
(68.805128 0.11759342 0)
(68.805066 0.11663506 0)
(68.804963 0.11567477 0)
(68.804828 0.11471152 0)
(68.804668 0.11374705 0)
(68.804489 0.11278668 0)
(68.804297 0.11183658 0)
(68.804093 0.11090031 0)
(68.803879 0.10997662 0)
(68.803658 0.10906138 0)
(68.803435 0.10815253 0)
(68.803217 0.10725325 0)
(68.803008 0.10636894 0)
(68.802807 0.10550125 0)
(68.802617 0.10464666 0)
(68.80244 0.1037999 0)
(68.802282 0.10296222 0)
(68.802151 0.10213131 0)
(68.802047 0.1013036 0)
(68.801976 0.10047702 0)
(68.801953 0.099638352 0)
(68.801989 0.098770775 0)
(68.802096 0.097867544 0)
(68.802319 0.096909124 0)
(68.802711 0.095815956 0)
(68.803293 0.094512253 0)
(68.804135 0.092953795 0)
(68.805414 0.090953319 0)
(68.807219 0.088091171 0)
(68.80933 0.084002838 0)
(68.811488 0.078695742 0)
(68.813875 0.072104619 0)
(68.816695 0.063308434 0)
(68.819048 0.051078744 0)
(68.818807 0.035750713 0)
(68.814426 0.020318506 0)
(68.806859 0.0086351697 0)
(68.799029 0.0024794373 0)
(68.793441 0.00067769791 0)
(68.790671 0.00078258571 0)
(68.789812 0.0010745178 0)
(68.789736 0.0010956352 0)
(68.789824 0.0010168146 0)
(68.789902 0.0009923484 0)
(68.789955 0.0010170944 0)
(68.789984 0.0010409932 0)
(68.789995 0.0010503465 0)
(68.789983 0.0010524204 0)
(68.727081 0.089938302 0)
(68.727769 0.092601285 0)
(68.728629 0.095316836 0)
(68.729677 0.098065199 0)
(68.730919 0.1008245 0)
(68.732354 0.10357216 0)
(68.733979 0.10628547 0)
(68.73579 0.10894222 0)
(68.737778 0.11152138 0)
(68.739933 0.11400374 0)
(68.742239 0.11637218 0)
(68.744682 0.11861167 0)
(68.747243 0.12070918 0)
(68.749905 0.12265363 0)
(68.752648 0.12443607 0)
(68.755452 0.12604983 0)
(68.758296 0.1274906 0)
(68.761158 0.12875654 0)
(68.764019 0.12984817 0)
(68.766858 0.13076838 0)
(68.769655 0.13152216 0)
(68.772395 0.1321163 0)
(68.77506 0.13255906 0)
(68.777637 0.1328597 0)
(68.780116 0.13302816 0)
(68.782485 0.13307464 0)
(68.784738 0.1330093 0)
(68.78687 0.13284204 0)
(68.788875 0.13258237 0)
(68.790751 0.13223934 0)
(68.792498 0.13182148 0)
(68.794116 0.13133665 0)
(68.795604 0.13079216 0)
(68.796965 0.13019476 0)
(68.798202 0.12955067 0)
(68.799316 0.1288654 0)
(68.800312 0.12814365 0)
(68.801193 0.12738923 0)
(68.801964 0.12660514 0)
(68.802628 0.12579355 0)
(68.803191 0.12495594 0)
(68.80366 0.12409348 0)
(68.80404 0.12320771 0)
(68.804339 0.12230094 0)
(68.804563 0.12137665 0)
(68.804721 0.12043949 0)
(68.804817 0.11949449 0)
(68.804858 0.11854584 0)
(68.804848 0.11759552 0)
(68.804792 0.11664329 0)
(68.804696 0.11568767 0)
(68.804567 0.1147276 0)
(68.804414 0.11376501 0)
(68.804242 0.11280555 0)
(68.804055 0.11185584 0)
(68.803858 0.11091967 0)
(68.803649 0.10999577 0)
(68.803434 0.10907981 0)
(68.803217 0.10816969 0)
(68.803005 0.1072688 0)
(68.802801 0.10638285 0)
(68.802605 0.10551367 0)
(68.802419 0.10465756 0)
(68.802246 0.10380918 0)
(68.802093 0.10296939 0)
(68.801965 0.10213646 0)
(68.801864 0.10130661 0)
(68.801795 0.10047706 0)
(68.801774 0.099634883 0)
(68.80181 0.098763206 0)
(68.801917 0.097853937 0)
(68.802137 0.096886345 0)
(68.802521 0.095783054 0)
(68.803092 0.094467181 0)
(68.803918 0.092889299 0)
(68.805167 0.090864203 0)
(68.806924 0.087984317 0)
(68.80898 0.083892077 0)
(68.811089 0.078581394 0)
(68.813414 0.07197716 0)
(68.816139 0.063186625 0)
(68.818388 0.0510282 0)
(68.818112 0.035839241 0)
(68.813826 0.020543524 0)
(68.806456 0.0089127772 0)
(68.798834 0.0027103866 0)
(68.79339 0.0008132672 0)
(68.790682 0.00083632509 0)
(68.789834 0.001084301 0)
(68.789749 0.0010915532 0)
(68.789829 0.0010120758 0)
(68.789903 0.00098964396 0)
(68.789954 0.0010158855 0)
(68.789983 0.0010405329 0)
(68.789995 0.0010500798 0)
(68.789983 0.0010524472 0)
(68.730211 0.089221783 0)
(68.730842 0.091728137 0)
(68.731625 0.094288536 0)
(68.732577 0.096886615 0)
(68.733703 0.09950404 0)
(68.735004 0.10212151 0)
(68.73648 0.10471912 0)
(68.73813 0.1072768 0)
(68.739948 0.10977492 0)
(68.741926 0.11219491 0)
(68.744052 0.11451967 0)
(68.746313 0.11673373 0)
(68.748695 0.11882332 0)
(68.751181 0.12077649 0)
(68.753754 0.12258316 0)
(68.756394 0.12423541 0)
(68.759083 0.1257275 0)
(68.7618 0.12705599 0)
(68.764526 0.12821973 0)
(68.767242 0.12921981 0)
(68.769928 0.13005942 0)
(68.772568 0.13074356 0)
(68.775145 0.1312788 0)
(68.777645 0.13167284 0)
(68.780057 0.13193424 0)
(68.78237 0.13207201 0)
(68.784575 0.13209535 0)
(68.786666 0.1320134 0)
(68.788638 0.13183509 0)
(68.790488 0.13156905 0)
(68.792213 0.1312235 0)
(68.793813 0.13080622 0)
(68.795288 0.13032446 0)
(68.79664 0.12978505 0)
(68.797869 0.12919429 0)
(68.798978 0.12855785 0)
(68.799971 0.12788061 0)
(68.800851 0.1271666 0)
(68.801621 0.12641897 0)
(68.802287 0.12564003 0)
(68.802852 0.12483141 0)
(68.803324 0.12399443 0)
(68.803707 0.12313078 0)
(68.804011 0.12224299 0)
(68.80424 0.12133486 0)
(68.804403 0.12041136 0)
(68.804505 0.11947786 0)
(68.804551 0.11853895 0)
(68.804547 0.11759672 0)
(68.804498 0.11665098 0)
(68.804408 0.11570034 0)
(68.804286 0.11474367 0)
(68.804139 0.11378311 0)
(68.803973 0.11282467 0)
(68.803794 0.11187542 0)
(68.803602 0.11093941 0)
(68.8034 0.11001532 0)
(68.803191 0.10909867 0)
(68.80298 0.10818727 0)
(68.802774 0.10728472 0)
(68.802575 0.1063971 0)
(68.802384 0.10552639 0)
(68.802203 0.10466872 0)
(68.802035 0.10381865 0)
(68.801886 0.10297672 0)
(68.801761 0.10214167 0)
(68.801664 0.10130961 0)
(68.801598 0.10047702 0)
(68.801578 0.099631195 0)
(68.801614 0.098755248 0)
(68.80172 0.097839737 0)
(68.801937 0.096862747 0)
(68.802313 0.095748952 0)
(68.802872 0.094420458 0)
(68.803681 0.092822709 0)
(68.804899 0.090772522 0)
(68.806605 0.087874451 0)
(68.808604 0.083777961 0)
(68.81066 0.078463631 0)
(68.81292 0.071846648 0)
(68.815547 0.063062902 0)
(68.81769 0.050978063 0)
(68.81738 0.035931433 0)
(68.813195 0.02077504 0)
(68.806032 0.0091978531 0)
(68.798629 0.0029475426 0)
(68.793334 0.00095269237 0)
(68.790692 0.00089181132 0)
(68.789855 0.0010946437 0)
(68.789763 0.001087564 0)
(68.789834 0.0010073142 0)
(68.789904 0.00098688615 0)
(68.789954 0.0010146236 0)
(68.789983 0.0010400369 0)
(68.789996 0.0010497934 0)
(68.789984 0.0010524724 0)
(68.733306 0.088525949 0)
(68.733884 0.090886282 0)
(68.734597 0.093301357 0)
(68.735462 0.095757646 0)
(68.736483 0.098239818 0)
(68.737662 0.10073144 0)
(68.739002 0.10321521 0)
(68.740502 0.1056732 0)
(68.74216 0.10808742 0)
(68.743971 0.11044032 0)
(68.745924 0.11271526 0)
(68.748011 0.1148968 0)
(68.750218 0.11697083 0)
(68.752531 0.11892477 0)
(68.754934 0.12074776 0)
(68.757411 0.12243077 0)
(68.759944 0.12396683 0)
(68.762514 0.12535106 0)
(68.765102 0.12658074 0)
(68.76769 0.1276553 0)
(68.77026 0.12857616 0)
(68.772794 0.1293466 0)
(68.775277 0.12997149 0)
(68.777695 0.13045695 0)
(68.780034 0.1308101 0)
(68.782284 0.13103871 0)
(68.784436 0.13115091 0)
(68.786482 0.13115498 0)
(68.788416 0.13105915 0)
(68.790234 0.13087155 0)
(68.791933 0.13060004 0)
(68.793512 0.13025217 0)
(68.79497 0.12983513 0)
(68.796308 0.12935571 0)
(68.797528 0.12882027 0)
(68.79863 0.1282346 0)
(68.799617 0.12760376 0)
(68.800494 0.12693192 0)
(68.801262 0.12622239 0)
(68.801928 0.12547764 0)
(68.802494 0.12469939 0)
(68.802967 0.12388914 0)
(68.803354 0.12304872 0)
(68.803661 0.12218089 0)
(68.803895 0.12128976 0)
(68.804062 0.12038064 0)
(68.804169 0.11945928 0)
(68.804222 0.11853061 0)
(68.804224 0.11759691 0)
(68.804181 0.11665808 0)
(68.804098 0.1157127 0)
(68.803982 0.11475966 0)
(68.803842 0.11380128 0)
(68.803683 0.11284397 0)
(68.80351 0.11189526 0)
(68.803325 0.11095947 0)
(68.80313 0.11003525 0)
(68.802927 0.10911791 0)
(68.802723 0.10820521 0)
(68.802523 0.10730098 0)
(68.802329 0.10641165 0)
(68.802144 0.10553937 0)
(68.801968 0.10468011 0)
(68.801805 0.10382829 0)
(68.80166 0.10298417 0)
(68.801539 0.10214694 0)
(68.801445 0.10131259 0)
(68.801382 0.10047687 0)
(68.801363 0.09962728 0)
(68.801399 0.098746894 0)
(68.801505 0.097824943 0)
(68.801717 0.09683834 0)
(68.802085 0.095713672 0)
(68.802632 0.094372118 0)
(68.803423 0.092754093 0)
(68.804607 0.090678396 0)
(68.80626 0.087761718 0)
(68.8082 0.083660628 0)
(68.8102 0.078342608 0)
(68.812392 0.071713315 0)
(68.814917 0.062937568 0)
(68.816953 0.05092856 0)
(68.81661 0.036027267 0)
(68.812532 0.021012754 0)
(68.805585 0.0094899729 0)
(68.79841 0.003190547 0)
(68.793273 0.00109578 0)
(68.7907 0.00094899026 0)
(68.789877 0.0011055623 0)
(68.789777 0.0010836956 0)
(68.78984 0.001002548 0)
(68.789905 0.00098408064 0)
(68.789953 0.0010133086 0)
(68.789983 0.0010395035 0)
(68.789996 0.0010494868 0)
(68.789985 0.0010524954 0)
(68.736367 0.087850505 0)
(68.736896 0.090074749 0)
(68.737547 0.092353823 0)
(68.738331 0.09467657 0)
(68.739256 0.097030205 0)
(68.740324 0.099400804 0)
(68.741538 0.10177341 0)
(68.7429 0.1041322 0)
(68.744409 0.1064609 0)
(68.746062 0.10874323 0)
(68.747852 0.11096338 0)
(68.749771 0.11310625 0)
(68.751808 0.11515778 0)
(68.753952 0.11710508 0)
(68.756189 0.1189367 0)
(68.758503 0.12064283 0)
(68.760879 0.12221542 0)
(68.7633 0.12364835 0)
(68.765747 0.12493748 0)
(68.768204 0.12608068 0)
(68.770653 0.12707772 0)
(68.773077 0.12793021 0)
(68.775461 0.12864135 0)
(68.77779 0.12921569 0)
(68.780051 0.12965887 0)
(68.782232 0.12997733 0)
(68.784324 0.13017808 0)
(68.786319 0.13026844 0)
(68.788209 0.13025586 0)
(68.789991 0.13014784 0)
(68.791659 0.12995181 0)
(68.793213 0.12967502 0)
(68.794651 0.12932447 0)
(68.795972 0.1289069 0)
(68.797178 0.12842868 0)
(68.79827 0.12789566 0)
(68.79925 0.12731302 0)
(68.800121 0.12668509 0)
(68.800887 0.1260153 0)
(68.80155 0.12530624 0)
(68.802116 0.12455976 0)
(68.80259 0.12377748 0)
(68.802979 0.1229614 0)
(68.803289 0.12211451 0)
(68.803526 0.12124121 0)
(68.803698 0.12034721 0)
(68.80381 0.11943862 0)
(68.803868 0.11852069 0)
(68.803876 0.11759599 0)
(68.803839 0.1166645 0)
(68.803763 0.11572468 0)
(68.803654 0.11477549 0)
(68.803521 0.11381946 0)
(68.803369 0.1128634 0)
(68.803203 0.11191531 0)
(68.803025 0.11097981 0)
(68.802837 0.1100555 0)
(68.802641 0.10913749 0)
(68.802443 0.10822348 0)
(68.802249 0.10731754 0)
(68.802062 0.10642647 0)
(68.801882 0.1055526 0)
(68.801712 0.10469171 0)
(68.801554 0.10383809 0)
(68.801414 0.10299174 0)
(68.801297 0.10215224 0)
(68.801205 0.10131553 0)
(68.801145 0.10047662 0)
(68.801128 0.099623135 0)
(68.801164 0.098738143 0)
(68.801269 0.097809567 0)
(68.801477 0.096813146 0)
(68.801835 0.095677252 0)
(68.802369 0.094322217 0)
(68.80314 0.092683549 0)
(68.804289 0.090581981 0)
(68.805887 0.087646311 0)
(68.807765 0.083540266 0)
(68.809705 0.078218527 0)
(68.811826 0.071577444 0)
(68.814247 0.062810964 0)
(68.816174 0.050879929 0)
(68.815801 0.03612668 0)
(68.811835 0.021256283 0)
(68.805115 0.0097886102 0)
(68.798179 0.0034389557 0)
(68.793206 0.0012422832 0)
(68.790707 0.0010077827 0)
(68.789898 0.0011170649 0)
(68.789791 0.0010799754 0)
(68.789845 0.00099779707 0)
(68.789906 0.0009812352 0)
(68.789953 0.0010119415 0)
(68.789983 0.0010389319 0)
(68.789996 0.0010491597 0)
(68.789985 0.0010525162 0)
(68.739395 0.087195333 0)
(68.73988 0.08929282 0)
(68.740471 0.091444747 0)
(68.741183 0.093641949 0)
(68.74202 0.095873798 0)
(68.742986 0.098128544 0)
(68.744085 0.10039334 0)
(68.74532 0.10265435 0)
(68.74669 0.10489702 0)
(68.748195 0.10710649 0)
(68.74983 0.10926797 0)
(68.751588 0.11136705 0)
(68.753462 0.11338994 0)
(68.755442 0.11532377 0)
(68.757515 0.11715679 0)
(68.759669 0.11887859 0)
(68.761889 0.12048032 0)
(68.764159 0.12195481 0)
(68.766464 0.12329665 0)
(68.768786 0.12450229 0)
(68.77111 0.12557001 0)
(68.77342 0.1264998 0)
(68.775699 0.12729326 0)
(68.777933 0.12795336 0)
(68.780109 0.12848427 0)
(68.782216 0.12889107 0)
(68.784242 0.12917955 0)
(68.78618 0.12935599 0)
(68.788022 0.12942699 0)
(68.789761 0.12939934 0)
(68.791394 0.12927992 0)
(68.792918 0.12907559 0)
(68.794331 0.12879311 0)
(68.795632 0.12843909 0)
(68.796822 0.12801983 0)
(68.7979 0.12754122 0)
(68.79887 0.12700852 0)
(68.799734 0.12642616 0)
(68.800493 0.1257977 0)
(68.801153 0.1251258 0)
(68.801717 0.12441244 0)
(68.802191 0.12365937 0)
(68.802581 0.12286872 0)
(68.802892 0.12204373 0)
(68.803133 0.12118911 0)
(68.803308 0.12031095 0)
(68.803425 0.11941578 0)
(68.803488 0.11850912 0)
(68.803502 0.11759391 0)
(68.803471 0.11667013 0)
(68.803401 0.11573616 0)
(68.8033 0.11479106 0)
(68.803173 0.11383756 0)
(68.803029 0.11288287 0)
(68.80287 0.1119355 0)
(68.802699 0.11100035 0)
(68.802518 0.11007601 0)
(68.802329 0.10915735 0)
(68.802139 0.10824202 0)
(68.801951 0.10733435 0)
(68.801771 0.10644152 0)
(68.801597 0.10556602 0)
(68.801432 0.10470348 0)
(68.80128 0.10384801 0)
(68.801144 0.10299939 0)
(68.801032 0.10215756 0)
(68.800944 0.10131841 0)
(68.800886 0.10047624 0)
(68.80087 0.099618752 0)
(68.800907 0.098728996 0)
(68.80101 0.097793618 0)
(68.801214 0.096787194 0)
(68.801562 0.095639742 0)
(68.802082 0.094270827 0)
(68.802831 0.092611197 0)
(68.803943 0.090483465 0)
(68.805484 0.08752846 0)
(68.807296 0.083417108 0)
(68.809174 0.07809164 0)
(68.81122 0.071439369 0)
(68.813534 0.062683477 0)
(68.81535 0.050832414 0)
(68.81495 0.036229563 0)
(68.811103 0.021505137 0)
(68.80462 0.010093114 0)
(68.797933 0.0036922237 0)
(68.793133 0.001391899 0)
(68.790712 0.0010680918 0)
(68.789919 0.0011291593 0)
(68.789806 0.0010764338 0)
(68.789851 0.00099308111 0)
(68.789907 0.00097835668 0)
(68.789953 0.0010105231 0)
(68.789983 0.0010383214 0)
(68.789996 0.001048812 0)
(68.789986 0.0010525334 0)
(68.742391 0.086560539 0)
(68.742834 0.088540048 0)
(68.743372 0.090573255 0)
(68.744017 0.09265266 0)
(68.744774 0.094769458 0)
(68.745647 0.096913779 0)
(68.74664 0.099074659 0)
(68.747756 0.10124008 0)
(68.748998 0.10339717 0)
(68.750364 0.10553254 0)
(68.751852 0.10763256 0)
(68.753458 0.10968369 0)
(68.755176 0.1116727 0)
(68.756996 0.11358695 0)
(68.75891 0.11541465 0)
(68.760906 0.11714506 0)
(68.762971 0.11876872 0)
(68.765091 0.12027761 0)
(68.767252 0.12166529 0)
(68.769438 0.12292694 0)
(68.771634 0.12405946 0)
(68.773824 0.12506136 0)
(68.775993 0.12593268 0)
(68.778127 0.1266749 0)
(68.780213 0.12729068 0)
(68.782239 0.12778374 0)
(68.784194 0.12815861 0)
(68.786069 0.12842044 0)
(68.787856 0.1285749 0)
(68.789548 0.12862798 0)
(68.79114 0.12858594 0)
(68.792629 0.12845515 0)
(68.794013 0.12824205 0)
(68.795289 0.12795304 0)
(68.796459 0.12759431 0)
(68.797521 0.12717173 0)
(68.798477 0.12669057 0)
(68.79933 0.12615535 0)
(68.800082 0.12556971 0)
(68.800736 0.1249364 0)
(68.801296 0.12425748 0)
(68.801768 0.1235348 0)
(68.802157 0.12277066 0)
(68.80247 0.12196852 0)
(68.802712 0.12113342 0)
(68.802891 0.12027181 0)
(68.803012 0.11939067 0)
(68.803079 0.11849583 0)
(68.803099 0.11759055 0)
(68.803074 0.11667486 0)
(68.803011 0.11574708 0)
(68.802917 0.1148063 0)
(68.802798 0.11385551 0)
(68.80266 0.11290232 0)
(68.802509 0.11195576 0)
(68.802346 0.11102104 0)
(68.802172 0.11009672 0)
(68.801991 0.10917744 0)
(68.801807 0.1082608 0)
(68.801627 0.10735137 0)
(68.801453 0.10645675 0)
(68.801286 0.10557961 0)
(68.801128 0.10471538 0)
(68.800981 0.10385802 0)
(68.80085 0.1030071 0)
(68.800742 0.10216288 0)
(68.800658 0.10132123 0)
(68.800603 0.10047575 0)
(68.800589 0.099614138 0)
(68.800626 0.098719467 0)
(68.800727 0.097777126 0)
(68.800926 0.096760535 0)
(68.801264 0.095601223 0)
(68.801768 0.09421806 0)
(68.802494 0.092537205 0)
(68.803566 0.090383094 0)
(68.805048 0.087408462 0)
(68.806792 0.083291456 0)
(68.808603 0.077962269 0)
(68.81057 0.071299489 0)
(68.812775 0.062555544 0)
(68.81448 0.050786276 0)
(68.814054 0.036335752 0)
(68.810335 0.021758713 0)
(68.8041 0.010402693 0)
(68.797672 0.0039496852 0)
(68.793053 0.0015442453 0)
(68.790714 0.0011297816 0)
(68.78994 0.0011418397 0)
(68.78982 0.001073103 0)
(68.789857 0.00098842371 0)
(68.789909 0.00097545638 0)
(68.789953 0.0010090564 0)
(68.789983 0.0010376719 0)
(68.789996 0.0010484441 0)
(68.789986 0.0010525484 0)
(68.745355 0.085946393 0)
(68.74576 0.087816211 0)
(68.746249 0.089738736 0)
(68.746832 0.091707846 0)
(68.747515 0.093716279 0)
(68.748303 0.09575578 0)
(68.749198 0.097817047 0)
(68.750206 0.099889716 0)
(68.751328 0.10196252 0)
(68.752565 0.10402349 0)
(68.753916 0.10606028 0)
(68.755377 0.10806031 0)
(68.756945 0.11001109 0)
(68.758613 0.11190045 0)
(68.760372 0.11371675 0)
(68.762213 0.11544917 0)
(68.764125 0.11708785 0)
(68.766096 0.11862416 0)
(68.768112 0.12005078 0)
(68.77016 0.12136186 0)
(68.772224 0.12255304 0)
(68.774291 0.12362147 0)
(68.776346 0.12456577 0)
(68.778375 0.12538594 0)
(68.780366 0.12608321 0)
(68.782305 0.1266599 0)
(68.784182 0.12711924 0)
(68.785988 0.12746525 0)
(68.787714 0.12770255 0)
(68.789352 0.12783628 0)
(68.790899 0.12787196 0)
(68.792348 0.12781543 0)
(68.793697 0.12767271 0)
(68.794945 0.12744991 0)
(68.796089 0.12715305 0)
(68.797131 0.1267879 0)
(68.798071 0.12635973 0)
(68.79891 0.12587309 0)
(68.799651 0.12533167 0)
(68.800297 0.12473827 0)
(68.800852 0.12409502 0)
(68.80132 0.12340387 0)
(68.801708 0.12266727 0)
(68.80202 0.12188888 0)
(68.802263 0.12107409 0)
(68.802444 0.12022974 0)
(68.802568 0.11936324 0)
(68.802641 0.11848076 0)
(68.802665 0.11758583 0)
(68.802646 0.11667862 0)
(68.80259 0.11575732 0)
(68.802503 0.11482111 0)
(68.802391 0.11387319 0)
(68.802261 0.11292164 0)
(68.802118 0.11197598 0)
(68.801962 0.11104177 0)
(68.801796 0.11011752 0)
(68.801623 0.10919766 0)
(68.801447 0.10827971 0)
(68.801274 0.10736852 0)
(68.801108 0.1064721 0)
(68.800948 0.1055933 0)
(68.800795 0.10472737 0)
(68.800654 0.10386808 0)
(68.800529 0.10301483 0)
(68.800426 0.10216816 0)
(68.800345 0.10132394 0)
(68.800294 0.1004751 0)
(68.800281 0.099609282 0)
(68.800318 0.098709555 0)
(68.800417 0.097760112 0)
(68.80061 0.096733219 0)
(68.800937 0.095561778 0)
(68.801424 0.094164037 0)
(68.802126 0.092461764 0)
(68.803157 0.090281146 0)
(68.804577 0.087286656 0)
(68.806249 0.083163662 0)
(68.80799 0.077830788 0)
(68.809875 0.071158256 0)
(68.811967 0.062427637 0)
(68.813561 0.050741761 0)
(68.813112 0.036445009 0)
(68.809528 0.022016277 0)
(68.803551 0.010716412 0)
(68.797395 0.0042105654 0)
(68.792966 0.0016988852 0)
(68.790714 0.0011927017 0)
(68.789959 0.0011550987 0)
(68.789834 0.0010700129 0)
(68.789864 0.00098384311 0)
(68.78991 0.00097254206 0)
(68.789953 0.0010075444 0)
(68.789983 0.0010369848 0)
(68.789996 0.0010480569 0)
(68.789987 0.001052559 0)
(68.74829 0.085353361 0)
(68.748658 0.087121354 0)
(68.749101 0.088940871 0)
(68.749628 0.090806949 0)
(68.750244 0.092713625 0)
(68.750953 0.094654031 0)
(68.751759 0.096620317 0)
(68.752666 0.098603612 0)
(68.753677 0.10059412 0)
(68.754794 0.10258127 0)
(68.756015 0.10455396 0)
(68.757341 0.10650069 0)
(68.758766 0.10840983 0)
(68.760287 0.11026981 0)
(68.761897 0.11206936 0)
(68.763587 0.11379775 0)
(68.765349 0.11544498 0)
(68.767172 0.11700198 0)
(68.769044 0.11846078 0)
(68.770952 0.11981465 0)
(68.772883 0.12105817 0)
(68.774824 0.12218728 0)
(68.776761 0.12319929 0)
(68.77868 0.1240928 0)
(68.780569 0.12486766 0)
(68.782416 0.1255248 0)
(68.784209 0.12606617 0)
(68.78594 0.12649458 0)
(68.787599 0.12681359 0)
(68.789178 0.12702737 0)
(68.790672 0.12714069 0)
(68.792076 0.12715873 0)
(68.793386 0.12708701 0)
(68.794599 0.12693129 0)
(68.795715 0.12669735 0)
(68.796732 0.12639082 0)
(68.797652 0.12601688 0)
(68.798474 0.12558009 0)
(68.799201 0.12508413 0)
(68.799837 0.12453184 0)
(68.800384 0.1239254 0)
(68.800846 0.12326682 0)
(68.80123 0.12255871 0)
(68.80154 0.12180494 0)
(68.801784 0.1210112 0)
(68.801966 0.12018477 0)
(68.802093 0.11933348 0)
(68.802169 0.11846386 0)
(68.802198 0.1175797 0)
(68.802185 0.11668132 0)
(68.802136 0.11576682 0)
(68.802055 0.11483541 0)
(68.801951 0.11389054 0)
(68.801829 0.11294075 0)
(68.801694 0.1119961 0)
(68.801546 0.11106248 0)
(68.801389 0.11013837 0)
(68.801223 0.10921796 0)
(68.801056 0.10829872 0)
(68.800891 0.10738576 0)
(68.800731 0.10648752 0)
(68.800578 0.10560705 0)
(68.800433 0.10473941 0)
(68.800298 0.10387816 0)
(68.800179 0.10302256 0)
(68.80008 0.1021734 0)
(68.800004 0.10132656 0)
(68.799955 0.10047432 0)
(68.799944 0.09960421 0)
(68.79998 0.098699305 0)
(68.800078 0.097742642 0)
(68.800265 0.096705343 0)
(68.800579 0.095521547 0)
(68.801049 0.094108951 0)
(68.801724 0.092385141 0)
(68.802711 0.090177991 0)
(68.804067 0.087163483 0)
(68.805664 0.083034188 0)
(68.807331 0.077697678 0)
(68.80913 0.071016222 0)
(68.811107 0.062300308 0)
(68.812589 0.050699141 0)
(68.812122 0.036557028 0)
(68.808681 0.022276939 0)
(68.802975 0.011033136 0)
(68.797102 0.0044739059 0)
(68.79287 0.0018552542 0)
(68.790711 0.0012566367 0)
(68.789978 0.00116891 0)
(68.789848 0.0010672033 0)
(68.78987 0.00097936804 0)
(68.789913 0.00096962916 0)
(68.789954 0.0010059911 0)
(68.789983 0.0010362594 0)
(68.789996 0.0010476505 0)
(68.789988 0.0010525674 0)
(68.751195 0.084782121 0)
(68.75153 0.08645577 0)
(68.751931 0.088179631 0)
(68.752406 0.089949711 0)
(68.75296 0.091761145 0)
(68.753596 0.09360825 0)
(68.754319 0.09548444 0)
(68.755134 0.097382169 0)
(68.756042 0.09929298 0)
(68.757046 0.10120763 0)
(68.758147 0.10311621 0)
(68.759344 0.10500834 0)
(68.760634 0.10687332 0)
(68.762015 0.1087003 0)
(68.763481 0.11047852 0)
(68.765026 0.11219753 0)
(68.766641 0.11384735 0)
(68.768318 0.1154187 0)
(68.770046 0.11690314 0)
(68.771815 0.11829326 0)
(68.773611 0.11958275 0)
(68.775423 0.12076651 0)
(68.777238 0.12184064 0)
(68.779043 0.12280249 0)
(68.780825 0.12365055 0)
(68.782574 0.12438446 0)
(68.784278 0.12500487 0)
(68.785928 0.12551336 0)
(68.787513 0.12591237 0)
(68.789027 0.12620511 0)
(68.790463 0.12639547 0)
(68.791815 0.12648792 0)
(68.79308 0.12648742 0)
(68.794254 0.12639928 0)
(68.795336 0.12622898 0)
(68.796325 0.12598194 0)
(68.797219 0.12566322 0)
(68.798021 0.12527731 0)
(68.798732 0.12482786 0)
(68.799353 0.12431772 0)
(68.79989 0.12374907 0)
(68.800344 0.12312401 0)
(68.800723 0.12244523 0)
(68.80103 0.12171684 0)
(68.801272 0.12094485 0)
(68.801455 0.12013693 0)
(68.801583 0.11930137 0)
(68.801662 0.11844509 0)
(68.801696 0.1175721 0)
(68.801688 0.11668289 0)
(68.801645 0.11577545 0)
(68.801572 0.11484906 0)
(68.801475 0.11390741 0)
(68.801362 0.11295951 0)
(68.801234 0.11201597 0)
(68.801095 0.11108302 0)
(68.800946 0.11015911 0)
(68.800789 0.1092382 0)
(68.80063 0.10831768 0)
(68.800473 0.10740295 0)
(68.800322 0.1065029 0)
(68.800176 0.10562076 0)
(68.800038 0.10475141 0)
(68.79991 0.10388817 0)
(68.799797 0.1030302 0)
(68.799703 0.10217853 0)
(68.799631 0.10132903 0)
(68.799585 0.10047335 0)
(68.799575 0.099598897 0)
(68.799612 0.098688712 0)
(68.799707 0.097724742 0)
(68.799887 0.09667697 0)
(68.800188 0.095480647 0)
(68.800639 0.094052977 0)
(68.801286 0.092307603 0)
(68.802227 0.090074009 0)
(68.803515 0.087039409 0)
(68.805033 0.082903524 0)
(68.806623 0.077563455 0)
(68.808332 0.070873967 0)
(68.810191 0.062174113 0)
(68.811561 0.050658639 0)
(68.81108 0.036671391 0)
(68.807791 0.02253965 0)
(68.802368 0.011351582 0)
(68.79679 0.0047386592 0)
(68.792766 0.0020127593 0)
(68.790705 0.0013213711 0)
(68.789996 0.0011832419 0)
(68.789862 0.0010646943 0)
(68.789877 0.00097500941 0)
(68.789915 0.00096672549 0)
(68.789954 0.0010044042 0)
(68.789983 0.0010355021 0)
(68.789996 0.0010472285 0)
(68.789988 0.0010525715 0)
(68.754074 0.084233573 0)
(68.754377 0.085820008 0)
(68.754738 0.08745527 0)
(68.755165 0.089136176 0)
(68.755661 0.090858782 0)
(68.756231 0.092618418 0)
(68.756878 0.094409591 0)
(68.757607 0.096225921 0)
(68.75842 0.098060161 0)
(68.75932 0.099904271 0)
(68.760307 0.10174952 0)
(68.761383 0.1035866 0)
(68.762546 0.10540577 0)
(68.763793 0.10719699 0)
(68.765121 0.10895013 0)
(68.766525 0.11065513 0)
(68.767998 0.11230222 0)
(68.769532 0.11388206 0)
(68.771118 0.11538595 0)
(68.772747 0.11680597 0)
(68.774408 0.11813513 0)
(68.776089 0.1193674 0)
(68.777779 0.12049788 0)
(68.779465 0.12152273 0)
(68.781137 0.12243923 0)
(68.782783 0.12324574 0)
(68.784391 0.12394165 0)
(68.785953 0.12452734 0)
(68.787459 0.12500412 0)
(68.788901 0.12537416 0)
(68.790273 0.12564043 0)
(68.791568 0.12580663 0)
(68.792782 0.12587708 0)
(68.793911 0.1258566 0)
(68.794954 0.12575027 0)
(68.795908 0.12556325 0)
(68.796774 0.12530043 0)
(68.797551 0.12496616 0)
(68.798241 0.12456404 0)
(68.798846 0.12409686 0)
(68.799369 0.12356683 0)
(68.799813 0.12297604 0)
(68.800184 0.12232732 0)
(68.800486 0.12162497 0)
(68.800725 0.12087531 0)
(68.800907 0.12008643 0)
(68.801036 0.11926705 0)
(68.801118 0.11842452 0)
(68.801155 0.11756306 0)
(68.801153 0.11668331 0)
(68.801116 0.1157832 0)
(68.801049 0.11486202 0)
(68.800961 0.11392374 0)
(68.800855 0.11297786 0)
(68.800736 0.11203553 0)
(68.800606 0.11110334 0)
(68.800465 0.11017969 0)
(68.800317 0.10925833 0)
(68.800167 0.10833655 0)
(68.800019 0.10742008 0)
(68.799876 0.10651822 0)
(68.799738 0.10563442 0)
(68.799608 0.10476336 0)
(68.799486 0.10389813 0)
(68.79938 0.10303779 0)
(68.799291 0.10218357 0)
(68.799224 0.10133138 0)
(68.799181 0.10047227 0)
(68.799173 0.099593421 0)
(68.799209 0.098677878 0)
(68.799301 0.097706546 0)
(68.799473 0.096648283 0)
(68.799761 0.095439325 0)
(68.800191 0.093996438 0)
(68.800807 0.092229574 0)
(68.8017 0.089969749 0)
(68.802918 0.086915078 0)
(68.804355 0.082772354 0)
(68.805861 0.077428828 0)
(68.807476 0.070732252 0)
(68.809216 0.062049747 0)
(68.810475 0.050620531 0)
(68.809984 0.036787594 0)
(68.806857 0.022803136 0)
(68.801729 0.011670153 0)
(68.796459 0.0050034686 0)
(68.792653 0.0021705809 0)
(68.790694 0.0013865765 0)
(68.790012 0.0011980465 0)
(68.789876 0.001062532 0)
(68.789884 0.00097081538 0)
(68.789918 0.00096385395 0)
(68.789955 0.0010027878 0)
(68.789983 0.0010347101 0)
(68.789997 0.0010467897 0)
(68.789989 0.0010525728 0)
(68.756927 0.083708858 0)
(68.757201 0.085214903 0)
(68.757525 0.086768362 0)
(68.757907 0.088366723 0)
(68.75835 0.090006816 0)
(68.758859 0.09168483 0)
(68.759435 0.093396212 0)
(68.760084 0.095135603 0)
(68.760809 0.096896829 0)
(68.761611 0.098672952 0)
(68.762494 0.10045633 0)
(68.763456 0.10223869 0)
(68.764498 0.10401124 0)
(68.765619 0.1057648 0)
(68.766815 0.10748992 0)
(68.768082 0.10917706 0)
(68.769417 0.11081677 0)
(68.770811 0.11239982 0)
(68.772257 0.11391742 0)
(68.773748 0.11536132 0)
(68.775273 0.11672398 0)
(68.776821 0.11799868 0)
(68.778384 0.1191796 0)
(68.779949 0.12026189 0)
(68.781505 0.12124171 0)
(68.783043 0.12211623 0)
(68.78455 0.12288363 0)
(68.786019 0.12354312 0)
(68.787439 0.12409485 0)
(68.788803 0.12453995 0)
(68.790104 0.12488043 0)
(68.791335 0.12511917 0)
(68.792492 0.1252598 0)
(68.79357 0.12530655 0)
(68.794569 0.12526407 0)
(68.795484 0.12513719 0)
(68.796316 0.12493055 0)
(68.797064 0.12464835 0)
(68.797729 0.12429407 0)
(68.798314 0.12387042 0)
(68.79882 0.12337957 0)
(68.799251 0.12282364 0)
(68.799612 0.12220551 0)
(68.799907 0.12152971 0)
(68.800142 0.12080284 0)
(68.800321 0.12003342 0)
(68.80045 0.1192306 0)
(68.800533 0.11840216 0)
(68.800573 0.11755252 0)
(68.800576 0.11668249 0)
(68.800544 0.11578991 0)
(68.800485 0.11487411 0)
(68.800404 0.11393935 0)
(68.800307 0.11299559 0)
(68.800196 0.11205456 0)
(68.800075 0.1111232 0)
(68.799944 0.1101999 0)
(68.799805 0.10927813 0)
(68.799664 0.10835513 0)
(68.799525 0.10743692 0)
(68.799391 0.10653328 0)
(68.799262 0.10564783 0)
(68.799139 0.10477507 0)
(68.799025 0.10390785 0)
(68.798925 0.10304515 0)
(68.798842 0.10218839 0)
(68.798779 0.10133349 0)
(68.79874 0.10047095 0)
(68.798733 0.099587699 0)
(68.798768 0.098666755 0)
(68.798857 0.097688043 0)
(68.799022 0.096619334 0)
(68.799295 0.095397705 0)
(68.799702 0.093939549 0)
(68.800286 0.092151386 0)
(68.801128 0.089865693 0)
(68.802272 0.086791085 0)
(68.803623 0.082641323 0)
(68.805043 0.077294465 0)
(68.80656 0.070591788 0)
(68.808177 0.061927832 0)
(68.809326 0.050584971 0)
(68.808832 0.036904974 0)
(68.805876 0.023065969 0)
(68.801057 0.011987168 0)
(68.796109 0.0052669898 0)
(68.792529 0.0023279622 0)
(68.790679 0.0014519621 0)
(68.790027 0.0012132487 0)
(68.78989 0.0010606944 0)
(68.789891 0.00096677448 0)
(68.789921 0.00096101474 0)
(68.789957 0.0010011534 0)
(68.789984 0.0010338948 0)
(68.789997 0.0010463397 0)
(68.78999 0.001052571 0)
(68.759759 0.083209355 0)
(68.760004 0.08464158 0)
(68.760294 0.086119808 0)
(68.760634 0.087642085 0)
(68.761028 0.089205891 0)
(68.761479 0.090808137 0)
(68.76199 0.09244508 0)
(68.762566 0.094112242 0)
(68.763208 0.095804399 0)
(68.76392 0.097515597 0)
(68.764703 0.099239187 0)
(68.765559 0.10096788 0)
(68.766488 0.10269381 0)
(68.767488 0.10440864 0)
(68.768558 0.10610364 0)
(68.769695 0.10776988 0)
(68.770895 0.10939832 0)
(68.772153 0.11097998 0)
(68.773463 0.11250609 0)
(68.774816 0.11396825 0)
(68.776205 0.11535855 0)
(68.777621 0.11666971 0)
(68.779054 0.11789517 0)
(68.780494 0.11902921 0)
(68.781932 0.12006697 0)
(68.783356 0.12100455 0)
(68.784758 0.12183898 0)
(68.786127 0.12256833 0)
(68.787455 0.12319165 0)
(68.788734 0.12370898 0)
(68.789957 0.12412139 0)
(68.791118 0.12443088 0)
(68.792211 0.12464032 0)
(68.793233 0.12475333 0)
(68.794181 0.12477407 0)
(68.795052 0.12470696 0)
(68.795844 0.12455637 0)
(68.796559 0.12432626 0)
(68.797195 0.12401997 0)
(68.797755 0.12364009 0)
(68.798241 0.12318871 0)
(68.798657 0.12266794 0)
(68.799005 0.12208075 0)
(68.79929 0.12143182 0)
(68.799518 0.12072806 0)
(68.799694 0.11997837 0)
(68.799821 0.11919237 0)
(68.799905 0.11837824 0)
(68.799948 0.11754068 0)
(68.799954 0.11668052 0)
(68.799928 0.11579564 0)
(68.799876 0.11488536 0)
(68.799803 0.11395424 0)
(68.799714 0.11301271 0)
(68.799612 0.11207307 0)
(68.7995 0.11114262 0)
(68.799378 0.11021971 0)
(68.79925 0.1092976 0)
(68.799119 0.10837343 0)
(68.798989 0.10745353 0)
(68.798864 0.10654814 0)
(68.798744 0.10566107 0)
(68.798629 0.10478664 0)
(68.798523 0.10391745 0)
(68.79843 0.1030524 0)
(68.798353 0.10219312 0)
(68.798295 0.10133551 0)
(68.798259 0.10046957 0)
(68.798254 0.099581933 0)
(68.798288 0.098655579 0)
(68.798373 0.09766952 0)
(68.798529 0.096590471 0)
(68.798786 0.095356223 0)
(68.79917 0.093882846 0)
(68.799719 0.092073709 0)
(68.800507 0.089762664 0)
(68.801574 0.08666838 0)
(68.802836 0.082511434 0)
(68.804164 0.077161392 0)
(68.805578 0.070453615 0)
(68.807071 0.061809244 0)
(68.808111 0.050552225 0)
(68.807619 0.03702274 0)
(68.804846 0.023326331 0)
(68.800349 0.012300372 0)
(68.795736 0.0055272853 0)
(68.792394 0.0024837081 0)
(68.790659 0.0015170427 0)
(68.79004 0.0012287915 0)
(68.789903 0.0010592779 0)
(68.789899 0.0009629831 0)
(68.789925 0.00095825612 0)
(68.789958 0.00099951368 0)
(68.789984 0.0010330575 0)
(68.789997 0.0010458814 0)
(68.78999 0.0010525665 0)
(68.762571 0.082736732 0)
(68.76279 0.084101487 0)
(68.763047 0.085510864 0)
(68.763348 0.086963372 0)
(68.763696 0.088457031 0)
(68.764094 0.089989364 0)
(68.764545 0.091557313 0)
(68.765052 0.093157165 0)
(68.765617 0.094784521 0)
(68.766245 0.096434301 0)
(68.766936 0.098100757 0)
(68.767691 0.099777498 0)
(68.768512 0.10145754 0)
(68.769399 0.10313335 0)
(68.770349 0.10479697 0)
(68.771361 0.10644008 0)
(68.772432 0.10805413 0)
(68.773557 0.10963049 0)
(68.774732 0.11116054 0)
(68.77595 0.11263586 0)
(68.777204 0.1140483 0)
(68.778486 0.1153902 0)
(68.779789 0.1166544 0)
(68.781102 0.11783445 0)
(68.782417 0.1189246 0)
(68.783724 0.11991998 0)
(68.785014 0.12081659 0)
(68.786278 0.1216114 0)
(68.787508 0.12230237 0)
(68.788696 0.12288854 0)
(68.789835 0.12336996 0)
(68.790919 0.12374777 0)
(68.791942 0.12402405 0)
(68.792901 0.12420176 0)
(68.793792 0.1242845 0)
(68.794612 0.12427626 0)
(68.79536 0.12418105 0)
(68.796035 0.12400259 0)
(68.796638 0.123744 0)
(68.79717 0.12340773 0)
(68.797632 0.12299576 0)
(68.798028 0.12251017 0)
(68.79836 0.12195397 0)
(68.798634 0.12133198 0)
(68.798853 0.12065143 0)
(68.799023 0.1199216 0)
(68.799148 0.11915253 0)
(68.79923 0.11835282 0)
(68.799275 0.11752745 0)
(68.799285 0.11667723 0)
(68.799265 0.11580014 0)
(68.799219 0.11489549 0)
(68.799153 0.11396809 0)
(68.799073 0.11302886 0)
(68.79898 0.11209068 0)
(68.798877 0.1111612 0)
(68.798766 0.11023875 0)
(68.798647 0.10931633 0)
(68.798527 0.10839104 0)
(68.798407 0.10746949 0)
(68.798292 0.10656239 0)
(68.798181 0.10567375 0)
(68.798075 0.10479768 0)
(68.797977 0.10392655 0)
(68.797891 0.10305921 0)
(68.797821 0.10219743 0)
(68.797767 0.10133715 0)
(68.797735 0.10046785 0)
(68.797731 0.09957589 0)
(68.797764 0.098644166 0)
(68.797844 0.097650859 0)
(68.797991 0.096561662 0)
(68.798231 0.095314954 0)
(68.798589 0.093826539 0)
(68.799101 0.091996914 0)
(68.799833 0.089661226 0)
(68.80082 0.086547684 0)
(68.801988 0.082383489 0)
(68.80322 0.077030443 0)
(68.804527 0.070318583 0)
(68.805893 0.061694667 0)
(68.806827 0.050522363 0)
(68.806343 0.037139955 0)
(68.803764 0.023582395 0)
(68.799605 0.012607705 0)
(68.795342 0.0057827593 0)
(68.792248 0.0026369277 0)
(68.790634 0.0015814314 0)
(68.790051 0.0012444861 0)
(68.789915 0.0010581404 0)
(68.789906 0.00095934234 0)
(68.789929 0.00095553776 0)
(68.78996 0.00099786773 0)
(68.789985 0.0010322026 0)
(68.789997 0.001045412 0)
(68.789991 0.0010525556 0)
(68.76537 0.082293019 0)
(68.765563 0.083596499 0)
(68.765789 0.084943271 0)
(68.766054 0.08633223 0)
(68.766359 0.087761843 0)
(68.766707 0.089230147 0)
(68.767101 0.090734665 0)
(68.767543 0.092272335 0)
(68.768038 0.093839473 0)
(68.768586 0.095431765 0)
(68.76919 0.097044263 0)
(68.769852 0.098671396 0)
(68.770571 0.10030699 0)
(68.771349 0.10194429 0)
(68.772185 0.10357607 0)
(68.773077 0.10519464 0)
(68.774023 0.106792 0)
(68.77502 0.10835991 0)
(68.776063 0.10989002 0)
(68.777148 0.11137396 0)
(68.778268 0.11280354 0)
(68.779417 0.11417078 0)
(68.780588 0.11546813 0)
(68.781772 0.11668849 0)
(68.782961 0.11782541 0)
(68.784147 0.11887313 0)
(68.78532 0.11982671 0)
(68.786474 0.12068213 0)
(68.7876 0.12143633 0)
(68.788691 0.12208733 0)
(68.789739 0.12263424 0)
(68.790739 0.12307728 0)
(68.791685 0.12341776 0)
(68.792574 0.12365793 0)
(68.793401 0.12380081 0)
(68.794164 0.1238499 0)
(68.794862 0.12380883 0)
(68.795493 0.12368102 0)
(68.796057 0.12346934 0)
(68.796556 0.12317607 0)
(68.79699 0.12280304 0)
(68.797362 0.12235226 0)
(68.797676 0.12182677 0)
(68.797935 0.12123155 0)
(68.798144 0.12057407 0)
(68.798306 0.11986401 0)
(68.798426 0.11911182 0)
(68.798507 0.11832649 0)
(68.798552 0.11751329 0)
(68.798565 0.11667303 0)
(68.798549 0.11580374 0)
(68.79851 0.11490477 0)
(68.798452 0.11398113 0)
(68.79838 0.11304427 0)
(68.798297 0.11210761 0)
(68.798204 0.11117914 0)
(68.798103 0.11025721 0)
(68.797995 0.10933456 0)
(68.797885 0.10840821 0)
(68.797776 0.10748508 0)
(68.797671 0.10657633 0)
(68.797569 0.10568618 0)
(68.797473 0.10480852 0)
(68.797384 0.1039355 0)
(68.797306 0.10306592 0)
(68.797242 0.10220171 0)
(68.797194 0.1013388 0)
(68.797165 0.10046624 0)
(68.797163 0.099570031 0)
(68.797194 0.098633019 0)
(68.797269 0.097632619 0)
(68.797406 0.096533541 0)
(68.797628 0.09527464 0)
(68.797959 0.093771498 0)
(68.798431 0.091922032 0)
(68.799102 0.089562593 0)
(68.800007 0.086430366 0)
(68.801076 0.08225892 0)
(68.802207 0.076903052 0)
(68.803403 0.070188073 0)
(68.804639 0.06158516 0)
(68.805468 0.050495552 0)
(68.805 0.037255331 0)
(68.802628 0.02383147 0)
(68.798822 0.012905863 0)
(68.794923 0.0060305497 0)
(68.792089 0.0027858522 0)
(68.790604 0.0016444641 0)
(68.790059 0.0012603679 0)
(68.789927 0.0010575632 0)
(68.789914 0.00095609857 0)
(68.789933 0.00095298793 0)
(68.789962 0.00099626493 0)
(68.789986 0.0010313562 0)
(68.789997 0.001044957 0)
(68.789992 0.0010525549 0)
(68.768159 0.081880481 0)
(68.768328 0.083128737 0)
(68.768525 0.084419033 0)
(68.768755 0.085750576 0)
(68.76902 0.087122207 0)
(68.769321 0.088532391 0)
(68.769662 0.089979137 0)
(68.770044 0.091459937 0)
(68.770472 0.092971718 0)
(68.770946 0.094510831 0)
(68.771468 0.096073031 0)
(68.772041 0.097653474 0)
(68.772665 0.099246721 0)
(68.77334 0.10084675 0)
(68.774066 0.10244702 0)
(68.774843 0.10404047 0)
(68.775669 0.10561965 0)
(68.776541 0.10717676 0)
(68.777456 0.10870376 0)
(68.778409 0.11019248 0)
(68.779397 0.1116347 0)
(68.780413 0.11302234 0)
(68.781451 0.11434751 0)
(68.782503 0.11560265 0)
(68.783564 0.1167807 0)
(68.784625 0.11787515 0)
(68.785678 0.11888025 0)
(68.786716 0.11979104 0)
(68.787732 0.12060353 0)
(68.788718 0.12131479 0)
(68.789669 0.121923 0)
(68.790578 0.12242751 0)
(68.791441 0.12282882 0)
(68.792252 0.12312849 0)
(68.793009 0.12332893 0)
(68.793709 0.12343312 0)
(68.79435 0.12344427 0)
(68.794931 0.12336547 0)
(68.795451 0.12319931 0)
(68.795912 0.12294784 0)
(68.796314 0.12261276 0)
(68.796659 0.12219597 0)
(68.796951 0.12170052 0)
(68.797192 0.1211315 0)
(68.797387 0.12049664 0)
(68.79754 0.11980597 0)
(68.797653 0.11907036 0)
(68.797731 0.11829918 0)
(68.797776 0.11749795 0)
(68.797791 0.11666751 0)
(68.79778 0.1158059 0)
(68.797746 0.11491254 0)
(68.797696 0.11399266 0)
(68.797633 0.11305816 0)
(68.797559 0.11212304 0)
(68.797476 0.11119564 0)
(68.797386 0.11027425 0)
(68.797289 0.10935142 0)
(68.79719 0.10842408 0)
(68.797093 0.10749945 0)
(68.796998 0.10658914 0)
(68.796907 0.10569754 0)
(68.79682 0.10481837 0)
(68.79674 0.10394354 0)
(68.79667 0.10307181 0)
(68.796613 0.10220527 0)
(68.79657 0.10133983 0)
(68.796546 0.10046413 0)
(68.796545 0.09956384 0)
(68.796574 0.09862171 0)
(68.796644 0.097614475 0)
(68.796769 0.096505915 0)
(68.796972 0.095235255 0)
(68.797273 0.093717898 0)
(68.797703 0.091849468 0)
(68.798312 0.089467435 0)
(68.799129 0.086317319 0)
(68.800096 0.082138755 0)
(68.80112 0.076780311 0)
(68.802199 0.070063179 0)
(68.803304 0.061481575 0)
(68.804031 0.050471885 0)
(68.803587 0.037367795 0)
(68.801434 0.024071527 0)
(68.797997 0.013192645 0)
(68.794478 0.006269013 0)
(68.791916 0.0029295221 0)
(68.790567 0.0017055403 0)
(68.790065 0.0012758939 0)
(68.789938 0.0010570393 0)
(68.789923 0.00095290063 0)
(68.789939 0.00095044682 0)
(68.789965 0.000994658 0)
(68.789987 0.0010304914 0)
(68.789997 0.0010444767 0)
(68.789992 0.0010525196 0)
(68.770948 0.081502231 0)
(68.771093 0.082701287 0)
(68.771262 0.083941218 0)
(68.771459 0.085221488 0)
(68.771685 0.086541245 0)
(68.771942 0.087899305 0)
(68.772232 0.089294088 0)
(68.772559 0.090723547 0)
(68.772923 0.092185129 0)
(68.773327 0.093675754 0)
(68.773772 0.095191785 0)
(68.774261 0.096729017 0)
(68.774793 0.098282667 0)
(68.775371 0.099847374 0)
(68.775993 0.10141722 0)
(68.776659 0.10298577 0)
(68.777368 0.10454609 0)
(68.778119 0.10609085 0)
(68.778908 0.10761235 0)
(68.779733 0.10910267 0)
(68.780589 0.11055368 0)
(68.781472 0.11195725 0)
(68.782377 0.11330528 0)
(68.783297 0.11458989 0)
(68.784226 0.1158035 0)
(68.785158 0.11693901 0)
(68.786086 0.11798993 0)
(68.787003 0.1189505 0)
(68.787903 0.11981588 0)
(68.788779 0.12058225 0)
(68.789626 0.12124693 0)
(68.790437 0.12180843 0)
(68.791209 0.12226648 0)
(68.791936 0.12262191 0)
(68.792616 0.12287654 0)
(68.793246 0.12303283 0)
(68.793824 0.12309355 0)
(68.794348 0.1230614 0)
(68.794819 0.12293871 0)
(68.795236 0.12272727 0)
(68.795601 0.12242859 0)
(68.795915 0.12204447 0)
(68.796181 0.12157793 0)
(68.796402 0.12103418 0)
(68.796581 0.12042116 0)
(68.796721 0.11974924 0)
(68.796827 0.11902969 0)
(68.7969 0.11827223 0)
(68.796943 0.1174826 0)
(68.796959 0.11666171 0)
(68.796952 0.1158076 0)
(68.796925 0.11491971 0)
(68.796882 0.11400352 0)
(68.796827 0.11307137 0)
(68.796763 0.1121378 0)
(68.796691 0.11121146 0)
(68.796611 0.11029066 0)
(68.796527 0.1093677 0)
(68.79644 0.10843945 0)
(68.796353 0.1075134 0)
(68.79627 0.10660161 0)
(68.79619 0.10570864 0)
(68.796114 0.10482804 0)
(68.796043 0.10395148 0)
(68.795982 0.1030777 0)
(68.795932 0.10220892 0)
(68.795895 0.10134105 0)
(68.795874 0.10046234 0)
(68.795874 0.09955815 0)
(68.795902 0.098611107 0)
(68.795965 0.097597341 0)
(68.796078 0.096479776 0)
(68.79626 0.095197907 0)
(68.79653 0.093666993 0)
(68.796915 0.091780657 0)
(68.797457 0.089377389 0)
(68.798183 0.086210347 0)
(68.799043 0.082024849 0)
(68.799954 0.076664018 0)
(68.800912 0.069945525 0)
(68.801884 0.061384975 0)
(68.802512 0.050451099 0)
(68.802099 0.037475009 0)
(68.80018 0.024298242 0)
(68.797129 0.01346289 0)
(68.794007 0.0064937541 0)
(68.791729 0.00306538 0)
(68.790523 0.001764003 0)
(68.790068 0.0012915972 0)
(68.789948 0.0010574283 0)
(68.789931 0.00095039312 0)
(68.789944 0.00094823163 0)
(68.789968 0.00099317307 0)
(68.789988 0.0010296887 0)
(68.789998 0.0010440637 0)
(68.789993 0.0010525455 0)
(68.773744 0.081160941 0)
(68.773866 0.082316823 0)
(68.774009 0.083512524 0)
(68.774174 0.084747718 0)
(68.774363 0.0860218 0)
(68.774578 0.087333876 0)
(68.774821 0.0886827 0)
(68.775093 0.090066608 0)
(68.775397 0.091483483 0)
(68.775735 0.09293072 0)
(68.776107 0.094405202 0)
(68.776515 0.095903274 0)
(68.776961 0.097420723 0)
(68.777444 0.098952771 0)
(68.777966 0.10049408 0)
(68.778525 0.10203875 0)
(68.779122 0.10358037 0)
(68.779754 0.10511205 0)
(68.78042 0.10662647 0)
(68.781118 0.10811595 0)
(68.781844 0.10957255 0)
(68.782595 0.11098813 0)
(68.783365 0.11235451 0)
(68.784151 0.11366356 0)
(68.784947 0.11490731 0)
(68.785747 0.11607818 0)
(68.786545 0.11716906 0)
(68.787337 0.1181735 0)
(68.788115 0.1190859 0)
(68.788874 0.11990166 0)
(68.78961 0.12061729 0)
(68.790316 0.12123052 0)
(68.790989 0.12174034 0)
(68.791625 0.12214694 0)
(68.792221 0.12245149 0)
(68.792774 0.12265596 0)
(68.793282 0.12276268 0)
(68.793744 0.12277397 0)
(68.794159 0.12269184 0)
(68.794528 0.12251783 0)
(68.79485 0.12225327 0)
(68.795129 0.12189982 0)
(68.795365 0.12146046 0)
(68.795562 0.12094049 0)
(68.795722 0.12034805 0)
(68.795848 0.11969382 0)
(68.795943 0.11898943 0)
(68.79601 0.11824492 0)
(68.796051 0.11746626 0)
(68.796068 0.11665442 0)
(68.796063 0.11580743 0)
(68.796042 0.11492476 0)
(68.796006 0.11401209 0)
(68.79596 0.11308222 0)
(68.795906 0.11215016 0)
(68.795845 0.11122489 0)
(68.795777 0.1103047 0)
(68.795704 0.10938167 0)
(68.795629 0.10845262 0)
(68.795556 0.10752531 0)
(68.795484 0.10661219 0)
(68.795415 0.105718 0)
(68.79535 0.10483612 0)
(68.795289 0.10395798 0)
(68.795237 0.10308234 0)
(68.795194 0.10221152 0)
(68.795163 0.10134142 0)
(68.795146 0.10045995 0)
(68.795148 0.099552165 0)
(68.795173 0.098600568 0)
(68.79523 0.097580753 0)
(68.79533 0.096454872 0)
(68.79549 0.095162603 0)
(68.795726 0.093619093 0)
(68.796062 0.091716249 0)
(68.796535 0.089293483 0)
(68.797166 0.086110824 0)
(68.797913 0.081918822 0)
(68.798706 0.076555929 0)
(68.799538 0.069836895 0)
(68.800374 0.061296864 0)
(68.800904 0.050433863 0)
(68.800533 0.037576414 0)
(68.798861 0.024510112 0)
(68.796215 0.013714927 0)
(68.793507 0.0067034469 0)
(68.791527 0.0031922704 0)
(68.790472 0.0018184562 0)
(68.790069 0.0013058155 0)
(68.789958 0.0010572218 0)
(68.78994 0.00094760996 0)
(68.789951 0.00094592799 0)
(68.789972 0.00099168362 0)
(68.789989 0.0010288661 0)
(68.789998 0.0010435911 0)
(68.789994 0.0010524699 0)
(68.77656 0.080861771 0)
(68.77666 0.081980542 0)
(68.776776 0.083138206 0)
(68.77691 0.084334601 0)
(68.777064 0.085569321 0)
(68.777239 0.086841705 0)
(68.777436 0.088150777 0)
(68.777657 0.089495186 0)
(68.777904 0.090873168 0)
(68.778177 0.092282514 0)
(68.778479 0.093720536 0)
(68.778811 0.09518404 0)
(68.779172 0.096669301 0)
(68.779565 0.098172037 0)
(68.77999 0.099687409 0)
(68.780445 0.10121001 0)
(68.780932 0.1027339 0)
(68.781449 0.10425259 0)
(68.781994 0.10575912 0)
(68.782566 0.10724609 0)
(68.783163 0.10870574 0)
(68.783781 0.11013002 0)
(68.784416 0.1115107 0)
(68.785066 0.11283949 0)
(68.785725 0.11410816 0)
(68.78639 0.11530873 0)
(68.787055 0.11643359 0)
(68.787715 0.11747572 0)
(68.788366 0.11842887 0)
(68.789002 0.11928775 0)
(68.78962 0.12004815 0)
(68.790214 0.12070712 0)
(68.790782 0.12126298 0)
(68.791319 0.12171526 0)
(68.791823 0.12206461 0)
(68.792291 0.12231247 0)
(68.792723 0.12246075 0)
(68.793116 0.12251141 0)
(68.793469 0.12246614 0)
(68.793784 0.12232625 0)
(68.79406 0.12209282 0)
(68.794298 0.12176741 0)
(68.794501 0.12135296 0)
(68.79467 0.1208548 0)
(68.794808 0.12028125 0)
(68.794917 0.11964327 0)
(68.795 0.11895282 0)
(68.795059 0.11822023 0)
(68.795096 0.11745168 0)
(68.795112 0.11664817 0)
(68.795111 0.11580774 0)
(68.795094 0.11492988 0)
(68.795066 0.11402046 0)
(68.795029 0.11309268 0)
(68.794985 0.11216202 0)
(68.794934 0.11123773 0)
(68.794879 0.11031808 0)
(68.794819 0.10939499 0)
(68.794757 0.10846519 0)
(68.794696 0.10753669 0)
(68.794637 0.10662232 0)
(68.79458 0.10572698 0)
(68.794526 0.10484389 0)
(68.794476 0.10396429 0)
(68.794433 0.1030869 0)
(68.794399 0.10221418 0)
(68.794374 0.10134201 0)
(68.794361 0.10045799 0)
(68.794363 0.099546884 0)
(68.794386 0.098591092 0)
(68.794435 0.097565737 0)
(68.794521 0.096432288 0)
(68.794657 0.095130535 0)
(68.794858 0.093575539 0)
(68.795143 0.091657767 0)
(68.795542 0.089217442 0)
(68.796073 0.086020602 0)
(68.796702 0.081822496 0)
(68.797371 0.076457691 0)
(68.798071 0.069738575 0)
(68.798769 0.061217589 0)
(68.799205 0.050418482 0)
(68.798883 0.037667255 0)
(68.797474 0.024699586 0)
(68.795253 0.013940336 0)
(68.792978 0.0068914726 0)
(68.791309 0.0033071266 0)
(68.790414 0.0018692876 0)
(68.790066 0.0013208291 0)
(68.789967 0.001058821 0)
(68.789949 0.00094609795 0)
(68.789958 0.00094420268 0)
(68.789975 0.00099040797 0)
(68.789991 0.0010281626 0)
(68.789998 0.0010432529 0)
(68.789995 0.0010525274 0)
(68.77941 0.080607973 0)
(68.779488 0.08169604 0)
(68.779578 0.082822201 0)
(68.779683 0.083986423 0)
(68.779802 0.085188458 0)
(68.779937 0.086427825 0)
(68.78009 0.087703763 0)
(68.780261 0.08901517 0)
(68.780452 0.090360563 0)
(68.780664 0.091738049 0)
(68.780898 0.093145289 0)
(68.781155 0.094579464 0)
(68.781436 0.096037245 0)
(68.781741 0.097514764 0)
(68.78207 0.099007602 0)
(68.782425 0.10051077 0)
(68.782803 0.10201871 0)
(68.783206 0.10352532 0)
(68.783632 0.10502396 0)
(68.784079 0.10650749 0)
(68.784546 0.10796833 0)
(68.785031 0.10939855 0)
(68.78553 0.11078992 0)
(68.786042 0.11213405 0)
(68.786562 0.11342255 0)
(68.787087 0.11464711 0)
(68.787613 0.11579975 0)
(68.788137 0.116873 0)
(68.788655 0.11786005 0)
(68.789162 0.11875505 0)
(68.789654 0.11955318 0)
(68.79013 0.1202509 0)
(68.790584 0.12084593 0)
(68.791015 0.12133726 0)
(68.79142 0.12172504 0)
(68.791797 0.12201025 0)
(68.792145 0.12219442 0)
(68.792462 0.12227917 0)
(68.792748 0.12226591 0)
(68.793003 0.12215567 0)
(68.793226 0.12194939 0)
(68.79342 0.12164846 0)
(68.793585 0.12125578 0)
(68.793723 0.12077672 0)
(68.793836 0.12021976 0)
(68.793926 0.11959607 0)
(68.793995 0.1189179 0)
(68.794044 0.11819584 0)
(68.794075 0.11743623 0)
(68.79409 0.11664013 0)
(68.794091 0.11580555 0)
(68.79408 0.11493202 0)
(68.794059 0.11402557 0)
(68.79403 0.11309975 0)
(68.793996 0.11217044 0)
(68.793958 0.11124713 0)
(68.793914 0.11032809 0)
(68.793868 0.10940506 0)
(68.79382 0.10847473 0)
(68.793772 0.10754531 0)
(68.793726 0.10662997 0)
(68.793682 0.10573374 0)
(68.79364 0.10484969 0)
(68.793601 0.1039689 0)
(68.793568 0.10309009 0)
(68.793542 0.1022158 0)
(68.793524 0.10134189 0)
(68.793515 0.10045573 0)
(68.793518 0.099541814 0)
(68.793538 0.098582429 0)
(68.793579 0.09755232 0)
(68.79365 0.096412373 0)
(68.793761 0.095102443 0)
(68.793924 0.093537523 0)
(68.794154 0.091606926 0)
(68.794475 0.089151564 0)
(68.794901 0.08594256 0)
(68.795407 0.081739195 0)
(68.795945 0.076372899 0)
(68.796507 0.06965429 0)
(68.797064 0.061150717 0)
(68.797407 0.050407826 0)
(68.797144 0.037749243 0)
(68.796016 0.024867282 0)
(68.794239 0.014138935 0)
(68.792417 0.0070566793 0)
(68.791076 0.0034072512 0)
(68.790349 0.0019122237 0)
(68.79006 0.0013318211 0)
(68.789975 0.0010583159 0)
(68.789958 0.00094361675 0)
(68.789965 0.00094222237 0)
(68.78998 0.00098916967 0)
(68.789993 0.0010274863 0)
(68.789999 0.0010428545 0)
(68.789996 0.0010524336 0)
(68.782314 0.080406474 0)
(68.78237 0.081470443 0)
(68.782435 0.082571882 0)
(68.782509 0.083710852 0)
(68.782595 0.084887216 0)
(68.782692 0.086100629 0)
(68.782801 0.087350487 0)
(68.782923 0.088635873 0)
(68.78306 0.089955516 0)
(68.783211 0.091307762 0)
(68.783378 0.092690536 0)
(68.783562 0.094101308 0)
(68.783763 0.095537056 0)
(68.783981 0.096994235 0)
(68.784217 0.098468756 0)
(68.784471 0.099955962 0)
(68.784743 0.10145062 0)
(68.785032 0.10294693 0)
(68.785338 0.10443851 0)
(68.78566 0.10591846 0)
(68.785997 0.10737938 0)
(68.786346 0.10881344 0)
(68.786708 0.11021245 0)
(68.787078 0.11156798 0)
(68.787455 0.1128715 0)
(68.787837 0.11411451 0)
(68.78822 0.11528875 0)
(68.788602 0.11638636 0)
(68.78898 0.11740016 0)
(68.789351 0.11832382 0)
(68.789712 0.11915206 0)
(68.79006 0.11988083 0)
(68.790394 0.12050737 0)
(68.790712 0.12103025 0)
(68.79101 0.12144915 0)
(68.791289 0.12176472 0)
(68.791546 0.12197811 0)
(68.79178 0.12209068 0)
(68.791992 0.12210356 0)
(68.792181 0.1220176 0)
(68.792348 0.12183353 0)
(68.792492 0.12155266 0)
(68.792615 0.12117781 0)
(68.792719 0.12071438 0)
(68.792804 0.12017097 0)
(68.792872 0.11955895 0)
(68.792924 0.11889079 0)
(68.792962 0.11817729 0)
(68.792987 0.11742493 0)
(68.793 0.11663482 0)
(68.793002 0.11580494 0)
(68.792995 0.11493485 0)
(68.792982 0.11403071 0)
(68.792962 0.11310638 0)
(68.792939 0.11217804 0)
(68.792912 0.11125543 0)
(68.792882 0.11033677 0)
(68.792849 0.10941368 0)
(68.792815 0.10848281 0)
(68.792782 0.10755252 0)
(68.79275 0.10663628 0)
(68.792719 0.10573921 0)
(68.79269 0.1048543 0)
(68.792663 0.10397246 0)
(68.79264 0.10309239 0)
(68.792623 0.10221674 0)
(68.792611 0.10134134 0)
(68.792606 0.10045336 0)
(68.792611 0.09953707 0)
(68.792627 0.098574662 0)
(68.79266 0.097540591 0)
(68.792714 0.096395257 0)
(68.792798 0.095078536 0)
(68.79292 0.093505372 0)
(68.793092 0.091564181 0)
(68.793332 0.089096412 0)
(68.793649 0.085877245 0)
(68.794024 0.081669283 0)
(68.794425 0.076301568 0)
(68.794843 0.069583352 0)
(68.795255 0.061093898 0)
(68.795507 0.050396337 0)
(68.795312 0.037812479 0)
(68.79448 0.024999977 0)
(68.79317 0.014297777 0)
(68.791823 0.0071908601 0)
(68.790824 0.0034915608 0)
(68.790276 0.0019520816 0)
(68.790052 0.0013458451 0)
(68.789983 0.0010615722 0)
(68.789968 0.00094343922 0)
(68.789973 0.00094116328 0)
(68.789985 0.00098819637 0)
(68.789995 0.0010269286 0)
(68.789999 0.0010426058 0)
(68.789997 0.0010524968 0)
(68.785297 0.080264631 0)
(68.78533 0.081311545 0)
(68.785369 0.082395498 0)
(68.785414 0.08351661 0)
(68.785465 0.084674821 0)
(68.785524 0.085869879 0)
(68.785589 0.087101284 0)
(68.785663 0.088368243 0)
(68.785745 0.089669627 0)
(68.785836 0.091003944 0)
(68.785937 0.092369298 0)
(68.786047 0.093763355 0)
(68.786168 0.095183303 0)
(68.7863 0.096625822 0)
(68.786442 0.098087049 0)
(68.786595 0.099562561 0)
(68.786759 0.10104735 0)
(68.786934 0.10253584 0)
(68.78712 0.10402183 0)
(68.787315 0.10549861 0)
(68.787519 0.1069589 0)
(68.787732 0.10839496 0)
(68.787951 0.10979865 0)
(68.788177 0.11116154 0)
(68.788407 0.112475 0)
(68.78864 0.11373041 0)
(68.788874 0.11491933 0)
(68.789108 0.11603367 0)
(68.78934 0.11706596 0)
(68.789567 0.11800956 0)
(68.789789 0.11885887 0)
(68.790004 0.11960948 0)
(68.79021 0.1202583 0)
(68.790405 0.12080356 0)
(68.79059 0.12124466 0)
(68.790762 0.12158195 0)
(68.790922 0.12181634 0)
(68.791067 0.12194897 0)
(68.791199 0.12198078 0)
(68.791317 0.12191246 0)
(68.791421 0.12174461 0)
(68.791512 0.12147843 0)
(68.791589 0.12111671 0)
(68.791655 0.12066485 0)
(68.791709 0.12013153 0)
(68.791753 0.11952825 0)
(68.791787 0.11886762 0)
(68.791812 0.11816062 0)
(68.791829 0.1174138 0)
(68.791839 0.11662832 0)
(68.791842 0.11580213 0)
(68.791839 0.1149348 0)
(68.791833 0.11403261 0)
(68.791823 0.1131096 0)
(68.791811 0.11218221 0)
(68.791796 0.1112603 0)
(68.791779 0.11034212 0)
(68.791761 0.10941918 0)
(68.791742 0.10848807 0)
(68.791724 0.10755731 0)
(68.791706 0.10664055 0)
(68.791689 0.10574301 0)
(68.791673 0.10485758 0)
(68.791659 0.10397507 0)
(68.791648 0.10309419 0)
(68.791639 0.10221763 0)
(68.791634 0.10134122 0)
(68.791634 0.10045199 0)
(68.791639 0.099534054 0)
(68.791652 0.09856952 0)
(68.791675 0.097532655 0)
(68.791712 0.096383515 0)
(68.791767 0.095061982 0)
(68.791846 0.093482966 0)
(68.791957 0.091534284 0)
(68.79211 0.089057764 0)
(68.792311 0.085831412 0)
(68.79255 0.081620209 0)
(68.792806 0.076251701 0)
(68.793073 0.069534414 0)
(68.793336 0.061056222 0)
(68.793497 0.050392662 0)
(68.793378 0.037863924 0)
(68.792862 0.025101937 0)
(68.792046 0.014417418 0)
(68.791199 0.0072896884 0)
(68.790562 0.0035505886 0)
(68.790201 0.0019762053 0)
(68.790045 0.0013506565 0)
(68.789991 0.0010598417 0)
(68.789979 0.00094112191 0)
(68.789982 0.00093965851 0)
(68.78999 0.00098741338 0)
(68.789997 0.001026558 0)
(68.79 0.0010423898 0)
(68.789998 0.0010524317 0)
(68.788375 0.080189322 0)
(68.788385 0.081227456 0)
(68.788398 0.082302341 0)
(68.788413 0.083414138 0)
(68.788429 0.084562833 0)
(68.788448 0.085748221 0)
(68.78847 0.086969865 0)
(68.788494 0.088227043 0)
(68.78852 0.089518708 0)
(68.78855 0.09084346 0)
(68.788583 0.0921995 0)
(68.788619 0.093584605 0)
(68.788659 0.09499608 0)
(68.788703 0.096430725 0)
(68.788749 0.097884806 0)
(68.7888 0.099354028 0)
(68.788854 0.10083351 0)
(68.788912 0.10231778 0)
(68.788974 0.10380078 0)
(68.789039 0.10527586 0)
(68.789107 0.10673583 0)
(68.789178 0.10817299 0)
(68.789251 0.10957924 0)
(68.789327 0.11094612 0)
(68.789404 0.11226498 0)
(68.789482 0.11352713 0)
(68.789561 0.114724 0)
(68.78964 0.1158474 0)
(68.789718 0.11688969 0)
(68.789795 0.11784405 0)
(68.78987 0.1187047 0)
(68.789943 0.11946705 0)
(68.790013 0.12012781 0)
(68.79008 0.12068504 0)
(68.790143 0.12113797 0)
(68.790202 0.12148679 0)
(68.790257 0.12173231 0)
(68.790307 0.12187551 0)
(68.790353 0.12191727 0)
(68.790395 0.12185816 0)
(68.790431 0.12169874 0)
(68.790463 0.12144014 0)
(68.790491 0.12108514 0)
(68.790515 0.12063915 0)
(68.790535 0.1201109 0)
(68.790552 0.11951196 0)
(68.790565 0.11885506 0)
(68.790576 0.11815124 0)
(68.790584 0.11740712 0)
(68.790589 0.11662387 0)
(68.790593 0.11579941 0)
(68.790594 0.11493332 0)
(68.790594 0.11403195 0)
(68.790593 0.11310944 0)
(68.790592 0.11218239 0)
(68.790589 0.11126074 0)
(68.790586 0.11034271 0)
(68.790583 0.10941974 0)
(68.790579 0.10848842 0)
(68.790576 0.10755734 0)
(68.790573 0.10664024 0)
(68.79057 0.10574242 0)
(68.790568 0.10485669 0)
(68.790567 0.1039738 0)
(68.790566 0.10309247 0)
(68.790567 0.1022154 0)
(68.790569 0.10133844 0)
(68.790572 0.10044849 0)
(68.790578 0.099529603 0)
(68.790587 0.098563826 0)
(68.790599 0.097525295 0)
(68.790617 0.096373875 0)
(68.790641 0.095049447 0)
(68.790674 0.09346688 0)
(68.79072 0.091513637 0)
(68.790781 0.08903181 0)
(68.790861 0.085801037 0)
(68.790956 0.081587495 0)
(68.79106 0.076217804 0)
(68.791172 0.069500198 0)
(68.791286 0.061027647 0)
(68.791369 0.050382591 0)
(68.791356 0.037884823 0)
(68.7912 0.025152645 0)
(68.790923 0.014482039 0)
(68.790613 0.0073486657 0)
(68.790353 0.0035928044 0)
(68.790176 0.0020012855 0)
(68.790074 0.0013635119 0)
(68.79002 0.0010653791 0)
(68.789997 0.00094269353 0)
(68.789992 0.00093950069 0)
(68.789995 0.00098685802 0)
(68.789998 0.0010261914 0)
(68.79 0.0010422342 0)
(68.79 0.0010524472 0)
)
;

boundaryField
{
    inlet
    {
        type            fixedValue;
        value           uniform (68.79 0 0);
    }
    outlet
    {
        type            zeroGradient;
    }
    top
    {
        type            inletOutlet;
        inletValue      uniform (68.79 0 0);
        value           nonuniform List<vector> 
110
(
(68.789968 0.0040766268 0)
(68.789744 0.012944989 0)
(68.789403 0.022797613 0)
(68.789039 0.033440339 0)
(68.788734 0.043741859 0)
(68.788526 0.05274141 0)
(68.788408 0.060036778 0)
(68.788353 0.065675001 0)
(68.788335 0.069916537 0)
(68.788334 0.073064742 0)
(68.788341 0.075387781 0)
(68.788349 0.077098459 0)
(68.788358 0.078357789 0)
(68.788366 0.079285604 0)
(68.788375 0.080189322 0)
(68.788385 0.081227456 0)
(68.788398 0.082302341 0)
(68.788413 0.083414138 0)
(68.788429 0.084562833 0)
(68.788448 0.085748221 0)
(68.78847 0.086969865 0)
(68.788494 0.088227043 0)
(68.78852 0.089518708 0)
(68.78855 0.09084346 0)
(68.788583 0.0921995 0)
(68.788619 0.093584605 0)
(68.788659 0.09499608 0)
(68.788703 0.096430725 0)
(68.788749 0.097884806 0)
(68.7888 0.099354028 0)
(68.788854 0.10083351 0)
(68.788912 0.10231778 0)
(68.788974 0.10380078 0)
(68.789039 0.10527586 0)
(68.789107 0.10673583 0)
(68.789178 0.10817299 0)
(68.789251 0.10957924 0)
(68.789327 0.11094612 0)
(68.789404 0.11226498 0)
(68.789482 0.11352713 0)
(68.789561 0.114724 0)
(68.78964 0.1158474 0)
(68.789718 0.11688969 0)
(68.789795 0.11784405 0)
(68.78987 0.1187047 0)
(68.789943 0.11946705 0)
(68.790013 0.12012781 0)
(68.79008 0.12068504 0)
(68.790143 0.12113797 0)
(68.790202 0.12148679 0)
(68.790257 0.12173231 0)
(68.790307 0.12187551 0)
(68.790353 0.12191727 0)
(68.790395 0.12185816 0)
(68.790431 0.12169874 0)
(68.790463 0.12144014 0)
(68.790491 0.12108514 0)
(68.790515 0.12063915 0)
(68.790535 0.1201109 0)
(68.790552 0.11951196 0)
(68.790565 0.11885506 0)
(68.790576 0.11815124 0)
(68.790584 0.11740712 0)
(68.790589 0.11662387 0)
(68.790593 0.11579941 0)
(68.790594 0.11493332 0)
(68.790594 0.11403195 0)
(68.790593 0.11310944 0)
(68.790592 0.11218239 0)
(68.790589 0.11126074 0)
(68.790586 0.11034271 0)
(68.790583 0.10941974 0)
(68.790579 0.10848842 0)
(68.790576 0.10755734 0)
(68.790573 0.10664024 0)
(68.79057 0.10574242 0)
(68.790568 0.10485669 0)
(68.790567 0.1039738 0)
(68.790566 0.10309247 0)
(68.790567 0.1022154 0)
(68.790569 0.10133844 0)
(68.790572 0.10044849 0)
(68.790578 0.099529603 0)
(68.790587 0.098563826 0)
(68.790599 0.097525295 0)
(68.790617 0.096373875 0)
(68.790641 0.095049447 0)
(68.790674 0.09346688 0)
(68.79072 0.091513637 0)
(68.790781 0.08903181 0)
(68.790861 0.085801037 0)
(68.790956 0.081587495 0)
(68.79106 0.076217804 0)
(68.791172 0.069500198 0)
(68.791286 0.061027647 0)
(68.791369 0.050382591 0)
(68.791356 0.037884823 0)
(68.7912 0.025152645 0)
(68.790923 0.014482039 0)
(68.790613 0.0073486657 0)
(68.790353 0.0035928044 0)
(68.790176 0.0020012855 0)
(68.790074 0.0013635119 0)
(68.79002 0.0010653791 0)
(68.789997 0.00094269353 0)
(68.789992 0.00093950069 0)
(68.789995 0.00098685802 0)
(68.789998 0.0010261914 0)
(68.79 0.0010422342 0)
(68.79 0.0010524472 0)
)
;
    }
    upstreamWall
    {
        type            symmetryPlane;
    }
    plate
    {
        type            noSlip;
    }
    frontAndBack
    {
        type            empty;
    }
}


// ************************************************************************* //
