/*--------------------------------*- C++ -*----------------------------------*\
| =========                 |                                                 |
| \\      /  F ield         | OpenFOAM: The Open Source CFD Toolbox           |
|  \\    /   O peration     | Version:  2512                                  |
|   \\  /    A nd           | Website:  www.openfoam.com                      |
|    \\/     M anipulation  |                                                 |
\*---------------------------------------------------------------------------*/
FoamFile
{
    version     2.0;
    format      ascii;
    arch        "LSB;label=32;scalar=64";
    class       faceList;
    location    "constant/polyMesh";
    object      faces;
}
// * * * * * * * * * * * * * * * * * * * * * * * * * * * * * * * * * * * * * //


7286
(
4(1 12 419 408)
4(11 418 419 12)
4(2 13 420 409)
4(12 419 420 13)
4(3 14 421 410)
4(13 420 421 14)
4(4 15 422 411)
4(14 421 422 15)
4(5 16 423 412)
4(15 422 423 16)
4(6 17 424 413)
4(16 423 424 17)
4(7 18 425 414)
4(17 424 425 18)
4(8 19 426 415)
4(18 425 426 19)
4(9 20 427 416)
4(19 426 427 20)
4(20 427 428 21)
4(10 21 428 417)
4(12 23 430 419)
4(22 429 430 23)
4(13 24 431 420)
4(23 430 431 24)
4(14 25 432 421)
4(24 431 432 25)
4(15 26 433 422)
4(25 432 433 26)
4(16 27 434 423)
4(26 433 434 27)
4(17 28 435 424)
4(27 434 435 28)
4(18 29 436 425)
4(28 435 436 29)
4(19 30 437 426)
4(29 436 437 30)
4(20 31 438 427)
4(30 437 438 31)
4(31 438 439 32)
4(21 32 439 428)
4(23 34 441 430)
4(33 440 441 34)
4(24 35 442 431)
4(34 441 442 35)
4(25 36 443 432)
4(35 442 443 36)
4(26 37 444 433)
4(36 443 444 37)
4(27 38 445 434)
4(37 444 445 38)
4(28 39 446 435)
4(38 445 446 39)
4(29 40 447 436)
4(39 446 447 40)
4(30 41 448 437)
4(40 447 448 41)
4(31 42 449 438)
4(41 448 449 42)
4(42 449 450 43)
4(32 43 450 439)
4(34 45 452 441)
4(44 451 452 45)
4(35 46 453 442)
4(45 452 453 46)
4(36 47 454 443)
4(46 453 454 47)
4(37 48 455 444)
4(47 454 455 48)
4(38 49 456 445)
4(48 455 456 49)
4(39 50 457 446)
4(49 456 457 50)
4(40 51 458 447)
4(50 457 458 51)
4(41 52 459 448)
4(51 458 459 52)
4(42 53 460 449)
4(52 459 460 53)
4(53 460 461 54)
4(43 54 461 450)
4(45 56 463 452)
4(55 462 463 56)
4(46 57 464 453)
4(56 463 464 57)
4(47 58 465 454)
4(57 464 465 58)
4(48 59 466 455)
4(58 465 466 59)
4(49 60 467 456)
4(59 466 467 60)
4(50 61 468 457)
4(60 467 468 61)
4(51 62 469 458)
4(61 468 469 62)
4(52 63 470 459)
4(62 469 470 63)
4(53 64 471 460)
4(63 470 471 64)
4(64 471 472 65)
4(54 65 472 461)
4(56 67 474 463)
4(66 473 474 67)
4(57 68 475 464)
4(67 474 475 68)
4(58 69 476 465)
4(68 475 476 69)
4(59 70 477 466)
4(69 476 477 70)
4(60 71 478 467)
4(70 477 478 71)
4(61 72 479 468)
4(71 478 479 72)
4(62 73 480 469)
4(72 479 480 73)
4(63 74 481 470)
4(73 480 481 74)
4(64 75 482 471)
4(74 481 482 75)
4(75 482 483 76)
4(65 76 483 472)
4(67 78 485 474)
4(77 484 485 78)
4(68 79 486 475)
4(78 485 486 79)
4(69 80 487 476)
4(79 486 487 80)
4(70 81 488 477)
4(80 487 488 81)
4(71 82 489 478)
4(81 488 489 82)
4(72 83 490 479)
4(82 489 490 83)
4(73 84 491 480)
4(83 490 491 84)
4(74 85 492 481)
4(84 491 492 85)
4(75 86 493 482)
4(85 492 493 86)
4(86 493 494 87)
4(76 87 494 483)
4(78 89 496 485)
4(88 495 496 89)
4(79 90 497 486)
4(89 496 497 90)
4(80 91 498 487)
4(90 497 498 91)
4(81 92 499 488)
4(91 498 499 92)
4(82 93 500 489)
4(92 499 500 93)
4(83 94 501 490)
4(93 500 501 94)
4(84 95 502 491)
4(94 501 502 95)
4(85 96 503 492)
4(95 502 503 96)
4(86 97 504 493)
4(96 503 504 97)
4(97 504 505 98)
4(87 98 505 494)
4(89 100 507 496)
4(99 506 507 100)
4(90 101 508 497)
4(100 507 508 101)
4(91 102 509 498)
4(101 508 509 102)
4(92 103 510 499)
4(102 509 510 103)
4(93 104 511 500)
4(103 510 511 104)
4(94 105 512 501)
4(104 511 512 105)
4(95 106 513 502)
4(105 512 513 106)
4(96 107 514 503)
4(106 513 514 107)
4(97 108 515 504)
4(107 514 515 108)
4(108 515 516 109)
4(98 109 516 505)
4(100 111 518 507)
4(110 517 518 111)
4(101 112 519 508)
4(111 518 519 112)
4(102 113 520 509)
4(112 519 520 113)
4(103 114 521 510)
4(113 520 521 114)
4(104 115 522 511)
4(114 521 522 115)
4(105 116 523 512)
4(115 522 523 116)
4(106 117 524 513)
4(116 523 524 117)
4(107 118 525 514)
4(117 524 525 118)
4(108 119 526 515)
4(118 525 526 119)
4(119 526 527 120)
4(109 120 527 516)
4(111 122 529 518)
4(121 528 529 122)
4(112 123 530 519)
4(122 529 530 123)
4(113 124 531 520)
4(123 530 531 124)
4(114 125 532 521)
4(124 531 532 125)
4(115 126 533 522)
4(125 532 533 126)
4(116 127 534 523)
4(126 533 534 127)
4(117 128 535 524)
4(127 534 535 128)
4(118 129 536 525)
4(128 535 536 129)
4(119 130 537 526)
4(129 536 537 130)
4(130 537 538 131)
4(120 131 538 527)
4(122 133 540 529)
4(132 539 540 133)
4(123 134 541 530)
4(133 540 541 134)
4(124 135 542 531)
4(134 541 542 135)
4(125 136 543 532)
4(135 542 543 136)
4(126 137 544 533)
4(136 543 544 137)
4(127 138 545 534)
4(137 544 545 138)
4(128 139 546 535)
4(138 545 546 139)
4(129 140 547 536)
4(139 546 547 140)
4(130 141 548 537)
4(140 547 548 141)
4(141 548 549 142)
4(131 142 549 538)
4(133 144 551 540)
4(143 550 551 144)
4(134 145 552 541)
4(144 551 552 145)
4(135 146 553 542)
4(145 552 553 146)
4(136 147 554 543)
4(146 553 554 147)
4(137 148 555 544)
4(147 554 555 148)
4(138 149 556 545)
4(148 555 556 149)
4(139 150 557 546)
4(149 556 557 150)
4(140 151 558 547)
4(150 557 558 151)
4(141 152 559 548)
4(151 558 559 152)
4(152 559 560 153)
4(142 153 560 549)
4(144 155 562 551)
4(154 561 562 155)
4(145 156 563 552)
4(155 562 563 156)
4(146 157 564 553)
4(156 563 564 157)
4(147 158 565 554)
4(157 564 565 158)
4(148 159 566 555)
4(158 565 566 159)
4(149 160 567 556)
4(159 566 567 160)
4(150 161 568 557)
4(160 567 568 161)
4(151 162 569 558)
4(161 568 569 162)
4(152 163 570 559)
4(162 569 570 163)
4(163 570 571 164)
4(153 164 571 560)
4(155 166 573 562)
4(165 572 573 166)
4(156 167 574 563)
4(166 573 574 167)
4(157 168 575 564)
4(167 574 575 168)
4(158 169 576 565)
4(168 575 576 169)
4(159 170 577 566)
4(169 576 577 170)
4(160 171 578 567)
4(170 577 578 171)
4(161 172 579 568)
4(171 578 579 172)
4(162 173 580 569)
4(172 579 580 173)
4(163 174 581 570)
4(173 580 581 174)
4(174 581 582 175)
4(164 175 582 571)
4(166 177 584 573)
4(176 583 584 177)
4(167 178 585 574)
4(177 584 585 178)
4(168 179 586 575)
4(178 585 586 179)
4(169 180 587 576)
4(179 586 587 180)
4(170 181 588 577)
4(180 587 588 181)
4(171 182 589 578)
4(181 588 589 182)
4(172 183 590 579)
4(182 589 590 183)
4(173 184 591 580)
4(183 590 591 184)
4(174 185 592 581)
4(184 591 592 185)
4(185 592 593 186)
4(175 186 593 582)
4(177 188 595 584)
4(187 594 595 188)
4(178 189 596 585)
4(188 595 596 189)
4(179 190 597 586)
4(189 596 597 190)
4(180 191 598 587)
4(190 597 598 191)
4(181 192 599 588)
4(191 598 599 192)
4(182 193 600 589)
4(192 599 600 193)
4(183 194 601 590)
4(193 600 601 194)
4(184 195 602 591)
4(194 601 602 195)
4(185 196 603 592)
4(195 602 603 196)
4(196 603 604 197)
4(186 197 604 593)
4(188 199 606 595)
4(198 605 606 199)
4(189 200 607 596)
4(199 606 607 200)
4(190 201 608 597)
4(200 607 608 201)
4(191 202 609 598)
4(201 608 609 202)
4(192 203 610 599)
4(202 609 610 203)
4(193 204 611 600)
4(203 610 611 204)
4(194 205 612 601)
4(204 611 612 205)
4(195 206 613 602)
4(205 612 613 206)
4(196 207 614 603)
4(206 613 614 207)
4(207 614 615 208)
4(197 208 615 604)
4(199 210 617 606)
4(209 616 617 210)
4(200 211 618 607)
4(210 617 618 211)
4(201 212 619 608)
4(211 618 619 212)
4(202 213 620 609)
4(212 619 620 213)
4(203 214 621 610)
4(213 620 621 214)
4(204 215 622 611)
4(214 621 622 215)
4(205 216 623 612)
4(215 622 623 216)
4(206 217 624 613)
4(216 623 624 217)
4(207 218 625 614)
4(217 624 625 218)
4(218 625 626 219)
4(208 219 626 615)
4(210 221 628 617)
4(220 627 628 221)
4(211 222 629 618)
4(221 628 629 222)
4(212 223 630 619)
4(222 629 630 223)
4(213 224 631 620)
4(223 630 631 224)
4(214 225 632 621)
4(224 631 632 225)
4(215 226 633 622)
4(225 632 633 226)
4(216 227 634 623)
4(226 633 634 227)
4(217 228 635 624)
4(227 634 635 228)
4(218 229 636 625)
4(228 635 636 229)
4(229 636 637 230)
4(219 230 637 626)
4(221 232 639 628)
4(231 638 639 232)
4(222 233 640 629)
4(232 639 640 233)
4(223 234 641 630)
4(233 640 641 234)
4(224 235 642 631)
4(234 641 642 235)
4(225 236 643 632)
4(235 642 643 236)
4(226 237 644 633)
4(236 643 644 237)
4(227 238 645 634)
4(237 644 645 238)
4(228 239 646 635)
4(238 645 646 239)
4(229 240 647 636)
4(239 646 647 240)
4(240 647 648 241)
4(230 241 648 637)
4(232 243 650 639)
4(242 649 650 243)
4(233 244 651 640)
4(243 650 651 244)
4(234 245 652 641)
4(244 651 652 245)
4(235 246 653 642)
4(245 652 653 246)
4(236 247 654 643)
4(246 653 654 247)
4(237 248 655 644)
4(247 654 655 248)
4(238 249 656 645)
4(248 655 656 249)
4(239 250 657 646)
4(249 656 657 250)
4(240 251 658 647)
4(250 657 658 251)
4(251 658 659 252)
4(241 252 659 648)
4(243 254 661 650)
4(253 660 661 254)
4(244 255 662 651)
4(254 661 662 255)
4(245 256 663 652)
4(255 662 663 256)
4(246 257 664 653)
4(256 663 664 257)
4(247 258 665 654)
4(257 664 665 258)
4(248 259 666 655)
4(258 665 666 259)
4(249 260 667 656)
4(259 666 667 260)
4(250 261 668 657)
4(260 667 668 261)
4(251 262 669 658)
4(261 668 669 262)
4(262 669 670 263)
4(252 263 670 659)
4(254 265 672 661)
4(264 671 672 265)
4(255 266 673 662)
4(265 672 673 266)
4(256 267 674 663)
4(266 673 674 267)
4(257 268 675 664)
4(267 674 675 268)
4(258 269 676 665)
4(268 675 676 269)
4(259 270 677 666)
4(269 676 677 270)
4(260 271 678 667)
4(270 677 678 271)
4(261 272 679 668)
4(271 678 679 272)
4(262 273 680 669)
4(272 679 680 273)
4(273 680 681 274)
4(263 274 681 670)
4(265 276 683 672)
4(275 682 683 276)
4(266 277 684 673)
4(276 683 684 277)
4(267 278 685 674)
4(277 684 685 278)
4(268 279 686 675)
4(278 685 686 279)
4(269 280 687 676)
4(279 686 687 280)
4(270 281 688 677)
4(280 687 688 281)
4(271 282 689 678)
4(281 688 689 282)
4(272 283 690 679)
4(282 689 690 283)
4(273 284 691 680)
4(283 690 691 284)
4(284 691 692 285)
4(274 285 692 681)
4(276 287 694 683)
4(286 693 694 287)
4(277 288 695 684)
4(287 694 695 288)
4(278 289 696 685)
4(288 695 696 289)
4(279 290 697 686)
4(289 696 697 290)
4(280 291 698 687)
4(290 697 698 291)
4(281 292 699 688)
4(291 698 699 292)
4(282 293 700 689)
4(292 699 700 293)
4(283 294 701 690)
4(293 700 701 294)
4(284 295 702 691)
4(294 701 702 295)
4(295 702 703 296)
4(285 296 703 692)
4(287 298 705 694)
4(297 704 705 298)
4(288 299 706 695)
4(298 705 706 299)
4(289 300 707 696)
4(299 706 707 300)
4(290 301 708 697)
4(300 707 708 301)
4(291 302 709 698)
4(301 708 709 302)
4(292 303 710 699)
4(302 709 710 303)
4(293 304 711 700)
4(303 710 711 304)
4(294 305 712 701)
4(304 711 712 305)
4(295 306 713 702)
4(305 712 713 306)
4(306 713 714 307)
4(296 307 714 703)
4(298 309 716 705)
4(308 715 716 309)
4(299 310 717 706)
4(309 716 717 310)
4(300 311 718 707)
4(310 717 718 311)
4(301 312 719 708)
4(311 718 719 312)
4(302 313 720 709)
4(312 719 720 313)
4(303 314 721 710)
4(313 720 721 314)
4(304 315 722 711)
4(314 721 722 315)
4(305 316 723 712)
4(315 722 723 316)
4(306 317 724 713)
4(316 723 724 317)
4(317 724 725 318)
4(307 318 725 714)
4(309 320 727 716)
4(319 726 727 320)
4(310 321 728 717)
4(320 727 728 321)
4(311 322 729 718)
4(321 728 729 322)
4(312 323 730 719)
4(322 729 730 323)
4(313 324 731 720)
4(323 730 731 324)
4(314 325 732 721)
4(324 731 732 325)
4(315 326 733 722)
4(325 732 733 326)
4(316 327 734 723)
4(326 733 734 327)
4(317 328 735 724)
4(327 734 735 328)
4(328 735 736 329)
4(318 329 736 725)
4(320 331 738 727)
4(330 737 738 331)
4(321 332 739 728)
4(331 738 739 332)
4(322 333 740 729)
4(332 739 740 333)
4(323 334 741 730)
4(333 740 741 334)
4(324 335 742 731)
4(334 741 742 335)
4(325 336 743 732)
4(335 742 743 336)
4(326 337 744 733)
4(336 743 744 337)
4(327 338 745 734)
4(337 744 745 338)
4(328 339 746 735)
4(338 745 746 339)
4(339 746 747 340)
4(329 340 747 736)
4(331 342 749 738)
4(341 748 749 342)
4(332 343 750 739)
4(342 749 750 343)
4(333 344 751 740)
4(343 750 751 344)
4(334 345 752 741)
4(344 751 752 345)
4(335 346 753 742)
4(345 752 753 346)
4(336 347 754 743)
4(346 753 754 347)
4(337 348 755 744)
4(347 754 755 348)
4(338 349 756 745)
4(348 755 756 349)
4(339 350 757 746)
4(349 756 757 350)
4(350 757 758 351)
4(340 351 758 747)
4(342 353 760 749)
4(352 759 760 353)
4(343 354 761 750)
4(353 760 761 354)
4(344 355 762 751)
4(354 761 762 355)
4(345 356 763 752)
4(355 762 763 356)
4(346 357 764 753)
4(356 763 764 357)
4(347 358 765 754)
4(357 764 765 358)
4(348 359 766 755)
4(358 765 766 359)
4(349 360 767 756)
4(359 766 767 360)
4(350 361 768 757)
4(360 767 768 361)
4(361 768 769 362)
4(351 362 769 758)
4(353 364 771 760)
4(363 770 771 364)
4(354 365 772 761)
4(364 771 772 365)
4(355 366 773 762)
4(365 772 773 366)
4(356 367 774 763)
4(366 773 774 367)
4(357 368 775 764)
4(367 774 775 368)
4(358 369 776 765)
4(368 775 776 369)
4(359 370 777 766)
4(369 776 777 370)
4(360 371 778 767)
4(370 777 778 371)
4(361 372 779 768)
4(371 778 779 372)
4(372 779 780 373)
4(362 373 780 769)
4(364 375 782 771)
4(374 781 782 375)
4(365 376 783 772)
4(375 782 783 376)
4(366 377 784 773)
4(376 783 784 377)
4(367 378 785 774)
4(377 784 785 378)
4(368 379 786 775)
4(378 785 786 379)
4(369 380 787 776)
4(379 786 787 380)
4(370 381 788 777)
4(380 787 788 381)
4(371 382 789 778)
4(381 788 789 382)
4(372 383 790 779)
4(382 789 790 383)
4(383 790 791 384)
4(373 384 791 780)
4(375 386 793 782)
4(385 792 793 386)
4(376 387 794 783)
4(386 793 794 387)
4(377 388 795 784)
4(387 794 795 388)
4(378 389 796 785)
4(388 795 796 389)
4(379 390 797 786)
4(389 796 797 390)
4(380 391 798 787)
4(390 797 798 391)
4(381 392 799 788)
4(391 798 799 392)
4(382 393 800 789)
4(392 799 800 393)
4(383 394 801 790)
4(393 800 801 394)
4(394 801 802 395)
4(384 395 802 791)
4(386 397 804 793)
4(387 398 805 794)
4(388 399 806 795)
4(389 400 807 796)
4(390 401 808 797)
4(391 402 809 798)
4(392 403 810 799)
4(393 404 811 800)
4(394 405 812 801)
4(395 406 813 802)
4(814 854 2334 2294)
4(21 428 2334 854)
4(815 855 2335 2295)
4(854 2334 2335 855)
4(816 856 2336 2296)
4(855 2335 2336 856)
4(817 857 2337 2297)
4(856 2336 2337 857)
4(818 858 2338 2298)
4(857 2337 2338 858)
4(819 859 2339 2299)
4(858 2338 2339 859)
4(820 860 2340 2300)
4(859 2339 2340 860)
4(821 861 2341 2301)
4(860 2340 2341 861)
4(822 862 2342 2302)
4(861 2341 2342 862)
4(823 863 2343 2303)
4(862 2342 2343 863)
4(824 864 2344 2304)
4(863 2343 2344 864)
4(825 865 2345 2305)
4(864 2344 2345 865)
4(826 866 2346 2306)
4(865 2345 2346 866)
4(827 867 2347 2307)
4(866 2346 2347 867)
4(828 868 2348 2308)
4(867 2347 2348 868)
4(829 869 2349 2309)
4(868 2348 2349 869)
4(830 870 2350 2310)
4(869 2349 2350 870)
4(831 871 2351 2311)
4(870 2350 2351 871)
4(832 872 2352 2312)
4(871 2351 2352 872)
4(833 873 2353 2313)
4(872 2352 2353 873)
4(834 874 2354 2314)
4(873 2353 2354 874)
4(835 875 2355 2315)
4(874 2354 2355 875)
4(836 876 2356 2316)
4(875 2355 2356 876)
4(837 877 2357 2317)
4(876 2356 2357 877)
4(838 878 2358 2318)
4(877 2357 2358 878)
4(839 879 2359 2319)
4(878 2358 2359 879)
4(840 880 2360 2320)
4(879 2359 2360 880)
4(841 881 2361 2321)
4(880 2360 2361 881)
4(842 882 2362 2322)
4(881 2361 2362 882)
4(843 883 2363 2323)
4(882 2362 2363 883)
4(844 884 2364 2324)
4(883 2363 2364 884)
4(845 885 2365 2325)
4(884 2364 2365 885)
4(846 886 2366 2326)
4(885 2365 2366 886)
4(847 887 2367 2327)
4(886 2366 2367 887)
4(848 888 2368 2328)
4(887 2367 2368 888)
4(849 889 2369 2329)
4(888 2368 2369 889)
4(850 890 2370 2330)
4(889 2369 2370 890)
4(851 891 2371 2331)
4(890 2370 2371 891)
4(852 892 2372 2332)
4(891 2371 2372 892)
4(892 2372 2373 893)
4(854 894 2374 2334)
4(32 439 2374 894)
4(855 895 2375 2335)
4(894 2374 2375 895)
4(856 896 2376 2336)
4(895 2375 2376 896)
4(857 897 2377 2337)
4(896 2376 2377 897)
4(858 898 2378 2338)
4(897 2377 2378 898)
4(859 899 2379 2339)
4(898 2378 2379 899)
4(860 900 2380 2340)
4(899 2379 2380 900)
4(861 901 2381 2341)
4(900 2380 2381 901)
4(862 902 2382 2342)
4(901 2381 2382 902)
4(863 903 2383 2343)
4(902 2382 2383 903)
4(864 904 2384 2344)
4(903 2383 2384 904)
4(865 905 2385 2345)
4(904 2384 2385 905)
4(866 906 2386 2346)
4(905 2385 2386 906)
4(867 907 2387 2347)
4(906 2386 2387 907)
4(868 908 2388 2348)
4(907 2387 2388 908)
4(869 909 2389 2349)
4(908 2388 2389 909)
4(870 910 2390 2350)
4(909 2389 2390 910)
4(871 911 2391 2351)
4(910 2390 2391 911)
4(872 912 2392 2352)
4(911 2391 2392 912)
4(873 913 2393 2353)
4(912 2392 2393 913)
4(874 914 2394 2354)
4(913 2393 2394 914)
4(875 915 2395 2355)
4(914 2394 2395 915)
4(876 916 2396 2356)
4(915 2395 2396 916)
4(877 917 2397 2357)
4(916 2396 2397 917)
4(878 918 2398 2358)
4(917 2397 2398 918)
4(879 919 2399 2359)
4(918 2398 2399 919)
4(880 920 2400 2360)
4(919 2399 2400 920)
4(881 921 2401 2361)
4(920 2400 2401 921)
4(882 922 2402 2362)
4(921 2401 2402 922)
4(883 923 2403 2363)
4(922 2402 2403 923)
4(884 924 2404 2364)
4(923 2403 2404 924)
4(885 925 2405 2365)
4(924 2404 2405 925)
4(886 926 2406 2366)
4(925 2405 2406 926)
4(887 927 2407 2367)
4(926 2406 2407 927)
4(888 928 2408 2368)
4(927 2407 2408 928)
4(889 929 2409 2369)
4(928 2408 2409 929)
4(890 930 2410 2370)
4(929 2409 2410 930)
4(891 931 2411 2371)
4(930 2410 2411 931)
4(892 932 2412 2372)
4(931 2411 2412 932)
4(932 2412 2413 933)
4(894 934 2414 2374)
4(43 450 2414 934)
4(895 935 2415 2375)
4(934 2414 2415 935)
4(896 936 2416 2376)
4(935 2415 2416 936)
4(897 937 2417 2377)
4(936 2416 2417 937)
4(898 938 2418 2378)
4(937 2417 2418 938)
4(899 939 2419 2379)
4(938 2418 2419 939)
4(900 940 2420 2380)
4(939 2419 2420 940)
4(901 941 2421 2381)
4(940 2420 2421 941)
4(902 942 2422 2382)
4(941 2421 2422 942)
4(903 943 2423 2383)
4(942 2422 2423 943)
4(904 944 2424 2384)
4(943 2423 2424 944)
4(905 945 2425 2385)
4(944 2424 2425 945)
4(906 946 2426 2386)
4(945 2425 2426 946)
4(907 947 2427 2387)
4(946 2426 2427 947)
4(908 948 2428 2388)
4(947 2427 2428 948)
4(909 949 2429 2389)
4(948 2428 2429 949)
4(910 950 2430 2390)
4(949 2429 2430 950)
4(911 951 2431 2391)
4(950 2430 2431 951)
4(912 952 2432 2392)
4(951 2431 2432 952)
4(913 953 2433 2393)
4(952 2432 2433 953)
4(914 954 2434 2394)
4(953 2433 2434 954)
4(915 955 2435 2395)
4(954 2434 2435 955)
4(916 956 2436 2396)
4(955 2435 2436 956)
4(917 957 2437 2397)
4(956 2436 2437 957)
4(918 958 2438 2398)
4(957 2437 2438 958)
4(919 959 2439 2399)
4(958 2438 2439 959)
4(920 960 2440 2400)
4(959 2439 2440 960)
4(921 961 2441 2401)
4(960 2440 2441 961)
4(922 962 2442 2402)
4(961 2441 2442 962)
4(923 963 2443 2403)
4(962 2442 2443 963)
4(924 964 2444 2404)
4(963 2443 2444 964)
4(925 965 2445 2405)
4(964 2444 2445 965)
4(926 966 2446 2406)
4(965 2445 2446 966)
4(927 967 2447 2407)
4(966 2446 2447 967)
4(928 968 2448 2408)
4(967 2447 2448 968)
4(929 969 2449 2409)
4(968 2448 2449 969)
4(930 970 2450 2410)
4(969 2449 2450 970)
4(931 971 2451 2411)
4(970 2450 2451 971)
4(932 972 2452 2412)
4(971 2451 2452 972)
4(972 2452 2453 973)
4(934 974 2454 2414)
4(54 461 2454 974)
4(935 975 2455 2415)
4(974 2454 2455 975)
4(936 976 2456 2416)
4(975 2455 2456 976)
4(937 977 2457 2417)
4(976 2456 2457 977)
4(938 978 2458 2418)
4(977 2457 2458 978)
4(939 979 2459 2419)
4(978 2458 2459 979)
4(940 980 2460 2420)
4(979 2459 2460 980)
4(941 981 2461 2421)
4(980 2460 2461 981)
4(942 982 2462 2422)
4(981 2461 2462 982)
4(943 983 2463 2423)
4(982 2462 2463 983)
4(944 984 2464 2424)
4(983 2463 2464 984)
4(945 985 2465 2425)
4(984 2464 2465 985)
4(946 986 2466 2426)
4(985 2465 2466 986)
4(947 987 2467 2427)
4(986 2466 2467 987)
4(948 988 2468 2428)
4(987 2467 2468 988)
4(949 989 2469 2429)
4(988 2468 2469 989)
4(950 990 2470 2430)
4(989 2469 2470 990)
4(951 991 2471 2431)
4(990 2470 2471 991)
4(952 992 2472 2432)
4(991 2471 2472 992)
4(953 993 2473 2433)
4(992 2472 2473 993)
4(954 994 2474 2434)
4(993 2473 2474 994)
4(955 995 2475 2435)
4(994 2474 2475 995)
4(956 996 2476 2436)
4(995 2475 2476 996)
4(957 997 2477 2437)
4(996 2476 2477 997)
4(958 998 2478 2438)
4(997 2477 2478 998)
4(959 999 2479 2439)
4(998 2478 2479 999)
4(960 1000 2480 2440)
4(999 2479 2480 1000)
4(961 1001 2481 2441)
4(1000 2480 2481 1001)
4(962 1002 2482 2442)
4(1001 2481 2482 1002)
4(963 1003 2483 2443)
4(1002 2482 2483 1003)
4(964 1004 2484 2444)
4(1003 2483 2484 1004)
4(965 1005 2485 2445)
4(1004 2484 2485 1005)
4(966 1006 2486 2446)
4(1005 2485 2486 1006)
4(967 1007 2487 2447)
4(1006 2486 2487 1007)
4(968 1008 2488 2448)
4(1007 2487 2488 1008)
4(969 1009 2489 2449)
4(1008 2488 2489 1009)
4(970 1010 2490 2450)
4(1009 2489 2490 1010)
4(971 1011 2491 2451)
4(1010 2490 2491 1011)
4(972 1012 2492 2452)
4(1011 2491 2492 1012)
4(1012 2492 2493 1013)
4(974 1014 2494 2454)
4(65 472 2494 1014)
4(975 1015 2495 2455)
4(1014 2494 2495 1015)
4(976 1016 2496 2456)
4(1015 2495 2496 1016)
4(977 1017 2497 2457)
4(1016 2496 2497 1017)
4(978 1018 2498 2458)
4(1017 2497 2498 1018)
4(979 1019 2499 2459)
4(1018 2498 2499 1019)
4(980 1020 2500 2460)
4(1019 2499 2500 1020)
4(981 1021 2501 2461)
4(1020 2500 2501 1021)
4(982 1022 2502 2462)
4(1021 2501 2502 1022)
4(983 1023 2503 2463)
4(1022 2502 2503 1023)
4(984 1024 2504 2464)
4(1023 2503 2504 1024)
4(985 1025 2505 2465)
4(1024 2504 2505 1025)
4(986 1026 2506 2466)
4(1025 2505 2506 1026)
4(987 1027 2507 2467)
4(1026 2506 2507 1027)
4(988 1028 2508 2468)
4(1027 2507 2508 1028)
4(989 1029 2509 2469)
4(1028 2508 2509 1029)
4(990 1030 2510 2470)
4(1029 2509 2510 1030)
4(991 1031 2511 2471)
4(1030 2510 2511 1031)
4(992 1032 2512 2472)
4(1031 2511 2512 1032)
4(993 1033 2513 2473)
4(1032 2512 2513 1033)
4(994 1034 2514 2474)
4(1033 2513 2514 1034)
4(995 1035 2515 2475)
4(1034 2514 2515 1035)
4(996 1036 2516 2476)
4(1035 2515 2516 1036)
4(997 1037 2517 2477)
4(1036 2516 2517 1037)
4(998 1038 2518 2478)
4(1037 2517 2518 1038)
4(999 1039 2519 2479)
4(1038 2518 2519 1039)
4(1000 1040 2520 2480)
4(1039 2519 2520 1040)
4(1001 1041 2521 2481)
4(1040 2520 2521 1041)
4(1002 1042 2522 2482)
4(1041 2521 2522 1042)
4(1003 1043 2523 2483)
4(1042 2522 2523 1043)
4(1004 1044 2524 2484)
4(1043 2523 2524 1044)
4(1005 1045 2525 2485)
4(1044 2524 2525 1045)
4(1006 1046 2526 2486)
4(1045 2525 2526 1046)
4(1007 1047 2527 2487)
4(1046 2526 2527 1047)
4(1008 1048 2528 2488)
4(1047 2527 2528 1048)
4(1009 1049 2529 2489)
4(1048 2528 2529 1049)
4(1010 1050 2530 2490)
4(1049 2529 2530 1050)
4(1011 1051 2531 2491)
4(1050 2530 2531 1051)
4(1012 1052 2532 2492)
4(1051 2531 2532 1052)
4(1052 2532 2533 1053)
4(1014 1054 2534 2494)
4(76 483 2534 1054)
4(1015 1055 2535 2495)
4(1054 2534 2535 1055)
4(1016 1056 2536 2496)
4(1055 2535 2536 1056)
4(1017 1057 2537 2497)
4(1056 2536 2537 1057)
4(1018 1058 2538 2498)
4(1057 2537 2538 1058)
4(1019 1059 2539 2499)
4(1058 2538 2539 1059)
4(1020 1060 2540 2500)
4(1059 2539 2540 1060)
4(1021 1061 2541 2501)
4(1060 2540 2541 1061)
4(1022 1062 2542 2502)
4(1061 2541 2542 1062)
4(1023 1063 2543 2503)
4(1062 2542 2543 1063)
4(1024 1064 2544 2504)
4(1063 2543 2544 1064)
4(1025 1065 2545 2505)
4(1064 2544 2545 1065)
4(1026 1066 2546 2506)
4(1065 2545 2546 1066)
4(1027 1067 2547 2507)
4(1066 2546 2547 1067)
4(1028 1068 2548 2508)
4(1067 2547 2548 1068)
4(1029 1069 2549 2509)
4(1068 2548 2549 1069)
4(1030 1070 2550 2510)
4(1069 2549 2550 1070)
4(1031 1071 2551 2511)
4(1070 2550 2551 1071)
4(1032 1072 2552 2512)
4(1071 2551 2552 1072)
4(1033 1073 2553 2513)
4(1072 2552 2553 1073)
4(1034 1074 2554 2514)
4(1073 2553 2554 1074)
4(1035 1075 2555 2515)
4(1074 2554 2555 1075)
4(1036 1076 2556 2516)
4(1075 2555 2556 1076)
4(1037 1077 2557 2517)
4(1076 2556 2557 1077)
4(1038 1078 2558 2518)
4(1077 2557 2558 1078)
4(1039 1079 2559 2519)
4(1078 2558 2559 1079)
4(1040 1080 2560 2520)
4(1079 2559 2560 1080)
4(1041 1081 2561 2521)
4(1080 2560 2561 1081)
4(1042 1082 2562 2522)
4(1081 2561 2562 1082)
4(1043 1083 2563 2523)
4(1082 2562 2563 1083)
4(1044 1084 2564 2524)
4(1083 2563 2564 1084)
4(1045 1085 2565 2525)
4(1084 2564 2565 1085)
4(1046 1086 2566 2526)
4(1085 2565 2566 1086)
4(1047 1087 2567 2527)
4(1086 2566 2567 1087)
4(1048 1088 2568 2528)
4(1087 2567 2568 1088)
4(1049 1089 2569 2529)
4(1088 2568 2569 1089)
4(1050 1090 2570 2530)
4(1089 2569 2570 1090)
4(1051 1091 2571 2531)
4(1090 2570 2571 1091)
4(1052 1092 2572 2532)
4(1091 2571 2572 1092)
4(1092 2572 2573 1093)
4(1054 1094 2574 2534)
4(87 494 2574 1094)
4(1055 1095 2575 2535)
4(1094 2574 2575 1095)
4(1056 1096 2576 2536)
4(1095 2575 2576 1096)
4(1057 1097 2577 2537)
4(1096 2576 2577 1097)
4(1058 1098 2578 2538)
4(1097 2577 2578 1098)
4(1059 1099 2579 2539)
4(1098 2578 2579 1099)
4(1060 1100 2580 2540)
4(1099 2579 2580 1100)
4(1061 1101 2581 2541)
4(1100 2580 2581 1101)
4(1062 1102 2582 2542)
4(1101 2581 2582 1102)
4(1063 1103 2583 2543)
4(1102 2582 2583 1103)
4(1064 1104 2584 2544)
4(1103 2583 2584 1104)
4(1065 1105 2585 2545)
4(1104 2584 2585 1105)
4(1066 1106 2586 2546)
4(1105 2585 2586 1106)
4(1067 1107 2587 2547)
4(1106 2586 2587 1107)
4(1068 1108 2588 2548)
4(1107 2587 2588 1108)
4(1069 1109 2589 2549)
4(1108 2588 2589 1109)
4(1070 1110 2590 2550)
4(1109 2589 2590 1110)
4(1071 1111 2591 2551)
4(1110 2590 2591 1111)
4(1072 1112 2592 2552)
4(1111 2591 2592 1112)
4(1073 1113 2593 2553)
4(1112 2592 2593 1113)
4(1074 1114 2594 2554)
4(1113 2593 2594 1114)
4(1075 1115 2595 2555)
4(1114 2594 2595 1115)
4(1076 1116 2596 2556)
4(1115 2595 2596 1116)
4(1077 1117 2597 2557)
4(1116 2596 2597 1117)
4(1078 1118 2598 2558)
4(1117 2597 2598 1118)
4(1079 1119 2599 2559)
4(1118 2598 2599 1119)
4(1080 1120 2600 2560)
4(1119 2599 2600 1120)
4(1081 1121 2601 2561)
4(1120 2600 2601 1121)
4(1082 1122 2602 2562)
4(1121 2601 2602 1122)
4(1083 1123 2603 2563)
4(1122 2602 2603 1123)
4(1084 1124 2604 2564)
4(1123 2603 2604 1124)
4(1085 1125 2605 2565)
4(1124 2604 2605 1125)
4(1086 1126 2606 2566)
4(1125 2605 2606 1126)
4(1087 1127 2607 2567)
4(1126 2606 2607 1127)
4(1088 1128 2608 2568)
4(1127 2607 2608 1128)
4(1089 1129 2609 2569)
4(1128 2608 2609 1129)
4(1090 1130 2610 2570)
4(1129 2609 2610 1130)
4(1091 1131 2611 2571)
4(1130 2610 2611 1131)
4(1092 1132 2612 2572)
4(1131 2611 2612 1132)
4(1132 2612 2613 1133)
4(1094 1134 2614 2574)
4(98 505 2614 1134)
4(1095 1135 2615 2575)
4(1134 2614 2615 1135)
4(1096 1136 2616 2576)
4(1135 2615 2616 1136)
4(1097 1137 2617 2577)
4(1136 2616 2617 1137)
4(1098 1138 2618 2578)
4(1137 2617 2618 1138)
4(1099 1139 2619 2579)
4(1138 2618 2619 1139)
4(1100 1140 2620 2580)
4(1139 2619 2620 1140)
4(1101 1141 2621 2581)
4(1140 2620 2621 1141)
4(1102 1142 2622 2582)
4(1141 2621 2622 1142)
4(1103 1143 2623 2583)
4(1142 2622 2623 1143)
4(1104 1144 2624 2584)
4(1143 2623 2624 1144)
4(1105 1145 2625 2585)
4(1144 2624 2625 1145)
4(1106 1146 2626 2586)
4(1145 2625 2626 1146)
4(1107 1147 2627 2587)
4(1146 2626 2627 1147)
4(1108 1148 2628 2588)
4(1147 2627 2628 1148)
4(1109 1149 2629 2589)
4(1148 2628 2629 1149)
4(1110 1150 2630 2590)
4(1149 2629 2630 1150)
4(1111 1151 2631 2591)
4(1150 2630 2631 1151)
4(1112 1152 2632 2592)
4(1151 2631 2632 1152)
4(1113 1153 2633 2593)
4(1152 2632 2633 1153)
4(1114 1154 2634 2594)
4(1153 2633 2634 1154)
4(1115 1155 2635 2595)
4(1154 2634 2635 1155)
4(1116 1156 2636 2596)
4(1155 2635 2636 1156)
4(1117 1157 2637 2597)
4(1156 2636 2637 1157)
4(1118 1158 2638 2598)
4(1157 2637 2638 1158)
4(1119 1159 2639 2599)
4(1158 2638 2639 1159)
4(1120 1160 2640 2600)
4(1159 2639 2640 1160)
4(1121 1161 2641 2601)
4(1160 2640 2641 1161)
4(1122 1162 2642 2602)
4(1161 2641 2642 1162)
4(1123 1163 2643 2603)
4(1162 2642 2643 1163)
4(1124 1164 2644 2604)
4(1163 2643 2644 1164)
4(1125 1165 2645 2605)
4(1164 2644 2645 1165)
4(1126 1166 2646 2606)
4(1165 2645 2646 1166)
4(1127 1167 2647 2607)
4(1166 2646 2647 1167)
4(1128 1168 2648 2608)
4(1167 2647 2648 1168)
4(1129 1169 2649 2609)
4(1168 2648 2649 1169)
4(1130 1170 2650 2610)
4(1169 2649 2650 1170)
4(1131 1171 2651 2611)
4(1170 2650 2651 1171)
4(1132 1172 2652 2612)
4(1171 2651 2652 1172)
4(1172 2652 2653 1173)
4(1134 1174 2654 2614)
4(109 516 2654 1174)
4(1135 1175 2655 2615)
4(1174 2654 2655 1175)
4(1136 1176 2656 2616)
4(1175 2655 2656 1176)
4(1137 1177 2657 2617)
4(1176 2656 2657 1177)
4(1138 1178 2658 2618)
4(1177 2657 2658 1178)
4(1139 1179 2659 2619)
4(1178 2658 2659 1179)
4(1140 1180 2660 2620)
4(1179 2659 2660 1180)
4(1141 1181 2661 2621)
4(1180 2660 2661 1181)
4(1142 1182 2662 2622)
4(1181 2661 2662 1182)
4(1143 1183 2663 2623)
4(1182 2662 2663 1183)
4(1144 1184 2664 2624)
4(1183 2663 2664 1184)
4(1145 1185 2665 2625)
4(1184 2664 2665 1185)
4(1146 1186 2666 2626)
4(1185 2665 2666 1186)
4(1147 1187 2667 2627)
4(1186 2666 2667 1187)
4(1148 1188 2668 2628)
4(1187 2667 2668 1188)
4(1149 1189 2669 2629)
4(1188 2668 2669 1189)
4(1150 1190 2670 2630)
4(1189 2669 2670 1190)
4(1151 1191 2671 2631)
4(1190 2670 2671 1191)
4(1152 1192 2672 2632)
4(1191 2671 2672 1192)
4(1153 1193 2673 2633)
4(1192 2672 2673 1193)
4(1154 1194 2674 2634)
4(1193 2673 2674 1194)
4(1155 1195 2675 2635)
4(1194 2674 2675 1195)
4(1156 1196 2676 2636)
4(1195 2675 2676 1196)
4(1157 1197 2677 2637)
4(1196 2676 2677 1197)
4(1158 1198 2678 2638)
4(1197 2677 2678 1198)
4(1159 1199 2679 2639)
4(1198 2678 2679 1199)
4(1160 1200 2680 2640)
4(1199 2679 2680 1200)
4(1161 1201 2681 2641)
4(1200 2680 2681 1201)
4(1162 1202 2682 2642)
4(1201 2681 2682 1202)
4(1163 1203 2683 2643)
4(1202 2682 2683 1203)
4(1164 1204 2684 2644)
4(1203 2683 2684 1204)
4(1165 1205 2685 2645)
4(1204 2684 2685 1205)
4(1166 1206 2686 2646)
4(1205 2685 2686 1206)
4(1167 1207 2687 2647)
4(1206 2686 2687 1207)
4(1168 1208 2688 2648)
4(1207 2687 2688 1208)
4(1169 1209 2689 2649)
4(1208 2688 2689 1209)
4(1170 1210 2690 2650)
4(1209 2689 2690 1210)
4(1171 1211 2691 2651)
4(1210 2690 2691 1211)
4(1172 1212 2692 2652)
4(1211 2691 2692 1212)
4(1212 2692 2693 1213)
4(1174 1214 2694 2654)
4(120 527 2694 1214)
4(1175 1215 2695 2655)
4(1214 2694 2695 1215)
4(1176 1216 2696 2656)
4(1215 2695 2696 1216)
4(1177 1217 2697 2657)
4(1216 2696 2697 1217)
4(1178 1218 2698 2658)
4(1217 2697 2698 1218)
4(1179 1219 2699 2659)
4(1218 2698 2699 1219)
4(1180 1220 2700 2660)
4(1219 2699 2700 1220)
4(1181 1221 2701 2661)
4(1220 2700 2701 1221)
4(1182 1222 2702 2662)
4(1221 2701 2702 1222)
4(1183 1223 2703 2663)
4(1222 2702 2703 1223)
4(1184 1224 2704 2664)
4(1223 2703 2704 1224)
4(1185 1225 2705 2665)
4(1224 2704 2705 1225)
4(1186 1226 2706 2666)
4(1225 2705 2706 1226)
4(1187 1227 2707 2667)
4(1226 2706 2707 1227)
4(1188 1228 2708 2668)
4(1227 2707 2708 1228)
4(1189 1229 2709 2669)
4(1228 2708 2709 1229)
4(1190 1230 2710 2670)
4(1229 2709 2710 1230)
4(1191 1231 2711 2671)
4(1230 2710 2711 1231)
4(1192 1232 2712 2672)
4(1231 2711 2712 1232)
4(1193 1233 2713 2673)
4(1232 2712 2713 1233)
4(1194 1234 2714 2674)
4(1233 2713 2714 1234)
4(1195 1235 2715 2675)
4(1234 2714 2715 1235)
4(1196 1236 2716 2676)
4(1235 2715 2716 1236)
4(1197 1237 2717 2677)
4(1236 2716 2717 1237)
4(1198 1238 2718 2678)
4(1237 2717 2718 1238)
4(1199 1239 2719 2679)
4(1238 2718 2719 1239)
4(1200 1240 2720 2680)
4(1239 2719 2720 1240)
4(1201 1241 2721 2681)
4(1240 2720 2721 1241)
4(1202 1242 2722 2682)
4(1241 2721 2722 1242)
4(1203 1243 2723 2683)
4(1242 2722 2723 1243)
4(1204 1244 2724 2684)
4(1243 2723 2724 1244)
4(1205 1245 2725 2685)
4(1244 2724 2725 1245)
4(1206 1246 2726 2686)
4(1245 2725 2726 1246)
4(1207 1247 2727 2687)
4(1246 2726 2727 1247)
4(1208 1248 2728 2688)
4(1247 2727 2728 1248)
4(1209 1249 2729 2689)
4(1248 2728 2729 1249)
4(1210 1250 2730 2690)
4(1249 2729 2730 1250)
4(1211 1251 2731 2691)
4(1250 2730 2731 1251)
4(1212 1252 2732 2692)
4(1251 2731 2732 1252)
4(1252 2732 2733 1253)
4(1214 1254 2734 2694)
4(131 538 2734 1254)
4(1215 1255 2735 2695)
4(1254 2734 2735 1255)
4(1216 1256 2736 2696)
4(1255 2735 2736 1256)
4(1217 1257 2737 2697)
4(1256 2736 2737 1257)
4(1218 1258 2738 2698)
4(1257 2737 2738 1258)
4(1219 1259 2739 2699)
4(1258 2738 2739 1259)
4(1220 1260 2740 2700)
4(1259 2739 2740 1260)
4(1221 1261 2741 2701)
4(1260 2740 2741 1261)
4(1222 1262 2742 2702)
4(1261 2741 2742 1262)
4(1223 1263 2743 2703)
4(1262 2742 2743 1263)
4(1224 1264 2744 2704)
4(1263 2743 2744 1264)
4(1225 1265 2745 2705)
4(1264 2744 2745 1265)
4(1226 1266 2746 2706)
4(1265 2745 2746 1266)
4(1227 1267 2747 2707)
4(1266 2746 2747 1267)
4(1228 1268 2748 2708)
4(1267 2747 2748 1268)
4(1229 1269 2749 2709)
4(1268 2748 2749 1269)
4(1230 1270 2750 2710)
4(1269 2749 2750 1270)
4(1231 1271 2751 2711)
4(1270 2750 2751 1271)
4(1232 1272 2752 2712)
4(1271 2751 2752 1272)
4(1233 1273 2753 2713)
4(1272 2752 2753 1273)
4(1234 1274 2754 2714)
4(1273 2753 2754 1274)
4(1235 1275 2755 2715)
4(1274 2754 2755 1275)
4(1236 1276 2756 2716)
4(1275 2755 2756 1276)
4(1237 1277 2757 2717)
4(1276 2756 2757 1277)
4(1238 1278 2758 2718)
4(1277 2757 2758 1278)
4(1239 1279 2759 2719)
4(1278 2758 2759 1279)
4(1240 1280 2760 2720)
4(1279 2759 2760 1280)
4(1241 1281 2761 2721)
4(1280 2760 2761 1281)
4(1242 1282 2762 2722)
4(1281 2761 2762 1282)
4(1243 1283 2763 2723)
4(1282 2762 2763 1283)
4(1244 1284 2764 2724)
4(1283 2763 2764 1284)
4(1245 1285 2765 2725)
4(1284 2764 2765 1285)
4(1246 1286 2766 2726)
4(1285 2765 2766 1286)
4(1247 1287 2767 2727)
4(1286 2766 2767 1287)
4(1248 1288 2768 2728)
4(1287 2767 2768 1288)
4(1249 1289 2769 2729)
4(1288 2768 2769 1289)
4(1250 1290 2770 2730)
4(1289 2769 2770 1290)
4(1251 1291 2771 2731)
4(1290 2770 2771 1291)
4(1252 1292 2772 2732)
4(1291 2771 2772 1292)
4(1292 2772 2773 1293)
4(1254 1294 2774 2734)
4(142 549 2774 1294)
4(1255 1295 2775 2735)
4(1294 2774 2775 1295)
4(1256 1296 2776 2736)
4(1295 2775 2776 1296)
4(1257 1297 2777 2737)
4(1296 2776 2777 1297)
4(1258 1298 2778 2738)
4(1297 2777 2778 1298)
4(1259 1299 2779 2739)
4(1298 2778 2779 1299)
4(1260 1300 2780 2740)
4(1299 2779 2780 1300)
4(1261 1301 2781 2741)
4(1300 2780 2781 1301)
4(1262 1302 2782 2742)
4(1301 2781 2782 1302)
4(1263 1303 2783 2743)
4(1302 2782 2783 1303)
4(1264 1304 2784 2744)
4(1303 2783 2784 1304)
4(1265 1305 2785 2745)
4(1304 2784 2785 1305)
4(1266 1306 2786 2746)
4(1305 2785 2786 1306)
4(1267 1307 2787 2747)
4(1306 2786 2787 1307)
4(1268 1308 2788 2748)
4(1307 2787 2788 1308)
4(1269 1309 2789 2749)
4(1308 2788 2789 1309)
4(1270 1310 2790 2750)
4(1309 2789 2790 1310)
4(1271 1311 2791 2751)
4(1310 2790 2791 1311)
4(1272 1312 2792 2752)
4(1311 2791 2792 1312)
4(1273 1313 2793 2753)
4(1312 2792 2793 1313)
4(1274 1314 2794 2754)
4(1313 2793 2794 1314)
4(1275 1315 2795 2755)
4(1314 2794 2795 1315)
4(1276 1316 2796 2756)
4(1315 2795 2796 1316)
4(1277 1317 2797 2757)
4(1316 2796 2797 1317)
4(1278 1318 2798 2758)
4(1317 2797 2798 1318)
4(1279 1319 2799 2759)
4(1318 2798 2799 1319)
4(1280 1320 2800 2760)
4(1319 2799 2800 1320)
4(1281 1321 2801 2761)
4(1320 2800 2801 1321)
4(1282 1322 2802 2762)
4(1321 2801 2802 1322)
4(1283 1323 2803 2763)
4(1322 2802 2803 1323)
4(1284 1324 2804 2764)
4(1323 2803 2804 1324)
4(1285 1325 2805 2765)
4(1324 2804 2805 1325)
4(1286 1326 2806 2766)
4(1325 2805 2806 1326)
4(1287 1327 2807 2767)
4(1326 2806 2807 1327)
4(1288 1328 2808 2768)
4(1327 2807 2808 1328)
4(1289 1329 2809 2769)
4(1328 2808 2809 1329)
4(1290 1330 2810 2770)
4(1329 2809 2810 1330)
4(1291 1331 2811 2771)
4(1330 2810 2811 1331)
4(1292 1332 2812 2772)
4(1331 2811 2812 1332)
4(1332 2812 2813 1333)
4(1294 1334 2814 2774)
4(153 560 2814 1334)
4(1295 1335 2815 2775)
4(1334 2814 2815 1335)
4(1296 1336 2816 2776)
4(1335 2815 2816 1336)
4(1297 1337 2817 2777)
4(1336 2816 2817 1337)
4(1298 1338 2818 2778)
4(1337 2817 2818 1338)
4(1299 1339 2819 2779)
4(1338 2818 2819 1339)
4(1300 1340 2820 2780)
4(1339 2819 2820 1340)
4(1301 1341 2821 2781)
4(1340 2820 2821 1341)
4(1302 1342 2822 2782)
4(1341 2821 2822 1342)
4(1303 1343 2823 2783)
4(1342 2822 2823 1343)
4(1304 1344 2824 2784)
4(1343 2823 2824 1344)
4(1305 1345 2825 2785)
4(1344 2824 2825 1345)
4(1306 1346 2826 2786)
4(1345 2825 2826 1346)
4(1307 1347 2827 2787)
4(1346 2826 2827 1347)
4(1308 1348 2828 2788)
4(1347 2827 2828 1348)
4(1309 1349 2829 2789)
4(1348 2828 2829 1349)
4(1310 1350 2830 2790)
4(1349 2829 2830 1350)
4(1311 1351 2831 2791)
4(1350 2830 2831 1351)
4(1312 1352 2832 2792)
4(1351 2831 2832 1352)
4(1313 1353 2833 2793)
4(1352 2832 2833 1353)
4(1314 1354 2834 2794)
4(1353 2833 2834 1354)
4(1315 1355 2835 2795)
4(1354 2834 2835 1355)
4(1316 1356 2836 2796)
4(1355 2835 2836 1356)
4(1317 1357 2837 2797)
4(1356 2836 2837 1357)
4(1318 1358 2838 2798)
4(1357 2837 2838 1358)
4(1319 1359 2839 2799)
4(1358 2838 2839 1359)
4(1320 1360 2840 2800)
4(1359 2839 2840 1360)
4(1321 1361 2841 2801)
4(1360 2840 2841 1361)
4(1322 1362 2842 2802)
4(1361 2841 2842 1362)
4(1323 1363 2843 2803)
4(1362 2842 2843 1363)
4(1324 1364 2844 2804)
4(1363 2843 2844 1364)
4(1325 1365 2845 2805)
4(1364 2844 2845 1365)
4(1326 1366 2846 2806)
4(1365 2845 2846 1366)
4(1327 1367 2847 2807)
4(1366 2846 2847 1367)
4(1328 1368 2848 2808)
4(1367 2847 2848 1368)
4(1329 1369 2849 2809)
4(1368 2848 2849 1369)
4(1330 1370 2850 2810)
4(1369 2849 2850 1370)
4(1331 1371 2851 2811)
4(1370 2850 2851 1371)
4(1332 1372 2852 2812)
4(1371 2851 2852 1372)
4(1372 2852 2853 1373)
4(1334 1374 2854 2814)
4(164 571 2854 1374)
4(1335 1375 2855 2815)
4(1374 2854 2855 1375)
4(1336 1376 2856 2816)
4(1375 2855 2856 1376)
4(1337 1377 2857 2817)
4(1376 2856 2857 1377)
4(1338 1378 2858 2818)
4(1377 2857 2858 1378)
4(1339 1379 2859 2819)
4(1378 2858 2859 1379)
4(1340 1380 2860 2820)
4(1379 2859 2860 1380)
4(1341 1381 2861 2821)
4(1380 2860 2861 1381)
4(1342 1382 2862 2822)
4(1381 2861 2862 1382)
4(1343 1383 2863 2823)
4(1382 2862 2863 1383)
4(1344 1384 2864 2824)
4(1383 2863 2864 1384)
4(1345 1385 2865 2825)
4(1384 2864 2865 1385)
4(1346 1386 2866 2826)
4(1385 2865 2866 1386)
4(1347 1387 2867 2827)
4(1386 2866 2867 1387)
4(1348 1388 2868 2828)
4(1387 2867 2868 1388)
4(1349 1389 2869 2829)
4(1388 2868 2869 1389)
4(1350 1390 2870 2830)
4(1389 2869 2870 1390)
4(1351 1391 2871 2831)
4(1390 2870 2871 1391)
4(1352 1392 2872 2832)
4(1391 2871 2872 1392)
4(1353 1393 2873 2833)
4(1392 2872 2873 1393)
4(1354 1394 2874 2834)
4(1393 2873 2874 1394)
4(1355 1395 2875 2835)
4(1394 2874 2875 1395)
4(1356 1396 2876 2836)
4(1395 2875 2876 1396)
4(1357 1397 2877 2837)
4(1396 2876 2877 1397)
4(1358 1398 2878 2838)
4(1397 2877 2878 1398)
4(1359 1399 2879 2839)
4(1398 2878 2879 1399)
4(1360 1400 2880 2840)
4(1399 2879 2880 1400)
4(1361 1401 2881 2841)
4(1400 2880 2881 1401)
4(1362 1402 2882 2842)
4(1401 2881 2882 1402)
4(1363 1403 2883 2843)
4(1402 2882 2883 1403)
4(1364 1404 2884 2844)
4(1403 2883 2884 1404)
4(1365 1405 2885 2845)
4(1404 2884 2885 1405)
4(1366 1406 2886 2846)
4(1405 2885 2886 1406)
4(1367 1407 2887 2847)
4(1406 2886 2887 1407)
4(1368 1408 2888 2848)
4(1407 2887 2888 1408)
4(1369 1409 2889 2849)
4(1408 2888 2889 1409)
4(1370 1410 2890 2850)
4(1409 2889 2890 1410)
4(1371 1411 2891 2851)
4(1410 2890 2891 1411)
4(1372 1412 2892 2852)
4(1411 2891 2892 1412)
4(1412 2892 2893 1413)
4(1374 1414 2894 2854)
4(175 582 2894 1414)
4(1375 1415 2895 2855)
4(1414 2894 2895 1415)
4(1376 1416 2896 2856)
4(1415 2895 2896 1416)
4(1377 1417 2897 2857)
4(1416 2896 2897 1417)
4(1378 1418 2898 2858)
4(1417 2897 2898 1418)
4(1379 1419 2899 2859)
4(1418 2898 2899 1419)
4(1380 1420 2900 2860)
4(1419 2899 2900 1420)
4(1381 1421 2901 2861)
4(1420 2900 2901 1421)
4(1382 1422 2902 2862)
4(1421 2901 2902 1422)
4(1383 1423 2903 2863)
4(1422 2902 2903 1423)
4(1384 1424 2904 2864)
4(1423 2903 2904 1424)
4(1385 1425 2905 2865)
4(1424 2904 2905 1425)
4(1386 1426 2906 2866)
4(1425 2905 2906 1426)
4(1387 1427 2907 2867)
4(1426 2906 2907 1427)
4(1388 1428 2908 2868)
4(1427 2907 2908 1428)
4(1389 1429 2909 2869)
4(1428 2908 2909 1429)
4(1390 1430 2910 2870)
4(1429 2909 2910 1430)
4(1391 1431 2911 2871)
4(1430 2910 2911 1431)
4(1392 1432 2912 2872)
4(1431 2911 2912 1432)
4(1393 1433 2913 2873)
4(1432 2912 2913 1433)
4(1394 1434 2914 2874)
4(1433 2913 2914 1434)
4(1395 1435 2915 2875)
4(1434 2914 2915 1435)
4(1396 1436 2916 2876)
4(1435 2915 2916 1436)
4(1397 1437 2917 2877)
4(1436 2916 2917 1437)
4(1398 1438 2918 2878)
4(1437 2917 2918 1438)
4(1399 1439 2919 2879)
4(1438 2918 2919 1439)
4(1400 1440 2920 2880)
4(1439 2919 2920 1440)
4(1401 1441 2921 2881)
4(1440 2920 2921 1441)
4(1402 1442 2922 2882)
4(1441 2921 2922 1442)
4(1403 1443 2923 2883)
4(1442 2922 2923 1443)
4(1404 1444 2924 2884)
4(1443 2923 2924 1444)
4(1405 1445 2925 2885)
4(1444 2924 2925 1445)
4(1406 1446 2926 2886)
4(1445 2925 2926 1446)
4(1407 1447 2927 2887)
4(1446 2926 2927 1447)
4(1408 1448 2928 2888)
4(1447 2927 2928 1448)
4(1409 1449 2929 2889)
4(1448 2928 2929 1449)
4(1410 1450 2930 2890)
4(1449 2929 2930 1450)
4(1411 1451 2931 2891)
4(1450 2930 2931 1451)
4(1412 1452 2932 2892)
4(1451 2931 2932 1452)
4(1452 2932 2933 1453)
4(1414 1454 2934 2894)
4(186 593 2934 1454)
4(1415 1455 2935 2895)
4(1454 2934 2935 1455)
4(1416 1456 2936 2896)
4(1455 2935 2936 1456)
4(1417 1457 2937 2897)
4(1456 2936 2937 1457)
4(1418 1458 2938 2898)
4(1457 2937 2938 1458)
4(1419 1459 2939 2899)
4(1458 2938 2939 1459)
4(1420 1460 2940 2900)
4(1459 2939 2940 1460)
4(1421 1461 2941 2901)
4(1460 2940 2941 1461)
4(1422 1462 2942 2902)
4(1461 2941 2942 1462)
4(1423 1463 2943 2903)
4(1462 2942 2943 1463)
4(1424 1464 2944 2904)
4(1463 2943 2944 1464)
4(1425 1465 2945 2905)
4(1464 2944 2945 1465)
4(1426 1466 2946 2906)
4(1465 2945 2946 1466)
4(1427 1467 2947 2907)
4(1466 2946 2947 1467)
4(1428 1468 2948 2908)
4(1467 2947 2948 1468)
4(1429 1469 2949 2909)
4(1468 2948 2949 1469)
4(1430 1470 2950 2910)
4(1469 2949 2950 1470)
4(1431 1471 2951 2911)
4(1470 2950 2951 1471)
4(1432 1472 2952 2912)
4(1471 2951 2952 1472)
4(1433 1473 2953 2913)
4(1472 2952 2953 1473)
4(1434 1474 2954 2914)
4(1473 2953 2954 1474)
4(1435 1475 2955 2915)
4(1474 2954 2955 1475)
4(1436 1476 2956 2916)
4(1475 2955 2956 1476)
4(1437 1477 2957 2917)
4(1476 2956 2957 1477)
4(1438 1478 2958 2918)
4(1477 2957 2958 1478)
4(1439 1479 2959 2919)
4(1478 2958 2959 1479)
4(1440 1480 2960 2920)
4(1479 2959 2960 1480)
4(1441 1481 2961 2921)
4(1480 2960 2961 1481)
4(1442 1482 2962 2922)
4(1481 2961 2962 1482)
4(1443 1483 2963 2923)
4(1482 2962 2963 1483)
4(1444 1484 2964 2924)
4(1483 2963 2964 1484)
4(1445 1485 2965 2925)
4(1484 2964 2965 1485)
4(1446 1486 2966 2926)
4(1485 2965 2966 1486)
4(1447 1487 2967 2927)
4(1486 2966 2967 1487)
4(1448 1488 2968 2928)
4(1487 2967 2968 1488)
4(1449 1489 2969 2929)
4(1488 2968 2969 1489)
4(1450 1490 2970 2930)
4(1489 2969 2970 1490)
4(1451 1491 2971 2931)
4(1490 2970 2971 1491)
4(1452 1492 2972 2932)
4(1491 2971 2972 1492)
4(1492 2972 2973 1493)
4(1454 1494 2974 2934)
4(197 604 2974 1494)
4(1455 1495 2975 2935)
4(1494 2974 2975 1495)
4(1456 1496 2976 2936)
4(1495 2975 2976 1496)
4(1457 1497 2977 2937)
4(1496 2976 2977 1497)
4(1458 1498 2978 2938)
4(1497 2977 2978 1498)
4(1459 1499 2979 2939)
4(1498 2978 2979 1499)
4(1460 1500 2980 2940)
4(1499 2979 2980 1500)
4(1461 1501 2981 2941)
4(1500 2980 2981 1501)
4(1462 1502 2982 2942)
4(1501 2981 2982 1502)
4(1463 1503 2983 2943)
4(1502 2982 2983 1503)
4(1464 1504 2984 2944)
4(1503 2983 2984 1504)
4(1465 1505 2985 2945)
4(1504 2984 2985 1505)
4(1466 1506 2986 2946)
4(1505 2985 2986 1506)
4(1467 1507 2987 2947)
4(1506 2986 2987 1507)
4(1468 1508 2988 2948)
4(1507 2987 2988 1508)
4(1469 1509 2989 2949)
4(1508 2988 2989 1509)
4(1470 1510 2990 2950)
4(1509 2989 2990 1510)
4(1471 1511 2991 2951)
4(1510 2990 2991 1511)
4(1472 1512 2992 2952)
4(1511 2991 2992 1512)
4(1473 1513 2993 2953)
4(1512 2992 2993 1513)
4(1474 1514 2994 2954)
4(1513 2993 2994 1514)
4(1475 1515 2995 2955)
4(1514 2994 2995 1515)
4(1476 1516 2996 2956)
4(1515 2995 2996 1516)
4(1477 1517 2997 2957)
4(1516 2996 2997 1517)
4(1478 1518 2998 2958)
4(1517 2997 2998 1518)
4(1479 1519 2999 2959)
4(1518 2998 2999 1519)
4(1480 1520 3000 2960)
4(1519 2999 3000 1520)
4(1481 1521 3001 2961)
4(1520 3000 3001 1521)
4(1482 1522 3002 2962)
4(1521 3001 3002 1522)
4(1483 1523 3003 2963)
4(1522 3002 3003 1523)
4(1484 1524 3004 2964)
4(1523 3003 3004 1524)
4(1485 1525 3005 2965)
4(1524 3004 3005 1525)
4(1486 1526 3006 2966)
4(1525 3005 3006 1526)
4(1487 1527 3007 2967)
4(1526 3006 3007 1527)
4(1488 1528 3008 2968)
4(1527 3007 3008 1528)
4(1489 1529 3009 2969)
4(1528 3008 3009 1529)
4(1490 1530 3010 2970)
4(1529 3009 3010 1530)
4(1491 1531 3011 2971)
4(1530 3010 3011 1531)
4(1492 1532 3012 2972)
4(1531 3011 3012 1532)
4(1532 3012 3013 1533)
4(1494 1534 3014 2974)
4(208 615 3014 1534)
4(1495 1535 3015 2975)
4(1534 3014 3015 1535)
4(1496 1536 3016 2976)
4(1535 3015 3016 1536)
4(1497 1537 3017 2977)
4(1536 3016 3017 1537)
4(1498 1538 3018 2978)
4(1537 3017 3018 1538)
4(1499 1539 3019 2979)
4(1538 3018 3019 1539)
4(1500 1540 3020 2980)
4(1539 3019 3020 1540)
4(1501 1541 3021 2981)
4(1540 3020 3021 1541)
4(1502 1542 3022 2982)
4(1541 3021 3022 1542)
4(1503 1543 3023 2983)
4(1542 3022 3023 1543)
4(1504 1544 3024 2984)
4(1543 3023 3024 1544)
4(1505 1545 3025 2985)
4(1544 3024 3025 1545)
4(1506 1546 3026 2986)
4(1545 3025 3026 1546)
4(1507 1547 3027 2987)
4(1546 3026 3027 1547)
4(1508 1548 3028 2988)
4(1547 3027 3028 1548)
4(1509 1549 3029 2989)
4(1548 3028 3029 1549)
4(1510 1550 3030 2990)
4(1549 3029 3030 1550)
4(1511 1551 3031 2991)
4(1550 3030 3031 1551)
4(1512 1552 3032 2992)
4(1551 3031 3032 1552)
4(1513 1553 3033 2993)
4(1552 3032 3033 1553)
4(1514 1554 3034 2994)
4(1553 3033 3034 1554)
4(1515 1555 3035 2995)
4(1554 3034 3035 1555)
4(1516 1556 3036 2996)
4(1555 3035 3036 1556)
4(1517 1557 3037 2997)
4(1556 3036 3037 1557)
4(1518 1558 3038 2998)
4(1557 3037 3038 1558)
4(1519 1559 3039 2999)
4(1558 3038 3039 1559)
4(1520 1560 3040 3000)
4(1559 3039 3040 1560)
4(1521 1561 3041 3001)
4(1560 3040 3041 1561)
4(1522 1562 3042 3002)
4(1561 3041 3042 1562)
4(1523 1563 3043 3003)
4(1562 3042 3043 1563)
4(1524 1564 3044 3004)
4(1563 3043 3044 1564)
4(1525 1565 3045 3005)
4(1564 3044 3045 1565)
4(1526 1566 3046 3006)
4(1565 3045 3046 1566)
4(1527 1567 3047 3007)
4(1566 3046 3047 1567)
4(1528 1568 3048 3008)
4(1567 3047 3048 1568)
4(1529 1569 3049 3009)
4(1568 3048 3049 1569)
4(1530 1570 3050 3010)
4(1569 3049 3050 1570)
4(1531 1571 3051 3011)
4(1570 3050 3051 1571)
4(1532 1572 3052 3012)
4(1571 3051 3052 1572)
4(1572 3052 3053 1573)
4(1534 1574 3054 3014)
4(219 626 3054 1574)
4(1535 1575 3055 3015)
4(1574 3054 3055 1575)
4(1536 1576 3056 3016)
4(1575 3055 3056 1576)
4(1537 1577 3057 3017)
4(1576 3056 3057 1577)
4(1538 1578 3058 3018)
4(1577 3057 3058 1578)
4(1539 1579 3059 3019)
4(1578 3058 3059 1579)
4(1540 1580 3060 3020)
4(1579 3059 3060 1580)
4(1541 1581 3061 3021)
4(1580 3060 3061 1581)
4(1542 1582 3062 3022)
4(1581 3061 3062 1582)
4(1543 1583 3063 3023)
4(1582 3062 3063 1583)
4(1544 1584 3064 3024)
4(1583 3063 3064 1584)
4(1545 1585 3065 3025)
4(1584 3064 3065 1585)
4(1546 1586 3066 3026)
4(1585 3065 3066 1586)
4(1547 1587 3067 3027)
4(1586 3066 3067 1587)
4(1548 1588 3068 3028)
4(1587 3067 3068 1588)
4(1549 1589 3069 3029)
4(1588 3068 3069 1589)
4(1550 1590 3070 3030)
4(1589 3069 3070 1590)
4(1551 1591 3071 3031)
4(1590 3070 3071 1591)
4(1552 1592 3072 3032)
4(1591 3071 3072 1592)
4(1553 1593 3073 3033)
4(1592 3072 3073 1593)
4(1554 1594 3074 3034)
4(1593 3073 3074 1594)
4(1555 1595 3075 3035)
4(1594 3074 3075 1595)
4(1556 1596 3076 3036)
4(1595 3075 3076 1596)
4(1557 1597 3077 3037)
4(1596 3076 3077 1597)
4(1558 1598 3078 3038)
4(1597 3077 3078 1598)
4(1559 1599 3079 3039)
4(1598 3078 3079 1599)
4(1560 1600 3080 3040)
4(1599 3079 3080 1600)
4(1561 1601 3081 3041)
4(1600 3080 3081 1601)
4(1562 1602 3082 3042)
4(1601 3081 3082 1602)
4(1563 1603 3083 3043)
4(1602 3082 3083 1603)
4(1564 1604 3084 3044)
4(1603 3083 3084 1604)
4(1565 1605 3085 3045)
4(1604 3084 3085 1605)
4(1566 1606 3086 3046)
4(1605 3085 3086 1606)
4(1567 1607 3087 3047)
4(1606 3086 3087 1607)
4(1568 1608 3088 3048)
4(1607 3087 3088 1608)
4(1569 1609 3089 3049)
4(1608 3088 3089 1609)
4(1570 1610 3090 3050)
4(1609 3089 3090 1610)
4(1571 1611 3091 3051)
4(1610 3090 3091 1611)
4(1572 1612 3092 3052)
4(1611 3091 3092 1612)
4(1612 3092 3093 1613)
4(1574 1614 3094 3054)
4(230 637 3094 1614)
4(1575 1615 3095 3055)
4(1614 3094 3095 1615)
4(1576 1616 3096 3056)
4(1615 3095 3096 1616)
4(1577 1617 3097 3057)
4(1616 3096 3097 1617)
4(1578 1618 3098 3058)
4(1617 3097 3098 1618)
4(1579 1619 3099 3059)
4(1618 3098 3099 1619)
4(1580 1620 3100 3060)
4(1619 3099 3100 1620)
4(1581 1621 3101 3061)
4(1620 3100 3101 1621)
4(1582 1622 3102 3062)
4(1621 3101 3102 1622)
4(1583 1623 3103 3063)
4(1622 3102 3103 1623)
4(1584 1624 3104 3064)
4(1623 3103 3104 1624)
4(1585 1625 3105 3065)
4(1624 3104 3105 1625)
4(1586 1626 3106 3066)
4(1625 3105 3106 1626)
4(1587 1627 3107 3067)
4(1626 3106 3107 1627)
4(1588 1628 3108 3068)
4(1627 3107 3108 1628)
4(1589 1629 3109 3069)
4(1628 3108 3109 1629)
4(1590 1630 3110 3070)
4(1629 3109 3110 1630)
4(1591 1631 3111 3071)
4(1630 3110 3111 1631)
4(1592 1632 3112 3072)
4(1631 3111 3112 1632)
4(1593 1633 3113 3073)
4(1632 3112 3113 1633)
4(1594 1634 3114 3074)
4(1633 3113 3114 1634)
4(1595 1635 3115 3075)
4(1634 3114 3115 1635)
4(1596 1636 3116 3076)
4(1635 3115 3116 1636)
4(1597 1637 3117 3077)
4(1636 3116 3117 1637)
4(1598 1638 3118 3078)
4(1637 3117 3118 1638)
4(1599 1639 3119 3079)
4(1638 3118 3119 1639)
4(1600 1640 3120 3080)
4(1639 3119 3120 1640)
4(1601 1641 3121 3081)
4(1640 3120 3121 1641)
4(1602 1642 3122 3082)
4(1641 3121 3122 1642)
4(1603 1643 3123 3083)
4(1642 3122 3123 1643)
4(1604 1644 3124 3084)
4(1643 3123 3124 1644)
4(1605 1645 3125 3085)
4(1644 3124 3125 1645)
4(1606 1646 3126 3086)
4(1645 3125 3126 1646)
4(1607 1647 3127 3087)
4(1646 3126 3127 1647)
4(1608 1648 3128 3088)
4(1647 3127 3128 1648)
4(1609 1649 3129 3089)
4(1648 3128 3129 1649)
4(1610 1650 3130 3090)
4(1649 3129 3130 1650)
4(1611 1651 3131 3091)
4(1650 3130 3131 1651)
4(1612 1652 3132 3092)
4(1651 3131 3132 1652)
4(1652 3132 3133 1653)
4(1614 1654 3134 3094)
4(241 648 3134 1654)
4(1615 1655 3135 3095)
4(1654 3134 3135 1655)
4(1616 1656 3136 3096)
4(1655 3135 3136 1656)
4(1617 1657 3137 3097)
4(1656 3136 3137 1657)
4(1618 1658 3138 3098)
4(1657 3137 3138 1658)
4(1619 1659 3139 3099)
4(1658 3138 3139 1659)
4(1620 1660 3140 3100)
4(1659 3139 3140 1660)
4(1621 1661 3141 3101)
4(1660 3140 3141 1661)
4(1622 1662 3142 3102)
4(1661 3141 3142 1662)
4(1623 1663 3143 3103)
4(1662 3142 3143 1663)
4(1624 1664 3144 3104)
4(1663 3143 3144 1664)
4(1625 1665 3145 3105)
4(1664 3144 3145 1665)
4(1626 1666 3146 3106)
4(1665 3145 3146 1666)
4(1627 1667 3147 3107)
4(1666 3146 3147 1667)
4(1628 1668 3148 3108)
4(1667 3147 3148 1668)
4(1629 1669 3149 3109)
4(1668 3148 3149 1669)
4(1630 1670 3150 3110)
4(1669 3149 3150 1670)
4(1631 1671 3151 3111)
4(1670 3150 3151 1671)
4(1632 1672 3152 3112)
4(1671 3151 3152 1672)
4(1633 1673 3153 3113)
4(1672 3152 3153 1673)
4(1634 1674 3154 3114)
4(1673 3153 3154 1674)
4(1635 1675 3155 3115)
4(1674 3154 3155 1675)
4(1636 1676 3156 3116)
4(1675 3155 3156 1676)
4(1637 1677 3157 3117)
4(1676 3156 3157 1677)
4(1638 1678 3158 3118)
4(1677 3157 3158 1678)
4(1639 1679 3159 3119)
4(1678 3158 3159 1679)
4(1640 1680 3160 3120)
4(1679 3159 3160 1680)
4(1641 1681 3161 3121)
4(1680 3160 3161 1681)
4(1642 1682 3162 3122)
4(1681 3161 3162 1682)
4(1643 1683 3163 3123)
4(1682 3162 3163 1683)
4(1644 1684 3164 3124)
4(1683 3163 3164 1684)
4(1645 1685 3165 3125)
4(1684 3164 3165 1685)
4(1646 1686 3166 3126)
4(1685 3165 3166 1686)
4(1647 1687 3167 3127)
4(1686 3166 3167 1687)
4(1648 1688 3168 3128)
4(1687 3167 3168 1688)
4(1649 1689 3169 3129)
4(1688 3168 3169 1689)
4(1650 1690 3170 3130)
4(1689 3169 3170 1690)
4(1651 1691 3171 3131)
4(1690 3170 3171 1691)
4(1652 1692 3172 3132)
4(1691 3171 3172 1692)
4(1692 3172 3173 1693)
4(1654 1694 3174 3134)
4(252 659 3174 1694)
4(1655 1695 3175 3135)
4(1694 3174 3175 1695)
4(1656 1696 3176 3136)
4(1695 3175 3176 1696)
4(1657 1697 3177 3137)
4(1696 3176 3177 1697)
4(1658 1698 3178 3138)
4(1697 3177 3178 1698)
4(1659 1699 3179 3139)
4(1698 3178 3179 1699)
4(1660 1700 3180 3140)
4(1699 3179 3180 1700)
4(1661 1701 3181 3141)
4(1700 3180 3181 1701)
4(1662 1702 3182 3142)
4(1701 3181 3182 1702)
4(1663 1703 3183 3143)
4(1702 3182 3183 1703)
4(1664 1704 3184 3144)
4(1703 3183 3184 1704)
4(1665 1705 3185 3145)
4(1704 3184 3185 1705)
4(1666 1706 3186 3146)
4(1705 3185 3186 1706)
4(1667 1707 3187 3147)
4(1706 3186 3187 1707)
4(1668 1708 3188 3148)
4(1707 3187 3188 1708)
4(1669 1709 3189 3149)
4(1708 3188 3189 1709)
4(1670 1710 3190 3150)
4(1709 3189 3190 1710)
4(1671 1711 3191 3151)
4(1710 3190 3191 1711)
4(1672 1712 3192 3152)
4(1711 3191 3192 1712)
4(1673 1713 3193 3153)
4(1712 3192 3193 1713)
4(1674 1714 3194 3154)
4(1713 3193 3194 1714)
4(1675 1715 3195 3155)
4(1714 3194 3195 1715)
4(1676 1716 3196 3156)
4(1715 3195 3196 1716)
4(1677 1717 3197 3157)
4(1716 3196 3197 1717)
4(1678 1718 3198 3158)
4(1717 3197 3198 1718)
4(1679 1719 3199 3159)
4(1718 3198 3199 1719)
4(1680 1720 3200 3160)
4(1719 3199 3200 1720)
4(1681 1721 3201 3161)
4(1720 3200 3201 1721)
4(1682 1722 3202 3162)
4(1721 3201 3202 1722)
4(1683 1723 3203 3163)
4(1722 3202 3203 1723)
4(1684 1724 3204 3164)
4(1723 3203 3204 1724)
4(1685 1725 3205 3165)
4(1724 3204 3205 1725)
4(1686 1726 3206 3166)
4(1725 3205 3206 1726)
4(1687 1727 3207 3167)
4(1726 3206 3207 1727)
4(1688 1728 3208 3168)
4(1727 3207 3208 1728)
4(1689 1729 3209 3169)
4(1728 3208 3209 1729)
4(1690 1730 3210 3170)
4(1729 3209 3210 1730)
4(1691 1731 3211 3171)
4(1730 3210 3211 1731)
4(1692 1732 3212 3172)
4(1731 3211 3212 1732)
4(1732 3212 3213 1733)
4(1694 1734 3214 3174)
4(263 670 3214 1734)
4(1695 1735 3215 3175)
4(1734 3214 3215 1735)
4(1696 1736 3216 3176)
4(1735 3215 3216 1736)
4(1697 1737 3217 3177)
4(1736 3216 3217 1737)
4(1698 1738 3218 3178)
4(1737 3217 3218 1738)
4(1699 1739 3219 3179)
4(1738 3218 3219 1739)
4(1700 1740 3220 3180)
4(1739 3219 3220 1740)
4(1701 1741 3221 3181)
4(1740 3220 3221 1741)
4(1702 1742 3222 3182)
4(1741 3221 3222 1742)
4(1703 1743 3223 3183)
4(1742 3222 3223 1743)
4(1704 1744 3224 3184)
4(1743 3223 3224 1744)
4(1705 1745 3225 3185)
4(1744 3224 3225 1745)
4(1706 1746 3226 3186)
4(1745 3225 3226 1746)
4(1707 1747 3227 3187)
4(1746 3226 3227 1747)
4(1708 1748 3228 3188)
4(1747 3227 3228 1748)
4(1709 1749 3229 3189)
4(1748 3228 3229 1749)
4(1710 1750 3230 3190)
4(1749 3229 3230 1750)
4(1711 1751 3231 3191)
4(1750 3230 3231 1751)
4(1712 1752 3232 3192)
4(1751 3231 3232 1752)
4(1713 1753 3233 3193)
4(1752 3232 3233 1753)
4(1714 1754 3234 3194)
4(1753 3233 3234 1754)
4(1715 1755 3235 3195)
4(1754 3234 3235 1755)
4(1716 1756 3236 3196)
4(1755 3235 3236 1756)
4(1717 1757 3237 3197)
4(1756 3236 3237 1757)
4(1718 1758 3238 3198)
4(1757 3237 3238 1758)
4(1719 1759 3239 3199)
4(1758 3238 3239 1759)
4(1720 1760 3240 3200)
4(1759 3239 3240 1760)
4(1721 1761 3241 3201)
4(1760 3240 3241 1761)
4(1722 1762 3242 3202)
4(1761 3241 3242 1762)
4(1723 1763 3243 3203)
4(1762 3242 3243 1763)
4(1724 1764 3244 3204)
4(1763 3243 3244 1764)
4(1725 1765 3245 3205)
4(1764 3244 3245 1765)
4(1726 1766 3246 3206)
4(1765 3245 3246 1766)
4(1727 1767 3247 3207)
4(1766 3246 3247 1767)
4(1728 1768 3248 3208)
4(1767 3247 3248 1768)
4(1729 1769 3249 3209)
4(1768 3248 3249 1769)
4(1730 1770 3250 3210)
4(1769 3249 3250 1770)
4(1731 1771 3251 3211)
4(1770 3250 3251 1771)
4(1732 1772 3252 3212)
4(1771 3251 3252 1772)
4(1772 3252 3253 1773)
4(1734 1774 3254 3214)
4(274 681 3254 1774)
4(1735 1775 3255 3215)
4(1774 3254 3255 1775)
4(1736 1776 3256 3216)
4(1775 3255 3256 1776)
4(1737 1777 3257 3217)
4(1776 3256 3257 1777)
4(1738 1778 3258 3218)
4(1777 3257 3258 1778)
4(1739 1779 3259 3219)
4(1778 3258 3259 1779)
4(1740 1780 3260 3220)
4(1779 3259 3260 1780)
4(1741 1781 3261 3221)
4(1780 3260 3261 1781)
4(1742 1782 3262 3222)
4(1781 3261 3262 1782)
4(1743 1783 3263 3223)
4(1782 3262 3263 1783)
4(1744 1784 3264 3224)
4(1783 3263 3264 1784)
4(1745 1785 3265 3225)
4(1784 3264 3265 1785)
4(1746 1786 3266 3226)
4(1785 3265 3266 1786)
4(1747 1787 3267 3227)
4(1786 3266 3267 1787)
4(1748 1788 3268 3228)
4(1787 3267 3268 1788)
4(1749 1789 3269 3229)
4(1788 3268 3269 1789)
4(1750 1790 3270 3230)
4(1789 3269 3270 1790)
4(1751 1791 3271 3231)
4(1790 3270 3271 1791)
4(1752 1792 3272 3232)
4(1791 3271 3272 1792)
4(1753 1793 3273 3233)
4(1792 3272 3273 1793)
4(1754 1794 3274 3234)
4(1793 3273 3274 1794)
4(1755 1795 3275 3235)
4(1794 3274 3275 1795)
4(1756 1796 3276 3236)
4(1795 3275 3276 1796)
4(1757 1797 3277 3237)
4(1796 3276 3277 1797)
4(1758 1798 3278 3238)
4(1797 3277 3278 1798)
4(1759 1799 3279 3239)
4(1798 3278 3279 1799)
4(1760 1800 3280 3240)
4(1799 3279 3280 1800)
4(1761 1801 3281 3241)
4(1800 3280 3281 1801)
4(1762 1802 3282 3242)
4(1801 3281 3282 1802)
4(1763 1803 3283 3243)
4(1802 3282 3283 1803)
4(1764 1804 3284 3244)
4(1803 3283 3284 1804)
4(1765 1805 3285 3245)
4(1804 3284 3285 1805)
4(1766 1806 3286 3246)
4(1805 3285 3286 1806)
4(1767 1807 3287 3247)
4(1806 3286 3287 1807)
4(1768 1808 3288 3248)
4(1807 3287 3288 1808)
4(1769 1809 3289 3249)
4(1808 3288 3289 1809)
4(1770 1810 3290 3250)
4(1809 3289 3290 1810)
4(1771 1811 3291 3251)
4(1810 3290 3291 1811)
4(1772 1812 3292 3252)
4(1811 3291 3292 1812)
4(1812 3292 3293 1813)
4(1774 1814 3294 3254)
4(285 692 3294 1814)
4(1775 1815 3295 3255)
4(1814 3294 3295 1815)
4(1776 1816 3296 3256)
4(1815 3295 3296 1816)
4(1777 1817 3297 3257)
4(1816 3296 3297 1817)
4(1778 1818 3298 3258)
4(1817 3297 3298 1818)
4(1779 1819 3299 3259)
4(1818 3298 3299 1819)
4(1780 1820 3300 3260)
4(1819 3299 3300 1820)
4(1781 1821 3301 3261)
4(1820 3300 3301 1821)
4(1782 1822 3302 3262)
4(1821 3301 3302 1822)
4(1783 1823 3303 3263)
4(1822 3302 3303 1823)
4(1784 1824 3304 3264)
4(1823 3303 3304 1824)
4(1785 1825 3305 3265)
4(1824 3304 3305 1825)
4(1786 1826 3306 3266)
4(1825 3305 3306 1826)
4(1787 1827 3307 3267)
4(1826 3306 3307 1827)
4(1788 1828 3308 3268)
4(1827 3307 3308 1828)
4(1789 1829 3309 3269)
4(1828 3308 3309 1829)
4(1790 1830 3310 3270)
4(1829 3309 3310 1830)
4(1791 1831 3311 3271)
4(1830 3310 3311 1831)
4(1792 1832 3312 3272)
4(1831 3311 3312 1832)
4(1793 1833 3313 3273)
4(1832 3312 3313 1833)
4(1794 1834 3314 3274)
4(1833 3313 3314 1834)
4(1795 1835 3315 3275)
4(1834 3314 3315 1835)
4(1796 1836 3316 3276)
4(1835 3315 3316 1836)
4(1797 1837 3317 3277)
4(1836 3316 3317 1837)
4(1798 1838 3318 3278)
4(1837 3317 3318 1838)
4(1799 1839 3319 3279)
4(1838 3318 3319 1839)
4(1800 1840 3320 3280)
4(1839 3319 3320 1840)
4(1801 1841 3321 3281)
4(1840 3320 3321 1841)
4(1802 1842 3322 3282)
4(1841 3321 3322 1842)
4(1803 1843 3323 3283)
4(1842 3322 3323 1843)
4(1804 1844 3324 3284)
4(1843 3323 3324 1844)
4(1805 1845 3325 3285)
4(1844 3324 3325 1845)
4(1806 1846 3326 3286)
4(1845 3325 3326 1846)
4(1807 1847 3327 3287)
4(1846 3326 3327 1847)
4(1808 1848 3328 3288)
4(1847 3327 3328 1848)
4(1809 1849 3329 3289)
4(1848 3328 3329 1849)
4(1810 1850 3330 3290)
4(1849 3329 3330 1850)
4(1811 1851 3331 3291)
4(1850 3330 3331 1851)
4(1812 1852 3332 3292)
4(1851 3331 3332 1852)
4(1852 3332 3333 1853)
4(1814 1854 3334 3294)
4(296 703 3334 1854)
4(1815 1855 3335 3295)
4(1854 3334 3335 1855)
4(1816 1856 3336 3296)
4(1855 3335 3336 1856)
4(1817 1857 3337 3297)
4(1856 3336 3337 1857)
4(1818 1858 3338 3298)
4(1857 3337 3338 1858)
4(1819 1859 3339 3299)
4(1858 3338 3339 1859)
4(1820 1860 3340 3300)
4(1859 3339 3340 1860)
4(1821 1861 3341 3301)
4(1860 3340 3341 1861)
4(1822 1862 3342 3302)
4(1861 3341 3342 1862)
4(1823 1863 3343 3303)
4(1862 3342 3343 1863)
4(1824 1864 3344 3304)
4(1863 3343 3344 1864)
4(1825 1865 3345 3305)
4(1864 3344 3345 1865)
4(1826 1866 3346 3306)
4(1865 3345 3346 1866)
4(1827 1867 3347 3307)
4(1866 3346 3347 1867)
4(1828 1868 3348 3308)
4(1867 3347 3348 1868)
4(1829 1869 3349 3309)
4(1868 3348 3349 1869)
4(1830 1870 3350 3310)
4(1869 3349 3350 1870)
4(1831 1871 3351 3311)
4(1870 3350 3351 1871)
4(1832 1872 3352 3312)
4(1871 3351 3352 1872)
4(1833 1873 3353 3313)
4(1872 3352 3353 1873)
4(1834 1874 3354 3314)
4(1873 3353 3354 1874)
4(1835 1875 3355 3315)
4(1874 3354 3355 1875)
4(1836 1876 3356 3316)
4(1875 3355 3356 1876)
4(1837 1877 3357 3317)
4(1876 3356 3357 1877)
4(1838 1878 3358 3318)
4(1877 3357 3358 1878)
4(1839 1879 3359 3319)
4(1878 3358 3359 1879)
4(1840 1880 3360 3320)
4(1879 3359 3360 1880)
4(1841 1881 3361 3321)
4(1880 3360 3361 1881)
4(1842 1882 3362 3322)
4(1881 3361 3362 1882)
4(1843 1883 3363 3323)
4(1882 3362 3363 1883)
4(1844 1884 3364 3324)
4(1883 3363 3364 1884)
4(1845 1885 3365 3325)
4(1884 3364 3365 1885)
4(1846 1886 3366 3326)
4(1885 3365 3366 1886)
4(1847 1887 3367 3327)
4(1886 3366 3367 1887)
4(1848 1888 3368 3328)
4(1887 3367 3368 1888)
4(1849 1889 3369 3329)
4(1888 3368 3369 1889)
4(1850 1890 3370 3330)
4(1889 3369 3370 1890)
4(1851 1891 3371 3331)
4(1890 3370 3371 1891)
4(1852 1892 3372 3332)
4(1891 3371 3372 1892)
4(1892 3372 3373 1893)
4(1854 1894 3374 3334)
4(307 714 3374 1894)
4(1855 1895 3375 3335)
4(1894 3374 3375 1895)
4(1856 1896 3376 3336)
4(1895 3375 3376 1896)
4(1857 1897 3377 3337)
4(1896 3376 3377 1897)
4(1858 1898 3378 3338)
4(1897 3377 3378 1898)
4(1859 1899 3379 3339)
4(1898 3378 3379 1899)
4(1860 1900 3380 3340)
4(1899 3379 3380 1900)
4(1861 1901 3381 3341)
4(1900 3380 3381 1901)
4(1862 1902 3382 3342)
4(1901 3381 3382 1902)
4(1863 1903 3383 3343)
4(1902 3382 3383 1903)
4(1864 1904 3384 3344)
4(1903 3383 3384 1904)
4(1865 1905 3385 3345)
4(1904 3384 3385 1905)
4(1866 1906 3386 3346)
4(1905 3385 3386 1906)
4(1867 1907 3387 3347)
4(1906 3386 3387 1907)
4(1868 1908 3388 3348)
4(1907 3387 3388 1908)
4(1869 1909 3389 3349)
4(1908 3388 3389 1909)
4(1870 1910 3390 3350)
4(1909 3389 3390 1910)
4(1871 1911 3391 3351)
4(1910 3390 3391 1911)
4(1872 1912 3392 3352)
4(1911 3391 3392 1912)
4(1873 1913 3393 3353)
4(1912 3392 3393 1913)
4(1874 1914 3394 3354)
4(1913 3393 3394 1914)
4(1875 1915 3395 3355)
4(1914 3394 3395 1915)
4(1876 1916 3396 3356)
4(1915 3395 3396 1916)
4(1877 1917 3397 3357)
4(1916 3396 3397 1917)
4(1878 1918 3398 3358)
4(1917 3397 3398 1918)
4(1879 1919 3399 3359)
4(1918 3398 3399 1919)
4(1880 1920 3400 3360)
4(1919 3399 3400 1920)
4(1881 1921 3401 3361)
4(1920 3400 3401 1921)
4(1882 1922 3402 3362)
4(1921 3401 3402 1922)
4(1883 1923 3403 3363)
4(1922 3402 3403 1923)
4(1884 1924 3404 3364)
4(1923 3403 3404 1924)
4(1885 1925 3405 3365)
4(1924 3404 3405 1925)
4(1886 1926 3406 3366)
4(1925 3405 3406 1926)
4(1887 1927 3407 3367)
4(1926 3406 3407 1927)
4(1888 1928 3408 3368)
4(1927 3407 3408 1928)
4(1889 1929 3409 3369)
4(1928 3408 3409 1929)
4(1890 1930 3410 3370)
4(1929 3409 3410 1930)
4(1891 1931 3411 3371)
4(1930 3410 3411 1931)
4(1892 1932 3412 3372)
4(1931 3411 3412 1932)
4(1932 3412 3413 1933)
4(1894 1934 3414 3374)
4(318 725 3414 1934)
4(1895 1935 3415 3375)
4(1934 3414 3415 1935)
4(1896 1936 3416 3376)
4(1935 3415 3416 1936)
4(1897 1937 3417 3377)
4(1936 3416 3417 1937)
4(1898 1938 3418 3378)
4(1937 3417 3418 1938)
4(1899 1939 3419 3379)
4(1938 3418 3419 1939)
4(1900 1940 3420 3380)
4(1939 3419 3420 1940)
4(1901 1941 3421 3381)
4(1940 3420 3421 1941)
4(1902 1942 3422 3382)
4(1941 3421 3422 1942)
4(1903 1943 3423 3383)
4(1942 3422 3423 1943)
4(1904 1944 3424 3384)
4(1943 3423 3424 1944)
4(1905 1945 3425 3385)
4(1944 3424 3425 1945)
4(1906 1946 3426 3386)
4(1945 3425 3426 1946)
4(1907 1947 3427 3387)
4(1946 3426 3427 1947)
4(1908 1948 3428 3388)
4(1947 3427 3428 1948)
4(1909 1949 3429 3389)
4(1948 3428 3429 1949)
4(1910 1950 3430 3390)
4(1949 3429 3430 1950)
4(1911 1951 3431 3391)
4(1950 3430 3431 1951)
4(1912 1952 3432 3392)
4(1951 3431 3432 1952)
4(1913 1953 3433 3393)
4(1952 3432 3433 1953)
4(1914 1954 3434 3394)
4(1953 3433 3434 1954)
4(1915 1955 3435 3395)
4(1954 3434 3435 1955)
4(1916 1956 3436 3396)
4(1955 3435 3436 1956)
4(1917 1957 3437 3397)
4(1956 3436 3437 1957)
4(1918 1958 3438 3398)
4(1957 3437 3438 1958)
4(1919 1959 3439 3399)
4(1958 3438 3439 1959)
4(1920 1960 3440 3400)
4(1959 3439 3440 1960)
4(1921 1961 3441 3401)
4(1960 3440 3441 1961)
4(1922 1962 3442 3402)
4(1961 3441 3442 1962)
4(1923 1963 3443 3403)
4(1962 3442 3443 1963)
4(1924 1964 3444 3404)
4(1963 3443 3444 1964)
4(1925 1965 3445 3405)
4(1964 3444 3445 1965)
4(1926 1966 3446 3406)
4(1965 3445 3446 1966)
4(1927 1967 3447 3407)
4(1966 3446 3447 1967)
4(1928 1968 3448 3408)
4(1967 3447 3448 1968)
4(1929 1969 3449 3409)
4(1968 3448 3449 1969)
4(1930 1970 3450 3410)
4(1969 3449 3450 1970)
4(1931 1971 3451 3411)
4(1970 3450 3451 1971)
4(1932 1972 3452 3412)
4(1971 3451 3452 1972)
4(1972 3452 3453 1973)
4(1934 1974 3454 3414)
4(329 736 3454 1974)
4(1935 1975 3455 3415)
4(1974 3454 3455 1975)
4(1936 1976 3456 3416)
4(1975 3455 3456 1976)
4(1937 1977 3457 3417)
4(1976 3456 3457 1977)
4(1938 1978 3458 3418)
4(1977 3457 3458 1978)
4(1939 1979 3459 3419)
4(1978 3458 3459 1979)
4(1940 1980 3460 3420)
4(1979 3459 3460 1980)
4(1941 1981 3461 3421)
4(1980 3460 3461 1981)
4(1942 1982 3462 3422)
4(1981 3461 3462 1982)
4(1943 1983 3463 3423)
4(1982 3462 3463 1983)
4(1944 1984 3464 3424)
4(1983 3463 3464 1984)
4(1945 1985 3465 3425)
4(1984 3464 3465 1985)
4(1946 1986 3466 3426)
4(1985 3465 3466 1986)
4(1947 1987 3467 3427)
4(1986 3466 3467 1987)
4(1948 1988 3468 3428)
4(1987 3467 3468 1988)
4(1949 1989 3469 3429)
4(1988 3468 3469 1989)
4(1950 1990 3470 3430)
4(1989 3469 3470 1990)
4(1951 1991 3471 3431)
4(1990 3470 3471 1991)
4(1952 1992 3472 3432)
4(1991 3471 3472 1992)
4(1953 1993 3473 3433)
4(1992 3472 3473 1993)
4(1954 1994 3474 3434)
4(1993 3473 3474 1994)
4(1955 1995 3475 3435)
4(1994 3474 3475 1995)
4(1956 1996 3476 3436)
4(1995 3475 3476 1996)
4(1957 1997 3477 3437)
4(1996 3476 3477 1997)
4(1958 1998 3478 3438)
4(1997 3477 3478 1998)
4(1959 1999 3479 3439)
4(1998 3478 3479 1999)
4(1960 2000 3480 3440)
4(1999 3479 3480 2000)
4(1961 2001 3481 3441)
4(2000 3480 3481 2001)
4(1962 2002 3482 3442)
4(2001 3481 3482 2002)
4(1963 2003 3483 3443)
4(2002 3482 3483 2003)
4(1964 2004 3484 3444)
4(2003 3483 3484 2004)
4(1965 2005 3485 3445)
4(2004 3484 3485 2005)
4(1966 2006 3486 3446)
4(2005 3485 3486 2006)
4(1967 2007 3487 3447)
4(2006 3486 3487 2007)
4(1968 2008 3488 3448)
4(2007 3487 3488 2008)
4(1969 2009 3489 3449)
4(2008 3488 3489 2009)
4(1970 2010 3490 3450)
4(2009 3489 3490 2010)
4(1971 2011 3491 3451)
4(2010 3490 3491 2011)
4(1972 2012 3492 3452)
4(2011 3491 3492 2012)
4(2012 3492 3493 2013)
4(1974 2014 3494 3454)
4(340 747 3494 2014)
4(1975 2015 3495 3455)
4(2014 3494 3495 2015)
4(1976 2016 3496 3456)
4(2015 3495 3496 2016)
4(1977 2017 3497 3457)
4(2016 3496 3497 2017)
4(1978 2018 3498 3458)
4(2017 3497 3498 2018)
4(1979 2019 3499 3459)
4(2018 3498 3499 2019)
4(1980 2020 3500 3460)
4(2019 3499 3500 2020)
4(1981 2021 3501 3461)
4(2020 3500 3501 2021)
4(1982 2022 3502 3462)
4(2021 3501 3502 2022)
4(1983 2023 3503 3463)
4(2022 3502 3503 2023)
4(1984 2024 3504 3464)
4(2023 3503 3504 2024)
4(1985 2025 3505 3465)
4(2024 3504 3505 2025)
4(1986 2026 3506 3466)
4(2025 3505 3506 2026)
4(1987 2027 3507 3467)
4(2026 3506 3507 2027)
4(1988 2028 3508 3468)
4(2027 3507 3508 2028)
4(1989 2029 3509 3469)
4(2028 3508 3509 2029)
4(1990 2030 3510 3470)
4(2029 3509 3510 2030)
4(1991 2031 3511 3471)
4(2030 3510 3511 2031)
4(1992 2032 3512 3472)
4(2031 3511 3512 2032)
4(1993 2033 3513 3473)
4(2032 3512 3513 2033)
4(1994 2034 3514 3474)
4(2033 3513 3514 2034)
4(1995 2035 3515 3475)
4(2034 3514 3515 2035)
4(1996 2036 3516 3476)
4(2035 3515 3516 2036)
4(1997 2037 3517 3477)
4(2036 3516 3517 2037)
4(1998 2038 3518 3478)
4(2037 3517 3518 2038)
4(1999 2039 3519 3479)
4(2038 3518 3519 2039)
4(2000 2040 3520 3480)
4(2039 3519 3520 2040)
4(2001 2041 3521 3481)
4(2040 3520 3521 2041)
4(2002 2042 3522 3482)
4(2041 3521 3522 2042)
4(2003 2043 3523 3483)
4(2042 3522 3523 2043)
4(2004 2044 3524 3484)
4(2043 3523 3524 2044)
4(2005 2045 3525 3485)
4(2044 3524 3525 2045)
4(2006 2046 3526 3486)
4(2045 3525 3526 2046)
4(2007 2047 3527 3487)
4(2046 3526 3527 2047)
4(2008 2048 3528 3488)
4(2047 3527 3528 2048)
4(2009 2049 3529 3489)
4(2048 3528 3529 2049)
4(2010 2050 3530 3490)
4(2049 3529 3530 2050)
4(2011 2051 3531 3491)
4(2050 3530 3531 2051)
4(2012 2052 3532 3492)
4(2051 3531 3532 2052)
4(2052 3532 3533 2053)
4(2014 2054 3534 3494)
4(351 758 3534 2054)
4(2015 2055 3535 3495)
4(2054 3534 3535 2055)
4(2016 2056 3536 3496)
4(2055 3535 3536 2056)
4(2017 2057 3537 3497)
4(2056 3536 3537 2057)
4(2018 2058 3538 3498)
4(2057 3537 3538 2058)
4(2019 2059 3539 3499)
4(2058 3538 3539 2059)
4(2020 2060 3540 3500)
4(2059 3539 3540 2060)
4(2021 2061 3541 3501)
4(2060 3540 3541 2061)
4(2022 2062 3542 3502)
4(2061 3541 3542 2062)
4(2023 2063 3543 3503)
4(2062 3542 3543 2063)
4(2024 2064 3544 3504)
4(2063 3543 3544 2064)
4(2025 2065 3545 3505)
4(2064 3544 3545 2065)
4(2026 2066 3546 3506)
4(2065 3545 3546 2066)
4(2027 2067 3547 3507)
4(2066 3546 3547 2067)
4(2028 2068 3548 3508)
4(2067 3547 3548 2068)
4(2029 2069 3549 3509)
4(2068 3548 3549 2069)
4(2030 2070 3550 3510)
4(2069 3549 3550 2070)
4(2031 2071 3551 3511)
4(2070 3550 3551 2071)
4(2032 2072 3552 3512)
4(2071 3551 3552 2072)
4(2033 2073 3553 3513)
4(2072 3552 3553 2073)
4(2034 2074 3554 3514)
4(2073 3553 3554 2074)
4(2035 2075 3555 3515)
4(2074 3554 3555 2075)
4(2036 2076 3556 3516)
4(2075 3555 3556 2076)
4(2037 2077 3557 3517)
4(2076 3556 3557 2077)
4(2038 2078 3558 3518)
4(2077 3557 3558 2078)
4(2039 2079 3559 3519)
4(2078 3558 3559 2079)
4(2040 2080 3560 3520)
4(2079 3559 3560 2080)
4(2041 2081 3561 3521)
4(2080 3560 3561 2081)
4(2042 2082 3562 3522)
4(2081 3561 3562 2082)
4(2043 2083 3563 3523)
4(2082 3562 3563 2083)
4(2044 2084 3564 3524)
4(2083 3563 3564 2084)
4(2045 2085 3565 3525)
4(2084 3564 3565 2085)
4(2046 2086 3566 3526)
4(2085 3565 3566 2086)
4(2047 2087 3567 3527)
4(2086 3566 3567 2087)
4(2048 2088 3568 3528)
4(2087 3567 3568 2088)
4(2049 2089 3569 3529)
4(2088 3568 3569 2089)
4(2050 2090 3570 3530)
4(2089 3569 3570 2090)
4(2051 2091 3571 3531)
4(2090 3570 3571 2091)
4(2052 2092 3572 3532)
4(2091 3571 3572 2092)
4(2092 3572 3573 2093)
4(2054 2094 3574 3534)
4(362 769 3574 2094)
4(2055 2095 3575 3535)
4(2094 3574 3575 2095)
4(2056 2096 3576 3536)
4(2095 3575 3576 2096)
4(2057 2097 3577 3537)
4(2096 3576 3577 2097)
4(2058 2098 3578 3538)
4(2097 3577 3578 2098)
4(2059 2099 3579 3539)
4(2098 3578 3579 2099)
4(2060 2100 3580 3540)
4(2099 3579 3580 2100)
4(2061 2101 3581 3541)
4(2100 3580 3581 2101)
4(2062 2102 3582 3542)
4(2101 3581 3582 2102)
4(2063 2103 3583 3543)
4(2102 3582 3583 2103)
4(2064 2104 3584 3544)
4(2103 3583 3584 2104)
4(2065 2105 3585 3545)
4(2104 3584 3585 2105)
4(2066 2106 3586 3546)
4(2105 3585 3586 2106)
4(2067 2107 3587 3547)
4(2106 3586 3587 2107)
4(2068 2108 3588 3548)
4(2107 3587 3588 2108)
4(2069 2109 3589 3549)
4(2108 3588 3589 2109)
4(2070 2110 3590 3550)
4(2109 3589 3590 2110)
4(2071 2111 3591 3551)
4(2110 3590 3591 2111)
4(2072 2112 3592 3552)
4(2111 3591 3592 2112)
4(2073 2113 3593 3553)
4(2112 3592 3593 2113)
4(2074 2114 3594 3554)
4(2113 3593 3594 2114)
4(2075 2115 3595 3555)
4(2114 3594 3595 2115)
4(2076 2116 3596 3556)
4(2115 3595 3596 2116)
4(2077 2117 3597 3557)
4(2116 3596 3597 2117)
4(2078 2118 3598 3558)
4(2117 3597 3598 2118)
4(2079 2119 3599 3559)
4(2118 3598 3599 2119)
4(2080 2120 3600 3560)
4(2119 3599 3600 2120)
4(2081 2121 3601 3561)
4(2120 3600 3601 2121)
4(2082 2122 3602 3562)
4(2121 3601 3602 2122)
4(2083 2123 3603 3563)
4(2122 3602 3603 2123)
4(2084 2124 3604 3564)
4(2123 3603 3604 2124)
4(2085 2125 3605 3565)
4(2124 3604 3605 2125)
4(2086 2126 3606 3566)
4(2125 3605 3606 2126)
4(2087 2127 3607 3567)
4(2126 3606 3607 2127)
4(2088 2128 3608 3568)
4(2127 3607 3608 2128)
4(2089 2129 3609 3569)
4(2128 3608 3609 2129)
4(2090 2130 3610 3570)
4(2129 3609 3610 2130)
4(2091 2131 3611 3571)
4(2130 3610 3611 2131)
4(2092 2132 3612 3572)
4(2131 3611 3612 2132)
4(2132 3612 3613 2133)
4(2094 2134 3614 3574)
4(373 780 3614 2134)
4(2095 2135 3615 3575)
4(2134 3614 3615 2135)
4(2096 2136 3616 3576)
4(2135 3615 3616 2136)
4(2097 2137 3617 3577)
4(2136 3616 3617 2137)
4(2098 2138 3618 3578)
4(2137 3617 3618 2138)
4(2099 2139 3619 3579)
4(2138 3618 3619 2139)
4(2100 2140 3620 3580)
4(2139 3619 3620 2140)
4(2101 2141 3621 3581)
4(2140 3620 3621 2141)
4(2102 2142 3622 3582)
4(2141 3621 3622 2142)
4(2103 2143 3623 3583)
4(2142 3622 3623 2143)
4(2104 2144 3624 3584)
4(2143 3623 3624 2144)
4(2105 2145 3625 3585)
4(2144 3624 3625 2145)
4(2106 2146 3626 3586)
4(2145 3625 3626 2146)
4(2107 2147 3627 3587)
4(2146 3626 3627 2147)
4(2108 2148 3628 3588)
4(2147 3627 3628 2148)
4(2109 2149 3629 3589)
4(2148 3628 3629 2149)
4(2110 2150 3630 3590)
4(2149 3629 3630 2150)
4(2111 2151 3631 3591)
4(2150 3630 3631 2151)
4(2112 2152 3632 3592)
4(2151 3631 3632 2152)
4(2113 2153 3633 3593)
4(2152 3632 3633 2153)
4(2114 2154 3634 3594)
4(2153 3633 3634 2154)
4(2115 2155 3635 3595)
4(2154 3634 3635 2155)
4(2116 2156 3636 3596)
4(2155 3635 3636 2156)
4(2117 2157 3637 3597)
4(2156 3636 3637 2157)
4(2118 2158 3638 3598)
4(2157 3637 3638 2158)
4(2119 2159 3639 3599)
4(2158 3638 3639 2159)
4(2120 2160 3640 3600)
4(2159 3639 3640 2160)
4(2121 2161 3641 3601)
4(2160 3640 3641 2161)
4(2122 2162 3642 3602)
4(2161 3641 3642 2162)
4(2123 2163 3643 3603)
4(2162 3642 3643 2163)
4(2124 2164 3644 3604)
4(2163 3643 3644 2164)
4(2125 2165 3645 3605)
4(2164 3644 3645 2165)
4(2126 2166 3646 3606)
4(2165 3645 3646 2166)
4(2127 2167 3647 3607)
4(2166 3646 3647 2167)
4(2128 2168 3648 3608)
4(2167 3647 3648 2168)
4(2129 2169 3649 3609)
4(2168 3648 3649 2169)
4(2130 2170 3650 3610)
4(2169 3649 3650 2170)
4(2131 2171 3651 3611)
4(2170 3650 3651 2171)
4(2132 2172 3652 3612)
4(2171 3651 3652 2172)
4(2172 3652 3653 2173)
4(2134 2174 3654 3614)
4(384 791 3654 2174)
4(2135 2175 3655 3615)
4(2174 3654 3655 2175)
4(2136 2176 3656 3616)
4(2175 3655 3656 2176)
4(2137 2177 3657 3617)
4(2176 3656 3657 2177)
4(2138 2178 3658 3618)
4(2177 3657 3658 2178)
4(2139 2179 3659 3619)
4(2178 3658 3659 2179)
4(2140 2180 3660 3620)
4(2179 3659 3660 2180)
4(2141 2181 3661 3621)
4(2180 3660 3661 2181)
4(2142 2182 3662 3622)
4(2181 3661 3662 2182)
4(2143 2183 3663 3623)
4(2182 3662 3663 2183)
4(2144 2184 3664 3624)
4(2183 3663 3664 2184)
4(2145 2185 3665 3625)
4(2184 3664 3665 2185)
4(2146 2186 3666 3626)
4(2185 3665 3666 2186)
4(2147 2187 3667 3627)
4(2186 3666 3667 2187)
4(2148 2188 3668 3628)
4(2187 3667 3668 2188)
4(2149 2189 3669 3629)
4(2188 3668 3669 2189)
4(2150 2190 3670 3630)
4(2189 3669 3670 2190)
4(2151 2191 3671 3631)
4(2190 3670 3671 2191)
4(2152 2192 3672 3632)
4(2191 3671 3672 2192)
4(2153 2193 3673 3633)
4(2192 3672 3673 2193)
4(2154 2194 3674 3634)
4(2193 3673 3674 2194)
4(2155 2195 3675 3635)
4(2194 3674 3675 2195)
4(2156 2196 3676 3636)
4(2195 3675 3676 2196)
4(2157 2197 3677 3637)
4(2196 3676 3677 2197)
4(2158 2198 3678 3638)
4(2197 3677 3678 2198)
4(2159 2199 3679 3639)
4(2198 3678 3679 2199)
4(2160 2200 3680 3640)
4(2199 3679 3680 2200)
4(2161 2201 3681 3641)
4(2200 3680 3681 2201)
4(2162 2202 3682 3642)
4(2201 3681 3682 2202)
4(2163 2203 3683 3643)
4(2202 3682 3683 2203)
4(2164 2204 3684 3644)
4(2203 3683 3684 2204)
4(2165 2205 3685 3645)
4(2204 3684 3685 2205)
4(2166 2206 3686 3646)
4(2205 3685 3686 2206)
4(2167 2207 3687 3647)
4(2206 3686 3687 2207)
4(2168 2208 3688 3648)
4(2207 3687 3688 2208)
4(2169 2209 3689 3649)
4(2208 3688 3689 2209)
4(2170 2210 3690 3650)
4(2209 3689 3690 2210)
4(2171 2211 3691 3651)
4(2210 3690 3691 2211)
4(2172 2212 3692 3652)
4(2211 3691 3692 2212)
4(2212 3692 3693 2213)
4(2174 2214 3694 3654)
4(395 802 3694 2214)
4(2175 2215 3695 3655)
4(2214 3694 3695 2215)
4(2176 2216 3696 3656)
4(2215 3695 3696 2216)
4(2177 2217 3697 3657)
4(2216 3696 3697 2217)
4(2178 2218 3698 3658)
4(2217 3697 3698 2218)
4(2179 2219 3699 3659)
4(2218 3698 3699 2219)
4(2180 2220 3700 3660)
4(2219 3699 3700 2220)
4(2181 2221 3701 3661)
4(2220 3700 3701 2221)
4(2182 2222 3702 3662)
4(2221 3701 3702 2222)
4(2183 2223 3703 3663)
4(2222 3702 3703 2223)
4(2184 2224 3704 3664)
4(2223 3703 3704 2224)
4(2185 2225 3705 3665)
4(2224 3704 3705 2225)
4(2186 2226 3706 3666)
4(2225 3705 3706 2226)
4(2187 2227 3707 3667)
4(2226 3706 3707 2227)
4(2188 2228 3708 3668)
4(2227 3707 3708 2228)
4(2189 2229 3709 3669)
4(2228 3708 3709 2229)
4(2190 2230 3710 3670)
4(2229 3709 3710 2230)
4(2191 2231 3711 3671)
4(2230 3710 3711 2231)
4(2192 2232 3712 3672)
4(2231 3711 3712 2232)
4(2193 2233 3713 3673)
4(2232 3712 3713 2233)
4(2194 2234 3714 3674)
4(2233 3713 3714 2234)
4(2195 2235 3715 3675)
4(2234 3714 3715 2235)
4(2196 2236 3716 3676)
4(2235 3715 3716 2236)
4(2197 2237 3717 3677)
4(2236 3716 3717 2237)
4(2198 2238 3718 3678)
4(2237 3717 3718 2238)
4(2199 2239 3719 3679)
4(2238 3718 3719 2239)
4(2200 2240 3720 3680)
4(2239 3719 3720 2240)
4(2201 2241 3721 3681)
4(2240 3720 3721 2241)
4(2202 2242 3722 3682)
4(2241 3721 3722 2242)
4(2203 2243 3723 3683)
4(2242 3722 3723 2243)
4(2204 2244 3724 3684)
4(2243 3723 3724 2244)
4(2205 2245 3725 3685)
4(2244 3724 3725 2245)
4(2206 2246 3726 3686)
4(2245 3725 3726 2246)
4(2207 2247 3727 3687)
4(2246 3726 3727 2247)
4(2208 2248 3728 3688)
4(2247 3727 3728 2248)
4(2209 2249 3729 3689)
4(2248 3728 3729 2249)
4(2210 2250 3730 3690)
4(2249 3729 3730 2250)
4(2211 2251 3731 3691)
4(2250 3730 3731 2251)
4(2212 2252 3732 3692)
4(2251 3731 3732 2252)
4(2252 3732 3733 2253)
4(2214 2254 3734 3694)
4(2215 2255 3735 3695)
4(2216 2256 3736 3696)
4(2217 2257 3737 3697)
4(2218 2258 3738 3698)
4(2219 2259 3739 3699)
4(2220 2260 3740 3700)
4(2221 2261 3741 3701)
4(2222 2262 3742 3702)
4(2223 2263 3743 3703)
4(2224 2264 3744 3704)
4(2225 2265 3745 3705)
4(2226 2266 3746 3706)
4(2227 2267 3747 3707)
4(2228 2268 3748 3708)
4(2229 2269 3749 3709)
4(2230 2270 3750 3710)
4(2231 2271 3751 3711)
4(2232 2272 3752 3712)
4(2233 2273 3753 3713)
4(2234 2274 3754 3714)
4(2235 2275 3755 3715)
4(2236 2276 3756 3716)
4(2237 2277 3757 3717)
4(2238 2278 3758 3718)
4(2239 2279 3759 3719)
4(2240 2280 3760 3720)
4(2241 2281 3761 3721)
4(2242 2282 3762 3722)
4(2243 2283 3763 3723)
4(2244 2284 3764 3724)
4(2245 2285 3765 3725)
4(2246 2286 3766 3726)
4(2247 2287 3767 3727)
4(2248 2288 3768 3728)
4(2249 2289 3769 3729)
4(2250 2290 3770 3730)
4(2251 2291 3771 3731)
4(2252 2292 3772 3732)
4(0 407 418 11)
4(11 418 429 22)
4(22 429 440 33)
4(33 440 451 44)
4(44 451 462 55)
4(55 462 473 66)
4(66 473 484 77)
4(77 484 495 88)
4(88 495 506 99)
4(99 506 517 110)
4(110 517 528 121)
4(121 528 539 132)
4(132 539 550 143)
4(143 550 561 154)
4(154 561 572 165)
4(165 572 583 176)
4(176 583 594 187)
4(187 594 605 198)
4(198 605 616 209)
4(209 616 627 220)
4(220 627 638 231)
4(231 638 649 242)
4(242 649 660 253)
4(253 660 671 264)
4(264 671 682 275)
4(275 682 693 286)
4(286 693 704 297)
4(297 704 715 308)
4(308 715 726 319)
4(319 726 737 330)
4(330 737 748 341)
4(341 748 759 352)
4(352 759 770 363)
4(363 770 781 374)
4(374 781 792 385)
4(385 792 803 396)
4(853 893 2373 2333)
4(893 933 2413 2373)
4(933 973 2453 2413)
4(973 1013 2493 2453)
4(1013 1053 2533 2493)
4(1053 1093 2573 2533)
4(1093 1133 2613 2573)
4(1133 1173 2653 2613)
4(1173 1213 2693 2653)
4(1213 1253 2733 2693)
4(1253 1293 2773 2733)
4(1293 1333 2813 2773)
4(1333 1373 2853 2813)
4(1373 1413 2893 2853)
4(1413 1453 2933 2893)
4(1453 1493 2973 2933)
4(1493 1533 3013 2973)
4(1533 1573 3053 3013)
4(1573 1613 3093 3053)
4(1613 1653 3133 3093)
4(1653 1693 3173 3133)
4(1693 1733 3213 3173)
4(1733 1773 3253 3213)
4(1773 1813 3293 3253)
4(1813 1853 3333 3293)
4(1853 1893 3373 3333)
4(1893 1933 3413 3373)
4(1933 1973 3453 3413)
4(1973 2013 3493 3453)
4(2013 2053 3533 3493)
4(2053 2093 3573 3533)
4(2093 2133 3613 3573)
4(2133 2173 3653 3613)
4(2173 2213 3693 3653)
4(2213 2253 3733 3693)
4(2253 2293 3773 3733)
4(10 814 2294 417)
4(814 815 2295 2294)
4(815 816 2296 2295)
4(816 817 2297 2296)
4(817 818 2298 2297)
4(818 819 2299 2298)
4(819 820 2300 2299)
4(820 821 2301 2300)
4(821 822 2302 2301)
4(822 823 2303 2302)
4(823 824 2304 2303)
4(824 825 2305 2304)
4(825 826 2306 2305)
4(826 827 2307 2306)
4(827 828 2308 2307)
4(828 829 2309 2308)
4(829 830 2310 2309)
4(830 831 2311 2310)
4(831 832 2312 2311)
4(832 833 2313 2312)
4(833 834 2314 2313)
4(834 835 2315 2314)
4(835 836 2316 2315)
4(836 837 2317 2316)
4(837 838 2318 2317)
4(838 839 2319 2318)
4(839 840 2320 2319)
4(840 841 2321 2320)
4(841 842 2322 2321)
4(842 843 2323 2322)
4(843 844 2324 2323)
4(844 845 2325 2324)
4(845 846 2326 2325)
4(846 847 2327 2326)
4(847 848 2328 2327)
4(848 849 2329 2328)
4(849 850 2330 2329)
4(850 851 2331 2330)
4(851 852 2332 2331)
4(852 853 2333 2332)
4(396 803 804 397)
4(397 804 805 398)
4(398 805 806 399)
4(399 806 807 400)
4(400 807 808 401)
4(401 808 809 402)
4(402 809 810 403)
4(403 810 811 404)
4(404 811 812 405)
4(405 812 813 406)
4(406 813 3734 2254)
4(2254 3734 3735 2255)
4(2255 3735 3736 2256)
4(2256 3736 3737 2257)
4(2257 3737 3738 2258)
4(2258 3738 3739 2259)
4(2259 3739 3740 2260)
4(2260 3740 3741 2261)
4(2261 3741 3742 2262)
4(2262 3742 3743 2263)
4(2263 3743 3744 2264)
4(2264 3744 3745 2265)
4(2265 3745 3746 2266)
4(2266 3746 3747 2267)
4(2267 3747 3748 2268)
4(2268 3748 3749 2269)
4(2269 3749 3750 2270)
4(2270 3750 3751 2271)
4(2271 3751 3752 2272)
4(2272 3752 3753 2273)
4(2273 3753 3754 2274)
4(2274 3754 3755 2275)
4(2275 3755 3756 2276)
4(2276 3756 3757 2277)
4(2277 3757 3758 2278)
4(2278 3758 3759 2279)
4(2279 3759 3760 2280)
4(2280 3760 3761 2281)
4(2281 3761 3762 2282)
4(2282 3762 3763 2283)
4(2283 3763 3764 2284)
4(2284 3764 3765 2285)
4(2285 3765 3766 2286)
4(2286 3766 3767 2287)
4(2287 3767 3768 2288)
4(2288 3768 3769 2289)
4(2289 3769 3770 2290)
4(2290 3770 3771 2291)
4(2291 3771 3772 2292)
4(2292 3772 3773 2293)
4(0 1 408 407)
4(1 2 409 408)
4(2 3 410 409)
4(3 4 411 410)
4(4 5 412 411)
4(5 6 413 412)
4(6 7 414 413)
4(7 8 415 414)
4(8 9 416 415)
4(9 10 417 416)
4(0 11 12 1)
4(11 22 23 12)
4(22 33 34 23)
4(33 44 45 34)
4(44 55 56 45)
4(55 66 67 56)
4(66 77 78 67)
4(77 88 89 78)
4(88 99 100 89)
4(99 110 111 100)
4(110 121 122 111)
4(121 132 133 122)
4(132 143 144 133)
4(143 154 155 144)
4(154 165 166 155)
4(165 176 177 166)
4(176 187 188 177)
4(187 198 199 188)
4(198 209 210 199)
4(209 220 221 210)
4(220 231 232 221)
4(231 242 243 232)
4(242 253 254 243)
4(253 264 265 254)
4(264 275 276 265)
4(275 286 287 276)
4(286 297 298 287)
4(297 308 309 298)
4(308 319 320 309)
4(319 330 331 320)
4(330 341 342 331)
4(341 352 353 342)
4(352 363 364 353)
4(363 374 375 364)
4(374 385 386 375)
4(385 396 397 386)
4(1 12 13 2)
4(12 23 24 13)
4(23 34 35 24)
4(34 45 46 35)
4(45 56 57 46)
4(56 67 68 57)
4(67 78 79 68)
4(78 89 90 79)
4(89 100 101 90)
4(100 111 112 101)
4(111 122 123 112)
4(122 133 134 123)
4(133 144 145 134)
4(144 155 156 145)
4(155 166 167 156)
4(166 177 178 167)
4(177 188 189 178)
4(188 199 200 189)
4(199 210 211 200)
4(210 221 222 211)
4(221 232 233 222)
4(232 243 244 233)
4(243 254 255 244)
4(254 265 266 255)
4(265 276 277 266)
4(276 287 288 277)
4(287 298 299 288)
4(298 309 310 299)
4(309 320 321 310)
4(320 331 332 321)
4(331 342 343 332)
4(342 353 354 343)
4(353 364 365 354)
4(364 375 376 365)
4(375 386 387 376)
4(386 397 398 387)
4(2 13 14 3)
4(13 24 25 14)
4(24 35 36 25)
4(35 46 47 36)
4(46 57 58 47)
4(57 68 69 58)
4(68 79 80 69)
4(79 90 91 80)
4(90 101 102 91)
4(101 112 113 102)
4(112 123 124 113)
4(123 134 135 124)
4(134 145 146 135)
4(145 156 157 146)
4(156 167 168 157)
4(167 178 179 168)
4(178 189 190 179)
4(189 200 201 190)
4(200 211 212 201)
4(211 222 223 212)
4(222 233 234 223)
4(233 244 245 234)
4(244 255 256 245)
4(255 266 267 256)
4(266 277 278 267)
4(277 288 289 278)
4(288 299 300 289)
4(299 310 311 300)
4(310 321 322 311)
4(321 332 333 322)
4(332 343 344 333)
4(343 354 355 344)
4(354 365 366 355)
4(365 376 377 366)
4(376 387 388 377)
4(387 398 399 388)
4(3 14 15 4)
4(14 25 26 15)
4(25 36 37 26)
4(36 47 48 37)
4(47 58 59 48)
4(58 69 70 59)
4(69 80 81 70)
4(80 91 92 81)
4(91 102 103 92)
4(102 113 114 103)
4(113 124 125 114)
4(124 135 136 125)
4(135 146 147 136)
4(146 157 158 147)
4(157 168 169 158)
4(168 179 180 169)
4(179 190 191 180)
4(190 201 202 191)
4(201 212 213 202)
4(212 223 224 213)
4(223 234 235 224)
4(234 245 246 235)
4(245 256 257 246)
4(256 267 268 257)
4(267 278 279 268)
4(278 289 290 279)
4(289 300 301 290)
4(300 311 312 301)
4(311 322 323 312)
4(322 333 334 323)
4(333 344 345 334)
4(344 355 356 345)
4(355 366 367 356)
4(366 377 378 367)
4(377 388 389 378)
4(388 399 400 389)
4(4 15 16 5)
4(15 26 27 16)
4(26 37 38 27)
4(37 48 49 38)
4(48 59 60 49)
4(59 70 71 60)
4(70 81 82 71)
4(81 92 93 82)
4(92 103 104 93)
4(103 114 115 104)
4(114 125 126 115)
4(125 136 137 126)
4(136 147 148 137)
4(147 158 159 148)
4(158 169 170 159)
4(169 180 181 170)
4(180 191 192 181)
4(191 202 203 192)
4(202 213 214 203)
4(213 224 225 214)
4(224 235 236 225)
4(235 246 247 236)
4(246 257 258 247)
4(257 268 269 258)
4(268 279 280 269)
4(279 290 291 280)
4(290 301 302 291)
4(301 312 313 302)
4(312 323 324 313)
4(323 334 335 324)
4(334 345 346 335)
4(345 356 357 346)
4(356 367 368 357)
4(367 378 379 368)
4(378 389 390 379)
4(389 400 401 390)
4(5 16 17 6)
4(16 27 28 17)
4(27 38 39 28)
4(38 49 50 39)
4(49 60 61 50)
4(60 71 72 61)
4(71 82 83 72)
4(82 93 94 83)
4(93 104 105 94)
4(104 115 116 105)
4(115 126 127 116)
4(126 137 138 127)
4(137 148 149 138)
4(148 159 160 149)
4(159 170 171 160)
4(170 181 182 171)
4(181 192 193 182)
4(192 203 204 193)
4(203 214 215 204)
4(214 225 226 215)
4(225 236 237 226)
4(236 247 248 237)
4(247 258 259 248)
4(258 269 270 259)
4(269 280 281 270)
4(280 291 292 281)
4(291 302 303 292)
4(302 313 314 303)
4(313 324 325 314)
4(324 335 336 325)
4(335 346 347 336)
4(346 357 358 347)
4(357 368 369 358)
4(368 379 380 369)
4(379 390 391 380)
4(390 401 402 391)
4(6 17 18 7)
4(17 28 29 18)
4(28 39 40 29)
4(39 50 51 40)
4(50 61 62 51)
4(61 72 73 62)
4(72 83 84 73)
4(83 94 95 84)
4(94 105 106 95)
4(105 116 117 106)
4(116 127 128 117)
4(127 138 139 128)
4(138 149 150 139)
4(149 160 161 150)
4(160 171 172 161)
4(171 182 183 172)
4(182 193 194 183)
4(193 204 205 194)
4(204 215 216 205)
4(215 226 227 216)
4(226 237 238 227)
4(237 248 249 238)
4(248 259 260 249)
4(259 270 271 260)
4(270 281 282 271)
4(281 292 293 282)
4(292 303 304 293)
4(303 314 315 304)
4(314 325 326 315)
4(325 336 337 326)
4(336 347 348 337)
4(347 358 359 348)
4(358 369 370 359)
4(369 380 381 370)
4(380 391 392 381)
4(391 402 403 392)
4(7 18 19 8)
4(18 29 30 19)
4(29 40 41 30)
4(40 51 52 41)
4(51 62 63 52)
4(62 73 74 63)
4(73 84 85 74)
4(84 95 96 85)
4(95 106 107 96)
4(106 117 118 107)
4(117 128 129 118)
4(128 139 140 129)
4(139 150 151 140)
4(150 161 162 151)
4(161 172 173 162)
4(172 183 184 173)
4(183 194 195 184)
4(194 205 206 195)
4(205 216 217 206)
4(216 227 228 217)
4(227 238 239 228)
4(238 249 250 239)
4(249 260 261 250)
4(260 271 272 261)
4(271 282 283 272)
4(282 293 294 283)
4(293 304 305 294)
4(304 315 316 305)
4(315 326 327 316)
4(326 337 338 327)
4(337 348 349 338)
4(348 359 360 349)
4(359 370 371 360)
4(370 381 382 371)
4(381 392 393 382)
4(392 403 404 393)
4(8 19 20 9)
4(19 30 31 20)
4(30 41 42 31)
4(41 52 53 42)
4(52 63 64 53)
4(63 74 75 64)
4(74 85 86 75)
4(85 96 97 86)
4(96 107 108 97)
4(107 118 119 108)
4(118 129 130 119)
4(129 140 141 130)
4(140 151 152 141)
4(151 162 163 152)
4(162 173 174 163)
4(173 184 185 174)
4(184 195 196 185)
4(195 206 207 196)
4(206 217 218 207)
4(217 228 229 218)
4(228 239 240 229)
4(239 250 251 240)
4(250 261 262 251)
4(261 272 273 262)
4(272 283 284 273)
4(283 294 295 284)
4(294 305 306 295)
4(305 316 317 306)
4(316 327 328 317)
4(327 338 339 328)
4(338 349 350 339)
4(349 360 361 350)
4(360 371 372 361)
4(371 382 383 372)
4(382 393 394 383)
4(393 404 405 394)
4(9 20 21 10)
4(20 31 32 21)
4(31 42 43 32)
4(42 53 54 43)
4(53 64 65 54)
4(64 75 76 65)
4(75 86 87 76)
4(86 97 98 87)
4(97 108 109 98)
4(108 119 120 109)
4(119 130 131 120)
4(130 141 142 131)
4(141 152 153 142)
4(152 163 164 153)
4(163 174 175 164)
4(174 185 186 175)
4(185 196 197 186)
4(196 207 208 197)
4(207 218 219 208)
4(218 229 230 219)
4(229 240 241 230)
4(240 251 252 241)
4(251 262 263 252)
4(262 273 274 263)
4(273 284 285 274)
4(284 295 296 285)
4(295 306 307 296)
4(306 317 318 307)
4(317 328 329 318)
4(328 339 340 329)
4(339 350 351 340)
4(350 361 362 351)
4(361 372 373 362)
4(372 383 384 373)
4(383 394 395 384)
4(394 405 406 395)
4(10 21 854 814)
4(21 32 894 854)
4(32 43 934 894)
4(43 54 974 934)
4(54 65 1014 974)
4(65 76 1054 1014)
4(76 87 1094 1054)
4(87 98 1134 1094)
4(98 109 1174 1134)
4(109 120 1214 1174)
4(120 131 1254 1214)
4(131 142 1294 1254)
4(142 153 1334 1294)
4(153 164 1374 1334)
4(164 175 1414 1374)
4(175 186 1454 1414)
4(186 197 1494 1454)
4(197 208 1534 1494)
4(208 219 1574 1534)
4(219 230 1614 1574)
4(230 241 1654 1614)
4(241 252 1694 1654)
4(252 263 1734 1694)
4(263 274 1774 1734)
4(274 285 1814 1774)
4(285 296 1854 1814)
4(296 307 1894 1854)
4(307 318 1934 1894)
4(318 329 1974 1934)
4(329 340 2014 1974)
4(340 351 2054 2014)
4(351 362 2094 2054)
4(362 373 2134 2094)
4(373 384 2174 2134)
4(384 395 2214 2174)
4(395 406 2254 2214)
4(814 854 855 815)
4(854 894 895 855)
4(894 934 935 895)
4(934 974 975 935)
4(974 1014 1015 975)
4(1014 1054 1055 1015)
4(1054 1094 1095 1055)
4(1094 1134 1135 1095)
4(1134 1174 1175 1135)
4(1174 1214 1215 1175)
4(1214 1254 1255 1215)
4(1254 1294 1295 1255)
4(1294 1334 1335 1295)
4(1334 1374 1375 1335)
4(1374 1414 1415 1375)
4(1414 1454 1455 1415)
4(1454 1494 1495 1455)
4(1494 1534 1535 1495)
4(1534 1574 1575 1535)
4(1574 1614 1615 1575)
4(1614 1654 1655 1615)
4(1654 1694 1695 1655)
4(1694 1734 1735 1695)
4(1734 1774 1775 1735)
4(1774 1814 1815 1775)
4(1814 1854 1855 1815)
4(1854 1894 1895 1855)
4(1894 1934 1935 1895)
4(1934 1974 1975 1935)
4(1974 2014 2015 1975)
4(2014 2054 2055 2015)
4(2054 2094 2095 2055)
4(2094 2134 2135 2095)
4(2134 2174 2175 2135)
4(2174 2214 2215 2175)
4(2214 2254 2255 2215)
4(815 855 856 816)
4(855 895 896 856)
4(895 935 936 896)
4(935 975 976 936)
4(975 1015 1016 976)
4(1015 1055 1056 1016)
4(1055 1095 1096 1056)
4(1095 1135 1136 1096)
4(1135 1175 1176 1136)
4(1175 1215 1216 1176)
4(1215 1255 1256 1216)
4(1255 1295 1296 1256)
4(1295 1335 1336 1296)
4(1335 1375 1376 1336)
4(1375 1415 1416 1376)
4(1415 1455 1456 1416)
4(1455 1495 1496 1456)
4(1495 1535 1536 1496)
4(1535 1575 1576 1536)
4(1575 1615 1616 1576)
4(1615 1655 1656 1616)
4(1655 1695 1696 1656)
4(1695 1735 1736 1696)
4(1735 1775 1776 1736)
4(1775 1815 1816 1776)
4(1815 1855 1856 1816)
4(1855 1895 1896 1856)
4(1895 1935 1936 1896)
4(1935 1975 1976 1936)
4(1975 2015 2016 1976)
4(2015 2055 2056 2016)
4(2055 2095 2096 2056)
4(2095 2135 2136 2096)
4(2135 2175 2176 2136)
4(2175 2215 2216 2176)
4(2215 2255 2256 2216)
4(816 856 857 817)
4(856 896 897 857)
4(896 936 937 897)
4(936 976 977 937)
4(976 1016 1017 977)
4(1016 1056 1057 1017)
4(1056 1096 1097 1057)
4(1096 1136 1137 1097)
4(1136 1176 1177 1137)
4(1176 1216 1217 1177)
4(1216 1256 1257 1217)
4(1256 1296 1297 1257)
4(1296 1336 1337 1297)
4(1336 1376 1377 1337)
4(1376 1416 1417 1377)
4(1416 1456 1457 1417)
4(1456 1496 1497 1457)
4(1496 1536 1537 1497)
4(1536 1576 1577 1537)
4(1576 1616 1617 1577)
4(1616 1656 1657 1617)
4(1656 1696 1697 1657)
4(1696 1736 1737 1697)
4(1736 1776 1777 1737)
4(1776 1816 1817 1777)
4(1816 1856 1857 1817)
4(1856 1896 1897 1857)
4(1896 1936 1937 1897)
4(1936 1976 1977 1937)
4(1976 2016 2017 1977)
4(2016 2056 2057 2017)
4(2056 2096 2097 2057)
4(2096 2136 2137 2097)
4(2136 2176 2177 2137)
4(2176 2216 2217 2177)
4(2216 2256 2257 2217)
4(817 857 858 818)
4(857 897 898 858)
4(897 937 938 898)
4(937 977 978 938)
4(977 1017 1018 978)
4(1017 1057 1058 1018)
4(1057 1097 1098 1058)
4(1097 1137 1138 1098)
4(1137 1177 1178 1138)
4(1177 1217 1218 1178)
4(1217 1257 1258 1218)
4(1257 1297 1298 1258)
4(1297 1337 1338 1298)
4(1337 1377 1378 1338)
4(1377 1417 1418 1378)
4(1417 1457 1458 1418)
4(1457 1497 1498 1458)
4(1497 1537 1538 1498)
4(1537 1577 1578 1538)
4(1577 1617 1618 1578)
4(1617 1657 1658 1618)
4(1657 1697 1698 1658)
4(1697 1737 1738 1698)
4(1737 1777 1778 1738)
4(1777 1817 1818 1778)
4(1817 1857 1858 1818)
4(1857 1897 1898 1858)
4(1897 1937 1938 1898)
4(1937 1977 1978 1938)
4(1977 2017 2018 1978)
4(2017 2057 2058 2018)
4(2057 2097 2098 2058)
4(2097 2137 2138 2098)
4(2137 2177 2178 2138)
4(2177 2217 2218 2178)
4(2217 2257 2258 2218)
4(818 858 859 819)
4(858 898 899 859)
4(898 938 939 899)
4(938 978 979 939)
4(978 1018 1019 979)
4(1018 1058 1059 1019)
4(1058 1098 1099 1059)
4(1098 1138 1139 1099)
4(1138 1178 1179 1139)
4(1178 1218 1219 1179)
4(1218 1258 1259 1219)
4(1258 1298 1299 1259)
4(1298 1338 1339 1299)
4(1338 1378 1379 1339)
4(1378 1418 1419 1379)
4(1418 1458 1459 1419)
4(1458 1498 1499 1459)
4(1498 1538 1539 1499)
4(1538 1578 1579 1539)
4(1578 1618 1619 1579)
4(1618 1658 1659 1619)
4(1658 1698 1699 1659)
4(1698 1738 1739 1699)
4(1738 1778 1779 1739)
4(1778 1818 1819 1779)
4(1818 1858 1859 1819)
4(1858 1898 1899 1859)
4(1898 1938 1939 1899)
4(1938 1978 1979 1939)
4(1978 2018 2019 1979)
4(2018 2058 2059 2019)
4(2058 2098 2099 2059)
4(2098 2138 2139 2099)
4(2138 2178 2179 2139)
4(2178 2218 2219 2179)
4(2218 2258 2259 2219)
4(819 859 860 820)
4(859 899 900 860)
4(899 939 940 900)
4(939 979 980 940)
4(979 1019 1020 980)
4(1019 1059 1060 1020)
4(1059 1099 1100 1060)
4(1099 1139 1140 1100)
4(1139 1179 1180 1140)
4(1179 1219 1220 1180)
4(1219 1259 1260 1220)
4(1259 1299 1300 1260)
4(1299 1339 1340 1300)
4(1339 1379 1380 1340)
4(1379 1419 1420 1380)
4(1419 1459 1460 1420)
4(1459 1499 1500 1460)
4(1499 1539 1540 1500)
4(1539 1579 1580 1540)
4(1579 1619 1620 1580)
4(1619 1659 1660 1620)
4(1659 1699 1700 1660)
4(1699 1739 1740 1700)
4(1739 1779 1780 1740)
4(1779 1819 1820 1780)
4(1819 1859 1860 1820)
4(1859 1899 1900 1860)
4(1899 1939 1940 1900)
4(1939 1979 1980 1940)
4(1979 2019 2020 1980)
4(2019 2059 2060 2020)
4(2059 2099 2100 2060)
4(2099 2139 2140 2100)
4(2139 2179 2180 2140)
4(2179 2219 2220 2180)
4(2219 2259 2260 2220)
4(820 860 861 821)
4(860 900 901 861)
4(900 940 941 901)
4(940 980 981 941)
4(980 1020 1021 981)
4(1020 1060 1061 1021)
4(1060 1100 1101 1061)
4(1100 1140 1141 1101)
4(1140 1180 1181 1141)
4(1180 1220 1221 1181)
4(1220 1260 1261 1221)
4(1260 1300 1301 1261)
4(1300 1340 1341 1301)
4(1340 1380 1381 1341)
4(1380 1420 1421 1381)
4(1420 1460 1461 1421)
4(1460 1500 1501 1461)
4(1500 1540 1541 1501)
4(1540 1580 1581 1541)
4(1580 1620 1621 1581)
4(1620 1660 1661 1621)
4(1660 1700 1701 1661)
4(1700 1740 1741 1701)
4(1740 1780 1781 1741)
4(1780 1820 1821 1781)
4(1820 1860 1861 1821)
4(1860 1900 1901 1861)
4(1900 1940 1941 1901)
4(1940 1980 1981 1941)
4(1980 2020 2021 1981)
4(2020 2060 2061 2021)
4(2060 2100 2101 2061)
4(2100 2140 2141 2101)
4(2140 2180 2181 2141)
4(2180 2220 2221 2181)
4(2220 2260 2261 2221)
4(821 861 862 822)
4(861 901 902 862)
4(901 941 942 902)
4(941 981 982 942)
4(981 1021 1022 982)
4(1021 1061 1062 1022)
4(1061 1101 1102 1062)
4(1101 1141 1142 1102)
4(1141 1181 1182 1142)
4(1181 1221 1222 1182)
4(1221 1261 1262 1222)
4(1261 1301 1302 1262)
4(1301 1341 1342 1302)
4(1341 1381 1382 1342)
4(1381 1421 1422 1382)
4(1421 1461 1462 1422)
4(1461 1501 1502 1462)
4(1501 1541 1542 1502)
4(1541 1581 1582 1542)
4(1581 1621 1622 1582)
4(1621 1661 1662 1622)
4(1661 1701 1702 1662)
4(1701 1741 1742 1702)
4(1741 1781 1782 1742)
4(1781 1821 1822 1782)
4(1821 1861 1862 1822)
4(1861 1901 1902 1862)
4(1901 1941 1942 1902)
4(1941 1981 1982 1942)
4(1981 2021 2022 1982)
4(2021 2061 2062 2022)
4(2061 2101 2102 2062)
4(2101 2141 2142 2102)
4(2141 2181 2182 2142)
4(2181 2221 2222 2182)
4(2221 2261 2262 2222)
4(822 862 863 823)
4(862 902 903 863)
4(902 942 943 903)
4(942 982 983 943)
4(982 1022 1023 983)
4(1022 1062 1063 1023)
4(1062 1102 1103 1063)
4(1102 1142 1143 1103)
4(1142 1182 1183 1143)
4(1182 1222 1223 1183)
4(1222 1262 1263 1223)
4(1262 1302 1303 1263)
4(1302 1342 1343 1303)
4(1342 1382 1383 1343)
4(1382 1422 1423 1383)
4(1422 1462 1463 1423)
4(1462 1502 1503 1463)
4(1502 1542 1543 1503)
4(1542 1582 1583 1543)
4(1582 1622 1623 1583)
4(1622 1662 1663 1623)
4(1662 1702 1703 1663)
4(1702 1742 1743 1703)
4(1742 1782 1783 1743)
4(1782 1822 1823 1783)
4(1822 1862 1863 1823)
4(1862 1902 1903 1863)
4(1902 1942 1943 1903)
4(1942 1982 1983 1943)
4(1982 2022 2023 1983)
4(2022 2062 2063 2023)
4(2062 2102 2103 2063)
4(2102 2142 2143 2103)
4(2142 2182 2183 2143)
4(2182 2222 2223 2183)
4(2222 2262 2263 2223)
4(823 863 864 824)
4(863 903 904 864)
4(903 943 944 904)
4(943 983 984 944)
4(983 1023 1024 984)
4(1023 1063 1064 1024)
4(1063 1103 1104 1064)
4(1103 1143 1144 1104)
4(1143 1183 1184 1144)
4(1183 1223 1224 1184)
4(1223 1263 1264 1224)
4(1263 1303 1304 1264)
4(1303 1343 1344 1304)
4(1343 1383 1384 1344)
4(1383 1423 1424 1384)
4(1423 1463 1464 1424)
4(1463 1503 1504 1464)
4(1503 1543 1544 1504)
4(1543 1583 1584 1544)
4(1583 1623 1624 1584)
4(1623 1663 1664 1624)
4(1663 1703 1704 1664)
4(1703 1743 1744 1704)
4(1743 1783 1784 1744)
4(1783 1823 1824 1784)
4(1823 1863 1864 1824)
4(1863 1903 1904 1864)
4(1903 1943 1944 1904)
4(1943 1983 1984 1944)
4(1983 2023 2024 1984)
4(2023 2063 2064 2024)
4(2063 2103 2104 2064)
4(2103 2143 2144 2104)
4(2143 2183 2184 2144)
4(2183 2223 2224 2184)
4(2223 2263 2264 2224)
4(824 864 865 825)
4(864 904 905 865)
4(904 944 945 905)
4(944 984 985 945)
4(984 1024 1025 985)
4(1024 1064 1065 1025)
4(1064 1104 1105 1065)
4(1104 1144 1145 1105)
4(1144 1184 1185 1145)
4(1184 1224 1225 1185)
4(1224 1264 1265 1225)
4(1264 1304 1305 1265)
4(1304 1344 1345 1305)
4(1344 1384 1385 1345)
4(1384 1424 1425 1385)
4(1424 1464 1465 1425)
4(1464 1504 1505 1465)
4(1504 1544 1545 1505)
4(1544 1584 1585 1545)
4(1584 1624 1625 1585)
4(1624 1664 1665 1625)
4(1664 1704 1705 1665)
4(1704 1744 1745 1705)
4(1744 1784 1785 1745)
4(1784 1824 1825 1785)
4(1824 1864 1865 1825)
4(1864 1904 1905 1865)
4(1904 1944 1945 1905)
4(1944 1984 1985 1945)
4(1984 2024 2025 1985)
4(2024 2064 2065 2025)
4(2064 2104 2105 2065)
4(2104 2144 2145 2105)
4(2144 2184 2185 2145)
4(2184 2224 2225 2185)
4(2224 2264 2265 2225)
4(825 865 866 826)
4(865 905 906 866)
4(905 945 946 906)
4(945 985 986 946)
4(985 1025 1026 986)
4(1025 1065 1066 1026)
4(1065 1105 1106 1066)
4(1105 1145 1146 1106)
4(1145 1185 1186 1146)
4(1185 1225 1226 1186)
4(1225 1265 1266 1226)
4(1265 1305 1306 1266)
4(1305 1345 1346 1306)
4(1345 1385 1386 1346)
4(1385 1425 1426 1386)
4(1425 1465 1466 1426)
4(1465 1505 1506 1466)
4(1505 1545 1546 1506)
4(1545 1585 1586 1546)
4(1585 1625 1626 1586)
4(1625 1665 1666 1626)
4(1665 1705 1706 1666)
4(1705 1745 1746 1706)
4(1745 1785 1786 1746)
4(1785 1825 1826 1786)
4(1825 1865 1866 1826)
4(1865 1905 1906 1866)
4(1905 1945 1946 1906)
4(1945 1985 1986 1946)
4(1985 2025 2026 1986)
4(2025 2065 2066 2026)
4(2065 2105 2106 2066)
4(2105 2145 2146 2106)
4(2145 2185 2186 2146)
4(2185 2225 2226 2186)
4(2225 2265 2266 2226)
4(826 866 867 827)
4(866 906 907 867)
4(906 946 947 907)
4(946 986 987 947)
4(986 1026 1027 987)
4(1026 1066 1067 1027)
4(1066 1106 1107 1067)
4(1106 1146 1147 1107)
4(1146 1186 1187 1147)
4(1186 1226 1227 1187)
4(1226 1266 1267 1227)
4(1266 1306 1307 1267)
4(1306 1346 1347 1307)
4(1346 1386 1387 1347)
4(1386 1426 1427 1387)
4(1426 1466 1467 1427)
4(1466 1506 1507 1467)
4(1506 1546 1547 1507)
4(1546 1586 1587 1547)
4(1586 1626 1627 1587)
4(1626 1666 1667 1627)
4(1666 1706 1707 1667)
4(1706 1746 1747 1707)
4(1746 1786 1787 1747)
4(1786 1826 1827 1787)
4(1826 1866 1867 1827)
4(1866 1906 1907 1867)
4(1906 1946 1947 1907)
4(1946 1986 1987 1947)
4(1986 2026 2027 1987)
4(2026 2066 2067 2027)
4(2066 2106 2107 2067)
4(2106 2146 2147 2107)
4(2146 2186 2187 2147)
4(2186 2226 2227 2187)
4(2226 2266 2267 2227)
4(827 867 868 828)
4(867 907 908 868)
4(907 947 948 908)
4(947 987 988 948)
4(987 1027 1028 988)
4(1027 1067 1068 1028)
4(1067 1107 1108 1068)
4(1107 1147 1148 1108)
4(1147 1187 1188 1148)
4(1187 1227 1228 1188)
4(1227 1267 1268 1228)
4(1267 1307 1308 1268)
4(1307 1347 1348 1308)
4(1347 1387 1388 1348)
4(1387 1427 1428 1388)
4(1427 1467 1468 1428)
4(1467 1507 1508 1468)
4(1507 1547 1548 1508)
4(1547 1587 1588 1548)
4(1587 1627 1628 1588)
4(1627 1667 1668 1628)
4(1667 1707 1708 1668)
4(1707 1747 1748 1708)
4(1747 1787 1788 1748)
4(1787 1827 1828 1788)
4(1827 1867 1868 1828)
4(1867 1907 1908 1868)
4(1907 1947 1948 1908)
4(1947 1987 1988 1948)
4(1987 2027 2028 1988)
4(2027 2067 2068 2028)
4(2067 2107 2108 2068)
4(2107 2147 2148 2108)
4(2147 2187 2188 2148)
4(2187 2227 2228 2188)
4(2227 2267 2268 2228)
4(828 868 869 829)
4(868 908 909 869)
4(908 948 949 909)
4(948 988 989 949)
4(988 1028 1029 989)
4(1028 1068 1069 1029)
4(1068 1108 1109 1069)
4(1108 1148 1149 1109)
4(1148 1188 1189 1149)
4(1188 1228 1229 1189)
4(1228 1268 1269 1229)
4(1268 1308 1309 1269)
4(1308 1348 1349 1309)
4(1348 1388 1389 1349)
4(1388 1428 1429 1389)
4(1428 1468 1469 1429)
4(1468 1508 1509 1469)
4(1508 1548 1549 1509)
4(1548 1588 1589 1549)
4(1588 1628 1629 1589)
4(1628 1668 1669 1629)
4(1668 1708 1709 1669)
4(1708 1748 1749 1709)
4(1748 1788 1789 1749)
4(1788 1828 1829 1789)
4(1828 1868 1869 1829)
4(1868 1908 1909 1869)
4(1908 1948 1949 1909)
4(1948 1988 1989 1949)
4(1988 2028 2029 1989)
4(2028 2068 2069 2029)
4(2068 2108 2109 2069)
4(2108 2148 2149 2109)
4(2148 2188 2189 2149)
4(2188 2228 2229 2189)
4(2228 2268 2269 2229)
4(829 869 870 830)
4(869 909 910 870)
4(909 949 950 910)
4(949 989 990 950)
4(989 1029 1030 990)
4(1029 1069 1070 1030)
4(1069 1109 1110 1070)
4(1109 1149 1150 1110)
4(1149 1189 1190 1150)
4(1189 1229 1230 1190)
4(1229 1269 1270 1230)
4(1269 1309 1310 1270)
4(1309 1349 1350 1310)
4(1349 1389 1390 1350)
4(1389 1429 1430 1390)
4(1429 1469 1470 1430)
4(1469 1509 1510 1470)
4(1509 1549 1550 1510)
4(1549 1589 1590 1550)
4(1589 1629 1630 1590)
4(1629 1669 1670 1630)
4(1669 1709 1710 1670)
4(1709 1749 1750 1710)
4(1749 1789 1790 1750)
4(1789 1829 1830 1790)
4(1829 1869 1870 1830)
4(1869 1909 1910 1870)
4(1909 1949 1950 1910)
4(1949 1989 1990 1950)
4(1989 2029 2030 1990)
4(2029 2069 2070 2030)
4(2069 2109 2110 2070)
4(2109 2149 2150 2110)
4(2149 2189 2190 2150)
4(2189 2229 2230 2190)
4(2229 2269 2270 2230)
4(830 870 871 831)
4(870 910 911 871)
4(910 950 951 911)
4(950 990 991 951)
4(990 1030 1031 991)
4(1030 1070 1071 1031)
4(1070 1110 1111 1071)
4(1110 1150 1151 1111)
4(1150 1190 1191 1151)
4(1190 1230 1231 1191)
4(1230 1270 1271 1231)
4(1270 1310 1311 1271)
4(1310 1350 1351 1311)
4(1350 1390 1391 1351)
4(1390 1430 1431 1391)
4(1430 1470 1471 1431)
4(1470 1510 1511 1471)
4(1510 1550 1551 1511)
4(1550 1590 1591 1551)
4(1590 1630 1631 1591)
4(1630 1670 1671 1631)
4(1670 1710 1711 1671)
4(1710 1750 1751 1711)
4(1750 1790 1791 1751)
4(1790 1830 1831 1791)
4(1830 1870 1871 1831)
4(1870 1910 1911 1871)
4(1910 1950 1951 1911)
4(1950 1990 1991 1951)
4(1990 2030 2031 1991)
4(2030 2070 2071 2031)
4(2070 2110 2111 2071)
4(2110 2150 2151 2111)
4(2150 2190 2191 2151)
4(2190 2230 2231 2191)
4(2230 2270 2271 2231)
4(831 871 872 832)
4(871 911 912 872)
4(911 951 952 912)
4(951 991 992 952)
4(991 1031 1032 992)
4(1031 1071 1072 1032)
4(1071 1111 1112 1072)
4(1111 1151 1152 1112)
4(1151 1191 1192 1152)
4(1191 1231 1232 1192)
4(1231 1271 1272 1232)
4(1271 1311 1312 1272)
4(1311 1351 1352 1312)
4(1351 1391 1392 1352)
4(1391 1431 1432 1392)
4(1431 1471 1472 1432)
4(1471 1511 1512 1472)
4(1511 1551 1552 1512)
4(1551 1591 1592 1552)
4(1591 1631 1632 1592)
4(1631 1671 1672 1632)
4(1671 1711 1712 1672)
4(1711 1751 1752 1712)
4(1751 1791 1792 1752)
4(1791 1831 1832 1792)
4(1831 1871 1872 1832)
4(1871 1911 1912 1872)
4(1911 1951 1952 1912)
4(1951 1991 1992 1952)
4(1991 2031 2032 1992)
4(2031 2071 2072 2032)
4(2071 2111 2112 2072)
4(2111 2151 2152 2112)
4(2151 2191 2192 2152)
4(2191 2231 2232 2192)
4(2231 2271 2272 2232)
4(832 872 873 833)
4(872 912 913 873)
4(912 952 953 913)
4(952 992 993 953)
4(992 1032 1033 993)
4(1032 1072 1073 1033)
4(1072 1112 1113 1073)
4(1112 1152 1153 1113)
4(1152 1192 1193 1153)
4(1192 1232 1233 1193)
4(1232 1272 1273 1233)
4(1272 1312 1313 1273)
4(1312 1352 1353 1313)
4(1352 1392 1393 1353)
4(1392 1432 1433 1393)
4(1432 1472 1473 1433)
4(1472 1512 1513 1473)
4(1512 1552 1553 1513)
4(1552 1592 1593 1553)
4(1592 1632 1633 1593)
4(1632 1672 1673 1633)
4(1672 1712 1713 1673)
4(1712 1752 1753 1713)
4(1752 1792 1793 1753)
4(1792 1832 1833 1793)
4(1832 1872 1873 1833)
4(1872 1912 1913 1873)
4(1912 1952 1953 1913)
4(1952 1992 1993 1953)
4(1992 2032 2033 1993)
4(2032 2072 2073 2033)
4(2072 2112 2113 2073)
4(2112 2152 2153 2113)
4(2152 2192 2193 2153)
4(2192 2232 2233 2193)
4(2232 2272 2273 2233)
4(833 873 874 834)
4(873 913 914 874)
4(913 953 954 914)
4(953 993 994 954)
4(993 1033 1034 994)
4(1033 1073 1074 1034)
4(1073 1113 1114 1074)
4(1113 1153 1154 1114)
4(1153 1193 1194 1154)
4(1193 1233 1234 1194)
4(1233 1273 1274 1234)
4(1273 1313 1314 1274)
4(1313 1353 1354 1314)
4(1353 1393 1394 1354)
4(1393 1433 1434 1394)
4(1433 1473 1474 1434)
4(1473 1513 1514 1474)
4(1513 1553 1554 1514)
4(1553 1593 1594 1554)
4(1593 1633 1634 1594)
4(1633 1673 1674 1634)
4(1673 1713 1714 1674)
4(1713 1753 1754 1714)
4(1753 1793 1794 1754)
4(1793 1833 1834 1794)
4(1833 1873 1874 1834)
4(1873 1913 1914 1874)
4(1913 1953 1954 1914)
4(1953 1993 1994 1954)
4(1993 2033 2034 1994)
4(2033 2073 2074 2034)
4(2073 2113 2114 2074)
4(2113 2153 2154 2114)
4(2153 2193 2194 2154)
4(2193 2233 2234 2194)
4(2233 2273 2274 2234)
4(834 874 875 835)
4(874 914 915 875)
4(914 954 955 915)
4(954 994 995 955)
4(994 1034 1035 995)
4(1034 1074 1075 1035)
4(1074 1114 1115 1075)
4(1114 1154 1155 1115)
4(1154 1194 1195 1155)
4(1194 1234 1235 1195)
4(1234 1274 1275 1235)
4(1274 1314 1315 1275)
4(1314 1354 1355 1315)
4(1354 1394 1395 1355)
4(1394 1434 1435 1395)
4(1434 1474 1475 1435)
4(1474 1514 1515 1475)
4(1514 1554 1555 1515)
4(1554 1594 1595 1555)
4(1594 1634 1635 1595)
4(1634 1674 1675 1635)
4(1674 1714 1715 1675)
4(1714 1754 1755 1715)
4(1754 1794 1795 1755)
4(1794 1834 1835 1795)
4(1834 1874 1875 1835)
4(1874 1914 1915 1875)
4(1914 1954 1955 1915)
4(1954 1994 1995 1955)
4(1994 2034 2035 1995)
4(2034 2074 2075 2035)
4(2074 2114 2115 2075)
4(2114 2154 2155 2115)
4(2154 2194 2195 2155)
4(2194 2234 2235 2195)
4(2234 2274 2275 2235)
4(835 875 876 836)
4(875 915 916 876)
4(915 955 956 916)
4(955 995 996 956)
4(995 1035 1036 996)
4(1035 1075 1076 1036)
4(1075 1115 1116 1076)
4(1115 1155 1156 1116)
4(1155 1195 1196 1156)
4(1195 1235 1236 1196)
4(1235 1275 1276 1236)
4(1275 1315 1316 1276)
4(1315 1355 1356 1316)
4(1355 1395 1396 1356)
4(1395 1435 1436 1396)
4(1435 1475 1476 1436)
4(1475 1515 1516 1476)
4(1515 1555 1556 1516)
4(1555 1595 1596 1556)
4(1595 1635 1636 1596)
4(1635 1675 1676 1636)
4(1675 1715 1716 1676)
4(1715 1755 1756 1716)
4(1755 1795 1796 1756)
4(1795 1835 1836 1796)
4(1835 1875 1876 1836)
4(1875 1915 1916 1876)
4(1915 1955 1956 1916)
4(1955 1995 1996 1956)
4(1995 2035 2036 1996)
4(2035 2075 2076 2036)
4(2075 2115 2116 2076)
4(2115 2155 2156 2116)
4(2155 2195 2196 2156)
4(2195 2235 2236 2196)
4(2235 2275 2276 2236)
4(836 876 877 837)
4(876 916 917 877)
4(916 956 957 917)
4(956 996 997 957)
4(996 1036 1037 997)
4(1036 1076 1077 1037)
4(1076 1116 1117 1077)
4(1116 1156 1157 1117)
4(1156 1196 1197 1157)
4(1196 1236 1237 1197)
4(1236 1276 1277 1237)
4(1276 1316 1317 1277)
4(1316 1356 1357 1317)
4(1356 1396 1397 1357)
4(1396 1436 1437 1397)
4(1436 1476 1477 1437)
4(1476 1516 1517 1477)
4(1516 1556 1557 1517)
4(1556 1596 1597 1557)
4(1596 1636 1637 1597)
4(1636 1676 1677 1637)
4(1676 1716 1717 1677)
4(1716 1756 1757 1717)
4(1756 1796 1797 1757)
4(1796 1836 1837 1797)
4(1836 1876 1877 1837)
4(1876 1916 1917 1877)
4(1916 1956 1957 1917)
4(1956 1996 1997 1957)
4(1996 2036 2037 1997)
4(2036 2076 2077 2037)
4(2076 2116 2117 2077)
4(2116 2156 2157 2117)
4(2156 2196 2197 2157)
4(2196 2236 2237 2197)
4(2236 2276 2277 2237)
4(837 877 878 838)
4(877 917 918 878)
4(917 957 958 918)
4(957 997 998 958)
4(997 1037 1038 998)
4(1037 1077 1078 1038)
4(1077 1117 1118 1078)
4(1117 1157 1158 1118)
4(1157 1197 1198 1158)
4(1197 1237 1238 1198)
4(1237 1277 1278 1238)
4(1277 1317 1318 1278)
4(1317 1357 1358 1318)
4(1357 1397 1398 1358)
4(1397 1437 1438 1398)
4(1437 1477 1478 1438)
4(1477 1517 1518 1478)
4(1517 1557 1558 1518)
4(1557 1597 1598 1558)
4(1597 1637 1638 1598)
4(1637 1677 1678 1638)
4(1677 1717 1718 1678)
4(1717 1757 1758 1718)
4(1757 1797 1798 1758)
4(1797 1837 1838 1798)
4(1837 1877 1878 1838)
4(1877 1917 1918 1878)
4(1917 1957 1958 1918)
4(1957 1997 1998 1958)
4(1997 2037 2038 1998)
4(2037 2077 2078 2038)
4(2077 2117 2118 2078)
4(2117 2157 2158 2118)
4(2157 2197 2198 2158)
4(2197 2237 2238 2198)
4(2237 2277 2278 2238)
4(838 878 879 839)
4(878 918 919 879)
4(918 958 959 919)
4(958 998 999 959)
4(998 1038 1039 999)
4(1038 1078 1079 1039)
4(1078 1118 1119 1079)
4(1118 1158 1159 1119)
4(1158 1198 1199 1159)
4(1198 1238 1239 1199)
4(1238 1278 1279 1239)
4(1278 1318 1319 1279)
4(1318 1358 1359 1319)
4(1358 1398 1399 1359)
4(1398 1438 1439 1399)
4(1438 1478 1479 1439)
4(1478 1518 1519 1479)
4(1518 1558 1559 1519)
4(1558 1598 1599 1559)
4(1598 1638 1639 1599)
4(1638 1678 1679 1639)
4(1678 1718 1719 1679)
4(1718 1758 1759 1719)
4(1758 1798 1799 1759)
4(1798 1838 1839 1799)
4(1838 1878 1879 1839)
4(1878 1918 1919 1879)
4(1918 1958 1959 1919)
4(1958 1998 1999 1959)
4(1998 2038 2039 1999)
4(2038 2078 2079 2039)
4(2078 2118 2119 2079)
4(2118 2158 2159 2119)
4(2158 2198 2199 2159)
4(2198 2238 2239 2199)
4(2238 2278 2279 2239)
4(839 879 880 840)
4(879 919 920 880)
4(919 959 960 920)
4(959 999 1000 960)
4(999 1039 1040 1000)
4(1039 1079 1080 1040)
4(1079 1119 1120 1080)
4(1119 1159 1160 1120)
4(1159 1199 1200 1160)
4(1199 1239 1240 1200)
4(1239 1279 1280 1240)
4(1279 1319 1320 1280)
4(1319 1359 1360 1320)
4(1359 1399 1400 1360)
4(1399 1439 1440 1400)
4(1439 1479 1480 1440)
4(1479 1519 1520 1480)
4(1519 1559 1560 1520)
4(1559 1599 1600 1560)
4(1599 1639 1640 1600)
4(1639 1679 1680 1640)
4(1679 1719 1720 1680)
4(1719 1759 1760 1720)
4(1759 1799 1800 1760)
4(1799 1839 1840 1800)
4(1839 1879 1880 1840)
4(1879 1919 1920 1880)
4(1919 1959 1960 1920)
4(1959 1999 2000 1960)
4(1999 2039 2040 2000)
4(2039 2079 2080 2040)
4(2079 2119 2120 2080)
4(2119 2159 2160 2120)
4(2159 2199 2200 2160)
4(2199 2239 2240 2200)
4(2239 2279 2280 2240)
4(840 880 881 841)
4(880 920 921 881)
4(920 960 961 921)
4(960 1000 1001 961)
4(1000 1040 1041 1001)
4(1040 1080 1081 1041)
4(1080 1120 1121 1081)
4(1120 1160 1161 1121)
4(1160 1200 1201 1161)
4(1200 1240 1241 1201)
4(1240 1280 1281 1241)
4(1280 1320 1321 1281)
4(1320 1360 1361 1321)
4(1360 1400 1401 1361)
4(1400 1440 1441 1401)
4(1440 1480 1481 1441)
4(1480 1520 1521 1481)
4(1520 1560 1561 1521)
4(1560 1600 1601 1561)
4(1600 1640 1641 1601)
4(1640 1680 1681 1641)
4(1680 1720 1721 1681)
4(1720 1760 1761 1721)
4(1760 1800 1801 1761)
4(1800 1840 1841 1801)
4(1840 1880 1881 1841)
4(1880 1920 1921 1881)
4(1920 1960 1961 1921)
4(1960 2000 2001 1961)
4(2000 2040 2041 2001)
4(2040 2080 2081 2041)
4(2080 2120 2121 2081)
4(2120 2160 2161 2121)
4(2160 2200 2201 2161)
4(2200 2240 2241 2201)
4(2240 2280 2281 2241)
4(841 881 882 842)
4(881 921 922 882)
4(921 961 962 922)
4(961 1001 1002 962)
4(1001 1041 1042 1002)
4(1041 1081 1082 1042)
4(1081 1121 1122 1082)
4(1121 1161 1162 1122)
4(1161 1201 1202 1162)
4(1201 1241 1242 1202)
4(1241 1281 1282 1242)
4(1281 1321 1322 1282)
4(1321 1361 1362 1322)
4(1361 1401 1402 1362)
4(1401 1441 1442 1402)
4(1441 1481 1482 1442)
4(1481 1521 1522 1482)
4(1521 1561 1562 1522)
4(1561 1601 1602 1562)
4(1601 1641 1642 1602)
4(1641 1681 1682 1642)
4(1681 1721 1722 1682)
4(1721 1761 1762 1722)
4(1761 1801 1802 1762)
4(1801 1841 1842 1802)
4(1841 1881 1882 1842)
4(1881 1921 1922 1882)
4(1921 1961 1962 1922)
4(1961 2001 2002 1962)
4(2001 2041 2042 2002)
4(2041 2081 2082 2042)
4(2081 2121 2122 2082)
4(2121 2161 2162 2122)
4(2161 2201 2202 2162)
4(2201 2241 2242 2202)
4(2241 2281 2282 2242)
4(842 882 883 843)
4(882 922 923 883)
4(922 962 963 923)
4(962 1002 1003 963)
4(1002 1042 1043 1003)
4(1042 1082 1083 1043)
4(1082 1122 1123 1083)
4(1122 1162 1163 1123)
4(1162 1202 1203 1163)
4(1202 1242 1243 1203)
4(1242 1282 1283 1243)
4(1282 1322 1323 1283)
4(1322 1362 1363 1323)
4(1362 1402 1403 1363)
4(1402 1442 1443 1403)
4(1442 1482 1483 1443)
4(1482 1522 1523 1483)
4(1522 1562 1563 1523)
4(1562 1602 1603 1563)
4(1602 1642 1643 1603)
4(1642 1682 1683 1643)
4(1682 1722 1723 1683)
4(1722 1762 1763 1723)
4(1762 1802 1803 1763)
4(1802 1842 1843 1803)
4(1842 1882 1883 1843)
4(1882 1922 1923 1883)
4(1922 1962 1963 1923)
4(1962 2002 2003 1963)
4(2002 2042 2043 2003)
4(2042 2082 2083 2043)
4(2082 2122 2123 2083)
4(2122 2162 2163 2123)
4(2162 2202 2203 2163)
4(2202 2242 2243 2203)
4(2242 2282 2283 2243)
4(843 883 884 844)
4(883 923 924 884)
4(923 963 964 924)
4(963 1003 1004 964)
4(1003 1043 1044 1004)
4(1043 1083 1084 1044)
4(1083 1123 1124 1084)
4(1123 1163 1164 1124)
4(1163 1203 1204 1164)
4(1203 1243 1244 1204)
4(1243 1283 1284 1244)
4(1283 1323 1324 1284)
4(1323 1363 1364 1324)
4(1363 1403 1404 1364)
4(1403 1443 1444 1404)
4(1443 1483 1484 1444)
4(1483 1523 1524 1484)
4(1523 1563 1564 1524)
4(1563 1603 1604 1564)
4(1603 1643 1644 1604)
4(1643 1683 1684 1644)
4(1683 1723 1724 1684)
4(1723 1763 1764 1724)
4(1763 1803 1804 1764)
4(1803 1843 1844 1804)
4(1843 1883 1884 1844)
4(1883 1923 1924 1884)
4(1923 1963 1964 1924)
4(1963 2003 2004 1964)
4(2003 2043 2044 2004)
4(2043 2083 2084 2044)
4(2083 2123 2124 2084)
4(2123 2163 2164 2124)
4(2163 2203 2204 2164)
4(2203 2243 2244 2204)
4(2243 2283 2284 2244)
4(844 884 885 845)
4(884 924 925 885)
4(924 964 965 925)
4(964 1004 1005 965)
4(1004 1044 1045 1005)
4(1044 1084 1085 1045)
4(1084 1124 1125 1085)
4(1124 1164 1165 1125)
4(1164 1204 1205 1165)
4(1204 1244 1245 1205)
4(1244 1284 1285 1245)
4(1284 1324 1325 1285)
4(1324 1364 1365 1325)
4(1364 1404 1405 1365)
4(1404 1444 1445 1405)
4(1444 1484 1485 1445)
4(1484 1524 1525 1485)
4(1524 1564 1565 1525)
4(1564 1604 1605 1565)
4(1604 1644 1645 1605)
4(1644 1684 1685 1645)
4(1684 1724 1725 1685)
4(1724 1764 1765 1725)
4(1764 1804 1805 1765)
4(1804 1844 1845 1805)
4(1844 1884 1885 1845)
4(1884 1924 1925 1885)
4(1924 1964 1965 1925)
4(1964 2004 2005 1965)
4(2004 2044 2045 2005)
4(2044 2084 2085 2045)
4(2084 2124 2125 2085)
4(2124 2164 2165 2125)
4(2164 2204 2205 2165)
4(2204 2244 2245 2205)
4(2244 2284 2285 2245)
4(845 885 886 846)
4(885 925 926 886)
4(925 965 966 926)
4(965 1005 1006 966)
4(1005 1045 1046 1006)
4(1045 1085 1086 1046)
4(1085 1125 1126 1086)
4(1125 1165 1166 1126)
4(1165 1205 1206 1166)
4(1205 1245 1246 1206)
4(1245 1285 1286 1246)
4(1285 1325 1326 1286)
4(1325 1365 1366 1326)
4(1365 1405 1406 1366)
4(1405 1445 1446 1406)
4(1445 1485 1486 1446)
4(1485 1525 1526 1486)
4(1525 1565 1566 1526)
4(1565 1605 1606 1566)
4(1605 1645 1646 1606)
4(1645 1685 1686 1646)
4(1685 1725 1726 1686)
4(1725 1765 1766 1726)
4(1765 1805 1806 1766)
4(1805 1845 1846 1806)
4(1845 1885 1886 1846)
4(1885 1925 1926 1886)
4(1925 1965 1966 1926)
4(1965 2005 2006 1966)
4(2005 2045 2046 2006)
4(2045 2085 2086 2046)
4(2085 2125 2126 2086)
4(2125 2165 2166 2126)
4(2165 2205 2206 2166)
4(2205 2245 2246 2206)
4(2245 2285 2286 2246)
4(846 886 887 847)
4(886 926 927 887)
4(926 966 967 927)
4(966 1006 1007 967)
4(1006 1046 1047 1007)
4(1046 1086 1087 1047)
4(1086 1126 1127 1087)
4(1126 1166 1167 1127)
4(1166 1206 1207 1167)
4(1206 1246 1247 1207)
4(1246 1286 1287 1247)
4(1286 1326 1327 1287)
4(1326 1366 1367 1327)
4(1366 1406 1407 1367)
4(1406 1446 1447 1407)
4(1446 1486 1487 1447)
4(1486 1526 1527 1487)
4(1526 1566 1567 1527)
4(1566 1606 1607 1567)
4(1606 1646 1647 1607)
4(1646 1686 1687 1647)
4(1686 1726 1727 1687)
4(1726 1766 1767 1727)
4(1766 1806 1807 1767)
4(1806 1846 1847 1807)
4(1846 1886 1887 1847)
4(1886 1926 1927 1887)
4(1926 1966 1967 1927)
4(1966 2006 2007 1967)
4(2006 2046 2047 2007)
4(2046 2086 2087 2047)
4(2086 2126 2127 2087)
4(2126 2166 2167 2127)
4(2166 2206 2207 2167)
4(2206 2246 2247 2207)
4(2246 2286 2287 2247)
4(847 887 888 848)
4(887 927 928 888)
4(927 967 968 928)
4(967 1007 1008 968)
4(1007 1047 1048 1008)
4(1047 1087 1088 1048)
4(1087 1127 1128 1088)
4(1127 1167 1168 1128)
4(1167 1207 1208 1168)
4(1207 1247 1248 1208)
4(1247 1287 1288 1248)
4(1287 1327 1328 1288)
4(1327 1367 1368 1328)
4(1367 1407 1408 1368)
4(1407 1447 1448 1408)
4(1447 1487 1488 1448)
4(1487 1527 1528 1488)
4(1527 1567 1568 1528)
4(1567 1607 1608 1568)
4(1607 1647 1648 1608)
4(1647 1687 1688 1648)
4(1687 1727 1728 1688)
4(1727 1767 1768 1728)
4(1767 1807 1808 1768)
4(1807 1847 1848 1808)
4(1847 1887 1888 1848)
4(1887 1927 1928 1888)
4(1927 1967 1968 1928)
4(1967 2007 2008 1968)
4(2007 2047 2048 2008)
4(2047 2087 2088 2048)
4(2087 2127 2128 2088)
4(2127 2167 2168 2128)
4(2167 2207 2208 2168)
4(2207 2247 2248 2208)
4(2247 2287 2288 2248)
4(848 888 889 849)
4(888 928 929 889)
4(928 968 969 929)
4(968 1008 1009 969)
4(1008 1048 1049 1009)
4(1048 1088 1089 1049)
4(1088 1128 1129 1089)
4(1128 1168 1169 1129)
4(1168 1208 1209 1169)
4(1208 1248 1249 1209)
4(1248 1288 1289 1249)
4(1288 1328 1329 1289)
4(1328 1368 1369 1329)
4(1368 1408 1409 1369)
4(1408 1448 1449 1409)
4(1448 1488 1489 1449)
4(1488 1528 1529 1489)
4(1528 1568 1569 1529)
4(1568 1608 1609 1569)
4(1608 1648 1649 1609)
4(1648 1688 1689 1649)
4(1688 1728 1729 1689)
4(1728 1768 1769 1729)
4(1768 1808 1809 1769)
4(1808 1848 1849 1809)
4(1848 1888 1889 1849)
4(1888 1928 1929 1889)
4(1928 1968 1969 1929)
4(1968 2008 2009 1969)
4(2008 2048 2049 2009)
4(2048 2088 2089 2049)
4(2088 2128 2129 2089)
4(2128 2168 2169 2129)
4(2168 2208 2209 2169)
4(2208 2248 2249 2209)
4(2248 2288 2289 2249)
4(849 889 890 850)
4(889 929 930 890)
4(929 969 970 930)
4(969 1009 1010 970)
4(1009 1049 1050 1010)
4(1049 1089 1090 1050)
4(1089 1129 1130 1090)
4(1129 1169 1170 1130)
4(1169 1209 1210 1170)
4(1209 1249 1250 1210)
4(1249 1289 1290 1250)
4(1289 1329 1330 1290)
4(1329 1369 1370 1330)
4(1369 1409 1410 1370)
4(1409 1449 1450 1410)
4(1449 1489 1490 1450)
4(1489 1529 1530 1490)
4(1529 1569 1570 1530)
4(1569 1609 1610 1570)
4(1609 1649 1650 1610)
4(1649 1689 1690 1650)
4(1689 1729 1730 1690)
4(1729 1769 1770 1730)
4(1769 1809 1810 1770)
4(1809 1849 1850 1810)
4(1849 1889 1890 1850)
4(1889 1929 1930 1890)
4(1929 1969 1970 1930)
4(1969 2009 2010 1970)
4(2009 2049 2050 2010)
4(2049 2089 2090 2050)
4(2089 2129 2130 2090)
4(2129 2169 2170 2130)
4(2169 2209 2210 2170)
4(2209 2249 2250 2210)
4(2249 2289 2290 2250)
4(850 890 891 851)
4(890 930 931 891)
4(930 970 971 931)
4(970 1010 1011 971)
4(1010 1050 1051 1011)
4(1050 1090 1091 1051)
4(1090 1130 1131 1091)
4(1130 1170 1171 1131)
4(1170 1210 1211 1171)
4(1210 1250 1251 1211)
4(1250 1290 1291 1251)
4(1290 1330 1331 1291)
4(1330 1370 1371 1331)
4(1370 1410 1411 1371)
4(1410 1450 1451 1411)
4(1450 1490 1491 1451)
4(1490 1530 1531 1491)
4(1530 1570 1571 1531)
4(1570 1610 1611 1571)
4(1610 1650 1651 1611)
4(1650 1690 1691 1651)
4(1690 1730 1731 1691)
4(1730 1770 1771 1731)
4(1770 1810 1811 1771)
4(1810 1850 1851 1811)
4(1850 1890 1891 1851)
4(1890 1930 1931 1891)
4(1930 1970 1971 1931)
4(1970 2010 2011 1971)
4(2010 2050 2051 2011)
4(2050 2090 2091 2051)
4(2090 2130 2131 2091)
4(2130 2170 2171 2131)
4(2170 2210 2211 2171)
4(2210 2250 2251 2211)
4(2250 2290 2291 2251)
4(851 891 892 852)
4(891 931 932 892)
4(931 971 972 932)
4(971 1011 1012 972)
4(1011 1051 1052 1012)
4(1051 1091 1092 1052)
4(1091 1131 1132 1092)
4(1131 1171 1172 1132)
4(1171 1211 1212 1172)
4(1211 1251 1252 1212)
4(1251 1291 1292 1252)
4(1291 1331 1332 1292)
4(1331 1371 1372 1332)
4(1371 1411 1412 1372)
4(1411 1451 1452 1412)
4(1451 1491 1492 1452)
4(1491 1531 1532 1492)
4(1531 1571 1572 1532)
4(1571 1611 1612 1572)
4(1611 1651 1652 1612)
4(1651 1691 1692 1652)
4(1691 1731 1732 1692)
4(1731 1771 1772 1732)
4(1771 1811 1812 1772)
4(1811 1851 1852 1812)
4(1851 1891 1892 1852)
4(1891 1931 1932 1892)
4(1931 1971 1972 1932)
4(1971 2011 2012 1972)
4(2011 2051 2052 2012)
4(2051 2091 2092 2052)
4(2091 2131 2132 2092)
4(2131 2171 2172 2132)
4(2171 2211 2212 2172)
4(2211 2251 2252 2212)
4(2251 2291 2292 2252)
4(852 892 893 853)
4(892 932 933 893)
4(932 972 973 933)
4(972 1012 1013 973)
4(1012 1052 1053 1013)
4(1052 1092 1093 1053)
4(1092 1132 1133 1093)
4(1132 1172 1173 1133)
4(1172 1212 1213 1173)
4(1212 1252 1253 1213)
4(1252 1292 1293 1253)
4(1292 1332 1333 1293)
4(1332 1372 1373 1333)
4(1372 1412 1413 1373)
4(1412 1452 1453 1413)
4(1452 1492 1493 1453)
4(1492 1532 1533 1493)
4(1532 1572 1573 1533)
4(1572 1612 1613 1573)
4(1612 1652 1653 1613)
4(1652 1692 1693 1653)
4(1692 1732 1733 1693)
4(1732 1772 1773 1733)
4(1772 1812 1813 1773)
4(1812 1852 1853 1813)
4(1852 1892 1893 1853)
4(1892 1932 1933 1893)
4(1932 1972 1973 1933)
4(1972 2012 2013 1973)
4(2012 2052 2053 2013)
4(2052 2092 2093 2053)
4(2092 2132 2133 2093)
4(2132 2172 2173 2133)
4(2172 2212 2213 2173)
4(2212 2252 2253 2213)
4(2252 2292 2293 2253)
4(407 408 419 418)
4(418 419 430 429)
4(429 430 441 440)
4(440 441 452 451)
4(451 452 463 462)
4(462 463 474 473)
4(473 474 485 484)
4(484 485 496 495)
4(495 496 507 506)
4(506 507 518 517)
4(517 518 529 528)
4(528 529 540 539)
4(539 540 551 550)
4(550 551 562 561)
4(561 562 573 572)
4(572 573 584 583)
4(583 584 595 594)
4(594 595 606 605)
4(605 606 617 616)
4(616 617 628 627)
4(627 628 639 638)
4(638 639 650 649)
4(649 650 661 660)
4(660 661 672 671)
4(671 672 683 682)
4(682 683 694 693)
4(693 694 705 704)
4(704 705 716 715)
4(715 716 727 726)
4(726 727 738 737)
4(737 738 749 748)
4(748 749 760 759)
4(759 760 771 770)
4(770 771 782 781)
4(781 782 793 792)
4(792 793 804 803)
4(408 409 420 419)
4(419 420 431 430)
4(430 431 442 441)
4(441 442 453 452)
4(452 453 464 463)
4(463 464 475 474)
4(474 475 486 485)
4(485 486 497 496)
4(496 497 508 507)
4(507 508 519 518)
4(518 519 530 529)
4(529 530 541 540)
4(540 541 552 551)
4(551 552 563 562)
4(562 563 574 573)
4(573 574 585 584)
4(584 585 596 595)
4(595 596 607 606)
4(606 607 618 617)
4(617 618 629 628)
4(628 629 640 639)
4(639 640 651 650)
4(650 651 662 661)
4(661 662 673 672)
4(672 673 684 683)
4(683 684 695 694)
4(694 695 706 705)
4(705 706 717 716)
4(716 717 728 727)
4(727 728 739 738)
4(738 739 750 749)
4(749 750 761 760)
4(760 761 772 771)
4(771 772 783 782)
4(782 783 794 793)
4(793 794 805 804)
4(409 410 421 420)
4(420 421 432 431)
4(431 432 443 442)
4(442 443 454 453)
4(453 454 465 464)
4(464 465 476 475)
4(475 476 487 486)
4(486 487 498 497)
4(497 498 509 508)
4(508 509 520 519)
4(519 520 531 530)
4(530 531 542 541)
4(541 542 553 552)
4(552 553 564 563)
4(563 564 575 574)
4(574 575 586 585)
4(585 586 597 596)
4(596 597 608 607)
4(607 608 619 618)
4(618 619 630 629)
4(629 630 641 640)
4(640 641 652 651)
4(651 652 663 662)
4(662 663 674 673)
4(673 674 685 684)
4(684 685 696 695)
4(695 696 707 706)
4(706 707 718 717)
4(717 718 729 728)
4(728 729 740 739)
4(739 740 751 750)
4(750 751 762 761)
4(761 762 773 772)
4(772 773 784 783)
4(783 784 795 794)
4(794 795 806 805)
4(410 411 422 421)
4(421 422 433 432)
4(432 433 444 443)
4(443 444 455 454)
4(454 455 466 465)
4(465 466 477 476)
4(476 477 488 487)
4(487 488 499 498)
4(498 499 510 509)
4(509 510 521 520)
4(520 521 532 531)
4(531 532 543 542)
4(542 543 554 553)
4(553 554 565 564)
4(564 565 576 575)
4(575 576 587 586)
4(586 587 598 597)
4(597 598 609 608)
4(608 609 620 619)
4(619 620 631 630)
4(630 631 642 641)
4(641 642 653 652)
4(652 653 664 663)
4(663 664 675 674)
4(674 675 686 685)
4(685 686 697 696)
4(696 697 708 707)
4(707 708 719 718)
4(718 719 730 729)
4(729 730 741 740)
4(740 741 752 751)
4(751 752 763 762)
4(762 763 774 773)
4(773 774 785 784)
4(784 785 796 795)
4(795 796 807 806)
4(411 412 423 422)
4(422 423 434 433)
4(433 434 445 444)
4(444 445 456 455)
4(455 456 467 466)
4(466 467 478 477)
4(477 478 489 488)
4(488 489 500 499)
4(499 500 511 510)
4(510 511 522 521)
4(521 522 533 532)
4(532 533 544 543)
4(543 544 555 554)
4(554 555 566 565)
4(565 566 577 576)
4(576 577 588 587)
4(587 588 599 598)
4(598 599 610 609)
4(609 610 621 620)
4(620 621 632 631)
4(631 632 643 642)
4(642 643 654 653)
4(653 654 665 664)
4(664 665 676 675)
4(675 676 687 686)
4(686 687 698 697)
4(697 698 709 708)
4(708 709 720 719)
4(719 720 731 730)
4(730 731 742 741)
4(741 742 753 752)
4(752 753 764 763)
4(763 764 775 774)
4(774 775 786 785)
4(785 786 797 796)
4(796 797 808 807)
4(412 413 424 423)
4(423 424 435 434)
4(434 435 446 445)
4(445 446 457 456)
4(456 457 468 467)
4(467 468 479 478)
4(478 479 490 489)
4(489 490 501 500)
4(500 501 512 511)
4(511 512 523 522)
4(522 523 534 533)
4(533 534 545 544)
4(544 545 556 555)
4(555 556 567 566)
4(566 567 578 577)
4(577 578 589 588)
4(588 589 600 599)
4(599 600 611 610)
4(610 611 622 621)
4(621 622 633 632)
4(632 633 644 643)
4(643 644 655 654)
4(654 655 666 665)
4(665 666 677 676)
4(676 677 688 687)
4(687 688 699 698)
4(698 699 710 709)
4(709 710 721 720)
4(720 721 732 731)
4(731 732 743 742)
4(742 743 754 753)
4(753 754 765 764)
4(764 765 776 775)
4(775 776 787 786)
4(786 787 798 797)
4(797 798 809 808)
4(413 414 425 424)
4(424 425 436 435)
4(435 436 447 446)
4(446 447 458 457)
4(457 458 469 468)
4(468 469 480 479)
4(479 480 491 490)
4(490 491 502 501)
4(501 502 513 512)
4(512 513 524 523)
4(523 524 535 534)
4(534 535 546 545)
4(545 546 557 556)
4(556 557 568 567)
4(567 568 579 578)
4(578 579 590 589)
4(589 590 601 600)
4(600 601 612 611)
4(611 612 623 622)
4(622 623 634 633)
4(633 634 645 644)
4(644 645 656 655)
4(655 656 667 666)
4(666 667 678 677)
4(677 678 689 688)
4(688 689 700 699)
4(699 700 711 710)
4(710 711 722 721)
4(721 722 733 732)
4(732 733 744 743)
4(743 744 755 754)
4(754 755 766 765)
4(765 766 777 776)
4(776 777 788 787)
4(787 788 799 798)
4(798 799 810 809)
4(414 415 426 425)
4(425 426 437 436)
4(436 437 448 447)
4(447 448 459 458)
4(458 459 470 469)
4(469 470 481 480)
4(480 481 492 491)
4(491 492 503 502)
4(502 503 514 513)
4(513 514 525 524)
4(524 525 536 535)
4(535 536 547 546)
4(546 547 558 557)
4(557 558 569 568)
4(568 569 580 579)
4(579 580 591 590)
4(590 591 602 601)
4(601 602 613 612)
4(612 613 624 623)
4(623 624 635 634)
4(634 635 646 645)
4(645 646 657 656)
4(656 657 668 667)
4(667 668 679 678)
4(678 679 690 689)
4(689 690 701 700)
4(700 701 712 711)
4(711 712 723 722)
4(722 723 734 733)
4(733 734 745 744)
4(744 745 756 755)
4(755 756 767 766)
4(766 767 778 777)
4(777 778 789 788)
4(788 789 800 799)
4(799 800 811 810)
4(415 416 427 426)
4(426 427 438 437)
4(437 438 449 448)
4(448 449 460 459)
4(459 460 471 470)
4(470 471 482 481)
4(481 482 493 492)
4(492 493 504 503)
4(503 504 515 514)
4(514 515 526 525)
4(525 526 537 536)
4(536 537 548 547)
4(547 548 559 558)
4(558 559 570 569)
4(569 570 581 580)
4(580 581 592 591)
4(591 592 603 602)
4(602 603 614 613)
4(613 614 625 624)
4(624 625 636 635)
4(635 636 647 646)
4(646 647 658 657)
4(657 658 669 668)
4(668 669 680 679)
4(679 680 691 690)
4(690 691 702 701)
4(701 702 713 712)
4(712 713 724 723)
4(723 724 735 734)
4(734 735 746 745)
4(745 746 757 756)
4(756 757 768 767)
4(767 768 779 778)
4(778 779 790 789)
4(789 790 801 800)
4(800 801 812 811)
4(416 417 428 427)
4(427 428 439 438)
4(438 439 450 449)
4(449 450 461 460)
4(460 461 472 471)
4(471 472 483 482)
4(482 483 494 493)
4(493 494 505 504)
4(504 505 516 515)
4(515 516 527 526)
4(526 527 538 537)
4(537 538 549 548)
4(548 549 560 559)
4(559 560 571 570)
4(570 571 582 581)
4(581 582 593 592)
4(592 593 604 603)
4(603 604 615 614)
4(614 615 626 625)
4(625 626 637 636)
4(636 637 648 647)
4(647 648 659 658)
4(658 659 670 669)
4(669 670 681 680)
4(680 681 692 691)
4(691 692 703 702)
4(702 703 714 713)
4(713 714 725 724)
4(724 725 736 735)
4(735 736 747 746)
4(746 747 758 757)
4(757 758 769 768)
4(768 769 780 779)
4(779 780 791 790)
4(790 791 802 801)
4(801 802 813 812)
4(417 2294 2334 428)
4(428 2334 2374 439)
4(439 2374 2414 450)
4(450 2414 2454 461)
4(461 2454 2494 472)
4(472 2494 2534 483)
4(483 2534 2574 494)
4(494 2574 2614 505)
4(505 2614 2654 516)
4(516 2654 2694 527)
4(527 2694 2734 538)
4(538 2734 2774 549)
4(549 2774 2814 560)
4(560 2814 2854 571)
4(571 2854 2894 582)
4(582 2894 2934 593)
4(593 2934 2974 604)
4(604 2974 3014 615)
4(615 3014 3054 626)
4(626 3054 3094 637)
4(637 3094 3134 648)
4(648 3134 3174 659)
4(659 3174 3214 670)
4(670 3214 3254 681)
4(681 3254 3294 692)
4(692 3294 3334 703)
4(703 3334 3374 714)
4(714 3374 3414 725)
4(725 3414 3454 736)
4(736 3454 3494 747)
4(747 3494 3534 758)
4(758 3534 3574 769)
4(769 3574 3614 780)
4(780 3614 3654 791)
4(791 3654 3694 802)
4(802 3694 3734 813)
4(2294 2295 2335 2334)
4(2334 2335 2375 2374)
4(2374 2375 2415 2414)
4(2414 2415 2455 2454)
4(2454 2455 2495 2494)
4(2494 2495 2535 2534)
4(2534 2535 2575 2574)
4(2574 2575 2615 2614)
4(2614 2615 2655 2654)
4(2654 2655 2695 2694)
4(2694 2695 2735 2734)
4(2734 2735 2775 2774)
4(2774 2775 2815 2814)
4(2814 2815 2855 2854)
4(2854 2855 2895 2894)
4(2894 2895 2935 2934)
4(2934 2935 2975 2974)
4(2974 2975 3015 3014)
4(3014 3015 3055 3054)
4(3054 3055 3095 3094)
4(3094 3095 3135 3134)
4(3134 3135 3175 3174)
4(3174 3175 3215 3214)
4(3214 3215 3255 3254)
4(3254 3255 3295 3294)
4(3294 3295 3335 3334)
4(3334 3335 3375 3374)
4(3374 3375 3415 3414)
4(3414 3415 3455 3454)
4(3454 3455 3495 3494)
4(3494 3495 3535 3534)
4(3534 3535 3575 3574)
4(3574 3575 3615 3614)
4(3614 3615 3655 3654)
4(3654 3655 3695 3694)
4(3694 3695 3735 3734)
4(2295 2296 2336 2335)
4(2335 2336 2376 2375)
4(2375 2376 2416 2415)
4(2415 2416 2456 2455)
4(2455 2456 2496 2495)
4(2495 2496 2536 2535)
4(2535 2536 2576 2575)
4(2575 2576 2616 2615)
4(2615 2616 2656 2655)
4(2655 2656 2696 2695)
4(2695 2696 2736 2735)
4(2735 2736 2776 2775)
4(2775 2776 2816 2815)
4(2815 2816 2856 2855)
4(2855 2856 2896 2895)
4(2895 2896 2936 2935)
4(2935 2936 2976 2975)
4(2975 2976 3016 3015)
4(3015 3016 3056 3055)
4(3055 3056 3096 3095)
4(3095 3096 3136 3135)
4(3135 3136 3176 3175)
4(3175 3176 3216 3215)
4(3215 3216 3256 3255)
4(3255 3256 3296 3295)
4(3295 3296 3336 3335)
4(3335 3336 3376 3375)
4(3375 3376 3416 3415)
4(3415 3416 3456 3455)
4(3455 3456 3496 3495)
4(3495 3496 3536 3535)
4(3535 3536 3576 3575)
4(3575 3576 3616 3615)
4(3615 3616 3656 3655)
4(3655 3656 3696 3695)
4(3695 3696 3736 3735)
4(2296 2297 2337 2336)
4(2336 2337 2377 2376)
4(2376 2377 2417 2416)
4(2416 2417 2457 2456)
4(2456 2457 2497 2496)
4(2496 2497 2537 2536)
4(2536 2537 2577 2576)
4(2576 2577 2617 2616)
4(2616 2617 2657 2656)
4(2656 2657 2697 2696)
4(2696 2697 2737 2736)
4(2736 2737 2777 2776)
4(2776 2777 2817 2816)
4(2816 2817 2857 2856)
4(2856 2857 2897 2896)
4(2896 2897 2937 2936)
4(2936 2937 2977 2976)
4(2976 2977 3017 3016)
4(3016 3017 3057 3056)
4(3056 3057 3097 3096)
4(3096 3097 3137 3136)
4(3136 3137 3177 3176)
4(3176 3177 3217 3216)
4(3216 3217 3257 3256)
4(3256 3257 3297 3296)
4(3296 3297 3337 3336)
4(3336 3337 3377 3376)
4(3376 3377 3417 3416)
4(3416 3417 3457 3456)
4(3456 3457 3497 3496)
4(3496 3497 3537 3536)
4(3536 3537 3577 3576)
4(3576 3577 3617 3616)
4(3616 3617 3657 3656)
4(3656 3657 3697 3696)
4(3696 3697 3737 3736)
4(2297 2298 2338 2337)
4(2337 2338 2378 2377)
4(2377 2378 2418 2417)
4(2417 2418 2458 2457)
4(2457 2458 2498 2497)
4(2497 2498 2538 2537)
4(2537 2538 2578 2577)
4(2577 2578 2618 2617)
4(2617 2618 2658 2657)
4(2657 2658 2698 2697)
4(2697 2698 2738 2737)
4(2737 2738 2778 2777)
4(2777 2778 2818 2817)
4(2817 2818 2858 2857)
4(2857 2858 2898 2897)
4(2897 2898 2938 2937)
4(2937 2938 2978 2977)
4(2977 2978 3018 3017)
4(3017 3018 3058 3057)
4(3057 3058 3098 3097)
4(3097 3098 3138 3137)
4(3137 3138 3178 3177)
4(3177 3178 3218 3217)
4(3217 3218 3258 3257)
4(3257 3258 3298 3297)
4(3297 3298 3338 3337)
4(3337 3338 3378 3377)
4(3377 3378 3418 3417)
4(3417 3418 3458 3457)
4(3457 3458 3498 3497)
4(3497 3498 3538 3537)
4(3537 3538 3578 3577)
4(3577 3578 3618 3617)
4(3617 3618 3658 3657)
4(3657 3658 3698 3697)
4(3697 3698 3738 3737)
4(2298 2299 2339 2338)
4(2338 2339 2379 2378)
4(2378 2379 2419 2418)
4(2418 2419 2459 2458)
4(2458 2459 2499 2498)
4(2498 2499 2539 2538)
4(2538 2539 2579 2578)
4(2578 2579 2619 2618)
4(2618 2619 2659 2658)
4(2658 2659 2699 2698)
4(2698 2699 2739 2738)
4(2738 2739 2779 2778)
4(2778 2779 2819 2818)
4(2818 2819 2859 2858)
4(2858 2859 2899 2898)
4(2898 2899 2939 2938)
4(2938 2939 2979 2978)
4(2978 2979 3019 3018)
4(3018 3019 3059 3058)
4(3058 3059 3099 3098)
4(3098 3099 3139 3138)
4(3138 3139 3179 3178)
4(3178 3179 3219 3218)
4(3218 3219 3259 3258)
4(3258 3259 3299 3298)
4(3298 3299 3339 3338)
4(3338 3339 3379 3378)
4(3378 3379 3419 3418)
4(3418 3419 3459 3458)
4(3458 3459 3499 3498)
4(3498 3499 3539 3538)
4(3538 3539 3579 3578)
4(3578 3579 3619 3618)
4(3618 3619 3659 3658)
4(3658 3659 3699 3698)
4(3698 3699 3739 3738)
4(2299 2300 2340 2339)
4(2339 2340 2380 2379)
4(2379 2380 2420 2419)
4(2419 2420 2460 2459)
4(2459 2460 2500 2499)
4(2499 2500 2540 2539)
4(2539 2540 2580 2579)
4(2579 2580 2620 2619)
4(2619 2620 2660 2659)
4(2659 2660 2700 2699)
4(2699 2700 2740 2739)
4(2739 2740 2780 2779)
4(2779 2780 2820 2819)
4(2819 2820 2860 2859)
4(2859 2860 2900 2899)
4(2899 2900 2940 2939)
4(2939 2940 2980 2979)
4(2979 2980 3020 3019)
4(3019 3020 3060 3059)
4(3059 3060 3100 3099)
4(3099 3100 3140 3139)
4(3139 3140 3180 3179)
4(3179 3180 3220 3219)
4(3219 3220 3260 3259)
4(3259 3260 3300 3299)
4(3299 3300 3340 3339)
4(3339 3340 3380 3379)
4(3379 3380 3420 3419)
4(3419 3420 3460 3459)
4(3459 3460 3500 3499)
4(3499 3500 3540 3539)
4(3539 3540 3580 3579)
4(3579 3580 3620 3619)
4(3619 3620 3660 3659)
4(3659 3660 3700 3699)
4(3699 3700 3740 3739)
4(2300 2301 2341 2340)
4(2340 2341 2381 2380)
4(2380 2381 2421 2420)
4(2420 2421 2461 2460)
4(2460 2461 2501 2500)
4(2500 2501 2541 2540)
4(2540 2541 2581 2580)
4(2580 2581 2621 2620)
4(2620 2621 2661 2660)
4(2660 2661 2701 2700)
4(2700 2701 2741 2740)
4(2740 2741 2781 2780)
4(2780 2781 2821 2820)
4(2820 2821 2861 2860)
4(2860 2861 2901 2900)
4(2900 2901 2941 2940)
4(2940 2941 2981 2980)
4(2980 2981 3021 3020)
4(3020 3021 3061 3060)
4(3060 3061 3101 3100)
4(3100 3101 3141 3140)
4(3140 3141 3181 3180)
4(3180 3181 3221 3220)
4(3220 3221 3261 3260)
4(3260 3261 3301 3300)
4(3300 3301 3341 3340)
4(3340 3341 3381 3380)
4(3380 3381 3421 3420)
4(3420 3421 3461 3460)
4(3460 3461 3501 3500)
4(3500 3501 3541 3540)
4(3540 3541 3581 3580)
4(3580 3581 3621 3620)
4(3620 3621 3661 3660)
4(3660 3661 3701 3700)
4(3700 3701 3741 3740)
4(2301 2302 2342 2341)
4(2341 2342 2382 2381)
4(2381 2382 2422 2421)
4(2421 2422 2462 2461)
4(2461 2462 2502 2501)
4(2501 2502 2542 2541)
4(2541 2542 2582 2581)
4(2581 2582 2622 2621)
4(2621 2622 2662 2661)
4(2661 2662 2702 2701)
4(2701 2702 2742 2741)
4(2741 2742 2782 2781)
4(2781 2782 2822 2821)
4(2821 2822 2862 2861)
4(2861 2862 2902 2901)
4(2901 2902 2942 2941)
4(2941 2942 2982 2981)
4(2981 2982 3022 3021)
4(3021 3022 3062 3061)
4(3061 3062 3102 3101)
4(3101 3102 3142 3141)
4(3141 3142 3182 3181)
4(3181 3182 3222 3221)
4(3221 3222 3262 3261)
4(3261 3262 3302 3301)
4(3301 3302 3342 3341)
4(3341 3342 3382 3381)
4(3381 3382 3422 3421)
4(3421 3422 3462 3461)
4(3461 3462 3502 3501)
4(3501 3502 3542 3541)
4(3541 3542 3582 3581)
4(3581 3582 3622 3621)
4(3621 3622 3662 3661)
4(3661 3662 3702 3701)
4(3701 3702 3742 3741)
4(2302 2303 2343 2342)
4(2342 2343 2383 2382)
4(2382 2383 2423 2422)
4(2422 2423 2463 2462)
4(2462 2463 2503 2502)
4(2502 2503 2543 2542)
4(2542 2543 2583 2582)
4(2582 2583 2623 2622)
4(2622 2623 2663 2662)
4(2662 2663 2703 2702)
4(2702 2703 2743 2742)
4(2742 2743 2783 2782)
4(2782 2783 2823 2822)
4(2822 2823 2863 2862)
4(2862 2863 2903 2902)
4(2902 2903 2943 2942)
4(2942 2943 2983 2982)
4(2982 2983 3023 3022)
4(3022 3023 3063 3062)
4(3062 3063 3103 3102)
4(3102 3103 3143 3142)
4(3142 3143 3183 3182)
4(3182 3183 3223 3222)
4(3222 3223 3263 3262)
4(3262 3263 3303 3302)
4(3302 3303 3343 3342)
4(3342 3343 3383 3382)
4(3382 3383 3423 3422)
4(3422 3423 3463 3462)
4(3462 3463 3503 3502)
4(3502 3503 3543 3542)
4(3542 3543 3583 3582)
4(3582 3583 3623 3622)
4(3622 3623 3663 3662)
4(3662 3663 3703 3702)
4(3702 3703 3743 3742)
4(2303 2304 2344 2343)
4(2343 2344 2384 2383)
4(2383 2384 2424 2423)
4(2423 2424 2464 2463)
4(2463 2464 2504 2503)
4(2503 2504 2544 2543)
4(2543 2544 2584 2583)
4(2583 2584 2624 2623)
4(2623 2624 2664 2663)
4(2663 2664 2704 2703)
4(2703 2704 2744 2743)
4(2743 2744 2784 2783)
4(2783 2784 2824 2823)
4(2823 2824 2864 2863)
4(2863 2864 2904 2903)
4(2903 2904 2944 2943)
4(2943 2944 2984 2983)
4(2983 2984 3024 3023)
4(3023 3024 3064 3063)
4(3063 3064 3104 3103)
4(3103 3104 3144 3143)
4(3143 3144 3184 3183)
4(3183 3184 3224 3223)
4(3223 3224 3264 3263)
4(3263 3264 3304 3303)
4(3303 3304 3344 3343)
4(3343 3344 3384 3383)
4(3383 3384 3424 3423)
4(3423 3424 3464 3463)
4(3463 3464 3504 3503)
4(3503 3504 3544 3543)
4(3543 3544 3584 3583)
4(3583 3584 3624 3623)
4(3623 3624 3664 3663)
4(3663 3664 3704 3703)
4(3703 3704 3744 3743)
4(2304 2305 2345 2344)
4(2344 2345 2385 2384)
4(2384 2385 2425 2424)
4(2424 2425 2465 2464)
4(2464 2465 2505 2504)
4(2504 2505 2545 2544)
4(2544 2545 2585 2584)
4(2584 2585 2625 2624)
4(2624 2625 2665 2664)
4(2664 2665 2705 2704)
4(2704 2705 2745 2744)
4(2744 2745 2785 2784)
4(2784 2785 2825 2824)
4(2824 2825 2865 2864)
4(2864 2865 2905 2904)
4(2904 2905 2945 2944)
4(2944 2945 2985 2984)
4(2984 2985 3025 3024)
4(3024 3025 3065 3064)
4(3064 3065 3105 3104)
4(3104 3105 3145 3144)
4(3144 3145 3185 3184)
4(3184 3185 3225 3224)
4(3224 3225 3265 3264)
4(3264 3265 3305 3304)
4(3304 3305 3345 3344)
4(3344 3345 3385 3384)
4(3384 3385 3425 3424)
4(3424 3425 3465 3464)
4(3464 3465 3505 3504)
4(3504 3505 3545 3544)
4(3544 3545 3585 3584)
4(3584 3585 3625 3624)
4(3624 3625 3665 3664)
4(3664 3665 3705 3704)
4(3704 3705 3745 3744)
4(2305 2306 2346 2345)
4(2345 2346 2386 2385)
4(2385 2386 2426 2425)
4(2425 2426 2466 2465)
4(2465 2466 2506 2505)
4(2505 2506 2546 2545)
4(2545 2546 2586 2585)
4(2585 2586 2626 2625)
4(2625 2626 2666 2665)
4(2665 2666 2706 2705)
4(2705 2706 2746 2745)
4(2745 2746 2786 2785)
4(2785 2786 2826 2825)
4(2825 2826 2866 2865)
4(2865 2866 2906 2905)
4(2905 2906 2946 2945)
4(2945 2946 2986 2985)
4(2985 2986 3026 3025)
4(3025 3026 3066 3065)
4(3065 3066 3106 3105)
4(3105 3106 3146 3145)
4(3145 3146 3186 3185)
4(3185 3186 3226 3225)
4(3225 3226 3266 3265)
4(3265 3266 3306 3305)
4(3305 3306 3346 3345)
4(3345 3346 3386 3385)
4(3385 3386 3426 3425)
4(3425 3426 3466 3465)
4(3465 3466 3506 3505)
4(3505 3506 3546 3545)
4(3545 3546 3586 3585)
4(3585 3586 3626 3625)
4(3625 3626 3666 3665)
4(3665 3666 3706 3705)
4(3705 3706 3746 3745)
4(2306 2307 2347 2346)
4(2346 2347 2387 2386)
4(2386 2387 2427 2426)
4(2426 2427 2467 2466)
4(2466 2467 2507 2506)
4(2506 2507 2547 2546)
4(2546 2547 2587 2586)
4(2586 2587 2627 2626)
4(2626 2627 2667 2666)
4(2666 2667 2707 2706)
4(2706 2707 2747 2746)
4(2746 2747 2787 2786)
4(2786 2787 2827 2826)
4(2826 2827 2867 2866)
4(2866 2867 2907 2906)
4(2906 2907 2947 2946)
4(2946 2947 2987 2986)
4(2986 2987 3027 3026)
4(3026 3027 3067 3066)
4(3066 3067 3107 3106)
4(3106 3107 3147 3146)
4(3146 3147 3187 3186)
4(3186 3187 3227 3226)
4(3226 3227 3267 3266)
4(3266 3267 3307 3306)
4(3306 3307 3347 3346)
4(3346 3347 3387 3386)
4(3386 3387 3427 3426)
4(3426 3427 3467 3466)
4(3466 3467 3507 3506)
4(3506 3507 3547 3546)
4(3546 3547 3587 3586)
4(3586 3587 3627 3626)
4(3626 3627 3667 3666)
4(3666 3667 3707 3706)
4(3706 3707 3747 3746)
4(2307 2308 2348 2347)
4(2347 2348 2388 2387)
4(2387 2388 2428 2427)
4(2427 2428 2468 2467)
4(2467 2468 2508 2507)
4(2507 2508 2548 2547)
4(2547 2548 2588 2587)
4(2587 2588 2628 2627)
4(2627 2628 2668 2667)
4(2667 2668 2708 2707)
4(2707 2708 2748 2747)
4(2747 2748 2788 2787)
4(2787 2788 2828 2827)
4(2827 2828 2868 2867)
4(2867 2868 2908 2907)
4(2907 2908 2948 2947)
4(2947 2948 2988 2987)
4(2987 2988 3028 3027)
4(3027 3028 3068 3067)
4(3067 3068 3108 3107)
4(3107 3108 3148 3147)
4(3147 3148 3188 3187)
4(3187 3188 3228 3227)
4(3227 3228 3268 3267)
4(3267 3268 3308 3307)
4(3307 3308 3348 3347)
4(3347 3348 3388 3387)
4(3387 3388 3428 3427)
4(3427 3428 3468 3467)
4(3467 3468 3508 3507)
4(3507 3508 3548 3547)
4(3547 3548 3588 3587)
4(3587 3588 3628 3627)
4(3627 3628 3668 3667)
4(3667 3668 3708 3707)
4(3707 3708 3748 3747)
4(2308 2309 2349 2348)
4(2348 2349 2389 2388)
4(2388 2389 2429 2428)
4(2428 2429 2469 2468)
4(2468 2469 2509 2508)
4(2508 2509 2549 2548)
4(2548 2549 2589 2588)
4(2588 2589 2629 2628)
4(2628 2629 2669 2668)
4(2668 2669 2709 2708)
4(2708 2709 2749 2748)
4(2748 2749 2789 2788)
4(2788 2789 2829 2828)
4(2828 2829 2869 2868)
4(2868 2869 2909 2908)
4(2908 2909 2949 2948)
4(2948 2949 2989 2988)
4(2988 2989 3029 3028)
4(3028 3029 3069 3068)
4(3068 3069 3109 3108)
4(3108 3109 3149 3148)
4(3148 3149 3189 3188)
4(3188 3189 3229 3228)
4(3228 3229 3269 3268)
4(3268 3269 3309 3308)
4(3308 3309 3349 3348)
4(3348 3349 3389 3388)
4(3388 3389 3429 3428)
4(3428 3429 3469 3468)
4(3468 3469 3509 3508)
4(3508 3509 3549 3548)
4(3548 3549 3589 3588)
4(3588 3589 3629 3628)
4(3628 3629 3669 3668)
4(3668 3669 3709 3708)
4(3708 3709 3749 3748)
4(2309 2310 2350 2349)
4(2349 2350 2390 2389)
4(2389 2390 2430 2429)
4(2429 2430 2470 2469)
4(2469 2470 2510 2509)
4(2509 2510 2550 2549)
4(2549 2550 2590 2589)
4(2589 2590 2630 2629)
4(2629 2630 2670 2669)
4(2669 2670 2710 2709)
4(2709 2710 2750 2749)
4(2749 2750 2790 2789)
4(2789 2790 2830 2829)
4(2829 2830 2870 2869)
4(2869 2870 2910 2909)
4(2909 2910 2950 2949)
4(2949 2950 2990 2989)
4(2989 2990 3030 3029)
4(3029 3030 3070 3069)
4(3069 3070 3110 3109)
4(3109 3110 3150 3149)
4(3149 3150 3190 3189)
4(3189 3190 3230 3229)
4(3229 3230 3270 3269)
4(3269 3270 3310 3309)
4(3309 3310 3350 3349)
4(3349 3350 3390 3389)
4(3389 3390 3430 3429)
4(3429 3430 3470 3469)
4(3469 3470 3510 3509)
4(3509 3510 3550 3549)
4(3549 3550 3590 3589)
4(3589 3590 3630 3629)
4(3629 3630 3670 3669)
4(3669 3670 3710 3709)
4(3709 3710 3750 3749)
4(2310 2311 2351 2350)
4(2350 2351 2391 2390)
4(2390 2391 2431 2430)
4(2430 2431 2471 2470)
4(2470 2471 2511 2510)
4(2510 2511 2551 2550)
4(2550 2551 2591 2590)
4(2590 2591 2631 2630)
4(2630 2631 2671 2670)
4(2670 2671 2711 2710)
4(2710 2711 2751 2750)
4(2750 2751 2791 2790)
4(2790 2791 2831 2830)
4(2830 2831 2871 2870)
4(2870 2871 2911 2910)
4(2910 2911 2951 2950)
4(2950 2951 2991 2990)
4(2990 2991 3031 3030)
4(3030 3031 3071 3070)
4(3070 3071 3111 3110)
4(3110 3111 3151 3150)
4(3150 3151 3191 3190)
4(3190 3191 3231 3230)
4(3230 3231 3271 3270)
4(3270 3271 3311 3310)
4(3310 3311 3351 3350)
4(3350 3351 3391 3390)
4(3390 3391 3431 3430)
4(3430 3431 3471 3470)
4(3470 3471 3511 3510)
4(3510 3511 3551 3550)
4(3550 3551 3591 3590)
4(3590 3591 3631 3630)
4(3630 3631 3671 3670)
4(3670 3671 3711 3710)
4(3710 3711 3751 3750)
4(2311 2312 2352 2351)
4(2351 2352 2392 2391)
4(2391 2392 2432 2431)
4(2431 2432 2472 2471)
4(2471 2472 2512 2511)
4(2511 2512 2552 2551)
4(2551 2552 2592 2591)
4(2591 2592 2632 2631)
4(2631 2632 2672 2671)
4(2671 2672 2712 2711)
4(2711 2712 2752 2751)
4(2751 2752 2792 2791)
4(2791 2792 2832 2831)
4(2831 2832 2872 2871)
4(2871 2872 2912 2911)
4(2911 2912 2952 2951)
4(2951 2952 2992 2991)
4(2991 2992 3032 3031)
4(3031 3032 3072 3071)
4(3071 3072 3112 3111)
4(3111 3112 3152 3151)
4(3151 3152 3192 3191)
4(3191 3192 3232 3231)
4(3231 3232 3272 3271)
4(3271 3272 3312 3311)
4(3311 3312 3352 3351)
4(3351 3352 3392 3391)
4(3391 3392 3432 3431)
4(3431 3432 3472 3471)
4(3471 3472 3512 3511)
4(3511 3512 3552 3551)
4(3551 3552 3592 3591)
4(3591 3592 3632 3631)
4(3631 3632 3672 3671)
4(3671 3672 3712 3711)
4(3711 3712 3752 3751)
4(2312 2313 2353 2352)
4(2352 2353 2393 2392)
4(2392 2393 2433 2432)
4(2432 2433 2473 2472)
4(2472 2473 2513 2512)
4(2512 2513 2553 2552)
4(2552 2553 2593 2592)
4(2592 2593 2633 2632)
4(2632 2633 2673 2672)
4(2672 2673 2713 2712)
4(2712 2713 2753 2752)
4(2752 2753 2793 2792)
4(2792 2793 2833 2832)
4(2832 2833 2873 2872)
4(2872 2873 2913 2912)
4(2912 2913 2953 2952)
4(2952 2953 2993 2992)
4(2992 2993 3033 3032)
4(3032 3033 3073 3072)
4(3072 3073 3113 3112)
4(3112 3113 3153 3152)
4(3152 3153 3193 3192)
4(3192 3193 3233 3232)
4(3232 3233 3273 3272)
4(3272 3273 3313 3312)
4(3312 3313 3353 3352)
4(3352 3353 3393 3392)
4(3392 3393 3433 3432)
4(3432 3433 3473 3472)
4(3472 3473 3513 3512)
4(3512 3513 3553 3552)
4(3552 3553 3593 3592)
4(3592 3593 3633 3632)
4(3632 3633 3673 3672)
4(3672 3673 3713 3712)
4(3712 3713 3753 3752)
4(2313 2314 2354 2353)
4(2353 2354 2394 2393)
4(2393 2394 2434 2433)
4(2433 2434 2474 2473)
4(2473 2474 2514 2513)
4(2513 2514 2554 2553)
4(2553 2554 2594 2593)
4(2593 2594 2634 2633)
4(2633 2634 2674 2673)
4(2673 2674 2714 2713)
4(2713 2714 2754 2753)
4(2753 2754 2794 2793)
4(2793 2794 2834 2833)
4(2833 2834 2874 2873)
4(2873 2874 2914 2913)
4(2913 2914 2954 2953)
4(2953 2954 2994 2993)
4(2993 2994 3034 3033)
4(3033 3034 3074 3073)
4(3073 3074 3114 3113)
4(3113 3114 3154 3153)
4(3153 3154 3194 3193)
4(3193 3194 3234 3233)
4(3233 3234 3274 3273)
4(3273 3274 3314 3313)
4(3313 3314 3354 3353)
4(3353 3354 3394 3393)
4(3393 3394 3434 3433)
4(3433 3434 3474 3473)
4(3473 3474 3514 3513)
4(3513 3514 3554 3553)
4(3553 3554 3594 3593)
4(3593 3594 3634 3633)
4(3633 3634 3674 3673)
4(3673 3674 3714 3713)
4(3713 3714 3754 3753)
4(2314 2315 2355 2354)
4(2354 2355 2395 2394)
4(2394 2395 2435 2434)
4(2434 2435 2475 2474)
4(2474 2475 2515 2514)
4(2514 2515 2555 2554)
4(2554 2555 2595 2594)
4(2594 2595 2635 2634)
4(2634 2635 2675 2674)
4(2674 2675 2715 2714)
4(2714 2715 2755 2754)
4(2754 2755 2795 2794)
4(2794 2795 2835 2834)
4(2834 2835 2875 2874)
4(2874 2875 2915 2914)
4(2914 2915 2955 2954)
4(2954 2955 2995 2994)
4(2994 2995 3035 3034)
4(3034 3035 3075 3074)
4(3074 3075 3115 3114)
4(3114 3115 3155 3154)
4(3154 3155 3195 3194)
4(3194 3195 3235 3234)
4(3234 3235 3275 3274)
4(3274 3275 3315 3314)
4(3314 3315 3355 3354)
4(3354 3355 3395 3394)
4(3394 3395 3435 3434)
4(3434 3435 3475 3474)
4(3474 3475 3515 3514)
4(3514 3515 3555 3554)
4(3554 3555 3595 3594)
4(3594 3595 3635 3634)
4(3634 3635 3675 3674)
4(3674 3675 3715 3714)
4(3714 3715 3755 3754)
4(2315 2316 2356 2355)
4(2355 2356 2396 2395)
4(2395 2396 2436 2435)
4(2435 2436 2476 2475)
4(2475 2476 2516 2515)
4(2515 2516 2556 2555)
4(2555 2556 2596 2595)
4(2595 2596 2636 2635)
4(2635 2636 2676 2675)
4(2675 2676 2716 2715)
4(2715 2716 2756 2755)
4(2755 2756 2796 2795)
4(2795 2796 2836 2835)
4(2835 2836 2876 2875)
4(2875 2876 2916 2915)
4(2915 2916 2956 2955)
4(2955 2956 2996 2995)
4(2995 2996 3036 3035)
4(3035 3036 3076 3075)
4(3075 3076 3116 3115)
4(3115 3116 3156 3155)
4(3155 3156 3196 3195)
4(3195 3196 3236 3235)
4(3235 3236 3276 3275)
4(3275 3276 3316 3315)
4(3315 3316 3356 3355)
4(3355 3356 3396 3395)
4(3395 3396 3436 3435)
4(3435 3436 3476 3475)
4(3475 3476 3516 3515)
4(3515 3516 3556 3555)
4(3555 3556 3596 3595)
4(3595 3596 3636 3635)
4(3635 3636 3676 3675)
4(3675 3676 3716 3715)
4(3715 3716 3756 3755)
4(2316 2317 2357 2356)
4(2356 2357 2397 2396)
4(2396 2397 2437 2436)
4(2436 2437 2477 2476)
4(2476 2477 2517 2516)
4(2516 2517 2557 2556)
4(2556 2557 2597 2596)
4(2596 2597 2637 2636)
4(2636 2637 2677 2676)
4(2676 2677 2717 2716)
4(2716 2717 2757 2756)
4(2756 2757 2797 2796)
4(2796 2797 2837 2836)
4(2836 2837 2877 2876)
4(2876 2877 2917 2916)
4(2916 2917 2957 2956)
4(2956 2957 2997 2996)
4(2996 2997 3037 3036)
4(3036 3037 3077 3076)
4(3076 3077 3117 3116)
4(3116 3117 3157 3156)
4(3156 3157 3197 3196)
4(3196 3197 3237 3236)
4(3236 3237 3277 3276)
4(3276 3277 3317 3316)
4(3316 3317 3357 3356)
4(3356 3357 3397 3396)
4(3396 3397 3437 3436)
4(3436 3437 3477 3476)
4(3476 3477 3517 3516)
4(3516 3517 3557 3556)
4(3556 3557 3597 3596)
4(3596 3597 3637 3636)
4(3636 3637 3677 3676)
4(3676 3677 3717 3716)
4(3716 3717 3757 3756)
4(2317 2318 2358 2357)
4(2357 2358 2398 2397)
4(2397 2398 2438 2437)
4(2437 2438 2478 2477)
4(2477 2478 2518 2517)
4(2517 2518 2558 2557)
4(2557 2558 2598 2597)
4(2597 2598 2638 2637)
4(2637 2638 2678 2677)
4(2677 2678 2718 2717)
4(2717 2718 2758 2757)
4(2757 2758 2798 2797)
4(2797 2798 2838 2837)
4(2837 2838 2878 2877)
4(2877 2878 2918 2917)
4(2917 2918 2958 2957)
4(2957 2958 2998 2997)
4(2997 2998 3038 3037)
4(3037 3038 3078 3077)
4(3077 3078 3118 3117)
4(3117 3118 3158 3157)
4(3157 3158 3198 3197)
4(3197 3198 3238 3237)
4(3237 3238 3278 3277)
4(3277 3278 3318 3317)
4(3317 3318 3358 3357)
4(3357 3358 3398 3397)
4(3397 3398 3438 3437)
4(3437 3438 3478 3477)
4(3477 3478 3518 3517)
4(3517 3518 3558 3557)
4(3557 3558 3598 3597)
4(3597 3598 3638 3637)
4(3637 3638 3678 3677)
4(3677 3678 3718 3717)
4(3717 3718 3758 3757)
4(2318 2319 2359 2358)
4(2358 2359 2399 2398)
4(2398 2399 2439 2438)
4(2438 2439 2479 2478)
4(2478 2479 2519 2518)
4(2518 2519 2559 2558)
4(2558 2559 2599 2598)
4(2598 2599 2639 2638)
4(2638 2639 2679 2678)
4(2678 2679 2719 2718)
4(2718 2719 2759 2758)
4(2758 2759 2799 2798)
4(2798 2799 2839 2838)
4(2838 2839 2879 2878)
4(2878 2879 2919 2918)
4(2918 2919 2959 2958)
4(2958 2959 2999 2998)
4(2998 2999 3039 3038)
4(3038 3039 3079 3078)
4(3078 3079 3119 3118)
4(3118 3119 3159 3158)
4(3158 3159 3199 3198)
4(3198 3199 3239 3238)
4(3238 3239 3279 3278)
4(3278 3279 3319 3318)
4(3318 3319 3359 3358)
4(3358 3359 3399 3398)
4(3398 3399 3439 3438)
4(3438 3439 3479 3478)
4(3478 3479 3519 3518)
4(3518 3519 3559 3558)
4(3558 3559 3599 3598)
4(3598 3599 3639 3638)
4(3638 3639 3679 3678)
4(3678 3679 3719 3718)
4(3718 3719 3759 3758)
4(2319 2320 2360 2359)
4(2359 2360 2400 2399)
4(2399 2400 2440 2439)
4(2439 2440 2480 2479)
4(2479 2480 2520 2519)
4(2519 2520 2560 2559)
4(2559 2560 2600 2599)
4(2599 2600 2640 2639)
4(2639 2640 2680 2679)
4(2679 2680 2720 2719)
4(2719 2720 2760 2759)
4(2759 2760 2800 2799)
4(2799 2800 2840 2839)
4(2839 2840 2880 2879)
4(2879 2880 2920 2919)
4(2919 2920 2960 2959)
4(2959 2960 3000 2999)
4(2999 3000 3040 3039)
4(3039 3040 3080 3079)
4(3079 3080 3120 3119)
4(3119 3120 3160 3159)
4(3159 3160 3200 3199)
4(3199 3200 3240 3239)
4(3239 3240 3280 3279)
4(3279 3280 3320 3319)
4(3319 3320 3360 3359)
4(3359 3360 3400 3399)
4(3399 3400 3440 3439)
4(3439 3440 3480 3479)
4(3479 3480 3520 3519)
4(3519 3520 3560 3559)
4(3559 3560 3600 3599)
4(3599 3600 3640 3639)
4(3639 3640 3680 3679)
4(3679 3680 3720 3719)
4(3719 3720 3760 3759)
4(2320 2321 2361 2360)
4(2360 2361 2401 2400)
4(2400 2401 2441 2440)
4(2440 2441 2481 2480)
4(2480 2481 2521 2520)
4(2520 2521 2561 2560)
4(2560 2561 2601 2600)
4(2600 2601 2641 2640)
4(2640 2641 2681 2680)
4(2680 2681 2721 2720)
4(2720 2721 2761 2760)
4(2760 2761 2801 2800)
4(2800 2801 2841 2840)
4(2840 2841 2881 2880)
4(2880 2881 2921 2920)
4(2920 2921 2961 2960)
4(2960 2961 3001 3000)
4(3000 3001 3041 3040)
4(3040 3041 3081 3080)
4(3080 3081 3121 3120)
4(3120 3121 3161 3160)
4(3160 3161 3201 3200)
4(3200 3201 3241 3240)
4(3240 3241 3281 3280)
4(3280 3281 3321 3320)
4(3320 3321 3361 3360)
4(3360 3361 3401 3400)
4(3400 3401 3441 3440)
4(3440 3441 3481 3480)
4(3480 3481 3521 3520)
4(3520 3521 3561 3560)
4(3560 3561 3601 3600)
4(3600 3601 3641 3640)
4(3640 3641 3681 3680)
4(3680 3681 3721 3720)
4(3720 3721 3761 3760)
4(2321 2322 2362 2361)
4(2361 2362 2402 2401)
4(2401 2402 2442 2441)
4(2441 2442 2482 2481)
4(2481 2482 2522 2521)
4(2521 2522 2562 2561)
4(2561 2562 2602 2601)
4(2601 2602 2642 2641)
4(2641 2642 2682 2681)
4(2681 2682 2722 2721)
4(2721 2722 2762 2761)
4(2761 2762 2802 2801)
4(2801 2802 2842 2841)
4(2841 2842 2882 2881)
4(2881 2882 2922 2921)
4(2921 2922 2962 2961)
4(2961 2962 3002 3001)
4(3001 3002 3042 3041)
4(3041 3042 3082 3081)
4(3081 3082 3122 3121)
4(3121 3122 3162 3161)
4(3161 3162 3202 3201)
4(3201 3202 3242 3241)
4(3241 3242 3282 3281)
4(3281 3282 3322 3321)
4(3321 3322 3362 3361)
4(3361 3362 3402 3401)
4(3401 3402 3442 3441)
4(3441 3442 3482 3481)
4(3481 3482 3522 3521)
4(3521 3522 3562 3561)
4(3561 3562 3602 3601)
4(3601 3602 3642 3641)
4(3641 3642 3682 3681)
4(3681 3682 3722 3721)
4(3721 3722 3762 3761)
4(2322 2323 2363 2362)
4(2362 2363 2403 2402)
4(2402 2403 2443 2442)
4(2442 2443 2483 2482)
4(2482 2483 2523 2522)
4(2522 2523 2563 2562)
4(2562 2563 2603 2602)
4(2602 2603 2643 2642)
4(2642 2643 2683 2682)
4(2682 2683 2723 2722)
4(2722 2723 2763 2762)
4(2762 2763 2803 2802)
4(2802 2803 2843 2842)
4(2842 2843 2883 2882)
4(2882 2883 2923 2922)
4(2922 2923 2963 2962)
4(2962 2963 3003 3002)
4(3002 3003 3043 3042)
4(3042 3043 3083 3082)
4(3082 3083 3123 3122)
4(3122 3123 3163 3162)
4(3162 3163 3203 3202)
4(3202 3203 3243 3242)
4(3242 3243 3283 3282)
4(3282 3283 3323 3322)
4(3322 3323 3363 3362)
4(3362 3363 3403 3402)
4(3402 3403 3443 3442)
4(3442 3443 3483 3482)
4(3482 3483 3523 3522)
4(3522 3523 3563 3562)
4(3562 3563 3603 3602)
4(3602 3603 3643 3642)
4(3642 3643 3683 3682)
4(3682 3683 3723 3722)
4(3722 3723 3763 3762)
4(2323 2324 2364 2363)
4(2363 2364 2404 2403)
4(2403 2404 2444 2443)
4(2443 2444 2484 2483)
4(2483 2484 2524 2523)
4(2523 2524 2564 2563)
4(2563 2564 2604 2603)
4(2603 2604 2644 2643)
4(2643 2644 2684 2683)
4(2683 2684 2724 2723)
4(2723 2724 2764 2763)
4(2763 2764 2804 2803)
4(2803 2804 2844 2843)
4(2843 2844 2884 2883)
4(2883 2884 2924 2923)
4(2923 2924 2964 2963)
4(2963 2964 3004 3003)
4(3003 3004 3044 3043)
4(3043 3044 3084 3083)
4(3083 3084 3124 3123)
4(3123 3124 3164 3163)
4(3163 3164 3204 3203)
4(3203 3204 3244 3243)
4(3243 3244 3284 3283)
4(3283 3284 3324 3323)
4(3323 3324 3364 3363)
4(3363 3364 3404 3403)
4(3403 3404 3444 3443)
4(3443 3444 3484 3483)
4(3483 3484 3524 3523)
4(3523 3524 3564 3563)
4(3563 3564 3604 3603)
4(3603 3604 3644 3643)
4(3643 3644 3684 3683)
4(3683 3684 3724 3723)
4(3723 3724 3764 3763)
4(2324 2325 2365 2364)
4(2364 2365 2405 2404)
4(2404 2405 2445 2444)
4(2444 2445 2485 2484)
4(2484 2485 2525 2524)
4(2524 2525 2565 2564)
4(2564 2565 2605 2604)
4(2604 2605 2645 2644)
4(2644 2645 2685 2684)
4(2684 2685 2725 2724)
4(2724 2725 2765 2764)
4(2764 2765 2805 2804)
4(2804 2805 2845 2844)
4(2844 2845 2885 2884)
4(2884 2885 2925 2924)
4(2924 2925 2965 2964)
4(2964 2965 3005 3004)
4(3004 3005 3045 3044)
4(3044 3045 3085 3084)
4(3084 3085 3125 3124)
4(3124 3125 3165 3164)
4(3164 3165 3205 3204)
4(3204 3205 3245 3244)
4(3244 3245 3285 3284)
4(3284 3285 3325 3324)
4(3324 3325 3365 3364)
4(3364 3365 3405 3404)
4(3404 3405 3445 3444)
4(3444 3445 3485 3484)
4(3484 3485 3525 3524)
4(3524 3525 3565 3564)
4(3564 3565 3605 3604)
4(3604 3605 3645 3644)
4(3644 3645 3685 3684)
4(3684 3685 3725 3724)
4(3724 3725 3765 3764)
4(2325 2326 2366 2365)
4(2365 2366 2406 2405)
4(2405 2406 2446 2445)
4(2445 2446 2486 2485)
4(2485 2486 2526 2525)
4(2525 2526 2566 2565)
4(2565 2566 2606 2605)
4(2605 2606 2646 2645)
4(2645 2646 2686 2685)
4(2685 2686 2726 2725)
4(2725 2726 2766 2765)
4(2765 2766 2806 2805)
4(2805 2806 2846 2845)
4(2845 2846 2886 2885)
4(2885 2886 2926 2925)
4(2925 2926 2966 2965)
4(2965 2966 3006 3005)
4(3005 3006 3046 3045)
4(3045 3046 3086 3085)
4(3085 3086 3126 3125)
4(3125 3126 3166 3165)
4(3165 3166 3206 3205)
4(3205 3206 3246 3245)
4(3245 3246 3286 3285)
4(3285 3286 3326 3325)
4(3325 3326 3366 3365)
4(3365 3366 3406 3405)
4(3405 3406 3446 3445)
4(3445 3446 3486 3485)
4(3485 3486 3526 3525)
4(3525 3526 3566 3565)
4(3565 3566 3606 3605)
4(3605 3606 3646 3645)
4(3645 3646 3686 3685)
4(3685 3686 3726 3725)
4(3725 3726 3766 3765)
4(2326 2327 2367 2366)
4(2366 2367 2407 2406)
4(2406 2407 2447 2446)
4(2446 2447 2487 2486)
4(2486 2487 2527 2526)
4(2526 2527 2567 2566)
4(2566 2567 2607 2606)
4(2606 2607 2647 2646)
4(2646 2647 2687 2686)
4(2686 2687 2727 2726)
4(2726 2727 2767 2766)
4(2766 2767 2807 2806)
4(2806 2807 2847 2846)
4(2846 2847 2887 2886)
4(2886 2887 2927 2926)
4(2926 2927 2967 2966)
4(2966 2967 3007 3006)
4(3006 3007 3047 3046)
4(3046 3047 3087 3086)
4(3086 3087 3127 3126)
4(3126 3127 3167 3166)
4(3166 3167 3207 3206)
4(3206 3207 3247 3246)
4(3246 3247 3287 3286)
4(3286 3287 3327 3326)
4(3326 3327 3367 3366)
4(3366 3367 3407 3406)
4(3406 3407 3447 3446)
4(3446 3447 3487 3486)
4(3486 3487 3527 3526)
4(3526 3527 3567 3566)
4(3566 3567 3607 3606)
4(3606 3607 3647 3646)
4(3646 3647 3687 3686)
4(3686 3687 3727 3726)
4(3726 3727 3767 3766)
4(2327 2328 2368 2367)
4(2367 2368 2408 2407)
4(2407 2408 2448 2447)
4(2447 2448 2488 2487)
4(2487 2488 2528 2527)
4(2527 2528 2568 2567)
4(2567 2568 2608 2607)
4(2607 2608 2648 2647)
4(2647 2648 2688 2687)
4(2687 2688 2728 2727)
4(2727 2728 2768 2767)
4(2767 2768 2808 2807)
4(2807 2808 2848 2847)
4(2847 2848 2888 2887)
4(2887 2888 2928 2927)
4(2927 2928 2968 2967)
4(2967 2968 3008 3007)
4(3007 3008 3048 3047)
4(3047 3048 3088 3087)
4(3087 3088 3128 3127)
4(3127 3128 3168 3167)
4(3167 3168 3208 3207)
4(3207 3208 3248 3247)
4(3247 3248 3288 3287)
4(3287 3288 3328 3327)
4(3327 3328 3368 3367)
4(3367 3368 3408 3407)
4(3407 3408 3448 3447)
4(3447 3448 3488 3487)
4(3487 3488 3528 3527)
4(3527 3528 3568 3567)
4(3567 3568 3608 3607)
4(3607 3608 3648 3647)
4(3647 3648 3688 3687)
4(3687 3688 3728 3727)
4(3727 3728 3768 3767)
4(2328 2329 2369 2368)
4(2368 2369 2409 2408)
4(2408 2409 2449 2448)
4(2448 2449 2489 2488)
4(2488 2489 2529 2528)
4(2528 2529 2569 2568)
4(2568 2569 2609 2608)
4(2608 2609 2649 2648)
4(2648 2649 2689 2688)
4(2688 2689 2729 2728)
4(2728 2729 2769 2768)
4(2768 2769 2809 2808)
4(2808 2809 2849 2848)
4(2848 2849 2889 2888)
4(2888 2889 2929 2928)
4(2928 2929 2969 2968)
4(2968 2969 3009 3008)
4(3008 3009 3049 3048)
4(3048 3049 3089 3088)
4(3088 3089 3129 3128)
4(3128 3129 3169 3168)
4(3168 3169 3209 3208)
4(3208 3209 3249 3248)
4(3248 3249 3289 3288)
4(3288 3289 3329 3328)
4(3328 3329 3369 3368)
4(3368 3369 3409 3408)
4(3408 3409 3449 3448)
4(3448 3449 3489 3488)
4(3488 3489 3529 3528)
4(3528 3529 3569 3568)
4(3568 3569 3609 3608)
4(3608 3609 3649 3648)
4(3648 3649 3689 3688)
4(3688 3689 3729 3728)
4(3728 3729 3769 3768)
4(2329 2330 2370 2369)
4(2369 2370 2410 2409)
4(2409 2410 2450 2449)
4(2449 2450 2490 2489)
4(2489 2490 2530 2529)
4(2529 2530 2570 2569)
4(2569 2570 2610 2609)
4(2609 2610 2650 2649)
4(2649 2650 2690 2689)
4(2689 2690 2730 2729)
4(2729 2730 2770 2769)
4(2769 2770 2810 2809)
4(2809 2810 2850 2849)
4(2849 2850 2890 2889)
4(2889 2890 2930 2929)
4(2929 2930 2970 2969)
4(2969 2970 3010 3009)
4(3009 3010 3050 3049)
4(3049 3050 3090 3089)
4(3089 3090 3130 3129)
4(3129 3130 3170 3169)
4(3169 3170 3210 3209)
4(3209 3210 3250 3249)
4(3249 3250 3290 3289)
4(3289 3290 3330 3329)
4(3329 3330 3370 3369)
4(3369 3370 3410 3409)
4(3409 3410 3450 3449)
4(3449 3450 3490 3489)
4(3489 3490 3530 3529)
4(3529 3530 3570 3569)
4(3569 3570 3610 3609)
4(3609 3610 3650 3649)
4(3649 3650 3690 3689)
4(3689 3690 3730 3729)
4(3729 3730 3770 3769)
4(2330 2331 2371 2370)
4(2370 2371 2411 2410)
4(2410 2411 2451 2450)
4(2450 2451 2491 2490)
4(2490 2491 2531 2530)
4(2530 2531 2571 2570)
4(2570 2571 2611 2610)
4(2610 2611 2651 2650)
4(2650 2651 2691 2690)
4(2690 2691 2731 2730)
4(2730 2731 2771 2770)
4(2770 2771 2811 2810)
4(2810 2811 2851 2850)
4(2850 2851 2891 2890)
4(2890 2891 2931 2930)
4(2930 2931 2971 2970)
4(2970 2971 3011 3010)
4(3010 3011 3051 3050)
4(3050 3051 3091 3090)
4(3090 3091 3131 3130)
4(3130 3131 3171 3170)
4(3170 3171 3211 3210)
4(3210 3211 3251 3250)
4(3250 3251 3291 3290)
4(3290 3291 3331 3330)
4(3330 3331 3371 3370)
4(3370 3371 3411 3410)
4(3410 3411 3451 3450)
4(3450 3451 3491 3490)
4(3490 3491 3531 3530)
4(3530 3531 3571 3570)
4(3570 3571 3611 3610)
4(3610 3611 3651 3650)
4(3650 3651 3691 3690)
4(3690 3691 3731 3730)
4(3730 3731 3771 3770)
4(2331 2332 2372 2371)
4(2371 2372 2412 2411)
4(2411 2412 2452 2451)
4(2451 2452 2492 2491)
4(2491 2492 2532 2531)
4(2531 2532 2572 2571)
4(2571 2572 2612 2611)
4(2611 2612 2652 2651)
4(2651 2652 2692 2691)
4(2691 2692 2732 2731)
4(2731 2732 2772 2771)
4(2771 2772 2812 2811)
4(2811 2812 2852 2851)
4(2851 2852 2892 2891)
4(2891 2892 2932 2931)
4(2931 2932 2972 2971)
4(2971 2972 3012 3011)
4(3011 3012 3052 3051)
4(3051 3052 3092 3091)
4(3091 3092 3132 3131)
4(3131 3132 3172 3171)
4(3171 3172 3212 3211)
4(3211 3212 3252 3251)
4(3251 3252 3292 3291)
4(3291 3292 3332 3331)
4(3331 3332 3372 3371)
4(3371 3372 3412 3411)
4(3411 3412 3452 3451)
4(3451 3452 3492 3491)
4(3491 3492 3532 3531)
4(3531 3532 3572 3571)
4(3571 3572 3612 3611)
4(3611 3612 3652 3651)
4(3651 3652 3692 3691)
4(3691 3692 3732 3731)
4(3731 3732 3772 3771)
4(2332 2333 2373 2372)
4(2372 2373 2413 2412)
4(2412 2413 2453 2452)
4(2452 2453 2493 2492)
4(2492 2493 2533 2532)
4(2532 2533 2573 2572)
4(2572 2573 2613 2612)
4(2612 2613 2653 2652)
4(2652 2653 2693 2692)
4(2692 2693 2733 2732)
4(2732 2733 2773 2772)
4(2772 2773 2813 2812)
4(2812 2813 2853 2852)
4(2852 2853 2893 2892)
4(2892 2893 2933 2932)
4(2932 2933 2973 2972)
4(2972 2973 3013 3012)
4(3012 3013 3053 3052)
4(3052 3053 3093 3092)
4(3092 3093 3133 3132)
4(3132 3133 3173 3172)
4(3172 3173 3213 3212)
4(3212 3213 3253 3252)
4(3252 3253 3293 3292)
4(3292 3293 3333 3332)
4(3332 3333 3373 3372)
4(3372 3373 3413 3412)
4(3412 3413 3453 3452)
4(3452 3453 3493 3492)
4(3492 3493 3533 3532)
4(3532 3533 3573 3572)
4(3572 3573 3613 3612)
4(3612 3613 3653 3652)
4(3652 3653 3693 3692)
4(3692 3693 3733 3732)
4(3732 3733 3773 3772)
)


// ************************************************************************* //
