/*--------------------------------*- C++ -*----------------------------------*\
| =========                 |                                                 |
| \\      /  F ield         | OpenFOAM: The Open Source CFD Toolbox           |
|  \\    /   O peration     | Version:  2512                                  |
|   \\  /    A nd           | Website:  www.openfoam.com                      |
|    \\/     M anipulation  |                                                 |
\*---------------------------------------------------------------------------*/
FoamFile
{
    version     2.0;
    format      ascii;
    arch        "LSB;label=32;scalar=64";
    class       vectorField;
    location    "constant/polyMesh";
    object      points;
}
// * * * * * * * * * * * * * * * * * * * * * * * * * * * * * * * * * * * * * //


3774
(
(-0.0762 0 0)
(-0.06858 0 0)
(-0.06096 0 0)
(-0.05334 0 0)
(-0.04572 0 0)
(-0.0381 0 0)
(-0.03048 0 0)
(-0.02286 0 0)
(-0.01524 0 0)
(-0.00762 0 0)
(0 0 0)
(-0.0762 7.343623682e-05 0)
(-0.06858 7.343623682e-05 0)
(-0.06096 7.343623682e-05 0)
(-0.05334 7.343623682e-05 0)
(-0.04572 7.343623682e-05 0)
(-0.0381 7.343623682e-05 0)
(-0.03048 7.343623682e-05 0)
(-0.02286 7.343623682e-05 0)
(-0.01524 7.343623682e-05 0)
(-0.00762 7.343623682e-05 0)
(0 7.343623682e-05 0)
(-0.0762 0.0001555568936 0)
(-0.06858 0.0001555568936 0)
(-0.06096 0.0001555568936 0)
(-0.05334 0.0001555568936 0)
(-0.04572 0.0001555568936 0)
(-0.0381 0.0001555568936 0)
(-0.03048 0.0001555568936 0)
(-0.02286 0.0001555568936 0)
(-0.01524 0.0001555568936 0)
(-0.00762 0.0001555568936 0)
(0 0.0001555568936 0)
(-0.0762 0.000247388972 0)
(-0.06858 0.000247388972 0)
(-0.06096 0.000247388972 0)
(-0.05334 0.000247388972 0)
(-0.04572 0.000247388972 0)
(-0.0381 0.000247388972 0)
(-0.03048 0.000247388972 0)
(-0.02286 0.000247388972 0)
(-0.01524 0.000247388972 0)
(-0.00762 0.000247388972 0)
(0 0.000247388972 0)
(-0.0762 0.0003500809252 0)
(-0.06858 0.0003500809252 0)
(-0.06096 0.0003500809252 0)
(-0.05334 0.0003500809252 0)
(-0.04572 0.0003500809252 0)
(-0.0381 0.0003500809252 0)
(-0.03048 0.0003500809252 0)
(-0.02286 0.0003500809252 0)
(-0.01524 0.0003500809252 0)
(-0.00762 0.0003500809252 0)
(0 0.0003500809252 0)
(-0.0762 0.0004649170198 0)
(-0.06858 0.0004649170198 0)
(-0.06096 0.0004649170198 0)
(-0.05334 0.0004649170198 0)
(-0.04572 0.0004649170198 0)
(-0.0381 0.0004649170198 0)
(-0.03048 0.0004649170198 0)
(-0.02286 0.0004649170198 0)
(-0.01524 0.0004649170198 0)
(-0.00762 0.0004649170198 0)
(0 0.0004649170198 0)
(-0.0762 0.0005933333971 0)
(-0.06858 0.0005933333971 0)
(-0.06096 0.0005933333971 0)
(-0.05334 0.0005933333971 0)
(-0.04572 0.0005933333971 0)
(-0.0381 0.0005933333971 0)
(-0.03048 0.0005933333971 0)
(-0.02286 0.0005933333971 0)
(-0.01524 0.0005933333971 0)
(-0.00762 0.0005933333971 0)
(0 0.0005933333971 0)
(-0.0762 0.000736936034 0)
(-0.06858 0.000736936034 0)
(-0.06096 0.000736936034 0)
(-0.05334 0.000736936034 0)
(-0.04572 0.000736936034 0)
(-0.0381 0.000736936034 0)
(-0.03048 0.000736936034 0)
(-0.02286 0.000736936034 0)
(-0.01524 0.000736936034 0)
(-0.00762 0.000736936034 0)
(0 0.000736936034 0)
(-0.0762 0.0008975208264 0)
(-0.06858 0.0008975208264 0)
(-0.06096 0.0008975208264 0)
(-0.05334 0.0008975208264 0)
(-0.04572 0.0008975208264 0)
(-0.0381 0.0008975208264 0)
(-0.03048 0.0008975208264 0)
(-0.02286 0.0008975208264 0)
(-0.01524 0.0008975208264 0)
(-0.00762 0.0008975208264 0)
(0 0.0008975208264 0)
(-0.0762 0.001077096049 0)
(-0.06858 0.001077096049 0)
(-0.06096 0.001077096049 0)
(-0.05334 0.001077096049 0)
(-0.04572 0.001077096049 0)
(-0.0381 0.001077096049 0)
(-0.03048 0.001077096049 0)
(-0.02286 0.001077096049 0)
(-0.01524 0.001077096049 0)
(-0.00762 0.001077096049 0)
(0 0.001077096049 0)
(-0.0762 0.001277907473 0)
(-0.06858 0.001277907473 0)
(-0.06096 0.001277907473 0)
(-0.05334 0.001277907473 0)
(-0.04572 0.001277907473 0)
(-0.0381 0.001277907473 0)
(-0.03048 0.001277907473 0)
(-0.02286 0.001277907473 0)
(-0.01524 0.001277907473 0)
(-0.00762 0.001277907473 0)
(0 0.001277907473 0)
(-0.0762 0.001502466447 0)
(-0.06858 0.001502466447 0)
(-0.06096 0.001502466447 0)
(-0.05334 0.001502466447 0)
(-0.04572 0.001502466447 0)
(-0.0381 0.001502466447 0)
(-0.03048 0.001502466447 0)
(-0.02286 0.001502466447 0)
(-0.01524 0.001502466447 0)
(-0.00762 0.001502466447 0)
(0 0.001502466447 0)
(-0.0762 0.001753581308 0)
(-0.06858 0.001753581308 0)
(-0.06096 0.001753581308 0)
(-0.05334 0.001753581308 0)
(-0.04572 0.001753581308 0)
(-0.0381 0.001753581308 0)
(-0.03048 0.001753581308 0)
(-0.02286 0.001753581308 0)
(-0.01524 0.001753581308 0)
(-0.00762 0.001753581308 0)
(0 0.001753581308 0)
(-0.0762 0.002034392501 0)
(-0.06858 0.002034392501 0)
(-0.06096 0.002034392501 0)
(-0.05334 0.002034392501 0)
(-0.04572 0.002034392501 0)
(-0.0381 0.002034392501 0)
(-0.03048 0.002034392501 0)
(-0.02286 0.002034392501 0)
(-0.01524 0.002034392501 0)
(-0.00762 0.002034392501 0)
(0 0.002034392501 0)
(-0.0762 0.002348411855 0)
(-0.06858 0.002348411855 0)
(-0.06096 0.002348411855 0)
(-0.05334 0.002348411855 0)
(-0.04572 0.002348411855 0)
(-0.0381 0.002348411855 0)
(-0.03048 0.002348411855 0)
(-0.02286 0.002348411855 0)
(-0.01524 0.002348411855 0)
(-0.00762 0.002348411855 0)
(0 0.002348411855 0)
(-0.0762 0.002699566498 0)
(-0.06858 0.002699566498 0)
(-0.06096 0.002699566498 0)
(-0.05334 0.002699566498 0)
(-0.04572 0.002699566498 0)
(-0.0381 0.002699566498 0)
(-0.03048 0.002699566498 0)
(-0.02286 0.002699566498 0)
(-0.01524 0.002699566498 0)
(-0.00762 0.002699566498 0)
(0 0.002699566498 0)
(-0.0762 0.003092247975 0)
(-0.06858 0.003092247975 0)
(-0.06096 0.003092247975 0)
(-0.05334 0.003092247975 0)
(-0.04572 0.003092247975 0)
(-0.0381 0.003092247975 0)
(-0.03048 0.003092247975 0)
(-0.02286 0.003092247975 0)
(-0.01524 0.003092247975 0)
(-0.00762 0.003092247975 0)
(0 0.003092247975 0)
(-0.0762 0.003531367164 0)
(-0.06858 0.003531367164 0)
(-0.06096 0.003531367164 0)
(-0.05334 0.003531367164 0)
(-0.04572 0.003531367164 0)
(-0.0381 0.003531367164 0)
(-0.03048 0.003531367164 0)
(-0.02286 0.003531367164 0)
(-0.01524 0.003531367164 0)
(-0.00762 0.003531367164 0)
(0 0.003531367164 0)
(-0.0762 0.004022415695 0)
(-0.06858 0.004022415695 0)
(-0.06096 0.004022415695 0)
(-0.05334 0.004022415695 0)
(-0.04572 0.004022415695 0)
(-0.0381 0.004022415695 0)
(-0.03048 0.004022415695 0)
(-0.02286 0.004022415695 0)
(-0.01524 0.004022415695 0)
(-0.00762 0.004022415695 0)
(0 0.004022415695 0)
(-0.0762 0.004571534625 0)
(-0.06858 0.004571534625 0)
(-0.06096 0.004571534625 0)
(-0.05334 0.004571534625 0)
(-0.04572 0.004571534625 0)
(-0.0381 0.004571534625 0)
(-0.03048 0.004571534625 0)
(-0.02286 0.004571534625 0)
(-0.01524 0.004571534625 0)
(-0.00762 0.004571534625 0)
(0 0.004571534625 0)
(-0.0762 0.005185591243 0)
(-0.06858 0.005185591243 0)
(-0.06096 0.005185591243 0)
(-0.05334 0.005185591243 0)
(-0.04572 0.005185591243 0)
(-0.0381 0.005185591243 0)
(-0.03048 0.005185591243 0)
(-0.02286 0.005185591243 0)
(-0.01524 0.005185591243 0)
(-0.00762 0.005185591243 0)
(0 0.005185591243 0)
(-0.0762 0.005872264946 0)
(-0.06858 0.005872264946 0)
(-0.06096 0.005872264946 0)
(-0.05334 0.005872264946 0)
(-0.04572 0.005872264946 0)
(-0.0381 0.005872264946 0)
(-0.03048 0.005872264946 0)
(-0.02286 0.005872264946 0)
(-0.01524 0.005872264946 0)
(-0.00762 0.005872264946 0)
(0 0.005872264946 0)
(-0.0762 0.006640143284 0)
(-0.06858 0.006640143284 0)
(-0.06096 0.006640143284 0)
(-0.05334 0.006640143284 0)
(-0.04572 0.006640143284 0)
(-0.0381 0.006640143284 0)
(-0.03048 0.006640143284 0)
(-0.02286 0.006640143284 0)
(-0.01524 0.006640143284 0)
(-0.00762 0.006640143284 0)
(0 0.006640143284 0)
(-0.0762 0.007498829352 0)
(-0.06858 0.007498829352 0)
(-0.06096 0.007498829352 0)
(-0.05334 0.007498829352 0)
(-0.04572 0.007498829352 0)
(-0.0381 0.007498829352 0)
(-0.03048 0.007498829352 0)
(-0.02286 0.007498829352 0)
(-0.01524 0.007498829352 0)
(-0.00762 0.007498829352 0)
(0 0.007498829352 0)
(-0.0762 0.008459061887 0)
(-0.06858 0.008459061887 0)
(-0.06096 0.008459061887 0)
(-0.05334 0.008459061887 0)
(-0.04572 0.008459061887 0)
(-0.0381 0.008459061887 0)
(-0.03048 0.008459061887 0)
(-0.02286 0.008459061887 0)
(-0.01524 0.008459061887 0)
(-0.00762 0.008459061887 0)
(0 0.008459061887 0)
(-0.0762 0.009532849566 0)
(-0.06858 0.009532849566 0)
(-0.06096 0.009532849566 0)
(-0.05334 0.009532849566 0)
(-0.04572 0.009532849566 0)
(-0.0381 0.009532849566 0)
(-0.03048 0.009532849566 0)
(-0.02286 0.009532849566 0)
(-0.01524 0.009532849566 0)
(-0.00762 0.009532849566 0)
(0 0.009532849566 0)
(-0.0762 0.01073362119 0)
(-0.06858 0.01073362119 0)
(-0.06096 0.01073362119 0)
(-0.05334 0.01073362119 0)
(-0.04572 0.01073362119 0)
(-0.0381 0.01073362119 0)
(-0.03048 0.01073362119 0)
(-0.02286 0.01073362119 0)
(-0.01524 0.01073362119 0)
(-0.00762 0.01073362119 0)
(0 0.01073362119 0)
(-0.0762 0.01207639363 0)
(-0.06858 0.01207639363 0)
(-0.06096 0.01207639363 0)
(-0.05334 0.01207639363 0)
(-0.04572 0.01207639363 0)
(-0.0381 0.01207639363 0)
(-0.03048 0.01207639363 0)
(-0.02286 0.01207639363 0)
(-0.01524 0.01207639363 0)
(-0.00762 0.01207639363 0)
(0 0.01207639363 0)
(-0.0762 0.01357795959 0)
(-0.06858 0.01357795959 0)
(-0.06096 0.01357795959 0)
(-0.05334 0.01357795959 0)
(-0.04572 0.01357795959 0)
(-0.0381 0.01357795959 0)
(-0.03048 0.01357795959 0)
(-0.02286 0.01357795959 0)
(-0.01524 0.01357795959 0)
(-0.00762 0.01357795959 0)
(0 0.01357795959 0)
(-0.0762 0.0152570977 0)
(-0.06858 0.0152570977 0)
(-0.06096 0.0152570977 0)
(-0.05334 0.0152570977 0)
(-0.04572 0.0152570977 0)
(-0.0381 0.0152570977 0)
(-0.03048 0.0152570977 0)
(-0.02286 0.0152570977 0)
(-0.01524 0.0152570977 0)
(-0.00762 0.0152570977 0)
(0 0.0152570977 0)
(-0.0762 0.01713480726 0)
(-0.06858 0.01713480726 0)
(-0.06096 0.01713480726 0)
(-0.05334 0.01713480726 0)
(-0.04572 0.01713480726 0)
(-0.0381 0.01713480726 0)
(-0.03048 0.01713480726 0)
(-0.02286 0.01713480726 0)
(-0.01524 0.01713480726 0)
(-0.00762 0.01713480726 0)
(0 0.01713480726 0)
(-0.0762 0.01923457093 0)
(-0.06858 0.01923457093 0)
(-0.06096 0.01923457093 0)
(-0.05334 0.01923457093 0)
(-0.04572 0.01923457093 0)
(-0.0381 0.01923457093 0)
(-0.03048 0.01923457093 0)
(-0.02286 0.01923457093 0)
(-0.01524 0.01923457093 0)
(-0.00762 0.01923457093 0)
(0 0.01923457093 0)
(-0.0762 0.02158264838 0)
(-0.06858 0.02158264838 0)
(-0.06096 0.02158264838 0)
(-0.05334 0.02158264838 0)
(-0.04572 0.02158264838 0)
(-0.0381 0.02158264838 0)
(-0.03048 0.02158264838 0)
(-0.02286 0.02158264838 0)
(-0.01524 0.02158264838 0)
(-0.00762 0.02158264838 0)
(0 0.02158264838 0)
(-0.0762 0.02420840469 0)
(-0.06858 0.02420840469 0)
(-0.06096 0.02420840469 0)
(-0.05334 0.02420840469 0)
(-0.04572 0.02420840469 0)
(-0.0381 0.02420840469 0)
(-0.03048 0.02420840469 0)
(-0.02286 0.02420840469 0)
(-0.01524 0.02420840469 0)
(-0.00762 0.02420840469 0)
(0 0.02420840469 0)
(-0.0762 0.02714467759 0)
(-0.06858 0.02714467759 0)
(-0.06096 0.02714467759 0)
(-0.05334 0.02714467759 0)
(-0.04572 0.02714467759 0)
(-0.0381 0.02714467759 0)
(-0.03048 0.02714467759 0)
(-0.02286 0.02714467759 0)
(-0.01524 0.02714467759 0)
(-0.00762 0.02714467759 0)
(0 0.02714467759 0)
(-0.0762 0.03042818816 0)
(-0.06858 0.03042818816 0)
(-0.06096 0.03042818816 0)
(-0.05334 0.03042818816 0)
(-0.04572 0.03042818816 0)
(-0.0381 0.03042818816 0)
(-0.03048 0.03042818816 0)
(-0.02286 0.03042818816 0)
(-0.01524 0.03042818816 0)
(-0.00762 0.03042818816 0)
(0 0.03042818816 0)
(-0.0762 0.0341 0)
(-0.06858 0.0341 0)
(-0.06096 0.0341 0)
(-0.05334 0.0341 0)
(-0.04572 0.0341 0)
(-0.0381 0.0341 0)
(-0.03048 0.0341 0)
(-0.02286 0.0341 0)
(-0.01524 0.0341 0)
(-0.00762 0.0341 0)
(0 0.0341 0)
(-0.0762 0 0.001)
(-0.06858 0 0.001)
(-0.06096 0 0.001)
(-0.05334 0 0.001)
(-0.04572 0 0.001)
(-0.0381 0 0.001)
(-0.03048 0 0.001)
(-0.02286 0 0.001)
(-0.01524 0 0.001)
(-0.00762 0 0.001)
(0 0 0.001)
(-0.0762 7.343623682e-05 0.001)
(-0.06858 7.343623682e-05 0.001)
(-0.06096 7.343623682e-05 0.001)
(-0.05334 7.343623682e-05 0.001)
(-0.04572 7.343623682e-05 0.001)
(-0.0381 7.343623682e-05 0.001)
(-0.03048 7.343623682e-05 0.001)
(-0.02286 7.343623682e-05 0.001)
(-0.01524 7.343623682e-05 0.001)
(-0.00762 7.343623682e-05 0.001)
(0 7.343623682e-05 0.001)
(-0.0762 0.0001555568936 0.001)
(-0.06858 0.0001555568936 0.001)
(-0.06096 0.0001555568936 0.001)
(-0.05334 0.0001555568936 0.001)
(-0.04572 0.0001555568936 0.001)
(-0.0381 0.0001555568936 0.001)
(-0.03048 0.0001555568936 0.001)
(-0.02286 0.0001555568936 0.001)
(-0.01524 0.0001555568936 0.001)
(-0.00762 0.0001555568936 0.001)
(0 0.0001555568936 0.001)
(-0.0762 0.000247388972 0.001)
(-0.06858 0.000247388972 0.001)
(-0.06096 0.000247388972 0.001)
(-0.05334 0.000247388972 0.001)
(-0.04572 0.000247388972 0.001)
(-0.0381 0.000247388972 0.001)
(-0.03048 0.000247388972 0.001)
(-0.02286 0.000247388972 0.001)
(-0.01524 0.000247388972 0.001)
(-0.00762 0.000247388972 0.001)
(0 0.000247388972 0.001)
(-0.0762 0.0003500809252 0.001)
(-0.06858 0.0003500809252 0.001)
(-0.06096 0.0003500809252 0.001)
(-0.05334 0.0003500809252 0.001)
(-0.04572 0.0003500809252 0.001)
(-0.0381 0.0003500809252 0.001)
(-0.03048 0.0003500809252 0.001)
(-0.02286 0.0003500809252 0.001)
(-0.01524 0.0003500809252 0.001)
(-0.00762 0.0003500809252 0.001)
(0 0.0003500809252 0.001)
(-0.0762 0.0004649170198 0.001)
(-0.06858 0.0004649170198 0.001)
(-0.06096 0.0004649170198 0.001)
(-0.05334 0.0004649170198 0.001)
(-0.04572 0.0004649170198 0.001)
(-0.0381 0.0004649170198 0.001)
(-0.03048 0.0004649170198 0.001)
(-0.02286 0.0004649170198 0.001)
(-0.01524 0.0004649170198 0.001)
(-0.00762 0.0004649170198 0.001)
(0 0.0004649170198 0.001)
(-0.0762 0.0005933333971 0.001)
(-0.06858 0.0005933333971 0.001)
(-0.06096 0.0005933333971 0.001)
(-0.05334 0.0005933333971 0.001)
(-0.04572 0.0005933333971 0.001)
(-0.0381 0.0005933333971 0.001)
(-0.03048 0.0005933333971 0.001)
(-0.02286 0.0005933333971 0.001)
(-0.01524 0.0005933333971 0.001)
(-0.00762 0.0005933333971 0.001)
(0 0.0005933333971 0.001)
(-0.0762 0.000736936034 0.001)
(-0.06858 0.000736936034 0.001)
(-0.06096 0.000736936034 0.001)
(-0.05334 0.000736936034 0.001)
(-0.04572 0.000736936034 0.001)
(-0.0381 0.000736936034 0.001)
(-0.03048 0.000736936034 0.001)
(-0.02286 0.000736936034 0.001)
(-0.01524 0.000736936034 0.001)
(-0.00762 0.000736936034 0.001)
(0 0.000736936034 0.001)
(-0.0762 0.0008975208264 0.001)
(-0.06858 0.0008975208264 0.001)
(-0.06096 0.0008975208264 0.001)
(-0.05334 0.0008975208264 0.001)
(-0.04572 0.0008975208264 0.001)
(-0.0381 0.0008975208264 0.001)
(-0.03048 0.0008975208264 0.001)
(-0.02286 0.0008975208264 0.001)
(-0.01524 0.0008975208264 0.001)
(-0.00762 0.0008975208264 0.001)
(0 0.0008975208264 0.001)
(-0.0762 0.001077096049 0.001)
(-0.06858 0.001077096049 0.001)
(-0.06096 0.001077096049 0.001)
(-0.05334 0.001077096049 0.001)
(-0.04572 0.001077096049 0.001)
(-0.0381 0.001077096049 0.001)
(-0.03048 0.001077096049 0.001)
(-0.02286 0.001077096049 0.001)
(-0.01524 0.001077096049 0.001)
(-0.00762 0.001077096049 0.001)
(0 0.001077096049 0.001)
(-0.0762 0.001277907473 0.001)
(-0.06858 0.001277907473 0.001)
(-0.06096 0.001277907473 0.001)
(-0.05334 0.001277907473 0.001)
(-0.04572 0.001277907473 0.001)
(-0.0381 0.001277907473 0.001)
(-0.03048 0.001277907473 0.001)
(-0.02286 0.001277907473 0.001)
(-0.01524 0.001277907473 0.001)
(-0.00762 0.001277907473 0.001)
(0 0.001277907473 0.001)
(-0.0762 0.001502466447 0.001)
(-0.06858 0.001502466447 0.001)
(-0.06096 0.001502466447 0.001)
(-0.05334 0.001502466447 0.001)
(-0.04572 0.001502466447 0.001)
(-0.0381 0.001502466447 0.001)
(-0.03048 0.001502466447 0.001)
(-0.02286 0.001502466447 0.001)
(-0.01524 0.001502466447 0.001)
(-0.00762 0.001502466447 0.001)
(0 0.001502466447 0.001)
(-0.0762 0.001753581308 0.001)
(-0.06858 0.001753581308 0.001)
(-0.06096 0.001753581308 0.001)
(-0.05334 0.001753581308 0.001)
(-0.04572 0.001753581308 0.001)
(-0.0381 0.001753581308 0.001)
(-0.03048 0.001753581308 0.001)
(-0.02286 0.001753581308 0.001)
(-0.01524 0.001753581308 0.001)
(-0.00762 0.001753581308 0.001)
(0 0.001753581308 0.001)
(-0.0762 0.002034392501 0.001)
(-0.06858 0.002034392501 0.001)
(-0.06096 0.002034392501 0.001)
(-0.05334 0.002034392501 0.001)
(-0.04572 0.002034392501 0.001)
(-0.0381 0.002034392501 0.001)
(-0.03048 0.002034392501 0.001)
(-0.02286 0.002034392501 0.001)
(-0.01524 0.002034392501 0.001)
(-0.00762 0.002034392501 0.001)
(0 0.002034392501 0.001)
(-0.0762 0.002348411855 0.001)
(-0.06858 0.002348411855 0.001)
(-0.06096 0.002348411855 0.001)
(-0.05334 0.002348411855 0.001)
(-0.04572 0.002348411855 0.001)
(-0.0381 0.002348411855 0.001)
(-0.03048 0.002348411855 0.001)
(-0.02286 0.002348411855 0.001)
(-0.01524 0.002348411855 0.001)
(-0.00762 0.002348411855 0.001)
(0 0.002348411855 0.001)
(-0.0762 0.002699566498 0.001)
(-0.06858 0.002699566498 0.001)
(-0.06096 0.002699566498 0.001)
(-0.05334 0.002699566498 0.001)
(-0.04572 0.002699566498 0.001)
(-0.0381 0.002699566498 0.001)
(-0.03048 0.002699566498 0.001)
(-0.02286 0.002699566498 0.001)
(-0.01524 0.002699566498 0.001)
(-0.00762 0.002699566498 0.001)
(0 0.002699566498 0.001)
(-0.0762 0.003092247975 0.001)
(-0.06858 0.003092247975 0.001)
(-0.06096 0.003092247975 0.001)
(-0.05334 0.003092247975 0.001)
(-0.04572 0.003092247975 0.001)
(-0.0381 0.003092247975 0.001)
(-0.03048 0.003092247975 0.001)
(-0.02286 0.003092247975 0.001)
(-0.01524 0.003092247975 0.001)
(-0.00762 0.003092247975 0.001)
(0 0.003092247975 0.001)
(-0.0762 0.003531367164 0.001)
(-0.06858 0.003531367164 0.001)
(-0.06096 0.003531367164 0.001)
(-0.05334 0.003531367164 0.001)
(-0.04572 0.003531367164 0.001)
(-0.0381 0.003531367164 0.001)
(-0.03048 0.003531367164 0.001)
(-0.02286 0.003531367164 0.001)
(-0.01524 0.003531367164 0.001)
(-0.00762 0.003531367164 0.001)
(0 0.003531367164 0.001)
(-0.0762 0.004022415695 0.001)
(-0.06858 0.004022415695 0.001)
(-0.06096 0.004022415695 0.001)
(-0.05334 0.004022415695 0.001)
(-0.04572 0.004022415695 0.001)
(-0.0381 0.004022415695 0.001)
(-0.03048 0.004022415695 0.001)
(-0.02286 0.004022415695 0.001)
(-0.01524 0.004022415695 0.001)
(-0.00762 0.004022415695 0.001)
(0 0.004022415695 0.001)
(-0.0762 0.004571534625 0.001)
(-0.06858 0.004571534625 0.001)
(-0.06096 0.004571534625 0.001)
(-0.05334 0.004571534625 0.001)
(-0.04572 0.004571534625 0.001)
(-0.0381 0.004571534625 0.001)
(-0.03048 0.004571534625 0.001)
(-0.02286 0.004571534625 0.001)
(-0.01524 0.004571534625 0.001)
(-0.00762 0.004571534625 0.001)
(0 0.004571534625 0.001)
(-0.0762 0.005185591243 0.001)
(-0.06858 0.005185591243 0.001)
(-0.06096 0.005185591243 0.001)
(-0.05334 0.005185591243 0.001)
(-0.04572 0.005185591243 0.001)
(-0.0381 0.005185591243 0.001)
(-0.03048 0.005185591243 0.001)
(-0.02286 0.005185591243 0.001)
(-0.01524 0.005185591243 0.001)
(-0.00762 0.005185591243 0.001)
(0 0.005185591243 0.001)
(-0.0762 0.005872264946 0.001)
(-0.06858 0.005872264946 0.001)
(-0.06096 0.005872264946 0.001)
(-0.05334 0.005872264946 0.001)
(-0.04572 0.005872264946 0.001)
(-0.0381 0.005872264946 0.001)
(-0.03048 0.005872264946 0.001)
(-0.02286 0.005872264946 0.001)
(-0.01524 0.005872264946 0.001)
(-0.00762 0.005872264946 0.001)
(0 0.005872264946 0.001)
(-0.0762 0.006640143284 0.001)
(-0.06858 0.006640143284 0.001)
(-0.06096 0.006640143284 0.001)
(-0.05334 0.006640143284 0.001)
(-0.04572 0.006640143284 0.001)
(-0.0381 0.006640143284 0.001)
(-0.03048 0.006640143284 0.001)
(-0.02286 0.006640143284 0.001)
(-0.01524 0.006640143284 0.001)
(-0.00762 0.006640143284 0.001)
(0 0.006640143284 0.001)
(-0.0762 0.007498829352 0.001)
(-0.06858 0.007498829352 0.001)
(-0.06096 0.007498829352 0.001)
(-0.05334 0.007498829352 0.001)
(-0.04572 0.007498829352 0.001)
(-0.0381 0.007498829352 0.001)
(-0.03048 0.007498829352 0.001)
(-0.02286 0.007498829352 0.001)
(-0.01524 0.007498829352 0.001)
(-0.00762 0.007498829352 0.001)
(0 0.007498829352 0.001)
(-0.0762 0.008459061887 0.001)
(-0.06858 0.008459061887 0.001)
(-0.06096 0.008459061887 0.001)
(-0.05334 0.008459061887 0.001)
(-0.04572 0.008459061887 0.001)
(-0.0381 0.008459061887 0.001)
(-0.03048 0.008459061887 0.001)
(-0.02286 0.008459061887 0.001)
(-0.01524 0.008459061887 0.001)
(-0.00762 0.008459061887 0.001)
(0 0.008459061887 0.001)
(-0.0762 0.009532849566 0.001)
(-0.06858 0.009532849566 0.001)
(-0.06096 0.009532849566 0.001)
(-0.05334 0.009532849566 0.001)
(-0.04572 0.009532849566 0.001)
(-0.0381 0.009532849566 0.001)
(-0.03048 0.009532849566 0.001)
(-0.02286 0.009532849566 0.001)
(-0.01524 0.009532849566 0.001)
(-0.00762 0.009532849566 0.001)
(0 0.009532849566 0.001)
(-0.0762 0.01073362119 0.001)
(-0.06858 0.01073362119 0.001)
(-0.06096 0.01073362119 0.001)
(-0.05334 0.01073362119 0.001)
(-0.04572 0.01073362119 0.001)
(-0.0381 0.01073362119 0.001)
(-0.03048 0.01073362119 0.001)
(-0.02286 0.01073362119 0.001)
(-0.01524 0.01073362119 0.001)
(-0.00762 0.01073362119 0.001)
(0 0.01073362119 0.001)
(-0.0762 0.01207639363 0.001)
(-0.06858 0.01207639363 0.001)
(-0.06096 0.01207639363 0.001)
(-0.05334 0.01207639363 0.001)
(-0.04572 0.01207639363 0.001)
(-0.0381 0.01207639363 0.001)
(-0.03048 0.01207639363 0.001)
(-0.02286 0.01207639363 0.001)
(-0.01524 0.01207639363 0.001)
(-0.00762 0.01207639363 0.001)
(0 0.01207639363 0.001)
(-0.0762 0.01357795959 0.001)
(-0.06858 0.01357795959 0.001)
(-0.06096 0.01357795959 0.001)
(-0.05334 0.01357795959 0.001)
(-0.04572 0.01357795959 0.001)
(-0.0381 0.01357795959 0.001)
(-0.03048 0.01357795959 0.001)
(-0.02286 0.01357795959 0.001)
(-0.01524 0.01357795959 0.001)
(-0.00762 0.01357795959 0.001)
(0 0.01357795959 0.001)
(-0.0762 0.0152570977 0.001)
(-0.06858 0.0152570977 0.001)
(-0.06096 0.0152570977 0.001)
(-0.05334 0.0152570977 0.001)
(-0.04572 0.0152570977 0.001)
(-0.0381 0.0152570977 0.001)
(-0.03048 0.0152570977 0.001)
(-0.02286 0.0152570977 0.001)
(-0.01524 0.0152570977 0.001)
(-0.00762 0.0152570977 0.001)
(0 0.0152570977 0.001)
(-0.0762 0.01713480726 0.001)
(-0.06858 0.01713480726 0.001)
(-0.06096 0.01713480726 0.001)
(-0.05334 0.01713480726 0.001)
(-0.04572 0.01713480726 0.001)
(-0.0381 0.01713480726 0.001)
(-0.03048 0.01713480726 0.001)
(-0.02286 0.01713480726 0.001)
(-0.01524 0.01713480726 0.001)
(-0.00762 0.01713480726 0.001)
(0 0.01713480726 0.001)
(-0.0762 0.01923457093 0.001)
(-0.06858 0.01923457093 0.001)
(-0.06096 0.01923457093 0.001)
(-0.05334 0.01923457093 0.001)
(-0.04572 0.01923457093 0.001)
(-0.0381 0.01923457093 0.001)
(-0.03048 0.01923457093 0.001)
(-0.02286 0.01923457093 0.001)
(-0.01524 0.01923457093 0.001)
(-0.00762 0.01923457093 0.001)
(0 0.01923457093 0.001)
(-0.0762 0.02158264838 0.001)
(-0.06858 0.02158264838 0.001)
(-0.06096 0.02158264838 0.001)
(-0.05334 0.02158264838 0.001)
(-0.04572 0.02158264838 0.001)
(-0.0381 0.02158264838 0.001)
(-0.03048 0.02158264838 0.001)
(-0.02286 0.02158264838 0.001)
(-0.01524 0.02158264838 0.001)
(-0.00762 0.02158264838 0.001)
(0 0.02158264838 0.001)
(-0.0762 0.02420840469 0.001)
(-0.06858 0.02420840469 0.001)
(-0.06096 0.02420840469 0.001)
(-0.05334 0.02420840469 0.001)
(-0.04572 0.02420840469 0.001)
(-0.0381 0.02420840469 0.001)
(-0.03048 0.02420840469 0.001)
(-0.02286 0.02420840469 0.001)
(-0.01524 0.02420840469 0.001)
(-0.00762 0.02420840469 0.001)
(0 0.02420840469 0.001)
(-0.0762 0.02714467759 0.001)
(-0.06858 0.02714467759 0.001)
(-0.06096 0.02714467759 0.001)
(-0.05334 0.02714467759 0.001)
(-0.04572 0.02714467759 0.001)
(-0.0381 0.02714467759 0.001)
(-0.03048 0.02714467759 0.001)
(-0.02286 0.02714467759 0.001)
(-0.01524 0.02714467759 0.001)
(-0.00762 0.02714467759 0.001)
(0 0.02714467759 0.001)
(-0.0762 0.03042818816 0.001)
(-0.06858 0.03042818816 0.001)
(-0.06096 0.03042818816 0.001)
(-0.05334 0.03042818816 0.001)
(-0.04572 0.03042818816 0.001)
(-0.0381 0.03042818816 0.001)
(-0.03048 0.03042818816 0.001)
(-0.02286 0.03042818816 0.001)
(-0.01524 0.03042818816 0.001)
(-0.00762 0.03042818816 0.001)
(0 0.03042818816 0.001)
(-0.0762 0.0341 0.001)
(-0.06858 0.0341 0.001)
(-0.06096 0.0341 0.001)
(-0.05334 0.0341 0.001)
(-0.04572 0.0341 0.001)
(-0.0381 0.0341 0.001)
(-0.03048 0.0341 0.001)
(-0.02286 0.0341 0.001)
(-0.01524 0.0341 0.001)
(-0.00762 0.0341 0.001)
(0 0.0341 0.001)
(0.00762 0 0)
(0.01524 0 0)
(0.02286 0 0)
(0.03048 0 0)
(0.0381 0 0)
(0.04572 0 0)
(0.05334 0 0)
(0.06096 0 0)
(0.06858 0 0)
(0.0762 0 0)
(0.08382 0 0)
(0.09144 0 0)
(0.09906 0 0)
(0.10668 0 0)
(0.1143 0 0)
(0.12192 0 0)
(0.12954 0 0)
(0.13716 0 0)
(0.14478 0 0)
(0.1524 0 0)
(0.16002 0 0)
(0.16764 0 0)
(0.17526 0 0)
(0.18288 0 0)
(0.1905 0 0)
(0.19812 0 0)
(0.20574 0 0)
(0.21336 0 0)
(0.22098 0 0)
(0.2286 0 0)
(0.23622 0 0)
(0.24384 0 0)
(0.25146 0 0)
(0.25908 0 0)
(0.2667 0 0)
(0.27432 0 0)
(0.28194 0 0)
(0.28956 0 0)
(0.29718 0 0)
(0.3048 0 0)
(0.00762 7.343623682e-05 0)
(0.01524 7.343623682e-05 0)
(0.02286 7.343623682e-05 0)
(0.03048 7.343623682e-05 0)
(0.0381 7.343623682e-05 0)
(0.04572 7.343623682e-05 0)
(0.05334 7.343623682e-05 0)
(0.06096 7.343623682e-05 0)
(0.06858 7.343623682e-05 0)
(0.0762 7.343623682e-05 0)
(0.08382 7.343623682e-05 0)
(0.09144 7.343623682e-05 0)
(0.09906 7.343623682e-05 0)
(0.10668 7.343623682e-05 0)
(0.1143 7.343623682e-05 0)
(0.12192 7.343623682e-05 0)
(0.12954 7.343623682e-05 0)
(0.13716 7.343623682e-05 0)
(0.14478 7.343623682e-05 0)
(0.1524 7.343623682e-05 0)
(0.16002 7.343623682e-05 0)
(0.16764 7.343623682e-05 0)
(0.17526 7.343623682e-05 0)
(0.18288 7.343623682e-05 0)
(0.1905 7.343623682e-05 0)
(0.19812 7.343623682e-05 0)
(0.20574 7.343623682e-05 0)
(0.21336 7.343623682e-05 0)
(0.22098 7.343623682e-05 0)
(0.2286 7.343623682e-05 0)
(0.23622 7.343623682e-05 0)
(0.24384 7.343623682e-05 0)
(0.25146 7.343623682e-05 0)
(0.25908 7.343623682e-05 0)
(0.2667 7.343623682e-05 0)
(0.27432 7.343623682e-05 0)
(0.28194 7.343623682e-05 0)
(0.28956 7.343623682e-05 0)
(0.29718 7.343623682e-05 0)
(0.3048 7.343623682e-05 0)
(0.00762 0.0001555568936 0)
(0.01524 0.0001555568936 0)
(0.02286 0.0001555568936 0)
(0.03048 0.0001555568936 0)
(0.0381 0.0001555568936 0)
(0.04572 0.0001555568936 0)
(0.05334 0.0001555568936 0)
(0.06096 0.0001555568936 0)
(0.06858 0.0001555568936 0)
(0.0762 0.0001555568936 0)
(0.08382 0.0001555568936 0)
(0.09144 0.0001555568936 0)
(0.09906 0.0001555568936 0)
(0.10668 0.0001555568936 0)
(0.1143 0.0001555568936 0)
(0.12192 0.0001555568936 0)
(0.12954 0.0001555568936 0)
(0.13716 0.0001555568936 0)
(0.14478 0.0001555568936 0)
(0.1524 0.0001555568936 0)
(0.16002 0.0001555568936 0)
(0.16764 0.0001555568936 0)
(0.17526 0.0001555568936 0)
(0.18288 0.0001555568936 0)
(0.1905 0.0001555568936 0)
(0.19812 0.0001555568936 0)
(0.20574 0.0001555568936 0)
(0.21336 0.0001555568936 0)
(0.22098 0.0001555568936 0)
(0.2286 0.0001555568936 0)
(0.23622 0.0001555568936 0)
(0.24384 0.0001555568936 0)
(0.25146 0.0001555568936 0)
(0.25908 0.0001555568936 0)
(0.2667 0.0001555568936 0)
(0.27432 0.0001555568936 0)
(0.28194 0.0001555568936 0)
(0.28956 0.0001555568936 0)
(0.29718 0.0001555568936 0)
(0.3048 0.0001555568936 0)
(0.00762 0.000247388972 0)
(0.01524 0.000247388972 0)
(0.02286 0.000247388972 0)
(0.03048 0.000247388972 0)
(0.0381 0.000247388972 0)
(0.04572 0.000247388972 0)
(0.05334 0.000247388972 0)
(0.06096 0.000247388972 0)
(0.06858 0.000247388972 0)
(0.0762 0.000247388972 0)
(0.08382 0.000247388972 0)
(0.09144 0.000247388972 0)
(0.09906 0.000247388972 0)
(0.10668 0.000247388972 0)
(0.1143 0.000247388972 0)
(0.12192 0.000247388972 0)
(0.12954 0.000247388972 0)
(0.13716 0.000247388972 0)
(0.14478 0.000247388972 0)
(0.1524 0.000247388972 0)
(0.16002 0.000247388972 0)
(0.16764 0.000247388972 0)
(0.17526 0.000247388972 0)
(0.18288 0.000247388972 0)
(0.1905 0.000247388972 0)
(0.19812 0.000247388972 0)
(0.20574 0.000247388972 0)
(0.21336 0.000247388972 0)
(0.22098 0.000247388972 0)
(0.2286 0.000247388972 0)
(0.23622 0.000247388972 0)
(0.24384 0.000247388972 0)
(0.25146 0.000247388972 0)
(0.25908 0.000247388972 0)
(0.2667 0.000247388972 0)
(0.27432 0.000247388972 0)
(0.28194 0.000247388972 0)
(0.28956 0.000247388972 0)
(0.29718 0.000247388972 0)
(0.3048 0.000247388972 0)
(0.00762 0.0003500809252 0)
(0.01524 0.0003500809252 0)
(0.02286 0.0003500809252 0)
(0.03048 0.0003500809252 0)
(0.0381 0.0003500809252 0)
(0.04572 0.0003500809252 0)
(0.05334 0.0003500809252 0)
(0.06096 0.0003500809252 0)
(0.06858 0.0003500809252 0)
(0.0762 0.0003500809252 0)
(0.08382 0.0003500809252 0)
(0.09144 0.0003500809252 0)
(0.09906 0.0003500809252 0)
(0.10668 0.0003500809252 0)
(0.1143 0.0003500809252 0)
(0.12192 0.0003500809252 0)
(0.12954 0.0003500809252 0)
(0.13716 0.0003500809252 0)
(0.14478 0.0003500809252 0)
(0.1524 0.0003500809252 0)
(0.16002 0.0003500809252 0)
(0.16764 0.0003500809252 0)
(0.17526 0.0003500809252 0)
(0.18288 0.0003500809252 0)
(0.1905 0.0003500809252 0)
(0.19812 0.0003500809252 0)
(0.20574 0.0003500809252 0)
(0.21336 0.0003500809252 0)
(0.22098 0.0003500809252 0)
(0.2286 0.0003500809252 0)
(0.23622 0.0003500809252 0)
(0.24384 0.0003500809252 0)
(0.25146 0.0003500809252 0)
(0.25908 0.0003500809252 0)
(0.2667 0.0003500809252 0)
(0.27432 0.0003500809252 0)
(0.28194 0.0003500809252 0)
(0.28956 0.0003500809252 0)
(0.29718 0.0003500809252 0)
(0.3048 0.0003500809252 0)
(0.00762 0.0004649170198 0)
(0.01524 0.0004649170198 0)
(0.02286 0.0004649170198 0)
(0.03048 0.0004649170198 0)
(0.0381 0.0004649170198 0)
(0.04572 0.0004649170198 0)
(0.05334 0.0004649170198 0)
(0.06096 0.0004649170198 0)
(0.06858 0.0004649170198 0)
(0.0762 0.0004649170198 0)
(0.08382 0.0004649170198 0)
(0.09144 0.0004649170198 0)
(0.09906 0.0004649170198 0)
(0.10668 0.0004649170198 0)
(0.1143 0.0004649170198 0)
(0.12192 0.0004649170198 0)
(0.12954 0.0004649170198 0)
(0.13716 0.0004649170198 0)
(0.14478 0.0004649170198 0)
(0.1524 0.0004649170198 0)
(0.16002 0.0004649170198 0)
(0.16764 0.0004649170198 0)
(0.17526 0.0004649170198 0)
(0.18288 0.0004649170198 0)
(0.1905 0.0004649170198 0)
(0.19812 0.0004649170198 0)
(0.20574 0.0004649170198 0)
(0.21336 0.0004649170198 0)
(0.22098 0.0004649170198 0)
(0.2286 0.0004649170198 0)
(0.23622 0.0004649170198 0)
(0.24384 0.0004649170198 0)
(0.25146 0.0004649170198 0)
(0.25908 0.0004649170198 0)
(0.2667 0.0004649170198 0)
(0.27432 0.0004649170198 0)
(0.28194 0.0004649170198 0)
(0.28956 0.0004649170198 0)
(0.29718 0.0004649170198 0)
(0.3048 0.0004649170198 0)
(0.00762 0.0005933333971 0)
(0.01524 0.0005933333971 0)
(0.02286 0.0005933333971 0)
(0.03048 0.0005933333971 0)
(0.0381 0.0005933333971 0)
(0.04572 0.0005933333971 0)
(0.05334 0.0005933333971 0)
(0.06096 0.0005933333971 0)
(0.06858 0.0005933333971 0)
(0.0762 0.0005933333971 0)
(0.08382 0.0005933333971 0)
(0.09144 0.0005933333971 0)
(0.09906 0.0005933333971 0)
(0.10668 0.0005933333971 0)
(0.1143 0.0005933333971 0)
(0.12192 0.0005933333971 0)
(0.12954 0.0005933333971 0)
(0.13716 0.0005933333971 0)
(0.14478 0.0005933333971 0)
(0.1524 0.0005933333971 0)
(0.16002 0.0005933333971 0)
(0.16764 0.0005933333971 0)
(0.17526 0.0005933333971 0)
(0.18288 0.0005933333971 0)
(0.1905 0.0005933333971 0)
(0.19812 0.0005933333971 0)
(0.20574 0.0005933333971 0)
(0.21336 0.0005933333971 0)
(0.22098 0.0005933333971 0)
(0.2286 0.0005933333971 0)
(0.23622 0.0005933333971 0)
(0.24384 0.0005933333971 0)
(0.25146 0.0005933333971 0)
(0.25908 0.0005933333971 0)
(0.2667 0.0005933333971 0)
(0.27432 0.0005933333971 0)
(0.28194 0.0005933333971 0)
(0.28956 0.0005933333971 0)
(0.29718 0.0005933333971 0)
(0.3048 0.0005933333971 0)
(0.00762 0.000736936034 0)
(0.01524 0.000736936034 0)
(0.02286 0.000736936034 0)
(0.03048 0.000736936034 0)
(0.0381 0.000736936034 0)
(0.04572 0.000736936034 0)
(0.05334 0.000736936034 0)
(0.06096 0.000736936034 0)
(0.06858 0.000736936034 0)
(0.0762 0.000736936034 0)
(0.08382 0.000736936034 0)
(0.09144 0.000736936034 0)
(0.09906 0.000736936034 0)
(0.10668 0.000736936034 0)
(0.1143 0.000736936034 0)
(0.12192 0.000736936034 0)
(0.12954 0.000736936034 0)
(0.13716 0.000736936034 0)
(0.14478 0.000736936034 0)
(0.1524 0.000736936034 0)
(0.16002 0.000736936034 0)
(0.16764 0.000736936034 0)
(0.17526 0.000736936034 0)
(0.18288 0.000736936034 0)
(0.1905 0.000736936034 0)
(0.19812 0.000736936034 0)
(0.20574 0.000736936034 0)
(0.21336 0.000736936034 0)
(0.22098 0.000736936034 0)
(0.2286 0.000736936034 0)
(0.23622 0.000736936034 0)
(0.24384 0.000736936034 0)
(0.25146 0.000736936034 0)
(0.25908 0.000736936034 0)
(0.2667 0.000736936034 0)
(0.27432 0.000736936034 0)
(0.28194 0.000736936034 0)
(0.28956 0.000736936034 0)
(0.29718 0.000736936034 0)
(0.3048 0.000736936034 0)
(0.00762 0.0008975208264 0)
(0.01524 0.0008975208264 0)
(0.02286 0.0008975208264 0)
(0.03048 0.0008975208264 0)
(0.0381 0.0008975208264 0)
(0.04572 0.0008975208264 0)
(0.05334 0.0008975208264 0)
(0.06096 0.0008975208264 0)
(0.06858 0.0008975208264 0)
(0.0762 0.0008975208264 0)
(0.08382 0.0008975208264 0)
(0.09144 0.0008975208264 0)
(0.09906 0.0008975208264 0)
(0.10668 0.0008975208264 0)
(0.1143 0.0008975208264 0)
(0.12192 0.0008975208264 0)
(0.12954 0.0008975208264 0)
(0.13716 0.0008975208264 0)
(0.14478 0.0008975208264 0)
(0.1524 0.0008975208264 0)
(0.16002 0.0008975208264 0)
(0.16764 0.0008975208264 0)
(0.17526 0.0008975208264 0)
(0.18288 0.0008975208264 0)
(0.1905 0.0008975208264 0)
(0.19812 0.0008975208264 0)
(0.20574 0.0008975208264 0)
(0.21336 0.0008975208264 0)
(0.22098 0.0008975208264 0)
(0.2286 0.0008975208264 0)
(0.23622 0.0008975208264 0)
(0.24384 0.0008975208264 0)
(0.25146 0.0008975208264 0)
(0.25908 0.0008975208264 0)
(0.2667 0.0008975208264 0)
(0.27432 0.0008975208264 0)
(0.28194 0.0008975208264 0)
(0.28956 0.0008975208264 0)
(0.29718 0.0008975208264 0)
(0.3048 0.0008975208264 0)
(0.00762 0.001077096049 0)
(0.01524 0.001077096049 0)
(0.02286 0.001077096049 0)
(0.03048 0.001077096049 0)
(0.0381 0.001077096049 0)
(0.04572 0.001077096049 0)
(0.05334 0.001077096049 0)
(0.06096 0.001077096049 0)
(0.06858 0.001077096049 0)
(0.0762 0.001077096049 0)
(0.08382 0.001077096049 0)
(0.09144 0.001077096049 0)
(0.09906 0.001077096049 0)
(0.10668 0.001077096049 0)
(0.1143 0.001077096049 0)
(0.12192 0.001077096049 0)
(0.12954 0.001077096049 0)
(0.13716 0.001077096049 0)
(0.14478 0.001077096049 0)
(0.1524 0.001077096049 0)
(0.16002 0.001077096049 0)
(0.16764 0.001077096049 0)
(0.17526 0.001077096049 0)
(0.18288 0.001077096049 0)
(0.1905 0.001077096049 0)
(0.19812 0.001077096049 0)
(0.20574 0.001077096049 0)
(0.21336 0.001077096049 0)
(0.22098 0.001077096049 0)
(0.2286 0.001077096049 0)
(0.23622 0.001077096049 0)
(0.24384 0.001077096049 0)
(0.25146 0.001077096049 0)
(0.25908 0.001077096049 0)
(0.2667 0.001077096049 0)
(0.27432 0.001077096049 0)
(0.28194 0.001077096049 0)
(0.28956 0.001077096049 0)
(0.29718 0.001077096049 0)
(0.3048 0.001077096049 0)
(0.00762 0.001277907473 0)
(0.01524 0.001277907473 0)
(0.02286 0.001277907473 0)
(0.03048 0.001277907473 0)
(0.0381 0.001277907473 0)
(0.04572 0.001277907473 0)
(0.05334 0.001277907473 0)
(0.06096 0.001277907473 0)
(0.06858 0.001277907473 0)
(0.0762 0.001277907473 0)
(0.08382 0.001277907473 0)
(0.09144 0.001277907473 0)
(0.09906 0.001277907473 0)
(0.10668 0.001277907473 0)
(0.1143 0.001277907473 0)
(0.12192 0.001277907473 0)
(0.12954 0.001277907473 0)
(0.13716 0.001277907473 0)
(0.14478 0.001277907473 0)
(0.1524 0.001277907473 0)
(0.16002 0.001277907473 0)
(0.16764 0.001277907473 0)
(0.17526 0.001277907473 0)
(0.18288 0.001277907473 0)
(0.1905 0.001277907473 0)
(0.19812 0.001277907473 0)
(0.20574 0.001277907473 0)
(0.21336 0.001277907473 0)
(0.22098 0.001277907473 0)
(0.2286 0.001277907473 0)
(0.23622 0.001277907473 0)
(0.24384 0.001277907473 0)
(0.25146 0.001277907473 0)
(0.25908 0.001277907473 0)
(0.2667 0.001277907473 0)
(0.27432 0.001277907473 0)
(0.28194 0.001277907473 0)
(0.28956 0.001277907473 0)
(0.29718 0.001277907473 0)
(0.3048 0.001277907473 0)
(0.00762 0.001502466447 0)
(0.01524 0.001502466447 0)
(0.02286 0.001502466447 0)
(0.03048 0.001502466447 0)
(0.0381 0.001502466447 0)
(0.04572 0.001502466447 0)
(0.05334 0.001502466447 0)
(0.06096 0.001502466447 0)
(0.06858 0.001502466447 0)
(0.0762 0.001502466447 0)
(0.08382 0.001502466447 0)
(0.09144 0.001502466447 0)
(0.09906 0.001502466447 0)
(0.10668 0.001502466447 0)
(0.1143 0.001502466447 0)
(0.12192 0.001502466447 0)
(0.12954 0.001502466447 0)
(0.13716 0.001502466447 0)
(0.14478 0.001502466447 0)
(0.1524 0.001502466447 0)
(0.16002 0.001502466447 0)
(0.16764 0.001502466447 0)
(0.17526 0.001502466447 0)
(0.18288 0.001502466447 0)
(0.1905 0.001502466447 0)
(0.19812 0.001502466447 0)
(0.20574 0.001502466447 0)
(0.21336 0.001502466447 0)
(0.22098 0.001502466447 0)
(0.2286 0.001502466447 0)
(0.23622 0.001502466447 0)
(0.24384 0.001502466447 0)
(0.25146 0.001502466447 0)
(0.25908 0.001502466447 0)
(0.2667 0.001502466447 0)
(0.27432 0.001502466447 0)
(0.28194 0.001502466447 0)
(0.28956 0.001502466447 0)
(0.29718 0.001502466447 0)
(0.3048 0.001502466447 0)
(0.00762 0.001753581308 0)
(0.01524 0.001753581308 0)
(0.02286 0.001753581308 0)
(0.03048 0.001753581308 0)
(0.0381 0.001753581308 0)
(0.04572 0.001753581308 0)
(0.05334 0.001753581308 0)
(0.06096 0.001753581308 0)
(0.06858 0.001753581308 0)
(0.0762 0.001753581308 0)
(0.08382 0.001753581308 0)
(0.09144 0.001753581308 0)
(0.09906 0.001753581308 0)
(0.10668 0.001753581308 0)
(0.1143 0.001753581308 0)
(0.12192 0.001753581308 0)
(0.12954 0.001753581308 0)
(0.13716 0.001753581308 0)
(0.14478 0.001753581308 0)
(0.1524 0.001753581308 0)
(0.16002 0.001753581308 0)
(0.16764 0.001753581308 0)
(0.17526 0.001753581308 0)
(0.18288 0.001753581308 0)
(0.1905 0.001753581308 0)
(0.19812 0.001753581308 0)
(0.20574 0.001753581308 0)
(0.21336 0.001753581308 0)
(0.22098 0.001753581308 0)
(0.2286 0.001753581308 0)
(0.23622 0.001753581308 0)
(0.24384 0.001753581308 0)
(0.25146 0.001753581308 0)
(0.25908 0.001753581308 0)
(0.2667 0.001753581308 0)
(0.27432 0.001753581308 0)
(0.28194 0.001753581308 0)
(0.28956 0.001753581308 0)
(0.29718 0.001753581308 0)
(0.3048 0.001753581308 0)
(0.00762 0.002034392501 0)
(0.01524 0.002034392501 0)
(0.02286 0.002034392501 0)
(0.03048 0.002034392501 0)
(0.0381 0.002034392501 0)
(0.04572 0.002034392501 0)
(0.05334 0.002034392501 0)
(0.06096 0.002034392501 0)
(0.06858 0.002034392501 0)
(0.0762 0.002034392501 0)
(0.08382 0.002034392501 0)
(0.09144 0.002034392501 0)
(0.09906 0.002034392501 0)
(0.10668 0.002034392501 0)
(0.1143 0.002034392501 0)
(0.12192 0.002034392501 0)
(0.12954 0.002034392501 0)
(0.13716 0.002034392501 0)
(0.14478 0.002034392501 0)
(0.1524 0.002034392501 0)
(0.16002 0.002034392501 0)
(0.16764 0.002034392501 0)
(0.17526 0.002034392501 0)
(0.18288 0.002034392501 0)
(0.1905 0.002034392501 0)
(0.19812 0.002034392501 0)
(0.20574 0.002034392501 0)
(0.21336 0.002034392501 0)
(0.22098 0.002034392501 0)
(0.2286 0.002034392501 0)
(0.23622 0.002034392501 0)
(0.24384 0.002034392501 0)
(0.25146 0.002034392501 0)
(0.25908 0.002034392501 0)
(0.2667 0.002034392501 0)
(0.27432 0.002034392501 0)
(0.28194 0.002034392501 0)
(0.28956 0.002034392501 0)
(0.29718 0.002034392501 0)
(0.3048 0.002034392501 0)
(0.00762 0.002348411855 0)
(0.01524 0.002348411855 0)
(0.02286 0.002348411855 0)
(0.03048 0.002348411855 0)
(0.0381 0.002348411855 0)
(0.04572 0.002348411855 0)
(0.05334 0.002348411855 0)
(0.06096 0.002348411855 0)
(0.06858 0.002348411855 0)
(0.0762 0.002348411855 0)
(0.08382 0.002348411855 0)
(0.09144 0.002348411855 0)
(0.09906 0.002348411855 0)
(0.10668 0.002348411855 0)
(0.1143 0.002348411855 0)
(0.12192 0.002348411855 0)
(0.12954 0.002348411855 0)
(0.13716 0.002348411855 0)
(0.14478 0.002348411855 0)
(0.1524 0.002348411855 0)
(0.16002 0.002348411855 0)
(0.16764 0.002348411855 0)
(0.17526 0.002348411855 0)
(0.18288 0.002348411855 0)
(0.1905 0.002348411855 0)
(0.19812 0.002348411855 0)
(0.20574 0.002348411855 0)
(0.21336 0.002348411855 0)
(0.22098 0.002348411855 0)
(0.2286 0.002348411855 0)
(0.23622 0.002348411855 0)
(0.24384 0.002348411855 0)
(0.25146 0.002348411855 0)
(0.25908 0.002348411855 0)
(0.2667 0.002348411855 0)
(0.27432 0.002348411855 0)
(0.28194 0.002348411855 0)
(0.28956 0.002348411855 0)
(0.29718 0.002348411855 0)
(0.3048 0.002348411855 0)
(0.00762 0.002699566498 0)
(0.01524 0.002699566498 0)
(0.02286 0.002699566498 0)
(0.03048 0.002699566498 0)
(0.0381 0.002699566498 0)
(0.04572 0.002699566498 0)
(0.05334 0.002699566498 0)
(0.06096 0.002699566498 0)
(0.06858 0.002699566498 0)
(0.0762 0.002699566498 0)
(0.08382 0.002699566498 0)
(0.09144 0.002699566498 0)
(0.09906 0.002699566498 0)
(0.10668 0.002699566498 0)
(0.1143 0.002699566498 0)
(0.12192 0.002699566498 0)
(0.12954 0.002699566498 0)
(0.13716 0.002699566498 0)
(0.14478 0.002699566498 0)
(0.1524 0.002699566498 0)
(0.16002 0.002699566498 0)
(0.16764 0.002699566498 0)
(0.17526 0.002699566498 0)
(0.18288 0.002699566498 0)
(0.1905 0.002699566498 0)
(0.19812 0.002699566498 0)
(0.20574 0.002699566498 0)
(0.21336 0.002699566498 0)
(0.22098 0.002699566498 0)
(0.2286 0.002699566498 0)
(0.23622 0.002699566498 0)
(0.24384 0.002699566498 0)
(0.25146 0.002699566498 0)
(0.25908 0.002699566498 0)
(0.2667 0.002699566498 0)
(0.27432 0.002699566498 0)
(0.28194 0.002699566498 0)
(0.28956 0.002699566498 0)
(0.29718 0.002699566498 0)
(0.3048 0.002699566498 0)
(0.00762 0.003092247975 0)
(0.01524 0.003092247975 0)
(0.02286 0.003092247975 0)
(0.03048 0.003092247975 0)
(0.0381 0.003092247975 0)
(0.04572 0.003092247975 0)
(0.05334 0.003092247975 0)
(0.06096 0.003092247975 0)
(0.06858 0.003092247975 0)
(0.0762 0.003092247975 0)
(0.08382 0.003092247975 0)
(0.09144 0.003092247975 0)
(0.09906 0.003092247975 0)
(0.10668 0.003092247975 0)
(0.1143 0.003092247975 0)
(0.12192 0.003092247975 0)
(0.12954 0.003092247975 0)
(0.13716 0.003092247975 0)
(0.14478 0.003092247975 0)
(0.1524 0.003092247975 0)
(0.16002 0.003092247975 0)
(0.16764 0.003092247975 0)
(0.17526 0.003092247975 0)
(0.18288 0.003092247975 0)
(0.1905 0.003092247975 0)
(0.19812 0.003092247975 0)
(0.20574 0.003092247975 0)
(0.21336 0.003092247975 0)
(0.22098 0.003092247975 0)
(0.2286 0.003092247975 0)
(0.23622 0.003092247975 0)
(0.24384 0.003092247975 0)
(0.25146 0.003092247975 0)
(0.25908 0.003092247975 0)
(0.2667 0.003092247975 0)
(0.27432 0.003092247975 0)
(0.28194 0.003092247975 0)
(0.28956 0.003092247975 0)
(0.29718 0.003092247975 0)
(0.3048 0.003092247975 0)
(0.00762 0.003531367164 0)
(0.01524 0.003531367164 0)
(0.02286 0.003531367164 0)
(0.03048 0.003531367164 0)
(0.0381 0.003531367164 0)
(0.04572 0.003531367164 0)
(0.05334 0.003531367164 0)
(0.06096 0.003531367164 0)
(0.06858 0.003531367164 0)
(0.0762 0.003531367164 0)
(0.08382 0.003531367164 0)
(0.09144 0.003531367164 0)
(0.09906 0.003531367164 0)
(0.10668 0.003531367164 0)
(0.1143 0.003531367164 0)
(0.12192 0.003531367164 0)
(0.12954 0.003531367164 0)
(0.13716 0.003531367164 0)
(0.14478 0.003531367164 0)
(0.1524 0.003531367164 0)
(0.16002 0.003531367164 0)
(0.16764 0.003531367164 0)
(0.17526 0.003531367164 0)
(0.18288 0.003531367164 0)
(0.1905 0.003531367164 0)
(0.19812 0.003531367164 0)
(0.20574 0.003531367164 0)
(0.21336 0.003531367164 0)
(0.22098 0.003531367164 0)
(0.2286 0.003531367164 0)
(0.23622 0.003531367164 0)
(0.24384 0.003531367164 0)
(0.25146 0.003531367164 0)
(0.25908 0.003531367164 0)
(0.2667 0.003531367164 0)
(0.27432 0.003531367164 0)
(0.28194 0.003531367164 0)
(0.28956 0.003531367164 0)
(0.29718 0.003531367164 0)
(0.3048 0.003531367164 0)
(0.00762 0.004022415695 0)
(0.01524 0.004022415695 0)
(0.02286 0.004022415695 0)
(0.03048 0.004022415695 0)
(0.0381 0.004022415695 0)
(0.04572 0.004022415695 0)
(0.05334 0.004022415695 0)
(0.06096 0.004022415695 0)
(0.06858 0.004022415695 0)
(0.0762 0.004022415695 0)
(0.08382 0.004022415695 0)
(0.09144 0.004022415695 0)
(0.09906 0.004022415695 0)
(0.10668 0.004022415695 0)
(0.1143 0.004022415695 0)
(0.12192 0.004022415695 0)
(0.12954 0.004022415695 0)
(0.13716 0.004022415695 0)
(0.14478 0.004022415695 0)
(0.1524 0.004022415695 0)
(0.16002 0.004022415695 0)
(0.16764 0.004022415695 0)
(0.17526 0.004022415695 0)
(0.18288 0.004022415695 0)
(0.1905 0.004022415695 0)
(0.19812 0.004022415695 0)
(0.20574 0.004022415695 0)
(0.21336 0.004022415695 0)
(0.22098 0.004022415695 0)
(0.2286 0.004022415695 0)
(0.23622 0.004022415695 0)
(0.24384 0.004022415695 0)
(0.25146 0.004022415695 0)
(0.25908 0.004022415695 0)
(0.2667 0.004022415695 0)
(0.27432 0.004022415695 0)
(0.28194 0.004022415695 0)
(0.28956 0.004022415695 0)
(0.29718 0.004022415695 0)
(0.3048 0.004022415695 0)
(0.00762 0.004571534625 0)
(0.01524 0.004571534625 0)
(0.02286 0.004571534625 0)
(0.03048 0.004571534625 0)
(0.0381 0.004571534625 0)
(0.04572 0.004571534625 0)
(0.05334 0.004571534625 0)
(0.06096 0.004571534625 0)
(0.06858 0.004571534625 0)
(0.0762 0.004571534625 0)
(0.08382 0.004571534625 0)
(0.09144 0.004571534625 0)
(0.09906 0.004571534625 0)
(0.10668 0.004571534625 0)
(0.1143 0.004571534625 0)
(0.12192 0.004571534625 0)
(0.12954 0.004571534625 0)
(0.13716 0.004571534625 0)
(0.14478 0.004571534625 0)
(0.1524 0.004571534625 0)
(0.16002 0.004571534625 0)
(0.16764 0.004571534625 0)
(0.17526 0.004571534625 0)
(0.18288 0.004571534625 0)
(0.1905 0.004571534625 0)
(0.19812 0.004571534625 0)
(0.20574 0.004571534625 0)
(0.21336 0.004571534625 0)
(0.22098 0.004571534625 0)
(0.2286 0.004571534625 0)
(0.23622 0.004571534625 0)
(0.24384 0.004571534625 0)
(0.25146 0.004571534625 0)
(0.25908 0.004571534625 0)
(0.2667 0.004571534625 0)
(0.27432 0.004571534625 0)
(0.28194 0.004571534625 0)
(0.28956 0.004571534625 0)
(0.29718 0.004571534625 0)
(0.3048 0.004571534625 0)
(0.00762 0.005185591243 0)
(0.01524 0.005185591243 0)
(0.02286 0.005185591243 0)
(0.03048 0.005185591243 0)
(0.0381 0.005185591243 0)
(0.04572 0.005185591243 0)
(0.05334 0.005185591243 0)
(0.06096 0.005185591243 0)
(0.06858 0.005185591243 0)
(0.0762 0.005185591243 0)
(0.08382 0.005185591243 0)
(0.09144 0.005185591243 0)
(0.09906 0.005185591243 0)
(0.10668 0.005185591243 0)
(0.1143 0.005185591243 0)
(0.12192 0.005185591243 0)
(0.12954 0.005185591243 0)
(0.13716 0.005185591243 0)
(0.14478 0.005185591243 0)
(0.1524 0.005185591243 0)
(0.16002 0.005185591243 0)
(0.16764 0.005185591243 0)
(0.17526 0.005185591243 0)
(0.18288 0.005185591243 0)
(0.1905 0.005185591243 0)
(0.19812 0.005185591243 0)
(0.20574 0.005185591243 0)
(0.21336 0.005185591243 0)
(0.22098 0.005185591243 0)
(0.2286 0.005185591243 0)
(0.23622 0.005185591243 0)
(0.24384 0.005185591243 0)
(0.25146 0.005185591243 0)
(0.25908 0.005185591243 0)
(0.2667 0.005185591243 0)
(0.27432 0.005185591243 0)
(0.28194 0.005185591243 0)
(0.28956 0.005185591243 0)
(0.29718 0.005185591243 0)
(0.3048 0.005185591243 0)
(0.00762 0.005872264946 0)
(0.01524 0.005872264946 0)
(0.02286 0.005872264946 0)
(0.03048 0.005872264946 0)
(0.0381 0.005872264946 0)
(0.04572 0.005872264946 0)
(0.05334 0.005872264946 0)
(0.06096 0.005872264946 0)
(0.06858 0.005872264946 0)
(0.0762 0.005872264946 0)
(0.08382 0.005872264946 0)
(0.09144 0.005872264946 0)
(0.09906 0.005872264946 0)
(0.10668 0.005872264946 0)
(0.1143 0.005872264946 0)
(0.12192 0.005872264946 0)
(0.12954 0.005872264946 0)
(0.13716 0.005872264946 0)
(0.14478 0.005872264946 0)
(0.1524 0.005872264946 0)
(0.16002 0.005872264946 0)
(0.16764 0.005872264946 0)
(0.17526 0.005872264946 0)
(0.18288 0.005872264946 0)
(0.1905 0.005872264946 0)
(0.19812 0.005872264946 0)
(0.20574 0.005872264946 0)
(0.21336 0.005872264946 0)
(0.22098 0.005872264946 0)
(0.2286 0.005872264946 0)
(0.23622 0.005872264946 0)
(0.24384 0.005872264946 0)
(0.25146 0.005872264946 0)
(0.25908 0.005872264946 0)
(0.2667 0.005872264946 0)
(0.27432 0.005872264946 0)
(0.28194 0.005872264946 0)
(0.28956 0.005872264946 0)
(0.29718 0.005872264946 0)
(0.3048 0.005872264946 0)
(0.00762 0.006640143284 0)
(0.01524 0.006640143284 0)
(0.02286 0.006640143284 0)
(0.03048 0.006640143284 0)
(0.0381 0.006640143284 0)
(0.04572 0.006640143284 0)
(0.05334 0.006640143284 0)
(0.06096 0.006640143284 0)
(0.06858 0.006640143284 0)
(0.0762 0.006640143284 0)
(0.08382 0.006640143284 0)
(0.09144 0.006640143284 0)
(0.09906 0.006640143284 0)
(0.10668 0.006640143284 0)
(0.1143 0.006640143284 0)
(0.12192 0.006640143284 0)
(0.12954 0.006640143284 0)
(0.13716 0.006640143284 0)
(0.14478 0.006640143284 0)
(0.1524 0.006640143284 0)
(0.16002 0.006640143284 0)
(0.16764 0.006640143284 0)
(0.17526 0.006640143284 0)
(0.18288 0.006640143284 0)
(0.1905 0.006640143284 0)
(0.19812 0.006640143284 0)
(0.20574 0.006640143284 0)
(0.21336 0.006640143284 0)
(0.22098 0.006640143284 0)
(0.2286 0.006640143284 0)
(0.23622 0.006640143284 0)
(0.24384 0.006640143284 0)
(0.25146 0.006640143284 0)
(0.25908 0.006640143284 0)
(0.2667 0.006640143284 0)
(0.27432 0.006640143284 0)
(0.28194 0.006640143284 0)
(0.28956 0.006640143284 0)
(0.29718 0.006640143284 0)
(0.3048 0.006640143284 0)
(0.00762 0.007498829352 0)
(0.01524 0.007498829352 0)
(0.02286 0.007498829352 0)
(0.03048 0.007498829352 0)
(0.0381 0.007498829352 0)
(0.04572 0.007498829352 0)
(0.05334 0.007498829352 0)
(0.06096 0.007498829352 0)
(0.06858 0.007498829352 0)
(0.0762 0.007498829352 0)
(0.08382 0.007498829352 0)
(0.09144 0.007498829352 0)
(0.09906 0.007498829352 0)
(0.10668 0.007498829352 0)
(0.1143 0.007498829352 0)
(0.12192 0.007498829352 0)
(0.12954 0.007498829352 0)
(0.13716 0.007498829352 0)
(0.14478 0.007498829352 0)
(0.1524 0.007498829352 0)
(0.16002 0.007498829352 0)
(0.16764 0.007498829352 0)
(0.17526 0.007498829352 0)
(0.18288 0.007498829352 0)
(0.1905 0.007498829352 0)
(0.19812 0.007498829352 0)
(0.20574 0.007498829352 0)
(0.21336 0.007498829352 0)
(0.22098 0.007498829352 0)
(0.2286 0.007498829352 0)
(0.23622 0.007498829352 0)
(0.24384 0.007498829352 0)
(0.25146 0.007498829352 0)
(0.25908 0.007498829352 0)
(0.2667 0.007498829352 0)
(0.27432 0.007498829352 0)
(0.28194 0.007498829352 0)
(0.28956 0.007498829352 0)
(0.29718 0.007498829352 0)
(0.3048 0.007498829352 0)
(0.00762 0.008459061887 0)
(0.01524 0.008459061887 0)
(0.02286 0.008459061887 0)
(0.03048 0.008459061887 0)
(0.0381 0.008459061887 0)
(0.04572 0.008459061887 0)
(0.05334 0.008459061887 0)
(0.06096 0.008459061887 0)
(0.06858 0.008459061887 0)
(0.0762 0.008459061887 0)
(0.08382 0.008459061887 0)
(0.09144 0.008459061887 0)
(0.09906 0.008459061887 0)
(0.10668 0.008459061887 0)
(0.1143 0.008459061887 0)
(0.12192 0.008459061887 0)
(0.12954 0.008459061887 0)
(0.13716 0.008459061887 0)
(0.14478 0.008459061887 0)
(0.1524 0.008459061887 0)
(0.16002 0.008459061887 0)
(0.16764 0.008459061887 0)
(0.17526 0.008459061887 0)
(0.18288 0.008459061887 0)
(0.1905 0.008459061887 0)
(0.19812 0.008459061887 0)
(0.20574 0.008459061887 0)
(0.21336 0.008459061887 0)
(0.22098 0.008459061887 0)
(0.2286 0.008459061887 0)
(0.23622 0.008459061887 0)
(0.24384 0.008459061887 0)
(0.25146 0.008459061887 0)
(0.25908 0.008459061887 0)
(0.2667 0.008459061887 0)
(0.27432 0.008459061887 0)
(0.28194 0.008459061887 0)
(0.28956 0.008459061887 0)
(0.29718 0.008459061887 0)
(0.3048 0.008459061887 0)
(0.00762 0.009532849566 0)
(0.01524 0.009532849566 0)
(0.02286 0.009532849566 0)
(0.03048 0.009532849566 0)
(0.0381 0.009532849566 0)
(0.04572 0.009532849566 0)
(0.05334 0.009532849566 0)
(0.06096 0.009532849566 0)
(0.06858 0.009532849566 0)
(0.0762 0.009532849566 0)
(0.08382 0.009532849566 0)
(0.09144 0.009532849566 0)
(0.09906 0.009532849566 0)
(0.10668 0.009532849566 0)
(0.1143 0.009532849566 0)
(0.12192 0.009532849566 0)
(0.12954 0.009532849566 0)
(0.13716 0.009532849566 0)
(0.14478 0.009532849566 0)
(0.1524 0.009532849566 0)
(0.16002 0.009532849566 0)
(0.16764 0.009532849566 0)
(0.17526 0.009532849566 0)
(0.18288 0.009532849566 0)
(0.1905 0.009532849566 0)
(0.19812 0.009532849566 0)
(0.20574 0.009532849566 0)
(0.21336 0.009532849566 0)
(0.22098 0.009532849566 0)
(0.2286 0.009532849566 0)
(0.23622 0.009532849566 0)
(0.24384 0.009532849566 0)
(0.25146 0.009532849566 0)
(0.25908 0.009532849566 0)
(0.2667 0.009532849566 0)
(0.27432 0.009532849566 0)
(0.28194 0.009532849566 0)
(0.28956 0.009532849566 0)
(0.29718 0.009532849566 0)
(0.3048 0.009532849566 0)
(0.00762 0.01073362119 0)
(0.01524 0.01073362119 0)
(0.02286 0.01073362119 0)
(0.03048 0.01073362119 0)
(0.0381 0.01073362119 0)
(0.04572 0.01073362119 0)
(0.05334 0.01073362119 0)
(0.06096 0.01073362119 0)
(0.06858 0.01073362119 0)
(0.0762 0.01073362119 0)
(0.08382 0.01073362119 0)
(0.09144 0.01073362119 0)
(0.09906 0.01073362119 0)
(0.10668 0.01073362119 0)
(0.1143 0.01073362119 0)
(0.12192 0.01073362119 0)
(0.12954 0.01073362119 0)
(0.13716 0.01073362119 0)
(0.14478 0.01073362119 0)
(0.1524 0.01073362119 0)
(0.16002 0.01073362119 0)
(0.16764 0.01073362119 0)
(0.17526 0.01073362119 0)
(0.18288 0.01073362119 0)
(0.1905 0.01073362119 0)
(0.19812 0.01073362119 0)
(0.20574 0.01073362119 0)
(0.21336 0.01073362119 0)
(0.22098 0.01073362119 0)
(0.2286 0.01073362119 0)
(0.23622 0.01073362119 0)
(0.24384 0.01073362119 0)
(0.25146 0.01073362119 0)
(0.25908 0.01073362119 0)
(0.2667 0.01073362119 0)
(0.27432 0.01073362119 0)
(0.28194 0.01073362119 0)
(0.28956 0.01073362119 0)
(0.29718 0.01073362119 0)
(0.3048 0.01073362119 0)
(0.00762 0.01207639363 0)
(0.01524 0.01207639363 0)
(0.02286 0.01207639363 0)
(0.03048 0.01207639363 0)
(0.0381 0.01207639363 0)
(0.04572 0.01207639363 0)
(0.05334 0.01207639363 0)
(0.06096 0.01207639363 0)
(0.06858 0.01207639363 0)
(0.0762 0.01207639363 0)
(0.08382 0.01207639363 0)
(0.09144 0.01207639363 0)
(0.09906 0.01207639363 0)
(0.10668 0.01207639363 0)
(0.1143 0.01207639363 0)
(0.12192 0.01207639363 0)
(0.12954 0.01207639363 0)
(0.13716 0.01207639363 0)
(0.14478 0.01207639363 0)
(0.1524 0.01207639363 0)
(0.16002 0.01207639363 0)
(0.16764 0.01207639363 0)
(0.17526 0.01207639363 0)
(0.18288 0.01207639363 0)
(0.1905 0.01207639363 0)
(0.19812 0.01207639363 0)
(0.20574 0.01207639363 0)
(0.21336 0.01207639363 0)
(0.22098 0.01207639363 0)
(0.2286 0.01207639363 0)
(0.23622 0.01207639363 0)
(0.24384 0.01207639363 0)
(0.25146 0.01207639363 0)
(0.25908 0.01207639363 0)
(0.2667 0.01207639363 0)
(0.27432 0.01207639363 0)
(0.28194 0.01207639363 0)
(0.28956 0.01207639363 0)
(0.29718 0.01207639363 0)
(0.3048 0.01207639363 0)
(0.00762 0.01357795959 0)
(0.01524 0.01357795959 0)
(0.02286 0.01357795959 0)
(0.03048 0.01357795959 0)
(0.0381 0.01357795959 0)
(0.04572 0.01357795959 0)
(0.05334 0.01357795959 0)
(0.06096 0.01357795959 0)
(0.06858 0.01357795959 0)
(0.0762 0.01357795959 0)
(0.08382 0.01357795959 0)
(0.09144 0.01357795959 0)
(0.09906 0.01357795959 0)
(0.10668 0.01357795959 0)
(0.1143 0.01357795959 0)
(0.12192 0.01357795959 0)
(0.12954 0.01357795959 0)
(0.13716 0.01357795959 0)
(0.14478 0.01357795959 0)
(0.1524 0.01357795959 0)
(0.16002 0.01357795959 0)
(0.16764 0.01357795959 0)
(0.17526 0.01357795959 0)
(0.18288 0.01357795959 0)
(0.1905 0.01357795959 0)
(0.19812 0.01357795959 0)
(0.20574 0.01357795959 0)
(0.21336 0.01357795959 0)
(0.22098 0.01357795959 0)
(0.2286 0.01357795959 0)
(0.23622 0.01357795959 0)
(0.24384 0.01357795959 0)
(0.25146 0.01357795959 0)
(0.25908 0.01357795959 0)
(0.2667 0.01357795959 0)
(0.27432 0.01357795959 0)
(0.28194 0.01357795959 0)
(0.28956 0.01357795959 0)
(0.29718 0.01357795959 0)
(0.3048 0.01357795959 0)
(0.00762 0.0152570977 0)
(0.01524 0.0152570977 0)
(0.02286 0.0152570977 0)
(0.03048 0.0152570977 0)
(0.0381 0.0152570977 0)
(0.04572 0.0152570977 0)
(0.05334 0.0152570977 0)
(0.06096 0.0152570977 0)
(0.06858 0.0152570977 0)
(0.0762 0.0152570977 0)
(0.08382 0.0152570977 0)
(0.09144 0.0152570977 0)
(0.09906 0.0152570977 0)
(0.10668 0.0152570977 0)
(0.1143 0.0152570977 0)
(0.12192 0.0152570977 0)
(0.12954 0.0152570977 0)
(0.13716 0.0152570977 0)
(0.14478 0.0152570977 0)
(0.1524 0.0152570977 0)
(0.16002 0.0152570977 0)
(0.16764 0.0152570977 0)
(0.17526 0.0152570977 0)
(0.18288 0.0152570977 0)
(0.1905 0.0152570977 0)
(0.19812 0.0152570977 0)
(0.20574 0.0152570977 0)
(0.21336 0.0152570977 0)
(0.22098 0.0152570977 0)
(0.2286 0.0152570977 0)
(0.23622 0.0152570977 0)
(0.24384 0.0152570977 0)
(0.25146 0.0152570977 0)
(0.25908 0.0152570977 0)
(0.2667 0.0152570977 0)
(0.27432 0.0152570977 0)
(0.28194 0.0152570977 0)
(0.28956 0.0152570977 0)
(0.29718 0.0152570977 0)
(0.3048 0.0152570977 0)
(0.00762 0.01713480726 0)
(0.01524 0.01713480726 0)
(0.02286 0.01713480726 0)
(0.03048 0.01713480726 0)
(0.0381 0.01713480726 0)
(0.04572 0.01713480726 0)
(0.05334 0.01713480726 0)
(0.06096 0.01713480726 0)
(0.06858 0.01713480726 0)
(0.0762 0.01713480726 0)
(0.08382 0.01713480726 0)
(0.09144 0.01713480726 0)
(0.09906 0.01713480726 0)
(0.10668 0.01713480726 0)
(0.1143 0.01713480726 0)
(0.12192 0.01713480726 0)
(0.12954 0.01713480726 0)
(0.13716 0.01713480726 0)
(0.14478 0.01713480726 0)
(0.1524 0.01713480726 0)
(0.16002 0.01713480726 0)
(0.16764 0.01713480726 0)
(0.17526 0.01713480726 0)
(0.18288 0.01713480726 0)
(0.1905 0.01713480726 0)
(0.19812 0.01713480726 0)
(0.20574 0.01713480726 0)
(0.21336 0.01713480726 0)
(0.22098 0.01713480726 0)
(0.2286 0.01713480726 0)
(0.23622 0.01713480726 0)
(0.24384 0.01713480726 0)
(0.25146 0.01713480726 0)
(0.25908 0.01713480726 0)
(0.2667 0.01713480726 0)
(0.27432 0.01713480726 0)
(0.28194 0.01713480726 0)
(0.28956 0.01713480726 0)
(0.29718 0.01713480726 0)
(0.3048 0.01713480726 0)
(0.00762 0.01923457093 0)
(0.01524 0.01923457093 0)
(0.02286 0.01923457093 0)
(0.03048 0.01923457093 0)
(0.0381 0.01923457093 0)
(0.04572 0.01923457093 0)
(0.05334 0.01923457093 0)
(0.06096 0.01923457093 0)
(0.06858 0.01923457093 0)
(0.0762 0.01923457093 0)
(0.08382 0.01923457093 0)
(0.09144 0.01923457093 0)
(0.09906 0.01923457093 0)
(0.10668 0.01923457093 0)
(0.1143 0.01923457093 0)
(0.12192 0.01923457093 0)
(0.12954 0.01923457093 0)
(0.13716 0.01923457093 0)
(0.14478 0.01923457093 0)
(0.1524 0.01923457093 0)
(0.16002 0.01923457093 0)
(0.16764 0.01923457093 0)
(0.17526 0.01923457093 0)
(0.18288 0.01923457093 0)
(0.1905 0.01923457093 0)
(0.19812 0.01923457093 0)
(0.20574 0.01923457093 0)
(0.21336 0.01923457093 0)
(0.22098 0.01923457093 0)
(0.2286 0.01923457093 0)
(0.23622 0.01923457093 0)
(0.24384 0.01923457093 0)
(0.25146 0.01923457093 0)
(0.25908 0.01923457093 0)
(0.2667 0.01923457093 0)
(0.27432 0.01923457093 0)
(0.28194 0.01923457093 0)
(0.28956 0.01923457093 0)
(0.29718 0.01923457093 0)
(0.3048 0.01923457093 0)
(0.00762 0.02158264838 0)
(0.01524 0.02158264838 0)
(0.02286 0.02158264838 0)
(0.03048 0.02158264838 0)
(0.0381 0.02158264838 0)
(0.04572 0.02158264838 0)
(0.05334 0.02158264838 0)
(0.06096 0.02158264838 0)
(0.06858 0.02158264838 0)
(0.0762 0.02158264838 0)
(0.08382 0.02158264838 0)
(0.09144 0.02158264838 0)
(0.09906 0.02158264838 0)
(0.10668 0.02158264838 0)
(0.1143 0.02158264838 0)
(0.12192 0.02158264838 0)
(0.12954 0.02158264838 0)
(0.13716 0.02158264838 0)
(0.14478 0.02158264838 0)
(0.1524 0.02158264838 0)
(0.16002 0.02158264838 0)
(0.16764 0.02158264838 0)
(0.17526 0.02158264838 0)
(0.18288 0.02158264838 0)
(0.1905 0.02158264838 0)
(0.19812 0.02158264838 0)
(0.20574 0.02158264838 0)
(0.21336 0.02158264838 0)
(0.22098 0.02158264838 0)
(0.2286 0.02158264838 0)
(0.23622 0.02158264838 0)
(0.24384 0.02158264838 0)
(0.25146 0.02158264838 0)
(0.25908 0.02158264838 0)
(0.2667 0.02158264838 0)
(0.27432 0.02158264838 0)
(0.28194 0.02158264838 0)
(0.28956 0.02158264838 0)
(0.29718 0.02158264838 0)
(0.3048 0.02158264838 0)
(0.00762 0.02420840469 0)
(0.01524 0.02420840469 0)
(0.02286 0.02420840469 0)
(0.03048 0.02420840469 0)
(0.0381 0.02420840469 0)
(0.04572 0.02420840469 0)
(0.05334 0.02420840469 0)
(0.06096 0.02420840469 0)
(0.06858 0.02420840469 0)
(0.0762 0.02420840469 0)
(0.08382 0.02420840469 0)
(0.09144 0.02420840469 0)
(0.09906 0.02420840469 0)
(0.10668 0.02420840469 0)
(0.1143 0.02420840469 0)
(0.12192 0.02420840469 0)
(0.12954 0.02420840469 0)
(0.13716 0.02420840469 0)
(0.14478 0.02420840469 0)
(0.1524 0.02420840469 0)
(0.16002 0.02420840469 0)
(0.16764 0.02420840469 0)
(0.17526 0.02420840469 0)
(0.18288 0.02420840469 0)
(0.1905 0.02420840469 0)
(0.19812 0.02420840469 0)
(0.20574 0.02420840469 0)
(0.21336 0.02420840469 0)
(0.22098 0.02420840469 0)
(0.2286 0.02420840469 0)
(0.23622 0.02420840469 0)
(0.24384 0.02420840469 0)
(0.25146 0.02420840469 0)
(0.25908 0.02420840469 0)
(0.2667 0.02420840469 0)
(0.27432 0.02420840469 0)
(0.28194 0.02420840469 0)
(0.28956 0.02420840469 0)
(0.29718 0.02420840469 0)
(0.3048 0.02420840469 0)
(0.00762 0.02714467759 0)
(0.01524 0.02714467759 0)
(0.02286 0.02714467759 0)
(0.03048 0.02714467759 0)
(0.0381 0.02714467759 0)
(0.04572 0.02714467759 0)
(0.05334 0.02714467759 0)
(0.06096 0.02714467759 0)
(0.06858 0.02714467759 0)
(0.0762 0.02714467759 0)
(0.08382 0.02714467759 0)
(0.09144 0.02714467759 0)
(0.09906 0.02714467759 0)
(0.10668 0.02714467759 0)
(0.1143 0.02714467759 0)
(0.12192 0.02714467759 0)
(0.12954 0.02714467759 0)
(0.13716 0.02714467759 0)
(0.14478 0.02714467759 0)
(0.1524 0.02714467759 0)
(0.16002 0.02714467759 0)
(0.16764 0.02714467759 0)
(0.17526 0.02714467759 0)
(0.18288 0.02714467759 0)
(0.1905 0.02714467759 0)
(0.19812 0.02714467759 0)
(0.20574 0.02714467759 0)
(0.21336 0.02714467759 0)
(0.22098 0.02714467759 0)
(0.2286 0.02714467759 0)
(0.23622 0.02714467759 0)
(0.24384 0.02714467759 0)
(0.25146 0.02714467759 0)
(0.25908 0.02714467759 0)
(0.2667 0.02714467759 0)
(0.27432 0.02714467759 0)
(0.28194 0.02714467759 0)
(0.28956 0.02714467759 0)
(0.29718 0.02714467759 0)
(0.3048 0.02714467759 0)
(0.00762 0.03042818816 0)
(0.01524 0.03042818816 0)
(0.02286 0.03042818816 0)
(0.03048 0.03042818816 0)
(0.0381 0.03042818816 0)
(0.04572 0.03042818816 0)
(0.05334 0.03042818816 0)
(0.06096 0.03042818816 0)
(0.06858 0.03042818816 0)
(0.0762 0.03042818816 0)
(0.08382 0.03042818816 0)
(0.09144 0.03042818816 0)
(0.09906 0.03042818816 0)
(0.10668 0.03042818816 0)
(0.1143 0.03042818816 0)
(0.12192 0.03042818816 0)
(0.12954 0.03042818816 0)
(0.13716 0.03042818816 0)
(0.14478 0.03042818816 0)
(0.1524 0.03042818816 0)
(0.16002 0.03042818816 0)
(0.16764 0.03042818816 0)
(0.17526 0.03042818816 0)
(0.18288 0.03042818816 0)
(0.1905 0.03042818816 0)
(0.19812 0.03042818816 0)
(0.20574 0.03042818816 0)
(0.21336 0.03042818816 0)
(0.22098 0.03042818816 0)
(0.2286 0.03042818816 0)
(0.23622 0.03042818816 0)
(0.24384 0.03042818816 0)
(0.25146 0.03042818816 0)
(0.25908 0.03042818816 0)
(0.2667 0.03042818816 0)
(0.27432 0.03042818816 0)
(0.28194 0.03042818816 0)
(0.28956 0.03042818816 0)
(0.29718 0.03042818816 0)
(0.3048 0.03042818816 0)
(0.00762 0.0341 0)
(0.01524 0.0341 0)
(0.02286 0.0341 0)
(0.03048 0.0341 0)
(0.0381 0.0341 0)
(0.04572 0.0341 0)
(0.05334 0.0341 0)
(0.06096 0.0341 0)
(0.06858 0.0341 0)
(0.0762 0.0341 0)
(0.08382 0.0341 0)
(0.09144 0.0341 0)
(0.09906 0.0341 0)
(0.10668 0.0341 0)
(0.1143 0.0341 0)
(0.12192 0.0341 0)
(0.12954 0.0341 0)
(0.13716 0.0341 0)
(0.14478 0.0341 0)
(0.1524 0.0341 0)
(0.16002 0.0341 0)
(0.16764 0.0341 0)
(0.17526 0.0341 0)
(0.18288 0.0341 0)
(0.1905 0.0341 0)
(0.19812 0.0341 0)
(0.20574 0.0341 0)
(0.21336 0.0341 0)
(0.22098 0.0341 0)
(0.2286 0.0341 0)
(0.23622 0.0341 0)
(0.24384 0.0341 0)
(0.25146 0.0341 0)
(0.25908 0.0341 0)
(0.2667 0.0341 0)
(0.27432 0.0341 0)
(0.28194 0.0341 0)
(0.28956 0.0341 0)
(0.29718 0.0341 0)
(0.3048 0.0341 0)
(0.00762 0 0.001)
(0.01524 0 0.001)
(0.02286 0 0.001)
(0.03048 0 0.001)
(0.0381 0 0.001)
(0.04572 0 0.001)
(0.05334 0 0.001)
(0.06096 0 0.001)
(0.06858 0 0.001)
(0.0762 0 0.001)
(0.08382 0 0.001)
(0.09144 0 0.001)
(0.09906 0 0.001)
(0.10668 0 0.001)
(0.1143 0 0.001)
(0.12192 0 0.001)
(0.12954 0 0.001)
(0.13716 0 0.001)
(0.14478 0 0.001)
(0.1524 0 0.001)
(0.16002 0 0.001)
(0.16764 0 0.001)
(0.17526 0 0.001)
(0.18288 0 0.001)
(0.1905 0 0.001)
(0.19812 0 0.001)
(0.20574 0 0.001)
(0.21336 0 0.001)
(0.22098 0 0.001)
(0.2286 0 0.001)
(0.23622 0 0.001)
(0.24384 0 0.001)
(0.25146 0 0.001)
(0.25908 0 0.001)
(0.2667 0 0.001)
(0.27432 0 0.001)
(0.28194 0 0.001)
(0.28956 0 0.001)
(0.29718 0 0.001)
(0.3048 0 0.001)
(0.00762 7.343623682e-05 0.001)
(0.01524 7.343623682e-05 0.001)
(0.02286 7.343623682e-05 0.001)
(0.03048 7.343623682e-05 0.001)
(0.0381 7.343623682e-05 0.001)
(0.04572 7.343623682e-05 0.001)
(0.05334 7.343623682e-05 0.001)
(0.06096 7.343623682e-05 0.001)
(0.06858 7.343623682e-05 0.001)
(0.0762 7.343623682e-05 0.001)
(0.08382 7.343623682e-05 0.001)
(0.09144 7.343623682e-05 0.001)
(0.09906 7.343623682e-05 0.001)
(0.10668 7.343623682e-05 0.001)
(0.1143 7.343623682e-05 0.001)
(0.12192 7.343623682e-05 0.001)
(0.12954 7.343623682e-05 0.001)
(0.13716 7.343623682e-05 0.001)
(0.14478 7.343623682e-05 0.001)
(0.1524 7.343623682e-05 0.001)
(0.16002 7.343623682e-05 0.001)
(0.16764 7.343623682e-05 0.001)
(0.17526 7.343623682e-05 0.001)
(0.18288 7.343623682e-05 0.001)
(0.1905 7.343623682e-05 0.001)
(0.19812 7.343623682e-05 0.001)
(0.20574 7.343623682e-05 0.001)
(0.21336 7.343623682e-05 0.001)
(0.22098 7.343623682e-05 0.001)
(0.2286 7.343623682e-05 0.001)
(0.23622 7.343623682e-05 0.001)
(0.24384 7.343623682e-05 0.001)
(0.25146 7.343623682e-05 0.001)
(0.25908 7.343623682e-05 0.001)
(0.2667 7.343623682e-05 0.001)
(0.27432 7.343623682e-05 0.001)
(0.28194 7.343623682e-05 0.001)
(0.28956 7.343623682e-05 0.001)
(0.29718 7.343623682e-05 0.001)
(0.3048 7.343623682e-05 0.001)
(0.00762 0.0001555568936 0.001)
(0.01524 0.0001555568936 0.001)
(0.02286 0.0001555568936 0.001)
(0.03048 0.0001555568936 0.001)
(0.0381 0.0001555568936 0.001)
(0.04572 0.0001555568936 0.001)
(0.05334 0.0001555568936 0.001)
(0.06096 0.0001555568936 0.001)
(0.06858 0.0001555568936 0.001)
(0.0762 0.0001555568936 0.001)
(0.08382 0.0001555568936 0.001)
(0.09144 0.0001555568936 0.001)
(0.09906 0.0001555568936 0.001)
(0.10668 0.0001555568936 0.001)
(0.1143 0.0001555568936 0.001)
(0.12192 0.0001555568936 0.001)
(0.12954 0.0001555568936 0.001)
(0.13716 0.0001555568936 0.001)
(0.14478 0.0001555568936 0.001)
(0.1524 0.0001555568936 0.001)
(0.16002 0.0001555568936 0.001)
(0.16764 0.0001555568936 0.001)
(0.17526 0.0001555568936 0.001)
(0.18288 0.0001555568936 0.001)
(0.1905 0.0001555568936 0.001)
(0.19812 0.0001555568936 0.001)
(0.20574 0.0001555568936 0.001)
(0.21336 0.0001555568936 0.001)
(0.22098 0.0001555568936 0.001)
(0.2286 0.0001555568936 0.001)
(0.23622 0.0001555568936 0.001)
(0.24384 0.0001555568936 0.001)
(0.25146 0.0001555568936 0.001)
(0.25908 0.0001555568936 0.001)
(0.2667 0.0001555568936 0.001)
(0.27432 0.0001555568936 0.001)
(0.28194 0.0001555568936 0.001)
(0.28956 0.0001555568936 0.001)
(0.29718 0.0001555568936 0.001)
(0.3048 0.0001555568936 0.001)
(0.00762 0.000247388972 0.001)
(0.01524 0.000247388972 0.001)
(0.02286 0.000247388972 0.001)
(0.03048 0.000247388972 0.001)
(0.0381 0.000247388972 0.001)
(0.04572 0.000247388972 0.001)
(0.05334 0.000247388972 0.001)
(0.06096 0.000247388972 0.001)
(0.06858 0.000247388972 0.001)
(0.0762 0.000247388972 0.001)
(0.08382 0.000247388972 0.001)
(0.09144 0.000247388972 0.001)
(0.09906 0.000247388972 0.001)
(0.10668 0.000247388972 0.001)
(0.1143 0.000247388972 0.001)
(0.12192 0.000247388972 0.001)
(0.12954 0.000247388972 0.001)
(0.13716 0.000247388972 0.001)
(0.14478 0.000247388972 0.001)
(0.1524 0.000247388972 0.001)
(0.16002 0.000247388972 0.001)
(0.16764 0.000247388972 0.001)
(0.17526 0.000247388972 0.001)
(0.18288 0.000247388972 0.001)
(0.1905 0.000247388972 0.001)
(0.19812 0.000247388972 0.001)
(0.20574 0.000247388972 0.001)
(0.21336 0.000247388972 0.001)
(0.22098 0.000247388972 0.001)
(0.2286 0.000247388972 0.001)
(0.23622 0.000247388972 0.001)
(0.24384 0.000247388972 0.001)
(0.25146 0.000247388972 0.001)
(0.25908 0.000247388972 0.001)
(0.2667 0.000247388972 0.001)
(0.27432 0.000247388972 0.001)
(0.28194 0.000247388972 0.001)
(0.28956 0.000247388972 0.001)
(0.29718 0.000247388972 0.001)
(0.3048 0.000247388972 0.001)
(0.00762 0.0003500809252 0.001)
(0.01524 0.0003500809252 0.001)
(0.02286 0.0003500809252 0.001)
(0.03048 0.0003500809252 0.001)
(0.0381 0.0003500809252 0.001)
(0.04572 0.0003500809252 0.001)
(0.05334 0.0003500809252 0.001)
(0.06096 0.0003500809252 0.001)
(0.06858 0.0003500809252 0.001)
(0.0762 0.0003500809252 0.001)
(0.08382 0.0003500809252 0.001)
(0.09144 0.0003500809252 0.001)
(0.09906 0.0003500809252 0.001)
(0.10668 0.0003500809252 0.001)
(0.1143 0.0003500809252 0.001)
(0.12192 0.0003500809252 0.001)
(0.12954 0.0003500809252 0.001)
(0.13716 0.0003500809252 0.001)
(0.14478 0.0003500809252 0.001)
(0.1524 0.0003500809252 0.001)
(0.16002 0.0003500809252 0.001)
(0.16764 0.0003500809252 0.001)
(0.17526 0.0003500809252 0.001)
(0.18288 0.0003500809252 0.001)
(0.1905 0.0003500809252 0.001)
(0.19812 0.0003500809252 0.001)
(0.20574 0.0003500809252 0.001)
(0.21336 0.0003500809252 0.001)
(0.22098 0.0003500809252 0.001)
(0.2286 0.0003500809252 0.001)
(0.23622 0.0003500809252 0.001)
(0.24384 0.0003500809252 0.001)
(0.25146 0.0003500809252 0.001)
(0.25908 0.0003500809252 0.001)
(0.2667 0.0003500809252 0.001)
(0.27432 0.0003500809252 0.001)
(0.28194 0.0003500809252 0.001)
(0.28956 0.0003500809252 0.001)
(0.29718 0.0003500809252 0.001)
(0.3048 0.0003500809252 0.001)
(0.00762 0.0004649170198 0.001)
(0.01524 0.0004649170198 0.001)
(0.02286 0.0004649170198 0.001)
(0.03048 0.0004649170198 0.001)
(0.0381 0.0004649170198 0.001)
(0.04572 0.0004649170198 0.001)
(0.05334 0.0004649170198 0.001)
(0.06096 0.0004649170198 0.001)
(0.06858 0.0004649170198 0.001)
(0.0762 0.0004649170198 0.001)
(0.08382 0.0004649170198 0.001)
(0.09144 0.0004649170198 0.001)
(0.09906 0.0004649170198 0.001)
(0.10668 0.0004649170198 0.001)
(0.1143 0.0004649170198 0.001)
(0.12192 0.0004649170198 0.001)
(0.12954 0.0004649170198 0.001)
(0.13716 0.0004649170198 0.001)
(0.14478 0.0004649170198 0.001)
(0.1524 0.0004649170198 0.001)
(0.16002 0.0004649170198 0.001)
(0.16764 0.0004649170198 0.001)
(0.17526 0.0004649170198 0.001)
(0.18288 0.0004649170198 0.001)
(0.1905 0.0004649170198 0.001)
(0.19812 0.0004649170198 0.001)
(0.20574 0.0004649170198 0.001)
(0.21336 0.0004649170198 0.001)
(0.22098 0.0004649170198 0.001)
(0.2286 0.0004649170198 0.001)
(0.23622 0.0004649170198 0.001)
(0.24384 0.0004649170198 0.001)
(0.25146 0.0004649170198 0.001)
(0.25908 0.0004649170198 0.001)
(0.2667 0.0004649170198 0.001)
(0.27432 0.0004649170198 0.001)
(0.28194 0.0004649170198 0.001)
(0.28956 0.0004649170198 0.001)
(0.29718 0.0004649170198 0.001)
(0.3048 0.0004649170198 0.001)
(0.00762 0.0005933333971 0.001)
(0.01524 0.0005933333971 0.001)
(0.02286 0.0005933333971 0.001)
(0.03048 0.0005933333971 0.001)
(0.0381 0.0005933333971 0.001)
(0.04572 0.0005933333971 0.001)
(0.05334 0.0005933333971 0.001)
(0.06096 0.0005933333971 0.001)
(0.06858 0.0005933333971 0.001)
(0.0762 0.0005933333971 0.001)
(0.08382 0.0005933333971 0.001)
(0.09144 0.0005933333971 0.001)
(0.09906 0.0005933333971 0.001)
(0.10668 0.0005933333971 0.001)
(0.1143 0.0005933333971 0.001)
(0.12192 0.0005933333971 0.001)
(0.12954 0.0005933333971 0.001)
(0.13716 0.0005933333971 0.001)
(0.14478 0.0005933333971 0.001)
(0.1524 0.0005933333971 0.001)
(0.16002 0.0005933333971 0.001)
(0.16764 0.0005933333971 0.001)
(0.17526 0.0005933333971 0.001)
(0.18288 0.0005933333971 0.001)
(0.1905 0.0005933333971 0.001)
(0.19812 0.0005933333971 0.001)
(0.20574 0.0005933333971 0.001)
(0.21336 0.0005933333971 0.001)
(0.22098 0.0005933333971 0.001)
(0.2286 0.0005933333971 0.001)
(0.23622 0.0005933333971 0.001)
(0.24384 0.0005933333971 0.001)
(0.25146 0.0005933333971 0.001)
(0.25908 0.0005933333971 0.001)
(0.2667 0.0005933333971 0.001)
(0.27432 0.0005933333971 0.001)
(0.28194 0.0005933333971 0.001)
(0.28956 0.0005933333971 0.001)
(0.29718 0.0005933333971 0.001)
(0.3048 0.0005933333971 0.001)
(0.00762 0.000736936034 0.001)
(0.01524 0.000736936034 0.001)
(0.02286 0.000736936034 0.001)
(0.03048 0.000736936034 0.001)
(0.0381 0.000736936034 0.001)
(0.04572 0.000736936034 0.001)
(0.05334 0.000736936034 0.001)
(0.06096 0.000736936034 0.001)
(0.06858 0.000736936034 0.001)
(0.0762 0.000736936034 0.001)
(0.08382 0.000736936034 0.001)
(0.09144 0.000736936034 0.001)
(0.09906 0.000736936034 0.001)
(0.10668 0.000736936034 0.001)
(0.1143 0.000736936034 0.001)
(0.12192 0.000736936034 0.001)
(0.12954 0.000736936034 0.001)
(0.13716 0.000736936034 0.001)
(0.14478 0.000736936034 0.001)
(0.1524 0.000736936034 0.001)
(0.16002 0.000736936034 0.001)
(0.16764 0.000736936034 0.001)
(0.17526 0.000736936034 0.001)
(0.18288 0.000736936034 0.001)
(0.1905 0.000736936034 0.001)
(0.19812 0.000736936034 0.001)
(0.20574 0.000736936034 0.001)
(0.21336 0.000736936034 0.001)
(0.22098 0.000736936034 0.001)
(0.2286 0.000736936034 0.001)
(0.23622 0.000736936034 0.001)
(0.24384 0.000736936034 0.001)
(0.25146 0.000736936034 0.001)
(0.25908 0.000736936034 0.001)
(0.2667 0.000736936034 0.001)
(0.27432 0.000736936034 0.001)
(0.28194 0.000736936034 0.001)
(0.28956 0.000736936034 0.001)
(0.29718 0.000736936034 0.001)
(0.3048 0.000736936034 0.001)
(0.00762 0.0008975208264 0.001)
(0.01524 0.0008975208264 0.001)
(0.02286 0.0008975208264 0.001)
(0.03048 0.0008975208264 0.001)
(0.0381 0.0008975208264 0.001)
(0.04572 0.0008975208264 0.001)
(0.05334 0.0008975208264 0.001)
(0.06096 0.0008975208264 0.001)
(0.06858 0.0008975208264 0.001)
(0.0762 0.0008975208264 0.001)
(0.08382 0.0008975208264 0.001)
(0.09144 0.0008975208264 0.001)
(0.09906 0.0008975208264 0.001)
(0.10668 0.0008975208264 0.001)
(0.1143 0.0008975208264 0.001)
(0.12192 0.0008975208264 0.001)
(0.12954 0.0008975208264 0.001)
(0.13716 0.0008975208264 0.001)
(0.14478 0.0008975208264 0.001)
(0.1524 0.0008975208264 0.001)
(0.16002 0.0008975208264 0.001)
(0.16764 0.0008975208264 0.001)
(0.17526 0.0008975208264 0.001)
(0.18288 0.0008975208264 0.001)
(0.1905 0.0008975208264 0.001)
(0.19812 0.0008975208264 0.001)
(0.20574 0.0008975208264 0.001)
(0.21336 0.0008975208264 0.001)
(0.22098 0.0008975208264 0.001)
(0.2286 0.0008975208264 0.001)
(0.23622 0.0008975208264 0.001)
(0.24384 0.0008975208264 0.001)
(0.25146 0.0008975208264 0.001)
(0.25908 0.0008975208264 0.001)
(0.2667 0.0008975208264 0.001)
(0.27432 0.0008975208264 0.001)
(0.28194 0.0008975208264 0.001)
(0.28956 0.0008975208264 0.001)
(0.29718 0.0008975208264 0.001)
(0.3048 0.0008975208264 0.001)
(0.00762 0.001077096049 0.001)
(0.01524 0.001077096049 0.001)
(0.02286 0.001077096049 0.001)
(0.03048 0.001077096049 0.001)
(0.0381 0.001077096049 0.001)
(0.04572 0.001077096049 0.001)
(0.05334 0.001077096049 0.001)
(0.06096 0.001077096049 0.001)
(0.06858 0.001077096049 0.001)
(0.0762 0.001077096049 0.001)
(0.08382 0.001077096049 0.001)
(0.09144 0.001077096049 0.001)
(0.09906 0.001077096049 0.001)
(0.10668 0.001077096049 0.001)
(0.1143 0.001077096049 0.001)
(0.12192 0.001077096049 0.001)
(0.12954 0.001077096049 0.001)
(0.13716 0.001077096049 0.001)
(0.14478 0.001077096049 0.001)
(0.1524 0.001077096049 0.001)
(0.16002 0.001077096049 0.001)
(0.16764 0.001077096049 0.001)
(0.17526 0.001077096049 0.001)
(0.18288 0.001077096049 0.001)
(0.1905 0.001077096049 0.001)
(0.19812 0.001077096049 0.001)
(0.20574 0.001077096049 0.001)
(0.21336 0.001077096049 0.001)
(0.22098 0.001077096049 0.001)
(0.2286 0.001077096049 0.001)
(0.23622 0.001077096049 0.001)
(0.24384 0.001077096049 0.001)
(0.25146 0.001077096049 0.001)
(0.25908 0.001077096049 0.001)
(0.2667 0.001077096049 0.001)
(0.27432 0.001077096049 0.001)
(0.28194 0.001077096049 0.001)
(0.28956 0.001077096049 0.001)
(0.29718 0.001077096049 0.001)
(0.3048 0.001077096049 0.001)
(0.00762 0.001277907473 0.001)
(0.01524 0.001277907473 0.001)
(0.02286 0.001277907473 0.001)
(0.03048 0.001277907473 0.001)
(0.0381 0.001277907473 0.001)
(0.04572 0.001277907473 0.001)
(0.05334 0.001277907473 0.001)
(0.06096 0.001277907473 0.001)
(0.06858 0.001277907473 0.001)
(0.0762 0.001277907473 0.001)
(0.08382 0.001277907473 0.001)
(0.09144 0.001277907473 0.001)
(0.09906 0.001277907473 0.001)
(0.10668 0.001277907473 0.001)
(0.1143 0.001277907473 0.001)
(0.12192 0.001277907473 0.001)
(0.12954 0.001277907473 0.001)
(0.13716 0.001277907473 0.001)
(0.14478 0.001277907473 0.001)
(0.1524 0.001277907473 0.001)
(0.16002 0.001277907473 0.001)
(0.16764 0.001277907473 0.001)
(0.17526 0.001277907473 0.001)
(0.18288 0.001277907473 0.001)
(0.1905 0.001277907473 0.001)
(0.19812 0.001277907473 0.001)
(0.20574 0.001277907473 0.001)
(0.21336 0.001277907473 0.001)
(0.22098 0.001277907473 0.001)
(0.2286 0.001277907473 0.001)
(0.23622 0.001277907473 0.001)
(0.24384 0.001277907473 0.001)
(0.25146 0.001277907473 0.001)
(0.25908 0.001277907473 0.001)
(0.2667 0.001277907473 0.001)
(0.27432 0.001277907473 0.001)
(0.28194 0.001277907473 0.001)
(0.28956 0.001277907473 0.001)
(0.29718 0.001277907473 0.001)
(0.3048 0.001277907473 0.001)
(0.00762 0.001502466447 0.001)
(0.01524 0.001502466447 0.001)
(0.02286 0.001502466447 0.001)
(0.03048 0.001502466447 0.001)
(0.0381 0.001502466447 0.001)
(0.04572 0.001502466447 0.001)
(0.05334 0.001502466447 0.001)
(0.06096 0.001502466447 0.001)
(0.06858 0.001502466447 0.001)
(0.0762 0.001502466447 0.001)
(0.08382 0.001502466447 0.001)
(0.09144 0.001502466447 0.001)
(0.09906 0.001502466447 0.001)
(0.10668 0.001502466447 0.001)
(0.1143 0.001502466447 0.001)
(0.12192 0.001502466447 0.001)
(0.12954 0.001502466447 0.001)
(0.13716 0.001502466447 0.001)
(0.14478 0.001502466447 0.001)
(0.1524 0.001502466447 0.001)
(0.16002 0.001502466447 0.001)
(0.16764 0.001502466447 0.001)
(0.17526 0.001502466447 0.001)
(0.18288 0.001502466447 0.001)
(0.1905 0.001502466447 0.001)
(0.19812 0.001502466447 0.001)
(0.20574 0.001502466447 0.001)
(0.21336 0.001502466447 0.001)
(0.22098 0.001502466447 0.001)
(0.2286 0.001502466447 0.001)
(0.23622 0.001502466447 0.001)
(0.24384 0.001502466447 0.001)
(0.25146 0.001502466447 0.001)
(0.25908 0.001502466447 0.001)
(0.2667 0.001502466447 0.001)
(0.27432 0.001502466447 0.001)
(0.28194 0.001502466447 0.001)
(0.28956 0.001502466447 0.001)
(0.29718 0.001502466447 0.001)
(0.3048 0.001502466447 0.001)
(0.00762 0.001753581308 0.001)
(0.01524 0.001753581308 0.001)
(0.02286 0.001753581308 0.001)
(0.03048 0.001753581308 0.001)
(0.0381 0.001753581308 0.001)
(0.04572 0.001753581308 0.001)
(0.05334 0.001753581308 0.001)
(0.06096 0.001753581308 0.001)
(0.06858 0.001753581308 0.001)
(0.0762 0.001753581308 0.001)
(0.08382 0.001753581308 0.001)
(0.09144 0.001753581308 0.001)
(0.09906 0.001753581308 0.001)
(0.10668 0.001753581308 0.001)
(0.1143 0.001753581308 0.001)
(0.12192 0.001753581308 0.001)
(0.12954 0.001753581308 0.001)
(0.13716 0.001753581308 0.001)
(0.14478 0.001753581308 0.001)
(0.1524 0.001753581308 0.001)
(0.16002 0.001753581308 0.001)
(0.16764 0.001753581308 0.001)
(0.17526 0.001753581308 0.001)
(0.18288 0.001753581308 0.001)
(0.1905 0.001753581308 0.001)
(0.19812 0.001753581308 0.001)
(0.20574 0.001753581308 0.001)
(0.21336 0.001753581308 0.001)
(0.22098 0.001753581308 0.001)
(0.2286 0.001753581308 0.001)
(0.23622 0.001753581308 0.001)
(0.24384 0.001753581308 0.001)
(0.25146 0.001753581308 0.001)
(0.25908 0.001753581308 0.001)
(0.2667 0.001753581308 0.001)
(0.27432 0.001753581308 0.001)
(0.28194 0.001753581308 0.001)
(0.28956 0.001753581308 0.001)
(0.29718 0.001753581308 0.001)
(0.3048 0.001753581308 0.001)
(0.00762 0.002034392501 0.001)
(0.01524 0.002034392501 0.001)
(0.02286 0.002034392501 0.001)
(0.03048 0.002034392501 0.001)
(0.0381 0.002034392501 0.001)
(0.04572 0.002034392501 0.001)
(0.05334 0.002034392501 0.001)
(0.06096 0.002034392501 0.001)
(0.06858 0.002034392501 0.001)
(0.0762 0.002034392501 0.001)
(0.08382 0.002034392501 0.001)
(0.09144 0.002034392501 0.001)
(0.09906 0.002034392501 0.001)
(0.10668 0.002034392501 0.001)
(0.1143 0.002034392501 0.001)
(0.12192 0.002034392501 0.001)
(0.12954 0.002034392501 0.001)
(0.13716 0.002034392501 0.001)
(0.14478 0.002034392501 0.001)
(0.1524 0.002034392501 0.001)
(0.16002 0.002034392501 0.001)
(0.16764 0.002034392501 0.001)
(0.17526 0.002034392501 0.001)
(0.18288 0.002034392501 0.001)
(0.1905 0.002034392501 0.001)
(0.19812 0.002034392501 0.001)
(0.20574 0.002034392501 0.001)
(0.21336 0.002034392501 0.001)
(0.22098 0.002034392501 0.001)
(0.2286 0.002034392501 0.001)
(0.23622 0.002034392501 0.001)
(0.24384 0.002034392501 0.001)
(0.25146 0.002034392501 0.001)
(0.25908 0.002034392501 0.001)
(0.2667 0.002034392501 0.001)
(0.27432 0.002034392501 0.001)
(0.28194 0.002034392501 0.001)
(0.28956 0.002034392501 0.001)
(0.29718 0.002034392501 0.001)
(0.3048 0.002034392501 0.001)
(0.00762 0.002348411855 0.001)
(0.01524 0.002348411855 0.001)
(0.02286 0.002348411855 0.001)
(0.03048 0.002348411855 0.001)
(0.0381 0.002348411855 0.001)
(0.04572 0.002348411855 0.001)
(0.05334 0.002348411855 0.001)
(0.06096 0.002348411855 0.001)
(0.06858 0.002348411855 0.001)
(0.0762 0.002348411855 0.001)
(0.08382 0.002348411855 0.001)
(0.09144 0.002348411855 0.001)
(0.09906 0.002348411855 0.001)
(0.10668 0.002348411855 0.001)
(0.1143 0.002348411855 0.001)
(0.12192 0.002348411855 0.001)
(0.12954 0.002348411855 0.001)
(0.13716 0.002348411855 0.001)
(0.14478 0.002348411855 0.001)
(0.1524 0.002348411855 0.001)
(0.16002 0.002348411855 0.001)
(0.16764 0.002348411855 0.001)
(0.17526 0.002348411855 0.001)
(0.18288 0.002348411855 0.001)
(0.1905 0.002348411855 0.001)
(0.19812 0.002348411855 0.001)
(0.20574 0.002348411855 0.001)
(0.21336 0.002348411855 0.001)
(0.22098 0.002348411855 0.001)
(0.2286 0.002348411855 0.001)
(0.23622 0.002348411855 0.001)
(0.24384 0.002348411855 0.001)
(0.25146 0.002348411855 0.001)
(0.25908 0.002348411855 0.001)
(0.2667 0.002348411855 0.001)
(0.27432 0.002348411855 0.001)
(0.28194 0.002348411855 0.001)
(0.28956 0.002348411855 0.001)
(0.29718 0.002348411855 0.001)
(0.3048 0.002348411855 0.001)
(0.00762 0.002699566498 0.001)
(0.01524 0.002699566498 0.001)
(0.02286 0.002699566498 0.001)
(0.03048 0.002699566498 0.001)
(0.0381 0.002699566498 0.001)
(0.04572 0.002699566498 0.001)
(0.05334 0.002699566498 0.001)
(0.06096 0.002699566498 0.001)
(0.06858 0.002699566498 0.001)
(0.0762 0.002699566498 0.001)
(0.08382 0.002699566498 0.001)
(0.09144 0.002699566498 0.001)
(0.09906 0.002699566498 0.001)
(0.10668 0.002699566498 0.001)
(0.1143 0.002699566498 0.001)
(0.12192 0.002699566498 0.001)
(0.12954 0.002699566498 0.001)
(0.13716 0.002699566498 0.001)
(0.14478 0.002699566498 0.001)
(0.1524 0.002699566498 0.001)
(0.16002 0.002699566498 0.001)
(0.16764 0.002699566498 0.001)
(0.17526 0.002699566498 0.001)
(0.18288 0.002699566498 0.001)
(0.1905 0.002699566498 0.001)
(0.19812 0.002699566498 0.001)
(0.20574 0.002699566498 0.001)
(0.21336 0.002699566498 0.001)
(0.22098 0.002699566498 0.001)
(0.2286 0.002699566498 0.001)
(0.23622 0.002699566498 0.001)
(0.24384 0.002699566498 0.001)
(0.25146 0.002699566498 0.001)
(0.25908 0.002699566498 0.001)
(0.2667 0.002699566498 0.001)
(0.27432 0.002699566498 0.001)
(0.28194 0.002699566498 0.001)
(0.28956 0.002699566498 0.001)
(0.29718 0.002699566498 0.001)
(0.3048 0.002699566498 0.001)
(0.00762 0.003092247975 0.001)
(0.01524 0.003092247975 0.001)
(0.02286 0.003092247975 0.001)
(0.03048 0.003092247975 0.001)
(0.0381 0.003092247975 0.001)
(0.04572 0.003092247975 0.001)
(0.05334 0.003092247975 0.001)
(0.06096 0.003092247975 0.001)
(0.06858 0.003092247975 0.001)
(0.0762 0.003092247975 0.001)
(0.08382 0.003092247975 0.001)
(0.09144 0.003092247975 0.001)
(0.09906 0.003092247975 0.001)
(0.10668 0.003092247975 0.001)
(0.1143 0.003092247975 0.001)
(0.12192 0.003092247975 0.001)
(0.12954 0.003092247975 0.001)
(0.13716 0.003092247975 0.001)
(0.14478 0.003092247975 0.001)
(0.1524 0.003092247975 0.001)
(0.16002 0.003092247975 0.001)
(0.16764 0.003092247975 0.001)
(0.17526 0.003092247975 0.001)
(0.18288 0.003092247975 0.001)
(0.1905 0.003092247975 0.001)
(0.19812 0.003092247975 0.001)
(0.20574 0.003092247975 0.001)
(0.21336 0.003092247975 0.001)
(0.22098 0.003092247975 0.001)
(0.2286 0.003092247975 0.001)
(0.23622 0.003092247975 0.001)
(0.24384 0.003092247975 0.001)
(0.25146 0.003092247975 0.001)
(0.25908 0.003092247975 0.001)
(0.2667 0.003092247975 0.001)
(0.27432 0.003092247975 0.001)
(0.28194 0.003092247975 0.001)
(0.28956 0.003092247975 0.001)
(0.29718 0.003092247975 0.001)
(0.3048 0.003092247975 0.001)
(0.00762 0.003531367164 0.001)
(0.01524 0.003531367164 0.001)
(0.02286 0.003531367164 0.001)
(0.03048 0.003531367164 0.001)
(0.0381 0.003531367164 0.001)
(0.04572 0.003531367164 0.001)
(0.05334 0.003531367164 0.001)
(0.06096 0.003531367164 0.001)
(0.06858 0.003531367164 0.001)
(0.0762 0.003531367164 0.001)
(0.08382 0.003531367164 0.001)
(0.09144 0.003531367164 0.001)
(0.09906 0.003531367164 0.001)
(0.10668 0.003531367164 0.001)
(0.1143 0.003531367164 0.001)
(0.12192 0.003531367164 0.001)
(0.12954 0.003531367164 0.001)
(0.13716 0.003531367164 0.001)
(0.14478 0.003531367164 0.001)
(0.1524 0.003531367164 0.001)
(0.16002 0.003531367164 0.001)
(0.16764 0.003531367164 0.001)
(0.17526 0.003531367164 0.001)
(0.18288 0.003531367164 0.001)
(0.1905 0.003531367164 0.001)
(0.19812 0.003531367164 0.001)
(0.20574 0.003531367164 0.001)
(0.21336 0.003531367164 0.001)
(0.22098 0.003531367164 0.001)
(0.2286 0.003531367164 0.001)
(0.23622 0.003531367164 0.001)
(0.24384 0.003531367164 0.001)
(0.25146 0.003531367164 0.001)
(0.25908 0.003531367164 0.001)
(0.2667 0.003531367164 0.001)
(0.27432 0.003531367164 0.001)
(0.28194 0.003531367164 0.001)
(0.28956 0.003531367164 0.001)
(0.29718 0.003531367164 0.001)
(0.3048 0.003531367164 0.001)
(0.00762 0.004022415695 0.001)
(0.01524 0.004022415695 0.001)
(0.02286 0.004022415695 0.001)
(0.03048 0.004022415695 0.001)
(0.0381 0.004022415695 0.001)
(0.04572 0.004022415695 0.001)
(0.05334 0.004022415695 0.001)
(0.06096 0.004022415695 0.001)
(0.06858 0.004022415695 0.001)
(0.0762 0.004022415695 0.001)
(0.08382 0.004022415695 0.001)
(0.09144 0.004022415695 0.001)
(0.09906 0.004022415695 0.001)
(0.10668 0.004022415695 0.001)
(0.1143 0.004022415695 0.001)
(0.12192 0.004022415695 0.001)
(0.12954 0.004022415695 0.001)
(0.13716 0.004022415695 0.001)
(0.14478 0.004022415695 0.001)
(0.1524 0.004022415695 0.001)
(0.16002 0.004022415695 0.001)
(0.16764 0.004022415695 0.001)
(0.17526 0.004022415695 0.001)
(0.18288 0.004022415695 0.001)
(0.1905 0.004022415695 0.001)
(0.19812 0.004022415695 0.001)
(0.20574 0.004022415695 0.001)
(0.21336 0.004022415695 0.001)
(0.22098 0.004022415695 0.001)
(0.2286 0.004022415695 0.001)
(0.23622 0.004022415695 0.001)
(0.24384 0.004022415695 0.001)
(0.25146 0.004022415695 0.001)
(0.25908 0.004022415695 0.001)
(0.2667 0.004022415695 0.001)
(0.27432 0.004022415695 0.001)
(0.28194 0.004022415695 0.001)
(0.28956 0.004022415695 0.001)
(0.29718 0.004022415695 0.001)
(0.3048 0.004022415695 0.001)
(0.00762 0.004571534625 0.001)
(0.01524 0.004571534625 0.001)
(0.02286 0.004571534625 0.001)
(0.03048 0.004571534625 0.001)
(0.0381 0.004571534625 0.001)
(0.04572 0.004571534625 0.001)
(0.05334 0.004571534625 0.001)
(0.06096 0.004571534625 0.001)
(0.06858 0.004571534625 0.001)
(0.0762 0.004571534625 0.001)
(0.08382 0.004571534625 0.001)
(0.09144 0.004571534625 0.001)
(0.09906 0.004571534625 0.001)
(0.10668 0.004571534625 0.001)
(0.1143 0.004571534625 0.001)
(0.12192 0.004571534625 0.001)
(0.12954 0.004571534625 0.001)
(0.13716 0.004571534625 0.001)
(0.14478 0.004571534625 0.001)
(0.1524 0.004571534625 0.001)
(0.16002 0.004571534625 0.001)
(0.16764 0.004571534625 0.001)
(0.17526 0.004571534625 0.001)
(0.18288 0.004571534625 0.001)
(0.1905 0.004571534625 0.001)
(0.19812 0.004571534625 0.001)
(0.20574 0.004571534625 0.001)
(0.21336 0.004571534625 0.001)
(0.22098 0.004571534625 0.001)
(0.2286 0.004571534625 0.001)
(0.23622 0.004571534625 0.001)
(0.24384 0.004571534625 0.001)
(0.25146 0.004571534625 0.001)
(0.25908 0.004571534625 0.001)
(0.2667 0.004571534625 0.001)
(0.27432 0.004571534625 0.001)
(0.28194 0.004571534625 0.001)
(0.28956 0.004571534625 0.001)
(0.29718 0.004571534625 0.001)
(0.3048 0.004571534625 0.001)
(0.00762 0.005185591243 0.001)
(0.01524 0.005185591243 0.001)
(0.02286 0.005185591243 0.001)
(0.03048 0.005185591243 0.001)
(0.0381 0.005185591243 0.001)
(0.04572 0.005185591243 0.001)
(0.05334 0.005185591243 0.001)
(0.06096 0.005185591243 0.001)
(0.06858 0.005185591243 0.001)
(0.0762 0.005185591243 0.001)
(0.08382 0.005185591243 0.001)
(0.09144 0.005185591243 0.001)
(0.09906 0.005185591243 0.001)
(0.10668 0.005185591243 0.001)
(0.1143 0.005185591243 0.001)
(0.12192 0.005185591243 0.001)
(0.12954 0.005185591243 0.001)
(0.13716 0.005185591243 0.001)
(0.14478 0.005185591243 0.001)
(0.1524 0.005185591243 0.001)
(0.16002 0.005185591243 0.001)
(0.16764 0.005185591243 0.001)
(0.17526 0.005185591243 0.001)
(0.18288 0.005185591243 0.001)
(0.1905 0.005185591243 0.001)
(0.19812 0.005185591243 0.001)
(0.20574 0.005185591243 0.001)
(0.21336 0.005185591243 0.001)
(0.22098 0.005185591243 0.001)
(0.2286 0.005185591243 0.001)
(0.23622 0.005185591243 0.001)
(0.24384 0.005185591243 0.001)
(0.25146 0.005185591243 0.001)
(0.25908 0.005185591243 0.001)
(0.2667 0.005185591243 0.001)
(0.27432 0.005185591243 0.001)
(0.28194 0.005185591243 0.001)
(0.28956 0.005185591243 0.001)
(0.29718 0.005185591243 0.001)
(0.3048 0.005185591243 0.001)
(0.00762 0.005872264946 0.001)
(0.01524 0.005872264946 0.001)
(0.02286 0.005872264946 0.001)
(0.03048 0.005872264946 0.001)
(0.0381 0.005872264946 0.001)
(0.04572 0.005872264946 0.001)
(0.05334 0.005872264946 0.001)
(0.06096 0.005872264946 0.001)
(0.06858 0.005872264946 0.001)
(0.0762 0.005872264946 0.001)
(0.08382 0.005872264946 0.001)
(0.09144 0.005872264946 0.001)
(0.09906 0.005872264946 0.001)
(0.10668 0.005872264946 0.001)
(0.1143 0.005872264946 0.001)
(0.12192 0.005872264946 0.001)
(0.12954 0.005872264946 0.001)
(0.13716 0.005872264946 0.001)
(0.14478 0.005872264946 0.001)
(0.1524 0.005872264946 0.001)
(0.16002 0.005872264946 0.001)
(0.16764 0.005872264946 0.001)
(0.17526 0.005872264946 0.001)
(0.18288 0.005872264946 0.001)
(0.1905 0.005872264946 0.001)
(0.19812 0.005872264946 0.001)
(0.20574 0.005872264946 0.001)
(0.21336 0.005872264946 0.001)
(0.22098 0.005872264946 0.001)
(0.2286 0.005872264946 0.001)
(0.23622 0.005872264946 0.001)
(0.24384 0.005872264946 0.001)
(0.25146 0.005872264946 0.001)
(0.25908 0.005872264946 0.001)
(0.2667 0.005872264946 0.001)
(0.27432 0.005872264946 0.001)
(0.28194 0.005872264946 0.001)
(0.28956 0.005872264946 0.001)
(0.29718 0.005872264946 0.001)
(0.3048 0.005872264946 0.001)
(0.00762 0.006640143284 0.001)
(0.01524 0.006640143284 0.001)
(0.02286 0.006640143284 0.001)
(0.03048 0.006640143284 0.001)
(0.0381 0.006640143284 0.001)
(0.04572 0.006640143284 0.001)
(0.05334 0.006640143284 0.001)
(0.06096 0.006640143284 0.001)
(0.06858 0.006640143284 0.001)
(0.0762 0.006640143284 0.001)
(0.08382 0.006640143284 0.001)
(0.09144 0.006640143284 0.001)
(0.09906 0.006640143284 0.001)
(0.10668 0.006640143284 0.001)
(0.1143 0.006640143284 0.001)
(0.12192 0.006640143284 0.001)
(0.12954 0.006640143284 0.001)
(0.13716 0.006640143284 0.001)
(0.14478 0.006640143284 0.001)
(0.1524 0.006640143284 0.001)
(0.16002 0.006640143284 0.001)
(0.16764 0.006640143284 0.001)
(0.17526 0.006640143284 0.001)
(0.18288 0.006640143284 0.001)
(0.1905 0.006640143284 0.001)
(0.19812 0.006640143284 0.001)
(0.20574 0.006640143284 0.001)
(0.21336 0.006640143284 0.001)
(0.22098 0.006640143284 0.001)
(0.2286 0.006640143284 0.001)
(0.23622 0.006640143284 0.001)
(0.24384 0.006640143284 0.001)
(0.25146 0.006640143284 0.001)
(0.25908 0.006640143284 0.001)
(0.2667 0.006640143284 0.001)
(0.27432 0.006640143284 0.001)
(0.28194 0.006640143284 0.001)
(0.28956 0.006640143284 0.001)
(0.29718 0.006640143284 0.001)
(0.3048 0.006640143284 0.001)
(0.00762 0.007498829352 0.001)
(0.01524 0.007498829352 0.001)
(0.02286 0.007498829352 0.001)
(0.03048 0.007498829352 0.001)
(0.0381 0.007498829352 0.001)
(0.04572 0.007498829352 0.001)
(0.05334 0.007498829352 0.001)
(0.06096 0.007498829352 0.001)
(0.06858 0.007498829352 0.001)
(0.0762 0.007498829352 0.001)
(0.08382 0.007498829352 0.001)
(0.09144 0.007498829352 0.001)
(0.09906 0.007498829352 0.001)
(0.10668 0.007498829352 0.001)
(0.1143 0.007498829352 0.001)
(0.12192 0.007498829352 0.001)
(0.12954 0.007498829352 0.001)
(0.13716 0.007498829352 0.001)
(0.14478 0.007498829352 0.001)
(0.1524 0.007498829352 0.001)
(0.16002 0.007498829352 0.001)
(0.16764 0.007498829352 0.001)
(0.17526 0.007498829352 0.001)
(0.18288 0.007498829352 0.001)
(0.1905 0.007498829352 0.001)
(0.19812 0.007498829352 0.001)
(0.20574 0.007498829352 0.001)
(0.21336 0.007498829352 0.001)
(0.22098 0.007498829352 0.001)
(0.2286 0.007498829352 0.001)
(0.23622 0.007498829352 0.001)
(0.24384 0.007498829352 0.001)
(0.25146 0.007498829352 0.001)
(0.25908 0.007498829352 0.001)
(0.2667 0.007498829352 0.001)
(0.27432 0.007498829352 0.001)
(0.28194 0.007498829352 0.001)
(0.28956 0.007498829352 0.001)
(0.29718 0.007498829352 0.001)
(0.3048 0.007498829352 0.001)
(0.00762 0.008459061887 0.001)
(0.01524 0.008459061887 0.001)
(0.02286 0.008459061887 0.001)
(0.03048 0.008459061887 0.001)
(0.0381 0.008459061887 0.001)
(0.04572 0.008459061887 0.001)
(0.05334 0.008459061887 0.001)
(0.06096 0.008459061887 0.001)
(0.06858 0.008459061887 0.001)
(0.0762 0.008459061887 0.001)
(0.08382 0.008459061887 0.001)
(0.09144 0.008459061887 0.001)
(0.09906 0.008459061887 0.001)
(0.10668 0.008459061887 0.001)
(0.1143 0.008459061887 0.001)
(0.12192 0.008459061887 0.001)
(0.12954 0.008459061887 0.001)
(0.13716 0.008459061887 0.001)
(0.14478 0.008459061887 0.001)
(0.1524 0.008459061887 0.001)
(0.16002 0.008459061887 0.001)
(0.16764 0.008459061887 0.001)
(0.17526 0.008459061887 0.001)
(0.18288 0.008459061887 0.001)
(0.1905 0.008459061887 0.001)
(0.19812 0.008459061887 0.001)
(0.20574 0.008459061887 0.001)
(0.21336 0.008459061887 0.001)
(0.22098 0.008459061887 0.001)
(0.2286 0.008459061887 0.001)
(0.23622 0.008459061887 0.001)
(0.24384 0.008459061887 0.001)
(0.25146 0.008459061887 0.001)
(0.25908 0.008459061887 0.001)
(0.2667 0.008459061887 0.001)
(0.27432 0.008459061887 0.001)
(0.28194 0.008459061887 0.001)
(0.28956 0.008459061887 0.001)
(0.29718 0.008459061887 0.001)
(0.3048 0.008459061887 0.001)
(0.00762 0.009532849566 0.001)
(0.01524 0.009532849566 0.001)
(0.02286 0.009532849566 0.001)
(0.03048 0.009532849566 0.001)
(0.0381 0.009532849566 0.001)
(0.04572 0.009532849566 0.001)
(0.05334 0.009532849566 0.001)
(0.06096 0.009532849566 0.001)
(0.06858 0.009532849566 0.001)
(0.0762 0.009532849566 0.001)
(0.08382 0.009532849566 0.001)
(0.09144 0.009532849566 0.001)
(0.09906 0.009532849566 0.001)
(0.10668 0.009532849566 0.001)
(0.1143 0.009532849566 0.001)
(0.12192 0.009532849566 0.001)
(0.12954 0.009532849566 0.001)
(0.13716 0.009532849566 0.001)
(0.14478 0.009532849566 0.001)
(0.1524 0.009532849566 0.001)
(0.16002 0.009532849566 0.001)
(0.16764 0.009532849566 0.001)
(0.17526 0.009532849566 0.001)
(0.18288 0.009532849566 0.001)
(0.1905 0.009532849566 0.001)
(0.19812 0.009532849566 0.001)
(0.20574 0.009532849566 0.001)
(0.21336 0.009532849566 0.001)
(0.22098 0.009532849566 0.001)
(0.2286 0.009532849566 0.001)
(0.23622 0.009532849566 0.001)
(0.24384 0.009532849566 0.001)
(0.25146 0.009532849566 0.001)
(0.25908 0.009532849566 0.001)
(0.2667 0.009532849566 0.001)
(0.27432 0.009532849566 0.001)
(0.28194 0.009532849566 0.001)
(0.28956 0.009532849566 0.001)
(0.29718 0.009532849566 0.001)
(0.3048 0.009532849566 0.001)
(0.00762 0.01073362119 0.001)
(0.01524 0.01073362119 0.001)
(0.02286 0.01073362119 0.001)
(0.03048 0.01073362119 0.001)
(0.0381 0.01073362119 0.001)
(0.04572 0.01073362119 0.001)
(0.05334 0.01073362119 0.001)
(0.06096 0.01073362119 0.001)
(0.06858 0.01073362119 0.001)
(0.0762 0.01073362119 0.001)
(0.08382 0.01073362119 0.001)
(0.09144 0.01073362119 0.001)
(0.09906 0.01073362119 0.001)
(0.10668 0.01073362119 0.001)
(0.1143 0.01073362119 0.001)
(0.12192 0.01073362119 0.001)
(0.12954 0.01073362119 0.001)
(0.13716 0.01073362119 0.001)
(0.14478 0.01073362119 0.001)
(0.1524 0.01073362119 0.001)
(0.16002 0.01073362119 0.001)
(0.16764 0.01073362119 0.001)
(0.17526 0.01073362119 0.001)
(0.18288 0.01073362119 0.001)
(0.1905 0.01073362119 0.001)
(0.19812 0.01073362119 0.001)
(0.20574 0.01073362119 0.001)
(0.21336 0.01073362119 0.001)
(0.22098 0.01073362119 0.001)
(0.2286 0.01073362119 0.001)
(0.23622 0.01073362119 0.001)
(0.24384 0.01073362119 0.001)
(0.25146 0.01073362119 0.001)
(0.25908 0.01073362119 0.001)
(0.2667 0.01073362119 0.001)
(0.27432 0.01073362119 0.001)
(0.28194 0.01073362119 0.001)
(0.28956 0.01073362119 0.001)
(0.29718 0.01073362119 0.001)
(0.3048 0.01073362119 0.001)
(0.00762 0.01207639363 0.001)
(0.01524 0.01207639363 0.001)
(0.02286 0.01207639363 0.001)
(0.03048 0.01207639363 0.001)
(0.0381 0.01207639363 0.001)
(0.04572 0.01207639363 0.001)
(0.05334 0.01207639363 0.001)
(0.06096 0.01207639363 0.001)
(0.06858 0.01207639363 0.001)
(0.0762 0.01207639363 0.001)
(0.08382 0.01207639363 0.001)
(0.09144 0.01207639363 0.001)
(0.09906 0.01207639363 0.001)
(0.10668 0.01207639363 0.001)
(0.1143 0.01207639363 0.001)
(0.12192 0.01207639363 0.001)
(0.12954 0.01207639363 0.001)
(0.13716 0.01207639363 0.001)
(0.14478 0.01207639363 0.001)
(0.1524 0.01207639363 0.001)
(0.16002 0.01207639363 0.001)
(0.16764 0.01207639363 0.001)
(0.17526 0.01207639363 0.001)
(0.18288 0.01207639363 0.001)
(0.1905 0.01207639363 0.001)
(0.19812 0.01207639363 0.001)
(0.20574 0.01207639363 0.001)
(0.21336 0.01207639363 0.001)
(0.22098 0.01207639363 0.001)
(0.2286 0.01207639363 0.001)
(0.23622 0.01207639363 0.001)
(0.24384 0.01207639363 0.001)
(0.25146 0.01207639363 0.001)
(0.25908 0.01207639363 0.001)
(0.2667 0.01207639363 0.001)
(0.27432 0.01207639363 0.001)
(0.28194 0.01207639363 0.001)
(0.28956 0.01207639363 0.001)
(0.29718 0.01207639363 0.001)
(0.3048 0.01207639363 0.001)
(0.00762 0.01357795959 0.001)
(0.01524 0.01357795959 0.001)
(0.02286 0.01357795959 0.001)
(0.03048 0.01357795959 0.001)
(0.0381 0.01357795959 0.001)
(0.04572 0.01357795959 0.001)
(0.05334 0.01357795959 0.001)
(0.06096 0.01357795959 0.001)
(0.06858 0.01357795959 0.001)
(0.0762 0.01357795959 0.001)
(0.08382 0.01357795959 0.001)
(0.09144 0.01357795959 0.001)
(0.09906 0.01357795959 0.001)
(0.10668 0.01357795959 0.001)
(0.1143 0.01357795959 0.001)
(0.12192 0.01357795959 0.001)
(0.12954 0.01357795959 0.001)
(0.13716 0.01357795959 0.001)
(0.14478 0.01357795959 0.001)
(0.1524 0.01357795959 0.001)
(0.16002 0.01357795959 0.001)
(0.16764 0.01357795959 0.001)
(0.17526 0.01357795959 0.001)
(0.18288 0.01357795959 0.001)
(0.1905 0.01357795959 0.001)
(0.19812 0.01357795959 0.001)
(0.20574 0.01357795959 0.001)
(0.21336 0.01357795959 0.001)
(0.22098 0.01357795959 0.001)
(0.2286 0.01357795959 0.001)
(0.23622 0.01357795959 0.001)
(0.24384 0.01357795959 0.001)
(0.25146 0.01357795959 0.001)
(0.25908 0.01357795959 0.001)
(0.2667 0.01357795959 0.001)
(0.27432 0.01357795959 0.001)
(0.28194 0.01357795959 0.001)
(0.28956 0.01357795959 0.001)
(0.29718 0.01357795959 0.001)
(0.3048 0.01357795959 0.001)
(0.00762 0.0152570977 0.001)
(0.01524 0.0152570977 0.001)
(0.02286 0.0152570977 0.001)
(0.03048 0.0152570977 0.001)
(0.0381 0.0152570977 0.001)
(0.04572 0.0152570977 0.001)
(0.05334 0.0152570977 0.001)
(0.06096 0.0152570977 0.001)
(0.06858 0.0152570977 0.001)
(0.0762 0.0152570977 0.001)
(0.08382 0.0152570977 0.001)
(0.09144 0.0152570977 0.001)
(0.09906 0.0152570977 0.001)
(0.10668 0.0152570977 0.001)
(0.1143 0.0152570977 0.001)
(0.12192 0.0152570977 0.001)
(0.12954 0.0152570977 0.001)
(0.13716 0.0152570977 0.001)
(0.14478 0.0152570977 0.001)
(0.1524 0.0152570977 0.001)
(0.16002 0.0152570977 0.001)
(0.16764 0.0152570977 0.001)
(0.17526 0.0152570977 0.001)
(0.18288 0.0152570977 0.001)
(0.1905 0.0152570977 0.001)
(0.19812 0.0152570977 0.001)
(0.20574 0.0152570977 0.001)
(0.21336 0.0152570977 0.001)
(0.22098 0.0152570977 0.001)
(0.2286 0.0152570977 0.001)
(0.23622 0.0152570977 0.001)
(0.24384 0.0152570977 0.001)
(0.25146 0.0152570977 0.001)
(0.25908 0.0152570977 0.001)
(0.2667 0.0152570977 0.001)
(0.27432 0.0152570977 0.001)
(0.28194 0.0152570977 0.001)
(0.28956 0.0152570977 0.001)
(0.29718 0.0152570977 0.001)
(0.3048 0.0152570977 0.001)
(0.00762 0.01713480726 0.001)
(0.01524 0.01713480726 0.001)
(0.02286 0.01713480726 0.001)
(0.03048 0.01713480726 0.001)
(0.0381 0.01713480726 0.001)
(0.04572 0.01713480726 0.001)
(0.05334 0.01713480726 0.001)
(0.06096 0.01713480726 0.001)
(0.06858 0.01713480726 0.001)
(0.0762 0.01713480726 0.001)
(0.08382 0.01713480726 0.001)
(0.09144 0.01713480726 0.001)
(0.09906 0.01713480726 0.001)
(0.10668 0.01713480726 0.001)
(0.1143 0.01713480726 0.001)
(0.12192 0.01713480726 0.001)
(0.12954 0.01713480726 0.001)
(0.13716 0.01713480726 0.001)
(0.14478 0.01713480726 0.001)
(0.1524 0.01713480726 0.001)
(0.16002 0.01713480726 0.001)
(0.16764 0.01713480726 0.001)
(0.17526 0.01713480726 0.001)
(0.18288 0.01713480726 0.001)
(0.1905 0.01713480726 0.001)
(0.19812 0.01713480726 0.001)
(0.20574 0.01713480726 0.001)
(0.21336 0.01713480726 0.001)
(0.22098 0.01713480726 0.001)
(0.2286 0.01713480726 0.001)
(0.23622 0.01713480726 0.001)
(0.24384 0.01713480726 0.001)
(0.25146 0.01713480726 0.001)
(0.25908 0.01713480726 0.001)
(0.2667 0.01713480726 0.001)
(0.27432 0.01713480726 0.001)
(0.28194 0.01713480726 0.001)
(0.28956 0.01713480726 0.001)
(0.29718 0.01713480726 0.001)
(0.3048 0.01713480726 0.001)
(0.00762 0.01923457093 0.001)
(0.01524 0.01923457093 0.001)
(0.02286 0.01923457093 0.001)
(0.03048 0.01923457093 0.001)
(0.0381 0.01923457093 0.001)
(0.04572 0.01923457093 0.001)
(0.05334 0.01923457093 0.001)
(0.06096 0.01923457093 0.001)
(0.06858 0.01923457093 0.001)
(0.0762 0.01923457093 0.001)
(0.08382 0.01923457093 0.001)
(0.09144 0.01923457093 0.001)
(0.09906 0.01923457093 0.001)
(0.10668 0.01923457093 0.001)
(0.1143 0.01923457093 0.001)
(0.12192 0.01923457093 0.001)
(0.12954 0.01923457093 0.001)
(0.13716 0.01923457093 0.001)
(0.14478 0.01923457093 0.001)
(0.1524 0.01923457093 0.001)
(0.16002 0.01923457093 0.001)
(0.16764 0.01923457093 0.001)
(0.17526 0.01923457093 0.001)
(0.18288 0.01923457093 0.001)
(0.1905 0.01923457093 0.001)
(0.19812 0.01923457093 0.001)
(0.20574 0.01923457093 0.001)
(0.21336 0.01923457093 0.001)
(0.22098 0.01923457093 0.001)
(0.2286 0.01923457093 0.001)
(0.23622 0.01923457093 0.001)
(0.24384 0.01923457093 0.001)
(0.25146 0.01923457093 0.001)
(0.25908 0.01923457093 0.001)
(0.2667 0.01923457093 0.001)
(0.27432 0.01923457093 0.001)
(0.28194 0.01923457093 0.001)
(0.28956 0.01923457093 0.001)
(0.29718 0.01923457093 0.001)
(0.3048 0.01923457093 0.001)
(0.00762 0.02158264838 0.001)
(0.01524 0.02158264838 0.001)
(0.02286 0.02158264838 0.001)
(0.03048 0.02158264838 0.001)
(0.0381 0.02158264838 0.001)
(0.04572 0.02158264838 0.001)
(0.05334 0.02158264838 0.001)
(0.06096 0.02158264838 0.001)
(0.06858 0.02158264838 0.001)
(0.0762 0.02158264838 0.001)
(0.08382 0.02158264838 0.001)
(0.09144 0.02158264838 0.001)
(0.09906 0.02158264838 0.001)
(0.10668 0.02158264838 0.001)
(0.1143 0.02158264838 0.001)
(0.12192 0.02158264838 0.001)
(0.12954 0.02158264838 0.001)
(0.13716 0.02158264838 0.001)
(0.14478 0.02158264838 0.001)
(0.1524 0.02158264838 0.001)
(0.16002 0.02158264838 0.001)
(0.16764 0.02158264838 0.001)
(0.17526 0.02158264838 0.001)
(0.18288 0.02158264838 0.001)
(0.1905 0.02158264838 0.001)
(0.19812 0.02158264838 0.001)
(0.20574 0.02158264838 0.001)
(0.21336 0.02158264838 0.001)
(0.22098 0.02158264838 0.001)
(0.2286 0.02158264838 0.001)
(0.23622 0.02158264838 0.001)
(0.24384 0.02158264838 0.001)
(0.25146 0.02158264838 0.001)
(0.25908 0.02158264838 0.001)
(0.2667 0.02158264838 0.001)
(0.27432 0.02158264838 0.001)
(0.28194 0.02158264838 0.001)
(0.28956 0.02158264838 0.001)
(0.29718 0.02158264838 0.001)
(0.3048 0.02158264838 0.001)
(0.00762 0.02420840469 0.001)
(0.01524 0.02420840469 0.001)
(0.02286 0.02420840469 0.001)
(0.03048 0.02420840469 0.001)
(0.0381 0.02420840469 0.001)
(0.04572 0.02420840469 0.001)
(0.05334 0.02420840469 0.001)
(0.06096 0.02420840469 0.001)
(0.06858 0.02420840469 0.001)
(0.0762 0.02420840469 0.001)
(0.08382 0.02420840469 0.001)
(0.09144 0.02420840469 0.001)
(0.09906 0.02420840469 0.001)
(0.10668 0.02420840469 0.001)
(0.1143 0.02420840469 0.001)
(0.12192 0.02420840469 0.001)
(0.12954 0.02420840469 0.001)
(0.13716 0.02420840469 0.001)
(0.14478 0.02420840469 0.001)
(0.1524 0.02420840469 0.001)
(0.16002 0.02420840469 0.001)
(0.16764 0.02420840469 0.001)
(0.17526 0.02420840469 0.001)
(0.18288 0.02420840469 0.001)
(0.1905 0.02420840469 0.001)
(0.19812 0.02420840469 0.001)
(0.20574 0.02420840469 0.001)
(0.21336 0.02420840469 0.001)
(0.22098 0.02420840469 0.001)
(0.2286 0.02420840469 0.001)
(0.23622 0.02420840469 0.001)
(0.24384 0.02420840469 0.001)
(0.25146 0.02420840469 0.001)
(0.25908 0.02420840469 0.001)
(0.2667 0.02420840469 0.001)
(0.27432 0.02420840469 0.001)
(0.28194 0.02420840469 0.001)
(0.28956 0.02420840469 0.001)
(0.29718 0.02420840469 0.001)
(0.3048 0.02420840469 0.001)
(0.00762 0.02714467759 0.001)
(0.01524 0.02714467759 0.001)
(0.02286 0.02714467759 0.001)
(0.03048 0.02714467759 0.001)
(0.0381 0.02714467759 0.001)
(0.04572 0.02714467759 0.001)
(0.05334 0.02714467759 0.001)
(0.06096 0.02714467759 0.001)
(0.06858 0.02714467759 0.001)
(0.0762 0.02714467759 0.001)
(0.08382 0.02714467759 0.001)
(0.09144 0.02714467759 0.001)
(0.09906 0.02714467759 0.001)
(0.10668 0.02714467759 0.001)
(0.1143 0.02714467759 0.001)
(0.12192 0.02714467759 0.001)
(0.12954 0.02714467759 0.001)
(0.13716 0.02714467759 0.001)
(0.14478 0.02714467759 0.001)
(0.1524 0.02714467759 0.001)
(0.16002 0.02714467759 0.001)
(0.16764 0.02714467759 0.001)
(0.17526 0.02714467759 0.001)
(0.18288 0.02714467759 0.001)
(0.1905 0.02714467759 0.001)
(0.19812 0.02714467759 0.001)
(0.20574 0.02714467759 0.001)
(0.21336 0.02714467759 0.001)
(0.22098 0.02714467759 0.001)
(0.2286 0.02714467759 0.001)
(0.23622 0.02714467759 0.001)
(0.24384 0.02714467759 0.001)
(0.25146 0.02714467759 0.001)
(0.25908 0.02714467759 0.001)
(0.2667 0.02714467759 0.001)
(0.27432 0.02714467759 0.001)
(0.28194 0.02714467759 0.001)
(0.28956 0.02714467759 0.001)
(0.29718 0.02714467759 0.001)
(0.3048 0.02714467759 0.001)
(0.00762 0.03042818816 0.001)
(0.01524 0.03042818816 0.001)
(0.02286 0.03042818816 0.001)
(0.03048 0.03042818816 0.001)
(0.0381 0.03042818816 0.001)
(0.04572 0.03042818816 0.001)
(0.05334 0.03042818816 0.001)
(0.06096 0.03042818816 0.001)
(0.06858 0.03042818816 0.001)
(0.0762 0.03042818816 0.001)
(0.08382 0.03042818816 0.001)
(0.09144 0.03042818816 0.001)
(0.09906 0.03042818816 0.001)
(0.10668 0.03042818816 0.001)
(0.1143 0.03042818816 0.001)
(0.12192 0.03042818816 0.001)
(0.12954 0.03042818816 0.001)
(0.13716 0.03042818816 0.001)
(0.14478 0.03042818816 0.001)
(0.1524 0.03042818816 0.001)
(0.16002 0.03042818816 0.001)
(0.16764 0.03042818816 0.001)
(0.17526 0.03042818816 0.001)
(0.18288 0.03042818816 0.001)
(0.1905 0.03042818816 0.001)
(0.19812 0.03042818816 0.001)
(0.20574 0.03042818816 0.001)
(0.21336 0.03042818816 0.001)
(0.22098 0.03042818816 0.001)
(0.2286 0.03042818816 0.001)
(0.23622 0.03042818816 0.001)
(0.24384 0.03042818816 0.001)
(0.25146 0.03042818816 0.001)
(0.25908 0.03042818816 0.001)
(0.2667 0.03042818816 0.001)
(0.27432 0.03042818816 0.001)
(0.28194 0.03042818816 0.001)
(0.28956 0.03042818816 0.001)
(0.29718 0.03042818816 0.001)
(0.3048 0.03042818816 0.001)
(0.00762 0.0341 0.001)
(0.01524 0.0341 0.001)
(0.02286 0.0341 0.001)
(0.03048 0.0341 0.001)
(0.0381 0.0341 0.001)
(0.04572 0.0341 0.001)
(0.05334 0.0341 0.001)
(0.06096 0.0341 0.001)
(0.06858 0.0341 0.001)
(0.0762 0.0341 0.001)
(0.08382 0.0341 0.001)
(0.09144 0.0341 0.001)
(0.09906 0.0341 0.001)
(0.10668 0.0341 0.001)
(0.1143 0.0341 0.001)
(0.12192 0.0341 0.001)
(0.12954 0.0341 0.001)
(0.13716 0.0341 0.001)
(0.14478 0.0341 0.001)
(0.1524 0.0341 0.001)
(0.16002 0.0341 0.001)
(0.16764 0.0341 0.001)
(0.17526 0.0341 0.001)
(0.18288 0.0341 0.001)
(0.1905 0.0341 0.001)
(0.19812 0.0341 0.001)
(0.20574 0.0341 0.001)
(0.21336 0.0341 0.001)
(0.22098 0.0341 0.001)
(0.2286 0.0341 0.001)
(0.23622 0.0341 0.001)
(0.24384 0.0341 0.001)
(0.25146 0.0341 0.001)
(0.25908 0.0341 0.001)
(0.2667 0.0341 0.001)
(0.27432 0.0341 0.001)
(0.28194 0.0341 0.001)
(0.28956 0.0341 0.001)
(0.29718 0.0341 0.001)
(0.3048 0.0341 0.001)
)


// ************************************************************************* //
