/*--------------------------------*- C++ -*----------------------------------*\
| =========                 |                                                 |
| \\      /  F ield         | OpenFOAM: The Open Source CFD Toolbox           |
|  \\    /   O peration     | Version:  2512                                  |
|   \\  /    A nd           | Website:  www.openfoam.com                      |
|    \\/     M anipulation  |                                                 |
\*---------------------------------------------------------------------------*/
FoamFile
{
    version     2.0;
    format      ascii;
    arch        "LSB;label=32;scalar=64";
    class       volScalarField;
    location    "0.199986";
    object      alphat;
}
// * * * * * * * * * * * * * * * * * * * * * * * * * * * * * * * * * * * * * //

dimensions      [1 -1 -1 0 0 0 0];

internalField   nonuniform List<scalar> 
8800
(
0.00084317237
0.00083472557
0.00082694197
0.00082341485
0.00081951704
0.00081769941
0.00081587564
0.00081470551
0.00081397117
0.00081317429
0.00081285189
0.00081224524
0.00055872515
8.8954498e-05
0.00084317387
0.00083472344
0.0008269429
0.00082341538
0.0008195131
0.00081770654
0.00081586532
0.00081471584
0.00081396644
0.00081316085
0.00081287887
0.00081224673
0.00055474426
0.0001219069
0.00084317712
0.00083471882
0.00082694495
0.0008234164
0.00081950486
0.00081772157
0.00081584309
0.00081473992
0.0008139485
0.00081314508
0.0008130095
0.00081197646
0.00081219777
0.0003357574
0.00084318237
0.00083471138
0.00082694837
0.00082341766
0.0008194924
0.00081774466
0.0008158079
0.0008147819
0.00081390065
0.00081319638
0.0008129452
0.00081210985
0.00081212675
0.00081126788
0.00084318986
0.00083470074
0.00082695348
0.00082341865
0.00081947639
0.00081777483
0.00081576043
0.00081484217
0.00081381942
0.00081332459
0.00081268045
0.00081266933
0.00081138362
0.00081206665
0.00084319984
0.00083468658
0.00082696068
0.00082341853
0.00081945838
0.00081780946
0.00081570456
0.0008149133
0.0008137282
0.0008134379
0.00081254241
0.00081276435
0.00081148023
0.00081216028
0.00084321253
0.00083466859
0.00082697044
0.00082341606
0.00081944094
0.0008178439
0.00081564787
0.00081498193
0.00081365461
0.00081347857
0.00081260831
0.00081246138
0.00081197813
0.00081138645
0.00084322811
0.00083464656
0.00082698328
0.00082340966
0.00081942758
0.00081787153
0.00081560079
0.00081503421
0.00081360627
0.00081349186
0.00081263674
0.00081244166
0.00081186296
0.00081160875
0.00084324669
0.00083462041
0.00082699968
0.00082339762
0.00081942238
0.00081788474
0.00081557477
0.00081505786
0.00081358424
0.00081350768
0.00081258893
0.000812558
0.00081171374
0.00081171445
0.0008432683
0.00083459023
0.00082701995
0.0008233784
0.00081942909
0.00081787673
0.00081557934
0.00081504265
0.00081359853
0.00081349838
0.00081256873
0.00081258684
0.0008117107
0.00081169705
0.00084329289
0.00083455632
0.00082704409
0.00082335118
0.00081944986
0.00081784418
0.00081561799
0.00081498531
0.00081365759
0.00081343531
0.0008126264
0.00081251353
0.00081178582
0.00081162849
0.00084332029
0.00083451927
0.00082707157
0.00082331643
0.0008194838
0.00081778995
0.00081568395
0.00081489696
0.00081374876
0.00081333402
0.00081272512
0.0008124115
0.00081187081
0.00081155536
0.00084335022
0.00083447994
0.00082710125
0.00082327637
0.00081952615
0.00081772412
0.00081575936
0.00081480394
0.00081383692
0.00081324267
0.00081280073
0.00081234535
0.00081192168
0.00081151334
0.00084338234
0.00083443939
0.00082713137
0.00082323485
0.00081956873
0.00081766194
0.00081582081
0.00081473668
0.00081388686
0.00081319858
0.00081282212
0.00081233036
0.00081193247
0.00081150517
0.00084341628
0.00083439873
0.00082715985
0.00082319664
0.00081960221
0.00081761832
0.00081584977
0.00081471293
0.00081388625
0.00081320426
0.00081279942
0.00081234856
0.00081191961
0.0008115159
0.00084345173
0.00083435884
0.00082718488
0.00082316587
0.00081961974
0.00081760115
0.00081584197
0.00081472871
0.00081384932
0.00081323702
0.00081275884
0.00081237635
0.00081190167
0.00081153083
0.00084348857
0.00083431998
0.00082720568
0.00082314417
0.00081962017
0.00081760729
0.00081580907
0.00081476324
0.00081380225
0.0008132706
0.00081272216
0.00081239797
0.00081189031
0.00081154229
0.00084352698
0.00083428149
0.00082722326
0.00082312947
0.00081960929
0.00081762395
0.00081577138
0.00081479271
0.00081376674
0.00081328906
0.00081269941
0.00081240734
0.0008118895
0.00081154851
0.00084356754
0.00083424147
0.00082724065
0.00082311595
0.00081959769
0.00081763501
0.0008157471
0.00081480209
0.00081375193
0.00081328823
0.00081269196
0.00081240429
0.00081189887
0.0008115511
0.00084361119
0.00083419691
0.00082726257
0.00082309574
0.00081959642
0.0008176285
0.00081574443
0.00081478912
0.00081375564
0.00081327212
0.00081269563
0.00081239257
0.00081191531
0.00081155389
0.00084365915
0.00083414416
0.00082729417
0.00082306158
0.00081961267
0.0008176007
0.00081576116
0.0008147603
0.00081376987
0.0008132483
0.00081270372
0.0008123775
0.00081193418
0.00081156135
0.00084371257
0.00083407983
0.00082733958
0.00082300912
0.00081964789
0.00081755494
0.00081578975
0.00081472408
0.00081378688
0.00081322321
0.00081271112
0.00081236296
0.00081195225
0.0008115762
0.0008437721
0.00083400195
0.00082740033
0.00082293815
0.00081969899
0.00081749703
0.00081582419
0.00081468494
0.00081380389
0.00081319843
0.00081271695
0.00081234916
0.00081196922
0.00081159767
0.00084383736
0.00083391112
0.00082747466
0.0008228523
0.00081976084
0.00081743154
0.00081586241
0.00081464265
0.00081382256
0.00081317155
0.00081272391
0.00081233382
0.00081198669
0.00081162245
0.00084390649
0.00083381124
0.00082755729
0.00082275834
0.00081982754
0.00081736217
0.00081590365
0.0008145967
0.00081384443
0.00081314103
0.00081273379
0.00081231581
0.00081200559
0.00081164728
0.00084397589
0.00083370966
0.00082764007
0.00082266544
0.00081989216
0.00081729435
0.00081594431
0.00081455066
0.00081386691
0.00081310988
0.00081274434
0.00081229738
0.0008120242
0.00081167126
0.00084404043
0.00083361629
0.00082771331
0.00082258425
0.00081994639
0.00081723637
0.00081597751
0.00081451175
0.00081388422
0.00081308379
0.00081275159
0.00081228237
0.00081203993
0.00081169489
0.0008440941
0.00083354194
0.00082776765
0.00082252507
0.00081998228
0.00081719684
0.00081599676
0.00081448639
0.00081389217
0.00081306701
0.00081275328
0.00081227337
0.00081205157
0.00081171868
0.00084413106
0.00083349579
0.00082779656
0.00082249493
0.00081999554
0.00081718031
0.00081600004
0.00081447695
0.00081389049
0.00081306044
0.00081274986
0.00081227086
0.00081205964
0.0008117426
0.00084414698
0.00083348315
0.00082779814
0.00082249531
0.00081998757
0.00081718562
0.00081599034
0.00081448154
0.00081388219
0.0008130626
0.00081274359
0.00081227405
0.00081206568
0.00081176639
0.00084414003
0.00083350416
0.00082777537
0.00082252231
0.00081996401
0.00081720786
0.00081597297
0.00081449644
0.00081387093
0.0008130714
0.00081273686
0.00081228177
0.00081207128
0.00081178987
0.00084411127
0.00083355417
0.00082773424
0.00082256923
0.00081993114
0.0008172417
0.00081595232
0.00081451834
0.00081385943
0.00081308496
0.00081273139
0.00081229292
0.00081207752
0.00081181294
0.00084406431
0.00083362577
0.00082768119
0.0008226293
0.00081989376
0.00081728293
0.00081593097
0.00081454493
0.00081384889
0.00081310203
0.00081272751
0.00081230689
0.00081208451
0.00081183564
0.00084400447
0.00083371069
0.00082762133
0.00082269724
0.00081985398
0.00081732906
0.00081590929
0.00081457502
0.00081383915
0.0008131216
0.0008127251
0.00081232266
0.00081209202
0.00081185779
0.00084393794
0.00083380117
0.00082755841
0.00082276896
0.00081981259
0.00081737821
0.00081588686
0.00081460742
0.00081382923
0.00081314302
0.00081272276
0.00081233985
0.00081209897
0.00081187903
0.0008438713
0.00083388963
0.0008274963
0.00082283978
0.00081977112
0.00081742746
0.00081586404
0.00081464001
0.00081381875
0.0008131648
0.00081272
0.00081235702
0.0008121048
0.00081189857
0.00084381144
0.00083396774
0.00082744065
0.00082290284
0.00081973358
0.00081747152
0.000815843
0.00081466943
0.00081380878
0.00081318439
0.00081271707
0.0008123723
0.00081210935
0.00081191527
0.00084376508
0.00083402641
0.0008273987
0.00082294962
0.00081970577
0.00081750414
0.00081582747
0.00081469112
0.0008138014
0.00081319864
0.00081271484
0.00081238351
0.00081211286
0.00081192775
0.0008437375
0.00083405799
0.00082737695
0.00082297304
0.00081969276
0.00081751973
0.00081582103
0.00081470123
0.00081379858
0.00081320504
0.00081271422
0.00081238896
0.00081211571
0.00081193504
0.00084373051
0.0008340601
0.00082737747
0.00082297097
0.00081969617
0.0008175168
0.00081582447
0.00081469876
0.00081380072
0.00081320291
0.00081271534
0.00081238823
0.00081211797
0.00081193696
0.00084374073
0.00083403864
0.00082739532
0.00082294935
0.00081971167
0.00081750024
0.00081583464
0.00081468717
0.00081380598
0.00081319462
0.00081271732
0.0008123829
0.00081211941
0.00081193479
0.00084375996
0.00083400675
0.00082741999
0.00082292025
0.0008197309
0.00081747881
0.00081584637
0.00081467234
0.0008138114
0.00081318395
0.00081271871
0.00081237553
0.00081211961
0.00081193046
0.00084377787
0.00083398032
0.00082743902
0.00082289803
0.00081974421
0.00081746315
0.0008158535
0.00081466143
0.00081381379
0.00081317566
0.00081271822
0.00081236942
0.00081211844
0.0008119265
0.00084378685
0.0008339697
0.0008274452
0.00082289087
0.00081974694
0.00081745867
0.00081585371
0.00081465789
0.00081381232
0.00081317213
0.00081271582
0.00081236634
0.00081211643
0.00081192432
0.00084378562
0.00083397466
0.00082743991
0.00082289704
0.00081974129
0.00081746341
0.00081584915
0.00081466041
0.00081380849
0.00081317262
0.00081271257
0.00081236599
0.00081211426
0.00081192408
0.00084377878
0.00083398667
0.00082743004
0.0008229084
0.00081973311
0.00081747144
0.00081584354
0.00081466506
0.00081380444
0.0008131746
0.00081270955
0.00081236674
0.00081211246
0.00081192464
0.00084377309
0.00083399502
0.00082742374
0.00082291537
0.00081972868
0.00081747596
0.00081584062
0.00081466733
0.00081380208
0.00081317511
0.00081270751
0.00081236657
0.00081211112
0.00081192453
0.00084377226
0.00083399507
0.00082742414
0.00082291449
0.00081972947
0.00081747482
0.00081584096
0.00081466583
0.00081380145
0.00081317316
0.00081270624
0.0008123647
0.0008121099
0.00081192312
0.00084377496
0.00083399003
0.00082742818
0.00082290952
0.00081973256
0.00081747095
0.00081584244
0.00081466253
0.00081380123
0.00081316999
0.00081270496
0.00081236192
0.0008121084
0.0008119209
0.00084377744
0.00083398582
0.0008274314
0.00082290571
0.00081973463
0.00081746808
0.00081584306
0.00081465991
0.00081380042
0.00081316724
0.00081270332
0.00081235937
0.00081210663
0.00081191875
0.00084377745
0.0008339853
0.00082743203
0.00082290514
0.00081973482
0.00081746751
0.00081584253
0.00081465883
0.00081379903
0.00081316554
0.00081270149
0.00081235756
0.00081210487
0.00081191712
0.00084377579
0.00083398681
0.00082743146
0.00082290609
0.00081973448
0.00081746783
0.00081584183
0.00081465833
0.00081379769
0.00081316429
0.00081269984
0.00081235614
0.00081210327
0.00081191582
0.00084377456
0.00083398745
0.00082743162
0.00082290614
0.00081973488
0.00081746738
0.00081584165
0.00081465728
0.00081379669
0.00081316272
0.00081269839
0.00081235451
0.00081210184
0.00081191436
0.00084377476
0.00083398628
0.00082743297
0.00082290463
0.00081973601
0.00081746584
0.00081584187
0.00081465544
0.00081379584
0.00081316059
0.00081269697
0.00081235248
0.00081210033
0.00081191255
0.00084377592
0.00083398431
0.00082743457
0.00082290258
0.0008197371
0.00081746389
0.00081584194
0.00081465325
0.00081379483
0.00081315819
0.00081269538
0.0008123502
0.00081209863
0.00081191051
0.00084377709
0.00083398273
0.00082743563
0.00082290095
0.00081973767
0.00081746217
0.00081584161
0.00081465116
0.00081379354
0.00081315584
0.00081269363
0.00081234794
0.00081209678
0.00081190843
0.00084377779
0.00083398191
0.000827436
0.00082289998
0.0008197377
0.00081746089
0.0008158409
0.00081464934
0.00081379204
0.00081315367
0.00081269178
0.00081234581
0.00081209489
0.00081190643
0.00084377806
0.00083398158
0.00082743599
0.00082289939
0.00081973742
0.00081745987
0.00081583997
0.00081464769
0.00081379043
0.00081315166
0.0008126899
0.00081234379
0.00081209302
0.00081190452
0.00084377808
0.00083398142
0.00082743583
0.00082289895
0.000819737
0.00081745895
0.00081583891
0.00081464613
0.00081378875
0.00081314973
0.00081268802
0.00081234185
0.00081209116
0.00081190266
0.00084377802
0.0008339813
0.00082743562
0.00082289855
0.00081973648
0.00081745805
0.00081583776
0.00081464458
0.00081378704
0.00081314784
0.00081268613
0.00081233995
0.00081208931
0.00081190082
0.00084377794
0.00083398116
0.0008274354
0.00082289819
0.00081973584
0.00081745715
0.00081583651
0.00081464304
0.00081378528
0.00081314599
0.00081268425
0.00081233807
0.00081208747
0.00081189901
0.00084377784
0.00083398099
0.00082743515
0.00082289782
0.00081973514
0.00081745622
0.0008158352
0.00081464149
0.00081378351
0.00081314415
0.00081268238
0.00081233621
0.00081208565
0.00081189721
0.00084377773
0.00083398084
0.00082743484
0.0008228974
0.00081973439
0.00081745523
0.00081583384
0.0008146399
0.00081378173
0.00081314231
0.00081268053
0.00081233437
0.00081208383
0.00081189542
0.0008437776
0.00083398065
0.00082743448
0.00082289694
0.0008197336
0.00081745418
0.00081583245
0.00081463829
0.00081377995
0.00081314049
0.00081267869
0.00081233254
0.00081208204
0.00081189365
0.00084377747
0.00083398044
0.00082743409
0.00082289642
0.00081973276
0.00081745308
0.00081583101
0.00081463666
0.00081377817
0.00081313867
0.00081267686
0.00081233074
0.00081208026
0.0008118919
0.00084377731
0.00083398021
0.00082743367
0.00082289585
0.00081973187
0.00081745192
0.00081582954
0.00081463501
0.00081377639
0.00081313687
0.00081267505
0.00081232895
0.00081207849
0.00081189015
0.00084377714
0.00083397996
0.00082743323
0.00082289522
0.00081973093
0.0008174507
0.00081582804
0.00081463333
0.00081377461
0.00081313507
0.00081267325
0.00081232718
0.00081207674
0.00081188842
0.00084377694
0.00083397968
0.00082743275
0.00082289454
0.00081972993
0.00081744942
0.0008158265
0.00081463164
0.00081377283
0.00081313327
0.00081267147
0.00081232541
0.000812075
0.0008118867
0.00084377673
0.00083397937
0.00082743224
0.00082289379
0.00081972887
0.00081744809
0.00081582493
0.00081462993
0.00081377105
0.00081313149
0.00081266969
0.00081232366
0.00081207327
0.00081188499
0.00084377649
0.00083397904
0.00082743171
0.00082289298
0.00081972777
0.0008174467
0.00081582333
0.0008146282
0.00081376928
0.0008131297
0.00081266792
0.00081232191
0.00081207155
0.00081188328
0.00084377622
0.00083397868
0.00082743115
0.00082289208
0.00081972661
0.00081744524
0.0008158217
0.00081462644
0.0008137675
0.00081312792
0.00081266616
0.00081232017
0.00081206982
0.00081188158
0.00084377593
0.00083397828
0.00082743053
0.00082289113
0.00081972539
0.00081744374
0.00081582003
0.00081462467
0.00081376571
0.00081312613
0.00081266439
0.00081231843
0.0008120681
0.00081187987
0.00084377562
0.00083397784
0.00082742985
0.00082289012
0.00081972409
0.00081744218
0.00081581832
0.00081462288
0.0008137639
0.00081312434
0.00081266262
0.00081231668
0.00081206637
0.00081187816
0.00084377527
0.00083397736
0.00082742912
0.00082288905
0.00081972273
0.00081744057
0.00081581658
0.00081462107
0.00081376208
0.00081312253
0.00081266083
0.00081231492
0.00081206464
0.00081187644
0.0008437749
0.00083397684
0.00082742832
0.00082288791
0.00081972129
0.0008174389
0.00081581478
0.00081461922
0.00081376024
0.0008131207
0.00081265903
0.00081231315
0.00081206288
0.0008118747
0.0008437745
0.00083397628
0.00082742745
0.00082288669
0.00081971978
0.00081743717
0.00081581294
0.00081461734
0.00081375836
0.00081311885
0.0008126572
0.00081231135
0.0008120611
0.00081187294
0.00084377406
0.00083397566
0.00082742652
0.00082288541
0.00081971819
0.00081743537
0.00081581104
0.00081461541
0.00081375645
0.00081311696
0.00081265534
0.00081230951
0.00081205928
0.00081187114
0.00084377359
0.00083397501
0.00082742552
0.00082288404
0.00081971651
0.0008174335
0.00081580908
0.00081461343
0.00081375448
0.00081311502
0.00081265343
0.00081230763
0.00081205742
0.00081186929
0.00084377308
0.0008339743
0.00082742446
0.0008228826
0.00081971475
0.00081743155
0.00081580704
0.00081461138
0.00081375245
0.00081311302
0.00081265146
0.00081230568
0.0008120555
0.00081186739
0.00084377255
0.00083397355
0.00082742331
0.00082288105
0.00081971284
0.00081742943
0.0008158048
0.00081460912
0.00081375019
0.00081311079
0.00081264925
0.0008123035
0.00081205333
0.00081186524
7.8325467e-06
3.4187394e-05
5.1165885e-05
5.240521e-05
4.902207e-05
4.603926e-05
4.6959277e-05
4.8678851e-05
5.0787824e-05
5.1863264e-05
5.2360367e-05
5.2439366e-05
5.2287624e-05
5.2060454e-05
5.1773139e-05
5.1436459e-05
5.1088003e-05
5.0735986e-05
5.03822e-05
5.0032831e-05
4.9691065e-05
4.9355206e-05
4.9035813e-05
4.8727174e-05
4.8424505e-05
4.8128183e-05
4.7838542e-05
4.7557804e-05
4.7287921e-05
4.7022963e-05
4.6763656e-05
4.6508401e-05
4.6261463e-05
4.6019711e-05
4.5783318e-05
4.5550323e-05
4.5322286e-05
4.5099745e-05
4.4880404e-05
4.4664844e-05
4.4453218e-05
4.4245707e-05
4.4040596e-05
4.3838561e-05
4.3640119e-05
4.3444589e-05
4.3251262e-05
4.3060864e-05
4.2873194e-05
4.2687666e-05
4.2504434e-05
4.2323493e-05
4.2144458e-05
4.1967716e-05
4.1792558e-05
4.1619372e-05
4.1448164e-05
4.1278263e-05
4.111018e-05
4.094381e-05
4.077869e-05
4.061525e-05
4.0453021e-05
4.0292442e-05
4.013279e-05
3.9974976e-05
3.98179e-05
3.9662396e-05
3.9507796e-05
3.9354579e-05
3.9202125e-05
3.9051203e-05
3.8900781e-05
3.8751997e-05
3.8603531e-05
3.8456758e-05
3.8310102e-05
3.8165287e-05
3.8020347e-05
3.7877416e-05
3.7734093e-05
3.7592979e-05
3.7451153e-05
3.7311844e-05
3.7171461e-05
3.7033857e-05
3.6894856e-05
3.6758937e-05
3.6621127e-05
3.6486949e-05
3.6350029e-05
3.6217717e-05
3.6082024e-05
3.5944958e-05
3.5835458e-05
3.5618206e-05
3.644188e-05
3.3243743e-05
5.579263e-05
7.36487e-05
0.0001039744
0.00014344178
0.00019231476
0.00023328925
0.00026617169
0.00028870705
0.00030667564
0.00031972165
0.00032941208
0.00033650908
0.00034140846
0.00034457283
0.0003469415
0.00034870061
0.00034989637
0.00035071746
0.00035122301
0.00035144786
0.00035162348
0.0003516456
0.00035146432
0.00035112523
0.00035065967
0.00035013141
0.0003495824
0.00034890926
0.00034815805
0.00034731659
0.00034647822
0.00034558275
0.00034465158
0.0003436588
0.00034264762
0.00034163003
0.00034056854
0.00033948843
0.0003383964
0.00033729925
0.00033617069
0.00033503342
0.00033389873
0.00033275561
0.00033159716
0.00033044129
0.0003292852
0.00032812151
0.00032695712
0.0003257935
0.00032462667
0.00032346528
0.00032229878
0.00032113675
0.0003199798
0.000318818
0.00031766318
0.00031651285
0.00031536129
0.00031421701
0.00031307312
0.00031193755
0.00031079974
0.00030967493
0.00030854584
0.00030742729
0.00030630897
0.00030519889
0.00030408861
0.00030298976
0.0003018874
0.00030079916
0.00029970558
0.00029862763
0.00029754247
0.00029647548
0.00029539863
0.0002943428
0.00029327406
0.00029222954
0.00029116835
0.00029013582
0.0002890824
0.00028806123
0.00028701574
0.00028600623
0.00028496705
0.00028397081
0.00028293472
0.00028195666
0.00028091872
0.00027992989
0.00027905135
0.00027745453
6.5647376e-05
3.4981264e-05
3.8800855e-05
3.6610147e-05
4.6667482e-05
5.9755534e-05
9.2329896e-05
0.00012920217
0.00018484499
0.00024311064
0.00031458735
0.00037486049
0.0004177563
0.00044892045
0.00047359505
0.00049329966
0.00050989495
0.00052332006
0.00053432333
0.00054362703
0.0005514474
0.00055807287
0.00056405572
0.00056909849
0.00057329993
0.00057685125
0.00057983571
0.0005824227
0.00058468151
0.00058641492
0.0005878059
0.00058883432
0.0005897045
0.00059027
0.0005906283
0.00059072576
0.00059067564
0.00059049105
0.00059010367
0.00058959662
0.00058897457
0.00058825694
0.00058739501
0.00058645369
0.00058545275
0.00058437025
0.00058320105
0.00058198813
0.00058072513
0.0005794007
0.00057803369
0.00057662894
0.00057518109
0.0005737111
0.00057219688
0.000570664
0.00056911329
0.00056752477
0.00056592831
0.00056431739
0.00056268154
0.00056104151
0.00055938238
0.00055772333
0.00055604137
0.0005543723
0.00055267674
0.0005509905
0.00054929004
0.00054759453
0.00054588561
0.00054419009
0.00054247459
0.00054077992
0.00053906204
0.00053736937
0.0005356503
0.00053396303
0.00053224409
0.00053056422
0.00052884645
0.00052717566
0.00052545922
0.0005238002
0.00052208669
0.00052043914
0.00051873002
0.00051709545
0.00051538825
0.00051377132
0.00051205938
0.00051047494
0.00050873676
0.00050717043
0.00050562667
0.00050306148
0.00071646409
0.00021773704
8.4574476e-05
6.2361986e-05
5.4796613e-05
4.4937176e-05
4.3343202e-05
4.9406813e-05
6.8150088e-05
0.00010094666
0.0001521366
0.0002278454
0.00031198621
0.00037845039
0.00043931435
0.00049598095
0.00054432963
0.00057960479
0.00060942594
0.00063518709
0.00065799301
0.00067796714
0.00069625766
0.00071222227
0.00072625175
0.00073872589
0.00074980764
0.00075986493
0.00076900173
0.00077690306
0.00078396759
0.00079014054
0.00079579239
0.00080067518
0.00080502089
0.00080871015
0.00081196766
0.00081481187
0.00081714564
0.00081914308
0.00082079184
0.00082214527
0.00082312672
0.00082386573
0.00082439328
0.00082467824
0.00082472154
0.00082460331
0.00082431706
0.000823848
0.00082323325
0.00082248629
0.00082160187
0.00082062088
0.00081950545
0.00081830755
0.00081702999
0.00081563834
0.00081419189
0.00081267933
0.00081108376
0.00080944623
0.00080774024
0.00080600368
0.0008041945
0.00080238241
0.00080049325
0.0007985972
0.00079665028
0.00079469015
0.00079268299
0.00079068089
0.0007886208
0.00078658199
0.00078448057
0.00078241045
0.00078027304
0.00077818117
0.00077601298
0.00077390563
0.00077171117
0.00076959378
0.00076737555
0.00076525513
0.00076301802
0.00076089595
0.00075864439
0.0007565251
0.00075425634
0.00075215037
0.00074985266
0.0007477937
0.00074541504
0.00074343138
0.00074124011
0.00073785525
0.00079926547
0.00072365743
0.00055302229
0.00033631309
0.00018260204
0.00012524217
9.0071378e-05
6.8704191e-05
5.5861095e-05
5.2327117e-05
6.0960987e-05
8.4664175e-05
0.00013887383
0.00020982927
0.00029544623
0.0003639827
0.0004332211
0.00049996349
0.00056242496
0.00061793956
0.00066922042
0.00071546434
0.00075808818
0.00079032351
0.00081925675
0.00084550436
0.00086937764
0.0008913034
0.00091141764
0.00092937394
0.00094575463
0.00096049221
0.00097417524
0.0009864163
0.00099762961
0.0010075851
0.001016687
0.0010249376
0.0010322222
0.001038838
0.0010447286
0.0010500083
0.0010545684
0.0010586281
0.0010622229
0.0010653154
0.001067922
0.0010701693
0.0010720537
0.001073558
0.0010747439
0.0010756398
0.0010762427
0.0010766186
0.0010767123
0.0010766133
0.0010763252
0.0010757983
0.001075132
0.0010743085
0.0010733046
0.0010721893
0.0010709217
0.001069565
0.0010680534
0.0010665024
0.0010647919
0.0010630395
0.0010611741
0.0010592588
0.0010572399
0.0010552039
0.0010530482
0.0010509049
0.0010486363
0.0010463988
0.0010440299
0.0010417178
0.0010392608
0.0010368877
0.0010343532
0.001031931
0.001029326
0.0010268687
0.0010242035
0.0010217159
0.001019
0.0010164916
0.0010137227
0.001011213
0.0010083728
0.0010059234
0.0010029153
0.0010006219
0.00099775752
0.00099362983
0.0008098739
0.00079758757
0.00075762743
0.0006574525
0.00049047031
0.00039056923
0.00027660209
0.00020586216
0.00015239855
0.00011382675
8.5375887e-05
7.0858739e-05
6.7834626e-05
8.3646877e-05
0.00012880175
0.00019481177
0.00028406902
0.00035167646
0.00042232118
0.0004948678
0.00056663585
0.00063397215
0.00069959199
0.00076065003
0.00081668108
0.0008680848
0.00091568302
0.00095966172
0.00099739996
0.0010292592
0.0010587243
0.0010856718
0.0011109699
0.0011338932
0.0011550603
0.0011743151
0.0011921414
0.0012085165
0.0012233246
0.0012370126
0.0012494518
0.0012608484
0.0012710491
0.0012803929
0.0012889066
0.0012965488
0.0013033624
0.0013095306
0.0013150545
0.0013199128
0.0013242003
0.001327968
0.001331216
0.0013340394
0.0013363662
0.0013383352
0.0013399474
0.0013411396
0.0013420622
0.0013426881
0.001342989
0.0013430702
0.0013428734
0.0013424939
0.0013418386
0.0013410799
0.0013400412
0.0013389019
0.0013375558
0.0013361
0.0013344558
0.001332754
0.0013308428
0.0013289215
0.0013267846
0.0013246688
0.0013223307
0.0013200549
0.0013175382
0.001315127
0.0013124517
0.0013099268
0.001307107
0.0013044927
0.0013015473
0.001298854
0.0012957998
0.0012930446
0.0012898809
0.0012870959
0.0012837965
0.0012810813
0.0012774904
0.0012750333
0.0012715003
0.0012667588
0.00081183061
0.00080896451
0.00080164332
0.00078048499
0.00072238204
0.00066249274
0.00055755502
0.00047436827
0.00038128717
0.00032130521
0.00023739195
0.00018435823
0.00013101357
0.00010020562
8.2719212e-05
8.9051505e-05
0.00012125257
0.00018447417
0.00026704034
0.00034570483
0.00041527729
0.00048913613
0.00056742352
0.00064420197
0.00071930898
0.00079219311
0.0008616583
0.00092731944
0.00098921596
0.0010464183
0.0010994891
0.0011485519
0.0011948268
0.0012329129
0.0012672674
0.0012989688
0.001328621
0.0013560766
0.0013812359
0.0014046116
0.0014262272
0.0014462048
0.0014643783
0.0014812493
0.0014968102
0.0015110138
0.0015239443
0.0015358539
0.0015467439
0.0015565839
0.0015655161
0.0015736203
0.0015808978
0.0015874767
0.0015932706
0.00159848
0.0016030965
0.0016070472
0.0016105461
0.0016135514
0.0016160324
0.0016181396
0.0016197944
0.00162113
0.0016220245
0.0016227175
0.0016229654
0.0016230251
0.001622747
0.0016222702
0.0016214877
0.0016205836
0.0016193472
0.001618061
0.0016164368
0.00161481
0.0016128392
0.001610927
0.001608647
0.0016064895
0.0016039336
0.0016015663
0.001598759
0.0015962204
0.0015931924
0.0015905013
0.0015872798
0.0015844642
0.0015810514
0.00157816
0.0015745211
0.0015717016
0.0015676069
0.0015651672
0.0015609959
0.0015558167
0.000811215
0.00081122031
0.00080917196
0.00080494165
0.00079333222
0.00077422338
0.00073252166
0.00069297883
0.00062075936
0.00057127975
0.00048062634
0.00041998593
0.00033531993
0.00026071846
0.00018329363
0.00013463732
0.00010405846
9.8225499e-05
0.00011908253
0.0001741794
0.00025215016
0.00034969897
0.00041645811
0.00049071277
0.00057173211
0.00065453255
0.00073631661
0.00081860383
0.0008994502
0.00097748123
0.0010522224
0.0011229546
0.0011902709
0.0012526872
0.0013108963
0.0013648216
0.0014155634
0.0014593869
0.0014977859
0.0015336987
0.0015672808
0.0015984903
0.0016272082
0.0016540507
0.0016789931
0.0017020352
0.0017232325
0.0017429535
0.0017611785
0.0017778631
0.00179322
0.0018073583
0.0018202752
0.0018321365
0.0018428448
0.0018526747
0.0018615978
0.0018695385
0.0018767872
0.0018832795
0.0018889862
0.001894113
0.0018985569
0.0019024949
0.0019057765
0.0019087171
0.0019109965
0.0019129657
0.0019144225
0.0019155574
0.0019162312
0.0019166906
0.0019166572
0.0019165118
0.0019158695
0.0019151832
0.0019139959
0.0019128507
0.0019111757
0.0019096327
0.0019075212
0.0019056345
0.0019031253
0.0019009518
0.0018980917
0.0018956617
0.0018924918
0.0018898482
0.0018863753
0.0018835881
0.0018797681
0.0018770446
0.0018725591
0.0018703544
0.0018656011
0.0018602088
0.00081106277
0.00081118073
0.00081016089
0.0008098129
0.00080661307
0.00080207699
0.00079180814
0.00077804483
0.00074832901
0.0007232346
0.00067627191
0.00062987914
0.00057553172
0.00049313602
0.00042538984
0.00032822363
0.0002407135
0.00017321409
0.00012999799
0.00011146509
0.00012165155
0.00016812781
0.00024209924
0.00033823059
0.00042473688
0.00049877656
0.00058031491
0.00066819096
0.00075621766
0.0008463693
0.00093674746
0.0010250539
0.0011113056
0.0011945469
0.0012743974
0.0013498866
0.001421714
0.0014889005
0.0015512876
0.0016095867
0.0016644297
0.0017105526
0.0017524707
0.0017919276
0.0018287962
0.0018631077
0.0018949438
0.0019247762
0.001952452
0.0019781037
0.0020018935
0.0020239883
0.002044375
0.0020632641
0.0020805497
0.0020965925
0.0021113282
0.0021246897
0.0021370575
0.002148331
0.0021584893
0.0021678043
0.0021761425
0.0021837307
0.0021903917
0.0021965237
0.0022017206
0.0022064461
0.0022104343
0.0022139368
0.0022167802
0.0022192813
0.0022210862
0.00222269
0.0022235957
0.0022243944
0.002224495
0.0022246045
0.0022239827
0.0022234912
0.0022222213
0.0022212069
0.0022193468
0.00221789
0.002215507
0.0022136538
0.002210807
0.0022086194
0.0022053227
0.0022028969
0.0021990969
0.0021967116
0.0021919858
0.0021902744
0.0021850238
0.0021796957
0.00081107617
0.00081108725
0.00081019662
0.00081017984
0.00080896197
0.00080829417
0.00080523772
0.00080113116
0.00079364955
0.00078288714
0.00076716213
0.00074119656
0.00071795954
0.0006727321
0.00063492027
0.00055986244
0.00049161671
0.00038780118
0.00029490419
0.00021426784
0.00016018352
0.0001286562
0.00012896935
0.00016373155
0.00023457911
0.00032909127
0.00044080293
0.00051433383
0.00059676109
0.00068747452
0.00078127937
0.00087698591
0.00097572034
0.0010734995
0.0011707772
0.0012655029
0.0013573562
0.0014456288
0.0015300314
0.0016099959
0.0016858339
0.0017566777
0.0018223882
0.0018842884
0.0019396634
0.0019877706
0.0020327515
0.0020751637
0.0021146353
0.0021515313
0.0021860036
0.002218136
0.0022480221
0.0022759171
0.0023016546
0.0023257149
0.0023479753
0.0023683922
0.0023874512
0.002404994
0.0024210199
0.0024358772
0.0024493936
0.0024618518
0.002473052
0.0024834794
0.0024926333
0.0025011105
0.0025085683
0.0025153302
0.0025211866
0.0025265322
0.0025309297
0.0025350047
0.0025381328
0.0025410644
0.0025430557
0.0025450015
0.0025459704
0.0025470529
0.0025471024
0.0025474297
0.0025466424
0.0025463244
0.0025447936
0.0025438963
0.0025417038
0.0025403134
0.002537483
0.0025357279
0.0025321971
0.0025304397
0.002525667
0.0025247523
0.0025191209
0.0025141937
0.0008111542
0.00081095144
0.00081030397
0.00080999206
0.00080934872
0.00080886709
0.00080808501
0.0008067417
0.00080483399
0.00080088571
0.0007961019
0.00078714227
0.00077750384
0.00075860984
0.00074149182
0.00070746921
0.00067512109
0.00060727103
0.00054217232
0.00044306714
0.00034575063
0.00025725601
0.00019125561
0.0001496513
0.00013922706
0.00016186055
0.00023151699
0.00032556729
0.00044155778
0.00053567746
0.00061988657
0.00071246621
0.00081198281
0.00091217602
0.0010188362
0.001125908
0.0012333039
0.0013392422
0.0014430659
0.0015433795
0.001639863
0.0017326692
0.0018206686
0.001904323
0.0019828693
0.0020562107
0.0021247097
0.0021879442
0.0022416469
0.0022922157
0.0023397553
0.0023842124
0.0024258239
0.0024648922
0.0025011595
0.0025352004
0.0025669269
0.0025962378
0.0026237662
0.0026492641
0.0026727703
0.0026947182
0.0027148841
0.0027336154
0.0027506934
0.002766692
0.0027810085
0.0027943944
0.0028064144
0.0028174761
0.0028273328
0.0028364623
0.0028443381
0.0028517324
0.0028578777
0.0028637053
0.0028683003
0.0028727691
0.0028759663
0.002879241
0.0028811787
0.0028834041
0.0028841959
0.0028855177
0.0028852888
0.0028857983
0.0028846586
0.0028844719
0.0028824585
0.0028817422
0.0028787849
0.0028779982
0.0028734209
0.0028736578
0.0028677974
0.002863676
0.0008112336
0.00081082714
0.0008104004
0.0008098433
0.00080945896
0.00080878558
0.00080847936
0.00080756334
0.00080712055
0.00080551905
0.000804235
0.00080111729
0.00079728336
0.00079118064
0.00078396245
0.00077091144
0.00075741202
0.00073079194
0.00070259956
0.00065037542
0.00057600125
0.00049822926
0.00039272729
0.00029997631
0.000223402
0.00017411547
0.00015210577
0.0001669676
0.00022962431
0.00032509122
0.00044475379
0.00056349087
0.00064995211
0.00074459539
0.00084887792
0.00095513239
0.0010683813
0.0011840438
0.0013012202
0.0014179756
0.0015328773
0.0016453893
0.0017543385
0.0018592261
0.0019596057
0.0020557861
0.0021466777
0.0022329067
0.0023129292
0.0023881188
0.0024572378
0.0025164073
0.0025721225
0.0026246829
0.0026737185
0.0027199339
0.0027632301
0.0028035032
0.0028414276
0.0028767666
0.0029095791
0.0029403648
0.0029688453
0.0029954438
0.0030199268
0.0030429547
0.0030638171
0.0030834425
0.0031012844
0.0031178476
0.0031328487
0.0031468517
0.0031592366
0.0031709373
0.0031810279
0.0031906428
0.0031986768
0.0032064728
0.0032126478
0.0032188404
0.003223337
0.0032281151
0.0032310849
0.0032346367
0.0032362438
0.003238692
0.00323908
0.0032405769
0.0032398004
0.0032405577
0.0032385407
0.0032391279
0.003235044
0.0032368456
0.0032309488
0.0032281153
0.00081126969
0.00081076458
0.00081042646
0.00080979002
0.00080946388
0.00080875726
0.00080846875
0.00080767423
0.00080735555
0.00080640185
0.00080587102
0.00080453466
0.00080335707
0.00080086959
0.00079836691
0.00079349054
0.0007878737
0.00077918643
0.00076743337
0.00074999777
0.00071960371
0.00068123459
0.00060997049
0.0005429354
0.00043783722
0.00034244538
0.00025934748
0.00019923273
0.00016778939
0.00017523765
0.00023024556
0.00032926512
0.00045293471
0.00059193201
0.00068685111
0.00078476747
0.00089289898
0.0010052454
0.001124684
0.0012490242
0.0013750127
0.0015026124
0.0016292108
0.0017535942
0.0018747673
0.0019924374
0.0021052391
0.0022136279
0.002317079
0.0024154417
0.0025083488
0.0025949032
0.0026761415
0.0027495639
0.0028137241
0.0028744658
0.0029315941
0.0029850392
0.0030355231
0.0030827704
0.0031269272
0.0031684598
0.0032071001
0.0032433766
0.0032769863
0.0033086921
0.0033376707
0.0033650511
0.0033901529
0.0034135932
0.0034350529
0.0034551816
0.003473265
0.0034904116
0.0035055224
0.0035199574
0.0035324015
0.0035444592
0.0035544865
0.0035644426
0.003572283
0.0035803782
0.0035862294
0.003592702
0.0035967739
0.0036017841
0.0036042613
0.0036080048
0.0036089634
0.0036117046
0.0036110661
0.0036134983
0.0036102703
0.0036141151
0.0036084213
0.0036074453
0.00081126369
0.0008107527
0.00081040366
0.00080979099
0.00080942013
0.00080877545
0.00080840198
0.00080771675
0.00080729916
0.00080655286
0.00080605893
0.00080521433
0.000804551
0.00080342692
0.0008022643
0.00080055402
0.00079812146
0.00079517455
0.00079012848
0.00078389493
0.00077429173
0.00076046375
0.00073400646
0.00070415276
0.00064133235
0.00057977132
0.00048110691
0.00037999256
0.00029515988
0.00022442572
0.00018538409
0.00018561602
0.00023488711
0.00033764043
0.00046731472
0.00061400342
0.00072922287
0.00083163899
0.00094399976
0.0010631604
0.0011876366
0.0013210608
0.0014565089
0.0015949698
0.0017331704
0.0018699703
0.0020037138
0.0021337823
0.0022595346
0.0023805236
0.0024962196
0.0026070405
0.0027120763
0.0028112738
0.0029035518
0.0029907055
0.0030664336
0.0031353995
0.003200768
0.0032621532
0.003319848
0.0033742522
0.0034251002
0.0034730802
0.003517661
0.0035599231
0.003598781
0.0036356254
0.0036696121
0.00370149
0.0037309039
0.0037585861
0.0037837286
0.0038076266
0.0038289928
0.0038494358
0.0038674109
0.0038848088
0.0038997013
0.0039143998
0.0039264963
0.0039387957
0.0039483484
0.0039585449
0.0039658176
0.0039741159
0.0039793414
0.0039859884
0.0039892691
0.0039945896
0.0039958487
0.0040006741
0.0039987379
0.0040051783
0.0039999809
0.0040015313
0.00081123604
0.00081076494
0.00081036311
0.00080981166
0.00080936866
0.00080880331
0.00080833815
0.00080775081
0.00080722717
0.00080660187
0.0008060069
0.00080535552
0.00080466414
0.0008039713
0.00080308185
0.00080225822
0.00080097113
0.00079970935
0.00079770118
0.00079522147
0.00079171028
0.00078634584
0.00077817564
0.00076727312
0.00074607785
0.00072107279
0.00066817488
0.00060794281
0.00051929766
0.00041293499
0.00032893921
0.00024927673
0.00020376426
0.00019763239
0.00024474478
0.00034894613
0.00048656003
0.00064207431
0.0007780688
0.00088600495
0.0010027297
0.0011289402
0.001259243
0.0014017618
0.0015468729
0.0016965315
0.0018467372
0.0019959344
0.0021426971
0.0022857502
0.0024241686
0.0025581329
0.0026864141
0.0028095474
0.0029268591
0.0030384885
0.0031429905
0.0032406764
0.0033315743
0.0034094463
0.00348303
0.0035525904
0.00361787
0.0036797302
0.0037373791
0.0037922427
0.0038429505
0.0038911539
0.0039358121
0.0039779064
0.0040169614
0.0040538104
0.0040875561
0.0041196893
0.00414872
0.0041765276
0.0042013178
0.0042252925
0.0042462155
0.0042667825
0.0042841882
0.0043017157
0.0043159201
0.0043307694
0.0043420984
0.0043545264
0.0043632688
0.0043735815
0.0043798717
0.0043884629
0.0043922308
0.0044000838
0.0043999595
0.0044096307
0.0044052857
0.0044101431
0.00081120704
0.00081077914
0.00081032612
0.00080982927
0.00080932683
0.00080882261
0.00080829048
0.00080777063
0.00080717573
0.00080662322
0.00080595596
0.00080538401
0.00080464025
0.00080404947
0.00080321065
0.00080257147
0.00080160092
0.00080081701
0.0007996116
0.00079848591
0.00079672466
0.00079487962
0.00079167552
0.00078776931
0.00078061694
0.00077170989
0.00075564048
0.00073323698
0.00069099671
0.00062749662
0.00055127452
0.00044423423
0.00035861025
0.00027404496
0.00022158728
0.00021114357
0.00025730906
0.00036461358
0.00051209946
0.00067723202
0.00083495706
0.00094848072
0.0010701432
0.0012034934
0.001340278
0.0014921455
0.0016475823
0.0018086923
0.0019712861
0.002133317
0.0022931849
0.0024495581
0.002601174
0.0027479693
0.0028892994
0.0030248329
0.0031548178
0.0032784165
0.003395713
0.0035049366
0.0036078384
0.0036979646
0.0037800483
0.0038581279
0.0039311119
0.0040008069
0.0040655057
0.0041271701
0.0041845072
0.0042388227
0.0042893059
0.0043371762
0.0043812628
0.004423304
0.0044615936
0.0044983043
0.0045313704
0.0045633304
0.0045916156
0.004619339
0.0046432623
0.0046671923
0.0046871428
0.0047077139
0.0047240877
0.0047416159
0.0047547666
0.0047696256
0.0047797253
0.0047923866
0.0047993782
0.0048109908
0.0048132942
0.0048269238
0.0048238592
0.0048329302
0.00081118663
0.00081078646
0.00081030124
0.00080983699
0.00080930074
0.00080882896
0.00080826214
0.00080777447
0.00080714707
0.00080662521
0.00080592929
0.0008053831
0.00080461881
0.00080405048
0.00080320981
0.0008026166
0.00080168275
0.00080105673
0.00079997902
0.0007992997
0.00079794961
0.00079714616
0.00079524939
0.00079404634
0.0007908387
0.00078830623
0.00078204791
0.000774283
0.00076203346
0.00074176622
0.00070651081
0.00064660495
0.00057644713
0.00047376537
0.0003843198
0.0002968021
0.00023883224
0.00022557418
0.00027306735
0.000385312
0.00054505115
0.00072076285
0.00089930618
0.0010191447
0.0011465204
0.001287294
0.0014318949
0.0015933717
0.0017595656
0.0019325702
0.0021079192
0.0022832143
0.0024566737
0.0026265941
0.0027919628
0.0029518541
0.0031064729
0.0032550107
0.0033973351
0.0035336625
0.0036632278
0.0037847225
0.0038983737
0.0040027051
0.0040934303
0.0041803537
0.0042613499
0.004338764
0.0044109752
0.004479668
0.0045436505
0.0046045832
0.0046608907
0.0047147558
0.00476406
0.0048114221
0.0048544139
0.0048959527
0.0049331118
0.0049694554
0.0050012739
0.0050329468
0.0050598964
0.0050874125
0.0051099672
0.0051337095
0.0051522967
0.0051727144
0.0051875498
0.0052052016
0.0052162485
0.0052324617
0.0052379176
0.0052563362
0.0052550634
0.0052693956
0.00081117817
0.00081078561
0.00081029034
0.00080983506
0.00080929081
0.00080882399
0.00080825191
0.00080776515
0.00080713825
0.0008066125
0.00080592384
0.00080536637
0.00080461735
0.00080402933
0.00080321397
0.00080259526
0.0008017053
0.00080105617
0.00080007694
0.00079939003
0.00079829624
0.00079753432
0.0007962846
0.0007953264
0.00079382819
0.00079227389
0.00079027631
0.00078701946
0.00078317924
0.00077572223
0.00076546561
0.0007477111
0.00071719091
0.00066369644
0.00059760542
0.00049908958
0.00040645327
0.00031751036
0.00025500332
0.00024084812
0.00029217759
0.00041241081
0.00058590122
0.00077344379
0.00097127998
0.0010981668
0.0012324085
0.0013809648
0.001534166
0.0017059937
0.0018834994
0.0020690645
0.0022578345
0.0024469951
0.0026347011
0.0028185528
0.002997987
0.0031717921
0.0033394605
0.0035014613
0.0036566885
0.0038057263
0.0039474169
0.0040819246
0.0042066463
0.0043252392
0.0044249702
0.0045205896
0.0046100399
0.0046954529
0.0047751967
0.0048514055
0.0049220649
0.0049898416
0.0050521287
0.0051121418
0.0051668021
0.0052197622
0.005267499
0.0053141164
0.0053553908
0.0053963276
0.005431702
0.0054675565
0.0054975902
0.0055288192
0.0055540222
0.0055811579
0.0056017957
0.0056254933
0.0056415579
0.0056633346
0.0056727913
0.0056969432
0.0056980695
0.005718868
0.00081118084
0.00081077918
0.00081029195
0.00080982669
0.00080929462
0.00080881167
0.00080825677
0.00080774733
0.00080714596
0.00080658972
0.00080593681
0.00080533733
0.00080463724
0.00080399154
0.00080324375
0.00080254497
0.0008017515
0.0008009895
0.00080015692
0.00079931191
0.00079845408
0.00079748767
0.0007966279
0.0007954666
0.00079463165
0.00079313212
0.00079228998
0.00079019352
0.00078901043
0.00078563646
0.00078305653
0.00077613674
0.00076714339
0.00075169605
0.00072523638
0.00067814805
0.00061414033
0.00052050956
0.00042534806
0.0003355988
0.00027004254
0.00025692759
0.0003152121
0.00044678373
0.00063536707
0.00083604969
0.0010486765
0.0011856149
0.001327826
0.0014850799
0.0016475319
0.0018306813
0.0020207081
0.0022196782
0.0024226488
0.0026262308
0.0028286312
0.0030272203
0.0032207984
0.0034088976
0.003590372
0.0037659249
0.0039343211
0.0040963838
0.0042505098
0.0043983759
0.004534724
0.004664602
0.0047760941
0.0048807365
0.0049786774
0.0050725647
0.0051599016
0.0052438698
0.0053213294
0.0053961424
0.0054645145
0.0055309765
0.005591047
0.0056498896
0.0057023322
0.0057542703
0.0057996822
0.0058454539
0.0058844415
0.0059246045
0.0059577685
0.0059929442
0.0060206064
0.0060515554
0.0060737456
0.0061021846
0.0061166294
0.0061475845
0.0061518277
0.0061804725
0.00081119129
0.00081077263
0.00081030162
0.00080981852
0.00080930668
0.00080879999
0.00080826969
0.00080773061
0.00080716116
0.00080656886
0.0008059562
0.00080531182
0.00080466168
0.00080396026
0.00080327422
0.00080250693
0.00080178917
0.00080094436
0.00080020207
0.00079926389
0.00079850782
0.00079745544
0.00079669757
0.00079550544
0.00079475118
0.00079339268
0.00079261591
0.00079105936
0.00079015186
0.00078828982
0.00078691675
0.00078438986
0.00078138332
0.00077625397
0.00076787333
0.00075424483
0.00073090436
0.00068953763
0.00062718065
0.00053748961
0.00044131293
0.00035060516
0.00028384815
0.00027410841
0.00034292276
0.00048950025
0.0006940218
0.00090901773
0.0011362118
0.0012825355
0.0014335329
0.0016003105
0.0017738046
0.0019689852
0.0021725591
0.002385731
0.0026035588
0.0028224508
0.003039916
0.0032537869
0.0034621917
0.0036649651
0.0038606414
0.0040500562
0.0042318952
0.0044074194
0.004574607
0.0047350218
0.0048836114
0.0050248369
0.0051483784
0.0052625142
0.0053690327
0.0054716639
0.0055666844
0.0056586513
0.005742987
0.0058251736
0.0058996791
0.0059728967
0.006038325
0.006103324
0.0061604594
0.0062180017
0.0062675843
0.0063183316
0.0063609826
0.0064056996
0.0064417787
0.0064813513
0.0065109361
0.0065472869
0.0065678634
0.0066068291
0.0066150335
0.006653098
0.00081120523
0.00081077235
0.00081031437
0.00080981796
0.00080932082
0.00080879776
0.00080828324
0.00080772584
0.00080717474
0.00080656322
0.00080597076
0.00080530614
0.00080467663
0.00080395541
0.00080328849
0.00080250465
0.00080180011
0.00080094811
0.00080020526
0.00079927991
0.0007984964
0.00079749524
0.00079666487
0.00079558975
0.00079469735
0.00079355808
0.00079257237
0.0007913873
0.00079025198
0.00078903453
0.00078763596
0.00078634469
0.00078442984
0.00078269486
0.00077937369
0.0007756773
0.00076772864
0.00075552389
0.00073463724
0.00069731909
0.00063747749
0.00055031637
0.00045415654
0.00036241249
0.00029664814
0.0002929393
0.00037667247
0.0005409679
0.0007633605
0.00099353521
0.0012365612
0.0013899399
0.0015507892
0.0017276146
0.001913733
0.0021218432
0.0023400127
0.0025684792
0.0028018745
0.0030369443
0.0032701721
0.0034999682
0.0037236731
0.0039415948
0.0041518005
0.004355492
0.0045513216
0.0047405892
0.0049208005
0.0050941798
0.0052552151
0.0054083364
0.0055436245
0.00566756
0.005782714
0.0058943849
0.0059971402
0.0060974852
0.0061887395
0.0062786353
0.0063591907
0.0064395124
0.0065102275
0.0065817221
0.0066435466
0.0067068819
0.0067606439
0.0068166578
0.0068627109
0.0069124732
0.0069508985
0.0069965913
0.0070245909
0.0070729684
0.0070860621
0.0071353626
0.00081122156
0.00081078217
0.00081032948
0.00080982952
0.00080933725
0.00080881016
0.00080829862
0.00080773868
0.0008071893
0.00080657864
0.00080598529
0.00080532562
0.00080469032
0.0008039804
0.00080330016
0.00080253742
0.00080180833
0.0008009915
0.0008002081
0.00079933726
0.00079849161
0.00079756938
0.00079665068
0.00079568369
0.00079467595
0.0007936754
0.00079255659
0.00079153673
0.00079027944
0.00078925269
0.00078782268
0.0007867844
0.0007851286
0.0007840165
0.00078196105
0.0007804589
0.00077736446
0.00077412331
0.00076716283
0.00075577414
0.00073670668
0.00070202698
0.00064510849
0.00055951869
0.00046365653
0.00037130952
0.0003088108
0.00031428865
0.00041799445
0.00060252113
0.00084486941
0.0010910989
0.0013447185
0.0015079907
0.0016800591
0.0018676572
0.002068072
0.0022903086
0.0025243159
0.002769254
0.0030191476
0.0032712947
0.0035209103
0.0037673461
0.004006848
0.0042402718
0.0044654457
0.0046841277
0.0048940503
0.0050976006
0.0052910447
0.0054779458
0.0056515925
0.0058170244
0.0059634534
0.0060975532
0.0062213744
0.0063425141
0.0064530399
0.0065621354
0.0066601917
0.0067582307
0.0068446915
0.0069325499
0.0070084782
0.0070867168
0.0071532236
0.0072226798
0.0072803001
0.0073421557
0.0073909512
0.0074477042
0.0074845114
0.0075439601
0.0075629423
0.0076255754
0.00081124431
0.00081080282
0.00081035466
0.00080985574
0.00080936741
0.00080884121
0.00080833171
0.00080777417
0.00080722592
0.0008066207
0.00080602687
0.00080537537
0.00080473679
0.00080403882
0.00080335153
0.00080260525
0.00080186482
0.00080106925
0.00080027036
0.00079942487
0.00079856112
0.0007976659
0.00079673016
0.00079578599
0.00079477069
0.00079377806
0.00079267643
0.00079163394
0.00079044169
0.0007893445
0.0007880596
0.00078689572
0.00078551651
0.00078425541
0.00078277551
0.00078132611
0.00077967175
0.00077772791
0.0007754613
0.00077174981
0.0007663718
0.00075530942
0.00073742015
0.00070486087
0.00064995335
0.00056590754
0.00046948921
0.00037783369
0.00032112509
0.00033936255
0.00046861634
0.00067630077
0.00093911888
0.0012025749
0.0014633467
0.0016374603
0.001822104
0.0020215526
0.0022381329
0.0024756799
0.0027269674
0.0029894878
0.0032568445
0.0035270793
0.003793818
0.0040572236
0.0043130554
0.0045629094
0.0048034947
0.00503778
0.0052620375
0.0054804001
0.0056874698
0.0058884129
0.0060745159
0.0062526094
0.0064095834
0.0065543354
0.0066868513
0.0068178788
0.0069360241
0.0070544022
0.0071590395
0.0072657589
0.0073579645
0.0074537026
0.0075347925
0.0076201513
0.0076909845
0.0077672159
0.0078279316
0.0078978303
0.0079448974
0.0080173874
0.0080433122
0.0081216961
0.00081127975
0.00081083538
0.00081040311
0.000809903
0.00080943183
0.00080890249
0.00080841052
0.00080784886
0.0008073202
0.00080671061
0.00080613851
0.0008054811
0.00080486666
0.00080416015
0.00080350081
0.00080274186
0.00080203507
0.00080122045
0.00080046369
0.00079958945
0.00079878036
0.00079784193
0.00079697907
0.00079597065
0.00079505388
0.00079396778
0.0007929988
0.00079182557
0.00079080912
0.00078953566
0.00078847973
0.00078708636
0.00078600611
0.00078446352
0.00078337925
0.00078164417
0.00078057012
0.00077856203
0.00077745422
0.00077494042
0.00077338712
0.00076934859
0.00076512198
0.00075432369
0.00073712064
0.00070632982
0.00065238879
0.00057005429
0.00047200882
0.00038246884
0.00033474283
0.00036975822
0.0005306406
0.0007635187
0.0010471796
0.0013301584
0.0015940945
0.0017797731
0.0019782494
0.0021904587
0.0024253311
0.0026792816
0.0029494154
0.0032307996
0.0035165382
0.0038054465
0.0040903692
0.0043718807
0.004644709
0.0049116477
0.0051679338
0.0054183351
0.0056573731
0.0058910818
0.0061118112
0.0063272781
0.0065256801
0.0067169827
0.0068839145
0.0070397975
0.0071808222
0.0073223815
0.0074478463
0.0075761609
0.0076871242
0.0078029771
0.0079008198
0.0080048882
0.0080907279
0.0081839597
0.0082582514
0.0083437402
0.0084025369
0.0084904214
0.0085243638
0.0086212919
0.00081133002
0.00081088228
0.00081048375
0.00080998039
0.00080954623
0.00080900997
0.00080855778
0.00080798597
0.00080750204
0.00080687917
0.00080635739
0.00080568173
0.00080512409
0.00080439298
0.0008037983
0.00080300683
0.0008023743
0.00080151717
0.00080084649
0.00079991709
0.00079920851
0.0007981994
0.0007974542
0.00079635673
0.00079557731
0.00079438111
0.00079357199
0.00079226413
0.00079143206
0.00078999753
0.00078915201
0.00078757258
0.00078672616
0.00078498059
0.0007841492
0.00078221153
0.00078141298
0.00077925116
0.00077848956
0.00077605809
0.00077528985
0.0007724022
0.00077129675
0.00076707777
0.00076360334
0.00075306617
0.00073610485
0.00070681472
0.00065309067
0.00057209209
0.00047182855
0.00038579182
0.0003509856
0.00040747051
0.00060546208
0.00086750565
0.0011705974
0.0014748002
0.0017379937
0.0019359886
0.0021498665
0.0023758261
0.0026311125
0.0029028806
0.0031927023
0.0034946807
0.0038006569
0.004109467
0.0044132785
0.0047135635
0.0050037724
0.0052883523
0.0055607174
0.0058276878
0.0060816095
0.0063313645
0.0065658845
0.0067965852
0.0070072297
0.0072122984
0.0073881652
0.0075559501
0.007705102
0.0078579775
0.0079904044
0.0081292381
0.008246291
0.0083719502
0.008474882
0.0085881449
0.0086777636
0.008781646
0.0088537844
0.0089597255
0.0090028946
0.0091214911
0.00081138967
0.000810944
0.00081059096
0.00081008994
0.00080970532
0.00080916816
0.00080876874
0.00080819321
0.00080776734
0.00080713818
0.0008066802
0.00080599444
0.00080550656
0.00080476068
0.00080424251
0.00080343062
0.00080288202
0.00080199794
0.00080141908
0.00080045589
0.00079984725
0.00079879689
0.00079816008
0.00079701324
0.00079635095
0.00079509693
0.00079441301
0.00079303988
0.00079233944
0.00079083376
0.00079012338
0.00078847018
0.00078775801
0.00078594088
0.00078523649
0.00078323776
0.00078255151
0.00078035202
0.00077969546
0.00077727063
0.00077664848
0.00077396943
0.00077333898
0.00077027021
0.00076934842
0.00076511768
0.00076199294
0.00075174491
0.00073464184
0.00070660639
0.00065248652
0.0005705904
0.00046940401
0.00038916498
0.00037133317
0.00046324563
0.00069441626
0.00098859417
0.0013108303
0.001638422
0.0018964646
0.0021079724
0.0023382418
0.0025796701
0.0028556849
0.0031497136
0.0034609841
0.0037846848
0.0041115783
0.0044410665
0.0047643512
0.0050841086
0.0053919217
0.0056945661
0.0059832451
0.0062677487
0.0065368508
0.006803534
0.0070520006
0.0072985911
0.0075210001
0.0077406554
0.0079242152
0.0081048323
0.0082616438
0.0084265696
0.0085655824
0.0087158498
0.0088382723
0.0089747859
0.0090817147
0.0092072224
0.0092944219
0.0094214353
0.0094752147
0.0096189339
0.00081144978
0.00081101565
0.00081070851
0.00081022067
0.00080988557
0.0008093602
0.00080901288
0.00080844833
0.00080807883
0.00080746059
0.0008070634
0.00080638783
0.00080596492
0.00080522821
0.00080477908
0.00080397551
0.00080349987
0.00080262337
0.00080212116
0.00080116446
0.00080063608
0.00079959134
0.00079903768
0.00079789629
0.00079731861
0.00079607101
0.00079547128
0.00079410714
0.00079348809
0.00079199619
0.00079136119
0.0007897295
0.00078908262
0.00078729852
0.00078664435
0.00078469482
0.00078403826
0.00078191012
0.00078125597
0.00077893666
0.0007782873
0.00077576173
0.00077512084
0.00077236643
0.00077169388
0.00076862456
0.00076765087
0.00076356728
0.00076041834
0.00075048951
0.0007328977
0.00070562121
0.00065020194
0.0005665132
0.00046701472
0.00039356753
0.00039915908
0.00053554237
0.0008007273
0.0011288922
0.0014701103
0.0018224056
0.0020708421
0.0022976579
0.0025441059
0.0028080406
0.0031041323
0.0034220551
0.0037555025
0.0041021506
0.0044508692
0.0048019676
0.0051448341
0.0054848121
0.0058107699
0.0061326904
0.0064380297
0.0067410355
0.0070254257
0.0073097817
0.007572
0.0078354931
0.0080689153
0.0083043248
0.0084940712
0.0086884317
0.0088523746
0.0090305304
0.0091751203
0.0093382701
0.0094647673
0.0096154402
0.0097196123
0.0098711253
0.0099370834
0.01010972
0.00081150363
0.00081108971
0.00081082031
0.00081035575
0.00081006134
0.00080955979
0.00080925468
0.00080871523
0.00080839093
0.00080780018
0.0008074512
0.00080680532
0.00080643308
0.00080572855
0.0008053324
0.00080456369
0.00080414301
0.00080330433
0.00080285868
0.00080194348
0.00080147233
0.00080047351
0.00079997669
0.00079888658
0.00079836409
0.0007971743
0.00079662641
0.0007953281
0.00079475542
0.00079333916
0.00079274249
0.0007911984
0.00079057876
0.00078889675
0.00078825519
0.00078642509
0.00078576247
0.00078377451
0.00078309111
0.00078093645
0.00078023144
0.00077790238
0.00077717204
0.00077466374
0.00077389981
0.00077119779
0.00077036609
0.00076742035
0.00076624111
0.00076239746
0.00075894882
0.00074928489
0.00073083466
0.00070392568
0.00064681362
0.00056085517
0.00046366199
0.00040216825
0.00043687786
0.00062733742
0.0009270257
0.0012897312
0.0016512969
0.00202732
0.0022634008
0.002507752
0.0027696222
0.0030598926
0.0033768044
0.0037208266
0.004077702
0.0044484556
0.0048195122
0.0051939038
0.0055572475
0.0059187889
0.0062631734
0.0066052745
0.0069271871
0.0072495506
0.0075491512
0.0078524452
0.0081279587
0.0084097978
0.0086533254
0.008905421
0.0090997089
0.0093092815
0.0094790216
0.0096723215
0.0098209582
0.010000554
0.01012387
0.010303724
0.010383624
0.010589397
0.00081154863
0.00081115996
0.00081091736
0.00081048207
0.0008102165
0.00080974604
0.00080947042
0.00080896462
0.00080867174
0.00080811854
0.00080780298
0.00080719856
0.00080686128
0.00080620246
0.00080584261
0.00080512443
0.00080474103
0.00080395832
0.00080355042
0.00080269732
0.00080226383
0.00080133406
0.00080087403
0.00079986079
0.00079937328
0.00079826923
0.00079775334
0.00079655075
0.00079600572
0.00079469643
0.00079412144
0.00079269693
0.00079209114
0.00079054272
0.00078990517
0.0007882241
0.00078755345
0.00078573129
0.00078502566
0.00078305465
0.00078231115
0.00078018485
0.00077939875
0.00077711288
0.00077627682
0.00077383097
0.00077292748
0.00077031343
0.00076931576
0.0007664852
0.0007651308
0.00076140928
0.00075770481
0.00074778831
0.00072898523
0.00069959818
0.00064006592
0.00055169678
0.0004592846
0.0004173881
0.00048789415
0.00074118108
0.0010772451
0.0014715999
0.0018574669
0.0022257928
0.0024719344
0.0027374533
0.0030163019
0.0033361321
0.0036754282
0.0040466817
0.0044294944
0.0048271197
0.0052214409
0.0056204311
0.0060044117
0.0063882198
0.0067508227
0.0071141665
0.0074526149
0.0077958648
0.0081103563
0.0084342396
0.0087223451
0.0090236795
0.0092763159
0.0095447431
0.0097428416
0.0099700388
0.010143647
0.010356192
0.010501098
0.010713326
0.010809173
0.011053007
0.00081158528
0.00081122334
0.0008109975
0.00081059311
0.00081034578
0.00080990856
0.00080965116
0.00080918158
0.00080890809
0.00080839547
0.00080810062
0.00080754129
0.00080722566
0.00080661683
0.00080627946
0.00080561673
0.00080525645
0.00080453526
0.00080415087
0.00080336604
0.00080295617
0.0008021021
0.00080166542
0.00080073608
0.00080027118
0.00079926002
0.00079876548
0.00079766557
0.00079714
0.00079594394
0.00079538588
0.00079408585
0.00079349383
0.00079208164
0.00079145411
0.00078992126
0.00078925654
0.00078759432
0.0007868906
0.00078509021
0.00078434541
0.00078239813
0.00078160989
0.00077950714
0.00077867286
0.00077640634
0.00077552367
0.00077308252
0.00077214747
0.00076951145
0.00076851363
0.00076558923
0.00076433373
0.00076034641
0.00075670739
0.0007453636
0.00072626188
0.00069367227
0.00063092415
0.00054047878
0.00045611211
0.00044205406
0.00056338115
0.00087760213
0.001256188
0.0016735481
0.0020879451
0.0024379131
0.0027003005
0.0029883982
0.0032868
0.0036366798
0.004005515
0.004406018
0.0048153639
0.0052410902
0.0056588015
0.0060829736
0.0064876647
0.0068951213
0.0072759234
0.0076623006
0.0080169305
0.0083827724
0.0087113875
0.0090573403
0.0093572751
0.0096793993
0.009939853
0.01022385
0.010425508
0.010675254
0.010844483
0.011093382
0.011207444
0.011494763
0.00081161544
0.00081127906
0.0008110625
0.00081068766
0.00081045058
0.00081004524
0.00080979764
0.0008093628
0.00080909976
0.00080862601
0.00080834251
0.00080782635
0.00080752266
0.00080696169
0.00080663679
0.00080602708
0.00080567985
0.00080501736
0.00080464654
0.00080392667
0.00080353082
0.00080274857
0.0008023263
0.00080147623
0.00080102609
0.00080010223
0.00079962275
0.00079861871
0.00079810852
0.00079701735
0.00079647507
0.00079528921
0.0007947136
0.0007934249
0.00079281489
0.00079141441
0.0007907692
0.00078924717
0.00078856647
0.00078691205
0.00078619629
0.00078439723
0.00078364819
0.00078169019
0.00078091186
0.00077877742
0.00077797781
0.00077564411
0.00077483757
0.0007722719
0.0007714832
0.00076863551
0.00076787788
0.00076460801
0.0007637219
0.00075913261
0.00075558205
0.00074249267
0.00072320018
0.00068713654
0.00062011945
0.00052898411
0.00045707091
0.00048048205
0.00067568459
0.0010376297
0.0014603407
0.0019003767
0.0023440097
0.0026699126
0.0029516847
0.0032621826
0.0035917395
0.003969332
0.0043689346
0.0048000048
0.0052362381
0.0056912266
0.0061332715
0.0065843055
0.0070097337
0.0074428848
0.00784124
0.0082522716
0.0086221734
0.009012482
0.0093544127
0.0097249647
0.01003502
0.010379193
0.010647256
0.010949901
0.011146473
0.011436588
0.011571429
0.011908141
0.00081164077
0.00081132784
0.0008111153
0.00081076724
0.00081053482
0.00081015842
0.00080991474
0.00080951131
0.00080925242
0.00080881378
0.00080853494
0.00080805775
0.00080775896
0.00080724102
0.00080692143
0.00080635931
0.00080601772
0.00080540783
0.00080504305
0.00080438126
0.00080399194
0.00080327374
0.00080285858
0.00080207905
0.00080163673
0.0008007904
0.00080031965
0.00079940059
0.00079890029
0.00079790193
0.00079737109
0.00079628613
0.00079572406
0.00079454436
0.00079395077
0.00079266712
0.00079204233
0.00079064421
0.0007899895
0.00078846465
0.00078778272
0.00078611655
0.00078541231
0.00078358698
0.00078286866
0.00078086177
0.00078014264
0.00077792526
0.00077722603
0.00077475992
0.00077411153
0.00077134629
0.00077079252
0.0007676531
0.00076722656
0.00076354292
0.00076307512
0.00075772687
0.00075436158
0.0007393152
0.00072008652
0.0006797954
0.00060728223
0.00051896503
0.00046715376
0.00053855116
0.00081923802
0.0012258766
0.0016904724
0.002157049
0.0026270815
0.0029262849
0.0032305168
0.003562625
0.0039271503
0.0043341016
0.0047653633
0.0052305609
0.0056954067
0.0061814878
0.0066480591
0.0071281935
0.0075730983
0.0080335699
0.0084485469
0.0088865209
0.0092706893
0.0096888382
0.010041931
0.010439799
0.010759123
0.011126191
0.011398768
0.011734717
0.011893409
0.012285835
0.00081166254
0.00081137088
0.00081115839
0.00081083443
0.00081060246
0.00081025209
0.00081000786
0.00080963261
0.00080937297
0.00080896577
0.00080868631
0.00080824395
0.00080794446
0.00080746505
0.0008071446
0.00080662509
0.00080628253
0.00080571973
0.00080535389
0.00080474416
0.00080435373
0.00080369305
0.00080327679
0.00080256077
0.00080211743
0.00080134119
0.00080086961
0.00080002778
0.00079952698
0.00079861362
0.00079808281
0.0007970912
0.00079652992
0.00079545253
0.0007948608
0.00079368896
0.00079306749
0.00079179116
0.00079114165
0.000789749
0.00078907461
0.00078755144
0.00078685744
0.00078518641
0.00078448107
0.00078264062
0.00078193648
0.00077989935
0.00077921503
0.00077694622
0.00077630877
0.00077376268
0.00077321156
0.00077032694
0.00076991789
0.0007666001
0.00076638531
0.00076242068
0.00076221617
0.00075621105
0.00075296723
0.00073574489
0.0007166324
0.00067121707
0.00059285551
0.00051177175
0.00049180182
0.00062453655
0.00099446311
0.0014496059
0.0019480905
0.0024465455
0.0028902391
0.0032047407
0.0035339214
0.0038915069
0.0042923107
0.0047373496
0.0052004723
0.0057022326
0.0061961565
0.006715559
0.0072047059
0.0077161423
0.0081797545
0.0086701926
0.0091005237
0.0095693088
0.0099649365
0.010414661
0.010777319
0.011203318
0.011538111
0.011923554
0.012165011
0.012619683
0.00081168159
0.00081140895
0.00081119347
0.0008108916
0.00081065649
0.00081033012
0.00081008145
0.00080973216
0.00080946743
0.00080908927
0.0008088043
0.00080839426
0.00080808854
0.00080764495
0.00080731748
0.00080683772
0.00080648727
0.00080596859
0.0008055939
0.00080503319
0.00080463283
0.00080402665
0.00080359924
0.00080294388
0.00080248802
0.00080177936
0.00080129368
0.00080052723
0.00080001049
0.00079918133
0.0007986324
0.000797735
0.00079715297
0.00079618121
0.00079556547
0.00079451237
0.00079386273
0.00079272035
0.00079203722
0.00079079636
0.00079008099
0.0007887309
0.00078798569
0.00078651363
0.00078574257
0.00078413331
0.00078334251
0.00078157764
0.00078077611
0.00077883316
0.0007780338
0.00077588499
0.00077510615
0.00077271667
0.00077198441
0.00076930907
0.00076865765
0.00076562632
0.00076505875
0.00076151905
0.00076067078
0.00075522935
0.00075029922
0.00073316361
0.00071028498
0.00065921722
0.00057703306
0.00050892702
0.00053561141
0.00076358288
0.0011998226
0.0017098537
0.0022323087
0.0027660909
0.0031703416
0.0035101849
0.0038645197
0.0042615544
0.004693593
0.0051820571
0.0056772633
0.0062175403
0.0067388696
0.0072952946
0.0078063558
0.0083519806
0.0088327688
0.0093571589
0.0097991417
0.010303358
0.010708209
0.011191306
0.011571679
0.012016803
0.012349618
0.012885267
0.00081169756
0.00081144295
0.00081122162
0.00081094073
0.00081069924
0.00081039578
0.0008101391
0.00080981471
0.00080954081
0.00080919052
0.00080889541
0.0008085165
0.00080819932
0.00080779038
0.00080744997
0.00080700885
0.00080664373
0.00080616821
0.00080577688
0.00080526442
0.00080484517
0.00080429306
0.00080384413
0.00080324948
0.00080276902
0.00080212869
0.00080161478
0.00080092546
0.00080037615
0.00079963432
0.00079904758
0.00079824943
0.00079762319
0.00079676472
0.00079609682
0.0007951737
0.00079446191
0.00079346955
0.00079271153
0.00079164501
0.00079083822
0.00078969241
0.00078883404
0.0007876036
0.00078669033
0.00078537001
0.00078439767
0.00078298267
0.00078194561
0.00078043235
0.0007793223
0.00077770995
0.0007765139
0.00077480725
0.0007735034
0.0007717188
0.00077026777
0.00076844519
0.00076676714
0.0007649849
0.00076286473
0.00076124247
0.00075788718
0.0007552668
0.00074596752
0.00072976363
0.00070227804
0.00064450929
0.00056315149
0.00051871833
0.00060742034
0.00095010106
0.0014386931
0.0020013729
0.0025513381
0.0031194387
0.0034788429
0.0038486247
0.0042261053
0.0046720409
0.0051340551
0.0056678692
0.0061967267
0.0067807461
0.0073284959
0.007925071
0.0084562733
0.0090397675
0.0095331866
0.010097245
0.010548038
0.011090723
0.011510517
0.012021092
0.012407875
0.013034449
0.00081171032
0.00081147283
0.00081124366
0.00081098261
0.00081073253
0.00081045083
0.00081018376
0.00080988307
0.00080959725
0.00080927355
0.00080896516
0.00080861602
0.00080828383
0.00080790816
0.00080755074
0.00080714684
0.00080676243
0.00080632861
0.00080591534
0.00080544972
0.00080500549
0.00080450609
0.00080402863
0.00080349345
0.0008029803
0.00080240726
0.00080185574
0.0008012428
0.00080065003
0.00079999521
0.00079935797
0.00079865936
0.0007979741
0.00079723
0.00079649269
0.00079570166
0.0007949076
0.00079406867
0.00079321234
0.00079232522
0.00079139989
0.0007904653
0.00078946262
0.00078848285
0.00078739208
0.00078637177
0.00078517876
0.00078412618
0.00078281171
0.00078174066
0.00078027789
0.00077921091
0.00077756128
0.00077653473
0.00077464136
0.0007737138
0.00077149073
0.00077075654
0.00076807155
0.00076768025
0.0007643271
0.00076449198
0.00076011523
0.00076103875
0.00075472207
0.00075503924
0.00074079658
0.00072594036
0.00069294753
0.00062759534
0.00055588569
0.00054895545
0.00071389859
0.0011795714
0.0017212972
0.0023271403
0.0029084071
0.0034564474
0.0038152686
0.0042195333
0.0046213936
0.0051193387
0.0056204732
0.0062031928
0.0067644679
0.0073959422
0.0079679768
0.0086079621
0.0091546486
0.0097831605
0.010285444
0.010893289
0.011354602
0.011934872
0.012359626
0.013080167
0.0008117202
0.00081149781
0.00081126069
0.00081101708
0.00081075832
0.0008104958
0.00081021832
0.0008099385
0.00080964074
0.00080934042
0.00080901874
0.00080869579
0.0008083486
0.00080800218
0.00080762781
0.00080725663
0.00080685305
0.00080645586
0.00080602088
0.00080559637
0.0008051275
0.00080467432
0.00080416886
0.00080368574
0.00080314068
0.00080262643
0.00080203845
0.00080149207
0.00080085751
0.00080027827
0.00079959295
0.00079898044
0.00079823963
0.00079759395
0.00079679218
0.00079611408
0.00079524488
0.00079453605
0.00079359169
0.00079285505
0.00079182609
0.00079106631
0.00078994098
0.00078916515
0.00078792855
0.00078714709
0.00078577997
0.00078500805
0.00078348512
0.00078274457
0.00078103203
0.00078035419
0.00077840632
0.00077783603
0.00077559031
0.00077519144
0.00077256212
0.0007724247
0.00076929495
0.00076954315
0.00076575693
0.00076654963
0.00076191021
0.00076343208
0.00075763164
0.00076001161
0.00075204315
0.00075341439
0.00073581849
0.00072118707
0.00068182661
0.00061048255
0.00055538919
0.00060574704
0.00089621272
0.0014461157
0.0020458654
0.0026879437
0.0033010991
0.0037997031
0.004182182
0.0046250275
0.0050672658
0.0056138318
0.0061551481
0.0067914758
0.0073821023
0.0080651381
0.0086580018
0.009349829
0.0099065547
0.010585128
0.011094338
0.011748928
0.012210212
0.013027066
0.00081172786
0.00081151665
0.000811274
0.00081104336
0.00081077863
0.00081053033
0.00081024562
0.00080998111
0.00080967505
0.00080939177
0.00080906093
0.00080875701
0.00080839957
0.00080807428
0.00080768843
0.00080734074
0.0008069243
0.00080655323
0.00080610386
0.00080570839
0.00080522343
0.00080480258
0.00080427913
0.00080383203
0.00080326687
0.00080279279
0.00080218235
0.00080168081
0.00080102115
0.00080049197
0.00079977863
0.00079922205
0.00079844998
0.00079786681
0.00079703022
0.00079642196
0.00079551411
0.0007948832
0.00079389615
0.00079324628
0.00079217053
0.000791507
0.00079033105
0.00078966124
0.00078837102
0.00078770509
0.00078628312
0.00078563481
0.00078405928
0.00078344698
0.00078169043
0.00078113848
0.00077916635
0.00077870651
0.00077647557
0.00077614839
0.00077360537
0.00077346105
0.00077054234
0.00077063991
0.0007672736
0.00076767681
0.0007637864
0.00076455224
0.00076006883
0.00076120038
0.00075609661
0.00075730539
0.00075088409
0.00074897738
0.00073293147
0.00071353557
0.00066707572
0.0005961139
0.0005710206
0.00070332605
0.0011390322
0.00175911
0.0024087078
0.0030897976
0.0037340554
0.0041806416
0.0045880806
0.0050706564
0.0055591443
0.0061601065
0.0067366623
0.0074357829
0.0080537718
0.0087968175
0.0094027759
0.010152815
0.010714998
0.011448977
0.011952056
0.012870909
0.00081173393
0.00081152843
0.00081128473
0.00081106082
0.00081079517
0.0008105541
0.00081026799
0.00081001095
0.00080970317
0.00080942809
0.00080909553
0.0008088006
0.0008084414
0.00080812586
0.00080773822
0.00080740107
0.00080698288
0.00080662315
0.00080617216
0.00080578886
0.00080530252
0.00080489466
0.00080437024
0.00080393693
0.00080337139
0.00080291183
0.00080230188
0.00080181546
0.00080115753
0.00080064386
0.000799934
0.00079939298
0.00079862683
0.00079805875
0.00079723145
0.00079663705
0.00079574316
0.00079512377
0.00079415713
0.00079351478
0.00079246838
0.00079180595
0.00079067179
0.00078999318
0.00078876206
0.00078807234
0.00078673374
0.00078603923
0.00078458123
0.00078388951
0.00078229879
0.00078161846
0.00077988073
0.00077922064
0.00077732171
0.00077668929
0.00077461732
0.00077401524
0.00077176469
0.00077118568
0.00076876454
0.0007681815
0.0007656236
0.00076497287
0.00076236264
0.00076150766
0.00075900581
0.00075767423
0.00075554832
0.00075304698
0.00075068991
0.00074314415
0.00072943936
0.00070425938
0.00064932163
0.00059199338
0.00061508348
0.00087076347
0.0014326883
0.002121711
0.0028121483
0.0035377097
0.004133641
0.0045967051
0.0050304985
0.0055636344
0.0060917411
0.0067680877
0.0073753143
0.0081440133
0.0087803949
0.009592186
0.010204837
0.011020402
0.011569999
0.012599819
0.00081173872
0.00081153323
0.00081129351
0.00081106985
0.00081080893
0.00081056785
0.00081028678
0.00081002912
0.0008097269
0.00080945083
0.00080912477
0.00080882848
0.00080847682
0.00080815935
0.00080778046
0.00080744068
0.00080703266
0.00080666942
0.00080623031
0.00080584238
0.00080536999
0.00080495611
0.00080444811
0.00080400702
0.00080346093
0.00080299136
0.00080240454
0.00080190529
0.00080127501
0.00080074491
0.00080006826
0.00079950624
0.00079878018
0.00079818524
0.00079740662
0.00079677784
0.00079594337
0.00079527992
0.00079438624
0.0007936873
0.00079273103
0.00079199575
0.0007909736
0.00079020096
0.00078910993
0.00078829846
0.00078713613
0.00078628353
0.00078504862
0.00078415103
0.00078284423
0.00078189514
0.00078052048
0.00077950895
0.00077807597
0.00077698386
0.00077551095
0.00077430866
0.00077282894
0.0007714677
0.00077003687
0.0007684393
0.00076714834
0.00076519241
0.00076418419
0.00076168484
0.00076117763
0.00075785353
0.00075817093
0.00075359779
0.0007551278
0.00074832746
0.00075065362
0.00073598949
0.00072536734
0.00069356597
0.00063267776
0.00060127908
0.00070092819
0.001124137
0.0017727366
0.0025366907
0.0032540136
0.0040315978
0.0045434912
0.0050525869
0.0055101594
0.0061254856
0.0066788355
0.0074369071
0.0080687848
0.0089183505
0.0095654972
0.01045634
0.011049724
0.012198201
0.00081174214
0.00081153278
0.00081130032
0.00081107254
0.00081082
0.00081057408
0.00081030219
0.00081003858
0.00080974654
0.00080946355
0.00080914912
0.00080884486
0.00080850643
0.00080817971
0.00080781587
0.00080746532
0.0008070745
0.00080669869
0.00080627925
0.00080587665
0.00080542684
0.00080499579
0.00080451379
0.00080405256
0.00080353651
0.00080304325
0.00080249125
0.00080196407
0.00080137426
0.00080081114
0.00080018171
0.00079958051
0.00079890974
0.00079826818
0.00079755451
0.00079687007
0.00079611221
0.00079538207
0.0007945791
0.00079380001
0.00079295153
0.00079211963
0.00079122604
0.00079033656
0.00078939936
0.00078844629
0.00078746856
0.00078644404
0.00078543117
0.00078432462
0.00078328525
0.00078208226
0.00078102968
0.00077971027
0.00077866442
0.00077720061
0.00077619091
0.00077454331
0.00077361235
0.00077172591
0.00077093519
0.00076873204
0.0007681688
0.00076554081
0.00076532446
0.00076212689
0.00076241645
0.00075846003
0.00075945774
0.00075450519
0.00075645952
0.00075019943
0.00075331818
0.00074506073
0.00074778941
0.00073168203
0.0007173859
0.00067878467
0.00062276792
0.00063612028
0.00084180734
0.0014555232
0.0021641532
0.0029995227
0.0037424453
0.0045551014
0.0049940262
0.0055605048
0.0060321618
0.0067413183
0.0073226526
0.0081726131
0.008822031
0.0097678349
0.010388798
0.011654015
0.00081174389
0.0008115295
0.00081130488
0.00081107168
0.00081082809
0.00081057599
0.00081031389
0.00081004296
0.00080976171
0.00080947037
0.00080916807
0.00080885439
0.0008085296
0.00080819219
0.00080784369
0.000807481
0.00080710743
0.00080671782
0.00080631782
0.00080589951
0.00080547164
0.00080502271
0.00080456551
0.0008040839
0.00080359594
0.00080307943
0.00080255929
0.00080200553
0.00080145194
0.00080085841
0.00080027018
0.00079963415
0.00079901033
0.00079832883
0.00079766873
0.00079693846
0.00079624177
0.00079545903
0.00079472595
0.00079388648
0.00079311787
0.00079221673
0.00079141434
0.00079044562
0.00078961239
0.00078856893
0.00078770933
0.0007865823
0.00078570277
0.00078448126
0.0007835908
0.00078226106
0.00078137203
0.0007799166
0.00077904563
0.00077744234
0.00077661127
0.00077483225
0.00077406891
0.00077207977
0.00077141876
0.00076917817
0.00076866092
0.00076612148
0.00076579398
0.00076290554
0.00076281227
0.00075953448
0.0007596998
0.00075603085
0.00075641097
0.00075243503
0.00075281912
0.00074882385
0.00074860133
0.00074476955
0.00074087973
0.00072847836
0.00070849007
0.00066224883
0.00062989741
0.00071220175
0.0010696695
0.0018477921
0.0026125557
0.0035184031
0.0042788125
0.0050268468
0.0054764983
0.0061179763
0.0066148027
0.0074202262
0.0080277319
0.0089917666
0.0096081781
0.010968945
0.00081174395
0.00081152651
0.00081130709
0.00081107072
0.00081083305
0.00081057737
0.00081032165
0.00081004647
0.0008097721
0.00080947595
0.00080918127
0.00080886228
0.00080854593
0.0008082026
0.00080786341
0.00080749414
0.00080713086
0.00080673394
0.00080634528
0.00080591888
0.00080550352
0.00080504566
0.00080460224
0.00080411081
0.00080363799
0.00080311073
0.00080260724
0.00080204174
0.00080150638
0.00080090011
0.00080033179
0.00079968203
0.00079907986
0.00079838367
0.00079774696
0.0007970012
0.00079632951
0.0007955308
0.00079482402
0.00079396866
0.00079322709
0.00079231103
0.00079153546
0.00079055422
0.00078974598
0.00078869462
0.00078785578
0.00078672876
0.00078586217
0.00078465323
0.00078376261
0.00078246481
0.00078155472
0.0007801605
0.00077923618
0.00077773764
0.00077680462
0.00077519399
0.00077425733
0.00077252856
0.0007715902
0.00076974289
0.00076879585
0.00076684018
0.00076586333
0.00076383047
0.00076277384
0.00076073139
0.00075949705
0.00075757028
0.00075598977
0.00075440397
0.00075217952
0.00075130016
0.00074796519
0.00074826453
0.00074307544
0.00074455525
0.00073324571
0.00072461488
0.00069862178
0.00065033432
0.00065662078
0.00084581658
0.0014111026
0.0023074958
0.0031156202
0.0040876222
0.0048645585
0.005551682
0.0060090726
0.0067314759
0.0072585366
0.0081902743
0.0087596425
0.010168157
0.00081174285
0.00081152557
0.00081130754
0.00081107159
0.00081083554
0.00081058035
0.0008103262
0.00081005142
0.00080977852
0.0008094828
0.00080918964
0.00080887124
0.00080855643
0.00080821386
0.00080787619
0.00080750793
0.00080714607
0.00080675049
0.00080636311
0.00080593847
0.00080552416
0.00080506862
0.0008046259
0.00080413753
0.00080366492
0.00080314168
0.00080263767
0.00080207747
0.00080154059
0.00080094126
0.00080037004
0.00079972938
0.0007991224
0.00079843814
0.00079779407
0.00079706391
0.00079638144
0.00079560307
0.00079488101
0.00079405209
0.0007932893
0.00079240755
0.00079160293
0.00079066621
0.00078981864
0.00078882496
0.00078793319
0.00078688103
0.00078594349
0.00078483192
0.00078384649
0.00078267555
0.00078163912
0.0007804104
0.00077931816
0.00077803569
0.00077687995
0.00077555157
0.00077432002
0.00077295927
0.0007716327
0.0007702612
0.00076881085
0.00076746403
0.000765844
0.00076457756
0.00076271776
0.0007616159
0.00075941267
0.00075860084
0.00075590128
0.00075555366
0.0007521509
0.00075249133
0.0007481343
0.00074942948
0.0007438385
0.00074628925
0.00073903586
0.00074177613
0.00072859486
0.0007169733
0.00068527549
0.00065226004
0.0007188139
0.0011137232
0.0018288085
0.002830479
0.003668725
0.0047195593
0.005431189
0.0061308524
0.006585073
0.0074363046
0.0079232007
0.0093034085
0.00081174144
0.0008115266
0.00081130724
0.00081107422
0.00081083673
0.00081058487
0.0008103289
0.00081005774
0.00080978252
0.00080949086
0.00080919495
0.0008088812
0.00080856315
0.00080822592
0.0008078844
0.00080752227
0.00080715586
0.00080676734
0.00080637455
0.00080595809
0.00080553736
0.0008050913
0.00080464098
0.00080416364
0.00080368201
0.00080317164
0.00080265693
0.00080211178
0.00080156216
0.00080098049
0.00080039409
0.0007997742
0.00079914907
0.00079848933
0.00079782349
0.00079712237
0.00079641373
0.00079566987
0.00079491624
0.00079412848
0.00079332749
0.000792495
0.00079164407
0.0007907664
0.00078986263
0.00078893993
0.00078797991
0.00078701309
0.00078599278
0.0007849838
0.00078389814
0.00078285041
0.00078169296
0.0007806118
0.00077937418
0.00077826745
0.00077693856
0.00077581757
0.00077438256
0.00077326316
0.00077170207
0.00077060623
0.00076889207
0.00076784935
0.00076594699
0.00076499617
0.00076286077
0.00076205104
0.00075962787
0.00075901537
0.00075624585
0.00075588787
0.00075273204
0.00075265078
0.00074910708
0.00074925934
0.00074540356
0.00074565075
0.00074169061
0.00074157748
0.00073784881
0.00073530574
0.00072510213
0.00070885386
0.00067199227
0.00068488431
0.00084889789
0.0014984533
0.0023085263
0.0034271622
0.0042659869
0.0054312765
0.0059670474
0.0067785956
0.0071821478
0.0084438328
0.00081174026
0.00081152831
0.00081130691
0.00081107729
0.00081083759
0.00081058956
0.00081033099
0.00081006396
0.00080978568
0.00080949856
0.00080919914
0.00080889048
0.00080856846
0.00080823691
0.00080789088
0.00080753511
0.00080716357
0.00080678218
0.00080638357
0.00080597511
0.00080554775
0.00080511071
0.00080465285
0.00080418569
0.00080369547
0.00080319662
0.00080267211
0.00080214003
0.00080157921
0.00080101239
0.00080041319
0.00079981018
0.00079917043
0.0007985299
0.00079784734
0.00079716808
0.00079644033
0.00079572134
0.00079494588
0.0007941864
0.00079336054
0.00079256013
0.00079168094
0.0007908396
0.00078990385
0.00078902203
0.00078802614
0.00078710496
0.00078604491
0.00078508624
0.00078395741
0.00078296402
0.00078176112
0.00078073687
0.00077945376
0.00077840362
0.00077703326
0.00077596349
0.00077449777
0.00077341589
0.00077184576
0.0007707601
0.0007690763
0.00076799573
0.00076619008
0.00076512197
0.00076318973
0.00076213569
0.00076007989
0.00075902729
0.00075687131
0.00075577949
0.00075357598
0.0007523728
0.00075022709
0.00074877482
0.00074688069
0.00074493039
0.00074359252
0.00074074947
0.00074042372
0.00073609048
0.00073696484
0.00072815017
0.00072097238
0.00069976874
0.0006713315
0.0007522785
0.0010640522
0.0019992414
0.0028421926
0.0041073826
0.0049125496
0.0061289813
0.0065327544
0.007653145
0.00081173944
0.00081152902
0.00081130686
0.00081107907
0.0008108386
0.0008105926
0.00081033312
0.00081006823
0.00080978882
0.00080950397
0.00080920326
0.00080889708
0.00080857362
0.00080824479
0.00080789714
0.00080754433
0.00080717099
0.00080679282
0.00080639223
0.00080598727
0.00080555774
0.0008051245
0.00080466429
0.00080420123
0.0008037085
0.00080321407
0.00080268691
0.00080215956
0.000801596
0.0008010342
0.0008004322
0.00079983448
0.00079919195
0.00079855692
0.00079787171
0.00079719804
0.00079646797
0.00079575448
0.00079497728
0.00079422294
0.0007933963
0.00079260025
0.00079172182
0.00079088339
0.00078995078
0.00078906955
0.00078808034
0.00078715611
0.00078610791
0.00078514074
0.00078403119
0.00078302133
0.00078184823
0.00078079609
0.00077955748
0.00077846347
0.00077715787
0.00077602197
0.00077464882
0.00077346991
0.00077203043
0.00077080534
0.00076930384
0.00076802583
0.00076647133
0.00076512862
0.00076353737
0.00076210996
0.00076050905
0.000758963
0.00075739565
0.00075567668
0.00075421198
0.00075223173
0.00075098262
0.00074859968
0.00074771671
0.00074476383
0.00074443553
0.00074074636
0.0007411306
0.00073652892
0.00073782454
0.00073197259
0.00073385091
0.00072348972
0.00071384065
0.0006891728
0.00069860327
0.0009069005
0.0013799593
0.0026115179
0.0034418111
0.0048689834
0.0055942164
0.0069384106
0.00081173864
0.00081152807
0.00081130679
0.00081107891
0.00081083954
0.00081059342
0.00081033513
0.00081006999
0.00080979183
0.00080950657
0.00080920725
0.00080890053
0.00080857864
0.00080824912
0.00080790326
0.00080754958
0.00080717829
0.00080679902
0.00080640077
0.00080599445
0.00080556764
0.00080513272
0.00080467566
0.00080421055
0.0008037215
0.00080322456
0.00080270172
0.00080217131
0.00080161283
0.00080104731
0.00080045132
0.00079984905
0.00079921366
0.00079857305
0.00079789635
0.00079721584
0.00079649595
0.00079577404
0.00079500909
0.00079424435
0.0007934325
0.00079262357
0.00079176308
0.00079090866
0.00078999791
0.00078909674
0.00078813429
0.00078718512
0.00078616981
0.0007851714
0.00078410241
0.0007830534
0.00078193036
0.00078082925
0.0007796524
0.00077849736
0.00077726766
0.00077605626
0.00077477582
0.00077350446
0.00077217715
0.00077084024
0.00076947265
0.00076806175
0.00076666444
0.00076516716
0.00076375586
0.00076215498
0.00076075086
0.00075902326
0.00075765207
0.00075576952
0.0007544626
0.00075239841
0.00075118186
0.00074891311
0.00074780466
0.0007453348
0.0007443031
0.00074169199
0.00074062658
0.00073805312
0.00073666314
0.0007345588
0.0007320988
0.00073153183
0.00072556442
0.00072124814
0.0007079867
0.00069315597
0.00075701173
0.001227614
0.0018316077
0.0033154605
0.0040798045
0.006011937
0.0008117375
0.00081152614
0.00081130629
0.00081107762
0.00081083992
0.00081059292
0.00081033647
0.00081007025
0.00080979407
0.00080950752
0.00080921037
0.00080890216
0.00080858269
0.00080825145
0.00080790827
0.00080755261
0.00080718431
0.00080680278
0.00080640786
0.00080599895
0.00080557587
0.00080513799
0.00080468512
0.00080421664
0.0008037323
0.00080323154
0.00080271399
0.00080217925
0.00080162673
0.00080105629
0.00080046703
0.00079985918
0.00079923138
0.00079858444
0.00079791633
0.00079722862
0.00079651844
0.00079578836
0.00079503438
0.00079426035
0.00079346094
0.00079264144
0.00079179504
0.00079092858
0.00079003378
0.00078911893
0.00078817449
0.00078720987
0.00078621476
0.00078519907
0.00078415245
0.00078308454
0.00078198578
0.00078086468
0.00077971329
0.00077853827
0.00077733383
0.0007761044
0.00077484661
0.00077356223
0.00077225134
0.00077091089
0.00076954865
0.00076814954
0.00076674012
0.00076527859
0.00076382739
0.00076229935
0.00076080999
0.00075921577
0.00075768425
0.00075603354
0.00075444453
0.00075275698
0.00075108819
0.00074939413
0.00074760799
0.00074596317
0.00074398337
0.00074251617
0.00074016526
0.00073910539
0.00073610826
0.00073574818
0.00073182568
0.00073233732
0.00072748713
0.00072835633
0.00072160255
0.00071621871
0.00070120569
0.00073919536
0.00087787729
0.0016940296
0.0023962639
0.0044506068
0.00081173602
0.00081152427
0.00081130533
0.0008110763
0.00081083966
0.0008105923
0.000810337
0.00081007033
0.00080979535
0.00080950824
0.00080921237
0.00080890351
0.00080858541
0.00080825343
0.00080791173
0.00080755525
0.00080718853
0.00080680609
0.00080641286
0.00080600295
0.00080558167
0.00080514272
0.00080469177
0.00080422216
0.00080373985
0.00080323792
0.00080272251
0.00080218657
0.00080163629
0.00080106468
0.00080047771
0.00079986877
0.00079924328
0.00079859539
0.00079792954
0.00079724113
0.00079653307
0.00079580264
0.00079505053
0.00079427669
0.00079347869
0.00079266014
0.00079181445
0.00079095004
0.0007900549
0.00078914365
0.00078819731
0.00078723846
0.00078623917
0.00078523235
0.00078417823
0.00078312358
0.00078201247
0.00078091093
0.00077974011
0.0007785937
0.00077735962
0.00077617156
0.00077486984
0.00077364426
0.0007722702
0.00077101133
0.00076956116
0.00076827219
0.00076674424
0.00076542669
0.00076382114
0.00076247767
0.00076079084
0.00075943069
0.00075764786
0.00075629563
0.00075438522
0.00075308079
0.00075100048
0.00074978778
0.0007474938
0.00074642165
0.00074385471
0.00074300331
0.00074007612
0.00073955516
0.00073615443
0.00073605096
0.00073212628
0.00073249721
0.00072794184
0.00072893667
0.00072344849
0.00072522692
0.00071705671
0.00071259915
0.00070166399
0.00081928521
0.0011156596
0.0027524748
0.00081173451
0.00081152296
0.00081130421
0.00081107548
0.00081083909
0.0008105921
0.00081033707
0.00081007078
0.00080979602
0.00080950931
0.0008092136
0.00080890518
0.00080858719
0.00080825571
0.00080791407
0.00080755814
0.00080719141
0.00080680961
0.00080641629
0.00080600713
0.00080558565
0.00080514759
0.0008046963
0.00080422776
0.00080374494
0.00080324432
0.00080272819
0.00080219387
0.0008016426
0.00080107298
0.00080048469
0.0007998782
0.00079925096
0.0007986061
0.00079793796
0.00079725331
0.00079654227
0.0007958165
0.00079506053
0.00079429248
0.00079348953
0.00079267816
0.00079182613
0.00079097065
0.00079006739
0.00078916729
0.00078821052
0.00078726571
0.00078625294
0.00078526393
0.00078419226
0.00078316044
0.00078202631
0.0007809543
0.00077975311
0.00077864507
0.00077737098
0.00077623264
0.00077487874
0.00077371676
0.00077227614
0.00077109655
0.00076956439
0.0007683707
0.00076674602
0.00076553857
0.00076382355
0.00076260233
0.00076079592
0.00075956831
0.0007576567
0.00075644472
0.00075440224
0.0007532355
0.00075104256
0.00074992707
0.00074759916
0.0007465079
0.00074408028
0.00074299832
0.00074044754
0.00073943662
0.00073669344
0.00073578799
0.0007328808
0.00073198735
0.0007290566
0.00072797064
0.00072539923
0.00072354152
0.00072208424
0.0007182712
0.00071510368
0.00070981908
0.00073253569
0.001491959
0.00081173316
0.00081152193
0.00081130318
0.00081107487
0.00081083853
0.00081059204
0.00081033705
0.00081007129
0.00080979653
0.00080951036
0.0008092146
0.00080890676
0.00080858868
0.00080825782
0.00080791602
0.00080756079
0.00080719383
0.00080681279
0.00080641916
0.00080601084
0.00080558896
0.00080515184
0.00080470006
0.00080423257
0.00080374916
0.00080324974
0.00080273289
0.00080219994
0.00080164782
0.00080107977
0.00080049046
0.00079988579
0.00079925733
0.00079861458
0.00079794499
0.00079726277
0.00079655002
0.00079582707
0.00079506908
0.00079430429
0.00079349894
0.00079269138
0.00079183648
0.00079098548
0.00079007872
0.00078918397
0.00078822287
0.00078728455
0.00078626632
0.00078528533
0.00078420661
0.00078318492
0.00078204152
0.00078098247
0.00077976908
0.00077867761
0.00077738769
0.0007762701
0.0007748965
0.0007737593
0.0007722959
0.0007711437
0.00076958805
0.00076842104
0.00076677707
0.00076558984
0.00076386628
0.00076265206
0.00076085448
0.00075961479
0.00075773508
0.00075648617
0.00075450522
0.00075326482
0.00075118285
0.00074992544
0.00074780178
0.00074644712
0.00074436587
0.00074286779
0.00074082738
0.00073924134
0.00073716794
0.00073551292
0.00073350729
0.00073157014
0.00072989698
0.00072749172
0.00072618094
0.00072334296
0.00072248193
0.00071911111
0.00071859592
0.00071474049
0.00071204894
0.00088582465
0.00081173189
0.00081152067
0.0008113022
0.00081107395
0.00081083798
0.00081059156
0.00081033699
0.0008100713
0.00080979697
0.00080951083
0.00080921553
0.00080890766
0.00080859007
0.00080825914
0.00080791788
0.00080756251
0.00080719615
0.0008068149
0.00080642194
0.00080601332
0.00080559219
0.00080515468
0.00080470374
0.00080423577
0.00080375333
0.00080325328
0.00080273758
0.00080220384
0.00080165306
0.00080108403
0.00080049633
0.00079989043
0.00079926392
0.00079861962
0.00079795238
0.00079726823
0.00079655832
0.00079583296
0.00079507841
0.00079431064
0.00079350945
0.00079269821
0.00079184833
0.00079099284
0.00079009212
0.00078919193
0.00078823802
0.0007872932
0.00078628342
0.00078529484
0.00078422587
0.0007831955
0.00078206315
0.00078099439
0.00077979332
0.00077869114
0.00077741494
0.00077628536
0.00077492742
0.0007737761
0.00077233169
0.00077116118
0.00076963065
0.00076843762
0.00076682839
0.00076560394
0.00076392789
0.00076266325
0.00076092655
0.00075962448
0.00075781637
0.00075649671
0.00075459752
0.00075327327
0.00075129688
0.00074991992
0.00074795664
0.0007464138
0.00074457113
0.00074281702
0.00074104374
0.00073923373
0.00073733667
0.00073559828
0.00073361635
0.00073174444
0.00072993077
0.00072782602
0.00072601973
0.00072399679
0.00072197852
0.00072008589
0.00071773403
0.00071639489
0.0007134789
0.00073413679
0.00081173051
0.00081151899
0.0008113011
0.00081107254
0.00081083726
0.00081059052
0.00081033673
0.00081007066
0.0008097972
0.00080951057
0.00080921623
0.00080890777
0.00080859124
0.00080825959
0.00080791952
0.00080756327
0.00080719824
0.00080681594
0.00080642448
0.00080601461
0.0008055952
0.00080515619
0.00080470723
0.00080423746
0.00080375732
0.00080325514
0.0008027421
0.00080220584
0.00080165818
0.00080108615
0.00080050212
0.00079989264
0.00079927046
0.0007986219
0.00079795979
0.00079727054
0.00079656674
0.00079583527
0.000795088
0.0007943129
0.00079352039
0.00079270038
0.00079186082
0.00079099485
0.00079010638
0.00078919374
0.00078825427
0.0007872948
0.00078630192
0.00078529622
0.0007842469
0.00078319672
0.00078208701
0.0007809955
0.00077982039
0.00077869216
0.00077744572
0.00077628624
0.0007749626
0.00077377659
0.00077237213
0.00077116101
0.00076967716
0.00076843688
0.00076688131
0.0007656037
0.00076398601
0.0007626665
0.00076098637
0.00075963638
0.00075787286
0.00075652259
0.00075464777
0.00075331384
0.00075134455
0.00074996932
0.00074800539
0.00074647338
0.00074461277
0.00074290632
0.00074104968
0.00073938639
0.00073727929
0.00073582566
0.00073351036
0.00073202248
0.00072978581
0.00072820135
0.00072574637
0.00072458383
0.00072150494
0.00072089946
0.00071712622
0.00071751982
0.0007122265
0.00071489353
0.00081172893
0.00081151704
0.00081129975
0.00081107082
0.00081083626
0.00081058911
0.00081033615
0.0008100696
0.00080979706
0.00080950986
0.00080921653
0.00080890738
0.00080859198
0.00080825951
0.0008079207
0.00080756346
0.00080719985
0.00080681636
0.00080642651
0.00080601524
0.00080559765
0.00080515697
0.00080471011
0.00080423838
0.00080376064
0.00080325614
0.00080274592
0.0008022069
0.00080166254
0.00080108724
0.00080050708
0.00079989371
0.00079927611
0.00079862291
0.00079796623
0.00079727145
0.00079657409
0.00079583603
0.00079509641
0.00079431343
0.00079353002
0.00079270061
0.00079187187
0.00079099471
0.00079011908
0.00078919314
0.00078826888
0.00078729367
0.00078631872
0.00078529449
0.00078426621
0.00078319429
0.00078210921
0.00078099232
0.00077984591
0.00077868812
0.00077747505
0.0007762812
0.00077499634
0.00077377041
0.00077241084
0.00077115369
0.00076972108
0.00076842898
0.00076692983
0.00076559706
0.00076403682
0.000762665
0.00076103496
0.00075964604
0.00075791344
0.00075654953
0.00075467617
0.00075336297
0.00075136022
0.00075004167
0.00074801281
0.00074656792
0.00074460801
0.00074303749
0.00074101544
0.00073957151
0.00073721566
0.00073604134
0.00073346846
0.00073220965
0.00072981223
0.00072833349
0.00072586353
0.0007245907
0.0007218942
0.00072048437
0.00071814737
0.00071618357
0.00071455783
0.00071144208
0.0008117272
0.00081151505
0.00081129823
0.00081106904
0.00081083503
0.00081058761
0.00081033529
0.00081006841
0.0008097966
0.000809509
0.00080921647
0.00080890683
0.00080859232
0.00080825924
0.00080792142
0.00080756346
0.00080720096
0.0008068166
0.00080642799
0.00080601566
0.00080559949
0.00080515756
0.00080471232
0.00080423907
0.00080376322
0.00080325692
0.00080274889
0.00080220773
0.00080166594
0.00080108808
0.00080051097
0.00079989455
0.00079928057
0.00079862369
0.00079797133
0.00079727213
0.00079657993
0.00079583653
0.00079510312
0.0007943137
0.00079353777
0.00079270056
0.00079188084
0.00079099425
0.00079012947
0.00078919216
0.00078828097
0.00078729203
0.00078633279
0.00078529204
0.00078428264
0.00078319086
0.00078212842
0.00078098768
0.00077986841
0.00077868202
0.00077750143
0.00077627334
0.00077502725
0.00077376049
0.00077244689
0.00077114156
0.00076976264
0.00076841484
0.00076697672
0.00076558187
0.0007640879
0.00076265083
0.00076108803
0.00075963587
0.00075796573
0.00075654674
0.00075472578
0.00075336751
0.00075140951
0.00075004998
0.00074806739
0.00074657447
0.00074467417
0.00074303632
0.00074110134
0.00073955191
0.00073734002
0.0007359812
0.00073365774
0.00073209067
0.00073007455
0.00072816512
0.0007261942
0.00072436519
0.00072231908
0.00072019789
0.00071859109
0.0007160359
0.00071470646
0.00071135194
0.00081172541
0.00081151314
0.00081129662
0.00081106732
0.00081083368
0.00081058614
0.00081033425
0.00081006724
0.00080979591
0.00080950813
0.00080921615
0.00080890627
0.00080859236
0.00080825898
0.00080792181
0.00080756346
0.00080720168
0.00080681683
0.00080642904
0.00080601609
0.00080560085
0.00080515815
0.00080471398
0.00080423979
0.00080376518
0.00080325774
0.00080275117
0.00080220861
0.00080166855
0.000801089
0.00080051395
0.00079989548
0.00079928396
0.0007986246
0.00079797521
0.00079727298
0.00079658438
0.00079583729
0.00079510825
0.0007943143
0.00079354368
0.00079270093
0.0007918877
0.0007909943
0.00079013747
0.00078919178
0.00078829032
0.00078729109
0.00078634377
0.00078529039
0.00078429556
0.0007831883
0.00078214367
0.00078098398
0.00077988645
0.00077867689
0.00077752281
0.00077626645
0.00077505254
0.00077375151
0.0007724767
0.00077113019
0.00076979747
0.00076840099
0.0007670168
0.00076556578
0.00076413308
0.00076263314
0.00076113781
0.00075961745
0.00075801974
0.00075652795
0.00075478467
0.00075334759
0.00075147558
0.00075002637
0.00074814413
0.00074654437
0.00074476525
0.00074299682
0.00074121028
0.00073949939
0.00073747218
0.00073591199
0.00073381502
0.00073201112
0.00073024394
0.00072809533
0.00072636117
0.00072431308
0.00072248223
0.00072018223
0.00071871149
0.00071610227
0.00071478173
0.00071141442
0.00081172363
0.00081151132
0.00081129498
0.00081106566
0.00081083226
0.00081058472
0.00081033311
0.00081006609
0.00080979508
0.00080950728
0.00080921565
0.00080890572
0.00080859218
0.00080825871
0.00080792195
0.00080756345
0.00080720213
0.00080681706
0.00080642977
0.00080601653
0.00080560185
0.00080515877
0.00080471523
0.00080424056
0.00080376668
0.00080325862
0.0008027529
0.00080220958
0.00080167054
0.00080109004
0.00080051621
0.00079989656
0.00079928652
0.00079862572
0.00079797812
0.0007972741
0.00079658769
0.00079583839
0.00079511202
0.00079431535
0.000793548
0.0007927019
0.00079189267
0.00079099513
0.0007901432
0.0007891924
0.00078829698
0.00078729142
0.00078635156
0.00078529032
0.0007843047
0.0007831877
0.00078215442
0.0007809827
0.00077989911
0.00077867477
0.00077753773
0.00077626329
0.00077507012
0.00077374711
0.00077249731
0.0007711244
0.00076982145
0.00076839375
0.00076704437
0.00076555717
0.00076416432
0.00076262342
0.00076117267
0.00075960692
0.00075805841
0.00075651633
0.00075482806
0.00075333453
0.00075152454
0.00075001149
0.00074819953
0.00074652764
0.00074482729
0.00074297902
0.00074127864
0.0007394814
0.00073754684
0.00073589538
0.00073389381
0.00073200207
0.00073031927
0.00072810311
0.00072642869
0.00072433853
0.00072254589
0.00072022398
0.00071876795
0.0007161611
0.0007148428
0.00071147886
0.00081172184
0.00081150955
0.00081129333
0.00081106404
0.0008108308
0.00081058331
0.00081033189
0.00081006494
0.00080979415
0.00080950641
0.00080921501
0.00080890513
0.00080859185
0.0008082584
0.00080792191
0.00080756341
0.00080720237
0.00080681726
0.00080643027
0.00080601694
0.00080560258
0.00080515936
0.00080471617
0.00080424131
0.00080376782
0.0008032595
0.00080275424
0.00080221057
0.00080167206
0.00080109113
0.00080051793
0.00079989773
0.00079928845
0.00079862695
0.00079798027
0.0007972754
0.0007965901
0.00079583974
0.00079511474
0.00079431673
0.00079355107
0.0007927033
0.00079189614
0.00079099654
0.00079014717
0.00078919381
0.0007883015
0.00078729279
0.00078635671
0.00078529161
0.00078431061
0.00078318889
0.00078216126
0.00078098371
0.00077990706
0.00077867555
0.00077754696
0.00077626378
0.00077508081
0.00077374727
0.00077250965
0.00077112421
0.00076983558
0.00076839325
0.00076706041
0.00076555648
0.00076418234
0.00076262268
0.00076119277
0.00075960627
0.00075808063
0.0007565161
0.00075485239
0.00075333471
0.00075155147
0.00075001211
0.00074822916
0.00074652938
0.00074485913
0.00074298303
0.00074131204
0.00073948867
0.00073758169
0.00073590656
0.00073392988
0.00073201891
0.00073035489
0.00072812808
0.00072646411
0.00072436962
0.00072258494
0.00072026241
0.00071881065
0.0007162086
0.00071489224
0.00071153394
0.00081172006
0.0008115078
0.00081129166
0.00081106244
0.00081082931
0.00081058189
0.00081033062
0.00081006376
0.00080979312
0.00080950549
0.00080921426
0.00080890448
0.00080859138
0.00080825802
0.00080792172
0.00080756329
0.00080720244
0.00080681738
0.00080643058
0.00080601728
0.00080560311
0.00080515989
0.00080471689
0.000804242
0.00080376872
0.00080326032
0.00080275528
0.00080221152
0.00080167325
0.00080109218
0.00080051926
0.00079989888
0.00079928992
0.00079862819
0.0007979819
0.00079727672
0.0007965919
0.00079584115
0.00079511672
0.00079431823
0.00079355326
0.00079270489
0.00079189858
0.00079099821
0.00079014989
0.00078919556
0.00078830456
0.00078729463
0.00078636018
0.00078529354
0.00078431454
0.00078319089
0.00078216567
0.00078098582
0.00077991202
0.00077867776
0.00077755255
0.00077626612
0.00077508712
0.00077374978
0.00077251676
0.00077112693
0.00076984359
0.00076839625
0.0007670694
0.00076555984
0.00076419236
0.00076262652
0.00076120389
0.0007596107
0.00075809298
0.0007565212
0.00075486615
0.00075334065
0.00075156669
0.0007500192
0.00074824584
0.00074653803
0.00074487715
0.00074299381
0.00074133134
0.00073950198
0.00073760245
0.00073592261
0.00073395237
0.00073203819
0.00073037903
0.00072815146
0.00072649003
0.00072439748
0.00072261432
0.00072029413
0.00071884408
0.00071624512
0.00071493037
0.00071157713
0.00081171829
0.00081150607
0.00081128999
0.00081106083
0.00081082778
0.00081058046
0.00081032929
0.00081006253
0.00080979203
0.00080950451
0.00080921343
0.00080890377
0.00080859081
0.00080825756
0.00080792141
0.00080756309
0.00080720237
0.00080681741
0.00080643075
0.00080601753
0.00080560348
0.00080516032
0.00080471744
0.00080424259
0.00080376942
0.00080326105
0.00080275613
0.00080221237
0.00080167422
0.00080109313
0.00080052034
0.00079989992
0.00079929111
0.00079862933
0.0007979832
0.00079727795
0.00079659331
0.00079584247
0.00079511825
0.00079431965
0.00079355493
0.00079270641
0.0007919004
0.00079099984
0.00079015188
0.00078919731
0.00078830674
0.00078729651
0.00078636257
0.00078529557
0.00078431718
0.0007831931
0.00078216863
0.0007809882
0.00077991532
0.00077868033
0.00077755625
0.00077626891
0.00077509127
0.00077375281
0.00077252139
0.00077113026
0.00076984873
0.00076839995
0.00076707507
0.00076556399
0.00076419863
0.0007626312
0.00076121082
0.00075961601
0.00075810066
0.00075652722
0.00075487468
0.0007533475
0.00075157616
0.00075002703
0.00074825631
0.0007465471
0.00074488864
0.00074300441
0.00074134387
0.0007395144
0.00073761632
0.00073593701
0.00073396804
0.00073205478
0.0007303968
0.00072817062
0.00072651024
0.00072441938
0.00072263734
0.00072031899
0.00071887028
0.00071627361
0.00071496003
0.00071161085
0.00081171652
0.00081150434
0.00081128832
0.00081105921
0.00081082625
0.000810579
0.00081032793
0.00081006128
0.00080979089
0.00080950348
0.00080921252
0.00080890298
0.00080859015
0.00080825703
0.000807921
0.00080756279
0.0008072022
0.00080681735
0.0008064308
0.00080601767
0.00080560373
0.00080516065
0.00080471787
0.00080424308
0.00080376999
0.00080326168
0.00080275683
0.00080221311
0.00080167503
0.00080109397
0.00080052124
0.00079990086
0.0007992921
0.00079863034
0.00079798427
0.00079727904
0.00079659447
0.00079584364
0.0007951195
0.00079432091
0.00079355628
0.00079270775
0.00079190185
0.00079100129
0.00079015344
0.00078919887
0.00078830844
0.00078729819
0.00078636442
0.00078529738
0.00078431919
0.00078319506
0.00078217082
0.00078099034
0.00077991774
0.00077868268
0.00077755891
0.00077627148
0.00077509419
0.00077375565
0.00077252462
0.00077113341
0.0007698523
0.00076840346
0.00076707904
0.00076556791
0.00076420304
0.00076263559
0.00076121573
0.00075962093
0.00075810613
0.00075653275
0.00075488078
0.00075335372
0.00075158298
0.00075003407
0.00074826395
0.00074655506
0.00074489721
0.00074301344
0.0007413535
0.00073952464
0.00073762716
0.00073594861
0.00073398028
0.00073206791
0.00073041069
0.00072818553
0.000726526
0.00072443642
0.00072265528
0.00072033839
0.00071889076
0.00071629585
0.00071498314
0.00071163723
0.00081171476
0.00081150262
0.00081128664
0.0008110576
0.0008108247
0.00081057753
0.00081032655
0.00081005998
0.0008097897
0.0008095024
0.00080921155
0.00080890212
0.00080858941
0.00080825641
0.0008079205
0.00080756241
0.00080720194
0.0008068172
0.00080643075
0.00080601773
0.00080560388
0.00080516089
0.00080471819
0.00080424348
0.00080377046
0.00080326221
0.00080275742
0.00080221375
0.00080167572
0.00080109471
0.00080052202
0.00079990167
0.00079929296
0.00079863123
0.00079798521
0.00079728
0.00079659547
0.00079584467
0.00079512057
0.000794322
0.00079355742
0.00079270892
0.00079190307
0.00079100253
0.00079015474
0.0007892002
0.00078830983
0.00078729962
0.00078636592
0.00078529891
0.00078432081
0.00078319671
0.00078217257
0.00078099213
0.00077991964
0.00077868463
0.00077756099
0.00077627362
0.00077509648
0.000773758
0.00077252712
0.000771136
0.00076985506
0.00076840632
0.0007670821
0.00076557109
0.00076420644
0.00076263913
0.00076121951
0.00075962488
0.00075811035
0.00075653717
0.0007548855
0.0007533587
0.00075158825
0.00075003966
0.00074826986
0.00074656137
0.00074490387
0.00074302054
0.00074136102
0.00073953267
0.00073763563
0.00073595772
0.00073398987
0.00073207822
0.00073042159
0.00072819721
0.00072653837
0.00072444975
0.00072266933
0.00072035358
0.00071890679
0.00071631323
0.00071500116
0.00071165791
0.00081171302
0.00081150091
0.00081128498
0.00081105598
0.00081082315
0.00081057605
0.00081032514
0.00081005867
0.00080978847
0.00080950128
0.00080921053
0.00080890122
0.00080858862
0.00080825573
0.00080791994
0.00080756196
0.0008072016
0.00080681697
0.00080643062
0.0008060177
0.00080560395
0.00080516105
0.00080471843
0.00080424379
0.00080377085
0.00080326266
0.00080275792
0.00080221431
0.00080167633
0.00080109536
0.00080052272
0.00079990241
0.00079929373
0.00079863203
0.00079798603
0.00079728086
0.00079659636
0.00079584558
0.00079512151
0.00079432297
0.00079355841
0.00079270994
0.00079190412
0.00079100361
0.00079015585
0.00078920134
0.00078831101
0.00078730083
0.00078636717
0.00078530021
0.00078432215
0.0007831981
0.00078217402
0.00078099362
0.00077992119
0.00077868624
0.00077756267
0.00077627537
0.00077509831
0.00077375991
0.00077252913
0.0007711381
0.00076985727
0.00076840863
0.00076708453
0.00076557364
0.00076420913
0.00076264196
0.00076122251
0.00075962802
0.00075811368
0.00075654068
0.00075488921
0.00075336263
0.0007515924
0.00075004409
0.00074827451
0.00074656634
0.00074490911
0.00074302613
0.00074136694
0.00073953898
0.0007376423
0.00073596488
0.00073399739
0.00073208632
0.00073043015
0.00072820637
0.00072654808
0.0007244602
0.00072268035
0.00072036548
0.00071891937
0.00071632685
0.00071501524
0.00071167417
0.00081171128
0.00081149921
0.00081128332
0.00081105437
0.00081082159
0.00081057456
0.00081032373
0.00081005733
0.00080978722
0.00080950012
0.00080920947
0.00080890026
0.00080858777
0.00080825499
0.00080791931
0.00080756144
0.00080720119
0.00080681666
0.00080643042
0.0008060176
0.00080560394
0.00080516112
0.00080471859
0.00080424403
0.00080377115
0.00080326303
0.00080275835
0.0008022148
0.00080167686
0.00080109594
0.00080052333
0.00079990306
0.00079929441
0.00079863275
0.00079798677
0.00079728163
0.00079659715
0.0007958464
0.00079512235
0.00079432383
0.00079355929
0.00079271085
0.00079190504
0.00079100456
0.00079015682
0.00078920233
0.00078831202
0.00078730187
0.00078636824
0.0007853013
0.00078432329
0.00078319926
0.00078217522
0.00078099486
0.00077992248
0.00077868756
0.00077756406
0.0007762768
0.0007750998
0.00077376146
0.00077253075
0.00077113979
0.00076985904
0.00076841048
0.00076708647
0.00076557568
0.00076421128
0.0007626442
0.00076122489
0.00075963051
0.00075811632
0.00075654346
0.00075489215
0.00075336574
0.00075159568
0.00075004758
0.00074827818
0.00074657026
0.00074491325
0.00074303052
0.00074137161
0.00073954393
0.00073764755
0.00073597051
0.00073400331
0.00073209269
0.00073043688
0.00072821356
0.00072655573
0.00072446841
0.00072268901
0.00072037482
0.00071892925
0.00071633753
0.00071502624
0.00071168699
0.00081170956
0.00081149752
0.00081128166
0.00081105276
0.00081082003
0.00081057306
0.00081032229
0.00081005597
0.00080978595
0.00080949893
0.00080920838
0.00080889926
0.00080858687
0.0008082542
0.00080791862
0.00080756086
0.00080720071
0.00080681629
0.00080643015
0.00080601742
0.00080560386
0.00080516113
0.00080471868
0.0008042442
0.0008037714
0.00080326334
0.00080275872
0.00080221522
0.00080167734
0.00080109646
0.00080052389
0.00079990365
0.00079929504
0.0007986334
0.00079798745
0.00079728233
0.00079659787
0.00079584714
0.00079512311
0.00079432461
0.00079356009
0.00079271166
0.00079190587
0.0007910054
0.00079015768
0.00078920321
0.00078831292
0.00078730278
0.00078636917
0.00078530225
0.00078432426
0.00078320025
0.00078217624
0.0007809959
0.00077992356
0.00077868867
0.00077756521
0.00077627798
0.00077510103
0.00077376273
0.00077253208
0.00077114115
0.00076986047
0.00076841197
0.00076708804
0.00076557731
0.00076421299
0.000762646
0.00076122678
0.00075963249
0.00075811843
0.00075654565
0.00075489448
0.0007533682
0.00075159827
0.00075005034
0.00074828107
0.00074657335
0.0007449165
0.00074303397
0.00074137529
0.00073954783
0.00073765168
0.00073597494
0.00073400795
0.00073209769
0.00073044218
0.0007282192
0.00072656175
0.00072447484
0.00072269581
0.00072038214
0.00071893702
0.0007163459
0.00071503483
0.00071169712
0.00081170785
0.00081149584
0.00081128002
0.00081105116
0.00081081848
0.00081057156
0.00081032085
0.0008100546
0.00080978465
0.00080949771
0.00080920725
0.00080889822
0.00080858593
0.00080825335
0.00080791788
0.00080756022
0.00080720017
0.00080681585
0.00080642981
0.00080601719
0.00080560371
0.00080516108
0.00080471871
0.00080424431
0.00080377158
0.00080326359
0.00080275903
0.00080221559
0.00080167775
0.00080109692
0.0008005244
0.00079990419
0.00079929561
0.000798634
0.00079798808
0.00079728299
0.00079659855
0.00079584783
0.00079512382
0.00079432533
0.00079356082
0.00079271241
0.00079190663
0.00079100617
0.00079015846
0.000789204
0.00078831372
0.0007873036
0.00078637
0.00078530309
0.00078432511
0.00078320112
0.00078217713
0.0007809968
0.00077992448
0.00077868961
0.00077756617
0.00077627896
0.00077510205
0.00077376377
0.00077253316
0.00077114228
0.00076986164
0.00076841318
0.0007670893
0.00076557862
0.00076421438
0.00076264743
0.0007612283
0.00075963406
0.00075812011
0.00075654739
0.00075489633
0.00075337014
0.00075160031
0.00075005253
0.00074828334
0.00074657578
0.00074491907
0.00074303668
0.00074137819
0.00073955088
0.00073765493
0.00073597842
0.00073401159
0.00073210162
0.00073044635
0.00072822361
0.00072656648
0.00072447989
0.00072270114
0.00072038789
0.00071894312
0.00071635246
0.00071504153
0.00071170513
0.00081170615
0.00081149416
0.00081127838
0.00081104956
0.00081081692
0.00081057005
0.00081031941
0.00081005322
0.00080978333
0.00080949647
0.00080920609
0.00080889715
0.00080858495
0.00080825247
0.00080791708
0.00080755953
0.00080719958
0.00080681536
0.00080642942
0.00080601689
0.0008056035
0.00080516096
0.00080471868
0.00080424436
0.0008037717
0.00080326379
0.00080275929
0.00080221591
0.00080167813
0.00080109734
0.00080052486
0.0007999047
0.00079929615
0.00079863457
0.00079798867
0.0007972836
0.00079659918
0.00079584848
0.00079512448
0.00079432601
0.00079356151
0.0007927131
0.00079190734
0.00079100689
0.00079015918
0.00078920473
0.00078831445
0.00078730433
0.00078637074
0.00078530384
0.00078432587
0.00078320188
0.0007821779
0.00078099758
0.00077992528
0.00077869041
0.000777567
0.0007762798
0.00077510291
0.00077376465
0.00077253407
0.0007711432
0.0007698626
0.00076841417
0.00076709033
0.00076557968
0.00076421549
0.00076264857
0.00076122953
0.00075963531
0.00075812145
0.00075654876
0.0007548978
0.00075337168
0.00075160192
0.00075005425
0.00074828512
0.0007465777
0.00074492109
0.0007430388
0.00074138048
0.00073955326
0.00073765748
0.00073598115
0.00073401444
0.0007321047
0.00073044961
0.00072822704
0.00072657019
0.00072448383
0.0007227053
0.00072039236
0.00071894789
0.00071635757
0.00071504671
0.00071171144
0.00081170446
0.0008114925
0.00081127674
0.00081104796
0.00081081536
0.00081056854
0.00081031795
0.00081005182
0.000809782
0.00080949521
0.0008092049
0.00080889605
0.00080858393
0.00080825154
0.00080791625
0.00080755879
0.00080719893
0.00080681481
0.00080642896
0.00080601653
0.00080560324
0.00080516079
0.00080471859
0.00080424435
0.00080377177
0.00080326393
0.0008027595
0.00080221618
0.00080167845
0.00080109772
0.00080052528
0.00079990516
0.00079929665
0.0007986351
0.00079798923
0.00079728418
0.00079659978
0.0007958491
0.00079512512
0.00079432665
0.00079356217
0.00079271377
0.00079190801
0.00079100756
0.00079015986
0.00078920541
0.00078831514
0.00078730501
0.00078637143
0.00078530452
0.00078432656
0.00078320256
0.0007821786
0.00078099827
0.00077992599
0.00077869111
0.00077756772
0.00077628051
0.00077510365
0.00077376539
0.00077253483
0.00077114397
0.0007698634
0.00076841498
0.00076709118
0.00076558054
0.0007642164
0.00076264949
0.00076123051
0.0007596363
0.00075812252
0.00075654985
0.00075489897
0.00075337289
0.00075160319
0.00075005561
0.00074828652
0.00074657921
0.00074492267
0.00074304045
0.00074138228
0.00073955511
0.00073765947
0.00073598328
0.00073401666
0.00073210712
0.00073045218
0.00072822973
0.00072657313
0.00072448693
0.0007227086
0.0007203959
0.00071895167
0.00071636161
0.00071505078
0.00071171651
0.00081170277
0.00081149084
0.00081127511
0.00081104636
0.0008108138
0.00081056703
0.00081031648
0.00081005041
0.00080978065
0.00080949393
0.00080920369
0.00080889491
0.00080858287
0.00080825057
0.00080791537
0.000807558
0.00080719824
0.00080681421
0.00080642846
0.00080601612
0.00080560292
0.00080516056
0.00080471844
0.00080424429
0.00080377179
0.00080326402
0.00080275966
0.00080221641
0.00080167874
0.00080109806
0.00080052567
0.00079990559
0.00079929712
0.0007986356
0.00079798977
0.00079728474
0.00079660036
0.0007958497
0.00079512573
0.00079432728
0.0007935628
0.00079271441
0.00079190865
0.00079100821
0.00079016051
0.00078920605
0.00078831579
0.00078730566
0.00078637208
0.00078530516
0.0007843272
0.0007832032
0.00078217924
0.0007809989
0.00077992662
0.00077869173
0.00077756835
0.00077628114
0.00077510429
0.00077376602
0.00077253549
0.00077114462
0.00076986407
0.00076841565
0.00076709188
0.00076558124
0.00076421714
0.00076265023
0.00076123131
0.00075963709
0.00075812338
0.0007565507
0.00075489989
0.00075337384
0.00075160418
0.00075005668
0.00074828761
0.00074658039
0.0007449239
0.00074304174
0.0007413837
0.00073955655
0.00073766104
0.00073598496
0.00073401838
0.000732109
0.00073045418
0.0007282318
0.00072657541
0.00072448933
0.00072271114
0.00072039863
0.00071895461
0.00071636474
0.00071505391
0.00071172053
0.00081170109
0.00081148918
0.00081127347
0.00081104476
0.00081081224
0.00081056551
0.00081031501
0.00081004899
0.00080977929
0.00080949263
0.00080920245
0.00080889375
0.00080858179
0.00080824956
0.00080791445
0.00080755716
0.00080719749
0.00080681356
0.00080642789
0.00080601565
0.00080560254
0.00080516027
0.00080471824
0.00080424418
0.00080377176
0.00080326407
0.00080275978
0.00080221659
0.00080167898
0.00080109837
0.00080052602
0.00079990599
0.00079929756
0.00079863609
0.00079799028
0.00079728528
0.00079660093
0.00079585028
0.00079512633
0.00079432789
0.00079356342
0.00079271503
0.00079190928
0.00079100884
0.00079016114
0.00078920668
0.00078831641
0.00078730628
0.0007863727
0.00078530577
0.00078432781
0.00078320379
0.00078217983
0.00078099947
0.0007799272
0.0007786923
0.00077756893
0.0007762817
0.00077510486
0.00077376658
0.00077253605
0.00077114518
0.00076986464
0.00076841622
0.00076709246
0.00076558182
0.00076421775
0.00076265083
0.00076123196
0.00075963771
0.00075812407
0.00075655137
0.00075490063
0.00075337459
0.00075160496
0.00075005752
0.00074828845
0.00074658131
0.00074492486
0.00074304272
0.0007413848
0.00073955764
0.00073766225
0.00073598624
0.00073401969
0.00073211046
0.00073045572
0.00072823337
0.00072657719
0.00072449117
0.00072271309
0.00072040073
0.00071895688
0.00071636714
0.00071505627
0.00071172368
0.0008116994
0.00081148751
0.00081127184
0.00081104315
0.00081081067
0.00081056398
0.00081031352
0.00081004755
0.0008097779
0.0008094913
0.00080920119
0.00080889256
0.00080858067
0.00080824852
0.00080791348
0.00080755629
0.0008071967
0.00080681286
0.00080642728
0.00080601513
0.00080560211
0.00080515993
0.00080471799
0.00080424401
0.00080377167
0.00080326406
0.00080275985
0.00080221673
0.00080167919
0.00080109863
0.00080052635
0.00079990637
0.00079929798
0.00079863654
0.00079799077
0.00079728581
0.00079660147
0.00079585086
0.00079512692
0.00079432849
0.00079356403
0.00079271565
0.00079190991
0.00079100946
0.00079016177
0.0007892073
0.00078831703
0.00078730688
0.0007863733
0.00078530635
0.00078432839
0.00078320436
0.00078218039
0.00078100002
0.00077992775
0.00077869282
0.00077756945
0.0007762822
0.00077510537
0.00077376707
0.00077253655
0.00077114566
0.00076986513
0.0007684167
0.00076709295
0.0007655823
0.00076421826
0.00076265131
0.00076123249
0.0007596382
0.00075812463
0.0007565519
0.00075490121
0.00075337517
0.00075160556
0.00075005818
0.00074828909
0.00074658202
0.0007449256
0.00074304347
0.00074138566
0.00073955846
0.00073766317
0.00073598723
0.00073402068
0.00073211157
0.0007304569
0.00072823456
0.00072657856
0.00072449257
0.00072271459
0.00072040234
0.00071895863
0.00071636898
0.00071505806
0.00071172618
0.00081169771
0.00081148584
0.00081127019
0.00081104154
0.00081080909
0.00081056243
0.00081031202
0.00081004609
0.0008097765
0.00080948995
0.0008091999
0.00080889133
0.00080857951
0.00080824744
0.00080791248
0.00080755537
0.00080719586
0.0008068121
0.00080642662
0.00080601456
0.00080560163
0.00080515954
0.00080471769
0.00080424379
0.00080377154
0.00080326401
0.00080275988
0.00080221683
0.00080167936
0.00080109887
0.00080052664
0.00079990672
0.00079929837
0.00079863699
0.00079799125
0.00079728632
0.00079660201
0.00079585142
0.0007951275
0.00079432909
0.00079356464
0.00079271627
0.00079191053
0.00079101008
0.00079016239
0.00078920791
0.00078831764
0.00078730748
0.00078637389
0.00078530693
0.00078432896
0.0007832049
0.00078218094
0.00078100054
0.00077992827
0.00077869331
0.00077756995
0.00077628267
0.00077510584
0.00077376751
0.00077253699
0.00077114609
0.00076986556
0.00076841711
0.00076709337
0.00076558271
0.00076421868
0.00076265171
0.00076123292
0.00075963859
0.00075812508
0.0007565523
0.00075490167
0.00075337562
0.00075160601
0.00075005868
0.00074828957
0.00074658257
0.00074492615
0.00074304401
0.00074138632
0.00073955906
0.00073766387
0.00073598797
0.00073402141
0.00073211242
0.0007304578
0.00072823544
0.00072657961
0.00072449363
0.00072271571
0.00072040355
0.00071895997
0.00071637036
0.00071505938
0.00071172817
0.000811696
0.00081148416
0.00081126854
0.00081103991
0.00081080749
0.00081056088
0.0008103105
0.00081004462
0.00080977507
0.00080948858
0.00080919859
0.00080889008
0.00080857832
0.00080824632
0.00080791144
0.0008075544
0.00080719498
0.00080681131
0.00080642591
0.00080601393
0.00080560109
0.00080515909
0.00080471733
0.00080424353
0.00080377136
0.00080326392
0.00080275986
0.00080221689
0.00080167949
0.00080109907
0.0008005269
0.00079990704
0.00079929875
0.00079863741
0.00079799171
0.00079728682
0.00079660255
0.00079585198
0.00079512808
0.00079432969
0.00079356525
0.00079271689
0.00079191115
0.00079101071
0.00079016301
0.00078920853
0.00078831825
0.00078730808
0.00078637448
0.0007853075
0.00078432952
0.00078320544
0.00078218147
0.00078100104
0.00077992877
0.00077869379
0.00077757042
0.00077628311
0.00077510628
0.00077376792
0.0007725374
0.00077114647
0.00076986594
0.00076841748
0.00076709374
0.00076558305
0.00076421904
0.00076265203
0.00076123328
0.0007596389
0.00075812545
0.00075655261
0.00075490203
0.00075337596
0.00075160636
0.00075005907
0.00074828991
0.00074658298
0.00074492656
0.00074304441
0.00074138681
0.00073955948
0.00073766439
0.00073598853
0.00073402192
0.00073211305
0.00073045845
0.00072823605
0.0007265804
0.00072449439
0.00072271654
0.00072040445
0.00071896096
0.00071637139
0.00071506034
0.00071172973
0.00081169428
0.00081148246
0.00081126686
0.00081103826
0.00081080588
0.00081055929
0.00081030896
0.00081004312
0.00080977361
0.00080948718
0.00080919724
0.00080888879
0.0008085771
0.00080824517
0.00080791035
0.00080755339
0.00080719405
0.00080681046
0.00080642515
0.00080601326
0.00080560051
0.0008051586
0.00080471693
0.00080424321
0.00080377113
0.00080326377
0.0008027598
0.00080221692
0.00080167959
0.00080109924
0.00080052714
0.00079990734
0.0007992991
0.00079863782
0.00079799217
0.00079728732
0.00079660307
0.00079585254
0.00079512866
0.00079433029
0.00079356587
0.00079271751
0.00079191178
0.00079101134
0.00079016364
0.00078920915
0.00078831887
0.00078730868
0.00078637507
0.00078530808
0.00078433009
0.00078320598
0.000782182
0.00078100154
0.00077992926
0.00077869424
0.00077757087
0.00077628353
0.00077510669
0.00077376831
0.00077253778
0.00077114683
0.00076986629
0.0007684178
0.00076709406
0.00076558334
0.00076421934
0.00076265229
0.00076123359
0.00075963914
0.00075812575
0.00075655284
0.00075490231
0.00075337621
0.00075160661
0.00075005936
0.00074829015
0.00074658328
0.00074492685
0.00074304467
0.00074138718
0.00073955976
0.00073766475
0.00073598891
0.00073402226
0.0007321135
0.00073045892
0.00072823647
0.00072658098
0.00072449493
0.00072271711
0.00072040509
0.00071896169
0.00071637211
0.00071506099
0.00071173095
0.00081169253
0.00081148074
0.00081126516
0.00081103659
0.00081080423
0.00081055768
0.00081030738
0.00081004159
0.00080977213
0.00080948574
0.00080919585
0.00080888746
0.00080857583
0.00080824397
0.00080790922
0.00080755234
0.00080719307
0.00080680957
0.00080642433
0.00080601254
0.00080559987
0.00080515805
0.00080471647
0.00080424285
0.00080377085
0.00080326359
0.0008027597
0.0008022169
0.00080167965
0.00080109938
0.00080052735
0.00079990762
0.00079929944
0.00079863821
0.00079799261
0.0007972878
0.0007966036
0.0007958531
0.00079512925
0.0007943309
0.00079356649
0.00079271815
0.00079191242
0.00079101198
0.00079016428
0.00078920979
0.0007883195
0.0007873093
0.00078637568
0.00078530866
0.00078433066
0.00078320652
0.00078218254
0.00078100204
0.00077992976
0.0007786947
0.00077757132
0.00077628394
0.0007751071
0.00077376867
0.00077253814
0.00077114715
0.00076986661
0.00076841809
0.00076709435
0.0007655836
0.00076421961
0.00076265251
0.00076123384
0.00075963932
0.00075812599
0.000756553
0.00075490253
0.00075337639
0.00075160678
0.00075005957
0.0007482903
0.00074658349
0.00074492704
0.00074304483
0.00074138744
0.00073955991
0.000737665
0.00073598917
0.00073402246
0.0007321138
0.00073045922
0.00072823671
0.00072658138
0.00072449528
0.00072271749
0.00072040551
0.00071896219
0.0007163726
0.00071506139
0.00071173189
0.00081169075
0.00081147898
0.00081126342
0.00081103488
0.00081080255
0.00081055604
0.00081030577
0.00081004002
0.0008097706
0.00080948426
0.00080919443
0.0008088861
0.00080857452
0.00080824273
0.00080790805
0.00080755124
0.00080719205
0.00080680862
0.00080642347
0.00080601176
0.00080559919
0.00080515746
0.00080471597
0.00080424244
0.00080377053
0.00080326336
0.00080275956
0.00080221685
0.00080167968
0.00080109949
0.00080052754
0.00079990788
0.00079929977
0.0007986386
0.00079799305
0.00079728829
0.00079660413
0.00079585367
0.00079512984
0.00079433152
0.00079356713
0.0007927188
0.00079191308
0.00079101265
0.00079016494
0.00078921044
0.00078832014
0.00078730993
0.0007863763
0.00078530926
0.00078433125
0.00078320708
0.00078218308
0.00078100255
0.00077993025
0.00077869515
0.00077757177
0.00077628434
0.0007751075
0.00077376903
0.00077253849
0.00077114747
0.00076986691
0.00076841836
0.00076709461
0.00076558383
0.00076421984
0.00076265269
0.00076123406
0.00075963946
0.00075812619
0.00075655312
0.00075490269
0.00075337651
0.00075160689
0.00075005972
0.00074829037
0.00074658362
0.00074492715
0.0007430449
0.00074138761
0.00073955996
0.00073766514
0.00073598932
0.00073402253
0.00073211399
0.0007304594
0.0007282368
0.00072658165
0.00072449547
0.0007227177
0.00072040577
0.00071896251
0.00071637289
0.0007150616
0.00071173261
0.00081168893
0.00081147717
0.00081126164
0.00081103313
0.00081080083
0.00081055435
0.00081030412
0.0008100384
0.00080976903
0.00080948274
0.00080919296
0.00080888468
0.00080857317
0.00080824143
0.00080790682
0.00080755009
0.00080719097
0.00080680763
0.00080642256
0.00080601094
0.00080559845
0.00080515682
0.00080471542
0.00080424198
0.00080377017
0.0008032631
0.00080275939
0.00080221677
0.00080167969
0.00080109958
0.00080052771
0.00079990812
0.00079930008
0.00079863898
0.00079799349
0.00079728879
0.00079660467
0.00079585425
0.00079513045
0.00079433216
0.00079356779
0.00079271947
0.00079191376
0.00079101333
0.00079016563
0.00078921112
0.00078832081
0.00078731058
0.00078637694
0.00078530987
0.00078433185
0.00078320765
0.00078218364
0.00078100306
0.00077993076
0.00077869561
0.00077757222
0.00077628475
0.00077510789
0.00077376938
0.00077253884
0.00077114777
0.0007698672
0.00076841862
0.00076709486
0.00076558403
0.00076422006
0.00076265285
0.00076123425
0.00075963956
0.00075812636
0.00075655319
0.00075490282
0.00075337659
0.00075160695
0.00075005982
0.00074829038
0.0007465837
0.00074492719
0.0007430449
0.00074138772
0.00073955992
0.0007376652
0.00073598939
0.0007340225
0.00073211408
0.00073045947
0.00072823678
0.00072658179
0.00072449554
0.00072271776
0.00072040588
0.00071896268
0.00071637301
0.00071506163
0.00071173315
0.00081168704
0.00081147531
0.0008112598
0.00081103132
0.00081079905
0.0008105526
0.00081030241
0.00081003673
0.00080976741
0.00080948116
0.00080919143
0.00080888321
0.00080857176
0.00080824009
0.00080790555
0.00080754889
0.00080718985
0.00080680658
0.0008064216
0.00080601007
0.00080559767
0.00080515613
0.00080471483
0.00080424149
0.00080376978
0.0008032628
0.00080275918
0.00080221666
0.00080167967
0.00080109966
0.00080052786
0.00079990836
0.00079930039
0.00079863936
0.00079799393
0.00079728929
0.00079660522
0.00079585484
0.00079513108
0.00079433282
0.00079356847
0.00079272017
0.00079191447
0.00079101404
0.00079016634
0.00078921183
0.00078832151
0.00078731126
0.00078637761
0.00078531051
0.00078433248
0.00078320824
0.00078218422
0.0007810036
0.00077993129
0.00077869609
0.00077757269
0.00077628516
0.0007751083
0.00077376974
0.00077253918
0.00077114808
0.00076986749
0.00076841887
0.00076709509
0.00076558423
0.00076422026
0.00076265298
0.00076123442
0.00075963964
0.0007581265
0.00075655323
0.00075490291
0.00075337663
0.00075160697
0.00075005988
0.00074829035
0.00074658374
0.00074492718
0.00074304484
0.00074138777
0.00073955982
0.0007376652
0.00073598938
0.0007340224
0.0007321141
0.00073045945
0.00072823667
0.00072658186
0.0007244955
0.00072271773
0.00072040588
0.00071896273
0.00071637301
0.00071506154
0.00071173355
0.00081168491
0.00081147319
0.00081125771
0.00081102925
0.000810797
0.00081055059
0.00081030043
0.00081003479
0.0008097655
0.0008094793
0.00080918962
0.00080888146
0.00080857006
0.00080823845
0.00080790397
0.00080754739
0.00080718842
0.00080680524
0.00080642034
0.0008060089
0.00080559659
0.00080515515
0.00080471394
0.0008042407
0.00080376908
0.00080326221
0.00080275869
0.00080221627
0.00080167937
0.00080109946
0.00080052775
0.00079990833
0.00079930044
0.00079863949
0.00079799412
0.00079728954
0.00079660552
0.00079585519
0.00079513147
0.00079433324
0.00079356891
0.00079272064
0.00079191494
0.00079101452
0.00079016682
0.00078921229
0.00078832197
0.0007873117
0.00078637803
0.0007853109
0.00078433285
0.00078320857
0.00078218453
0.00078100386
0.00077993153
0.00077869628
0.00077757287
0.00077628528
0.00077510841
0.00077376979
0.00077253922
0.00077114806
0.00076986746
0.00076841879
0.00076709501
0.00076558408
0.00076422012
0.00076265277
0.00076123425
0.00075963936
0.00075812629
0.0007565529
0.00075490264
0.0007533763
0.00075160661
0.00075005956
0.00074828992
0.00074658338
0.00074492677
0.00074304437
0.0007413874
0.0007395593
0.00073766476
0.00073598896
0.00073402184
0.00073211367
0.00073045898
0.00072823609
0.00072658144
0.00072449499
0.00072271718
0.00072040539
0.00071896226
0.00071637249
0.00071506092
0.00071173339
)
;

boundaryField
{
    inlet
    {
        type            calculated;
        value           nonuniform List<scalar> 
80
(
0.0008510262
0.0008510262
0.0008510262
0.0008510262
0.0008510262
0.0008510262
0.0008510262
0.0008510262
0.0008510262
0.0008510262
0.0008510262
0.00085102619
0.00085102619
0.00085102619
0.00085102619
0.00085102619
0.00085102619
0.00085102619
0.00085102619
0.00085102619
0.00085102619
0.00085102619
0.00085102619
0.00085102619
0.00085102618
0.00085102618
0.00085102618
0.00085102618
0.00085102617
0.00085102617
0.00085102617
0.00085102616
0.00085102616
0.00085102615
0.00085102615
0.00085102614
0.00085102613
0.00085102612
0.00085102611
0.0008510261
0.00085102609
0.00085102608
0.00085102606
0.00085102605
0.00085102603
0.00085102601
0.00085102599
0.00085102596
0.00085102593
0.0008510259
0.00085102587
0.00085102583
0.00085102578
0.00085102573
0.00085102568
0.00085102562
0.00085102555
0.00085102548
0.00085102539
0.0008510253
0.0008510252
0.00085102508
0.00085102496
0.00085102482
0.00085102467
0.0008510245
0.00085102431
0.0008510241
0.00085102387
0.00085102362
0.00085102334
0.00085102304
0.00085102271
0.00085102235
0.00085102196
0.00085102153
0.00085102107
0.00085102057
0.00085102004
0.00085101947
)
;
    }
    outlet
    {
        type            calculated;
        value           nonuniform List<scalar> 
80
(
3.5618839e-05
0.00027745946
0.00050307042
0.00073786835
0.00099364748
0.0012667813
0.0015558443
0.0018602418
0.0021797344
0.0025142383
0.0028637268
0.0032281725
0.0036075093
0.0040016022
0.0044102212
0.0048330157
0.0052694888
0.0057189691
0.0061805817
0.0066532156
0.0071354886
0.0076257099
0.0081218393
0.0086214437
0.0091216516
0.0096191029
0.010109898
0.010589582
0.011053201
0.011494964
0.011908349
0.012286049
0.012619903
0.012884858
0.013033952
0.013079578
0.01302638
0.012870122
0.012598933
0.01219722
0.011652951
0.010967812
0.010166969
0.0093021689
0.0084425247
0.0076517296
0.0069368501
0.006012031
0.004450675
0.0027525162
0.0014919809
0.0008858373
0.00073414696
0.00071490313
0.00071145131
0.00071136084
0.00071142299
0.00071148709
0.00071154182
0.00071158466
0.00071161802
0.00071164404
0.00071166435
0.00071168024
0.00071169269
0.00071170245
0.00071171008
0.00071171602
0.00071172072
0.00071172436
0.00071172715
0.00071172929
0.00071173091
0.00071173211
0.00071173297
0.00071173356
0.00071173392
0.00071173409
0.00071173412
0.00071173358
)
;
    }
    top
    {
        type            calculated;
        value           nonuniform List<scalar> 
110
(
0.00084377226
0.00083397312
0.00082742266
0.00082288015
0.00081971172
0.00081742817
0.00081580347
0.00081460777
0.00081374883
0.00081310943
0.0008126479
0.00081230216
0.000812052
0.00081186391
0.00081168358
0.00081147188
0.0008112564
0.00081102795
0.00081079572
0.00081054932
0.00081029917
0.00081003355
0.00080976428
0.00080947811
0.00080918845
0.00080888031
0.00080856894
0.00080823736
0.00080790291
0.00080754636
0.00080718743
0.00080680429
0.00080641943
0.00080600803
0.00080559577
0.00080515438
0.00080471321
0.00080424003
0.00080376847
0.00080326164
0.00080275818
0.00080221581
0.00080167896
0.0008010991
0.00080052744
0.00079990807
0.00079930023
0.00079863932
0.00079799399
0.00079728945
0.00079660546
0.00079585517
0.00079513147
0.00079433327
0.00079356896
0.00079272071
0.00079191503
0.00079101462
0.00079016693
0.00078921241
0.0007883221
0.00078731183
0.00078637817
0.00078531103
0.00078433298
0.0007832087
0.00078218466
0.00078100399
0.00077993166
0.0007786964
0.00077757298
0.00077628539
0.00077510852
0.00077376989
0.00077253932
0.00077114815
0.00076986755
0.00076841887
0.00076709508
0.00076558415
0.00076422019
0.00076265283
0.00076123431
0.00075963941
0.00075812634
0.00075655295
0.00075490268
0.00075337634
0.00075160665
0.0007500596
0.00074828995
0.00074658341
0.0007449268
0.0007430444
0.00074138743
0.00073955933
0.00073766479
0.00073598898
0.00073402186
0.0007321137
0.000730459
0.00072823611
0.00072658146
0.00072449501
0.00072271719
0.0007204054
0.00071896226
0.0007163725
0.00071506088
0.00071173358
)
;
    }
    upstreamWall
    {
        type            symmetryPlane;
    }
    plate
    {
        type            compressible::alphatJayatillekeWallFunction;
        value           uniform 0;
    }
    frontAndBack
    {
        type            empty;
    }
}


// ************************************************************************* //
