/*--------------------------------*- C++ -*----------------------------------*\
| =========                 |                                                 |
| \\      /  F ield         | OpenFOAM: The Open Source CFD Toolbox           |
|  \\    /   O peration     | Version:  2512                                  |
|   \\  /    A nd           | Website:  www.openfoam.com                      |
|    \\/     M anipulation  |                                                 |
\*---------------------------------------------------------------------------*/
FoamFile
{
    version     2.0;
    format      ascii;
    arch        "LSB;label=32;scalar=64";
    class       surfaceScalarField;
    location    "0.199986";
    object      phi;
}
// * * * * * * * * * * * * * * * * * * * * * * * * * * * * * * * * * * * * * //

dimensions      [1 0 -1 0 0 0 0];

oriented        oriented;

internalField   nonuniform List<scalar> 
17410
(
0.000180538
1.0585478e-08
0.0001805173
2.0698091e-08
0.00018048759
2.9711494e-08
0.00018045128
3.631542e-08
0.00018040981
4.146842e-08
0.0001803639
4.5905566e-08
0.00018031363
5.0272514e-08
0.0001802577
5.5928337e-08
0.00018019726
6.0441132e-08
0.00018011959
7.7669077e-08
0.00018006479
5.4798062e-08
0.00017980191
2.6287649e-07
0.00018039413
-5.9220669e-07
3.0769211e-06
0.00017731721
0.00019067935
2.1731547e-08
0.00019065749
4.2561193e-08
0.00019062612
6.1080273e-08
0.00019058778
7.4651578e-08
0.00019054401
8.523807e-08
0.00019049557
9.4346769e-08
0.00019044253
1.0331004e-07
0.00019038361
1.1485154e-07
0.00019031967
1.2437722e-07
0.00019024023
1.5710701e-07
0.00019016419
1.30839e-07
0.00019005763
3.69429e-07
0.00018952978
-6.43641e-08
1.8255934e-06
0.00019078114
0.00020139034
3.3495635e-08
0.00020136725
6.5652913e-08
0.00020133412
9.4208257e-08
0.00020129363
1.1513638e-07
0.00020124741
1.3145967e-07
0.00020119626
1.4549652e-07
0.00020114025
1.5931981e-07
0.00020107811
1.7699415e-07
0.00020101028
1.9220261e-07
0.00020092858
2.3880652e-07
0.00020083918
2.2023506e-07
0.00020073336
4.7525669e-07
0.00020046808
2.0093391e-07
1.913005e-06
0.00020038066
0.00021270299
4.5911043e-08
0.0002126786
9.0042323e-08
0.00021264362
1.2919371e-07
0.00021260086
1.5788964e-07
0.00021255205
1.8026971e-07
0.00021249805
1.9950409e-07
0.0002124389
2.1846896e-07
0.00021237337
2.4251883e-07
0.00021230148
2.6409564e-07
0.00021221664
3.2364482e-07
0.00021211942
3.1744597e-07
0.00021200269
5.9199307e-07
0.00021178027
4.2336751e-07
2.0354626e-06
0.00021165784
0.00022465111
5.9012709e-08
0.00022462535
1.1580236e-07
0.00022458841
1.6614031e-07
0.00022454326
2.0303756e-07
0.00022449172
2.3181201e-07
0.00022443469
2.5652634e-07
0.00022437223
2.8092996e-07
0.00022430314
3.116119e-07
0.00022422705
3.4018763e-07
0.0002241383
4.1239323e-07
0.00022403518
4.2055425e-07
0.00022391029
7.1690433e-07
0.0002236926
6.4106734e-07
2.1520803e-06
0.00022357595
0.00023727039
7.2837254e-08
0.00023724319
1.4301009e-07
0.00023720417
2.0515746e-07
0.00023715649
2.5071345e-07
0.00023710207
2.8623826e-07
0.00023704186
3.1672953e-07
0.00023697591
3.4688375e-07
0.00023690304
3.8447614e-07
0.00023682261
4.2062473e-07
0.00023672945
5.0555298e-07
0.00023662062
5.2937239e-07
0.00023648964
8.4789877e-07
0.00023627203
8.5870329e-07
2.2674014e-06
0.00023615672
0.00025059854
8.7423035e-08
0.0002505698
1.717469e-07
0.0002505286
2.4636055e-07
0.00025047825
3.0105767e-07
0.00025042078
3.4370815e-07
0.00025035722
3.8028827e-07
0.00025028759
4.165175e-07
0.00025021074
4.6132616e-07
0.00025012578
5.0558051e-07
0.0002500279
6.0343329e-07
0.0002499131
6.4416638e-07
0.00024977697
9.8405464e-07
0.00024955965
1.0760187e-06
2.3825636e-06
0.00024944445
0.00026467536
1.028102e-07
0.00026464501
2.0209878e-07
0.0002646015
2.8987134e-07
0.00026454834
3.5421853e-07
0.00026448765
4.043901e-07
0.00026442056
4.4738752e-07
0.00026434704
4.9002955e-07
0.00026426599
5.4238234e-07
0.00026417631
5.9525812e-07
0.00026407346
7.0628589e-07
0.00026395244
7.6517908e-07
0.00026381141
1.1251076e-06
0.00026359539
1.292063e-06
2.4975163e-06
0.00026348044
0.00027954292
1.1904072e-07
0.00027951086
2.3415653e-07
0.00027946492
3.3581822e-07
0.00027940878
4.1035205e-07
0.00027934471
4.6846131e-07
0.00027927388
5.1822107e-07
0.00027919628
5.6762617e-07
0.00027911079
6.2787214e-07
0.00027901617
6.8987546e-07
0.00027890812
8.1433898e-07
0.0002787807
8.9259024e-07
0.0002786348
1.2710303e-06
0.00027842102
1.5058332e-06
2.6116865e-06
0.00027830681
0.00029524564
1.3615842e-07
0.00029521178
2.6801611e-07
0.00029516326
3.8433664e-07
0.00029510399
4.6962315e-07
0.00029503634
5.3610867e-07
0.00029496157
5.9299394e-07
0.00029487967
6.4952705e-07
0.00029478951
7.18028e-07
0.00029468971
7.8967162e-07
0.00029457624
9.2781854e-07
0.0002944423
1.0265167e-06
0.00029429156
1.4217937e-06
0.00029408095
1.7164658e-06
2.7245491e-06
0.00029396809
0.00031183042
1.5420901e-07
0.00031179466
3.0377886e-07
0.00031174342
4.3556941e-07
0.00031168084
5.322052e-07
0.00031160942
6.0752879e-07
0.00031153049
6.7192057e-07
0.00031144406
7.3596057e-07
0.000311349
8.1309206e-07
0.00031124377
8.9489329e-07
0.00031112465
1.0469376e-06
0.00031098414
1.1670217e-06
0.00031082863
1.5773128e-06
0.000310622
1.923091e-06
2.8354196e-06
0.00031051109
0.00032934682
1.7324012e-07
0.00032930905
3.4155184e-07
0.00032925495
4.8966714e-07
0.00032918887
5.9828145e-07
0.00032911347
6.8292902e-07
0.00032903017
7.5522759e-07
0.00032893896
8.271698e-07
0.00032883874
9.1331368e-07
0.00032872783
1.0058e-06
0.00032860284
1.1719262e-06
0.00032845574
1.3141211e-06
0.00032829565
1.7374242e-06
0.0003280938
2.1249559e-06
2.9437694e-06
0.00032798544
0.00034784717
1.9330134e-07
0.00034780728
3.8144817e-07
0.00034775015
5.4678861e-07
0.00034768039
6.6804447e-07
0.00034760079
7.6252745e-07
0.00034751287
8.4315186e-07
0.00034741663
9.2340658e-07
0.00034731099
1.0189541e-06
0.00034719414
1.122653e-06
0.00034706306
1.3029959e-06
0.00034690941
1.4677716e-06
0.00034674498
1.9018555e-06
0.00034654861
2.3213216e-06
3.0489292e-06
0.00034644341
0.00036738675
2.1444414e-07
0.00036734461
4.2358735e-07
0.00036728429
6.0710127e-07
0.00036721064
7.4169774e-07
0.00036712661
8.4655402e-07
0.00036703382
9.3594351e-07
0.00036693229
1.0249383e-06
0.00036682096
1.1302824e-06
0.00036669789
1.2457225e-06
0.00036656052
1.4403657e-06
0.00036640041
1.6278888e-06
0.000366232
2.0702716e-06
0.00036604178
2.5115577e-06
3.1503311e-06
0.00036594036
0.00038802392
2.3672196e-07
0.00038797941
4.6809563e-07
0.00038791573
6.7078162e-07
0.00038783797
8.1945506e-07
0.00038774927
9.3525055e-07
0.00038765135
1.0338639e-06
0.00038754425
1.1320412e-06
0.00038742695
1.2475799e-06
0.0003872974
1.3752752e-06
0.00038715353
1.5842281e-06
0.0003869871
1.7943129e-06
0.00038681517
2.2422029e-06
0.00038663163
2.6950857e-06
3.2473121e-06
0.00038653463
0.00040982034
2.6019015e-07
0.00040977333
5.1510643e-07
0.0004097061
7.3801576e-07
0.00040962401
9.0154222e-07
0.00040953039
1.0288719e-06
0.00040942706
1.1371888e-06
0.0004093141
1.2450078e-06
0.00040919054
1.3711354e-06
0.00040905424
1.5115812e-06
0.00040890369
1.7347766e-06
0.00040873117
1.9668373e-06
0.00040855625
2.4171233e-06
0.00040837991
2.8714316e-06
3.3393353e-06
0.00040828787
0.00043284114
2.8490591e-07
0.00043279149
5.647607e-07
0.0004327205
8.0899983e-07
0.00043263385
9.8819647e-07
0.00043253503
1.1276859e-06
0.00043242602
1.2462063e-06
0.00043230688
1.3641393e-06
0.00043217677
1.5012496e-06
0.00043203345
1.6549025e-06
0.00043187606
1.8921612e-06
0.00043169772
2.1451726e-06
0.00043152046
2.5943748e-06
0.0004313517
3.0401827e-06
3.4258507e-06
0.00043126518
0.0004571551
3.1092835e-07
0.00045710265
6.1720742e-07
0.00045702771
8.8394058e-07
0.00045693624
1.0796683e-06
0.00045683195
1.2319746e-06
0.00045671693
1.36122e-06
0.00045659132
1.4897537e-06
0.00045645434
1.6382285e-06
0.00045630375
1.8054976e-06
0.00045613939
2.0565199e-06
0.00045595559
2.3289701e-06
0.00045577672
2.7732543e-06
0.00045561587
3.2010289e-06
3.5064303e-06
0.00045553528
0.00048283484
3.3831833e-07
0.00048277944
6.7260402e-07
0.00048270033
9.6305589e-07
0.00048260378
1.1762207e-06
0.00048249372
1.3420344e-06
0.00048237239
1.4825467e-06
0.00048223996
1.6221775e-06
0.0004820958
1.7823885e-06
0.00048193769
1.96361e-06
0.00048176627
2.2279295e-06
0.00048157747
2.5177749e-06
0.00048139773
2.9529869e-06
0.00048124503
3.3537213e-06
3.5806783e-06
0.00048117078
0.00050995711
3.671385e-07
0.00050989859
7.3111691e-07
0.00050981507
1.0465752e-06
0.00050971316
1.2781313e-06
0.00050959702
1.4581772e-06
0.00050946905
1.6105197e-06
0.00050932947
1.7617538e-06
0.00050917781
1.9340479e-06
0.00050901195
2.1294721e-06
0.00050883344
2.4064382e-06
0.00050864014
2.7110729e-06
0.00050846036
3.1327674e-06
0.00050831598
3.4980966e-06
3.6483137e-06
0.00050824834
0.00053860291
3.9745316e-07
0.00053854111
7.9292203e-07
0.00053845294
1.1347399e-06
0.00053834538
1.3856916e-06
0.00053822283
1.5807306e-06
0.00053808786
1.7454866e-06
0.00053794078
1.9088336e-06
0.0005377813
2.0935313e-06
0.00053760748
2.303292e-06
0.0005374219
2.5920094e-06
0.00053722468
2.9082868e-06
0.00053704574
3.3116987e-06
0.00053690981
3.6340246e-06
3.7091647e-06
0.00053684896
0.00056885786
4.2932827e-07
0.00056879257
8.5820554e-07
0.00056869951
1.2278031e-06
0.00056858599
1.4992087e-06
0.00056845668
1.7100401e-06
0.00056831436
1.887812e-06
0.00056815941
2.0637832e-06
0.00056799178
2.2611601e-06
0.00056780982
2.4852486e-06
0.00056761727
2.784563e-06
0.00056741676
3.1087991e-06
0.00056723956
3.4888889e-06
0.00056711215
3.7614331e-06
3.7631546e-06
0.00056705816
0.00060081232
4.6283134e-07
0.00060074336
9.271647e-07
0.00060064514
1.3260285e-06
0.00060052534
1.6190069e-06
0.00060038891
1.8464692e-06
0.00060023884
2.0378758e-06
0.00060007565
2.2269722e-06
0.00059989956
2.4372583e-06
0.00059970935
2.6754495e-06
0.00059950991
2.9840013e-06
0.00059930678
3.3119202e-06
0.0005991323
3.6633688e-06
0.00059901345
3.8802846e-06
3.8103074e-06
0.0005989663
0.00063456178
4.9803144e-07
0.00063448893
1.0000097e-06
0.00063438527
1.4296858e-06
0.00063425884
1.7454377e-06
0.00063411492
1.9903942e-06
0.00063395671
2.1960782e-06
0.00063378491
2.398774e-06
0.0006336
2.6221675e-06
0.00063340145
2.8739989e-06
0.00063319537
3.1900821e-06
0.00063299038
3.5169114e-06
0.0006328195
3.8342514e-06
0.00063270919
3.9905874e-06
3.8507234e-06
0.00063266877
0.00067020705
5.3499912e-07
0.00067013009
1.076968e-06
0.00067002074
1.5390437e-06
0.00066988725
1.8789192e-06
0.0006697355
2.1421483e-06
0.0006695687
2.3628825e-06
0.00066938794
2.5795253e-06
0.00066919388
2.8162327e-06
0.00066898689
3.0809817e-06
0.00066877458
3.4023879e-06
0.00066856852
3.7229662e-06
0.00066840209
4.0006826e-06
0.00066830029
4.0923852e-06
3.8845899e-06
0.00066826643
0.00070785466
5.7380648e-07
0.00070777333
1.1582941e-06
0.000707658
1.6543762e-06
0.00070751705
2.0198661e-06
0.00070735709
2.3021074e-06
0.00070718121
2.5387574e-06
0.00070699113
2.769608e-06
0.00070678766
3.0197026e-06
0.0007065722
3.29644e-06
0.00070635411
3.6204869e-06
0.00070614784
3.9292325e-06
0.00070598664
4.1618738e-06
0.00070589327
4.1857602e-06
3.91215e-06
0.0007058657
0.00074761706
6.1452719e-07
0.00074753111
1.2442356e-06
0.00074740945
1.77604e-06
0.00074726068
2.1686318e-06
0.00074709204
2.4707509e-06
0.00074690669
2.7241037e-06
0.00074670688
2.9694197e-06
0.00074649373
3.2328505e-06
0.00074626988
3.5202921e-06
0.00074604651
3.8438444e-06
0.00074584092
4.1348237e-06
0.0007456857
4.3170914e-06
0.00074560063
4.2708268e-06
3.9337017e-06
0.00074557909
0.00078961304
6.5723658e-07
0.00078952224
1.3350399e-06
0.00078939385
1.9044285e-06
0.0007892369
2.3255811e-06
0.00078905908
2.6485715e-06
0.00078886386
2.9193257e-06
0.00078865386
3.1794157e-06
0.0007884308
3.4559139e-06
0.00078819874
3.752354e-06
0.00078797073
4.0718538e-06
0.00078776671
4.3388443e-06
0.0007876181
4.4656945e-06
0.00078754119
4.3477395e-06
3.9495824e-06
0.0007875253
0.00083396811
7.0201184e-07
0.00083387217
1.4309702e-06
0.00083373668
2.0399202e-06
0.00083357112
2.4911466e-06
0.00083338364
2.8360447e-06
0.00083317808
3.1248853e-06
0.00083295751
3.3999848e-06
0.00083272435
3.6890798e-06
0.00083248426
3.9924408e-06
0.0008322523
4.3037999e-06
0.00083205077
4.5403732e-06
0.00083190935
4.6071178e-06
0.0008318404
4.4166827e-06
3.9601507e-06
0.00083182984
0.00088081474
7.4893217e-07
0.0008807134
1.5323089e-06
0.00088057042
2.1829027e-06
0.00088039577
2.6657882e-06
0.00088019816
3.0336615e-06
0.00087998179
3.3412574e-06
0.00087975027
3.6315048e-06
0.00087950689
3.9324543e-06
0.00087925902
4.2403076e-06
0.00087902391
4.5389123e-06
0.00087882579
4.7384966e-06
0.000878692
4.7409027e-06
0.0008786308
4.4778832e-06
3.9657883e-06
0.00087862516
0.00093029292
7.980792e-07
0.00093018587
1.6393568e-06
0.00093003499
2.333781e-06
0.0009298508
2.8499852e-06
0.00092964253
3.24193e-06
0.00092941486
3.5689238e-06
0.00092917203
3.8743323e-06
0.00092891837
4.1861178e-06
0.00092866311
4.4955584e-06
0.00092842571
4.7763156e-06
0.00092823185
4.9323532e-06
0.00092810606
4.866685e-06
0.00092805234
4.5316007e-06
3.9668807e-06
0.00092805125
0.00098255046
8.4953726e-07
0.00098243738
1.7524322e-06
0.00098227818
2.4929809e-06
0.00098208393
3.0442365e-06
0.00098186448
3.4613739e-06
0.00098162504
3.8083694e-06
0.00098137057
4.1288024e-06
0.0009811066
4.4500869e-06
0.00098084445
4.757704e-06
0.00098060572
5.0150533e-06
0.00098041691
5.121157e-06
0.00098029939
4.9842011e-06
0.00098025286
4.5781265e-06
3.9639008e-06
0.00098025585
0.0010377435
9.0339394e-07
0.0010376241
1.8718704e-06
0.0010374561
2.6609496e-06
0.0010372513
3.2490624e-06
0.0010370201
3.6925321e-06
0.0010367684
4.0600782e-06
0.001036502
4.3952145e-06
0.0010362278
4.7242959e-06
0.0010359593
5.0261472e-06
0.0010357202
5.2541691e-06
0.0010355373
5.3040985e-06
0.0010354281
5.0933002e-06
0.0010353885
4.617813e-06
3.9572089e-06
0.0010353952
0.0010960369
9.5974062e-07
0.0010959108
1.9980227e-06
0.0010957336
2.8381552e-06
0.0010955176
3.4650035e-06
0.0010952742
3.9359564e-06
0.0010950097
4.3245251e-06
0.0010947311
4.6738287e-06
0.0010944469
5.0085023e-06
0.0010941727
5.3003361e-06
0.0010939343
5.4925666e-06
0.0010937579
5.4805658e-06
0.0010936573
5.1938877e-06
0.0010936242
4.6509291e-06
3.9471993e-06
0.0010936342
0.0011576049
1.0186732e-06
0.0011574716
2.1312534e-06
0.0011572847
3.0250869e-06
0.0011570571
3.6926214e-06
0.0011568008
4.1922105e-06
0.0011565232
4.6021453e-06
0.0011562322
4.9648918e-06
0.0011559382
5.3024832e-06
0.001155659
5.5794658e-06
0.0011554223
5.7292851e-06
0.001155253
5.6498477e-06
0.0011551609
5.2859947e-06
0.0011551339
4.6779135e-06
3.9341742e-06
0.001155147
0.0012226313
1.0802927e-06
0.0012224906
2.2719299e-06
0.0012222935
3.2222643e-06
0.0012220536
3.9324915e-06
0.0012217839
4.4618777e-06
0.0012214928
4.8933145e-06
0.0012211889
5.2687083e-06
0.0012208855
5.6059596e-06
0.0012206024
5.8625478e-06
0.0012203684
5.9632935e-06
0.0012202068
5.8114123e-06
0.0012201231
5.3697201e-06
0.0012201018
4.6991696e-06
3.9185185e-06
0.0012201175
0.0012913105
1.1447063e-06
0.0012911621
2.4203963e-06
0.001290954
3.4303401e-06
0.0012907014
4.1850766e-06
0.0012904176
4.7457117e-06
0.0012901124
5.1984933e-06
0.0012897959
5.5851902e-06
0.0012894834
5.9185111e-06
0.0012891973
6.1486256e-06
0.001288967
6.1935745e-06
0.0012888136
5.9648159e-06
0.0012887381
5.4452371e-06
0.0012887221
4.7151086e-06
3.900594e-06
0.00128874
0.0013638477
1.2120279e-06
0.001363691
2.5770573e-06
0.0013634713
3.6500132e-06
0.0013632055
4.4508908e-06
0.0013629071
5.0441911e-06
0.0013625874
5.5181436e-06
0.0013622583
5.9143282e-06
0.0013619372
6.2395735e-06
0.0013616492
6.4366718e-06
0.0013614236
6.4191506e-06
0.0013612787
6.1097132e-06
0.0013612111
5.5127904e-06
0.0013612001
4.7261539e-06
3.8807336e-06
0.0013612199
0.0014404595
1.2823791e-06
0.0014402941
2.7424229e-06
0.0014400624
3.8817074e-06
0.0014397826
4.7307191e-06
0.0014394689
5.3578982e-06
0.0014391345
5.8524981e-06
0.0014387928
6.2560379e-06
0.0014384639
6.5684677e-06
0.001438175
6.7256001e-06
0.001437955
6.6390979e-06
0.0014378189
6.245855e-06
0.001437759
5.572677e-06
0.0014377524
4.7327266e-06
3.8592487e-06
0.0014377739
0.0015213748
1.35589e-06
0.0015212003
2.9169559e-06
0.001520956
4.1259577e-06
0.0015206615
5.0252718e-06
0.0015203319
5.6874064e-06
0.0015199826
6.2018479e-06
0.0015196285
6.6101289e-06
0.0015192926
6.9043877e-06
0.0015190039
7.0142783e-06
0.0015187904
6.8525592e-06
0.0015186632
6.3730895e-06
0.0015186106
5.6252429e-06
0.0015186081
4.7352484e-06
3.8364289e-06
0.0015186309
0.0016068354
1.4326999e-06
0.0016066512
3.1011244e-06
0.0016063938
4.3833692e-06
0.0016060839
5.3351966e-06
0.0016057381
6.0331898e-06
0.0016053734
6.5665385e-06
0.0016050072
6.9763199e-06
0.0016046652
7.2463719e-06
0.001604378
7.3015538e-06
0.0016041718
7.0587594e-06
0.0016040535
6.491357e-06
0.0016040079
5.6708706e-06
0.001604009
4.7341397e-06
3.812536e-06
0.0016040329
0.0016970966
1.5129583e-06
0.0016969023
3.2954089e-06
0.0016966311
4.6545761e-06
0.0016963051
5.6611431e-06
0.0016959426
6.395746e-06
0.0016955624
6.9467172e-06
0.0016951846
7.3541321e-06
0.0016948375
7.5934842e-06
0.0016945528
7.5862618e-06
0.0016943545
7.2570196e-06
0.0016942452
6.6006854e-06
0.0016942061
5.7099635e-06
0.0016942104
4.7297782e-06
3.7878128e-06
0.0016942351
0.001792428
1.5968247e-06
0.0017922231
3.5003021e-06
0.0017919375
4.9402266e-06
0.0017915948
6.0037599e-06
0.0017912151
6.7754561e-06
0.0017908193
7.3425668e-06
0.0017904304
7.7429902e-06
0.0017900793
7.9446092e-06
0.0017897983
7.867252e-06
0.0017896086
7.4467601e-06
0.0017895081
6.7011814e-06
0.0017894751
5.7429463e-06
0.0017894823
4.7225237e-06
3.7624652e-06
0.0017895077
0.0018931145
1.6844701e-06
0.0018928985
3.7163081e-06
0.0018925977
5.2409644e-06
0.0018922378
6.3636862e-06
0.0018918405
7.1727122e-06
0.001891429
7.7541139e-06
0.0018910298
8.1422294e-06
0.0018906759
8.2985099e-06
0.0018903997
8.1434093e-06
0.001890219
7.6275026e-06
0.0018901271
6.7930273e-06
0.0018900998
5.7702271e-06
0.0018901095
4.7128032e-06
3.7367049e-06
0.0018901353
0.0019994568
1.7760758e-06
0.0019992292
3.9439444e-06
0.0019989128
5.5573089e-06
0.0019985348
6.74176e-06
0.0019981195
7.5879598e-06
0.0019976926
8.1810646e-06
0.0019972838
8.5510237e-06
0.0019969284
8.6539076e-06
0.0019966581
8.4136664e-06
0.0019964867
7.798878e-06
0.0019964033
6.8764622e-06
0.0019963813
5.7922593e-06
0.0019963932
4.7008716e-06
3.7106805e-06
0.0019964192
0.0021117727
1.8718345e-06
0.0021115329
4.1838113e-06
0.0021112003
5.8898435e-06
0.0021108035
7.1385681e-06
0.0021103699
8.0215519e-06
0.0021099279
8.6230967e-06
0.0021095105
8.9683995e-06
0.0021091549
9.0094747e-06
0.0021088916
8.6770193e-06
0.0021087298
7.9606229e-06
0.0021086545
6.9517788e-06
0.0021086373
5.8094687e-06
0.0021086511
4.6870331e-06
3.6845278e-06
0.0021086773
0.0022303977
1.9719488e-06
0.002230145
4.4365726e-06
0.0022297956
6.2391845e-06
0.0022293797
7.554538e-06
0.0022289275
8.4737141e-06
0.0022284708
9.0797873e-06
0.002228046
9.3932522e-06
0.0022276916
9.363847e-06
0.002227436
8.9325493e-06
0.0022272841
8.1125757e-06
0.0022272166
7.0193114e-06
0.0022272038
5.8222659e-06
0.0022272192
4.6715597e-06
3.6583647e-06
0.0022272454
0.0023556863
2.0766316e-06
0.0023554202
4.7026256e-06
0.0023550532
6.6061947e-06
0.0023546175
7.9902382e-06
0.0023541468
8.9444491e-06
0.002353676
9.5505514e-06
0.0023532449
9.824341e-06
0.0023528931
9.7156463e-06
0.0023526462
9.1794254e-06
0.0023525041
8.2546694e-06
0.002352444
7.0794245e-06
0.0023524352
5.8310428e-06
0.0023524521
4.6546955e-06
3.6322861e-06
0.0023524782
0.0024880126
2.1861034e-06
0.0024877328
4.9824231e-06
0.0024873474
6.9915714e-06
0.0024868915
8.4461643e-06
0.0024864022
9.4337303e-06
0.0024859181
1.0034647e-05
0.0024854822
1.0260309e-05
0.0024851343
1.00635e-05
0.0024848968
9.4169227e-06
0.0024847646
8.386925e-06
0.0024847115
7.1325047e-06
0.0024847064
5.8361693e-06
0.0024847244
4.636655e-06
3.6063708e-06
0.0024847503
0.0026277721
2.3005928e-06
0.0026274781
5.2764668e-06
0.0026270737
7.3959186e-06
0.0026265972
8.9226971e-06
0.0026260895
9.9414212e-06
0.002625593
1.0531167e-05
0.0026251536
1.0699693e-05
0.002624811
1.0406066e-05
0.0026245835
9.6444223e-06
0.002624461
8.5094434e-06
0.0026244146
7.1789516e-06
0.0026244127
5.8379893e-06
0.0026244318
4.6176299e-06
3.5806816e-06
0.0026244575
0.0027753824
2.4203322e-06
0.0027750736
5.5852503e-06
0.0027746497
7.8198007e-06
0.0027741523
9.4200911e-06
0.0027736265
1.0467253e-05
0.0027731186
1.1039034e-05
0.0027726773
1.1140938e-05
0.0027723414
1.0742051e-05
0.0027721244
9.861418e-06
0.0027720114
8.6223956e-06
0.0027719712
7.2191695e-06
0.0027719723
5.8368316e-06
0.0027719922
4.5977858e-06
3.5552604e-06
0.0027720176
0.0029312843
2.5455571e-06
0.0029309603
5.9092444e-06
0.0029305163
8.2637274e-06
0.0029299981
9.9383674e-06
0.0029294544
1.1010934e-05
0.0029289364
1.1556981e-05
0.0029284949
1.1582428e-05
0.0029281668
1.1070224e-05
0.0029279607
1.0067516e-05
0.0029278571
8.72601e-06
0.0029278227
7.253546e-06
0.0029278265
5.8330413e-06
0.002927847
4.5772391e-06
3.5301185e-06
0.0029278722
0.0030959437
2.6765012e-06
0.0030956041
6.2488761e-06
0.0030951396
8.7281348e-06
0.0030946004
1.0477583e-05
0.0030940396
1.1571803e-05
0.0030935129
1.2083592e-05
0.0030930729
1.2022488e-05
0.0030927537
1.1389445e-05
0.0030925587
1.026243e-05
0.0030924642
8.8205641e-06
0.0030924353
7.2824788e-06
0.0030924415
5.8268345e-06
0.0030924626
4.5561518e-06
3.5053194e-06
0.0030924874
0.0032698525
2.8133932e-06
0.003269497
6.6043686e-06
0.0032690116
9.2135804e-06
0.0032684514
1.1037749e-05
0.0032678744
1.2148859e-05
0.0032673407
1.2617279e-05
0.0032669037
1.2459423e-05
0.0032665945
1.1698672e-05
0.003266411
1.0445982e-05
0.0032663252
8.9063753e-06
0.0032663013
7.3063563e-06
0.0032663096
5.8184654e-06
0.0032663312
4.5346231e-06
3.4808731e-06
0.0032663556
0.0034535304
2.9564515e-06
0.0034531588
6.9760065e-06
0.003452652
9.7203517e-06
0.0034520711
1.1618649e-05
0.003451479
1.2740985e-05
0.0034509399
1.3156301e-05
0.0034505078
1.289154e-05
0.0034502095
1.1996971e-05
0.0034500374
1.061809e-05
0.00344996
8.9837943e-06
0.0034499408
7.3255637e-06
0.0034499511
5.8081516e-06
0.003449973
4.5127267e-06
3.456792e-06
0.0034499971
0.0036475261
3.1058787e-06
0.003647138
7.3640756e-06
0.0036466098
1.0248541e-05
0.0036460086
1.2219823e-05
0.0036454027
1.3346873e-05
0.0036448603
1.369878e-05
0.0036444346
1.3317169e-05
0.0036441481
1.2283528e-05
0.0036439874
1.0778768e-05
0.003643918
9.0531955e-06
0.0036439031
7.3404418e-06
0.0036439151
5.7961264e-06
0.0036439373
4.4905524e-06
3.4330767e-06
0.003643961
0.0038524191
3.2618541e-06
0.0038520144
7.7688545e-06
0.0038514648
1.0798056e-05
0.0038508441
1.2840524e-05
0.003850226
1.3964987e-05
0.0038496821
1.4242718e-05
0.0038492646
1.3734688e-05
0.0038489904
1.2557654e-05
0.0038488411
1.0928108e-05
0.0038487793
9.1149692e-06
0.0038487684
7.3513174e-06
0.003848782
5.7825874e-06
0.0038488043
4.468184e-06
3.4097385e-06
0.0038488277
0.0040688218
3.4245258e-06
0.0040684001
8.1904842e-06
0.0040678295
1.1368637e-05
0.0040671903
1.3479775e-05
0.0040665617
1.459356e-05
0.0040660184
1.4786027e-05
0.0040656105
1.4142546e-05
0.0040653494
1.2818785e-05
0.0040652112
1.1066282e-05
0.0040651567
9.1695178e-06
0.0040651495
7.3585414e-06
0.0040651644
5.7676922e-06
0.0040651869
4.4456714e-06
3.3867853e-06
0.0040652098
0.0042973805
3.5940114e-06
0.0042969421
8.6289024e-06
0.0042963509
1.1959819e-05
0.0042956943
1.4136377e-05
0.0042950573
1.5230597e-05
0.0042945168
1.5326543e-05
0.00429412
1.4539283e-05
0.0042938723
1.3066484e-05
0.0042937451
1.1193525e-05
0.0042936973
9.2172493e-06
0.0042936935
7.3624095e-06
0.0042937096
5.7516119e-06
0.0042937321
4.4230868e-06
3.3642271e-06
0.0042937547
0.0045387783
3.770366e-06
0.0045383233
9.0838852e-06
0.0045377122
1.2570885e-05
0.0045370398
1.480884e-05
0.0045363965
1.5873884e-05
0.004535861
1.5862061e-05
0.0045354767
1.4923548e-05
0.0045352427
1.330044e-05
0.0045351261
1.1310133e-05
0.0045350848
9.2585769e-06
0.004535084
7.3632154e-06
0.0045351011
5.7345035e-06
0.0045351237
4.4004894e-06
3.3420751e-06
0.0045351459
0.0047937364
3.9535771e-06
0.0047932653
9.5550172e-06
0.0047926354
1.3200704e-05
0.0047919488
1.5495499e-05
0.0047913017
1.6520987e-05
0.0047907734
1.6390362e-05
0.0047904028
1.5294109e-05
0.0047901828
1.3520459e-05
0.0047900765
1.1416447e-05
0.0047900411
9.2939089e-06
0.0047900431
7.3612527e-06
0.0047900611
5.7165121e-06
0.0047900836
4.3779367e-06
3.3203426e-06
0.0047901054
0.0050630165
4.1435467e-06
0.0050625299
1.0041657e-05
0.0050618826
1.3847909e-05
0.0050611839
1.6194256e-05
0.0050605356
1.716928e-05
0.0050600167
1.6909236e-05
0.005059661
1.564987e-05
0.0050594549
1.3726462e-05
0.0050593585
1.1512854e-05
0.0050593288
9.3236569e-06
0.0050593332
7.356795e-06
0.005059352
5.6977809e-06
0.0050593744
4.3554884e-06
3.2990475e-06
0.0050593957
0.0053474234
4.3400107e-06
0.0053469221
1.0542976e-05
0.0053462591
1.4510878e-05
0.0053455509
1.6902551e-05
0.0053449042
1.7815957e-05
0.0053443969
1.741651e-05
0.0053440569
1.5989875e-05
0.0053438649
1.3918471e-05
0.005343778
1.1599774e-05
0.0053437534
9.348232e-06
0.0053437601
7.3500989e-06
0.0053437794
5.6784509e-06
0.0053438017
4.3332106e-06
3.2782122e-06
0.0053438225
0.0056478067
4.5426894e-06
0.0056472918
1.105786e-05
0.0056466152
1.5187476e-05
0.0056459003
1.761742e-05
0.0056452582
1.8458043e-05
0.0056447646
1.7910078e-05
0.0056444412
1.6313311e-05
0.0056442631
1.4096609e-05
0.0056441852
1.1677659e-05
0.0056441654
9.3680353e-06
0.005644174
7.3414425e-06
0.0056441938
5.6586597e-06
0.0056442159
4.3111592e-06
3.2578608e-06
0.0056442362
0.005965064
4.751124e-06
0.0059645372
1.1584724e-05
0.0059638495
1.5875184e-05
0.0059631313
1.8335625e-05
0.0059624969
1.9092426e-05
0.005962019
1.838791e-05
0.0059617128
1.661951e-05
0.0059615484
1.4261085e-05
0.005961479
1.1746982e-05
0.0059614636
9.383475e-06
0.005961474
7.331063e-06
0.0059614941
5.6385459e-06
0.0059615158
4.2894118e-06
3.2380281e-06
0.0059615357
0.0063001433
4.9646727e-06
0.0062996065
1.2121577e-05
0.0062989107
1.6570987e-05
0.0062981927
1.9053549e-05
0.0062975693
1.9715878e-05
0.0062971091
1.8848081e-05
0.0062968207
1.6907942e-05
0.0062966696
1.4412184e-05
0.0062966083
1.1808235e-05
0.0062965968
9.3949518e-06
0.0062966087
7.3192159e-06
0.006296629
5.618249e-06
0.0062966504
4.26804e-06
3.2187525e-06
0.0062966696
0.0066540458
5.1824882e-06
0.0066535015
1.2665958e-05
0.0066528011
1.7271323e-05
0.0066520875
1.9767196e-05
0.0066514783
2.0325073e-05
0.0066510376
1.9288768e-05
0.0066507673
1.717821e-05
0.0066506292
1.4550259e-05
0.0066505755
1.1861928e-05
0.0066505676
9.4028646e-06
0.0066505807
7.306154e-06
0.006650601
5.5979134e-06
0.0066506219
4.2471237e-06
3.2000781e-06
0.0066506406
0.0070278292
5.4034836e-06
0.0070272802
1.3214876e-05
0.0070265795
1.7972036e-05
0.0070258745
2.0472176e-05
0.007025283
2.0916605e-05
0.0070248635
1.9708264e-05
0.0070246117
1.7430036e-05
0.0070244862
1.4675719e-05
0.0070244396
1.1908578e-05
0.0070244348
9.40761e-06
0.0070244488
7.2921318e-06
0.0070244691
5.5776904e-06
0.0070244894
4.2267508e-06
3.1820566e-06
0.0070245075
0.0074226102
5.6262938e-06
0.0074220603
1.3764738e-05
0.007421364
1.8668328e-05
0.0074206725
2.1163708e-05
0.0074201021
2.1486999e-05
0.0074197054
2.0104969e-05
0.0074194722
1.766325e-05
0.0074193589
1.4789018e-05
0.0074193188
1.1948716e-05
0.0074193168
9.4095845e-06
0.0074193315
7.2774075e-06
0.0074193515
5.5577377e-06
0.0074193712
4.2070174e-06
3.1647479e-06
0.0074193885
0.0078395686
5.8492332e-06
0.0078390221
1.4311202e-05
0.0078383357
1.9354782e-05
0.0078376628
2.1836598e-05
0.0078371171
2.2032711e-05
0.0078367446
2.0477376e-05
0.0078365301
1.7877768e-05
0.0078364285
1.4890644e-05
0.0078363943
1.1982871e-05
0.0078363947
9.4091909e-06
0.0078364099
7.2622437e-06
0.0078364294
5.5382214e-06
0.0078364484
4.1880293e-06
3.148221e-06
0.0078364649
0.0082799503
6.0702501e-06
0.0082794124
1.4849166e-05
0.0082787419
2.0025225e-05
0.0082780933
2.2485222e-05
0.0082775759
2.2550115e-05
0.0082772292
2.0824054e-05
0.0082770334
1.807357e-05
0.0082769429
1.4981105e-05
0.0082769142
1.2011577e-05
0.0082769166
9.4068354e-06
0.0082769319
7.2469115e-06
0.0082769508
5.5193187e-06
0.0082769689
4.1699038e-06
3.1325548e-06
0.0082769846
0.0087450715
6.2868781e-06
0.0087445479
1.5372785e-05
0.0087439005
2.0672562e-05
0.0087432823
2.3103493e-05
0.0087427969
2.3035475e-05
0.0087424773
2.1143611e-05
0.0087423002
1.8250674e-05
0.0087422204
1.5060917e-05
0.0087421966
1.203537e-05
0.0087422005
9.4029222e-06
0.0087422158
7.2316948e-06
0.0087422339
5.5012227e-06
0.008742251
4.1527727e-06
3.1178408e-06
0.0087422657
0.0092363221
6.496183e-06
0.0092358196
1.5875271e-05
0.0092352033
2.12888e-05
0.009234622
2.3684794e-05
0.0092341726
2.3484895e-05
0.0092338816
2.1434638e-05
0.0092337232
1.8409095e-05
0.0092336535
1.5130589e-05
0.0092336341
1.205478e-05
0.0092336391
9.3978637e-06
0.0092336539
7.2168872e-06
0.009233671
5.4841394e-06
0.009233687
4.1367823e-06
3.1041845e-06
0.0092337007
0.0097551699
6.6947079e-06
0.0097546964
1.6348784e-05
0.0097541203
2.1864954e-05
0.0097535831
2.4221908e-05
0.0097531738
2.3894238e-05
0.0097529128
2.1695651e-05
0.0097527731
1.8548807e-05
0.0097527131
1.5190597e-05
0.0097526975
1.2070328e-05
0.0097527033
9.392088e-06
0.0097527174
7.2028089e-06
0.0097527332
5.4683015e-06
0.0097527479
4.1220999e-06
3.0917063e-06
0.0097527604
0.010303166
6.8784159e-06
0.01030273
1.6784313e-05
0.010302204
2.2390921e-05
0.010301719
2.4706887e-05
0.010301354
2.4259012e-05
0.010301125
2.1924992e-05
0.010301004
1.8669685e-05
0.010300953
1.5241363e-05
0.010300941
1.2082509e-05
0.010300947
9.3860154e-06
0.01030096
7.1897904e-06
0.010300975
5.4539633e-06
0.010300988
4.1089194e-06
3.0805527e-06
0.010300999
0.010881947
7.0426333e-06
0.01088156
1.7171551e-05
0.010881095
2.2855316e-05
0.010880671
2.5130881e-05
0.010880356
2.4574195e-05
0.010880161
2.2120705e-05
0.010880059
1.8771447e-05
0.010880017
1.5283245e-05
0.010880008
1.2091815e-05
0.010880014
9.3800892e-06
0.010880025
7.1781863e-06
0.010880038
5.4413996e-06
0.010880049
4.0974522e-06
3.0708855e-06
0.010880059
0.011493244
7.1819912e-06
0.011492916
1.7498754e-05
0.011492527
2.3245273e-05
0.011492174
2.5483897e-05
0.011491914
2.4833999e-05
0.011491754
2.2280331e-05
0.011491672
1.8853495e-05
0.011491639
1.5316446e-05
0.011491632
1.2098708e-05
0.011491637
9.3747973e-06
0.011491647
7.1684218e-06
0.011491657
5.4309496e-06
0.011491667
4.0879584e-06
3.0629017e-06
0.011491675
0.012138882
7.2903696e-06
0.012138629
1.7752555e-05
0.012138328
2.354618e-05
0.012138057
2.5754497e-05
0.012137859
2.503162e-05
0.012137739
2.2400762e-05
0.012137678
1.8914827e-05
0.012137653
1.5340909e-05
0.012137648
1.210348e-05
0.012137653
9.3705417e-06
0.01213766
7.1609108e-06
0.012137668
5.4229907e-06
0.012137675
4.0807562e-06
3.0568558e-06
0.012137681
0.012820793
7.3609069e-06
0.012820627
1.7917715e-05
0.012820432
2.374123e-05
0.012820258
2.5929205e-05
0.012820131
2.5158704e-05
0.012820053
2.2477954e-05
0.012820014
1.8954043e-05
0.012819999
1.5356505e-05
0.012819996
1.2106474e-05
0.012819998
9.3677645e-06
0.012820003
7.1560668e-06
0.012820008
5.4178842e-06
0.012820013
4.0761537e-06
3.0530036e-06
0.012820017
0.013541012
0.013540952
0.013540881
0.013540818
0.013540772
0.013540744
0.013540729
0.013540723
0.013540721
0.013540722
0.013540723
0.013540725
0.013540727
0.013540728
0.00016438177
1.2935433e-05
0.0001467397
1.7642057e-05
0.00012979986
1.6939856e-05
0.00011733417
1.2465693e-05
0.00011064244
6.691754e-06
0.0001086819
1.9605403e-06
0.00010907899
-3.9731145e-07
0.00010983476
-7.5563271e-07
0.00011010192
-2.6716149e-07
0.00010975695
3.4496173e-07
0.00010902859
7.2837452e-07
0.00010813182
8.9697611e-07
0.00010716908
9.6258298e-07
0.00010617009
9.989918e-07
0.00010514949
1.0206033e-06
0.00010413192
1.0175595e-06
0.0001031409
9.9093943e-07
0.00010218312
9.57854e-07
0.00010125718
9.2594806e-07
0.00010036489
8.9229975e-07
9.9507049e-05
8.578387e-07
9.8687357e-05
8.1968886e-07
9.7908007e-05
7.7934618e-07
9.7163082e-05
7.4492878e-07
9.6447085e-05
7.159978e-07
9.5757062e-05
6.9002323e-07
9.5093115e-05
6.6394702e-07
9.4456569e-05
6.3654509e-07
9.3845043e-05
6.1152673e-07
9.3254704e-05
5.9033867e-07
9.2682822e-05
5.7188097e-07
9.2129448e-05
5.5337448e-07
9.159469e-05
5.3475788e-07
9.1076758e-05
5.1793208e-07
9.0573691e-05
5.0306655e-07
9.0084121e-05
4.8957084e-07
8.960842e-05
4.7570113e-07
8.9145537e-05
4.6288243e-07
8.8694032e-05
4.5150511e-07
8.8253411e-05
4.4062077e-07
8.7823545e-05
4.2986565e-07
8.7403387e-05
4.2015862e-07
8.699186e-05
4.1152613e-07
8.6589035e-05
4.0282519e-07
8.6194743e-05
3.9429212e-07
8.5808054e-05
3.8668921e-07
8.54285e-05
3.7955395e-07
8.5056145e-05
3.7235505e-07
8.4690471e-05
3.65674e-07
8.4330955e-05
3.5951602e-07
8.3977427e-05
3.5352748e-07
8.3629566e-05
3.4786074e-07
8.3287149e-05
3.4241732e-07
8.2949902e-05
3.372465e-07
8.2617445e-05
3.3245677e-07
8.2289878e-05
3.2756725e-07
8.1966746e-05
3.231324e-07
8.164781e-05
3.189362e-07
8.1333142e-05
3.1466739e-07
8.1022452e-05
3.1069013e-07
8.071552e-05
3.0693221e-07
8.0412282e-05
3.0323821e-07
8.0112629e-05
2.996522e-07
7.9816346e-05
2.9628306e-07
7.9523464e-05
2.928826e-07
7.9233826e-05
2.8963729e-07
7.8947218e-05
2.8660872e-07
7.8663647e-05
2.8357061e-07
7.838297e-05
2.8067763e-07
7.810506e-05
2.7791032e-07
7.782992e-05
2.7514039e-07
7.7557429e-05
2.7249085e-07
7.7287526e-05
2.6990341e-07
7.7020135e-05
2.6739139e-07
7.6755195e-05
2.6494052e-07
7.6492592e-05
2.62603e-07
7.6232344e-05
2.6024828e-07
7.5974326e-05
2.5801862e-07
7.5718543e-05
2.5578279e-07
7.5464887e-05
2.5365573e-07
7.5213354e-05
2.5153304e-07
7.4963842e-05
2.4951236e-07
7.4716386e-05
2.4745604e-07
7.4470874e-05
2.4551139e-07
7.4227316e-05
2.4355813e-07
7.3985623e-05
2.4169283e-07
7.3745825e-05
2.3979756e-07
7.3507749e-05
2.3807611e-07
7.3271526e-05
2.3622318e-07
7.3036798e-05
2.3472761e-07
7.2803917e-05
2.3287981e-07
7.2572731e-05
2.311861e-07
7.2338242e-05
2.3448864e-07
7.2122733e-05
2.1550911e-07
7.185517e-05
2.6756316e-07
1.9689958e-07
0.00019485376
8.8628827e-06
0.00019685065
1.5645111e-05
0.0001947441
1.9046381e-05
0.00018925546
1.795446e-05
0.00018199676
1.3950351e-05
0.00017437863
9.5786853e-06
0.00016742647
6.5546087e-06
0.00016168819
4.9827766e-06
0.0001571653
4.2555988e-06
0.00015363731
3.8730263e-06
0.00015082019
3.5454543e-06
0.00014841986
3.2975241e-06
0.00014625358
3.1287711e-06
0.00014424579
3.0067326e-06
0.00014237915
2.8872508e-06
0.00014064386
2.7528371e-06
0.00013902107
2.6136547e-06
0.00013748929
2.4896917e-06
0.00013603773
2.3775266e-06
0.00013466295
2.2670843e-06
0.00013336154
2.1592513e-06
0.00013213168
2.0495423e-06
0.00013096933
1.9416927e-06
0.00012986503
1.8492353e-06
0.00012881222
1.7688122e-06
0.0001278068
1.6954366e-06
0.00012684674
1.6240088e-06
0.00012593073
1.5525593e-06
0.00012505466
1.4875976e-06
0.00012421381
1.4311845e-06
0.00012340473
1.3809558e-06
0.00012262609
1.332021e-06
0.00012187664
1.2842042e-06
0.00012115377
1.2408022e-06
0.00012045486
1.2019745e-06
0.00011977798
1.1664507e-06
0.00011912256
1.1311203e-06
0.000118487
1.0984497e-06
0.00011786943
1.0690773e-06
0.00011726882
1.0412226e-06
0.00011668451
1.0141759e-06
0.00011611513
9.8954179e-07
0.00011555929
9.6736481e-07
0.0001150166
9.4551939e-07
0.00011448654
9.2434432e-07
0.00011396803
9.0520331e-07
0.00011346034
8.8724741e-07
0.00011296322
8.694766e-07
0.00011247599
8.5290394e-07
0.00011199794
8.3755751e-07
0.00011152871
8.2276127e-07
0.00011106779
8.0877876e-07
0.00011061482
7.9539108e-07
0.00011016936
7.8270258e-07
0.00010973093
7.7088513e-07
0.00010929946
7.5903869e-07
0.00010887443
7.4816101e-07
0.00010845547
7.3789975e-07
0.00010804255
7.2759047e-07
0.00010763529
7.179453e-07
0.00010723341
7.0880938e-07
0.00010683675
6.9990631e-07
0.00010644512
6.9127384e-07
0.00010605827
6.8314142e-07
0.00010567613
6.7501487e-07
0.00010529854
6.6723146e-07
0.0001049252
6.5995195e-07
0.00010455606
6.5270824e-07
0.00010419094
6.4579382e-07
0.00010382966
6.3919371e-07
0.00010347219
6.3261024e-07
0.00010311836
6.2632273e-07
0.00010276809
6.2017134e-07
0.00010242125
6.1422888e-07
0.00010207777
6.0842274e-07
0.00010173748
6.0289293e-07
0.00010140039
5.9734091e-07
0.00010106633
5.9208202e-07
0.0001007353
5.8681221e-07
0.00010040714
5.818168e-07
0.00010008185
5.7681528e-07
9.9759283e-05
5.720833e-07
9.9439486e-05
5.6725286e-07
9.9122287e-05
5.6271073e-07
9.8807722e-05
5.5812243e-07
9.8495632e-05
5.5378263e-07
9.8186095e-05
5.493344e-07
9.7878844e-05
5.4532701e-07
9.7574071e-05
5.4099667e-07
9.7271312e-05
5.3748571e-07
9.6970895e-05
5.332968e-07
9.6673125e-05
5.2895545e-07
9.6369844e-05
5.3776967e-07
9.6095087e-05
4.902658e-07
9.5743016e-05
6.1963423e-07
4.4468914e-07
0.0002010593
8.1842129e-06
0.0002026407
1.4063608e-05
0.00020449027
1.7196834e-05
0.00020550641
1.6938282e-05
0.00020500857
1.4448242e-05
0.0002027252
1.1862012e-05
0.00019874061
1.0539072e-05
0.0001935393
1.0184161e-05
0.00018788054
9.914424e-06
0.00018253028
9.2232459e-06
0.00017791888
8.1568895e-06
0.00017411052
7.1059944e-06
0.00017090202
6.3371607e-06
0.00016809901
5.8097517e-06
0.00016561418
5.3720742e-06
0.0001633764
4.9906224e-06
0.00016131871
4.6712886e-06
0.00015939795
4.410501e-06
0.00015760011
4.1753719e-06
0.00015591623
3.950962e-06
0.00015433646
3.7390177e-06
0.00015285268
3.5333269e-06
0.00015145355
3.3408164e-06
0.0001501251
3.1776908e-06
0.00014886162
3.0322917e-06
0.00014765939
2.8976648e-06
0.00014651539
2.768009e-06
0.00014542606
2.6418897e-06
0.00014438509
2.528571e-06
0.00014338716
2.4291088e-06
0.00014242905
2.3390635e-06
0.00014150915
2.2519277e-06
0.00014062517
2.1681812e-06
0.00013977344
2.0925324e-06
0.00013895101
2.0244025e-06
0.00013815598
1.9614817e-06
0.00013738736
1.8997393e-06
0.0001366429
1.8429163e-06
0.00013592043
1.7915433e-06
0.00013521881
1.7428415e-06
0.00013453704
1.6959463e-06
0.00013387339
1.6531865e-06
0.00013322636
1.614403e-06
0.00013259538
1.5764997e-06
0.00013197967
1.5400555e-06
0.00013137793
1.5069346e-06
0.00013078939
1.4757899e-06
0.00013021362
1.4452485e-06
0.00012964976
1.4167662e-06
0.00012909701
1.3903044e-06
0.00012855489
1.3648769e-06
0.00012802279
1.3408817e-06
0.00012750024
1.3179452e-06
0.00012698671
1.2962346e-06
0.00012648164
1.2759525e-06
0.00012598487
1.2558027e-06
0.00012549582
1.237214e-06
0.00012501404
1.2196762e-06
0.00012453946
1.202176e-06
0.00012407162
1.185785e-06
0.0001236102
1.1702324e-06
0.00012315496
1.1551385e-06
0.00012270571
1.1405231e-06
0.00012226212
1.1267332e-06
0.00012182411
1.1130226e-06
0.00012139147
1.0998799e-06
0.00012096385
1.0875672e-06
0.00012054119
1.0753656e-06
0.00012012328
1.0637121e-06
0.00011970988
1.0525941e-06
0.00011930096
1.0415312e-06
0.00011889631
1.0309728e-06
0.00011849584
1.0206377e-06
0.00011809939
1.0106765e-06
0.00011770687
1.0009417e-06
0.00011731809
9.9167382e-07
0.00011693305
9.8238953e-07
0.00011655154
9.7359174e-07
0.00011617356
9.6478418e-07
0.00011579893
9.564461e-07
0.00011542766
9.4809178e-07
0.00011505954
9.4020516e-07
0.00011469464
9.3215186e-07
0.00011433275
9.245941e-07
0.00011397393
9.1694586e-07
0.00011361797
9.0974045e-07
0.00011326497
9.0233197e-07
0.00011291463
8.9567439e-07
0.00011256714
8.8848233e-07
0.00011222201
8.8261841e-07
0.00011187953
8.7577294e-07
0.00011154024
8.6824435e-07
0.00011119439
8.8362388e-07
0.00011088181
8.0284547e-07
0.00011047894
1.022506e-06
7.2504784e-07
0.000211764
8.0780561e-06
0.00021211428
1.371311e-05
0.00021268048
1.6630638e-05
0.00021333843
1.6280476e-05
0.00021388679
1.3899918e-05
0.00021416174
1.1587038e-05
0.00021399889
1.0701847e-05
0.00021307219
1.1110759e-05
0.00021101887
1.1967634e-05
0.00020768131
1.256086e-05
0.00020331638
1.2521714e-05
0.00019863926
1.1783367e-05
0.00019430608
1.0670229e-05
0.00019054778
9.5680777e-06
0.00018727863
8.6412043e-06
0.00018436882
7.9004362e-06
0.00018175929
7.280775e-06
0.00017938853
6.7812901e-06
0.00017721049
6.3534302e-06
0.00017519503
5.966418e-06
0.00017331948
5.6145719e-06
0.0001715675
5.2853046e-06
0.00016991792
4.9903919e-06
0.00016835306
4.7425554e-06
0.00016687063
4.5147188e-06
0.00016546592
4.3023766e-06
0.00016413372
4.1002157e-06
0.00016286725
3.9083544e-06
0.00016165776
3.7380671e-06
0.00016049982
3.5870393e-06
0.00015939062
3.4482683e-06
0.00015832819
3.314361e-06
0.00015730883
3.1875348e-06
0.0001563275
3.0738683e-06
0.00015538114
2.9707548e-06
0.00015446809
2.8745395e-06
0.0001535868
2.7810283e-06
0.00015273417
2.695546e-06
0.00015190774
2.6179671e-06
0.00015110634
2.5442446e-06
0.00015032862
2.4736652e-06
0.00014957238
2.4094244e-06
0.000148836
2.3507897e-06
0.0001481188
2.2936935e-06
0.00014741967
2.2391838e-06
0.0001467371
2.1895099e-06
0.00014607024
2.1426503e-06
0.00014541849
2.0969963e-06
0.00014478077
2.0544913e-06
0.00014415619
2.0148769e-06
0.00014354418
1.9768853e-06
0.00014294397
1.9410952e-06
0.00014235499
1.9069237e-06
0.00014177662
1.8746084e-06
0.00014120821
1.8443565e-06
0.00014064953
1.8144896e-06
0.00014009987
1.7868734e-06
0.00013955875
1.7607899e-06
0.00013902603
1.7349007e-06
0.00013850117
1.7106481e-06
0.0001379838
1.6876039e-06
0.00013747363
1.665302e-06
0.00013697041
1.6437401e-06
0.00013647377
1.6233728e-06
0.0001359836
1.6031968e-06
0.00013549962
1.5838597e-06
0.00013502147
1.5657152e-06
0.00013454905
1.5477896e-06
0.00013408209
1.5306711e-06
0.00013362035
1.5143388e-06
0.00013316375
1.4981263e-06
0.00013271207
1.4826579e-06
0.00013226519
1.4675191e-06
0.00013182291
1.4529486e-06
0.00013138514
1.4387141e-06
0.00013095165
1.4251626e-06
0.00013052243
1.4116159e-06
0.00013009725
1.3987725e-06
0.0001296761
1.3859313e-06
0.00012925877
1.3737801e-06
0.00012884525
1.3616099e-06
0.00012843532
1.3501296e-06
0.00012802906
1.3384178e-06
0.00012762622
1.3274324e-06
0.00012722685
1.3163138e-06
0.00012683073
1.3058583e-06
0.00012643796
1.2950992e-06
0.00012604821
1.285433e-06
0.00012566167
1.2750143e-06
0.00012527783
1.2664616e-06
0.00012489694
1.2566631e-06
0.00012451975
1.2454363e-06
0.00012413514
1.2682319e-06
0.00012378769
1.150299e-06
0.00012333931
1.4708764e-06
1.0356207e-06
0.00022365567
7.9982466e-06
0.00022390092
1.3467905e-05
0.00022421097
1.6320665e-05
0.00022447663
1.6014736e-05
0.00022464749
1.3729067e-05
0.00022475883
1.1475702e-05
0.00022486822
1.0592355e-05
0.00022496792
1.101115e-05
0.00022494498
1.19907e-05
0.00022454737
1.2958311e-05
0.00022338609
1.3683121e-05
0.00022109347
1.4076041e-05
0.00021770354
1.4060095e-05
0.00021372782
1.3543764e-05
0.00020973067
1.263837e-05
0.00020605291
1.1578185e-05
0.00020275076
1.0582897e-05
0.00019975958
9.7725011e-06
0.00019704838
9.0646288e-06
0.00019457354
8.4412703e-06
0.00019229112
7.8969846e-06
0.00019017607
7.4003549e-06
0.00018820639
6.9600665e-06
0.00018636096
6.5879835e-06
0.00018462564
6.2500437e-06
0.00018298886
5.9391592e-06
0.00018144169
5.6473839e-06
0.00017997302
5.3770214e-06
0.00017857143
5.1396611e-06
0.00017723252
4.925942e-06
0.00017595394
4.7268482e-06
0.00017473264
4.5356647e-06
0.00017356263
4.3575479e-06
0.00017243724
4.1992511e-06
0.00017135394
4.0540606e-06
0.00017031126
3.9172152e-06
0.00016930668
3.7856106e-06
0.00016833596
3.6662623e-06
0.00016739644
3.5574953e-06
0.00016648697
3.4537104e-06
0.00016560574
3.3549002e-06
0.00016474986
3.2652957e-06
0.00016391769
3.1829667e-06
0.00016310842
3.102963e-06
0.00016232048
3.0271263e-06
0.00016155209
2.9578957e-06
0.0001608024
2.8923436e-06
0.00016007054
2.8288525e-06
0.00015935514
2.7698922e-06
0.00015865527
2.7147449e-06
0.00015797021
2.6619456e-06
0.00015729899
2.6123127e-06
0.00015664096
2.5649594e-06
0.00015599535
2.5202153e-06
0.00015536144
2.4782652e-06
0.00015473887
2.4370613e-06
0.00015412683
2.3989158e-06
0.00015352478
2.3628332e-06
0.00015293249
2.3271924e-06
0.00015234933
2.2938138e-06
0.00015177487
2.2620592e-06
0.00015120877
2.2313996e-06
0.00015065071
2.2018063e-06
0.00015010025
2.1738262e-06
0.00014955725
2.1461974e-06
0.00014902138
2.1197354e-06
0.00014849223
2.0948677e-06
0.00014796965
2.0703668e-06
0.00014745334
2.0469794e-06
0.00014694302
2.0246604e-06
0.00014643859
2.0025603e-06
0.00014593977
1.9814784e-06
0.00014544643
1.9608568e-06
0.00014495835
1.9410302e-06
0.00014447539
1.9216736e-06
0.00014399731
1.9032434e-06
0.00014352406
1.88486e-06
0.00014305542
1.867421e-06
0.00014259133
1.8500122e-06
0.00014213158
1.8335395e-06
0.00014167613
1.8170576e-06
0.00014122475
1.8015109e-06
0.00014077749
1.7856767e-06
0.0001403341
1.7708222e-06
0.00013989461
1.7557987e-06
0.00013945879
1.7416824e-06
0.00013902672
1.7271622e-06
0.00013859805
1.7141046e-06
0.00013817299
1.700079e-06
0.00013775097
1.688475e-06
0.00013733222
1.6754212e-06
0.00013691769
1.659957e-06
0.00013649497
1.6909531e-06
0.00013611303
1.532245e-06
0.0001356202
1.963703e-06
1.3760075e-06
0.00023623777
7.9172105e-06
0.0002364797
1.3225861e-05
0.00023677511
1.602519e-05
0.00023699848
1.5791488e-05
0.00023709491
1.3632693e-05
0.0002371054
1.1465197e-05
0.00023710331
1.0594346e-05
0.00023713235
1.098208e-05
0.00023719626
1.1926758e-05
0.00023726878
1.2885729e-05
0.00023728081
1.3671109e-05
0.00023705834
1.4298592e-05
0.00023630545
1.481297e-05
0.00023467044
1.5178816e-05
0.00023203168
1.5277082e-05
0.00022865454
1.4955356e-05
0.0002249966
1.4240795e-05
0.00022144381
1.332532e-05
0.0002181405
1.2367951e-05
0.000215079
1.1502776e-05
0.00021224745
1.0728537e-05
0.00020964112
1.0006677e-05
0.00020723259
9.368594e-06
0.00020500205
8.818523e-06
0.00020292586
8.326238e-06
0.00020098134
7.8836804e-06
0.00019915305
7.4756705e-06
0.00019742825
7.1018251e-06
0.00019579558
6.7723326e-06
0.00019424641
6.4751126e-06
0.00019277286
6.200396e-06
0.00019136918
5.9393402e-06
0.00019002615
5.7005772e-06
0.0001887359
5.4895062e-06
0.00018749712
5.2928398e-06
0.00018630813
5.1062012e-06
0.00018516471
4.9290332e-06
0.0001840613
4.7696751e-06
0.00018299521
4.6235866e-06
0.00018196542
4.4834954e-06
0.00018096931
4.3510101e-06
0.00018000312
4.2314815e-06
0.00017906531
4.120777e-06
0.00017815488
4.0133967e-06
0.00017726963
3.9123776e-06
0.00017640752
3.8200079e-06
0.00017556767
3.7321869e-06
0.00017474887
3.6476524e-06
0.00017394938
3.5693858e-06
0.00017316826
3.4958652e-06
0.00017240459
3.4256182e-06
0.00017165714
3.3597553e-06
0.00017092517
3.2969295e-06
0.00017020777
3.2376186e-06
0.00016950408
3.1819561e-06
0.00016881361
3.127527e-06
0.00016813542
3.0771086e-06
0.00016746892
3.029336e-06
0.00016681374
2.9823674e-06
0.00016616915
2.9384045e-06
0.00016553468
2.8965319e-06
0.00016490989
2.8561936e-06
0.00016429437
2.8173236e-06
0.00016368765
2.780544e-06
0.00016308951
2.7443351e-06
0.00016249956
2.7096896e-06
0.00016191734
2.6770855e-06
0.00016134266
2.6450442e-06
0.00016077516
2.6144798e-06
0.00016021452
2.5853004e-06
0.0001596606
2.5564823e-06
0.00015911309
2.5289959e-06
0.00015857181
2.5021311e-06
0.00015803652
2.4763251e-06
0.00015750704
2.4511528e-06
0.0001569831
2.4271805e-06
0.00015646464
2.4033237e-06
0.00015595138
2.3806794e-06
0.00015544328
2.3581134e-06
0.00015494006
2.336758e-06
0.0001544417
2.3154196e-06
0.00015394792
2.2952861e-06
0.00015345878
2.2748224e-06
0.00015297398
2.2556153e-06
0.00015249357
2.2362139e-06
0.00015201726
2.2179882e-06
0.00015154516
2.199263e-06
0.00015107687
2.1823964e-06
0.00015061259
2.1643552e-06
0.00015015177
2.1493022e-06
0.00014969451
2.1326728e-06
0.00014924208
2.1123909e-06
0.0001487807
2.152336e-06
0.00014836363
1.9493068e-06
0.00014782586
2.5014757e-06
1.7466523e-06
0.00024952696
7.8346445e-06
0.00024977311
1.2979811e-05
0.00025007144
1.572695e-05
0.00025029601
1.556679e-05
0.00025038751
1.3541191e-05
0.0002503819
1.1470803e-05
0.00025035309
1.0623128e-05
0.00025034658
1.0988677e-05
0.00025037066
1.190271e-05
0.00025041674
1.2839665e-05
0.00025047361
1.3614251e-05
0.00025052527
1.4246961e-05
0.00025053247
1.4805724e-05
0.00025038594
1.5325279e-05
0.00024987308
1.5789997e-05
0.00024867614
1.6152278e-05
0.00024659125
1.6325676e-05
0.00024372351
1.6193071e-05
0.00024040504
1.5686423e-05
0.00023699576
1.4912052e-05
0.00023372196
1.4002334e-05
0.00023062292
1.310572e-05
0.00022768363
1.2307878e-05
0.0002249479
1.1554263e-05
0.00022241101
1.086312e-05
0.00022004612
1.0248573e-05
0.00021783757
9.6842213e-06
0.00021577022
9.1691787e-06
0.00021383117
8.7113845e-06
0.00021200694
8.2993424e-06
0.00021028212
7.9252106e-06
0.00020864609
7.5753682e-06
0.00020708976
7.2569098e-06
0.00020560545
6.9738138e-06
0.00020418717
6.7111208e-06
0.00020282993
6.4634418e-06
0.00020152697
6.2319899e-06
0.00020027144
6.0252143e-06
0.00019906117
5.8338571e-06
0.00019789505
5.6496129e-06
0.000196769
5.4770575e-06
0.00019567837
5.3221133e-06
0.00019462197
5.1771763e-06
0.00019359835
5.0370149e-06
0.00019260451
4.9062164e-06
0.00019163816
4.7863581e-06
0.00019069843
4.6719195e-06
0.00018978353
4.5625516e-06
0.00018889132
4.4615904e-06
0.00018802094
4.366253e-06
0.00018717112
4.2754341e-06
0.00018634034
4.190532e-06
0.00018552777
4.1095014e-06
0.0001847323
4.0330949e-06
0.0001839529
3.9613513e-06
0.00018318895
3.8914733e-06
0.00018243933
3.8267346e-06
0.00018170338
3.7652866e-06
0.0001809806
3.7051495e-06
0.0001802701
3.6489021e-06
0.00017957136
3.5952684e-06
0.00017888384
3.5437188e-06
0.00017820703
3.4941267e-06
0.0001775404
3.4471733e-06
0.00017688365
3.4010837e-06
0.00017623631
3.3570356e-06
0.00017559786
3.3155317e-06
0.00017496806
3.2748433e-06
0.00017434648
3.2360635e-06
0.00017373276
3.1990246e-06
0.0001731267
3.1625428e-06
0.00017252794
3.1277525e-06
0.00017193629
3.093782e-06
0.00017135144
3.0611783e-06
0.00017077318
3.029407e-06
0.00017020122
2.9991447e-06
0.00016963544
2.9690986e-06
0.00016907556
2.9405645e-06
0.00016852149
2.9121815e-06
0.00016797293
2.8853156e-06
0.00016742984
2.8585139e-06
0.00016689191
2.8332135e-06
0.00016635918
2.8075576e-06
0.00016583133
2.783461e-06
0.00016530839
2.7591595e-06
0.00016479005
2.7363277e-06
0.0001642764
2.71291e-06
0.00016376702
2.6917729e-06
0.00016326211
2.6692694e-06
0.00016276108
2.6503261e-06
0.00016226398
2.629774e-06
0.00016177233
2.6040437e-06
0.000161271
2.6536638e-06
0.00016081756
2.402746e-06
0.00016023344
3.0855942e-06
2.1485448e-06
0.00026356379
7.7512903e-06
0.00026381441
1.272915e-05
0.00026411716
1.5424086e-05
0.00026434694
1.5337114e-05
0.00026444225
1.3445922e-05
0.00026443558
1.1477459e-05
0.0002644008
1.065784e-05
0.00026438512
1.1004341e-05
0.00026439806
1.1889785e-05
0.00026443036
1.28073e-05
0.00026447125
1.3573376e-05
0.00026451457
1.4203721e-05
0.00026455734
1.4762932e-05
0.00026459245
1.5290156e-05
0.00026459493
1.5787526e-05
0.00026449247
1.6254718e-05
0.00026412633
1.66918e-05
0.00026323908
1.7080354e-05
0.00026158366
1.7341849e-05
0.0002591337
1.7362026e-05
0.00025612276
1.7013269e-05
0.00025287232
1.6356164e-05
0.00024962724
1.5552953e-05
0.00024649492
1.468658e-05
0.00024349039
1.3867646e-05
0.00024064326
1.3095703e-05
0.00023797809
1.2349389e-05
0.00023547774
1.1669538e-05
0.00023313459
1.1054527e-05
0.00023094117
1.0492769e-05
0.00022888016
9.986213e-06
0.00022693709
9.5184403e-06
0.00022510246
9.0915454e-06
0.00022336803
8.7082372e-06
0.00022172167
8.3574862e-06
0.00022015308
8.0320286e-06
0.00021865459
7.7304822e-06
0.00021721959
7.4602099e-06
0.00021584296
7.2104875e-06
0.00021452029
6.9722866e-06
0.00021324509
6.7522556e-06
0.00021201209
6.555111e-06
0.00021082084
6.3684296e-06
0.00020966896
6.1888962e-06
0.00020855233
6.0228487e-06
0.00020746853
5.8701544e-06
0.00020641671
5.7237423e-06
0.0002053942
5.5850588e-06
0.00020439847
5.4573168e-06
0.00020342879
5.335934e-06
0.00020248338
5.2208427e-06
0.00020156035
5.1135668e-06
0.00020065881
5.0110354e-06
0.00019977738
4.9145247e-06
0.00019891484
4.8238965e-06
0.00019807038
4.73593e-06
0.00019724267
4.6544485e-06
0.00019643098
4.5769775e-06
0.00019563462
4.5015102e-06
0.00019485254
4.4309797e-06
0.00019408415
4.3636528e-06
0.00019332877
4.2991037e-06
0.0001925858
4.2370986e-06
0.0001918546
4.1783687e-06
0.0001911348
4.1208879e-06
0.00019042581
4.0660219e-06
0.00018972707
4.0142722e-06
0.00018903825
3.9636596e-06
0.00018835885
3.9154674e-06
0.00018768846
3.8694184e-06
0.00018702681
3.8241879e-06
0.0001863735
3.7810628e-06
0.00018572828
3.7390008e-06
0.0001850908
3.6986657e-06
0.0001844608
3.6594042e-06
0.00018383794
3.6220017e-06
0.00018322209
3.584955e-06
0.0001826129
3.5497561e-06
0.00018201027
3.5148115e-06
0.00018141386
3.4817275e-06
0.00018082359
3.44878e-06
0.00018023914
3.4176607e-06
0.00017966052
3.3861825e-06
0.00017908738
3.3565956e-06
0.00017851973
3.3268117e-06
0.00017795724
3.2988194e-06
0.00017739998
3.2701684e-06
0.00017684751
3.2442466e-06
0.00017629999
3.2167876e-06
0.00017575685
3.1934615e-06
0.00017521802
3.1686045e-06
0.00017468533
3.1367367e-06
0.00017414225
3.1967418e-06
0.00017365071
2.8942836e-06
0.00017301821
3.71809e-06
2.5830657e-06
0.00027839055
7.6675055e-06
0.00027864544
1.2474365e-05
0.0002789524
1.5117233e-05
0.00027918741
1.5101966e-05
0.00027928772
1.3345596e-05
0.0002792835
1.1481669e-05
0.00027924804
1.0693299e-05
0.00027922959
1.1022866e-05
0.00027923898
1.1880419e-05
0.00027926745
1.2778844e-05
0.00027930365
1.3537205e-05
0.00027934095
1.4166412e-05
0.00027937735
1.4726478e-05
0.00027941268
1.5254825e-05
0.0002794453
1.5754906e-05
0.00027946967
1.6230341e-05
0.00027946842
1.6693057e-05
0.00027939284
1.7155934e-05
0.00027912485
1.7609854e-05
0.00027845859
1.802827e-05
0.00027711876
1.83531e-05
0.00027499595
1.8478976e-05
0.00027225129
1.8297605e-05
0.00026915578
1.7782099e-05
0.00026596015
1.7063274e-05
0.00026282391
1.6231938e-05
0.00025977954
1.5393764e-05
0.00025683146
1.4617614e-05
0.00025403685
1.3849144e-05
0.00025140525
1.312436e-05
0.00024892872
1.2462744e-05
0.00024660125
1.1845913e-05
0.00024441084
1.1281952e-05
0.00024234833
1.0770751e-05
0.0002404023
1.0303514e-05
0.00023855882
9.8755132e-06
0.00023680908
9.4802199e-06
0.00023514635
9.1229359e-06
0.00023356132
8.7955174e-06
0.00023204457
8.489042e-06
0.00023058964
8.2071834e-06
0.00022919117
7.9535853e-06
0.00022784503
7.7145647e-06
0.00022654623
7.4877e-06
0.00022528921
7.2798611e-06
0.00022407173
7.0876381e-06
0.00022289285
6.9026256e-06
0.00022174862
6.7292812e-06
0.00022063618
6.5697599e-06
0.00021955498
6.4171375e-06
0.00021850244
6.2733765e-06
0.00021747628
6.1397261e-06
0.00021647564
6.0116766e-06
0.0002154987
5.8914723e-06
0.00021454397
5.7786205e-06
0.00021361049
5.6694112e-06
0.00021269664
5.5683031e-06
0.0002118016
5.4720179e-06
0.00021092444
5.3786696e-06
0.00021006392
5.2914917e-06
0.00020921939
5.2081867e-06
0.00020838995
5.1285425e-06
0.00020757492
5.0521337e-06
0.00020677354
4.9797493e-06
0.00020598531
4.9091142e-06
0.00020520955
4.8417773e-06
0.00020444561
4.7782169e-06
0.00020369307
4.7161978e-06
0.00020295133
4.6572058e-06
0.00020221994
4.6008143e-06
0.00020149854
4.5455838e-06
0.00020078667
4.4929354e-06
0.00020008402
4.441649e-06
0.00019939018
4.3925119e-06
0.00019870484
4.3447394e-06
0.00019802762
4.2992253e-06
0.00019735832
4.2542531e-06
0.00019669657
4.2115071e-06
0.00019604223
4.1691552e-06
0.0001953949
4.1290505e-06
0.0001947545
4.0891852e-06
0.00019412065
4.0515102e-06
0.00019349333
4.0134996e-06
0.00019287218
3.977746e-06
0.00019225717
3.9418259e-06
0.00019164793
3.9080509e-06
0.00019104454
3.8735622e-06
0.00019044651
3.84228e-06
0.00018985398
3.8093163e-06
0.00018926638
3.7810554e-06
0.00018868352
3.751469e-06
0.00018810755
3.7127069e-06
0.0001875205
3.7837939e-06
0.00018698876
3.4260144e-06
0.00018630536
4.4014918e-06
3.0519107e-06
0.00029405162
7.5839518e-06
0.00029431018
1.2215849e-05
0.00029462117
1.4806137e-05
0.00029486121
1.4861961e-05
0.00029496667
1.3240158e-05
0.00029496595
1.1482377e-05
0.00029493177
1.0727425e-05
0.00029491301
1.1041648e-05
0.0002949213
1.1872125e-05
0.00029494857
1.2751565e-05
0.00029498353
1.3502257e-05
0.00029501928
1.4130703e-05
0.00029505367
1.4692069e-05
0.00029508673
1.5221752e-05
0.00029511794
1.5723688e-05
0.00029514652
1.6201763e-05
0.00029517122
1.6668336e-05
0.00029518843
1.7138745e-05
0.0002951854
1.7612899e-05
0.00029512753
1.8086135e-05
0.00029492418
1.8556455e-05
0.00029440115
1.900202e-05
0.00029330953
1.9389208e-05
0.00029146645
1.9625178e-05
0.00028893416
1.9595567e-05
0.00028597138
1.9194712e-05
0.00028283282
1.8532332e-05
0.0002796837
1.7766731e-05
0.00027659034
1.6942502e-05
0.00027356688
1.6147822e-05
0.00027066243
1.5367191e-05
0.00026790773
1.4600616e-05
0.00026529875
1.3890927e-05
0.00026283837
1.323114e-05
0.00026052104
1.2620838e-05
0.00025833354
1.2063018e-05
0.00025626626
1.1547499e-05
0.00025431043
1.1078765e-05
0.00025245612
1.0649828e-05
0.00025069111
1.0254049e-05
0.00024900905
9.8892456e-06
0.00024740411
9.558529e-06
0.00024586696
9.2517088e-06
0.00024439019
8.9644721e-06
0.00024296841
8.7016425e-06
0.00024159747
8.4585784e-06
0.00024027331
8.2267866e-06
0.00023899018
8.0124062e-06
0.00023774505
7.8148867e-06
0.00023653756
7.6246343e-06
0.00023536397
7.4469604e-06
0.00023422165
7.2820537e-06
0.00023310974
7.123581e-06
0.00023202581
6.975401e-06
0.00023096812
6.8363147e-06
0.00022993546
6.7020671e-06
0.00022892588
6.5778817e-06
0.00022793845
6.4594474e-06
0.00022697193
6.3451973e-06
0.00022602486
6.238557e-06
0.00022509649
6.1365595e-06
0.00022418568
6.0393555e-06
0.00022329162
5.9461856e-06
0.00022241344
5.8579375e-06
0.00022155047
5.7720817e-06
0.00022070191
5.6903334e-06
0.00021986699
5.6131354e-06
0.00021904521
5.5379823e-06
0.00021823584
5.4665744e-06
0.00021743836
5.3982914e-06
0.00021665234
5.3316117e-06
0.00021587721
5.2680638e-06
0.00021511261
5.206245e-06
0.00021435805
5.1470723e-06
0.00021361318
5.0896149e-06
0.00021287753
5.0348746e-06
0.00021215087
4.9809172e-06
0.00021143276
4.9296154e-06
0.00021072302
4.8788912e-06
0.00021002122
4.8308518e-06
0.00020932722
4.783191e-06
0.0002086406
4.738124e-06
0.00020796132
4.6927765e-06
0.00020728898
4.6500913e-06
0.00020662351
4.6072977e-06
0.00020596452
4.5670384e-06
0.00020531205
4.5260333e-06
0.00020466558
4.4887429e-06
0.00020402524
4.4496599e-06
0.00020339045
4.4158437e-06
0.00020276087
4.3810522e-06
0.00020213901
4.3345623e-06
0.00020150539
4.4174156e-06
0.00020093104
4.0003669e-06
0.00020019377
5.1387616e-06
3.5570527e-06
0.00031059399
7.5010443e-06
0.00031085574
1.1954187e-05
0.00031117041
1.4491525e-05
0.00031141504
1.4617215e-05
0.00031152572
1.3129466e-05
0.00031152901
1.1479091e-05
0.00031149703
1.0759418e-05
0.00031147917
1.1059564e-05
0.0003114876
1.1863721e-05
0.0003115148
1.2724378e-05
0.00031154971
1.3467375e-05
0.00031158536
1.4095028e-05
0.00031161953
1.4657856e-05
0.0003116522
1.5189085e-05
0.00031168297
1.5692926e-05
0.00031171142
1.6173306e-05
0.00031173726
1.66425e-05
0.00031176042
1.7115589e-05
0.00031177984
1.7593471e-05
0.00031179221
1.8073766e-05
0.00031178802
1.8560639e-05
0.00031173978
1.9050256e-05
0.00031157968
1.9549319e-05
0.0003111597
2.0045158e-05
0.00031025459
2.050067e-05
0.00030862399
2.0825316e-05
0.00030625795
2.089837e-05
0.00030340472
2.061996e-05
0.00030031193
2.0035295e-05
0.00029715169
1.9308063e-05
0.00029402008
1.8498804e-05
0.00029093563
1.7685063e-05
0.00028792891
1.6897643e-05
0.00028505396
1.6106094e-05
0.00028231767
1.5357128e-05
0.00027972473
1.4655955e-05
0.00027727466
1.3997566e-05
0.00027495958
1.3393847e-05
0.0002727719
1.283751e-05
0.00027069906
1.2326889e-05
0.00026873219
1.1856115e-05
0.00026686412
1.1426599e-05
0.00026508434
1.1031486e-05
0.00026338405
1.066476e-05
0.00026175788
1.0327819e-05
0.00026019878
1.001767e-05
0.0002586989
9.7266668e-06
0.00025725257
9.4587451e-06
0.00025585549
9.2119669e-06
0.00025450394
8.9761802e-06
0.00025319253
8.758374e-06
0.00025191843
8.5561539e-06
0.00025068075
8.361252e-06
0.00024947615
8.180001e-06
0.00024830269
8.0097835e-06
0.00024715884
7.8459131e-06
0.00024604219
7.6945313e-06
0.00024495171
7.5499293e-06
0.00024388572
7.4111872e-06
0.00024284256
7.2817118e-06
0.00024182134
7.1577843e-06
0.00024082058
7.0401126e-06
0.00023983939
6.9273744e-06
0.00023887667
6.8206557e-06
0.00023793161
6.7171476e-06
0.00023700324
6.6186995e-06
0.00023609065
6.5257237e-06
0.00023519322
6.4354153e-06
0.00023431009
6.3497014e-06
0.00023344067
6.2677189e-06
0.00023258437
6.1879058e-06
0.00023174058
6.1118581e-06
0.00023090883
6.0379919e-06
0.00023008855
5.967357e-06
0.00022927931
5.8988591e-06
0.00022848057
5.833609e-06
0.00022769204
5.769448e-06
0.00022691322
5.7084325e-06
0.00022614389
5.648231e-06
0.00022538353
5.5912117e-06
0.00022463196
5.5347536e-06
0.00022388874
5.4813419e-06
0.00022315378
5.4277427e-06
0.00022242661
5.3772579e-06
0.00022170715
5.3267554e-06
0.00022099497
5.2792178e-06
0.00022029008
5.230931e-06
0.00021959192
5.1869011e-06
0.00021890057
5.1410079e-06
0.00021821548
5.1009369e-06
0.00021753612
5.0604044e-06
0.00021686542
5.0052656e-06
0.00021618228
5.1005561e-06
0.00021556255
4.6200898e-06
0.00021476805
5.9332682e-06
4.100728e-06
0.00032806746
7.4190073e-06
0.0003283316
1.1690106e-05
0.00032864933
1.4173755e-05
0.00032889839
1.4368114e-05
0.00032901439
1.3013457e-05
0.00032902201
1.1471462e-05
0.00032899267
1.0788725e-05
0.00032897631
1.1075957e-05
0.00032898557
1.1854452e-05
0.00032901341
1.2696554e-05
0.000329049
1.3431784e-05
0.00032908535
1.4058705e-05
0.0003291201
1.4623079e-05
0.00032915317
1.5156013e-05
0.00032918424
1.5661848e-05
0.00032921299
1.614455e-05
0.00032923934
1.6616149e-05
0.00032926355
1.7091385e-05
0.00032928546
1.7571564e-05
0.00032930456
1.8054668e-05
0.00032931989
1.8545315e-05
0.00032932826
1.9041881e-05
0.00032932255
1.9555026e-05
0.00032928086
2.0086848e-05
0.00032915058
2.0630954e-05
0.00032880272
2.1173171e-05
0.00032802254
2.1678551e-05
0.00032656385
2.2078648e-05
0.00032434593
2.2253224e-05
0.00032156459
2.2089397e-05
0.00031849447
2.1568921e-05
0.00031531814
2.08614e-05
0.00031214426
2.0071517e-05
0.00030899904
1.9251313e-05
0.00030589698
1.8459188e-05
0.00030290298
1.7649958e-05
0.00030003938
1.6861163e-05
0.00029731477
1.6118462e-05
0.0002947347
1.5417581e-05
0.00029229177
1.4769815e-05
0.00028997895
1.4168935e-05
0.0002877886
1.3616952e-05
0.00028571029
1.31098e-05
0.00028373396
1.2641089e-05
0.00028185194
1.2209839e-05
0.00028005596
1.1813651e-05
0.00027833687
1.1445754e-05
0.00027668935
1.1106265e-05
0.0002751072
1.0794112e-05
0.00027358256
1.0500827e-05
0.00027211
1.0230932e-05
0.00027068545
9.9807062e-06
0.00026930471
9.7419867e-06
0.00026796311
9.5215983e-06
0.00026665868
9.3142137e-06
0.00026538943
9.1151693e-06
0.00026415229
8.9316679e-06
0.00026294621
8.7560106e-06
0.00026176892
8.5884821e-06
0.0002606185
8.4321276e-06
0.00025949388
8.2824006e-06
0.00025839318
8.140812e-06
0.00025731542
8.0051429e-06
0.0002562592
7.8768704e-06
0.00025522351
7.7528377e-06
0.00025420723
7.6349791e-06
0.00025320924
7.5237111e-06
0.00025222879
7.415873e-06
0.00025126485
7.3136335e-06
0.00025031674
7.2158345e-06
0.00024938372
7.1209249e-06
0.00024846507
7.030509e-06
0.00024756023
6.9428347e-06
0.0002466685
6.8590823e-06
0.00024578939
6.7779733e-06
0.00024492227
6.7007304e-06
0.00024406676
6.6249597e-06
0.00024322229
6.5528969e-06
0.00024238858
6.4819483e-06
0.00024156504
6.4147505e-06
0.00024075144
6.3483474e-06
0.00023994728
6.2855022e-06
0.00023915242
6.2226075e-06
0.00023836634
6.1633348e-06
0.00023758892
6.1041739e-06
0.00023681968
6.0484566e-06
0.00023605859
5.9920217e-06
0.00023530507
5.9404243e-06
0.00023455914
5.8869412e-06
0.00023382025
5.8398249e-06
0.00023308771
5.7929448e-06
0.00023236483
5.7281366e-06
0.00023162887
5.8365194e-06
0.00023096071
5.2882536e-06
0.00023010519
6.7887842e-06
4.6854347e-06
0.0003465243
7.338136e-06
0.00034679014
1.142431e-05
0.0003471104
1.3853534e-05
0.0003473635
1.4114919e-05
0.00034748493
1.2892021e-05
0.00034749727
1.1459122e-05
0.00034747094
1.0815082e-05
0.00034745639
1.1090546e-05
0.00034746683
1.1844035e-05
0.00034749569
1.2667705e-05
0.0003475324
1.3395089e-05
0.00034756993
1.4021151e-05
0.00034760582
1.4587162e-05
0.00034763985
1.5121979e-05
0.00034767171
1.5629996e-05
0.00034770112
1.6115141e-05
0.00034772809
1.6589183e-05
0.00034775305
1.7066429e-05
0.00034777603
1.754857e-05
0.00034779686
1.803384e-05
0.00034781536
1.8526807e-05
0.00034783086
1.9026381e-05
0.00034784262
1.9543271e-05
0.00034784815
2.0081318e-05
0.00034784147
2.0637637e-05
0.00034780435
2.1210284e-05
0.00034769088
2.1792024e-05
0.00034739166
2.2377872e-05
0.00034670379
2.2941092e-05
0.00034537436
2.3418825e-05
0.00034326201
2.3681267e-05
0.00034052032
2.3603098e-05
0.00033745345
2.3138385e-05
0.00033425436
2.2450399e-05
0.0003310259
2.1687649e-05
0.00032780876
2.0867096e-05
0.00032461868
2.0051242e-05
0.00032151198
1.9225165e-05
0.00031852578
1.8403787e-05
0.00031567207
1.7623524e-05
0.00031296071
1.6880289e-05
0.00031038957
1.6188094e-05
0.00030795293
1.5546443e-05
0.00030564268
1.495133e-05
0.0003034494
1.4403126e-05
0.00030136436
1.3898685e-05
0.0002993773
1.3432814e-05
0.00029748089
1.3002682e-05
0.00029566766
1.2607338e-05
0.00029392872
1.2239763e-05
0.00029225904
1.1900615e-05
0.00029065257
1.1587175e-05
0.00028910166
1.1292902e-05
0.00028760136
1.1021895e-05
0.00028614793
1.0767642e-05
0.00028473641
1.0526694e-05
0.00028336291
1.0305162e-05
0.00028202646
1.0092458e-05
0.00028072395
9.8909946e-06
0.00027945317
9.7029121e-06
0.00027821285
9.5227202e-06
0.00027700056
9.3530972e-06
0.00027581524
9.1904669e-06
0.00027465512
9.0369896e-06
0.00027351894
8.8890208e-06
0.00027240539
8.7485261e-06
0.0002713131
8.6160042e-06
0.00027024113
8.487836e-06
0.00026918831
8.3664551e-06
0.00026815379
8.2503532e-06
0.00026713667
8.1380516e-06
0.0002661361
8.0310783e-06
0.00026515139
7.9275439e-06
0.00026418173
7.8287467e-06
0.0002632265
7.7332009e-06
0.00026228498
7.6422467e-06
0.00026135671
7.5532389e-06
0.00026044101
7.4685881e-06
0.00025953753
7.3854286e-06
0.00025864561
7.3066728e-06
0.00025776495
7.2290065e-06
0.00025689498
7.1554797e-06
0.00025603549
7.0820946e-06
0.00025518592
7.0129052e-06
0.00025434609
6.9440032e-06
0.00025351546
6.8790801e-06
0.00025269397
6.8135133e-06
0.00025188099
6.7534084e-06
0.00025107648
6.6914523e-06
0.00025027991
6.6363956e-06
0.00024949037
6.5824788e-06
0.00024871164
6.5068671e-06
0.00024791918
6.6289775e-06
0.00024719917
6.0082633e-06
0.00024627846
7.7094976e-06
5.3139414e-06
0.00036601985
7.2586254e-06
0.00036628652
1.1157716e-05
0.00036660878
1.3531289e-05
0.00036686561
1.3858005e-05
0.00036699252
1.2765094e-05
0.00036700993
1.1441702e-05
0.00036698694
1.0838055e-05
0.00036697447
1.1103044e-05
0.00036698632
1.1832182e-05
0.00036701642
1.263763e-05
0.00036705451
1.3357006e-05
0.00036709355
1.398211e-05
0.00036713094
1.4549752e-05
0.00036716633
1.5086584e-05
0.00036719938
1.5596935e-05
0.0003672298
1.6084723e-05
0.00036725764
1.6561336e-05
0.0003672834
1.7040676e-05
0.00036730724
1.7524739e-05
0.00036732909
1.8011988e-05
0.00036734901
1.8506886e-05
0.00036736662
1.9008777e-05
0.00036738195
1.9527931e-05
0.00036739475
2.0068525e-05
0.00036740404
2.0628346e-05
0.00036740749
2.1206829e-05
0.00036739932
2.1800197e-05
0.00036736408
2.2413115e-05
0.00036726092
2.3044253e-05
0.00036699496
2.3684779e-05
0.00036636974
2.4306488e-05
0.0003651251
2.4847737e-05
0.00036307999
2.5183493e-05
0.00036035383
2.5176558e-05
0.00035726682
2.477466e-05
0.00035402719
2.4106726e-05
0.00035073689
2.3341549e-05
0.00034744509
2.2516966e-05
0.00034416635
2.1682527e-05
0.00034094875
2.0841118e-05
0.00033784084
1.99882e-05
0.00033485775
1.9171182e-05
0.00033201545
1.8388747e-05
0.00032931509
1.7651687e-05
0.00032675201
1.6966206e-05
0.00032432056
1.6330138e-05
0.00032201051
1.5742865e-05
0.00031981326
1.5199926e-05
0.00031771992
1.470068e-05
0.00031572081
1.4238874e-05
0.00031380903
1.3812393e-05
0.00031197729
1.3418919e-05
0.00031021754
1.3052652e-05
0.0003085248
1.2714633e-05
0.00030689261
1.2399832e-05
0.00030531394
1.2105366e-05
0.00030378435
1.1834752e-05
0.00030230012
1.1576687e-05
0.00030085598
1.133513e-05
0.00029944944
1.1109451e-05
0.00029807901
1.0893151e-05
0.00029674155
1.069056e-05
0.00029543589
1.0496124e-05
0.00029415978
1.0313103e-05
0.00029291169
1.0137114e-05
0.00029169006
9.9701512e-06
0.00029049319
9.8128751e-06
0.00028931997
9.6610564e-06
0.00028816898
9.5174411e-06
0.00028703923
9.3801068e-06
0.00028592956
9.2477215e-06
0.00028483902
9.1216157e-06
0.00028376675
8.9998235e-06
0.00028271176
8.88373e-06
0.00028167335
8.7716192e-06
0.00028065064
8.664956e-06
0.00027964306
8.5608215e-06
0.00027864985
8.4617972e-06
0.00027767054
8.3647351e-06
0.00027670438
8.2728294e-06
0.00027575101
8.1823806e-06
0.00027480975
8.0967377e-06
0.00027388036
8.0114902e-06
0.00027296217
7.931092e-06
0.00027205496
7.8512104e-06
0.00027115813
7.7759102e-06
0.00027027155
7.700091e-06
0.00026939455
7.6304083e-06
0.00026852703
7.5589761e-06
0.00026766846
7.4949633e-06
0.00026681771
7.4332237e-06
0.00026597904
7.3455451e-06
0.00026512602
7.4819945e-06
0.0002643504
6.78388e-06
0.00026335986
8.7000344e-06
5.9893015e-06
0.00038661257
7.180709e-06
0.00038687911
1.0891208e-05
0.00038720279
1.3207606e-05
0.00038746303
1.3597718e-05
0.00038759547
1.2632646e-05
0.00038761833
1.1418845e-05
0.00038759905
1.0857363e-05
0.0003875889
1.1113227e-05
0.00038760232
1.1818784e-05
0.00038763377
1.2606182e-05
0.00038767337
1.3317421e-05
0.0003877141
1.3941355e-05
0.00038775322
1.4510606e-05
0.00038779027
1.5049533e-05
0.00038782483
1.5562383e-05
0.00038785658
1.6052972e-05
0.00038788558
1.6532344e-05
0.00038791235
1.7013909e-05
0.00038793709
1.7499989e-05
0.00038795984
1.7989234e-05
0.00038798073
1.8485992e-05
0.00038799954
1.8989967e-05
0.00038801649
1.9510988e-05
0.00038803164
2.0053378e-05
0.00038804478
2.0615205e-05
0.00038805546
2.1196148e-05
0.00038806247
2.1793178e-05
0.00038806374
2.2411848e-05
0.00038805391
2.3054088e-05
0.00038801932
2.3719368e-05
0.00038792246
2.4403349e-05
0.00038767592
2.5094275e-05
0.00038708834
2.5771076e-05
0.00038588947
2.6375428e-05
0.0003838814
2.6782721e-05
0.00038115087
2.6837256e-05
0.00037801557
2.6476849e-05
0.0003747157
2.5816841e-05
0.00037135204
2.5046181e-05
0.00036797974
2.4213419e-05
0.0003646098
2.3358147e-05
0.00036127856
2.2502415e-05
0.00035804663
2.1620681e-05
0.00035493284
2.0765475e-05
0.00035195753
1.9941513e-05
0.00034912611
1.9161557e-05
0.00034643519
1.8433792e-05
0.00034387988
1.7755234e-05
0.00034145128
1.7129274e-05
0.0003391401
1.6550056e-05
0.0003369373
1.6015197e-05
0.00033483428
1.5521942e-05
0.00033282205
1.5064876e-05
0.000330894
1.4642682e-05
0.00032904233
1.425151e-05
0.00032726044
1.3887256e-05
0.00032554333
1.3551863e-05
0.00032388371
1.32363e-05
0.00032227557
1.2943272e-05
0.00032071518
1.2669845e-05
0.00031919774
1.2410592e-05
0.00031771918
1.2169117e-05
0.00031627828
1.1937023e-05
0.0003148721
1.1719277e-05
0.00031349886
1.1510359e-05
0.00031215662
1.1312387e-05
0.00031084332
1.1126184e-05
0.00030955762
1.0946752e-05
0.00030829782
1.0777245e-05
0.0003070627
1.0615223e-05
0.00030585084
1.0459585e-05
0.00030466115
1.0311304e-05
0.00030349253
1.0168446e-05
0.00030234384
1.0032418e-05
0.00030121421
9.901253e-06
0.00030010261
9.7765526e-06
0.00029900834
9.6550908e-06
0.00029793052
9.539618e-06
0.00029686856
9.4266923e-06
0.0002958216
9.319794e-06
0.00029478917
9.2148068e-06
0.00029377052
9.1153948e-06
0.0002927653
9.0167054e-06
0.00029177278
8.9236145e-06
0.00029079266
8.831333e-06
0.00028982425
8.7443152e-06
0.00028886738
8.6569637e-06
0.0002879213
8.5764814e-06
0.00028698585
8.4944307e-06
0.00028606051
8.4203066e-06
0.00028514388
8.3498455e-06
0.00028424074
8.2486884e-06
0.00028332268
8.4000577e-06
0.00028248731
7.6192493e-06
0.00028142185
9.7654914e-06
6.7148744e-06
0.00040836418
7.1043969e-06
0.00040862962
1.0625831e-05
0.0004089541
1.2883161e-05
0.00040921732
1.3334423e-05
0.0004093553
1.2494644e-05
0.00040938395
1.139018e-05
0.00040936876
1.0872549e-05
0.00040936119
1.1120813e-05
0.00040937638
1.1803597e-05
0.00040940932
1.2573259e-05
0.00040945052
1.3276238e-05
0.00040949305
1.3898816e-05
0.00040953405
1.4469585e-05
0.00040957293
1.5010659e-05
0.0004096092
1.5526098e-05
0.00040964253
1.6019651e-05
0.00040967294
1.650193e-05
0.00040970096
1.6985897e-05
0.00040972681
1.7474138e-05
0.00040975054
1.7965501e-05
0.00040977236
1.8464174e-05
0.0004097921
1.8970225e-05
0.00040981009
1.9492995e-05
0.00040982654
2.0036924e-05
0.00040984143
2.0600324e-05
0.00040985462
2.118295e-05
0.0004098657
2.1782101e-05
0.00040987422
2.2403332e-05
0.00040987919
2.3049111e-05
0.00040987858
2.3719984e-05
0.00040986716
2.441477e-05
0.00040983199
2.5129439e-05
0.00040973761
2.5865455e-05
0.00040949874
2.6614301e-05
0.00040892873
2.7352733e-05
0.0004077483
2.8017681e-05
0.0004057409
2.8484247e-05
0.00040297199
2.8585752e-05
0.00039976402
2.8254153e-05
0.00039638797
2.7589474e-05
0.00039294202
2.6804095e-05
0.00038948059
2.5963844e-05
0.00038601156
2.5089713e-05
0.00038256263
2.4214401e-05
0.00037920322
2.330093e-05
0.00037595599
2.2408779e-05
0.0003728457
2.1544086e-05
0.0003698808
2.0720131e-05
0.0003670601
1.9949976e-05
0.00036437954
1.9230618e-05
0.00036183027
1.8564465e-05
0.00035940383
1.7948382e-05
0.00035709014
1.7378568e-05
0.00035488062
1.6852193e-05
0.00035276625
1.6365886e-05
0.00035073921
1.59143e-05
0.00034879325
1.549782e-05
0.00034692019
1.5109364e-05
0.00034511464
1.4748814e-05
0.00034337112
1.4413371e-05
0.00034168208
1.4099632e-05
0.00034004275
1.380844e-05
0.00033844918
1.3530599e-05
0.00033689651
1.327194e-05
0.00033538271
1.3024168e-05
0.00033390531
1.2789779e-05
0.00033246183
1.2569665e-05
0.00033105071
1.2357871e-05
0.00032966982
1.2158143e-05
0.00032831771
1.1967333e-05
0.0003269926
1.1784689e-05
0.00032569326
1.1610648e-05
0.00032441828
1.1443423e-05
0.00032316635
1.1284351e-05
0.00032193639
1.1131217e-05
0.00032072719
1.0985756e-05
0.00031953788
1.0844396e-05
0.00031836744
1.0710056e-05
0.00031721515
1.0578988e-05
0.00031607998
1.0454958e-05
0.00031496139
1.0333398e-05
0.00031385848
1.0218306e-05
0.00031277084
1.0104351e-05
0.00031169759
9.9968599e-06
0.00031063838
9.8905448e-06
0.00030959242
9.7902714e-06
0.00030855946
9.6899218e-06
0.0003075387
9.5972421e-06
0.00030652986
9.5032678e-06
0.00030553245
9.417716e-06
0.0003045448
9.3375023e-06
0.0003035722
9.2212855e-06
0.00030258414
9.3881177e-06
0.00030168445
8.5189372e-06
0.00030053846
1.0911477e-05
7.4943506e-06
0.00043133985
7.0297438e-06
0.00043160313
1.0362576e-05
0.00043192769
1.2558573e-05
0.00043219357
1.3068519e-05
0.00043233709
1.2351137e-05
0.00043237189
1.1355383e-05
0.00043236117
1.0883294e-05
0.00043235645
1.1125548e-05
0.00043237359
1.1786487e-05
0.00043240812
1.2538727e-05
0.00043245099
1.3233365e-05
0.00043249541
1.3854383e-05
0.00043253839
1.442659e-05
0.00043257921
1.496983e-05
0.00043261736
1.5487962e-05
0.00043265243
1.5984584e-05
0.00043268444
1.6469925e-05
0.0004327139
1.695643e-05
0.00043274105
1.7446982e-05
0.00043276595
1.7940601e-05
0.0004327888
1.8441321e-05
0.00043280949
1.8949529e-05
0.0004328284
1.9474091e-05
0.00043284581
2.0019518e-05
0.00043286178
2.058435e-05
0.00043287635
2.1168377e-05
0.00043288925
2.1769205e-05
0.00043290041
2.2392173e-05
0.00043290961
2.3039911e-05
0.00043291635
2.3713241e-05
0.00043291959
2.4411535e-05
0.00043291707
2.5131952e-05
0.00043290371
2.5878818e-05
0.00043286674
2.665127e-05
0.00043277146
2.7448013e-05
0.00043253254
2.8256602e-05
0.00043196308
2.9053702e-05
0.00043077064
2.9778194e-05
0.0004287248
3.029999e-05
0.00042588249
3.043179e-05
0.00042257925
3.0107334e-05
0.00041911258
2.9430514e-05
0.00041557354
2.8628751e-05
0.00041201301
2.777493e-05
0.00040843576
2.6878185e-05
0.00040486267
2.5981864e-05
0.00040137054
2.5036219e-05
0.00039798672
2.4103953e-05
0.00039473949
2.3197201e-05
0.00039163975
2.2330357e-05
0.0003886877
2.1516523e-05
0.00038588058
2.0755494e-05
0.00038320944
2.0049712e-05
0.0003806657
1.9395937e-05
0.00037823931
1.8792267e-05
0.00037592088
1.8232729e-05
0.00037370234
1.7716364e-05
0.00037157461
1.7237088e-05
0.000369531
1.679243e-05
0.00036756474
1.6379631e-05
0.00036566893
1.5995438e-05
0.00036383817
1.5639199e-05
0.00036206537
1.5303404e-05
0.00036034468
1.499263e-05
0.00035867231
1.4696536e-05
0.00035704283
1.4419262e-05
0.00035545322
1.4159272e-05
0.00035390169
1.39094e-05
0.00035238551
1.3674323e-05
0.00035090302
1.3449829e-05
0.00034945198
1.3235722e-05
0.00034803094
1.3031692e-05
0.00034663817
1.2836194e-05
0.00034527211
1.2650414e-05
0.00034393145
1.2471881e-05
0.00034261473
1.2302469e-05
0.00034132093
1.2138201e-05
0.00034004882
1.1982163e-05
0.00033879751
1.1830297e-05
0.00033756583
1.1686644e-05
0.00033635308
1.1546148e-05
0.00033515822
1.1413163e-05
0.00033398074
1.1281832e-05
0.00033281963
1.1157968e-05
0.00033167444
1.1035736e-05
0.00033054427
1.0920438e-05
0.00032942879
1.0805406e-05
0.00032832711
1.0698926e-05
0.00032723884
1.0591533e-05
0.00032616351
1.049305e-05
0.00032509911
1.0401898e-05
0.00032405155
1.0268846e-05
0.00032298803
1.0451637e-05
0.00032201899
9.4879728e-06
0.00032078631
1.2144163e-05
8.3317837e-06
0.00045560843
6.9565875e-06
0.00045586857
1.0102494e-05
0.00045619245
1.2234729e-05
0.00045646051
1.280041e-05
0.00045660947
1.2202157e-05
0.00045665072
1.1314121e-05
0.00045664487
1.0889135e-05
0.00045664331
1.112713e-05
0.00045666259
1.1767208e-05
0.00045669888
1.2502457e-05
0.00045674352
1.3188733e-05
0.0004567899
1.3808e-05
0.00045683494
1.4381533e-05
0.00045687781
1.4926957e-05
0.00045691793
1.5447842e-05
0.00045695486
1.5947653e-05
0.00045698861
1.643617e-05
0.00045701968
1.6925365e-05
0.0004570483
1.7418361e-05
0.00045707452
1.7914384e-05
0.00045709856
1.841728e-05
0.00045712032
1.8927769e-05
0.00045714019
1.9454219e-05
0.0004571585
2.0001204e-05
0.00045717538
2.0567476e-05
0.00045719091
2.1152849e-05
0.00045720492
2.1755192e-05
0.00045721748
2.237961e-05
0.00045722856
2.3028828e-05
0.00045723806
2.3703741e-05
0.00045724567
2.4403929e-05
0.00045725068
2.5126943e-05
0.00045725206
2.5877436e-05
0.0004572476
2.6655728e-05
0.00045723208
2.7463534e-05
0.00045719236
2.8296326e-05
0.0004570934
2.915266e-05
0.0004568469
3.0024693e-05
0.00045626062
3.0886275e-05
0.0004550246
3.1667807e-05
0.00045289954
3.223239e-05
0.00044995008
3.2379973e-05
0.00044653155
3.2047286e-05
0.00044295988
3.1346596e-05
0.00043931612
3.0521952e-05
0.00043564305
2.9654928e-05
0.00043194497
2.8734301e-05
0.00042824209
2.7806834e-05
0.00042461345
2.6825845e-05
0.00042109015
2.5853656e-05
0.00041770381
2.4902856e-05
0.0004144675
2.3991803e-05
0.00041138252
2.3134697e-05
0.00040844671
2.2331744e-05
0.00040565169
2.1587291e-05
0.00040298842
2.0895992e-05
0.00040044735
2.0257439e-05
0.00039801846
1.9665982e-05
0.00039569295
1.9117937e-05
0.00039346254
1.861004e-05
0.0003913196
1.8138381e-05
0.00038925754
1.7701257e-05
0.00038726881
1.7292138e-05
0.00038534791
1.6913529e-05
0.00038348863
1.655581e-05
0.00038168388
1.6224019e-05
0.00037992955
1.5913595e-05
0.00037822021
1.5618742e-05
0.0003765523
1.5342232e-05
0.00037492395
1.5078184e-05
0.00037333235
1.4827318e-05
0.00037177577
1.4588278e-05
0.00037025209
1.4359876e-05
0.00036875944
1.414306e-05
0.00036729625
1.3935078e-05
0.00036586075
1.3737963e-05
0.00036445172
1.3547238e-05
0.00036306768
1.3366203e-05
0.00036170754
1.3190434e-05
0.00036036994
1.3024243e-05
0.00035905403
1.2862059e-05
0.00035775858
1.2708608e-05
0.00035648296
1.2557451e-05
0.000355226
1.2414934e-05
0.00035398713
1.2274606e-05
0.00035276532
1.2142244e-05
0.00035156014
1.2010592e-05
0.00035037059
1.1888466e-05
0.00034919619
1.176594e-05
0.00034803643
1.1652803e-05
0.00034688898
1.1549347e-05
0.00034576037
1.139746e-05
0.00034461536
1.1596647e-05
0.00034357143
1.0531899e-05
0.00034224526
1.3470339e-05
9.2316259e-06
0.00048124258
6.8848078e-06
0.00048149852
9.8465691e-06
0.00048182085
1.1912363e-05
0.00048209071
1.2530531e-05
0.00048224506
1.2047827e-05
0.00048229306
1.1266124e-05
0.0004822925
1.0889724e-05
0.00048229437
1.1125277e-05
0.000482316
1.1745587e-05
0.00048235416
1.24643e-05
0.00048240066
1.3142224e-05
0.00048244908
1.3759571e-05
0.00048249628
1.433433e-05
0.00048254129
1.4881944e-05
0.00048258348
1.5405658e-05
0.00048262238
1.5908751e-05
0.00048265798
1.640057e-05
0.00048269077
1.6892576e-05
0.00048272098
1.7388149e-05
0.00048274865
1.7886705e-05
0.00048277401
1.8391918e-05
0.00048279697
1.8904807e-05
0.00048281793
1.9433269e-05
0.00048283722
1.998191e-05
0.000482855
2.0549696e-05
0.00048287139
2.1136457e-05
0.00048288627
2.174031e-05
0.00048289978
2.2366102e-05
0.00048291198
2.3016626e-05
0.0004829229
2.3692822e-05
0.00048293245
2.439438e-05
0.00048294032
2.5119078e-05
0.00048294622
2.5871532e-05
0.00048294955
2.6652396e-05
0.00048294922
2.7463865e-05
0.00048294274
2.8302803e-05
0.00048292468
2.9170726e-05
0.00048288119
3.0068183e-05
0.00048277572
3.0991741e-05
0.00048251384
3.1929693e-05
0.00048189152
3.2854707e-05
0.00048057855
3.3692943e-05
0.00047833377
3.4292064e-05
0.00047524513
3.4435237e-05
0.0004716931
3.4073979e-05
0.00046800186
3.3346167e-05
0.00046423939
3.2496775e-05
0.00046044217
3.1604051e-05
0.00045661282
3.0655199e-05
0.00045277244
2.9694039e-05
0.00044900222
2.867307e-05
0.00044533518
2.7658846e-05
0.0004418061
2.6663777e-05
0.00043843
2.5707839e-05
0.00043520964
2.4807651e-05
0.00043214299
2.3962647e-05
0.00042922207
2.3178354e-05
0.00042643777
2.245029e-05
0.0004237798
2.1775906e-05
0.00042123832
2.1151511e-05
0.0004188041
2.0572603e-05
0.00041646886
2.0036503e-05
0.0004142241
1.9536896e-05
0.00041206328
1.9074345e-05
0.00040997895
1.8640144e-05
0.00040796527
1.8237699e-05
0.00040601683
1.7862034e-05
0.00040412518
1.7510389e-05
0.00040228583
1.7181586e-05
0.00040049368
1.687033e-05
0.00039874459
1.657641e-05
0.00039703651
1.6296364e-05
0.00039536682
1.6029564e-05
0.0003937333
1.5776582e-05
0.00039213402
1.5534361e-05
0.00039056688
1.5305106e-05
0.00038903038
1.5083737e-05
0.00038752274
1.487384e-05
0.00038604267
1.4670508e-05
0.00038458852
1.4478387e-05
0.00038315929
1.4291293e-05
0.00038175352
1.4114381e-05
0.00038037042
1.3940546e-05
0.00037900863
1.3776726e-05
0.00037766745
1.3615779e-05
0.0003763457
1.3463994e-05
0.00037504281
1.3313483e-05
0.00037375769
1.3173585e-05
0.00037248968
1.3033952e-05
0.0003712383
1.2904187e-05
0.0003700008
1.2786847e-05
0.00036878439
1.2613866e-05
0.00036755122
1.2829815e-05
0.00036642629
1.1656831e-05
0.00036499914
1.4897491e-05
1.0198771e-05
0.00050831903
6.81412e-06
0.00050856991
9.5957367e-06
0.00050888979
1.159251e-05
0.00050916092
1.2259374e-05
0.00050932048
1.188825e-05
0.00050937546
1.1211131e-05
0.00050938058
1.088461e-05
0.0005093862
1.1119661e-05
0.00050941042
1.1721379e-05
0.00050945063
1.24241e-05
0.00050949911
1.3093757e-05
0.00050954964
1.3709025e-05
0.00050959907
1.4284894e-05
0.00050964631
1.4834703e-05
0.00050969067
1.53613e-05
0.00050973164
1.5867777e-05
0.0005097692
1.6363011e-05
0.00050980381
1.685797e-05
0.00050983571
1.7356242e-05
0.00050986495
1.7857465e-05
0.00050989175
1.8365121e-05
0.00050991602
1.8880534e-05
0.00050993816
1.9411126e-05
0.00050995854
1.9961532e-05
0.00050997731
2.0530931e-05
0.0005099946
2.1119164e-05
0.00051001032
2.1724589e-05
0.00051002464
2.2351784e-05
0.00051003767
2.3003593e-05
0.00051004951
2.368098e-05
0.00051006017
2.4383719e-05
0.00051006946
2.5109794e-05
0.00051007735
2.5863641e-05
0.00051008364
2.6646104e-05
0.00051008803
2.7459477e-05
0.00051008973
2.8301096e-05
0.00051008756
2.9172898e-05
0.00051007895
3.00768e-05
0.00051005802
3.1012668e-05
0.00051000969
3.197802e-05
0.00050989426
3.2970143e-05
0.00050960794
3.397926e-05
0.00050892838
3.4971622e-05
0.00050750284
3.5860773e-05
0.00050509736
3.6479466e-05
0.00050184165
3.6601877e-05
0.00049814065
3.6197775e-05
0.00049431416
3.5430541e-05
0.00049041848
3.4550874e-05
0.00048648542
3.3627096e-05
0.00048251465
3.2643848e-05
0.00047852607
3.1647423e-05
0.00047460566
3.0584189e-05
0.00047078943
2.9524069e-05
0.00046711395
2.8483123e-05
0.00046359545
2.7481151e-05
0.00046023752
2.6536279e-05
0.00045703833
2.5649483e-05
0.00045398965
2.4824583e-05
0.00045108215
2.405902e-05
0.00044830535
2.3349399e-05
0.00044564929
2.2692563e-05
0.00044310403
2.2082154e-05
0.00044066112
2.1517253e-05
0.00043831178
2.0989482e-05
0.00043604938
2.0500103e-05
0.0004338675
2.0043915e-05
0.00043175869
1.9619196e-05
0.00042971744
1.9222843e-05
0.00042773579
1.885198e-05
0.00042580837
1.8503825e-05
0.00042393032
1.8174416e-05
0.0004220972
1.7862686e-05
0.00042030636
1.7567427e-05
0.00041855543
1.7285292e-05
0.0004168419
1.7018639e-05
0.00041516395
1.6761683e-05
0.00041351943
1.6518363e-05
0.00041190678
1.6283158e-05
0.00041032403
1.6061138e-05
0.00040876998
1.5845338e-05
0.00040724288
1.5641488e-05
0.00040574179
1.5441632e-05
0.00040426508
1.5253441e-05
0.00040281192
1.5068935e-05
0.00040138092
1.4894992e-05
0.00039997137
1.4723033e-05
0.00039858205
1.4562903e-05
0.00039721212
1.4403886e-05
0.00039586109
1.4255219e-05
0.00039452577
1.4122166e-05
0.0003932141
1.3925535e-05
0.00039188539
1.4158523e-05
0.00039067269
1.2869526e-05
0.00038913631
1.6433873e-05
1.1238601e-05
0.00053691881
6.7443002e-06
0.00053716371
9.350845e-06
0.00053748014
1.1276033e-05
0.00053775209
1.1987423e-05
0.00053791674
1.1723624e-05
0.00053797892
1.1148955e-05
0.00053799013
1.0873424e-05
0.00053799981
1.1109982e-05
0.00053802682
1.1694381e-05
0.00053806923
1.238169e-05
0.00053811978
1.3043197e-05
0.00053817253
1.3656265e-05
0.00053822429
1.4233135e-05
0.00053827385
1.4785137e-05
0.00053832048
1.531468e-05
0.00053836362
1.5824633e-05
0.00053840324
1.6323398e-05
0.00053843977
1.6821439e-05
0.00053847346
1.7322543e-05
0.00053850436
1.782656e-05
0.00053853269
1.8336796e-05
0.00053855838
1.8854847e-05
0.00053858181
1.9387694e-05
0.00053860337
1.9939975e-05
0.00053862321
2.0511089e-05
0.00053864148
2.1100892e-05
0.0005386581
2.1707974e-05
0.00053867323
2.2336645e-05
0.00053868704
2.2989789e-05
0.00053869964
2.3668383e-05
0.00053871108
2.4372272e-05
0.00053872126
2.5099621e-05
0.00053873023
2.5854667e-05
0.00053873793
2.6638399e-05
0.00053874435
2.7453057e-05
0.00053874916
2.8296294e-05
0.00053875194
2.9170113e-05
0.000538752
3.0076737e-05
0.00053874803
3.1016645e-05
0.00053873713
3.1988913e-05
0.00053871283
3.2994446e-05
0.0005386583
3.4033791e-05
0.00053852891
3.510101e-05
0.00053820737
3.6182312e-05
0.0005374457
3.7241135e-05
0.00053586924
3.8178341e-05
0.00053326392
3.8803091e-05
0.00052981318
3.8881282e-05
0.00052594609
3.8417964e-05
0.00052197064
3.7602544e-05
0.00051792949
3.6684997e-05
0.00051384511
3.5731807e-05
0.00050971835
3.471095e-05
0.00050557287
3.3669541e-05
0.00050149535
3.2560649e-05
0.00049752546
3.1451037e-05
0.00049370028
3.0361465e-05
0.00049003685
2.9312905e-05
0.00048653919
2.8322248e-05
0.00048320509
2.7393118e-05
0.00048002647
2.6528015e-05
0.00047699366
2.5725378e-05
0.00047409583
2.4979987e-05
0.0004713225
2.4290576e-05
0.00046866337
2.3648616e-05
0.00046610977
2.3053697e-05
0.00046365387
2.2499823e-05
0.0004612878
2.1985268e-05
0.00045900489
2.1505753e-05
0.00045679776
2.1059108e-05
0.00045466051
2.0641076e-05
0.0004525857
2.0249225e-05
0.00045056735
1.9881032e-05
0.00044860018
1.9534598e-05
0.00044667967
1.9205806e-05
0.00044480281
1.8895506e-05
0.00044296738
1.8597104e-05
0.00044117078
1.8314971e-05
0.00043941113
1.8042809e-05
0.00043768605
1.7786215e-05
0.00043599414
1.7537252e-05
0.00043433323
1.7302394e-05
0.00043270228
1.7072581e-05
0.00043109926
1.6856467e-05
0.00042952324
1.6644951e-05
0.00042797253
1.6445701e-05
0.00042644629
1.6249268e-05
0.00042494313
1.6066065e-05
0.00042346199
1.5885027e-05
0.00042200237
1.5714838e-05
0.00042056059
1.5563949e-05
0.00041914536
1.5340763e-05
0.00041771292
1.5590964e-05
0.00041640498
1.4177459e-05
0.00041475025
1.8088606e-05
1.235705e-05
0.00056712743
6.6750251e-06
0.00056736571
9.1126039e-06
0.00056767772
1.0964045e-05
0.00056794986
1.1715274e-05
0.00056811934
1.1554135e-05
0.00056818885
1.107944e-05
0.00056820654
1.0855734e-05
0.00056822062
1.1095913e-05
0.00056825067
1.1664339e-05
0.00056829547
1.2336892e-05
0.00056834824
1.2990439e-05
0.00056840329
1.3601203e-05
0.00056845746
1.4178961e-05
0.00056850944
1.4733149e-05
0.00056855843
1.526569e-05
0.00056860385
1.577921e-05
0.00056864563
1.6281622e-05
0.00056868418
1.6782887e-05
0.00056871977
1.7286954e-05
0.00056875243
1.7793899e-05
0.00056878238
1.830685e-05
0.00056880956
1.8827659e-05
0.00056883438
1.9362884e-05
0.0005688572
1.9917151e-05
0.0005688782
2.0490085e-05
0.00056889754
2.1081559e-05
0.00056891512
2.1690391e-05
0.00056893114
2.2320627e-05
0.00056894575
2.2975181e-05
0.00056895909
2.3655041e-05
0.00056897124
2.4360124e-05
0.0005689821
2.5088754e-05
0.00056899181
2.584496e-05
0.00056900036
2.662985e-05
0.00056900782
2.7445593e-05
0.00056901404
2.8290079e-05
0.0005690189
2.9165245e-05
0.0005690222
3.0073445e-05
0.00056902347
3.1015372e-05
0.0005690219
3.199048e-05
0.00056901602
3.3000332e-05
0.00056900268
3.404713e-05
0.00056897449
3.5129196e-05
0.000568912
3.6244805e-05
0.00056876353
3.7389605e-05
0.00056839318
3.8548692e-05
0.00056752091
3.9675361e-05
0.00056575111
4.0651078e-05
0.00056290514
4.1263938e-05
0.0005592325
4.1275185e-05
0.00055518425
4.073324e-05
0.00055104736
3.9868701e-05
0.00054684756
3.8910754e-05
0.00054259758
3.7919521e-05
0.00053830181
3.6856414e-05
0.00053399111
3.5761736e-05
0.00052974968
3.46029e-05
0.00052562118
3.34414e-05
0.00052164239
3.2301037e-05
0.00051783075
3.1204763e-05
0.00051419059
3.0168174e-05
0.0005107191
2.9196864e-05
0.0005074083
2.8290794e-05
0.0005042475
2.7451377e-05
0.00050122574
2.6670371e-05
0.00049833211
2.5947326e-05
0.00049555679
2.5275141e-05
0.00049289036
2.4651698e-05
0.00049032459
2.4071527e-05
0.00048785154
2.3532157e-05
0.00048546429
2.3028323e-05
0.00048315569
2.2557826e-05
0.0004809196
2.2117123e-05
0.00047874839
2.1705813e-05
0.00047663571
2.1318483e-05
0.00047457597
2.0955251e-05
0.00047256463
2.0608445e-05
0.0004705985
2.0281106e-05
0.00046867533
1.9965971e-05
0.00046679227
1.9669282e-05
0.0004649476
1.9381915e-05
0.00046313875
1.9111253e-05
0.00046136445
1.8846872e-05
0.00045962224
1.8598683e-05
0.00045791109
1.8356094e-05
0.00045622889
1.8127907e-05
0.00045457471
1.7903441e-05
0.00045294688
1.7693901e-05
0.00045134414
1.7487762e-05
0.00044976594
1.7293036e-05
0.00044820805
1.7121841e-05
0.00044668003
1.6868781e-05
0.00044513475
1.7136246e-05
0.00044372329
1.5588919e-05
0.00044194012
1.9871775e-05
1.356067e-05
0.0005990353
6.6060466e-06
0.00059926628
8.8816396e-06
0.0005995728
1.0657472e-05
0.00059984456
1.1443506e-05
0.00060001868
1.138005e-05
0.00060009562
1.1002499e-05
0.00060012015
1.0831228e-05
0.00060013893
1.1077128e-05
0.00060017227
1.1631012e-05
0.00060021967
1.2289486e-05
0.00060027476
1.2935338e-05
0.00060033222
1.3543738e-05
0.0006003889
1.4122278e-05
0.00060044341
1.4678644e-05
0.00060049487
1.5214232e-05
0.00060054268
1.5731406e-05
0.00060058672
1.6237579e-05
0.0006006274
1.6742204e-05
0.00060066498
1.7249372e-05
0.0006006995
1.775938e-05
0.00060073116
1.8275189e-05
0.00060075994
1.8798877e-05
0.00060078621
1.9336609e-05
0.00060081038
1.9892979e-05
0.00060083263
2.046784e-05
0.0006008531
2.106109e-05
0.00060087172
2.1671766e-05
0.00060088869
2.2303662e-05
0.00060090416
2.2959708e-05
0.00060091829
2.3640915e-05
0.00060093115
2.4347257e-05
0.00060094268
2.5077226e-05
0.00060095301
2.5834626e-05
0.00060096219
2.6620676e-05
0.00060097033
2.7437454e-05
0.00060097733
2.8283072e-05
0.0006009832
2.9159376e-05
0.00060098791
3.006874e-05
0.00060099133
3.1011953e-05
0.00060099314
3.1988666e-05
0.00060099286
3.3000612e-05
0.00060098969
3.4050302e-05
0.00060098192
3.5136965e-05
0.00060096588
3.6260848e-05
0.00060093303
3.7422453e-05
0.00060086029
3.8621434e-05
0.00060068632
3.9849327e-05
0.00060024988
4.1087519e-05
0.00059923205
4.2281765e-05
0.00059722123
4.3286012e-05
0.00059409291
4.3861559e-05
0.00059017914
4.3782467e-05
0.00058594054
4.3149358e-05
0.00058162695
4.2233106e-05
0.00057725471
4.1228654e-05
0.00057282664
4.018981e-05
0.00056834896
3.9080578e-05
0.00056386323
3.7927133e-05
0.00055944993
3.671433e-05
0.00055515721
3.5497485e-05
0.0005510205
3.430488e-05
0.00054705718
3.3160192e-05
0.0005432718
3.2076175e-05
0.00053965985
3.1063318e-05
0.0005362139
3.011633e-05
0.00053292226
2.9238966e-05
0.00052977387
2.8423528e-05
0.00052675735
2.7668216e-05
0.00052386252
2.6966362e-05
0.00052107986
2.6314817e-05
0.00051840084
2.5707344e-05
0.00051581754
2.514112e-05
0.00051332297
2.4611695e-05
0.00051090969
2.4119098e-05
0.00050857144
2.3656735e-05
0.00050630034
2.3226349e-05
0.00050408985
2.2818933e-05
0.00050193411
2.2436855e-05
0.00049982847
2.2071607e-05
0.00049776947
2.1728288e-05
0.00049575505
2.1396333e-05
0.0004937821
2.1084202e-05
0.00049184912
2.0779848e-05
0.00048995311
2.0494693e-05
0.00048809293
2.0216273e-05
0.00048626592
1.9954922e-05
0.00048447114
1.9698219e-05
0.00048270644
1.9458601e-05
0.00048097047
1.9223731e-05
0.00047926249
1.9001011e-05
0.00047757772
1.8806617e-05
0.0004759266
1.8519894e-05
0.00047425833
1.8804519e-05
0.00047273414
1.711311e-05
0.00047081136
2.1794546e-05
1.4856725e-05
0.00063273775
6.5370673e-06
0.00063296103
8.6584003e-06
0.0006332611
1.0357403e-05
0.00063353177
1.1172839e-05
0.00063371018
1.1201637e-05
0.0006337946
1.0918073e-05
0.00063382626
1.0799569e-05
0.00063385013
1.1053262e-05
0.00063388702
1.159413e-05
0.00063393719
1.223932e-05
0.00063399477
1.2877763e-05
0.00063405474
1.3483766e-05
0.00063411402
1.4062988e-05
0.00063417115
1.4621513e-05
0.00063422519
1.5160196e-05
0.00063427549
1.5681104e-05
0.00063432191
1.6191154e-05
0.00063436483
1.6699285e-05
0.00063440451
1.7209694e-05
0.00063444098
1.7722903e-05
0.00063447446
1.8241717e-05
0.00063450492
1.876841e-05
0.00063453275
1.9308782e-05
0.00063455835
1.9867377e-05
0.00063458192
2.0444277e-05
0.0006346036
2.1039411e-05
0.00063462333
2.165203e-05
0.00063464131
2.2285682e-05
0.00063465771
2.294331e-05
0.00063467268
2.3625947e-05
0.00063468631
2.4333626e-05
0.00063469853
2.5065006e-05
0.00063470949
2.5823664e-05
0.00063471924
2.6610924e-05
0.00063472793
2.7428765e-05
0.00063473549
2.8275512e-05
0.00063474197
2.9152899e-05
0.0006347474
3.0063306e-05
0.00063475178
3.1007571e-05
0.00063475501
3.1985439e-05
0.00063475693
3.2998688e-05
0.00063475733
3.4049907e-05
0.00063475562
3.5138674e-05
0.00063475083
3.6265639e-05
0.00063474106
3.7432217e-05
0.00063472205
3.8640449e-05
0.00063468361
3.9887764e-05
0.00063459752
4.1173609e-05
0.0006343895
4.2489785e-05
0.00063386451
4.3811007e-05
0.0006326569
4.5069168e-05
0.00063035351
4.6085854e-05
0.00062690727
4.6595598e-05
0.00062273599
4.6404386e-05
0.00061829917
4.5665476e-05
0.0006137973
4.4691683e-05
0.0006092379
4.3639969e-05
0.00060461693
4.2548111e-05
0.00059994387
4.1387387e-05
0.00059527356
4.0167791e-05
0.00059068067
3.8897775e-05
0.0005862181
3.7622756e-05
0.00058191925
3.637503e-05
0.00057780009
3.5182472e-05
0.00057386628
3.4050142e-05
0.00057011111
3.2994134e-05
0.00056652654
3.2008102e-05
0.00056310071
3.1094042e-05
0.00055982213
3.0244951e-05
0.00055667932
2.9457624e-05
0.00055366162
2.8725049e-05
0.00055075936
2.8043378e-05
0.00054796391
2.740714e-05
0.00054526705
2.6815961e-05
0.0005426618
2.6261993e-05
0.00054014043
2.5747716e-05
0.0005376966
2.5262769e-05
0.00053532213
2.4811319e-05
0.00053301027
2.4383475e-05
0.00053075468
2.3983872e-05
0.00052855101
2.3600002e-05
0.00052639551
2.3239704e-05
0.00052428634
2.2889016e-05
0.00052221992
2.2561112e-05
0.00052019489
2.2241305e-05
0.00051820799
2.1941817e-05
0.00051625826
2.1647948e-05
0.00051434295
2.1373919e-05
0.00051246065
2.1106022e-05
0.00051061032
2.0851349e-05
0.00050878658
2.0630349e-05
0.00050700085
2.030563e-05
0.00050519825
2.0607115e-05
0.00050355107
1.8760287e-05
0.00050147632
2.3869295e-05
1.6253296e-05
0.00066833561
6.4679006e-06
0.00066855079
8.4432455e-06
0.00066884341
1.0064721e-05
0.00066911229
1.0903952e-05
0.0006692947
1.1019263e-05
0.0006693866
1.0826175e-05
0.00066942569
1.0760496e-05
0.00066945497
1.1023982e-05
0.00066949566
1.155344e-05
0.00066954878
1.2186196e-05
0.00066960899
1.281755e-05
0.00066967158
1.3421173e-05
0.00066973358
1.4000987e-05
0.00066979343
1.4561657e-05
0.00066985016
1.5103473e-05
0.00066990307
1.5628198e-05
0.00066995199
1.6142231e-05
0.00066999726
1.6654011e-05
0.00067003915
1.7167806e-05
0.00067007769
1.768436e-05
0.00067011307
1.820633e-05
0.00067014533
1.8736159e-05
0.0006701748
1.927931e-05
0.00067020192
1.9840258e-05
0.00067022688
2.0419314e-05
0.00067024984
2.1016448e-05
0.00067027076
2.163111e-05
0.00067028982
2.2266622e-05
0.00067030721
2.2925924e-05
0.00067032308
2.3610079e-05
0.00067033752
2.431918e-05
0.00067035048
2.5052049e-05
0.0006703621
2.5812041e-05
0.00067037245
2.6600575e-05
0.00067038168
2.7419539e-05
0.00067038973
2.8267458e-05
0.00067039667
2.9145955e-05
0.00067040259
3.0057394e-05
0.00067040751
3.1002651e-05
0.00067041139
3.1981551e-05
0.00067041424
3.2995837e-05
0.00067041605
3.4048096e-05
0.00067041662
3.5138111e-05
0.00067041562
3.6266635e-05
0.00067041249
3.7435352e-05
0.00067040614
3.8646801e-05
0.00067039433
3.9899573e-05
0.0006703719
4.119603e-05
0.0006703266
4.2535086e-05
0.00067022305
4.3914556e-05
0.00066996904
4.5323178e-05
0.00066932534
4.6729558e-05
0.00066787542
4.8045513e-05
0.00066522575
4.9054058e-05
0.00066143394
4.945729e-05
0.00065699478
4.9130836e-05
0.00065234817
4.8286578e-05
0.00064764393
4.7252355e-05
0.00064288363
4.614769e-05
0.00063805627
4.4995149e-05
0.00063317503
4.3779011e-05
0.00062831083
4.2486956e-05
0.00062353086
4.1154999e-05
0.00061889242
3.982092e-05
0.00061442731
3.8515252e-05
0.00061014841
3.7273033e-05
0.00060606104
3.6095468e-05
0.00060215846
3.4996625e-05
0.00059843153
3.3971883e-05
0.00059486829
3.3020862e-05
0.00059145629
3.2137047e-05
0.00058818382
3.131585e-05
0.00058503998
3.0550979e-05
0.00058201468
2.9841266e-05
0.00057909932
2.9177354e-05
0.0005762854
2.8561639e-05
0.00057356595
2.7982218e-05
0.00057093302
2.7444253e-05
0.00056837998
2.6936517e-05
0.00056589822
2.6465628e-05
0.00056348115
2.6017075e-05
0.0005611219
2.5598955e-05
0.00055881649
2.519442e-05
0.00055656068
2.4816927e-05
0.00055435277
2.4449215e-05
0.00055218888
2.4105705e-05
0.00055006789
2.3768935e-05
0.0005479864
2.3455409e-05
0.00054594299
2.314943e-05
0.0005439361
2.2858238e-05
0.00054195986
2.2606594e-05
0.00054002657
2.2238917e-05
0.00053807696
2.2556719e-05
0.00053629535
2.0541903e-05
0.00053405488
2.6109761e-05
1.7759394e-05
0.00070593525
6.3983502e-06
0.00070614218
8.2363484e-06
0.00070642652
9.7803819e-06
0.00070669281
1.0637673e-05
0.00070687877
1.0833303e-05
0.00070697806
1.0726876e-05
0.00070702481
1.0713754e-05
0.00070705985
1.0988941e-05
0.00070710459
1.1508708e-05
0.00070716088
1.2129911e-05
0.00070722388
1.2754555e-05
0.0007072892
1.3355844e-05
0.00070735401
1.3936177e-05
0.0007074167
1.4498964e-05
0.00070747622
1.5043953e-05
0.00070753185
1.5572564e-05
0.00070758339
1.6090693e-05
0.00070763113
1.6606268e-05
0.00070767534
1.7123597e-05
0.00070771606
1.7643639e-05
0.00070775347
1.8168922e-05
0.00070778761
1.8702022e-05
0.00070781882
1.9248095e-05
0.00070784755
1.9811533e-05
0.00070787399
2.0392867e-05
0.00070789832
2.0992121e-05
0.00070792049
2.1608933e-05
0.0007079407
2.2246414e-05
0.00070795914
2.2907485e-05
0.00070797597
2.3593253e-05
0.00070799128
2.4303863e-05
0.00070800503
2.5038305e-05
0.00070801736
2.5799712e-05
0.00070802834
2.6589593e-05
0.00070803813
2.740975e-05
0.00070804668
2.8258903e-05
0.00070805407
2.9138567e-05
0.00070806039
3.0051077e-05
0.00070806569
3.0997348e-05
0.00070806998
3.1977263e-05
0.00070807329
3.2992526e-05
0.00070807569
3.4045691e-05
0.00070807716
3.5136649e-05
0.00070807759
3.6266205e-05
0.00070807681
3.7436128e-05
0.00070807454
3.8649073e-05
0.00070807008
3.9904029e-05
0.00070806217
4.1203944e-05
0.00070804821
4.254904e-05
0.00070802187
4.3940905e-05
0.00070796795
4.5377099e-05
0.00070784111
4.6856397e-05
0.00070752443
4.8362188e-05
0.00070672375
4.985474e-05
0.00070496645
5.1214587e-05
0.0007019138
5.2183491e-05
0.00069775611
5.2444267e-05
0.00069304289
5.1965569e-05
0.00068817761
5.101297e-05
0.00068325821
4.9914555e-05
0.00067828325
4.8753971e-05
0.00067323633
4.7533875e-05
0.00066813502
4.6256312e-05
0.00066306839
4.4887549e-05
0.00065809425
4.3489385e-05
0.00065327138
4.2095907e-05
0.00064863258
4.0734271e-05
0.00064418954
3.9439664e-05
0.0006399451
3.8216318e-05
0.00063589229
3.7073675e-05
0.00063202
3.600934e-05
0.00062831611
3.5019737e-05
0.00062476759
3.4099504e-05
0.00062136191
3.3246943e-05
0.00061808818
3.2451088e-05
0.00061493606
3.1713763e-05
0.00061189707
3.1021203e-05
0.00060896245
3.0378878e-05
0.00060612502
2.9773951e-05
0.00060337658
2.9214059e-05
0.00060071052
2.8683136e-05
0.00059811757
2.8191907e-05
0.0005955915
2.7720489e-05
0.00059312452
2.728391e-05
0.00059071312
2.6860609e-05
0.00058835273
2.6466099e-05
0.00058604192
2.6079742e-05
0.00058377662
2.5720705e-05
0.0005815553
2.5370751e-05
0.00057937582
2.5037719e-05
0.00057723177
2.4750645e-05
0.00057513638
2.4334304e-05
0.00057302553
2.4667566e-05
0.00057109665
2.247079e-05
0.00056867517
2.8531234e-05
1.9385098e-05
0.00074564911
6.3283408e-06
0.00074584766
8.0378287e-06
0.00074612288
9.5050988e-06
0.00074638579
1.0374756e-05
0.00074657488
1.0644235e-05
0.00074668146
1.0620307e-05
0.00074673604
1.0659181e-05
0.00074677715
1.0947831e-05
0.00074682619
1.1459667e-05
0.00074688584
1.2070261e-05
0.00074695179
1.2688599e-05
0.00074701998
1.3287652e-05
0.00074708771
1.3868447e-05
0.00074715335
1.443333e-05
0.00074721578
1.4981519e-05
0.00074727425
1.5514089e-05
0.00074732853
1.6036416e-05
0.00074737887
1.655593e-05
0.00074742552
1.7076944e-05
0.00074746853
1.7600625e-05
0.00074750807
1.8129379e-05
0.0007475442
1.8665892e-05
0.00074757726
1.9215036e-05
0.00074760769
1.9781106e-05
0.00074763571
2.0364849e-05
0.00074766148
2.0966349e-05
0.00074768499
2.1585423e-05
0.00074770642
2.2224984e-05
0.00074772597
2.288793e-05
0.00074774382
2.3575408e-05
0.00074776006
2.4287621e-05
0.00074777465
2.502372e-05
0.00074778773
2.578663e-05
0.00074779938
2.6577936e-05
0.00074780977
2.7399361e-05
0.00074781886
2.8249818e-05
0.00074782671
2.9130717e-05
0.00074783343
3.0044357e-05
0.00074783908
3.0991691e-05
0.00074784369
3.1972659e-05
0.0007478473
3.2988915e-05
0.00074785002
3.4042967e-05
0.00074785186
3.5134808e-05
0.00074785283
3.6265237e-05
0.00074785292
3.743604e-05
0.00074785209
3.8649899e-05
0.00074785012
3.9906006e-05
0.00074784665
4.1207405e-05
0.00074784097
4.2554721e-05
0.00074783156
4.3950323e-05
0.00074781529
4.5393362e-05
0.00074778433
4.6887362e-05
0.00074771908
4.8427437e-05
0.00074756107
5.0012747e-05
0.00074715594
5.161972e-05
0.00074614392
5.319551e-05
0.00074400862
5.4579562e-05
0.00074050318
5.5471012e-05
0.00073596574
5.5550408e-05
0.00073097496
5.4905342e-05
0.00072588144
5.3847483e-05
0.0007207352
5.2680117e-05
0.0007155327
5.1458812e-05
0.0007102551
5.0165154e-05
0.00070491876
4.8825722e-05
0.00069963193
4.7382742e-05
0.00069445622
4.5909976e-05
0.00068944542
4.4450465e-05
0.0006846299
4.3031835e-05
0.00068002031
4.1683263e-05
0.00067561589
4.0413764e-05
0.00067140991
3.9225724e-05
0.00066738952
3.8119896e-05
0.00066354116
3.70953e-05
0.00065985183
3.6140421e-05
0.00065630874
3.5256851e-05
0.00065290115
3.4428795e-05
0.00064961838
3.366165e-05
0.00064645178
3.2940552e-05
0.00064339241
3.2273435e-05
0.00064043308
3.1642459e-05
0.00063756526
3.1059728e-05
0.00063478236
3.0503387e-05
0.00063207401
2.9992264e-05
0.00062943453
2.9500086e-05
0.00062685528
2.9045349e-05
0.00062433346
2.8601563e-05
0.00062186431
2.8189859e-05
0.00061944595
2.7789104e-05
0.00061707571
2.7407964e-05
0.00061474652
2.7079831e-05
0.0006124726
2.6608224e-05
0.00061018447
2.695569e-05
0.00060809388
2.4561377e-05
0.00060547435
3.1150768e-05
2.1141696e-05
0.00078759581
6.2578261e-06
0.00078778604
7.8476131e-06
0.00078805156
9.2395899e-06
0.00078831026
1.011607e-05
0.00078850193
1.0452566e-05
0.00078861557
1.0506667e-05
0.0007886781
1.0596649e-05
0.00078872557
1.090037e-05
0.00078877917
1.1406065e-05
0.00078884239
1.2007042e-05
0.00078891147
1.2619527e-05
0.00078898265
1.3216466e-05
0.0007890534
1.3797691e-05
0.00078912209
1.4364641e-05
0.00078918755
1.491606e-05
0.00078924899
1.5452647e-05
0.00078930613
1.5979277e-05
0.00078935919
1.6502873e-05
0.0007894084
1.7027727e-05
0.00078945383
1.7555196e-05
0.00078949563
1.8087586e-05
0.00078953386
1.8627656e-05
0.00078956887
1.9180024e-05
0.0007896011
1.9748877e-05
0.00078963079
2.0335163e-05
0.00078965809
2.0939044e-05
0.00078968302
2.1560498e-05
0.00078970575
2.2202258e-05
0.00078972649
2.2867187e-05
0.00078974542
2.3556479e-05
0.00078976264
2.4270394e-05
0.00078977812
2.5008242e-05
0.00078979201
2.5772746e-05
0.00078980438
2.6565559e-05
0.00078981541
2.7388334e-05
0.00078982506
2.8240168e-05
0.0007898334
2.9122375e-05
0.00078984054
3.0037212e-05
0.00078984656
3.098567e-05
0.00078985148
3.1967749e-05
0.00078985535
3.2985043e-05
0.0007898583
3.4040015e-05
0.00078986036
3.5132749e-05
0.00078986156
3.6264036e-05
0.00078986196
3.7435644e-05
0.00078986162
3.8650232e-05
0.00078986048
3.9907148e-05
0.00078985849
4.1209392e-05
0.00078985545
4.2557762e-05
0.00078985096
4.395481e-05
0.00078984415
4.5400176e-05
0.00078983327
4.6898236e-05
0.00078981443
4.8446278e-05
0.00078977784
5.0049338e-05
0.00078969703
5.1700532e-05
0.00078949495
5.3397588e-05
0.00078896582
5.5108693e-05
0.00078767405
5.6762784e-05
0.0007850838
5.8140657e-05
0.00078108324
5.89059e-05
0.00077615922
5.8771508e-05
0.00077089146
5.7947877e-05
0.00076556064
5.6789631e-05
0.0007601779
5.5547889e-05
0.00075472249
5.4281131e-05
0.00074918769
5.2917548e-05
0.00074361342
5.1484241e-05
0.00073810194
4.9961949e-05
0.00073272115
4.8412621e-05
0.00072751959
4.6884832e-05
0.00072252409
4.5409261e-05
0.0007177453
4.4004517e-05
0.00071317827
4.2686929e-05
0.00070881425
4.1459317e-05
0.00070464068
4.0313997e-05
0.00070064324
3.9254288e-05
0.00069680901
3.8263024e-05
0.00069312464
3.7346022e-05
0.00068957907
3.6486123e-05
0.00068616142
3.5691087e-05
0.00068286312
3.4940766e-05
0.00067967497
3.4247875e-05
0.00067658976
3.3588598e-05
0.00067359822
3.2983797e-05
0.00067069401
3.2404302e-05
0.00066786559
3.1873765e-05
0.00066510809
3.1359067e-05
0.00066241216
3.0885781e-05
0.00065977496
3.0426304e-05
0.00065719332
2.998961e-05
0.00065465929
2.9613854e-05
0.00065218824
2.907928e-05
0.00064970468
2.9439245e-05
0.0006474361
2.6829956e-05
0.00064459944
3.3987431e-05
2.3041885e-05
0.00083190083
6.186846e-06
0.00083208282
7.6656558e-06
0.00083233805
8.9843052e-06
0.00083259173
9.8623754e-06
0.00083278543
1.0258895e-05
0.00083290588
1.0386221e-05
0.00083297642
1.0526113e-05
0.00083303048
1.084631e-05
0.0008330889
1.1347641e-05
0.00083315589
1.1940046e-05
0.00083322826
1.2547149e-05
0.00083330258
1.3142147e-05
0.00083337648
1.372379e-05
0.00083344834
1.4292787e-05
0.00083351694
1.4847452e-05
0.00083358148
1.5388118e-05
0.00083364161
1.5919144e-05
0.00083369751
1.6446966e-05
0.00083374942
1.6975814e-05
0.00083379739
1.7507225e-05
0.00083384156
1.8043417e-05
0.00083388202
1.8587196e-05
0.0008339191
1.9142945e-05
0.00083395324
1.9714738e-05
0.00083398469
2.0303711e-05
0.00083401362
2.0910112e-05
0.00083404005
2.1534069e-05
0.00083406415
2.2178154e-05
0.00083408616
2.2845182e-05
0.00083410624
2.3536398e-05
0.00083412451
2.425212e-05
0.00083414094
2.4991813e-05
0.00083415568
2.5758007e-05
0.00083416882
2.6552415e-05
0.00083418053
2.7376627e-05
0.00083419078
2.8229916e-05
0.00083419965
2.9113509e-05
0.00083420725
3.0029616e-05
0.00083421365
3.0979265e-05
0.00083421889
3.1962516e-05
0.00083422302
3.2980909e-05
0.00083422618
3.403685e-05
0.00083422842
3.5130517e-05
0.00083422976
3.6262691e-05
0.00083423029
3.7435117e-05
0.00083423012
3.8650404e-05
0.00083422922
3.9908043e-05
0.00083422768
4.1210936e-05
0.00083422545
4.2559988e-05
0.00083422249
4.3957766e-05
0.00083421853
4.5404137e-05
0.00083421318
4.6903588e-05
0.00083420535
4.8454111e-05
0.00083419302
5.0061665e-05
0.00083417116
5.172239e-05
0.00083412719
5.3441566e-05
0.0008340244
5.5211475e-05
0.00083375998
5.7027206e-05
0.00083305803
5.8842604e-05
0.00083140117
6.056276e-05
0.0008282768
6.1895883e-05
0.00082375397
6.2470703e-05
0.00081844465
6.2098952e-05
0.00081290105
6.1091488e-05
0.00080732306
5.985912e-05
0.00080168489
5.8555723e-05
0.00079595979
5.7209344e-05
0.00079015321
5.5768529e-05
0.00078433393
5.4231894e-05
0.00077859237
5.26264e-05
0.00077300216
5.099947e-05
0.00076760661
4.9400061e-05
0.00076242677
4.7866769e-05
0.00075747158
4.6414517e-05
0.00075273623
4.5049348e-05
0.0007482096
4.378092e-05
0.00074387905
4.2593576e-05
0.00073972894
4.1496126e-05
0.00073574564
4.0469432e-05
0.0007319155
3.9521228e-05
0.00072822759
3.8628677e-05
0.00072467077
3.7804695e-05
0.00072123645
3.702291e-05
0.00071791494
3.6305309e-05
0.00071469921
3.562003e-05
0.00071157927
3.4993704e-05
0.00070854928
3.4389058e-05
0.00070559636
3.3838703e-05
0.00070271534
3.3307324e-05
0.00069989879
3.2806157e-05
0.00069713745
3.237519e-05
0.00069444814
3.1768593e-05
0.00069174853
3.2138852e-05
0.00068928353
2.9294957e-05
0.00068620831
3.7062648e-05
2.5100049e-05
0.00087869651
6.1154996e-06
0.00087887044
7.491726e-06
0.0008791151
8.7396545e-06
0.00087936299
9.6144941e-06
0.00087955803
1.0063855e-05
0.00087968494
1.0259313e-05
0.00087976347
1.0447586e-05
0.00087982434
1.0785448e-05
0.00087988781
1.1284165e-05
0.00087995879
1.1869074e-05
0.00088003463
1.2471305e-05
0.00088011222
1.3064555e-05
0.00088018938
1.3646632e-05
0.00088026451
1.4217652e-05
0.00088033638
1.4775581e-05
0.00088040412
1.5320372e-05
0.00088046738
1.585589e-05
0.00088052627
1.6388074e-05
0.00088058101
1.6921074e-05
0.00088063165
1.7456581e-05
0.00088067832
1.7996745e-05
0.00088072113
1.8544386e-05
0.0008807604
1.9103681e-05
0.00088079656
1.9678578e-05
0.00088082988
2.0270388e-05
0.00088086054
2.0879454e-05
0.00088088856
2.1506046e-05
0.00088091413
2.2152587e-05
0.00088093747
2.2821836e-05
0.00088095878
2.3515093e-05
0.00088097816
2.4232734e-05
0.0008809956
2.4974371e-05
0.00088101125
2.5742359e-05
0.00088102521
2.6538454e-05
0.00088103765
2.7364193e-05
0.00088104854
2.821902e-05
0.00088105797
2.9104082e-05
0.00088106605
3.0021535e-05
0.00088107287
3.0972447e-05
0.00088107844
3.1956939e-05
0.00088108286
3.2976495e-05
0.00088108624
3.4033464e-05
0.00088108864
3.5128116e-05
0.00088109011
3.6261222e-05
0.00088109072
3.7434505e-05
0.00088109061
3.8650516e-05
0.00088108977
3.9908879e-05
0.00088108833
4.1212385e-05
0.00088108629
4.2562022e-05
0.00088108374
4.3960319e-05
0.00088108059
4.5407283e-05
0.00088107685
4.6907329e-05
0.00088107216
4.8458806e-05
0.0008810661
5.0067725e-05
0.00088105735
5.1731133e-05
0.00088104348
5.3455434e-05
0.00088101786
5.52371e-05
0.00088096393
5.7081138e-05
0.00088082977
5.897676e-05
0.00088047609
6.0916444e-05
0.00087953467
6.2837296e-05
0.0008774088
6.4596582e-05
0.00087367595
6.5831795e-05
0.00086862374
6.6143703e-05
0.00086295447
6.5528386e-05
0.00085713799
6.4372206e-05
0.00085128794
6.3059392e-05
0.00084537238
6.1684092e-05
0.00083936155
6.0242725e-05
0.00083327246
5.871549e-05
0.00082720148
5.7070444e-05
0.00082122265
5.5378898e-05
0.0008154121
5.3677316e-05
0.00080981294
5.2013678e-05
0.00080444395
5.0418338e-05
0.00079930876
4.8916115e-05
0.00079440231
4.7500027e-05
0.00078971013
4.6188306e-05
0.00078521822
4.496135e-05
0.00078091059
4.3828852e-05
0.00077677351
4.2765765e-05
0.00077279294
4.1785265e-05
0.00076895804
4.0857806e-05
0.00076525716
4.0006194e-05
0.00076168202
3.9195166e-05
0.00075822228
3.8453445e-05
0.00075487178
3.7739555e-05
0.00075161902
3.7091458e-05
0.00074845754
3.646881e-05
0.00074537616
3.5887534e-05
0.00074236178
3.5389566e-05
0.00073943016
3.4700207e-05
0.000736491
3.5078018e-05
0.00073380869
3.1977266e-05
0.00073047073
4.0400604e-05
2.7332611e-05
0.00092812284
6.0439238e-06
0.00092828892
7.3256596e-06
0.00092852273
8.5058189e-06
0.00092876411
9.373103e-06
0.00092895983
9.8681476e-06
0.00092909279
1.0126356e-05
0.00092917922
1.0361167e-05
0.00092924703
1.0717627e-05
0.00092931579
1.1215408e-05
0.00092939093
1.1793929e-05
0.00092947042
1.239181e-05
0.00092955143
1.2983542e-05
0.00092963197
1.3566094e-05
0.0009297105
1.4139123e-05
0.00092978575
1.4700322e-05
0.00092985684
1.5249287e-05
0.00092992335
1.5789379e-05
0.00092998536
1.6326062e-05
0.00093004307
1.6863369e-05
0.00093009652
1.740313e-05
0.00093014583
1.7947434e-05
0.00093019111
1.84991e-05
0.00093023269
1.9062107e-05
0.00093027099
1.9640278e-05
0.00093030629
2.0235083e-05
0.00093033878
2.0846967e-05
0.00093036849
2.147633e-05
0.00093039562
2.2125464e-05
0.00093042039
2.2797066e-05
0.00093044299
2.3492486e-05
0.00093046356
2.4212163e-05
0.00093048208
2.4955853e-05
0.0009304987
2.5725742e-05
0.00093051353
2.6523623e-05
0.00093052674
2.7350987e-05
0.00093053832
2.8207439e-05
0.00093054834
2.9094056e-05
0.00093055694
3.0012938e-05
0.0009305642
3.096519e-05
0.00093057014
3.1950994e-05
0.00093057486
3.2971781e-05
0.00093057848
3.4029841e-05
0.00093058106
3.5125537e-05
0.00093058265
3.6259628e-05
0.00093058334
3.7433814e-05
0.00093058327
3.865059e-05
0.00093058244
3.9909709e-05
0.00093058098
4.1213846e-05
0.00093057894
4.2564062e-05
0.00093057642
4.3962836e-05
0.00093057342
4.5410283e-05
0.00093057005
4.6910695e-05
0.00093056619
4.846267e-05
0.00093056185
5.0072065e-05
0.00093055661
5.1736373e-05
0.00093054998
5.3462061e-05
0.00093054038
5.5246706e-05
0.00093052481
5.7096702e-05
0.00093049423
5.9007339e-05
0.00093042622
6.0984452e-05
0.00093024722
6.3016299e-05
0.00092976172
6.5082084e-05
0.00092849118
6.7102335e-05
0.00092577872
6.8856162e-05
0.00092138346
6.992365e-05
0.00091582191
6.9933754e-05
0.00090980737
6.9073928e-05
0.00090370715
6.7784315e-05
0.00089756827
6.6381604e-05
0.000891362
6.4921758e-05
0.000885054
6.337845e-05
0.0008786629
6.1769993e-05
0.00087231679
6.0023431e-05
0.00086609391
5.823656e-05
0.00086006165
5.6450597e-05
0.0008542573
5.472047e-05
0.00084869797
5.3059359e-05
0.00084338034
5.1505935e-05
0.00083829757
5.0044119e-05
0.00083343457
4.8691859e-05
0.00082877625
4.7424079e-05
0.00082430609
4.6255434e-05
0.00082001037
4.5153526e-05
0.00081587426
4.4142294e-05
0.00081188734
4.3182091e-05
0.00080803725
4.2303536e-05
0.00080431686
4.145994e-05
0.00080071427
4.0694051e-05
0.00079722349
3.9959589e-05
0.00079383403
3.9276991e-05
0.00079052983
3.8693768e-05
0.00078732668
3.7903348e-05
0.00078412106
3.8283639e-05
0.00078119773
3.4900598e-05
0.00077756964
4.4028693e-05
2.975846e-05
0.00098032748
5.9722972e-06
0.00098048605
7.1670882e-06
0.00098070897
8.2828886e-06
0.0009809432
9.1388725e-06
0.00098113886
9.6725022e-06
0.00098127737
9.9878464e-06
0.00098137151
1.0267024e-05
0.00098144639
1.0642757e-05
0.00098152061
1.1141183e-05
0.00098160011
1.1714429e-05
0.00098168341
1.230851e-05
0.00098176799
1.2898965e-05
0.00098185202
1.3482061e-05
0.00098193405
1.4057088e-05
0.00098201281
1.4621562e-05
0.00098208736
1.5174734e-05
0.00098215726
1.5719482e-05
0.00098222253
1.6260791e-05
0.00098228334
1.6802561e-05
0.00098233974
1.7346732e-05
0.00098239182
1.7895348e-05
0.00098243972
1.8451201e-05
0.00098248373
1.9018092e-05
0.0009825243
1.9599714e-05
0.0009825617
2.0197679e-05
0.00098259613
2.0812541e-05
0.00098262764
2.144482e-05
0.00098265641
2.2096691e-05
0.0009826827
2.2770782e-05
0.00098270669
2.3468496e-05
0.00098272852
2.4190333e-05
0.00098274818
2.4936188e-05
0.00098276583
2.5708094e-05
0.00098278159
2.6507865e-05
0.00098279562
2.7336956e-05
0.00098280793
2.8195127e-05
0.00098281859
2.9083392e-05
0.00098282774
3.0003789e-05
0.00098283547
3.0957461e-05
0.00098284181
3.1944653e-05
0.00098284685
3.2966745e-05
0.00098285072
3.4025964e-05
0.0009828535
3.5122764e-05
0.00098285523
3.6257899e-05
0.000982856
3.743304e-05
0.00098285596
3.8650628e-05
0.00098285513
3.9910543e-05
0.00098285363
4.1215346e-05
0.00098285153
4.2566165e-05
0.00098284893
4.3965426e-05
0.00098284587
4.5413345e-05
0.0009828425
4.6914071e-05
0.00098283874
4.8466426e-05
0.00098283476
5.0076041e-05
0.00098283039
5.1740748e-05
0.00098282563
5.346682e-05
0.00098282001
5.5252327e-05
0.00098281296
5.7103745e-05
0.00098280248
5.9017824e-05
0.00098278477
6.1002161e-05
0.00098274769
6.3053378e-05
0.00098265868
6.5171101e-05
0.00098241407
6.7346938e-05
0.00098173013
6.9540105e-05
0.00098001115
7.1642628e-05
0.00097660911
7.3335798e-05
0.00097152754
7.4155494e-05
0.00096547448
7.3837383e-05
0.00095912512
7.273096e-05
0.00095273345
7.131343e-05
0.000946292
6.98199e-05
0.00093975703
6.8304962e-05
0.00093311697
6.6663495e-05
0.00092642755
6.492598e-05
0.00091980704
6.3071114e-05
0.00091334026
6.1187244e-05
0.00090708582
5.9313812e-05
0.0009010725
5.7519251e-05
0.00089531585
5.5800777e-05
0.00088981045
5.4197258e-05
0.00088454618
5.2688345e-05
0.00087950727
5.1294348e-05
0.00087467795
4.9982847e-05
0.00087004006
4.8780178e-05
0.00086558036
4.7641798e-05
0.00086128321
4.6600684e-05
0.00085713941
4.5603732e-05
0.00085313507
4.469839e-05
0.00084926386
4.3830803e-05
0.00084551429
4.3026564e-05
0.00084187121
4.2336843e-05
0.00083835313
4.1421421e-05
0.0008348432
4.1793574e-05
0.00083165184
3.8091953e-05
0.00082770246
4.7978069e-05
3.2399495e-05
0.0010354667
5.9007969e-06
0.001035618
7.0157163e-06
0.00103583
8.0708534e-06
0.0010360566
8.9123124e-06
0.0010362514
9.4776713e-06
0.0010363949
9.8443505e-06
0.0010364965
1.016541e-05
0.0010365785
1.0560802e-05
0.0010366583
1.1061323e-05
0.0010367424
1.1630402e-05
0.0010368296
1.2221234e-05
0.0010369179
1.2810679e-05
0.0010370056
1.3394405e-05
0.0010370912
1.3971433e-05
0.0010371736
1.4539176e-05
0.0010372518
1.5096587e-05
0.0010373252
1.564606e-05
0.0010373939
1.6192119e-05
0.0010374579
1.6738505e-05
0.0010375174
1.7287244e-05
0.0010375724
1.7840343e-05
0.0010376231
1.8400552e-05
0.0010376696
1.8971501e-05
0.0010377126
1.9556757e-05
0.0010377522
2.0158054e-05
0.0010377887
2.077606e-05
0.0010378221
2.1411406e-05
0.0010378526
2.2066164e-05
0.0010378805
2.274289e-05
0.001037906
2.3443035e-05
0.0010379292
2.4167165e-05
0.00103795
2.4915303e-05
0.0010379688
2.5689347e-05
0.0010379855
2.6491119e-05
0.0010380004
2.7322048e-05
0.0010380135
2.8182036e-05
0.0010380249
2.9072045e-05
0.0010380346
2.999405e-05
0.0010380429
3.0949228e-05
0.0010380496
3.1937889e-05
0.001038055
3.2961362e-05
0.0010380592
3.4021812e-05
0.0010380621
3.5119782e-05
0.001038064
3.6256021e-05
0.0010380649
3.7432174e-05
0.0010380649
3.8650626e-05
0.001038064
3.991138e-05
0.0010380625
4.1216889e-05
0.0010380603
4.2568344e-05
0.0010380576
4.3968119e-05
0.0010380544
4.541653e-05
0.0010380509
4.6917571e-05
0.0010380471
4.8470288e-05
0.0010380431
5.0080064e-05
0.0010380388
5.1745039e-05
0.0010380344
5.347122e-05
0.0010380297
5.5257021e-05
0.0010380247
5.7108735e-05
0.0010380188
5.9023685e-05
0.0010380114
6.1009579e-05
0.0010380001
6.3064712e-05
0.0010379794
6.5191789e-05
0.0010379332
6.7393086e-05
0.0010378117
6.966163e-05
0.0010374664
7.1987983e-05
0.0010364949
7.4307233e-05
0.0010341895
7.646095e-05
0.0010300039
7.8022964e-05
0.0010242437
7.849119e-05
0.0010177249
7.783223e-05
0.0010110379
7.6506896e-05
0.0010043385
7.5004357e-05
0.00099756972
7.3432239e-05
0.00099068919
7.180651e-05
0.00098370806
7.0052248e-05
0.00097671867
6.8176635e-05
0.00096981892
6.6213564e-05
0.0009630985
6.4239677e-05
0.00095661362
6.2285659e-05
0.00095038712
6.0423757e-05
0.00094442833
5.8647135e-05
0.00093873094
5.6991744e-05
0.00093328151
5.5432269e-05
0.00092806134
5.4000349e-05
0.00092305517
5.2647973e-05
0.00091824363
5.1412218e-05
0.00091361458
5.023278e-05
0.00090915086
4.9162115e-05
0.00090484443
4.8137226e-05
0.00090068134
4.7189652e-05
0.00089664707
4.6371114e-05
0.00089275871
4.530978e-05
0.00088889533
4.5656954e-05
0.0008853973
4.1589983e-05
0.00088108279
5.2292578e-05
3.5281349e-05
0.0010937053
5.829698e-06
0.0010938495
6.8714637e-06
0.0010940509
7.8694709e-06
0.0010942693
8.6938577e-06
0.0010944626
9.2844048e-06
0.0010946105
9.6965064e-06
0.0010947192
1.0056658e-05
0.0010948082
1.04718e-05
0.0010948938
1.097571e-05
0.0010949825
1.1541699e-05
0.0010950739
1.2129844e-05
0.0010951661
1.2718544e-05
0.0010952575
1.3303009e-05
0.0010953468
1.3882048e-05
0.001095433
1.4453056e-05
0.0010955148
1.5014722e-05
0.0010955919
1.5568984e-05
0.0010956641
1.6119907e-05
0.0010957316
1.6671056e-05
0.0010957943
1.7224519e-05
0.0010958524
1.7782273e-05
0.0010959059
1.8347005e-05
0.0010959552
1.8922193e-05
0.0010960007
1.9511271e-05
0.0010960427
2.0116079e-05
0.0010960813
2.0737402e-05
0.0010961168
2.1375974e-05
0.0010961491
2.2033777e-05
0.0010961787
2.2713291e-05
0.0010962058
2.3416012e-05
0.0010962304
2.4142574e-05
0.0010962525
2.4893121e-05
0.0010962725
2.566943e-05
0.0010962903
2.6473321e-05
0.0010963061
2.7306203e-05
0.00109632
2.8168113e-05
0.0010963321
2.9059969e-05
0.0010963425
2.998368e-05
0.0010963512
3.0940456e-05
0.0010963585
3.1930671e-05
0.0010963642
3.2955607e-05
0.0010963687
3.4017365e-05
0.0010963719
3.5116572e-05
0.0010963739
3.6253982e-05
0.0010963749
3.7431206e-05
0.0010963749
3.8650576e-05
0.0010963741
3.9912217e-05
0.0010963725
4.1218476e-05
0.0010963702
4.2570604e-05
0.0010963674
4.3970923e-05
0.0010963641
4.5419852e-05
0.0010963605
4.6921227e-05
0.0010963564
4.8474318e-05
0.0010963522
5.008425e-05
0.0010963478
5.1749467e-05
0.0010963433
5.3475693e-05
0.0010963387
5.5261641e-05
0.0010963341
5.7113357e-05
0.0010963292
5.9028538e-05
0.0010963241
6.1014679e-05
0.0010963182
6.3070629e-05
0.0010963104
6.5199582e-05
0.0010962981
6.7405454e-05
0.0010962732
6.9686546e-05
0.001096213
7.2048087e-05
0.0010960413
7.4479023e-05
0.0010955422
7.6959966e-05
0.0010941634
7.9401788e-05
0.0010911147
8.1539878e-05
0.0010860748
8.2872198e-05
0.0010796631
8.2918546e-05
0.0010727281
8.1939324e-05
0.0010657096
8.0450752e-05
0.0010586707
7.8845429e-05
0.001051556
7.7166959e-05
0.0010443166
7.5416068e-05
0.0010369734
7.3556773e-05
0.0010296625
7.1550523e-05
0.0010224792
6.9468991e-05
0.0010155028
6.740016e-05
0.0010087842
6.536572e-05
0.0010023427
6.3433222e-05
0.00099617941
6.1595588e-05
0.00099028375
5.9896011e-05
0.00098464277
5.8288953e-05
0.00097923513
5.6819853e-05
0.00097404634
5.5421576e-05
0.00096905533
5.4153118e-05
0.00096425106
5.2941494e-05
0.00095961576
5.1824955e-05
0.00095513435
5.0852526e-05
0.00095081915
4.9624973e-05
0.00094654995
4.9926157e-05
0.00094269014
4.544979e-05
0.00093794798
5.7034733e-05
3.8435835e-05
0.0011552175
5.7592181e-06
0.0011553549
6.7340487e-06
0.0011555458
7.678491e-06
0.0011557559
8.4837967e-06
0.0011559469
9.0934322e-06
0.0011560984
9.5450115e-06
0.0011562138
9.9411835e-06
0.0011563098
1.0375859e-05
0.0011564012
1.0884265e-05
0.0011564947
1.1448191e-05
0.0011565904
1.2034199e-05
0.0011566865
1.2622428e-05
0.0011567817
1.3207753e-05
0.0011568749
1.3788821e-05
0.0011569649
1.436308e-05
0.0011570506
1.4929013e-05
0.0011571315
1.5488116e-05
0.0011572074
1.6044009e-05
0.0011572784
1.6600066e-05
0.0011573445
1.7158407e-05
0.0011574058
1.7720984e-05
0.0011574624
1.8290413e-05
0.0011575145
1.887002e-05
0.0011575627
1.9463114e-05
0.0011576072
2.0071619e-05
0.0011576481
2.0696439e-05
0.0011576857
2.1338403e-05
0.0011577201
2.1999415e-05
0.0011577515
2.2681877e-05
0.0011577802
2.3387327e-05
0.0011578063
2.4116468e-05
0.0011578298
2.4869559e-05
0.001157851
2.5648267e-05
0.0011578699
2.6454402e-05
0.0011578868
2.728936e-05
0.0011579016
2.8153302e-05
0.0011579144
2.9047115e-05
0.0011579255
2.9972636e-05
0.0011579348
3.0931107e-05
0.0011579425
3.1922966e-05
0.0011579487
3.2949452e-05
0.0011579534
3.4012599e-05
0.0011579569
3.5113117e-05
0.0011579591
3.6251766e-05
0.0011579602
3.7430124e-05
0.0011579603
3.8650471e-05
0.0011579595
3.9913048e-05
0.0011579578
4.1220103e-05
0.0011579555
4.2572946e-05
0.0011579526
4.3973843e-05
0.0011579491
4.5423318e-05
0.0011579453
4.6925051e-05
0.0011579411
4.8478532e-05
0.0011579367
5.0088633e-05
0.0011579321
5.1754094e-05
0.0011579274
5.3480356e-05
0.0011579226
5.526642e-05
0.0011579179
5.7118065e-05
0.0011579131
5.9033322e-05
0.0011579084
6.1019384e-05
0.0011579036
6.3075442e-05
0.0011578985
6.5204699e-05
0.0011578926
6.7411349e-05
0.0011578844
6.9694742e-05
0.0011578705
7.2061945e-05
0.0011578394
7.4510142e-05
0.0011577572
7.7042195e-05
0.0011575093
7.9649697e-05
0.0011567682
8.2280956e-05
0.0011548199
8.4820523e-05
0.0011508815
8.6856908e-05
0.0011449688
8.7852011e-05
0.0011379601
8.7459436e-05
0.001130637
8.6168547e-05
0.0011232799
8.452409e-05
0.0011158784
8.2817545e-05
0.0011083745
8.1060697e-05
0.0011007439
7.9181112e-05
0.0010930422
7.7170724e-05
0.0010854058
7.5036538e-05
0.0010779396
7.2831934e-05
0.0010707086
7.0664206e-05
0.0010637533
6.8550938e-05
0.0010570885
6.65608e-05
0.0010507144
6.4663007e-05
0.0010446146
6.2919703e-05
0.0010387763
6.1259807e-05
0.0010331758
5.9753683e-05
0.0010277985
5.831879e-05
0.0010226223
5.7001176e-05
0.0010176301
5.5844697e-05
0.001012828
5.4427091e-05
0.0010080957
5.465841e-05
0.0010038135
4.9732036e-05
0.00099857318
6.2275012e-05
4.1902639e-05
0.0012201872
5.6895382e-06
0.001220318
6.6031906e-06
0.0012204989
7.4975987e-06
0.0012207004
8.2823181e-06
0.0012208884
8.9054392e-06
0.0012210428
9.3906161e-06
0.0012211645
9.8194856e-06
0.0012212672
1.0273171e-05
0.0012213645
1.0786973e-05
0.0012214629
1.1349786e-05
0.0012215629
1.1934193e-05
0.0012216631
1.2522214e-05
0.0012217623
1.3108526e-05
0.0012218595
1.3691653e-05
0.0012219534
1.4269148e-05
0.0012220431
1.4839345e-05
0.0012221279
1.540333e-05
0.0012222076
1.5964289e-05
0.0012222823
1.6525388e-05
0.0012223519
1.7088757e-05
0.0012224166
1.7656323e-05
0.0012224764
1.823062e-05
0.0012225315
1.8814831e-05
0.0012225825
1.9412139e-05
0.0012226296
2.0024535e-05
0.001222673
2.0653038e-05
0.0012227128
2.1298567e-05
0.0012227493
2.1962959e-05
0.0012227826
2.2648538e-05
0.0012228131
2.3356879e-05
0.0012228408
2.4088753e-05
0.0012228658
2.4844528e-05
0.0012228883
2.5625776e-05
0.0012229084
2.6434289e-05
0.0012229263
2.7271452e-05
0.0012229421
2.8137546e-05
0.0012229558
2.9033429e-05
0.0012229675
2.9960872e-05
0.0012229775
3.092114e-05
0.0012229857
3.1914739e-05
0.0012229923
3.2942866e-05
0.0012229974
3.4007489e-05
0.0012230012
3.5109396e-05
0.0012230036
3.6249357e-05
0.0012230048
3.7428917e-05
0.0012230049
3.8650301e-05
0.0012230041
3.9913869e-05
0.0012230025
4.1221768e-05
0.001223
4.2575369e-05
0.001222997
4.3976881e-05
0.0012229934
4.5426933e-05
0.0012229894
4.6929049e-05
0.001222985
4.8482939e-05
0.0012229804
5.0093225e-05
0.0012229755
5.175894e-05
0.0012229706
5.3485244e-05
0.0012229657
5.5271418e-05
0.0012229607
5.7122979e-05
0.0012229558
5.9038275e-05
0.001222951
6.102418e-05
0.0012229462
6.3080179e-05
0.0012229416
6.5209379e-05
0.0012229369
6.7416024e-05
0.0012229319
6.9699775e-05
0.001222926
7.2067817e-05
0.0012229173
7.4518795e-05
0.0012229011
7.7058451e-05
0.0012228611
7.9689659e-05
0.0012227423
8.2399738e-05
0.0012223723
8.5190539e-05
0.0012212623
8.7966956e-05
0.0012185549
9.0559427e-05
0.0012136188
9.2395515e-05
0.001206872
9.2915276e-05
0.0011993156
9.2080572e-05
0.001191597
9.0536115e-05
0.0011838824
8.8775305e-05
0.0011760964
8.6967092e-05
0.0011681777
8.5089433e-05
0.0011601389
8.3075366e-05
0.001152084
8.0886801e-05
0.0011441209
7.8627331e-05
0.0011363616
7.6310227e-05
0.0011288667
7.4055715e-05
0.0011216709
7.1858758e-05
0.0011147783
6.981236e-05
0.001108189
6.7849075e-05
0.0011018809
6.6061785e-05
0.0010958393
6.4360359e-05
0.0010900389
6.2801595e-05
0.00108446
6.1423608e-05
0.001079102
5.978506e-05
0.0010738416
5.9918816e-05
0.0010690752
5.4498501e-05
0.001063264
6.8086185e-05
4.5728068e-05
0.0012888087
5.620852e-06
0.0012889333
6.478594e-06
0.0012891045
7.3264191e-06
0.0012892973
8.0894868e-06
0.0012894817
8.7210444e-06
0.0012896382
9.2340969e-06
0.0012897656
9.6921381e-06
0.0012898748
1.0163995e-05
0.0012899779
1.0683868e-05
0.0012900812
1.1246424e-05
0.0012901857
1.1829732e-05
0.0012902901
1.2417796e-05
0.0012903934
1.3005224e-05
0.0012904946
1.3590442e-05
0.0012905926
1.4171152e-05
0.0012906863
1.47456e-05
0.0012907752
1.5314497e-05
0.0012908589
1.5880605e-05
0.0012909374
1.6446872e-05
0.0012910107
1.7015415e-05
0.0012910789
1.7588132e-05
0.0012911421
1.8167471e-05
0.0012912004
1.875647e-05
0.0012912544
1.9358192e-05
0.0012913042
1.9974678e-05
0.0012913502
2.0607058e-05
0.0012913924
2.1256332e-05
0.0012914311
2.1924282e-05
0.0012914665
2.2613156e-05
0.0012914988
2.3324557e-05
0.0012915282
2.4059327e-05
0.0012915548
2.4817935e-05
0.0012915787
2.5601873e-05
0.0012916001
2.6412905e-05
0.0012916192
2.7252411e-05
0.0012916359
2.812078e-05
0.0012916505
2.9018856e-05
0.001291663
2.9948337e-05
0.0012916737
3.0910513e-05
0.0012916824
3.1905952e-05
0.0012916895
3.2935818e-05
0.001291695
3.4002008e-05
0.001291699
3.5105388e-05
0.0012917016
3.6246737e-05
0.0012917029
3.7427571e-05
0.0012917032
3.8650058e-05
0.0012917024
3.9914671e-05
0.0012917007
4.1223468e-05
0.0012916982
4.2577872e-05
0.001291695
4.3980038e-05
0.0012916913
4.5430699e-05
0.0012916871
4.6933228e-05
0.0012916825
4.8487547e-05
0.0012916777
5.0098037e-05
0.0012916726
5.1764015e-05
0.0012916675
5.3490369e-05
0.0012916622
5.5276657e-05
0.0012916571
5.7128132e-05
0.0012916519
5.9043459e-05
0.0012916469
6.1029189e-05
0.001291642
6.3085088e-05
0.0012916372
6.5214149e-05
0.0012916326
6.7420613e-05
0.0012916281
6.9704323e-05
0.0012916236
7.2072306e-05
0.0012916187
7.452365e-05
0.0012916128
7.7064372e-05
0.0012916037
7.9698771e-05
0.0012915836
8.2419787e-05
0.0012915291
8.5245072e-05
0.0012913493
8.8146732e-05
0.0012907842
9.1124588e-05
0.0012891407
9.4038938e-05
0.0012854677
9.6588286e-05
0.0012794623
9.8085973e-05
0.00127194
9.8058428e-05
0.0012639057
9.6809607e-05
0.0012558028
9.5069982e-05
0.0012476908
9.3201491e-05
0.001239495
9.1271181e-05
0.0012311503
8.9231478e-05
0.0012226798
8.7097794e-05
0.0012142462
8.4743895e-05
0.0012059541
8.2347814e-05
0.0011979031
7.9909772e-05
0.0011901424
7.7572968e-05
0.001182705
7.5286524e-05
0.0011755825
7.3184244e-05
0.0011687708
7.1172143e-05
0.0011622462
6.9326184e-05
0.0011559882
6.768157e-05
0.0011499912
6.5782085e-05
0.0011441255
6.5784464e-05
0.001138806
5.9818019e-05
0.0011323442
7.4547957e-05
4.9964445e-05
0.0013612875
5.5533338e-06
0.001361406
6.3600029e-06
0.0013615679
7.1645248e-06
0.0013617522
7.9052714e-06
0.0013619324
8.5407938e-06
0.0013620903
9.0762476e-06
0.0013622226
9.559787e-06
0.0013623379
1.0048683e-05
0.0013624467
1.0575058e-05
0.0013625551
1.1138092e-05
0.001362664
1.1720762e-05
0.0013627727
1.2309094e-05
0.0013628802
1.2897758e-05
0.0013629855
1.3485101e-05
0.0013630877
1.4069003e-05
0.0013631856
1.4647676e-05
0.0013632786
1.5221498e-05
0.0013633664
1.5792826e-05
0.0013634489
1.6364376e-05
0.0013635261
1.693823e-05
0.0013635979
1.7516255e-05
0.0013636646
1.8100805e-05
0.0013637263
1.8694779e-05
0.0013637834
1.9301118e-05
0.0013638361
1.9921899e-05
0.0013638849
2.0558353e-05
0.0013639296
2.121156e-05
0.0013639707
2.1883255e-05
0.0013640082
2.2575608e-05
0.0013640425
2.3290248e-05
0.0013640738
2.4028085e-05
0.001364102
2.4789683e-05
0.0013641274
2.5576466e-05
0.0013641501
2.6390167e-05
0.0013641704
2.7232161e-05
0.0013641882
2.8102938e-05
0.0013642038
2.9003334e-05
0.0013642171
2.9934979e-05
0.0013642285
3.0899179e-05
0.0013642378
3.1896567e-05
0.0013642454
3.2928273e-05
0.0013642513
3.3996129e-05
0.0013642556
3.5101068e-05
0.0013642584
3.6243888e-05
0.0013642599
3.742607e-05
0.0013642603
3.864973e-05
0.0013642595
3.991545e-05
0.0013642577
4.1225199e-05
0.0013642552
4.2580454e-05
0.0013642519
4.3983315e-05
0.001364248
4.5434619e-05
0.0013642436
4.6937592e-05
0.0013642388
4.8492362e-05
0.0013642337
5.0103075e-05
0.0013642284
5.1769328e-05
0.0013642231
5.3495744e-05
0.0013642176
5.5282148e-05
0.0013642122
5.713354e-05
0.0013642067
5.9048894e-05
0.0013642015
6.1034443e-05
0.0013641963
6.3090227e-05
0.0013641914
6.521913e-05
0.0013641866
6.742537e-05
0.001364182
6.9708955e-05
0.0013641776
7.2076694e-05
0.0013641733
7.4527969e-05
0.001364169
7.7068663e-05
0.0013641645
7.9703289e-05
0.0013641584
8.2425848e-05
0.0013641484
8.5255039e-05
0.0013641222
8.8172953e-05
0.0013640423
9.1204463e-05
0.0013637662
9.4315031e-05
0.0013628808
9.7473719e-05
0.0013604784
0.00010048839
0.0013556644
0.00010287244
0.0013486075
0.00010386653
0.0013403949
0.00010328255
0.0013319143
0.00010168211
0.0013234181
9.9767317e-05
0.0013148785
9.7771163e-05
0.0013062164
9.5759854e-05
0.0012974066
9.355371e-05
0.0012885167
9.1237725e-05
0.0012797057
8.8720714e-05
0.0012710872
8.6191475e-05
0.001262748
8.3625732e-05
0.00125472
8.1212296e-05
0.0012470309
7.8861238e-05
0.0012396706
7.6686469e-05
0.0012326248
7.47273e-05
0.0012258878
7.2519119e-05
0.0012193237
7.2348604e-05
0.0012133692
6.5772491e-05
0.0012061645
8.1752633e-05
5.4671576e-05
0.0014378401
5.4871445e-06
0.0014379529
6.247148e-06
0.001438106
7.0114619e-06
0.0014382817
7.7295475e-06
0.0014384574
8.3651425e-06
0.0014386158
8.9178495e-06
0.0014387524
9.4231346e-06
0.0014388735
9.9276536e-06
0.0014389878
1.0460709e-05
0.0014391011
1.102482e-05
0.0014392146
1.1607254e-05
0.0014393276
1.219605e-05
0.0014394393
1.2786051e-05
0.0014395489
1.3375552e-05
0.0014396553
1.3962614e-05
0.0014397575
1.4545472e-05
0.0014398547
1.5124218e-05
0.0014399467
1.5700818e-05
0.0014400334
1.6277754e-05
0.0014401145
1.6857049e-05
0.0014401903
1.7440531e-05
0.0014402606
1.8030459e-05
0.0014403258
1.8629593e-05
0.0014403862
1.9240753e-05
0.001440442
1.9866038e-05
0.0014404936
2.0506771e-05
0.0014405411
2.1164107e-05
0.0014405846
2.1839737e-05
0.0014406244
2.2535763e-05
0.0014406608
2.3253829e-05
0.001440694
2.3994913e-05
0.001440724
2.4759668e-05
0.001440751
2.5549461e-05
0.0014407752
2.6365988e-05
0.0014407967
2.7210623e-05
0.0014408157
2.808395e-05
0.0014408323
2.8986801e-05
0.0014408465
2.9920741e-05
0.0014408586
3.0887089e-05
0.0014408686
3.1886538e-05
0.0014408767
3.2920193e-05
0.001440883
3.398982e-05
0.0014408877
3.5096411e-05
0.0014408908
3.6240788e-05
0.0014408924
3.74244e-05
0.0014408929
3.8649306e-05
0.0014408921
3.9916195e-05
0.0014408904
4.1226957e-05
0.0014408877
4.2583112e-05
0.0014408843
4.3986714e-05
0.0014408802
4.5438697e-05
0.0014408757
4.6942146e-05
0.0014408706
4.849739e-05
0.0014408654
5.0108349e-05
0.0014408598
5.1774888e-05
0.0014408542
5.3501378e-05
0.0014408484
5.5287901e-05
0.0014408427
5.7139212e-05
0.001440837
5.9054592e-05
0.0014408315
6.1039957e-05
0.0014408261
6.3095617e-05
0.0014408209
6.5224353e-05
0.0014408159
6.7430353e-05
0.0014408111
6.9713789e-05
0.0014408066
7.2081243e-05
0.0014408022
7.4532362e-05
0.001440798
7.707283e-05
0.0014407941
7.9707219e-05
0.0014407899
8.2429963e-05
0.0014407857
8.5259252e-05
0.0014407795
8.817917e-05
0.0014407677
9.1216326e-05
0.0014407321
9.4350584e-05
0.0014406076
9.7598251e-05
0.0014401684
0.00010092755
0.0014387844
0.00010425649
0.0014353653
0.0001072856
0.0014292915
0.00010935637
0.0014212669
0.00010970667
0.0014124389
0.00010859531
0.0014035062
0.00010670392
0.0013945919
0.0001046741
0.0013855979
0.00010254771
0.0013764455
0.00010039016
0.0013671532
9.8012976e-05
0.0013578499
9.5494828e-05
0.0013486657
9.280995e-05
0.0013397109
9.0167018e-05
0.0013310729
8.7499289e-05
0.0013227746
8.4984764e-05
0.0013148261
8.2675753e-05
0.0013072333
8.0111969e-05
0.0012998598
7.9722096e-05
0.0012931708
7.2461443e-05
0.0012851126
8.9810919e-05
5.9919912e-05
0.0015186957
5.4224097e-06
0.001518803
6.1397684e-06
0.0015189477
6.8667656e-06
0.0015191152
7.5621179e-06
0.0015192859
8.194458e-06
0.001519444
8.7596589e-06
0.0015195843
9.2829293e-06
0.0015197105
9.8014075e-06
0.0015198301
1.0341065e-05
0.0015199483
1.0906697e-05
0.0015200663
1.1489226e-05
0.0015201837
1.2078637e-05
0.0015202997
1.2670053e-05
0.0015204135
1.3261731e-05
0.0015205242
1.3851915e-05
0.0015206308
1.4438906e-05
0.0015207324
1.5022553e-05
0.0015208288
1.5604462e-05
0.0015209197
1.6186871e-05
0.001521005
1.6771723e-05
0.0015210847
1.7360804e-05
0.0015211589
1.7956271e-05
0.0015212278
1.8560747e-05
0.0015212916
1.9176933e-05
0.0015213507
1.9806935e-05
0.0015214053
2.0452157e-05
0.0015214556
2.1113821e-05
0.0015215017
2.1793587e-05
0.001521544
2.2493485e-05
0.0015215827
2.3215173e-05
0.0015216179
2.3959692e-05
0.0015216498
2.4727779e-05
0.0015216785
2.5520754e-05
0.0015217042
2.6340274e-05
0.0015217271
2.7187713e-05
0.0015217473
2.8063739e-05
0.0015217649
2.8969189e-05
0.0015217801
2.9905563e-05
0.001521793
3.087419e-05
0.0015218037
3.1875821e-05
0.0015218124
3.2911541e-05
0.0015218192
3.3983047e-05
0.0015218242
3.5091391e-05
0.0015218275
3.6237416e-05
0.0015218294
3.7422542e-05
0.0015218299
3.8648773e-05
0.0015218292
3.9916898e-05
0.0015218275
4.1228737e-05
0.0015218247
4.2585845e-05
0.0015218212
4.3990236e-05
0.001521817
4.5442936e-05
0.0015218122
4.6946896e-05
0.001521807
4.8502637e-05
0.0015218014
5.0113865e-05
0.0015217956
5.1780703e-05
0.0015217897
5.3507279e-05
0.0015217837
5.5293926e-05
0.0015217778
5.7145161e-05
0.0015217718
5.9060563e-05
0.001521766
6.1045743e-05
0.0015217603
6.3101271e-05
0.0015217549
6.5229832e-05
0.0015217496
6.743558e-05
0.0015217446
6.9718857e-05
0.0015217398
7.2086009e-05
0.0015217352
7.4536949e-05
0.0015217309
7.7077148e-05
0.0015217269
7.9711216e-05
0.0015217229
8.2433934e-05
0.0015217194
8.5262826e-05
0.0015217155
8.8183054e-05
0.0015217115
9.1220341e-05
0.0015217051
9.4356902e-05
0.00152169
9.7613382e-05
0.0015216373
0.00010098029
0.0015214353
0.0001044585
0.0015207171
0.00010800379
0.0015185872
0.00011148629
0.0015139095
0.00011438435
0.0015065415
0.0001159633
0.0014976442
0.00011560123
0.0014882883
0.00011403002
0.0014789137
0.00011192234
0.0014695299
0.00010977393
0.001460047
0.0001074959
0.0014503936
0.00010514822
0.0014406012
0.00010260229
0.0014308539
9.9914336e-05
0.0014212979
9.7055247e-05
0.0014120158
9.4266875e-05
0.0014030746
9.1616948e-05
0.0013945122
8.8674377e-05
0.0013862078
8.8026495e-05
0.001378668
8.0001278e-05
0.0013696236
9.8855326e-05
6.5794115e-05
0.001604096
5.3592187e-06
0.0016041982
6.037601e-06
0.001604335
6.7299632e-06
0.0016044944
7.402726e-06
0.0016046598
8.0290145e-06
0.0016048171
8.6023839e-06
0.0016049601
9.1399453e-06
0.001605091
9.6705078e-06
0.0016052156
1.0216432e-05
0.0016053385
1.0783861e-05
0.0016054609
1.136673e-05
0.0016055827
1.1956861e-05
0.001605703
1.2549735e-05
0.0016058212
1.3143593e-05
0.0016059362
1.3736848e-05
0.0016060472
1.4327899e-05
0.0016061534
1.4916408e-05
0.0016062542
1.5503641e-05
0.0016063495
1.6091592e-05
0.0016064391
1.6682107e-05
0.001606523
1.7276916e-05
0.0016066012
1.7878076e-05
0.0016066739
1.8488073e-05
0.0016067413
1.9109489e-05
0.0016068038
1.9744421e-05
0.0016068616
2.0394346e-05
0.0016069149
2.1060546e-05
0.0016069638
2.1744653e-05
0.0016070087
2.2448632e-05
0.0016070497
2.3174146e-05
0.0016070871
2.3922298e-05
0.001607121
2.46939e-05
0.0016071515
2.5490239e-05
0.0016071788
2.6312928e-05
0.0016072032
2.7163341e-05
0.0016072247
2.8042224e-05
0.0016072435
2.8950423e-05
0.0016072597
2.988938e-05
0.0016072734
3.0860424e-05
0.0016072849
3.1864366e-05
0.0016072942
3.2902271e-05
0.0016073014
3.3975775e-05
0.0016073069
3.5085975e-05
0.0016073105
3.6233746e-05
0.0016073126
3.7420476e-05
0.0016073132
3.8648116e-05
0.0016073126
3.9917549e-05
0.0016073108
4.123053e-05
0.001607308
4.2588648e-05
0.0016073044
4.3993878e-05
0.0016073
4.5447336e-05
0.001607295
4.6951846e-05
0.0016072895
4.8508108e-05
0.0016072838
5.0119632e-05
0.0016072777
5.1786782e-05
0.0016072715
5.3513459e-05
0.0016072652
5.5300233e-05
0.001607259
5.7151397e-05
0.0016072527
5.9066817e-05
0.0016072466
6.105181e-05
0.0016072407
6.3107197e-05
0.001607235
6.5235577e-05
0.0016072295
6.7441065e-05
0.0016072242
6.9724171e-05
0.0016072192
7.2091009e-05
0.0016072144
7.4541755e-05
0.0016072098
7.7081669e-05
0.0016072057
7.971539e-05
0.0016072016
8.2438045e-05
0.0016071979
8.5266461e-05
0.0016071942
8.8186798e-05
0.0016071909
9.1223621e-05
0.0016071874
9.4360419e-05
0.0016071836
9.7617207e-05
0.0016071768
0.00010098707
0.0016071561
0.00010447924
0.0016070702
0.00010808968
0.001606733
0.00011182351
0.0016055499
0.00011556738
0.001602374
0.00011913923
0.0015962514
0.00012172387
0.0015876595
0.00012262189
0.0015780057
0.00012157617
0.0015681484
0.00011963119
0.0015583262
0.00011731808
0.0015484479
0.00011502653
0.0015384051
0.00011264512
0.001528198
0.00011012145
0.0015179341
0.00010731913
0.0015077569
0.00010444403
0.0014978211
0.00010155275
0.0014882196
9.8275911e-05
0.0014788772
9.736889e-05
0.0014703664
8.8512076e-05
0.0014601862
0.00010903551
7.2394182e-05
0.0016942967
5.2976759e-06
0.0016943939
5.940385e-06
0.0016945233
6.600589e-06
0.0016946749
7.2510717e-06
0.0016948349
7.8690029e-06
0.0016949906
8.4466757e-06
0.0016951356
8.9949681e-06
0.0016952706
9.5355804e-06
0.0016953998
1.0087194e-05
0.0016955271
1.0656517e-05
0.001695654
1.1239876e-05
0.0016957801
1.1830769e-05
0.0016959047
1.2425101e-05
0.0016960272
1.3021116e-05
0.0016961467
1.3617376e-05
0.0016962622
1.42124e-05
0.0016963729
1.4805706e-05
0.0016964782
1.5398257e-05
0.001696578
1.5991797e-05
0.0016966721
1.6588062e-05
0.0016967603
1.7188718e-05
0.0016968426
1.7795716e-05
0.0016969193
1.8411405e-05
0.0016969905
1.9038251e-05
0.0016970566
1.9678328e-05
0.0016971178
2.0333173e-05
0.0016971742
2.100412e-05
0.0016972261
2.169278e-05
0.0016972737
2.2401055e-05
0.0016973172
2.3130608e-05
0.0016973569
2.3882599e-05
0.0016973929
2.465791e-05
0.0016974253
2.5457802e-05
0.0016974544
2.6283845e-05
0.0016974803
2.7137412e-05
0.0016975033
2.801932e-05
0.0016975232
2.8930428e-05
0.0016975405
2.9872122e-05
0.0016975552
3.0845732e-05
0.0016975674
3.185212e-05
0.0016975774
3.2892339e-05
0.0016975852
3.3967963e-05
0.001697591
3.5080133e-05
0.001697595
3.6229752e-05
0.0016975973
3.7418181e-05
0.0016975981
3.8647319e-05
0.0016975975
3.9918135e-05
0.0016975957
4.1232329e-05
0.0016975929
4.2591517e-05
0.0016975891
4.3997641e-05
0.0016975845
4.5451899e-05
0.0016975794
4.6956999e-05
0.0016975737
4.851381e-05
0.0016975677
5.0125657e-05
0.0016975613
5.1793132e-05
0.0016975548
5.3519926e-05
0.0016975482
5.5306832e-05
0.0016975417
5.715793e-05
0.0016975352
5.9073365e-05
0.0016975288
6.105817e-05
0.0016975226
6.3113407e-05
0.0016975166
6.52416e-05
0.0016975108
6.7446815e-05
0.0016975052
6.9729739e-05
0.0016975
7.2096252e-05
0.001697495
7.4546792e-05
0.0016974902
7.7086409e-05
0.0016974858
7.9719766e-05
0.0016974815
8.2442345e-05
0.0016974777
8.527026e-05
0.0016974739
8.8190679e-05
0.0016974705
9.122696e-05
0.0016974671
9.4363821e-05
0.0016974641
9.7620246e-05
0.001697461
0.00010099017
0.0016974575
0.00010448273
0.0016974492
0.00010809797
0.0016974182
0.00011185456
0.001697269
0.00011571653
0.0016966949
0.00011971338
0.0016947851
0.00012363362
0.0016902405
0.00012716657
0.0016825854
0.00012923119
0.0016729091
0.00012930752
0.001662613
0.00012761415
0.0016522561
0.00012538343
0.0016419369
0.00012296431
0.0016315221
0.00012053633
0.0016209094
0.00011793181
0.0016101303
0.00011522314
0.0015993713
0.00011231173
0.0015887805
0.00010886668
0.0015783629
0.00010778653
0.0015687947
9.8080289e-05
0.0015573348
0.00012049534
7.9828762e-05
0.0017895675
5.2378554e-06
0.00178966
5.8478631e-06
0.0017897824
6.4781838e-06
0.0017899267
7.1068234e-06
0.0017900811
7.7145341e-06
0.0017902347
8.2931137e-06
0.0017903809
8.8487722e-06
0.0017905192
9.3972941e-06
0.0017906526
9.9537945e-06
0.0017907842
1.0524926e-05
0.0017909152
1.1108818e-05
0.0017910455
1.1700449e-05
0.0017911744
1.2296188e-05
0.0017913012
1.2894303e-05
0.0017914251
1.3493481e-05
0.0017915452
1.4092367e-05
0.0017916605
1.4690383e-05
0.0017917705
1.528822e-05
0.0017918749
1.5887375e-05
0.0017919735
1.6489458e-05
0.0017920662
1.7096061e-05
0.0017921529
1.770903e-05
0.0017922337
1.8330577e-05
0.0017923089
1.8963047e-05
0.0017923788
1.9608484e-05
0.0017924435
2.0268467e-05
0.0017925032
2.0944378e-05
0.0017925582
2.1637808e-05
0.0017926086
2.23506e-05
0.0017926548
2.3084413e-05
0.001792697
2.3840457e-05
0.0017927352
2.4619681e-05
0.0017927697
2.5423324e-05
0.0017928006
2.6252917e-05
0.0017928282
2.7109827e-05
0.0017928526
2.7994936e-05
0.0017928739
2.8909121e-05
0.0017928923
2.9853718e-05
0.001792908
3.0830049e-05
0.0017929211
3.1839026e-05
0.0017929317
3.2881694e-05
0.0017929401
3.395957e-05
0.0017929464
3.5073829e-05
0.0017929507
3.6225404e-05
0.0017929533
3.7415634e-05
0.0017929543
3.8646363e-05
0.0017929537
3.9918642e-05
0.0017929519
4.1234125e-05
0.001792949
4.2594446e-05
0.0017929451
4.4001522e-05
0.0017929404
4.5456626e-05
0.001792935
4.6962358e-05
0.0017929291
4.8519747e-05
0.0017929228
5.0131946e-05
0.0017929162
5.1799761e-05
0.0017929094
5.3526689e-05
0.0017929025
5.5313731e-05
0.0017928957
5.716477e-05
0.0017928888
5.9080216e-05
0.0017928822
6.1064834e-05
0.0017928757
6.3119911e-05
0.0017928694
6.5247909e-05
0.0017928633
6.7452842e-05
0.0017928575
6.9735573e-05
0.001792852
7.210175e-05
0.0017928467
7.4552068e-05
0.0017928418
7.7091377e-05
0.0017928372
7.9724353e-05
0.0017928327
8.2446847e-05
0.0017928287
8.5274244e-05
0.0017928246
8.8194733e-05
0.0017928211
9.1230451e-05
0.0017928176
9.4367355e-05
0.0017928145
9.7623371e-05
0.0017928115
0.00010099319
0.0017928087
0.00010448549
0.0017928059
0.00010810076
0.0017928031
0.00011185736
0.0017927915
0.00011572819
0.0017927386
0.00011976623
0.001792474
0.00012389829
0.0017914868
0.00012815373
0.0017885099
0.00013220809
0.0017823214
0.00013549603
0.0017731869
0.00013674861
0.0017625795
0.00013599082
0.0017517182
0.00013382562
0.0017408634
0.00013139119
0.0017299833
0.00012881187
0.0017189616
0.00012624483
0.0017077389
0.00012353447
0.0016964151
0.00012019042
0.0016850405
0.00011916115
0.0016744347
0.00010868614
0.0016616114
0.00013331855
8.8191085e-05
0.0018901934
5.1797176e-06
0.0018902815
5.7597715e-06
0.0018903974
6.3623019e-06
0.0018905346
6.969629e-06
0.0018906835
7.5656522e-06
0.0018908344
8.142203e-06
0.0018909811
8.7021067e-06
0.001891122
9.2563515e-06
0.0018912591
9.816741e-06
0.0018913946
1.0389413e-05
0.0018915296
1.0973764e-05
0.001891664
1.1566038e-05
0.0018917971
1.2163075e-05
0.0018919282
1.2763193e-05
0.0018920566
1.3365174e-05
0.0018921811
1.396779e-05
0.0018923011
1.4570401e-05
0.0018924159
1.5173461e-05
0.001892525
1.577823e-05
0.0018926283
1.6386179e-05
0.0018927255
1.6998813e-05
0.0018928167
1.7617871e-05
0.0018929018
1.8245429e-05
0.0018929812
1.8883711e-05
0.0018930549
1.9534717e-05
0.0018931234
2.0200058e-05
0.0018931866
2.0881152e-05
0.0018932448
2.1579573e-05
0.0018932983
2.229711e-05
0.0018933473
2.3035411e-05
0.001893392
2.3795732e-05
0.0018934326
2.4579079e-05
0.0018934693
2.5386681e-05
0.0018935022
2.6220027e-05
0.0018935315
2.7080481e-05
0.0018935575
2.7968978e-05
0.0018935802
2.8886417e-05
0.0018935998
2.9834089e-05
0.0018936165
3.0813306e-05
0.0018936305
3.1825025e-05
0.001893642
3.2870286e-05
0.001893651
3.3950552e-05
0.0018936578
3.5067025e-05
0.0018936625
3.6220672e-05
0.0018936653
3.7412808e-05
0.0018936665
3.8645229e-05
0.0018936661
3.9919058e-05
0.0018936643
4.1235907e-05
0.0018936613
4.259743e-05
0.0018936573
4.4005518e-05
0.0018936524
4.5461516e-05
0.0018936468
4.6967926e-05
0.0018936407
4.8525924e-05
0.0018936341
5.0138506e-05
0.0018936272
5.1806677e-05
0.0018936201
5.3533757e-05
0.0018936129
5.532094e-05
0.0018936057
5.7171928e-05
0.0018935986
5.9087381e-05
0.0018935916
6.1071811e-05
0.0018935848
6.3126719e-05
0.0018935782
6.5254516e-05
0.0018935719
6.7459156e-05
0.0018935658
6.974168e-05
0.00189356
7.210751e-05
0.0018935545
7.4557592e-05
0.0018935493
7.7096581e-05
0.0018935445
7.972916e-05
0.0018935398
8.2451559e-05
0.0018935356
8.5278422e-05
0.0018935313
8.8198973e-05
0.0018935277
9.1234112e-05
0.001893524
9.4371044e-05
0.0018935207
9.7626644e-05
0.0018935176
0.00010099635
0.0018935147
0.00010448841
0.0018935118
0.00010810358
0.0018935097
0.00011185951
0.0018935072
0.00011573065
0.0018935049
0.00011976861
0.0018934865
0.00012391667
0.0018933878
0.00012825243
0.0018929156
0.00013268027
0.0018912383
0.00013717338
0.0018867802
0.00014120668
0.0018787813
0.00014398972
0.0018683479
0.00014425897
0.0018569594
0.00014277968
0.0018455308
0.0001402405
0.001834134
0.0001376416
0.0018226587
0.00013500981
0.0018110184
0.00013183073
0.0017990167
0.00013116278
0.001787594
0.00012010891
0.0017734754
0.00014743713
9.7504817e-05
0.0019964756
5.1233366e-06
0.0019965595
5.6758603e-06
0.0019966693
6.2525115e-06
0.0019967998
6.8391289e-06
0.0019969431
7.4223415e-06
0.0019970909
7.9943698e-06
0.0019972374
8.5556773e-06
0.0019973802
9.1134688e-06
0.0019975204
9.6765905e-06
0.0019976594
1.0250361e-05
0.0019977982
1.0834979e-05
0.0019979365
1.1427719e-05
0.0019980737
1.2025884e-05
0.0019982091
1.2627857e-05
0.0019983417
1.3232493e-05
0.0019984709
1.3838676e-05
0.0019985955
1.4445738e-05
0.001998715
1.505393e-05
0.001998829
1.5664283e-05
0.001998937
1.6278117e-05
0.001999039
1.6896845e-05
0.0019991348
1.7522093e-05
0.0019992244
1.8155802e-05
0.0019993081
1.8800074e-05
0.0019993859
1.9456856e-05
0.0019994582
2.0127771e-05
0.0019995251
2.0814269e-05
0.0019995868
2.1517906e-05
0.0019996434
2.224042e-05
0.0019996954
2.2983445e-05
0.0019997429
2.3748274e-05
0.001999786
2.4535967e-05
0.0019998249
2.5347744e-05
0.0019998599
2.6185057e-05
0.0019998911
2.7049261e-05
0.0019999187
2.7941344e-05
0.0019999429
2.8862225e-05
0.0019999639
2.9813153e-05
0.0019999817
3.0795431e-05
0.0019999967
3.1810052e-05
0.0020000089
3.2858058e-05
0.0020000186
3.394086e-05
0.002000026
3.5059681e-05
0.0020000311
3.6215521e-05
0.0020000343
3.7409677e-05
0.0020000356
3.8643894e-05
0.0020000353
3.9919364e-05
0.0020000335
4.1237663e-05
0.0020000305
4.2600459e-05
0.0020000264
4.4009624e-05
0.0020000213
4.5466568e-05
0.0020000156
4.6973705e-05
0.0020000091
4.8532343e-05
0.0020000023
5.0145343e-05
0.0019999951
5.1813887e-05
0.0019999877
5.3541138e-05
0.0019999802
5.5328469e-05
0.0019999727
5.7179414e-05
0.0019999652
5.909487e-05
0.0019999579
6.1079113e-05
0.0019999508
6.3133842e-05
0.0019999439
6.5261429e-05
0.0019999373
6.7465766e-05
0.0019999309
6.9748071e-05
0.0019999248
7.2113543e-05
0.0019999191
7.4563372e-05
0.0019999136
7.710203e-05
0.0019999086
7.9734195e-05
0.0019999036
8.2456487e-05
0.0019998993
8.5282803e-05
0.0019998948
8.8203401e-05
0.001999891
9.1237951e-05
0.0019998871
9.4374899e-05
0.0019998837
9.7630072e-05
0.0019998804
0.00010099965
0.0019998774
0.00010449147
0.0019998744
0.00010810655
0.001999872
0.00011186196
0.0019998692
0.00011573338
0.0019998678
0.00011977009
0.0019998659
0.0001239185
0.0019998632
0.00012825519
0.0019998298
0.00013271362
0.0019996437
0.00013735951
0.0019987723
0.00014207809
0.0019959918
0.00014677017
0.0019897104
0.00015054039
0.0019799248
0.00015256523
0.001968383
0.00015178236
0.0019563167
0.00014970784
0.001944316
0.00014701054
0.0019323607
0.00014378607
0.0019200821
0.00014344136
0.0019082606
0.00013193042
0.0018931591
0.00016253859
0.0001076364
0.0021087319
5.0686969e-06
0.0021088119
5.5958834e-06
0.002108916
6.1484002e-06
0.0021090402
6.7149613e-06
0.002109178
7.2845392e-06
0.0021093224
7.8499646e-06
0.0021094679
8.4101368e-06
0.002109612
8.9693623e-06
0.0021097547
9.5339421e-06
0.0021098968
1.0108209e-05
0.002110039
1.0692781e-05
0.002110181
1.1285729e-05
0.0021103221
1.1884784e-05
0.0021104616
1.2488408e-05
0.0021105986
1.309551e-05
0.0021107322
1.370507e-05
0.0021108615
1.4316406e-05
0.0021109858
1.4929604e-05
0.0021111046
1.5545476e-05
0.0021112175
1.6165189e-05
0.0021113243
1.6790047e-05
0.0021114249
1.7421567e-05
0.0021115191
1.8061551e-05
0.0021116072
1.8711979e-05
0.0021116893
1.9374732e-05
0.0021117657
2.0051436e-05
0.0021118364
2.0743558e-05
0.0021119017
2.1452638e-05
0.0021119617
2.2180366e-05
0.0021120168
2.2928356e-05
0.0021120671
2.3697931e-05
0.0021121129
2.44902e-05
0.0021121543
2.5306377e-05
0.0021121914
2.614788e-05
0.0021122247
2.7016055e-05
0.0021122541
2.7911929e-05
0.0021122798
2.8836448e-05
0.0021123022
2.9790825e-05
0.0021123213
3.0776346e-05
0.0021123373
3.1794041e-05
0.0021123504
3.2844952e-05
0.0021123608
3.3930443e-05
0.0021123687
3.5051754e-05
0.0021123743
3.6209916e-05
0.0021123778
3.7406211e-05
0.0021123793
3.8642335e-05
0.0021123792
3.9919543e-05
0.0021123774
4.123938e-05
0.0021123744
4.2603526e-05
0.0021123702
4.4013836e-05
0.002112365
4.547178e-05
0.002112359
4.6979696e-05
0.0021123523
4.8539009e-05
0.0021123452
5.0152461e-05
0.0021123377
5.1821397e-05
0.00211233
5.3548841e-05
0.0021123221
5.5336325e-05
0.0021123143
5.7187237e-05
0.0021123065
5.9102691e-05
0.0021122988
6.1086749e-05
0.0021122914
6.3141289e-05
0.0021122842
6.5268659e-05
0.0021122772
6.7472683e-05
0.0021122706
6.9754753e-05
0.0021122642
7.2119857e-05
0.0021122582
7.4569417e-05
0.0021122525
7.7107732e-05
0.0021122472
7.9739465e-05
0.0021122421
8.2461637e-05
0.0021122375
8.5287394e-05
0.0021122329
8.8208025e-05
0.0021122288
9.1241975e-05
0.0021122248
9.4378924e-05
0.0021122212
9.7633663e-05
0.0021122178
0.0001010031
0.0021122146
0.00010449467
0.0021122115
0.00010810965
0.0021122089
0.00011186456
0.002112206
0.00011573633
0.0021122039
0.00011977211
0.0021122013
0.00012392109
0.0021122007
0.00012825587
0.0021121997
0.00013271462
0.002112196
0.00013736323
0.0021121256
0.00014214847
0.0021117579
0.00014713788
0.0021101843
0.0001521139
0.0021058373
0.00015691225
0.0020975254
0.00016009423
0.0020861113
0.00016112196
0.0020736224
0.00015949947
0.0020609748
0.00015643366
0.0020482513
0.00015616482
0.0020361595
0.00014402229
0.0020205728
0.00017812528
0.00011824272
0.0022272983
5.0157708e-06
0.0022273746
5.5195985e-06
0.0022274734
6.0495773e-06
0.0022275916
6.5967686e-06
0.002227724
7.1521438e-06
0.0022278647
7.7092656e-06
0.0022280088
8.2660749e-06
0.0022281534
8.8247312e-06
0.0022282979
9.3894227e-06
0.0022284427
9.9634455e-06
0.0022285879
1.054754e-05
0.0022287333
1.1140352e-05
0.0022288781
1.173999e-05
0.0022290215
1.2345004e-05
0.0022291627
1.2954337e-05
0.0022293007
1.3567043e-05
0.0022294346
1.4182444e-05
0.0022295638
1.4800483e-05
0.0022296875
1.5421776e-05
0.0022298053
1.6047327e-05
0.002229917
1.6678327e-05
0.0022300224
1.7316174e-05
0.0022301214
1.7962539e-05
0.0022302141
1.8619272e-05
0.0022303007
1.9288182e-05
0.0022303813
1.9970882e-05
0.002230456
2.0668847e-05
0.002230525
2.1383598e-05
0.0022305886
2.2116779e-05
0.002230647
2.2869979e-05
0.0022307003
2.3644548e-05
0.0022307489
2.444163e-05
0.0022307929
2.5262442e-05
0.0022308324
2.6108367e-05
0.0022308677
2.698074e-05
0.002230899
2.7880624e-05
0.0022309264
2.8808988e-05
0.0022309503
2.9767015e-05
0.0022309706
3.0755972e-05
0.0022309877
3.177692e-05
0.0022310018
3.2830904e-05
0.002231013
3.3919247e-05
0.0022310215
3.5043197e-05
0.0022310276
3.6203818e-05
0.0022310315
3.7402377e-05
0.0022310333
3.8640527e-05
0.0022310333
3.9919576e-05
0.0022310316
4.1241042e-05
0.0022310285
4.2606619e-05
0.0022310242
4.4018147e-05
0.0022310188
4.547715e-05
0.0022310126
4.6985897e-05
0.0022310057
4.8545924e-05
0.0022309983
5.0159866e-05
0.0022309905
5.1829215e-05
0.0022309824
5.3556872e-05
0.0022309743
5.5344518e-05
0.0022309661
5.7195406e-05
0.0022309579
5.9110855e-05
0.0022309499
6.1094729e-05
0.0022309422
6.3149071e-05
0.0022309346
6.5276215e-05
0.0022309274
6.7479917e-05
0.0022309204
6.9761737e-05
0.0022309138
7.2126462e-05
0.0022309075
7.4575735e-05
0.0022309015
7.7113694e-05
0.002230896
7.974498e-05
0.0022308906
8.2467015e-05
0.0022308858
8.5292202e-05
0.002230881
8.8212849e-05
0.0022308768
9.1246192e-05
0.0022308726
9.4383122e-05
0.0022308688
9.7637421e-05
0.0022308652
0.0001010067
0.0022308619
0.00010449802
0.0022308586
0.00010811289
0.0022308559
0.00011186728
0.0022308528
0.0001157394
0.0022308507
0.0001197743
0.0022308477
0.00012392403
0.002230846
0.00012825758
0.0022308439
0.00013271673
0.0022308445
0.00013736265
0.0022308441
0.00014214884
0.0022308344
0.00014714764
0.0022306806
0.00015226766
0.0022299662
0.00015762665
0.002227257
0.00016280349
0.002220885
0.00016749392
0.0022105205
0.00016986401
0.0021977594
0.00016919476
0.0021843449
0.00016957928
0.002171596
0.00015677115
0.0021556508
0.00019407054
0.00012907742
0.0023525294
4.9645181e-06
0.0023526023
5.4467717e-06
0.0023526962
5.9556739e-06
0.0023528087
6.4842023e-06
0.0023529358
7.025024e-06
0.0023530726
7.572484e-06
0.0023532147
8.1240135e-06
0.0023533592
8.6802438e-06
0.0023535049
9.2436732e-06
0.0023536518
9.8166001e-06
0.0023537996
1.0399676e-05
0.002353948
1.0991928e-05
0.0023540963
1.1591771e-05
0.0023542434
1.2197848e-05
0.0023543886
1.2809126e-05
0.002354531
1.3424709e-05
0.0023546695
1.4043924e-05
0.0023548034
1.4666603e-05
0.002354932
1.5293178e-05
0.0023550548
1.5924492e-05
0.0023551715
1.6561612e-05
0.0023552819
1.7205817e-05
0.0023553858
1.7858643e-05
0.0023554832
1.8521812e-05
0.0023555743
1.9197052e-05
0.0023556593
1.9885946e-05
0.0023557382
2.0589968e-05
0.0023558111
2.1310616e-05
0.0023558784
2.204949e-05
0.0023559403
2.2808152e-05
0.0023559968
2.3587963e-05
0.0023560484
2.4390106e-05
0.002356095
2.5215795e-05
0.002356137
2.6066384e-05
0.0023561745
2.6943192e-05
0.0023562079
2.7847314e-05
0.0023562371
2.8779739e-05
0.0023562625
2.9741626e-05
0.0023562842
3.0734224e-05
0.0023563025
3.1758614e-05
0.0023563176
3.2815849e-05
0.0023563296
3.3907215e-05
0.0023563389
3.5033963e-05
0.0023563455
3.6197186e-05
0.0023563497
3.7398141e-05
0.0023563518
3.8638441e-05
0.002356352
3.9919439e-05
0.0023563504
4.1242633e-05
0.0023563473
4.2609727e-05
0.0023563429
4.4022549e-05
0.0023563373
4.5482673e-05
0.0023563309
4.6992309e-05
0.0023563238
4.855309e-05
0.0023563161
5.0167561e-05
0.0023563079
5.1837345e-05
0.0023562996
5.3565239e-05
0.002356291
5.5353056e-05
0.0023562825
5.7203931e-05
0.002356274
5.9119371e-05
0.0023562656
6.1103063e-05
0.0023562575
6.3157197e-05
0.0023562496
6.5284106e-05
0.0023562421
6.7487475e-05
0.0023562348
6.9769031e-05
0.0023562279
7.2133366e-05
0.0023562213
7.4582333e-05
0.002356215
7.7119925e-05
0.0023562093
7.9750746e-05
0.0023562037
8.2472627e-05
0.0023561986
8.5297236e-05
0.0023561936
8.8217877e-05
0.0023561892
9.1250607e-05
0.0023561848
9.4387499e-05
0.0023561809
9.7641351e-05
0.0023561771
0.00010101046
0.0023561736
0.00010450152
0.0023561703
0.00010811627
0.0023561674
0.00011187012
0.0023561642
0.0001157426
0.0023561619
0.00011977659
0.0023561589
0.00012392708
0.0023561569
0.00012825953
0.0023561543
0.00013271935
0.0023561528
0.00013736414
0.0023561513
0.00014215042
0.0023561543
0.00014714464
0.0023561526
0.0001522693
0.0023561238
0.0001576555
0.0023557904
0.00016313683
0.0023544456
0.00016883878
0.00235004
0.00017426955
0.0023413065
0.0001779283
0.0023289406
0.00018194516
0.0023155733
0.00017013847
0.0022989347
0.00021070907
0.00014040482
0.0024847999
4.9148897e-06
0.0024848695
5.3771775e-06
0.0024849589
5.866345e-06
0.0024850661
6.3769277e-06
0.0024851881
6.903027e-06
0.0024853208
7.4397717e-06
0.0024854604
7.9844048e-06
0.0024856042
8.5365256e-06
0.0024857505
9.0973349e-06
0.0024858989
9.6682341e-06
0.0024860489
1.0249655e-05
0.0024862
1.0840839e-05
0.0024863513
1.1440443e-05
0.0024865019
1.2047194e-05
0.002486651
1.2660075e-05
0.0024867975
1.327822e-05
0.0024869404
1.3900959e-05
0.002487079
1.4528033e-05
0.0024872125
1.515971e-05
0.0024873403
1.5796672e-05
0.0024874621
1.6439856e-05
0.0024875775
1.7090418e-05
0.0024876863
1.7749759e-05
0.0024877887
1.8419474e-05
0.0024878845
1.9101196e-05
0.002487974
1.9796471e-05
0.0024880572
2.0506756e-05
0.0024881343
2.1233526e-05
0.0024882055
2.1978331e-05
0.0024882709
2.2742706e-05
0.0024883309
2.3528017e-05
0.0024883855
2.4335473e-05
0.002488435
2.5166289e-05
0.0024884796
2.602179e-05
0.0024885195
2.6903281e-05
0.0024885549
2.7811879e-05
0.0024885861
2.8748593e-05
0.0024886131
2.9714561e-05
0.0024886364
3.0711011e-05
0.0024886559
3.1739043e-05
0.0024886721
3.2799716e-05
0.002488685
3.3894284e-05
0.002488695
3.5023997e-05
0.0024887022
3.6189974e-05
0.0024887068
3.7393466e-05
0.0024887092
3.8636046e-05
0.0024887096
3.9919108e-05
0.0024887081
4.1244133e-05
0.002488705
4.2612835e-05
0.0024887005
4.4027032e-05
0.0024886948
4.5488343e-05
0.0024886882
4.6998929e-05
0.0024886808
4.8560506e-05
0.0024886728
5.0175547e-05
0.0024886643
5.1845791e-05
0.0024886556
5.3573947e-05
0.0024886467
5.5361944e-05
0.0024886378
5.7212818e-05
0.002488629
5.9128247e-05
0.0024886203
6.1111759e-05
0.0024886118
6.3165676e-05
0.0024886036
6.5292342e-05
0.0024885957
6.7495369e-05
0.0024885881
6.9776643e-05
0.0024885808
7.2140577e-05
0.002488574
7.458922e-05
0.0024885675
7.712643e-05
0.0024885614
7.9756771e-05
0.0024885556
8.2478479e-05
0.0024885503
8.5302502e-05
0.0024885451
8.8223114e-05
0.0024885405
9.1255226e-05
0.0024885359
9.4392058e-05
0.0024885318
9.7645459e-05
0.0024885279
0.00010101437
0.0024885242
0.00010450517
0.0024885207
0.00010811979
0.0024885177
0.0001118731
0.0024885144
0.00011574593
0.002488512
0.00011977899
0.0024885089
0.00012393024
0.0024885068
0.00012826158
0.0024885041
0.00013272208
0.0024885022
0.00013736602
0.0024884997
0.00014215291
0.0024884989
0.00014714544
0.0024884977
0.00015227049
0.0024885048
0.00015764843
0.0024884949
0.00016314673
0.0024884179
0.00016891576
0.0024877009
0.00017498649
0.002485247
0.0001803822
0.002478484
0.00018870817
0.0024677507
0.0001808718
0.002451309
0.00022715083
0.00015245111
0.0026245055
4.8668274e-06
0.0026245721
5.3106033e-06
0.0026246572
5.7812694e-06
0.0026247595
6.2746268e-06
0.0026248765
6.7859859e-06
0.0026250051
7.3112287e-06
0.0026251418
7.8476326e-06
0.0026252842
8.3941516e-06
0.0026254305
8.9510356e-06
0.0026255798
9.5189291e-06
0.0026257315
1.009798e-05
0.0026258848
1.0687518e-05
0.0026260389
1.1286373e-05
0.0026261927
1.1893346e-05
0.0026263454
1.250743e-05
0.0026264958
1.3127774e-05
0.0026266431
1.3753703e-05
0.0026267862
1.4384882e-05
0.0026269245
1.5021435e-05
0.0026270573
1.5663887e-05
0.0026271841
1.631304e-05
0.0026273046
1.6969924e-05
0.0026274185
1.7635806e-05
0.0026275258
1.8312148e-05
0.0026276266
1.9000487e-05
0.0026277207
1.9702314e-05
0.0026278084
2.0419059e-05
0.0026278898
2.1152165e-05
0.002627965
2.1903139e-05
0.0026280342
2.2673478e-05
0.0026280977
2.3464548e-05
0.0026281556
2.4277575e-05
0.0026282081
2.5113776e-05
0.0026282554
2.5974447e-05
0.0026282978
2.6860877e-05
0.0026283355
2.7774198e-05
0.0026283687
2.8715437e-05
0.0026283975
2.9685717e-05
0.0026284223
3.0686242e-05
0.0026284432
3.1718125e-05
0.0026284605
3.2782434e-05
0.0026284744
3.3880392e-05
0.0026284851
3.5013245e-05
0.0026284929
3.6182136e-05
0.0026284981
3.7388312e-05
0.0026285008
3.863331e-05
0.0026285014
3.9918556e-05
0.0026285
4.1245522e-05
0.0026284969
4.2615928e-05
0.0026284923
4.4031585e-05
0.0026284865
4.5494153e-05
0.0026284797
4.7005751e-05
0.002628472
4.8568172e-05
0.0026284638
5.0183826e-05
0.002628455
5.1854557e-05
0.0026284459
5.3583001e-05
0.0026284367
5.5371189e-05
0.0026284274
5.7222075e-05
0.0026284182
5.9137489e-05
0.0026284091
6.1120824e-05
0.0026284003
6.3174516e-05
0.0026283917
6.5300928e-05
0.0026283835
6.7503604e-05
0.0026283755
6.978458e-05
0.002628368
7.2148103e-05
0.0026283608
7.4596402e-05
0.002628354
7.7133217e-05
0.0026283478
7.9763062e-05
0.0026283417
8.2484577e-05
0.0026283362
8.5308005e-05
0.0026283307
8.8228564e-05
0.0026283259
9.1260056e-05
0.0026283211
9.4396803e-05
0.0026283169
9.7649749e-05
0.0026283128
0.00010101846
0.002628309
0.00010450898
0.0026283053
0.00010812346
0.0026283022
0.0001118762
0.0026282988
0.00011574939
0.0026282962
0.00011978151
0.002628293
0.00012393352
0.0026282908
0.00012826373
0.002628288
0.00013272489
0.002628286
0.00013736801
0.0026282834
0.0001421555
0.0026282819
0.00014714696
0.0026282791
0.00015227331
0.0026282796
0.00015764793
0.0026282781
0.0001631482
0.0026282919
0.00016890197
0.0026282495
0.00017502882
0.0026280589
0.00018057288
0.0026265213
0.00019024573
0.0026226334
0.00018475973
0.0026109954
0.00023878881
0.00016337894
0.0027720642
4.8202625e-06
0.0027721279
5.2468481e-06
0.002772209
5.7001493e-06
0.0027723067
6.1769997e-06
0.0027724189
6.673725e-06
0.0027725433
7.186911e-06
0.0027726769
7.7140153e-06
0.0027728174
8.2536394e-06
0.002772963
8.8053782e-06
0.0027731127
9.369275e-06
0.0027732655
9.9451829e-06
0.0027734206
1.0532436e-05
0.002773577
1.1129972e-05
0.0027737337
1.1736656e-05
0.0027738896
1.2351487e-05
0.0027740438
1.2973614e-05
0.0027741951
1.3602353e-05
0.0027743427
1.4237303e-05
0.0027744857
1.487846e-05
0.0027746233
1.5526198e-05
0.0027747552
1.6181183e-05
0.0027748808
1.6844316e-05
0.0027749999
1.7516728e-05
0.0027751123
1.819975e-05
0.002775218
1.8894813e-05
0.0027753169
1.9603343e-05
0.0027754093
2.0326731e-05
0.002775495
2.1066382e-05
0.0027755744
2.1823756e-05
0.0027756476
2.2600308e-05
0.0027757147
2.3397397e-05
0.0027757761
2.4216258e-05
0.0027758317
2.5058105e-05
0.002775882
2.5924211e-05
0.002775927
2.6815844e-05
0.002775967
2.7734145e-05
0.0027760023
2.8680157e-05
0.0027760331
2.9654988e-05
0.0027760595
3.0659822e-05
0.0027760818
3.1695776e-05
0.0027761003
3.2763926e-05
0.0027761153
3.386547e-05
0.0027761268
3.5001649e-05
0.0027761354
3.6173622e-05
0.002776141
3.7382637e-05
0.0027761441
3.8630197e-05
0.0027761449
3.9917754e-05
0.0027761437
4.1246778e-05
0.0027761406
4.2618988e-05
0.002776136
4.4036194e-05
0.0027761301
4.5500093e-05
0.0027761231
4.701277e-05
0.0027761151
4.8576085e-05
0.0027761066
5.0192398e-05
0.0027760975
5.1863645e-05
0.0027760881
5.3592403e-05
0.0027760785
5.5380796e-05
0.0027760688
5.7231706e-05
0.0027760592
5.9147105e-05
0.0027760498
6.1130265e-05
0.0027760406
6.3183724e-05
0.0027760316
6.5309873e-05
0.0027760231
6.7512188e-05
0.0027760148
6.979285e-05
0.0027760069
7.215595e-05
0.0027759995
7.4603885e-05
0.0027759924
7.7140291e-05
0.0027759858
7.9769624e-05
0.0027759795
8.2490923e-05
0.0027759737
8.5313752e-05
0.0027759681
8.823423e-05
0.002775963
9.12651e-05
0.0027759581
9.4401737e-05
0.0027759536
9.7654224e-05
0.0027759494
0.00010102271
0.0027759454
0.00010451295
0.0027759416
0.00010812728
0.0027759384
0.00011187944
0.0027759348
0.00011575297
0.0027759321
0.00011978415
0.0027759288
0.00012393691
0.0027759265
0.00012826599
0.0027759236
0.0001327278
0.0027759215
0.00013737008
0.0027759188
0.00014215816
0.0027759172
0.00014714859
0.0027759143
0.00015227626
0.0027759133
0.00015764892
0.0027759092
0.00016315224
0.0027759119
0.00016889931
0.0027759043
0.00017503644
0.0027759374
0.0001805397
0.0027757507
0.00019043245
0.0027754166
0.00018509389
0.0027713304
0.00024287499
0.00016945796
0.0029279173
4.7751409e-06
0.0029279784
5.1857279e-06
0.0029280558
5.6227096e-06
0.0029281491
6.0837656e-06
0.0029282567
6.5660651e-06
0.0029283768
7.0668375e-06
0.002928507
7.5838099e-06
0.0029286452
8.1154466e-06
0.0029287896
8.6609295e-06
0.0029289391
9.2198576e-06
0.0029290924
9.7918175e-06
0.0029292488
1.0376097e-05
0.002929407
1.0971694e-05
0.0029295662
1.1577525e-05
0.0029297251
1.2192592e-05
0.0029298826
1.2816036e-05
0.0029300378
1.3447156e-05
0.0029301896
1.4085494e-05
0.0029303372
1.4730932e-05
0.0029304797
1.5383705e-05
0.0029306165
1.604434e-05
0.0029307472
1.6713605e-05
0.0029308714
1.73925e-05
0.002930989
1.8082221e-05
0.0029310997
1.8784087e-05
0.0029312036
1.9499448e-05
0.0029313007
2.0229644e-05
0.002931391
2.0976037e-05
0.0029314748
2.1740031e-05
0.002931552
2.2523042e-05
0.002931623
2.3326409e-05
0.0029316879
2.4151369e-05
0.0029317469
2.499913e-05
0.0029318001
2.5870941e-05
0.0029318479
2.6768047e-05
0.0029318905
2.7691594e-05
0.002931928
2.8642636e-05
0.0029319607
2.9622268e-05
0.0029319889
3.0631651e-05
0.0029320128
3.1671906e-05
0.0029320326
3.2744114e-05
0.0029320486
3.3849451e-05
0.0029320611
3.4989147e-05
0.0029320703
3.6164379e-05
0.0029320766
3.7376395e-05
0.0029320801
3.862667e-05
0.0029320812
3.9916671e-05
0.0029320801
4.1247873e-05
0.0029320771
4.2621995e-05
0.0029320724
4.4040846e-05
0.0029320664
4.5506152e-05
0.0029320592
4.7019979e-05
0.002932051
4.858424e-05
0.0029320421
5.0201261e-05
0.0029320327
5.1873054e-05
0.002932023
5.3602156e-05
0.002932013
5.5390768e-05
0.002932003
5.7241717e-05
0.002931993
5.9157099e-05
0.0029319832
6.1140087e-05
0.0029319736
6.3193306e-05
0.0029319643
6.5319183e-05
0.0029319553
6.7521128e-05
0.0029319467
6.9801457e-05
0.0029319386
7.2164124e-05
0.0029319308
7.4611675e-05
0.0029319234
7.7147657e-05
0.0029319166
7.9776462e-05
0.00293191
8.2497523e-05
0.002931904
8.5319748e-05
0.0029318981
8.8240115e-05
0.0029318928
9.1270364e-05
0.0029318877
9.4406862e-05
0.0029318831
9.7658888e-05
0.0029318786
0.00010102712
0.0029318745
0.00010451707
0.0029318705
0.00010813125
0.0029318672
0.00011188282
0.0029318635
0.00011575668
0.0029318607
0.00011978691
0.0029318572
0.00012394041
0.0029318548
0.00012826836
0.0029318518
0.00013273081
0.0029318497
0.00013737225
0.0029318469
0.00014216091
0.0029318452
0.00014715029
0.0029318422
0.00015227925
0.002931841
0.00015765009
0.0029318369
0.00016315637
0.002931836
0.00016890026
0.0029318268
0.00017504564
0.0029318328
0.00018053362
0.0029318037
0.00019046153
0.0029317048
0.00018519284
0.0029317366
0.00024284314
0.00017159582
0.0030925311
4.7313898e-06
0.0030925898
5.1270676e-06
0.0030926638
5.5487032e-06
0.0030927529
5.9946652e-06
0.0030928561
6.4628277e-06
0.0030929719
6.9509974e-06
0.0030930985
7.4572188e-06
0.003093234
7.9799707e-06
0.0030933767
8.5182134e-06
0.0030935253
9.0712476e-06
0.0030936787
9.6384465e-06
0.0030938358
1.0219032e-05
0.0030939954
1.0812032e-05
0.0030941566
1.1416398e-05
0.003094318
1.2031138e-05
0.0030944787
1.2655382e-05
0.0030946374
1.3288407e-05
0.0030947932
1.3929703e-05
0.0030949451
1.4579051e-05
0.0030950922
1.5236556e-05
0.003095234
1.5902609e-05
0.0030953697
1.6577848e-05
0.0030954991
1.7263135e-05
0.0030956218
1.7959536e-05
0.0030957376
1.866825e-05
0.0030958465
1.9390542e-05
0.0030959485
2.0127691e-05
0.0030960435
2.0881004e-05
0.0030961317
2.1651831e-05
0.0030962132
2.2441537e-05
0.0030962882
2.3251437e-05
0.0030963568
2.4082761e-05
0.0030964192
2.4936706e-05
0.0030964756
2.5814496e-05
0.0030965263
2.6717352e-05
0.0030965715
2.7646419e-05
0.0030966114
2.8602756e-05
0.0030966462
2.9587447e-05
0.0030966762
3.0601631e-05
0.0030967017
3.1646426e-05
0.0030967229
3.2722916e-05
0.0030967401
3.3832261e-05
0.0030967536
3.4975677e-05
0.0030967636
3.6154355e-05
0.0030967704
3.7369542e-05
0.0030967744
3.8622688e-05
0.0030967758
3.9915275e-05
0.0030967749
4.1248783e-05
0.003096772
4.2624928e-05
0.0030967673
4.404552e-05
0.0030967611
4.5512318e-05
0.0030967537
4.7027368e-05
0.0030967453
4.8592631e-05
0.0030967362
5.021041e-05
0.0030967265
5.1882785e-05
0.0030967164
5.361226e-05
0.003096706
5.5401107e-05
0.0030966956
5.725211e-05
0.0030966853
5.9167475e-05
0.003096675
6.1150295e-05
0.0030966651
6.3203267e-05
0.0030966554
6.5328861e-05
0.0030966461
6.7530428e-05
0.0030966372
6.9810406e-05
0.0030966287
7.2172629e-05
0.0030966206
7.4619776e-05
0.0030966129
7.7155319e-05
0.0030966058
7.9783582e-05
0.0030965989
8.2504379e-05
0.0030965927
8.5325996e-05
0.0030965866
8.8246222e-05
0.0030965811
9.127585e-05
0.0030965758
9.441218e-05
0.0030965709
9.7663742e-05
0.0030965663
0.00010103172
0.003096562
0.00010452136
0.0030965579
0.00010813538
0.0030965544
0.00011188634
0.0030965506
0.00011576053
0.0030965477
0.0001197898
0.0030965441
0.00012394402
0.0030965416
0.00012827084
0.0030965385
0.0001327339
0.0030965362
0.00013737452
0.0030965334
0.00014216375
0.0030965316
0.00014715207
0.0030965285
0.00015228233
0.0030965273
0.00015765136
0.0030965232
0.00016316041
0.0030965214
0.00016890207
0.0030965141
0.00017505297
0.0030965039
0.00018054375
0.0030965123
0.00019045322
0.0030962256
0.00018547953
0.0030972563
0.00024181239
0.00017258642
0.0032663981
4.6889498e-06
0.0032664544
5.0707072e-06
0.0032665252
5.4779043e-06
0.0032666104
5.9094597e-06
0.0032667094
6.3638378e-06
0.003266821
6.8393563e-06
0.0032669439
7.3343954e-06
0.0032670763
7.8475501e-06
0.0032672168
8.3777052e-06
0.0032673641
8.9239909e-06
0.0032675169
9.4856319e-06
0.0032676741
1.006179e-05
0.0032678346
1.0651506e-05
0.0032679973
1.125376e-05
0.0032681608
1.1867568e-05
0.0032683242
1.2492048e-05
0.0032684861
1.3126455e-05
0.0032686456
1.3770229e-05
0.0032688016
1.4423066e-05
0.0032689532
1.5084949e-05
0.0032690997
1.5756139e-05
0.0032692404
1.6437141e-05
0.0032693748
1.7128687e-05
0.0032695026
1.7831704e-05
0.0032696236
1.8547276e-05
0.0032697376
1.9276568e-05
0.0032698445
2.0020788e-05
0.0032699443
2.078118e-05
0.0032700371
2.1559034e-05
0.003270123
2.2355663e-05
0.0032702021
2.3172345e-05
0.0032702745
2.4010294e-05
0.0032703406
2.4870694e-05
0.0032704003
2.575474e-05
0.003270454
2.6663629e-05
0.003270502
2.7598495e-05
0.0032705443
2.85604e-05
0.0032705813
2.9550416e-05
0.0032706133
3.056966e-05
0.0032706405
3.1619245e-05
0.0032706632
3.2700253e-05
0.0032706816
3.3813828e-05
0.0032706961
3.4961175e-05
0.003270707
3.614349e-05
0.0032707145
3.7362026e-05
0.003270719
3.861821e-05
0.0032707207
3.991353e-05
0.00327072
4.1249477e-05
0.0032707172
4.2627762e-05
0.0032707125
4.4050199e-05
0.0032707062
4.5518576e-05
0.0032706987
4.7034925e-05
0.0032706901
4.8601251e-05
0.0032706806
5.021984e-05
0.0032706706
5.1892832e-05
0.0032706601
5.3622712e-05
0.0032706494
5.5411812e-05
0.0032706386
5.7262884e-05
0.0032706279
5.9178235e-05
0.0032706173
6.1160891e-05
0.0032706069
6.321361e-05
0.0032705969
6.5338911e-05
0.0032705872
6.7540091e-05
0.0032705779
6.9819702e-05
0.0032705691
7.2181469e-05
0.0032705607
7.4628191e-05
0.0032705527
7.7163279e-05
0.0032705453
7.9790987e-05
0.0032705382
8.2511492e-05
0.0032705317
8.5332499e-05
0.0032705254
8.8252552e-05
0.0032705197
9.128156e-05
0.0032705142
9.4417693e-05
0.0032705091
9.7668789e-05
0.0032705043
0.00010103648
0.0032704999
0.00010452582
0.0032704956
0.00010813965
0.003270492
0.00011189001
0.003270488
0.00011576449
0.003270485
0.00011979282
0.0032704813
0.00012394774
0.0032704787
0.00012827344
0.0032704755
0.00013273709
0.0032704731
0.00013737688
0.0032704702
0.00014216667
0.0032704684
0.00014715393
0.0032704652
0.00015228548
0.0032704638
0.00015765272
0.0032704598
0.00016316447
0.0032704575
0.00016890431
0.0032704513
0.00017505922
0.0032704358
0.00018055926
0.0032704581
0.00019043089
0.003270109
0.00018582858
0.0032712786
0.00024064284
0.00017345657
0.0034500383
4.6477688e-06
0.0034500925
5.0165057e-06
0.0034501603
5.4101084e-06
0.0034502418
5.8279302e-06
0.0034503367
6.2689266e-06
0.0034504442
6.7318621e-06
0.0034505631
7.215451e-06
0.0034506922
7.7184684e-06
0.0034508301
8.2398295e-06
0.0034509755
8.7786003e-06
0.0034511272
9.3339253e-06
0.003451284
9.9049288e-06
0.0034514449
1.0490663e-05
0.0034516085
1.1090133e-05
0.0034517737
1.1702367e-05
0.0034519393
1.2326478e-05
0.003452104
1.2961698e-05
0.0034522668
1.3607426e-05
0.0034524266
1.426328e-05
0.0034525824
1.4929135e-05
0.0034527335
1.5605127e-05
0.003452879
1.6291635e-05
0.0034530184
1.6989254e-05
0.0034531513
1.7698783e-05
0.0034532774
1.8421177e-05
0.0034533965
1.9157501e-05
0.0034535084
1.990888e-05
0.0034536131
2.0676487e-05
0.0034537106
2.1461545e-05
0.0034538009
2.2265308e-05
0.0034538843
2.308901e-05
0.0034539607
2.3933842e-05
0.0034540304
2.4800964e-05
0.0034540936
2.5691545e-05
0.0034541505
2.660675e-05
0.0034542013
2.75477e-05
0.0034542462
2.8515454e-05
0.0034542856
2.9511068e-05
0.0034543196
3.0535641e-05
0.0034543486
3.159027e-05
0.0034543728
3.267604e-05
0.0034543926
3.3794077e-05
0.0034544082
3.4945573e-05
0.0034544199
3.6131729e-05
0.0034544281
3.7353799e-05
0.0034544332
3.8613192e-05
0.0034544353
3.9911399e-05
0.0034544348
4.1249924e-05
0.0034544321
4.263047e-05
0.0034544275
4.4054861e-05
0.0034544211
4.5524908e-05
0.0034544134
4.7042636e-05
0.0034544046
4.8610088e-05
0.0034543949
5.0229542e-05
0.0034543845
5.1903191e-05
0.0034543737
5.3633509e-05
0.0034543627
5.5422882e-05
0.0034543515
5.7274041e-05
0.0034543404
5.9189379e-05
0.0034543294
6.1171875e-05
0.0034543186
6.3224336e-05
0.0034543082
6.5349334e-05
0.0034542982
6.7550119e-05
0.0034542886
6.9829344e-05
0.0034542794
7.2190645e-05
0.0034542706
7.4636922e-05
0.0034542624
7.717154e-05
0.0034542547
7.9798677e-05
0.0034542473
8.2518865e-05
0.0034542406
8.5339259e-05
0.003454234
8.8259106e-05
0.0034542281
9.1287497e-05
0.0034542224
9.4423401e-05
0.0034542171
9.7674029e-05
0.0034542122
0.00010104142
0.0034542076
0.00010453043
0.0034542032
0.00010814408
0.0034541994
0.00011189382
0.0034541953
0.00011576858
0.0034541921
0.00011979598
0.0034541883
0.00012395155
0.0034541856
0.00012827615
0.0034541823
0.00013274036
0.0034541799
0.00013737934
0.0034541769
0.00014216968
0.0034541749
0.00014715587
0.0034541717
0.00015228872
0.0034541702
0.00015765417
0.0034541661
0.0001631686
0.0034541636
0.00016890679
0.0034541576
0.0001750652
0.0034541399
0.000180577
0.0034541671
0.00019040365
0.0034538009
0.00018619485
0.003455014
0.00023942969
0.00017435589
0.003644001
4.6077835e-06
0.0036440532
4.9643341e-06
0.0036441182
5.345131e-06
0.0036441962
5.7498773e-06
0.0036442872
6.177933e-06
0.0036443906
6.6284499e-06
0.0036445056
7.1004613e-06
0.0036446311
7.5929576e-06
0.003644766
8.1049586e-06
0.003644909
8.6355493e-06
0.0036450591
9.1838586e-06
0.003645215
9.7490052e-06
0.0036453756
1.0330061e-05
0.0036455397
1.0926062e-05
0.003645706
1.1536058e-05
0.0036458733
1.215916e-05
0.0036460404
1.2794588e-05
0.0036462062
1.3441701e-05
0.0036463694
1.4100053e-05
0.0036465291
1.4769423e-05
0.0036466844
1.5449831e-05
0.0036468345
1.6141531e-05
0.0036469788
1.684499e-05
0.0036471167
1.7560873e-05
0.0036472478
1.8290012e-05
0.003647372
1.903336e-05
0.0036474889
1.9791951e-05
0.0036475985
2.0566878e-05
0.0036477008
2.1359294e-05
0.0036477957
2.2170383e-05
0.0036478834
2.300133e-05
0.0036479639
2.3853293e-05
0.0036480375
2.4727402e-05
0.0036481042
2.5624793e-05
0.0036481644
2.65466e-05
0.0036482182
2.7493922e-05
0.0036482658
2.8467808e-05
0.0036483076
2.94693e-05
0.0036483437
3.0499474e-05
0.0036483746
3.1559414e-05
0.0036484004
3.2650196e-05
0.0036484216
3.3772934e-05
0.0036484383
3.4928806e-05
0.0036484511
3.6119012e-05
0.00364846
3.7344807e-05
0.0036484657
3.8607588e-05
0.0036484682
3.9908842e-05
0.003648468
4.1250091e-05
0.0036484655
4.2633025e-05
0.0036484609
4.405948e-05
0.0036484545
4.5531294e-05
0.0036484466
4.7050485e-05
0.0036484376
4.8619129e-05
0.0036484276
5.0239506e-05
0.003648417
5.1913854e-05
0.0036484058
5.3644644e-05
0.0036483944
5.5434311e-05
0.0036483829
5.7285574e-05
0.0036483713
5.9200904e-05
0.00364836
6.1183244e-05
0.0036483489
6.3235444e-05
0.0036483381
6.536013e-05
0.0036483277
6.756051e-05
0.0036483177
6.9839334e-05
0.0036483082
7.2200156e-05
0.0036482991
7.4645968e-05
0.0036482906
7.7180099e-05
0.0036482826
7.9806654e-05
0.003648275
8.2526496e-05
0.0036482679
8.5346275e-05
0.0036482612
8.8265881e-05
0.003648255
9.1293658e-05
0.0036482491
9.4429303e-05
0.0036482437
9.767946e-05
0.0036482386
0.00010104653
0.0036482338
0.00010453521
0.0036482292
0.00010814865
0.0036482253
0.00011189777
0.0036482211
0.0001157728
0.0036482178
0.00011979926
0.0036482139
0.00012395547
0.0036482111
0.00012827898
0.0036482077
0.00013274371
0.0036482051
0.0001373819
0.0036482021
0.00014217276
0.0036482
0.00014715789
0.0036481967
0.00015229203
0.0036481952
0.00015765569
0.003648191
0.00016317281
0.0036481883
0.00016890949
0.0036481824
0.00017507108
0.003648163
0.00018059641
0.0036481934
0.00019037325
0.0036478152
0.00018657299
0.0036490691
0.00023817585
0.0001752886
0.0038488665
4.5689432e-06
0.0038489168
4.9140787e-06
0.0038489791
5.282809e-06
0.0038490539
5.6751215e-06
0.0038491411
6.0907057e-06
0.0038492405
6.5290464e-06
0.0038493515
6.9894723e-06
0.0038494732
7.4712045e-06
0.0038496048
7.9734146e-06
0.0038497451
8.4952691e-06
0.003849893
9.0359366e-06
0.0038500474
9.5945663e-06
0.0038502072
1.0170268e-05
0.0038503712
1.0762118e-05
0.003850538
1.1369196e-05
0.0038507065
1.1990627e-05
0.0038508755
1.2625623e-05
0.0038510437
1.3273515e-05
0.0038512099
1.3933803e-05
0.0038513732
1.4606181e-05
0.0038515324
1.5290567e-05
0.0038516869
1.5987094e-05
0.0038518358
1.6696104e-05
0.0038519785
1.7418135e-05
0.0038521146
1.815389e-05
0.0038522438
1.8904209e-05
0.0038523657
1.9670025e-05
0.0038524802
2.0452347e-05
0.0038525873
2.1252243e-05
0.0038526868
2.2070829e-05
0.0038527789
2.2909229e-05
0.0038528637
2.3768557e-05
0.0038529412
2.4649909e-05
0.0038530116
2.5554382e-05
0.0038530751
2.6483072e-05
0.003853132
2.7437054e-05
0.0038531824
2.841736e-05
0.0038532267
2.9425015e-05
0.0038532651
3.046107e-05
0.0038532979
3.152659e-05
0.0038533255
3.2622643e-05
0.0038533481
3.3750328e-05
0.0038533661
3.4910808e-05
0.0038533798
3.610528e-05
0.0038533896
3.7335e-05
0.0038533959
3.8601351e-05
0.0038533989
3.990582e-05
0.003853399
4.1249943e-05
0.0038533967
4.2635395e-05
0.0038533921
4.4064032e-05
0.0038533857
4.5537712e-05
0.0038533777
4.7058452e-05
0.0038533685
4.8628359e-05
0.0038533583
5.0249718e-05
0.0038533473
5.1924809e-05
0.0038533359
5.3656107e-05
0.0038533241
5.5446092e-05
0.0038533122
5.7297478e-05
0.0038533003
5.9212806e-05
0.0038532885
6.1194993e-05
0.003853277
6.3246929e-05
0.0038532659
6.5371294e-05
0.0038532551
6.7571263e-05
0.0038532448
6.9849668e-05
0.0038532349
7.2209999e-05
0.0038532256
7.4655328e-05
0.0038532167
7.7188956e-05
0.0038532085
7.9814915e-05
0.0038532006
8.2534383e-05
0.0038531933
8.5353546e-05
0.0038531863
8.8272877e-05
0.0038531799
9.1300042e-05
0.0038531738
9.4435396e-05
0.0038531682
9.768508e-05
0.003853163
0.00010105181
0.003853158
0.00010454015
0.0038531533
0.00010815337
0.0038531492
0.00011190187
0.0038531449
0.00011577712
0.0038531415
0.00011980268
0.0038531375
0.00012395948
0.0038531345
0.00012828193
0.0038531311
0.00013274715
0.0038531284
0.00013738455
0.0038531253
0.00014217592
0.0038531232
0.00014715999
0.0038531198
0.00015229541
0.0038531182
0.0001576573
0.0038531139
0.00016317709
0.003853111
0.0001689124
0.0038531052
0.00017507689
0.0038530841
0.00018061752
0.0038531175
0.00019033981
0.0038527285
0.00018696202
0.0038540203
0.00023688405
0.0001762511
0.0040652476
4.5312055e-06
0.004065296
4.8656403e-06
0.0040653558
5.2230014e-06
0.0040654274
5.6035024e-06
0.004065511
6.007104e-06
0.0040656065
6.4335733e-06
0.0040657135
6.8825067e-06
0.0040658313
7.3533561e-06
0.0040659593
7.8454718e-06
0.0040660964
8.3581456e-06
0.0040662417
8.8906309e-06
0.0040663941
9.4421417e-06
0.0040665525
1.0011847e-05
0.0040667158
1.059888e-05
0.0040668826
1.1202364e-05
0.0040670518
1.1821448e-05
0.0040672221
1.2455348e-05
0.0040673922
1.3103382e-05
0.004067561
1.3765003e-05
0.0040677273
1.443984e-05
0.0040678902
1.5127713e-05
0.0040680486
1.5828649e-05
0.0040682019
1.6542869e-05
0.0040683492
1.7270786e-05
0.0040684901
1.8012978e-05
0.0040686242
1.8770166e-05
0.004068751
1.9543179e-05
0.0040688704
2.0332928e-05
0.0040689823
2.1140398e-05
0.0040690865
2.1966622e-05
0.004069183
2.2812661e-05
0.004069272
2.3679573e-05
0.0040693535
2.4568411e-05
0.0040694277
2.5480227e-05
0.0040694947
2.6416079e-05
0.0040695547
2.7377006e-05
0.0040696081
2.8364021e-05
0.0040696549
2.9378125e-05
0.0040696957
3.0420343e-05
0.0040697305
3.1491718e-05
0.0040697599
3.2593305e-05
0.004069784
3.3726189e-05
0.0040698033
3.4891515e-05
0.0040698181
3.6090475e-05
0.0040698288
3.7324325e-05
0.0040698357
3.8594436e-05
0.0040698392
3.990229e-05
0.0040698397
4.124944e-05
0.0040698376
4.2637549e-05
0.0040698331
4.4068488e-05
0.0040698267
4.5544138e-05
0.0040698186
4.7066515e-05
0.0040698092
4.8637759e-05
0.0040697988
5.0260161e-05
0.0040697876
5.1936041e-05
0.0040697758
5.3667886e-05
0.0040697637
5.5458214e-05
0.0040697514
5.7309742e-05
0.0040697391
5.9225075e-05
0.004069727
6.1207116e-05
0.0040697151
6.3258785e-05
0.0040697036
6.538282e-05
0.0040696925
6.7582371e-05
0.0040696818
6.9860341e-05
0.0040696717
7.222017e-05
0.004069662
7.4664996e-05
0.0040696529
7.7198104e-05
0.0040696443
7.9823455e-05
0.0040696362
8.2542521e-05
0.0040696287
8.5361066e-05
0.0040696214
8.8280089e-05
0.0040696148
9.1306645e-05
0.0040696086
9.4441678e-05
0.0040696028
9.7690886e-05
0.0040695973
0.00010105725
0.0040695922
0.00010454525
0.0040695874
0.00010815823
0.0040695831
0.0001119061
0.0040695787
0.00011578156
0.0040695752
0.00011980622
0.0040695711
0.00012396357
0.004069568
0.00012828499
0.0040695645
0.00013275066
0.0040695617
0.0001373873
0.0040695585
0.00014217914
0.0040695563
0.00014716218
0.0040695529
0.00015229885
0.0040695512
0.000157659
0.0040695469
0.00016318143
0.0040695437
0.00016891552
0.004069538
0.0001750826
0.0040695152
0.00018064032
0.0040695516
0.0001903034
0.0040691531
0.00018736052
0.0040704788
0.00023555838
0.00017724052
0.0042937914
4.4945368e-06
0.0042938381
4.8189337e-06
0.0042938955
5.1655836e-06
0.0042939641
5.5348784e-06
0.0042940442
5.9269993e-06
0.0042941358
6.3419512e-06
0.0042942388
6.7795687e-06
0.0042943526
7.239525e-06
0.0042944767
7.7213608e-06
0.0042946103
8.2245205e-06
0.0042947526
8.748376e-06
0.0042949025
9.2922369e-06
0.004295059
9.855355e-06
0.0042952209
1.0436935e-05
0.0042953871
1.103616e-05
0.0042955564
1.165222e-05
0.0042957274
1.228435e-05
0.0042958989
1.2931863e-05
0.0042960697
1.3594185e-05
0.0042962387
1.4270888e-05
0.0042964047
1.4961714e-05
0.0042965667
1.5666589e-05
0.004296724
1.6385625e-05
0.0042968756
1.7119112e-05
0.0042970211
1.7867507e-05
0.0042971599
1.8631411e-05
0.0042972915
1.9411542e-05
0.0042974157
2.0208711e-05
0.0042975323
2.1023809e-05
0.0042976411
2.1857783e-05
0.0042977422
2.2711618e-05
0.0042978354
2.358631e-05
0.004297921
2.448286e-05
0.0042979989
2.5402271e-05
0.0042980695
2.6345553e-05
0.0042981328
2.7313707e-05
0.0042981891
2.8307715e-05
0.0042982386
2.9328554e-05
0.0042982818
3.0377218e-05
0.0042983188
3.1454727e-05
0.0042983499
3.2562115e-05
0.0042983757
3.3700453e-05
0.0042983963
3.4870868e-05
0.0042984123
3.6074544e-05
0.0042984239
3.7312732e-05
0.0042984315
3.8586796e-05
0.0042984356
3.9898212e-05
0.0042984365
4.1248545e-05
0.0042984346
4.2639453e-05
0.0042984302
4.4072818e-05
0.0042984238
4.5550542e-05
0.0042984157
4.707465e-05
0.0042984061
4.8647305e-05
0.0042983955
5.0270814e-05
0.004298384
5.1947533e-05
0.0042983719
5.3679963e-05
0.0042983595
5.5470661e-05
0.0042983469
5.7322352e-05
0.0042983342
5.9237698e-05
0.0042983217
6.1219598e-05
0.0042983095
6.3271001e-05
0.0042982977
6.5394699e-05
0.0042982862
6.7593824e-05
0.0042982752
6.9871345e-05
0.0042982647
7.223066e-05
0.0042982547
7.4674964e-05
0.0042982453
7.7207537e-05
0.0042982365
7.9832269e-05
0.0042982281
8.2550904e-05
0.0042982204
8.536883e-05
0.0042982129
8.828751e-05
0.0042982061
9.1313461e-05
0.0042981997
9.4448141e-05
0.0042981937
9.7696871e-05
0.0042981881
0.00010106286
0.0042981828
0.00010455049
0.0042981778
0.00010816323
0.0042981735
0.00011191048
0.0042981689
0.00011578611
0.0042981653
0.0001198099
0.0042981611
0.00012396775
0.0042981579
0.00012828817
0.0042981543
0.00013275423
0.0042981515
0.00013739014
0.0042981482
0.00014218243
0.0042981459
0.00014716444
0.0042981425
0.00015230234
0.0042981407
0.00015766079
0.0042981363
0.00016318582
0.0042981329
0.00016891887
0.0042981273
0.00017508819
0.0042981028
0.00018066483
0.004298142
0.00019026418
0.0042977357
0.00018776684
0.0042990907
0.00023420339
0.00017825375
0.0045351815
4.4589097e-06
0.0045352265
4.7738884e-06
0.0045352817
5.1104498e-06
0.0045353474
5.4691257e-06
0.0045354241
5.8502751e-06
0.004535512
6.2541021e-06
0.0045356109
6.6806493e-06
0.0045357206
7.1297957e-06
0.0045358407
7.6012731e-06
0.0045359706
8.0946927e-06
0.0045361094
8.6095678e-06
0.0045362563
9.1453278e-06
0.0045364103
9.7013283e-06
0.0045365704
1.0276865e-05
0.0045367353
1.0871196e-05
0.004536904
1.1483568e-05
0.0045370751
1.211325e-05
0.0045372474
1.2759567e-05
0.0045374196
1.3421933e-05
0.0045375906
1.4099878e-05
0.0045377593
1.4793079e-05
0.0045379245
1.5501377e-05
0.0045380853
1.6224781e-05
0.004538241
1.6963469e-05
0.0045383907
1.7717779e-05
0.0045385339
1.8488192e-05
0.0045386701
1.9275313e-05
0.004538799
2.0079846e-05
0.0045389202
2.0902584e-05
0.0045390336
2.174438e-05
0.0045391391
2.2606137e-05
0.0045392366
2.3488781e-05
0.0045393263
2.4393249e-05
0.004539408
2.5320488e-05
0.0045394821
2.6271456e-05
0.0045395487
2.7247108e-05
0.0045396081
2.8248389e-05
0.0045396604
2.9276245e-05
0.004539706
3.0331637e-05
0.0045397451
3.1415556e-05
0.0045397782
3.2529015e-05
0.0045398056
3.3673064e-05
0.0045398277
3.4848813e-05
0.0045398448
3.6057434e-05
0.0045398573
3.7300174e-05
0.0045398657
3.8578387e-05
0.0045398704
3.9893545e-05
0.0045398717
4.1247219e-05
0.0045398701
4.2641072e-05
0.0045398659
4.4076989e-05
0.0045398596
4.5556895e-05
0.0045398514
4.7082828e-05
0.0045398417
4.8656972e-05
0.0045398309
5.0281654e-05
0.0045398192
5.1959262e-05
0.0045398068
5.3692318e-05
0.0045397941
5.5483415e-05
0.0045397811
5.7335291e-05
0.0045397682
5.925066e-05
0.0045397553
6.1232426e-05
0.0045397428
6.3283563e-05
0.0045397306
6.5406916e-05
0.0045397188
6.7605608e-05
0.0045397074
6.9882665e-05
0.0045396967
7.2241456e-05
0.0045396864
7.4685222e-05
0.0045396767
7.7217243e-05
0.0045396676
7.9841345e-05
0.004539659
8.2559522e-05
0.004539651
8.5376827e-05
0.0045396434
8.8295132e-05
0.0045396364
9.132048e-05
0.0045396297
9.445478e-05
0.0045396236
9.7703026e-05
0.0045396178
0.00010106862
0.0045396124
0.00010455588
0.0045396073
0.00010816836
0.0045396028
0.00011191498
0.0045395982
0.00011579074
0.0045395944
0.0001198137
0.0045395901
0.00012397199
0.0045395869
0.00012829146
0.0045395832
0.00013275786
0.0045395803
0.00013739306
0.004539577
0.00014218577
0.0045395746
0.00014716677
0.0045395711
0.00015230588
0.0045395692
0.00015766267
0.0045395648
0.00016319024
0.0045395612
0.00016892244
0.0045395557
0.00017509366
0.0045395295
0.00018069101
0.0045395714
0.0001902223
0.0045391591
0.00018817913
0.0045405384
0.00023282412
0.00017928735
0.00479014
4.4243056e-06
0.0047901834
4.7304475e-06
0.0047902364
5.0575111e-06
0.0047902993
5.4061376e-06
0.0047903728
5.7768281e-06
0.0047904569
6.1699516e-06
0.0047905519
6.5857305e-06
0.0047906574
7.0242303e-06
0.0047907733
7.4853663e-06
0.0047908991
7.9689212e-06
0.0047910341
8.4745628e-06
0.0047911776
9.0018576e-06
0.0047913286
9.5502831e-06
0.0047914862
1.0119242e-05
0.0047916494
1.0708085e-05
0.0047918168
1.131613e-05
0.0047919873
1.1942699e-05
0.0047921598
1.2587145e-05
0.0047923328
1.3248882e-05
0.0047925053
1.392742e-05
0.004792676
1.4622385e-05
0.0047928438
1.5333547e-05
0.0047930077
1.6060824e-05
0.0047931669
1.680429e-05
0.0047933205
1.756417e-05
0.0047934679
1.834083e-05
0.0047936084
1.9134758e-05
0.0047937417
1.9946551e-05
0.0047938674
2.0776894e-05
0.0047939853
2.1626544e-05
0.0047940951
2.2496312e-05
0.0047941968
2.3387046e-05
0.0047942905
2.4299611e-05
0.0047943761
2.5234891e-05
0.0047944537
2.6193783e-05
0.0047945236
2.717719e-05
0.004794586
2.8186015e-05
0.0047946411
2.9221163e-05
0.0047946892
3.028356e-05
0.0047947306
3.1374163e-05
0.0047947656
3.249396e-05
0.0047947947
3.3643977e-05
0.0047948182
3.4825305e-05
0.0047948366
3.6039103e-05
0.0047948501
3.7286608e-05
0.0047948593
3.8569168e-05
0.0047948646
3.9888248e-05
0.0047948664
4.1245426e-05
0.0047948651
4.2642368e-05
0.0047948611
4.4080966e-05
0.0047948549
4.5563164e-05
0.0047948467
4.7091017e-05
0.0047948369
4.8666731e-05
0.0047948259
5.0292652e-05
0.004794814
5.1971201e-05
0.0047948014
5.3704925e-05
0.0047947883
5.549645e-05
0.0047947751
5.7348534e-05
0.0047947618
5.9263937e-05
0.0047947487
6.1245577e-05
0.0047947358
6.3296449e-05
0.0047947233
6.5419452e-05
0.0047947112
6.7617706e-05
0.0047946995
6.9894286e-05
0.0047946884
7.2252542e-05
0.0047946779
7.4695753e-05
0.004794668
7.7227207e-05
0.0047946586
7.985067e-05
0.0047946498
8.2568362e-05
0.0047946416
8.5385045e-05
0.0047946338
8.8302943e-05
0.0047946266
9.132769e-05
0.0047946198
9.4461582e-05
0.0047946135
9.7709341e-05
0.0047946075
0.00010107453
0.004794602
0.0001045614
0.0047945968
0.00010817361
0.0047945922
0.00011191961
0.0047945874
0.00011579547
0.0047945835
0.00011981761
0.0047945792
0.0001239763
0.0047945758
0.00012829485
0.0047945722
0.00013276155
0.0047945692
0.00013739607
0.0047945658
0.00014218915
0.0047945634
0.00014716918
0.0047945598
0.00015230944
0.0047945578
0.00015766463
0.0047945534
0.00016319468
0.0047945496
0.00016892624
0.0047945442
0.000175099
0.0047945164
0.00018071882
0.0047945608
0.00019017797
0.0047941444
0.00018859545
0.0047955425
0.00023142609
0.00018033749
0.0050594293
4.3907149e-06
0.0050594712
4.6885675e-06
0.005059522
5.0066956e-06
0.0050595823
5.3458246e-06
0.0050596526
5.7065686e-06
0.0050597331
6.0894318e-06
0.005059824
6.4947895e-06
0.0050599254
6.9228733e-06
0.005060037
7.3737695e-06
0.0050601585
7.8474293e-06
0.0050602894
8.3436798e-06
0.005060429
8.8622352e-06
0.0050605766
9.402708e-06
0.0050607312
9.9646232e-06
0.0050608918
1.0547436e-05
0.0050610574
1.1150556e-05
0.0050612267
1.1773372e-05
0.0050613986
1.241528e-05
0.0050615718
1.3075716e-05
0.005061745
1.3754182e-05
0.0050619171
1.4450274e-05
0.005062087
1.5163704e-05
0.0050622535
1.5894315e-05
0.0050624157
1.6642087e-05
0.0050625727
1.7407141e-05
0.0050627238
1.8189729e-05
0.0050628683
1.8990228e-05
0.0050630057
1.9809121e-05
0.0050631357
2.0646984e-05
0.0050632577
2.1504473e-05
0.0050633717
2.23823e-05
0.0050634776
2.3281225e-05
0.0050635751
2.4202035e-05
0.0050636645
2.5145541e-05
0.0050637457
2.6112573e-05
0.0050638189
2.7103975e-05
0.0050638843
2.8120597e-05
0.0050639422
2.9163301e-05
0.0050639928
3.0232971e-05
0.0050640364
3.1330526e-05
0.0050640734
3.2456922e-05
0.0050641043
3.3613161e-05
0.0050641293
3.4800311e-05
0.0050641488
3.6019514e-05
0.0050641634
3.7271998e-05
0.0050641735
3.8559102e-05
0.0050641795
3.9882285e-05
0.0050641818
4.1243128e-05
0.0050641808
4.2643308e-05
0.0050641771
4.4084713e-05
0.0050641709
4.5569314e-05
0.0050641628
4.7099183e-05
0.0050641529
4.8676548e-05
0.0050641418
5.0303775e-05
0.0050641297
5.1983319e-05
0.0050641169
5.3717753e-05
0.0050641036
5.5509737e-05
0.0050640901
5.7362052e-05
0.0050640765
5.9277504e-05
0.0050640631
6.1259024e-05
0.0050640499
6.3309635e-05
0.005064037
6.5432284e-05
0.0050640246
6.7630095e-05
0.0050640127
6.9906186e-05
0.0050640014
7.2263897e-05
0.0050639906
7.4706539e-05
0.0050639804
7.723741e-05
0.0050639709
7.9860225e-05
0.0050639618
8.2577406e-05
0.0050639534
8.5393466e-05
0.0050639454
8.8310929e-05
0.005063938
9.1335076e-05
0.0050639311
9.4468534e-05
0.0050639246
9.7715802e-05
0.0050639186
0.00010108056
0.0050639129
0.00010456705
0.0050639076
0.00010817896
0.0050639029
0.00011192435
0.0050638981
0.00011580027
0.0050638941
0.00011982163
0.0050638897
0.00012398065
0.0050638862
0.00012829833
0.0050638825
0.00013276527
0.0050638794
0.00013739914
0.005063876
0.00014219257
0.0050638735
0.00014717164
0.00506387
0.00015231303
0.0050638679
0.00015766668
0.0050638635
0.00016319912
0.0050638594
0.00016893026
0.0050638542
0.00017510419
0.0050638249
0.00018074819
0.0050638714
0.00019013141
0.0050634532
0.00018901371
0.005064864
0.00023001526
0.00018139997
0.0053438551
4.3581379e-06
0.0053438954
4.6482184e-06
0.0053439442
4.9579471e-06
0.0053440019
5.2881137e-06
0.0053440691
5.639421e-06
0.005344146
6.0124826e-06
0.005344233
6.4078025e-06
0.0053443301
6.8257574e-06
0.0053444373
7.2665894e-06
0.0053445543
7.7304095e-06
0.0053446808
8.2172027e-06
0.0053448162
8.7268353e-06
0.0053449598
9.2590632e-06
0.0053451109
9.8135437e-06
0.0053452685
1.0389852e-05
0.0053454315
1.0987499e-05
0.005345599
1.1605958e-05
0.0053457696
1.2244686e-05
0.0053459421
1.2903157e-05
0.0053461154
1.3580885e-05
0.0053462882
1.4277451e-05
0.0053464594
1.4992528e-05
0.0053466278
1.5725897e-05
0.0053467925
1.6477459e-05
0.0053469524
1.7247238e-05
0.0053471067
1.8035383e-05
0.0053472548
1.8842159e-05
0.005347396
1.9667937e-05
0.0053475298
2.0513184e-05
0.0053476558
2.1378444e-05
0.0053477737
2.2264331e-05
0.0053478835
2.3171507e-05
0.0053479848
2.4100672e-05
0.0053480778
2.5052557e-05
0.0053481625
2.6027917e-05
0.0053482389
2.7027528e-05
0.0053483073
2.8052183e-05
0.0053483679
2.910269e-05
0.005348421
3.0179887e-05
0.0053484669
3.128465e-05
0.0053485059
3.2417898e-05
0.0053485385
3.3580606e-05
0.005348565
3.4773814e-05
0.0053485858
3.5998647e-05
0.0053486015
3.7256319e-05
0.0053486125
3.8548161e-05
0.0053486191
3.9875624e-05
0.0053486219
4.1240293e-05
0.0053486214
4.2643854e-05
0.0053486179
4.4088195e-05
0.0053486119
4.5575308e-05
0.0053486038
4.7107289e-05
0.005348594
4.8686385e-05
0.0053485828
5.0314985e-05
0.0053485705
5.1995578e-05
0.0053485575
5.3730765e-05
0.005348544
5.5523241e-05
0.0053485302
5.7375812e-05
0.0053485164
5.9291325e-05
0.0053485027
6.1272736e-05
0.0053484892
6.3323089e-05
0.0053484761
6.544538e-05
0.0053484635
6.7642744e-05
0.0053484513
6.9918337e-05
0.0053484398
7.2275493e-05
0.0053484287
7.4717553e-05
0.0053484183
7.7247829e-05
0.0053484086
7.9869989e-05
0.0053483993
8.2586635e-05
0.0053483907
8.5402069e-05
0.0053483826
8.831907e-05
0.0053483751
9.1342619e-05
0.005348368
9.4475619e-05
0.0053483614
9.7722391e-05
0.0053483552
0.00010108671
0.0053483495
0.00010457279
0.0053483441
0.00010818441
0.0053483392
0.00011192919
0.0053483344
0.00011580513
0.0053483303
0.00011982574
0.0053483259
0.00012398505
0.0053483223
0.00012830189
0.0053483186
0.00013276902
0.0053483154
0.00013740228
0.005348312
0.00014219602
0.0053483095
0.00014717417
0.0053483059
0.00015231661
0.0053483037
0.00015766881
0.0053482993
0.00016320355
0.0053482951
0.00016893449
0.00534829
0.00017510923
0.0053482592
0.00018077903
0.0053483077
0.00019008289
0.0053478897
0.0001894317
0.0053493069
0.00022859803
0.00018247022
0.0056442678
4.3265823e-06
0.0056443066
4.6093811e-06
0.0056443533
4.9112246e-06
0.0056444085
5.2329486e-06
0.0056444726
5.5753245e-06
0.005644546
5.9390539e-06
0.0056446291
6.324748e-06
0.0056447219
6.7329081e-06
0.0056448246
7.1639154e-06
0.005644937
7.6180287e-06
0.0056450588
8.0953847e-06
0.0056451896
8.5960006e-06
0.0056453289
9.1197789e-06
0.0056454759
9.6665166e-06
0.0056456299
1.0235917e-05
0.0056457898
1.0827607e-05
0.0056459546
1.1441156e-05
0.0056461232
1.20761e-05
0.0056462943
1.2731966e-05
0.0056464669
1.3408298e-05
0.0056466397
1.4104681e-05
0.0056468115
1.4820766e-05
0.0056469811
1.5556291e-05
0.0056471474
1.6311088e-05
0.0056473096
1.70851e-05
0.0056474666
1.7878378e-05
0.0056476177
1.8691083e-05
0.0056477621
1.9523477e-05
0.0056478994
2.0375912e-05
0.005648029
2.1248826e-05
0.0056481506
2.2142721e-05
0.005648264
2.305816e-05
0.0056483689
2.3995747e-05
0.0056484653
2.4956125e-05
0.0056485533
2.5939966e-05
0.0056486328
2.6947973e-05
0.0056487041
2.7980868e-05
0.0056487674
2.9039403e-05
0.0056488229
3.0124362e-05
0.005648871
3.1236572e-05
0.005648912
3.2376913e-05
0.0056489463
3.3546323e-05
0.0056489743
3.4745816e-05
0.0056489964
3.5976494e-05
0.0056490132
3.7239557e-05
0.005649025
3.8536324e-05
0.0056490324
3.986824e-05
0.0056490358
4.1236891e-05
0.0056490357
4.2643976e-05
0.0056490325
4.4091374e-05
0.0056490267
4.5581107e-05
0.0056490187
4.7115294e-05
0.0056490089
4.8696201e-05
0.0056489976
5.032624e-05
0.0056489853
5.2007936e-05
0.0056489721
5.3743919e-05
0.0056489584
5.5536918e-05
0.0056489445
5.738977e-05
0.0056489305
5.930536e-05
0.0056489165
6.1286671e-05
0.0056489028
6.3336772e-05
0.0056488895
6.5458705e-05
0.0056488766
6.7655618e-05
0.0056488643
6.9930704e-05
0.0056488525
7.2287299e-05
0.0056488413
7.4728765e-05
0.0056488307
7.7258433e-05
0.0056488207
7.9879931e-05
0.0056488113
8.2596021e-05
0.0056488026
8.5410829e-05
0.0056487943
8.8327342e-05
0.0056487866
9.1350294e-05
0.0056487794
9.4482817e-05
0.0056487727
9.7729088e-05
0.0056487665
0.00010109296
0.0056487607
0.00010457863
0.0056487552
0.00010818992
0.0056487502
0.0001119341
0.0056487453
0.00011581003
0.0056487412
0.00011982993
0.0056487367
0.00012398946
0.0056487331
0.00012830552
0.0056487293
0.00013277279
0.0056487262
0.00013740546
0.0056487227
0.00014219946
0.0056487202
0.00014717674
0.0056487166
0.00015232019
0.0056487144
0.000157671
0.00564871
0.00016320794
0.0056487055
0.00016893892
0.0056487007
0.00017511409
0.0056486685
0.00018081121
0.0056487187
0.00019003269
0.0056483032
0.00018984715
0.00564972
0.00022718123
0.00018354335
0.0059615662
4.2960689e-06
0.0059616035
4.5720531e-06
0.0059616482
4.8665037e-06
0.0059617009
5.1802893e-06
0.005961762
5.5142335e-06
0.0059618319
5.8691075e-06
0.0059619111
6.24561e-06
0.0059619996
6.6443483e-06
0.0059620977
7.0658255e-06
0.0059622053
7.5104341e-06
0.0059623222
7.9784528e-06
0.0059624482
8.4700444e-06
0.0059625827
8.9852573e-06
0.0059627252
9.5240303e-06
0.0059628749
1.0086202e-05
0.005963031
1.0671523e-05
0.0059631925
1.1279672e-05
0.0059633583
1.1910277e-05
0.0059635273
1.2562934e-05
0.0059636984
1.3237235e-05
0.0059638703
1.3932787e-05
0.0059640418
1.4649238e-05
0.0059642118
1.5386296e-05
0.0059643792
1.6143746e-05
0.0059645428
1.6921459e-05
0.0059647018
1.7719402e-05
0.0059648552
1.8537637e-05
0.0059650024
1.9376319e-05
0.0059651426
2.0235694e-05
0.0059652753
2.1116084e-05
0.0059654002
2.2017882e-05
0.0059655168
2.2941544e-05
0.005965625
2.3887572e-05
0.0059657246
2.4856512e-05
0.0059658156
2.5848948e-05
0.0059658981
2.6865497e-05
0.0059659721
2.790681e-05
0.005966038
2.8973569e-05
0.0059660958
3.0066499e-05
0.005966146
3.1186374e-05
0.0059661889
3.2334026e-05
0.0059662249
3.3510356e-05
0.0059662543
3.4716345e-05
0.0059662778
3.5953071e-05
0.0059662956
3.7221715e-05
0.0059663083
3.8523584e-05
0.0059663165
3.9860118e-05
0.0059663205
4.1232899e-05
0.0059663208
4.2643641e-05
0.0059663179
4.4094216e-05
0.0059663124
4.5586673e-05
0.0059663045
4.7123155e-05
0.0059662948
4.8705949e-05
0.0059662835
5.0337492e-05
0.0059662711
5.2020342e-05
0.0059662579
5.3757163e-05
0.0059662441
5.5550719e-05
0.00596623
5.7403875e-05
0.0059662158
5.9319559e-05
0.0059662016
6.1300782e-05
0.0059661878
6.3350637e-05
0.0059661743
6.5472212e-05
0.0059661612
6.7668673e-05
0.0059661487
6.9943246e-05
0.0059661367
7.2299272e-05
0.0059661253
7.4740136e-05
0.0059661146
7.7269186e-05
0.0059661045
7.9890018e-05
0.005966095
8.2605533e-05
0.0059660861
8.5419713e-05
0.0059660777
8.8335717e-05
0.00596607
9.1358075e-05
0.0059660627
9.44901e-05
0.0059660559
9.7735868e-05
0.0059660496
0.00010109928
0.0059660437
0.00010458452
0.0059660381
0.00010819549
0.0059660331
0.00011193908
0.0059660282
0.00011581496
0.005966024
0.00011983418
0.0059660196
0.00012399388
0.0059660159
0.0001283092
0.0059660121
0.00013277655
0.0059660089
0.00013740867
0.0059660055
0.00014220291
0.0059660029
0.00014717933
0.0059659993
0.00015232373
0.0059659971
0.00015767325
0.0059659927
0.00016321228
0.0059659881
0.00016894353
0.0059659834
0.00017511878
0.00596595
0.00018084459
0.0059660016
0.00018998113
0.0059655911
0.00019025769
0.0059670002
0.00022577209
0.00018461409
0.0062966991
4.2666269e-06
0.0062967349
4.5362434e-06
0.0062967776
4.823775e-06
0.0062968278
5.1301128e-06
0.0062968859
5.4561191e-06
0.0062969524
5.8026186e-06
0.0062970276
6.1703814e-06
0.0062971119
6.5601032e-06
0.0062972053
6.972392e-06
0.006297308
7.4077596e-06
0.0062974198
7.8666143e-06
0.0062975406
8.3492562e-06
0.00629767
8.8558748e-06
0.0062978075
9.3865501e-06
0.0062979524
9.9412581e-06
0.006298104
1.0519879e-05
0.0062982615
1.1122211e-05
0.0062984238
1.1747984e-05
0.0062985899
1.2396879e-05
0.0062987585
1.3068551e-05
0.0062989287
1.3762646e-05
0.0062990991
1.4478828e-05
0.0062992686
1.5216794e-05
0.006299436
1.5976295e-05
0.0062996003
1.6757148e-05
0.0062997605
1.7559246e-05
0.0062999156
1.8382564e-05
0.0063000647
1.9227158e-05
0.0063002073
2.0093165e-05
0.0063003425
2.0980797e-05
0.0063004701
2.1890336e-05
0.0063005895
2.2822123e-05
0.0063007005
2.3776556e-05
0.006300803
2.4754077e-05
0.0063008967
2.5755172e-05
0.0063009819
2.678037e-05
0.0063010584
2.7830236e-05
0.0063011266
2.8905379e-05
0.0063011867
3.0006458e-05
0.0063012389
3.1134185e-05
0.0063012835
3.2289342e-05
0.0063013211
3.3472785e-05
0.006301352
3.4685461e-05
0.0063013766
3.5928418e-05
0.0063013955
3.7202817e-05
0.0063014092
3.8509952e-05
0.006301418
3.9851254e-05
0.0063014226
4.1228302e-05
0.0063014234
4.2642823e-05
0.006301421
4.4096687e-05
0.0063014157
4.5591964e-05
0.006301408
4.7130826e-05
0.0063013984
4.8715578e-05
0.0063013872
5.0348686e-05
0.0063013748
5.203274e-05
0.0063013615
5.377044e-05
0.0063013476
5.5564584e-05
0.0063013335
5.741807e-05
0.0063013191
5.9333864e-05
0.0063013049
6.131501e-05
0.0063012909
6.3364628e-05
0.0063012773
6.5485846e-05
0.0063012641
6.7681856e-05
0.0063012514
6.9955913e-05
0.0063012394
7.2311366e-05
0.0063012279
7.475162e-05
0.006301217
7.7280044e-05
0.0063012068
7.9900208e-05
0.0063011972
8.2615132e-05
0.0063011883
8.5428685e-05
0.0063011798
8.8344161e-05
0.006301172
9.1365925e-05
0.0063011646
9.4497439e-05
0.0063011578
9.7742698e-05
0.0063011514
0.00010110564
0.0063011455
0.00010459046
0.0063011399
0.00010820109
0.0063011349
0.0001119441
0.00630113
0.00011581988
0.0063011257
0.00011983846
0.0063011213
0.00012399828
0.0063011176
0.0001283129
0.0063011139
0.0001327803
0.0063011107
0.00013741189
0.0063011072
0.00014220632
0.0063011046
0.00014718195
0.0063011011
0.00015232722
0.0063010988
0.00015767554
0.0063010946
0.00016321654
0.0063010898
0.0001689483
0.0063010853
0.00017512328
0.0063010509
0.00018087897
0.0063011035
0.00018992856
0.0063007003
0.00019066089
0.0063020942
0.0002243782
0.00018567683
0.006650669
4.2382964e-06
0.0066507032
4.5019745e-06
0.0066507439
4.7830452e-06
0.0066507916
5.0824136e-06
0.0066508468
5.4009693e-06
0.0066509098
5.7395784e-06
0.0066509812
6.0990672e-06
0.006651061
6.4802043e-06
0.0066511498
6.8836873e-06
0.0066512474
7.3101318e-06
0.0066513539
7.7600629e-06
0.0066514693
8.2339071e-06
0.0066515932
8.7319873e-06
0.0066517252
9.2545208e-06
0.0066518648
9.80162e-06
0.0066520114
1.0373298e-05
0.0066521641
1.0969477e-05
0.0066523221
1.1589998e-05
0.0066524844
1.2234641e-05
0.0066526498
1.2903136e-05
0.0066528172
1.3595186e-05
0.0066529856
1.4310486e-05
0.0066531536
1.5048741e-05
0.0066533202
1.5809686e-05
0.0066534843
1.6593099e-05
0.0066536447
1.7398814e-05
0.0066538006
1.8226727e-05
0.0066539509
1.9076806e-05
0.006654095
1.9949085e-05
0.0066542321
2.0843668e-05
0.0066543617
2.1760723e-05
0.0066544834
2.2700481e-05
0.0066545967
2.3663224e-05
0.0066547015
2.4649287e-05
0.0066547976
2.5659053e-05
0.006654885
2.6692952e-05
0.0066549638
2.7751459e-05
0.0066550341
2.8835103e-05
0.0066550961
2.9944466e-05
0.0066551501
3.1080196e-05
0.0066551964
3.2243017e-05
0.0066552354
3.3433737e-05
0.0066552676
3.4653262e-05
0.0066552934
3.5902608e-05
0.0066553133
3.7182914e-05
0.0066553278
3.8495457e-05
0.0066553374
3.9841659e-05
0.0066553426
4.1223097e-05
0.0066553439
4.2641504e-05
0.0066553419
4.4098758e-05
0.0066553369
4.5596943e-05
0.0066553295
4.7138258e-05
0.00665532
4.8725034e-05
0.0066553089
5.0359762e-05
0.0066552966
5.2045067e-05
0.0066552834
5.3783683e-05
0.0066552695
5.5578444e-05
0.0066552553
5.7432283e-05
0.0066552409
5.9348206e-05
0.0066552267
6.1329287e-05
0.0066552126
6.3378677e-05
0.0066551989
6.5499543e-05
0.0066551857
6.7695103e-05
0.0066551729
6.9968642e-05
0.0066551608
7.2323521e-05
0.0066551492
7.4763162e-05
0.0066551383
7.7290954e-05
0.0066551281
7.9910449e-05
0.0066551185
8.262477e-05
0.0066551095
8.5437697e-05
0.006655101
8.8352631e-05
0.0066550931
9.1373805e-05
0.0066550858
9.4504796e-05
0.0066550789
9.7749545e-05
0.0066550725
0.00010111202
0.0066550666
0.00010459639
0.006655061
0.00010820667
0.006655056
0.00011194913
0.0066550511
0.00011582478
0.0066550468
0.00011984275
0.0066550425
0.00012400264
0.0066550388
0.00012831661
0.0066550351
0.000132784
0.0066550319
0.0001374151
0.0066550285
0.00014220968
0.0066550259
0.00014718455
0.0066550225
0.00015233063
0.0066550202
0.00015767786
0.006655016
0.0001632207
0.0066550111
0.0001689532
0.0066550068
0.00017512758
0.0066549716
0.00018091413
0.0066550248
0.00018987536
0.0066546314
0.00019105429
0.0066560021
0.0002230075
0.00018672561
0.0070245346
4.2111292e-06
0.0070245673
4.4692835e-06
0.007024606
4.7443377e-06
0.0070246512
5.0372044e-06
0.0070247034
5.3487916e-06
0.007024763
5.6799959e-06
0.0070248304
6.0316876e-06
0.0070249059
6.4046948e-06
0.0070249898
6.7997896e-06
0.0070250822
7.2176774e-06
0.0070251833
7.6589861e-06
0.0070252929
8.1242569e-06
0.007025411
8.6139365e-06
0.0070255371
9.1283721e-06
0.007025671
9.667809e-06
0.0070258119
1.0232392e-05
0.0070259592
1.0822171e-05
0.0070261121
1.1437106e-05
0.0070262696
1.2077081e-05
0.0070264308
1.2741916e-05
0.0070265946
1.3431384e-05
0.0070267599
1.4145227e-05
0.0070269255
1.4883175e-05
0.0070270902
1.5644965e-05
0.0070272529
1.643035e-05
0.0070274126
1.7239122e-05
0.0070275682
1.8071112e-05
0.0070277188
1.8926207e-05
0.0070278636
1.9804347e-05
0.0070280017
2.0705533e-05
0.0070281326
2.1629823e-05
0.0070282558
2.2577331e-05
0.0070283708
2.3548226e-05
0.0070284773
2.454273e-05
0.0070285752
2.5561117e-05
0.0070286645
2.6603711e-05
0.0070287451
2.7670893e-05
0.0070288171
2.87631e-05
0.0070288807
2.9880834e-05
0.0070289362
3.1024672e-05
0.007028984
3.2195273e-05
0.0070290243
3.3393392e-05
0.0070290577
3.4619892e-05
0.0070290845
3.5875753e-05
0.0070291053
3.7162087e-05
0.0070291206
3.8480154e-05
0.0070291309
3.9831365e-05
0.0070291367
4.1217292e-05
0.0070291386
4.2639677e-05
0.0070291369
4.4100403e-05
0.0070291323
4.560157e-05
0.0070291252
4.7145403e-05
0.0070291159
4.8734256e-05
0.007029105
5.0370653e-05
0.0070290929
5.2057249e-05
0.0070290797
5.3796814e-05
0.0070290659
5.559222e-05
0.0070290518
5.7446436e-05
0.0070290375
5.9362503e-05
0.0070290232
6.1343533e-05
0.0070290092
6.3392705e-05
0.0070289955
6.5513226e-05
0.0070289823
6.7708341e-05
0.0070289696
6.9981363e-05
0.0070289574
7.2335669e-05
0.0070289459
7.4774696e-05
0.007028935
7.7301855e-05
0.0070289248
7.9920684e-05
0.0070289151
8.2634393e-05
0.0070289061
8.5446697e-05
0.0070288977
8.8361079e-05
0.0070288898
9.1381666e-05
0.0070288825
9.4512127e-05
0.0070288757
9.7756364e-05
0.0070288694
0.00010111836
0.0070288635
0.0001046023
0.0070288579
0.00010821222
0.0070288529
0.00011195412
0.0070288481
0.00011582963
0.0070288438
0.00011984702
0.0070288395
0.00012400692
0.0070288359
0.0001283203
0.0070288322
0.00013278763
0.0070288291
0.00013741827
0.0070288258
0.00014221297
0.0070288232
0.00014718713
0.0070288199
0.00015233395
0.0070288176
0.00015768018
0.0070288135
0.00016322472
0.0070288086
0.00016895819
0.0070288045
0.00017513166
0.0070287688
0.0001809498
0.0070288222
0.00018982196
0.0070284411
0.00019143542
0.0070297803
0.00022166826
0.00018775415
0.0074194144
4.1851898e-06
0.0074194455
4.4382225e-06
0.0074194821
4.7076936e-06
0.0074195248
4.9945175e-06
0.007419574
5.2996137e-06
0.0074196301
5.6239006e-06
0.0074196935
5.9682822e-06
0.0074197646
6.3336338e-06
0.0074198436
6.7207893e-06
0.0074199307
7.1305299e-06
0.0074200261
7.5635733e-06
0.0074201298
8.0205625e-06
0.0074202417
8.5020571e-06
0.0074203615
9.0085253e-06
0.007420489
9.5403389e-06
0.0074206236
1.0097771e-05
0.0074207648
1.0680999e-05
0.0074209118
1.1290103e-05
0.0074210638
1.192508e-05
0.0074212199
1.2585848e-05
0.007421379
1.3272262e-05
0.0074215401
1.3984125e-05
0.0074217021
1.472121e-05
0.0074218638
1.5483267e-05
0.0074220241
1.6270045e-05
0.0074221819
1.7081306e-05
0.0074223361
1.7916833e-05
0.0074224859
1.8776442e-05
0.0074226303
1.9659989e-05
0.0074227684
2.0567378e-05
0.0074228997
2.1498559e-05
0.0074230235
2.2453534e-05
0.0074231394
2.3432357e-05
0.0074232469
2.4435133e-05
0.007423346
2.5462022e-05
0.0074234365
2.6513239e-05
0.0074235183
2.7589062e-05
0.0074235916
2.8689832e-05
0.0074236565
2.9815965e-05
0.0074237132
3.0967958e-05
0.0074237621
3.2146404e-05
0.0074238035
3.3351998e-05
0.0074238378
3.4585553e-05
0.0074238655
3.5848012e-05
0.0074238872
3.7140459e-05
0.0074239032
3.8464131e-05
0.0074239141
3.9820427e-05
0.0074239205
4.1210917e-05
0.0074239228
4.2637345e-05
0.0074239216
4.4101605e-05
0.0074239174
4.5605809e-05
0.0074239106
4.7152207e-05
0.0074239016
4.8743182e-05
0.007423891
5.0381285e-05
0.0074238791
5.2069204e-05
0.0074238661
5.3809747e-05
0.0074238525
5.5605822e-05
0.0074238385
5.7460433e-05
0.0074238244
5.9376662e-05
0.0074238102
6.1357653e-05
0.0074237963
6.340662e-05
0.0074237827
6.5526804e-05
0.0074237696
6.7721481e-05
0.007423757
6.9993992e-05
0.0074237449
7.2347729e-05
0.0074237335
7.4786145e-05
0.0074237227
7.7312672e-05
0.0074237125
7.9930841e-05
0.007423703
8.2643936e-05
0.007423694
8.5455621e-05
0.0074236857
8.8369445e-05
0.0074236779
9.1389452e-05
0.0074236706
9.4519379e-05
0.0074236639
9.7763107e-05
0.0074236576
0.00010112463
0.0074236518
0.00010460813
0.0074236464
0.00010821768
0.0074236414
0.00011195906
0.0074236367
0.00011583437
0.0074236325
0.00011985123
0.0074236283
0.0001240111
0.0074236247
0.00012832392
0.0074236212
0.00013279116
0.0074236181
0.00013742137
0.0074236149
0.00014221615
0.0074236124
0.00014718964
0.0074236092
0.00015233714
0.0074236069
0.00015768246
0.007423603
0.00016322857
0.007423598
0.00016896321
0.0074235941
0.00017513551
0.0074235583
0.00018098568
0.0074236114
0.00018976878
0.007423245
0.0001918018
0.0074245442
0.00022036907
0.00018875579
0.0078364896
4.1605565e-06
0.0078365189
4.4088607e-06
0.0078365534
4.6731734e-06
0.0078365936
4.9544071e-06
0.0078366397
5.2534871e-06
0.0078366922
5.5713463e-06
0.0078367516
5.9089139e-06
0.0078368181
6.2671023e-06
0.0078368921
6.6467955e-06
0.0078369738
7.0488382e-06
0.0078370634
7.4740247e-06
0.0078371608
7.9230877e-06
0.0078372662
8.3966875e-06
0.0078373793
8.8954029e-06
0.0078374999
9.419724e-06
0.0078376277
9.970047e-06
0.007837762
1.0546671e-05
0.0078379023
1.11498e-05
0.0078380478
1.1779545e-05
0.0078381978
1.2435928e-05
0.0078383511
1.3118895e-05
0.0078385069
1.3828324e-05
0.0078386641
1.4564039e-05
0.0078388215
1.5325825e-05
0.0078389781
1.6113439e-05
0.0078391328
1.6926629e-05
0.0078392845
1.7765143e-05
0.0078394322
1.862874e-05
0.007839575
1.9517204e-05
0.007839712
2.0430347e-05
0.0078398426
2.1368021e-05
0.007839966
2.2330116e-05
0.0078400818
2.3316572e-05
0.0078401895
2.4327378e-05
0.007840289
2.5362575e-05
0.0078403799
2.6422268e-05
0.0078404624
2.7506625e-05
0.0078405363
2.8615886e-05
0.0078406019
2.9750374e-05
0.0078406594
3.0910504e-05
0.007840709
3.2096793e-05
0.0078407511
3.3309876e-05
0.0078407861
3.4550511e-05
0.0078408145
3.58196e-05
0.0078408368
3.7118195e-05
0.0078408534
3.8447509e-05
0.0078408649
3.980893e-05
0.0078408718
4.120402e-05
0.0078408746
4.2634526e-05
0.0078408739
4.4102355e-05
0.0078408701
4.5609628e-05
0.0078408636
4.715862e-05
0.0078408551
4.8751744e-05
0.0078408448
5.0391577e-05
0.0078408331
5.2080843e-05
0.0078408205
5.3822383e-05
0.0078408072
5.5619145e-05
0.0078407935
5.7474169e-05
0.0078407795
5.9390573e-05
0.0078407657
6.137154e-05
0.007840752
6.3420314e-05
0.0078407386
6.5540172e-05
0.0078407257
6.7734421e-05
0.0078407132
7.0006429e-05
0.0078407013
7.2359605e-05
0.0078406901
7.4797418e-05
0.0078406794
7.732332e-05
0.0078406694
7.9940839e-05
0.00784066
8.265332e-05
0.0078406513
8.5464397e-05
0.0078406431
8.8377662e-05
0.0078406354
9.1397099e-05
0.0078406283
9.4526492e-05
0.0078406217
9.7769715e-05
0.0078406156
0.00010113076
0.0078406099
0.00010461382
0.0078406045
0.00010822301
0.0078405997
0.00011196387
0.0078405951
0.00011583898
0.007840591
0.00011985533
0.007840587
0.00012401514
0.0078405835
0.00012832744
0.0078405801
0.00013279456
0.0078405771
0.00013742437
0.007840574
0.0001422192
0.0078405716
0.00014719207
0.0078405686
0.00015234016
0.0078405664
0.00015768469
0.0078405627
0.00016323223
0.0078405577
0.0001689682
0.0078405541
0.0001751391
0.0078405184
0.00018102142
0.0078405708
0.00018971632
0.0078402216
0.00019215097
0.0078414719
0.00021911883
0.00018972353
0.0082770078
4.1373227e-06
0.0082770354
4.3812855e-06
0.0082770677
4.6408592e-06
0.0082771052
4.9169514e-06
0.0082771482
5.2104891e-06
0.0082771971
5.5224143e-06
0.0082772523
5.8536741e-06
0.0082773142
6.2052092e-06
0.0082773831
6.5779438e-06
0.0082774592
6.9727749e-06
0.0082775426
7.3905616e-06
0.0082776336
7.8321137e-06
0.0082777321
8.2981804e-06
0.0082778381
8.7894401e-06
0.0082779513
9.306491e-06
0.0082780715
9.8498439e-06
0.0082781982
1.0419917e-05
0.008278331
1.1017031e-05
0.0082784692
1.1641412e-05
0.0082786119
1.2293191e-05
0.0082787584
1.2972411e-05
0.0082789077
1.3679032e-05
0.0082790588
1.4412942e-05
0.0082792106
1.5173973e-05
0.0082793621
1.5961904e-05
0.0082795123
1.6776484e-05
0.00827966
1.761744e-05
0.0082798042
1.8484488e-05
0.0082799441
1.937735e-05
0.0082800787
2.029576e-05
0.0082802072
2.1239473e-05
0.0082803291
2.2208279e-05
0.0082804436
2.3202004e-05
0.0082805505
2.4220519e-05
0.0082806493
2.5263752e-05
0.0082807399
2.6331689e-05
0.0082808221
2.7424388e-05
0.008280896
2.8541983e-05
0.0082809617
2.9684701e-05
0.0082810193
3.0852869e-05
0.0082810692
3.2046926e-05
0.0082811116
3.3267438e-05
0.008281147
3.451511e-05
0.0082811758
3.5790797e-05
0.0082811985
3.7095516e-05
0.0082812156
3.8430458e-05
0.0082812275
3.9796992e-05
0.0082812348
4.1196676e-05
0.0082812381
4.2631258e-05
0.0082812378
4.4102657e-05
0.0082812344
4.5613001e-05
0.0082812285
4.716459e-05
0.0082812203
4.8759869e-05
0.0082812105
5.0401441e-05
0.0082811993
5.2092062e-05
0.008281187
5.383461e-05
0.0082811741
5.5632069e-05
0.0082811608
5.7487518e-05
0.0082811472
5.9404112e-05
0.0082811337
6.1385067e-05
0.0082811203
6.3433661e-05
0.0082811073
6.5553207e-05
0.0082810947
6.7747042e-05
0.0082810826
7.0018559e-05
0.008281071
7.2371186e-05
0.00828106
7.480841e-05
0.0082810496
7.7333699e-05
0.0082810399
7.9950583e-05
0.0082810307
8.2662458e-05
0.0082810222
8.5472939e-05
0.0082810142
8.8385651e-05
0.0082810068
9.1404528e-05
0.0082809999
9.4533396e-05
0.0082809935
9.7776122e-05
0.0082809875
0.00010113671
0.008280982
0.00010461933
0.0082809769
0.00010822815
0.0082809722
0.00011196853
0.0082809678
0.0001158434
0.0082809639
0.00011985929
0.00828096
0.00012401899
0.0082809567
0.00012833081
0.0082809534
0.00013279778
0.0082809506
0.00013742721
0.0082809477
0.00014222207
0.0082809454
0.00014719437
0.0082809426
0.00015234299
0.0082809405
0.00015768682
0.008280937
0.00016323564
0.0082809321
0.00016897311
0.0082809288
0.00017514241
0.0082808936
0.00018105661
0.0082809449
0.00018966508
0.0082806153
0.00019248049
0.0082818074
0.00021792679
0.00019064993
0.0087422874
4.1156006e-06
0.0087423131
4.3556058e-06
0.0087423431
4.6108575e-06
0.0087423778
4.8822564e-06
0.0087424176
5.1707281e-06
0.0087424628
5.477219e-06
0.0087425137
5.8026885e-06
0.0087425709
6.1480987e-06
0.0087426344
6.5144052e-06
0.0087427046
6.9025472e-06
0.0087427817
7.3134378e-06
0.0087428659
7.7479524e-06
0.0087429572
8.2069173e-06
0.0087430555
8.691099e-06
0.0087431608
9.201193e-06
0.0087432728
9.7378152e-06
0.0087433913
1.0301494e-05
0.0087435156
1.0892664e-05
0.0087436454
1.1511662e-05
0.0087437798
1.2158728e-05
0.0087439182
1.2834004e-05
0.0087440597
1.3537538e-05
0.0087442034
1.4269293e-05
0.0087443482
1.5029154e-05
0.0087444932
1.5816938e-05
0.0087446372
1.6632407e-05
0.0087447794
1.7475279e-05
0.0087449186
1.8345243e-05
0.008745054
1.9241969e-05
0.0087451847
2.0165123e-05
0.0087453098
2.1114377e-05
0.0087454286
2.2089423e-05
0.0087455406
2.308998e-05
0.0087456453
2.4115806e-05
0.0087457424
2.5166713e-05
0.0087458315
2.6242572e-05
0.0087459126
2.7343326e-05
0.0087459855
2.8469004e-05
0.0087460505
2.9619731e-05
0.0087461076
3.0795744e-05
0.0087461572
3.1997402e-05
0.0087461994
3.3225199e-05
0.0087462347
3.4479782e-05
0.0087462636
3.5761958e-05
0.0087462864
3.7072708e-05
0.0087463036
3.8413195e-05
0.0087463159
3.9784773e-05
0.0087463235
4.1188991e-05
0.0087463272
4.2627597e-05
0.0087463273
4.4102526e-05
0.0087463244
4.5615906e-05
0.0087463189
4.7170067e-05
0.0087463113
4.8767481e-05
0.008746302
5.0410779e-05
0.0087462913
5.2102748e-05
0.0087462796
5.3846301e-05
0.0087462672
5.5644461e-05
0.0087462544
5.7500341e-05
0.0087462414
5.9417132e-05
0.0087462284
6.1398089e-05
0.0087462155
6.3446518e-05
0.0087462029
6.5565768e-05
0.0087461908
6.7759205e-05
0.0087461791
7.0030249e-05
0.0087461679
7.2382346e-05
0.0087461573
7.4818997e-05
0.0087461473
7.7343691e-05
0.008746138
7.9959961e-05
0.0087461292
8.2671245e-05
0.008746121
8.5481147e-05
0.0087461133
8.8393317e-05
0.0087461062
9.1411654e-05
0.0087460996
9.4540007e-05
0.0087460935
9.7782249e-05
0.0087460878
0.00010114238
0.0087460825
0.00010462458
0.0087460777
0.00010823304
0.0087460732
0.00011197295
0.0087460691
0.00011584758
0.0087460653
0.00011986303
0.0087460617
0.00012402261
0.0087460585
0.00012833399
0.0087460555
0.00013280079
0.0087460529
0.00013742987
0.0087460502
0.00014222472
0.0087460481
0.0001471965
0.0087460455
0.00015234558
0.0087460435
0.0001576888
0.0087460404
0.00016323876
0.0087460357
0.00016897784
0.0087460327
0.00017514542
0.0087459985
0.0001810908
0.0087460479
0.00018961562
0.0087457405
0.00019278792
0.0087468647
0.00021680258
0.00019152712
0.0092337207
4.0955225e-06
0.0092337444
4.3319552e-06
0.0092337719
4.5833037e-06
0.0092338037
4.8504608e-06
0.0092338401
5.1343484e-06
0.0092338814
5.4359144e-06
0.009233928
5.7561257e-06
0.0092339801
6.0959598e-06
0.0092340381
6.4563965e-06
0.0092341023
6.8384088e-06
0.0092341728
7.242954e-06
0.0092342497
7.6709623e-06
0.0092343333
8.1233259e-06
0.0092344235
8.6008874e-06
0.0092345203
9.1044288e-06
0.0092346235
9.6346603e-06
0.0092347327
1.0192212e-05
0.0092348478
1.0777622e-05
0.0092349681
1.1391336e-05
0.0092350931
1.2033698e-05
0.0092352222
1.2704948e-05
0.0092353545
1.3405226e-05
0.0092354892
1.4134573e-05
0.0092356255
1.4892936e-05
0.0092357622
1.5680179e-05
0.0092358985
1.6496088e-05
0.0092360334
1.7340386e-05
0.0092361659
1.8212744e-05
0.0092362951
1.9112796e-05
0.0092364201
2.0040151e-05
0.00923654
2.0994406e-05
0.0092366543
2.1975163e-05
0.0092367622
2.2982044e-05
0.0092368633
2.4014699e-05
0.0092369572
2.5072827e-05
0.0092370436
2.6156183e-05
0.0092371223
2.7264601e-05
0.0092371933
2.8398002e-05
0.0092372567
2.955641e-05
0.0092373124
3.0739968e-05
0.0092373609
3.1948954e-05
0.0092374023
3.3183789e-05
0.009237437
3.444506e-05
0.0092374654
3.5733525e-05
0.009237488
3.7050125e-05
0.0092375052
3.8395996e-05
0.0092375175
3.9772476e-05
0.0092375254
4.1181104e-05
0.0092375294
4.2623627e-05
0.0092375299
4.4101992e-05
0.0092375275
4.5618332e-05
0.0092375225
4.7175001e-05
0.0092375155
4.8774499e-05
0.0092375068
5.0419485e-05
0.0092374968
5.2112774e-05
0.0092374858
5.3857315e-05
0.0092374741
5.5656166e-05
0.0092374619
5.7512475e-05
0.0092374496
5.942947e-05
0.0092374372
6.1410438e-05
0.009237425
6.3458718e-05
0.0092374131
6.557769e-05
0.0092374016
6.7770751e-05
0.0092373905
7.0041344e-05
0.0092373799
7.2392935e-05
0.0092373699
7.4829039e-05
0.0092373604
7.7353163e-05
0.0092373515
7.9968845e-05
0.0092373432
8.2679561e-05
0.0092373354
8.5488909e-05
0.0092373282
8.8400555e-05
0.0092373215
9.1418375e-05
0.0092373153
9.4546232e-05
0.0092373095
9.7788008e-05
0.0092373042
0.0001011477
0.0092372993
0.0001046295
0.0092372947
0.0001082376
0.0092372906
0.00011197707
0.0092372867
0.00011585145
0.0092372833
0.0001198665
0.0092372799
0.00012402593
0.009237277
0.0001283369
0.0092372743
0.00013280352
0.0092372719
0.00013743228
0.0092372695
0.00014222711
0.0092372676
0.00014719841
0.0092372653
0.00015234787
0.0092372635
0.00015769058
0.0092372607
0.00016324155
0.0092372563
0.00016898229
0.0092372536
0.00017514807
0.0092372209
0.00018112348
0.009237268
0.00018956854
0.0092369851
0.00019307085
0.0092380313
0.00021575636
0.00019234666
0.0097527786
4.0772444e-06
0.0097528001
4.3104946e-06
0.009752825
4.558365e-06
0.0097528538
4.82174e-06
0.0097528866
5.1015362e-06
0.0097529238
5.3987007e-06
0.0097529657
5.7142045e-06
0.0097530126
6.0490359e-06
0.0097530648
6.4041926e-06
0.0097531226
6.7806743e-06
0.009753186
7.1794736e-06
0.0097532554
7.6015661e-06
0.0097533309
8.0478989e-06
0.0097534124
8.51938e-06
0.0097534999
9.0168657e-06
0.0097535935
9.5411498e-06
0.0097536927
1.0092952e-05
0.0097537974
1.0672908e-05
0.0097539072
1.1281561e-05
0.0097540215
1.1919352e-05
0.0097541399
1.2586619e-05
0.0097542615
1.3283592e-05
0.0097543857
1.4010391e-05
0.0097545116
1.476703e-05
0.0097546383
1.5553424e-05
0.009754765
1.6369394e-05
0.0097548908
1.7214677e-05
0.0097550146
1.8088939e-05
0.0097551356
1.8991786e-05
0.0097552529
1.9922783e-05
0.0097553659
2.0881464e-05
0.0097554737
2.1867353e-05
0.0097555757
2.2879979e-05
0.0097556716
2.3918894e-05
0.0097557607
2.4983688e-05
0.0097558429
2.6074011e-05
0.0097559179
2.7189586e-05
0.0097559857
2.8330228e-05
0.0097560462
2.9495863e-05
0.0097560996
3.0686542e-05
0.0097561461
3.190246e-05
0.0097561859
3.3143967e-05
0.0097562194
3.4411589e-05
0.0097562469
3.5706033e-05
0.0097562688
3.7028203e-05
0.0097562856
3.8379205e-05
0.0097562977
3.9760359e-05
0.0097563056
4.1173195e-05
0.0097563098
4.2619458e-05
0.0097563107
4.4101103e-05
0.0097563087
4.5620276e-05
0.0097563044
4.7179344e-05
0.0097562981
4.8780837e-05
0.0097562901
5.042744e-05
0.0097562809
5.2121998e-05
0.0097562707
5.3867491e-05
0.0097562599
5.5667009e-05
0.0097562486
5.7523738e-05
0.0097562371
5.9440936e-05
0.0097562256
6.1421923e-05
0.0097562143
6.347007e-05
0.0097562032
6.5588787e-05
0.0097561925
6.7781497e-05
0.0097561821
7.0051667e-05
0.0097561723
7.2402782e-05
0.009756163
7.4838373e-05
0.0097561542
7.7361959e-05
0.0097561459
7.9977089e-05
0.0097561382
8.2687267e-05
0.009756131
8.5496092e-05
0.0097561243
8.8407242e-05
0.0097561181
9.1424573e-05
0.0097561124
9.4551961e-05
0.0097561071
9.7793296e-05
0.0097561023
0.00010115258
0.0097560978
0.00010463399
0.0097560936
0.00010824175
0.0097560899
0.00011198081
0.0097560864
0.00011585494
0.0097560833
0.00011986962
0.0097560803
0.00012402889
0.0097560778
0.0001283395
0.0097560754
0.00013280592
0.0097560732
0.00013743438
0.0097560712
0.00014222917
0.0097560696
0.00014720004
0.0097560676
0.00015234983
0.0097560661
0.0001576921
0.0097560637
0.00016324394
0.0097560596
0.00016898636
0.0097560573
0.00017515032
0.0097560267
0.00018115408
0.0097560708
0.00018952448
0.0097558148
0.00019332682
0.0097567723
0.0002147989
0.00019309943
0.010301015
4.0609572e-06
0.010301034
4.2914248e-06
0.010301056
4.5362537e-06
0.010301082
4.7963196e-06
0.010301111
5.0725334e-06
0.010301144
5.3658395e-06
0.010301181
5.6772108e-06
0.010301222
6.0076425e-06
0.010301268
6.3581456e-06
0.010301319
6.72974e-06
0.010301375
7.1234463e-06
0.010301436
7.5402764e-06
0.010301503
7.9812229e-06
0.010301575
8.4472479e-06
0.010301653
8.9392709e-06
0.010301736
9.4581573e-06
0.010301824
1.0004706e-05
0.010301917
1.0579636e-05
0.010302015
1.118358e-05
0.010302118
1.1817071e-05
0.010302224
1.2480533e-05
0.010302333
1.3174283e-05
0.010302445
1.3898517e-05
0.010302559
1.465332e-05
0.010302673
1.5438659e-05
0.010302788
1.6254394e-05
0.010302903
1.7100286e-05
0.010303016
1.7976001e-05
0.010303126
1.8881132e-05
0.010303234
1.9815208e-05
0.010303338
2.0777713e-05
0.010303437
2.1768102e-05
0.010303531
2.2785824e-05
0.01030362
2.3830341e-05
0.010303702
2.4901144e-05
0.010303778
2.5997783e-05
0.010303848
2.7119877e-05
0.010303911
2.8267143e-05
0.010303968
2.9439412e-05
0.010304018
3.0636646e-05
0.010304061
3.185896e-05
0.010304098
3.3106636e-05
0.01030413
3.4380139e-05
0.010304156
3.5680127e-05
0.010304176
3.7007466e-05
0.010304192
3.8363236e-05
0.010304204
3.9748735e-05
0.010304212
4.1165486e-05
0.010304216
4.2615231e-05
0.010304217
4.4099931e-05
0.010304216
4.5621743e-05
0.010304212
4.718305e-05
0.010304206
4.8786404e-05
0.010304199
5.0434518e-05
0.010304191
5.2130262e-05
0.010304182
5.3876646e-05
0.010304172
5.5676793e-05
0.010304162
5.7533919e-05
0.010304152
5.9451313e-05
0.010304141
6.1432325e-05
0.010304131
6.3480356e-05
0.010304121
6.5598841e-05
0.010304111
6.779123e-05
0.010304102
7.0061014e-05
0.010304093
7.2411693e-05
0.010304084
7.484681e-05
0.010304076
7.7369901e-05
0.010304069
7.9984523e-05
0.010304062
8.2694204e-05
0.010304056
8.5502546e-05
0.01030405
8.8413237e-05
0.010304044
9.1430117e-05
0.010304039
9.4557071e-05
0.010304034
9.7797996e-05
0.01030403
0.00010115689
0.010304026
0.00010463794
0.010304022
0.00010824539
0.010304019
0.00011198408
0.010304016
0.00011585796
0.010304013
0.0001198723
0.010304011
0.00012403141
0.010304009
0.0001283417
0.010304007
0.00013280793
0.010304005
0.00013743612
0.010304003
0.00014223085
0.010304002
0.00014720134
0.010304
0.00015235139
0.010303999
0.0001576933
0.010303997
0.00016324587
0.010303994
0.00016898992
0.010303992
0.00017515211
0.010303964
0.00018118196
0.010304004
0.00018948416
0.010303778
0.00019355327
0.010304635
0.00021394191
0.00019377542
0.010880073
4.0468792e-06
0.010880089
4.2749824e-06
0.010880108
4.5172259e-06
0.01088013
4.7744777e-06
0.010880155
5.0476428e-06
0.010880183
5.3376623e-06
0.010880215
5.6455092e-06
0.01088025
5.9721828e-06
0.01088029
6.3187035e-06
0.010880334
6.6861063e-06
0.010880382
7.0754333e-06
0.010880434
7.4877249e-06
0.010880491
7.9240098e-06
0.010880553
8.3852943e-06
0.01088062
8.8725498e-06
0.010880691
9.386701e-06
0.010880768
9.9286131e-06
0.010880848
1.0499079e-05
0.010880933
1.1098806e-05
0.010881022
1.1728406e-05
0.010881114
1.2388386e-05
0.010881209
1.3079136e-05
0.010881306
1.3800927e-05
0.010881406
1.4553907e-05
0.010881506
1.5338097e-05
0.010881607
1.6153399e-05
0.010881708
1.6999597e-05
0.010881808
1.7876371e-05
0.010881906
1.8783303e-05
0.010882001
1.9719899e-05
0.010882093
2.0685602e-05
0.010882181
2.1679811e-05
0.010882265
2.2701908e-05
0.010882344
2.3751273e-05
0.010882418
2.4827314e-05
0.010882486
2.5929487e-05
0.010882549
2.7057322e-05
0.010882606
2.8210443e-05
0.010882656
2.9388593e-05
0.010882701
3.0591655e-05
0.010882741
3.1819669e-05
0.010882774
3.3072851e-05
0.010882803
3.4351611e-05
0.010882827
3.5656563e-05
0.010882846
3.6988534e-05
0.01088286
3.8348578e-05
0.010882871
3.9737977e-05
0.010882878
4.1158242e-05
0.010882882
4.2611115e-05
0.010882884
4.4098561e-05
0.010882883
4.5622748e-05
0.01088288
4.7186068e-05
0.010882875
4.8791097e-05
0.010882869
5.0440572e-05
0.010882862
5.2137387e-05
0.010882854
5.3884577e-05
0.010882845
5.5685293e-05
0.010882836
5.7542779e-05
0.010882827
5.9460354e-05
0.010882818
6.1441394e-05
0.010882809
6.3489324e-05
0.010882801
6.5607606e-05
0.010882792
6.7799712e-05
0.010882784
7.0069151e-05
0.010882776
7.2419441e-05
0.010882769
7.4854136e-05
0.010882762
7.7376785e-05
0.010882756
7.9990955e-05
0.01088275
8.270019e-05
0.010882744
8.55081e-05
0.010882739
8.8418378e-05
0.010882734
9.1434854e-05
0.01088273
9.4561417e-05
0.010882726
9.7801974e-05
0.010882722
0.00010116053
0.010882719
0.00010464125
0.010882716
0.00010824841
0.010882713
0.00011198676
0.010882711
0.00011586041
0.010882709
0.00011987447
0.010882707
0.00012403341
0.010882705
0.00012834341
0.010882703
0.00013280945
0.010882702
0.0001374374
0.010882701
0.00014223207
0.0108827
0.00014720223
0.010882699
0.00015235248
0.010882698
0.0001576941
0.010882697
0.00016324726
0.010882694
0.00016899283
0.010882693
0.00017515337
0.010882668
0.0001812064
0.010882704
0.00018944835
0.01088251
0.00019374741
0.010883253
0.00021319838
0.00019436347
0.011491687
4.0352789e-06
0.0114917
4.2614598e-06
0.011491716
4.5016017e-06
0.011491734
4.7565651e-06
0.011491754
5.0272496e-06
0.011491777
5.3145928e-06
0.011491803
5.6195668e-06
0.011491832
5.9431734e-06
0.011491864
6.2864391e-06
0.0114919
6.6504096e-06
0.011491939
7.0361429e-06
0.011491982
7.444701e-06
0.011492029
7.8771404e-06
0.01149208
8.3345013e-06
0.011492135
8.8177962e-06
0.011492193
9.3279971e-06
0.011492256
9.8660226e-06
0.011492322
1.0432724e-05
0.011492392
1.1028872e-05
0.011492466
1.1655146e-05
0.011492542
1.2312117e-05
0.011492621
1.3000243e-05
0.011492702
1.3719857e-05
0.011492785
1.4471164e-05
0.011492868
1.5254235e-05
0.011492953
1.6069009e-05
0.011493037
1.6915298e-05
0.011493121
1.7792794e-05
0.011493203
1.8701079e-05
0.011493283
1.9639643e-05
0.011493361
2.0607896e-05
0.011493435
2.1605196e-05
0.011493506
2.2630868e-05
0.011493574
2.3684228e-05
0.011493636
2.476461e-05
0.011493694
2.5871395e-05
0.011493748
2.7004033e-05
0.011493796
2.8162069e-05
0.011493839
2.9345171e-05
0.011493878
3.0553151e-05
0.011493912
3.1785985e-05
0.011493941
3.3043831e-05
0.011493965
3.4327051e-05
0.011493986
3.5636216e-05
0.011494002
3.6972124e-05
0.011494015
3.8335804e-05
0.011494024
3.9728521e-05
0.011494031
4.1151779e-05
0.011494034
4.2607316e-05
0.011494036
4.40971e-05
0.011494035
4.5623311e-05
0.011494033
4.7188349e-05
0.011494029
4.8794806e-05
0.011494024
5.0445442e-05
0.011494019
5.2143171e-05
0.011494012
5.389105e-05
0.011494005
5.5692253e-05
0.011493998
5.7550048e-05
0.011493991
5.9467779e-05
0.011493983
6.1448844e-05
0.011493976
6.3496691e-05
0.011493969
6.56148e-05
0.011493962
6.7806666e-05
0.011493955
7.0075812e-05
0.011493949
7.2425771e-05
0.011493943
7.4860107e-05
0.011493937
7.7382379e-05
0.011493932
7.9996163e-05
0.011493927
8.2705017e-05
0.011493923
8.5512558e-05
0.011493918
8.8422481e-05
0.011493915
9.143861e-05
0.011493911
9.4564838e-05
0.011493908
9.7805078e-05
0.011493905
0.00010116333
0.011493903
0.00010464378
0.011493901
0.00010825068
0.011493899
0.00011198875
0.011493897
0.00011586219
0.011493895
0.000119876
0.011493894
0.00012403478
0.011493893
0.00012834454
0.011493892
0.00013281041
0.011493891
0.00013743816
0.01149389
0.00014223275
0.01149389
0.00014720264
0.011493889
0.00015235302
0.011493889
0.00015769441
0.011493888
0.00016324804
0.011493886
0.00016899492
0.011493886
0.00017515402
0.011493865
0.00018122661
0.011493896
0.00018941794
0.011493737
0.0001939061
0.011494352
0.00021258311
0.00019485084
0.01213769
4.0264995e-06
0.0121377
4.2512344e-06
0.012137712
4.4897954e-06
0.012137726
4.7430374e-06
0.012137741
5.0118554e-06
0.012137759
5.2971841e-06
0.012137778
5.599994e-06
0.0121378
5.9212882e-06
0.012137824
6.2620969e-06
0.012137851
6.6234731e-06
0.012137881
7.0064857e-06
0.012137913
7.4122118e-06
0.012137949
7.8417276e-06
0.012137987
8.2960982e-06
0.012138029
8.7763657e-06
0.012138073
9.2835369e-06
0.012138121
9.8185701e-06
0.012138171
1.0382361e-05
0.012138224
1.0975728e-05
0.01213828
1.1599399e-05
0.012138338
1.2253999e-05
0.012138398
1.2940036e-05
0.01213846
1.3657894e-05
0.012138523
1.4407822e-05
0.012138588
1.5189931e-05
0.012138653
1.6004194e-05
0.012138717
1.6850446e-05
0.012138782
1.7728391e-05
0.012138845
1.8637615e-05
0.012138907
1.9577597e-05
0.012138968
2.0547727e-05
0.012139025
2.154733e-05
0.012139081
2.2575691e-05
0.012139133
2.3632076e-05
0.012139182
2.4715764e-05
0.012139227
2.5826075e-05
0.012139269
2.6962399e-05
0.012139306
2.8124218e-05
0.01213934
2.9311142e-05
0.012139371
3.0522925e-05
0.012139397
3.1759492e-05
0.01213942
3.3020956e-05
0.012139439
3.4307638e-05
0.012139456
3.5620079e-05
0.012139469
3.6959049e-05
0.012139479
3.8325558e-05
0.012139487
3.9720859e-05
0.012139492
4.1146448e-05
0.012139495
4.260406e-05
0.012139497
4.4095667e-05
0.012139496
4.5623455e-05
0.012139495
4.7189831e-05
0.012139492
4.8797401e-05
0.012139489
5.0448942e-05
0.012139485
5.2147383e-05
0.01213948
5.3895798e-05
0.012139475
5.569738e-05
0.012139469
5.7555416e-05
0.012139464
5.9473267e-05
0.012139458
6.145435e-05
0.012139453
6.350213e-05
0.012139448
6.5620103e-05
0.012139443
6.7811779e-05
0.012139438
7.0080694e-05
0.012139433
7.2430392e-05
0.012139429
7.4864444e-05
0.012139425
7.7386419e-05
0.012139421
7.9999897e-05
0.012139417
8.270845e-05
0.012139414
8.5515697e-05
0.012139411
8.8425338e-05
0.012139409
9.1441191e-05
0.012139407
9.4567151e-05
0.012139405
9.7807136e-05
0.012139403
0.00010116515
0.012139401
0.00010464537
0.0121394
0.00010825207
0.012139399
0.00011198991
0.012139398
0.00011586317
0.012139397
0.00011987678
0.012139396
0.00012403543
0.012139396
0.00012834499
0.012139395
0.00013281071
0.012139395
0.00013743828
0.012139395
0.0001422328
0.012139395
0.00014720247
0.012139396
0.00015235294
0.012139396
0.00015769415
0.012139396
0.0001632481
0.012139395
0.00016899601
0.012139395
0.00017515395
0.01213938
0.0001812417
0.012139404
0.00018939393
0.012139284
0.00019402557
0.012139754
0.00021211349
0.00019522264
0.012820022
4.0209127e-06
0.012820029
4.244735e-06
0.012820036
4.4822958e-06
0.012820045
4.7344474e-06
0.012820055
5.0020823e-06
0.012820066
5.2861326e-06
0.012820078
5.5875679e-06
0.012820092
5.9073915e-06
0.012820107
6.2466358e-06
0.012820125
6.606358e-06
0.012820143
6.9876335e-06
0.012820164
7.3915486e-06
0.012820187
7.8191916e-06
0.012820211
8.2716427e-06
0.012820237
8.7499624e-06
0.012820266
9.2551794e-06
0.012820296
9.7882769e-06
0.012820328
1.0350178e-05
0.012820362
1.0941732e-05
0.012820398
1.15637e-05
0.012820435
1.2216739e-05
0.012820474
1.2901391e-05
0.012820514
1.3618071e-05
0.012820555
1.436706e-05
0.012820596
1.5148496e-05
0.012820638
1.5962374e-05
0.01282068
1.6808545e-05
0.012820721
1.7686725e-05
0.012820762
1.8596499e-05
0.012820803
1.9537344e-05
0.012820842
2.0508637e-05
0.012820879
2.1509685e-05
0.012820915
2.2539744e-05
0.012820949
2.3598051e-05
0.012820981
2.4683848e-05
0.012821011
2.5796418e-05
0.012821038
2.6935108e-05
0.012821063
2.8099363e-05
0.012821086
2.9288751e-05
0.012821105
3.0502989e-05
0.012821123
3.174197e-05
0.012821138
3.3005775e-05
0.012821151
3.4294701e-05
0.012821162
3.5609264e-05
0.012821171
3.6950219e-05
0.012821178
3.8318563e-05
0.012821183
3.9715541e-05
0.012821187
4.1142641e-05
0.012821189
4.26016e-05
0.012821191
4.4094388e-05
0.012821191
4.56232e-05
0.01282119
4.7190442e-05
0.012821189
4.8798731e-05
0.012821187
5.0450857e-05
0.012821185
5.2149757e-05
0.012821182
5.3898517e-05
0.012821179
5.5700341e-05
0.012821176
5.7558528e-05
0.012821173
5.9476453e-05
0.012821169
6.1457542e-05
0.012821166
6.3505272e-05
0.012821163
6.5623151e-05
0.01282116
6.7814696e-05
0.012821158
7.0083454e-05
0.012821155
7.2432974e-05
0.012821153
7.4866834e-05
0.01282115
7.7388607e-05
0.012821148
8.0001877e-05
0.012821147
8.2710224e-05
0.012821145
8.551727e-05
0.012821144
8.8426716e-05
0.012821143
9.1442378e-05
0.012821142
9.4568152e-05
0.012821141
9.7807958e-05
0.01282114
0.00010116581
0.01282114
0.00010464586
0.012821139
0.00010825241
0.012821139
0.00011199009
0.012821139
0.00011586322
0.012821139
0.00011987668
0.012821139
0.00012403522
0.01282114
0.00012834464
0.01282114
0.00013281025
0.012821141
0.00013743769
0.012821141
0.00014223214
0.012821142
0.00014720164
0.012821143
0.00015235214
0.012821144
0.00015769322
0.012821145
0.00016324734
0.012821145
0.00016899592
0.012821146
0.00017515308
0.012821137
0.00018125065
0.012821153
0.00018937749
0.012821078
0.00019410105
0.01282138
0.00021181069
0.00019546104
0.01354073
0.013540732
0.013540734
0.013540737
0.013540741
0.013540745
0.013540749
0.013540754
0.013540759
0.013540765
0.013540771
0.013540779
0.013540786
0.013540795
0.013540804
0.013540814
0.013540825
0.013540836
0.013540848
0.01354086
0.013540873
0.013540887
0.013540901
0.013540915
0.01354093
0.013540945
0.01354096
0.013540975
0.013540989
0.013541004
0.013541018
0.013541031
0.013541044
0.013541057
0.013541068
0.013541079
0.013541089
0.013541098
0.013541106
0.013541114
0.01354112
0.013541126
0.013541131
0.013541135
0.013541139
0.013541142
0.013541144
0.013541146
0.013541147
0.013541148
0.013541148
0.013541149
0.013541149
0.013541148
0.013541148
0.013541148
0.013541147
0.013541147
0.013541146
0.013541145
0.013541145
0.013541144
0.013541144
0.013541144
0.013541143
0.013541143
0.013541143
0.013541143
0.013541143
0.013541144
0.013541144
0.013541144
0.013541145
0.013541145
0.013541146
0.013541147
0.013541148
0.013541148
0.013541149
0.013541151
0.013541152
0.013541153
0.013541154
0.013541156
0.013541157
0.013541159
0.01354116
0.013541162
0.013541164
0.013541165
0.013541167
0.013541165
0.013541173
0.013541148
0.013541258
)
;

boundaryField
{
    inlet
    {
        type            calculated;
        value           nonuniform List<scalar> 
80
(
-0.00018054859
-0.00019069049
-0.0002014021
-0.00021271541
-0.00022466422
-0.00023728422
-0.00025061312
-0.00026469075
-0.00027955915
-0.00029526275
-0.00031184847
-0.00032936585
-0.00034786723
-0.00036740789
-0.00038804619
-0.00040984381
-0.00043286586
-0.00045718112
-0.00048286223
-0.00050998593
-0.00053863323
-0.00056888973
-0.00060084582
-0.00063459698
-0.00067024402
-0.00070789346
-0.00074765778
-0.00078965575
-0.00083401288
-0.00088086166
-0.00093034207
-0.00098260192
-0.0010377974
-0.0010960933
-0.0011576638
-0.0012226929
-0.0012913749
-0.001363915
-0.0014405298
-0.0015214483
-0.0016069122
-0.0016971768
-0.0017925119
-0.0018932021
-0.0019995484
-0.0021118685
-0.0022304979
-0.0023557909
-0.0024881221
-0.0026278866
-0.0027755021
-0.0029314095
-0.0030960746
-0.0032699894
-0.0034536735
-0.0036476755
-0.0038525751
-0.0040689844
-0.00429755
-0.0045389547
-0.0047939196
-0.0050632065
-0.0053476199
-0.0056480093
-0.0059652725
-0.0063003569
-0.0066542637
-0.0070280502
-0.007422833
-0.0078397915
-0.0082801713
-0.0087452881
-0.0092365314
-0.0097553685
-0.010303349
-0.010882111
-0.011493383
-0.012138991
-0.012820863
-0.013541037
)
;
    }
    outlet
    {
        type            calculated;
        value           nonuniform List<scalar> 
80
(
7.165827e-05
9.5495226e-05
0.00011019858
0.00012302874
0.00013527981
0.00014745522
0.00015983155
0.00017258369
0.00018583652
0.00019968862
0.00021422437
0.00022952048
0.00024564995
0.0002626845
0.00028069628
0.00029975899
0.00031994887
0.00034134541
0.00036403199
0.00038809648
0.0004136318
0.0004407365
0.00046951531
0.00050007975
0.00053254878
0.00056704947
0.00060371775
0.00064269925
0.00068415014
0.00072823817
0.00077514379
0.00082506143
0.00087820093
0.0009347935
0.00099510637
0.0010594386
0.0011281079
0.0012014574
0.0012798642
0.0013637494
0.0014535861
0.0015499002
0.0016532491
0.0017641617
0.0018830275
0.0020099664
0.0021448161
0.0022876073
0.0024392627
0.0026000676
0.0027652514
0.0029295988
0.0030962657
0.0032704084
0.0034541147
0.0036481363
0.0038530578
0.0040694894
0.0042980775
0.0045395048
0.0047944923
0.0050638015
0.0053482367
0.0056486469
0.0059659295
0.0063010314
0.0066549533
0.0070287518
0.0074235426
0.0078405041
0.008280881
0.0087459875
0.0092372117
0.0097560195
0.010303959
0.010882665
0.011493865
0.012139382
0.012821142
0.013541174
)
;
    }
    top
    {
        type            calculated;
        value           nonuniform List<scalar> 
110
(
7.3862922e-06
1.7977512e-05
2.381172e-05
2.5992381e-05
2.5204822e-05
2.2506245e-05
1.8968749e-05
1.536271e-05
1.2108076e-05
9.3671797e-06
7.1546189e-06
5.4162368e-06
4.0746112e-06
3.0516834e-06
4.0190164e-06
4.2425235e-06
4.4797395e-06
4.7315142e-06
4.9987384e-06
5.2823436e-06
5.5832991e-06
5.9026082e-06
6.2413041e-06
6.6004453e-06
6.9811091e-06
7.3843852e-06
7.8113657e-06
8.2631361e-06
8.7407632e-06
9.2452833e-06
9.7776881e-06
1.0338911e-05
1.0929811e-05
1.1551161e-05
1.2203629e-05
1.2887771e-05
1.3604013e-05
1.4352646e-05
1.5133818e-05
1.5947533e-05
1.6793648e-05
1.7671882e-05
1.8581824e-05
1.9522948e-05
2.0494626e-05
2.149616e-05
2.2526798e-05
2.3585763e-05
2.4672287e-05
2.5785638e-05
2.6925149e-05
2.809025e-05
2.9280496e-05
3.0495591e-05
3.1735414e-05
3.3000037e-05
3.4289745e-05
3.5605049e-05
3.6946697e-05
3.831568e-05
3.971324e-05
4.1140866e-05
4.260029e-05
4.4093485e-05
4.5622648e-05
4.7190187e-05
4.879872e-05
5.045104e-05
5.2150091e-05
5.389896e-05
5.5700856e-05
5.7559084e-05
5.947702e-05
6.1458097e-05
6.3505794e-05
6.5623623e-05
6.7815106e-05
7.008379e-05
7.2433229e-05
7.4867002e-05
7.7388684e-05
8.0001861e-05
8.2710112e-05
8.5517065e-05
8.8426418e-05
9.1441989e-05
9.456767e-05
9.7807387e-05
0.00010116515
0.00010464511
0.00010825158
0.00011198917
0.00011586223
0.0001198756
0.00012403407
0.0001283434
0.00013280892
0.00013743628
0.00014223066
0.00014720007
0.00015235053
0.00015769152
0.00016324566
0.00016899442
0.00017515126
0.00018125232
0.00018937
0.00019412635
0.00021170051
0.00019554466
)
;
    }
    upstreamWall
    {
        type            symmetryPlane;
        value           uniform 0;
    }
    plate
    {
        type            calculated;
        value           uniform 0;
    }
    frontAndBack
    {
        type            empty;
    }
}


// ************************************************************************* //
