/*--------------------------------*- C++ -*----------------------------------*\
| =========                 |                                                 |
| \\      /  F ield         | OpenFOAM: The Open Source CFD Toolbox           |
|  \\    /   O peration     | Version:  2512                                  |
|   \\  /    A nd           | Website:  www.openfoam.com                      |
|    \\/     M anipulation  |                                                 |
\*---------------------------------------------------------------------------*/
FoamFile
{
    version     2.0;
    format      ascii;
    arch        "LSB;label=32;scalar=64";
    class       volVectorField;
    location    "0.199986";
    object      U;
}
// * * * * * * * * * * * * * * * * * * * * * * * * * * * * * * * * * * * * * //

dimensions      [0 1 -1 0 0 0 0];

internalField   nonuniform List<vector> 
8800
(
(68.789196 2.7516258e-06 0)
(68.783409 7.2600001e-06 0)
(68.773424 1.4082869e-05 0)
(68.760305 2.3258926e-05 0)
(68.744901 3.5893261e-05 0)
(68.727669 5.3706003e-05 0)
(68.708685 7.951167e-05 0)
(68.688009 0.00011962805 0)
(68.664624 0.00017470965 0)
(68.640148 0.00030620226 0)
(68.604379 0.0002628982 0)
(68.592892 0.0021555785 0)
(68.413707 -0.0078397832 0)
(68.96771 0.050148402 0)
(68.789196 8.3929599e-06 0)
(68.783409 2.2177767e-05 0)
(68.773424 4.3010818e-05 0)
(68.760305 7.1029352e-05 0)
(68.744901 0.00010959427 0)
(68.727669 0.00016393818 0)
(68.708687 0.00024261909 0)
(68.688007 0.00036473021 0)
(68.664648 0.00053304168 0)
(68.639995 0.00092187613 0)
(68.60572 0.00092899371 0)
(68.581064 0.0048974763 0)
(68.521181 -0.0075238183 0)
(68.255586 0.057988347 0)
(68.789196 1.4329338e-05 0)
(68.783409 3.7923905e-05 0)
(68.773424 7.3531576e-05 0)
(68.760305 0.00012142201 0)
(68.744901 0.0001873198 0)
(68.727669 0.00028013592 0)
(68.708689 0.00041446981 0)
(68.688004 0.000622443 0)
(68.66469 0.00091173007 0)
(68.639791 0.0015453659 0)
(68.60698 0.00183327 0)
(68.575796 0.0060390448 0)
(68.525994 0.0015686964 0)
(68.425038 0.050829249 0)
(68.789196 2.0598295e-05 0)
(68.783409 5.4560448e-05 0)
(68.773424 0.0001057755 0)
(68.760305 0.0001746596 0)
(68.744902 0.00026943777 0)
(68.72767 0.00040290246 0)
(68.708692 0.00059610086 0)
(68.688 0.00089448093 0)
(68.664739 0.0013140483 0)
(68.639624 0.0021911992 0)
(68.607766 0.0028272176 0)
(68.574376 0.007543088 0)
(68.523761 0.0062715044 0)
(68.453818 0.051340301 0)
(68.789196 2.7216676e-05 0)
(68.783409 7.213411e-05 0)
(68.773425 0.00013983254 0)
(68.760306 0.00023088955 0)
(68.744902 0.00035617181 0)
(68.727671 0.00053255918 0)
(68.708697 0.00078797528 0)
(68.687999 0.0011814484 0)
(68.664788 0.0017404299 0)
(68.639525 0.0028658723 0)
(68.608194 0.0038812399 0)
(68.574282 0.0092841686 0)
(68.523553 0.010333919 0)
(68.461779 0.054107941 0)
(68.789196 3.4200935e-05 0)
(68.783409 9.0695384e-05 0)
(68.773425 0.00017579871 0)
(68.760306 0.00029026902 0)
(68.744904 0.00044776087 0)
(68.727673 0.00066945235 0)
(68.708703 0.00099058994 0)
(68.688 0.0014840625 0)
(68.664834 0.0021913916 0)
(68.639489 0.003573433 0)
(68.608457 0.0049950968 0)
(68.574488 0.01111754 0)
(68.524873 0.014430016 0)
(68.467485 0.057305959 0)
(68.789196 4.1569963e-05 0)
(68.783409 0.00011029954 0)
(68.773425 0.00021377961 0)
(68.760307 0.00035297155 0)
(68.744905 0.00054447133 0)
(68.727675 0.00081397493 0)
(68.70871 0.0012045157 0)
(68.688005 0.0018032008 0)
(68.664877 0.0026678169 0)
(68.639498 0.0043167293 0)
(68.608684 0.0061708894 0)
(68.574753 0.013015617 0)
(68.526857 0.01860421 0)
(68.473057 0.060353305 0)
(68.789196 4.9344229e-05 0)
(68.783409 0.00013100539 0)
(68.773425 0.00025388788 0)
(68.760308 0.00041918242 0)
(68.744907 0.00064658796 0)
(68.727678 0.00096654907 0)
(68.708718 0.0014303645 0)
(68.688015 0.002139802 0)
(68.664921 0.0031708192 0)
(68.639537 0.0050978505 0)
(68.608931 0.0074107582 0)
(68.575076 0.014983427 0)
(68.529106 0.022771007 0)
(68.478791 0.063339972 0)
(68.789196 5.7545127e-05 0)
(68.783409 0.00015287498 0)
(68.773426 0.00029624215 0)
(68.760308 0.00048909667 0)
(68.744909 0.00075441011 0)
(68.727682 0.0011276183 0)
(68.708728 0.0016687766 0)
(68.688029 0.002494825 0)
(68.664968 0.0037016343 0)
(68.639598 0.0059185694 0)
(68.609218 0.0087170113 0)
(68.575499 0.017021325 0)
(68.531492 0.026898139 0)
(68.484607 0.066312065 0)
(68.789196 6.6194932e-05 0)
(68.78341 0.00017597376 0)
(68.773426 0.00034096735 0)
(68.76031 0.00056291962 0)
(68.744911 0.00086825249 0)
(68.727686 0.0012976484 0)
(68.708739 0.0019204239 0)
(68.688048 0.0028692487 0)
(68.665023 0.0042615876 0)
(68.63968 0.0067806183 0)
(68.60955 0.01009127 0)
(68.576047 0.01912845 0)
(68.534011 0.030971073 0)
(68.490495 0.069261115 0)
(68.789196 7.5316868e-05 0)
(68.78341 0.00020037085 0)
(68.773427 0.00038819519 0)
(68.760311 0.00064086762 0)
(68.744914 0.00098844648 0)
(68.727692 0.001477129 0)
(68.708752 0.0021860131 0)
(68.688072 0.0032640829 0)
(68.665087 0.00485208 0)
(68.639784 0.0076857075 0)
(68.609928 0.011534407 0)
(68.576731 0.021303922 0)
(68.536657 0.034975313 0)
(68.496412 0.072168075 0)
(68.789196 8.493515e-05 0)
(68.78341 0.00022613928 0)
(68.773428 0.00043806458 0)
(68.760313 0.00072316879 0)
(68.744918 0.0011153411 0)
(68.727699 0.0016665753 0)
(68.708768 0.0024662875 0)
(68.688101 0.0036803749 0)
(68.665161 0.005474569 0)
(68.639913 0.008635573 0)
(68.610358 0.013046782 0)
(68.577563 0.023546051 0)
(68.539445 0.038895452 0)
(68.502372 0.075015776 0)
(68.789196 9.5074993e-05 0)
(68.78341 0.00025335621 0)
(68.773429 0.00049072201 0)
(68.760315 0.00081006356 0)
(68.744922 0.001249304 0)
(68.727707 0.0018665286 0)
(68.708786 0.0027620278 0)
(68.688136 0.0041192132 0)
(68.665247 0.0061305539 0)
(68.640069 0.0096319329 0)
(68.610843 0.014628252 0)
(68.578545 0.025851821 0)
(68.542368 0.042717121 0)
(68.508346 0.077788706 0)
(68.789196 0.00010576262 0)
(68.783411 0.00028210316 0)
(68.77343 0.0005463219 0)
(68.760317 0.00090180526 0)
(68.744927 0.0013907223 0)
(68.727717 0.0020775577 0)
(68.708808 0.0030740529 0)
(68.688177 0.0045817271 0)
(68.665348 0.006821568 0)
(68.640258 0.010676459 0)
(68.611392 0.016278157 0)
(68.579686 0.028216895 0)
(68.545438 0.046427251 0)
(68.514346 0.080470873 0)
(68.789196 0.00011702524 0)
(68.783411 0.00031246623 0)
(68.773431 0.00060502709 0)
(68.76032 0.00099866085 0)
(68.744933 0.0015400037 0)
(68.727729 0.0023002598 0)
(68.708833 0.0034032212 0)
(68.688226 0.0050690883 0)
(68.665463 0.0075491604 0)
(68.640481 0.01177075 0)
(68.612006 0.017995228 0)
(68.580984 0.030635596 0)
(68.548648 0.050014295 0)
(68.520348 0.083046153 0)
(68.789196 0.00012889109 0)
(68.783411 0.00034453645 0)
(68.773432 0.00066700924 0)
(68.760323 0.0011009115 0)
(68.74494 0.0016975774 0)
(68.727743 0.0025352616 0)
(68.708861 0.0037504304 0)
(68.688283 0.0055825109 0)
(68.665596 0.0083148785 0)
(68.640744 0.012916315 0)
(68.612697 0.019777538 0)
(68.582449 0.033100832 0)
(68.552005 0.053468203 0)
(68.52636 0.085498918 0)
(68.789196 0.00014138935 0)
(68.783412 0.00037840994 0)
(68.773434 0.00073244931 0)
(68.760327 0.0012088534 0)
(68.744948 0.0018638955 0)
(68.727759 0.0027832214 0)
(68.708895 0.0041166179 0)
(68.68835 0.0061232507 0)
(68.665749 0.0091202523 0)
(68.64105 0.014114499 0)
(68.613466 0.021622498 0)
(68.584076 0.035604197 0)
(68.555501 0.056780516 0)
(68.532364 0.087815044 0)
(68.789196 0.00015455022 0)
(68.783412 0.00041418832 0)
(68.773436 0.00080153806 0)
(68.760331 0.0013227984 0)
(68.744957 0.0020394331 0)
(68.727777 0.0030448296 0)
(68.708934 0.0045027602 0)
(68.688427 0.0066926018 0)
(68.665923 0.0099667802 0)
(68.641404 0.015366425 0)
(68.614324 0.02352678 0)
(68.585872 0.038136007 0)
(68.559138 0.059944266 0)
(68.538362 0.089981866 0)
(68.789196 0.00016840479 0)
(68.783413 0.00045197896 0)
(68.773438 0.00087447654 0)
(68.760336 0.001443075 0)
(68.744967 0.0022246903 0)
(68.727798 0.003320811 0)
(68.708978 0.0049098735 0)
(68.688516 0.0072918919 0)
(68.666122 0.010855906 0)
(68.64181 0.016672944 0)
(68.615273 0.025486182 0)
(68.587832 0.04068574 0)
(68.562908 0.062954115 0)
(68.544343 0.091988727 0)
(68.789196 0.00018298512 0)
(68.783414 0.00049189535 0)
(68.773441 0.00095147655 0)
(68.760342 0.0015700291 0)
(68.744979 0.0024201925 0)
(68.727823 0.003611925 0)
(68.709029 0.0053390136 0)
(68.688619 0.0079224749 0)
(68.666347 0.011789002 0)
(68.642274 0.018034559 0)
(68.616324 0.027495596 0)
(68.589959 0.043242096 0)
(68.566809 0.06580618 0)
(68.550305 0.093827012 0)
(68.789196 0.00019832412 0)
(68.783414 0.00053405745 0)
(68.773444 0.0010327611 0)
(68.760349 0.0017040247 0)
(68.744993 0.0026264922 0)
(68.727851 0.0039189664 0)
(68.709087 0.0057912758 0)
(68.688736 0.0085857185 0)
(68.666603 0.012767344 0)
(68.642799 0.01945133 0)
(68.617478 0.029549289 0)
(68.592246 0.045792949 0)
(68.57083 0.06849762 0)
(68.55624 0.095490918 0)
(68.789196 0.00021445558 0)
(68.783415 0.00057859209 0)
(68.773447 0.0011185648 0)
(68.760356 0.0018454438 0)
(68.745009 0.0028441719 0)
(68.727883 0.0042427657 0)
(68.709153 0.0062677944 0)
(68.688871 0.0092829926 0)
(68.666892 0.013792056 0)
(68.643393 0.020922844 0)
(68.618745 0.031640943 0)
(68.594693 0.048325508 0)
(68.574965 0.071026464 0)
(68.562143 0.096977369 0)
(68.789196 0.0002314141 0)
(68.783416 0.0006256333 0)
(68.773451 0.0012091331 0)
(68.760365 0.0019946885 0)
(68.745027 0.0030738465 0)
(68.72792 0.0045841901 0)
(68.709229 0.0067697336 0)
(68.689024 0.010015682 0)
(68.667217 0.014863932 0)
(68.644057 0.022448402 0)
(68.620127 0.033763824 0)
(68.597293 0.050826524 0)
(68.579203 0.073391493 0)
(68.568009 0.098285759 0)
(68.789196 0.00024923516 0)
(68.783418 0.00067532348 0)
(68.773455 0.0013047186 0)
(68.760375 0.0021521924 0)
(68.745048 0.0033161521 0)
(68.727961 0.0049441561 0)
(68.709314 0.0072982549 0)
(68.689197 0.010785232 0)
(68.667583 0.015983558 0)
(68.644801 0.024026642 0)
(68.621631 0.03591059 0)
(68.600043 0.053282808 0)
(68.583534 0.075592227 0)
(68.57383 0.099417778 0)
(68.789196 0.00026795496 0)
(68.783419 0.00072781667 0)
(68.77346 0.0014055733 0)
(68.760386 0.0023184505 0)
(68.745071 0.0035717011 0)
(68.728009 0.0053236742 0)
(68.709411 0.0078544737 0)
(68.689394 0.011593087 0)
(68.667993 0.01715155 0)
(68.645625 0.025655047 0)
(68.623256 0.038073004 0)
(68.602934 0.055681894 0)
(68.587945 0.077629141 0)
(68.579601 0.10037728 0)
(68.789195 0.00028761037 0)
(68.783421 0.00078328271 0)
(68.773466 0.0015119524 0)
(68.760399 0.0024939967 0)
(68.745097 0.0038411096 0)
(68.728063 0.0057238233 0)
(68.709521 0.008439541 0)
(68.689616 0.012440489 0)
(68.668452 0.0183683 0)
(68.646539 0.027330368 0)
(68.62501 0.040242259 0)
(68.605962 0.058012047 0)
(68.592425 0.079503389 0)
(68.585314 0.10116992 0)
(68.789195 0.00030823903 0)
(68.783422 0.00084189837 0)
(68.773472 0.0016241541 0)
(68.760413 0.0026793229 0)
(68.745128 0.0041251121 0)
(68.728124 0.0061456244 0)
(68.709646 0.009054696 0)
(68.689867 0.013328544 0)
(68.668963 0.019633654 0)
(68.647543 0.029048863 0)
(68.62689 0.042409275 0)
(68.609116 0.060262429 0)
(68.596961 0.081216778 0)
(68.590964 0.10180277 0)
(68.789195 0.00032987958 0)
(68.783425 0.00090383689 0)
(68.773479 0.0017425352 0)
(68.76043 0.0028748877 0)
(68.745162 0.0044245463 0)
(68.728193 0.0065900263 0)
(68.709786 0.0097012582 0)
(68.690148 0.01425838 0)
(68.669532 0.020946874 0)
(68.648645 0.03080602 0)
(68.6289 0.044564669 0)
(68.61239 0.062423259 0)
(68.601541 0.082771845 0)
(68.596545 0.10228411 0)
(68.789195 0.00035257165 0)
(68.783427 0.00096927593 0)
(68.773487 0.001867465 0)
(68.760448 0.0030811968 0)
(68.7452 0.0047402549 0)
(68.728271 0.0070580302 0)
(68.709943 0.010380555 0)
(68.690464 0.015230937 0)
(68.670161 0.022306929 0)
(68.649847 0.032596677 0)
(68.631036 0.04669884 0)
(68.615773 0.06448591 0)
(68.606151 0.084171785 0)
(68.602049 0.10262303 0)
(68.789195 0.00037635578 0)
(68.78343 0.0010384061 0)
(68.773497 0.0019993065 0)
(68.760469 0.0032988204 0)
(68.745244 0.0050730754 0)
(68.728359 0.0075507268 0)
(68.710121 0.011093816 0)
(68.690817 0.01624681 0)
(68.670858 0.023712558 0)
(68.651153 0.034415168 0)
(68.633299 0.048802161 0)
(68.619256 0.066443019 0)
(68.610781 0.085420497 0)
(68.607472 0.10282911 0)
(68.789195 0.00040127359 0)
(68.783433 0.0011114321 0)
(68.773507 0.0021384331 0)
(68.760493 0.0035283613 0)
(68.745293 0.00542387 0)
(68.728458 0.0080692364 0)
(68.71032 0.011842206 0)
(68.69121 0.017306389 0)
(68.671624 0.025161914 0)
(68.652566 0.036255123 0)
(68.635685 0.050865291 0)
(68.622828 0.068288662 0)
(68.615418 0.086522649 0)
(68.612807 0.10291217 0)
(68.789195 0.00042736804 0)
(68.783436 0.001188571 0)
(68.773519 0.0022852376 0)
(68.76052 0.003770446 0)
(68.745349 0.0057935298 0)
(68.72857 0.0086146898 0)
(68.710543 0.012626808 0)
(68.691648 0.018409903 0)
(68.672466 0.026652496 0)
(68.654088 0.038109343 0)
(68.638191 0.052879447 0)
(68.62648 0.070018448 0)
(68.62005 0.087483721 0)
(68.618051 0.10288337 0)
(68.789195 0.00045468364 0)
(68.78344 0.0012700522 0)
(68.773533 0.0024401332 0)
(68.76055 0.0040257263 0)
(68.745411 0.0061829721 0)
(68.728695 0.0091882238 0)
(68.710792 0.01344861 0)
(68.692134 0.019557274 0)
(68.673386 0.028181226 0)
(68.655721 0.039970305 0)
(68.640812 0.05483624 0)
(68.6302 0.071629352 0)
(68.624668 0.088309574 0)
(68.623198 0.1027542 0)
(68.789195 0.00048326669 0)
(68.783444 0.0013561166 0)
(68.773548 0.0026035532 0)
(68.760584 0.0042948823 0)
(68.745481 0.0065931349 0)
(68.728836 0.0097909637 0)
(68.71107 0.01430852 0)
(68.692672 0.020747799 0)
(68.674391 0.029744772 0)
(68.657465 0.041830097 0)
(68.643542 0.056728077 0)
(68.633978 0.073119689 0)
(68.629263 0.089006274 0)
(68.628246 0.10253403 0)
(68.789195 0.00051316546 0)
(68.783449 0.0014470163 0)
(68.773565 0.0027759481 0)
(68.760623 0.0045786233 0)
(68.74556 0.0070249799 0)
(68.728993 0.010423961 0)
(68.71138 0.01520739 0)
(68.693266 0.021980429 0)
(68.675481 0.031339146 0)
(68.65932 0.043680805 0)
(68.646374 0.058547966 0)
(68.637802 0.074489047 0)
(68.633824 0.089580941 0)
(68.633193 0.10223134 0)
(68.789195 0.00054443059 0)
(68.783455 0.0015430088 0)
(68.773584 0.0029577938 0)
(68.760666 0.0048776684 0)
(68.745649 0.0074795335 0)
(68.729169 0.011088119 0)
(68.711724 0.016146011 0)
(68.693919 0.023254273 0)
(68.676663 0.032959279 0)
(68.661285 0.045514564 0)
(68.649301 0.060289439 0)
(68.641663 0.075738179 0)
(68.638347 0.090041448 0)
(68.638038 0.10185555 0)
(68.789195 0.00057711654 0)
(68.783461 0.0016443414 0)
(68.773605 0.0031496503 0)
(68.760714 0.0051926664 0)
(68.745748 0.007957939 0)
(68.729366 0.011784477 0)
(68.712107 0.017124724 0)
(68.694637 0.024567861 0)
(68.677936 0.034599612 0)
(68.663359 0.047323271 0)
(68.652316 0.0619472 0)
(68.64555 0.076869054 0)
(68.642822 0.090395719 0)
(68.642779 0.10141641 0)
(68.789195 0.00061128212 0)
(68.783468 0.0017512692 0)
(68.77363 0.0033521609 0)
(68.760769 0.0055242736 0)
(68.74586 0.0084612044 0)
(68.729586 0.012514138 0)
(68.71253 0.018143474 0)
(68.695422 0.025918991 0)
(68.679306 0.036254357 0)
(68.665539 0.049099172 0)
(68.65541 0.063517104 0)
(68.649455 0.077884703 0)
(68.647245 0.090651849 0)
(68.647418 0.10092293 0)
(68.789195 0.00064698758 0)
(68.783477 0.0018641119 0)
(68.773657 0.0035658644 0)
(68.76083 0.0058733251 0)
(68.745984 0.0089902711 0)
(68.72983 0.01327786 0)
(68.712998 0.019202054 0)
(68.696278 0.02730505 0)
(68.680772 0.037917468 0)
(68.667821 0.05083487 0)
(68.658575 0.064995997 0)
(68.653366 0.078788982 0)
(68.65161 0.090817969 0)
(68.651956 0.10038349 0)
(68.789195 0.0006842965 0)
(68.783486 0.00198322 0)
(68.773688 0.0037912092 0)
(68.760898 0.0062407425 0)
(68.746123 0.0095461873 0)
(68.730102 0.014076294 0)
(68.713513 0.020299986 0)
(68.697209 0.028722859 0)
(68.682337 0.03958254 0)
(68.670201 0.052523398 0)
(68.661802 0.066381745 0)
(68.657277 0.079586501 0)
(68.655914 0.090902216 0)
(68.656394 0.099805865 0)
(68.789196 0.00072327917 0)
(68.783496 0.0021089214 0)
(68.773722 0.0040287233 0)
(68.760975 0.0066274075 0)
(68.746279 0.010129853 0)
(68.730404 0.014910157 0)
(68.71408 0.021436602 0)
(68.698219 0.030168725 0)
(68.684 0.041242926 0)
(68.672674 0.054158332 0)
(68.665083 0.067673191 0)
(68.66118 0.080282464 0)
(68.660155 0.090912765 0)
(68.660736 0.09919719 0)
(68.789196 0.00076401083 0)
(68.783508 0.0022415453 0)
(68.77376 0.004278998 0)
(68.761061 0.0070341544 0)
(68.746452 0.010742091 0)
(68.730739 0.015780039 0)
(68.714702 0.022610714 0)
(68.69931 0.031638587 0)
(68.685761 0.042891949 0)
(68.675236 0.055733985 0)
(68.668408 0.068870177 0)
(68.665068 0.080882491 0)
(68.664331 0.09085735 0)
(68.664983 0.098564113 0)
(68.789196 0.00080657154 0)
(68.783521 0.0023814302 0)
(68.773803 0.0045426487 0)
(68.761157 0.0074618118 0)
(68.746645 0.011383646 0)
(68.73111 0.016686362 0)
(68.715383 0.023820645 0)
(68.700484 0.033128 0)
(68.687619 0.044522974 0)
(68.677879 0.057245445 0)
(68.67177 0.069973422 0)
(68.668934 0.081392539 0)
(68.66844 0.090742851 0)
(68.669141 0.097912315 0)
(68.789197 0.0008510475 0)
(68.783536 0.00252892 0)
(68.773852 0.0048202914 0)
(68.761264 0.0079112362 0)
(68.74686 0.012055145 0)
(68.731518 0.017629301 0)
(68.716126 0.025064528 0)
(68.701745 0.034632021 0)
(68.689572 0.04612943 0)
(68.680597 0.058688548 0)
(68.67516 0.070984442 0)
(68.672775 0.081818494 0)
(68.672482 0.090577133 0)
(68.673212 0.097247447 0)
(68.789198 0.00089753129 0)
(68.783553 0.0026843741 0)
(68.773906 0.0051124602 0)
(68.761384 0.0083833629 0)
(68.747098 0.012757364 0)
(68.731969 0.018608573 0)
(68.716934 0.026339991 0)
(68.703093 0.036145282 0)
(68.691618 0.047704959 0)
(68.683384 0.06005996 0)
(68.678571 0.071905464 0)
(68.676584 0.082166534 0)
(68.676458 0.09036679 0)
(68.677201 0.096574126 0)
(68.789199 0.00094611966 0)
(68.783572 0.0028481942 0)
(68.773966 0.0054196572 0)
(68.761517 0.0088790633 0)
(68.747362 0.013491076 0)
(68.732465 0.019623531 0)
(68.717811 0.027644134 0)
(68.70453 0.037662181 0)
(68.693754 0.049243564 0)
(68.686233 0.061357208 0)
(68.681996 0.072739312 0)
(68.68036 0.082443028 0)
(68.680368 0.090116945 0)
(68.681112 0.095895807 0)
(68.7892 0.00099690997 0)
(68.783594 0.0030208271 0)
(68.774034 0.0057424915 0)
(68.761666 0.0093989737 0)
(68.747655 0.014256707 0)
(68.733008 0.020673292 0)
(68.718759 0.028973704 0)
(68.706056 0.03917699 0)
(68.695975 0.050739695 0)
(68.689137 0.062578632 0)
(68.685428 0.073489323 0)
(68.684099 0.082653889 0)
(68.684215 0.089833288 0)
(68.684948 0.095215962 0)
(68.789201 0.0010500097 0)
(68.783618 0.0032026409 0)
(68.774109 0.0060816734 0)
(68.761831 0.0099437581 0)
(68.747979 0.01505443 0)
(68.733603 0.021756656 0)
(68.719782 0.030325016 0)
(68.707671 0.040683848 0)
(68.698278 0.052188278 0)
(68.692089 0.063723331 0)
(68.688862 0.074159196 0)
(68.687799 0.082804869 0)
(68.688 0.089520799 0)
(68.688715 0.094537294 0)
(68.789203 0.0011055365 0)
(68.783645 0.0033939246 0)
(68.774193 0.0064379087 0)
(68.762015 0.010514136 0)
(68.748336 0.015884274 0)
(68.734253 0.022872076 0)
(68.720882 0.031693975 0)
(68.709374 0.042176861 0)
(68.700658 0.053584791 0)
(68.695083 0.064791118 0)
(68.692292 0.074752907 0)
(68.691458 0.082901412 0)
(68.691724 0.089183868 0)
(68.692415 0.093862025 0)
(68.789205 0.0011636066 0)
(68.783675 0.0035950104 0)
(68.774287 0.0068118195 0)
(68.762219 0.011110666 0)
(68.74873 0.016746096 0)
(68.73496 0.024017627 0)
(68.722061 0.03307613 0)
(68.711165 0.043650227 0)
(68.703109 0.054925346 0)
(68.69811 0.065782485 0)
(68.695713 0.075274627 0)
(68.695076 0.082948599 0)
(68.69539 0.08882641 0)
(68.696054 0.093192016 0)
(68.789207 0.0012243375 0)
(68.78371 0.0038062519 0)
(68.774391 0.0072039584 0)
(68.762445 0.01173375 0)
(68.749163 0.017639572 0)
(68.735729 0.025190992 0)
(68.72332 0.034466703 0)
(68.71304 0.045098289 0)
(68.705627 0.056206676 0)
(68.701166 0.066698491 0)
(68.699121 0.075728666 0)
(68.698651 0.082951189 0)
(68.699 0.088451717 0)
(68.699634 0.092528619 0)
(68.78921 0.0012878496 0)
(68.783748 0.004027991 0)
(68.774508 0.0076148428 0)
(68.762695 0.012383543 0)
(68.749638 0.018564201 0)
(68.736561 0.026389489 0)
(68.72466 0.035860688 0)
(68.714999 0.046515642 0)
(68.708205 0.057426165 0)
(68.704244 0.067540715 0)
(68.702513 0.076119152 0)
(68.702184 0.082914114 0)
(68.702557 0.088062668 0)
(68.70316 0.091872376 0)
(68.789214 0.0013542612 0)
(68.783791 0.0042605455 0)
(68.774637 0.0080449499 0)
(68.762971 0.013060062 0)
(68.750158 0.019519114 0)
(68.73746 0.027610037 0)
(68.726083 0.0372529 0)
(68.717037 0.047897217 0)
(68.710838 0.05858185 0)
(68.707339 0.068311153 0)
(68.705886 0.076450245 0)
(68.705674 0.08284133 0)
(68.706062 0.087661928 0)
(68.706633 0.091224263 0)
(68.789218 0.0014236941 0)
(68.78384 0.0045041393 0)
(68.774781 0.0084947293 0)
(68.763277 0.013763393 0)
(68.750726 0.020502929 0)
(68.738428 0.028849081 0)
(68.727588 0.03863799 0)
(68.719151 0.049238317 0)
(68.713519 0.059672383 0)
(68.710445 0.069012133 0)
(68.709236 0.076726142 0)
(68.709122 0.082736071 0)
(68.709517 0.087251825 0)
(68.710056 0.090585384 0)
(68.789223 0.0014962691 0)
(68.783894 0.00475894 0)
(68.77494 0.0089645539 0)
(68.763613 0.014493459 0)
(68.751345 0.02151386 0)
(68.739468 0.030102692 0)
(68.729175 0.040010581 0)
(68.721338 0.050534704 0)
(68.716244 0.060697015 0)
(68.713556 0.069646285 0)
(68.712563 0.076950926 0)
(68.712528 0.082601741 0)
(68.712924 0.086834088 0)
(68.713433 0.089955913 0)
(68.789228 0.0015720938 0)
(68.783954 0.0050251495 0)
(68.775116 0.0094546136 0)
(68.763982 0.015249817 0)
(68.752019 0.022549802 0)
(68.74058 0.031366653 0)
(68.730842 0.041365359 0)
(68.723592 0.051782637 0)
(68.719006 0.061655556 0)
(68.71667 0.070216451 0)
(68.715863 0.077128453 0)
(68.715893 0.082441554 0)
(68.716286 0.086410249 0)
(68.716765 0.089335914 0)
(68.789235 0.0016512638 0)
(68.784022 0.0053029729 0)
(68.775312 0.009964924 0)
(68.764388 0.016031683 0)
(68.752749 0.023608293 0)
(68.741768 0.03263645 0)
(68.732588 0.042697112 0)
(68.725909 0.052978892 0)
(68.7218 0.062548314 0)
(68.719781 0.070725641 0)
(68.719136 0.077262178 0)
(68.719218 0.08225862 0)
(68.719604 0.085982018 0)
(68.720054 0.08872563 0)
(68.789242 0.0017338603 0)
(68.784097 0.0055925611 0)
(68.775527 0.010495339 0)
(68.764833 0.016837954 0)
(68.753539 0.024686467 0)
(68.743031 0.0339073 0)
(68.734412 0.044000807 0)
(68.728285 0.054120776 0)
(68.72462 0.063376064 0)
(68.722886 0.071176954 0)
(68.72238 0.077355719 0)
(68.722504 0.082055402 0)
(68.72288 0.085550627 0)
(68.723301 0.088125261 0)
(68.789251 0.0018199513 0)
(68.784181 0.0058939446 0)
(68.775765 0.011045519 0)
(68.765318 0.017667243 0)
(68.754391 0.025781076 0)
(68.744371 0.035174231 0)
(68.73631 0.045271672 0)
(68.730714 0.055206152 0)
(68.727461 0.064140001 0)
(68.725982 0.07157357 0)
(68.725595 0.077412507 0)
(68.72575 0.081834217 0)
(68.726114 0.085117218 0)
(68.726509 0.087535015 0)
(68.789261 0.0019095827 0)
(68.784275 0.0062070194 0)
(68.776027 0.011614904 0)
(68.765848 0.018517859 0)
(68.755307 0.026888481 0)
(68.745787 0.036432122 0)
(68.738279 0.046505243 0)
(68.733191 0.056233414 0)
(68.730318 0.06484166 0)
(68.729066 0.071918709 0)
(68.728779 0.077435605 0)
(68.728958 0.081597392 0)
(68.729309 0.084683055 0)
(68.729678 0.086955191 0)
(68.789272 0.002002765 0)
(68.784378 0.0065315649 0)
(68.776315 0.012202616 0)
(68.766424 0.019387785 0)
(68.75629 0.028004687 0)
(68.74728 0.03767579 0)
(68.740317 0.047697421 0)
(68.735712 0.057201482 0)
(68.733187 0.065482898 0)
(68.732135 0.072215581 0)
(68.731933 0.077428121 0)
(68.732129 0.08134707 0)
(68.732465 0.08424925 0)
(68.73281 0.086386086 0)
(68.789284 0.0020994672 0)
(68.784493 0.0068672254 0)
(68.776631 0.012807465 0)
(68.76705 0.020274593 0)
(68.757341 0.029125354 0)
(68.748848 0.038900055 0)
(68.742419 0.048844518 0)
(68.738271 0.058109774 0)
(68.736064 0.066065837 0)
(68.735188 0.072467381 0)
(68.735057 0.077393033 0)
(68.735264 0.081085316 0)
(68.735584 0.083816916 0)
(68.735905 0.085828077 0)
(68.789299 0.0021995973 0)
(68.784621 0.0072134756 0)
(68.776977 0.013428035 0)
(68.767727 0.021175333 0)
(68.758462 0.030245784 0)
(68.75049 0.040099785 0)
(68.744582 0.049943279 0)
(68.740863 0.058958179 0)
(68.738945 0.066592817 0)
(68.738222 0.072677342 0)
(68.738149 0.077333112 0)
(68.738363 0.080814107 0)
(68.738667 0.083387256 0)
(68.738966 0.085281725 0)
(68.789315 0.0023030098 0)
(68.784762 0.0075696334 0)
(68.777355 0.014062589 0)
(68.768459 0.022086491 0)
(68.759654 0.031360937 0)
(68.752205 0.041269949 0)
(68.746801 0.050990899 0)
(68.743484 0.059747016 0)
(68.741826 0.067066368 0)
(68.741236 0.072848622 0)
(68.741211 0.077251193 0)
(68.741427 0.080535427 0)
(68.741714 0.082961429 0)
(68.741992 0.084747591 0)
(68.789333 0.0024095084 0)
(68.784917 0.007934771 0)
(68.777768 0.014708943 0)
(68.769246 0.023004088 0)
(68.760917 0.032465527 0)
(68.753992 0.042405697 0)
(68.749073 0.05198503 0)
(68.74613 0.060477001 0)
(68.744705 0.067489172 0)
(68.74423 0.072984376 0)
(68.744243 0.077149983 0)
(68.744458 0.080251235 0)
(68.744728 0.082540707 0)
(68.744985 0.084226427 0)
(68.789353 0.00251881 0)
(68.785088 0.0083076371 0)
(68.778217 0.015364463 0)
(68.770093 0.023923746 0)
(68.762252 0.033554087 0)
(68.755847 0.043502409 0)
(68.751394 0.052923784 0)
(68.748796 0.061149209 0)
(68.74758 0.067864031 0)
(68.747202 0.073087774 0)
(68.747245 0.077032042 0)
(68.747456 0.07996348 0)
(68.74771 0.082126524 0)
(68.747947 0.083719231 0)
(68.789376 0.0026305279 0)
(68.785275 0.0086866728 0)
(68.778704 0.016026044 0)
(68.770999 0.024840608 0)
(68.76366 0.034620949 0)
(68.757768 0.044555688 0)
(68.75376 0.053805694 0)
(68.75148 0.061765013 0)
(68.750448 0.068193842 0)
(68.750154 0.073161921 0)
(68.750219 0.076900056 0)
(68.750424 0.07967419 0)
(68.75066 0.081720326 0)
(68.750879 0.083227029 0)
(68.789401 0.002744159 0)
(68.78548 0.0090699746 0)
(68.779232 0.016690042 0)
(68.771968 0.025749312 0)
(68.765139 0.035660284 0)
(68.759754 0.045561401 0)
(68.756168 0.054629704 0)
(68.754178 0.06232606 0)
(68.75331 0.068481584 0)
(68.753085 0.073209919 0)
(68.753167 0.07675669 0)
(68.753363 0.079385455 0)
(68.753582 0.081323716 0)
(68.753783 0.082751071 0)
(68.789429 0.0028590645 0)
(68.785705 0.009455245 0)
(68.779803 0.017352237 0)
(68.773001 0.026643987 0)
(68.766691 0.036666133 0)
(68.761801 0.046515676 0)
(68.758614 0.055395119 0)
(68.75689 0.062834211 0)
(68.756164 0.068730289 0)
(68.755997 0.073234858 0)
(68.756089 0.076604628 0)
(68.756276 0.079099462 0)
(68.756478 0.080938458 0)
(68.756661 0.082292801 0)
(68.78946 0.0029744524 0)
(68.78595 0.0098397082 0)
(68.780418 0.018007803 0)
(68.774099 0.027518257 0)
(68.768314 0.037632421 0)
(68.763909 0.047414886 0)
(68.761096 0.056101554 0)
(68.759612 0.063291495 0)
(68.759011 0.068943024 0)
(68.758891 0.073239853 0)
(68.75899 0.076446602 0)
(68.759165 0.078818508 0)
(68.75935 0.080566486 0)
(68.759516 0.081853885 0)
(68.789494 0.0030893572 0)
(68.786216 0.010220055 0)
(68.781079 0.018651244 0)
(68.775264 0.028365226 0)
(68.770009 0.038552957 0)
(68.766074 0.048255612 0)
(68.763613 0.056748871 0)
(68.762347 0.063700065 0)
(68.761853 0.069122867 0)
(68.761771 0.073228049 0)
(68.761872 0.076285428 0)
(68.762034 0.078545029 0)
(68.762202 0.080209934 0)
(68.762351 0.081436234 0)
(68.789531 0.0032026067 0)
(68.786504 0.010592454 0)
(68.781788 0.019276289 0)
(68.776496 0.029177407 0)
(68.771775 0.03942138 0)
(68.768298 0.049034568 0)
(68.766165 0.057337097 0)
(68.765094 0.064062135 0)
(68.764693 0.069272913 0)
(68.764641 0.0732026 0)
(68.76474 0.076124007 0)
(68.764889 0.07828164 0)
(68.76504 0.079871187 0)
(68.765173 0.081042068 0)
(68.789571 0.0033127975 0)
(68.786817 0.010952491 0)
(68.782547 0.019875818 0)
(68.777798 0.029946671 0)
(68.773612 0.040231101 0)
(68.770578 0.049748505 0)
(68.768752 0.057866313 0)
(68.767856 0.064379919 0)
(68.767534 0.069396261 0)
(68.767505 0.073166717 0)
(68.7676 0.075965383 0)
(68.767734 0.07803116 0)
(68.767868 0.07955286 0)
(68.767985 0.080673847 0)
(68.789616 0.0034182725 0)
(68.787153 0.011295045 0)
(68.783358 0.020441795 0)
(68.77917 0.030664179 0)
(68.775522 0.040975213 0)
(68.772917 0.050394098 0)
(68.771377 0.058336545 0)
(68.770638 0.064655513 0)
(68.770383 0.069495907 0)
(68.770371 0.073123647 0)
(68.770459 0.075812837 0)
(68.770577 0.077796844 0)
(68.770694 0.07925818 0)
(68.770796 0.08033477 0)
(68.789664 0.0035170906 0)
(68.787516 0.011614219 0)
(68.784222 0.020965181 0)
(68.780615 0.031320221 0)
(68.777507 0.041646299 0)
(68.775318 0.050967798 0)
(68.774045 0.058747722 0)
(68.773447 0.064890961 0)
(68.773249 0.069574758 0)
(68.773248 0.073076459 0)
(68.773327 0.075669345 0)
(68.773429 0.077581563 0)
(68.773528 0.078989947 0)
(68.773614 0.080027602 0)
(68.789716 0.0036069903 0)
(68.787905 0.011903277 0)
(68.785141 0.021435843 0)
(68.782135 0.03190401 0)
(68.77957 0.042236003 0)
(68.777786 0.051465276 0)
(68.776763 0.059099294 0)
(68.776292 0.065088388 0)
(68.776141 0.069636548 0)
(68.776147 0.073029744 0)
(68.776215 0.075539896 0)
(68.7763 0.077390453 0)
(68.776382 0.078753345 0)
(68.776453 0.079757548 0)
(68.789772 0.0036853301 0)
(68.788322 0.012154479 0)
(68.786116 0.021842593 0)
(68.783733 0.032403919 0)
(68.781716 0.042735146 0)
(68.780328 0.051880812 0)
(68.779542 0.059388313 0)
(68.779186 0.065246549 0)
(68.779076 0.069681113 0)
(68.779084 0.072984222 0)
(68.779139 0.075426015 0)
(68.779206 0.077225714 0)
(68.77927 0.078551083 0)
(68.779325 0.079527672 0)
(68.789832 0.0037491104 0)
(68.788767 0.01235829 0)
(68.787151 0.022172073 0)
(68.785413 0.032807391 0)
(68.783952 0.043136169 0)
(68.782955 0.052213239 0)
(68.782396 0.05961863 0)
(68.782145 0.065371943 0)
(68.78207 0.06971574 0)
(68.782078 0.072947085 0)
(68.782119 0.075334625 0)
(68.782167 0.077094127 0)
(68.782214 0.078389939 0)
(68.782253 0.079344821 0)
(68.789897 0.0037962023 0)
(68.789241 0.012503294 0)
(68.788247 0.022403398 0)
(68.787181 0.033088007 0)
(68.786289 0.043413006 0)
(68.785683 0.052441728 0)
(68.785344 0.059776852 0)
(68.785193 0.065458351 0)
(68.785148 0.069739769 0)
(68.785153 0.072921322 0)
(68.785178 0.075270812 0)
(68.785207 0.077001891 0)
(68.785235 0.078276721 0)
(68.785259 0.079216184 0)
(68.789965 0.0038308716 0)
(68.789741 0.012598826 0)
(68.789401 0.022546998 0)
(68.789036 0.033253766 0)
(68.78873 0.043568644 0)
(68.788522 0.052563788 0)
(68.788404 0.059856735 0)
(68.788349 0.065498494 0)
(68.788331 0.06974727 0)
(68.78833 0.072903698 0)
(68.788337 0.07523435 0)
(68.788346 0.076951416 0)
(68.788355 0.078215837 0)
(68.788362 0.079147577 0)
(65.776323 0.21254615 0)
(59.441076 0.32642842 0)
(52.431153 0.31710765 0)
(46.611231 0.21100841 0)
(42.994216 0.084268814 0)
(41.556574 -0.010594608 0)
(41.510972 -0.047120205 0)
(41.83561 -0.040266018 0)
(42.066278 -0.023814948 0)
(42.0323 -0.008568527 0)
(41.8027 0.00020963478 0)
(41.478702 0.0039180518 0)
(41.119886 0.0052872745 0)
(40.744663 0.0058732437 0)
(40.358123 0.0061545769 0)
(39.966579 0.006162766 0)
(39.582408 0.0059184264 0)
(39.21095 0.0055741314 0)
(38.851559 0.0052285422 0)
(38.504595 0.0048849062 0)
(38.170631 0.0045498349 0)
(37.849919 0.0042024792 0)
(37.545097 0.0038497458 0)
(37.254852 0.0035412736 0)
(36.976325 0.0032793078 0)
(36.70799 0.0030480187 0)
(36.449329 0.0028275191 0)
(36.200894 0.0026094943 0)
(35.963028 0.0024115979 0)
(35.733701 0.0022404067 0)
(35.511878 0.0020899289 0)
(35.296693 0.0019466599 0)
(35.088982 0.0018094454 0)
(34.887962 0.001685336 0)
(34.693084 0.0015744281 0)
(34.503351 0.0014739465 0)
(34.318834 0.0013770287 0)
(34.139643 0.0012880636 0)
(33.964902 0.0012079062 0)
(33.794372 0.0011331637 0)
(33.627967 0.0010623808 0)
(33.465627 0.00099788573 0)
(33.306618 0.00093937391 0)
(33.150872 0.00088350289 0)
(32.998517 0.00083070422 0)
(32.849274 0.00078264948 0)
(32.702714 0.00073800312 0)
(32.558935 0.00069535828 0)
(32.417864 0.00065583866 0)
(32.279184 0.00061927525 0)
(32.142821 0.00058479527 0)
(32.008718 0.00055254625 0)
(31.876675 0.0005222458 0)
(31.746748 0.00049384926 0)
(31.618639 0.00046743272 0)
(31.492391 0.00044211671 0)
(31.368007 0.00041869481 0)
(31.245161 0.00039671694 0)
(31.123975 0.00037569525 0)
(31.004412 0.00035605074 0)
(30.886249 0.00033762342 0)
(30.769579 0.00032013893 0)
(30.65423 0.00030361381 0)
(30.540311 0.00028811165 0)
(30.42754 0.0002733108 0)
(30.316222 0.00025937719 0)
(30.205937 0.0002463072 0)
(30.096933 0.00023384642 0)
(29.988975 0.0002221044 0)
(29.882191 0.00021101804 0)
(29.776338 0.00020045758 0)
(29.671696 0.00019048358 0)
(29.567846 0.00018103259 0)
(29.46521 0.0001720742 0)
(29.363261 0.0001635827 0)
(29.262521 0.0001555606 0)
(29.162344 0.00014790601 0)
(29.063426 0.00014068342 0)
(28.964932 0.00013379909 0)
(28.867758 0.00012729176 0)
(28.770854 0.00012109703 0)
(28.67535 0.00011523614 0)
(28.579944 0.0001096386 0)
(28.486067 0.00010434785 0)
(28.392096 9.9306037e-05 0)
(28.29977 9.4529723e-05 0)
(28.207168 8.9971133e-05 0)
(28.116359 8.5684082e-05 0)
(28.025003 8.1554225e-05 0)
(27.935689 7.7737351e-05 0)
(27.845403 7.3966355e-05 0)
(27.757541 7.0487193e-05 0)
(27.668655 6.8413382e-05 0)
(27.577379 6.0795106e-05 0)
(27.506838 7.1103217e-05 0)
(27.364612 5.1395154e-05 0)
(69.535803 0.20869087 0)
(70.9725 0.32587694 0)
(70.976701 0.35672168 0)
(69.507344 0.30660774 0)
(67.110466 0.21397165 0)
(64.359404 0.1208835 0)
(61.665408 0.060914252 0)
(59.359435 0.035011361 0)
(57.530855 0.024975518 0)
(56.102416 0.023995509 0)
(54.99127 0.024449845 0)
(54.072494 0.024405099 0)
(53.259886 0.023904796 0)
(52.50899 0.023095955 0)
(51.810852 0.021894846 0)
(51.161892 0.020405372 0)
(50.558452 0.018812252 0)
(49.990368 0.017331718 0)
(49.452255 0.015972155 0)
(48.942164 0.014685598 0)
(48.45928 0.013474626 0)
(48.00208 0.012308436 0)
(47.570814 0.011206227 0)
(47.162088 0.010254164 0)
(46.772727 0.0094283137 0)
(46.401058 0.0086919573 0)
(46.045924 0.0080059948 0)
(45.706979 0.0073542227 0)
(45.383555 0.0067681543 0)
(45.073435 0.0062557613 0)
(44.775372 0.0058015868 0)
(44.488215 0.005378005 0)
(44.212107 0.0049810553 0)
(43.945998 0.0046225838 0)
(43.689073 0.0043015393 0)
(43.440237 0.0040107262 0)
(43.199246 0.0037358719 0)
(42.965879 0.0034844822 0)
(42.739219 0.0032573386 0)
(42.518838 0.0030471221 0)
(42.304449 0.0028503343 0)
(42.095822 0.002670838 0)
(41.892208 0.0025076432 0)
(41.693369 0.0023537495 0)
(41.499258 0.0022094541 0)
(41.309545 0.0020776796 0)
(41.123768 0.0019555393 0)
(40.941881 0.0018400006 0)
(40.763741 0.0017329667 0)
(40.589002 0.0016339726 0)
(40.417508 0.0015410786 0)
(40.249137 0.0014544106 0)
(40.083653 0.0013731988 0)
(39.921035 0.0012972805 0)
(39.76098 0.0012266418 0)
(39.603456 0.0011594285 0)
(39.44843 0.0010970857 0)
(39.295573 0.0010387296 0)
(39.144934 0.00098316432 0)
(38.996457 0.000931242 0)
(38.849912 0.00088254453 0)
(38.705338 0.00083649747 0)
(38.562561 0.00079302371 0)
(38.421646 0.0007522441 0)
(38.282316 0.00071343793 0)
(38.144827 0.000676885 0)
(38.008782 0.00064260998 0)
(37.874373 0.00061001039 0)
(37.741374 0.00057928804 0)
(37.609883 0.0005503143 0)
(37.479654 0.00052273953 0)
(37.350938 0.00049672119 0)
(37.22333 0.00047205604 0)
(37.097213 0.00044871425 0)
(36.972076 0.00042658298 0)
(36.848404 0.00040568844 0)
(36.725566 0.00038576572 0)
(36.604229 0.0003669699 0)
(36.483567 0.00034905479 0)
(36.364452 0.00033213894 0)
(36.245841 0.00031601881 0)
(36.128846 0.00030079366 0)
(36.012164 0.00028623496 0)
(35.897219 0.00027249545 0)
(35.782378 0.000259381 0)
(35.669388 0.00024698433 0)
(35.556293 0.00023512501 0)
(35.445204 0.00022399571 0)
(35.33371 0.00021325648 0)
(35.224477 0.00020333057 0)
(35.114382 0.00019359271 0)
(35.006893 0.00018432475 0)
(34.898719 0.00017968911 0)
(34.786804 0.00015759775 0)
(34.701179 0.00019002934 0)
(34.527682 0.0001320287 0)
(68.454493 0.16529391 0)
(68.837819 0.26986742 0)
(69.526468 0.31837637 0)
(70.114517 0.30089365 0)
(70.247651 0.24049421 0)
(69.805076 0.17760582 0)
(68.726809 0.13825101 0)
(67.133485 0.11899506 0)
(65.226831 0.10573446 0)
(63.312573 0.092193841 0)
(61.600307 0.076924626 0)
(60.178916 0.063458735 0)
(59.008185 0.054578999 0)
(57.991654 0.049012762 0)
(57.096318 0.04449708 0)
(56.296121 0.040423332 0)
(55.568833 0.036750847 0)
(54.89087 0.033550131 0)
(54.256721 0.030639484 0)
(53.662618 0.027930591 0)
(53.106023 0.025435091 0)
(52.582873 0.023110113 0)
(52.091707 0.020991031 0)
(51.626079 0.019181291 0)
(51.183164 0.017586887 0)
(50.761794 0.016152233 0)
(50.360698 0.014826552 0)
(49.979052 0.013590464 0)
(49.615201 0.012488779 0)
(49.26656 0.011521732 0)
(48.932059 0.010658456 0)
(48.61063 0.0098577892 0)
(48.302201 0.0091147128 0)
(48.005279 0.0084461367 0)
(47.718877 0.0078466898 0)
(47.441953 0.0073024559 0)
(47.174286 0.0067920037 0)
(46.915382 0.0063265324 0)
(46.664215 0.00590559 0)
(46.420342 0.0055168098 0)
(46.183432 0.0051546196 0)
(45.953113 0.0048243757 0)
(45.728588 0.0045237331 0)
(45.509625 0.0042415253 0)
(45.296084 0.003977997 0)
(45.087553 0.0037370795 0)
(44.883571 0.0035138689 0)
(44.684065 0.0033036319 0)
(44.488815 0.0031090216 0)
(44.297454 0.0029290225 0)
(44.109813 0.0027604646 0)
(43.925725 0.0026034166 0)
(43.744936 0.0024564502 0)
(43.567391 0.0023192323 0)
(43.392771 0.0021915469 0)
(43.221028 0.0020704598 0)
(43.052093 0.0019580601 0)
(42.885633 0.0018529397 0)
(42.721682 0.0017530797 0)
(42.560155 0.001659794 0)
(42.40082 0.0015723099 0)
(42.243697 0.0014897258 0)
(42.088602 0.0014118135 0)
(41.935583 0.0013387407 0)
(41.784363 0.0012693169 0)
(41.635176 0.0012039288 0)
(41.487628 0.0011426243 0)
(41.341894 0.0010843906 0)
(41.197745 0.0010295208 0)
(41.055264 0.00097780241 0)
(40.914207 0.00092861604 0)
(40.774808 0.00088223006 0)
(40.636669 0.00083825752 0)
(40.500152 0.00079667941 0)
(40.364757 0.00075726099 0)
(40.230949 0.00072006039 0)
(40.098105 0.00068460961 0)
(39.966872 0.00065117035 0)
(39.836438 0.00061930531 0)
(39.707655 0.0005892349 0)
(39.579489 0.00056057378 0)
(39.453035 0.00053352512 0)
(39.327001 0.00050765569 0)
(39.202795 0.00048325896 0)
(39.078792 0.00045996156 0)
(38.956727 0.00043796288 0)
(38.834646 0.00041690111 0)
(38.71466 0.00039715391 0)
(38.594346 0.00037809327 0)
(38.476378 0.00036047178 0)
(38.357621 0.00034324464 0)
(38.241525 0.00032664142 0)
(38.124931 0.00031888543 0)
(38.004015 0.00027841133 0)
(37.911613 0.00033924563 0)
(37.724685 0.00023206482 0)
(68.42815 0.16094995 0)
(68.493044 0.2630448 0)
(68.651345 0.30785351 0)
(68.874857 0.29025001 0)
(69.095262 0.23860281 0)
(69.242103 0.19245392 0)
(69.274842 0.17233753 0)
(69.133725 0.16978713 0)
(68.689589 0.16858148 0)
(67.847518 0.15989235 0)
(66.586917 0.14302079 0)
(65.077495 0.12262751 0)
(63.599835 0.10337514 0)
(62.297706 0.087814658 0)
(61.183681 0.076387603 0)
(60.192375 0.067581559 0)
(59.30808 0.060201811 0)
(58.508807 0.054221419 0)
(57.777568 0.049118115 0)
(57.102096 0.044526942 0)
(56.47525 0.040388199 0)
(55.889796 0.036598258 0)
(55.342448 0.033229957 0)
(54.822697 0.030346535 0)
(54.33002 0.027761141 0)
(53.863332 0.025419784 0)
(53.420803 0.023271454 0)
(53.000854 0.021300781 0)
(52.600671 0.01956083 0)
(52.217486 0.018026032 0)
(51.850554 0.016644509 0)
(51.498858 0.015365817 0)
(51.162116 0.014189508 0)
(50.838209 0.013137065 0)
(50.526032 0.012191309 0)
(50.224716 0.011329349 0)
(49.934069 0.010525084 0)
(49.65326 0.0097944623 0)
(49.381138 0.0091334554 0)
(49.11727 0.0085231513 0)
(48.861334 0.007956388 0)
(48.612768 0.0074402786 0)
(48.370723 0.0069698521 0)
(48.135002 0.0065293479 0)
(47.905376 0.0061193808 0)
(47.681336 0.0057444751 0)
(47.462422 0.0053970529 0)
(47.248555 0.0050708004 0)
(47.03942 0.0047691433 0)
(46.834629 0.0044900753 0)
(46.634015 0.0042290921 0)
(46.437358 0.003986214 0)
(46.244382 0.003759154 0)
(46.055008 0.0035473502 0)
(45.868897 0.0033502567 0)
(45.685989 0.0031637895 0)
(45.506175 0.0029906684 0)
(45.32912 0.0028288188 0)
(45.154846 0.0026753459 0)
(44.983235 0.0025320347 0)
(44.814054 0.0023976496 0)
(44.647307 0.0022709388 0)
(44.4828 0.0021514803 0)
(44.320562 0.002039458 0)
(44.16032 0.0019331552 0)
(44.002281 0.0018330618 0)
(43.846055 0.0017392245 0)
(43.691803 0.0016501743 0)
(43.53929 0.0015662922 0)
(43.388588 0.0014872558 0)
(43.239455 0.0014121393 0)
(43.092104 0.0013413256 0)
(42.946149 0.0012742088 0)
(42.801929 0.0012107834 0)
(42.658954 0.0011506654 0)
(42.517668 0.001093946 0)
(42.377462 0.0010399226 0)
(42.238959 0.00098897216 0)
(42.101362 0.00094043576 0)
(41.9655 0.00089464941 0)
(41.830356 0.00085101283 0)
(41.696999 0.00080984921 0)
(41.564159 0.00077048542 0)
(41.433213 0.00073337671 0)
(41.302563 0.00069793769 0)
(41.17391 0.00066449498 0)
(41.045328 0.00063246848 0)
(40.918897 0.00060245369 0)
(40.792222 0.00057348837 0)
(40.667938 0.00054669506 0)
(40.542953 0.00052057814 0)
(40.420637 0.00049520035 0)
(40.298024 0.00048379938 0)
(40.170609 0.00042141074 0)
(40.073317 0.00051623392 0)
(39.876813 0.00034996407 0)
(68.435958 0.16008372 0)
(68.486592 0.25973932 0)
(68.587119 0.30188538 0)
(68.691259 0.28356625 0)
(68.766183 0.23259521 0)
(68.807262 0.18638018 0)
(68.833453 0.16552427 0)
(68.863982 0.16560545 0)
(68.888659 0.17365742 0)
(68.854401 0.17999222 0)
(68.660227 0.18011448 0)
(68.172381 0.17213211 0)
(67.299686 0.15754772 0)
(66.146889 0.13955736 0)
(64.907659 0.1207519 0)
(63.729046 0.10383878 0)
(62.676073 0.090697907 0)
(61.720492 0.080669296 0)
(60.854069 0.072185599 0)
(60.067217 0.06482385 0)
(59.343458 0.058455297 0)
(58.673157 0.052739371 0)
(58.05079 0.047698746 0)
(57.468662 0.043415633 0)
(56.921859 0.039631157 0)
(56.406597 0.036217871 0)
(55.919837 0.033104801 0)
(55.459109 0.030283457 0)
(55.020108 0.027802687 0)
(54.600278 0.025592985 0)
(54.199488 0.02358831 0)
(53.816501 0.021737138 0)
(53.450659 0.020051509 0)
(53.09895 0.01855289 0)
(52.760369 0.017199417 0)
(52.43436 0.015960247 0)
(52.120627 0.01481023 0)
(51.81787 0.013770657 0)
(51.524845 0.012829668 0)
(51.241161 0.011960086 0)
(50.966529 0.011154719 0)
(50.700098 0.010423045 0)
(50.440985 0.009755292 0)
(50.189058 0.0091309621 0)
(49.943967 0.0085517746 0)
(49.705087 0.0080222235 0)
(49.471972 0.0075312818 0)
(49.244539 0.0070714256 0)
(49.022345 0.0066468716 0)
(48.804992 0.006253984 0)
(48.592318 0.0058869593 0)
(48.384035 0.00554583 0)
(48.179847 0.0052271904 0)
(47.979648 0.0049302108 0)
(47.783074 0.0046538976 0)
(47.590053 0.0043929842 0)
(47.400432 0.0041507911 0)
(47.213871 0.0039244116 0)
(47.030384 0.0037100918 0)
(46.84981 0.0035100728 0)
(46.671921 0.003322537 0)
(46.496698 0.0031458844 0)
(46.323936 0.0029794651 0)
(46.153647 0.0028234346 0)
(45.985558 0.0026755202 0)
(45.819848 0.0025363069 0)
(45.656131 0.0024058033 0)
(45.494553 0.0022820608 0)
(45.334873 0.0021655445 0)
(45.177149 0.0020557893 0)
(45.021142 0.001951548 0)
(44.867043 0.0018533098 0)
(44.714476 0.0017602255 0)
(44.563757 0.0016723022 0)
(44.41441 0.0015889878 0)
(44.26685 0.0015104014 0)
(44.120488 0.0014355896 0)
(43.975916 0.0013650422 0)
(43.832363 0.0012978622 0)
(43.690617 0.0012345046 0)
(43.549698 0.0011741353 0)
(43.41063 0.0011172024 0)
(43.272182 0.0010627743 0)
(43.13568 0.0010114753 0)
(42.999576 0.00096249047 0)
(42.865513 0.00091628244 0)
(42.731619 0.00087203176 0)
(42.599913 0.00083056747 0)
(42.468057 0.00079057047 0)
(42.338618 0.00075354532 0)
(42.208586 0.00071755241 0)
(42.081194 0.00068235211 0)
(41.953737 0.00066694407 0)
(41.821034 0.00058018908 0)
(41.719756 0.00071287243 0)
(41.515585 0.00048046852 0)
(68.443346 0.15853309 0)
(68.491192 0.2553137 0)
(68.586217 0.29681691 0)
(68.677571 0.27984066 0)
(68.730672 0.23086132 0)
(68.74334 0.18569152 0)
(68.73619 0.16444731 0)
(68.733536 0.16369839 0)
(68.746202 0.17098079 0)
(68.770253 0.17776108 0)
(68.792116 0.18154547 0)
(68.782432 0.18240324 0)
(68.672113 0.18036215 0)
(68.364439 0.17393431 0)
(67.756449 0.16256705 0)
(66.87875 0.14769086 0)
(65.841611 0.13071477 0)
(64.79234 0.11462999 0)
(63.806651 0.10106768 0)
(62.894915 0.090006585 0)
(62.04447 0.080595793 0)
(61.262956 0.072243293 0)
(60.540332 0.065100909 0)
(59.871781 0.059022791 0)
(59.251007 0.053642922 0)
(58.670773 0.048865084 0)
(58.125631 0.044559339 0)
(57.61209 0.040679453 0)
(57.126431 0.037272908 0)
(56.665941 0.03425106 0)
(56.228322 0.0315219 0)
(55.811454 0.029011307 0)
(55.414106 0.026746807 0)
(55.032176 0.024734803 0)
(54.665292 0.022903441 0)
(54.313087 0.021220405 0)
(53.974991 0.019668955 0)
(53.649079 0.01827465 0)
(53.334115 0.017010325 0)
(53.029782 0.015839396 0)
(52.735834 0.014758625 0)
(52.450959 0.013780184 0)
(52.174331 0.012885409 0)
(51.905887 0.012049787 0)
(51.645108 0.01127726 0)
(51.391236 0.010571263 0)
(51.143863 0.009916342 0)
(50.902894 0.0093044619 0)
(50.667709 0.0087405571 0)
(50.437929 0.0082184423 0)
(50.2134 0.0077312558 0)
(49.993731 0.0072790992 0)
(49.778615 0.0068570669 0)
(49.567924 0.006464064 0)
(49.361253 0.0060985206 0)
(49.158523 0.0057539523 0)
(48.959527 0.0054342466 0)
(48.763921 0.0051354531 0)
(48.571711 0.0048530221 0)
(48.382686 0.0045896149 0)
(48.19662 0.0043426885 0)
(48.013476 0.0041103146 0)
(47.83303 0.0038915736 0)
(47.655278 0.0036865384 0)
(47.479943 0.0034923571 0)
(47.30718 0.0033096998 0)
(47.136598 0.0031384865 0)
(46.968333 0.0029762751 0)
(46.802133 0.0028236066 0)
(46.638044 0.0026798339 0)
(46.475828 0.0025433824 0)
(46.315652 0.002414831 0)
(46.157152 0.0022930659 0)
(46.000617 0.0021781031 0)
(45.845585 0.0020692043 0)
(45.692444 0.001966509 0)
(45.540623 0.0018687998 0)
(45.39068 0.0017766728 0)
(45.241872 0.0016889796 0)
(45.094948 0.0016062941 0)
(44.94896 0.0015275332 0)
(44.804886 0.0014532699 0)
(44.661539 0.0013823009 0)
(44.520191 0.0013154216 0)
(44.379344 0.0012515744 0)
(44.240579 0.0011913625 0)
(44.102085 0.0011337107 0)
(43.96581 0.0010796913 0)
(43.829488 0.0010276135 0)
(43.695597 0.00097936419 0)
(43.561232 0.00093258479 0)
(43.429465 0.00088657786 0)
(43.297876 0.00086681112 0)
(43.160632 0.00075351954 0)
(43.055912 0.0009274474 0)
(42.845249 0.00062252661 0)
(68.450446 0.15686609 0)
(68.495866 0.25042036 0)
(68.587295 0.2912165 0)
(68.675195 0.27601562 0)
(68.72526 0.22952516 0)
(68.734093 0.18591046 0)
(68.721638 0.16501728 0)
(68.711062 0.1639591 0)
(68.712287 0.17062519 0)
(68.723587 0.17672281 0)
(68.739689 0.17986473 0)
(68.75711 0.18072235 0)
(68.770123 0.18051576 0)
(68.763816 0.17946642 0)
(68.695692 0.17711071 0)
(68.495339 0.17175084 0)
(68.063381 0.16268707 0)
(67.38818 0.15082133 0)
(66.529877 0.13641306 0)
(65.602594 0.12154558 0)
(64.686473 0.10795749 0)
(63.826781 0.096507378 0)
(63.000662 0.086765488 0)
(62.225451 0.078153245 0)
(61.508144 0.070607875 0)
(60.839665 0.064047238 0)
(60.215224 0.058179779 0)
(59.631156 0.052964702 0)
(59.083253 0.048407448 0)
(58.568865 0.044362434 0)
(58.083282 0.040729671 0)
(57.62301 0.037418381 0)
(57.185722 0.034437412 0)
(56.768876 0.031793501 0)
(56.370844 0.029398773 0)
(55.990009 0.027202402 0)
(55.625322 0.025192728 0)
(55.274086 0.023391184 0)
(54.935313 0.021749653 0)
(54.608822 0.020226335 0)
(54.294215 0.018827706 0)
(53.98961 0.017566315 0)
(53.694391 0.016408681 0)
(53.408529 0.015328984 0)
(53.13126 0.014334911 0)
(52.861696 0.013426911 0)
(52.599492 0.012583831 0)
(52.344515 0.011798494 0)
(52.095917 0.011076188 0)
(51.853385 0.010406853 0)
(51.616755 0.0097831987 0)
(51.3855 0.0092053507 0)
(51.15932 0.0086663298 0)
(50.938057 0.0081648723 0)
(50.721254 0.0076986776 0)
(50.508826 0.0072599667 0)
(50.300505 0.006853168 0)
(50.095942 0.0064730223 0)
(49.895134 0.0061142775 0)
(49.697808 0.0057799619 0)
(49.503748 0.0054666278 0)
(49.31289 0.005172058 0)
(49.12499 0.004895001 0)
(48.940029 0.0046353868 0)
(48.757721 0.0043897598 0)
(48.578196 0.0041588606 0)
(48.401057 0.0039424608 0)
(48.22643 0.0037376074 0)
(48.054045 0.0035449098 0)
(47.88394 0.0033634885 0)
(47.715877 0.0031914394 0)
(47.549995 0.0030294093 0)
(47.385944 0.0028759961 0)
(47.223983 0.0027312191 0)
(47.063663 0.0025941343 0)
(46.905345 0.0024648905 0)
(46.748477 0.0023419942 0)
(46.59358 0.0022261377 0)
(46.43994 0.002115908 0)
(46.288264 0.002011996 0)
(46.137638 0.0019130534 0)
(45.988995 0.0018197769 0)
(45.841188 0.001730678 0)
(45.695435 0.0016467241 0)
(45.550289 0.0015666016 0)
(45.407269 0.0014910575 0)
(45.264624 0.0014187451 0)
(45.124229 0.0013509868 0)
(44.983894 0.0012857086 0)
(44.846003 0.0012251735 0)
(44.707763 0.0011666397 0)
(44.572072 0.0011087759 0)
(44.43681 0.0010842557 0)
(44.295517 0.00094219515 0)
(44.187698 0.0011608185 0)
(43.971308 0.00077673992 0)
(68.457622 0.15519327 0)
(68.500606 0.24561287 0)
(68.588279 0.28562721 0)
(68.673398 0.27198449 0)
(68.722486 0.22796933 0)
(68.731244 0.18603283 0)
(68.718498 0.16554794 0)
(68.706584 0.1641802 0)
(68.705271 0.17043271 0)
(68.712759 0.17627997 0)
(68.723813 0.17929722 0)
(68.735666 0.18003432 0)
(68.74738 0.17956312 0)
(68.758781 0.17851518 0)
(68.766921 0.17704332 0)
(68.762433 0.1750404 0)
(68.718464 0.17242536 0)
(68.581856 0.16807133 0)
(68.275991 0.16094744 0)
(67.751925 0.15118943 0)
(67.040149 0.139038 0)
(66.223157 0.12544973 0)
(65.380764 0.11249775 0)
(64.560376 0.10117957 0)
(63.770963 0.091393084 0)
(63.012824 0.082681966 0)
(62.302357 0.074798824 0)
(61.635975 0.067890274 0)
(61.009318 0.061795694 0)
(60.423176 0.056389138 0)
(59.873055 0.051596564 0)
(59.354844 0.047273927 0)
(58.865202 0.043407609 0)
(58.402809 0.0399857 0)
(57.964723 0.036892341 0)
(57.547679 0.034073058 0)
(57.149713 0.031504827 0)
(56.76881 0.029205744 0)
(56.403639 0.02711861 0)
(56.052872 0.025189525 0)
(55.715609 0.023429588 0)
(55.389343 0.021842629 0)
(55.073927 0.020378611 0)
(54.76927 0.019016412 0)
(54.474237 0.017768664 0)
(54.187821 0.016628749 0)
(53.909811 0.015568768 0)
(53.639966 0.014585255 0)
(53.377145 0.013682569 0)
(53.121194 0.012844925 0)
(52.871888 0.012066032 0)
(52.628521 0.011345724 0)
(52.390834 0.010674059 0)
(52.15863 0.010049931 0)
(51.931376 0.0094700954 0)
(51.708988 0.0089253286 0)
(51.491129 0.008420586 0)
(51.277441 0.0079489829 0)
(51.067911 0.0075046928 0)
(50.862194 0.0070910236 0)
(50.660088 0.0067034101 0)
(50.461495 0.0063394143 0)
(50.266149 0.0059973551 0)
(50.074015 0.0056769601 0)
(49.884794 0.0053741429 0)
(49.69859 0.0050896909 0)
(49.514996 0.004823162 0)
(49.334128 0.0045710689 0)
(49.155698 0.0043340804 0)
(48.979733 0.0041110245 0)
(48.805991 0.0038996692 0)
(48.634588 0.0037007005 0)
(48.465179 0.0035124026 0)
(48.298 0.003334791 0)
(48.132609 0.0031666931 0)
(47.969342 0.003008254 0)
(47.807661 0.0028576908 0)
(47.648055 0.0027157801 0)
(47.489833 0.0025808296 0)
(47.333663 0.002453644 0)
(47.178662 0.0023325932 0)
(47.025718 0.0022184939 0)
(46.873726 0.0021095598 0)
(46.723846 0.0020069289 0)
(46.574685 0.001909019 0)
(46.427697 0.0018167212 0)
(46.28119 0.0017284036 0)
(46.13697 0.0016456426 0)
(45.992918 0.0015659716 0)
(45.851324 0.0014920178 0)
(45.709512 0.0014207025 0)
(45.570199 0.0013498641 0)
(45.431568 0.001320153 0)
(45.286561 0.0011470155 0)
(45.175869 0.0014138904 0)
(44.954271 0.00094370688 0)
(68.464888 0.15352957 0)
(68.505502 0.2407868 0)
(68.589365 0.28003226 0)
(68.671554 0.26786716 0)
(68.719804 0.22629448 0)
(68.729255 0.18611523 0)
(68.717387 0.166094 0)
(68.705553 0.164432 0)
(68.703515 0.1702785 0)
(68.709713 0.17588969 0)
(68.719203 0.17884769 0)
(68.729031 0.17960248 0)
(68.738386 0.17914154 0)
(68.747492 0.17805403 0)
(68.756358 0.17644623 0)
(68.76442 0.17444872 0)
(68.769665 0.17226814 0)
(68.765821 0.1699923 0)
(68.736157 0.16743332 0)
(68.641403 0.16385059 0)
(68.422549 0.15798974 0)
(68.006955 0.14959541 0)
(67.412053 0.13946245 0)
(66.691522 0.12757911 0)
(65.919798 0.11548583 0)
(65.144392 0.10434895 0)
(64.39681 0.094619548 0)
(63.66174 0.085957254 0)
(62.958816 0.078024954 0)
(62.296464 0.070955387 0)
(61.671504 0.06470695 0)
(61.083819 0.059087207 0)
(60.530757 0.054084833 0)
(60.009494 0.049641588 0)
(59.518466 0.045651836 0)
(59.053812 0.042056379 0)
(58.612694 0.038804301 0)
(58.193714 0.035898811 0)
(57.795049 0.033267449 0)
(57.413957 0.030850601 0)
(57.048649 0.028650484 0)
(56.697751 0.026670413 0)
(56.360053 0.02485037 0)
(56.034755 0.023166195 0)
(55.720217 0.021629555 0)
(55.415363 0.020221829 0)
(55.120205 0.018911117 0)
(54.834267 0.01770131 0)
(54.556089 0.016592895 0)
(54.285745 0.015562058 0)
(54.0229 0.014606335 0)
(53.766614 0.013724369 0)
(53.516725 0.012901873 0)
(53.27297 0.01213877 0)
(53.034712 0.011430491 0)
(52.801885 0.010766082 0)
(52.574067 0.01015106 0)
(52.350887 0.0095765493 0)
(52.132321 0.0090363083 0)
(51.917936 0.0085337754 0)
(51.707558 0.0080630324 0)
(51.501038 0.0076215256 0)
(51.298086 0.00720699 0)
(51.098659 0.0068189029 0)
(50.902426 0.0064525142 0)
(50.709478 0.0061086205 0)
(50.519384 0.005786498 0)
(50.332256 0.0054820932 0)
(50.147779 0.0051961226 0)
(49.965973 0.0049270517 0)
(49.786589 0.0046723258 0)
(49.609718 0.0044326333 0)
(49.43502 0.0042059173 0)
(49.262704 0.0039921801 0)
(49.092337 0.0037899942 0)
(48.924227 0.0035994866 0)
(48.757849 0.0034185694 0)
(48.593659 0.0032480893 0)
(48.43099 0.0030860589 0)
(48.27047 0.0029333923 0)
(48.111245 0.002788159 0)
(47.95416 0.0026512911 0)
(47.798144 0.0025206909 0)
(47.644311 0.0023976647 0)
(47.491308 0.0022803482 0)
(47.340534 0.0021697765 0)
(47.190351 0.002064018 0)
(47.042496 0.0019649051 0)
(46.894919 0.0018695714 0)
(46.749822 0.0017809908 0)
(46.604637 0.0016958037 0)
(46.461907 0.0016108017 0)
(46.320112 0.0015754171 0)
(46.171624 0.0013688107 0)
(46.058208 0.0016876179 0)
(45.831761 0.0011240437 0)
(68.472246 0.1518699 0)
(68.510521 0.23588418 0)
(68.590497 0.27436462 0)
(68.669735 0.26367675 0)
(68.717063 0.22454644 0)
(68.727295 0.18615617 0)
(68.716637 0.16664207 0)
(68.705394 0.16471576 0)
(68.703206 0.17015606 0)
(68.708803 0.17551199 0)
(68.717571 0.17838913 0)
(68.726579 0.17915577 0)
(68.735033 0.17874027 0)
(68.743073 0.17769406 0)
(68.750858 0.17612345 0)
(68.7582 0.17413014 0)
(68.764877 0.17188937 0)
(68.770511 0.16960488 0)
(68.77393 0.16731143 0)
(68.770753 0.16495427 0)
(68.750033 0.16238346 0)
(68.68185 0.15926549 0)
(68.517712 0.15457392 0)
(68.193721 0.14759164 0)
(67.688959 0.13877002 0)
(67.047958 0.12828912 0)
(66.340094 0.11696844 0)
(65.612052 0.10630369 0)
(64.894623 0.096802622 0)
(64.187916 0.088264461 0)
(63.499808 0.080426286 0)
(62.845891 0.0732628 0)
(62.225052 0.066897982 0)
(61.637266 0.061187056 0)
(61.084109 0.056079312 0)
(60.561766 0.051511517 0)
(60.068138 0.047393546 0)
(59.601017 0.043710156 0)
(59.158698 0.040390126 0)
(58.738323 0.037372033 0)
(58.337198 0.034638719 0)
(57.955129 0.032182268 0)
(57.589635 0.029932108 0)
(57.238894 0.02786124 0)
(56.901334 0.025976155 0)
(56.576036 0.024253815 0)
(56.262027 0.022656883 0)
(55.958396 0.02119095 0)
(55.663391 0.019846491 0)
(55.377395 0.018593179 0)
(55.099855 0.017436092 0)
(54.82958 0.016370295 0)
(54.566565 0.015375639 0)
(54.310421 0.014454811 0)
(54.060394 0.013601094 0)
(53.816453 0.01280135 0)
(53.578065 0.012061919 0)
(53.344855 0.011371427 0)
(53.116772 0.010723415 0)
(52.893287 0.010121214 0)
(52.674261 0.009557317 0)
(52.459479 0.0090291971 0)
(52.248627 0.0085337638 0)
(52.041654 0.0080702285 0)
(51.838188 0.0076331301 0)
(51.638309 0.0072232165 0)
(51.441555 0.0068394169 0)
(51.248034 0.0064770665 0)
(51.0574 0.0061369133 0)
(50.86967 0.0058169802 0)
(50.684577 0.0055143996 0)
(50.502192 0.0052298133 0)
(50.322176 0.0049607959 0)
(50.144712 0.0047073239 0)
(49.969369 0.004467684 0)
(49.796433 0.0042419682 0)
(49.625386 0.0040277664 0)
(49.456655 0.0038259781 0)
(49.289587 0.0036343037 0)
(49.12478 0.0034537605 0)
(48.961399 0.0032820972 0)
(48.800253 0.0031203554 0)
(48.6403 0.002966111 0)
(48.482607 0.002820836 0)
(48.325861 0.0026823688 0)
(48.17141 0.0025518869 0)
(48.01766 0.0024271453 0)
(47.866289 0.0023102318 0)
(47.715307 0.0021978747 0)
(47.566834 0.0020933718 0)
(47.418406 0.0019931483 0)
(47.272395 0.0018927116 0)
(47.127569 0.0018511196 0)
(46.975763 0.001608546 0)
(46.859718 0.0019831259 0)
(46.628673 0.0013184705 0)
(68.479647 0.15021883 0)
(68.515655 0.23091136 0)
(68.591763 0.26862193 0)
(68.667958 0.25940506 0)
(68.71428 0.22271731 0)
(68.725267 0.18613673 0)
(68.715905 0.16716104 0)
(68.705458 0.16499483 0)
(68.703378 0.1700399 0)
(68.708681 0.17513862 0)
(68.71703 0.1779276 0)
(68.725587 0.17870306 0)
(68.73358 0.1783258 0)
(68.741131 0.17731876 0)
(68.74838 0.17579339 0)
(68.755195 0.17384645 0)
(68.761466 0.17165008 0)
(68.767143 0.16938605 0)
(68.772227 0.16706991 0)
(68.776361 0.16468986 0)
(68.778645 0.16232451 0)
(68.775956 0.15996045 0)
(68.759915 0.1575269 0)
(68.710015 0.15478468 0)
(68.583903 0.15100293 0)
(68.327726 0.14511218 0)
(67.891025 0.13713618 0)
(67.316807 0.12788309 0)
(66.663826 0.1175518 0)
(65.979548 0.10740528 0)
(65.292391 0.098117295 0)
(64.616458 0.089744625 0)
(63.946433 0.082051352 0)
(63.302333 0.074926319 0)
(62.687825 0.06853487 0)
(62.102982 0.062778047 0)
(61.550121 0.057587449 0)
(61.026965 0.052946792 0)
(60.53261 0.048772373 0)
(60.064761 0.045008945 0)
(59.620378 0.041608439 0)
(59.198704 0.038545765 0)
(58.797438 0.035763492 0)
(58.414301 0.033223327 0)
(58.047799 0.030919002 0)
(57.697084 0.02881925 0)
(57.359943 0.026880755 0)
(57.035153 0.025106935 0)
(56.721477 0.023484842 0)
(56.418282 0.021978354 0)
(56.124585 0.020593823 0)
(55.838977 0.019317798 0)
(55.561681 0.018126076 0)
(55.292072 0.017026167 0)
(55.029297 0.016007275 0)
(54.773384 0.015053944 0)
(54.523631 0.0141739 0)
(54.279683 0.013352345 0)
(54.041444 0.012582996 0)
(53.808275 0.011868758 0)
(53.580091 0.011200265 0)
(53.356581 0.010575211 0)
(53.137411 0.0099893139 0)
(52.922526 0.0094415655 0)
(52.711492 0.0089257177 0)
(52.504391 0.0084423816 0)
(52.300715 0.0079900863 0)
(52.100575 0.0075634888 0)
(51.903582 0.0071633477 0)
(51.709755 0.0067871519 0)
(51.518802 0.0064317364 0)
(51.330776 0.0060976314 0)
(51.145334 0.0057820164 0)
(50.962634 0.0054848252 0)
(50.782243 0.0052040218 0)
(50.604427 0.0049396453 0)
(50.428667 0.0046889418 0)
(50.255369 0.0044528442 0)
(50.083888 0.0042287208 0)
(49.914791 0.0040176853 0)
(49.747259 0.0038171413 0)
(49.582071 0.0036282338 0)
(49.418204 0.0034481951 0)
(49.256688 0.0032786596 0)
(49.09624 0.0031171514 0)
(48.938163 0.0029649883 0)
(48.780899 0.002819597 0)
(48.626077 0.0026833182 0)
(48.471756 0.002552471 0)
(48.319984 0.0024306485 0)
(48.168388 0.002314137 0)
(48.019181 0.0021968994 0)
(47.871408 0.0021485077 0)
(47.716393 0.001867339 0)
(47.597775 0.0023017261 0)
(47.3623 0.0015278236 0)
(68.487089 0.14858304 0)
(68.52089 0.22588484 0)
(68.593098 0.26281734 0)
(68.666243 0.2550542 0)
(68.711513 0.22079936 0)
(68.723199 0.18604794 0)
(68.71512 0.16763942 0)
(68.70553 0.16525298 0)
(68.703673 0.1699149 0)
(68.708833 0.17476111 0)
(68.716926 0.17746219 0)
(68.725226 0.17824699 0)
(68.732955 0.17790611 0)
(68.740228 0.17693508 0)
(68.747166 0.17544784 0)
(68.753676 0.17354264 0)
(68.759661 0.17139046 0)
(68.765131 0.16916576 0)
(68.770169 0.16688534 0)
(68.774719 0.16453603 0)
(68.778674 0.16217332 0)
(68.781717 0.15977893 0)
(68.783043 0.15746465 0)
(68.78059 0.1552664 0)
(68.767755 0.1530861 0)
(68.730123 0.1505992 0)
(68.630105 0.14734194 0)
(68.418729 0.14237616 0)
(68.044425 0.13531786 0)
(67.523178 0.12686324 0)
(66.914104 0.11735846 0)
(66.268462 0.10768587 0)
(65.61067 0.098687055 0)
(64.962101 0.09056883 0)
(64.312391 0.083076166 0)
(63.67945 0.07606274 0)
(63.072363 0.069668231 0)
(62.491819 0.063903704 0)
(61.941118 0.058692523 0)
(61.419515 0.05401416 0)
(60.924976 0.049790535 0)
(60.456775 0.045986757 0)
(60.012641 0.042552276 0)
(59.590591 0.039432487 0)
(59.188563 0.036604976 0)
(58.805476 0.034036261 0)
(58.439035 0.031684562 0)
(58.087766 0.029542154 0)
(57.750996 0.027588647 0)
(57.426805 0.025781366 0)
(57.113887 0.02412501 0)
(56.811298 0.022603227 0)
(56.518317 0.021188373 0)
(56.233917 0.019886128 0)
(55.957188 0.018678687 0)
(55.688253 0.017550743 0)
(55.426143 0.016511583 0)
(55.170574 0.015541369 0)
(54.92139 0.014635038 0)
(54.677803 0.013794588 0)
(54.439814 0.013008318 0)
(54.206977 0.012274538 0)
(53.978952 0.011587228 0)
(53.755677 0.010945305 0)
(53.536633 0.010341597 0)
(53.321921 0.0097764539 0)
(53.110969 0.009247977 0)
(52.903894 0.0087500447 0)
(52.700254 0.0082833969 0)
(52.500079 0.0078448877 0)
(52.303039 0.0074310766 0)
(52.109173 0.0070422943 0)
(51.918126 0.0066753033 0)
(51.730035 0.0063299705 0)
(51.544461 0.0060038939 0)
(51.361648 0.0056970406 0)
(51.181075 0.0054062854 0)
(51.003126 0.0051325729 0)
(50.827159 0.004872917 0)
(50.653717 0.0046285186 0)
(50.481988 0.0043964087 0)
(50.312726 0.0041778286 0)
(50.144919 0.0039696473 0)
(49.979571 0.0037736575 0)
(49.815413 0.00358705 0)
(49.653717 0.0034112797 0)
(49.492948 0.0032434293 0)
(49.334697 0.0030860878 0)
(49.177058 0.0029351626 0)
(49.022022 0.0027945071 0)
(48.867292 0.0026603559 0)
(48.714936 0.0025248434 0)
(48.564258 0.0024689933 0)
(48.406102 0.0021464508 0)
(48.284938 0.0026449043 0)
(48.045139 0.0017530483 0)
(68.494546 0.14696772 0)
(68.526215 0.2208192 0)
(68.594545 0.25696162 0)
(68.664597 0.25062921 0)
(68.708763 0.21879007 0)
(68.721109 0.18588503 0)
(68.714307 0.16807329 0)
(68.705591 0.16548537 0)
(68.703997 0.1697748 0)
(68.70907 0.17437217 0)
(68.716988 0.17698575 0)
(68.72512 0.17777981 0)
(68.732699 0.17747694 0)
(68.739815 0.17654381 0)
(68.746573 0.17509522 0)
(68.75289 0.17322951 0)
(68.758682 0.17111512 0)
(68.763983 0.16892355 0)
(68.768893 0.16667671 0)
(68.773419 0.16436365 0)
(68.777524 0.16203099 0)
(68.781135 0.15966837 0)
(68.784128 0.15737379 0)
(68.786325 0.15516987 0)
(68.787055 0.15302983 0)
(68.784812 0.15094932 0)
(68.77424 0.14889476 0)
(68.743361 0.14662029 0)
(68.662406 0.14374733 0)
(68.48386 0.13951482 0)
(68.157878 0.13322695 0)
(67.677522 0.12533558 0)
(67.104824 0.11653199 0)
(66.492519 0.10737065 0)
(65.863256 0.098756557 0)
(65.235598 0.090878362 0)
(64.607127 0.083557759 0)
(63.987551 0.076693941 0)
(63.389661 0.070362359 0)
(62.815589 0.064635765 0)
(62.268397 0.059426621 0)
(61.749139 0.054737366 0)
(61.256212 0.050506687 0)
(60.789147 0.046675473 0)
(60.345416 0.043212404 0)
(59.923931 0.040073915 0)
(59.522475 0.037219081 0)
(59.139273 0.034621551 0)
(58.773315 0.032257375 0)
(58.422681 0.030088141 0)
(58.085853 0.028107792 0)
(57.762391 0.026294407 0)
(57.450369 0.024614744 0)
(57.148718 0.023072758 0)
(56.856583 0.021647361 0)
(56.573358 0.020322933 0)
(56.297688 0.01910362 0)
(56.029432 0.017964112 0)
(55.768344 0.016902983 0)
(55.513445 0.015920031 0)
(55.264859 0.015000662 0)
(55.021965 0.014144648 0)
(54.784426 0.01334333 0)
(54.552168 0.012595842 0)
(54.324563 0.01189388 0)
(54.101755 0.011237372 0)
(53.883077 0.010624007 0)
(53.668663 0.010046727 0)
(53.458008 0.0095062123 0)
(53.251157 0.0089985768 0)
(53.047728 0.0085201336 0)
(52.847754 0.0080708899 0)
(52.650861 0.0076471843 0)
(52.457163 0.0072487784 0)
(52.266209 0.0068728547 0)
(52.078227 0.0065192876 0)
(51.892686 0.0061845462 0)
(51.709951 0.0058695626 0)
(51.529377 0.0055709697 0)
(51.351488 0.005290045 0)
(51.175469 0.0050234149 0)
(51.002058 0.004772409 0)
(50.830244 0.0045335097 0)
(50.661011 0.0043086644 0)
(50.493095 0.0040947077 0)
(50.327749 0.0038932279 0)
(50.163446 0.0037009466 0)
(50.001752 0.0035206942 0)
(49.840781 0.0033479651 0)
(49.682481 0.0031868323 0)
(49.524618 0.0030335763 0)
(49.369126 0.0028781934 0)
(49.215552 0.0028141519 0)
(49.054292 0.0024472847 0)
(48.930583 0.0030143163 0)
(48.686517 0.0019951958 0)
(68.502002 0.14537765 0)
(68.531626 0.21573015 0)
(68.59609 0.25106463 0)
(68.663028 0.24613518 0)
(68.706046 0.21668844 0)
(68.719006 0.18564263 0)
(68.713456 0.16845789 0)
(68.705623 0.16568864 0)
(68.704309 0.16961604 0)
(68.709323 0.17396755 0)
(68.717098 0.17649273 0)
(68.725111 0.1772952 0)
(68.732598 0.17703187 0)
(68.739624 0.17613941 0)
(68.746279 0.17473237 0)
(68.752485 0.17290831 0)
(68.758156 0.17083219 0)
(68.763337 0.16867176 0)
(68.768132 0.16645339 0)
(68.772575 0.16416882 0)
(68.776656 0.16186438 0)
(68.780347 0.15953551 0)
(68.783607 0.15727003 0)
(68.786443 0.15509051 0)
(68.788776 0.15296973 0)
(68.790421 0.15090344 0)
(68.790751 0.14886031 0)
(68.788418 0.14687588 0)
(68.779207 0.14496206 0)
(68.75282 0.14293366 0)
(68.685291 0.14035882 0)
(68.529779 0.1366125 0)
(68.238722 0.1309305 0)
(67.791557 0.12352287 0)
(67.248706 0.11530588 0)
(66.663552 0.10665974 0)
(66.059457 0.098368783 0)
(65.451665 0.090714057 0)
(64.843503 0.08360139 0)
(64.237837 0.076912375 0)
(63.650329 0.070672929 0)
(63.083531 0.065008929 0)
(62.541048 0.059839384 0)
(62.02545 0.055161755 0)
(61.534889 0.050933144 0)
(61.069661 0.047104398 0)
(60.627554 0.043638312 0)
(60.207079 0.040489182 0)
(59.806659 0.037631127 0)
(59.424598 0.035023772 0)
(59.059082 0.032646334 0)
(58.709393 0.03047452 0)
(58.373568 0.028477986 0)
(58.050606 0.026651686 0)
(57.739687 0.024969449 0)
(57.439218 0.023411825 0)
(57.1482 0.021981224 0)
(56.865996 0.020649016 0)
(56.591855 0.019414253 0)
(56.324571 0.018269663 0)
(56.064444 0.017199578 0)
(55.810613 0.016205929 0)
(55.562775 0.015276018 0)
(55.320814 0.014409872 0)
(55.083989 0.013597762 0)
(54.852494 0.012838928 0)
(54.625541 0.012130766 0)
(54.403298 0.011465022 0)
(54.185173 0.010842282 0)
(53.971243 0.010257818 0)
(53.761049 0.0097077176 0)
(53.554632 0.0091914946 0)
(53.351584 0.0087050858 0)
(53.152002 0.0082480834 0)
(52.955416 0.0078172007 0)
(52.762041 0.0074121963 0)
(52.571323 0.0070290899 0)
(52.38362 0.0066687743 0)
(52.19827 0.0063274711 0)
(52.015787 0.0060065207 0)
(51.835343 0.0057021073 0)
(51.657668 0.0054156412 0)
(51.48174 0.0051431894 0)
(51.308534 0.004886851 0)
(51.136777 0.0046430768 0)
(50.967716 0.0044135853 0)
(50.799815 0.0041947171 0)
(50.634632 0.0039895351 0)
(50.470284 0.0037931204 0)
(50.308691 0.0036097182 0)
(50.147663 0.0034357638 0)
(49.989023 0.0032587789 0)
(49.832534 0.0031857294 0)
(49.668176 0.0027713928 0)
(49.541903 0.0034117945 0)
(49.293585 0.0022554276 0)
(68.509441 0.14381694 0)
(68.537105 0.21063486 0)
(68.59774 0.2451357 0)
(68.661547 0.24157862 0)
(68.703375 0.21449376 0)
(68.716902 0.18531481 0)
(68.712587 0.16878762 0)
(68.705642 0.16585901 0)
(68.704621 0.16943588 0)
(68.70958 0.173545 0)
(68.71722 0.17598044 0)
(68.725127 0.17679003 0)
(68.732546 0.17656686 0)
(68.739517 0.17571727 0)
(68.746117 0.17435443 0)
(68.752261 0.17257489 0)
(68.757868 0.17053962 0)
(68.762976 0.16841205 0)
(68.767691 0.16622241 0)
(68.772058 0.16396449 0)
(68.77608 0.16168468 0)
(68.779747 0.15938203 0)
(68.783051 0.15714022 0)
(68.786031 0.15498479 0)
(68.788695 0.15289041 0)
(68.791006 0.15084727 0)
(68.792836 0.14882398 0)
(68.793982 0.14686135 0)
(68.793905 0.14496824 0)
(68.791443 0.1431375 0)
(68.783161 0.14134732 0)
(68.759824 0.13947544 0)
(68.700899 0.13711144 0)
(68.561565 0.13371962 0)
(68.294003 0.12857006 0)
(67.876043 0.12163341 0)
(67.356048 0.11377476 0)
(66.792422 0.10555614 0)
(66.210037 0.097594019 0)
(65.620157 0.090176412 0)
(65.031393 0.083280631 0)
(64.439453 0.076777255 0)
(63.86233 0.070659469 0)
(63.303383 0.065074099 0)
(62.766439 0.059956613 0)
(62.255051 0.055317909 0)
(61.767861 0.051117722 0)
(61.305225 0.047304397 0)
(60.865257 0.043853612 0)
(60.446812 0.040715496 0)
(60.047892 0.037860843 0)
(59.667367 0.035260074 0)
(59.303422 0.032881392 0)
(58.954741 0.030708071 0)
(58.620365 0.028713983 0)
(58.298504 0.026879341 0)
(57.988682 0.025199469 0)
(57.689612 0.023641019 0)
(57.400016 0.02220111 0)
(57.119075 0.020869675 0)
(56.846299 0.019630596 0)
(56.580487 0.018481897 0)
(56.32142 0.017406467 0)
(56.068899 0.016406788 0)
(55.822076 0.015470847 0)
(55.58119 0.014597068 0)
(55.345307 0.013782815 0)
(55.114649 0.013018134 0)
(54.888515 0.012303652 0)
(54.667018 0.011633619 0)
(54.449605 0.011003893 0)
(54.23634 0.010413314 0)
(54.026763 0.0098574585 0)
(53.82096 0.0093356454 0)
(53.618431 0.0088440679 0)
(53.419382 0.0083823383 0)
(53.223228 0.0079459756 0)
(53.030327 0.0075357997 0)
(52.839987 0.0071475888 0)
(52.652721 0.0067827274 0)
(52.467676 0.0064369137 0)
(52.285584 0.0061116312 0)
(52.105396 0.0058024963 0)
(51.928095 0.0055117579 0)
(51.752378 0.0052354498 0)
(51.579506 0.0049754171 0)
(51.407912 0.0047275972 0)
(51.239166 0.004495274 0)
(51.071365 0.0042731156 0)
(50.906425 0.0040654853 0)
(50.742173 0.0038690944 0)
(50.580347 0.0036686229 0)
(50.420898 0.0035856549 0)
(50.253424 0.003120487 0)
(50.124551 0.0038393593 0)
(49.871959 0.0025350227 0)
(68.516841 0.1422879 0)
(68.542648 0.20555209 0)
(68.599511 0.23918629 0)
(68.660169 0.23696572 0)
(68.700755 0.21220552 0)
(68.714796 0.18489561 0)
(68.711686 0.16905664 0)
(68.705635 0.16599273 0)
(68.704919 0.16923182 0)
(68.709836 0.17310282 0)
(68.717348 0.17544765 0)
(68.725154 0.1762626 0)
(68.732511 0.17607975 0)
(68.739439 0.17527464 0)
(68.745999 0.17395822 0)
(68.752109 0.1722257 0)
(68.757684 0.17023382 0)
(68.762758 0.16814147 0)
(68.76743 0.16598251 0)
(68.771747 0.16375276 0)
(68.77572 0.16149761 0)
(68.779346 0.15921932 0)
(68.782631 0.15699809 0)
(68.785629 0.1548614 0)
(68.788376 0.15278626 0)
(68.790869 0.15076272 0)
(68.79306 0.14876438 0)
(68.794886 0.14682568 0)
(68.796245 0.14495193 0)
(68.796988 0.14313959 0)
(68.796612 0.14138045 0)
(68.794031 0.13965011 0)
(68.786238 0.13795242 0)
(68.764863 0.13622203 0)
(68.710823 0.13406422 0)
(68.582919 0.1309158 0)
(68.331763 0.12612971 0)
(67.934631 0.11956742 0)
(67.431826 0.11201617 0)
(66.88564 0.10416139 0)
(66.322418 0.09650112 0)
(65.749113 0.089336148 0)
(65.177556 0.082667947 0)
(64.598753 0.076344018 0)
(64.032004 0.070354958 0)
(63.481045 0.064869375 0)
(62.950265 0.059827513 0)
(62.443734 0.055241884 0)
(61.960483 0.051086318 0)
(61.501275 0.047309897 0)
(61.06419 0.043884405 0)
(60.648303 0.040769322 0)
(60.251853 0.037931704 0)
(59.873295 0.035343803 0)
(59.51141 0.032978617 0)
(59.164422 0.030810624 0)
(58.831572 0.028826949 0)
(58.511554 0.026997909 0)
(58.202951 0.025315935 0)
(57.90544 0.023765681 0)
(57.617482 0.022327441 0)
(57.338134 0.020998257 0)
(57.066751 0.019758243 0)
(56.802666 0.018609038 0)
(56.544925 0.017533268 0)
(56.293825 0.016530233 0)
(56.048235 0.015596998 0)
(55.808477 0.014721284 0)
(55.573696 0.013904214 0)
(55.344054 0.013138598 0)
(55.118891 0.012420179 0)
(54.898296 0.011746874 0)
(54.681744 0.01111393 0)
(54.469318 0.010520286 0)
(54.260472 0.0099615503 0)
(54.055414 0.0094371541 0)
(53.853512 0.0089420505 0)
(53.655134 0.0084769442 0)
(53.459543 0.0080371407 0)
(53.267262 0.0076240377 0)
(53.077397 0.0072328009 0)
(52.890696 0.0068649772 0)
(52.706066 0.00651569 0)
(52.524513 0.0061873377 0)
(52.344685 0.0058754962 0)
(52.167875 0.0055821351 0)
(51.992461 0.0053027617 0)
(51.820052 0.0050408671 0)
(51.648693 0.0047907078 0)
(51.480327 0.004556703 0)
(51.312767 0.0043359739 0)
(51.147694 0.0041099596 0)
(50.985217 0.0040160573 0)
(50.814587 0.0034964533 0)
(50.683056 0.0042992351 0)
(50.426137 0.0028353868 0)
(68.524191 0.14079094 0)
(68.548233 0.20050113 0)
(68.601384 0.23322855 0)
(68.658899 0.23230331 0)
(68.698207 0.20982388 0)
(68.712708 0.18437938 0)
(68.710773 0.1692589 0)
(68.705613 0.16608575 0)
(68.705214 0.16900118 0)
(68.710093 0.17263949 0)
(68.717477 0.17489317 0)
(68.725181 0.17571186 0)
(68.732478 0.17556919 0)
(68.739365 0.17480986 0)
(68.745895 0.17354181 0)
(68.751981 0.17185855 0)
(68.75754 0.1699123 0)
(68.762598 0.16785743 0)
(68.767252 0.16573119 0)
(68.771544 0.1635315 0)
(68.775489 0.16130251 0)
(68.779085 0.15904962 0)
(68.782346 0.15684913 0)
(68.785329 0.15472978 0)
(68.788081 0.15267048 0)
(68.790618 0.1506623 0)
(68.792916 0.14868185 0)
(68.794948 0.14676101 0)
(68.796691 0.14490761 0)
(68.79812 0.14311768 0)
(68.79913 0.14137868 0)
(68.799546 0.13966552 0)
(68.798884 0.13800496 0)
(68.796124 0.13639207 0)
(68.788473 0.13480892 0)
(68.768215 0.13317772 0)
(68.717083 0.13116289 0)
(68.596219 0.12819395 0)
(68.354692 0.12367601 0)
(67.971025 0.11738134 0)
(67.480406 0.11005803 0)
(66.948843 0.10253516 0)
(66.402264 0.095175848 0)
(65.844062 0.088254257 0)
(65.287678 0.081799444 0)
(64.721218 0.075659147 0)
(64.164326 0.069813094 0)
(63.621444 0.06443288 0)
(63.097297 0.059479803 0)
(62.596291 0.054966941 0)
(62.117741 0.050866773 0)
(61.662581 0.04713791 0)
(61.229213 0.043751868 0)
(60.816505 0.040668974 0)
(60.423025 0.037861489 0)
(60.047091 0.035295589 0)
(59.687501 0.032951802 0)
(59.342956 0.030801304 0)
(59.01192 0.028827866 0)
(58.693871 0.027012916 0)
(58.387187 0.025339461 0)
(58.091364 0.023798793 0)
(57.805185 0.022366376 0)
(57.527647 0.021042345 0)
(57.257913 0.01980687 0)
(56.995639 0.0186598 0)
(56.739435 0.017592541 0)
(56.489778 0.016591963 0)
(56.245603 0.015659986 0)
(56.007138 0.014787275 0)
(55.773609 0.013969815 0)
(55.545116 0.013204224 0)
(55.321069 0.012485499 0)
(55.101543 0.011812056 0)
(54.885945 0.011178845 0)
(54.674481 0.010585088 0)
(54.466462 0.01002506 0)
(54.262276 0.0094993283 0)
(54.061123 0.0090026858 0)
(53.863551 0.0085364953 0)
(53.668604 0.0080953467 0)
(53.477064 0.007680833 0)
(53.287771 0.007287537 0)
(53.101777 0.0069180058 0)
(52.91765 0.0065673087 0)
(52.736745 0.0062375386 0)
(52.557355 0.0059237402 0)
(52.381154 0.0056295965 0)
(52.206106 0.0053489531 0)
(52.034211 0.0050862156 0)
(51.863232 0.0048390619 0)
(51.694831 0.0045852562 0)
(51.529232 0.0044792851 0)
(51.355385 0.0039013684 0)
(51.221124 0.0047938688 0)
(50.959793 0.003158064 0)
(68.531468 0.13932482 0)
(68.553854 0.19550171 0)
(68.603392 0.22727646 0)
(68.657759 0.22759833 0)
(68.695736 0.20734947 0)
(68.710634 0.18376079 0)
(68.709834 0.16938825 0)
(68.705565 0.16613394 0)
(68.705495 0.16874121 0)
(68.710349 0.17215312 0)
(68.717611 0.17431597 0)
(68.725214 0.17513678 0)
(68.732447 0.17503406 0)
(68.739293 0.17432171 0)
(68.74579 0.17310386 0)
(68.751856 0.17147192 0)
(68.757404 0.16957346 0)
(68.762458 0.16755816 0)
(68.767105 0.16546659 0)
(68.771389 0.16329886 0)
(68.775321 0.16109772 0)
(68.778904 0.15887169 0)
(68.78215 0.15669312 0)
(68.785119 0.1545917 0)
(68.787861 0.15254826 0)
(68.790397 0.15055444 0)
(68.792718 0.14858872 0)
(68.794812 0.14668158 0)
(68.796681 0.14484256 0)
(68.79833 0.14306821 0)
(68.799735 0.14134654 0)
(68.800843 0.13965521 0)
(68.801528 0.13801557 0)
(68.801629 0.13641884 0)
(68.800699 0.13487255 0)
(68.797737 0.13335669 0)
(68.790035 0.13185563 0)
(68.770252 0.13030926 0)
(68.720294 0.1284167 0)
(68.602632 0.12555965 0)
(68.364719 0.12119902 0)
(67.987985 0.11509906 0)
(67.505875 0.10797258 0)
(66.986645 0.10073383 0)
(66.454416 0.093652121 0)
(65.909889 0.086981974 0)
(65.365999 0.080730061 0)
(64.811093 0.074756809 0)
(64.263977 0.069058704 0)
(63.729308 0.063798963 0)
(63.212248 0.058942789 0)
(62.717265 0.054512138 0)
(62.244085 0.050481218 0)
(61.793547 0.046810724 0)
(61.36437 0.043476772 0)
(60.955436 0.040436306 0)
(60.56529 0.037665937 0)
(60.192608 0.035133188 0)
(59.835779 0.032814316 0)
(59.493859 0.030687624 0)
(59.165326 0.028733779 0)
(58.849486 0.026937871 0)
(58.545064 0.025277133 0)
(58.251106 0.02374826 0)
(57.966941 0.022327212 0)
(57.691381 0.021011111 0)
(57.423504 0.019789828 0)
(57.163024 0.018650144 0)
(56.908582 0.017589269 0)
(56.660511 0.016596278 0)
(56.417896 0.015668011 0)
(56.180843 0.014799201 0)
(55.9487 0.013984768 0)
(55.721519 0.013222448 0)
(55.498664 0.012506444 0)
(55.280328 0.011835729 0)
(55.065765 0.011203784 0)
(54.855384 0.010611022 0)
(54.648303 0.010051628 0)
(54.445117 0.0095269116 0)
(54.244779 0.0090308246 0)
(54.048131 0.0085649835 0)
(53.853912 0.0081233796 0)
(53.663251 0.0077086999 0)
(53.474603 0.0073154577 0)
(53.289416 0.0069458621 0)
(53.105859 0.0065944612 0)
(52.925712 0.0062651086 0)
(52.746814 0.0059512423 0)
(52.571263 0.005657174 0)
(52.396727 0.0053813004 0)
(52.224897 0.0050972378 0)
(52.056061 0.0049779299 0)
(51.878913 0.0043375202 0)
(51.741831 0.0053259529 0)
(51.475976 0.0035047499 0)
(68.538663 0.13788654 0)
(68.559491 0.1905731 0)
(68.605503 0.22134505 0)
(68.656748 0.22285824 0)
(68.693362 0.20478372 0)
(68.708596 0.18303499 0)
(68.708889 0.16943838 0)
(68.705502 0.16613289 0)
(68.70577 0.16844893 0)
(68.710604 0.17164186 0)
(68.717745 0.17371479 0)
(68.725248 0.17453641 0)
(68.732417 0.17447337 0)
(68.73922 0.17380916 0)
(68.745686 0.17264324 0)
(68.75173 0.17106465 0)
(68.757269 0.16921604 0)
(68.762319 0.16724239 0)
(68.766964 0.16518742 0)
(68.771246 0.16305346 0)
(68.775176 0.16088188 0)
(68.778756 0.15868422 0)
(68.782 0.15652892 0)
(68.784964 0.15444651 0)
(68.787698 0.15241981 0)
(68.790227 0.15044075 0)
(68.792548 0.14848965 0)
(68.794654 0.14659538 0)
(68.796559 0.14476819 0)
(68.798281 0.14300502 0)
(68.799823 0.14129528 0)
(68.80116 0.13961875 0)
(68.802249 0.13799486 0)
(68.803045 0.13641783 0)
(68.80345 0.13489248 0)
(68.803287 0.13339386 0)
(68.802104 0.13192726 0)
(68.798893 0.13049918 0)
(68.79097 0.12908769 0)
(68.771102 0.12760804 0)
(68.720778 0.12579093 0)
(68.602647 0.12299886 0)
(68.363165 0.11872443 0)
(67.987959 0.11274106 0)
(67.511592 0.10577461 0)
(67.002891 0.098803452 0)
(66.482794 0.091991155 0)
(65.950283 0.085545324 0)
(65.417555 0.079483163 0)
(64.873125 0.073676097 0)
(64.335536 0.068124413 0)
(63.809037 0.062990855 0)
(63.299249 0.058243376 0)
(62.810549 0.05390446 0)
(62.343097 0.049954049 0)
(61.89769 0.046351809 0)
(61.473135 0.043076148 0)
(61.068503 0.040088292 0)
(60.68224 0.037360522 0)
(60.313094 0.034866016 0)
(59.959576 0.03258059 0)
(59.620637 0.030484483 0)
(59.295002 0.028554252 0)
(58.981591 0.026780346 0)
(58.679656 0.025137809 0)
(58.387837 0.02362368 0)
(58.10589 0.022223445 0)
(57.832506 0.020921015 0)
(57.566619 0.019711831 0)
(57.30804 0.018584321 0)
(57.055499 0.017532158 0)
(56.809125 0.016547601 0)
(56.568188 0.015626196 0)
(56.332711 0.014764633 0)
(56.102015 0.013956336 0)
(55.876265 0.013200028 0)
(55.65467 0.01248822 0)
(55.437637 0.011821167 0)
(55.224213 0.011192344 0)
(55.015032 0.010602989 0)
(54.808948 0.010046301 0)
(54.606875 0.0095239422 0)
(54.407425 0.0090292134 0)
(54.211834 0.0085649534 0)
(54.018403 0.0081250563 0)
(53.828716 0.0077118329 0)
(53.640768 0.0073193042 0)
(53.456492 0.0069514604 0)
(53.273552 0.0066013427 0)
(53.094194 0.0062730732 0)
(52.915938 0.0059659474 0)
(52.740556 0.0056489178 0)
(52.56834 0.0055148545 0)
(52.38779 0.0048074312 0)
(52.247778 0.0058984522 0)
(51.977258 0.0038773072 0)
(68.545756 0.13647179 0)
(68.565131 0.18573367 0)
(68.60775 0.21545087 0)
(68.655894 0.21809116 0)
(68.691093 0.2021284 0)
(68.706595 0.18219766 0)
(68.707929 0.16940302 0)
(68.705415 0.16607809 0)
(68.706031 0.16812129 0)
(68.710857 0.17110356 0)
(68.717884 0.17308835 0)
(68.725287 0.17390968 0)
(68.73239 0.17388606 0)
(68.739147 0.17327112 0)
(68.745578 0.17215889 0)
(68.751599 0.17063565 0)
(68.757128 0.16883899 0)
(68.762177 0.16690908 0)
(68.766821 0.16489261 0)
(68.771104 0.16279424 0)
(68.775036 0.16065395 0)
(68.778619 0.15848615 0)
(68.781867 0.15635554 0)
(68.784832 0.15429334 0)
(68.787566 0.15228441 0)
(68.790093 0.15032096 0)
(68.792411 0.14838513 0)
(68.794517 0.14650406 0)
(68.79643 0.14468847 0)
(68.798173 0.1429356 0)
(68.799757 0.14123566 0)
(68.801175 0.13956962 0)
(68.802407 0.13795634 0)
(68.803442 0.13639223 0)
(68.804255 0.1348811 0)
(68.804799 0.13340058 0)
(68.804956 0.13195478 0)
(68.804537 0.1305451 0)
(68.803103 0.12916604 0)
(68.799627 0.12781201 0)
(68.791315 0.12646819 0)
(68.770776 0.12505048 0)
(68.718585 0.12328467 0)
(68.596549 0.1204987 0)
(68.350936 0.11623425 0)
(67.972792 0.11032861 0)
(67.500837 0.10351903 0)
(67.000828 0.096768855 0)
(66.491003 0.09020324 0)
(65.968888 0.083970941 0)
(65.446361 0.078089476 0)
(64.91138 0.072446492 0)
(64.382419 0.067044827 0)
(63.863822 0.062038307 0)
(63.361405 0.057407341 0)
(62.879303 0.05316775 0)
(62.417986 0.049302978 0)
(61.978145 0.045777927 0)
(61.558753 0.04256654 0)
(61.158781 0.039636377 0)
(60.776839 0.03695908 0)
(60.411624 0.034509891 0)
(60.061809 0.032262231 0)
(59.726129 0.030200532 0)
(59.403619 0.028298943 0)
(59.092913 0.026549775 0)
(58.793653 0.024934873 0)
(58.504466 0.02344178 0)
(58.224769 0.022060469 0)
(57.95366 0.020776294 0)
(57.689914 0.019581411 0)
(57.433344 0.018467011 0)
(57.182806 0.017426294 0)
(56.938294 0.016453606 0)
(56.699082 0.015542259 0)
(56.465295 0.014690511 0)
(56.236103 0.013889765 0)
(56.011891 0.013140191 0)
(55.791652 0.012434358 0)
(55.576032 0.011773443 0)
(55.363797 0.011149764 0)
(55.155929 0.010565055 0)
(54.9509 0.01001178 0)
(54.750073 0.0094929903 0)
(54.551557 0.0090018317 0)
(54.357116 0.0085407421 0)
(54.164515 0.0081031604 0)
(53.975901 0.0076931736 0)
(53.788692 0.0073034476 0)
(53.605354 0.0069377952 0)
(53.423183 0.0065966167 0)
(53.244105 0.0062436335 0)
(53.068342 0.0060932261 0)
(52.884267 0.0053138865 0)
(52.741197 0.0065146353 0)
(52.465841 0.0042777836 0)
(68.552742 0.13507542 0)
(68.570758 0.18100021 0)
(68.6101 0.2096114 0)
(68.655187 0.21330575 0)
(68.688947 0.19938612 0)
(68.704649 0.18124524 0)
(68.706973 0.16927576 0)
(68.705313 0.16596477 0)
(68.706284 0.16775511 0)
(68.711109 0.17053608 0)
(68.718024 0.1724352 0)
(68.725327 0.17325554 0)
(68.732363 0.17327107 0)
(68.739074 0.17270652 0)
(68.745469 0.17164971 0)
(68.751467 0.17018387 0)
(68.756984 0.16844125 0)
(68.762029 0.16655724 0)
(68.766673 0.16458124 0)
(68.770957 0.1625203 0)
(68.774892 0.16041304 0)
(68.77848 0.15827661 0)
(68.781735 0.15617213 0)
(68.784708 0.15413139 0)
(68.787446 0.15214134 0)
(68.789974 0.15019448 0)
(68.792294 0.14827477 0)
(68.794402 0.14640757 0)
(68.796317 0.14460402 0)
(68.798064 0.14286168 0)
(68.799661 0.14117127 0)
(68.801103 0.13951484 0)
(68.802384 0.13791031 0)
(68.803504 0.13635503 0)
(68.804465 0.1348528 0)
(68.805253 0.13338395 0)
(68.805826 0.13195186 0)
(68.806129 0.13055872 0)
(68.806057 0.12919971 0)
(68.805416 0.12786502 0)
(68.803734 0.12655314 0)
(68.799945 0.12527171 0)
(68.791064 0.12399499 0)
(68.769255 0.12261783 0)
(68.713648 0.12086334 0)
(68.584276 0.11804765 0)
(68.328609 0.11374076 0)
(67.944385 0.10785882 0)
(67.475144 0.10119311 0)
(66.982487 0.094653652 0)
(66.481611 0.088310119 0)
(65.968809 0.08229129 0)
(65.454389 0.07658178 0)
(64.928193 0.07109141 0)
(64.407392 0.06584181 0)
(63.896622 0.060964029 0)
(63.401773 0.056452442 0)
(62.926527 0.052319083 0)
(62.471769 0.048545319 0)
(62.037829 0.045102751 0)
(61.623961 0.041962828 0)
(61.229015 0.039096979 0)
(60.851764 0.036474611 0)
(60.490792 0.034075157 0)
(60.144911 0.031870019 0)
(59.81274 0.029845382 0)
(59.493527 0.027980425 0)
(59.186038 0.026262133 0)
(58.889564 0.02467522 0)
(58.603123 0.023207216 0)
(58.325845 0.021846797 0)
(58.057117 0.020581684 0)
(57.79565 0.019403486 0)
(57.541255 0.018305957 0)
(57.29275 0.017279883 0)
(57.050211 0.016321412 0)
(56.812772 0.015421462 0)
(56.580779 0.014579996 0)
(56.353178 0.013788508 0)
(56.130608 0.013048191 0)
(55.911764 0.012350274 0)
(55.697669 0.011696625 0)
(55.48667 0.011078687 0)
(55.280247 0.010499814 0)
(55.076305 0.0099522145 0)
(54.876814 0.0094385327 0)
(54.679261 0.0089514992 0)
(54.486065 0.0084953042 0)
(54.294328 0.0080622314 0)
(54.106809 0.0076556627 0)
(53.920495 0.0072773246 0)
(53.737556 0.0068850867 0)
(53.55805 0.0067165547 0)
(53.370307 0.0058599647 0)
(53.22403 0.0071781097 0)
(52.943639 0.0047084332 0)
(68.559602 0.13369202 0)
(68.576356 0.17638755 0)
(68.612578 0.20384506 0)
(68.65466 0.20851169 0)
(68.686936 0.19656002 0)
(68.702762 0.18017495 0)
(68.706014 0.16905035 0)
(68.70519 0.16578812 0)
(68.706523 0.16734712 0)
(68.711359 0.16993698 0)
(68.718168 0.17175381 0)
(68.725374 0.17257283 0)
(68.73234 0.17262728 0)
(68.739001 0.17211424 0)
(68.745358 0.1711146 0)
(68.75133 0.16970818 0)
(68.756835 0.16802178 0)
(68.761877 0.16618589 0)
(68.76652 0.16425237 0)
(68.770805 0.16223077 0)
(68.774743 0.16015835 0)
(68.778337 0.15805483 0)
(68.781601 0.15597795 0)
(68.784581 0.15395997 0)
(68.787326 0.15198995 0)
(68.78986 0.15006073 0)
(68.792184 0.14815805 0)
(68.794296 0.14630552 0)
(68.796214 0.14451471 0)
(68.797965 0.14278341 0)
(68.799566 0.14110287 0)
(68.801016 0.13945619 0)
(68.802311 0.13786014 0)
(68.80346 0.13631277 0)
(68.804472 0.13481768 0)
(68.805348 0.13335665 0)
(68.806072 0.13193285 0)
(68.806624 0.13054992 0)
(68.806978 0.12920372 0)
(68.807076 0.12788448 0)
(68.8068 0.12659218 0)
(68.805947 0.12533048 0)
(68.804019 0.12408668 0)
(68.799873 0.12286089 0)
(68.790207 0.12163554 0)
(68.766451 0.12029385 0)
(68.705669 0.11852116 0)
(68.565766 0.11562607 0)
(68.29625 0.11123179 0)
(67.903543 0.10534074 0)
(67.435693 0.098800638 0)
(66.949694 0.092479315 0)
(66.456498 0.086350526 0)
(65.95203 0.080527989 0)
(65.444301 0.074977909 0)
(64.926341 0.069631058 0)
(64.413386 0.064532166 0)
(63.910342 0.059786138 0)
(63.423181 0.055397341 0)
(62.954955 0.051374487 0)
(62.507012 0.047697781 0)
(62.079252 0.044343381 0)
(61.671232 0.041278915 0)
(61.281621 0.038482089 0)
(60.909271 0.035919328 0)
(60.552781 0.033572081 0)
(60.211006 0.031415707 0)
(59.882765 0.02943397 0)
(59.567033 0.027607891 0)
(59.262876 0.025924011 0)
(58.969353 0.024366808 0)
(58.685763 0.022924623 0)
(58.41109 0.021587126 0)
(58.144909 0.02034501 0)
(57.885786 0.0191868 0)
(57.633676 0.01810843 0)
(57.387242 0.017098169 0)
(57.146779 0.016154093 0)
(56.911188 0.015267174 0)
(56.681087 0.014438542 0)
(56.455105 0.013658138 0)
(56.234288 0.012928083 0)
(56.016876 0.012238554 0)
(55.804437 0.011593334 0)
(55.594691 0.010983449 0)
(55.389802 0.010411884 0)
(55.186964 0.0098704533 0)
(54.988903 0.0093635195 0)
(54.792341 0.0088829167 0)
(54.600409 0.0084315017 0)
(54.409694 0.0080125434 0)
(54.222702 0.0075773929 0)
(54.039229 0.0073887382 0)
(53.847649 0.006449075 0)
(53.697998 0.007892863 0)
(53.412342 0.0051717428 0)
(68.566335 0.13231589 0)
(68.581913 0.17190817 0)
(68.615156 0.19817051 0)
(68.6543 0.20371941 0)
(68.685072 0.19365394 0)
(68.700953 0.17898487 0)
(68.705069 0.16872101 0)
(68.705056 0.16554333 0)
(68.706754 0.16689382 0)
(68.711606 0.16930349 0)
(68.718314 0.17104242 0)
(68.725422 0.17186036 0)
(68.73232 0.17195358 0)
(68.738929 0.17149315 0)
(68.745247 0.17055241 0)
(68.751192 0.16920746 0)
(68.756683 0.16757946 0)
(68.761719 0.16579399 0)
(68.766361 0.16390508 0)
(68.770647 0.16192478 0)
(68.774589 0.15988907 0)
(68.778188 0.15782007 0)
(68.78146 0.15577233 0)
(68.784449 0.15377845 0)
(68.787202 0.15182964 0)
(68.789742 0.14991916 0)
(68.792072 0.14803446 0)
(68.79419 0.14619748 0)
(68.796115 0.14442015 0)
(68.797871 0.14270055 0)
(68.799475 0.14103044 0)
(68.800929 0.13939393 0)
(68.802231 0.13780661 0)
(68.803389 0.13626723 0)
(68.804418 0.13477902 0)
(68.805324 0.13332488 0)
(68.8061 0.13190758 0)
(68.806743 0.13053125 0)
(68.807249 0.12919228 0)
(68.807601 0.12788232 0)
(68.807761 0.12660228 0)
(68.807671 0.12535487 0)
(68.807216 0.1241299 0)
(68.806175 0.1229245 0)
(68.803992 0.12173504 0)
(68.799417 0.12056557 0)
(68.788698 0.11938698 0)
(68.762256 0.11805971 0)
(68.694245 0.11623754 0)
(68.540393 0.11322209 0)
(68.253564 0.10869385 0)
(67.850633 0.10278537 0)
(67.384647 0.096384115 0)
(66.90447 0.090262945 0)
(66.417551 0.084331972 0)
(65.92081 0.078689839 0)
(65.418756 0.0732917 0)
(64.908433 0.068085075 0)
(64.402894 0.063135898 0)
(63.907426 0.058522327 0)
(63.427994 0.054260177 0)
(62.966911 0.050351769 0)
(62.526008 0.046774875 0)
(62.104687 0.043513303 0)
(61.702658 0.04052862 0)
(61.31864 0.037802524 0)
(60.951369 0.035304542 0)
(60.599654 0.033014878 0)
(60.262172 0.030910572 0)
(59.937968 0.028974966 0)
(59.625878 0.027189166 0)
(59.325158 0.025540055 0)
(59.034765 0.024013997 0)
(58.754188 0.022601893 0)
(58.482238 0.021290723 0)
(58.21872 0.020073719 0)
(57.962004 0.018936574 0)
(57.712282 0.017877369 0)
(57.467982 0.016884436 0)
(57.229686 0.015957316 0)
(56.995962 0.015085114 0)
(56.76786 0.01427016 0)
(56.543528 0.013501177 0)
(56.32459 0.012782511 0)
(56.108617 0.012103731 0)
(55.897919 0.01146833 0)
(55.689432 0.010866915 0)
(55.486168 0.010304186 0)
(55.284457 0.0097713516 0)
(55.087838 0.0092707107 0)
(54.892432 0.0088072679 0)
(54.701163 0.0083251395 0)
(54.513473 0.008114115 0)
(54.317855 0.007085 0)
(54.164648 0.0086633056 0)
(53.873458 0.0056704637 0)
(68.572926 0.13094165 0)
(68.587411 0.16757219 0)
(68.617848 0.19260647 0)
(68.654135 0.19894057 0)
(68.683372 0.19067237 0)
(68.699229 0.17767373 0)
(68.704139 0.16828265 0)
(68.704907 0.16522529 0)
(68.706972 0.16639149 0)
(68.711853 0.168633 0)
(68.718465 0.1702992 0)
(68.725477 0.17111682 0)
(68.732303 0.17124878 0)
(68.738859 0.17084206 0)
(68.745135 0.16996198 0)
(68.751051 0.16868054 0)
(68.756527 0.16711318 0)
(68.761557 0.1653805 0)
(68.766197 0.16353837 0)
(68.770483 0.16160141 0)
(68.774428 0.15960437 0)
(68.778033 0.15757154 0)
(68.781313 0.15555456 0)
(68.784312 0.15358618 0)
(68.787073 0.15165983 0)
(68.78962 0.14976922 0)
(68.791957 0.1479035 0)
(68.794082 0.14608301 0)
(68.796014 0.14431996 0)
(68.797776 0.14261278 0)
(68.799385 0.14095373 0)
(68.800843 0.13932794 0)
(68.80215 0.13774981 0)
(68.803313 0.13621875 0)
(68.804349 0.1347376 0)
(68.805265 0.13329036 0)
(68.806059 0.13187932 0)
(68.806733 0.13050867 0)
(68.807292 0.12917508 0)
(68.807735 0.12787095 0)
(68.808049 0.12659751 0)
(68.808218 0.12535822 0)
(68.808211 0.12414477 0)
(68.807965 0.12295315 0)
(68.807348 0.12178172 0)
(68.806127 0.12063346 0)
(68.803677 0.11949564 0)
(68.798592 0.11837014 0)
(68.786479 0.1172323 0)
(68.756431 0.11590556 0)
(68.67874 0.11399323 0)
(68.507027 0.11081732 0)
(68.200457 0.10612284 0)
(67.786847 0.1001963 0)
(67.32289 0.093941757 0)
(66.84846 0.088005958 0)
(66.366774 0.082264356 0)
(65.876938 0.076794507 0)
(65.379571 0.07154092 0)
(64.876432 0.06646986 0)
(64.377975 0.061670628 0)
(63.889991 0.057190682 0)
(63.418314 0.053055667 0)
(62.964523 0.049265862 0)
(62.530678 0.04579158 0)
(62.116104 0.042623113 0)
(61.720189 0.03972375 0)
(61.34191 0.037073054 0)
(60.979849 0.034643231 0)
(60.633009 0.032413853 0)
(60.299983 0.030362545 0)
(59.979927 0.02847299 0)
(59.671633 0.026728338 0)
(59.3745 0.025118232 0)
(59.08736 0.023626531 0)
(58.809921 0.022246626 0)
(58.540796 0.020962798 0)
(58.280048 0.019770681 0)
(58.025816 0.01865607 0)
(57.778567 0.01761868 0)
(57.536409 0.016644543 0)
(57.300382 0.015735022 0)
(57.068548 0.014877714 0)
(56.842569 0.01407753 0)
(56.619881 0.013322368 0)
(56.402906 0.01261639 0)
(56.18836 0.011948673 0)
(55.979498 0.011324477 0)
(55.772283 0.010734095 0)
(55.570654 0.010179349 0)
(55.370242 0.0096670856 0)
(55.174427 0.0091334474 0)
(54.982248 0.0088975245 0)
(54.782353 0.0077719463 0)
(54.625396 0.0094943238 0)
(54.328361 0.0062076516 0)
(68.579376 0.1295646 0)
(68.592842 0.16338707 0)
(68.620628 0.18717089 0)
(68.65415 0.19418758 0)
(68.681845 0.18762071 0)
(68.697605 0.17624121 0)
(68.703237 0.1677307 0)
(68.70475 0.16482858 0)
(68.70718 0.16583638 0)
(68.712096 0.16792319 0)
(68.718617 0.16952226 0)
(68.725535 0.17034082 0)
(68.73229 0.17051169 0)
(68.738791 0.17015975 0)
(68.745023 0.16934207 0)
(68.750908 0.16812621 0)
(68.756367 0.16662173 0)
(68.76139 0.16494429 0)
(68.766027 0.16315122 0)
(68.770314 0.1612597 0)
(68.77426 0.15930338 0)
(68.777871 0.15730846 0)
(68.78116 0.15532391 0)
(68.784168 0.15338253 0)
(68.786937 0.15147994 0)
(68.789492 0.14961041 0)
(68.791836 0.14776471 0)
(68.793969 0.14596166 0)
(68.795909 0.14421375 0)
(68.797677 0.14251975 0)
(68.799292 0.14087244 0)
(68.800756 0.13925799 0)
(68.802067 0.13768959 0)
(68.803236 0.13616731 0)
(68.804277 0.13469359 0)
(68.805198 0.13325351 0)
(68.805999 0.13184887 0)
(68.806684 0.13048386 0)
(68.807261 0.12915538 0)
(68.807735 0.12785618 0)
(68.808102 0.12658743 0)
(68.808362 0.12535289 0)
(68.80851 0.1241452 0)
(68.808528 0.12296115 0)
(68.808374 0.12180062 0)
(68.807991 0.12066558 0)
(68.807234 0.11954472 0)
(68.805846 0.11844225 0)
(68.803102 0.11735226 0)
(68.797395 0.1162682 0)
(68.78345 0.11516141 0)
(68.748549 0.11381473 0)
(68.658193 0.11176664 0)
(68.464809 0.10839778 0)
(68.136812 0.10350497 0)
(67.713665 0.097570153 0)
(67.251702 0.091483889 0)
(66.782496 0.085726444 0)
(66.305194 0.0801608 0)
(65.821767 0.074853148 0)
(65.328366 0.069739801 0)
(64.832091 0.064802425 0)
(64.340453 0.060150018 0)
(63.859936 0.055807061 0)
(63.395905 0.05179848 0)
(62.949707 0.048127179 0)
(62.522827 0.044762361 0)
(62.115004 0.041689849 0)
(61.72528 0.038878143 0)
(61.352849 0.036304472 0)
(60.996174 0.033943126 0)
(60.654323 0.0317736 0)
(60.325889 0.029775582 0)
(60.010124 0.027936044 0)
(59.705732 0.026235481 0)
(59.412308 0.024666303 0)
(59.12852 0.023209753 0)
(58.854329 0.021861715 0)
(58.588125 0.020606684 0)
(58.330227 0.019442088 0)
(58.078501 0.018351275 0)
(57.833822 0.017336187 0)
(57.593821 0.016380801 0)
(57.360185 0.015489931 0)
(57.130222 0.014649954 0)
(56.906445 0.01386573 0)
(56.685375 0.013124573 0)
(56.470459 0.012432492 0)
(56.257346 0.011778551 0)
(56.050324 0.011164235 0)
(55.844562 0.010598257 0)
(55.643886 0.010008055 0)
(55.446924 0.0097443761 0)
(55.242466 0.0085146043 0)
(55.081552 0.010391339 0)
(54.778317 0.006786709 0)
(68.585673 0.12818103 0)
(68.598191 0.15935781 0)
(68.623506 0.18188075 0)
(68.65437 0.18947398 0)
(68.680506 0.18450528 0)
(68.696092 0.17468791 0)
(68.702367 0.16706109 0)
(68.704588 0.16434814 0)
(68.70738 0.16522489 0)
(68.71234 0.1671713 0)
(68.718776 0.16870954 0)
(68.7256 0.16953092 0)
(68.732282 0.16974106 0)
(68.738726 0.16944501 0)
(68.744912 0.16869146 0)
(68.750764 0.16754322 0)
(68.756204 0.16610394 0)
(68.761219 0.16448421 0)
(68.765852 0.16274257 0)
(68.770138 0.16089866 0)
(68.774087 0.15898519 0)
(68.777703 0.15702999 0)
(68.781001 0.15507963 0)
(68.784018 0.15316681 0)
(68.786796 0.15128937 0)
(68.789358 0.14944218 0)
(68.79171 0.14761758 0)
(68.793851 0.14583301 0)
(68.795799 0.14410111 0)
(68.797574 0.1424211 0)
(68.799195 0.14078626 0)
(68.800665 0.1391838 0)
(68.801982 0.13762572 0)
(68.803157 0.13611273 0)
(68.804202 0.13464689 0)
(68.805128 0.13321436 0)
(68.805933 0.13181644 0)
(68.806623 0.13045727 0)
(68.807208 0.129134 0)
(68.807692 0.12783967 0)
(68.808078 0.1265753 0)
(68.808368 0.1253446 0)
(68.808569 0.12414074 0)
(68.808677 0.12296085 0)
(68.80868 0.12180543 0)
(68.808565 0.12067717 0)
(68.808294 0.11956671 0)
(68.807798 0.1184773 0)
(68.806918 0.1174028 0)
(68.805368 0.11634474 0)
(68.802292 0.11529651 0)
(68.79581 0.11424855 0)
(68.779428 0.11316359 0)
(68.738026 0.11177393 0)
(68.631715 0.10953724 0)
(68.412129 0.10592492 0)
(68.062386 0.100839 0)
(67.631264 0.094925873 0)
(67.171678 0.089019464 0)
(66.707419 0.083428443 0)
(66.233921 0.078031019 0)
(65.75639 0.072878174 0)
(65.266568 0.067898485 0)
(64.776883 0.06309714 0)
(64.292035 0.058587879 0)
(63.818872 0.054385554 0)
(63.362044 0.05050782 0)
(62.923423 0.046954239 0)
(62.503606 0.043699425 0)
(62.102682 0.040723088 0)
(61.71935 0.037998755 0)
(61.352875 0.035501413 0)
(61.001731 0.033208075 0)
(60.665013 0.031102098 0)
(60.341246 0.029160092 0)
(60.029863 0.027372149 0)
(59.729446 0.025716145 0)
(59.439833 0.02418728 0)
(59.159481 0.022767184 0)
(58.88861 0.021453642 0)
(58.625375 0.020228447 0)
(58.370422 0.019091639 0)
(58.121227 0.018024369 0)
(57.879235 0.017032645 0)
(57.64136 0.016098451 0)
(57.410187 0.015227299 0)
(57.182058 0.014404676 0)
(56.960575 0.01363741 0)
(56.74112 0.012913114 0)
(56.528264 0.012233066 0)
(56.316774 0.011607835 0)
(56.110865 0.010955406 0)
(55.908799 0.010660728 0)
(55.699445 0.0093182206 0)
(55.534351 0.011360373 0)
(55.22451 0.0074114344 0)
(68.591822 0.12678841 0)
(68.603453 0.15548706 0)
(68.626457 0.17675114 0)
(68.654778 0.1848137 0)
(68.679362 0.18133331 0)
(68.694703 0.17301554 0)
(68.701543 0.16627064 0)
(68.704426 0.1637791 0)
(68.707572 0.16455343 0)
(68.712581 0.16637454 0)
(68.718936 0.16785892 0)
(68.725669 0.16868557 0)
(68.732279 0.16893562 0)
(68.738664 0.16869657 0)
(68.744802 0.16800889 0)
(68.75062 0.16693032 0)
(68.756039 0.16555853 0)
(68.761044 0.16399908 0)
(68.765673 0.16231129 0)
(68.769957 0.16051724 0)
(68.773907 0.15864884 0)
(68.777529 0.15673524 0)
(68.780835 0.1548209 0)
(68.783861 0.15293831 0)
(68.786648 0.15108746 0)
(68.789218 0.14926396 0)
(68.791577 0.14746161 0)
(68.793727 0.1456966 0)
(68.795683 0.14398166 0)
(68.797466 0.1423165 0)
(68.799094 0.14069489 0)
(68.80057 0.13910509 0)
(68.801893 0.13755797 0)
(68.803073 0.1360548 0)
(68.804124 0.13459734 0)
(68.805054 0.13317279 0)
(68.805864 0.13178197 0)
(68.806559 0.13042897 0)
(68.807148 0.12911114 0)
(68.807637 0.12782185 0)
(68.80803 0.12656193 0)
(68.808331 0.125335 0)
(68.808549 0.12413461 0)
(68.808686 0.12295797 0)
(68.808742 0.12180568 0)
(68.808717 0.12068076 0)
(68.808603 0.11957485 0)
(68.808383 0.11849172 0)
(68.808015 0.11742712 0)
(68.807429 0.11638212 0)
(68.806442 0.11534759 0)
(68.804733 0.11433023 0)
(68.801271 0.11332081 0)
(68.793754 0.11230412 0)
(68.77424 0.11122027 0)
(68.723559 0.10975063 0)
(68.597269 0.10728802 0)
(68.348241 0.10340117 0)
(67.977455 0.098129625 0)
(67.540228 0.092266883 0)
(67.083463 0.086555014 0)
(66.62375 0.081118327 0)
(66.154025 0.075881289 0)
(65.681687 0.07087851 0)
(65.195844 0.066034053 0)
(64.711255 0.061376436 0)
(64.232835 0.057002723 0)
(63.767243 0.052938141 0)
(63.317841 0.049190822 0)
(62.887005 0.045754239 0)
(62.474484 0.042608833 0)
(62.080543 0.039727629 0)
(61.703803 0.037089035 0)
(61.343415 0.03467204 0)
(60.997811 0.03244935 0)
(60.666264 0.030407951 0)
(60.347194 0.028521854 0)
(60.040283 0.026784409 0)
(59.743902 0.025174046 0)
(59.458166 0.023687919 0)
(59.181296 0.022304931 0)
(58.913839 0.021025974 0)
(58.653615 0.019830153 0)
(58.401713 0.018722179 0)
(58.155021 0.017680904 0)
(57.915784 0.01671349 0)
(57.679985 0.015800319 0)
(57.45136 0.014949621 0)
(57.225058 0.014147334 0)
(57.005862 0.01339456 0)
(56.788222 0.012703799 0)
(56.576647 0.011982767 0)
(56.36913 0.011653394 0)
(56.154487 0.010188682 0)
(55.984975 0.012408134 0)
(55.668067 0.0080860771 0)
(68.597815 0.12538561 0)
(68.608613 0.15177519 0)
(68.629484 0.17179517 0)
(68.655392 0.18022131 0)
(68.678427 0.1781133 0)
(68.693451 0.1712267 0)
(68.700772 0.16535702 0)
(68.704269 0.163117 0)
(68.70776 0.16381824 0)
(68.712825 0.16553004 0)
(68.719105 0.16696817 0)
(68.725747 0.16780313 0)
(68.732282 0.16809405 0)
(68.738607 0.16791315 0)
(68.744695 0.16729306 0)
(68.750475 0.16628623 0)
(68.755871 0.16498425 0)
(68.760865 0.16348767 0)
(68.765488 0.16185624 0)
(68.76977 0.16011439 0)
(68.773722 0.15829331 0)
(68.777348 0.1564233 0)
(68.780663 0.15454689 0)
(68.783698 0.15269628 0)
(68.786493 0.15087355 0)
(68.789072 0.14907513 0)
(68.791439 0.14729625 0)
(68.793597 0.14555194 0)
(68.795561 0.14385497 0)
(68.797353 0.14220554 0)
(68.798987 0.14059798 0)
(68.80047 0.13902155 0)
(68.8018 0.13748606 0)
(68.802986 0.1359933 0)
(68.804042 0.13454475 0)
(68.804977 0.13312864 0)
(68.805792 0.13174535 0)
(68.806491 0.13039887 0)
(68.807084 0.12908682 0)
(68.807578 0.12780282 0)
(68.807974 0.12654756 0)
(68.80828 0.1253245 0)
(68.808505 0.12412763 0)
(68.808652 0.12295414 0)
(68.808725 0.12180461 0)
(68.808728 0.12068208 0)
(68.808666 0.11957868 0)
(68.808535 0.11849831 0)
(68.808327 0.11743773 0)
(68.808027 0.11639851 0)
(68.807587 0.11537358 0)
(68.806931 0.11436934 0)
(68.805852 0.11337183 0)
(68.803965 0.112391 0)
(68.800057 0.11141646 0)
(68.791049 0.11042908 0)
(68.767246 0.1093239 0)
(68.703984 0.10772874 0)
(68.553158 0.10499288 0)
(68.272418 0.10081153 0)
(67.882364 0.095384718 0)
(67.44099 0.089602191 0)
(66.987945 0.084092246 0)
(66.532038 0.078798814 0)
(66.066906 0.0737389 0)
(65.596159 0.068874003 0)
(65.115159 0.064148161 0)
(64.636023 0.05963534 0)
(64.164389 0.055398098 0)
(63.706598 0.051470698 0)
(63.2649 0.047853617 0)
(62.841889 0.044532102 0)
(62.436969 0.041493332 0)
(62.050043 0.038713051 0)
(61.679791 0.036162491 0)
(61.325469 0.033825801 0)
(60.985402 0.031672677 0)
(60.65911 0.029694038 0)
(60.344787 0.027864617 0)
(60.042402 0.02617978 0)
(59.750087 0.024615266 0)
(59.468311 0.023171656 0)
(59.194958 0.021825032 0)
(58.931006 0.020581725 0)
(58.673771 0.019417694 0)
(58.424986 0.018339312 0)
(58.180748 0.0173237 0)
(57.944338 0.016380931 0)
(57.710609 0.015491976 0)
(57.484508 0.014658586 0)
(57.260244 0.013895199 0)
(57.042504 0.013098368 0)
(56.829151 0.012730071 0)
(56.608762 0.011132621 0)
(56.434572 0.013542113 0)
(56.110076 0.0088154058 0)
(68.603656 0.12397286 0)
(68.613675 0.1482211 0)
(68.632569 0.16702326 0)
(68.656193 0.17571111 0)
(68.677703 0.17485464 0)
(68.692345 0.16932521 0)
(68.700064 0.16431896 0)
(68.704123 0.16235792 0)
(68.707944 0.16301568 0)
(68.713068 0.164635 0)
(68.719278 0.16603503 0)
(68.725831 0.16688189 0)
(68.732292 0.167215 0)
(68.738554 0.16709346 0)
(68.74459 0.16654268 0)
(68.750331 0.16560961 0)
(68.755702 0.16437979 0)
(68.760683 0.16294869 0)
(68.765299 0.16137621 0)
(68.769578 0.15968894 0)
(68.77353 0.15791755 0)
(68.777162 0.15609319 0)
(68.780484 0.1542567 0)
(68.783528 0.15243991 0)
(68.786332 0.15064691 0)
(68.788919 0.14887507 0)
(68.791294 0.14712093 0)
(68.793461 0.14539852 0)
(68.795434 0.14372057 0)
(68.797234 0.14208785 0)
(68.798876 0.14049519 0)
(68.800364 0.1389329 0)
(68.801701 0.13740974 0)
(68.802894 0.13592799 0)
(68.803956 0.13448892 0)
(68.804896 0.13308174 0)
(68.805716 0.13170644 0)
(68.80642 0.13036688 0)
(68.807017 0.12906093 0)
(68.807514 0.12778254 0)
(68.807915 0.1265322 0)
(68.808225 0.12531323 0)
(68.808453 0.12412003 0)
(68.808605 0.12294978 0)
(68.808684 0.12180303 0)
(68.808697 0.12068272 0)
(68.808651 0.11958146 0)
(68.808547 0.11850291 0)
(68.80839 0.11744419 0)
(68.808178 0.11640711 0)
(68.807902 0.11538593 0)
(68.807544 0.114387 0)
(68.807054 0.11339886 0)
(68.806344 0.11243139 0)
(68.805188 0.11146891 0)
(68.803082 0.11052119 0)
(68.798588 0.10957646 0)
(68.787471 0.10861488 0)
(68.757829 0.10746055 0)
(68.67778 0.10568306 0)
(68.497583 0.10263679 0)
(68.184311 0.098145776 0)
(67.778283 0.092612995 0)
(67.334201 0.086938387 0)
(66.886125 0.081647574 0)
(66.432821 0.076517316 0)
(65.972143 0.071602276 0)
(65.502314 0.066855942 0)
(65.026449 0.062249238 0)
(64.55293 0.057880808 0)
(64.088407 0.053781889 0)
(63.638463 0.049988043 0)
(63.204815 0.046499811 0)
(62.789392 0.043301831 0)
(62.391868 0.040370139 0)
(62.01193 0.037688839 0)
(61.648164 0.035223844 0)
(61.300022 0.032964655 0)
(60.965538 0.030881621 0)
(60.644533 0.028967561 0)
(60.334956 0.027194486 0)
(60.037158 0.0255616 0)
(59.748921 0.024041881 0)
(59.471174 0.022641777 0)
(59.201303 0.021333716 0)
(58.940923 0.020126622 0)
(58.686629 0.018993713 0)
(58.441072 0.017945015 0)
(58.19925 0.016958622 0)
(57.96561 0.016036293 0)
(57.734185 0.015192263 0)
(57.509712 0.01431155 0)
(57.290097 0.013899448 0)
(57.063428 0.01215757 0)
(56.884284 0.014770715 0)
(56.551601 0.0096048009 0)
(68.609343 0.1225516 0)
(68.618626 0.14482199 0)
(68.635708 0.16244302 0)
(68.657191 0.17129722 0)
(68.677203 0.17156799 0)
(68.691398 0.16731603 0)
(68.699431 0.16315618 0)
(68.703997 0.16149844 0)
(68.70813 0.16214215 0)
(68.713317 0.16368656 0)
(68.71946 0.16505715 0)
(68.725926 0.16592006 0)
(68.73231 0.16629705 0)
(68.738508 0.16623617 0)
(68.744489 0.1657564 0)
(68.750188 0.16489913 0)
(68.755533 0.16374379 0)
(68.760498 0.16238086 0)
(68.765106 0.16086997 0)
(68.76938 0.15923975 0)
(68.773333 0.15752047 0)
(68.776968 0.1557439 0)
(68.780298 0.15394939 0)
(68.783352 0.15216835 0)
(68.786165 0.15040679 0)
(68.788759 0.14866308 0)
(68.791143 0.14693504 0)
(68.793319 0.14523579 0)
(68.795301 0.14357799 0)
(68.797109 0.14196298 0)
(68.798758 0.14038615 0)
(68.800254 0.13883878 0)
(68.801598 0.13732872 0)
(68.802797 0.13585863 0)
(68.803865 0.13442964 0)
(68.80481 0.1330319 0)
(68.805635 0.13166507 0)
(68.806344 0.13033286 0)
(68.806946 0.12903339 0)
(68.807447 0.12776094 0)
(68.807852 0.1265158 0)
(68.808165 0.12530117 0)
(68.808397 0.12411184 0)
(68.808553 0.122945 0)
(68.808635 0.12180116 0)
(68.808653 0.12068313 0)
(68.808612 0.11958398 0)
(68.808518 0.11850708 0)
(68.808376 0.1174498 0)
(68.80819 0.11641393 0)
(68.807963 0.11539418 0)
(68.807693 0.11439681 0)
(68.807372 0.11341225 0)
(68.806977 0.11244992 0)
(68.806459 0.11149641 0)
(68.805707 0.11056139 0)
(68.804476 0.10963176 0)
(68.802082 0.10871709 0)
(68.796807 0.10779572 0)
(68.782716 0.10685067 0)
(68.745029 0.10561847 0)
(68.64316 0.10358659 0)
(68.428498 0.10019259 0)
(68.084047 0.09539553 0)
(67.666325 0.089853357 0)
(67.223272 0.084361729 0)
(66.779068 0.079223815 0)
(66.327366 0.074242042 0)
(65.870577 0.069462758 0)
(65.401801 0.064829736 0)
(64.931264 0.060346584 0)
(64.463669 0.056119647 0)
(64.006138 0.052164898 0)
(63.563498 0.048511232 0)
(63.137795 0.045148446 0)
(62.730071 0.042069862 0)
(62.339997 0.03924132 0)
(61.967255 0.036655121 0)
(61.610004 0.03427661 0)
(61.268027 0.032096475 0)
(60.939089 0.030082496 0)
(60.623396 0.028231805 0)
(60.318543 0.026513627 0)
(60.025379 0.024933448 0)
(59.741165 0.023460365 0)
(59.467512 0.02210404 0)
(59.201061 0.020833411 0)
(58.944423 0.019662437 0)
(58.692977 0.018564449 0)
(58.450622 0.017540254 0)
(58.211424 0.016606322 0)
(57.979573 0.015632794 0)
(57.75322 0.015171366 0)
(57.519657 0.013272134 0)
(57.335267 0.016103351 0)
(56.993697 0.010460376 0)
(68.614877 0.12112423 0)
(68.623471 0.14157455 0)
(68.638888 0.15805996 0)
(68.65837 0.16699254 0)
(68.676924 0.1682646 0)
(68.690619 0.16520531 0)
(68.698883 0.16186955 0)
(68.703895 0.16053591 0)
(68.70832 0.16119435 0)
(68.713569 0.162682 0)
(68.71965 0.16403228 0)
(68.726028 0.16491582 0)
(68.732337 0.16533876 0)
(68.738469 0.16533996 0)
(68.744393 0.16493288 0)
(68.750048 0.16415342 0)
(68.755363 0.16307491 0)
(68.760311 0.16178281 0)
(68.764909 0.16033622 0)
(68.769179 0.15876558 0)
(68.77313 0.1571009 0)
(68.776769 0.15537436 0)
(68.780106 0.15362397 0)
(68.783169 0.15188071 0)
(68.785991 0.15015238 0)
(68.788593 0.14843845 0)
(68.790985 0.14673793 0)
(68.79317 0.14506316 0)
(68.795162 0.14342672 0)
(68.796978 0.14183049 0)
(68.798635 0.14027046 0)
(68.800138 0.13873886 0)
(68.801489 0.13724268 0)
(68.802695 0.13578496 0)
(68.803769 0.13436668 0)
(68.80472 0.13297893 0)
(68.805551 0.13162107 0)
(68.806265 0.13029666 0)
(68.806871 0.12900408 0)
(68.807377 0.12773791 0)
(68.807785 0.12649829 0)
(68.808103 0.12528827 0)
(68.808338 0.12410304 0)
(68.808497 0.12293981 0)
(68.808583 0.12179903 0)
(68.808603 0.12068341 0)
(68.808566 0.11958645 0)
(68.808476 0.11851123 0)
(68.808339 0.11745535 0)
(68.808162 0.11642052 0)
(68.807949 0.11540173 0)
(68.807705 0.11440501 0)
(68.807431 0.11342154 0)
(68.807126 0.11246032 0)
(68.80678 0.11151012 0)
(68.806366 0.11058038 0)
(68.805835 0.10965967 0)
(68.805046 0.10875589 0)
(68.803734 0.10785538 0)
(68.800955 0.10697167 0)
(68.794572 0.10607354 0)
(68.776398 0.10512193 0)
(68.727039 0.1037679 0)
(68.597814 0.10141223 0)
(68.344102 0.097642816 0)
(67.973332 0.092603843 0)
(67.548192 0.087112447 0)
(67.107416 0.081823517 0)
(66.666196 0.076813044 0)
(66.216499 0.07196875 0)
(65.763152 0.067322655 0)
(65.296283 0.062811647 0)
(64.829284 0.058464252 0)
(64.367489 0.054373084 0)
(63.917335 0.050557624 0)
(63.482432 0.047039745 0)
(63.064852 0.043797637 0)
(62.665197 0.040834366 0)
(62.282515 0.038111692 0)
(61.916894 0.035621465 0)
(61.56609 0.033327459 0)
(61.230259 0.031224502 0)
(60.906814 0.029277487 0)
(60.596467 0.027490494 0)
(60.296262 0.025828586 0)
(60.007786 0.024301037 0)
(59.727505 0.022872751 0)
(59.458121 0.021559846 0)
(59.194965 0.020330951 0)
(58.94212 0.01918983 0)
(58.693651 0.018152847 0)
(58.453435 0.01707332 0)
(58.219814 0.016557188 0)
(57.978645 0.014485919 0)
(57.788706 0.017550492 0)
(57.437428 0.011389172 0)
(68.620264 0.11969382 0)
(68.628205 0.1384734 0)
(68.642103 0.15387647 0)
(68.659731 0.16280902 0)
(68.676873 0.16495682 0)
(68.69002 0.16300057 0)
(68.69843 0.16046116 0)
(68.703828 0.15946845 0)
(68.708522 0.16016927 0)
(68.713832 0.16161868 0)
(68.719852 0.16295814 0)
(68.726144 0.1638673 0)
(68.732375 0.16433867 0)
(68.738438 0.16440349 0)
(68.744304 0.16407079 0)
(68.749911 0.16337113 0)
(68.755194 0.16237177 0)
(68.760123 0.16115319 0)
(68.764709 0.15977366 0)
(68.768972 0.1582652 0)
(68.772922 0.15665767 0)
(68.776564 0.15498346 0)
(68.779907 0.15327943 0)
(68.782979 0.15157606 0)
(68.785809 0.14988284 0)
(68.78842 0.1482004 0)
(68.790821 0.1465289 0)
(68.793015 0.14488004 0)
(68.795016 0.1432662 0)
(68.796841 0.1416899 0)
(68.798506 0.14014769 0)
(68.800016 0.13863277 0)
(68.801374 0.13715132 0)
(68.802588 0.13570668 0)
(68.803668 0.13429979 0)
(68.804626 0.13292263 0)
(68.805462 0.13157428 0)
(68.806181 0.13025815 0)
(68.806792 0.12897287 0)
(68.807302 0.12771335 0)
(68.807715 0.12647959 0)
(68.808037 0.12527446 0)
(68.808276 0.12409359 0)
(68.808438 0.12293417 0)
(68.808527 0.12179665 0)
(68.80855 0.12068358 0)
(68.808516 0.11958894 0)
(68.808429 0.11851547 0)
(68.808295 0.11746105 0)
(68.808122 0.11642725 0)
(68.807914 0.11540937 0)
(68.807678 0.11441312 0)
(68.807418 0.1134302 0)
(68.807137 0.11246918 0)
(68.806837 0.11151976 0)
(68.806515 0.11059098 0)
(68.80616 0.1096733 0)
(68.805743 0.10877487 0)
(68.805211 0.10788368 0)
(68.804386 0.10700827 0)
(68.80296 0.10613905 0)
(68.799694 0.10528112 0)
(68.791582 0.1044042 0)
(68.767815 0.10340952 0)
(68.70113 0.10186633 0)
(68.538802 0.09914638 0)
(68.245665 0.095003499 0)
(67.853722 0.089794396 0)
(67.42398 0.084393001 0)
(66.987025 0.079301321 0)
(66.547984 0.074411773 0)
(66.101199 0.069731912 0)
(65.646985 0.065204845 0)
(65.183654 0.060802277 0)
(64.721074 0.056591315 0)
(64.2659 0.052635788 0)
(63.823498 0.048955704 0)
(63.396816 0.045572767 0)
(62.987099 0.042456609 0)
(62.595429 0.039607625 0)
(62.220076 0.036987835 0)
(61.861517 0.034590877 0)
(61.517114 0.032378167 0)
(61.187467 0.030352248 0)
(60.869406 0.028473128 0)
(60.564435 0.026749335 0)
(60.268755 0.02514102 0)
(59.985111 0.023665474 0)
(59.708615 0.022286469 0)
(59.44358 0.021009477 0)
(59.183779 0.01985182 0)
(58.933666 0.018651477 0)
(58.691236 0.018071401 0)
(58.441634 0.015808 0)
(58.245839 0.019124047 0)
(57.883883 0.012399382 0)
(68.625502 0.11826445 0)
(68.632829 0.1355121 0)
(68.645343 0.14989259 0)
(68.661257 0.15875698 0)
(68.677045 0.16165711 0)
(68.689603 0.16071044 0)
(68.698082 0.15893432 0)
(68.703803 0.15829516 0)
(68.708736 0.15906439 0)
(68.714103 0.16049416 0)
(68.720065 0.1618326 0)
(68.726271 0.16277269 0)
(68.732423 0.16329532 0)
(68.738417 0.16342547 0)
(68.74422 0.16316881 0)
(68.749779 0.1625509 0)
(68.755027 0.16163301 0)
(68.759934 0.16049063 0)
(68.764507 0.15918095 0)
(68.768762 0.15773731 0)
(68.772709 0.15618954 0)
(68.776353 0.15457006 0)
(68.779702 0.1529147 0)
(68.782782 0.15125342 0)
(68.785621 0.14959728 0)
(68.788241 0.14794815 0)
(68.79065 0.14630725 0)
(68.792853 0.14468576 0)
(68.794863 0.14309588 0)
(68.796697 0.1415407 0)
(68.79837 0.1400174 0)
(68.799889 0.1385201 0)
(68.801254 0.13705427 0)
(68.802475 0.13562351 0)
(68.803562 0.13422873 0)
(68.804526 0.13286276 0)
(68.805367 0.1315245 0)
(68.806092 0.13021716 0)
(68.806709 0.12893962 0)
(68.807224 0.12768716 0)
(68.807641 0.12645961 0)
(68.807966 0.12525969 0)
(68.808209 0.12408342 0)
(68.808375 0.12292806 0)
(68.808467 0.12179398 0)
(68.808494 0.12068364 0)
(68.808463 0.11959145 0)
(68.808378 0.11851985 0)
(68.808247 0.11746695 0)
(68.808077 0.11643424 0)
(68.807872 0.1154173 0)
(68.807639 0.11442148 0)
(68.807384 0.11343905 0)
(68.80711 0.11247805 0)
(68.806823 0.11152886 0)
(68.806525 0.11059998 0)
(68.806216 0.10968279 0)
(68.805892 0.10878531 0)
(68.805543 0.10789701 0)
(68.805132 0.10702709 0)
(68.804604 0.10616743 0)
(68.80375 0.10531647 0)
(68.802135 0.10447615 0)
(68.798232 0.10364017 0)
(68.787354 0.10278172 0)
(68.755447 0.10170407 0)
(68.665235 0.099892207 0)
(68.464294 0.096776702 0)
(68.133843 0.092266939 0)
(67.727339 0.086972224 0)
(67.294387 0.081701423 0)
(66.862019 0.076822683 0)
(66.424022 0.072075576 0)
(65.980037 0.067521325 0)
(65.525147 0.063091618 0)
(65.066236 0.058801421 0)
(64.608731 0.05472792 0)
(64.160319 0.050916219 0)
(63.725277 0.04737539 0)
(63.30692 0.044124045 0)
(62.905085 0.041130359 0)
(62.521353 0.038391814 0)
(62.153385 0.035870091 0)
(61.80193 0.033566433 0)
(61.463764 0.031435605 0)
(61.140293 0.029485617 0)
(60.827458 0.027670792 0)
(60.527957 0.026009204 0)
(60.236635 0.0244588 0)
(59.957905 0.023026583 0)
(59.685199 0.021730002 0)
(59.423538 0.020390115 0)
(59.169989 0.019731869 0)
(58.911001 0.017254177 0)
(58.707976 0.020840368 0)
(58.334189 0.013500224 0)
(68.630598 0.11684078 0)
(68.637347 0.13268717 0)
(68.648605 0.14610596 0)
(68.662945 0.15484459 0)
(68.67744 0.15837842 0)
(68.689379 0.1583449 0)
(68.697851 0.15729364 0)
(68.70383 0.15701606 0)
(68.708972 0.15787763 0)
(68.71439 0.1593062 0)
(68.720296 0.16065359 0)
(68.726416 0.16163017 0)
(68.732486 0.1622072 0)
(68.738408 0.16240457 0)
(68.744147 0.16222562 0)
(68.749653 0.16169139 0)
(68.754863 0.16085722 0)
(68.759746 0.15979372 0)
(68.764303 0.1585567 0)
(68.768549 0.15718059 0)
(68.772492 0.15569524 0)
(68.776136 0.15413297 0)
(68.779491 0.15252865 0)
(68.782579 0.15091176 0)
(68.785426 0.14929479 0)
(68.788054 0.14768084 0)
(68.790472 0.14607222 0)
(68.792684 0.14447964 0)
(68.794704 0.14291513 0)
(68.796547 0.14138235 0)
(68.798229 0.13987912 0)
(68.799755 0.13840043 0)
(68.801128 0.13695117 0)
(68.802357 0.13553511 0)
(68.803451 0.13415321 0)
(68.80442 0.1327991 0)
(68.805268 0.13147153 0)
(68.805999 0.13017352 0)
(68.80662 0.12890421 0)
(68.80714 0.12765921 0)
(68.807562 0.12643824 0)
(68.807892 0.12524386 0)
(68.808139 0.12407248 0)
(68.808308 0.12292142 0)
(68.808404 0.121791 0)
(68.808434 0.12068356 0)
(68.808406 0.11959395 0)
(68.808325 0.11852435 0)
(68.808196 0.11747308 0)
(68.808028 0.11644151 0)
(68.807826 0.11542556 0)
(68.807596 0.1144302 0)
(68.807343 0.11344827 0)
(68.807073 0.11248725 0)
(68.80679 0.1115382 0)
(68.806498 0.11060905 0)
(68.806201 0.10969181 0)
(68.805901 0.10879402 0)
(68.805597 0.10790602 0)
(68.805282 0.10703722 0)
(68.804948 0.10618024 0)
(68.804555 0.10533499 0)
(68.804025 0.10450355 0)
(68.803141 0.10367753 0)
(68.801229 0.10286534 0)
(68.796336 0.10204785 0)
(68.78132 0.10119132 0)
(68.737539 0.099986739 0)
(68.616958 0.097813605 0)
(68.372415 0.094261976 0)
(68.009763 0.089451247 0)
(67.594007 0.084198448 0)
(67.162711 0.079128143 0)
(66.733007 0.074374073 0)
(66.295962 0.069749903 0)
(65.854554 0.065318166 0)
(65.399865 0.060997046 0)
(64.94403 0.05683325 0)
(64.491895 0.052892119 0)
(64.050716 0.04922313 0)
(63.623282 0.045818495 0)
(63.213357 0.042693547 0)
(62.819699 0.039816662 0)
(62.443887 0.037190508 0)
(62.083067 0.034766797 0)
(61.738685 0.032554357 0)
(61.406561 0.030500834 0)
(61.089319 0.028625188 0)
(60.781534 0.026878481 0)
(60.487575 0.025269358 0)
(60.200554 0.023813468 0)
(59.925865 0.022315967 0)
(59.659458 0.021564122 0)
(59.389896 0.018845595 0)
(59.176987 0.022719513 0)
(58.789799 0.014702458 0)
(68.635553 0.11542721 0)
(68.64176 0.12999573 0)
(68.651878 0.14251276 0)
(68.664779 0.15107796 0)
(68.678051 0.15513312 0)
(68.689349 0.1559148 0)
(68.697743 0.15554497 0)
(68.703916 0.15563225 0)
(68.709234 0.15660758 0)
(68.714694 0.15805286 0)
(68.720543 0.15941925 0)
(68.726575 0.16043799 0)
(68.732563 0.16107285 0)
(68.73841 0.1613395 0)
(68.744083 0.16123994 0)
(68.749533 0.16079123 0)
(68.754703 0.16004304 0)
(68.759558 0.15906105 0)
(68.764098 0.15789952 0)
(68.768333 0.15659368 0)
(68.77227 0.15517346 0)
(68.775915 0.15367094 0)
(68.779274 0.15212012 0)
(68.782369 0.15055001 0)
(68.785224 0.14897436 0)
(68.78786 0.14739759 0)
(68.790286 0.14582299 0)
(68.792508 0.14426096 0)
(68.794538 0.1427233 0)
(68.79639 0.14121428 0)
(68.79808 0.13973233 0)
(68.799614 0.13827333 0)
(68.800996 0.13684164 0)
(68.802232 0.13544116 0)
(68.803333 0.13407294 0)
(68.804309 0.13273139 0)
(68.805163 0.13141516 0)
(68.8059 0.13012705 0)
(68.806527 0.12886647 0)
(68.807052 0.12762938 0)
(68.807479 0.1264154 0)
(68.807813 0.1252269 0)
(68.808064 0.12406071 0)
(68.808237 0.12291421 0)
(68.808337 0.12178767 0)
(68.808371 0.12068332 0)
(68.808346 0.11959645 0)
(68.808267 0.11852897 0)
(68.808142 0.11747943 0)
(68.807976 0.11644909 0)
(68.807777 0.11543419 0)
(68.807549 0.11443932 0)
(68.807298 0.11345792 0)
(68.807031 0.11249687 0)
(68.80675 0.11154795 0)
(68.806462 0.11061848 0)
(68.806168 0.10970109 0)
(68.805874 0.10880279 0)
(68.805581 0.1079146 0)
(68.805289 0.10704541 0)
(68.805 0.10618846 0)
(68.804705 0.10534464 0)
(68.80439 0.104516 0)
(68.80402 0.10369577 0)
(68.803486 0.10288984 0)
(68.802542 0.10208997 0)
(68.80019 0.10130407 0)
(68.793696 0.10050756 0)
(68.772856 0.099606286 0)
(68.710617 0.098196386 0)
(68.552704 0.095609723 0)
(68.263181 0.091631327 0)
(67.876556 0.086620568 0)
(67.455823 0.081461454 0)
(67.0283 0.076585239 0)
(66.600154 0.071942862 0)
(66.164587 0.067464891 0)
(65.722165 0.063142604 0)
(65.269787 0.058923705 0)
(64.817488 0.054893751 0)
(64.371455 0.051083284 0)
(63.938046 0.047552447 0)
(63.51875 0.044282003 0)
(63.11706 0.041288688 0)
(62.731334 0.038526657 0)
(62.363459 0.036009574 0)
(62.00957 0.033678384 0)
(61.672315 0.031554546 0)
(61.346073 0.029581553 0)
(61.035095 0.027769688 0)
(60.732231 0.026130844 0)
(60.443016 0.02445634 0)
(60.16242 0.023592611 0)
(59.880838 0.020605759 0)
(59.655847 0.024789634 0)
(59.253196 0.016020707 0)
(68.640375 0.11402791 0)
(68.646074 0.1274324 0)
(68.655162 0.1391072 0)
(68.666753 0.14746105 0)
(68.678873 0.15193315 0)
(68.689516 0.15343205 0)
(68.697769 0.15369554 0)
(68.704073 0.15414598 0)
(68.709532 0.15525359 0)
(68.715023 0.15673262 0)
(68.720812 0.15812796 0)
(68.726756 0.15919459 0)
(68.732659 0.15989087 0)
(68.738429 0.16022901 0)
(68.744031 0.16021052 0)
(68.749423 0.15984915 0)
(68.754549 0.1591891 0)
(68.759374 0.15829123 0)
(68.763893 0.15720802 0)
(68.768115 0.15597522 0)
(68.772046 0.15462287 0)
(68.775689 0.1531827 0)
(68.779051 0.15168792 0)
(68.782153 0.15016704 0)
(68.785016 0.14863499 0)
(68.787659 0.14709746 0)
(68.790094 0.14555872 0)
(68.792325 0.14402894 0)
(68.794364 0.14251972 0)
(68.796226 0.14103587 0)
(68.797925 0.1395765 0)
(68.799467 0.13813831 0)
(68.800857 0.13672524 0)
(68.802101 0.13534129 0)
(68.80321 0.13398761 0)
(68.804193 0.13265935 0)
(68.805053 0.13135514 0)
(68.805796 0.13007755 0)
(68.806429 0.12882624 0)
(68.806959 0.12759754 0)
(68.80739 0.12639097 0)
(68.80773 0.12520872 0)
(68.807985 0.12404804 0)
(68.808162 0.12290637 0)
(68.808266 0.12178395 0)
(68.808303 0.12068289 0)
(68.808281 0.11959893 0)
(68.808206 0.1185337 0)
(68.808084 0.11748601 0)
(68.807921 0.11645698 0)
(68.807724 0.11544318 0)
(68.807499 0.11444886 0)
(68.807251 0.11346801 0)
(68.806985 0.11250695 0)
(68.806707 0.11155816 0)
(68.806421 0.11062835 0)
(68.80613 0.10971078 0)
(68.805838 0.10881194 0)
(68.805549 0.10792346 0)
(68.805263 0.10705363 0)
(68.804984 0.10619626 0)
(68.80471 0.10535217 0)
(68.804441 0.10452346 0)
(68.80417 0.10370468 0)
(68.803878 0.10290194 0)
(68.803531 0.10210808 0)
(68.802989 0.1013253 0)
(68.801914 0.10055519 0)
(68.79899 0.099785746 0)
(68.789737 0.099008922 0)
(68.760167 0.098010798 0)
(68.671331 0.096298881 0)
(68.47018 0.093272786 0)
(68.139355 0.088890214 0)
(67.737748 0.083784321 0)
(67.313428 0.078766177 0)
(66.890078 0.074090316 0)
(66.462775 0.069570207 0)
(66.02906 0.065215716 0)
(65.584786 0.060987635 0)
(65.136051 0.056870873 0)
(64.68846 0.052977966 0)
(64.248731 0.049307423 0)
(63.822794 0.045919334 0)
(63.411644 0.042778465 0)
(63.018394 0.039912935 0)
(62.640407 0.037259555 0)
(62.280638 0.034847386 0)
(61.933545 0.03261204 0)
(61.603373 0.030565843 0)
(61.282798 0.028715738 0)
(60.977346 0.026841025 0)
(60.681243 0.025844086 0)
(60.386035 0.022561763 0)
(60.147666 0.027082803 0)
(59.727283 0.017472982 0)
(68.645068 0.11264677 0)
(68.650291 0.12499146 0)
(68.658449 0.13588291 0)
(68.668851 0.14399602 0)
(68.679895 0.14878948 0)
(68.68988 0.15090909 0)
(68.697934 0.15175377 0)
(68.704307 0.15256066 0)
(68.709869 0.15381576 0)
(68.715377 0.15534442 0)
(68.721105 0.15677836 0)
(68.726958 0.15789851 0)
(68.732773 0.15865993 0)
(68.738462 0.15907192 0)
(68.743992 0.15913618 0)
(68.749323 0.15886388 0)
(68.754401 0.15829408 0)
(68.759193 0.15748288 0)
(68.763689 0.15648077 0)
(68.767896 0.15532382 0)
(68.771818 0.15404209 0)
(68.775458 0.15266695 0)
(68.778823 0.1512308 0)
(68.78193 0.14976171 0)
(68.7848 0.1482756 0)
(68.787451 0.14677947 0)
(68.789894 0.14527853 0)
(68.792135 0.14378279 0)
(68.794184 0.14230366 0)
(68.796055 0.14084648 0)
(68.797762 0.13941106 0)
(68.799313 0.13799487 0)
(68.800711 0.13660153 0)
(68.801963 0.1352351 0)
(68.80308 0.13389688 0)
(68.80407 0.13258271 0)
(68.804937 0.13129123 0)
(68.805686 0.13002481 0)
(68.806324 0.12878335 0)
(68.80686 0.12756354 0)
(68.807297 0.12636482 0)
(68.807641 0.12518923 0)
(68.807901 0.12403439 0)
(68.808082 0.12289785 0)
(68.80819 0.12177979 0)
(68.808231 0.12068224 0)
(68.808213 0.11960136 0)
(68.808141 0.11853854 0)
(68.808022 0.1174928 0)
(68.807862 0.11646519 0)
(68.807668 0.11545256 0)
(68.807445 0.11445883 0)
(68.8072 0.11347856 0)
(68.806936 0.11251751 0)
(68.806661 0.11156885 0)
(68.806376 0.11063871 0)
(68.806087 0.10972094 0)
(68.805798 0.10882152 0)
(68.805511 0.10793272 0)
(68.805227 0.10706221 0)
(68.804951 0.10620434 0)
(68.804683 0.1053597 0)
(68.804424 0.1045304 0)
(68.804173 0.10371142 0)
(68.803928 0.10290883 0)
(68.803682 0.10211627 0)
(68.803417 0.10133699 0)
(68.803086 0.10057225 0)
(68.802544 0.099807304 0)
(68.801224 0.099064736 0)
(68.79737 0.098306943 0)
(68.783614 0.09753542 0)
(68.740915 0.096387137 0)
(68.617167 0.094265126 0)
(68.367815 0.09075895 0)
(68.002971 0.086071525 0)
(67.59266 0.08100129 0)
(67.16984 0.076172865 0)
(66.748935 0.071632707 0)
(66.321961 0.067230811 0)
(65.890052 0.062984813 0)
(65.445252 0.058862834 0)
(64.99864 0.054864401 0)
(64.556267 0.051103726 0)
(64.123436 0.047570488 0)
(63.705527 0.0443232 0)
(63.302491 0.04130518 0)
(62.918124 0.038562317 0)
(62.547722 0.036023088 0)
(62.195884 0.03370455 0)
(61.855332 0.031609052 0)
(61.531559 0.029505196 0)
(61.218339 0.028350009 0)
(60.907722 0.02474179 0)
(60.654892 0.02962964 0)
(60.214457 0.019078366 0)
(68.649638 0.1112874 0)
(68.654417 0.12266772 0)
(68.661738 0.13283265 0)
(68.671067 0.14068309 0)
(68.681109 0.1457119 0)
(68.690439 0.14835876 0)
(68.698246 0.14972928 0)
(68.704629 0.15088093 0)
(68.710255 0.15229515 0)
(68.715766 0.15388774 0)
(68.721427 0.15536947 0)
(68.727187 0.1565486 0)
(68.73291 0.15737885 0)
(68.738516 0.15786714 0)
(68.743971 0.15801583 0)
(68.749236 0.15783424 0)
(68.754264 0.15735669 0)
(68.759018 0.15663462 0)
(68.763488 0.15571639 0)
(68.767678 0.15463806 0)
(68.771589 0.15342974 0)
(68.775224 0.15212234 0)
(68.778591 0.15074748 0)
(68.781702 0.1493328 0)
(68.784579 0.1478951 0)
(68.787237 0.14644261 0)
(68.789688 0.14498148 0)
(68.791937 0.14352166 0)
(68.793996 0.14207437 0)
(68.795877 0.14064544 0)
(68.797593 0.1392354 0)
(68.799152 0.13784248 0)
(68.800559 0.13647005 0)
(68.801819 0.1351222 0)
(68.802944 0.13380039 0)
(68.80394 0.13250116 0)
(68.804814 0.13122317 0)
(68.80557 0.12996862 0)
(68.806214 0.12873761 0)
(68.806756 0.12752722 0)
(68.807198 0.12633683 0)
(68.807547 0.12516832 0)
(68.807812 0.12401968 0)
(68.807997 0.12288858 0)
(68.808109 0.12177516 0)
(68.808154 0.12068135 0)
(68.80814 0.11960373 0)
(68.808071 0.11854348 0)
(68.807955 0.11749982 0)
(68.807799 0.11647371 0)
(68.807608 0.11546233 0)
(68.807388 0.11446924 0)
(68.807145 0.11348959 0)
(68.806884 0.11252857 0)
(68.806611 0.11158004 0)
(68.806329 0.11064957 0)
(68.806042 0.10973159 0)
(68.805754 0.10883158 0)
(68.805469 0.10794242 0)
(68.805187 0.10707121 0)
(68.804913 0.1062128 0)
(68.804648 0.10536755 0)
(68.804391 0.1045376 0)
(68.804145 0.10371815 0)
(68.803909 0.10291495 0)
(68.803683 0.10212211 0)
(68.803463 0.10134339 0)
(68.803244 0.10057984 0)
(68.80301 0.099818482 0)
(68.802688 0.099077957 0)
(68.802126 0.098332935 0)
(68.800394 0.097616919 0)
(68.7949 0.096872839 0)
(68.774603 0.096053368 0)
(68.710644 0.094661101 0)
(68.544011 0.092083935 0)
(68.246685 0.088102349 0)
(67.858643 0.08323039 0)
(67.443552 0.078277388 0)
(67.024583 0.073641304 0)
(66.604735 0.069197152 0)
(66.178617 0.064940019 0)
(65.744461 0.060790256 0)
(65.301714 0.056767673 0)
(64.858138 0.052895161 0)
(64.42196 0.049269765 0)
(63.996477 0.045867395 0)
(63.587351 0.04275948 0)
(63.192134 0.039874058 0)
(62.816409 0.037241009 0)
(62.453448 0.034860425 0)
(62.108929 0.032491914 0)
(61.776546 0.03114843 0)
(61.448465 0.027177914 0)
(61.179863 0.032464872 0)
(60.716933 0.020858847 0)
(68.654091 0.10995316 0)
(68.658457 0.12045622 0)
(68.665025 0.12994833 0)
(68.673386 0.13752071 0)
(68.682503 0.14270865 0)
(68.691189 0.14579379 0)
(68.698707 0.14763262 0)
(68.705045 0.14911255 0)
(68.710697 0.15069372 0)
(68.716193 0.1523627 0)
(68.721781 0.15390072 0)
(68.727444 0.15514394 0)
(68.733072 0.1560466 0)
(68.738591 0.15661367 0)
(68.743966 0.15684846 0)
(68.749162 0.15675914 0)
(68.754135 0.15637574 0)
(68.758849 0.15574517 0)
(68.763291 0.1549135 0)
(68.76746 0.15391658 0)
(68.771358 0.15278446 0)
(68.774988 0.15154753 0)
(68.778353 0.15023668 0)
(68.781468 0.14887909 0)
(68.78435 0.14749233 0)
(68.787015 0.14608582 0)
(68.789474 0.14466661 0)
(68.791732 0.14324466 0)
(68.7938 0.14183103 0)
(68.79569 0.14043204 0)
(68.797416 0.13904889 0)
(68.798983 0.13768058 0)
(68.800399 0.13633029 0)
(68.801668 0.13500214 0)
(68.8028 0.13369777 0)
(68.803804 0.13241437 0)
(68.804685 0.13115068 0)
(68.805447 0.12990873 0)
(68.806098 0.12868883 0)
(68.806645 0.12748842 0)
(68.807093 0.12630686 0)
(68.807448 0.12514589 0)
(68.807717 0.12400382 0)
(68.807907 0.12287849 0)
(68.808024 0.12177001 0)
(68.808073 0.12068018 0)
(68.808062 0.11960602 0)
(68.807997 0.1185485 0)
(68.807885 0.11750705 0)
(68.807731 0.11648255 0)
(68.807543 0.1154725 0)
(68.807326 0.11448012 0)
(68.807086 0.1135011 0)
(68.806828 0.11254015 0)
(68.806557 0.11159176 0)
(68.806277 0.11066096 0)
(68.805993 0.10974275 0)
(68.805707 0.10884214 0)
(68.805424 0.1079526 0)
(68.805144 0.10708066 0)
(68.804872 0.10622166 0)
(68.804608 0.10537579 0)
(68.804354 0.10454515 0)
(68.80411 0.10372518 0)
(68.803876 0.10292128 0)
(68.803654 0.10212798 0)
(68.803442 0.10134878 0)
(68.803242 0.10058477 0)
(68.80305 0.099824236 0)
(68.802856 0.09908519 0)
(68.802651 0.098343885 0)
(68.802337 0.097624872 0)
(68.801676 0.096904375 0)
(68.799394 0.096206154 0)
(68.790897 0.095478626 0)
(68.760287 0.094547698 0)
(68.665528 0.092787665 0)
(68.449175 0.089716863 0)
(68.110166 0.085337491 0)
(67.709078 0.080407531 0)
(67.290873 0.07559948 0)
(66.876039 0.071164106 0)
(66.456415 0.066830067 0)
(66.031647 0.062688876 0)
(65.595015 0.058623599 0)
(65.155404 0.054706029 0)
(64.716269 0.05095837 0)
(64.286762 0.047479614 0)
(63.868255 0.044218748 0)
(63.467953 0.041233862 0)
(63.080797 0.038526633 0)
(62.713157 0.035852927 0)
(62.359279 0.034285502 0)
(62.011361 0.029909035 0)
(61.72526 0.035630058 0)
(61.237067 0.022840098 0)
(68.658433 0.10864693 0)
(68.662417 0.11835199 0)
(68.668308 0.12722154 0)
(68.6758 0.13450601 0)
(68.684065 0.13978666 0)
(68.692124 0.14322673 0)
(68.69932 0.14547524 0)
(68.705565 0.14726253 0)
(68.711204 0.14901446 0)
(68.716665 0.15077013 0)
(68.722174 0.15237206 0)
(68.727735 0.15368402 0)
(68.733263 0.15466243 0)
(68.73869 0.15531068 0)
(68.743982 0.15563321 0)
(68.749106 0.15563758 0)
(68.754021 0.15535008 0)
(68.75869 0.15481327 0)
(68.763099 0.15407078 0)
(68.767245 0.15315799 0)
(68.771128 0.15210483 0)
(68.77475 0.15094115 0)
(68.778113 0.14969707 0)
(68.78123 0.14839931 0)
(68.784117 0.1470661 0)
(68.786788 0.145708 0)
(68.789253 0.14433291 0)
(68.79152 0.14295088 0)
(68.793597 0.14157283 0)
(68.795497 0.14020552 0)
(68.797231 0.13885086 0)
(68.798808 0.13750857 0)
(68.800232 0.13618173 0)
(68.801509 0.13487447 0)
(68.80265 0.13358863 0)
(68.803661 0.13232199 0)
(68.804549 0.13107346 0)
(68.805318 0.12984489 0)
(68.805976 0.12863679 0)
(68.806529 0.12744696 0)
(68.806982 0.12627477 0)
(68.807342 0.12512181 0)
(68.807617 0.12398673 0)
(68.807812 0.12286753 0)
(68.807932 0.12176427 0)
(68.807986 0.12067869 0)
(68.807979 0.11960819 0)
(68.807918 0.11855358 0)
(68.807809 0.11751449 0)
(68.807659 0.11649172 0)
(68.807474 0.11548306 0)
(68.807261 0.11449147 0)
(68.807023 0.11351313 0)
(68.806768 0.11255227 0)
(68.806499 0.11160402 0)
(68.806222 0.11067289 0)
(68.80594 0.10975444 0)
(68.805657 0.10885321 0)
(68.805375 0.10796327 0)
(68.805098 0.10709057 0)
(68.804828 0.10623096 0)
(68.804565 0.10538444 0)
(68.804313 0.10455307 0)
(68.80407 0.10373254 0)
(68.803838 0.10292793 0)
(68.803618 0.10213413 0)
(68.803409 0.1013543 0)
(68.803213 0.10058965 0)
(68.803027 0.099828956 0)
(68.802851 0.099089588 0)
(68.802683 0.098348931 0)
(68.802514 0.09763165 0)
(68.80233 0.096914215 0)
(68.802034 0.096212613 0)
(68.801181 0.095518302 0)
(68.797865 0.094831521 0)
(68.784438 0.094088341 0)
(68.736864 0.092971803 0)
(68.601521 0.090748615 0)
(68.333049 0.087169241 0)
(67.961769 0.082505576 0)
(67.554015 0.077657727 0)
(67.13795 0.073037204 0)
(66.725034 0.068724986 0)
(66.305288 0.064500067 0)
(65.881279 0.060460069 0)
(65.444337 0.056490184 0)
(65.006451 0.052700009 0)
(64.572182 0.049078354 0)
(64.150335 0.045729639 0)
(63.739577 0.042662812 0)
(63.347544 0.039645299 0)
(62.970212 0.037814973 0)
(62.599978 0.032982402 0)
(62.294348 0.039175577 0)
(61.77763 0.025052804 0)
(68.66267 0.10737082 0)
(68.666301 0.11634999 0)
(68.671586 0.12464364 0)
(68.678297 0.13163484 0)
(68.685782 0.13695115 0)
(68.693237 0.14066936 0)
(68.700087 0.14326902 0)
(68.706192 0.14533886 0)
(68.711782 0.14726133 0)
(68.717187 0.14911157 0)
(68.722607 0.15078391 0)
(68.728061 0.15216865 0)
(68.733485 0.15322581 0)
(68.738816 0.15395753 0)
(68.744021 0.15436933 0)
(68.749069 0.15446869 0)
(68.75392 0.15427869 0)
(68.758541 0.15383773 0)
(68.762914 0.15318692 0)
(68.767034 0.15236095 0)
(68.7709 0.1513895 0)
(68.77451 0.15030182 0)
(68.77787 0.14912729 0)
(68.780988 0.14789216 0)
(68.783878 0.1466152 0)
(68.786554 0.14530801 0)
(68.789026 0.14397933 0)
(68.791301 0.14263934 0)
(68.793387 0.14129888 0)
(68.795296 0.1399651 0)
(68.797039 0.13864061 0)
(68.798624 0.13732582 0)
(68.800057 0.13602381 0)
(68.801343 0.1347387 0)
(68.802491 0.13347252 0)
(68.803511 0.13222366 0)
(68.804406 0.13099119 0)
(68.805182 0.12977683 0)
(68.805846 0.12858125 0)
(68.806405 0.12740264 0)
(68.806865 0.12624039 0)
(68.807231 0.12509596 0)
(68.80751 0.1239683 0)
(68.80771 0.12285559 0)
(68.807835 0.12175789 0)
(68.807893 0.12067684 0)
(68.80789 0.11961022 0)
(68.807834 0.11855872 0)
(68.807728 0.11752213 0)
(68.807582 0.1165012 0)
(68.807401 0.11549404 0)
(68.80719 0.1145033 0)
(68.806956 0.11352567 0)
(68.806703 0.11256495 0)
(68.806438 0.11161684 0)
(68.806163 0.11068538 0)
(68.805883 0.10976668 0)
(68.805602 0.10886481 0)
(68.805323 0.10797444 0)
(68.805048 0.10710097 0)
(68.804779 0.10624071 0)
(68.804519 0.10539351 0)
(68.804268 0.10456137 0)
(68.804027 0.10374027 0)
(68.803797 0.1029349 0)
(68.803579 0.10214056 0)
(68.803371 0.10136011 0)
(68.803176 0.1005948 0)
(68.802993 0.099833816 0)
(68.80282 0.099093677 0)
(68.802657 0.098352942 0)
(68.802502 0.097635744 0)
(68.802357 0.096918799 0)
(68.802216 0.09621847 0)
(68.802057 0.095523418 0)
(68.801748 0.094839073 0)
(68.800584 0.09416511 0)
(68.795216 0.093501548 0)
(68.773881 0.092676477 0)
(68.699449 0.09125657 0)
(68.515413 0.088527427 0)
(68.197767 0.084482152 0)
(67.806759 0.079674009 0)
(67.395509 0.074972687 0)
(66.98356 0.070530039 0)
(66.57189 0.06631241 0)
(66.152728 0.062222228 0)
(65.724998 0.058275707 0)
(65.290269 0.054395183 0)
(64.856252 0.05072746 0)
(64.427655 0.047300746 0)
(64.013014 0.043919233 0)
(63.61209 0.041792434 0)
(63.217725 0.036451647 0)
(62.890801 0.043160886 0)
(62.341908 0.027533975 0)
(68.666809 0.10612679 0)
(68.670114 0.11444514 0)
(68.674856 0.12220604 0)
(68.680871 0.12890228 0)
(68.687642 0.13420597 0)
(68.69452 0.13813266 0)
(68.701006 0.14102616 0)
(68.706934 0.14335052 0)
(68.712438 0.14543936 0)
(68.717766 0.14738943 0)
(68.723087 0.14913737 0)
(68.72843 0.15059821 0)
(68.733743 0.15173661 0)
(68.738973 0.15255381 0)
(68.744087 0.1530563 0)
(68.749054 0.15325179 0)
(68.753838 0.15316069 0)
(68.758407 0.15281751 0)
(68.76274 0.15226074 0)
(68.76683 0.15152416 0)
(68.770674 0.1506371 0)
(68.774272 0.14962819 0)
(68.777626 0.14852601 0)
(68.780742 0.14735634 0)
(68.783635 0.14613838 0)
(68.786315 0.14488467 0)
(68.788793 0.14360478 0)
(68.791075 0.14230905 0)
(68.793169 0.14100826 0)
(68.795087 0.13970994 0)
(68.796839 0.13841738 0)
(68.798433 0.13713168 0)
(68.799874 0.13585595 0)
(68.801169 0.1345943 0)
(68.802326 0.133349 0)
(68.803353 0.13211899 0)
(68.804256 0.13090354 0)
(68.805039 0.12970426 0)
(68.80571 0.12852199 0)
(68.806275 0.12735528 0)
(68.806741 0.12620357 0)
(68.807112 0.1250682 0)
(68.807397 0.12394842 0)
(68.807602 0.1228426 0)
(68.807732 0.1217508 0)
(68.807795 0.12067457 0)
(68.807796 0.11961207 0)
(68.807743 0.11856389 0)
(68.807642 0.11752996 0)
(68.8075 0.11651101 0)
(68.807322 0.11550543 0)
(68.807114 0.11451562 0)
(68.806883 0.11353875 0)
(68.806634 0.11257819 0)
(68.806371 0.11163024 0)
(68.806099 0.11069846 0)
(68.805822 0.10977949 0)
(68.805544 0.10887697 0)
(68.805267 0.10798614 0)
(68.804994 0.10711187 0)
(68.804727 0.10625092 0)
(68.804469 0.10540302 0)
(68.80422 0.10457008 0)
(68.803981 0.10374836 0)
(68.803752 0.10294221 0)
(68.803536 0.10214731 0)
(68.803329 0.1013662 0)
(68.803136 0.1006002 0)
(68.802954 0.099838906 0)
(68.802783 0.099097971 0)
(68.802622 0.098357166 0)
(68.802469 0.097639242 0)
(68.802328 0.096922123 0)
(68.802194 0.096222003 0)
(68.802072 0.095527737 0)
(68.801956 0.094843988 0)
(68.801834 0.094165999 0)
(68.801438 0.093509885 0)
(68.79973 0.0928429 0)
(68.790511 0.092197637 0)
(68.756321 0.091212615 0)
(68.643314 0.089358293 0)
(68.405642 0.086106593 0)
(68.048044 0.081701637 0)
(67.647627 0.076874641 0)
(67.235972 0.072339991 0)
(66.827424 0.068080224 0)
(66.415561 0.063980296 0)
(65.997227 0.059984889 0)
(65.567424 0.056120933 0)
(65.134333 0.052409577 0)
(64.704638 0.048689151 0)
(64.284206 0.046259364 0)
(63.866227 0.040367091 0)
(63.517777 0.047650231 0)
(62.9334 0.030326693 0)
(68.670856 0.10491662 0)
(68.673862 0.11263273 0)
(68.678119 0.11990034 0)
(68.68351 0.12630284 0)
(68.689633 0.1315536 0)
(68.695962 0.13562657 0)
(68.702075 0.13875886 0)
(68.707793 0.14130728 0)
(68.713178 0.14355451 0)
(68.718409 0.14560692 0)
(68.72362 0.14743415 0)
(68.728842 0.14897352 0)
(68.734039 0.15019504 0)
(68.739164 0.15109941 0)
(68.744181 0.15169379 0)
(68.749063 0.15198635 0)
(68.753775 0.15199532 0)
(68.758286 0.15175164 0)
(68.762575 0.15129111 0)
(68.766632 0.15064639 0)
(68.770453 0.14984634 0)
(68.774035 0.14891891 0)
(68.77738 0.14789187 0)
(68.780494 0.14679052 0)
(68.783387 0.14563436 0)
(68.78607 0.14443679 0)
(68.788553 0.14320814 0)
(68.790841 0.14195897 0)
(68.792944 0.14070002 0)
(68.79487 0.13943919 0)
(68.796631 0.13818041 0)
(68.798233 0.13692545 0)
(68.799683 0.13567752 0)
(68.800987 0.13444074 0)
(68.802152 0.13321758 0)
(68.803187 0.13200755 0)
(68.804097 0.13081013 0)
(68.804888 0.12962686 0)
(68.805566 0.12845873 0)
(68.806138 0.12730463 0)
(68.806609 0.1261641 0)
(68.806987 0.12503838 0)
(68.807277 0.12392696 0)
(68.807487 0.12282846 0)
(68.807623 0.12174292 0)
(68.80769 0.12067183 0)
(68.807696 0.11961372 0)
(68.807647 0.11856906 0)
(68.80755 0.11753796 0)
(68.807412 0.11652113 0)
(68.807237 0.11551724 0)
(68.807034 0.11452844 0)
(68.806806 0.11355237 0)
(68.80656 0.11259202 0)
(68.8063 0.11164423 0)
(68.806031 0.11071215 0)
(68.805756 0.10979289 0)
(68.80548 0.10888971 0)
(68.805206 0.10799839 0)
(68.804935 0.10712329 0)
(68.804671 0.10626163 0)
(68.804415 0.10541298 0)
(68.804168 0.10457921 0)
(68.803931 0.10375685 0)
(68.803704 0.10294988 0)
(68.803489 0.10215437 0)
(68.803284 0.10137258 0)
(68.803092 0.10060585 0)
(68.802912 0.099844236 0)
(68.802742 0.099102493 0)
(68.802582 0.098361599 0)
(68.802431 0.097642866 0)
(68.802291 0.096925632 0)
(68.802158 0.096225023 0)
(68.802036 0.095530709 0)
(68.801922 0.094847027 0)
(68.801822 0.094169769 0)
(68.80173 0.093510747 0)
(68.801662 0.092843139 0)
(68.801062 0.092215199 0)
(68.79819 0.091550386 0)
(68.782406 0.090886529 0)
(68.726927 0.089645012 0)
(68.56487 0.087272219 0)
(68.273785 0.083472593 0)
(67.890127 0.078867087 0)
(67.484871 0.074175202 0)
(67.077418 0.069840983 0)
(66.669672 0.065668523 0)
(66.257457 0.061685036 0)
(65.836983 0.057844039 0)
(65.407543 0.053882323 0)
(64.978363 0.051209604 0)
(64.542366 0.044751188 0)
(64.175751 0.052699677 0)
(63.554764 0.033475022 0)
(68.674817 0.10374059 0)
(68.67755 0.11090747 0)
(68.681373 0.11771818 0)
(68.686208 0.12383038 0)
(68.691741 0.12899524 0)
(68.697554 0.13315976 0)
(68.703291 0.13647895 0)
(68.708771 0.13921945 0)
(68.714009 0.14161369 0)
(68.719121 0.14376811 0)
(68.724209 0.14567669 0)
(68.729305 0.14729604 0)
(68.73438 0.14860186 0)
(68.739392 0.14959457 0)
(68.744308 0.15028177 0)
(68.7491 0.1506721 0)
(68.753736 0.15078208 0)
(68.758185 0.15063936 0)
(68.762426 0.15027706 0)
(68.766445 0.14972653 0)
(68.770239 0.149016 0)
(68.773803 0.14817269 0)
(68.777136 0.14722357 0)
(68.780244 0.1461934 0)
(68.783136 0.14510188 0)
(68.785821 0.14396316 0)
(68.788308 0.14278827 0)
(68.790602 0.14158803 0)
(68.792712 0.14037318 0)
(68.794647 0.13915194 0)
(68.796415 0.13792888 0)
(68.798026 0.1367064 0)
(68.799485 0.13548787 0)
(68.800797 0.13427743 0)
(68.80197 0.13307778 0)
(68.803013 0.13188891 0)
(68.803931 0.1307106 0)
(68.804729 0.12954432 0)
(68.805414 0.12839119 0)
(68.805993 0.12725048 0)
(68.806471 0.12612181 0)
(68.806854 0.12500633 0)
(68.80715 0.12390381 0)
(68.807366 0.12281307 0)
(68.807506 0.12173419 0)
(68.807578 0.12066857 0)
(68.807589 0.1196151 0)
(68.807545 0.11857421 0)
(68.807452 0.11754612 0)
(68.807317 0.11653157 0)
(68.807147 0.11552946 0)
(68.806947 0.11454177 0)
(68.806723 0.11356655 0)
(68.80648 0.11260645 0)
(68.806223 0.11165883 0)
(68.805957 0.11072645 0)
(68.805685 0.10980689 0)
(68.805412 0.10890305 0)
(68.80514 0.1080112 0)
(68.804872 0.10713526 0)
(68.80461 0.10627283 0)
(68.804356 0.10542341 0)
(68.804111 0.10458878 0)
(68.803876 0.10376573 0)
(68.803651 0.10295792 0)
(68.803438 0.10216177 0)
(68.803235 0.10137927 0)
(68.803045 0.10061178 0)
(68.802866 0.099849815 0)
(68.802697 0.099107237 0)
(68.802539 0.098366225 0)
(68.802389 0.097646687 0)
(68.80225 0.096929348 0)
(68.802119 0.096228167 0)
(68.801997 0.095533596 0)
(68.801883 0.094849563 0)
(68.801775 0.094172441 0)
(68.801678 0.093513319 0)
(68.801609 0.092846299 0)
(68.801547 0.092208341 0)
(68.801508 0.091553937 0)
(68.800535 0.090951313 0)
(68.795181 0.090295641 0)
(68.768668 0.089533173 0)
(68.679747 0.08787763 0)
(68.459915 0.084943765 0)
(68.123833 0.080719549 0)
(67.727622 0.076079153 0)
(67.319852 0.071541934 0)
(66.916583 0.067391678 0)
(66.508217 0.063374213 0)
(66.096829 0.059302921 0)
(65.674958 0.056533223 0)
(65.23448 0.0495549 0)
(64.858744 0.058328321 0)
(64.205657 0.037007761 0)
(68.678697 0.10259901 0)
(68.681181 0.10926442 0)
(68.684617 0.11565152 0)
(68.688956 0.12147862 0)
(68.693956 0.12653105 0)
(68.699285 0.13073971 0)
(68.704646 0.13419774 0)
(68.70987 0.13709766 0)
(68.714934 0.13962458 0)
(68.719907 0.14187789 0)
(68.724861 0.1438681 0)
(68.729821 0.14556776 0)
(68.734767 0.14695824 0)
(68.739661 0.14803989 0)
(68.744471 0.14882047 0)
(68.749168 0.149309 0)
(68.753722 0.14952061 0)
(68.758104 0.14948006 0)
(68.762291 0.14921772 0)
(68.76627 0.14876352 0)
(68.770032 0.14814489 0)
(68.773574 0.14738829 0)
(68.776894 0.14651982 0)
(68.779994 0.14556367 0)
(68.782883 0.14453965 0)
(68.785568 0.14346253 0)
(68.788057 0.14234401 0)
(68.790357 0.14119514 0)
(68.792473 0.14002673 0)
(68.794415 0.13884727 0)
(68.796192 0.13766194 0)
(68.797811 0.13647377 0)
(68.799277 0.13528632 0)
(68.800598 0.13410377 0)
(68.80178 0.13292904 0)
(68.802831 0.13176262 0)
(68.803756 0.13060454 0)
(68.804562 0.12945629 0)
(68.805254 0.1283191 0)
(68.805839 0.12719257 0)
(68.806324 0.12607647 0)
(68.806713 0.1249719 0)
(68.807015 0.12387882 0)
(68.807236 0.12279632 0)
(68.807382 0.1217245 0)
(68.807459 0.12066472 0)
(68.807475 0.11961619 0)
(68.807435 0.1185793 0)
(68.807347 0.11755442 0)
(68.807216 0.1165423 0)
(68.80705 0.1155421 0)
(68.806854 0.11455561 0)
(68.806633 0.11358129 0)
(68.806394 0.1126215 0)
(68.80614 0.11167405 0)
(68.805877 0.1107414 0)
(68.805609 0.10982152 0)
(68.805339 0.108917 0)
(68.80507 0.1080246 0)
(68.804804 0.10714779 0)
(68.804545 0.10628456 0)
(68.804293 0.10543434 0)
(68.80405 0.1045988 0)
(68.803817 0.10377503 0)
(68.803594 0.10296634 0)
(68.803383 0.10216952 0)
(68.803181 0.10138628 0)
(68.802993 0.10061799 0)
(68.802815 0.099855653 0)
(68.802648 0.099112212 0)
(68.802491 0.098371058 0)
(68.802343 0.097650702 0)
(68.802205 0.096933226 0)
(68.802075 0.096231468 0)
(68.801954 0.095536639 0)
(68.801841 0.094852266 0)
(68.801733 0.094174951 0)
(68.801635 0.09351541 0)
(68.801544 0.092848554 0)
(68.801465 0.092210514 0)
(68.801425 0.091555866 0)
(68.801408 0.09093602 0)
(68.801347 0.090304645 0)
(68.799568 0.08971828 0)
(68.789813 0.089038367 0)
(68.743271 0.08806695 0)
(68.608303 0.085895718 0)
(68.330498 0.082417794 0)
(67.962259 0.077915874 0)
(67.561102 0.073369725 0)
(67.153844 0.069068848 0)
(66.753463 0.064832347 0)
(66.346876 0.061993116 0)
(65.920742 0.054621189 0)
(65.549917 0.064459741 0)
(64.879561 0.040904873 0)
(68.682503 0.10149252 0)
(68.68476 0.1076992 0)
(68.687851 0.11369268 0)
(68.691747 0.11924128 0)
(68.696265 0.12416037 0)
(68.701142 0.12837267 0)
(68.706135 0.13192579 0)
(68.711089 0.13495269 0)
(68.715958 0.13759557 0)
(68.720772 0.139942 0)
(68.725579 0.14201226 0)
(68.730397 0.14379139 0)
(68.735207 0.14526598 0)
(68.739976 0.1464365 0)
(68.744674 0.14731053 0)
(68.749271 0.14789734 0)
(68.753738 0.14821092 0)
(68.758048 0.14827338 0)
(68.762177 0.14811249 0)
(68.766109 0.14775652 0)
(68.769837 0.14723201 0)
(68.773353 0.14656456 0)
(68.776655 0.14577939 0)
(68.779746 0.14490008 0)
(68.782629 0.14394641 0)
(68.785312 0.14293368 0)
(68.787803 0.14187417 0)
(68.790106 0.14077921 0)
(68.792228 0.13965963 0)
(68.794177 0.13852423 0)
(68.795961 0.13737874 0)
(68.797587 0.13622679 0)
(68.799062 0.13507218 0)
(68.800391 0.13391915 0)
(68.801581 0.13277083 0)
(68.80264 0.13162817 0)
(68.803573 0.13049153 0)
(68.804386 0.12936239 0)
(68.805085 0.12824212 0)
(68.805677 0.12713065 0)
(68.806168 0.12602788 0)
(68.806564 0.12493489 0)
(68.806872 0.12385185 0)
(68.807099 0.1227781 0)
(68.80725 0.12171377 0)
(68.807332 0.12066021 0)
(68.807353 0.11961692 0)
(68.807318 0.1185843 0)
(68.807234 0.11756284 0)
(68.807108 0.11655331 0)
(68.806946 0.11555515 0)
(68.806754 0.11456996 0)
(68.806537 0.11359661 0)
(68.806301 0.11263717 0)
(68.806052 0.11168992 0)
(68.805792 0.110757 0)
(68.805527 0.1098368 0)
(68.805259 0.10893158 0)
(68.804993 0.1080386 0)
(68.80473 0.10716089 0)
(68.804473 0.10629683 0)
(68.804224 0.10544576 0)
(68.803984 0.10460929 0)
(68.803753 0.10378476 0)
(68.803532 0.10297516 0)
(68.803323 0.10217762 0)
(68.803123 0.10139361 0)
(68.802937 0.10062449 0)
(68.802761 0.099861756 0)
(68.802595 0.099117426 0)
(68.80244 0.098376106 0)
(68.802293 0.097654912 0)
(68.802156 0.096937273 0)
(68.802027 0.096234927 0)
(68.801908 0.09553983 0)
(68.801796 0.094855114 0)
(68.801689 0.094177591 0)
(68.801591 0.093517507 0)
(68.801499 0.092850785 0)
(68.801413 0.092212472 0)
(68.801336 0.091557663 0)
(68.801273 0.090937053 0)
(68.801278 0.090302648 0)
(68.801291 0.089695636 0)
(68.801229 0.089080876 0)
(68.797373 0.088527065 0)
(68.779265 0.087746914 0)
(68.700326 0.086429691 0)
(68.510441 0.083691067 0)
(68.181671 0.079750165 0)
(67.794185 0.075184878 0)
(67.391376 0.070561727 0)
(66.990625 0.067595651 0)
(66.577822 0.059787593 0)
(66.222584 0.070844133 0)
(65.56112 0.045063584 0)
(68.686238 0.10042069 0)
(68.688291 0.10620684 0)
(68.691073 0.11183421 0)
(68.694576 0.11711195 0)
(68.698658 0.12188172 0)
(68.703115 0.12606362 0)
(68.707751 0.12967268 0)
(68.712426 0.1327951 0)
(68.717082 0.13553547 0)
(68.721721 0.13796684 0)
(68.726369 0.14011372 0)
(68.731035 0.1419702 0)
(68.735702 0.14352739 0)
(68.74034 0.14478593 0)
(68.744919 0.14575296 0)
(68.74941 0.14643771 0)
(68.753786 0.14685319 0)
(68.758018 0.14701918 0)
(68.762084 0.14696088 0)
(68.765966 0.1467048 0)
(68.769654 0.14627643 0)
(68.773141 0.14570043 0)
(68.776422 0.14500112 0)
(68.779499 0.1442014 0)
(68.782374 0.14332092 0)
(68.785054 0.14237539 0)
(68.787544 0.14137759 0)
(68.78985 0.14033909 0)
(68.791976 0.13927082 0)
(68.793931 0.13818183 0)
(68.795722 0.13707837 0)
(68.797355 0.13596464 0)
(68.798838 0.1348447 0)
(68.800175 0.13372289 0)
(68.801373 0.13260255 0)
(68.802439 0.13148507 0)
(68.80338 0.13037113 0)
(68.804201 0.12926226 0)
(68.804907 0.12815994 0)
(68.805506 0.12706442 0)
(68.806004 0.1259758 0)
(68.806406 0.1248951 0)
(68.80672 0.12382274 0)
(68.806953 0.12275826 0)
(68.807109 0.1217019 0)
(68.807197 0.12065496 0)
(68.807223 0.11961724 0)
(68.807193 0.11858916 0)
(68.807114 0.11757134 0)
(68.806993 0.1165646 0)
(68.806835 0.1155686 0)
(68.806647 0.11458483 0)
(68.806434 0.11361251 0)
(68.806202 0.11265349 0)
(68.805956 0.11170644 0)
(68.8057 0.11077328 0)
(68.805438 0.10985273 0)
(68.805174 0.10894682 0)
(68.804911 0.10805321 0)
(68.804651 0.10717459 0)
(68.804396 0.10630965 0)
(68.80415 0.10545771 0)
(68.803912 0.10462026 0)
(68.803683 0.10379492 0)
(68.803465 0.10298438 0)
(68.803257 0.10218609 0)
(68.80306 0.10140128 0)
(68.802875 0.1006313 0)
(68.802701 0.099868131 0)
(68.802537 0.099122889 0)
(68.802383 0.098381375 0)
(68.802238 0.097659323 0)
(68.802103 0.096941496 0)
(68.801975 0.096238549 0)
(68.801857 0.095543164 0)
(68.801746 0.09485809 0)
(68.80164 0.094180353 0)
(68.801544 0.093519721 0)
(68.801452 0.092853213 0)
(68.801367 0.09221411 0)
(68.801286 0.091559601 0)
(68.801208 0.090938878 0)
(68.801149 0.09030421 0)
(68.801103 0.089694158 0)
(68.80119 0.089075403 0)
(68.801193 0.088494498 0)
(68.800893 0.087880608 0)
(68.792731 0.087361602 0)
(68.759953 0.086377558 0)
(68.633524 0.084561936 0)
(68.386295 0.081320812 0)
(68.019502 0.076815395 0)
(67.62571 0.073501539 0)
(67.212017 0.065112525 0)
(66.864217 0.077334759 0)
(66.2283 0.049366374 0)
(68.689909 0.099382741 0)
(68.691776 0.10478284 0)
(68.694283 0.11006919 0)
(68.697435 0.11508446 0)
(68.701125 0.11969315 0)
(68.705194 0.12381651 0)
(68.709485 0.12744705 0)
(68.713877 0.13063512 0)
(68.718307 0.13345346 0)
(68.722757 0.13595951 0)
(68.727234 0.13817777 0)
(68.73174 0.14010821 0)
(68.736257 0.14174546 0)
(68.740758 0.14309033 0)
(68.745212 0.14414925 0)
(68.749592 0.14493114 0)
(68.75387 0.14544806 0)
(68.758019 0.14571767 0)
(68.762016 0.14576274 0)
(68.765842 0.14560791 0)
(68.769486 0.14527745 0)
(68.77294 0.14479504 0)
(68.776197 0.144184 0)
(68.779257 0.14346651 0)
(68.782122 0.14266202 0)
(68.784796 0.14178649 0)
(68.787284 0.1408531 0)
(68.78959 0.13987369 0)
(68.791719 0.13885926 0)
(68.793679 0.13781909 0)
(68.795475 0.13675991 0)
(68.797116 0.13568648 0)
(68.798605 0.13460313 0)
(68.79995 0.13351432 0)
(68.801156 0.13242361 0)
(68.80223 0.13133279 0)
(68.803178 0.13024288 0)
(68.804006 0.12915548 0)
(68.80472 0.12807221 0)
(68.805325 0.12699362 0)
(68.80583 0.12591998 0)
(68.806239 0.12485235 0)
(68.806559 0.12379132 0)
(68.806797 0.12273668 0)
(68.80696 0.12168877 0)
(68.807053 0.12064888 0)
(68.807084 0.11961709 0)
(68.80706 0.11859384 0)
(68.806985 0.1175799 0)
(68.806869 0.11657614 0)
(68.806715 0.11558244 0)
(68.806532 0.11460022 0)
(68.806323 0.11362899 0)
(68.806095 0.11267045 0)
(68.805853 0.11172363 0)
(68.8056 0.11079024 0)
(68.805342 0.10986934 0)
(68.805081 0.10896272 0)
(68.804821 0.10806846 0)
(68.804564 0.1071889 0)
(68.804313 0.10632304 0)
(68.804069 0.10547019 0)
(68.803834 0.10463173 0)
(68.803608 0.10380555 0)
(68.803392 0.10299403 0)
(68.803186 0.10219494 0)
(68.802991 0.1014093 0)
(68.802808 0.10063842 0)
(68.802636 0.099874787 0)
(68.802474 0.099128609 0)
(68.802321 0.098386869 0)
(68.802178 0.097663944 0)
(68.802044 0.0969459 0)
(68.801918 0.09624234 0)
(68.801801 0.095546644 0)
(68.801691 0.094861199 0)
(68.801587 0.094183235 0)
(68.801491 0.093522046 0)
(68.801401 0.092855738 0)
(68.801317 0.092215806 0)
(68.801237 0.091561823 0)
(68.801159 0.090940269 0)
(68.80109 0.090305822 0)
(68.801023 0.08969581 0)
(68.800982 0.08907667 0)
(68.800958 0.08848523 0)
(68.80117 0.087873649 0)
(68.801039 0.08732923 0)
(68.799973 0.086706035 0)
(68.783127 0.086173963 0)
(68.72629 0.084946949 0)
(68.537722 0.082244102 0)
(68.240475 0.079780576 0)
(67.839049 0.070913174 0)
(67.492617 0.084068534 0)
(66.868231 0.053773288 0)
(68.69352 0.098377775 0)
(68.695218 0.1034228 0)
(68.697481 0.1083911 0)
(68.700319 0.11315281 0)
(68.703655 0.11759224 0)
(68.707367 0.1216342 0)
(68.711328 0.12525639 0)
(68.715439 0.12848239 0)
(68.719633 0.13135874 0)
(68.723882 0.13392754 0)
(68.728179 0.13621027 0)
(68.732516 0.13820997 0)
(68.736877 0.13992374 0)
(68.741233 0.14135234 0)
(68.745557 0.14250135 0)
(68.749819 0.14337902 0)
(68.753994 0.14399643 0)
(68.758054 0.14436934 0)
(68.761976 0.14451815 0)
(68.765742 0.14446558 0)
(68.769337 0.14423453 0)
(68.772752 0.14384759 0)
(68.775981 0.14332707 0)
(68.779021 0.14269436 0)
(68.781872 0.14196857 0)
(68.784538 0.1411658 0)
(68.787021 0.14029955 0)
(68.789326 0.13938188 0)
(68.791457 0.13842386 0)
(68.79342 0.13743499 0)
(68.795222 0.13642244 0)
(68.796868 0.13539146 0)
(68.798364 0.1343467 0)
(68.799716 0.13329275 0)
(68.800929 0.13223338 0)
(68.80201 0.13117077 0)
(68.802966 0.13010628 0)
(68.803801 0.12904163 0)
(68.804522 0.12797856 0)
(68.805135 0.12691791 0)
(68.805646 0.12586016 0)
(68.806061 0.1248064 0)
(68.806388 0.1237574 0)
(68.806632 0.12271322 0)
(68.806801 0.12167428 0)
(68.8069 0.12064189 0)
(68.806936 0.11961639 0)
(68.806917 0.11859829 0)
(68.806848 0.11758848 0)
(68.806736 0.11658791 0)
(68.806587 0.11559667 0)
(68.806408 0.11461612 0)
(68.806204 0.11364606 0)
(68.80598 0.11268806 0)
(68.805742 0.1117415 0)
(68.805493 0.11080791 0)
(68.805239 0.10988664 0)
(68.804981 0.10897931 0)
(68.804725 0.10808436 0)
(68.804471 0.10720385 0)
(68.804223 0.10633702 0)
(68.803982 0.10548322 0)
(68.803749 0.10464371 0)
(68.803526 0.10381664 0)
(68.803312 0.10300411 0)
(68.803109 0.10220419 0)
(68.802916 0.10141767 0)
(68.802735 0.10064586 0)
(68.802565 0.09988173 0)
(68.802405 0.099134596 0)
(68.802254 0.098392594 0)
(68.802112 0.09766878 0)
(68.80198 0.09695049 0)
(68.801855 0.096246303 0)
(68.80174 0.095550274 0)
(68.801631 0.094864445 0)
(68.801528 0.094186243 0)
(68.801434 0.093524479 0)
(68.801344 0.092858355 0)
(68.801261 0.092217611 0)
(68.801182 0.091564138 0)
(68.801106 0.090941663 0)
(68.801037 0.09030763 0)
(68.800971 0.089697108 0)
(68.80091 0.089077919 0)
(68.80085 0.088486485 0)
(68.800837 0.087875004 0)
(68.800832 0.087306542 0)
(68.801253 0.086706848 0)
(68.800533 0.086190955 0)
(68.797869 0.085630703 0)
(68.763114 0.084693263 0)
(68.67055 0.08437285 0)
(68.402852 0.076538775 0)
(68.115075 0.091267359 0)
(67.493961 0.058432601 0)
(68.697075 0.097404709 0)
(68.698621 0.10212247 0)
(68.700665 0.10679378 0)
(68.703224 0.11131125 0)
(68.706241 0.11557624 0)
(68.709623 0.1195187 0)
(68.713273 0.12310715 0)
(68.717105 0.12634584 0)
(68.721058 0.12926043 0)
(68.725097 0.13187884 0)
(68.729205 0.13421767 0)
(68.733367 0.13628071 0)
(68.737564 0.13806641 0)
(68.74177 0.13957526 0)
(68.745956 0.14081176 0)
(68.750095 0.14178324 0)
(68.754161 0.1424997 0)
(68.758126 0.14297508 0)
(68.761968 0.14322756 0)
(68.765668 0.14327786 0)
(68.769209 0.14314739 0)
(68.772582 0.14285756 0)
(68.775778 0.14242961 0)
(68.778793 0.14188405 0)
(68.781627 0.14123957 0)
(68.784281 0.14051227 0)
(68.786758 0.13971587 0)
(68.78906 0.13886259 0)
(68.791191 0.1379636 0)
(68.793156 0.13702856 0)
(68.794962 0.13606502 0)
(68.796613 0.13507872 0)
(68.798115 0.13407462 0)
(68.799473 0.13305745 0)
(68.800693 0.13203121 0)
(68.801781 0.13099845 0)
(68.802744 0.12996085 0)
(68.803586 0.12892028 0)
(68.804314 0.12787862 0)
(68.804934 0.12683698 0)
(68.805451 0.12579607 0)
(68.805873 0.12475703 0)
(68.806206 0.12372081 0)
(68.806457 0.12268771 0)
(68.806631 0.1216583 0)
(68.806736 0.12063389 0)
(68.806778 0.11961508 0)
(68.806764 0.11860245 0)
(68.8067 0.11759704 0)
(68.806593 0.11659989 0)
(68.806449 0.11561126 0)
(68.806275 0.11463251 0)
(68.806075 0.11366371 0)
(68.805856 0.11270633 0)
(68.805622 0.11176006 0)
(68.805378 0.11082628 0)
(68.805127 0.10990464 0)
(68.804873 0.10899659 0)
(68.80462 0.10810092 0)
(68.80437 0.10721943 0)
(68.804125 0.10635161 0)
(68.803887 0.10549681 0)
(68.803657 0.10465622 0)
(68.803436 0.10382821 0)
(68.803225 0.10301463 0)
(68.803025 0.10221383 0)
(68.802834 0.10142641 0)
(68.802656 0.10065363 0)
(68.802487 0.099888968 0)
(68.802329 0.099140855 0)
(68.80218 0.098398555 0)
(68.80204 0.097673838 0)
(68.80191 0.096955269 0)
(68.801787 0.096250443 0)
(68.801672 0.095554059 0)
(68.801566 0.094867831 0)
(68.801464 0.094189378 0)
(68.801371 0.093527019 0)
(68.801282 0.092861076 0)
(68.8012 0.092219509 0)
(68.801122 0.09156652 0)
(68.801048 0.090943147 0)
(68.800979 0.09030953 0)
(68.800915 0.089698348 0)
(68.800853 0.089079452 0)
(68.800794 0.088487779 0)
(68.800742 0.087876075 0)
(68.800678 0.08730692 0)
(68.800727 0.086709457 0)
(68.80065 0.086145332 0)
(68.801589 0.085660972 0)
(68.798497 0.08489352 0)
(68.79412 0.085692263 0)
(68.717431 0.079715939 0)
(68.618351 0.097644716 0)
(68.097741 0.063299071 0)
(68.700576 0.09646243 0)
(68.701985 0.10087797 0)
(68.703834 0.10527161 0)
(68.706143 0.10955437 0)
(68.708873 0.11364231 0)
(68.711954 0.11747124 0)
(68.715309 0.12100476 0)
(68.71887 0.12423362 0)
(68.722581 0.12716737 0)
(68.726404 0.12982153 0)
(68.730315 0.13220685 0)
(68.734294 0.13432616 0)
(68.738322 0.13617821 0)
(68.742371 0.1377629 0)
(68.746414 0.13908351 0)
(68.750425 0.14014618 0)
(68.754375 0.14095966 0)
(68.75824 0.14153618 0)
(68.761996 0.14189176 0)
(68.765623 0.1420451 0)
(68.769105 0.14201602 0)
(68.77243 0.14182463 0)
(68.775589 0.14149103 0)
(68.778576 0.14103481 0)
(68.781389 0.14047411 0)
(68.784029 0.1398249 0)
(68.786496 0.13910101 0)
(68.788792 0.13831479 0)
(68.790921 0.13747744 0)
(68.792887 0.13659879 0)
(68.794695 0.13568671 0)
(68.79635 0.13474738 0)
(68.797857 0.13378608 0)
(68.799221 0.1328077 0)
(68.800447 0.13181645 0)
(68.801542 0.13081523 0)
(68.802511 0.12980606 0)
(68.80336 0.12879097 0)
(68.804095 0.127772 0)
(68.804721 0.1267505 0)
(68.805245 0.12572741 0)
(68.805674 0.12470399 0)
(68.806013 0.12368133 0)
(68.80627 0.12265999 0)
(68.80645 0.12164068 0)
(68.806561 0.12062476 0)
(68.806608 0.11961305 0)
(68.8066 0.11860626 0)
(68.806542 0.11760554 0)
(68.80644 0.11661202 0)
(68.806301 0.1156262 0)
(68.806132 0.1146494 0)
(68.805937 0.11368195 0)
(68.805722 0.11272526 0)
(68.805493 0.1117793 0)
(68.805253 0.11084537 0)
(68.805006 0.10992335 0)
(68.804756 0.10901459 0)
(68.804507 0.10811816 0)
(68.80426 0.10723567 0)
(68.804019 0.1063668 0)
(68.803784 0.10551098 0)
(68.803557 0.10466926 0)
(68.803339 0.10384027 0)
(68.803131 0.10302561 0)
(68.802933 0.10222388 0)
(68.802745 0.10143553 0)
(68.802569 0.10066174 0)
(68.802403 0.099896504 0)
(68.802247 0.099147395 0)
(68.8021 0.098404756 0)
(68.801961 0.097679124 0)
(68.801833 0.096960241 0)
(68.801712 0.096254764 0)
(68.801599 0.095558001 0)
(68.801493 0.09487136 0)
(68.801393 0.094192641 0)
(68.801301 0.093529672 0)
(68.801214 0.092863901 0)
(68.801133 0.092221496 0)
(68.801056 0.091568982 0)
(68.800983 0.090944714 0)
(68.800916 0.090311481 0)
(68.800852 0.089699662 0)
(68.800791 0.089081126 0)
(68.800734 0.088488729 0)
(68.800679 0.087877542 0)
(68.800618 0.087308368 0)
(68.800584 0.086710641 0)
(68.800442 0.086142108 0)
(68.800749 0.085672145 0)
(68.799797 0.084810704 0)
(68.803726 0.085817086 0)
(68.786315 0.080166045 0)
(68.808308 0.10054659 0)
(68.551934 0.066963684 0)
(68.704028 0.095549343 0)
(68.705313 0.099685545 0)
(68.706988 0.1038193 0)
(68.709074 0.10787705 0)
(68.711545 0.11178741 0)
(68.714349 0.11549239 0)
(68.717428 0.11895361 0)
(68.720727 0.12215293 0)
(68.724197 0.12508792 0)
(68.727801 0.1277637 0)
(68.731509 0.13018501 0)
(68.735301 0.13235255 0)
(68.739153 0.13426443 0)
(68.74304 0.1359197 0)
(68.746935 0.13732022 0)
(68.750811 0.13847073 0)
(68.75464 0.13937861 0)
(68.758399 0.14005437 0)
(68.762063 0.14051196 0)
(68.765612 0.14076804 0)
(68.769029 0.14084074 0)
(68.772301 0.14074877 0)
(68.775417 0.14051103 0)
(68.778372 0.1401461 0)
(68.781161 0.13967147 0)
(68.783782 0.13910284 0)
(68.786236 0.13845406 0)
(68.788524 0.13773751 0)
(68.790649 0.13696443 0)
(68.792614 0.13614474 0)
(68.794422 0.13528662 0)
(68.79608 0.13439661 0)
(68.797591 0.1334803 0)
(68.798959 0.13254278 0)
(68.800191 0.13158844 0)
(68.801292 0.13062053 0)
(68.802268 0.12964139 0)
(68.803123 0.12865325 0)
(68.803864 0.12765829 0)
(68.804497 0.12665811 0)
(68.805028 0.12565391 0)
(68.805463 0.12464704 0)
(68.805808 0.12363876 0)
(68.806071 0.12262989 0)
(68.806258 0.1216213 0)
(68.806374 0.1206144 0)
(68.806428 0.11961023 0)
(68.806425 0.11860964 0)
(68.806372 0.11761392 0)
(68.806276 0.11662429 0)
(68.806143 0.11564145 0)
(68.805978 0.11466675 0)
(68.805788 0.11370076 0)
(68.805578 0.11274485 0)
(68.805353 0.11179924 0)
(68.805118 0.11086519 0)
(68.804875 0.10994279 0)
(68.80463 0.1090333 0)
(68.804384 0.10813609 0)
(68.804141 0.10725257 0)
(68.803903 0.10638262 0)
(68.803672 0.10552573 0)
(68.803449 0.10468285 0)
(68.803234 0.10385283 0)
(68.803029 0.10303705 0)
(68.802833 0.10223434 0)
(68.802648 0.10144503 0)
(68.802474 0.1006702 0)
(68.80231 0.099904346 0)
(68.802156 0.099154221 0)
(68.802012 0.098411199 0)
(68.801875 0.097684642 0)
(68.801748 0.096965408 0)
(68.801629 0.096259269 0)
(68.801518 0.095562102 0)
(68.801414 0.094875035 0)
(68.801315 0.094196036 0)
(68.801225 0.093532441 0)
(68.801139 0.09286683 0)
(68.801059 0.092223577 0)
(68.800984 0.091571528 0)
(68.800911 0.090946357 0)
(68.800845 0.090313492 0)
(68.800783 0.08970105 0)
(68.800723 0.089082832 0)
(68.800667 0.088489698 0)
(68.800613 0.087879293 0)
(68.800555 0.087309047 0)
(68.800513 0.086712278 0)
(68.800383 0.086144174 0)
(68.800493 0.08567665 0)
(68.799648 0.084794319 0)
(68.801938 0.085850834 0)
(68.79365 0.080078585 0)
(68.816059 0.10087469 0)
(68.752235 0.06838678 0)
(68.707434 0.094664223 0)
(68.708607 0.098541761 0)
(68.710125 0.1024321 0)
(68.712012 0.10627457 0)
(68.71425 0.11000854 0)
(68.716801 0.1135822 0)
(68.719622 0.11695726 0)
(68.72267 0.12011013 0)
(68.725903 0.12302988 0)
(68.729286 0.12571334 0)
(68.732789 0.12815956 0)
(68.736389 0.13036645 0)
(68.740061 0.13233086 0)
(68.743781 0.1340506 0)
(68.747522 0.13552603 0)
(68.751257 0.13676033 0)
(68.75496 0.13775935 0)
(68.758606 0.13853186 0)
(68.762172 0.1390898 0)
(68.765637 0.1394478 0)
(68.768984 0.13962221 0)
(68.772197 0.13963026 0)
(68.775266 0.13948954 0)
(68.778183 0.13921757 0)
(68.780943 0.13883107 0)
(68.783542 0.13834538 0)
(68.785981 0.1377742 0)
(68.788258 0.13712988 0)
(68.790376 0.13642365 0)
(68.792337 0.1356655 0)
(68.794145 0.13486384 0)
(68.795803 0.13402554 0)
(68.797317 0.13315648 0)
(68.798689 0.13226194 0)
(68.799926 0.13134652 0)
(68.801032 0.13041374 0)
(68.802013 0.12946631 0)
(68.802875 0.12850663 0)
(68.803622 0.12753707 0)
(68.804261 0.12655946 0)
(68.804798 0.12557524 0)
(68.805239 0.1245859 0)
(68.805591 0.12359288 0)
(68.80586 0.12259723 0)
(68.806052 0.1216 0)
(68.806175 0.12060268 0)
(68.806234 0.11960653 0)
(68.806237 0.11861253 0)
(68.80619 0.11762212 0)
(68.8061 0.11663665 0)
(68.805972 0.115657 0)
(68.805813 0.11468456 0)
(68.805628 0.11372013 0)
(68.805423 0.11276509 0)
(68.805203 0.11181988 0)
(68.804972 0.11088573 0)
(68.804734 0.10996296 0)
(68.804493 0.10905274 0)
(68.804251 0.10815472 0)
(68.804012 0.10727014 0)
(68.803778 0.10639908 0)
(68.80355 0.10554107 0)
(68.80333 0.104697 0)
(68.803119 0.10386589 0)
(68.802917 0.10304896 0)
(68.802725 0.10224523 0)
(68.802542 0.10145491 0)
(68.802371 0.10067901 0)
(68.802209 0.099912496 0)
(68.802058 0.099161338 0)
(68.801915 0.098417889 0)
(68.801781 0.097690397 0)
(68.801656 0.096970773 0)
(68.801539 0.096263962 0)
(68.801429 0.095566366 0)
(68.801327 0.094878857 0)
(68.80123 0.094199563 0)
(68.801141 0.093535327 0)
(68.801056 0.092869861 0)
(68.800978 0.092225755 0)
(68.800904 0.091574155 0)
(68.800833 0.090948078 0)
(68.800768 0.090315567 0)
(68.800706 0.089702501 0)
(68.800647 0.089084582 0)
(68.800593 0.088490743 0)
(68.800539 0.087881069 0)
(68.800483 0.087309659 0)
(68.800439 0.086714464 0)
(68.800323 0.086145293 0)
(68.800383 0.08567933 0)
(68.799692 0.084799349 0)
(68.801049 0.085854987 0)
(68.79547 0.080157221 0)
(68.806254 0.10059978 0)
(68.79565 0.068671966 0)
(68.710796 0.093806049 0)
(68.711867 0.097443449 0)
(68.713245 0.10110568 0)
(68.714953 0.10474257 0)
(68.71698 0.10830274 0)
(68.7193 0.11174031 0)
(68.721881 0.11501844 0)
(68.72469 0.11811068 0)
(68.727693 0.1210004 0)
(68.730856 0.12367814 0)
(68.734153 0.12613796 0)
(68.737558 0.12837477 0)
(68.741048 0.13038369 0)
(68.744596 0.13216107 0)
(68.748178 0.13370567 0)
(68.751767 0.13501898 0)
(68.755338 0.13610521 0)
(68.758866 0.13697137 0)
(68.762328 0.13762742 0)
(68.765703 0.13808596 0)
(68.768973 0.13836152 0)
(68.772122 0.13846973 0)
(68.775139 0.13842682 0)
(68.778013 0.13824916 0)
(68.780739 0.13795262 0)
(68.783313 0.137552 0)
(68.785731 0.13706076 0)
(68.787995 0.13649114 0)
(68.790103 0.13585431 0)
(68.792058 0.13516026 0)
(68.793863 0.13441757 0)
(68.795521 0.1336334 0)
(68.797035 0.13281388 0)
(68.79841 0.1319645 0)
(68.79965 0.13109002 0)
(68.800761 0.13019429 0)
(68.801747 0.12928028 0)
(68.802614 0.12835066 0)
(68.803367 0.12740793 0)
(68.804012 0.12645419 0)
(68.804555 0.12549109 0)
(68.805002 0.12452032 0)
(68.80536 0.12354347 0)
(68.805635 0.12256182 0)
(68.805833 0.12157662 0)
(68.805962 0.12058948 0)
(68.806027 0.11960183 0)
(68.806036 0.11861485 0)
(68.805995 0.11763008 0)
(68.80591 0.11664904 0)
(68.805788 0.11567279 0)
(68.805634 0.11470279 0)
(68.805455 0.11374004 0)
(68.805255 0.11278596 0)
(68.80504 0.1118412 0)
(68.804814 0.110907 0)
(68.804581 0.10998385 0)
(68.804344 0.10907291 0)
(68.804107 0.10817405 0)
(68.803873 0.1072884 0)
(68.803642 0.10641618 0)
(68.803418 0.10555701 0)
(68.803202 0.1047117 0)
(68.802994 0.10387947 0)
(68.802795 0.10306135 0)
(68.802606 0.10225655 0)
(68.802426 0.10146519 0)
(68.802258 0.10068818 0)
(68.802099 0.099920958 0)
(68.80195 0.099168751 0)
(68.80181 0.098424827 0)
(68.801678 0.097696392 0)
(68.801555 0.096976338 0)
(68.801439 0.096268845 0)
(68.801332 0.095570793 0)
(68.801231 0.094882828 0)
(68.801136 0.094203222 0)
(68.801048 0.093538333 0)
(68.800965 0.092872995 0)
(68.800888 0.092228032 0)
(68.800815 0.091576862 0)
(68.800746 0.090949879 0)
(68.800682 0.090317705 0)
(68.800622 0.089704013 0)
(68.800564 0.089086386 0)
(68.800511 0.088491843 0)
(68.800458 0.087882866 0)
(68.800403 0.087310377 0)
(68.800359 0.086716669 0)
(68.80025 0.08614626 0)
(68.800292 0.085682378 0)
(68.79968 0.084806959 0)
(68.800747 0.085844513 0)
(68.796103 0.080306713 0)
(68.803645 0.10014714 0)
(68.799617 0.068931085 0)
(68.714116 0.092973521 0)
(68.715095 0.096387662 0)
(68.716347 0.099836038 0)
(68.717894 0.103277 0)
(68.719731 0.10666707 0)
(68.72184 0.10996596 0)
(68.724199 0.11313914 0)
(68.726781 0.11615915 0)
(68.729561 0.11900588 0)
(68.73251 0.12166534 0)
(68.735601 0.12412756 0)
(68.73881 0.12638452 0)
(68.742113 0.12842941 0)
(68.745487 0.13025698 0)
(68.748906 0.13186431 0)
(68.752344 0.13325118 0)
(68.755778 0.13442005 0)
(68.759183 0.13537613 0)
(68.762535 0.13612743 0)
(68.765814 0.13668457 0)
(68.769001 0.13706016 0)
(68.77208 0.13726821 0)
(68.775038 0.13732348 0)
(68.777865 0.13724113 0)
(68.780552 0.13703604 0)
(68.783095 0.13672239 0)
(68.78549 0.13631326 0)
(68.787736 0.1358207 0)
(68.789832 0.13525571 0)
(68.791778 0.13462826 0)
(68.793577 0.13394704 0)
(68.795232 0.13321942 0)
(68.796746 0.13245177 0)
(68.798122 0.13164975 0)
(68.799365 0.13081832 0)
(68.800479 0.12996156 0)
(68.801469 0.12908278 0)
(68.802341 0.12818484 0)
(68.803099 0.12727045 0)
(68.803749 0.12634192 0)
(68.804298 0.12540116 0)
(68.804751 0.12445002 0)
(68.805115 0.12349028 0)
(68.805396 0.12252346 0)
(68.8056 0.12155101 0)
(68.805735 0.12057465 0)
(68.805806 0.11959602 0)
(68.805821 0.11861649 0)
(68.805786 0.11763774 0)
(68.805707 0.11666142 0)
(68.80559 0.1156888 0)
(68.805442 0.11472142 0)
(68.805269 0.11376048 0)
(68.805074 0.11280745 0)
(68.804864 0.1118632 0)
(68.804643 0.11092899 0)
(68.804415 0.11000547 0)
(68.804183 0.10909381 0)
(68.803951 0.10819407 0)
(68.803721 0.10730733 0)
(68.803495 0.10643392 0)
(68.803275 0.10557356 0)
(68.803062 0.10472697 0)
(68.802858 0.10389357 0)
(68.802662 0.10307422 0)
(68.802477 0.10226831 0)
(68.8023 0.10147586 0)
(68.802134 0.10069771 0)
(68.801979 0.099929734 0)
(68.801832 0.099176462 0)
(68.801694 0.098432015 0)
(68.801565 0.097702628 0)
(68.801444 0.096982104 0)
(68.80133 0.096273917 0)
(68.801225 0.095575384 0)
(68.801126 0.094886947 0)
(68.801032 0.094207013 0)
(68.800946 0.093541459 0)
(68.800865 0.09287623 0)
(68.80079 0.092230409 0)
(68.800718 0.091579646 0)
(68.80065 0.090951763 0)
(68.800587 0.090319904 0)
(68.800529 0.089705589 0)
(68.800472 0.089088245 0)
(68.80042 0.088492988 0)
(68.800368 0.087884709 0)
(68.800315 0.08731116 0)
(68.800271 0.086718848 0)
(68.800165 0.086147434 0)
(68.800201 0.08568543 0)
(68.799619 0.084814879 0)
(68.800602 0.085832359 0)
(68.79625 0.080465529 0)
(68.803285 0.099645793 0)
(68.799498 0.0692753 0)
(68.717395 0.092165461 0)
(68.718291 0.095371868 0)
(68.719429 0.09861969 0)
(68.720832 0.10187423 0)
(68.722498 0.10509881 0)
(68.724414 0.10825825 0)
(68.726566 0.11132083 0)
(68.728936 0.11425939 0)
(68.731502 0.11705201 0)
(68.734241 0.11968176 0)
(68.737128 0.12213554 0)
(68.740142 0.12440281 0)
(68.743258 0.12647479 0)
(68.746454 0.12834461 0)
(68.749707 0.13000765 0)
(68.752991 0.13146197 0)
(68.756283 0.13270826 0)
(68.759558 0.13374991 0)
(68.762795 0.13459301 0)
(68.765973 0.13524618 0)
(68.769071 0.13572015 0)
(68.772074 0.13602718 0)
(68.774968 0.13618055 0)
(68.777741 0.13619407 0)
(68.780385 0.1360816 0)
(68.782893 0.13585653 0)
(68.78526 0.13553147 0)
(68.787484 0.13511813 0)
(68.789563 0.13462733 0)
(68.791498 0.13406891 0)
(68.79329 0.13345161 0)
(68.79494 0.13278295 0)
(68.796451 0.1320695 0)
(68.797826 0.13131708 0)
(68.79907 0.13053081 0)
(68.800186 0.12971503 0)
(68.80118 0.1288733 0)
(68.802055 0.12800874 0)
(68.802817 0.12712423 0)
(68.803473 0.1262223 0)
(68.804027 0.12530512 0)
(68.804485 0.12437473 0)
(68.804855 0.12343309 0)
(68.805141 0.12248196 0)
(68.805351 0.121523 0)
(68.805492 0.12055807 0)
(68.805569 0.119589 0)
(68.80559 0.11861738 0)
(68.805561 0.11764501 0)
(68.805488 0.11667372 0)
(68.805377 0.11570497 0)
(68.805235 0.11474041 0)
(68.805067 0.11378141 0)
(68.804879 0.11282955 0)
(68.804674 0.11188587 0)
(68.804459 0.11095168 0)
(68.804236 0.11002781 0)
(68.804009 0.10911543 0)
(68.803781 0.10821481 0)
(68.803556 0.10732695 0)
(68.803334 0.10645231 0)
(68.803119 0.10559071 0)
(68.80291 0.10474281 0)
(68.80271 0.10390818 0)
(68.802518 0.10308757 0)
(68.802335 0.10228049 0)
(68.802162 0.10148692 0)
(68.802 0.1007076 0)
(68.801847 0.099938823 0)
(68.801703 0.099184471 0)
(68.801568 0.098439452 0)
(68.801441 0.097709105 0)
(68.801322 0.096988069 0)
(68.801211 0.096279179 0)
(68.801107 0.095580139 0)
(68.801011 0.094891215 0)
(68.800919 0.094210936 0)
(68.800834 0.093544706 0)
(68.800755 0.092879562 0)
(68.800681 0.092232889 0)
(68.800611 0.091582504 0)
(68.800544 0.090953731 0)
(68.800483 0.09032216 0)
(68.800426 0.089707229 0)
(68.80037 0.089090154 0)
(68.800319 0.088494181 0)
(68.800269 0.087886599 0)
(68.800217 0.087311986 0)
(68.800174 0.086721061 0)
(68.80007 0.086148763 0)
(68.800104 0.085688353 0)
(68.799539 0.084823531 0)
(68.800477 0.085819463 0)
(68.796307 0.080626746 0)
(68.803125 0.099131469 0)
(68.799376 0.069643614 0)
(68.720635 0.091380642 0)
(68.721456 0.09439373 0)
(68.722492 0.097453416 0)
(68.723764 0.10053091 0)
(68.725275 0.10359528 0)
(68.727015 0.10661601 0)
(68.728977 0.1095644 0)
(68.731147 0.11241444 0)
(68.73351 0.11514371 0)
(68.736046 0.11773356 0)
(68.738733 0.12016873 0)
(68.741553 0.12243662 0)
(68.744482 0.12452669 0)
(68.7475 0.12643047 0)
(68.750584 0.12814174 0)
(68.75371 0.12965685 0)
(68.756855 0.13097475 0)
(68.759997 0.13209702 0)
(68.763113 0.13302784 0)
(68.766183 0.13377388 0)
(68.769187 0.13434397 0)
(68.772108 0.1347486 0)
(68.774932 0.13499947 0)
(68.777646 0.135109 0)
(68.78024 0.13508991 0)
(68.782708 0.13495471 0)
(68.785042 0.1347154 0)
(68.787241 0.13438326 0)
(68.7893 0.13396881 0)
(68.79122 0.13348174 0)
(68.793001 0.13293073 0)
(68.794643 0.13232342 0)
(68.796149 0.13166649 0)
(68.797522 0.1309659 0)
(68.798765 0.13022694 0)
(68.799882 0.12945415 0)
(68.800878 0.12865136 0)
(68.801756 0.1278219 0)
(68.802522 0.12696885 0)
(68.803181 0.12609497 0)
(68.80374 0.12520266 0)
(68.804203 0.12429417 0)
(68.804578 0.12337166 0)
(68.80487 0.12243711 0)
(68.805086 0.12149241 0)
(68.805232 0.12053958 0)
(68.805316 0.11958064 0)
(68.805343 0.11861741 0)
(68.805319 0.11765181 0)
(68.805253 0.11668587 0)
(68.805148 0.11572125 0)
(68.805012 0.1147597 0)
(68.80485 0.11380281 0)
(68.804667 0.11285222 0)
(68.804469 0.11190918 0)
(68.804259 0.11097506 0)
(68.804041 0.11005086 0)
(68.80382 0.10913776 0)
(68.803597 0.10823623 0)
(68.803377 0.10734724 0)
(68.80316 0.10647134 0)
(68.802948 0.10560846 0)
(68.802744 0.10475921 0)
(68.802548 0.10392331 0)
(68.80236 0.10310139 0)
(68.802181 0.10229311 0)
(68.802012 0.10149838 0)
(68.801852 0.10071785 0)
(68.801702 0.099948225 0)
(68.801561 0.099192778 0)
(68.801429 0.098447135 0)
(68.801305 0.097715823 0)
(68.801188 0.096994233 0)
(68.80108 0.096284629 0)
(68.800978 0.095585056 0)
(68.800884 0.094895629 0)
(68.800794 0.094214988 0)
(68.800711 0.093548074 0)
(68.800634 0.09288299 0)
(68.800561 0.092235471 0)
(68.800493 0.091585433 0)
(68.800428 0.090955782 0)
(68.800368 0.090324472 0)
(68.800312 0.089708933 0)
(68.800258 0.08909211 0)
(68.800208 0.088495422 0)
(68.800159 0.087888532 0)
(68.800108 0.087312857 0)
(68.800066 0.086723318 0)
(68.799965 0.086150199 0)
(68.799996 0.085691208 0)
(68.799448 0.084833049 0)
(68.800342 0.085805103 0)
(68.796356 0.080792572 0)
(68.802939 0.098603274 0)
(68.799286 0.070021512 0)
(68.723838 0.090618213 0)
(68.72459 0.09345121 0)
(68.725533 0.096334445 0)
(68.726688 0.099244075 0)
(68.728058 0.10215405 0)
(68.729638 0.10503804 0)
(68.731424 0.10787038 0)
(68.733408 0.11062681 0)
(68.735578 0.11328524 0)
(68.737919 0.11582635 0)
(68.740412 0.11823358 0)
(68.743041 0.1204928 0)
(68.745785 0.12259201 0)
(68.748624 0.1245213 0)
(68.751537 0.12627298 0)
(68.754502 0.12784177 0)
(68.757498 0.12922493 0)
(68.760502 0.13042229 0)
(68.763492 0.13143617 0)
(68.766448 0.13227132 0)
(68.769352 0.13293467 0)
(68.772185 0.13343494 0)
(68.774932 0.13378218 0)
(68.777581 0.13398737 0)
(68.780121 0.13406199 0)
(68.782543 0.13401757 0)
(68.784841 0.13386538 0)
(68.787009 0.13361616 0)
(68.789044 0.13328006 0)
(68.790945 0.13286651 0)
(68.792712 0.13238407 0)
(68.794344 0.13184039 0)
(68.795843 0.13124226 0)
(68.797211 0.13059574 0)
(68.798451 0.12990624 0)
(68.799567 0.12917848 0)
(68.800563 0.12841652 0)
(68.801443 0.12762392 0)
(68.802212 0.12680396 0)
(68.802874 0.1259596 0)
(68.803437 0.12509349 0)
(68.803905 0.12420809 0)
(68.804284 0.12330576 0)
(68.804581 0.12238872 0)
(68.804803 0.12145908 0)
(68.804955 0.12051904 0)
(68.805044 0.11957083 0)
(68.805077 0.11861648 0)
(68.80506 0.11765806 0)
(68.804999 0.1166978 0)
(68.804901 0.11573758 0)
(68.804771 0.11477926 0)
(68.804615 0.11382462 0)
(68.804439 0.11287543 0)
(68.804246 0.1119331 0)
(68.804042 0.11099911 0)
(68.80383 0.1100746 0)
(68.803614 0.10916079 0)
(68.803397 0.10825833 0)
(68.803182 0.10736819 0)
(68.80297 0.106491 0)
(68.802763 0.1056268 0)
(68.802564 0.10477617 0)
(68.802372 0.10393895 0)
(68.802188 0.10311569 0)
(68.802013 0.10230615 0)
(68.801847 0.10151022 0)
(68.801691 0.10072846 0)
(68.801544 0.099957934 0)
(68.801407 0.099201378 0)
(68.801277 0.098455063 0)
(68.801155 0.097722778 0)
(68.801042 0.097000593 0)
(68.800936 0.096290264 0)
(68.800837 0.095590133 0)
(68.800744 0.094900187 0)
(68.800657 0.094219166 0)
(68.800576 0.093551562 0)
(68.8005 0.09288651 0)
(68.800429 0.092238155 0)
(68.800363 0.091588429 0)
(68.800299 0.090957917 0)
(68.800241 0.090326836 0)
(68.800186 0.089710699 0)
(68.800134 0.089094112 0)
(68.800085 0.088496713 0)
(68.800038 0.087890502 0)
(68.799988 0.087313776 0)
(68.799947 0.08672561 0)
(68.799849 0.086151741 0)
(68.799878 0.085694022 0)
(68.799347 0.084843383 0)
(68.800196 0.085789301 0)
(68.796396 0.080963045 0)
(68.802734 0.098060178 0)
(68.799187 0.070409684 0)
(68.727005 0.089877438 0)
(68.727693 0.092542543 0)
(68.728553 0.09526035 0)
(68.729601 0.098011078 0)
(68.730843 0.10077285 0)
(68.732278 0.10352305 0)
(68.733902 0.10623898 0)
(68.735713 0.10889837 0)
(68.737701 0.11148016 0)
(68.739855 0.11396511 0)
(68.742161 0.11633605 0)
(68.744603 0.1185779 0)
(68.747163 0.12067757 0)
(68.749824 0.12262393 0)
(68.752567 0.12440799 0)
(68.75537 0.126023 0)
(68.758212 0.12746466 0)
(68.761074 0.12873106 0)
(68.763934 0.12982277 0)
(68.766772 0.13074268 0)
(68.769569 0.13149586 0)
(68.772309 0.13208922 0)
(68.774974 0.13253115 0)
(68.777552 0.13283112 0)
(68.780031 0.13299931 0)
(68.782402 0.13304617 0)
(68.784657 0.13298211 0)
(68.78679 0.13281724 0)
(68.788797 0.13256124 0)
(68.790676 0.13222318 0)
(68.792424 0.13181144 0)
(68.794043 0.13133361 0)
(68.795532 0.1307965 0)
(68.796893 0.13020623 0)
(68.798128 0.12956831 0)
(68.799241 0.12888761 0)
(68.800236 0.1281684 0)
(68.801116 0.12741444 0)
(68.801886 0.12662922 0)
(68.802551 0.12581589 0)
(68.803117 0.12497733 0)
(68.803588 0.12411624 0)
(68.803972 0.12323517 0)
(68.804274 0.12233659 0)
(68.804501 0.12142283 0)
(68.804658 0.12049631 0)
(68.804753 0.11955943 0)
(68.804792 0.11861447 0)
(68.804781 0.11766366 0)
(68.804727 0.11670944 0)
(68.804635 0.11575389 0)
(68.804511 0.11479903 0)
(68.804362 0.1138468 0)
(68.804192 0.11289913 0)
(68.804005 0.11195761 0)
(68.803807 0.1110238 0)
(68.803601 0.110099 0)
(68.803391 0.1091845 0)
(68.80318 0.1082811 0)
(68.80297 0.10738979 0)
(68.802763 0.10651127 0)
(68.802562 0.10564571 0)
(68.802367 0.10479367 0)
(68.802179 0.10395508 0)
(68.802 0.10313045 0)
(68.801829 0.10231962 0)
(68.801667 0.10152245 0)
(68.801515 0.10073942 0)
(68.801372 0.099967944 0)
(68.801237 0.099210266 0)
(68.801111 0.098463229 0)
(68.800992 0.097729964 0)
(68.800881 0.097007144 0)
(68.800778 0.096296079 0)
(68.800681 0.095595366 0)
(68.800591 0.094904884 0)
(68.800505 0.094223466 0)
(68.800427 0.093555165 0)
(68.800353 0.092890116 0)
(68.800284 0.092240939 0)
(68.800219 0.091591486 0)
(68.800158 0.090960133 0)
(68.800101 0.090329247 0)
(68.800048 0.089712526 0)
(68.799997 0.089096155 0)
(68.799949 0.088498051 0)
(68.799903 0.087892505 0)
(68.799855 0.087314745 0)
(68.799816 0.086727931 0)
(68.79972 0.086153395 0)
(68.799746 0.085696787 0)
(68.799234 0.084854511 0)
(68.800037 0.085772197 0)
(68.796427 0.081137316 0)
(68.802513 0.097503792 0)
(68.799076 0.070807961 0)
(68.730136 0.089157656 0)
(68.730767 0.091666247 0)
(68.73155 0.094229019 0)
(68.732502 0.096829588 0)
(68.733628 0.099449612 0)
(68.734929 0.10206976 0)
(68.736405 0.10467013 0)
(68.738054 0.10723059 0)
(68.739872 0.10973148 0)
(68.741849 0.1121542 0)
(68.743975 0.11448159 0)
(68.746235 0.11669813 0)
(68.748616 0.11879001 0)
(68.751101 0.12074519 0)
(68.753673 0.12255357 0)
(68.756313 0.12420715 0)
(68.759 0.12570017 0)
(68.761717 0.12702916 0)
(68.764442 0.12819298 0)
(68.767157 0.12919275 0)
(68.769843 0.13003172 0)
(68.772483 0.13071504 0)
(68.77506 0.1312494 0)
(68.777561 0.13164274 0)
(68.779974 0.13190385 0)
(68.782288 0.13204202 0)
(68.784495 0.13206671 0)
(68.786588 0.13198729 0)
(68.788562 0.13181283 0)
(68.790414 0.13155202 0)
(68.79214 0.13121293 0)
(68.793741 0.13080302 0)
(68.795217 0.13032905 0)
(68.796568 0.12979714 0)
(68.797796 0.12921289 0)
(68.798905 0.12858126 0)
(68.799896 0.12790671 0)
(68.800775 0.12719318 0)
(68.801545 0.12644434 0)
(68.802211 0.12566356 0)
(68.802779 0.12485394 0)
(68.803253 0.12401839 0)
(68.803641 0.1231597 0)
(68.803947 0.12228054 0)
(68.804178 0.12138352 0)
(68.804341 0.12047124 0)
(68.804442 0.11954632 0)
(68.804486 0.11861127 0)
(68.804482 0.11766853 0)
(68.804433 0.11672071 0)
(68.804348 0.11577011 0)
(68.804231 0.11481893 0)
(68.804088 0.1138693 0)
(68.803924 0.11292328 0)
(68.803744 0.11198265 0)
(68.803553 0.11104909 0)
(68.803353 0.11012403 0)
(68.803149 0.10920885 0)
(68.802944 0.1083045 0)
(68.802739 0.107412 0)
(68.802538 0.10653214 0)
(68.802342 0.10566519 0)
(68.802152 0.10481169 0)
(68.801969 0.1039717 0)
(68.801795 0.10314566 0)
(68.801628 0.10233348 0)
(68.80147 0.10153504 0)
(68.801322 0.10075071 0)
(68.801182 0.099978247 0)
(68.801051 0.099219432 0)
(68.800928 0.098471625 0)
(68.800813 0.097737374 0)
(68.800705 0.097013878 0)
(68.800604 0.096302068 0)
(68.80051 0.095600748 0)
(68.800422 0.094909716 0)
(68.800339 0.094227882 0)
(68.800263 0.093558881 0)
(68.800191 0.092893803 0)
(68.800124 0.09224382 0)
(68.800061 0.0915946 0)
(68.800001 0.090962429 0)
(68.799946 0.090331703 0)
(68.799895 0.089714412 0)
(68.799845 0.089098235 0)
(68.7998 0.088499436 0)
(68.799755 0.087894535 0)
(68.799708 0.087315763 0)
(68.79967 0.086730274 0)
(68.799577 0.086155164 0)
(68.799601 0.085699496 0)
(68.799108 0.08486643 0)
(68.799866 0.085753866 0)
(68.796447 0.08131456 0)
(68.802276 0.096936268 0)
(68.798952 0.071215075 0)
(68.733232 0.088458422 0)
(68.73381 0.090821109 0)
(68.734524 0.093238681 0)
(68.735388 0.095697592 0)
(68.736409 0.098182499 0)
(68.737588 0.10067695 0)
(68.738927 0.10316361 0)
(68.740428 0.10562453 0)
(68.742085 0.10804167 0)
(68.743895 0.11039744 0)
(68.745848 0.11267516 0)
(68.747934 0.11485931 0)
(68.75014 0.11693574 0)
(68.752452 0.11889182 0)
(68.754855 0.12071659 0)
(68.757331 0.12240101 0)
(68.759863 0.12393805 0)
(68.762432 0.12532281 0)
(68.765019 0.12655258 0)
(68.767607 0.12762681 0)
(68.770176 0.12854701 0)
(68.772711 0.12931658 0)
(68.775194 0.12994054 0)
(68.777613 0.13042526 0)
(68.779953 0.13077811 0)
(68.782204 0.13100714 0)
(68.784357 0.13112076 0)
(68.786405 0.13112748 0)
(68.788341 0.13103572 0)
(68.79016 0.13085362 0)
(68.791861 0.13058892 0)
(68.793441 0.13024881 0)
(68.7949 0.12983996 0)
(68.796238 0.12936844 0)
(68.797456 0.12883986 0)
(68.798557 0.12825927 0)
(68.799543 0.12763125 0)
(68.800419 0.12695992 0)
(68.801187 0.12624912 0)
(68.801853 0.12550241 0)
(68.802422 0.12472311 0)
(68.802898 0.12391435 0)
(68.803289 0.12307915 0)
(68.803599 0.12222042 0)
(68.803834 0.12134099 0)
(68.804002 0.1204437 0)
(68.804108 0.11953137 0)
(68.804158 0.11860678 0)
(68.804159 0.11767255 0)
(68.804117 0.1167315 0)
(68.804038 0.11578616 0)
(68.803928 0.1148389 0)
(68.803792 0.11389205 0)
(68.803635 0.11294782 0)
(68.803462 0.11200817 0)
(68.803277 0.11107492 0)
(68.803084 0.11014964 0)
(68.802886 0.1092338 0)
(68.802687 0.1083285 0)
(68.802489 0.1074348 0)
(68.802293 0.10655358 0)
(68.802103 0.1056852 0)
(68.801918 0.10483022 0)
(68.80174 0.10398878 0)
(68.801571 0.10316129 0)
(68.801409 0.10234774 0)
(68.801255 0.10154798 0)
(68.801111 0.10076233 0)
(68.800975 0.099988826 0)
(68.800848 0.099228861 0)
(68.800728 0.098480239 0)
(68.800616 0.097744995 0)
(68.800511 0.097020787 0)
(68.800413 0.096308219 0)
(68.800322 0.095606271 0)
(68.800237 0.094914673 0)
(68.800156 0.094232406 0)
(68.800082 0.093562703 0)
(68.800013 0.092897564 0)
(68.799948 0.092246792 0)
(68.799887 0.091597763 0)
(68.799829 0.0909648 0)
(68.799775 0.090334195 0)
(68.799726 0.089716352 0)
(68.799678 0.089100345 0)
(68.799634 0.088500864 0)
(68.799591 0.087896587 0)
(68.799546 0.08731683 0)
(68.799509 0.08673263 0)
(68.799419 0.086157048 0)
(68.799441 0.085702141 0)
(68.798967 0.084879127 0)
(68.799679 0.085734387 0)
(68.796452 0.081493962 0)
(68.80202 0.096359824 0)
(68.798814 0.071629521 0)
(68.736295 0.08777944 0)
(68.736824 0.090006162 0)
(68.737474 0.092287863 0)
(68.738259 0.094613369 0)
(68.739183 0.096969882 0)
(68.740251 0.099343457 0)
(68.741465 0.10171911 0)
(68.742827 0.10408098 0)
(68.744336 0.10641276 0)
(68.745988 0.10869811 0)
(68.747777 0.11092118 0)
(68.749695 0.11306681 0)
(68.751732 0.11512086 0)
(68.753875 0.1170704 0)
(68.756111 0.11890392 0)
(68.758424 0.12061152 0)
(68.7608 0.12218515 0)
(68.763219 0.12361864 0)
(68.765666 0.12490786 0)
(68.768123 0.12605071 0)
(68.770571 0.12704706 0)
(68.772995 0.12789863 0)
(68.775379 0.1286088 0)
(68.777709 0.12918236 0)
(68.779971 0.12962522 0)
(68.782153 0.12994412 0)
(68.784247 0.13014636 0)
(68.786243 0.1302395 0)
(68.788136 0.1302312 0)
(68.789919 0.13012897 0)
(68.791589 0.1299401 0)
(68.793144 0.12967148 0)
(68.794582 0.12932955 0)
(68.795903 0.12892031 0)
(68.797108 0.12844931 0)
(68.798199 0.12792164 0)
(68.799178 0.12734197 0)
(68.800048 0.12671457 0)
(68.800813 0.12604344 0)
(68.801477 0.1253323 0)
(68.802045 0.12458471 0)
(68.802523 0.12380399 0)
(68.802915 0.1229934 0)
(68.803228 0.12215608 0)
(68.803467 0.12129511 0)
(68.803639 0.12041356 0)
(68.803749 0.11951449 0)
(68.803805 0.11860089 0)
(68.803812 0.11767563 0)
(68.803777 0.11674173 0)
(68.803704 0.11580195 0)
(68.803601 0.11485886 0)
(68.803472 0.11391498 0)
(68.803322 0.11297268 0)
(68.803156 0.11203412 0)
(68.802977 0.11110125 0)
(68.802791 0.11017578 0)
(68.8026 0.10925931 0)
(68.802408 0.10835306 0)
(68.802216 0.10745816 0)
(68.802027 0.10657555 0)
(68.801842 0.10570571 0)
(68.801663 0.10484922 0)
(68.801491 0.1040063 0)
(68.801326 0.10317733 0)
(68.801169 0.10236236 0)
(68.80102 0.10156126 0)
(68.80088 0.10077426 0)
(68.800749 0.099999666 0)
(68.800625 0.09923854 0)
(68.800509 0.098489058 0)
(68.8004 0.097752815 0)
(68.800299 0.09702786 0)
(68.800204 0.096314524 0)
(68.800115 0.095611926 0)
(68.800033 0.094919747 0)
(68.799955 0.09423703 0)
(68.799883 0.093566624 0)
(68.799816 0.09290139 0)
(68.799754 0.092249851 0)
(68.799695 0.091600969 0)
(68.799639 0.09096724 0)
(68.799587 0.09033672 0)
(68.79954 0.089718342 0)
(68.799494 0.089102482 0)
(68.799451 0.088502334 0)
(68.79941 0.087898653 0)
(68.799366 0.087317946 0)
(68.799331 0.086734994 0)
(68.799244 0.086159046 0)
(68.799264 0.085704717 0)
(68.79881 0.084892574 0)
(68.799477 0.085713855 0)
(68.796442 0.081674653 0)
(68.801744 0.095776835 0)
(68.798661 0.072049695 0)
(68.739324 0.087120621 0)
(68.739809 0.089220712 0)
(68.740401 0.091375397 0)
(68.741112 0.093575498 0)
(68.741949 0.095810373 0)
(68.742915 0.098068247 0)
(68.744014 0.10033625 0)
(68.745248 0.1026005 0)
(68.746618 0.1048464 0)
(68.748122 0.10705905 0)
(68.749756 0.10922361 0)
(68.751514 0.11132558 0)
(68.753388 0.11335113 0)
(68.755366 0.11528732 0)
(68.757439 0.11712232 0)
(68.759592 0.11884569 0)
(68.761811 0.12044851 0)
(68.76408 0.12192358 0)
(68.766384 0.12326551 0)
(68.768707 0.1244708 0)
(68.77103 0.12553779 0)
(68.773339 0.12646661 0)
(68.775619 0.12725904 0)
(68.777854 0.12791832 0)
(68.780031 0.12844889 0)
(68.782139 0.12885615 0)
(68.784167 0.12914619 0)
(68.786106 0.12932557 0)
(68.787949 0.12940106 0)
(68.789691 0.1293795 0)
(68.791325 0.1292676 0)
(68.79285 0.12907187 0)
(68.794264 0.12879846 0)
(68.795565 0.1284532 0)
(68.796753 0.12804153 0)
(68.797831 0.12756855 0)
(68.798799 0.12703897 0)
(68.799662 0.12645717 0)
(68.800421 0.12582728 0)
(68.801082 0.1251532 0)
(68.801648 0.12443866 0)
(68.802125 0.12368722 0)
(68.802518 0.12290234 0)
(68.802832 0.12208742 0)
(68.803074 0.12124578 0)
(68.80325 0.12038072 0)
(68.803365 0.11949555 0)
(68.803426 0.1185935 0)
(68.803439 0.11767768 0)
(68.80341 0.11675131 0)
(68.803344 0.11581739 0)
(68.803248 0.11487871 0)
(68.803125 0.11393799 0)
(68.802982 0.11299778 0)
(68.802824 0.11206041 0)
(68.802653 0.11112799 0)
(68.802474 0.11020239 0)
(68.80229 0.10928532 0)
(68.802104 0.10837811 0)
(68.801919 0.107482 0)
(68.801736 0.10659799 0)
(68.801558 0.10572668 0)
(68.801385 0.10486865 0)
(68.801218 0.1040242 0)
(68.801059 0.10319373 0)
(68.800907 0.10237731 0)
(68.800763 0.10157483 0)
(68.800628 0.10078646 0)
(68.800501 0.10001074 0)
(68.800381 0.099248442 0)
(68.800269 0.098498059 0)
(68.800164 0.097760812 0)
(68.800066 0.097035076 0)
(68.799974 0.096320962 0)
(68.799889 0.095617697 0)
(68.799809 0.094924921 0)
(68.799734 0.094241738 0)
(68.799665 0.093570632 0)
(68.7996 0.092905269 0)
(68.79954 0.092252985 0)
(68.799483 0.091604206 0)
(68.79943 0.090969742 0)
(68.79938 0.090339268 0)
(68.799334 0.089720373 0)
(68.79929 0.089104636 0)
(68.799249 0.088503839 0)
(68.79921 0.087900725 0)
(68.799168 0.087319105 0)
(68.799134 0.086737354 0)
(68.799051 0.086161155 0)
(68.799068 0.085707219 0)
(68.798635 0.084906734 0)
(68.799256 0.085692381 0)
(68.796415 0.081855705 0)
(68.801447 0.095189862 0)
(68.798489 0.072473861 0)
(68.742322 0.086482046 0)
(68.742765 0.08846429 0)
(68.743303 0.090500394 0)
(68.743948 0.092582846 0)
(68.744704 0.094702823 0)
(68.745577 0.096850431 0)
(68.74657 0.099014675 0)
(68.747686 0.1011835 0)
(68.748927 0.10334399 0)
(68.750293 0.1054827 0)
(68.751781 0.10758595 0)
(68.753386 0.10964013 0)
(68.755103 0.11163193 0)
(68.756923 0.11354867 0)
(68.758836 0.11537845 0)
(68.760831 0.1171105 0)
(68.762895 0.11873531 0)
(68.765015 0.12024482 0)
(68.767175 0.1216326 0)
(68.76936 0.12289388 0)
(68.771555 0.12402563 0)
(68.773745 0.1250265 0)
(68.775915 0.12589675 0)
(68.77805 0.1266381 0)
(68.780137 0.12725353 0)
(68.782164 0.12774706 0)
(68.78412 0.12812356 0)
(68.785997 0.12838848 0)
(68.787785 0.12854766 0)
(68.789479 0.12860714 0)
(68.791073 0.128573 0)
(68.792563 0.12845124 0)
(68.793947 0.12824768 0)
(68.795223 0.12796787 0)
(68.796392 0.12761713 0)
(68.797453 0.12720045 0)
(68.798408 0.12672257 0)
(68.79926 0.12618795 0)
(68.800011 0.1256008 0)
(68.800666 0.12496519 0)
(68.801228 0.12428501 0)
(68.801703 0.12356404 0)
(68.802096 0.12280596 0)
(68.802411 0.1220144 0)
(68.802656 0.12119293 0)
(68.802834 0.12034511 0)
(68.802954 0.11947447 0)
(68.80302 0.11858451 0)
(68.803038 0.11767859 0)
(68.803015 0.11676013 0)
(68.802955 0.11583238 0)
(68.802866 0.11489837 0)
(68.802751 0.11396101 0)
(68.802615 0.11302303 0)
(68.802464 0.11208696 0)
(68.8023 0.11115508 0)
(68.802129 0.1102294 0)
(68.801952 0.10931174 0)
(68.801774 0.1084036 0)
(68.801596 0.10750628 0)
(68.80142 0.10662086 0)
(68.801248 0.10574804 0)
(68.801081 0.10488846 0)
(68.800921 0.10404247 0)
(68.800767 0.10321045 0)
(68.800621 0.10239255 0)
(68.800482 0.10158867 0)
(68.800352 0.10079891 0)
(68.800229 0.10002203 0)
(68.800114 0.099258546 0)
(68.800006 0.098507226 0)
(68.799905 0.097768969 0)
(68.79981 0.097042424 0)
(68.799722 0.096327521 0)
(68.79964 0.095623572 0)
(68.799563 0.094930188 0)
(68.799491 0.094246522 0)
(68.799425 0.093574719 0)
(68.799363 0.092909194 0)
(68.799305 0.092256189 0)
(68.79925 0.091607468 0)
(68.799199 0.090972299 0)
(68.799152 0.090341833 0)
(68.799108 0.089722442 0)
(68.799066 0.089106802 0)
(68.799027 0.088505376 0)
(68.798989 0.087902797 0)
(68.798949 0.087320308 0)
(68.798916 0.086739703 0)
(68.798837 0.086163372 0)
(68.798852 0.085709643 0)
(68.79844 0.084921556 0)
(68.799017 0.085670092 0)
(68.796367 0.082036148 0)
(68.801127 0.094601652 0)
(68.798299 0.072900141 0)
(68.745288 0.085863997 0)
(68.745693 0.087736689 0)
(68.746181 0.089662261 0)
(68.746765 0.091634571 0)
(68.747448 0.093646342 0)
(68.748235 0.095689294 0)
(68.749131 0.097754092 0)
(68.750138 0.099830336 0)
(68.75126 0.1019067 0)
(68.752496 0.10397119 0)
(68.753846 0.10601136 0)
(68.755307 0.1080146 0)
(68.756874 0.10996832 0)
(68.758541 0.11186028 0)
(68.7603 0.11367878 0)
(68.76214 0.11541291 0)
(68.764051 0.1170528 0)
(68.766021 0.11858976 0)
(68.768037 0.12001649 0)
(68.770084 0.12132717 0)
(68.772148 0.12251754 0)
(68.774215 0.12358489 0)
(68.77627 0.12452807 0)
(68.7783 0.12534733 0)
(68.780291 0.12604422 0)
(68.782232 0.1266214 0)
(68.78411 0.12708246 0)
(68.785918 0.1274317 0)
(68.787645 0.12767396 0)
(68.789286 0.12781439 0)
(68.790833 0.12785838 0)
(68.792283 0.12781133 0)
(68.793633 0.12767862 0)
(68.79488 0.12746548 0)
(68.796024 0.127177 0)
(68.797065 0.12681806 0)
(68.798003 0.12639334 0)
(68.798842 0.12590732 0)
(68.799583 0.1253643 0)
(68.800229 0.12476848 0)
(68.800786 0.1241239 0)
(68.801257 0.12343454 0)
(68.801648 0.12270429 0)
(68.801963 0.12193702 0)
(68.802208 0.12113655 0)
(68.802389 0.12030667 0)
(68.802512 0.11945119 0)
(68.802582 0.11857385 0)
(68.802606 0.11767827 0)
(68.802589 0.11676809 0)
(68.802536 0.11584682 0)
(68.802453 0.11491773 0)
(68.802345 0.11398391 0)
(68.802217 0.11304833 0)
(68.802074 0.11211367 0)
(68.801918 0.1111824 0)
(68.801754 0.11025669 0)
(68.801586 0.1093385 0)
(68.801415 0.10842943 0)
(68.801244 0.1075309 0)
(68.801075 0.10664407 0)
(68.80091 0.10576974 0)
(68.80075 0.10490857 0)
(68.800596 0.10406101 0)
(68.800448 0.10322745 0)
(68.800308 0.10240804 0)
(68.800175 0.10160272 0)
(68.800049 0.10081156 0)
(68.799932 0.10003348 0)
(68.799821 0.099268808 0)
(68.799718 0.098516518 0)
(68.79962 0.097777247 0)
(68.79953 0.097049867 0)
(68.799445 0.096334168 0)
(68.799367 0.09562952 0)
(68.799293 0.094935516 0)
(68.799225 0.094251355 0)
(68.799161 0.09357886 0)
(68.799101 0.09291314 0)
(68.799046 0.092259439 0)
(68.798994 0.091610733 0)
(68.798945 0.090974892 0)
(68.7989 0.090344398 0)
(68.798858 0.089724531 0)
(68.798818 0.089108963 0)
(68.798781 0.088506932 0)
(68.798745 0.087904853 0)
(68.798708 0.087321542 0)
(68.798676 0.086742026 0)
(68.798601 0.086165683 0)
(68.798614 0.08571198 0)
(68.798224 0.084936973 0)
(68.798757 0.085647121 0)
(68.796297 0.082214969 0)
(68.800781 0.094015116 0)
(68.798088 0.073326512 0)
(68.748225 0.085266971 0)
(68.748593 0.087037979 0)
(68.749036 0.088860691 0)
(68.749563 0.090730124 0)
(68.750179 0.0926403 0)
(68.750887 0.094584325 0)
(68.751693 0.096554315 0)
(68.7526 0.098541358 0)
(68.753611 0.1005356 0)
(68.754727 0.10252644 0)
(68.755948 0.10450268 0)
(68.757273 0.10645277 0)
(68.758697 0.10836499 0)
(68.760218 0.1102277 0)
(68.761826 0.11202956 0)
(68.763516 0.11375976 0)
(68.765278 0.11540824 0)
(68.7671 0.11696593 0)
(68.768971 0.11842484 0)
(68.770879 0.11977829 0)
(68.77281 0.12102097 0)
(68.77475 0.12214895 0)
(68.776687 0.12315978 0)
(68.778607 0.12405233 0)
(68.780497 0.12482678 0)
(68.782345 0.12548444 0)
(68.78414 0.12602761 0)
(68.785872 0.12645941 0)
(68.787532 0.1267836 0)
(68.789113 0.12700443 0)
(68.790609 0.12712645 0)
(68.792013 0.12715443 0)
(68.793324 0.12709321 0)
(68.794537 0.12694763 0)
(68.795652 0.12672248 0)
(68.796668 0.12642246 0)
(68.797586 0.12605214 0)
(68.798408 0.12561598 0)
(68.799135 0.12511835 0)
(68.799771 0.12456351 0)
(68.80032 0.12395566 0)
(68.800785 0.12329895 0)
(68.801172 0.1225975 0)
(68.801485 0.12185538 0)
(68.80173 0.12107667 0)
(68.801913 0.12026543 0)
(68.802038 0.11942569 0)
(68.802113 0.11856146 0)
(68.802141 0.11767667 0)
(68.802129 0.11677513 0)
(68.802083 0.11586063 0)
(68.802007 0.11493669 0)
(68.801907 0.11400661 0)
(68.801787 0.11307356 0)
(68.801651 0.11214044 0)
(68.801504 0.11120987 0)
(68.801348 0.11028419 0)
(68.801187 0.10936549 0)
(68.801024 0.10845552 0)
(68.800861 0.10755579 0)
(68.8007 0.10666755 0)
(68.800542 0.1057917 0)
(68.800389 0.10492895 0)
(68.800242 0.1040798 0)
(68.800101 0.10324466 0)
(68.799966 0.10242373 0)
(68.799839 0.10161696 0)
(68.799719 0.10082438 0)
(68.799607 0.10004508 0)
(68.799501 0.099279208 0)
(68.799402 0.09852592 0)
(68.799309 0.097785633 0)
(68.799223 0.097057398 0)
(68.799142 0.096340895 0)
(68.799067 0.095635538 0)
(68.798997 0.094940904 0)
(68.798931 0.094256234 0)
(68.798871 0.093583055 0)
(68.798814 0.092917108 0)
(68.798762 0.092262739 0)
(68.798713 0.091614005 0)
(68.798666 0.090977524 0)
(68.798623 0.090346966 0)
(68.798584 0.089726644 0)
(68.798546 0.089111123 0)
(68.798511 0.08850851 0)
(68.798477 0.087906893 0)
(68.798441 0.087322811 0)
(68.798412 0.08674432 0)
(68.79834 0.086168089 0)
(68.798351 0.085714233 0)
(68.797984 0.084952912 0)
(68.798474 0.085623627 0)
(68.796202 0.082391138 0)
(68.800407 0.093433334 0)
(68.797853 0.073750818 0)
(68.751132 0.084691651 0)
(68.751467 0.086368456 0)
(68.751868 0.088095662 0)
(68.752343 0.089869257 0)
(68.752897 0.091684357 0)
(68.753533 0.093535253 0)
(68.754256 0.095415322 0)
(68.75507 0.097316977 0)
(68.755978 0.09923171 0)
(68.756982 0.10115021 0)
(68.758082 0.10306252 0)
(68.759278 0.10495817 0)
(68.760568 0.10682637 0)
(68.761948 0.10865621 0)
(68.763413 0.11043685 0)
(68.764957 0.11215776 0)
(68.766572 0.1138089 0)
(68.768248 0.11538096 0)
(68.769976 0.11686552 0)
(68.771744 0.1182552 0)
(68.77354 0.11954381 0)
(68.775352 0.12072638 0)
(68.777167 0.12179928 0)
(68.778972 0.12276011 0)
(68.780756 0.12360775 0)
(68.782506 0.1243422 0)
(68.784211 0.12496448 0)
(68.785862 0.12547652 0)
(68.787449 0.12588097 0)
(68.788964 0.12618108 0)
(68.790402 0.12638055 0)
(68.791755 0.12648341 0)
(68.79302 0.12649391 0)
(68.794194 0.12641639 0)
(68.795275 0.12625531 0)
(68.796263 0.12601508 0)
(68.797156 0.12570015 0)
(68.797957 0.12531491 0)
(68.798667 0.1248637 0)
(68.79929 0.12435088 0)
(68.799828 0.12378075 0)
(68.800285 0.12315764 0)
(68.800667 0.12248583 0)
(68.800977 0.12176965 0)
(68.80122 0.1210134 0)
(68.801403 0.1202214 0)
(68.80153 0.11939795 0)
(68.801608 0.11854731 0)
(68.801641 0.11767368 0)
(68.801634 0.11678111 0)
(68.801594 0.11587366 0)
(68.801525 0.1149551 0)
(68.801433 0.11402895 0)
(68.80132 0.11309858 0)
(68.801193 0.1121671 0)
(68.801054 0.11123731 0)
(68.800907 0.11031173 0)
(68.800754 0.10939257 0)
(68.8006 0.10848173 0)
(68.800445 0.10758082 0)
(68.800291 0.10669117 0)
(68.800141 0.10581379 0)
(68.799996 0.10494945 0)
(68.799856 0.10409871 0)
(68.799721 0.10326198 0)
(68.799593 0.10243952 0)
(68.799472 0.10163128 0)
(68.799358 0.10083728 0)
(68.799251 0.10005673 0)
(68.799151 0.09928966 0)
(68.799056 0.098535354 0)
(68.798968 0.097794051 0)
(68.798886 0.097064945 0)
(68.79881 0.096347634 0)
(68.798738 0.09564156 0)
(68.798672 0.094946289 0)
(68.79861 0.094261101 0)
(68.798552 0.093587249 0)
(68.798499 0.092921046 0)
(68.798449 0.092266036 0)
(68.798403 0.091617237 0)
(68.798359 0.09098015 0)
(68.798319 0.090349496 0)
(68.798281 0.089728741 0)
(68.798246 0.089113244 0)
(68.798213 0.088510076 0)
(68.798182 0.087908885 0)
(68.798148 0.087324087 0)
(68.79812 0.086746555 0)
(68.798053 0.086170556 0)
(68.798062 0.085716381 0)
(68.797717 0.084969263 0)
(68.798165 0.085599764 0)
(68.796079 0.082563587 0)
(68.800005 0.092859517 0)
(68.797593 0.074170755 0)
(68.754013 0.084138956 0)
(68.754317 0.08572869 0)
(68.754678 0.08736745 0)
(68.755105 0.089052033 0)
(68.755601 0.090778474 0)
(68.756171 0.092542075 0)
(68.756817 0.094337307 0)
(68.757546 0.096157744 0)
(68.758358 0.097996085 0)
(68.759258 0.09984423 0)
(68.760245 0.10169338 0)
(68.76132 0.10353414 0)
(68.762483 0.10535668 0)
(68.763729 0.1071509 0)
(68.765056 0.10890656 0)
(68.766459 0.11061355 0)
(68.767931 0.11226202 0)
(68.769465 0.11384261 0)
(68.77105 0.11534662 0)
(68.772679 0.11676619 0)
(68.774339 0.11809441 0)
(68.77602 0.11932545 0)
(68.77771 0.12045462 0)
(68.779397 0.12147842 0)
(68.78107 0.12239447 0)
(68.782717 0.12320154 0)
(68.784327 0.12389941 0)
(68.78589 0.12448881 0)
(68.787398 0.12497127 0)
(68.788841 0.12534902 0)
(68.790214 0.12562482 0)
(68.79151 0.12580192 0)
(68.792724 0.12588387 0)
(68.793853 0.12587451 0)
(68.794895 0.12577782 0)
(68.795849 0.12559793 0)
(68.796713 0.12533906 0)
(68.79749 0.12500549 0)
(68.79818 0.12460152 0)
(68.798785 0.12413154 0)
(68.79931 0.12359994 0)
(68.799757 0.12301119 0)
(68.80013 0.12236976 0)
(68.800435 0.12168018 0)
(68.800676 0.12094699 0)
(68.800858 0.12017477 0)
(68.800986 0.11936807 0)
(68.801065 0.11853143 0)
(68.801102 0.11766931 0)
(68.801101 0.11678603 0)
(68.801067 0.11588588 0)
(68.801005 0.1149729 0)
(68.80092 0.11405085 0)
(68.800816 0.1131233 0)
(68.800696 0.11219356 0)
(68.800566 0.11126464 0)
(68.800428 0.11033921 0)
(68.800284 0.10941964 0)
(68.800138 0.10850796 0)
(68.799992 0.10760589 0)
(68.799847 0.10671487 0)
(68.799705 0.10583597 0)
(68.799567 0.10497004 0)
(68.799434 0.1041177 0)
(68.799307 0.10327939 0)
(68.799186 0.10245538 0)
(68.799072 0.10164567 0)
(68.798964 0.10085025 0)
(68.798862 0.10006844 0)
(68.798767 0.099300172 0)
(68.798678 0.098544832 0)
(68.798595 0.097802516 0)
(68.798518 0.097072528 0)
(68.798445 0.096354408 0)
(68.798378 0.095647612 0)
(68.798316 0.0949517 0)
(68.798257 0.094265985 0)
(68.798203 0.093591472 0)
(68.798153 0.092924985 0)
(68.798106 0.092269362 0)
(68.798063 0.091620458 0)
(68.798022 0.090982797 0)
(68.797984 0.090352017 0)
(68.797949 0.089730847 0)
(68.797916 0.089115351 0)
(68.797886 0.088511656 0)
(68.797856 0.087910849 0)
(68.797825 0.087325389 0)
(68.797799 0.086748746 0)
(68.797736 0.086173095 0)
(68.797744 0.085718443 0)
(68.797422 0.084985932 0)
(68.79783 0.085575731 0)
(68.795926 0.082731265 0)
(68.799569 0.092297044 0)
(68.797306 0.0745839 0)
(68.75687 0.083610042 0)
(68.757143 0.085119533 0)
(68.757468 0.086676646 0)
(68.75785 0.088278846 0)
(68.758293 0.089922946 0)
(68.758801 0.0916051 0)
(68.759377 0.093320722 0)
(68.760026 0.095064403 0)
(68.76075 0.096829915 0)
(68.761552 0.098610253 0)
(68.762434 0.1003977 0)
(68.763396 0.1021839 0)
(68.764437 0.10395999 0)
(68.765557 0.10571667 0)
(68.766753 0.10744443 0)
(68.76802 0.10913364 0)
(68.769353 0.1107748 0)
(68.770747 0.11235864 0)
(68.772193 0.11387637 0)
(68.773683 0.11531979 0)
(68.775207 0.11668148 0)
(68.776756 0.11795488 0)
(68.778319 0.11913444 0)
(68.779884 0.12021563 0)
(68.781442 0.12119497 0)
(68.78298 0.12207007 0)
(68.784489 0.12283952 0)
(68.785959 0.12350288 0)
(68.78738 0.12406054 0)
(68.788746 0.12451368 0)
(68.790047 0.12486413 0)
(68.791279 0.12511425 0)
(68.792437 0.12526689 0)
(68.793515 0.12532525 0)
(68.794513 0.12529284 0)
(68.795427 0.12517342 0)
(68.796258 0.12497091 0)
(68.797005 0.12468943 0)
(68.797671 0.12433322 0)
(68.798256 0.12390663 0)
(68.798764 0.12341414 0)
(68.799197 0.12286032 0)
(68.799561 0.12224981 0)
(68.799858 0.12158734 0)
(68.800094 0.12087769 0)
(68.800274 0.12012568 0)
(68.800402 0.11933612 0)
(68.800483 0.11851381 0)
(68.800523 0.11766349 0)
(68.800526 0.11678974 0)
(68.800498 0.1158971 0)
(68.800443 0.11498988 0)
(68.800365 0.11407207 0)
(68.800269 0.11314746 0)
(68.800159 0.11221957 0)
(68.800037 0.1112916 0)
(68.799908 0.11036639 0)
(68.799774 0.10944646 0)
(68.799637 0.10853398 0)
(68.799499 0.10763078 0)
(68.799363 0.10673839 0)
(68.79923 0.10585799 0)
(68.799101 0.10499049 0)
(68.798976 0.10413655 0)
(68.798856 0.10329666 0)
(68.798743 0.10247111 0)
(68.798635 0.10165994 0)
(68.798533 0.1008631 0)
(68.798438 0.10008003 0)
(68.798349 0.099310569 0)
(68.798265 0.098554188 0)
(68.798187 0.097810869 0)
(68.798115 0.097079996 0)
(68.798047 0.09636107 0)
(68.797984 0.095653554 0)
(68.797926 0.094957002 0)
(68.797871 0.094270758 0)
(68.79782 0.093595601 0)
(68.797774 0.092928811 0)
(68.79773 0.092272606 0)
(68.79769 0.091623568 0)
(68.797652 0.090985368 0)
(68.797617 0.090354438 0)
(68.797585 0.089732879 0)
(68.797554 0.089117366 0)
(68.797526 0.088513175 0)
(68.797499 0.087912715 0)
(68.79747 0.087326655 0)
(68.797447 0.086750831 0)
(68.797388 0.086175642 0)
(68.797394 0.085720374 0)
(68.797097 0.085002753 0)
(68.797464 0.085551694 0)
(68.795738 0.082893073 0)
(68.7991 0.091749389 0)
(68.796988 0.074987661 0)
(68.759704 0.083106326 0)
(68.759949 0.084542145 0)
(68.760239 0.086024182 0)
(68.760579 0.087550463 0)
(68.760973 0.089118445 0)
(68.761424 0.09072501 0)
(68.761935 0.092366373 0)
(68.76251 0.094038009 0)
(68.763153 0.095734636 0)
(68.763864 0.097450229 0)
(68.764647 0.099178064 0)
(68.765502 0.10091077 0)
(68.76643 0.10264038 0)
(68.76743 0.10435846 0)
(68.768499 0.10605622 0)
(68.769636 0.10772462 0)
(68.770835 0.10935457 0)
(68.772093 0.11093705 0)
(68.773401 0.1124633 0)
(68.774754 0.11392496 0)
(68.776143 0.11531425 0)
(68.777559 0.11662405 0)
(68.778992 0.1178481 0)
(68.780433 0.11898098 0)
(68.781871 0.12001825 0)
(68.783297 0.12095642 0)
(68.784699 0.12179299 0)
(68.78607 0.12252637 0)
(68.787399 0.12315586 0)
(68.78868 0.12368159 0)
(68.789904 0.12410438 0)
(68.791066 0.12442574 0)
(68.792159 0.12464771 0)
(68.793181 0.12477284 0)
(68.794128 0.12480408 0)
(68.794998 0.12474475 0)
(68.79579 0.12459846 0)
(68.796503 0.1243691 0)
(68.79714 0.12406079 0)
(68.7977 0.12367783 0)
(68.798188 0.12322474 0)
(68.798605 0.12270616 0)
(68.798956 0.12212691 0)
(68.799244 0.12149188 0)
(68.799474 0.12080608 0)
(68.799649 0.12007456 0)
(68.799775 0.1193024 0)
(68.799857 0.11849466 0)
(68.7999 0.11765636 0)
(68.799907 0.11679232 0)
(68.799885 0.11590737 0)
(68.799836 0.11500605 0)
(68.799766 0.1140926 0)
(68.799678 0.11317104 0)
(68.799576 0.11224509 0)
(68.799464 0.11131814 0)
(68.799344 0.11039321 0)
(68.79922 0.10947298 0)
(68.799092 0.10855974 0)
(68.798965 0.10765546 0)
(68.798838 0.10676174 0)
(68.798714 0.10587987 0)
(68.798593 0.10501081 0)
(68.798476 0.1041553 0)
(68.798365 0.10331385 0)
(68.798259 0.10248678 0)
(68.798158 0.10167415 0)
(68.798064 0.10087591 0)
(68.797975 0.10009158 0)
(68.797892 0.099320944 0)
(68.797814 0.098563523 0)
(68.797742 0.097819212 0)
(68.797674 0.097087455 0)
(68.797611 0.096367727 0)
(68.797553 0.095659494 0)
(68.797499 0.094962304 0)
(68.797448 0.094275527 0)
(68.797401 0.093599742 0)
(68.797358 0.092932625 0)
(68.797318 0.092275864 0)
(68.797281 0.09162666 0)
(68.797246 0.09098795 0)
(68.797214 0.090356844 0)
(68.797184 0.089734913 0)
(68.797157 0.08911936 0)
(68.797131 0.0885147 0)
(68.797107 0.087914543 0)
(68.79708 0.087327938 0)
(68.797059 0.086752856 0)
(68.797005 0.086178226 0)
(68.79701 0.085722216 0)
(68.796737 0.085019617 0)
(68.797066 0.085527901 0)
(68.795514 0.083047978 0)
(68.798593 0.09122021 0)
(68.796637 0.075379342 0)
(68.76252 0.082629508 0)
(68.762739 0.083998003 0)
(68.762996 0.085411344 0)
(68.763297 0.086868019 0)
(68.763645 0.088366025 0)
(68.764043 0.089902853 0)
(68.764493 0.091475404 0)
(68.765 0.093079913 0)
(68.765565 0.094711922 0)
(68.766192 0.096366277 0)
(68.766883 0.098037152 0)
(68.767638 0.099718067 0)
(68.768459 0.10140194 0)
(68.769344 0.10308115 0)
(68.770294 0.10474763 0)
(68.771305 0.10639299 0)
(68.772375 0.10800862 0)
(68.7735 0.10958583 0)
(68.774674 0.11111602 0)
(68.775892 0.11259082 0)
(68.777146 0.11400221 0)
(68.778428 0.11534269 0)
(68.779731 0.11660542 0)
(68.781045 0.11778426 0)
(68.78236 0.1188739 0)
(68.783668 0.1198699 0)
(68.784959 0.12076872 0)
(68.786225 0.12156772 0)
(68.787456 0.12226513 0)
(68.788645 0.12286002 0)
(68.789785 0.12335226 0)
(68.79087 0.12374242 0)
(68.791894 0.12403174 0)
(68.792852 0.12422206 0)
(68.793742 0.12431574 0)
(68.794561 0.12431559 0)
(68.795309 0.12422487 0)
(68.795983 0.12404718 0)
(68.796586 0.12378648 0)
(68.797118 0.123447 0)
(68.797582 0.12303324 0)
(68.79798 0.12254993 0)
(68.798315 0.12200198 0)
(68.79859 0.12139447 0)
(68.798811 0.12073262 0)
(68.798981 0.1200217 0)
(68.799105 0.11926705 0)
(68.799186 0.118474 0)
(68.79923 0.1176478 0)
(68.799241 0.11679359 0)
(68.799223 0.11591641 0)
(68.799181 0.11502106 0)
(68.799118 0.11411205 0)
(68.799039 0.11319361 0)
(68.798947 0.11226967 0)
(68.798844 0.11134381 0)
(68.798734 0.11041922 0)
(68.798619 0.10949873 0)
(68.798502 0.10858478 0)
(68.798384 0.10767945 0)
(68.798267 0.10678445 0)
(68.798152 0.10590114 0)
(68.798041 0.10503057 0)
(68.797933 0.10417352 0)
(68.79783 0.10333054 0)
(68.797732 0.10250197 0)
(68.79764 0.10168791 0)
(68.797552 0.1008883 0)
(68.797471 0.10010273 0)
(68.797394 0.099330937 0)
(68.797322 0.098572491 0)
(68.797255 0.097827211 0)
(68.797193 0.097094587 0)
(68.797135 0.096374077 0)
(68.797082 0.095665144 0)
(68.797032 0.094967331 0)
(68.796986 0.094280031 0)
(68.796943 0.093603646 0)
(68.796904 0.092936197 0)
(68.796867 0.092278918 0)
(68.796833 0.091629531 0)
(68.796802 0.090990354 0)
(68.796773 0.090359061 0)
(68.796746 0.089736787 0)
(68.796721 0.089121185 0)
(68.796698 0.088516096 0)
(68.796677 0.087916209 0)
(68.796653 0.087329124 0)
(68.796634 0.086754718 0)
(68.796585 0.08618074 0)
(68.796589 0.085723892 0)
(68.796341 0.085036288 0)
(68.796633 0.085504527 0)
(68.795251 0.083194877 0)
(68.798046 0.090713236 0)
(68.79625 0.07575604 0)
(68.765322 0.082181657 0)
(68.765515 0.083489021 0)
(68.765742 0.084839911 0)
(68.766006 0.086233198 0)
(68.766311 0.087667326 0)
(68.766659 0.089140299 0)
(68.767053 0.090649598 0)
(68.767495 0.092192106 0)
(68.767989 0.093764077 0)
(68.768537 0.095361123 0)
(68.769141 0.096978212 0)
(68.769802 0.098609681 0)
(68.770521 0.10024925 0)
(68.771299 0.10189009 0)
(68.772134 0.10352484 0)
(68.773026 0.10514576 0)
(68.773971 0.10674475 0)
(68.774967 0.10831355 0)
(68.77601 0.1098438 0)
(68.777094 0.11132721 0)
(68.778215 0.11275568 0)
(68.779364 0.11412146 0)
(68.780534 0.11541727 0)
(68.781718 0.11663637 0)
(68.782908 0.11777275 0)
(68.784095 0.11882111 0)
(68.78527 0.11977699 0)
(68.786425 0.12063676 0)
(68.787552 0.12139764 0)
(68.788643 0.1220577 0)
(68.789693 0.12261584 0)
(68.790693 0.12307171 0)
(68.79164 0.12342574 0)
(68.792528 0.12367902 0)
(68.793355 0.12383325 0)
(68.794118 0.12389076 0)
(68.794814 0.12385435 0)
(68.795445 0.12372735 0)
(68.796009 0.12351347 0)
(68.796508 0.12321685 0)
(68.796943 0.12284194 0)
(68.797318 0.12239352 0)
(68.797634 0.12187661 0)
(68.797895 0.12129643 0)
(68.798105 0.12065838 0)
(68.798267 0.11996797 0)
(68.798386 0.11923076 0)
(68.798466 0.11845235 0)
(68.79851 0.11763825 0)
(68.798524 0.11679387 0)
(68.798511 0.11592448 0)
(68.798475 0.11503515 0)
(68.79842 0.11413062 0)
(68.798349 0.11321534 0)
(68.798266 0.11229346 0)
(68.798173 0.11136874 0)
(68.798073 0.11044455 0)
(68.797969 0.10952387 0)
(68.797862 0.10860928 0)
(68.797755 0.10770296 0)
(68.797648 0.10680673 0)
(68.797543 0.10592203 0)
(68.797442 0.10505 0)
(68.797343 0.10419145 0)
(68.797249 0.10334698 0)
(68.79716 0.10251695 0)
(68.797075 0.10170149 0)
(68.796996 0.10090055 0)
(68.796921 0.10011376 0)
(68.796851 0.099340842 0)
(68.796786 0.098581384 0)
(68.796725 0.097835156 0)
(68.796669 0.097101675 0)
(68.796617 0.096380393 0)
(68.796568 0.095670769 0)
(68.796523 0.094972338 0)
(68.796481 0.094284516 0)
(68.796443 0.093607546 0)
(68.796407 0.092939748 0)
(68.796375 0.092281972 0)
(68.796344 0.091632376 0)
(68.796316 0.090992754 0)
(68.796291 0.090361252 0)
(68.796267 0.089738648 0)
(68.796245 0.089122975 0)
(68.796225 0.08851748 0)
(68.796206 0.087917818 0)
(68.796185 0.087330303 0)
(68.796169 0.086756493 0)
(68.796125 0.086183232 0)
(68.796128 0.085725464 0)
(68.795905 0.085052631 0)
(68.796163 0.085481866 0)
(68.794944 0.083332762 0)
(68.797455 0.09023242 0)
(68.795826 0.076114727 0)
(68.768116 0.081765089 0)
(68.768285 0.083017371 0)
(68.768482 0.084311934 0)
(68.768712 0.085647963 0)
(68.768976 0.087024274 0)
(68.769277 0.088439296 0)
(68.769618 0.089890997 0)
(68.77 0.091376811 0)
(68.770427 0.092893602 0)
(68.770901 0.094437642 0)
(68.771424 0.096004602 0)
(68.771996 0.09758954 0)
(68.772619 0.099186915 0)
(68.773294 0.10079061 0)
(68.77402 0.10239396 0)
(68.774796 0.10398983 0)
(68.775621 0.10557071 0)
(68.776492 0.10712874 0)
(68.777407 0.10865589 0)
(68.77836 0.11014404 0)
(68.779348 0.11158513 0)
(68.780364 0.11297125 0)
(68.781402 0.11429482 0)
(68.782455 0.11554866 0)
(68.783516 0.11672614 0)
(68.784577 0.11782125 0)
(68.785631 0.11882872 0)
(68.786671 0.11974401 0)
(68.787688 0.12056342 0)
(68.788675 0.12128407 0)
(68.789627 0.12190391 0)
(68.790536 0.12242173 0)
(68.791399 0.12283709 0)
(68.792211 0.12315034 0)
(68.792967 0.12336255 0)
(68.793666 0.12347546 0)
(68.794307 0.12349145 0)
(68.794887 0.12341347 0)
(68.795407 0.12324503 0)
(68.795868 0.12299009 0)
(68.796271 0.12265305 0)
(68.796618 0.1222387 0)
(68.796912 0.12175213 0)
(68.797155 0.1211987 0)
(68.797351 0.12058398 0)
(68.797504 0.11991368 0)
(68.797617 0.11919361 0)
(68.797693 0.11842959 0)
(68.797738 0.1176274 0)
(68.797753 0.1167927 0)
(68.797745 0.115931 0)
(68.797714 0.1150476 0)
(68.797667 0.11414752 0)
(68.797604 0.1132354 0)
(68.79753 0.11231559 0)
(68.797448 0.11139203 0)
(68.797359 0.11046828 0)
(68.797265 0.10954746 0)
(68.79717 0.10863227 0)
(68.797073 0.10772503 0)
(68.796977 0.10682764 0)
(68.796883 0.10594163 0)
(68.796792 0.1050682 0)
(68.796703 0.10420822 0)
(68.796619 0.10336233 0)
(68.796539 0.10253092 0)
(68.796463 0.10171412 0)
(68.796391 0.10091191 0)
(68.796324 0.10012396 0)
(68.796262 0.099349974 0)
(68.796203 0.098589555 0)
(68.796149 0.097842432 0)
(68.796098 0.097108142 0)
(68.796052 0.096386134 0)
(68.796009 0.095675861 0)
(68.795969 0.094976852 0)
(68.795932 0.09428854 0)
(68.795898 0.093611034 0)
(68.795866 0.092942901 0)
(68.795838 0.09228468 0)
(68.795811 0.091634879 0)
(68.795787 0.090994862 0)
(68.795764 0.090363161 0)
(68.795744 0.089740264 0)
(68.795725 0.089124523 0)
(68.795708 0.08851867 0)
(68.795692 0.087919209 0)
(68.795674 0.087331332 0)
(68.79566 0.086758057 0)
(68.795622 0.086185573 0)
(68.795625 0.085726845 0)
(68.795427 0.085068365 0)
(68.795651 0.085460135 0)
(68.794591 0.083460559 0)
(68.796819 0.089781846 0)
(68.79536 0.07645214 0)
(68.770909 0.081382975 0)
(68.771054 0.082586192 0)
(68.771223 0.083830534 0)
(68.77142 0.08511544 0)
(68.771646 0.086440034 0)
(68.771903 0.087803097 0)
(68.772193 0.089203001 0)
(68.772519 0.090637644 0)
(68.772883 0.092104406 0)
(68.773287 0.093600125 0)
(68.773732 0.095121076 0)
(68.77422 0.096662956 0)
(68.774752 0.098220874 0)
(68.775329 0.099789364 0)
(68.775951 0.1013624 0)
(68.776616 0.10293346 0)
(68.777325 0.10449553 0)
(68.778075 0.10604124 0)
(68.778864 0.1075629 0)
(68.779689 0.10905263 0)
(68.780545 0.11050246 0)
(68.781428 0.11190446 0)
(68.782333 0.11325084 0)
(68.783253 0.11453409 0)
(68.784183 0.11574711 0)
(68.785116 0.1168833 0)
(68.786045 0.11793667 0)
(68.786963 0.11890189 0)
(68.787864 0.11977442 0)
(68.788741 0.12055049 0)
(68.789588 0.12122719 0)
(68.7904 0.12180244 0)
(68.791171 0.12227501 0)
(68.791899 0.12264449 0)
(68.792578 0.1229113 0)
(68.793208 0.1230766 0)
(68.793785 0.12314231 0)
(68.794309 0.12311102 0)
(68.794779 0.12298596 0)
(68.795197 0.12277092 0)
(68.795563 0.12247021 0)
(68.795879 0.1220886 0)
(68.796146 0.12163123 0)
(68.796369 0.12110359 0)
(68.796549 0.1205114 0)
(68.796689 0.11986055 0)
(68.796794 0.11915706 0)
(68.796866 0.11840699 0)
(68.796909 0.11761635 0)
(68.796926 0.11679107 0)
(68.796921 0.11593685 0)
(68.796896 0.11505926 0)
(68.796855 0.11416352 0)
(68.796802 0.11325451 0)
(68.796738 0.11233674 0)
(68.796665 0.11141437 0)
(68.796587 0.11049109 0)
(68.796505 0.10957017 0)
(68.796421 0.10865446 0)
(68.796336 0.10774636 0)
(68.796251 0.10684787 0)
(68.796168 0.10596063 0)
(68.796088 0.10508586 0)
(68.79601 0.10422452 0)
(68.795936 0.10337727 0)
(68.795865 0.10254453 0)
(68.795798 0.10172645 0)
(68.795735 0.10092301 0)
(68.795676 0.10013394 0)
(68.795621 0.099358915 0)
(68.79557 0.098597559 0)
(68.795523 0.097849566 0)
(68.795479 0.097114484 0)
(68.795438 0.096391763 0)
(68.7954 0.095680853 0)
(68.795366 0.094981272 0)
(68.795334 0.09429247 0)
(68.795304 0.093614443 0)
(68.795278 0.092945961 0)
(68.795253 0.092287311 0)
(68.795231 0.091637283 0)
(68.79521 0.090996888 0)
(68.795191 0.09036497 0)
(68.795174 0.089741789 0)
(68.795158 0.089125959 0)
(68.795144 0.08851977 0)
(68.795131 0.087920463 0)
(68.795117 0.087332265 0)
(68.795105 0.086759445 0)
(68.795073 0.086187757 0)
(68.795076 0.085728044 0)
(68.794904 0.08508325 0)
(68.795097 0.085439613 0)
(68.79419 0.083577203 0)
(68.796133 0.089365834 0)
(68.79485 0.076764732 0)
(68.77371 0.081038062 0)
(68.773832 0.082198232 0)
(68.773975 0.08339848 0)
(68.774139 0.084638452 0)
(68.774329 0.08591752 0)
(68.774544 0.087234753 0)
(68.774786 0.088588855 0)
(68.775059 0.089978107 0)
(68.775363 0.091400321 0)
(68.7757 0.092852809 0)
(68.776072 0.094332363 0)
(68.77648 0.095835226 0)
(68.776925 0.097357075 0)
(68.777408 0.098893022 0)
(68.777929 0.10043762 0)
(68.778488 0.10198487 0)
(68.779084 0.1035283 0)
(68.779716 0.10506096 0)
(68.780382 0.10657553 0)
(68.78108 0.10806442 0)
(68.781805 0.10951979 0)
(68.782556 0.11093376 0)
(68.783327 0.11229843 0)
(68.784113 0.11360607 0)
(68.784909 0.11484922 0)
(68.785709 0.11602078 0)
(68.786509 0.11711417 0)
(68.787301 0.1181234 0)
(68.78808 0.11904317 0)
(68.78884 0.11986892 0)
(68.789576 0.12059694 0)
(68.790283 0.12122434 0)
(68.790957 0.12174913 0)
(68.791593 0.1221702 0)
(68.792188 0.1224873 0)
(68.79274 0.12270107 0)
(68.793247 0.12281293 0)
(68.793709 0.1228251 0)
(68.794124 0.12274052 0)
(68.794493 0.12256279 0)
(68.794817 0.12229613 0)
(68.795097 0.12194525 0)
(68.795335 0.12151535 0)
(68.795533 0.12101198 0)
(68.795694 0.12044101 0)
(68.79582 0.1198085 0)
(68.795915 0.11912066 0)
(68.795981 0.11838377 0)
(68.796021 0.11760406 0)
(68.796038 0.11678768 0)
(68.796036 0.11594057 0)
(68.796017 0.1150685 0)
(68.795983 0.11417691 0)
(68.795938 0.11327088 0)
(68.795884 0.11235511 0)
(68.795822 0.1114339 0)
(68.795755 0.11051112 0)
(68.795685 0.10959018 0)
(68.795613 0.10867403 0)
(68.79554 0.10776518 0)
(68.795468 0.10686573 0)
(68.795396 0.10597738 0)
(68.795327 0.10510143 0)
(68.79526 0.10423886 0)
(68.795197 0.10339039 0)
(68.795136 0.10255645 0)
(68.795079 0.10173722 0)
(68.795025 0.10093269 0)
(68.794975 0.10014261 0)
(68.794928 0.099366663 0)
(68.794884 0.098604474 0)
(68.794844 0.097855711 0)
(68.794807 0.097119929 0)
(68.794772 0.096396582 0)
(68.794741 0.095685113 0)
(68.794712 0.094985034 0)
(68.794685 0.094295806 0)
(68.794661 0.093617329 0)
(68.794638 0.092948542 0)
(68.794618 0.09228953 0)
(68.7946 0.091639303 0)
(68.794583 0.090998593 0)
(68.794568 0.090366485 0)
(68.794555 0.089743066 0)
(68.794542 0.089127163 0)
(68.794531 0.088520692 0)
(68.794521 0.087921524 0)
(68.794511 0.087333072 0)
(68.794502 0.086760651 0)
(68.794476 0.086189768 0)
(68.794479 0.085729097 0)
(68.794333 0.085097081 0)
(68.794496 0.085420697 0)
(68.793738 0.083681716 0)
(68.795396 0.088989161 0)
(68.794293 0.077048804 0)
(68.776531 0.080735577 0)
(68.776631 0.081858753 0)
(68.776747 0.083021086 0)
(68.776881 0.084222389 0)
(68.777035 0.085462231 0)
(68.77721 0.086739911 0)
(68.777407 0.088054406 0)
(68.777628 0.089404304 0)
(68.777874 0.090787771 0)
(68.778148 0.092202512 0)
(68.778449 0.093645744 0)
(68.77878 0.095114171 0)
(68.779142 0.096603953 0)
(68.779534 0.098110695 0)
(68.779958 0.099629447 0)
(68.780414 0.10115471 0)
(68.7809 0.10268044 0)
(68.781417 0.10420014 0)
(68.781962 0.10570683 0)
(68.782534 0.10719319 0)
(68.78313 0.10865158 0)
(68.783748 0.11007419 0)
(68.784383 0.11145311 0)
(68.785033 0.11278045 0)
(68.785693 0.11404849 0)
(68.786358 0.11524976 0)
(68.787024 0.1163772 0)
(68.787685 0.11742425 0)
(68.788336 0.11838496 0)
(68.788973 0.1192541 0)
(68.789591 0.12002723 0)
(68.790186 0.12070076 0)
(68.790754 0.12127198 0)
(68.791291 0.12173914 0)
(68.791795 0.12210138 0)
(68.792263 0.12235879 0)
(68.792694 0.12251236 0)
(68.793086 0.12256392 0)
(68.79344 0.12251613 0)
(68.793754 0.1223724 0)
(68.794031 0.12213681 0)
(68.794271 0.12181403 0)
(68.794475 0.12140928 0)
(68.794645 0.12092817 0)
(68.794784 0.12037667 0)
(68.794894 0.11976102 0)
(68.794976 0.11908758 0)
(68.795034 0.11836282 0)
(68.79507 0.11759317 0)
(68.795087 0.11678499 0)
(68.795087 0.11594442 0)
(68.795073 0.11507743 0)
(68.795046 0.11418967 0)
(68.79501 0.11328638 0)
(68.794966 0.11237244 0)
(68.794915 0.1114523 0)
(68.794861 0.11052997 0)
(68.794803 0.10960899 0)
(68.794743 0.10869242 0)
(68.794683 0.10778286 0)
(68.794623 0.1068825 0)
(68.794564 0.1059931 0)
(68.794507 0.10511603 0)
(68.794452 0.10425231 0)
(68.794399 0.10340268 0)
(68.794349 0.1025676 0)
(68.794302 0.10174729 0)
(68.794258 0.10094172 0)
(68.794217 0.10015068 0)
(68.794178 0.099373853 0)
(68.794143 0.098610864 0)
(68.79411 0.097861363 0)
(68.79408 0.097124907 0)
(68.794052 0.096400955 0)
(68.794027 0.095688945 0)
(68.794004 0.094988382 0)
(68.793983 0.094298736 0)
(68.793964 0.093619829 0)
(68.793946 0.092950733 0)
(68.793931 0.092291377 0)
(68.793917 0.091640939 0)
(68.793904 0.090999932 0)
(68.793893 0.090367628 0)
(68.793883 0.089743984 0)
(68.793875 0.089127995 0)
(68.793867 0.088521266 0)
(68.79386 0.087922197 0)
(68.793853 0.08733353 0)
(68.793848 0.086761435 0)
(68.793827 0.086191317 0)
(68.793832 0.085729735 0)
(68.793713 0.085109292 0)
(68.793846 0.085403462 0)
(68.793232 0.083772696 0)
(68.794603 0.088656658 0)
(68.793688 0.077299819 0)
(68.779387 0.080478901 0)
(68.779465 0.081571475 0)
(68.779555 0.082702413 0)
(68.779659 0.083871657 0)
(68.779779 0.085078931 0)
(68.779914 0.086323718 0)
(68.780067 0.087605204 0)
(68.780238 0.088922227 0)
(68.780429 0.090273232 0)
(68.780641 0.091656239 0)
(68.780874 0.093068811 0)
(68.781131 0.094508022 0)
(68.781411 0.095970429 0)
(68.781716 0.097452048 0)
(68.782045 0.098948345 0)
(68.782399 0.10045423 0)
(68.782778 0.10196407 0)
(68.78318 0.10347171 0)
(68.783606 0.10497051 0)
(68.784053 0.1064534 0)
(68.78452 0.10791296 0)
(68.785004 0.10934146 0)
(68.785504 0.11073103 0)
(68.786015 0.11207369 0)
(68.786536 0.11336153 0)
(68.787062 0.11458681 0)
(68.787589 0.11574209 0)
(68.788113 0.11682035 0)
(68.788631 0.11781513 0)
(68.789138 0.11872062 0)
(68.789632 0.11953178 0)
(68.790107 0.12024439 0)
(68.790562 0.12085514 0)
(68.790993 0.1213617 0)
(68.791398 0.12176267 0)
(68.791774 0.12205765 0)
(68.792122 0.12224723 0)
(68.792438 0.1223329 0)
(68.792724 0.12231704 0)
(68.792979 0.12220288 0)
(68.793203 0.12199437 0)
(68.793398 0.12169613 0)
(68.793564 0.12131336 0)
(68.793703 0.12085175 0)
(68.793817 0.12031735 0)
(68.793907 0.1197165 0)
(68.793975 0.11905574 0)
(68.794024 0.11834169 0)
(68.794055 0.11758095 0)
(68.79407 0.11678005 0)
(68.794072 0.11594533 0)
(68.794062 0.11508292 0)
(68.794043 0.11419862 0)
(68.794015 0.11329785 0)
(68.793981 0.11238564 0)
(68.793942 0.11146656 0)
(68.7939 0.11054476 0)
(68.793855 0.10962386 0)
(68.793808 0.10870704 0)
(68.793761 0.10779699 0)
(68.793715 0.10689594 0)
(68.793669 0.10600574 0)
(68.793624 0.10512778 0)
(68.793582 0.10426315 0)
(68.793541 0.10341261 0)
(68.793502 0.10257663 0)
(68.793466 0.10175544 0)
(68.793432 0.10094905 0)
(68.7934 0.10015725 0)
(68.793371 0.099379713 0)
(68.793344 0.098616087 0)
(68.793319 0.097865999 0)
(68.793296 0.097129009 0)
(68.793276 0.096404577 0)
(68.793257 0.095692139 0)
(68.79324 0.094991193 0)
(68.793225 0.094301217 0)
(68.793211 0.093621973 0)
(68.793199 0.092952631 0)
(68.793188 0.092293008 0)
(68.793179 0.091642403 0)
(68.793171 0.091001165 0)
(68.793164 0.090368705 0)
(68.793158 0.089744885 0)
(68.793153 0.089128829 0)
(68.793149 0.088521897 0)
(68.793146 0.087922913 0)
(68.793142 0.087334084 0)
(68.79314 0.086762257 0)
(68.793126 0.08619284 0)
(68.793132 0.085730444 0)
(68.79304 0.08512006 0)
(68.793146 0.0853888 0)
(68.792672 0.083849452 0)
(68.793753 0.088374657 0)
(68.793032 0.077513347 0)
(68.782297 0.08027501 0)
(68.782353 0.081343571 0)
(68.782418 0.082449877 0)
(68.782492 0.083593964 0)
(68.782578 0.084775667 0)
(68.782674 0.085994602 0)
(68.782784 0.087250113 0)
(68.782906 0.088541222 0)
(68.783042 0.089866583 0)
(68.783194 0.091224453 0)
(68.783361 0.092612661 0)
(68.783544 0.094028564 0)
(68.783745 0.095469025 0)
(68.783963 0.096930381 0)
(68.784198 0.098408425 0)
(68.784452 0.099898399 0)
(68.784724 0.10139499 0)
(68.785013 0.10289234 0)
(68.785319 0.10438409 0)
(68.78564 0.10586339 0)
(68.785977 0.10732299 0)
(68.786327 0.1087553 0)
(68.786688 0.11015246 0)
(68.787059 0.11150648 0)
(68.787436 0.11280933 0)
(68.787818 0.11405307 0)
(68.788202 0.11522998 0)
(68.788584 0.1163327 0)
(68.788962 0.11735437 0)
(68.789334 0.11828872 0)
(68.789695 0.11913021 0)
(68.790044 0.11987415 0)
(68.790378 0.12051672 0)
(68.790695 0.1210551 0)
(68.790994 0.12148745 0)
(68.791272 0.12181296 0)
(68.791528 0.12203187 0)
(68.791763 0.12214536 0)
(68.791975 0.1221556 0)
(68.792164 0.12206562 0)
(68.792331 0.12187927 0)
(68.792476 0.12160113 0)
(68.7926 0.12123637 0)
(68.792704 0.12079072 0)
(68.79279 0.1202703 0)
(68.792858 0.11968155 0)
(68.79291 0.11903113 0)
(68.792947 0.11832577 0)
(68.792972 0.11757225 0)
(68.792985 0.11677724 0)
(68.792988 0.11594721 0)
(68.792983 0.11508844 0)
(68.79297 0.11420686 0)
(68.792951 0.11330805 0)
(68.792928 0.11239713 0)
(68.792901 0.11147881 0)
(68.792871 0.11055732 0)
(68.792839 0.10963638 0)
(68.792807 0.10871925 0)
(68.792774 0.10780868 0)
(68.792741 0.10690698 0)
(68.792709 0.10601602 0)
(68.792678 0.10513726 0)
(68.792648 0.10427181 0)
(68.79262 0.10342044 0)
(68.792593 0.10258365 0)
(68.792568 0.10176169 0)
(68.792545 0.10095457 0)
(68.792523 0.10016208 0)
(68.792504 0.099383931 0)
(68.792486 0.098619742 0)
(68.792469 0.097869139 0)
(68.792454 0.09713168 0)
(68.792441 0.096406827 0)
(68.792429 0.095694016 0)
(68.792419 0.094992736 0)
(68.79241 0.094302473 0)
(68.792402 0.09362294 0)
(68.792395 0.092953383 0)
(68.79239 0.092293534 0)
(68.792385 0.091642781 0)
(68.792381 0.091001352 0)
(68.792379 0.090368757 0)
(68.792377 0.089744793 0)
(68.792376 0.089128679 0)
(68.792376 0.088521588 0)
(68.792376 0.087922666 0)
(68.792376 0.08733372 0)
(68.792378 0.086762102 0)
(68.792371 0.086193283 0)
(68.792377 0.085730207 0)
(68.792314 0.085128032 0)
(68.792393 0.085376148 0)
(68.792057 0.083909459 0)
(68.792843 0.088149542 0)
(68.792323 0.077682813 0)
(68.785286 0.080131455 0)
(68.78532 0.081183019 0)
(68.785359 0.082271902 0)
(68.785403 0.083398195 0)
(68.785455 0.084561814 0)
(68.785513 0.085762464 0)
(68.785578 0.086999596 0)
(68.785652 0.088272351 0)
(68.785734 0.089579527 0)
(68.785825 0.090919542 0)
(68.785926 0.092290399 0)
(68.786036 0.093689654 0)
(68.786157 0.095114377 0)
(68.786288 0.096561126 0)
(68.78643 0.098025923 0)
(68.786584 0.099504238 0)
(68.786748 0.10099098 0)
(68.786923 0.10248053 0)
(68.787108 0.10396669 0)
(68.787303 0.10544281 0)
(68.787507 0.10690176 0)
(68.78772 0.10833605 0)
(68.787939 0.10973787 0)
(68.788165 0.11109922 0)
(68.788395 0.11241199 0)
(68.788628 0.11366814 0)
(68.788863 0.11485977 0)
(68.789097 0.11597929 0)
(68.789329 0.11701955 0)
(68.789557 0.11797398 0)
(68.789779 0.11883672 0)
(68.789994 0.11960269 0)
(68.790199 0.12026776 0)
(68.790395 0.12082873 0)
(68.79058 0.12128345 0)
(68.790752 0.12163082 0)
(68.790911 0.12187079 0)
(68.791057 0.12200436 0)
(68.791188 0.12203349 0)
(68.791306 0.1219611 0)
(68.791411 0.12179093 0)
(68.791502 0.12152751 0)
(68.79158 0.12117601 0)
(68.791646 0.12074216 0)
(68.7917 0.12023213 0)
(68.791744 0.11965243 0)
(68.791778 0.11900979 0)
(68.791803 0.11831104 0)
(68.79182 0.11756304 0)
(68.791829 0.11677258 0)
(68.791833 0.11594624 0)
(68.791832 0.11509037 0)
(68.791826 0.11421102 0)
(68.791816 0.11331387 0)
(68.791804 0.11240413 0)
(68.791789 0.11148657 0)
(68.791773 0.1105655 0)
(68.791755 0.10964471 0)
(68.791737 0.10872752 0)
(68.791719 0.10781673 0)
(68.791701 0.10691469 0)
(68.791683 0.1060233 0)
(68.791666 0.10514407 0)
(68.79165 0.10427811 0)
(68.791635 0.10342623 0)
(68.79162 0.10258893 0)
(68.791607 0.10176647 0)
(68.791595 0.10095887 0)
(68.791585 0.10016595 0)
(68.791575 0.099387387 0)
(68.791566 0.098622826 0)
(68.791559 0.09787188 0)
(68.791552 0.097134107 0)
(68.791547 0.096408972 0)
(68.791542 0.095695909 0)
(68.791539 0.094994403 0)
(68.791536 0.094303943 0)
(68.791534 0.093624212 0)
(68.791533 0.092954506 0)
(68.791533 0.092294501 0)
(68.791533 0.091643643 0)
(68.791534 0.091002081 0)
(68.791536 0.09036939 0)
(68.791539 0.089745324 0)
(68.791542 0.089129164 0)
(68.791545 0.088521959 0)
(68.791549 0.087923075 0)
(68.791553 0.087334045 0)
(68.791558 0.086762568 0)
(68.791558 0.086194174 0)
(68.791567 0.085730622 0)
(68.791532 0.085134238 0)
(68.791585 0.085367782 0)
(68.791386 0.083951227 0)
(68.79187 0.08799085 0)
(68.79156 0.077807774 0)
(68.788371 0.08005526 0)
(68.788382 0.081098079 0)
(68.788394 0.082177931 0)
(68.788409 0.08329495 0)
(68.788426 0.084449094 0)
(68.788445 0.085640118 0)
(68.788466 0.086867533 0)
(68.78849 0.088130554 0)
(68.788517 0.089428058 0)
(68.788546 0.090758553 0)
(68.788579 0.092120141 0)
(68.788616 0.093510486 0)
(68.788655 0.094926774 0)
(68.788699 0.096365685 0)
(68.788746 0.097823366 0)
(68.788796 0.099295413 0)
(68.788851 0.10077687 0)
(68.788908 0.10226221 0)
(68.78897 0.10374537 0)
(68.789035 0.10521979 0)
(68.789103 0.10667842 0)
(68.789174 0.1081138 0)
(68.789247 0.10951816 0)
(68.789323 0.11088349 0)
(68.7894 0.11220167 0)
(68.789478 0.11346456 0)
(68.789557 0.11466417 0)
(68.789636 0.11579278 0)
(68.789714 0.1168431 0)
(68.789791 0.11780839 0)
(68.789866 0.11868257 0)
(68.789939 0.11946041 0)
(68.79001 0.12013754 0)
(68.790076 0.12071061 0)
(68.790139 0.12117726 0)
(68.790199 0.12153626 0)
(68.790253 0.12178739 0)
(68.790304 0.12193155 0)
(68.79035 0.1219706 0)
(68.790391 0.12190739 0)
(68.790428 0.12174563 0)
(68.79046 0.12148981 0)
(68.790488 0.12114512 0)
(68.790512 0.12071728 0)
(68.790532 0.12021251 0)
(68.790549 0.11963735 0)
(68.790562 0.11899857 0)
(68.790573 0.11830307 0)
(68.790581 0.11755776 0)
(68.790586 0.11676947 0)
(68.79059 0.11594486 0)
(68.790591 0.11509033 0)
(68.790592 0.11421199 0)
(68.790591 0.11331555 0)
(68.790589 0.11240628 0)
(68.790587 0.11148899 0)
(68.790584 0.11056803 0)
(68.790581 0.10964724 0)
(68.790578 0.10872993 0)
(68.790574 0.10781896 0)
(68.790571 0.10691669 0)
(68.790568 0.10602504 0)
(68.790566 0.10514552 0)
(68.790563 0.10427928 0)
(68.790561 0.10342711 0)
(68.79056 0.10258954 0)
(68.790559 0.10176682 0)
(68.790558 0.10095897 0)
(68.790558 0.10016582 0)
(68.790559 0.099387058 0)
(68.79056 0.098622313 0)
(68.790561 0.097871202 0)
(68.790563 0.097133278 0)
(68.790566 0.096408011 0)
(68.790568 0.095694831 0)
(68.790572 0.094993224 0)
(68.790575 0.094302677 0)
(68.79058 0.093622859 0)
(68.790584 0.092953093 0)
(68.790589 0.092293024 0)
(68.790595 0.09164213 0)
(68.7906 0.091000512 0)
(68.790607 0.090367788 0)
(68.790613 0.089743684 0)
(68.79062 0.089127522 0)
(68.790628 0.088520268 0)
(68.790636 0.087921435 0)
(68.790644 0.08733237 0)
(68.790652 0.08676102 0)
(68.790659 0.0861929 0)
(68.79067 0.085729143 0)
(68.790665 0.08513632 0)
(68.790691 0.085360841 0)
(68.790632 0.083974627 0)
(68.790803 0.087882774 0)
(68.790713 0.077899809 0)
)
;

boundaryField
{
    inlet
    {
        type            fixedValue;
        value           uniform (68.79 0 0);
    }
    outlet
    {
        type            zeroGradient;
    }
    top
    {
        type            inletOutlet;
        inletValue      uniform (68.79 0 0);
        value           nonuniform List<vector> 
110
(
(68.789965 0.0038308716 0)
(68.789741 0.012598826 0)
(68.789401 0.022546998 0)
(68.789036 0.033253766 0)
(68.78873 0.043568644 0)
(68.788522 0.052563788 0)
(68.788404 0.059856735 0)
(68.788349 0.065498494 0)
(68.788331 0.06974727 0)
(68.78833 0.072903698 0)
(68.788337 0.07523435 0)
(68.788346 0.076951416 0)
(68.788355 0.078215837 0)
(68.788362 0.079147577 0)
(68.788371 0.08005526 0)
(68.788382 0.081098079 0)
(68.788394 0.082177931 0)
(68.788409 0.08329495 0)
(68.788426 0.084449094 0)
(68.788445 0.085640118 0)
(68.788466 0.086867533 0)
(68.78849 0.088130554 0)
(68.788517 0.089428058 0)
(68.788546 0.090758553 0)
(68.788579 0.092120141 0)
(68.788616 0.093510486 0)
(68.788655 0.094926774 0)
(68.788699 0.096365685 0)
(68.788746 0.097823366 0)
(68.788796 0.099295413 0)
(68.788851 0.10077687 0)
(68.788908 0.10226221 0)
(68.78897 0.10374537 0)
(68.789035 0.10521979 0)
(68.789103 0.10667842 0)
(68.789174 0.1081138 0)
(68.789247 0.10951816 0)
(68.789323 0.11088349 0)
(68.7894 0.11220167 0)
(68.789478 0.11346456 0)
(68.789557 0.11466417 0)
(68.789636 0.11579278 0)
(68.789714 0.1168431 0)
(68.789791 0.11780839 0)
(68.789866 0.11868257 0)
(68.789939 0.11946041 0)
(68.79001 0.12013754 0)
(68.790076 0.12071061 0)
(68.790139 0.12117726 0)
(68.790199 0.12153626 0)
(68.790253 0.12178739 0)
(68.790304 0.12193155 0)
(68.79035 0.1219706 0)
(68.790391 0.12190739 0)
(68.790428 0.12174563 0)
(68.79046 0.12148981 0)
(68.790488 0.12114512 0)
(68.790512 0.12071728 0)
(68.790532 0.12021251 0)
(68.790549 0.11963735 0)
(68.790562 0.11899857 0)
(68.790573 0.11830307 0)
(68.790581 0.11755776 0)
(68.790586 0.11676947 0)
(68.79059 0.11594486 0)
(68.790591 0.11509033 0)
(68.790592 0.11421199 0)
(68.790591 0.11331555 0)
(68.790589 0.11240628 0)
(68.790587 0.11148899 0)
(68.790584 0.11056803 0)
(68.790581 0.10964724 0)
(68.790578 0.10872993 0)
(68.790574 0.10781896 0)
(68.790571 0.10691669 0)
(68.790568 0.10602504 0)
(68.790566 0.10514552 0)
(68.790563 0.10427928 0)
(68.790561 0.10342711 0)
(68.79056 0.10258954 0)
(68.790559 0.10176682 0)
(68.790558 0.10095897 0)
(68.790558 0.10016582 0)
(68.790559 0.099387058 0)
(68.79056 0.098622313 0)
(68.790561 0.097871202 0)
(68.790563 0.097133278 0)
(68.790566 0.096408011 0)
(68.790568 0.095694831 0)
(68.790572 0.094993224 0)
(68.790575 0.094302677 0)
(68.79058 0.093622859 0)
(68.790584 0.092953093 0)
(68.790589 0.092293024 0)
(68.790595 0.09164213 0)
(68.7906 0.091000512 0)
(68.790607 0.090367788 0)
(68.790613 0.089743684 0)
(68.79062 0.089127522 0)
(68.790628 0.088520268 0)
(68.790636 0.087921435 0)
(68.790644 0.08733237 0)
(68.790652 0.08676102 0)
(68.790659 0.0861929 0)
(68.79067 0.085729143 0)
(68.790665 0.08513632 0)
(68.790691 0.085360841 0)
(68.790632 0.083974627 0)
(68.790803 0.087882774 0)
(68.790713 0.077899809 0)
)
;
    }
    upstreamWall
    {
        type            symmetryPlane;
    }
    plate
    {
        type            noSlip;
    }
    frontAndBack
    {
        type            empty;
    }
}


// ************************************************************************* //
