/*--------------------------------*- C++ -*----------------------------------*\
| =========                 |                                                 |
| \\      /  F ield         | OpenFOAM: The Open Source CFD Toolbox           |
|  \\    /   O peration     | Version:  2512                                  |
|   \\  /    A nd           | Website:  www.openfoam.com                      |
|    \\/     M anipulation  |                                                 |
\*---------------------------------------------------------------------------*/
FoamFile
{
    version     2.0;
    format      ascii;
    arch        "LSB;label=32;scalar=64";
    class       volVectorField;
    location    "0.499982";
    object      U;
}
// * * * * * * * * * * * * * * * * * * * * * * * * * * * * * * * * * * * * * //

dimensions      [0 1 -1 0 0 0 0];

internalField   nonuniform List<vector> 
8800
(
(68.789196 2.7516934e-06 0)
(68.783409 7.2600663e-06 0)
(68.773424 1.4082922e-05 0)
(68.760305 2.3258996e-05 0)
(68.744901 3.5893342e-05 0)
(68.727669 5.3706096e-05 0)
(68.708685 7.9511722e-05 0)
(68.688009 0.00011962818 0)
(68.664624 0.00017470954 0)
(68.640148 0.00030620453 0)
(68.60438 0.00026288805 0)
(68.592892 0.002155623 0)
(68.413706 -0.0078398151 0)
(68.967708 0.050148363 0)
(68.789196 8.3931655e-06 0)
(68.783409 2.2177971e-05 0)
(68.773424 4.3010981e-05 0)
(68.760305 7.1029565e-05 0)
(68.744901 0.00010959452 0)
(68.727669 0.00016393845 0)
(68.708687 0.00024261925 0)
(68.688007 0.00036473058 0)
(68.664648 0.00053304184 0)
(68.639995 0.00092188019 0)
(68.605721 0.00092897203 0)
(68.581064 0.0048976135 0)
(68.521179 -0.0075238755 0)
(68.255584 0.057988224 0)
(68.789196 1.4329686e-05 0)
(68.783409 3.7924257e-05 0)
(68.773424 7.3531859e-05 0)
(68.760305 0.00012142237 0)
(68.744901 0.00018732021 0)
(68.727669 0.00028013637 0)
(68.708689 0.0004144701 0)
(68.688004 0.0006224436 0)
(68.66469 0.00091173127 0)
(68.639791 0.0015453688 0)
(68.606981 0.0018332611 0)
(68.575796 0.0060392127 0)
(68.525992 0.0015685921 0)
(68.425037 0.050829039 0)
(68.789196 2.0598792e-05 0)
(68.783409 5.4560955e-05 0)
(68.773424 0.00010577591 0)
(68.760305 0.00017466012 0)
(68.744902 0.00026943836 0)
(68.72767 0.00040290309 0)
(68.708692 0.0005961013 0)
(68.688 0.00089448181 0)
(68.664739 0.0013140512 0)
(68.639624 0.0021911988 0)
(68.607767 0.002827234 0)
(68.574377 0.0075432438 0)
(68.52376 0.0062713626 0)
(68.453816 0.051340218 0)
(68.789196 2.7217328e-05 0)
(68.783409 7.2134783e-05 0)
(68.773425 0.00013983308 0)
(68.760306 0.00023089024 0)
(68.744902 0.00035617258 0)
(68.727671 0.00053256001 0)
(68.708697 0.00078797586 0)
(68.687999 0.0011814495 0)
(68.664788 0.0017404351 0)
(68.639525 0.0028658676 0)
(68.608194 0.0038812881 0)
(68.574282 0.0092842544 0)
(68.523551 0.010333826 0)
(68.461778 0.054108269 0)
(68.789196 3.420175e-05 0)
(68.783409 9.0696238e-05 0)
(68.773425 0.00017579939 0)
(68.760306 0.00029026987 0)
(68.744904 0.00044776183 0)
(68.727673 0.00066945338 0)
(68.708703 0.00099059069 0)
(68.688 0.0014840639 0)
(68.664834 0.0021913995 0)
(68.639489 0.0035734261 0)
(68.608457 0.0049951838 0)
(68.574488 0.011117464 0)
(68.524871 0.014430115 0)
(68.467483 0.057306749 0)
(68.789196 4.1570956e-05 0)
(68.783409 0.00011030058 0)
(68.773425 0.00021378044 0)
(68.760307 0.00035297258 0)
(68.744905 0.0005444725 0)
(68.727675 0.00081397617 0)
(68.70871 0.0012045166 0)
(68.688005 0.0018032026 0)
(68.664877 0.0026678272 0)
(68.639498 0.0043167226 0)
(68.608684 0.006170997 0)
(68.574753 0.013015346 0)
(68.526855 0.018604606 0)
(68.473056 0.060354409 0)
(68.789196 4.9345406e-05 0)
(68.783409 0.00013100663 0)
(68.773425 0.00025388887 0)
(68.760308 0.00041918363 0)
(68.744907 0.00064658933 0)
(68.727678 0.00096655053 0)
(68.708718 0.0014303656 0)
(68.688015 0.0021398042 0)
(68.664921 0.0031708313 0)
(68.639537 0.0050978477 0)
(68.608932 0.0074108819 0)
(68.575077 0.014982941 0)
(68.529104 0.022771656 0)
(68.478789 0.063341339 0)
(68.789196 5.7546502e-05 0)
(68.783409 0.00015287643 0)
(68.773426 0.0002962433 0)
(68.760308 0.00048909809 0)
(68.744909 0.00075441171 0)
(68.727682 0.00112762 0)
(68.708728 0.0016687779 0)
(68.688029 0.0024948274 0)
(68.664968 0.0037016482 0)
(68.639598 0.0059185709 0)
(68.609219 0.008717182 0)
(68.575499 0.017020609 0)
(68.53149 0.026898923 0)
(68.484607 0.066313684 0)
(68.789196 6.6196514e-05 0)
(68.78341 0.00017597543 0)
(68.773426 0.00034096867 0)
(68.76031 0.00056292124 0)
(68.744911 0.00086825433 0)
(68.727686 0.0012976503 0)
(68.708739 0.0019204255 0)
(68.688048 0.0028692514 0)
(68.665023 0.0042616037 0)
(68.63968 0.0067806196 0)
(68.60955 0.010091505 0)
(68.576047 0.019127533 0)
(68.53401 0.030971858 0)
(68.490494 0.069262956 0)
(68.789196 7.5318666e-05 0)
(68.78341 0.00020037276 0)
(68.773427 0.0003881967 0)
(68.760311 0.00064086946 0)
(68.744914 0.00098844857 0)
(68.727692 0.0014771312 0)
(68.708752 0.0021860149 0)
(68.688072 0.0032640857 0)
(68.665087 0.0048520989 0)
(68.639784 0.0076857023 0)
(68.609929 0.011534699 0)
(68.576732 0.021302864 0)
(68.536655 0.034976008 0)
(68.496411 0.072170097 0)
(68.789196 8.4937177e-05 0)
(68.78341 0.00022614144 0)
(68.773428 0.00043806629 0)
(68.760313 0.00072317086 0)
(68.744918 0.0011153435 0)
(68.727699 0.0016665777 0)
(68.708768 0.0024662895 0)
(68.688101 0.0036803779 0)
(68.665161 0.005474591 0)
(68.639913 0.0086355573 0)
(68.610359 0.013047111 0)
(68.577564 0.023544924 0)
(68.539443 0.038895988 0)
(68.502371 0.075017893 0)
(68.789196 9.5077262e-05 0)
(68.78341 0.00025335863 0)
(68.773429 0.00049072391 0)
(68.760315 0.00081006587 0)
(68.744922 0.0012493066 0)
(68.727707 0.0018665313 0)
(68.708786 0.0027620301 0)
(68.688136 0.0041192162 0)
(68.665247 0.0061305789 0)
(68.640069 0.009631904 0)
(68.610844 0.01462859 0)
(68.578545 0.025850692 0)
(68.542367 0.042717466 0)
(68.508345 0.077790868 0)
(68.789196 0.00010576514 0)
(68.783411 0.00028210585 0)
(68.77343 0.00054632402 0)
(68.760317 0.00090180783 0)
(68.744927 0.0013907252 0)
(68.727717 0.0020775607 0)
(68.708808 0.0030740555 0)
(68.688177 0.0045817302 0)
(68.665348 0.0068215954 0)
(68.640258 0.010676416 0)
(68.611392 0.016278482 0)
(68.579686 0.028215821 0)
(68.545437 0.046427404 0)
(68.514345 0.080473017 0)
(68.789196 0.00011702803 0)
(68.783411 0.00031246923 0)
(68.773431 0.00060502944 0)
(68.76032 0.00099866368 0)
(68.744933 0.0015400069 0)
(68.727729 0.002300263 0)
(68.708833 0.0034032241 0)
(68.688226 0.0050690915 0)
(68.665463 0.0075491894 0)
(68.640481 0.011770695 0)
(68.612007 0.017995527 0)
(68.580984 0.0306346 0)
(68.548647 0.050014282 0)
(68.520348 0.083048226 0)
(68.789196 0.00012889416 0)
(68.783411 0.00034453975 0)
(68.773432 0.00066701183 0)
(68.760323 0.0011009146 0)
(68.74494 0.001697581 0)
(68.727743 0.0025352652 0)
(68.708861 0.0037504336 0)
(68.688283 0.0055825143 0)
(68.665596 0.008314908 0)
(68.640744 0.012916253 0)
(68.612697 0.019777805 0)
(68.582449 0.033099925 0)
(68.552004 0.053468071 0)
(68.526359 0.085500846 0)
(68.789196 0.00014139272 0)
(68.783412 0.00037841358 0)
(68.773434 0.00073245216 0)
(68.760327 0.0012088568 0)
(68.744948 0.0018638994 0)
(68.727759 0.0027832253 0)
(68.708895 0.0041166214 0)
(68.68835 0.0061232543 0)
(68.665749 0.0091202814 0)
(68.64105 0.014114434 0)
(68.613466 0.021622732 0)
(68.584076 0.035603381 0)
(68.5555 0.056780317 0)
(68.532364 0.087816763 0)
(68.789196 0.0001545539 0)
(68.783412 0.0004141923 0)
(68.773436 0.00080154118 0)
(68.760331 0.0013228021 0)
(68.744957 0.0020394374 0)
(68.727777 0.0030448339 0)
(68.708934 0.004502764 0)
(68.688427 0.0066926057 0)
(68.665923 0.009966808 0)
(68.641404 0.015366362 0)
(68.614324 0.02352698 0)
(68.585873 0.038135282 0)
(68.559138 0.059944061 0)
(68.538362 0.089983312 0)
(68.789196 0.00016840881 0)
(68.783413 0.00045198331 0)
(68.773438 0.00087447994 0)
(68.760336 0.0014430791 0)
(68.744967 0.002224695 0)
(68.727798 0.0033208156 0)
(68.708978 0.0049098777 0)
(68.688516 0.0072918962 0)
(68.666122 0.010855932 0)
(68.64181 0.016672885 0)
(68.615273 0.025486349 0)
(68.587833 0.040685105 0)
(68.562908 0.062953937 0)
(68.544343 0.091989882 0)
(68.789196 0.00018298949 0)
(68.783414 0.00049190009 0)
(68.773441 0.00095148025 0)
(68.760342 0.0015700336 0)
(68.744979 0.0024201975 0)
(68.727823 0.0036119299 0)
(68.709029 0.0053390181 0)
(68.688619 0.0079224795 0)
(68.666347 0.011789026 0)
(68.642274 0.018034506 0)
(68.616324 0.027495731 0)
(68.589959 0.043241552 0)
(68.566809 0.065806027 0)
(68.550305 0.093827901 0)
(68.789196 0.00019832886 0)
(68.783414 0.00053406261 0)
(68.773444 0.0010327651 0)
(68.760349 0.0017040295 0)
(68.744993 0.0026264977 0)
(68.727851 0.0039189717 0)
(68.709087 0.0057912807 0)
(68.688736 0.0085857235 0)
(68.666603 0.012767366 0)
(68.642799 0.019451283 0)
(68.617478 0.029549394 0)
(68.592246 0.045792489 0)
(68.57083 0.068497481 0)
(68.556241 0.095491583 0)
(68.789196 0.0002144607 0)
(68.783415 0.00057859768 0)
(68.773447 0.0011185692 0)
(68.760356 0.001845449 0)
(68.745009 0.0028441779 0)
(68.727883 0.0042427714 0)
(68.709153 0.0062677996 0)
(68.688871 0.009282998 0)
(68.666892 0.013792076 0)
(68.643393 0.020922802 0)
(68.618745 0.031641023 0)
(68.594693 0.04832512 0)
(68.574965 0.071026332 0)
(68.562143 0.096977848 0)
(68.789196 0.00023141964 0)
(68.783416 0.00062563935 0)
(68.773451 0.0012091378 0)
(68.760365 0.0019946942 0)
(68.745027 0.003073853 0)
(68.72792 0.0045841963 0)
(68.709229 0.0067697393 0)
(68.689024 0.010015688 0)
(68.667217 0.01486395 0)
(68.644057 0.022448365 0)
(68.620127 0.033763883 0)
(68.597293 0.050826198 0)
(68.579203 0.073391363 0)
(68.568009 0.098286084 0)
(68.789196 0.00024924112 0)
(68.783418 0.00067533003 0)
(68.773455 0.0013047236 0)
(68.760375 0.0021521985 0)
(68.745047 0.0033161591 0)
(68.727961 0.0049441627 0)
(68.709314 0.0072982609 0)
(68.689197 0.010785238 0)
(68.667583 0.015983574 0)
(68.644801 0.024026608 0)
(68.621631 0.035910632 0)
(68.600043 0.053282536 0)
(68.583534 0.075592095 0)
(68.57383 0.099417973 0)
(68.789196 0.00026796138 0)
(68.783419 0.00072782374 0)
(68.77346 0.0014055788 0)
(68.760386 0.002318457 0)
(68.745071 0.0035717087 0)
(68.728009 0.0053236813 0)
(68.709411 0.0078544801 0)
(68.689394 0.011593094 0)
(68.667993 0.017151564 0)
(68.645626 0.025655015 0)
(68.623257 0.038073031 0)
(68.602934 0.055681666 0)
(68.587945 0.077629005 0)
(68.579601 0.10037736 0)
(68.789195 0.00028761728 0)
(68.783421 0.00078329032 0)
(68.773466 0.0015119583 0)
(68.760399 0.0024940037 0)
(68.745097 0.0038411177 0)
(68.728063 0.0057238309 0)
(68.709521 0.0084395478 0)
(68.689616 0.012440497 0)
(68.668452 0.018368313 0)
(68.646539 0.027330337 0)
(68.62501 0.040242276 0)
(68.605962 0.058011855 0)
(68.592425 0.079503248 0)
(68.585314 0.10116991 0)
(68.789195 0.00030824645 0)
(68.783422 0.00084190656 0)
(68.773472 0.0016241605 0)
(68.760413 0.0026793304 0)
(68.745128 0.0041251206 0)
(68.728124 0.0061456327 0)
(68.709646 0.0090547032 0)
(68.689867 0.013328552 0)
(68.668963 0.019633666 0)
(68.647543 0.029048833 0)
(68.62689 0.042409285 0)
(68.609116 0.060262267 0)
(68.596961 0.081216632 0)
(68.590965 0.10180269 0)
(68.789195 0.00032988754 0)
(68.783425 0.00090384568 0)
(68.773479 0.0017425422 0)
(68.76043 0.0028748956 0)
(68.745162 0.0044245555 0)
(68.728193 0.0065900352 0)
(68.709786 0.009701266 0)
(68.690148 0.014258388 0)
(68.669532 0.020946885 0)
(68.648645 0.03080599 0)
(68.6289 0.044564676 0)
(68.61239 0.062423122 0)
(68.601541 0.082771695 0)
(68.596545 0.10228396 0)
(68.789195 0.00035258018 0)
(68.783427 0.00096928534 0)
(68.773487 0.0018674726 0)
(68.760448 0.0030812053 0)
(68.7452 0.0047402646 0)
(68.728271 0.0070580398 0)
(68.709943 0.010380563 0)
(68.690464 0.015230945 0)
(68.670161 0.022306939 0)
(68.649847 0.032596644 0)
(68.631036 0.046698846 0)
(68.615773 0.064485791 0)
(68.606151 0.084171634 0)
(68.602049 0.10262282 0)
(68.789195 0.00037636492 0)
(68.78343 0.0010384162 0)
(68.773497 0.0019993147 0)
(68.760469 0.0032988295 0)
(68.745244 0.0050730858 0)
(68.728359 0.0075507371 0)
(68.710121 0.011093825 0)
(68.690817 0.016246819 0)
(68.670858 0.023712567 0)
(68.651154 0.034415133 0)
(68.633299 0.04880217 0)
(68.619256 0.066442914 0)
(68.610781 0.085420351 0)
(68.607472 0.10282884 0)
(68.789195 0.00040128337 0)
(68.783433 0.0011114428 0)
(68.773507 0.0021384419 0)
(68.760493 0.003528371 0)
(68.745293 0.0054238811 0)
(68.728458 0.0080692474 0)
(68.71032 0.011842215 0)
(68.69121 0.017306399 0)
(68.671624 0.025161923 0)
(68.652566 0.036255082 0)
(68.635685 0.050865308 0)
(68.622828 0.068288569 0)
(68.615418 0.086522514 0)
(68.612807 0.10291184 0)
(68.789195 0.0004273785 0)
(68.783436 0.0011885825 0)
(68.773519 0.002285247 0)
(68.76052 0.0037704563 0)
(68.745349 0.0057935416 0)
(68.72857 0.0086147015 0)
(68.710543 0.012626818 0)
(68.691648 0.018409913 0)
(68.672466 0.026652507 0)
(68.654088 0.038109299 0)
(68.638192 0.052879464 0)
(68.62648 0.070018371 0)
(68.62005 0.087483616 0)
(68.618051 0.10288296 0)
(68.789195 0.00045469481 0)
(68.78344 0.0012700644 0)
(68.773533 0.0024401434 0)
(68.76055 0.0040257373 0)
(68.745411 0.0061829847 0)
(68.728695 0.0091882364 0)
(68.710792 0.01344862 0)
(68.692134 0.019557284 0)
(68.673386 0.028181237 0)
(68.655721 0.039970305 0)
(68.640812 0.054836212 0)
(68.6302 0.071629273 0)
(68.624668 0.088309445 0)
(68.623198 0.10275405 0)
(68.789195 0.00048327863 0)
(68.783444 0.0013561297 0)
(68.773548 0.0026035641 0)
(68.760584 0.004294894 0)
(68.745481 0.0065931483 0)
(68.728836 0.0097909772 0)
(68.71107 0.014308531 0)
(68.692672 0.020747809 0)
(68.674391 0.029744783 0)
(68.657465 0.041830135 0)
(68.643542 0.056728011 0)
(68.633978 0.073119604 0)
(68.629263 0.089006137 0)
(68.628246 0.10253412 0)
(68.789195 0.00051317821 0)
(68.783449 0.0014470302 0)
(68.773565 0.0027759597 0)
(68.760623 0.0045786358 0)
(68.74556 0.0070249942 0)
(68.728993 0.010423975 0)
(68.71138 0.015207402 0)
(68.693266 0.021980439 0)
(68.675481 0.031339158 0)
(68.65932 0.043680833 0)
(68.646374 0.05854791 0)
(68.637802 0.074488972 0)
(68.633825 0.089580853 0)
(68.633193 0.10223136 0)
(68.789195 0.00054444419 0)
(68.783455 0.0015430236 0)
(68.773584 0.0029578063 0)
(68.760666 0.0048776817 0)
(68.745649 0.0074795487 0)
(68.729169 0.011088135 0)
(68.711724 0.016146024 0)
(68.693919 0.023254284 0)
(68.676663 0.032959291 0)
(68.661285 0.045514585 0)
(68.649301 0.060289397 0)
(68.641663 0.07573811 0)
(68.638347 0.09004137 0)
(68.638038 0.10185553 0)
(68.789195 0.00057713105 0)
(68.783461 0.0016443571 0)
(68.773605 0.0031496637 0)
(68.760714 0.0051926806 0)
(68.745748 0.0079579552 0)
(68.729366 0.011784493 0)
(68.712107 0.017124738 0)
(68.694637 0.024567873 0)
(68.677937 0.034599624 0)
(68.663359 0.047323288 0)
(68.652316 0.061947167 0)
(68.64555 0.076868991 0)
(68.642822 0.090395644 0)
(68.642779 0.10141636 0)
(68.789195 0.00061129759 0)
(68.783468 0.0017512859 0)
(68.77363 0.0033521751 0)
(68.760769 0.0055242888 0)
(68.74586 0.0084612216 0)
(68.729586 0.012514156 0)
(68.71253 0.018143489 0)
(68.695422 0.025919005 0)
(68.679306 0.03625437 0)
(68.665539 0.049099185 0)
(68.655411 0.063517078 0)
(68.649455 0.077884646 0)
(68.647245 0.090651779 0)
(68.647418 0.10092287 0)
(68.789195 0.00064700407 0)
(68.783477 0.0018641296 0)
(68.773657 0.0035658795 0)
(68.76083 0.0058733413 0)
(68.745984 0.0089902895 0)
(68.72983 0.013277878 0)
(68.712998 0.01920207 0)
(68.696278 0.027305065 0)
(68.680772 0.037917481 0)
(68.667821 0.050834881 0)
(68.658575 0.064995977 0)
(68.653366 0.078788933 0)
(68.65161 0.090817903 0)
(68.651956 0.1003834 0)
(68.789195 0.00068431405 0)
(68.783486 0.0019832388 0)
(68.773688 0.0037912251 0)
(68.760898 0.0062407599 0)
(68.746123 0.0095462069 0)
(68.730102 0.014076314 0)
(68.713513 0.020300002 0)
(68.697209 0.028722875 0)
(68.682337 0.039582553 0)
(68.670201 0.052523408 0)
(68.661803 0.066381729 0)
(68.657278 0.079586458 0)
(68.655914 0.090902149 0)
(68.656394 0.099805773 0)
(68.789196 0.00072329787 0)
(68.783496 0.0021089413 0)
(68.773722 0.0040287402 0)
(68.760975 0.0066274262 0)
(68.746279 0.010129874 0)
(68.730404 0.014910178 0)
(68.71408 0.02143662 0)
(68.698219 0.030168741 0)
(68.684 0.041242939 0)
(68.672674 0.054158341 0)
(68.665083 0.067673179 0)
(68.66118 0.080282428 0)
(68.660155 0.090912703 0)
(68.660736 0.099197101 0)
(68.789196 0.00076403073 0)
(68.783508 0.0022415663 0)
(68.77376 0.0042790159 0)
(68.761061 0.0070341743 0)
(68.746452 0.010742113 0)
(68.730739 0.015780061 0)
(68.714702 0.022610733 0)
(68.69931 0.031638604 0)
(68.685761 0.042891963 0)
(68.675236 0.055733994 0)
(68.668408 0.068870169 0)
(68.665068 0.080882462 0)
(68.664331 0.090857303 0)
(68.664984 0.098564044 0)
(68.789196 0.00080659272 0)
(68.783521 0.0023814525 0)
(68.773803 0.0045426676 0)
(68.761157 0.0074618331 0)
(68.746645 0.01138367 0)
(68.73111 0.016686385 0)
(68.715383 0.023820665 0)
(68.700484 0.033128018 0)
(68.687619 0.044522989 0)
(68.677879 0.057245454 0)
(68.67177 0.069973417 0)
(68.668934 0.081392518 0)
(68.66844 0.090742826 0)
(68.669141 0.097912308 0)
(68.789197 0.00085107002 0)
(68.783536 0.0025289436 0)
(68.773852 0.0048203114 0)
(68.761264 0.007911259 0)
(68.74686 0.01205517 0)
(68.731518 0.017629326 0)
(68.716126 0.02506455 0)
(68.701745 0.03463204 0)
(68.689572 0.046129445 0)
(68.680597 0.058688557 0)
(68.67516 0.070984439 0)
(68.672775 0.081818481 0)
(68.672482 0.090577125 0)
(68.673212 0.097247483 0)
(68.789198 0.00089755523 0)
(68.783553 0.0026843991 0)
(68.773906 0.0051124813 0)
(68.761384 0.0083833872 0)
(68.747098 0.012757391 0)
(68.731969 0.018608599 0)
(68.716934 0.026340014 0)
(68.703093 0.036145303 0)
(68.691618 0.047704976 0)
(68.683384 0.060059971 0)
(68.678571 0.071905465 0)
(68.676585 0.082166526 0)
(68.676458 0.090366785 0)
(68.677201 0.096574144 0)
(68.789199 0.0009461451 0)
(68.783572 0.0028482207 0)
(68.773966 0.0054196795 0)
(68.761517 0.0088790891 0)
(68.747362 0.013491105 0)
(68.732465 0.019623558 0)
(68.717811 0.027644159 0)
(68.70453 0.037662203 0)
(68.693754 0.049243581 0)
(68.686233 0.06135722 0)
(68.681996 0.072739316 0)
(68.68036 0.082443024 0)
(68.680368 0.090116937 0)
(68.681112 0.095895807 0)
(68.7892 0.00099693698 0)
(68.783594 0.003020855 0)
(68.774034 0.0057425154 0)
(68.761666 0.009399001 0)
(68.747655 0.014256737 0)
(68.733008 0.020673321 0)
(68.718759 0.02897373 0)
(68.706056 0.039177013 0)
(68.695975 0.050739713 0)
(68.689137 0.062578645 0)
(68.685428 0.073489329 0)
(68.684099 0.082653888 0)
(68.684215 0.089833277 0)
(68.684948 0.095215945 0)
(68.789201 0.0010500384 0)
(68.783618 0.0032026704 0)
(68.774109 0.0060816988 0)
(68.761831 0.009943787 0)
(68.747979 0.015054463 0)
(68.733603 0.021756687 0)
(68.719782 0.030325044 0)
(68.707671 0.040683872 0)
(68.698278 0.052188297 0)
(68.692089 0.063723345 0)
(68.688862 0.074159206 0)
(68.687799 0.08280487 0)
(68.688 0.089520786 0)
(68.688715 0.094537264 0)
(68.789203 0.001105567 0)
(68.783645 0.0033939558 0)
(68.774193 0.0064379358 0)
(68.762015 0.010514167 0)
(68.748336 0.015884308 0)
(68.734253 0.022872109 0)
(68.720882 0.031694004 0)
(68.709374 0.042176887 0)
(68.700658 0.053584812 0)
(68.695083 0.064791134 0)
(68.692292 0.074752919 0)
(68.691458 0.082901415 0)
(68.691724 0.089183854 0)
(68.692415 0.093861983 0)
(68.789205 0.0011636388 0)
(68.783675 0.0035950433 0)
(68.774287 0.0068118482 0)
(68.762219 0.011110699 0)
(68.74873 0.016746132 0)
(68.73496 0.024017662 0)
(68.722061 0.033076162 0)
(68.711165 0.043650255 0)
(68.703109 0.054925369 0)
(68.69811 0.065782503 0)
(68.695713 0.075274642 0)
(68.695076 0.082948604 0)
(68.69539 0.088826396 0)
(68.696054 0.093191952 0)
(68.789207 0.0012243717 0)
(68.78371 0.0038062866 0)
(68.774391 0.007203989 0)
(68.762445 0.011733784 0)
(68.749163 0.017639611 0)
(68.735729 0.025191029 0)
(68.72332 0.034466736 0)
(68.71304 0.045098318 0)
(68.705627 0.056206701 0)
(68.701166 0.066698511 0)
(68.699121 0.075728684 0)
(68.698651 0.082951198 0)
(68.699 0.088451712 0)
(68.699634 0.092528537 0)
(68.78921 0.0012878859 0)
(68.783748 0.0040280276 0)
(68.774508 0.0076148753 0)
(68.762695 0.012383579 0)
(68.749638 0.018564241 0)
(68.736561 0.026389529 0)
(68.72466 0.035860723 0)
(68.714999 0.046515674 0)
(68.708205 0.057426193 0)
(68.704244 0.067540738 0)
(68.702513 0.076119173 0)
(68.702184 0.082914131 0)
(68.702557 0.088062686 0)
(68.70316 0.091872348 0)
(68.789214 0.0013542996 0)
(68.783791 0.0042605842 0)
(68.774637 0.0080449843 0)
(68.762971 0.013060101 0)
(68.750158 0.019519157 0)
(68.73746 0.027610079 0)
(68.726083 0.037252938 0)
(68.717037 0.047897251 0)
(68.710838 0.058581879 0)
(68.707339 0.068311179 0)
(68.705886 0.076450269 0)
(68.705674 0.082841353 0)
(68.706062 0.087661956 0)
(68.706633 0.091224307 0)
(68.789218 0.0014237348 0)
(68.78384 0.0045041801 0)
(68.774781 0.0084947658 0)
(68.763277 0.013763434 0)
(68.750726 0.020502975 0)
(68.738428 0.028849126 0)
(68.727588 0.03863803 0)
(68.719151 0.049238354 0)
(68.713519 0.059672415 0)
(68.710445 0.069012161 0)
(68.709236 0.076726167 0)
(68.709122 0.082736094 0)
(68.709517 0.087251838 0)
(68.710056 0.090585441 0)
(68.789223 0.0014963122 0)
(68.783894 0.004758983 0)
(68.77494 0.0089645926 0)
(68.763613 0.014493501 0)
(68.751345 0.021513908 0)
(68.739468 0.03010274 0)
(68.729175 0.040010623 0)
(68.721338 0.050534743 0)
(68.716244 0.06069705 0)
(68.713556 0.069646316 0)
(68.712563 0.076950953 0)
(68.712528 0.082601766 0)
(68.712924 0.086834105 0)
(68.713433 0.089955956 0)
(68.789228 0.0015721394 0)
(68.783954 0.0050251949 0)
(68.775116 0.0094546546 0)
(68.763982 0.015249862 0)
(68.752019 0.022549853 0)
(68.74058 0.031366704 0)
(68.730842 0.041365403 0)
(68.723592 0.051782678 0)
(68.719006 0.061655594 0)
(68.71667 0.070216485 0)
(68.715863 0.077128484 0)
(68.715893 0.082441585 0)
(68.716286 0.086410289 0)
(68.716765 0.089335944 0)
(68.789235 0.001651312 0)
(68.784022 0.0053030207 0)
(68.775312 0.0099649673 0)
(68.764388 0.016031731 0)
(68.752749 0.023608346 0)
(68.741768 0.032636503 0)
(68.732588 0.04269716 0)
(68.725909 0.052978935 0)
(68.7218 0.062548354 0)
(68.719781 0.070725678 0)
(68.719136 0.077262213 0)
(68.719218 0.082258653 0)
(68.719604 0.085982053 0)
(68.720054 0.088725658 0)
(68.789242 0.0017339112 0)
(68.784097 0.0055926115 0)
(68.775527 0.010495385 0)
(68.764833 0.016838005 0)
(68.753539 0.024686524 0)
(68.743031 0.033907357 0)
(68.734412 0.044000858 0)
(68.728285 0.054120822 0)
(68.72462 0.063376107 0)
(68.722886 0.071176994 0)
(68.72238 0.077355757 0)
(68.722504 0.082055437 0)
(68.72288 0.085550653 0)
(68.723301 0.088125293 0)
(68.789251 0.0018200051 0)
(68.784181 0.0058939977 0)
(68.775765 0.011045567 0)
(68.765318 0.017667297 0)
(68.754391 0.025781136 0)
(68.744371 0.035174292 0)
(68.73631 0.045271726 0)
(68.730714 0.055206201 0)
(68.727461 0.064140046 0)
(68.725982 0.071573613 0)
(68.725595 0.077412548 0)
(68.72575 0.081834256 0)
(68.726114 0.085117255 0)
(68.726509 0.087535051 0)
(68.789261 0.0019096396 0)
(68.784274 0.0062070754 0)
(68.776027 0.011614954 0)
(68.765848 0.018517916 0)
(68.755307 0.026888544 0)
(68.745787 0.036432186 0)
(68.738279 0.0465053 0)
(68.733191 0.056233467 0)
(68.730318 0.064841708 0)
(68.729066 0.071918756 0)
(68.728779 0.07743565 0)
(68.728958 0.081597435 0)
(68.729309 0.084683097 0)
(68.729678 0.086955233 0)
(68.789272 0.0020028251 0)
(68.784378 0.006531624 0)
(68.776315 0.012202669 0)
(68.766424 0.019387844 0)
(68.75629 0.028004753 0)
(68.74728 0.037675859 0)
(68.740317 0.047697483 0)
(68.735712 0.057201538 0)
(68.733187 0.06548295 0)
(68.732135 0.072215631 0)
(68.731933 0.077428169 0)
(68.732129 0.081347117 0)
(68.732465 0.084249296 0)
(68.73281 0.086386132 0)
(68.789284 0.0020995306 0)
(68.784493 0.0068672877 0)
(68.776631 0.01280752 0)
(68.76705 0.020274656 0)
(68.757341 0.029125424 0)
(68.748848 0.038900127 0)
(68.742419 0.048844584 0)
(68.738271 0.058109833 0)
(68.736064 0.066065893 0)
(68.735188 0.072467434 0)
(68.735057 0.077393084 0)
(68.735264 0.081085366 0)
(68.735584 0.083816967 0)
(68.735905 0.085828128 0)
(68.789299 0.0021996641 0)
(68.784621 0.0072135413 0)
(68.776977 0.013428093 0)
(68.767727 0.021175399 0)
(68.758462 0.030245858 0)
(68.75049 0.040099861 0)
(68.744582 0.04994335 0)
(68.740863 0.058958243 0)
(68.738945 0.066592876 0)
(68.738222 0.072677399 0)
(68.738149 0.077333167 0)
(68.738363 0.080814163 0)
(68.738667 0.083387307 0)
(68.738966 0.085281774 0)
(68.789315 0.0023030801 0)
(68.784762 0.0075697024 0)
(68.777355 0.01406265 0)
(68.768458 0.02208656 0)
(68.759654 0.031361014 0)
(68.752205 0.04127003 0)
(68.746801 0.050990975 0)
(68.743484 0.059747085 0)
(68.741826 0.067066432 0)
(68.741236 0.072848682 0)
(68.741211 0.077251252 0)
(68.741427 0.080535487 0)
(68.741714 0.082961482 0)
(68.741992 0.084747642 0)
(68.789333 0.0024095823 0)
(68.784917 0.0079348433 0)
(68.777768 0.014709006 0)
(68.769246 0.023004161 0)
(68.760917 0.032465607 0)
(68.753992 0.042405782 0)
(68.749073 0.051985111 0)
(68.74613 0.060477075 0)
(68.744705 0.067489241 0)
(68.74423 0.07298444 0)
(68.744243 0.077150046 0)
(68.744458 0.080251295 0)
(68.744728 0.082540769 0)
(68.744985 0.084226489 0)
(68.789353 0.0025188876 0)
(68.785088 0.0083077129 0)
(68.778217 0.01536453 0)
(68.770093 0.023923822 0)
(68.762252 0.033554171 0)
(68.755847 0.043502498 0)
(68.751394 0.05292387 0)
(68.748796 0.061149288 0)
(68.74758 0.067864105 0)
(68.747202 0.073087844 0)
(68.747245 0.077032109 0)
(68.747456 0.079963544 0)
(68.74771 0.082126591 0)
(68.747947 0.083719297 0)
(68.789376 0.0026306093 0)
(68.785275 0.0086867521 0)
(68.778704 0.016026114 0)
(68.770999 0.024840688 0)
(68.76366 0.034621037 0)
(68.757768 0.044555781 0)
(68.75376 0.053805785 0)
(68.75148 0.061765099 0)
(68.750448 0.068193922 0)
(68.750154 0.073161997 0)
(68.750219 0.076900129 0)
(68.750424 0.07967426 0)
(68.75066 0.081720396 0)
(68.750879 0.0832271 0)
(68.789401 0.0027442443 0)
(68.78548 0.0090700575 0)
(68.779232 0.016690116 0)
(68.771968 0.025749395 0)
(68.765139 0.035660376 0)
(68.759754 0.045561498 0)
(68.756168 0.0546298 0)
(68.754178 0.062326151 0)
(68.75331 0.06848167 0)
(68.753085 0.073210001 0)
(68.753167 0.076756769 0)
(68.753363 0.079385532 0)
(68.753582 0.081323792 0)
(68.753783 0.082751146 0)
(68.789429 0.0028591536 0)
(68.785705 0.0094553315 0)
(68.779803 0.017352314 0)
(68.773001 0.026644073 0)
(68.766691 0.036666228 0)
(68.761801 0.046515777 0)
(68.758614 0.055395219 0)
(68.75689 0.062834308 0)
(68.756164 0.068730382 0)
(68.755997 0.073234947 0)
(68.756089 0.076604713 0)
(68.756276 0.079099546 0)
(68.756478 0.080938541 0)
(68.756661 0.082292883 0)
(68.78946 0.0029745454 0)
(68.78595 0.0098397983 0)
(68.780418 0.018007883 0)
(68.774099 0.027518347 0)
(68.768314 0.03763252 0)
(68.763909 0.04741499 0)
(68.761096 0.056101659 0)
(68.759612 0.063291597 0)
(68.759011 0.068943123 0)
(68.758891 0.073239948 0)
(68.75899 0.076446695 0)
(68.759165 0.078818599 0)
(68.75935 0.080566576 0)
(68.759516 0.081853974 0)
(68.789494 0.0030894542 0)
(68.786216 0.010220148 0)
(68.781079 0.018651326 0)
(68.775264 0.028365319 0)
(68.770009 0.03855306 0)
(68.766074 0.04825572 0)
(68.763613 0.05674898 0)
(68.762347 0.063700172 0)
(68.761853 0.069122971 0)
(68.761771 0.07322815 0)
(68.761872 0.076285527 0)
(68.762034 0.078545126 0)
(68.762202 0.08021003 0)
(68.762351 0.08143633 0)
(68.789531 0.0032027076 0)
(68.786504 0.010592552 0)
(68.781788 0.019276375 0)
(68.776496 0.029177503 0)
(68.771775 0.039421487 0)
(68.768298 0.049034679 0)
(68.766165 0.057337209 0)
(68.765094 0.064062246 0)
(68.764693 0.069273021 0)
(68.764641 0.073202707 0)
(68.76474 0.076124111 0)
(68.764889 0.078281743 0)
(68.76504 0.07987129 0)
(68.765173 0.08104217 0)
(68.789571 0.0033129021 0)
(68.786817 0.010952592 0)
(68.782547 0.019875906 0)
(68.777798 0.02994677 0)
(68.773612 0.040231211 0)
(68.770578 0.04974862 0)
(68.768752 0.057866429 0)
(68.767856 0.064380034 0)
(68.767534 0.069396374 0)
(68.767505 0.073166828 0)
(68.7676 0.075965493 0)
(68.767734 0.078031268 0)
(68.767868 0.079552968 0)
(68.767985 0.080673955 0)
(68.789616 0.0034183808 0)
(68.787153 0.011295149 0)
(68.783358 0.020441886 0)
(68.77917 0.03066428 0)
(68.775522 0.040975326 0)
(68.772917 0.050394217 0)
(68.771377 0.058336664 0)
(68.770638 0.064655631 0)
(68.770383 0.069496024 0)
(68.770371 0.073123762 0)
(68.770459 0.07581295 0)
(68.770577 0.077796957 0)
(68.770694 0.079258293 0)
(68.770796 0.080334882 0)
(68.789664 0.0035172023 0)
(68.787516 0.011614326 0)
(68.784222 0.020965274 0)
(68.780615 0.031320326 0)
(68.777507 0.041646415 0)
(68.775318 0.050967921 0)
(68.774045 0.058747846 0)
(68.773447 0.064891083 0)
(68.773249 0.069574878 0)
(68.773248 0.073076578 0)
(68.773327 0.075669463 0)
(68.773429 0.077581679 0)
(68.773528 0.078990062 0)
(68.773614 0.080027718 0)
(68.789716 0.0036071051 0)
(68.787905 0.011903387 0)
(68.785141 0.021435939 0)
(68.782135 0.031904116 0)
(68.77957 0.042236123 0)
(68.777786 0.051465402 0)
(68.776763 0.059099421 0)
(68.776292 0.065088514 0)
(68.776141 0.069636672 0)
(68.776147 0.073029865 0)
(68.776215 0.075540017 0)
(68.7763 0.077390573 0)
(68.776382 0.078753465 0)
(68.776453 0.079757667 0)
(68.789772 0.0036854476 0)
(68.788322 0.012154592 0)
(68.786116 0.021842691 0)
(68.783733 0.032404027 0)
(68.781716 0.042735268 0)
(68.780328 0.051880942 0)
(68.779542 0.059388444 0)
(68.779186 0.065246678 0)
(68.779076 0.06968124 0)
(68.779084 0.072984347 0)
(68.779139 0.075426138 0)
(68.779206 0.077225836 0)
(68.77927 0.078551205 0)
(68.779325 0.079527794 0)
(68.789832 0.0037492302 0)
(68.788767 0.012358405 0)
(68.787151 0.022172172 0)
(68.785413 0.0328075 0)
(68.783952 0.043136293 0)
(68.782955 0.052213371 0)
(68.782396 0.059618764 0)
(68.782145 0.065372075 0)
(68.78207 0.06971587 0)
(68.782078 0.072947213 0)
(68.782119 0.075334751 0)
(68.782167 0.077094252 0)
(68.782214 0.078390063 0)
(68.782253 0.079344945 0)
(68.789897 0.0037963237 0)
(68.789241 0.012503411 0)
(68.788247 0.022403498 0)
(68.787181 0.033088117 0)
(68.786289 0.043413132 0)
(68.785683 0.052441863 0)
(68.785344 0.059776988 0)
(68.785193 0.065458485 0)
(68.785148 0.069739901 0)
(68.785153 0.072921452 0)
(68.785178 0.07527094 0)
(68.785207 0.077002019 0)
(68.785235 0.078276847 0)
(68.785259 0.07921631 0)
(68.789965 0.0038309941 0)
(68.789741 0.012598943 0)
(68.789401 0.022547098 0)
(68.789036 0.033253876 0)
(68.78873 0.043568771 0)
(68.788522 0.052563924 0)
(68.788404 0.059856873 0)
(68.788349 0.06549863 0)
(68.788331 0.069747404 0)
(68.78833 0.072903829 0)
(68.788337 0.07523448 0)
(68.788346 0.076951545 0)
(68.788355 0.078215966 0)
(68.788362 0.079147705 0)
(65.776321 0.21254608 0)
(59.441076 0.32642831 0)
(52.431154 0.31710764 0)
(46.611232 0.21100859 0)
(42.994217 0.084268626 0)
(41.556574 -0.010594606 0)
(41.51097 -0.047120175 0)
(41.835611 -0.040266246 0)
(42.066278 -0.023814765 0)
(42.032299 -0.0085686078 0)
(41.8027 0.00020971594 0)
(41.478703 0.003917982 0)
(41.119885 0.0052873614 0)
(40.744663 0.0058732041 0)
(40.358123 0.0061546048 0)
(39.966578 0.0061627481 0)
(39.582408 0.0059184515 0)
(39.21095 0.0055741093 0)
(38.851559 0.0052285496 0)
(38.504595 0.004884901 0)
(38.170631 0.0045498393 0)
(37.849919 0.004202477 0)
(37.545097 0.0038497474 0)
(37.254852 0.0035412729 0)
(36.976324 0.0032793082 0)
(36.70799 0.0030480188 0)
(36.449329 0.0028275193 0)
(36.200894 0.0026094946 0)
(35.963028 0.0024115983 0)
(35.733701 0.0022404072 0)
(35.511878 0.0020899291 0)
(35.296693 0.0019466599 0)
(35.088982 0.0018094453 0)
(34.887962 0.0016853359 0)
(34.693084 0.0015744281 0)
(34.503351 0.0014739466 0)
(34.318834 0.0013770289 0)
(34.139643 0.0012880639 0)
(33.964902 0.0012079065 0)
(33.794372 0.0011331638 0)
(33.627967 0.0010623809 0)
(33.465627 0.0009978858 0)
(33.306618 0.00093937397 0)
(33.150872 0.00088350299 0)
(32.998517 0.00083070436 0)
(32.849274 0.00078264961 0)
(32.702714 0.00073800322 0)
(32.558935 0.00069535836 0)
(32.417864 0.00065583876 0)
(32.279184 0.00061927535 0)
(32.142821 0.00058479539 0)
(32.008718 0.00055254633 0)
(31.876675 0.00052224588 0)
(31.746748 0.00049384932 0)
(31.618639 0.00046743281 0)
(31.492391 0.00044211675 0)
(31.368007 0.00041869488 0)
(31.245161 0.00039671699 0)
(31.123975 0.00037569531 0)
(31.004412 0.00035605081 0)
(30.886249 0.00033762342 0)
(30.769579 0.000320139 0)
(30.65423 0.00030361385 0)
(30.540311 0.00028811173 0)
(30.42754 0.00027331092 0)
(30.316222 0.00025937721 0)
(30.205937 0.0002463073 0)
(30.096933 0.00023384652 0)
(29.988974 0.00022210449 0)
(29.882191 0.0002110181 0)
(29.776338 0.00020045761 0)
(29.671695 0.00019048356 0)
(29.567845 0.00018103254 0)
(29.46521 0.00017207412 0)
(29.36326 0.00016358261 0)
(29.26252 0.00015556051 0)
(29.162343 0.00014790591 0)
(29.063425 0.00014068332 0)
(28.964931 0.00013379899 0)
(28.867757 0.00012729168 0)
(28.770853 0.00012109697 0)
(28.675349 0.00011523612 0)
(28.579943 0.00010963861 0)
(28.486066 0.00010434787 0)
(28.392096 9.9306041e-05 0)
(28.29977 9.4529711e-05 0)
(28.207168 8.997113e-05 0)
(28.116358 8.5684123e-05 0)
(28.025003 8.155431e-05 0)
(27.935689 7.7737464e-05 0)
(27.845402 7.3966465e-05 0)
(27.757541 7.0487298e-05 0)
(27.668654 6.8413536e-05 0)
(27.577378 6.0795333e-05 0)
(27.506837 7.1103393e-05 0)
(27.36461 5.1395186e-05 0)
(69.5358 0.2086908 0)
(70.972498 0.32587697 0)
(70.9767 0.35672118 0)
(69.507343 0.30660859 0)
(67.110464 0.21397158 0)
(64.359403 0.12088364 0)
(61.665405 0.060914266 0)
(59.359435 0.035010768 0)
(57.530854 0.024975834 0)
(56.102416 0.02399524 0)
(54.991271 0.024450077 0)
(54.072494 0.024404892 0)
(53.259886 0.023905052 0)
(52.50899 0.023095858 0)
(51.810852 0.021894932 0)
(51.161891 0.020405324 0)
(50.558451 0.01881232 0)
(49.990368 0.017331655 0)
(49.452255 0.015972174 0)
(48.942164 0.014685581 0)
(48.45928 0.013474638 0)
(48.002079 0.012308429 0)
(47.570814 0.011206231 0)
(47.162088 0.010254162 0)
(46.772727 0.0094283146 0)
(46.401057 0.0086919577 0)
(46.045924 0.0080059955 0)
(45.706979 0.0073542231 0)
(45.383555 0.0067681551 0)
(45.073435 0.0062557623 0)
(44.775372 0.0058015875 0)
(44.488215 0.0053780052 0)
(44.212107 0.004981055 0)
(43.945998 0.0046225834 0)
(43.689073 0.0043015392 0)
(43.440237 0.0040107265 0)
(43.199246 0.0037358724 0)
(42.965879 0.0034844828 0)
(42.739218 0.0032573392 0)
(42.518838 0.0030471224 0)
(42.304449 0.0028503345 0)
(42.095822 0.0026708381 0)
(41.892208 0.0025076432 0)
(41.693369 0.0023537497 0)
(41.499258 0.0022094545 0)
(41.309545 0.0020776799 0)
(41.123768 0.0019555395 0)
(40.941881 0.0018400008 0)
(40.763741 0.0017329669 0)
(40.589002 0.0016339727 0)
(40.417508 0.0015410788 0)
(40.249137 0.0014544107 0)
(40.083653 0.001373199 0)
(39.921035 0.0012972806 0)
(39.76098 0.001226642 0)
(39.603456 0.0011594286 0)
(39.44843 0.0010970859 0)
(39.295573 0.0010387297 0)
(39.144934 0.00098316443 0)
(38.996457 0.00093124211 0)
(38.849912 0.00088254455 0)
(38.705338 0.0008364976 0)
(38.562561 0.00079302382 0)
(38.421646 0.00075224428 0)
(38.282316 0.0007134382 0)
(38.144827 0.00067688514 0)
(38.008782 0.00064261031 0)
(37.874373 0.00061001076 0)
(37.741374 0.00057928845 0)
(37.609882 0.0005503147 0)
(37.479653 0.00052273986 0)
(37.350937 0.00049672139 0)
(37.223329 0.00047205612 0)
(37.097211 0.0004487142 0)
(36.972074 0.00042658287 0)
(36.848403 0.00040568827 0)
(36.725565 0.0003857655 0)
(36.604227 0.00036696967 0)
(36.483565 0.00034905451 0)
(36.364451 0.00033213868 0)
(36.24584 0.00031601862 0)
(36.128844 0.00030079355 0)
(36.012162 0.00028623492 0)
(35.897218 0.00027249544 0)
(35.782377 0.00025938094 0)
(35.669386 0.00024698424 0)
(35.556291 0.00023512497 0)
(35.445203 0.00022399582 0)
(35.333709 0.00021325672 0)
(35.224476 0.00020333085 0)
(35.11438 0.00019359294 0)
(35.006892 0.00018432496 0)
(34.898717 0.00017968948 0)
(34.786802 0.00015759846 0)
(34.701177 0.00019002993 0)
(34.527679 0.0001320288 0)
(68.454492 0.16529375 0)
(68.837821 0.26986951 0)
(69.526469 0.3183751 0)
(70.114517 0.300895 0)
(70.247651 0.24049426 0)
(69.805076 0.17760648 0)
(68.726808 0.13825106 0)
(67.133486 0.11899453 0)
(65.226831 0.10573444 0)
(63.312573 0.092193505 0)
(61.600308 0.07692501 0)
(60.178917 0.063458457 0)
(59.008184 0.054579411 0)
(57.991654 0.049012607 0)
(57.096318 0.044497226 0)
(56.29612 0.040423254 0)
(55.568832 0.036750955 0)
(54.89087 0.033550031 0)
(54.256721 0.030639514 0)
(53.662617 0.027930563 0)
(53.106023 0.025435111 0)
(52.582872 0.023110101 0)
(52.091707 0.020991038 0)
(51.626079 0.019181289 0)
(51.183164 0.017586888 0)
(50.761794 0.016152234 0)
(50.360698 0.014826553 0)
(49.979052 0.013590465 0)
(49.615201 0.01248878 0)
(49.26656 0.011521733 0)
(48.932059 0.010658457 0)
(48.61063 0.0098577896 0)
(48.302201 0.0091147122 0)
(48.005279 0.0084461359 0)
(47.718877 0.0078466894 0)
(47.441953 0.0073024563 0)
(47.174286 0.0067920047 0)
(46.915382 0.0063265336 0)
(46.664215 0.0059055911 0)
(46.420342 0.0055168104 0)
(46.183432 0.0051546198 0)
(45.953113 0.0048243758 0)
(45.728588 0.0045237331 0)
(45.509625 0.0042415256 0)
(45.296083 0.0039779976 0)
(45.087553 0.00373708 0)
(44.883571 0.0035138693 0)
(44.684065 0.0033036321 0)
(44.488815 0.0031090219 0)
(44.297454 0.0029290228 0)
(44.109813 0.002760465 0)
(43.925725 0.0026034168 0)
(43.744936 0.0024564504 0)
(43.56739 0.0023192325 0)
(43.392771 0.0021915471 0)
(43.221028 0.00207046 0)
(43.052093 0.0019580604 0)
(42.885633 0.0018529399 0)
(42.721682 0.0017530799 0)
(42.560155 0.0016597942 0)
(42.40082 0.0015723099 0)
(42.243696 0.001489726 0)
(42.088601 0.0014118137 0)
(41.935583 0.0013387411 0)
(41.784363 0.0012693174 0)
(41.635176 0.0012039292 0)
(41.487628 0.001142625 0)
(41.341894 0.0010843914 0)
(41.197744 0.0010295217 0)
(41.055263 0.00097780333 0)
(40.914206 0.00092861687 0)
(40.774806 0.00088223064 0)
(40.636667 0.00083825786 0)
(40.500151 0.00079667947 0)
(40.364756 0.00075726088 0)
(40.230947 0.00072006016 0)
(40.098103 0.00068460926 0)
(39.966871 0.00065116995 0)
(39.836436 0.00061930482 0)
(39.707653 0.00058923444 0)
(39.579487 0.0005605734 0)
(39.453034 0.0005335249 0)
(39.327 0.00050765558 0)
(39.202794 0.00048325887 0)
(39.078791 0.00045996141 0)
(38.956726 0.00043796267 0)
(38.834645 0.00041690102 0)
(38.714658 0.00039715411 0)
(38.594345 0.00037809373 0)
(38.476376 0.00036047229 0)
(38.357619 0.00034324503 0)
(38.241523 0.00032664177 0)
(38.124929 0.00031888608 0)
(38.004013 0.0002784127 0)
(37.91161 0.00033924681 0)
(37.724683 0.00023206503 0)
(68.428148 0.16095072 0)
(68.493043 0.26304992 0)
(68.651345 0.30785082 0)
(68.874858 0.29025105 0)
(69.095261 0.23860286 0)
(69.242102 0.19245498 0)
(69.27484 0.17233681 0)
(69.133725 0.16978848 0)
(68.689588 0.16858068 0)
(67.847518 0.15989201 0)
(66.586917 0.14302098 0)
(65.077497 0.1226273 0)
(63.599835 0.10337574 0)
(62.297706 0.087814471 0)
(61.18368 0.076387816 0)
(60.192375 0.067581448 0)
(59.30808 0.06020196 0)
(58.508807 0.054221286 0)
(57.777568 0.049118154 0)
(57.102095 0.044526902 0)
(56.47525 0.040388225 0)
(55.889796 0.036598241 0)
(55.342448 0.033229967 0)
(54.822697 0.030346532 0)
(54.33002 0.027761143 0)
(53.863332 0.025419785 0)
(53.420803 0.023271456 0)
(53.000854 0.021300782 0)
(52.600671 0.019560831 0)
(52.217486 0.018026034 0)
(51.850554 0.016644511 0)
(51.498857 0.015365818 0)
(51.162116 0.014189508 0)
(50.838209 0.013137064 0)
(50.526032 0.012191308 0)
(50.224716 0.01132935 0)
(49.934069 0.010525086 0)
(49.65326 0.0097944641 0)
(49.381138 0.0091334571 0)
(49.11727 0.0085231522 0)
(48.861334 0.0079563884 0)
(48.612768 0.0074402786 0)
(48.370723 0.0069698521 0)
(48.135002 0.0065293484 0)
(47.905376 0.0061193816 0)
(47.681336 0.0057444759 0)
(47.462422 0.0053970535 0)
(47.248555 0.0050708007 0)
(47.03942 0.0047691436 0)
(46.834629 0.0044900757 0)
(46.634014 0.0042290927 0)
(46.437358 0.0039862144 0)
(46.244382 0.0037591543 0)
(46.055008 0.0035473504 0)
(45.868897 0.0033502571 0)
(45.685989 0.0031637898 0)
(45.506175 0.0029906687 0)
(45.32912 0.0028288191 0)
(45.154846 0.0026753461 0)
(44.983234 0.002532035 0)
(44.814054 0.0023976497 0)
(44.647307 0.0022709392 0)
(44.4828 0.0021514807 0)
(44.320562 0.0020394586 0)
(44.16032 0.0019331559 0)
(44.002281 0.0018330624 0)
(43.846054 0.0017392256 0)
(43.691802 0.0016501755 0)
(43.539289 0.0015662938 0)
(43.388587 0.0014872574 0)
(43.239454 0.0014121408 0)
(43.092103 0.0013413267 0)
(42.946147 0.0012742095 0)
(42.801927 0.0012107836 0)
(42.658952 0.0011506653 0)
(42.517666 0.0010939457 0)
(42.37746 0.0010399221 0)
(42.238957 0.00098897157 0)
(42.101361 0.00094043503 0)
(41.965498 0.00089464871 0)
(41.830354 0.00085101223 0)
(41.696997 0.00080984883 0)
(41.564158 0.00077048522 0)
(41.433211 0.00073337653 0)
(41.302561 0.00069793741 0)
(41.173908 0.00066449463 0)
(41.045327 0.00063246833 0)
(40.918896 0.00060245399 0)
(40.79222 0.00057348908 0)
(40.667936 0.00054669584 0)
(40.542952 0.0005205787 0)
(40.420635 0.00049520084 0)
(40.298022 0.00048380037 0)
(40.170607 0.00042141291 0)
(40.073314 0.00051623584 0)
(39.87681 0.00034996444 0)
(68.435958 0.16008602 0)
(68.486594 0.25974541 0)
(68.58712 0.30188111 0)
(68.691258 0.28356701 0)
(68.766183 0.23259541 0)
(68.807262 0.1863811 0)
(68.833453 0.16552305 0)
(68.863983 0.16560851 0)
(68.88866 0.17365517 0)
(68.854401 0.17999331 0)
(68.660228 0.1801139 0)
(68.172381 0.17213177 0)
(67.299686 0.15754827 0)
(66.146889 0.13955728 0)
(64.907659 0.12075216 0)
(63.729046 0.10383864 0)
(62.676073 0.090698091 0)
(61.720492 0.080669133 0)
(60.854068 0.072185649 0)
(60.067217 0.064823796 0)
(59.343458 0.058455331 0)
(58.673157 0.052739349 0)
(58.05079 0.047698757 0)
(57.468662 0.043415629 0)
(56.921859 0.039631159 0)
(56.406597 0.036217872 0)
(55.919836 0.033104803 0)
(55.459109 0.030283458 0)
(55.020108 0.027802689 0)
(54.600277 0.025592988 0)
(54.199488 0.023588313 0)
(53.816501 0.021737139 0)
(53.450659 0.020051508 0)
(53.09895 0.018552888 0)
(52.760369 0.017199416 0)
(52.43436 0.015960247 0)
(52.120627 0.014810232 0)
(51.81787 0.01377066 0)
(51.524845 0.01282967 0)
(51.24116 0.011960087 0)
(50.966529 0.01115472 0)
(50.700097 0.010423045 0)
(50.440985 0.009755292 0)
(50.189058 0.0091309628 0)
(49.943967 0.0085517757 0)
(49.705087 0.0080222246 0)
(49.471971 0.0075312826 0)
(49.244539 0.007071426 0)
(49.022345 0.0066468721 0)
(48.804991 0.0062539845 0)
(48.592318 0.0058869601 0)
(48.384035 0.0055458306 0)
(48.179847 0.0052271908 0)
(47.979647 0.0049302111 0)
(47.783074 0.0046538981 0)
(47.590053 0.0043929845 0)
(47.400432 0.0041507916 0)
(47.213871 0.003924412 0)
(47.030384 0.0037100921 0)
(46.84981 0.0035100731 0)
(46.671921 0.0033225372 0)
(46.496698 0.0031458849 0)
(46.323936 0.0029794655 0)
(46.153647 0.0028234354 0)
(45.985557 0.0026755212 0)
(45.819848 0.0025363078 0)
(45.65613 0.0024058048 0)
(45.494553 0.0022820627 0)
(45.334872 0.0021655467 0)
(45.177148 0.0020557916 0)
(45.021141 0.0019515502 0)
(44.867042 0.0018533115 0)
(44.714475 0.0017602266 0)
(44.563755 0.0016723027 0)
(44.414408 0.0015889877 0)
(44.266848 0.0015104011 0)
(44.120486 0.001435589 0)
(43.975914 0.0013650414 0)
(43.832361 0.0012978612 0)
(43.690616 0.0012345036 0)
(43.549696 0.0011741345 0)
(43.410628 0.0011172019 0)
(43.27218 0.001062774 0)
(43.135679 0.001011475 0)
(42.999574 0.00096249005 0)
(42.865512 0.00091628193 0)
(42.731618 0.00087203154 0)
(42.599911 0.00083056788 0)
(42.468056 0.00079057146 0)
(42.338616 0.0007535464 0)
(42.208584 0.00071755315 0)
(42.081192 0.00068235276 0)
(41.953735 0.0006669454 0)
(41.821032 0.00058019211 0)
(41.719753 0.00071287513 0)
(41.515582 0.00048046905 0)
(68.443344 0.1585362 0)
(68.491192 0.25531936 0)
(68.586218 0.29681167 0)
(68.677572 0.27984138 0)
(68.730672 0.23086161 0)
(68.743339 0.18569227 0)
(68.736189 0.16444655 0)
(68.733535 0.1637011 0)
(68.746202 0.17097792 0)
(68.770252 0.1777635 0)
(68.792116 0.18154392 0)
(68.782433 0.18240356 0)
(68.672113 0.18036189 0)
(68.364439 0.17393439 0)
(67.756449 0.16256728 0)
(66.878749 0.14769076 0)
(65.841611 0.13071498 0)
(64.79234 0.1146298 0)
(63.806651 0.10106774 0)
(62.894915 0.090006517 0)
(62.04447 0.080595836 0)
(61.262956 0.072243265 0)
(60.540332 0.065100923 0)
(59.871781 0.059022787 0)
(59.251007 0.053642925 0)
(58.670773 0.048865086 0)
(58.125631 0.044559341 0)
(57.61209 0.040679455 0)
(57.12643 0.037272911 0)
(56.665941 0.034251064 0)
(56.228322 0.031521903 0)
(55.811453 0.029011308 0)
(55.414106 0.026746806 0)
(55.032176 0.0247348 0)
(54.665292 0.02290344 0)
(54.313087 0.021220406 0)
(53.974991 0.019668958 0)
(53.649079 0.018274653 0)
(53.334114 0.017010328 0)
(53.029782 0.015839397 0)
(52.735834 0.014758626 0)
(52.450959 0.013780184 0)
(52.174331 0.012885409 0)
(51.905887 0.012049788 0)
(51.645108 0.011277262 0)
(51.391236 0.010571264 0)
(51.143863 0.009916343 0)
(50.902894 0.0093044624 0)
(50.667709 0.0087405576 0)
(50.437929 0.008218443 0)
(50.2134 0.0077312568 0)
(49.993731 0.0072790999 0)
(49.778615 0.0068570674 0)
(49.567923 0.0064640643 0)
(49.361253 0.0060985211 0)
(49.158523 0.0057539528 0)
(48.959526 0.0054342472 0)
(48.763921 0.0051354535 0)
(48.571711 0.0048530224 0)
(48.382686 0.0045896153 0)
(48.19662 0.0043426887 0)
(48.013475 0.0041103152 0)
(47.83303 0.0038915742 0)
(47.655278 0.0036865393 0)
(47.479943 0.0034923584 0)
(47.307179 0.003309701 0)
(47.136597 0.0031384885 0)
(46.968333 0.0029762775 0)
(46.802132 0.0028236095 0)
(46.638043 0.0026798369 0)
(46.475827 0.0025433853 0)
(46.315651 0.0024148333 0)
(46.157151 0.0022930674 0)
(46.000616 0.0021781037 0)
(45.845583 0.0020692043 0)
(45.692442 0.0019665086 0)
(45.540621 0.001868799 0)
(45.390678 0.0017766717 0)
(45.24187 0.0016889783 0)
(45.094946 0.0016062928 0)
(44.948958 0.0015275321 0)
(44.804884 0.0014532692 0)
(44.661538 0.0013823005 0)
(44.520189 0.0013154212 0)
(44.379342 0.0012515738 0)
(44.240578 0.0011913618 0)
(44.102084 0.0011337104 0)
(43.965808 0.0010796918 0)
(43.829486 0.0010276148 0)
(43.695595 0.00097936558 0)
(43.56123 0.00093258571 0)
(43.429463 0.00088657867 0)
(43.297874 0.00086681282 0)
(43.16063 0.00075352348 0)
(43.055909 0.00092745095 0)
(42.845245 0.00062252734 0)
(68.450447 0.15686926 0)
(68.495868 0.25042532 0)
(68.587296 0.29121073 0)
(68.675194 0.27601637 0)
(68.72526 0.22952555 0)
(68.734093 0.18591114 0)
(68.721638 0.1650167 0)
(68.711062 0.16396135 0)
(68.712288 0.17062289 0)
(68.723587 0.1767248 0)
(68.73969 0.17986297 0)
(68.75711 0.18072336 0)
(68.770123 0.18051469 0)
(68.763816 0.17946703 0)
(68.695692 0.17711055 0)
(68.495338 0.17175083 0)
(68.063381 0.16268726 0)
(67.38818 0.15082115 0)
(66.529877 0.13641313 0)
(65.602594 0.12154549 0)
(64.686473 0.10795754 0)
(63.82678 0.096507344 0)
(63.000662 0.086765505 0)
(62.225451 0.07815324 0)
(61.508144 0.070607879 0)
(60.839665 0.064047239 0)
(60.215224 0.058179783 0)
(59.631156 0.052964704 0)
(59.083253 0.048407452 0)
(58.568865 0.044362439 0)
(58.083282 0.040729676 0)
(57.62301 0.037418383 0)
(57.185722 0.03443741 0)
(56.768876 0.031793498 0)
(56.370844 0.029398772 0)
(55.990009 0.027202403 0)
(55.625322 0.025192732 0)
(55.274086 0.023391188 0)
(54.935313 0.021749656 0)
(54.608822 0.020226337 0)
(54.294215 0.018827707 0)
(53.98961 0.017566315 0)
(53.694391 0.016408681 0)
(53.408529 0.015328985 0)
(53.13126 0.014334913 0)
(52.861696 0.013426913 0)
(52.599492 0.012583832 0)
(52.344515 0.011798495 0)
(52.095916 0.011076189 0)
(51.853385 0.010406854 0)
(51.616755 0.0097831999 0)
(51.3855 0.0092053516 0)
(51.159319 0.0086663304 0)
(50.938057 0.0081648726 0)
(50.721254 0.0076986782 0)
(50.508826 0.0072599673 0)
(50.300505 0.0068531688 0)
(50.095942 0.0064730229 0)
(49.895134 0.0061142779 0)
(49.697808 0.0057799624 0)
(49.503748 0.005466628 0)
(49.31289 0.0051720587 0)
(49.12499 0.0048950018 0)
(48.940029 0.0046353879 0)
(48.757721 0.0043897614 0)
(48.578196 0.0041588622 0)
(48.401056 0.0039424633 0)
(48.226429 0.0037376104 0)
(48.054044 0.0035449135 0)
(47.883939 0.0033634924 0)
(47.715875 0.0031914432 0)
(47.549994 0.0030294122 0)
(47.385942 0.0028759981 0)
(47.223981 0.00273122 0)
(47.063661 0.0025941345 0)
(46.905343 0.0024648901 0)
(46.748475 0.0023419932 0)
(46.593578 0.0022261365 0)
(46.439938 0.0021159065 0)
(46.288262 0.0020119944 0)
(46.137636 0.001913052 0)
(45.988993 0.0018197759 0)
(45.841186 0.0017306774 0)
(45.695433 0.0016467235 0)
(45.550287 0.0015666009 0)
(45.407268 0.0014910566 0)
(45.264623 0.0014187447 0)
(45.124228 0.0013509875 0)
(44.983893 0.0012857102 0)
(44.846001 0.0012251752 0)
(44.707762 0.0011666408 0)
(44.572071 0.0011087768 0)
(44.436808 0.0010842578 0)
(44.295515 0.00094220005 0)
(44.187696 0.001160823 0)
(43.971305 0.00077674086 0)
(68.457622 0.15519634 0)
(68.500607 0.24561716 0)
(68.588279 0.28562114 0)
(68.673399 0.27198526 0)
(68.722487 0.22796978 0)
(68.731244 0.18603345 0)
(68.718498 0.16554746 0)
(68.706584 0.16418219 0)
(68.705272 0.17043074 0)
(68.712759 0.17628159 0)
(68.723814 0.17929579 0)
(68.735666 0.18003504 0)
(68.74738 0.17956208 0)
(68.758781 0.1785162 0)
(68.766921 0.17704266 0)
(68.762433 0.17504071 0)
(68.718464 0.17242531 0)
(68.581856 0.16807124 0)
(68.275991 0.16094749 0)
(67.751924 0.15118936 0)
(67.040149 0.13903805 0)
(66.223157 0.12544969 0)
(65.380764 0.11249777 0)
(64.560376 0.10117957 0)
(63.770963 0.091393089 0)
(63.012824 0.082681968 0)
(62.302357 0.074798828 0)
(61.635975 0.067890277 0)
(61.009318 0.061795698 0)
(60.423176 0.056389143 0)
(59.873054 0.051596568 0)
(59.354844 0.047273929 0)
(58.865201 0.043407607 0)
(58.402808 0.039985696 0)
(57.964723 0.03689234 0)
(57.547679 0.03407306 0)
(57.149713 0.03150483 0)
(56.76881 0.029205749 0)
(56.403638 0.027118614 0)
(56.052872 0.025189527 0)
(55.715609 0.023429589 0)
(55.389343 0.021842628 0)
(55.073927 0.020378611 0)
(54.76927 0.019016413 0)
(54.474237 0.017768666 0)
(54.187821 0.016628751 0)
(53.909811 0.01556877 0)
(53.639966 0.014585256 0)
(53.377145 0.01368257 0)
(53.121193 0.012844926 0)
(52.871888 0.012066033 0)
(52.628521 0.011345725 0)
(52.390833 0.01067406 0)
(52.15863 0.010049932 0)
(51.931376 0.0094700961 0)
(51.708987 0.0089253293 0)
(51.491129 0.0084205869 0)
(51.277441 0.0079489836 0)
(51.067911 0.0075046933 0)
(50.862194 0.0070910242 0)
(50.660088 0.0067034104 0)
(50.461495 0.0063394152 0)
(50.266149 0.0059973561 0)
(50.074015 0.0056769615 0)
(49.884793 0.0053741448 0)
(49.69859 0.0050896929 0)
(49.514995 0.004823165 0)
(49.334127 0.0045710726 0)
(49.155697 0.0043340848 0)
(48.979732 0.0041110293 0)
(48.805989 0.0038996738 0)
(48.634586 0.0037007042 0)
(48.465177 0.0035124052 0)
(48.297998 0.0033347922 0)
(48.132607 0.0031666933 0)
(47.96934 0.0030082536 0)
(47.807659 0.0028576897 0)
(47.648052 0.0027157786 0)
(47.489831 0.0025808277 0)
(47.333661 0.0024536421 0)
(47.17866 0.0023325915 0)
(47.025716 0.0022184928 0)
(46.873724 0.0021095591 0)
(46.723844 0.0020069282 0)
(46.574683 0.0019090181 0)
(46.427695 0.0018167201 0)
(46.281189 0.0017284032 0)
(46.136968 0.0016456434 0)
(45.992916 0.0015659735 0)
(45.851322 0.0014920199 0)
(45.70951 0.0014207038 0)
(45.570197 0.0013498652 0)
(45.431566 0.0013201555 0)
(45.286559 0.0011470214 0)
(45.175866 0.0014138959 0)
(44.954268 0.00094370807 0)
(68.464889 0.15353257 0)
(68.505503 0.24079044 0)
(68.589366 0.28002623 0)
(68.671554 0.26786777 0)
(68.719804 0.22629494 0)
(68.729255 0.1861158 0)
(68.717386 0.16609361 0)
(68.705553 0.16443376 0)
(68.703515 0.17027678 0)
(68.709712 0.1758911 0)
(68.719203 0.17884642 0)
(68.729031 0.17960304 0)
(68.738386 0.17914075 0)
(68.747492 0.1780549 0)
(68.756358 0.17644554 0)
(68.76442 0.17444924 0)
(68.769665 0.17226779 0)
(68.765821 0.16999242 0)
(68.736157 0.1674332 0)
(68.641403 0.16385061 0)
(68.422549 0.15798978 0)
(68.006955 0.14959538 0)
(67.412053 0.13946247 0)
(66.691522 0.1275791 0)
(65.919798 0.11548583 0)
(65.144392 0.10434895 0)
(64.39681 0.094619552 0)
(63.66174 0.085957258 0)
(62.958816 0.078024958 0)
(62.296464 0.070955393 0)
(61.671504 0.064706955 0)
(61.083819 0.059087209 0)
(60.530757 0.054084831 0)
(60.009494 0.049641584 0)
(59.518466 0.045651834 0)
(59.053812 0.042056381 0)
(58.612694 0.038804306 0)
(58.193714 0.035898817 0)
(57.795049 0.033267454 0)
(57.413957 0.030850603 0)
(57.048649 0.028650485 0)
(56.697751 0.026670412 0)
(56.360053 0.02485037 0)
(56.034755 0.023166197 0)
(55.720216 0.021629558 0)
(55.415363 0.020221831 0)
(55.120205 0.018911119 0)
(54.834267 0.01770131 0)
(54.556089 0.016592896 0)
(54.285745 0.015562059 0)
(54.0229 0.014606336 0)
(53.766613 0.01372437 0)
(53.516725 0.012901873 0)
(53.27297 0.01213877 0)
(53.034712 0.011430492 0)
(52.801885 0.010766082 0)
(52.574066 0.010151061 0)
(52.350887 0.0095765501 0)
(52.132321 0.0090363089 0)
(51.917936 0.008533776 0)
(51.707558 0.0080630328 0)
(51.501038 0.0076215266 0)
(51.298086 0.0072069911 0)
(51.098658 0.0068189045 0)
(50.902426 0.0064525164 0)
(50.709478 0.0061086229 0)
(50.519384 0.0057865016 0)
(50.332255 0.0054820976 0)
(50.147778 0.0051961279 0)
(49.965972 0.0049270574 0)
(49.786588 0.0046723314 0)
(49.609716 0.0044326378 0)
(49.435018 0.0042059204 0)
(49.262702 0.0039921816 0)
(49.092335 0.0037899946 0)
(48.924225 0.0035994861 0)
(48.757846 0.0034185682 0)
(48.593657 0.0032480876 0)
(48.430987 0.0030860568 0)
(48.270468 0.00293339 0)
(48.111243 0.002788157 0)
(47.954158 0.0026512897 0)
(47.798143 0.00252069 0)
(47.644309 0.0023976639 0)
(47.491306 0.0022803471 0)
(47.340533 0.0021697752 0)
(47.19035 0.0020640174 0)
(47.042495 0.001964906 0)
(46.894917 0.0018695736 0)
(46.74982 0.0017809933 0)
(46.604635 0.0016958052 0)
(46.461905 0.0016108031 0)
(46.32011 0.00157542 0)
(46.171622 0.0013688177 0)
(46.058205 0.0016876245 0)
(45.831758 0.0011240452 0)
(68.472246 0.15187279 0)
(68.510521 0.23588707 0)
(68.590498 0.2743593 0)
(68.669735 0.26367699 0)
(68.717063 0.22454678 0)
(68.727296 0.18615666 0)
(68.716637 0.16664175 0)
(68.705394 0.16471731 0)
(68.703206 0.17015456 0)
(68.708803 0.17551322 0)
(68.717571 0.17838801 0)
(68.726579 0.17915625 0)
(68.735033 0.1787396 0)
(68.743073 0.17769479 0)
(68.750858 0.17612291 0)
(68.7582 0.17413058 0)
(68.764877 0.17188901 0)
(68.770511 0.1696051 0)
(68.77393 0.16731112 0)
(68.770753 0.16495442 0)
(68.750033 0.16238342 0)
(68.68185 0.1592655 0)
(68.517712 0.15457393 0)
(68.193721 0.14759164 0)
(67.688959 0.13877003 0)
(67.047958 0.12828912 0)
(66.340094 0.11696845 0)
(65.612052 0.1063037 0)
(64.894623 0.096802627 0)
(64.187916 0.088264467 0)
(63.499808 0.080426291 0)
(62.845891 0.073262801 0)
(62.225052 0.06689798 0)
(61.637266 0.061187053 0)
(61.084109 0.056079311 0)
(60.561766 0.05151152 0)
(60.068138 0.047393551 0)
(59.601017 0.043710162 0)
(59.158698 0.040390131 0)
(58.738323 0.037372036 0)
(58.337198 0.03463872 0)
(57.955129 0.032182268 0)
(57.589635 0.029932108 0)
(57.238894 0.027861241 0)
(56.901334 0.025976158 0)
(56.576036 0.024253818 0)
(56.262027 0.022656885 0)
(55.958396 0.021190951 0)
(55.663391 0.019846492 0)
(55.377395 0.01859318 0)
(55.099855 0.017436094 0)
(54.82958 0.016370296 0)
(54.566565 0.01537564 0)
(54.310421 0.014454812 0)
(54.060394 0.013601095 0)
(53.816453 0.012801351 0)
(53.578065 0.01206192 0)
(53.344855 0.011371427 0)
(53.116771 0.010723415 0)
(52.893286 0.010121214 0)
(52.67426 0.0095573175 0)
(52.459479 0.0090291982 0)
(52.248627 0.0085337651 0)
(52.041654 0.0080702303 0)
(51.838188 0.0076331326 0)
(51.638309 0.0072232193 0)
(51.441554 0.0068394211 0)
(51.248034 0.0064770717 0)
(51.057399 0.0061369196 0)
(50.869669 0.005816987 0)
(50.684576 0.0055144062 0)
(50.502191 0.0052298186 0)
(50.322174 0.0049607996 0)
(50.14471 0.0047073258 0)
(49.969367 0.0044676845 0)
(49.796431 0.0042419677 0)
(49.625383 0.004027765 0)
(49.456652 0.0038259761 0)
(49.289585 0.0036343012 0)
(49.124778 0.0034537579 0)
(48.961397 0.0032820948 0)
(48.800251 0.0031203537 0)
(48.640298 0.0029661099 0)
(48.482605 0.0028208351 0)
(48.325859 0.0026823675 0)
(48.171408 0.0025518854 0)
(48.017658 0.0024271447 0)
(47.866287 0.0023102329 0)
(47.715305 0.0021978773 0)
(47.566833 0.0020933746 0)
(47.418404 0.0019931501 0)
(47.272393 0.0018927131 0)
(47.127567 0.001851123 0)
(46.975761 0.0016085541 0)
(46.859715 0.0019831336 0)
(46.628669 0.0013184722 0)
(68.479649 0.15022152 0)
(68.515656 0.23091359 0)
(68.591764 0.26861768 0)
(68.667958 0.25940485 0)
(68.71428 0.2227175 0)
(68.725267 0.18613714 0)
(68.715905 0.16716078 0)
(68.705458 0.16499619 0)
(68.703379 0.1700386 0)
(68.70868 0.17513968 0)
(68.71703 0.17792664 0)
(68.725587 0.17870345 0)
(68.733579 0.17832521 0)
(68.741131 0.17731941 0)
(68.74838 0.17579294 0)
(68.755195 0.17384681 0)
(68.761466 0.17164982 0)
(68.767143 0.1693862 0)
(68.772227 0.16706961 0)
(68.776361 0.16469005 0)
(68.778645 0.16232438 0)
(68.775956 0.15996052 0)
(68.759915 0.1575269 0)
(68.710015 0.15478468 0)
(68.583903 0.15100293 0)
(68.327726 0.14511218 0)
(67.891025 0.13713619 0)
(67.316807 0.1278831 0)
(66.663826 0.1175518 0)
(65.979548 0.10740529 0)
(65.292391 0.0981173 0)
(64.616458 0.089744627 0)
(63.946433 0.08205135 0)
(63.302333 0.074926316 0)
(62.687825 0.068534868 0)
(62.102982 0.06277805 0)
(61.550121 0.057587455 0)
(61.026965 0.0529468 0)
(60.53261 0.048772379 0)
(60.064761 0.045008948 0)
(59.620378 0.04160844 0)
(59.198704 0.038545764 0)
(58.797438 0.035763492 0)
(58.414301 0.033223329 0)
(58.047799 0.030919005 0)
(57.697084 0.028819253 0)
(57.359943 0.026880757 0)
(57.035153 0.025106937 0)
(56.721477 0.023484843 0)
(56.418282 0.021978356 0)
(56.124584 0.020593825 0)
(55.838977 0.019317799 0)
(55.561681 0.018126077 0)
(55.292071 0.017026168 0)
(55.029297 0.016007277 0)
(54.773384 0.015053945 0)
(54.523631 0.014173901 0)
(54.279682 0.013352346 0)
(54.041444 0.012582997 0)
(53.808275 0.011868758 0)
(53.580091 0.011200265 0)
(53.356581 0.010575212 0)
(53.137411 0.0099893154 0)
(52.922525 0.0094415676 0)
(52.711491 0.0089257206 0)
(52.50439 0.0084423849 0)
(52.300715 0.007990091 0)
(52.100575 0.0075634947 0)
(51.903581 0.0071633549 0)
(51.709754 0.0067871598 0)
(51.518801 0.0064317441 0)
(51.330775 0.0060976378 0)
(51.145332 0.0057820208 0)
(50.962632 0.0054848275 0)
(50.782241 0.0052040225 0)
(50.604425 0.0049396448 0)
(50.428665 0.0046889403 0)
(50.255367 0.0044528419 0)
(50.083885 0.0042287179 0)
(49.914789 0.0040176822 0)
(49.747257 0.0038171385 0)
(49.582069 0.0036282318 0)
(49.418202 0.0034481938 0)
(49.256686 0.0032786584 0)
(49.096238 0.0031171498 0)
(48.938161 0.0029649865 0)
(48.780898 0.0028195962 0)
(48.626076 0.0026833194 0)
(48.471754 0.002552474 0)
(48.319982 0.0024306517 0)
(48.168386 0.002314139 0)
(48.019179 0.0021969011 0)
(47.871406 0.0021485114 0)
(47.716391 0.0018673483 0)
(47.597772 0.0023017351 0)
(47.362296 0.0015278257 0)
(68.48709 0.14858542 0)
(68.52089 0.22588687 0)
(68.593098 0.2628143 0)
(68.666244 0.25505369 0)
(68.711513 0.22079939 0)
(68.723199 0.18604826 0)
(68.71512 0.1676392 0)
(68.70553 0.16525416 0)
(68.703673 0.16991377 0)
(68.708832 0.17476203 0)
(68.716926 0.17746138 0)
(68.725226 0.1782473 0)
(68.732955 0.17790559 0)
(68.740227 0.17693566 0)
(68.747166 0.17544745 0)
(68.753676 0.17354296 0)
(68.759661 0.17139025 0)
(68.765131 0.16916587 0)
(68.770169 0.16688511 0)
(68.774719 0.16453617 0)
(68.778674 0.16217319 0)
(68.781717 0.15977902 0)
(68.783043 0.15746464 0)
(68.78059 0.15526641 0)
(68.767755 0.1530861 0)
(68.730123 0.15059921 0)
(68.630105 0.14734195 0)
(68.418729 0.14237617 0)
(68.044425 0.13531786 0)
(67.523178 0.12686325 0)
(66.914104 0.11735847 0)
(66.268462 0.10768587 0)
(65.61067 0.098687053 0)
(64.962101 0.090568826 0)
(64.312391 0.083076165 0)
(63.67945 0.076062744 0)
(63.072363 0.069668238 0)
(62.491819 0.063903712 0)
(61.941118 0.05869253 0)
(61.419515 0.054014164 0)
(60.924976 0.049790536 0)
(60.456775 0.045986756 0)
(60.012641 0.042552276 0)
(59.590591 0.03943249 0)
(59.188563 0.036604979 0)
(58.805476 0.034036265 0)
(58.439035 0.031684564 0)
(58.087766 0.029542155 0)
(57.750996 0.027588649 0)
(57.426805 0.025781368 0)
(57.113887 0.024125013 0)
(56.811298 0.022603229 0)
(56.518317 0.021188374 0)
(56.233917 0.019886128 0)
(55.957188 0.018678688 0)
(55.688252 0.017550744 0)
(55.426143 0.016511585 0)
(55.170574 0.015541371 0)
(54.92139 0.014635039 0)
(54.677803 0.013794589 0)
(54.439814 0.013008319 0)
(54.206977 0.012274539 0)
(53.978952 0.01158723 0)
(53.755676 0.010945307 0)
(53.536632 0.010341601 0)
(53.321921 0.0097764576 0)
(53.110969 0.0092479825 0)
(52.903893 0.0087500515 0)
(52.700253 0.0082834052 0)
(52.500078 0.0078448967 0)
(52.303037 0.0074310855 0)
(52.109171 0.0070423017 0)
(51.918124 0.0066753085 0)
(51.730033 0.0063299732 0)
(51.544459 0.0060038948 0)
(51.361646 0.0056970401 0)
(51.181073 0.0054062837 0)
(51.003123 0.0051325704 0)
(50.827156 0.0048729138 0)
(50.653715 0.0046285151 0)
(50.481986 0.0043964056 0)
(50.312724 0.0041778263 0)
(50.144917 0.0039696458 0)
(49.979569 0.0037736562 0)
(49.815411 0.0035870483 0)
(49.653715 0.0034112777 0)
(49.492947 0.0032434284 0)
(49.334696 0.0030860891 0)
(49.177057 0.002935166 0)
(49.02202 0.0027945108 0)
(48.86729 0.0026603582 0)
(48.714934 0.0025248453 0)
(48.564256 0.0024689976 0)
(48.4061 0.0021464614 0)
(48.284935 0.0026449146 0)
(48.045136 0.0017530508 0)
(68.494547 0.1469698 0)
(68.526215 0.22082131 0)
(68.594546 0.25695971 0)
(68.664598 0.25062853 0)
(68.708763 0.21878998 0)
(68.721109 0.18588529 0)
(68.714307 0.16807311 0)
(68.705591 0.1654864 0)
(68.703997 0.16977383 0)
(68.709069 0.17437297 0)
(68.716988 0.17698509 0)
(68.72512 0.17778005 0)
(68.732699 0.17747648 0)
(68.739814 0.17654432 0)
(68.746573 0.17509488 0)
(68.75289 0.17322978 0)
(68.758682 0.17111493 0)
(68.763983 0.16892364 0)
(68.768893 0.1666765 0)
(68.773419 0.16436376 0)
(68.777524 0.16203088 0)
(68.781135 0.15966845 0)
(68.784128 0.15737378 0)
(68.786325 0.15516988 0)
(68.787055 0.15302983 0)
(68.784812 0.15094932 0)
(68.77424 0.14889476 0)
(68.743361 0.1466203 0)
(68.662406 0.14374734 0)
(68.48386 0.13951483 0)
(68.157878 0.13322695 0)
(67.677522 0.12533558 0)
(67.104824 0.11653198 0)
(66.492519 0.10737065 0)
(65.863256 0.098756556 0)
(65.235598 0.090878367 0)
(64.607127 0.083557766 0)
(63.987551 0.076693949 0)
(63.389661 0.070362366 0)
(62.815589 0.064635769 0)
(62.268397 0.059426622 0)
(61.749139 0.054737366 0)
(61.256212 0.050506688 0)
(60.789147 0.046675476 0)
(60.345416 0.043212408 0)
(59.923931 0.040073919 0)
(59.522475 0.037219084 0)
(59.139273 0.034621552 0)
(58.773315 0.032257376 0)
(58.42268 0.030088143 0)
(58.085852 0.028107795 0)
(57.762391 0.026294409 0)
(57.450369 0.024614746 0)
(57.148718 0.023072759 0)
(56.856583 0.021647362 0)
(56.573358 0.020322935 0)
(56.297688 0.019103621 0)
(56.029432 0.017964113 0)
(55.768344 0.016902984 0)
(55.513445 0.015920032 0)
(55.264859 0.015000663 0)
(55.021964 0.014144649 0)
(54.784426 0.013343332 0)
(54.552168 0.012595845 0)
(54.324563 0.011893884 0)
(54.101755 0.011237376 0)
(53.883077 0.010624013 0)
(53.668663 0.010046735 0)
(53.458007 0.0095062217 0)
(53.251156 0.008998587 0)
(53.047727 0.0085201437 0)
(52.847752 0.0080708984 0)
(52.650859 0.0076471903 0)
(52.457161 0.0072487816 0)
(52.266207 0.0068728558 0)
(52.078225 0.0065192872 0)
(51.892684 0.0061845443 0)
(51.709949 0.0058695598 0)
(51.529374 0.0055709661 0)
(51.351485 0.0052900411 0)
(51.175467 0.0050234113 0)
(51.002056 0.0047724064 0)
(50.830242 0.004533508 0)
(50.661009 0.0043086629 0)
(50.493093 0.0040947056 0)
(50.327748 0.0038932256 0)
(50.163445 0.0037009455 0)
(50.001751 0.0035206957 0)
(49.84078 0.003347969 0)
(49.682479 0.0031868366 0)
(49.524616 0.0030335789 0)
(49.369124 0.0028781956 0)
(49.21555 0.0028141566 0)
(49.05429 0.0024472966 0)
(48.93058 0.003014328 0)
(48.686513 0.0019951987 0)
(68.502002 0.14537949 0)
(68.531626 0.2157323 0)
(68.59609 0.25106376 0)
(68.663028 0.24613449 0)
(68.706046 0.21668826 0)
(68.719006 0.18564281 0)
(68.713455 0.16845773 0)
(68.705623 0.16568952 0)
(68.704309 0.1696152 0)
(68.709323 0.17396823 0)
(68.717098 0.17649221 0)
(68.725111 0.17729538 0)
(68.732598 0.17703146 0)
(68.739624 0.17613986 0)
(68.746279 0.17473207 0)
(68.752485 0.17290856 0)
(68.758156 0.17083202 0)
(68.763337 0.16867183 0)
(68.768132 0.1664532 0)
(68.772575 0.16416891 0)
(68.776656 0.16186428 0)
(68.780347 0.15953558 0)
(68.783607 0.15727002 0)
(68.786443 0.15509052 0)
(68.788776 0.15296972 0)
(68.790421 0.15090345 0)
(68.790751 0.14886031 0)
(68.788418 0.14687588 0)
(68.779207 0.14496207 0)
(68.75282 0.14293367 0)
(68.685291 0.14035882 0)
(68.529779 0.1366125 0)
(68.238722 0.13093049 0)
(67.791557 0.12352287 0)
(67.248706 0.11530588 0)
(66.663552 0.10665975 0)
(66.059457 0.098368791 0)
(65.451665 0.090714065 0)
(64.843503 0.083601397 0)
(64.237837 0.076912379 0)
(63.650329 0.070672931 0)
(63.083531 0.065008929 0)
(62.541048 0.059839384 0)
(62.02545 0.055161759 0)
(61.534889 0.050933149 0)
(61.069661 0.047104403 0)
(60.627554 0.043638315 0)
(60.207079 0.040489184 0)
(59.806659 0.037631129 0)
(59.424597 0.035023775 0)
(59.059082 0.032646337 0)
(58.709393 0.030474523 0)
(58.373568 0.028477988 0)
(58.050606 0.026651686 0)
(57.739687 0.024969451 0)
(57.439218 0.023411827 0)
(57.148199 0.021981226 0)
(56.865996 0.020649017 0)
(56.591855 0.019414254 0)
(56.32457 0.018269664 0)
(56.064443 0.017199579 0)
(55.810613 0.016205931 0)
(55.562775 0.01527602 0)
(55.320814 0.014409875 0)
(55.083988 0.013597766 0)
(54.852494 0.012838933 0)
(54.625541 0.012130773 0)
(54.403297 0.01146503 0)
(54.185173 0.010842293 0)
(53.971242 0.01025783 0)
(53.761047 0.0097077291 0)
(53.55463 0.0091915042 0)
(53.351582 0.0087050927 0)
(53.152 0.0082480873 0)
(52.955414 0.0078172021 0)
(52.762038 0.0074121958 0)
(52.571321 0.0070290878 0)
(52.383618 0.0066687712 0)
(52.198268 0.0063274671 0)
(52.015785 0.0060065163 0)
(51.835341 0.0057021033 0)
(51.657666 0.0054156382 0)
(51.481738 0.0051431874 0)
(51.308532 0.0048868492 0)
(51.136775 0.0046430745 0)
(50.967714 0.0044135827 0)
(50.799813 0.0041947159 0)
(50.634631 0.0039895368 0)
(50.470282 0.0037931247 0)
(50.30869 0.0036097229 0)
(50.147661 0.0034357667 0)
(49.989021 0.0032587813 0)
(49.832532 0.0031857346 0)
(49.668174 0.002771406 0)
(49.5419 0.0034118076 0)
(49.293582 0.002255431 0)
(68.509442 0.14381859 0)
(68.537104 0.21063699 0)
(68.59774 0.2451357 0)
(68.661548 0.24157799 0)
(68.703375 0.21449351 0)
(68.716902 0.18531492 0)
(68.712587 0.16878749 0)
(68.705642 0.16585976 0)
(68.704621 0.16943517 0)
(68.70958 0.17354557 0)
(68.71722 0.17598005 0)
(68.725127 0.17679017 0)
(68.732546 0.17656651 0)
(68.739517 0.17571765 0)
(68.746117 0.17435417 0)
(68.752261 0.1725751 0)
(68.757868 0.17053948 0)
(68.762976 0.16841211 0)
(68.767691 0.16622224 0)
(68.772058 0.16396457 0)
(68.77608 0.16168459 0)
(68.779747 0.1593821 0)
(68.783051 0.15714022 0)
(68.786031 0.1549848 0)
(68.788695 0.1528904 0)
(68.791006 0.15084727 0)
(68.792836 0.14882399 0)
(68.793982 0.14686135 0)
(68.793905 0.14496825 0)
(68.791443 0.1431375 0)
(68.783161 0.14134732 0)
(68.759824 0.13947544 0)
(68.700899 0.13711144 0)
(68.561565 0.13371962 0)
(68.294003 0.12857006 0)
(67.876043 0.12163342 0)
(67.356048 0.11377476 0)
(66.792422 0.10555615 0)
(66.210037 0.097594027 0)
(65.620157 0.090176416 0)
(65.031393 0.083280632 0)
(64.439453 0.076777255 0)
(63.86233 0.07065947 0)
(63.303383 0.065074103 0)
(62.766439 0.059956618 0)
(62.255051 0.055317914 0)
(61.767861 0.051117726 0)
(61.305225 0.047304399 0)
(60.865257 0.043853614 0)
(60.446812 0.040715498 0)
(60.047892 0.037860847 0)
(59.667367 0.035260077 0)
(59.303422 0.032881394 0)
(58.954741 0.030708072 0)
(58.620365 0.028713984 0)
(58.298504 0.026879343 0)
(57.988682 0.025199471 0)
(57.689612 0.023641021 0)
(57.400016 0.022201111 0)
(57.119075 0.020869676 0)
(56.846298 0.019630597 0)
(56.580487 0.018481898 0)
(56.32142 0.01740647 0)
(56.068899 0.016406791 0)
(55.822075 0.015470852 0)
(55.58119 0.014597073 0)
(55.345306 0.013782822 0)
(55.114649 0.013018144 0)
(54.888514 0.012303663 0)
(54.667017 0.011633632 0)
(54.449604 0.011003906 0)
(54.236339 0.010413325 0)
(54.026761 0.0098574664 0)
(53.820958 0.0093356499 0)
(53.618428 0.0088440696 0)
(53.419379 0.0083823379 0)
(53.223226 0.0079459734 0)
(53.030325 0.0075357963 0)
(52.839985 0.0071475843 0)
(52.652719 0.0067827225 0)
(52.467674 0.0064369092 0)
(52.285582 0.0061116278 0)
(52.105394 0.005802494 0)
(51.928093 0.0055117559 0)
(51.752376 0.0052354472 0)
(51.579504 0.0049754141 0)
(51.40791 0.0047275958 0)
(51.239165 0.0044952758 0)
(51.071363 0.0042731204 0)
(50.906423 0.0040654906 0)
(50.742171 0.0038690976 0)
(50.580345 0.0036686255 0)
(50.420896 0.0035856606 0)
(50.253422 0.0031205017 0)
(50.124548 0.0038393741 0)
(49.871955 0.0025350266 0)
(68.516842 0.14228938 0)
(68.542647 0.20555414 0)
(68.59951 0.23918701 0)
(68.66017 0.23696523 0)
(68.700755 0.21220524 0)
(68.714796 0.18489566 0)
(68.711685 0.16905652 0)
(68.705635 0.16599336 0)
(68.704919 0.16923121 0)
(68.709836 0.17310329 0)
(68.717348 0.17544736 0)
(68.725154 0.17626271 0)
(68.732511 0.17607944 0)
(68.739439 0.17527497 0)
(68.745999 0.173958 0)
(68.752109 0.17222588 0)
(68.757684 0.17023369 0)
(68.762758 0.16814152 0)
(68.76743 0.16598236 0)
(68.771747 0.16375283 0)
(68.77572 0.16149754 0)
(68.779346 0.15921938 0)
(68.782631 0.15699809 0)
(68.785629 0.15486141 0)
(68.788376 0.15278626 0)
(68.790869 0.15076273 0)
(68.79306 0.14876438 0)
(68.794886 0.14682568 0)
(68.796245 0.14495194 0)
(68.796988 0.1431396 0)
(68.796613 0.14138046 0)
(68.794031 0.13965011 0)
(68.786238 0.13795241 0)
(68.764863 0.13622203 0)
(68.710823 0.13406422 0)
(68.582919 0.1309158 0)
(68.331763 0.12612972 0)
(67.934631 0.11956743 0)
(67.431826 0.11201618 0)
(66.88564 0.10416139 0)
(66.322418 0.096501122 0)
(65.749113 0.089336149 0)
(65.177556 0.082667948 0)
(64.598753 0.076344021 0)
(64.032004 0.070354964 0)
(63.481045 0.064869381 0)
(62.950265 0.059827517 0)
(62.443734 0.055241887 0)
(61.960483 0.051086321 0)
(61.501275 0.0473099 0)
(61.06419 0.043884409 0)
(60.648302 0.040769325 0)
(60.251853 0.037931706 0)
(59.873295 0.035343805 0)
(59.51141 0.032978619 0)
(59.164422 0.030810627 0)
(58.831572 0.028826952 0)
(58.511554 0.026997911 0)
(58.202951 0.025315936 0)
(57.905439 0.023765683 0)
(57.617482 0.022327443 0)
(57.338134 0.020998259 0)
(57.066751 0.019758246 0)
(56.802666 0.018609041 0)
(56.544924 0.017533273 0)
(56.293825 0.016530238 0)
(56.048235 0.015597006 0)
(55.808477 0.014721294 0)
(55.573695 0.013904227 0)
(55.344053 0.013138613 0)
(55.11889 0.012420193 0)
(54.898295 0.011746886 0)
(54.681743 0.011113939 0)
(54.469316 0.010520291 0)
(54.26047 0.0099615524 0)
(54.055411 0.0094371538 0)
(53.85351 0.0089420482 0)
(53.655132 0.0084769405 0)
(53.45954 0.0080371358 0)
(53.26726 0.0076240323 0)
(53.077395 0.0072327959 0)
(52.890694 0.0068649735 0)
(52.706064 0.0065156874 0)
(52.524511 0.0061873354 0)
(52.344683 0.0058754933 0)
(52.167873 0.0055821318 0)
(51.992459 0.0053027601 0)
(51.82005 0.0050408691 0)
(51.648692 0.0047907131 0)
(51.480326 0.0045567089 0)
(51.312765 0.0043359774 0)
(51.147692 0.0041099625 0)
(50.985215 0.0040160635 0)
(50.814585 0.0034964695 0)
(50.683053 0.0042992516 0)
(50.426134 0.0028353913 0)
(68.524192 0.14079227 0)
(68.548232 0.20050306 0)
(68.601384 0.2332298 0)
(68.658901 0.23230297 0)
(68.698207 0.2098236 0)
(68.712708 0.18437939 0)
(68.710773 0.16925879 0)
(68.705613 0.16608627 0)
(68.705214 0.16900066 0)
(68.710093 0.17263985 0)
(68.717477 0.17489298 0)
(68.725181 0.17571194 0)
(68.732478 0.17556893 0)
(68.739365 0.17481014 0)
(68.745895 0.17354162 0)
(68.751981 0.1718587 0)
(68.75754 0.16991219 0)
(68.762598 0.16785746 0)
(68.767252 0.16573105 0)
(68.771544 0.16353157 0)
(68.775489 0.16130245 0)
(68.779085 0.15904967 0)
(68.782346 0.15684913 0)
(68.785329 0.15472979 0)
(68.788081 0.15267048 0)
(68.790618 0.15066231 0)
(68.792916 0.14868186 0)
(68.794948 0.14676102 0)
(68.796691 0.14490761 0)
(68.79812 0.14311769 0)
(68.79913 0.14137868 0)
(68.799546 0.13966552 0)
(68.798884 0.13800496 0)
(68.796124 0.13639207 0)
(68.788473 0.13480892 0)
(68.768215 0.13317772 0)
(68.717083 0.1311629 0)
(68.59622 0.12819396 0)
(68.354692 0.12367601 0)
(67.971025 0.11738134 0)
(67.480406 0.11005804 0)
(66.948843 0.10253516 0)
(66.402264 0.095175849 0)
(65.844062 0.088254261 0)
(65.287678 0.08179945 0)
(64.721218 0.075659153 0)
(64.164326 0.069813098 0)
(63.621444 0.064432883 0)
(63.097297 0.059479806 0)
(62.596291 0.054966945 0)
(62.117741 0.050866777 0)
(61.662581 0.047137914 0)
(61.229213 0.04375187 0)
(60.816505 0.040668976 0)
(60.423025 0.037861491 0)
(60.047091 0.035295592 0)
(59.687501 0.032951805 0)
(59.342955 0.030801306 0)
(59.01192 0.028827867 0)
(58.693871 0.027012917 0)
(58.387186 0.025339462 0)
(58.091364 0.023798795 0)
(57.805184 0.022366379 0)
(57.527647 0.021042349 0)
(57.257912 0.019806875 0)
(56.995639 0.018659807 0)
(56.739435 0.01759255 0)
(56.489778 0.016591975 0)
(56.245602 0.01566 0)
(56.007137 0.014787291 0)
(55.773608 0.013969831 0)
(55.545114 0.013204237 0)
(55.321067 0.012485509 0)
(55.101541 0.011812062 0)
(54.885943 0.011178848 0)
(54.674479 0.010585088 0)
(54.46646 0.010025058 0)
(54.262274 0.0094993243 0)
(54.06112 0.0090026804 0)
(53.863549 0.0085364893 0)
(53.668602 0.0080953411 0)
(53.477062 0.0076808288 0)
(53.287769 0.0072875341 0)
(53.101775 0.0069180032 0)
(52.917648 0.0065673054 0)
(52.736744 0.0062375349 0)
(52.557353 0.0059237385 0)
(52.381152 0.0056295985 0)
(52.206104 0.0053489589 0)
(52.034209 0.0050862221 0)
(51.86323 0.0048390657 0)
(51.694829 0.0045852593 0)
(51.52923 0.0044792919 0)
(51.355383 0.0039013862 0)
(51.221121 0.0047938872 0)
(50.95979 0.0031580691 0)
(68.531469 0.13932601 0)
(68.553854 0.19550349 0)
(68.603392 0.22727807 0)
(68.65776 0.22759817 0)
(68.695736 0.20734922 0)
(68.710634 0.18376076 0)
(68.709833 0.16938815 0)
(68.705565 0.16613436 0)
(68.705495 0.16874078 0)
(68.710348 0.17215339 0)
(68.717611 0.17431585 0)
(68.725214 0.17513685 0)
(68.732447 0.17503384 0)
(68.739293 0.17432195 0)
(68.74579 0.17310371 0)
(68.751856 0.17147205 0)
(68.757404 0.16957337 0)
(68.762458 0.16755818 0)
(68.767105 0.16546648 0)
(68.771389 0.16329891 0)
(68.775321 0.16109766 0)
(68.778904 0.15887174 0)
(68.78215 0.15669312 0)
(68.785119 0.15459171 0)
(68.787861 0.15254826 0)
(68.790397 0.15055444 0)
(68.792718 0.14858873 0)
(68.794812 0.14668159 0)
(68.796681 0.14484256 0)
(68.79833 0.14306822 0)
(68.799735 0.14134655 0)
(68.800843 0.13965521 0)
(68.801528 0.13801557 0)
(68.801629 0.13641883 0)
(68.800699 0.13487255 0)
(68.797737 0.13335669 0)
(68.790035 0.13185564 0)
(68.770252 0.13030927 0)
(68.720294 0.12841671 0)
(68.602632 0.12555966 0)
(68.364719 0.12119902 0)
(67.987985 0.11509906 0)
(67.505875 0.10797258 0)
(66.986645 0.10073384 0)
(66.454416 0.093652127 0)
(65.909889 0.086981979 0)
(65.365999 0.080730065 0)
(64.811093 0.074756812 0)
(64.263977 0.069058708 0)
(63.729308 0.063798967 0)
(63.212248 0.058942793 0)
(62.717265 0.054512142 0)
(62.244085 0.050481221 0)
(61.793547 0.046810725 0)
(61.36437 0.043476775 0)
(60.955436 0.040436309 0)
(60.56529 0.037665941 0)
(60.192608 0.035133191 0)
(59.835779 0.032814318 0)
(59.493858 0.030687625 0)
(59.165326 0.028733781 0)
(58.849486 0.026937873 0)
(58.545063 0.025277136 0)
(58.251106 0.023748264 0)
(57.96694 0.022327218 0)
(57.691381 0.021011119 0)
(57.423504 0.019789838 0)
(57.163024 0.018650156 0)
(56.908582 0.017589285 0)
(56.66051 0.016596295 0)
(56.417894 0.015668029 0)
(56.180841 0.014799216 0)
(55.948698 0.01398478 0)
(55.721517 0.013222455 0)
(55.498662 0.012506447 0)
(55.280326 0.011835729 0)
(55.065763 0.011203781 0)
(54.855381 0.010611017 0)
(54.648301 0.010051622 0)
(54.445114 0.009526905 0)
(54.244777 0.0090308185 0)
(54.048129 0.0085649789 0)
(53.85391 0.0081233763 0)
(53.663249 0.007708697 0)
(53.474601 0.007315454 0)
(53.289415 0.006945858 0)
(53.105857 0.0065944592 0)
(52.92571 0.0062651108 0)
(52.746812 0.0059512487 0)
(52.571261 0.0056571812 0)
(52.396725 0.0053813046 0)
(52.224895 0.0050972411 0)
(52.056059 0.0049779371 0)
(51.878911 0.0043375396 0)
(51.741828 0.0053259733 0)
(51.475973 0.0035047557 0)
(68.538664 0.13788757 0)
(68.55949 0.19057469 0)
(68.605503 0.22134687 0)
(68.656749 0.22285825 0)
(68.693362 0.2047835 0)
(68.708596 0.18303494 0)
(68.708889 0.16943829 0)
(68.705502 0.16613322 0)
(68.70577 0.16844857 0)
(68.710604 0.17164206 0)
(68.717744 0.17371472 0)
(68.725248 0.17453646 0)
(68.732417 0.17447319 0)
(68.73922 0.17380935 0)
(68.745686 0.17264311 0)
(68.75173 0.17106476 0)
(68.757269 0.16921596 0)
(68.762319 0.16724241 0)
(68.766964 0.16518732 0)
(68.771246 0.1630535 0)
(68.775176 0.16088184 0)
(68.778756 0.15868426 0)
(68.782 0.15652893 0)
(68.784964 0.15444651 0)
(68.787698 0.15241981 0)
(68.790227 0.15044075 0)
(68.792548 0.14848965 0)
(68.794654 0.14659539 0)
(68.796559 0.1447682 0)
(68.798281 0.14300503 0)
(68.799823 0.14129528 0)
(68.80116 0.13961875 0)
(68.802249 0.13799486 0)
(68.803045 0.13641782 0)
(68.80345 0.13489248 0)
(68.803287 0.13339387 0)
(68.802104 0.13192727 0)
(68.798893 0.13049919 0)
(68.79097 0.1290877 0)
(68.771102 0.12760805 0)
(68.720778 0.12579093 0)
(68.602647 0.12299887 0)
(68.363165 0.11872443 0)
(67.987959 0.11274107 0)
(67.511592 0.10577462 0)
(67.002891 0.098803458 0)
(66.482794 0.09199116 0)
(65.950283 0.085545327 0)
(65.417555 0.079483166 0)
(64.873125 0.073676101 0)
(64.335536 0.068124418 0)
(63.809037 0.062990859 0)
(63.299249 0.058243379 0)
(62.810549 0.053904462 0)
(62.343097 0.049954052 0)
(61.89769 0.046351812 0)
(61.473135 0.043076151 0)
(61.068503 0.040088295 0)
(60.68224 0.037360524 0)
(60.313094 0.034866018 0)
(59.959576 0.032580592 0)
(59.620637 0.030484486 0)
(59.295002 0.028554256 0)
(58.981591 0.026780351 0)
(58.679656 0.025137815 0)
(58.387837 0.023623688 0)
(58.105889 0.022223456 0)
(57.832506 0.020921029 0)
(57.566618 0.019711848 0)
(57.308039 0.01858434 0)
(57.055498 0.017532177 0)
(56.809124 0.016547618 0)
(56.568186 0.015626209 0)
(56.332709 0.014764641 0)
(56.102013 0.01395634 0)
(55.876263 0.013200029 0)
(55.654667 0.012488217 0)
(55.437634 0.011821162 0)
(55.224211 0.011192337 0)
(55.01503 0.010602982 0)
(54.808946 0.010046294 0)
(54.606873 0.009523937 0)
(54.407423 0.0090292098 0)
(54.211832 0.0085649503 0)
(54.018402 0.0081250522 0)
(53.828714 0.0077118283 0)
(53.640766 0.007319302 0)
(53.456491 0.0069514628 0)
(53.27355 0.0066013498 0)
(53.094193 0.0062730811 0)
(52.915937 0.005965952 0)
(52.740554 0.0056489214 0)
(52.568339 0.0055148623 0)
(52.387788 0.0048074523 0)
(52.247776 0.0058984746 0)
(51.977254 0.0038773139 0)
(68.545757 0.13647266 0)
(68.56513 0.18573506 0)
(68.607749 0.21545274 0)
(68.655894 0.21809131 0)
(68.691094 0.20212823 0)
(68.706595 0.18219759 0)
(68.707929 0.16940292 0)
(68.705415 0.16607834 0)
(68.706031 0.16812101 0)
(68.710857 0.1711037 0)
(68.717884 0.17308832 0)
(68.725287 0.17390973 0)
(68.732389 0.17388591 0)
(68.739147 0.17327128 0)
(68.745578 0.17215878 0)
(68.751599 0.17063574 0)
(68.757128 0.16883892 0)
(68.762177 0.16690909 0)
(68.766821 0.16489252 0)
(68.771104 0.16279427 0)
(68.775036 0.16065391 0)
(68.778619 0.15848619 0)
(68.781867 0.15635555 0)
(68.784832 0.15429334 0)
(68.787566 0.15228441 0)
(68.790093 0.15032096 0)
(68.792411 0.14838514 0)
(68.794517 0.14650407 0)
(68.79643 0.14468847 0)
(68.798173 0.14293561 0)
(68.799757 0.14123566 0)
(68.801175 0.13956962 0)
(68.802407 0.13795634 0)
(68.803442 0.13639223 0)
(68.804255 0.1348811 0)
(68.804799 0.13340059 0)
(68.804956 0.13195479 0)
(68.804537 0.13054511 0)
(68.803103 0.12916605 0)
(68.799627 0.12781202 0)
(68.791315 0.12646819 0)
(68.770776 0.12505048 0)
(68.718585 0.12328467 0)
(68.596549 0.12049871 0)
(68.350936 0.11623425 0)
(67.972792 0.11032861 0)
(67.500837 0.10351904 0)
(67.000828 0.096768859 0)
(66.491003 0.090203243 0)
(65.968888 0.083970945 0)
(65.446361 0.078089481 0)
(64.91138 0.072446496 0)
(64.382419 0.06704483 0)
(63.863822 0.062038309 0)
(63.361405 0.057407344 0)
(62.879303 0.053167753 0)
(62.417986 0.049302981 0)
(61.978145 0.04577793 0)
(61.558753 0.042566543 0)
(61.158781 0.03963638 0)
(60.776839 0.036959082 0)
(60.411624 0.034509894 0)
(60.061809 0.032262235 0)
(59.726129 0.030200538 0)
(59.403619 0.02829895 0)
(59.092913 0.026549783 0)
(58.793653 0.024934885 0)
(58.504465 0.023441795 0)
(58.224768 0.022060488 0)
(57.95366 0.020776315 0)
(57.689913 0.019581433 0)
(57.433343 0.018467029 0)
(57.182804 0.017426308 0)
(56.938292 0.016453615 0)
(56.69908 0.015542263 0)
(56.465293 0.014690511 0)
(56.2361 0.013889763 0)
(56.011889 0.013140186 0)
(55.79165 0.012434351 0)
(55.57603 0.011773435 0)
(55.363795 0.011149756 0)
(55.155927 0.01056505 0)
(54.950898 0.010011776 0)
(54.750071 0.0094929868 0)
(54.551555 0.0090018272 0)
(54.357114 0.0085407371 0)
(54.164513 0.008103158 0)
(53.975899 0.0076931761 0)
(53.78869 0.0073034552 0)
(53.605352 0.0069378038 0)
(53.423181 0.0065966218 0)
(53.244103 0.0062436374 0)
(53.06834 0.0060932345 0)
(52.884265 0.0053139094 0)
(52.741194 0.0065146599 0)
(52.465837 0.0042777911 0)
(68.552743 0.13507614 0)
(68.570757 0.18100138 0)
(68.6101 0.20961322 0)
(68.655189 0.21330602 0)
(68.688948 0.199386 0)
(68.704649 0.18124517 0)
(68.706973 0.16927567 0)
(68.705313 0.16596495 0)
(68.706284 0.16775489 0)
(68.711109 0.17053618 0)
(68.718023 0.17243518 0)
(68.725327 0.17325557 0)
(68.732363 0.17327094 0)
(68.739073 0.17270665 0)
(68.745469 0.17164962 0)
(68.751467 0.17018394 0)
(68.756984 0.16844119 0)
(68.762029 0.16655725 0)
(68.766673 0.16458116 0)
(68.770957 0.16252033 0)
(68.774892 0.16041301 0)
(68.77848 0.15827665 0)
(68.781735 0.15617213 0)
(68.784708 0.1541314 0)
(68.787446 0.15214134 0)
(68.789974 0.15019449 0)
(68.792294 0.14827478 0)
(68.794402 0.14640757 0)
(68.796317 0.14460403 0)
(68.798064 0.14286169 0)
(68.799661 0.14117128 0)
(68.801103 0.13951484 0)
(68.802384 0.13791031 0)
(68.803504 0.13635503 0)
(68.804465 0.1348528 0)
(68.805253 0.13338396 0)
(68.805826 0.13195187 0)
(68.806129 0.13055873 0)
(68.806057 0.12919972 0)
(68.805416 0.12786503 0)
(68.803734 0.12655314 0)
(68.799945 0.12527171 0)
(68.791064 0.12399499 0)
(68.769255 0.12261784 0)
(68.713648 0.12086335 0)
(68.584276 0.11804766 0)
(68.328609 0.11374076 0)
(67.944385 0.10785882 0)
(67.475144 0.10119311 0)
(66.982487 0.094653657 0)
(66.481611 0.088310124 0)
(65.968809 0.082291294 0)
(65.454389 0.076581783 0)
(64.928193 0.071091413 0)
(64.407392 0.065841814 0)
(63.896622 0.060964033 0)
(63.401773 0.056452446 0)
(62.926527 0.052319086 0)
(62.471769 0.048545321 0)
(62.037829 0.045102753 0)
(61.623961 0.041962831 0)
(61.229015 0.039096983 0)
(60.851764 0.036474616 0)
(60.490792 0.034075163 0)
(60.144911 0.031870027 0)
(59.81274 0.029845391 0)
(59.493527 0.027980438 0)
(59.186038 0.02626215 0)
(58.889563 0.024675241 0)
(58.603123 0.023207239 0)
(58.325843 0.021846821 0)
(58.057116 0.020581705 0)
(57.795648 0.019403502 0)
(57.541253 0.018305966 0)
(57.292748 0.017279888 0)
(57.050209 0.016321413 0)
(56.812769 0.015421459 0)
(56.580777 0.01457999 0)
(56.353175 0.0137885 0)
(56.130606 0.013048183 0)
(55.911762 0.012350266 0)
(55.697667 0.011696619 0)
(55.486668 0.011078683 0)
(55.280245 0.01049981 0)
(55.076303 0.0099522096 0)
(54.876812 0.0094385272 0)
(54.679259 0.0089514965 0)
(54.486064 0.0084953068 0)
(54.294326 0.0080622397 0)
(54.106807 0.0076556721 0)
(53.920493 0.0072773301 0)
(53.737554 0.0068850908 0)
(53.558048 0.0067165636 0)
(53.370305 0.0058599895 0)
(53.224027 0.0071781368 0)
(52.943636 0.0047084417 0)
(68.559603 0.13369258 0)
(68.576356 0.17638849 0)
(68.612578 0.20384675 0)
(68.654661 0.20851202 0)
(68.686936 0.19655995 0)
(68.702762 0.18017487 0)
(68.706014 0.16905026 0)
(68.70519 0.16578825 0)
(68.706523 0.16734695 0)
(68.711359 0.16993706 0)
(68.718168 0.1717538 0)
(68.725373 0.17257286 0)
(68.73234 0.17262718 0)
(68.739001 0.17211434 0)
(68.745358 0.17111453 0)
(68.75133 0.16970823 0)
(68.756835 0.16802173 0)
(68.761877 0.16618589 0)
(68.76652 0.1642523 0)
(68.770805 0.1622308 0)
(68.774743 0.16015832 0)
(68.778337 0.15805486 0)
(68.781601 0.15597796 0)
(68.784581 0.15395998 0)
(68.787326 0.15198995 0)
(68.78986 0.15006074 0)
(68.792184 0.14815806 0)
(68.794296 0.14630553 0)
(68.796214 0.14451471 0)
(68.797965 0.14278342 0)
(68.799566 0.14110288 0)
(68.801016 0.13945619 0)
(68.802311 0.13786014 0)
(68.80346 0.13631277 0)
(68.804472 0.13481768 0)
(68.805348 0.13335666 0)
(68.806072 0.13193286 0)
(68.806624 0.13054994 0)
(68.806978 0.12920373 0)
(68.807076 0.12788448 0)
(68.8068 0.12659219 0)
(68.805947 0.12533049 0)
(68.804019 0.12408668 0)
(68.799873 0.12286089 0)
(68.790207 0.12163554 0)
(68.766451 0.12029385 0)
(68.705669 0.11852117 0)
(68.565766 0.11562607 0)
(68.29625 0.11123179 0)
(67.903543 0.10534074 0)
(67.435693 0.098800644 0)
(66.949694 0.092479319 0)
(66.456498 0.086350528 0)
(65.95203 0.080527992 0)
(65.444302 0.074977913 0)
(64.926341 0.069631062 0)
(64.413386 0.06453217 0)
(63.910342 0.059786141 0)
(63.423182 0.055397344 0)
(62.954956 0.05137449 0)
(62.507012 0.047697784 0)
(62.079252 0.044343384 0)
(61.671232 0.041278919 0)
(61.281621 0.038482095 0)
(60.909271 0.035919337 0)
(60.552781 0.033572091 0)
(60.211006 0.03141572 0)
(59.882765 0.029433988 0)
(59.567033 0.027607914 0)
(59.262876 0.025924036 0)
(58.969352 0.024366834 0)
(58.685762 0.022924646 0)
(58.411088 0.021587144 0)
(58.144908 0.020345021 0)
(57.885784 0.019186806 0)
(57.633673 0.018108431 0)
(57.38724 0.017098167 0)
(57.146777 0.016154087 0)
(56.911186 0.015267166 0)
(56.681085 0.014438533 0)
(56.455103 0.013658129 0)
(56.234286 0.012928076 0)
(56.016874 0.01223855 0)
(55.804435 0.01159333 0)
(55.594689 0.010983444 0)
(55.3898 0.010411878 0)
(55.186962 0.0098704502 0)
(54.988901 0.0093635223 0)
(54.79234 0.0088829258 0)
(54.600407 0.0084315119 0)
(54.409692 0.0080125494 0)
(54.2227 0.0075773974 0)
(54.039227 0.0073887477 0)
(53.847647 0.0064491016 0)
(53.697995 0.0078928925 0)
(53.412338 0.0051717523 0)
(68.566336 0.1323163 0)
(68.581912 0.17190887 0)
(68.615155 0.19817203 0)
(68.654301 0.20371979 0)
(68.685073 0.1936539 0)
(68.700953 0.1789848 0)
(68.705069 0.16872091 0)
(68.705056 0.16554344 0)
(68.706753 0.16689366 0)
(68.711606 0.16930357 0)
(68.718314 0.17104242 0)
(68.725422 0.17186039 0)
(68.73232 0.1719535 0)
(68.738929 0.17149323 0)
(68.745247 0.17055236 0)
(68.751192 0.16920751 0)
(68.756683 0.16757942 0)
(68.761719 0.16579399 0)
(68.766361 0.16390502 0)
(68.770647 0.1619248 0)
(68.774589 0.15988905 0)
(68.778188 0.15782009 0)
(68.78146 0.15577234 0)
(68.784449 0.15377845 0)
(68.787202 0.15182964 0)
(68.789742 0.14991916 0)
(68.792072 0.14803447 0)
(68.79419 0.14619749 0)
(68.796115 0.14442016 0)
(68.797871 0.14270056 0)
(68.799475 0.14103044 0)
(68.800929 0.13939393 0)
(68.802231 0.13780661 0)
(68.803389 0.13626723 0)
(68.804418 0.13477902 0)
(68.805324 0.13332489 0)
(68.8061 0.13190759 0)
(68.806743 0.13053127 0)
(68.807249 0.12919229 0)
(68.807601 0.12788233 0)
(68.807761 0.12660229 0)
(68.807671 0.12535487 0)
(68.807216 0.12412991 0)
(68.806175 0.12292451 0)
(68.803992 0.12173505 0)
(68.799417 0.12056558 0)
(68.788698 0.11938698 0)
(68.762256 0.11805971 0)
(68.694245 0.11623755 0)
(68.540393 0.11322209 0)
(68.253564 0.10869385 0)
(67.850633 0.10278537 0)
(67.384647 0.096384118 0)
(66.90447 0.090262948 0)
(66.417551 0.084331976 0)
(65.92081 0.078689844 0)
(65.418756 0.073291704 0)
(64.908433 0.068085079 0)
(64.402894 0.0631359 0)
(63.907426 0.05852233 0)
(63.427994 0.05426018 0)
(62.966911 0.050351773 0)
(62.526008 0.04677488 0)
(62.104687 0.043513309 0)
(61.702658 0.040528628 0)
(61.31864 0.037802535 0)
(60.951369 0.035304556 0)
(60.599653 0.033014896 0)
(60.262171 0.030910595 0)
(59.937968 0.028974993 0)
(59.625877 0.027189194 0)
(59.325157 0.02554008 0)
(59.034764 0.024014017 0)
(58.754186 0.022601906 0)
(58.482236 0.021290729 0)
(58.218718 0.02007372 0)
(57.962002 0.018936572 0)
(57.712279 0.017877363 0)
(57.46798 0.016884427 0)
(57.229684 0.015957305 0)
(56.99596 0.015085105 0)
(56.767858 0.014270153 0)
(56.543526 0.013501171 0)
(56.324588 0.012782506 0)
(56.108615 0.012103725 0)
(55.897917 0.011468323 0)
(55.68943 0.010866911 0)
(55.486167 0.010304189 0)
(55.284456 0.0097713614 0)
(55.087836 0.0092707218 0)
(54.89243 0.0088072745 0)
(54.701161 0.0083251442 0)
(54.513471 0.008114125 0)
(54.317853 0.0070850286 0)
(54.164645 0.0086633379 0)
(53.873455 0.0056704743 0)
(68.572926 0.13094192 0)
(68.587411 0.16757263 0)
(68.617847 0.19260781 0)
(68.654135 0.19894097 0)
(68.683373 0.19067236 0)
(68.699229 0.17767366 0)
(68.704139 0.16828256 0)
(68.704907 0.16522538 0)
(68.706971 0.16639132 0)
(68.711852 0.16863307 0)
(68.718465 0.17029921 0)
(68.725477 0.17111684 0)
(68.732303 0.17124872 0)
(68.738859 0.17084212 0)
(68.745135 0.16996193 0)
(68.751051 0.16868057 0)
(68.756527 0.16711314 0)
(68.761557 0.1653805 0)
(68.766197 0.16353832 0)
(68.770483 0.16160142 0)
(68.774428 0.15960436 0)
(68.778033 0.15757157 0)
(68.781313 0.15555457 0)
(68.784312 0.15358619 0)
(68.787073 0.15165983 0)
(68.78962 0.14976923 0)
(68.791957 0.14790351 0)
(68.794082 0.14608301 0)
(68.796014 0.14431997 0)
(68.797776 0.14261278 0)
(68.799385 0.14095373 0)
(68.800843 0.13932795 0)
(68.80215 0.13774981 0)
(68.803313 0.13621875 0)
(68.804349 0.13473761 0)
(68.805265 0.13329037 0)
(68.806059 0.13187933 0)
(68.806733 0.13050868 0)
(68.807293 0.12917509 0)
(68.807735 0.12787096 0)
(68.808049 0.12659752 0)
(68.808218 0.12535822 0)
(68.808211 0.12414477 0)
(68.807965 0.12295316 0)
(68.807348 0.12178173 0)
(68.806127 0.12063347 0)
(68.803677 0.11949564 0)
(68.798592 0.11837014 0)
(68.786479 0.11723231 0)
(68.756431 0.11590556 0)
(68.67874 0.11399323 0)
(68.507027 0.11081732 0)
(68.200458 0.10612284 0)
(67.786847 0.10019631 0)
(67.32289 0.093941761 0)
(66.84846 0.088005962 0)
(66.366774 0.08226436 0)
(65.876938 0.07679451 0)
(65.379571 0.071540922 0)
(64.876433 0.066469863 0)
(64.377975 0.061670631 0)
(63.889991 0.057190686 0)
(63.418314 0.053055672 0)
(62.964523 0.049265868 0)
(62.530678 0.045791589 0)
(62.116104 0.042623124 0)
(61.720189 0.039723765 0)
(61.34191 0.037073073 0)
(60.979849 0.034643256 0)
(60.633009 0.032413882 0)
(60.299982 0.030362575 0)
(59.979926 0.028473018 0)
(59.671632 0.026728361 0)
(59.374499 0.025118247 0)
(59.087358 0.023626539 0)
(58.809919 0.022246629 0)
(58.540793 0.020962796 0)
(58.280046 0.019770675 0)
(58.025814 0.018656061 0)
(57.778564 0.01761867 0)
(57.536407 0.016644532 0)
(57.30038 0.015735014 0)
(57.068546 0.014877708 0)
(56.842567 0.014077524 0)
(56.619879 0.013322362 0)
(56.402904 0.012616383 0)
(56.188358 0.011948669 0)
(55.979497 0.01132448 0)
(55.772282 0.010734106 0)
(55.570652 0.010179361 0)
(55.37024 0.0096670927 0)
(55.174425 0.0091334524 0)
(54.982246 0.008897535 0)
(54.782351 0.007771977 0)
(54.625393 0.0094943588 0)
(54.328358 0.0062076635 0)
(68.579376 0.12956473 0)
(68.592842 0.16338726 0)
(68.620627 0.18717206 0)
(68.654151 0.19418799 0)
(68.681845 0.18762072 0)
(68.697605 0.17624115 0)
(68.703237 0.16773061 0)
(68.70475 0.16482864 0)
(68.70718 0.16583623 0)
(68.712096 0.16792325 0)
(68.718617 0.16952227 0)
(68.725535 0.17034084 0)
(68.73229 0.17051165 0)
(68.738791 0.17015981 0)
(68.745023 0.16934203 0)
(68.750908 0.16812623 0)
(68.756367 0.1666217 0)
(68.76139 0.16494428 0)
(68.766027 0.16315118 0)
(68.770314 0.16125971 0)
(68.77426 0.15930338 0)
(68.777871 0.15730848 0)
(68.78116 0.15532392 0)
(68.784168 0.15338254 0)
(68.786937 0.15147995 0)
(68.789492 0.14961042 0)
(68.791836 0.14776472 0)
(68.793969 0.14596167 0)
(68.795909 0.14421376 0)
(68.797677 0.14251975 0)
(68.799292 0.14087244 0)
(68.800756 0.139258 0)
(68.802067 0.13768959 0)
(68.803236 0.13616731 0)
(68.804277 0.13469359 0)
(68.805198 0.13325352 0)
(68.805999 0.13184889 0)
(68.806684 0.13048387 0)
(68.807261 0.12915539 0)
(68.807735 0.12785619 0)
(68.808102 0.12658744 0)
(68.808362 0.12535289 0)
(68.80851 0.12414521 0)
(68.808528 0.12296115 0)
(68.808375 0.12180063 0)
(68.807991 0.12066558 0)
(68.807234 0.11954472 0)
(68.805846 0.11844225 0)
(68.803102 0.11735226 0)
(68.797395 0.1162682 0)
(68.78345 0.11516142 0)
(68.748549 0.11381474 0)
(68.658193 0.11176664 0)
(68.464809 0.10839779 0)
(68.136812 0.10350497 0)
(67.713665 0.097570158 0)
(67.251702 0.091483893 0)
(66.782496 0.085726448 0)
(66.305194 0.080160802 0)
(65.821767 0.074853151 0)
(65.328366 0.069739804 0)
(64.832091 0.064802429 0)
(64.340453 0.060150023 0)
(63.859936 0.055807067 0)
(63.395904 0.051798489 0)
(62.949707 0.04812719 0)
(62.522827 0.044762377 0)
(62.115004 0.041689869 0)
(61.72528 0.038878169 0)
(61.352848 0.036304502 0)
(60.996173 0.033943159 0)
(60.654322 0.03177363 0)
(60.325888 0.029775608 0)
(60.010122 0.027936062 0)
(59.705731 0.026235492 0)
(59.412306 0.024666308 0)
(59.128518 0.023209751 0)
(58.854326 0.021861708 0)
(58.588122 0.020606674 0)
(58.330224 0.019442076 0)
(58.078499 0.018351263 0)
(57.83382 0.017336178 0)
(57.593819 0.016380794 0)
(57.360183 0.015489925 0)
(57.13022 0.014649947 0)
(56.906443 0.013865722 0)
(56.685373 0.013124568 0)
(56.470457 0.012432496 0)
(56.257344 0.011778562 0)
(56.050323 0.011164248 0)
(55.84456 0.010598264 0)
(55.643884 0.01000806 0)
(55.446922 0.0097443871 0)
(55.242464 0.0085146371 0)
(55.081549 0.010391377 0)
(54.778313 0.0067867221 0)
(68.585674 0.12818104 0)
(68.59819 0.15935774 0)
(68.623505 0.18188173 0)
(68.654371 0.18947437 0)
(68.680506 0.18450531 0)
(68.696092 0.17468786 0)
(68.702367 0.16706101 0)
(68.704588 0.16434816 0)
(68.70738 0.16522477 0)
(68.712339 0.16717134 0)
(68.718775 0.16870955 0)
(68.7256 0.16953094 0)
(68.732282 0.16974103 0)
(68.738726 0.16944505 0)
(68.744912 0.16869143 0)
(68.750764 0.16754324 0)
(68.756204 0.16610391 0)
(68.761219 0.16448421 0)
(68.765852 0.16274253 0)
(68.770138 0.16089867 0)
(68.774087 0.15898519 0)
(68.777703 0.15703001 0)
(68.781001 0.15507964 0)
(68.784018 0.15316682 0)
(68.786796 0.15128937 0)
(68.789358 0.14944219 0)
(68.79171 0.14761759 0)
(68.793851 0.14583302 0)
(68.795799 0.14410112 0)
(68.797574 0.14242111 0)
(68.799195 0.14078627 0)
(68.800665 0.13918381 0)
(68.801982 0.13762573 0)
(68.803157 0.13611273 0)
(68.804202 0.13464689 0)
(68.805128 0.13321437 0)
(68.805933 0.13181645 0)
(68.806623 0.13045728 0)
(68.807208 0.12913401 0)
(68.807693 0.12783968 0)
(68.808078 0.12657531 0)
(68.808368 0.1253446 0)
(68.808569 0.12414074 0)
(68.808677 0.12296086 0)
(68.80868 0.12180544 0)
(68.808565 0.12067717 0)
(68.808294 0.11956671 0)
(68.807798 0.11847731 0)
(68.806918 0.1174028 0)
(68.805368 0.11634474 0)
(68.802292 0.11529652 0)
(68.79581 0.11424855 0)
(68.779428 0.1131636 0)
(68.738026 0.11177394 0)
(68.631715 0.10953724 0)
(68.412129 0.10592493 0)
(68.062386 0.10083901 0)
(67.631264 0.094925876 0)
(67.171678 0.089019466 0)
(66.707419 0.083428447 0)
(66.233921 0.078031023 0)
(65.75639 0.072878179 0)
(65.266568 0.06789849 0)
(64.776883 0.063097146 0)
(64.292035 0.058587888 0)
(63.818871 0.054385566 0)
(63.362044 0.050507836 0)
(62.923423 0.04695426 0)
(62.503605 0.043699451 0)
(62.102682 0.040723119 0)
(61.719349 0.037998789 0)
(61.352874 0.035501445 0)
(61.001731 0.033208103 0)
(60.665012 0.031102119 0)
(60.341245 0.029160106 0)
(60.029861 0.027372156 0)
(59.729443 0.025716145 0)
(59.43983 0.024187274 0)
(59.159478 0.022767174 0)
(58.888607 0.021453629 0)
(58.625373 0.020228435 0)
(58.370419 0.019091629 0)
(58.121224 0.018024362 0)
(57.879233 0.017032639 0)
(57.641358 0.016098443 0)
(57.410185 0.01522729 0)
(57.182057 0.014404671 0)
(56.960573 0.013637414 0)
(56.741119 0.012913126 0)
(56.528262 0.01223308 0)
(56.316772 0.011607843 0)
(56.110863 0.010955412 0)
(55.908797 0.010660739 0)
(55.699442 0.0093182556 0)
(55.534349 0.011360414 0)
(55.224506 0.007411449 0)
(68.591823 0.12678831 0)
(68.603452 0.15548675 0)
(68.626456 0.17675193 0)
(68.654779 0.18481407 0)
(68.679362 0.18133334 0)
(68.694703 0.17301549 0)
(68.701543 0.16627056 0)
(68.704426 0.16377909 0)
(68.707572 0.16455333 0)
(68.712581 0.16637456 0)
(68.718936 0.16785893 0)
(68.725669 0.16868558 0)
(68.732278 0.1689356 0)
(68.738664 0.1686966 0)
(68.744802 0.16800887 0)
(68.75062 0.16693034 0)
(68.756039 0.16555851 0)
(68.761044 0.16399907 0)
(68.765673 0.16231126 0)
(68.769957 0.16051725 0)
(68.773907 0.15864883 0)
(68.777529 0.15673526 0)
(68.780835 0.15482091 0)
(68.783861 0.15293832 0)
(68.786648 0.15108747 0)
(68.789218 0.14926396 0)
(68.791577 0.14746162 0)
(68.793727 0.14569661 0)
(68.795683 0.14398167 0)
(68.797466 0.14231651 0)
(68.799094 0.14069489 0)
(68.80057 0.13910509 0)
(68.801893 0.13755797 0)
(68.803073 0.1360548 0)
(68.804124 0.13459734 0)
(68.805054 0.1331728 0)
(68.805864 0.13178198 0)
(68.806559 0.13042898 0)
(68.807148 0.12911116 0)
(68.807637 0.12782186 0)
(68.80803 0.12656194 0)
(68.808331 0.125335 0)
(68.808549 0.12413461 0)
(68.808686 0.12295798 0)
(68.808742 0.12180569 0)
(68.808717 0.12068077 0)
(68.808603 0.11957486 0)
(68.808383 0.11849172 0)
(68.808015 0.11742713 0)
(68.807429 0.11638213 0)
(68.806442 0.1153476 0)
(68.804733 0.11433023 0)
(68.801271 0.11332082 0)
(68.793754 0.11230413 0)
(68.77424 0.11122027 0)
(68.723559 0.10975063 0)
(68.597269 0.10728803 0)
(68.348241 0.10340117 0)
(67.977455 0.098129627 0)
(67.540228 0.092266887 0)
(67.083463 0.086555017 0)
(66.62375 0.081118332 0)
(66.154025 0.075881295 0)
(65.681687 0.070878517 0)
(65.195844 0.066034062 0)
(64.711255 0.061376448 0)
(64.232834 0.057002739 0)
(63.767243 0.052938163 0)
(63.317841 0.049190849 0)
(62.887005 0.045754271 0)
(62.474483 0.042608868 0)
(62.080542 0.039727664 0)
(61.703802 0.037089066 0)
(61.343414 0.034672064 0)
(60.99781 0.032449367 0)
(60.666262 0.03040796 0)
(60.347192 0.028521856 0)
(60.040281 0.026784403 0)
(59.7439 0.025174035 0)
(59.458163 0.023687905 0)
(59.181294 0.022304917 0)
(58.913836 0.021025962 0)
(58.653613 0.019830145 0)
(58.401711 0.018722172 0)
(58.155019 0.017680896 0)
(57.915782 0.016713481 0)
(57.679983 0.015800314 0)
(57.451359 0.014949625 0)
(57.225056 0.014147347 0)
(57.00586 0.013394575 0)
(56.78822 0.012703809 0)
(56.576645 0.011982773 0)
(56.369128 0.011653406 0)
(56.154485 0.01018872 0)
(55.984972 0.012408178 0)
(55.668063 0.0080860933 0)
(68.597816 0.12538542 0)
(68.608613 0.15177466 0)
(68.629484 0.17179576 0)
(68.655392 0.18022163 0)
(68.678427 0.17811333 0)
(68.693451 0.17122665 0)
(68.700772 0.16535695 0)
(68.704269 0.16311697 0)
(68.70776 0.16381816 0)
(68.712824 0.16553005 0)
(68.719105 0.16696819 0)
(68.725747 0.16780314 0)
(68.732282 0.16809404 0)
(68.738607 0.16791318 0)
(68.744695 0.16729305 0)
(68.750475 0.16628624 0)
(68.755871 0.16498424 0)
(68.760865 0.16348766 0)
(68.765488 0.16185622 0)
(68.76977 0.16011439 0)
(68.773722 0.15829331 0)
(68.777348 0.15642332 0)
(68.780663 0.1545469 0)
(68.783698 0.15269629 0)
(68.786493 0.15087356 0)
(68.789072 0.14907514 0)
(68.791439 0.14729626 0)
(68.793597 0.14555195 0)
(68.795561 0.14385498 0)
(68.797353 0.14220555 0)
(68.798987 0.14059799 0)
(68.80047 0.13902156 0)
(68.8018 0.13748607 0)
(68.802986 0.1359933 0)
(68.804042 0.13454476 0)
(68.804977 0.13312865 0)
(68.805792 0.13174537 0)
(68.806491 0.13039889 0)
(68.807084 0.12908683 0)
(68.807578 0.12780283 0)
(68.807974 0.12654757 0)
(68.80828 0.12532451 0)
(68.808505 0.12412764 0)
(68.808652 0.12295415 0)
(68.808725 0.12180462 0)
(68.808728 0.12068208 0)
(68.808666 0.11957869 0)
(68.808535 0.11849832 0)
(68.808327 0.11743773 0)
(68.808027 0.11639851 0)
(68.807587 0.11537359 0)
(68.806931 0.11436935 0)
(68.805853 0.11337183 0)
(68.803965 0.11239101 0)
(68.800057 0.11141646 0)
(68.791049 0.11042908 0)
(68.767246 0.1093239 0)
(68.703984 0.10772875 0)
(68.553158 0.10499288 0)
(68.272418 0.10081154 0)
(67.882364 0.095384722 0)
(67.44099 0.089602196 0)
(66.987945 0.084092252 0)
(66.532038 0.07879882 0)
(66.066906 0.07373891 0)
(65.596159 0.068874015 0)
(65.115159 0.064148178 0)
(64.636023 0.059635361 0)
(64.164389 0.055398126 0)
(63.706597 0.051470731 0)
(63.264899 0.047853652 0)
(62.841888 0.044532138 0)
(62.436968 0.041493364 0)
(62.050042 0.038713078 0)
(61.67979 0.036162512 0)
(61.325467 0.033825815 0)
(60.985399 0.031672682 0)
(60.659108 0.029694034 0)
(60.344785 0.027864606 0)
(60.0424 0.026179766 0)
(59.750084 0.024615251 0)
(59.468308 0.023171644 0)
(59.194956 0.021825023 0)
(58.931004 0.020581717 0)
(58.673769 0.019417684 0)
(58.424984 0.018339301 0)
(58.180746 0.017323694 0)
(57.944337 0.016380935 0)
(57.710607 0.01549199 0)
(57.484506 0.014658602 0)
(57.260242 0.013895209 0)
(57.042502 0.013098375 0)
(56.829149 0.012730083 0)
(56.608759 0.011132661 0)
(56.434569 0.013542161 0)
(56.110073 0.0088154236 0)
(68.603656 0.12397258 0)
(68.613675 0.14822036 0)
(68.632568 0.16702366 0)
(68.656193 0.17571137 0)
(68.677703 0.17485465 0)
(68.692345 0.16932515 0)
(68.700064 0.16431888 0)
(68.704123 0.16235788 0)
(68.707944 0.16301561 0)
(68.713068 0.164635 0)
(68.719277 0.16603504 0)
(68.725831 0.1668819 0)
(68.732292 0.167215 0)
(68.738554 0.16709348 0)
(68.74459 0.16654267 0)
(68.750331 0.16560962 0)
(68.755702 0.16437977 0)
(68.760683 0.16294869 0)
(68.765299 0.1613762 0)
(68.769578 0.15968895 0)
(68.77353 0.15791756 0)
(68.777162 0.15609321 0)
(68.780484 0.15425671 0)
(68.783528 0.15243992 0)
(68.786332 0.15064692 0)
(68.788919 0.14887508 0)
(68.791294 0.14712095 0)
(68.793461 0.14539853 0)
(68.795434 0.14372058 0)
(68.797234 0.14208786 0)
(68.798876 0.1404952 0)
(68.800364 0.1389329 0)
(68.801701 0.13740975 0)
(68.802894 0.135928 0)
(68.803956 0.13448893 0)
(68.804896 0.13308174 0)
(68.805716 0.13170645 0)
(68.80642 0.1303669 0)
(68.807017 0.12906095 0)
(68.807514 0.12778255 0)
(68.807915 0.12653221 0)
(68.808225 0.12531324 0)
(68.808453 0.12412003 0)
(68.808605 0.12294979 0)
(68.808684 0.12180304 0)
(68.808697 0.12068273 0)
(68.808651 0.11958146 0)
(68.808547 0.11850291 0)
(68.80839 0.1174442 0)
(68.808178 0.11640712 0)
(68.807902 0.11538593 0)
(68.807544 0.11438701 0)
(68.807054 0.11339886 0)
(68.806344 0.1124314 0)
(68.805188 0.11146892 0)
(68.803082 0.1105212 0)
(68.798588 0.10957647 0)
(68.787471 0.10861489 0)
(68.757829 0.10746055 0)
(68.67778 0.10568306 0)
(68.497583 0.10263679 0)
(68.184311 0.098145781 0)
(67.778283 0.092613 0)
(67.334201 0.086938394 0)
(66.886125 0.081647584 0)
(66.432821 0.076517328 0)
(65.972143 0.071602293 0)
(65.502314 0.066855964 0)
(65.026448 0.062249266 0)
(64.55293 0.057880841 0)
(64.088406 0.053781925 0)
(63.638462 0.04998808 0)
(63.204814 0.046499845 0)
(62.789392 0.04330186 0)
(62.391867 0.040370164 0)
(62.011929 0.037688857 0)
(61.648162 0.035223853 0)
(61.300019 0.032964653 0)
(60.965535 0.030881611 0)
(60.64453 0.028967546 0)
(60.334953 0.02719447 0)
(60.037156 0.025561586 0)
(59.748918 0.024041871 0)
(59.471171 0.022641768 0)
(59.201301 0.021333705 0)
(58.940921 0.020126611 0)
(58.686627 0.018993706 0)
(58.44107 0.017945019 0)
(58.199248 0.016958636 0)
(57.965608 0.016036311 0)
(57.734183 0.015192274 0)
(57.50971 0.014311557 0)
(57.290095 0.013899461 0)
(57.063426 0.012157612 0)
(56.884281 0.014770767 0)
(56.551598 0.0096048206 0)
(68.609343 0.12255127 0)
(68.618626 0.14482107 0)
(68.635708 0.16244324 0)
(68.657192 0.17129741 0)
(68.677203 0.17156797 0)
(68.691398 0.16731597 0)
(68.699431 0.1631561 0)
(68.703997 0.16149838 0)
(68.70813 0.16214208 0)
(68.713317 0.16368655 0)
(68.71946 0.16505716 0)
(68.725925 0.16592007 0)
(68.73231 0.16629705 0)
(68.738508 0.16623619 0)
(68.744489 0.16575639 0)
(68.750188 0.16489913 0)
(68.755533 0.16374378 0)
(68.760498 0.16238085 0)
(68.765106 0.16086996 0)
(68.76938 0.15923976 0)
(68.773333 0.15752048 0)
(68.776968 0.15574392 0)
(68.780298 0.1539494 0)
(68.783352 0.15216836 0)
(68.786165 0.1504068 0)
(68.788759 0.14866309 0)
(68.791143 0.14693505 0)
(68.793319 0.1452358 0)
(68.795301 0.143578 0)
(68.797109 0.14196299 0)
(68.798758 0.14038616 0)
(68.800254 0.13883879 0)
(68.801598 0.13732872 0)
(68.802797 0.13585864 0)
(68.803865 0.13442965 0)
(68.80481 0.13303191 0)
(68.805635 0.13166508 0)
(68.806344 0.13033287 0)
(68.806946 0.12903341 0)
(68.807447 0.12776095 0)
(68.807852 0.12651581 0)
(68.808165 0.12530118 0)
(68.808397 0.12411185 0)
(68.808553 0.12294501 0)
(68.808635 0.12180117 0)
(68.808653 0.12068314 0)
(68.808612 0.11958398 0)
(68.808518 0.11850708 0)
(68.808376 0.11744981 0)
(68.80819 0.11641394 0)
(68.807963 0.11539419 0)
(68.807693 0.11439682 0)
(68.807372 0.11341225 0)
(68.806977 0.11244992 0)
(68.806459 0.11149641 0)
(68.805707 0.1105614 0)
(68.804476 0.10963176 0)
(68.802082 0.1087171 0)
(68.796807 0.10779573 0)
(68.782716 0.10685068 0)
(68.745029 0.10561847 0)
(68.64316 0.1035866 0)
(68.428498 0.1001926 0)
(68.084047 0.095395536 0)
(67.666325 0.089853367 0)
(67.223272 0.084361742 0)
(66.779068 0.079223833 0)
(66.327366 0.074242064 0)
(65.870577 0.069462787 0)
(65.401801 0.06482977 0)
(64.931263 0.060346621 0)
(64.463669 0.056119684 0)
(64.006137 0.052164934 0)
(63.563497 0.048511264 0)
(63.137794 0.045148474 0)
(62.730069 0.042069884 0)
(62.339995 0.039241333 0)
(61.967253 0.036655123 0)
(61.610002 0.034276602 0)
(61.268024 0.03209646 0)
(60.939086 0.030082479 0)
(60.623394 0.02823179 0)
(60.318541 0.026513616 0)
(60.025377 0.024933437 0)
(59.741162 0.023460353 0)
(59.46751 0.022104027 0)
(59.201059 0.020833403 0)
(58.944422 0.019662441 0)
(58.692976 0.018564464 0)
(58.45062 0.017540273 0)
(58.211422 0.016606334 0)
(57.979571 0.015632801 0)
(57.753218 0.01517138 0)
(57.519655 0.013272179 0)
(57.335264 0.016103407 0)
(56.993693 0.010460397 0)
(68.614878 0.12112387 0)
(68.623471 0.14157346 0)
(68.638888 0.15805999 0)
(68.65837 0.16699265 0)
(68.676924 0.16826455 0)
(68.690619 0.16520523 0)
(68.698883 0.16186946 0)
(68.703895 0.16053584 0)
(68.70832 0.16119429 0)
(68.713569 0.16268199 0)
(68.719649 0.16403229 0)
(68.726028 0.16491583 0)
(68.732337 0.16533877 0)
(68.738469 0.16533998 0)
(68.744393 0.16493288 0)
(68.750048 0.16415342 0)
(68.755363 0.1630749 0)
(68.760311 0.16178281 0)
(68.764909 0.16033622 0)
(68.769179 0.15876559 0)
(68.77313 0.15710091 0)
(68.776769 0.15537437 0)
(68.780106 0.15362399 0)
(68.783169 0.15188072 0)
(68.785991 0.15015239 0)
(68.788593 0.14843846 0)
(68.790985 0.14673794 0)
(68.79317 0.14506318 0)
(68.795162 0.14342673 0)
(68.796978 0.14183051 0)
(68.798635 0.14027047 0)
(68.800138 0.13873887 0)
(68.801489 0.13724269 0)
(68.802695 0.13578496 0)
(68.803769 0.13436668 0)
(68.80472 0.13297894 0)
(68.805551 0.13162109 0)
(68.806265 0.13029668 0)
(68.806871 0.12900409 0)
(68.807377 0.12773792 0)
(68.807785 0.1264983 0)
(68.808103 0.12528828 0)
(68.808338 0.12410305 0)
(68.808497 0.12293982 0)
(68.808583 0.12179904 0)
(68.808603 0.12068342 0)
(68.808566 0.11958646 0)
(68.808476 0.11851123 0)
(68.808339 0.11745536 0)
(68.808162 0.11642053 0)
(68.807949 0.11540174 0)
(68.807705 0.11440502 0)
(68.807431 0.11342154 0)
(68.807126 0.11246033 0)
(68.80678 0.11151012 0)
(68.806366 0.11058039 0)
(68.805835 0.10965967 0)
(68.805046 0.10875589 0)
(68.803734 0.10785538 0)
(68.800955 0.10697167 0)
(68.794572 0.10607354 0)
(68.776398 0.10512194 0)
(68.727039 0.1037679 0)
(68.597814 0.10141224 0)
(68.344102 0.097642825 0)
(67.973332 0.092603855 0)
(67.548192 0.087112464 0)
(67.107416 0.081823539 0)
(66.666195 0.076813073 0)
(66.216499 0.071968784 0)
(65.763152 0.067322693 0)
(65.296283 0.062811685 0)
(64.829284 0.058464288 0)
(64.367488 0.054373119 0)
(63.917335 0.050557656 0)
(63.482431 0.047039771 0)
(63.064851 0.043797655 0)
(62.665195 0.040834371 0)
(62.282513 0.038111685 0)
(61.916892 0.035621449 0)
(61.566087 0.033327441 0)
(61.230256 0.031224486 0)
(60.906811 0.029277475 0)
(60.596464 0.027490483 0)
(60.296259 0.025828573 0)
(60.007784 0.024301023 0)
(59.727503 0.022872741 0)
(59.458119 0.02155985 0)
(59.194963 0.020330967 0)
(58.942118 0.01918985 0)
(58.693649 0.01815286 0)
(58.453433 0.017073328 0)
(58.219812 0.016557203 0)
(57.978643 0.014485967 0)
(57.788703 0.017550552 0)
(57.437424 0.011389196 0)
(68.620264 0.11969347 0)
(68.628205 0.13847234 0)
(68.642103 0.15387636 0)
(68.659731 0.16280905 0)
(68.676873 0.16495674 0)
(68.690019 0.16300048 0)
(68.69843 0.16046107 0)
(68.703828 0.15946838 0)
(68.708521 0.16016921 0)
(68.713831 0.16161866 0)
(68.719852 0.16295814 0)
(68.726144 0.16386731 0)
(68.732375 0.16433868 0)
(68.738438 0.16440351 0)
(68.744304 0.16407079 0)
(68.749911 0.16337113 0)
(68.755194 0.16237176 0)
(68.760123 0.16115319 0)
(68.764709 0.15977366 0)
(68.768972 0.1582652 0)
(68.772922 0.15665768 0)
(68.776564 0.15498348 0)
(68.779907 0.15327945 0)
(68.782979 0.15157607 0)
(68.785809 0.14988285 0)
(68.78842 0.14820041 0)
(68.790821 0.14652892 0)
(68.793015 0.14488005 0)
(68.795016 0.14326621 0)
(68.796841 0.14168992 0)
(68.798506 0.1401477 0)
(68.800016 0.13863277 0)
(68.801374 0.13715132 0)
(68.802588 0.13570669 0)
(68.803669 0.1342998 0)
(68.804626 0.13292264 0)
(68.805462 0.1315743 0)
(68.806181 0.13025816 0)
(68.806792 0.12897288 0)
(68.807302 0.12771336 0)
(68.807715 0.1264796 0)
(68.808037 0.12527447 0)
(68.808276 0.12409359 0)
(68.808438 0.12293418 0)
(68.808527 0.12179666 0)
(68.80855 0.12068359 0)
(68.808516 0.11958895 0)
(68.808429 0.11851548 0)
(68.808295 0.11746106 0)
(68.808122 0.11642726 0)
(68.807914 0.11540938 0)
(68.807678 0.11441312 0)
(68.807418 0.1134302 0)
(68.807137 0.11246918 0)
(68.806837 0.11151977 0)
(68.806515 0.11059099 0)
(68.80616 0.1096733 0)
(68.805743 0.10877488 0)
(68.805211 0.10788369 0)
(68.804387 0.10700827 0)
(68.80296 0.10613905 0)
(68.799694 0.10528113 0)
(68.791582 0.1044042 0)
(68.767815 0.10340953 0)
(68.70113 0.10186634 0)
(68.538802 0.099146392 0)
(68.245665 0.095003516 0)
(67.853722 0.089794418 0)
(67.42398 0.08439303 0)
(66.987025 0.079301355 0)
(66.547983 0.074411811 0)
(66.101199 0.069731951 0)
(65.646984 0.065204883 0)
(65.183653 0.060802314 0)
(64.721073 0.056591351 0)
(64.265899 0.05263582 0)
(63.823496 0.048955726 0)
(63.396814 0.045572776 0)
(62.987097 0.042456604 0)
(62.595427 0.03960761 0)
(62.220074 0.036987817 0)
(61.861515 0.03459086 0)
(61.517111 0.032378154 0)
(61.187464 0.030352236 0)
(60.869404 0.028473114 0)
(60.564433 0.02674932 0)
(60.268753 0.025141009 0)
(59.985109 0.023665477 0)
(59.708614 0.022286486 0)
(59.443578 0.021009498 0)
(59.183777 0.019851833 0)
(58.933664 0.018651485 0)
(58.691234 0.018071416 0)
(58.441632 0.01580805 0)
(58.245836 0.019124112 0)
(57.883879 0.012399408 0)
(68.625502 0.11826421 0)
(68.632829 0.13551138 0)
(68.645343 0.14989243 0)
(68.661257 0.15875694 0)
(68.677045 0.16165701 0)
(68.689603 0.16071034 0)
(68.698082 0.15893422 0)
(68.703803 0.15829509 0)
(68.708736 0.15906433 0)
(68.714103 0.16049414 0)
(68.720065 0.1618326 0)
(68.726271 0.1627727 0)
(68.732423 0.16329532 0)
(68.738417 0.16342549 0)
(68.74422 0.16316882 0)
(68.749779 0.16255091 0)
(68.755027 0.161633 0)
(68.759934 0.16049063 0)
(68.764507 0.15918095 0)
(68.768762 0.15773732 0)
(68.772709 0.15618955 0)
(68.776353 0.15457008 0)
(68.779702 0.15291471 0)
(68.782782 0.15125343 0)
(68.785621 0.1495973 0)
(68.788241 0.14794816 0)
(68.79065 0.14630727 0)
(68.792853 0.14468577 0)
(68.794863 0.14309589 0)
(68.796697 0.14154072 0)
(68.79837 0.14001741 0)
(68.799889 0.1385201 0)
(68.801254 0.13705428 0)
(68.802475 0.13562351 0)
(68.803562 0.13422873 0)
(68.804526 0.13286277 0)
(68.805367 0.13152452 0)
(68.806092 0.13021717 0)
(68.806709 0.12893964 0)
(68.807224 0.12768717 0)
(68.807641 0.12645962 0)
(68.807966 0.12525969 0)
(68.808209 0.12408343 0)
(68.808375 0.12292807 0)
(68.808467 0.12179399 0)
(68.808494 0.12068365 0)
(68.808463 0.11959146 0)
(68.808378 0.11851986 0)
(68.808247 0.11746696 0)
(68.808077 0.11643425 0)
(68.807872 0.1154173 0)
(68.807639 0.11442148 0)
(68.807384 0.11343906 0)
(68.80711 0.11247806 0)
(68.806823 0.11152887 0)
(68.806525 0.11059999 0)
(68.806216 0.1096828 0)
(68.805892 0.10878531 0)
(68.805543 0.10789701 0)
(68.805132 0.1070271 0)
(68.804604 0.10616743 0)
(68.80375 0.10531648 0)
(68.802135 0.10447616 0)
(68.798232 0.10364018 0)
(68.787354 0.10278173 0)
(68.755447 0.10170408 0)
(68.665235 0.099892225 0)
(68.464294 0.096776724 0)
(68.133843 0.092266968 0)
(67.727339 0.086972258 0)
(67.294387 0.081701461 0)
(66.862019 0.076822723 0)
(66.424022 0.072075615 0)
(65.980036 0.067521364 0)
(65.525146 0.063091657 0)
(65.066235 0.058801457 0)
(64.60873 0.054727947 0)
(64.160317 0.050916232 0)
(63.725275 0.047375388 0)
(63.306917 0.044124031 0)
(62.905083 0.041130341 0)
(62.52135 0.038391797 0)
(62.153382 0.035870078 0)
(61.801927 0.03356642 0)
(61.463761 0.03143559 0)
(61.140291 0.0294856 0)
(60.827456 0.027670779 0)
(60.527955 0.026009207 0)
(60.236633 0.024458817 0)
(59.957903 0.023026606 0)
(59.685197 0.021730016 0)
(59.423536 0.020390123 0)
(59.169987 0.019731885 0)
(58.910999 0.017254229 0)
(58.707973 0.020840437 0)
(58.334185 0.013500252 0)
(68.630598 0.1168407 0)
(68.637347 0.13268688 0)
(68.648605 0.14610579 0)
(68.662945 0.15484451 0)
(68.67744 0.1583783 0)
(68.689379 0.15834479 0)
(68.697851 0.15729354 0)
(68.70383 0.15701598 0)
(68.708972 0.15787757 0)
(68.71439 0.15930617 0)
(68.720296 0.16065359 0)
(68.726416 0.16163018 0)
(68.732486 0.16220721 0)
(68.738408 0.16240459 0)
(68.744147 0.16222563 0)
(68.749653 0.16169139 0)
(68.754863 0.16085722 0)
(68.759746 0.15979372 0)
(68.764303 0.1585567 0)
(68.768549 0.1571806 0)
(68.772492 0.15569526 0)
(68.776136 0.15413299 0)
(68.779491 0.15252866 0)
(68.782579 0.15091178 0)
(68.785426 0.1492948 0)
(68.788054 0.14768085 0)
(68.790472 0.14607223 0)
(68.792684 0.14447966 0)
(68.794704 0.14291514 0)
(68.796547 0.14138237 0)
(68.798229 0.13987913 0)
(68.799755 0.13840044 0)
(68.801128 0.13695118 0)
(68.802357 0.13553512 0)
(68.803451 0.13415322 0)
(68.80442 0.13279911 0)
(68.805268 0.13147155 0)
(68.805999 0.13017353 0)
(68.80662 0.12890422 0)
(68.80714 0.12765923 0)
(68.807562 0.12643826 0)
(68.807892 0.12524387 0)
(68.808139 0.12407249 0)
(68.808308 0.12292143 0)
(68.808404 0.12179101 0)
(68.808434 0.12068357 0)
(68.808406 0.11959396 0)
(68.808325 0.11852436 0)
(68.808196 0.11747309 0)
(68.808028 0.11644152 0)
(68.807826 0.11542557 0)
(68.807596 0.1144302 0)
(68.807343 0.11344828 0)
(68.807073 0.11248726 0)
(68.80679 0.11153821 0)
(68.806498 0.11060906 0)
(68.806201 0.10969181 0)
(68.805901 0.10879402 0)
(68.805597 0.10790602 0)
(68.805282 0.10703722 0)
(68.804948 0.10618024 0)
(68.804555 0.10533499 0)
(68.804025 0.10450356 0)
(68.803141 0.10367754 0)
(68.801229 0.10286535 0)
(68.796336 0.10204786 0)
(68.78132 0.10119134 0)
(68.737539 0.099986761 0)
(68.616958 0.097813635 0)
(68.372415 0.094262011 0)
(68.009763 0.089451286 0)
(67.594007 0.084198487 0)
(67.162711 0.079128182 0)
(66.733006 0.074374114 0)
(66.295962 0.069749945 0)
(65.854553 0.065318207 0)
(65.399863 0.060997079 0)
(64.944028 0.056833267 0)
(64.491893 0.05289212 0)
(64.050714 0.049223118 0)
(63.62328 0.045818477 0)
(63.213355 0.04269353 0)
(62.819697 0.039816648 0)
(62.443885 0.037190494 0)
(62.083065 0.034766781 0)
(61.738683 0.032554338 0)
(61.406559 0.03050082 0)
(61.089317 0.02862519 0)
(60.781532 0.026878499 0)
(60.487573 0.025269382 0)
(60.200552 0.023813484 0)
(59.925862 0.022315974 0)
(59.659456 0.021564137 0)
(59.389894 0.018845651 0)
(59.176985 0.022719587 0)
(58.789796 0.014702489 0)
(68.635553 0.11542719 0)
(68.64176 0.1299957 0)
(68.651879 0.14251261 0)
(68.664779 0.15107785 0)
(68.678051 0.15513299 0)
(68.689349 0.15591469 0)
(68.697743 0.15554487 0)
(68.703916 0.15563217 0)
(68.709234 0.15660752 0)
(68.714694 0.15805283 0)
(68.720543 0.15941925 0)
(68.726575 0.160438 0)
(68.732563 0.16107286 0)
(68.73841 0.16133951 0)
(68.744083 0.16123994 0)
(68.749533 0.16079124 0)
(68.754703 0.16004304 0)
(68.759558 0.15906106 0)
(68.764098 0.15789953 0)
(68.768333 0.1565937 0)
(68.77227 0.15517348 0)
(68.775915 0.15367096 0)
(68.779274 0.15212014 0)
(68.782369 0.15055002 0)
(68.785224 0.14897437 0)
(68.78786 0.1473976 0)
(68.790286 0.145823 0)
(68.792508 0.14426097 0)
(68.794538 0.14272332 0)
(68.79639 0.14121429 0)
(68.79808 0.13973235 0)
(68.799614 0.13827334 0)
(68.800996 0.13684164 0)
(68.802232 0.13544117 0)
(68.803333 0.13407295 0)
(68.804309 0.1327314 0)
(68.805163 0.13141517 0)
(68.8059 0.13012706 0)
(68.806527 0.12886649 0)
(68.807052 0.1276294 0)
(68.807479 0.12641541 0)
(68.807813 0.12522691 0)
(68.808064 0.12406072 0)
(68.808237 0.12291422 0)
(68.808337 0.12178768 0)
(68.808371 0.12068333 0)
(68.808346 0.11959647 0)
(68.808267 0.11852898 0)
(68.808142 0.11747944 0)
(68.807976 0.11644911 0)
(68.807777 0.1154342 0)
(68.807549 0.11443932 0)
(68.807298 0.11345792 0)
(68.807031 0.11249688 0)
(68.80675 0.11154796 0)
(68.806462 0.11061849 0)
(68.806168 0.10970109 0)
(68.805874 0.1088028 0)
(68.805581 0.1079146 0)
(68.805289 0.10704541 0)
(68.805 0.10618846 0)
(68.804705 0.10534464 0)
(68.80439 0.10451601 0)
(68.804021 0.10369577 0)
(68.803486 0.10288985 0)
(68.802542 0.10208998 0)
(68.80019 0.10130409 0)
(68.793696 0.10050758 0)
(68.772856 0.099606316 0)
(68.710616 0.098196421 0)
(68.552704 0.095609761 0)
(68.263181 0.091631368 0)
(67.876556 0.086620609 0)
(67.455822 0.081461496 0)
(67.028299 0.076585284 0)
(66.600153 0.071942908 0)
(66.164586 0.067464929 0)
(65.722163 0.063142627 0)
(65.269785 0.058923709 0)
(64.817486 0.05489374 0)
(64.371452 0.051083267 0)
(63.938043 0.04755243 0)
(63.518747 0.044281988 0)
(63.117057 0.041288674 0)
(62.731332 0.03852664 0)
(62.363456 0.036009554 0)
(62.009567 0.033678369 0)
(61.672313 0.031554548 0)
(61.346071 0.029581572 0)
(61.035093 0.027769714 0)
(60.732228 0.02613086 0)
(60.443014 0.024456347 0)
(60.162418 0.023592626 0)
(59.880836 0.020605818 0)
(59.655844 0.024789713 0)
(59.253193 0.016020741 0)
(68.640375 0.1140279 0)
(68.646074 0.12743243 0)
(68.655162 0.13910708 0)
(68.666753 0.14746093 0)
(68.678873 0.15193303 0)
(68.689516 0.15343192 0)
(68.697769 0.15369544 0)
(68.704073 0.15414589 0)
(68.709532 0.15525352 0)
(68.715023 0.15673259 0)
(68.720812 0.15812795 0)
(68.726756 0.15919459 0)
(68.732659 0.15989088 0)
(68.738428 0.16022903 0)
(68.744031 0.16021053 0)
(68.749423 0.15984916 0)
(68.754549 0.1591891 0)
(68.759374 0.15829124 0)
(68.763893 0.15720802 0)
(68.768115 0.15597524 0)
(68.772046 0.15462288 0)
(68.775688 0.15318272 0)
(68.779051 0.15168793 0)
(68.782153 0.15016706 0)
(68.785016 0.148635 0)
(68.787659 0.14709747 0)
(68.790094 0.14555874 0)
(68.792325 0.14402896 0)
(68.794364 0.14251974 0)
(68.796226 0.14103588 0)
(68.797925 0.13957652 0)
(68.799467 0.13813832 0)
(68.800857 0.13672525 0)
(68.802101 0.1353413 0)
(68.80321 0.13398762 0)
(68.804193 0.13265937 0)
(68.805053 0.13135515 0)
(68.805796 0.13007757 0)
(68.806429 0.12882626 0)
(68.806959 0.12759756 0)
(68.80739 0.12639098 0)
(68.80773 0.12520873 0)
(68.807985 0.12404805 0)
(68.808162 0.12290638 0)
(68.808266 0.12178396 0)
(68.808303 0.1206829 0)
(68.808281 0.11959894 0)
(68.808206 0.11853372 0)
(68.808084 0.11748602 0)
(68.807921 0.116457 0)
(68.807724 0.1154432 0)
(68.807499 0.11444886 0)
(68.807251 0.11346801 0)
(68.806985 0.11250696 0)
(68.806707 0.11155816 0)
(68.806421 0.11062836 0)
(68.80613 0.10971079 0)
(68.805838 0.10881194 0)
(68.805549 0.10792346 0)
(68.805263 0.10705363 0)
(68.804984 0.10619626 0)
(68.80471 0.10535218 0)
(68.804441 0.10452347 0)
(68.80417 0.10370469 0)
(68.803878 0.10290195 0)
(68.803531 0.10210809 0)
(68.802989 0.10132532 0)
(68.801914 0.10055521 0)
(68.79899 0.099785775 0)
(68.789737 0.099008956 0)
(68.760167 0.098010836 0)
(68.671331 0.096298922 0)
(68.47018 0.093272827 0)
(68.139354 0.088890259 0)
(67.737747 0.08378437 0)
(67.313428 0.078766227 0)
(66.890077 0.07409036 0)
(66.462773 0.069570235 0)
(66.029058 0.065215724 0)
(65.584784 0.060987625 0)
(65.136049 0.056870856 0)
(64.688458 0.052977947 0)
(64.248728 0.049307408 0)
(63.822792 0.045919319 0)
(63.411642 0.042778446 0)
(63.018391 0.039912913 0)
(62.640405 0.037259539 0)
(62.280636 0.034847388 0)
(61.933543 0.03261206 0)
(61.603371 0.03056587 0)
(61.282796 0.028715755 0)
(60.977344 0.026841032 0)
(60.681241 0.025844102 0)
(60.386033 0.022561824 0)
(60.147663 0.027082888 0)
(59.72728 0.017473019 0)
(68.645068 0.11264673 0)
(68.650291 0.12499148 0)
(68.658449 0.13588283 0)
(68.668851 0.1439959 0)
(68.679895 0.14878935 0)
(68.68988 0.15090897 0)
(68.697934 0.15175367 0)
(68.704307 0.15256058 0)
(68.709868 0.1538157 0)
(68.715377 0.15534439 0)
(68.721105 0.15677835 0)
(68.726958 0.15789852 0)
(68.732773 0.15865994 0)
(68.738462 0.15907194 0)
(68.743992 0.15913619 0)
(68.749323 0.15886389 0)
(68.754401 0.15829408 0)
(68.759193 0.15748288 0)
(68.763689 0.15648078 0)
(68.767896 0.15532383 0)
(68.771818 0.1540421 0)
(68.775458 0.15266696 0)
(68.778823 0.15123081 0)
(68.78193 0.14976172 0)
(68.7848 0.14827562 0)
(68.787451 0.14677949 0)
(68.789894 0.14527854 0)
(68.792135 0.14378281 0)
(68.794184 0.14230368 0)
(68.796055 0.1408465 0)
(68.797762 0.13941107 0)
(68.799313 0.13799488 0)
(68.800711 0.13660154 0)
(68.801963 0.13523511 0)
(68.80308 0.13389689 0)
(68.80407 0.13258273 0)
(68.804937 0.13129125 0)
(68.805686 0.13002483 0)
(68.806324 0.12878337 0)
(68.80686 0.12756356 0)
(68.807297 0.12636483 0)
(68.807641 0.12518924 0)
(68.807901 0.1240344 0)
(68.808082 0.12289786 0)
(68.80819 0.1217798 0)
(68.808231 0.12068226 0)
(68.808213 0.11960138 0)
(68.808141 0.11853856 0)
(68.808022 0.11749282 0)
(68.807862 0.1164652 0)
(68.807668 0.11545257 0)
(68.807445 0.11445884 0)
(68.8072 0.11347857 0)
(68.806936 0.11251752 0)
(68.806661 0.11156886 0)
(68.806376 0.11063872 0)
(68.806087 0.10972095 0)
(68.805798 0.10882153 0)
(68.805511 0.10793272 0)
(68.805227 0.10706222 0)
(68.804951 0.10620435 0)
(68.804683 0.1053597 0)
(68.804424 0.1045304 0)
(68.804173 0.10371142 0)
(68.803928 0.10290884 0)
(68.803682 0.10211628 0)
(68.803417 0.10133701 0)
(68.803086 0.10057227 0)
(68.802544 0.099807333 0)
(68.801224 0.09906477 0)
(68.79737 0.098306981 0)
(68.783614 0.09753546 0)
(68.740915 0.096387178 0)
(68.617167 0.094265174 0)
(68.367814 0.090759002 0)
(68.002971 0.08607158 0)
(67.592659 0.081001339 0)
(67.169838 0.076172898 0)
(66.748933 0.071632719 0)
(66.321959 0.067230804 0)
(65.89005 0.062984796 0)
(65.44525 0.058862815 0)
(64.998637 0.054864385 0)
(64.556265 0.051103711 0)
(64.123434 0.047570468 0)
(63.705525 0.044323177 0)
(63.302489 0.041305163 0)
(62.918123 0.038562319 0)
(62.54772 0.036023109 0)
(62.195882 0.033704579 0)
(61.855329 0.03160907 0)
(61.531557 0.029505203 0)
(61.218337 0.028350025 0)
(60.90772 0.024741855 0)
(60.65489 0.02962973 0)
(60.214454 0.019078406 0)
(68.649638 0.11128732 0)
(68.654417 0.12266773 0)
(68.661738 0.13283259 0)
(68.671067 0.14068298 0)
(68.681109 0.14571178 0)
(68.690439 0.14835864 0)
(68.698246 0.14972918 0)
(68.704629 0.15088084 0)
(68.710255 0.15229509 0)
(68.715766 0.15388771 0)
(68.721427 0.15536946 0)
(68.727187 0.1565486 0)
(68.73291 0.15737886 0)
(68.738516 0.15786715 0)
(68.743971 0.15801584 0)
(68.749236 0.15783425 0)
(68.754263 0.1573567 0)
(68.759018 0.15663463 0)
(68.763488 0.1557164 0)
(68.767677 0.15463808 0)
(68.771589 0.15342976 0)
(68.775224 0.15212236 0)
(68.778591 0.1507475 0)
(68.781702 0.14933282 0)
(68.784579 0.14789512 0)
(68.787237 0.14644263 0)
(68.789688 0.1449815 0)
(68.791937 0.14352167 0)
(68.793996 0.14207438 0)
(68.795877 0.14064546 0)
(68.797593 0.13923541 0)
(68.799152 0.13784249 0)
(68.800559 0.13647006 0)
(68.801819 0.13512221 0)
(68.802944 0.1338004 0)
(68.80394 0.13250118 0)
(68.804814 0.13122319 0)
(68.80557 0.12996864 0)
(68.806215 0.12873763 0)
(68.806756 0.12752724 0)
(68.807198 0.12633684 0)
(68.807547 0.12516834 0)
(68.807812 0.12401969 0)
(68.807997 0.12288859 0)
(68.808109 0.12177518 0)
(68.808154 0.12068137 0)
(68.80814 0.11960375 0)
(68.808071 0.11854349 0)
(68.807955 0.11749983 0)
(68.807799 0.11647372 0)
(68.807608 0.11546234 0)
(68.807388 0.11446925 0)
(68.807145 0.11348959 0)
(68.806884 0.11252858 0)
(68.806611 0.11158005 0)
(68.806329 0.11064958 0)
(68.806042 0.1097316 0)
(68.805754 0.10883159 0)
(68.805469 0.10794243 0)
(68.805187 0.10707122 0)
(68.804913 0.1062128 0)
(68.804648 0.10536756 0)
(68.804391 0.10453761 0)
(68.804145 0.10371816 0)
(68.803909 0.10291496 0)
(68.803683 0.10212212 0)
(68.803463 0.10134341 0)
(68.803244 0.10057986 0)
(68.80301 0.09981851 0)
(68.802688 0.09907799 0)
(68.802126 0.098332972 0)
(68.800394 0.09761696 0)
(68.7949 0.096872881 0)
(68.774602 0.096053417 0)
(68.710643 0.094661157 0)
(68.54401 0.092083996 0)
(68.246684 0.088102405 0)
(67.858641 0.083230428 0)
(67.443551 0.078277404 0)
(67.024581 0.073641298 0)
(66.604733 0.069197135 0)
(66.178614 0.06494 0)
(65.744459 0.06079024 0)
(65.301712 0.056767657 0)
(64.858135 0.05289514 0)
(64.421958 0.049269741 0)
(63.996475 0.045867377 0)
(63.587349 0.042759481 0)
(63.192132 0.03987408 0)
(62.816407 0.037241039 0)
(62.453446 0.034860444 0)
(62.108927 0.032491921 0)
(61.776544 0.031148447 0)
(61.448463 0.027177983 0)
(61.17986 0.032464968 0)
(60.71693 0.02085889 0)
(68.654091 0.10995302 0)
(68.658457 0.1204562 0)
(68.665025 0.12994827 0)
(68.673386 0.1375206 0)
(68.682503 0.14270853 0)
(68.691188 0.14579368 0)
(68.698707 0.14763252 0)
(68.705045 0.14911247 0)
(68.710697 0.15069366 0)
(68.716193 0.15236267 0)
(68.721781 0.15390071 0)
(68.727444 0.15514394 0)
(68.733072 0.15604661 0)
(68.738591 0.15661368 0)
(68.743966 0.15684847 0)
(68.749162 0.15675915 0)
(68.754135 0.15637575 0)
(68.758849 0.15574518 0)
(68.763291 0.15491352 0)
(68.76746 0.1539166 0)
(68.771358 0.15278448 0)
(68.774988 0.15154755 0)
(68.778353 0.1502367 0)
(68.781468 0.14887911 0)
(68.78435 0.14749234 0)
(68.787015 0.14608584 0)
(68.789474 0.14466663 0)
(68.791732 0.14324468 0)
(68.7938 0.14183105 0)
(68.79569 0.14043206 0)
(68.797416 0.1390489 0)
(68.798984 0.13768059 0)
(68.800399 0.1363303 0)
(68.801668 0.13500216 0)
(68.8028 0.13369779 0)
(68.803804 0.13241438 0)
(68.804685 0.1311507 0)
(68.805447 0.12990875 0)
(68.806098 0.12868885 0)
(68.806645 0.12748844 0)
(68.807093 0.12630688 0)
(68.807448 0.1251459 0)
(68.807717 0.12400383 0)
(68.807907 0.12287851 0)
(68.808024 0.12177002 0)
(68.808073 0.1206802 0)
(68.808062 0.11960603 0)
(68.807997 0.11854851 0)
(68.807885 0.11750706 0)
(68.807731 0.11648256 0)
(68.807543 0.11547251 0)
(68.807326 0.11448013 0)
(68.807086 0.11350111 0)
(68.806828 0.11254016 0)
(68.806557 0.11159177 0)
(68.806277 0.11066097 0)
(68.805993 0.10974276 0)
(68.805707 0.10884214 0)
(68.805424 0.1079526 0)
(68.805144 0.10708066 0)
(68.804872 0.10622167 0)
(68.804608 0.1053758 0)
(68.804354 0.10454516 0)
(68.80411 0.10372518 0)
(68.803876 0.10292129 0)
(68.803654 0.10212799 0)
(68.803442 0.10134879 0)
(68.803242 0.10058479 0)
(68.80305 0.099824263 0)
(68.802856 0.099085222 0)
(68.802651 0.098343921 0)
(68.802337 0.097624911 0)
(68.801676 0.096904416 0)
(68.799394 0.096206204 0)
(68.790897 0.095478685 0)
(68.760286 0.094547765 0)
(68.665527 0.092787729 0)
(68.449173 0.089716908 0)
(68.110164 0.085337512 0)
(67.709076 0.080407528 0)
(67.29087 0.075599464 0)
(66.876037 0.071164086 0)
(66.456413 0.06683005 0)
(66.031645 0.062688859 0)
(65.595013 0.058623577 0)
(65.155401 0.054706003 0)
(64.716267 0.050958351 0)
(64.28676 0.047479616 0)
(63.868253 0.04421877 0)
(63.467951 0.041233892 0)
(63.080795 0.038526652 0)
(62.713155 0.035852934 0)
(62.359277 0.034285521 0)
(62.011359 0.029909109 0)
(61.725257 0.03563016 0)
(61.237064 0.022840143 0)
(68.658433 0.10864676 0)
(68.662417 0.11835195 0)
(68.668308 0.12722148 0)
(68.6758 0.1345059 0)
(68.684065 0.13978654 0)
(68.692124 0.14322662 0)
(68.69932 0.14547515 0)
(68.705565 0.14726246 0)
(68.711204 0.14901441 0)
(68.716665 0.1507701 0)
(68.722173 0.15237205 0)
(68.727735 0.15368402 0)
(68.733263 0.15466244 0)
(68.73869 0.1553107 0)
(68.743982 0.15563322 0)
(68.749106 0.15563759 0)
(68.754021 0.1553501 0)
(68.75869 0.15481328 0)
(68.763099 0.15407079 0)
(68.767245 0.15315801 0)
(68.771128 0.15210485 0)
(68.77475 0.15094117 0)
(68.778113 0.14969709 0)
(68.78123 0.14839933 0)
(68.784117 0.14706612 0)
(68.786788 0.14570802 0)
(68.789253 0.14433293 0)
(68.79152 0.14295089 0)
(68.793597 0.14157285 0)
(68.795497 0.14020554 0)
(68.797231 0.13885088 0)
(68.798808 0.13750858 0)
(68.800232 0.13618175 0)
(68.801509 0.13487449 0)
(68.80265 0.13358864 0)
(68.803661 0.13232201 0)
(68.804549 0.13107348 0)
(68.805318 0.12984492 0)
(68.805976 0.12863681 0)
(68.806529 0.12744698 0)
(68.806982 0.12627479 0)
(68.807342 0.12512183 0)
(68.807617 0.12398674 0)
(68.807812 0.12286754 0)
(68.807932 0.12176428 0)
(68.807986 0.1206787 0)
(68.807979 0.1196082 0)
(68.807918 0.1185536 0)
(68.807809 0.1175145 0)
(68.807659 0.11649173 0)
(68.807474 0.11548308 0)
(68.807261 0.11449148 0)
(68.807023 0.11351314 0)
(68.806768 0.11255228 0)
(68.806499 0.11160403 0)
(68.806222 0.1106729 0)
(68.80594 0.10975445 0)
(68.805657 0.10885321 0)
(68.805375 0.10796327 0)
(68.805098 0.10709057 0)
(68.804828 0.10623096 0)
(68.804565 0.10538445 0)
(68.804313 0.10455307 0)
(68.80407 0.10373255 0)
(68.803838 0.10292794 0)
(68.803618 0.10213414 0)
(68.803409 0.10135432 0)
(68.803213 0.10058967 0)
(68.803027 0.099828982 0)
(68.802851 0.099089619 0)
(68.802683 0.098348966 0)
(68.802514 0.097631689 0)
(68.80233 0.096914256 0)
(68.802034 0.096212665 0)
(68.801181 0.095518364 0)
(68.797864 0.094831592 0)
(68.784437 0.094088411 0)
(68.736863 0.092971856 0)
(68.601519 0.090748642 0)
(68.333047 0.087169241 0)
(67.961767 0.08250556 0)
(67.554012 0.077657707 0)
(67.137948 0.073037186 0)
(66.725032 0.068724968 0)
(66.305286 0.064500044 0)
(65.881277 0.060460042 0)
(65.444335 0.056490163 0)
(65.006449 0.05270001 0)
(64.572181 0.049078377 0)
(64.150333 0.045729671 0)
(63.739576 0.042662831 0)
(63.347543 0.039645306 0)
(62.970211 0.037814993 0)
(62.599976 0.03298248 0)
(62.294345 0.039175684 0)
(61.777627 0.025052851 0)
(68.66267 0.10737068 0)
(68.666301 0.11634993 0)
(68.671586 0.12464358 0)
(68.678297 0.13163474 0)
(68.685782 0.13695104 0)
(68.693237 0.14066926 0)
(68.700087 0.14326893 0)
(68.706192 0.14533879 0)
(68.711782 0.14726129 0)
(68.717187 0.14911154 0)
(68.722607 0.1507839 0)
(68.728061 0.15216865 0)
(68.733485 0.15322582 0)
(68.738816 0.15395754 0)
(68.744021 0.15436934 0)
(68.749069 0.1544687 0)
(68.75392 0.1542787 0)
(68.758541 0.15383775 0)
(68.762914 0.15318694 0)
(68.767034 0.15236097 0)
(68.7709 0.15138952 0)
(68.77451 0.15030185 0)
(68.77787 0.14912731 0)
(68.780988 0.14789218 0)
(68.783878 0.14661522 0)
(68.786554 0.14530803 0)
(68.789026 0.14397935 0)
(68.791301 0.14263936 0)
(68.793387 0.14129889 0)
(68.795296 0.13996512 0)
(68.797039 0.13864062 0)
(68.798624 0.13732584 0)
(68.800057 0.13602383 0)
(68.801343 0.13473871 0)
(68.802491 0.13347253 0)
(68.803511 0.13222368 0)
(68.804406 0.13099121 0)
(68.805182 0.12977686 0)
(68.805846 0.12858128 0)
(68.806405 0.12740267 0)
(68.806865 0.12624041 0)
(68.807231 0.12509598 0)
(68.80751 0.12396831 0)
(68.80771 0.1228556 0)
(68.807835 0.1217579 0)
(68.807893 0.12067685 0)
(68.807891 0.11961024 0)
(68.807834 0.11855874 0)
(68.807729 0.11752214 0)
(68.807582 0.11650122 0)
(68.807401 0.11549406 0)
(68.80719 0.11450331 0)
(68.806956 0.11352568 0)
(68.806703 0.11256496 0)
(68.806438 0.11161685 0)
(68.806163 0.11068539 0)
(68.805883 0.10976669 0)
(68.805602 0.10886482 0)
(68.805323 0.10797445 0)
(68.805048 0.10710097 0)
(68.804779 0.10624071 0)
(68.804519 0.10539351 0)
(68.804268 0.10456138 0)
(68.804027 0.10374027 0)
(68.803797 0.10293491 0)
(68.803579 0.10214057 0)
(68.803371 0.10136012 0)
(68.803176 0.10059482 0)
(68.802993 0.099833842 0)
(68.80282 0.099093707 0)
(68.802657 0.098352976 0)
(68.802502 0.097635783 0)
(68.802357 0.09691884 0)
(68.802216 0.096218522 0)
(68.802057 0.095523482 0)
(68.801747 0.094839149 0)
(68.800583 0.094165186 0)
(68.795215 0.093501607 0)
(68.773879 0.09267651 0)
(68.699447 0.091256573 0)
(68.515411 0.088527414 0)
(68.197765 0.084482132 0)
(67.806756 0.079673989 0)
(67.395507 0.074972668 0)
(66.983558 0.070530015 0)
(66.571888 0.066312382 0)
(66.152726 0.062222206 0)
(65.724996 0.058275707 0)
(65.290267 0.054395206 0)
(64.85625 0.050727492 0)
(64.427654 0.047300766 0)
(64.013013 0.043919241 0)
(63.612089 0.041792456 0)
(63.217723 0.036451731 0)
(62.890798 0.043160999 0)
(62.341905 0.027534023 0)
(68.666809 0.1061267 0)
(68.670114 0.11444507 0)
(68.674856 0.12220597 0)
(68.680871 0.12890219 0)
(68.687642 0.13420587 0)
(68.69452 0.13813257 0)
(68.701006 0.14102608 0)
(68.706934 0.14335046 0)
(68.712438 0.14543932 0)
(68.717766 0.14738941 0)
(68.723087 0.14913736 0)
(68.72843 0.15059821 0)
(68.733743 0.15173662 0)
(68.738973 0.15255383 0)
(68.744087 0.15305632 0)
(68.749054 0.15325181 0)
(68.753838 0.1531607 0)
(68.758407 0.15281753 0)
(68.76274 0.15226076 0)
(68.76683 0.15152418 0)
(68.770674 0.15063713 0)
(68.774272 0.14962821 0)
(68.777626 0.14852603 0)
(68.780742 0.14735636 0)
(68.783635 0.1461384 0)
(68.786315 0.14488469 0)
(68.788793 0.1436048 0)
(68.791075 0.14230907 0)
(68.793169 0.14100827 0)
(68.795087 0.13970996 0)
(68.796839 0.1384174 0)
(68.798433 0.1371317 0)
(68.799874 0.13585596 0)
(68.801169 0.13459432 0)
(68.802326 0.13334901 0)
(68.803353 0.13211901 0)
(68.804256 0.13090356 0)
(68.805039 0.12970428 0)
(68.80571 0.12852201 0)
(68.806275 0.1273553 0)
(68.806741 0.12620359 0)
(68.807112 0.12506822 0)
(68.807397 0.12394843 0)
(68.807602 0.12284262 0)
(68.807732 0.12175081 0)
(68.807795 0.12067458 0)
(68.807796 0.11961209 0)
(68.807744 0.11856391 0)
(68.807642 0.11752997 0)
(68.8075 0.11651103 0)
(68.807322 0.11550545 0)
(68.807115 0.11451563 0)
(68.806883 0.11353876 0)
(68.806634 0.1125782 0)
(68.806371 0.11163025 0)
(68.806099 0.11069848 0)
(68.805822 0.1097795 0)
(68.805544 0.10887698 0)
(68.805267 0.10798615 0)
(68.804994 0.10711187 0)
(68.804727 0.10625093 0)
(68.804469 0.10540302 0)
(68.80422 0.10457009 0)
(68.803981 0.10374837 0)
(68.803753 0.10294222 0)
(68.803536 0.10214732 0)
(68.803329 0.10136621 0)
(68.803136 0.10060021 0)
(68.802954 0.099838931 0)
(68.802783 0.099098001 0)
(68.802622 0.0983572 0)
(68.802469 0.09763928 0)
(68.802328 0.096922163 0)
(68.802194 0.096222055 0)
(68.802071 0.095527803 0)
(68.801956 0.094844068 0)
(68.801833 0.094166081 0)
(68.801437 0.093509951 0)
(68.799729 0.092842939 0)
(68.790509 0.092197644 0)
(68.756319 0.091212604 0)
(68.643312 0.089358274 0)
(68.40564 0.086106573 0)
(68.048042 0.081701617 0)
(67.647625 0.076874616 0)
(67.23597 0.072339962 0)
(66.827422 0.068080201 0)
(66.415559 0.063980295 0)
(65.997225 0.059984911 0)
(65.567422 0.056120964 0)
(65.134331 0.052409597 0)
(64.704636 0.048689159 0)
(64.284205 0.046259388 0)
(63.866225 0.040367181 0)
(63.517774 0.047650348 0)
(62.933397 0.030326742 0)
(68.670856 0.10491654 0)
(68.673862 0.11263265 0)
(68.678119 0.11990026 0)
(68.68351 0.12630275 0)
(68.689633 0.13155351 0)
(68.695962 0.13562648 0)
(68.702075 0.13875879 0)
(68.707793 0.14130722 0)
(68.713178 0.14355447 0)
(68.718409 0.14560689 0)
(68.723619 0.14743414 0)
(68.728842 0.14897353 0)
(68.734039 0.15019505 0)
(68.739164 0.15109942 0)
(68.744181 0.1516938 0)
(68.749063 0.15198636 0)
(68.753775 0.15199533 0)
(68.758286 0.15175166 0)
(68.762575 0.15129113 0)
(68.766632 0.15064642 0)
(68.770453 0.14984637 0)
(68.774035 0.14891893 0)
(68.77738 0.14789189 0)
(68.780494 0.14679055 0)
(68.783387 0.14563438 0)
(68.78607 0.14443681 0)
(68.788553 0.14320816 0)
(68.790841 0.14195899 0)
(68.792944 0.14070004 0)
(68.79487 0.13943921 0)
(68.796631 0.13818042 0)
(68.798233 0.13692546 0)
(68.799683 0.13567753 0)
(68.800987 0.13444075 0)
(68.802152 0.1332176 0)
(68.803187 0.13200757 0)
(68.804097 0.13081016 0)
(68.804888 0.12962689 0)
(68.805566 0.12845875 0)
(68.806138 0.12730466 0)
(68.806609 0.12616412 0)
(68.806987 0.1250384 0)
(68.807277 0.12392698 0)
(68.807487 0.12282848 0)
(68.807623 0.12174294 0)
(68.80769 0.12067185 0)
(68.807696 0.11961373 0)
(68.807647 0.11856908 0)
(68.80755 0.11753798 0)
(68.807412 0.11652115 0)
(68.807237 0.11551726 0)
(68.807034 0.11452845 0)
(68.806806 0.11355238 0)
(68.80656 0.11259203 0)
(68.8063 0.11164424 0)
(68.806031 0.11071216 0)
(68.805756 0.1097929 0)
(68.80548 0.10888972 0)
(68.805206 0.1079984 0)
(68.804935 0.1071233 0)
(68.804671 0.10626163 0)
(68.804415 0.10541298 0)
(68.804168 0.10457922 0)
(68.803931 0.10375685 0)
(68.803704 0.10294989 0)
(68.803489 0.10215438 0)
(68.803284 0.10137259 0)
(68.803092 0.10060587 0)
(68.802912 0.09984426 0)
(68.802742 0.099102521 0)
(68.802582 0.098361631 0)
(68.802431 0.097642903 0)
(68.802291 0.096925673 0)
(68.802158 0.096225076 0)
(68.802036 0.095530778 0)
(68.801921 0.094847111 0)
(68.801822 0.094169856 0)
(68.801729 0.093510819 0)
(68.80166 0.092843183 0)
(68.80106 0.09221521 0)
(68.798188 0.091550376 0)
(68.782404 0.09088651 0)
(68.726925 0.089644992 0)
(68.564868 0.087272199 0)
(68.273783 0.083472567 0)
(67.890125 0.078867056 0)
(67.484869 0.074175178 0)
(67.077416 0.069840981 0)
(66.66967 0.065668545 0)
(66.257455 0.061685067 0)
(65.836982 0.057844058 0)
(65.407542 0.053882332 0)
(64.978361 0.05120963 0)
(64.542365 0.044751284 0)
(64.175748 0.052699798 0)
(63.554761 0.033475071 0)
(68.674817 0.10374053 0)
(68.67755 0.11090739 0)
(68.681373 0.11771811 0)
(68.686208 0.1238303 0)
(68.691741 0.12899516 0)
(68.697554 0.13315969 0)
(68.703291 0.13647889 0)
(68.708771 0.1392194 0)
(68.714009 0.14161366 0)
(68.719121 0.14376809 0)
(68.724209 0.14567669 0)
(68.729305 0.14729605 0)
(68.73438 0.14860187 0)
(68.739392 0.14959458 0)
(68.744308 0.15028178 0)
(68.7491 0.15067212 0)
(68.753736 0.15078209 0)
(68.758185 0.15063938 0)
(68.762426 0.15027708 0)
(68.766445 0.14972655 0)
(68.770239 0.14901602 0)
(68.773803 0.14817272 0)
(68.777136 0.1472236 0)
(68.780244 0.14619343 0)
(68.783136 0.1451019 0)
(68.785821 0.14396318 0)
(68.788308 0.1427883 0)
(68.790602 0.14158805 0)
(68.792712 0.1403732 0)
(68.794647 0.13915196 0)
(68.796415 0.1379289 0)
(68.798026 0.13670642 0)
(68.799485 0.13548788 0)
(68.800797 0.13427745 0)
(68.80197 0.1330778 0)
(68.803013 0.13188893 0)
(68.803931 0.13071063 0)
(68.804729 0.12954435 0)
(68.805414 0.12839122 0)
(68.805993 0.1272505 0)
(68.806471 0.12612183 0)
(68.806854 0.12500635 0)
(68.80715 0.12390383 0)
(68.807366 0.12281309 0)
(68.807506 0.1217342 0)
(68.807578 0.12066859 0)
(68.807589 0.11961512 0)
(68.807545 0.11857423 0)
(68.807452 0.11754614 0)
(68.807317 0.11653158 0)
(68.807147 0.11552948 0)
(68.806947 0.11454178 0)
(68.806723 0.11356656 0)
(68.80648 0.11260646 0)
(68.806223 0.11165884 0)
(68.805957 0.11072647 0)
(68.805685 0.10980691 0)
(68.805412 0.10890306 0)
(68.80514 0.10801121 0)
(68.804872 0.10713527 0)
(68.80461 0.10627284 0)
(68.804356 0.10542342 0)
(68.804111 0.10458879 0)
(68.803876 0.10376574 0)
(68.803651 0.10295793 0)
(68.803438 0.10216178 0)
(68.803235 0.10137928 0)
(68.803045 0.1006118 0)
(68.802866 0.099849838 0)
(68.802697 0.099107265 0)
(68.802539 0.098366256 0)
(68.802389 0.097646723 0)
(68.80225 0.096929388 0)
(68.802119 0.096228221 0)
(68.801997 0.095533666 0)
(68.801882 0.094849651 0)
(68.801775 0.094172534 0)
(68.801677 0.093513397 0)
(68.801607 0.092846349 0)
(68.801546 0.092208356 0)
(68.801506 0.091553929 0)
(68.800533 0.090951295 0)
(68.795179 0.090295621 0)
(68.768666 0.089533153 0)
(68.679745 0.087877604 0)
(68.459913 0.084943732 0)
(68.123831 0.080719524 0)
(67.72762 0.076079149 0)
(67.31985 0.071541954 0)
(66.916581 0.067391708 0)
(66.508216 0.063374232 0)
(66.096828 0.059302931 0)
(65.674957 0.056533252 0)
(65.234478 0.049555002 0)
(64.858741 0.058328445 0)
(64.205655 0.037007809 0)
(68.678697 0.10259898 0)
(68.681181 0.10926438 0)
(68.684617 0.11565146 0)
(68.688956 0.12147855 0)
(68.693956 0.12653098 0)
(68.699284 0.13073965 0)
(68.704646 0.13419769 0)
(68.70987 0.13709762 0)
(68.714934 0.13962455 0)
(68.719907 0.14187788 0)
(68.724861 0.14386809 0)
(68.729821 0.14556777 0)
(68.734767 0.14695825 0)
(68.739661 0.14803991 0)
(68.744471 0.14882048 0)
(68.749168 0.14930901 0)
(68.753722 0.14952063 0)
(68.758104 0.14948008 0)
(68.762291 0.14921775 0)
(68.76627 0.14876354 0)
(68.770032 0.14814491 0)
(68.773574 0.14738831 0)
(68.776894 0.14651984 0)
(68.779994 0.1455637 0)
(68.782883 0.14453967 0)
(68.785568 0.14346255 0)
(68.788057 0.14234403 0)
(68.790357 0.14119517 0)
(68.792473 0.14002675 0)
(68.794415 0.13884729 0)
(68.796192 0.13766196 0)
(68.797811 0.13647379 0)
(68.799277 0.13528634 0)
(68.800598 0.13410379 0)
(68.80178 0.13292907 0)
(68.802831 0.13176264 0)
(68.803756 0.13060457 0)
(68.804562 0.12945631 0)
(68.805254 0.12831912 0)
(68.805839 0.1271926 0)
(68.806324 0.1260765 0)
(68.806713 0.12497192 0)
(68.807015 0.12387884 0)
(68.807236 0.12279634 0)
(68.807382 0.12172452 0)
(68.807459 0.12066474 0)
(68.807475 0.11961621 0)
(68.807435 0.11857932 0)
(68.807347 0.11755444 0)
(68.807216 0.11654232 0)
(68.80705 0.11554212 0)
(68.806854 0.11455562 0)
(68.806633 0.11358131 0)
(68.806394 0.11262151 0)
(68.80614 0.11167407 0)
(68.805878 0.11074141 0)
(68.805609 0.10982154 0)
(68.805339 0.10891701 0)
(68.80507 0.10802461 0)
(68.804804 0.10714779 0)
(68.804545 0.10628457 0)
(68.804293 0.10543434 0)
(68.80405 0.10459881 0)
(68.803817 0.10377503 0)
(68.803594 0.10296635 0)
(68.803383 0.10216953 0)
(68.803181 0.10138629 0)
(68.802993 0.10061801 0)
(68.802815 0.099855675 0)
(68.802648 0.099112239 0)
(68.802491 0.098371088 0)
(68.802343 0.097650737 0)
(68.802205 0.096933266 0)
(68.802075 0.096231522 0)
(68.801954 0.095536712 0)
(68.801841 0.094852357 0)
(68.801733 0.09417505 0)
(68.801634 0.093515495 0)
(68.801543 0.092848609 0)
(68.801463 0.092210533 0)
(68.801423 0.091555859 0)
(68.801406 0.090936002 0)
(68.801346 0.090304624 0)
(68.799567 0.08971826 0)
(68.789811 0.089038341 0)
(68.743269 0.088066917 0)
(68.608301 0.085895692 0)
(68.330496 0.082417789 0)
(67.962258 0.077915893 0)
(67.561101 0.073369755 0)
(67.153843 0.069068867 0)
(66.753462 0.064832357 0)
(66.346875 0.061993147 0)
(65.920741 0.054621296 0)
(65.549915 0.064459867 0)
(64.879559 0.04090492 0)
(68.682503 0.10149251 0)
(68.68476 0.10769917 0)
(68.687851 0.11369264 0)
(68.691747 0.11924123 0)
(68.696265 0.12416032 0)
(68.701142 0.12837262 0)
(68.706135 0.13192575 0)
(68.711089 0.13495266 0)
(68.715958 0.13759555 0)
(68.720772 0.13994199 0)
(68.725579 0.14201226 0)
(68.730397 0.14379139 0)
(68.735207 0.14526599 0)
(68.739976 0.14643651 0)
(68.744674 0.14731055 0)
(68.74927 0.14789736 0)
(68.753738 0.14821094 0)
(68.758048 0.1482734 0)
(68.762177 0.14811251 0)
(68.766109 0.14775654 0)
(68.769837 0.14723203 0)
(68.773353 0.14656458 0)
(68.776655 0.14577942 0)
(68.779746 0.1449001 0)
(68.782629 0.14394643 0)
(68.785312 0.14293371 0)
(68.787803 0.1418742 0)
(68.790106 0.14077923 0)
(68.792228 0.13965965 0)
(68.794177 0.13852425 0)
(68.795961 0.13737876 0)
(68.797587 0.13622681 0)
(68.799062 0.1350722 0)
(68.800391 0.13391917 0)
(68.801581 0.13277085 0)
(68.80264 0.1316282 0)
(68.803573 0.13049156 0)
(68.804386 0.12936242 0)
(68.805085 0.12824215 0)
(68.805677 0.12713067 0)
(68.806168 0.12602791 0)
(68.806564 0.12493491 0)
(68.806872 0.12385187 0)
(68.807099 0.12277811 0)
(68.80725 0.12171379 0)
(68.807332 0.12066023 0)
(68.807353 0.11961694 0)
(68.807318 0.11858432 0)
(68.807234 0.11756286 0)
(68.807108 0.11655334 0)
(68.806946 0.11555517 0)
(68.806754 0.11456998 0)
(68.806537 0.11359662 0)
(68.806301 0.11263719 0)
(68.806052 0.11168993 0)
(68.805792 0.11075702 0)
(68.805527 0.10983681 0)
(68.805259 0.10893159 0)
(68.804993 0.1080386 0)
(68.80473 0.1071609 0)
(68.804473 0.10629683 0)
(68.804224 0.10544577 0)
(68.803984 0.1046093 0)
(68.803753 0.10378476 0)
(68.803532 0.10297516 0)
(68.803323 0.10217763 0)
(68.803123 0.10139362 0)
(68.802937 0.10062451 0)
(68.802761 0.099861777 0)
(68.802595 0.099117452 0)
(68.80244 0.098376136 0)
(68.802293 0.097654946 0)
(68.802156 0.096937312 0)
(68.802027 0.096234982 0)
(68.801908 0.095539905 0)
(68.801796 0.09485521 0)
(68.801688 0.094177697 0)
(68.801591 0.093517598 0)
(68.801498 0.092850846 0)
(68.801412 0.092212494 0)
(68.801335 0.091557658 0)
(68.801271 0.090937035 0)
(68.801277 0.090302627 0)
(68.80129 0.089695615 0)
(68.801227 0.089080849 0)
(68.797371 0.088527032 0)
(68.779264 0.087746888 0)
(68.700324 0.086429685 0)
(68.51044 0.083691086 0)
(68.181669 0.079750194 0)
(67.794184 0.075184896 0)
(67.391374 0.070561737 0)
(66.990623 0.067595684 0)
(66.577821 0.059787704 0)
(66.222582 0.07084426 0)
(65.561119 0.045063628 0)
(68.686238 0.10042068 0)
(68.688291 0.10620683 0)
(68.691073 0.11183418 0)
(68.694576 0.11711191 0)
(68.698658 0.12188168 0)
(68.703115 0.12606358 0)
(68.707751 0.12967265 0)
(68.712426 0.13279507 0)
(68.717082 0.13553546 0)
(68.721721 0.13796683 0)
(68.726369 0.14011372 0)
(68.731035 0.14197021 0)
(68.735702 0.1435274 0)
(68.74034 0.14478594 0)
(68.744919 0.14575298 0)
(68.74941 0.14643773 0)
(68.753786 0.14685321 0)
(68.758018 0.1470192 0)
(68.762084 0.1469609 0)
(68.765966 0.14670483 0)
(68.769654 0.14627645 0)
(68.773141 0.14570046 0)
(68.776422 0.14500115 0)
(68.779499 0.14420142 0)
(68.782374 0.14332095 0)
(68.785054 0.14237542 0)
(68.787544 0.14137761 0)
(68.78985 0.14033912 0)
(68.791976 0.13927085 0)
(68.793931 0.13818185 0)
(68.795722 0.13707839 0)
(68.797355 0.13596466 0)
(68.798838 0.13484472 0)
(68.800175 0.13372291 0)
(68.801373 0.13260257 0)
(68.802439 0.1314851 0)
(68.80338 0.13037116 0)
(68.804201 0.12926229 0)
(68.804907 0.12815997 0)
(68.805506 0.12706445 0)
(68.806004 0.12597583 0)
(68.806406 0.12489513 0)
(68.80672 0.12382276 0)
(68.806953 0.12275828 0)
(68.807109 0.12170192 0)
(68.807197 0.12065498 0)
(68.807223 0.11961726 0)
(68.807193 0.11858918 0)
(68.807114 0.11757136 0)
(68.806993 0.11656462 0)
(68.806835 0.11556862 0)
(68.806647 0.11458485 0)
(68.806434 0.11361252 0)
(68.806202 0.1126535 0)
(68.805956 0.11170646 0)
(68.8057 0.11077329 0)
(68.805438 0.10985274 0)
(68.805174 0.10894683 0)
(68.804911 0.10805322 0)
(68.804651 0.1071746 0)
(68.804396 0.10630966 0)
(68.80415 0.10545771 0)
(68.803912 0.10462027 0)
(68.803683 0.10379493 0)
(68.803465 0.10298439 0)
(68.803257 0.1021861 0)
(68.80306 0.10140129 0)
(68.802875 0.10063131 0)
(68.802701 0.099868151 0)
(68.802537 0.099122914 0)
(68.802383 0.098381403 0)
(68.802238 0.097659356 0)
(68.802102 0.096941534 0)
(68.801975 0.096238604 0)
(68.801857 0.09554324 0)
(68.801746 0.09485819 0)
(68.80164 0.094180463 0)
(68.801543 0.093519818 0)
(68.801451 0.092853279 0)
(68.801366 0.092214135 0)
(68.801285 0.091559597 0)
(68.801207 0.09093886 0)
(68.801147 0.090304188 0)
(68.801102 0.089694137 0)
(68.801189 0.089075376 0)
(68.801191 0.088494464 0)
(68.800892 0.087880582 0)
(68.792729 0.087361594 0)
(68.759952 0.086377577 0)
(68.633523 0.084561964 0)
(68.386294 0.08132083 0)
(68.019501 0.076815407 0)
(67.625709 0.073501574 0)
(67.212016 0.06511264 0)
(66.864215 0.077334886 0)
(66.228299 0.049366416 0)
(68.689909 0.099382728 0)
(68.691776 0.10478283 0)
(68.694283 0.11006917 0)
(68.697435 0.11508443 0)
(68.701125 0.11969312 0)
(68.705194 0.12381648 0)
(68.709485 0.12744703 0)
(68.713877 0.1306351 0)
(68.718307 0.13345345 0)
(68.722757 0.13595951 0)
(68.727234 0.13817778 0)
(68.73174 0.14010821 0)
(68.736257 0.14174548 0)
(68.740758 0.14309034 0)
(68.745212 0.14414927 0)
(68.749592 0.14493116 0)
(68.75387 0.14544808 0)
(68.758019 0.1457177 0)
(68.762016 0.14576277 0)
(68.765842 0.14560794 0)
(68.769486 0.14527748 0)
(68.77294 0.14479507 0)
(68.776197 0.14418403 0)
(68.779257 0.14346654 0)
(68.782122 0.14266205 0)
(68.784796 0.14178652 0)
(68.787284 0.14085313 0)
(68.78959 0.13987371 0)
(68.791719 0.13885928 0)
(68.793679 0.13781911 0)
(68.795475 0.13675994 0)
(68.797116 0.1356865 0)
(68.798605 0.13460316 0)
(68.79995 0.13351435 0)
(68.801156 0.13242364 0)
(68.80223 0.13133282 0)
(68.803178 0.13024291 0)
(68.804006 0.12915551 0)
(68.80472 0.12807224 0)
(68.805325 0.12699365 0)
(68.80583 0.12592001 0)
(68.806239 0.12485238 0)
(68.806559 0.12379134 0)
(68.806797 0.1227367 0)
(68.80696 0.1216888 0)
(68.807053 0.12064891 0)
(68.807084 0.11961711 0)
(68.80706 0.11859386 0)
(68.806985 0.11757992 0)
(68.806869 0.11657617 0)
(68.806715 0.11558246 0)
(68.806532 0.11460024 0)
(68.806323 0.113629 0)
(68.806095 0.11267046 0)
(68.805853 0.11172365 0)
(68.8056 0.11079026 0)
(68.805342 0.10986935 0)
(68.805081 0.10896273 0)
(68.804821 0.10806847 0)
(68.804564 0.10718891 0)
(68.804313 0.10632305 0)
(68.804069 0.1054702 0)
(68.803834 0.10463174 0)
(68.803608 0.10380555 0)
(68.803392 0.10299404 0)
(68.803186 0.10219495 0)
(68.802991 0.10140931 0)
(68.802808 0.10063843 0)
(68.802636 0.099874806 0)
(68.802474 0.099128633 0)
(68.802321 0.098386896 0)
(68.802178 0.097663975 0)
(68.802044 0.096945938 0)
(68.801918 0.096242395 0)
(68.801801 0.095546722 0)
(68.801691 0.094861302 0)
(68.801586 0.094183351 0)
(68.801491 0.093522149 0)
(68.8014 0.092855809 0)
(68.801315 0.092215835 0)
(68.801235 0.091561821 0)
(68.801158 0.090940251 0)
(68.801089 0.0903058 0)
(68.801022 0.089695789 0)
(68.800981 0.089076643 0)
(68.800957 0.088485197 0)
(68.801169 0.087873622 0)
(68.801038 0.087329221 0)
(68.799971 0.086706053 0)
(68.783126 0.086173991 0)
(68.726289 0.084946969 0)
(68.537721 0.082244115 0)
(68.240474 0.079780614 0)
(67.839048 0.070913292 0)
(67.492615 0.08406866 0)
(66.86823 0.053773327 0)
(68.69352 0.098377754 0)
(68.695218 0.10342278 0)
(68.697481 0.10839108 0)
(68.700319 0.1131528 0)
(68.703655 0.11759222 0)
(68.707367 0.12163419 0)
(68.711328 0.12525638 0)
(68.715439 0.12848238 0)
(68.719633 0.13135874 0)
(68.723882 0.13392754 0)
(68.728179 0.13621028 0)
(68.732516 0.13820998 0)
(68.736877 0.13992376 0)
(68.741233 0.14135236 0)
(68.745557 0.14250137 0)
(68.749819 0.14337904 0)
(68.753994 0.14399645 0)
(68.758054 0.14436936 0)
(68.761976 0.14451818 0)
(68.765742 0.14446561 0)
(68.769337 0.14423456 0)
(68.772752 0.14384762 0)
(68.775981 0.1433271 0)
(68.779021 0.14269439 0)
(68.781872 0.1419686 0)
(68.784538 0.14116583 0)
(68.787021 0.14029958 0)
(68.789326 0.1393819 0)
(68.791457 0.13842389 0)
(68.79342 0.13743502 0)
(68.795222 0.13642247 0)
(68.796868 0.13539149 0)
(68.798364 0.13434672 0)
(68.799716 0.13329277 0)
(68.800929 0.1322334 0)
(68.80201 0.1311708 0)
(68.802966 0.13010631 0)
(68.803801 0.12904166 0)
(68.804522 0.1279786 0)
(68.805135 0.12691794 0)
(68.805646 0.12586019 0)
(68.806061 0.12480643 0)
(68.806388 0.12375743 0)
(68.806632 0.12271324 0)
(68.806801 0.12167431 0)
(68.8069 0.12064192 0)
(68.806936 0.11961642 0)
(68.806917 0.11859831 0)
(68.806848 0.11758851 0)
(68.806736 0.11658794 0)
(68.806587 0.11559669 0)
(68.806408 0.11461613 0)
(68.806204 0.11364607 0)
(68.80598 0.11268808 0)
(68.805742 0.11174152 0)
(68.805493 0.11080792 0)
(68.805239 0.10988665 0)
(68.804981 0.10897932 0)
(68.804725 0.10808437 0)
(68.804471 0.10720385 0)
(68.804223 0.10633703 0)
(68.803982 0.10548323 0)
(68.803749 0.10464372 0)
(68.803526 0.10381664 0)
(68.803312 0.10300411 0)
(68.803109 0.10220419 0)
(68.802916 0.10141768 0)
(68.802735 0.10064587 0)
(68.802565 0.099881748 0)
(68.802405 0.099134618 0)
(68.802254 0.09839262 0)
(68.802112 0.09766881 0)
(68.80198 0.096950527 0)
(68.801855 0.096246357 0)
(68.80174 0.095550353 0)
(68.801631 0.09486455 0)
(68.801528 0.094186362 0)
(68.801433 0.093524586 0)
(68.801344 0.092858431 0)
(68.80126 0.092217642 0)
(68.801181 0.091564137 0)
(68.801105 0.090941645 0)
(68.801036 0.090307607 0)
(68.80097 0.089697086 0)
(68.800909 0.089077892 0)
(68.800849 0.088486452 0)
(68.800836 0.087874976 0)
(68.800831 0.087306532 0)
(68.801252 0.086706864 0)
(68.800532 0.086190982 0)
(68.797868 0.085630724 0)
(68.763113 0.084693279 0)
(68.670549 0.084372891 0)
(68.402851 0.076538897 0)
(68.115074 0.091267485 0)
(67.49396 0.058432638 0)
(68.697075 0.097404673 0)
(68.698621 0.10212246 0)
(68.700665 0.10679377 0)
(68.703224 0.11131124 0)
(68.706241 0.11557623 0)
(68.709623 0.11951869 0)
(68.713273 0.12310715 0)
(68.717105 0.12634584 0)
(68.721058 0.12926043 0)
(68.725097 0.13187885 0)
(68.729205 0.13421768 0)
(68.733367 0.13628072 0)
(68.737564 0.13806642 0)
(68.74177 0.13957527 0)
(68.745956 0.14081178 0)
(68.750095 0.14178326 0)
(68.754161 0.14249972 0)
(68.758126 0.14297511 0)
(68.761968 0.14322759 0)
(68.765668 0.14327789 0)
(68.769209 0.14314742 0)
(68.772582 0.14285759 0)
(68.775778 0.14242964 0)
(68.778793 0.14188408 0)
(68.781627 0.1412396 0)
(68.784281 0.1405123 0)
(68.786758 0.1397159 0)
(68.78906 0.13886262 0)
(68.791191 0.13796363 0)
(68.793156 0.13702859 0)
(68.794962 0.13606505 0)
(68.796613 0.13507875 0)
(68.798115 0.13407464 0)
(68.799473 0.13305748 0)
(68.800693 0.13203124 0)
(68.801781 0.13099848 0)
(68.802744 0.12996088 0)
(68.803586 0.12892031 0)
(68.804314 0.12787866 0)
(68.804934 0.12683702 0)
(68.805451 0.1257961 0)
(68.805873 0.12475706 0)
(68.806206 0.12372083 0)
(68.806457 0.12268773 0)
(68.806631 0.12165832 0)
(68.806736 0.12063391 0)
(68.806778 0.1196151 0)
(68.806764 0.11860248 0)
(68.8067 0.11759707 0)
(68.806593 0.11659991 0)
(68.806449 0.11561129 0)
(68.806275 0.11463253 0)
(68.806075 0.11366373 0)
(68.805856 0.11270635 0)
(68.805622 0.11176007 0)
(68.805378 0.1108263 0)
(68.805127 0.10990465 0)
(68.804873 0.10899661 0)
(68.80462 0.10810093 0)
(68.80437 0.10721944 0)
(68.804125 0.10635161 0)
(68.803887 0.10549682 0)
(68.803657 0.10465622 0)
(68.803436 0.10382821 0)
(68.803225 0.10301464 0)
(68.803025 0.10221383 0)
(68.802834 0.10142642 0)
(68.802656 0.10065364 0)
(68.802487 0.099888984 0)
(68.802329 0.099140876 0)
(68.80218 0.09839858 0)
(68.80204 0.097673867 0)
(68.80191 0.096955306 0)
(68.801787 0.096250497 0)
(68.801672 0.095554139 0)
(68.801565 0.094867938 0)
(68.801463 0.094189501 0)
(68.80137 0.093527132 0)
(68.801282 0.092861155 0)
(68.801199 0.092219543 0)
(68.801121 0.09156652 0)
(68.801047 0.090943129 0)
(68.800978 0.090309507 0)
(68.800914 0.089698326 0)
(68.800852 0.089079425 0)
(68.800793 0.088487746 0)
(68.80074 0.087876047 0)
(68.800677 0.087306911 0)
(68.800726 0.086709473 0)
(68.800649 0.086145358 0)
(68.801588 0.085660993 0)
(68.798496 0.084893537 0)
(68.794119 0.085692306 0)
(68.71743 0.079716065 0)
(68.61835 0.097644842 0)
(68.09774 0.063299106 0)
(68.700576 0.096462383 0)
(68.701985 0.10087796 0)
(68.703834 0.1052716 0)
(68.706143 0.10955437 0)
(68.708873 0.11364231 0)
(68.711954 0.11747124 0)
(68.715309 0.12100476 0)
(68.71887 0.12423362 0)
(68.722581 0.12716737 0)
(68.726404 0.12982154 0)
(68.730315 0.13220686 0)
(68.734294 0.13432618 0)
(68.738322 0.13617823 0)
(68.742371 0.13776292 0)
(68.746414 0.13908354 0)
(68.750425 0.1401462 0)
(68.754375 0.14095968 0)
(68.75824 0.14153621 0)
(68.761996 0.14189179 0)
(68.765623 0.14204513 0)
(68.769105 0.14201605 0)
(68.77243 0.14182466 0)
(68.775589 0.14149106 0)
(68.778576 0.14103485 0)
(68.781389 0.14047415 0)
(68.784029 0.13982493 0)
(68.786496 0.13910105 0)
(68.788792 0.13831482 0)
(68.790921 0.13747748 0)
(68.792887 0.13659882 0)
(68.794695 0.13568674 0)
(68.79635 0.13474741 0)
(68.797857 0.13378611 0)
(68.799221 0.13280773 0)
(68.800447 0.13181648 0)
(68.801542 0.13081526 0)
(68.802511 0.12980609 0)
(68.80336 0.12879101 0)
(68.804095 0.12777203 0)
(68.804721 0.12675053 0)
(68.805246 0.12572745 0)
(68.805674 0.12470402 0)
(68.806013 0.12368136 0)
(68.80627 0.12266002 0)
(68.80645 0.12164071 0)
(68.806561 0.12062479 0)
(68.806608 0.11961308 0)
(68.8066 0.11860628 0)
(68.806542 0.11760557 0)
(68.80644 0.11661205 0)
(68.806302 0.11562622 0)
(68.806132 0.11464942 0)
(68.805937 0.11368197 0)
(68.805723 0.11272528 0)
(68.805493 0.11177932 0)
(68.805253 0.11084539 0)
(68.805006 0.10992337 0)
(68.804756 0.1090146 0)
(68.804507 0.10811817 0)
(68.80426 0.10723567 0)
(68.804019 0.10636681 0)
(68.803784 0.10551098 0)
(68.803557 0.10466927 0)
(68.803339 0.10384027 0)
(68.803131 0.10302562 0)
(68.802933 0.10222388 0)
(68.802745 0.10143554 0)
(68.802569 0.10066175 0)
(68.802403 0.09989652 0)
(68.802247 0.099147414 0)
(68.8021 0.098404779 0)
(68.801961 0.097679152 0)
(68.801833 0.096960276 0)
(68.801712 0.096254817 0)
(68.801599 0.095558081 0)
(68.801493 0.094871469 0)
(68.801393 0.094192768 0)
(68.801301 0.093529788 0)
(68.801214 0.092863984 0)
(68.801132 0.092221533 0)
(68.801056 0.091568983 0)
(68.800982 0.090944696 0)
(68.800915 0.090311458 0)
(68.800851 0.089699639 0)
(68.80079 0.089081099 0)
(68.800733 0.088488696 0)
(68.800678 0.087877514 0)
(68.800617 0.087308358 0)
(68.800584 0.086710655 0)
(68.800441 0.086142134 0)
(68.800748 0.085672167 0)
(68.799797 0.084810723 0)
(68.803725 0.085817131 0)
(68.786314 0.080166172 0)
(68.808307 0.10054672 0)
(68.551933 0.066963718 0)
(68.704029 0.095549322 0)
(68.705313 0.09968554 0)
(68.706988 0.1038193 0)
(68.709074 0.10787706 0)
(68.711545 0.11178742 0)
(68.714349 0.1154924 0)
(68.717428 0.11895362 0)
(68.720727 0.12215294 0)
(68.724197 0.12508793 0)
(68.727801 0.12776372 0)
(68.731509 0.13018503 0)
(68.735301 0.13235256 0)
(68.739153 0.13426445 0)
(68.74304 0.13591972 0)
(68.746935 0.13732025 0)
(68.750811 0.13847076 0)
(68.75464 0.13937864 0)
(68.758399 0.1400544 0)
(68.762063 0.14051199 0)
(68.765612 0.14076807 0)
(68.769029 0.14084078 0)
(68.772301 0.14074881 0)
(68.775417 0.14051107 0)
(68.778372 0.14014614 0)
(68.781161 0.13967151 0)
(68.783782 0.13910288 0)
(68.786236 0.1384541 0)
(68.788524 0.13773755 0)
(68.790649 0.13696447 0)
(68.792614 0.13614477 0)
(68.794422 0.13528665 0)
(68.79608 0.13439664 0)
(68.797591 0.13348033 0)
(68.798959 0.13254281 0)
(68.800191 0.13158848 0)
(68.801292 0.13062056 0)
(68.802268 0.12964143 0)
(68.803123 0.12865329 0)
(68.803864 0.12765832 0)
(68.804497 0.12665815 0)
(68.805028 0.12565394 0)
(68.805463 0.12464707 0)
(68.805808 0.12363879 0)
(68.806071 0.12262992 0)
(68.806258 0.12162133 0)
(68.806374 0.12061443 0)
(68.806428 0.11961026 0)
(68.806425 0.11860967 0)
(68.806372 0.11761395 0)
(68.806276 0.11662432 0)
(68.806143 0.11564148 0)
(68.805978 0.11466677 0)
(68.805788 0.11370078 0)
(68.805578 0.11274487 0)
(68.805353 0.11179926 0)
(68.805118 0.11086521 0)
(68.804875 0.10994281 0)
(68.80463 0.10903332 0)
(68.804384 0.1081361 0)
(68.804141 0.10725258 0)
(68.803903 0.10638263 0)
(68.803672 0.10552574 0)
(68.803449 0.10468286 0)
(68.803234 0.10385283 0)
(68.803029 0.10303706 0)
(68.802833 0.10223435 0)
(68.802648 0.10144503 0)
(68.802474 0.10067021 0)
(68.80231 0.09990436 0)
(68.802157 0.099154239 0)
(68.802012 0.098411221 0)
(68.801875 0.097684668 0)
(68.801748 0.096965442 0)
(68.801629 0.096259322 0)
(68.801518 0.095562183 0)
(68.801414 0.094875145 0)
(68.801315 0.094196164 0)
(68.801224 0.09353256 0)
(68.801139 0.092866915 0)
(68.801059 0.092223616 0)
(68.800983 0.09157153 0)
(68.800911 0.090946339 0)
(68.800844 0.090313468 0)
(68.800782 0.089701027 0)
(68.800722 0.089082805 0)
(68.800667 0.088489664 0)
(68.800612 0.087879265 0)
(68.800554 0.087309036 0)
(68.800512 0.086712292 0)
(68.800382 0.0861442 0)
(68.800492 0.085676672 0)
(68.799647 0.08479434 0)
(68.801938 0.08585088 0)
(68.793649 0.080078713 0)
(68.816058 0.10087482 0)
(68.752234 0.068386812 0)
(68.707434 0.094664247 0)
(68.708607 0.098541776 0)
(68.710125 0.10243212 0)
(68.712012 0.10627459 0)
(68.71425 0.11000855 0)
(68.716801 0.11358221 0)
(68.719622 0.11695727 0)
(68.72267 0.12011015 0)
(68.725903 0.1230299 0)
(68.729286 0.12571336 0)
(68.732789 0.12815958 0)
(68.736389 0.13036648 0)
(68.740061 0.13233089 0)
(68.743781 0.13405063 0)
(68.747522 0.13552606 0)
(68.751257 0.13676036 0)
(68.75496 0.13775938 0)
(68.758606 0.1385319 0)
(68.762172 0.13908983 0)
(68.765637 0.13944783 0)
(68.768984 0.13962225 0)
(68.772197 0.13963029 0)
(68.775266 0.13948958 0)
(68.778183 0.1392176 0)
(68.780943 0.13883111 0)
(68.783542 0.13834542 0)
(68.785981 0.13777423 0)
(68.788258 0.13712991 0)
(68.790376 0.13642369 0)
(68.792337 0.13566554 0)
(68.794145 0.13486387 0)
(68.795803 0.13402558 0)
(68.797317 0.13315652 0)
(68.798689 0.13226198 0)
(68.799926 0.13134655 0)
(68.801032 0.13041378 0)
(68.802013 0.12946634 0)
(68.802875 0.12850667 0)
(68.803622 0.12753711 0)
(68.804261 0.1265595 0)
(68.804798 0.12557527 0)
(68.805239 0.12458593 0)
(68.805591 0.12359292 0)
(68.80586 0.12259726 0)
(68.806052 0.12160003 0)
(68.806175 0.12060271 0)
(68.806234 0.11960656 0)
(68.806237 0.11861256 0)
(68.80619 0.11762215 0)
(68.8061 0.11663668 0)
(68.805972 0.11565702 0)
(68.805813 0.11468458 0)
(68.805628 0.11372015 0)
(68.805423 0.11276511 0)
(68.805203 0.1118199 0)
(68.804972 0.11088575 0)
(68.804734 0.10996298 0)
(68.804493 0.10905276 0)
(68.804251 0.10815473 0)
(68.804012 0.10727015 0)
(68.803778 0.10639909 0)
(68.803551 0.10554108 0)
(68.803331 0.104697 0)
(68.803119 0.1038659 0)
(68.802917 0.10304897 0)
(68.802725 0.10224524 0)
(68.802542 0.10145492 0)
(68.802371 0.10067902 0)
(68.802209 0.099912509 0)
(68.802058 0.099161355 0)
(68.801915 0.098417909 0)
(68.801781 0.097690422 0)
(68.801656 0.096970806 0)
(68.801539 0.096264014 0)
(68.801429 0.095566446 0)
(68.801327 0.094878968 0)
(68.80123 0.094199692 0)
(68.80114 0.093535448 0)
(68.801056 0.092869949 0)
(68.800977 0.092225796 0)
(68.800903 0.091574158 0)
(68.800832 0.09094806 0)
(68.800767 0.090315543 0)
(68.800706 0.089702477 0)
(68.800647 0.089084555 0)
(68.800592 0.08849071 0)
(68.800538 0.087881041 0)
(68.800483 0.087309648 0)
(68.800439 0.086714478 0)
(68.800323 0.08614532 0)
(68.800383 0.085679354 0)
(68.799692 0.084799371 0)
(68.801049 0.085855035 0)
(68.79547 0.080157349 0)
(68.806253 0.10059991 0)
(68.795649 0.068671998 0)
(68.710796 0.093806099 0)
(68.711867 0.09744348 0)
(68.713245 0.1011057 0)
(68.714953 0.10474259 0)
(68.71698 0.10830275 0)
(68.7193 0.11174032 0)
(68.721881 0.11501845 0)
(68.72469 0.1181107 0)
(68.727693 0.12100042 0)
(68.730856 0.12367816 0)
(68.734153 0.12613798 0)
(68.737558 0.1283748 0)
(68.741048 0.13038371 0)
(68.744596 0.1321611 0)
(68.748178 0.1337057 0)
(68.751767 0.13501901 0)
(68.755338 0.13610525 0)
(68.758866 0.13697141 0)
(68.762328 0.13762746 0)
(68.765703 0.138086 0)
(68.768973 0.13836156 0)
(68.772122 0.13846977 0)
(68.775139 0.13842686 0)
(68.778013 0.1382492 0)
(68.780739 0.13795266 0)
(68.783313 0.13755204 0)
(68.785731 0.1370608 0)
(68.787995 0.13649118 0)
(68.790103 0.13585435 0)
(68.792058 0.1351603 0)
(68.793863 0.13441761 0)
(68.795521 0.13363344 0)
(68.797035 0.13281392 0)
(68.79841 0.13196453 0)
(68.79965 0.13109006 0)
(68.800761 0.13019432 0)
(68.801747 0.12928032 0)
(68.802614 0.1283507 0)
(68.803367 0.12740797 0)
(68.804012 0.12645423 0)
(68.804555 0.12549113 0)
(68.805002 0.12452036 0)
(68.80536 0.1235435 0)
(68.805635 0.12256185 0)
(68.805834 0.12157665 0)
(68.805962 0.12058951 0)
(68.806027 0.11960186 0)
(68.806036 0.11861488 0)
(68.805995 0.11763012 0)
(68.80591 0.11664907 0)
(68.805788 0.11567282 0)
(68.805634 0.11470282 0)
(68.805455 0.11374007 0)
(68.805255 0.11278598 0)
(68.80504 0.11184122 0)
(68.804814 0.11090702 0)
(68.804581 0.10998387 0)
(68.804344 0.10907293 0)
(68.804107 0.10817406 0)
(68.803873 0.10728841 0)
(68.803642 0.10641619 0)
(68.803418 0.10555702 0)
(68.803202 0.10471171 0)
(68.802994 0.10387948 0)
(68.802795 0.10306136 0)
(68.802606 0.10225656 0)
(68.802426 0.10146519 0)
(68.802258 0.10068819 0)
(68.802099 0.099920969 0)
(68.80195 0.099168766 0)
(68.80181 0.098424846 0)
(68.801678 0.097696415 0)
(68.801555 0.09697637 0)
(68.801439 0.096268895 0)
(68.801332 0.095570872 0)
(68.801231 0.094882938 0)
(68.801136 0.094203352 0)
(68.801048 0.093538455 0)
(68.800965 0.092873084 0)
(68.800888 0.092228074 0)
(68.800815 0.091576865 0)
(68.800745 0.090949861 0)
(68.800681 0.090317681 0)
(68.800621 0.08970399 0)
(68.800563 0.089086359 0)
(68.80051 0.08849181 0)
(68.800457 0.087882839 0)
(68.800403 0.087310366 0)
(68.800359 0.086716682 0)
(68.800249 0.086146286 0)
(68.800292 0.085682403 0)
(68.799679 0.084806983 0)
(68.800747 0.085844563 0)
(68.796102 0.080306842 0)
(68.803645 0.10014727 0)
(68.799616 0.068931115 0)
(68.714116 0.092973565 0)
(68.715095 0.096387695 0)
(68.716347 0.099836064 0)
(68.717894 0.10327702 0)
(68.719731 0.10666709 0)
(68.72184 0.10996598 0)
(68.724199 0.11313916 0)
(68.726781 0.11615917 0)
(68.729561 0.1190059 0)
(68.73251 0.12166537 0)
(68.735601 0.12412758 0)
(68.73881 0.12638455 0)
(68.742113 0.12842944 0)
(68.745487 0.13025701 0)
(68.748906 0.13186434 0)
(68.752344 0.13325121 0)
(68.755778 0.13442008 0)
(68.759183 0.13537617 0)
(68.762535 0.13612747 0)
(68.765814 0.13668461 0)
(68.769001 0.1370602 0)
(68.77208 0.13726825 0)
(68.775038 0.13732353 0)
(68.777865 0.13724117 0)
(68.780552 0.13703608 0)
(68.783095 0.13672243 0)
(68.78549 0.13631331 0)
(68.787736 0.13582074 0)
(68.789832 0.13525575 0)
(68.791778 0.13462831 0)
(68.793578 0.13394708 0)
(68.795232 0.13321946 0)
(68.796746 0.13245181 0)
(68.798122 0.13164979 0)
(68.799365 0.13081836 0)
(68.800479 0.1299616 0)
(68.801469 0.12908282 0)
(68.802341 0.12818489 0)
(68.803099 0.1272705 0)
(68.803749 0.12634196 0)
(68.804298 0.1254012 0)
(68.804751 0.12445006 0)
(68.805115 0.12349032 0)
(68.805396 0.12252349 0)
(68.8056 0.12155104 0)
(68.805735 0.12057469 0)
(68.805806 0.11959606 0)
(68.805821 0.11861653 0)
(68.805786 0.11763777 0)
(68.805707 0.11666145 0)
(68.80559 0.11568883 0)
(68.805442 0.11472145 0)
(68.805269 0.11376051 0)
(68.805074 0.11280748 0)
(68.804864 0.11186323 0)
(68.804643 0.11092901 0)
(68.804415 0.11000549 0)
(68.804183 0.10909382 0)
(68.803951 0.10819409 0)
(68.803721 0.10730735 0)
(68.803495 0.10643393 0)
(68.803275 0.10557357 0)
(68.803062 0.10472698 0)
(68.802858 0.10389357 0)
(68.802663 0.10307422 0)
(68.802477 0.10226831 0)
(68.8023 0.10147586 0)
(68.802134 0.10069772 0)
(68.801979 0.099929743 0)
(68.801832 0.099176475 0)
(68.801694 0.098432031 0)
(68.801565 0.097702649 0)
(68.801444 0.096982134 0)
(68.80133 0.096273966 0)
(68.801225 0.095575462 0)
(68.801126 0.094887057 0)
(68.801032 0.094207143 0)
(68.800946 0.093541582 0)
(68.800865 0.09287632 0)
(68.800789 0.092230452 0)
(68.800718 0.09157965 0)
(68.80065 0.090951745 0)
(68.800587 0.090319879 0)
(68.800528 0.089705565 0)
(68.800471 0.089088218 0)
(68.800419 0.088492956 0)
(68.800368 0.087884682 0)
(68.800314 0.087311149 0)
(68.800271 0.086718861 0)
(68.800165 0.086147461 0)
(68.800201 0.085685456 0)
(68.799618 0.084814906 0)
(68.800602 0.085832411 0)
(68.79625 0.080465657 0)
(68.803284 0.099645922 0)
(68.799498 0.069275329 0)
(68.717395 0.092165487 0)
(68.718291 0.095371895 0)
(68.719429 0.098619715 0)
(68.720832 0.10187426 0)
(68.722498 0.10509883 0)
(68.724414 0.10825827 0)
(68.726566 0.11132085 0)
(68.728936 0.11425941 0)
(68.731502 0.11705204 0)
(68.734241 0.11968178 0)
(68.737128 0.12213557 0)
(68.740142 0.12440284 0)
(68.743258 0.12647483 0)
(68.746454 0.12834464 0)
(68.749707 0.13000769 0)
(68.752991 0.13146201 0)
(68.756283 0.1327083 0)
(68.759558 0.13374995 0)
(68.762795 0.13459305 0)
(68.765973 0.13524622 0)
(68.769071 0.13572019 0)
(68.772074 0.13602723 0)
(68.774968 0.1361806 0)
(68.777741 0.13619412 0)
(68.780385 0.13608165 0)
(68.782893 0.13585658 0)
(68.78526 0.13553152 0)
(68.787484 0.13511818 0)
(68.789563 0.13462737 0)
(68.791498 0.13406896 0)
(68.79329 0.13345165 0)
(68.79494 0.13278299 0)
(68.796451 0.13206954 0)
(68.797826 0.13131712 0)
(68.79907 0.13053085 0)
(68.800186 0.12971507 0)
(68.80118 0.12887334 0)
(68.802055 0.12800878 0)
(68.802817 0.12712427 0)
(68.803473 0.12622234 0)
(68.804027 0.12530516 0)
(68.804485 0.12437477 0)
(68.804855 0.12343313 0)
(68.805141 0.12248199 0)
(68.805351 0.12152303 0)
(68.805492 0.1205581 0)
(68.805569 0.11958904 0)
(68.80559 0.11861742 0)
(68.805561 0.11764504 0)
(68.805488 0.11667375 0)
(68.805377 0.115705 0)
(68.805235 0.11474043 0)
(68.805067 0.11378144 0)
(68.804879 0.11282957 0)
(68.804674 0.11188589 0)
(68.804459 0.1109517 0)
(68.804236 0.11002784 0)
(68.804009 0.10911545 0)
(68.803782 0.10821482 0)
(68.803556 0.10732696 0)
(68.803334 0.10645232 0)
(68.803119 0.10559072 0)
(68.80291 0.10474282 0)
(68.80271 0.10390818 0)
(68.802518 0.10308757 0)
(68.802335 0.1022805 0)
(68.802162 0.10148693 0)
(68.802 0.10070761 0)
(68.801847 0.099938831 0)
(68.801703 0.099184483 0)
(68.801568 0.098439466 0)
(68.801441 0.097709125 0)
(68.801322 0.096988097 0)
(68.801211 0.096279227 0)
(68.801107 0.095580215 0)
(68.801011 0.094891323 0)
(68.800919 0.094211065 0)
(68.800834 0.093544829 0)
(68.800755 0.092879652 0)
(68.800681 0.092232932 0)
(68.800611 0.091582508 0)
(68.800544 0.090953713 0)
(68.800483 0.090322135 0)
(68.800425 0.089707205 0)
(68.80037 0.089090127 0)
(68.800319 0.088494149 0)
(68.800268 0.087886573 0)
(68.800216 0.087311976 0)
(68.800174 0.086721074 0)
(68.80007 0.086148791 0)
(68.800104 0.085688381 0)
(68.799538 0.08482356 0)
(68.800476 0.085819517 0)
(68.796307 0.080626874 0)
(68.803125 0.099131598 0)
(68.799376 0.069643641 0)
(68.720635 0.091380669 0)
(68.721456 0.094393758 0)
(68.722492 0.097453443 0)
(68.723764 0.10053094 0)
(68.725275 0.10359531 0)
(68.727015 0.10661604 0)
(68.728977 0.10956442 0)
(68.731147 0.11241447 0)
(68.73351 0.11514374 0)
(68.736046 0.11773359 0)
(68.738733 0.12016876 0)
(68.741553 0.12243665 0)
(68.744482 0.12452673 0)
(68.7475 0.1264305 0)
(68.750584 0.12814178 0)
(68.75371 0.12965689 0)
(68.756855 0.13097479 0)
(68.759997 0.13209706 0)
(68.763113 0.13302788 0)
(68.766183 0.13377392 0)
(68.769187 0.13434401 0)
(68.772108 0.13474865 0)
(68.774932 0.13499951 0)
(68.777646 0.13510905 0)
(68.78024 0.13508996 0)
(68.782708 0.13495476 0)
(68.785042 0.13471544 0)
(68.787241 0.1343833 0)
(68.7893 0.13396886 0)
(68.79122 0.13348179 0)
(68.793001 0.13293078 0)
(68.794643 0.13232346 0)
(68.796149 0.13166653 0)
(68.797522 0.13096594 0)
(68.798765 0.13022698 0)
(68.799882 0.1294542 0)
(68.800878 0.1286514 0)
(68.801756 0.12782195 0)
(68.802522 0.1269689 0)
(68.803181 0.12609502 0)
(68.80374 0.12520271 0)
(68.804203 0.12429421 0)
(68.804578 0.1233717 0)
(68.80487 0.12243715 0)
(68.805086 0.12149244 0)
(68.805233 0.12053962 0)
(68.805316 0.11958068 0)
(68.805343 0.11861745 0)
(68.805319 0.11765185 0)
(68.805253 0.1166859 0)
(68.805148 0.11572128 0)
(68.805012 0.11475973 0)
(68.80485 0.11380283 0)
(68.804667 0.11285224 0)
(68.804469 0.1119092 0)
(68.804259 0.11097509 0)
(68.804041 0.11005088 0)
(68.80382 0.10913778 0)
(68.803597 0.10823624 0)
(68.803377 0.10734725 0)
(68.80316 0.10647135 0)
(68.802949 0.10560846 0)
(68.802744 0.10475922 0)
(68.802548 0.10392331 0)
(68.80236 0.10310139 0)
(68.802181 0.10229311 0)
(68.802012 0.10149838 0)
(68.801852 0.10071785 0)
(68.801702 0.099948231 0)
(68.801561 0.099192788 0)
(68.801429 0.098447148 0)
(68.801305 0.097715841 0)
(68.801188 0.09699426 0)
(68.80108 0.096284675 0)
(68.800978 0.095585131 0)
(68.800884 0.094895735 0)
(68.800794 0.094215115 0)
(68.800711 0.093548196 0)
(68.800634 0.09288308 0)
(68.800561 0.092235515 0)
(68.800493 0.091585437 0)
(68.800428 0.090955764 0)
(68.800368 0.090324446 0)
(68.800312 0.089708908 0)
(68.800258 0.089092083 0)
(68.800208 0.088495391 0)
(68.800159 0.087888506 0)
(68.800108 0.087312847 0)
(68.800066 0.086723331 0)
(68.799965 0.086150228 0)
(68.799996 0.085691237 0)
(68.799448 0.08483308 0)
(68.800342 0.085805159 0)
(68.796355 0.0807927 0)
(68.802939 0.098603404 0)
(68.799286 0.070021538 0)
(68.723838 0.090618247 0)
(68.72459 0.093451242 0)
(68.725533 0.096334476 0)
(68.726688 0.099244105 0)
(68.728058 0.10215408 0)
(68.729638 0.10503807 0)
(68.731424 0.10787042 0)
(68.733408 0.11062684 0)
(68.735578 0.11328527 0)
(68.737919 0.11582638 0)
(68.740412 0.11823361 0)
(68.743041 0.12049284 0)
(68.745785 0.12259205 0)
(68.748624 0.12452134 0)
(68.751537 0.12627302 0)
(68.754502 0.12784181 0)
(68.757498 0.12922498 0)
(68.760502 0.13042234 0)
(68.763492 0.13143621 0)
(68.766448 0.13227137 0)
(68.769352 0.13293472 0)
(68.772185 0.13343499 0)
(68.774932 0.13378223 0)
(68.777581 0.13398742 0)
(68.780121 0.13406204 0)
(68.782543 0.13401762 0)
(68.784841 0.13386543 0)
(68.787009 0.13361621 0)
(68.789044 0.13328011 0)
(68.790945 0.13286656 0)
(68.792712 0.13238412 0)
(68.794344 0.13184044 0)
(68.795843 0.13124231 0)
(68.797211 0.13059579 0)
(68.798451 0.12990628 0)
(68.799567 0.12917853 0)
(68.800563 0.12841657 0)
(68.801443 0.12762397 0)
(68.802212 0.12680401 0)
(68.802874 0.12595965 0)
(68.803437 0.12509354 0)
(68.803905 0.12420814 0)
(68.804284 0.1233058 0)
(68.804582 0.12238876 0)
(68.804803 0.12145911 0)
(68.804955 0.12051908 0)
(68.805044 0.11957087 0)
(68.805077 0.11861652 0)
(68.80506 0.1176581 0)
(68.804999 0.11669784 0)
(68.804901 0.11573761 0)
(68.804771 0.11477929 0)
(68.804615 0.11382465 0)
(68.804439 0.11287545 0)
(68.804246 0.11193313 0)
(68.804042 0.11099914 0)
(68.80383 0.11007462 0)
(68.803614 0.10916081 0)
(68.803397 0.10825835 0)
(68.803182 0.1073682 0)
(68.80297 0.10649101 0)
(68.802763 0.1056268 0)
(68.802564 0.10477617 0)
(68.802372 0.10393895 0)
(68.802188 0.10311569 0)
(68.802013 0.10230616 0)
(68.801847 0.10151023 0)
(68.801691 0.10072846 0)
(68.801544 0.099957939 0)
(68.801407 0.099201386 0)
(68.801277 0.098455074 0)
(68.801155 0.097722794 0)
(68.801042 0.097000618 0)
(68.800936 0.096290308 0)
(68.800837 0.095590206 0)
(68.800744 0.094900291 0)
(68.800656 0.094219291 0)
(68.800576 0.093551681 0)
(68.8005 0.092886598 0)
(68.800429 0.092238198 0)
(68.800363 0.091588432 0)
(68.800299 0.090957898 0)
(68.800241 0.09032681 0)
(68.800186 0.089710674 0)
(68.800133 0.089094085 0)
(68.800085 0.088496682 0)
(68.800037 0.087890477 0)
(68.799988 0.087313767 0)
(68.799947 0.086725624 0)
(68.799849 0.086151771 0)
(68.799878 0.085694052 0)
(68.799347 0.084843416 0)
(68.800196 0.085789359 0)
(68.796396 0.080963174 0)
(68.802734 0.098060307 0)
(68.799187 0.070409709 0)
(68.727005 0.089877475 0)
(68.727693 0.092542578 0)
(68.728553 0.095260385 0)
(68.729601 0.098011113 0)
(68.730843 0.10077288 0)
(68.732278 0.10352309 0)
(68.733902 0.10623901 0)
(68.735713 0.10889841 0)
(68.737701 0.1114802 0)
(68.739855 0.11396514 0)
(68.742161 0.11633608 0)
(68.744603 0.11857794 0)
(68.747163 0.12067761 0)
(68.749824 0.12262398 0)
(68.752567 0.12440803 0)
(68.75537 0.12602305 0)
(68.758212 0.1274647 0)
(68.761074 0.12873111 0)
(68.763934 0.12982282 0)
(68.766772 0.13074273 0)
(68.769569 0.13149591 0)
(68.772309 0.13208927 0)
(68.774974 0.1325312 0)
(68.777552 0.13283118 0)
(68.780032 0.13299936 0)
(68.782402 0.13304622 0)
(68.784657 0.13298216 0)
(68.78679 0.1328173 0)
(68.788797 0.13256129 0)
(68.790676 0.13222323 0)
(68.792424 0.13181149 0)
(68.794043 0.13133366 0)
(68.795532 0.13079655 0)
(68.796893 0.13020628 0)
(68.798128 0.12956835 0)
(68.799241 0.12888766 0)
(68.800236 0.12816845 0)
(68.801116 0.1274145 0)
(68.801886 0.12662927 0)
(68.802551 0.12581594 0)
(68.803117 0.12497738 0)
(68.803588 0.12411628 0)
(68.803972 0.12323522 0)
(68.804274 0.12233663 0)
(68.804501 0.12142287 0)
(68.804658 0.12049635 0)
(68.804753 0.11955947 0)
(68.804792 0.11861451 0)
(68.804781 0.1176637 0)
(68.804727 0.11670948 0)
(68.804635 0.11575393 0)
(68.804511 0.11479906 0)
(68.804362 0.11384683 0)
(68.804192 0.11289916 0)
(68.804005 0.11195763 0)
(68.803807 0.11102383 0)
(68.803601 0.11009902 0)
(68.803391 0.10918452 0)
(68.80318 0.10828111 0)
(68.80297 0.1073898 0)
(68.802763 0.10651128 0)
(68.802562 0.10564572 0)
(68.802367 0.10479367 0)
(68.802179 0.10395508 0)
(68.802 0.10313045 0)
(68.801829 0.10231962 0)
(68.801667 0.10152245 0)
(68.801515 0.10073942 0)
(68.801372 0.099967947 0)
(68.801237 0.099210271 0)
(68.801111 0.098463238 0)
(68.800992 0.097729978 0)
(68.800881 0.097007166 0)
(68.800778 0.096296121 0)
(68.800681 0.095595436 0)
(68.800591 0.094904986 0)
(68.800505 0.094223588 0)
(68.800427 0.093555282 0)
(68.800353 0.092890203 0)
(68.800284 0.092240981 0)
(68.800219 0.091591489 0)
(68.800157 0.090960114 0)
(68.800101 0.090329221 0)
(68.800047 0.089712501 0)
(68.799996 0.089096128 0)
(68.799949 0.088498021 0)
(68.799903 0.08789248 0)
(68.799855 0.087314736 0)
(68.799816 0.086727945 0)
(68.79972 0.086153426 0)
(68.799746 0.085696819 0)
(68.799234 0.084854546 0)
(68.800037 0.085772256 0)
(68.796427 0.081137445 0)
(68.802513 0.097503922 0)
(68.799076 0.070807984 0)
(68.730136 0.089157697 0)
(68.730767 0.091666287 0)
(68.73155 0.094229059 0)
(68.732502 0.096829628 0)
(68.733628 0.099449651 0)
(68.734929 0.1020698 0)
(68.736405 0.10467016 0)
(68.738054 0.10723063 0)
(68.739872 0.10973152 0)
(68.741849 0.11215424 0)
(68.743975 0.11448163 0)
(68.746235 0.11669818 0)
(68.748616 0.11879006 0)
(68.751101 0.12074524 0)
(68.753673 0.12255362 0)
(68.756313 0.1242072 0)
(68.759 0.12570022 0)
(68.761717 0.12702921 0)
(68.764442 0.12819303 0)
(68.767157 0.1291928 0)
(68.769843 0.13003177 0)
(68.772483 0.13071509 0)
(68.77506 0.13124945 0)
(68.777561 0.1316428 0)
(68.779974 0.13190391 0)
(68.782288 0.13204208 0)
(68.784495 0.13206677 0)
(68.786588 0.13198734 0)
(68.788562 0.13181289 0)
(68.790414 0.13155207 0)
(68.79214 0.13121299 0)
(68.793741 0.13080307 0)
(68.795217 0.1303291 0)
(68.796568 0.12979719 0)
(68.797796 0.12921294 0)
(68.798905 0.12858132 0)
(68.799896 0.12790676 0)
(68.800775 0.12719324 0)
(68.801545 0.1264444 0)
(68.802211 0.12566361 0)
(68.802779 0.12485399 0)
(68.803253 0.12401844 0)
(68.803641 0.12315974 0)
(68.803947 0.12228059 0)
(68.804178 0.12138356 0)
(68.804341 0.12047128 0)
(68.804442 0.11954636 0)
(68.804486 0.11861132 0)
(68.804482 0.11766857 0)
(68.804433 0.11672075 0)
(68.804348 0.11577015 0)
(68.804231 0.11481897 0)
(68.804088 0.11386933 0)
(68.803924 0.11292331 0)
(68.803744 0.11198268 0)
(68.803553 0.11104911 0)
(68.803353 0.11012405 0)
(68.803149 0.10920887 0)
(68.802944 0.10830452 0)
(68.802739 0.10741201 0)
(68.802538 0.10653215 0)
(68.802342 0.1056652 0)
(68.802152 0.1048117 0)
(68.801969 0.1039717 0)
(68.801795 0.10314566 0)
(68.801628 0.10233348 0)
(68.80147 0.10153504 0)
(68.801322 0.10075071 0)
(68.801182 0.099978248 0)
(68.801051 0.099219435 0)
(68.800928 0.098471632 0)
(68.800813 0.097737385 0)
(68.800705 0.097013899 0)
(68.800604 0.096302107 0)
(68.80051 0.095600815 0)
(68.800422 0.094909814 0)
(68.800339 0.094228001 0)
(68.800263 0.093558995 0)
(68.800191 0.092893888 0)
(68.800124 0.092243861 0)
(68.800061 0.091594602 0)
(68.800001 0.090962409 0)
(68.799946 0.090331676 0)
(68.799895 0.089714386 0)
(68.799845 0.089098208 0)
(68.799799 0.088499406 0)
(68.799755 0.087894512 0)
(68.799708 0.087315756 0)
(68.79967 0.086730289 0)
(68.799577 0.086155196 0)
(68.799601 0.08569953 0)
(68.799108 0.084866468 0)
(68.799865 0.085753928 0)
(68.796446 0.081314688 0)
(68.802276 0.096936398 0)
(68.798953 0.071215097 0)
(68.733232 0.088458467 0)
(68.73381 0.090821154 0)
(68.734524 0.093238725 0)
(68.735388 0.095697636 0)
(68.736409 0.098182542 0)
(68.737588 0.10067699 0)
(68.738927 0.10316365 0)
(68.740428 0.10562458 0)
(68.742085 0.10804172 0)
(68.743895 0.11039749 0)
(68.745848 0.1126752 0)
(68.747934 0.11485936 0)
(68.75014 0.11693579 0)
(68.752452 0.11889187 0)
(68.754855 0.12071664 0)
(68.757331 0.12240106 0)
(68.759863 0.1239381 0)
(68.762432 0.12532286 0)
(68.765019 0.12655264 0)
(68.767607 0.12762687 0)
(68.770176 0.12854707 0)
(68.772711 0.12931663 0)
(68.775194 0.1299406 0)
(68.777613 0.13042532 0)
(68.779953 0.13077818 0)
(68.782204 0.1310072 0)
(68.784357 0.13112082 0)
(68.786405 0.13112754 0)
(68.788341 0.13103578 0)
(68.79016 0.13085368 0)
(68.791861 0.13058897 0)
(68.793441 0.13024887 0)
(68.7949 0.12984001 0)
(68.796238 0.1293685 0)
(68.797456 0.12883991 0)
(68.798557 0.12825933 0)
(68.799543 0.1276313 0)
(68.800419 0.12695998 0)
(68.801187 0.12624918 0)
(68.801853 0.12550247 0)
(68.802422 0.12472317 0)
(68.802898 0.1239144 0)
(68.803289 0.1230792 0)
(68.803599 0.12222046 0)
(68.803834 0.12134103 0)
(68.804002 0.12044374 0)
(68.804108 0.11953142 0)
(68.804158 0.11860683 0)
(68.804159 0.11767259 0)
(68.804117 0.11673154 0)
(68.804038 0.1157862 0)
(68.803928 0.11483894 0)
(68.803792 0.11389208 0)
(68.803635 0.11294785 0)
(68.803462 0.1120082 0)
(68.803277 0.11107495 0)
(68.803084 0.11014966 0)
(68.802886 0.10923383 0)
(68.802687 0.10832852 0)
(68.802489 0.10743482 0)
(68.802293 0.10655359 0)
(68.802103 0.10568521 0)
(68.801918 0.10483023 0)
(68.801741 0.10398878 0)
(68.801571 0.10316129 0)
(68.801409 0.10234774 0)
(68.801255 0.10154798 0)
(68.801111 0.10076233 0)
(68.800975 0.099988825 0)
(68.800848 0.099228863 0)
(68.800728 0.098480243 0)
(68.800616 0.097745004 0)
(68.800511 0.097020805 0)
(68.800413 0.096308256 0)
(68.800322 0.095606336 0)
(68.800237 0.094914767 0)
(68.800156 0.09423252 0)
(68.800082 0.093562813 0)
(68.800013 0.092897645 0)
(68.799948 0.092246831 0)
(68.799887 0.091597765 0)
(68.799829 0.090964779 0)
(68.799775 0.090334168 0)
(68.799726 0.089716325 0)
(68.799678 0.089100319 0)
(68.799634 0.088500835 0)
(68.799591 0.087896564 0)
(68.799546 0.087316824 0)
(68.799509 0.086732647 0)
(68.799419 0.086157081 0)
(68.799441 0.085702176 0)
(68.798967 0.084879167 0)
(68.799679 0.08573445 0)
(68.796452 0.08149409 0)
(68.80202 0.096359955 0)
(68.798814 0.071629541 0)
(68.736295 0.087779489 0)
(68.736824 0.090006211 0)
(68.737474 0.092287911 0)
(68.738259 0.094613417 0)
(68.739183 0.096969929 0)
(68.740251 0.099343504 0)
(68.741465 0.10171916 0)
(68.742827 0.10408103 0)
(68.744336 0.1064128 0)
(68.745988 0.10869816 0)
(68.747777 0.11092123 0)
(68.749695 0.11306686 0)
(68.751732 0.11512092 0)
(68.753875 0.11707045 0)
(68.756111 0.11890397 0)
(68.758424 0.12061158 0)
(68.7608 0.1221852 0)
(68.763219 0.12361869 0)
(68.765666 0.12490792 0)
(68.768123 0.12605077 0)
(68.770571 0.12704712 0)
(68.772995 0.1278987 0)
(68.775379 0.12860887 0)
(68.777709 0.12918242 0)
(68.779971 0.12962528 0)
(68.782153 0.12994418 0)
(68.784247 0.13014642 0)
(68.786243 0.13023956 0)
(68.788136 0.13023126 0)
(68.789919 0.13012903 0)
(68.791589 0.12994016 0)
(68.793144 0.12967154 0)
(68.794582 0.12932961 0)
(68.795903 0.12892037 0)
(68.797108 0.12844936 0)
(68.798199 0.1279217 0)
(68.799178 0.12734203 0)
(68.800048 0.12671463 0)
(68.800813 0.1260435 0)
(68.801477 0.12533237 0)
(68.802045 0.12458477 0)
(68.802523 0.12380405 0)
(68.802915 0.12299345 0)
(68.803228 0.12215613 0)
(68.803467 0.12129516 0)
(68.803639 0.12041361 0)
(68.803749 0.11951454 0)
(68.803805 0.11860094 0)
(68.803812 0.11767568 0)
(68.803777 0.11674178 0)
(68.803704 0.11580199 0)
(68.803601 0.1148589 0)
(68.803472 0.11391501 0)
(68.803322 0.11297272 0)
(68.803156 0.11203415 0)
(68.802977 0.11110128 0)
(68.802791 0.11017581 0)
(68.8026 0.10925934 0)
(68.802408 0.10835308 0)
(68.802216 0.10745817 0)
(68.802027 0.10657556 0)
(68.801842 0.10570572 0)
(68.801663 0.10484923 0)
(68.801491 0.1040063 0)
(68.801326 0.10317733 0)
(68.801169 0.10236236 0)
(68.80102 0.10156125 0)
(68.80088 0.10077425 0)
(68.800749 0.099999663 0)
(68.800625 0.099238539 0)
(68.800509 0.09848906 0)
(68.8004 0.097752822 0)
(68.800299 0.097027875 0)
(68.800204 0.096314558 0)
(68.800115 0.095611988 0)
(68.800033 0.094919837 0)
(68.799955 0.09423714 0)
(68.799883 0.09356673 0)
(68.799816 0.092901468 0)
(68.799754 0.092249888 0)
(68.799695 0.091600969 0)
(68.799639 0.090967219 0)
(68.799587 0.090336693 0)
(68.799539 0.089718315 0)
(68.799494 0.089102455 0)
(68.799451 0.088502306 0)
(68.79941 0.087898632 0)
(68.799366 0.087317941 0)
(68.799331 0.086735012 0)
(68.799244 0.086159081 0)
(68.799264 0.085704755 0)
(68.79881 0.084892617 0)
(68.799476 0.085713921 0)
(68.796442 0.081674781 0)
(68.801744 0.095776966 0)
(68.798661 0.072049713 0)
(68.739324 0.087120671 0)
(68.739809 0.089220763 0)
(68.740401 0.091375448 0)
(68.741112 0.09357555 0)
(68.741949 0.095810424 0)
(68.742915 0.098068298 0)
(68.744014 0.1003363 0)
(68.745248 0.10260055 0)
(68.746618 0.10484645 0)
(68.748122 0.1070591 0)
(68.749756 0.10922366 0)
(68.751514 0.11132563 0)
(68.753388 0.11335118 0)
(68.755366 0.11528737 0)
(68.757439 0.11712238 0)
(68.759592 0.11884575 0)
(68.761811 0.12044857 0)
(68.76408 0.12192364 0)
(68.766384 0.12326558 0)
(68.768707 0.12447087 0)
(68.77103 0.12553785 0)
(68.773339 0.12646667 0)
(68.775619 0.12725911 0)
(68.777854 0.12791839 0)
(68.780031 0.12844896 0)
(68.782139 0.12885621 0)
(68.784167 0.12914626 0)
(68.786106 0.12932563 0)
(68.78795 0.12940112 0)
(68.789691 0.12937956 0)
(68.791325 0.12926767 0)
(68.79285 0.12907193 0)
(68.794264 0.12879852 0)
(68.795565 0.12845326 0)
(68.796753 0.12804159 0)
(68.797831 0.12756861 0)
(68.798799 0.12703903 0)
(68.799662 0.12645724 0)
(68.800421 0.12582734 0)
(68.801082 0.12515327 0)
(68.801648 0.12443872 0)
(68.802125 0.12368728 0)
(68.802518 0.1229024 0)
(68.802832 0.12208747 0)
(68.803074 0.12124583 0)
(68.80325 0.12038077 0)
(68.803365 0.1194956 0)
(68.803426 0.11859355 0)
(68.803439 0.11767773 0)
(68.80341 0.11675135 0)
(68.803344 0.11581743 0)
(68.803248 0.11487875 0)
(68.803125 0.11393803 0)
(68.802983 0.11299782 0)
(68.802824 0.11206044 0)
(68.802653 0.11112802 0)
(68.802474 0.11020242 0)
(68.80229 0.10928534 0)
(68.802104 0.10837813 0)
(68.801919 0.10748201 0)
(68.801736 0.106598 0)
(68.801558 0.10572669 0)
(68.801385 0.10486865 0)
(68.801218 0.1040242 0)
(68.801059 0.10319372 0)
(68.800907 0.1023773 0)
(68.800763 0.10157482 0)
(68.800628 0.10078645 0)
(68.800501 0.10001074 0)
(68.800381 0.099248439 0)
(68.800269 0.098498059 0)
(68.800164 0.097760816 0)
(68.800066 0.097035089 0)
(68.799974 0.096320993 0)
(68.799889 0.095617754 0)
(68.799809 0.094925008 0)
(68.799734 0.094241843 0)
(68.799665 0.093570733 0)
(68.7996 0.092905344 0)
(68.79954 0.09225302 0)
(68.799483 0.091604205 0)
(68.79943 0.09096972 0)
(68.79938 0.090339239 0)
(68.799334 0.089720346 0)
(68.79929 0.089104609 0)
(68.799249 0.088503811 0)
(68.79921 0.087900705 0)
(68.799168 0.087319102 0)
(68.799134 0.086737373 0)
(68.799051 0.086161192 0)
(68.799068 0.085707259 0)
(68.798635 0.084906778 0)
(68.799256 0.085692449 0)
(68.796415 0.081855833 0)
(68.801447 0.095189993 0)
(68.79849 0.072473878 0)
(68.742322 0.086482099 0)
(68.742765 0.088464344 0)
(68.743303 0.090500449 0)
(68.743948 0.092582901 0)
(68.744704 0.094702878 0)
(68.745577 0.096850485 0)
(68.74657 0.09901473 0)
(68.747686 0.10118355 0)
(68.748927 0.10334404 0)
(68.750293 0.10548276 0)
(68.751781 0.10758601 0)
(68.753386 0.10964019 0)
(68.755103 0.11163199 0)
(68.756923 0.11354872 0)
(68.758836 0.11537851 0)
(68.760831 0.11711057 0)
(68.762895 0.11873537 0)
(68.765015 0.12024489 0)
(68.767175 0.12163266 0)
(68.76936 0.12289394 0)
(68.771555 0.12402569 0)
(68.773745 0.12502657 0)
(68.775915 0.12589682 0)
(68.77805 0.12663817 0)
(68.780137 0.1272536 0)
(68.782164 0.12774713 0)
(68.78412 0.12812363 0)
(68.785997 0.12838855 0)
(68.787785 0.12854773 0)
(68.789479 0.1286072 0)
(68.791073 0.12857306 0)
(68.792563 0.12845131 0)
(68.793947 0.12824774 0)
(68.795223 0.12796794 0)
(68.796392 0.12761719 0)
(68.797453 0.12720052 0)
(68.798408 0.12672264 0)
(68.79926 0.12618801 0)
(68.800011 0.12560087 0)
(68.800666 0.12496525 0)
(68.801228 0.12428507 0)
(68.801703 0.1235641 0)
(68.802096 0.12280602 0)
(68.802411 0.12201446 0)
(68.802656 0.12119299 0)
(68.802834 0.12034517 0)
(68.802954 0.11947453 0)
(68.80302 0.11858457 0)
(68.803038 0.11767864 0)
(68.803015 0.11676018 0)
(68.802955 0.11583243 0)
(68.802866 0.11489842 0)
(68.802751 0.11396105 0)
(68.802615 0.11302307 0)
(68.802464 0.112087 0)
(68.8023 0.11115511 0)
(68.802129 0.11022943 0)
(68.801952 0.10931177 0)
(68.801774 0.10840362 0)
(68.801596 0.10750629 0)
(68.80142 0.10662087 0)
(68.801248 0.10574805 0)
(68.801081 0.10488846 0)
(68.800921 0.10404247 0)
(68.800767 0.10321045 0)
(68.800621 0.10239255 0)
(68.800482 0.10158866 0)
(68.800352 0.1007989 0)
(68.800229 0.10002202 0)
(68.800114 0.099258541 0)
(68.800006 0.098507223 0)
(68.799905 0.09776897 0)
(68.79981 0.097042435 0)
(68.799722 0.09632755 0)
(68.79964 0.095623626 0)
(68.799563 0.094930269 0)
(68.799491 0.094246622 0)
(68.799425 0.093574816 0)
(68.799363 0.092909265 0)
(68.799305 0.092256221 0)
(68.79925 0.091607466 0)
(68.799199 0.090972277 0)
(68.799152 0.090341804 0)
(68.799108 0.089722414 0)
(68.799066 0.089106775 0)
(68.799027 0.088505349 0)
(68.798989 0.087902778 0)
(68.798949 0.087320306 0)
(68.798916 0.086739724 0)
(68.798837 0.08616341 0)
(68.798852 0.085709685 0)
(68.79844 0.084921603 0)
(68.799017 0.085670162 0)
(68.796367 0.082036275 0)
(68.801127 0.094601784 0)
(68.798299 0.072900156 0)
(68.745288 0.085864057 0)
(68.745693 0.087736749 0)
(68.746181 0.089662319 0)
(68.746765 0.091634629 0)
(68.747448 0.0936464 0)
(68.748235 0.095689352 0)
(68.749131 0.09775415 0)
(68.750138 0.099830394 0)
(68.75126 0.10190676 0)
(68.752496 0.10397125 0)
(68.753846 0.10601142 0)
(68.755307 0.10801466 0)
(68.756874 0.10996838 0)
(68.758541 0.11186034 0)
(68.7603 0.11367884 0)
(68.76214 0.11541298 0)
(68.764051 0.11705287 0)
(68.766021 0.11858983 0)
(68.768037 0.12001656 0)
(68.770084 0.12132724 0)
(68.772148 0.12251761 0)
(68.774215 0.12358497 0)
(68.77627 0.12452815 0)
(68.7783 0.12534741 0)
(68.780291 0.1260443 0)
(68.782232 0.12662148 0)
(68.78411 0.12708254 0)
(68.785918 0.12743178 0)
(68.787645 0.12767403 0)
(68.789286 0.12781446 0)
(68.790833 0.12785845 0)
(68.792283 0.1278114 0)
(68.793633 0.12767868 0)
(68.79488 0.12746555 0)
(68.796024 0.12717707 0)
(68.797065 0.12681813 0)
(68.798003 0.12639341 0)
(68.798842 0.12590739 0)
(68.799583 0.12536438 0)
(68.800229 0.12476855 0)
(68.800786 0.12412397 0)
(68.801257 0.1234346 0)
(68.801648 0.12270435 0)
(68.801963 0.12193708 0)
(68.802208 0.1211366 0)
(68.802389 0.12030673 0)
(68.802512 0.11945125 0)
(68.802582 0.1185739 0)
(68.802606 0.11767833 0)
(68.802589 0.11676815 0)
(68.802536 0.11584687 0)
(68.802453 0.11491777 0)
(68.802345 0.11398395 0)
(68.802218 0.11304836 0)
(68.802074 0.11211371 0)
(68.801918 0.11118244 0)
(68.801754 0.11025673 0)
(68.801586 0.10933852 0)
(68.801415 0.10842945 0)
(68.801244 0.10753091 0)
(68.801075 0.10664408 0)
(68.80091 0.10576975 0)
(68.80075 0.10490858 0)
(68.800596 0.10406101 0)
(68.800448 0.10322744 0)
(68.800308 0.10240803 0)
(68.800175 0.10160271 0)
(68.800049 0.10081155 0)
(68.799932 0.10003347 0)
(68.799821 0.0992688 0)
(68.799718 0.098516512 0)
(68.79962 0.097777245 0)
(68.79953 0.097049875 0)
(68.799445 0.096334194 0)
(68.799367 0.095629571 0)
(68.799293 0.094935593 0)
(68.799225 0.094251449 0)
(68.799161 0.093578952 0)
(68.799101 0.092913207 0)
(68.799046 0.09225947 0)
(68.798994 0.09161073 0)
(68.798945 0.090974869 0)
(68.7989 0.090344369 0)
(68.798858 0.089724503 0)
(68.798818 0.089108937 0)
(68.798781 0.088506906 0)
(68.798745 0.087904835 0)
(68.798708 0.087321542 0)
(68.798676 0.086742048 0)
(68.798601 0.086165723 0)
(68.798614 0.085712024 0)
(68.798224 0.084937023 0)
(68.798757 0.085647193 0)
(68.796297 0.082215096 0)
(68.800781 0.094015248 0)
(68.798088 0.073326525 0)
(68.748225 0.085267036 0)
(68.748593 0.087038043 0)
(68.749036 0.088860754 0)
(68.749563 0.090730187 0)
(68.750179 0.092640362 0)
(68.750887 0.094584387 0)
(68.751693 0.096554377 0)
(68.7526 0.09854142 0)
(68.753611 0.10053567 0)
(68.754727 0.1025265 0)
(68.755948 0.10450274 0)
(68.757273 0.10645283 0)
(68.758697 0.10836506 0)
(68.760218 0.11022777 0)
(68.761826 0.11202963 0)
(68.763516 0.11375983 0)
(68.765278 0.11540832 0)
(68.7671 0.116966 0)
(68.768971 0.11842492 0)
(68.770879 0.11977837 0)
(68.77281 0.12102104 0)
(68.77475 0.12214903 0)
(68.776687 0.12315986 0)
(68.778607 0.12405241 0)
(68.780497 0.12482686 0)
(68.782345 0.12548452 0)
(68.78414 0.12602769 0)
(68.785872 0.12645949 0)
(68.787532 0.12678368 0)
(68.789113 0.1270045 0)
(68.790609 0.12712652 0)
(68.792013 0.1271545 0)
(68.793324 0.12709328 0)
(68.794537 0.1269477 0)
(68.795652 0.12672255 0)
(68.796668 0.12642253 0)
(68.797586 0.12605221 0)
(68.798408 0.12561606 0)
(68.799135 0.12511842 0)
(68.799771 0.12456358 0)
(68.80032 0.12395573 0)
(68.800785 0.12329902 0)
(68.801172 0.12259756 0)
(68.801485 0.12185544 0)
(68.80173 0.12107673 0)
(68.801913 0.12026548 0)
(68.802038 0.11942575 0)
(68.802113 0.11856152 0)
(68.802141 0.11767673 0)
(68.802129 0.11677518 0)
(68.802083 0.11586068 0)
(68.802007 0.11493673 0)
(68.801907 0.11400666 0)
(68.801787 0.1130736 0)
(68.801651 0.11214048 0)
(68.801504 0.1112099 0)
(68.801348 0.11028422 0)
(68.801187 0.10936552 0)
(68.801024 0.10845554 0)
(68.800861 0.10755581 0)
(68.8007 0.10666757 0)
(68.800542 0.10579171 0)
(68.800389 0.10492895 0)
(68.800242 0.1040798 0)
(68.800101 0.10324466 0)
(68.799966 0.10242372 0)
(68.799839 0.10161695 0)
(68.799719 0.10082437 0)
(68.799607 0.10004507 0)
(68.799501 0.099279197 0)
(68.799402 0.098525912 0)
(68.799309 0.097785629 0)
(68.799223 0.097057403 0)
(68.799142 0.096340918 0)
(68.799067 0.095635584 0)
(68.798997 0.094940976 0)
(68.798931 0.094256323 0)
(68.798871 0.093583142 0)
(68.798814 0.092917171 0)
(68.798762 0.092262766 0)
(68.798713 0.091614 0)
(68.798666 0.0909775 0)
(68.798623 0.090346936 0)
(68.798584 0.089726615 0)
(68.798546 0.089111096 0)
(68.798511 0.088508484 0)
(68.798477 0.087906877 0)
(68.798441 0.087322813 0)
(68.798412 0.086744344 0)
(68.79834 0.08616813 0)
(68.798351 0.085714279 0)
(68.797984 0.084952964 0)
(68.798474 0.085623701 0)
(68.796202 0.082391265 0)
(68.800407 0.093433466 0)
(68.797853 0.07375083 0)
(68.751132 0.084691721 0)
(68.751467 0.086368524 0)
(68.751868 0.08809573 0)
(68.752343 0.089869324 0)
(68.752897 0.091684424 0)
(68.753533 0.093535319 0)
(68.754256 0.095415389 0)
(68.75507 0.097317044 0)
(68.755978 0.099231777 0)
(68.756982 0.10115028 0)
(68.758082 0.10306259 0)
(68.759278 0.10495824 0)
(68.760568 0.10682644 0)
(68.761948 0.10865628 0)
(68.763413 0.11043693 0)
(68.764957 0.11215783 0)
(68.766572 0.11380898 0)
(68.768248 0.11538104 0)
(68.769976 0.1168656 0)
(68.771744 0.11825529 0)
(68.77354 0.11954389 0)
(68.775352 0.12072647 0)
(68.777167 0.12179936 0)
(68.778972 0.1227602 0)
(68.780756 0.12360784 0)
(68.782506 0.12434228 0)
(68.784211 0.12496456 0)
(68.785862 0.1254766 0)
(68.787449 0.12588104 0)
(68.788964 0.12618115 0)
(68.790402 0.12638062 0)
(68.791755 0.12648349 0)
(68.79302 0.12649398 0)
(68.794194 0.12641647 0)
(68.795275 0.12625538 0)
(68.796263 0.12601516 0)
(68.797156 0.12570023 0)
(68.797957 0.12531499 0)
(68.798668 0.12486378 0)
(68.79929 0.12435096 0)
(68.799828 0.12378083 0)
(68.800285 0.12315771 0)
(68.800667 0.1224859 0)
(68.800977 0.12176971 0)
(68.80122 0.12101346 0)
(68.801403 0.12022146 0)
(68.80153 0.11939801 0)
(68.801608 0.11854737 0)
(68.801641 0.11767374 0)
(68.801634 0.11678117 0)
(68.801594 0.11587372 0)
(68.801525 0.11495515 0)
(68.801433 0.114029 0)
(68.80132 0.11309862 0)
(68.801193 0.11216714 0)
(68.801054 0.11123735 0)
(68.800907 0.11031176 0)
(68.800754 0.10939259 0)
(68.8006 0.10848175 0)
(68.800445 0.10758083 0)
(68.800291 0.10669119 0)
(68.800141 0.1058138 0)
(68.799996 0.10494946 0)
(68.799856 0.10409871 0)
(68.799721 0.10326198 0)
(68.799593 0.10243951 0)
(68.799472 0.10163127 0)
(68.799358 0.10083726 0)
(68.799251 0.10005672 0)
(68.799151 0.099289647 0)
(68.799056 0.098535343 0)
(68.798968 0.097794044 0)
(68.798886 0.097064948 0)
(68.79881 0.096347654 0)
(68.798738 0.095641602 0)
(68.798672 0.094946357 0)
(68.79861 0.094261184 0)
(68.798552 0.09358733 0)
(68.798499 0.092921105 0)
(68.798449 0.092266061 0)
(68.798403 0.09161723 0)
(68.798359 0.090980124 0)
(68.798319 0.090349465 0)
(68.798281 0.089728712 0)
(68.798246 0.089113217 0)
(68.798213 0.088510052 0)
(68.798182 0.08790887 0)
(68.798148 0.08732409 0)
(68.79812 0.086746581 0)
(68.798053 0.0861706 0)
(68.798062 0.08571643 0)
(68.797717 0.084969317 0)
(68.798165 0.08559984 0)
(68.796079 0.082563714 0)
(68.800005 0.09285965 0)
(68.797593 0.074170765 0)
(68.754013 0.08413903 0)
(68.754317 0.085728764 0)
(68.754678 0.087367523 0)
(68.755105 0.089052105 0)
(68.755601 0.090778546 0)
(68.756171 0.092542147 0)
(68.756817 0.094337379 0)
(68.757546 0.096157816 0)
(68.758358 0.097996158 0)
(68.759258 0.099844303 0)
(68.760245 0.10169345 0)
(68.76132 0.10353421 0)
(68.762483 0.10535676 0)
(68.763729 0.10715098 0)
(68.765056 0.10890664 0)
(68.766459 0.11061363 0)
(68.767931 0.1122621 0)
(68.769465 0.11384269 0)
(68.77105 0.11534671 0)
(68.772679 0.11676628 0)
(68.774339 0.1180945 0)
(68.77602 0.11932554 0)
(68.77771 0.12045472 0)
(68.779397 0.12147851 0)
(68.78107 0.12239456 0)
(68.782717 0.12320163 0)
(68.784327 0.1238995 0)
(68.78589 0.1244889 0)
(68.787398 0.12497136 0)
(68.788841 0.1253491 0)
(68.790214 0.1256249 0)
(68.79151 0.12580199 0)
(68.792724 0.12588395 0)
(68.793853 0.12587458 0)
(68.794895 0.12577789 0)
(68.795849 0.12559801 0)
(68.796713 0.12533915 0)
(68.79749 0.12500557 0)
(68.79818 0.12460161 0)
(68.798785 0.12413162 0)
(68.79931 0.12360002 0)
(68.799757 0.12301126 0)
(68.80013 0.12236983 0)
(68.800435 0.12168024 0)
(68.800676 0.12094705 0)
(68.800858 0.12017483 0)
(68.800986 0.11936813 0)
(68.801065 0.11853149 0)
(68.801102 0.11766937 0)
(68.801101 0.11678609 0)
(68.801067 0.11588594 0)
(68.801005 0.11497295 0)
(68.80092 0.11405089 0)
(68.800816 0.11312334 0)
(68.800696 0.1121936 0)
(68.800566 0.11126468 0)
(68.800428 0.11033925 0)
(68.800284 0.10941967 0)
(68.800138 0.10850799 0)
(68.799992 0.10760591 0)
(68.799847 0.10671488 0)
(68.799705 0.10583598 0)
(68.799567 0.10497005 0)
(68.799435 0.10411769 0)
(68.799307 0.10327938 0)
(68.799186 0.10245537 0)
(68.799072 0.10164566 0)
(68.798964 0.10085023 0)
(68.798862 0.10006843 0)
(68.798767 0.099300155 0)
(68.798678 0.098544818 0)
(68.798595 0.097802507 0)
(68.798518 0.097072528 0)
(68.798445 0.096354424 0)
(68.798378 0.09564765 0)
(68.798316 0.094951762 0)
(68.798257 0.094266062 0)
(68.798203 0.093591547 0)
(68.798153 0.092925039 0)
(68.798106 0.092269383 0)
(68.798063 0.09162045 0)
(68.798022 0.090982771 0)
(68.797984 0.090351985 0)
(68.797949 0.089730818 0)
(68.797916 0.089115325 0)
(68.797886 0.088511632 0)
(68.797856 0.087910835 0)
(68.797825 0.087325394 0)
(68.797799 0.086748773 0)
(68.797736 0.086173141 0)
(68.797744 0.085718494 0)
(68.797422 0.084985989 0)
(68.79783 0.085575809 0)
(68.795926 0.082731391 0)
(68.79957 0.092297177 0)
(68.797306 0.074583909 0)
(68.75687 0.083610123 0)
(68.757143 0.085119614 0)
(68.757468 0.086676725 0)
(68.75785 0.088278925 0)
(68.758293 0.089923024 0)
(68.758801 0.091605179 0)
(68.759377 0.0933208 0)
(68.760026 0.095064482 0)
(68.76075 0.096829994 0)
(68.761552 0.098610332 0)
(68.762434 0.10039778 0)
(68.763396 0.10218398 0)
(68.764437 0.10396007 0)
(68.765557 0.10571675 0)
(68.766753 0.10744451 0)
(68.76802 0.10913373 0)
(68.769353 0.11077488 0)
(68.770747 0.11235873 0)
(68.772193 0.11387646 0)
(68.773683 0.11531988 0)
(68.775207 0.11668157 0)
(68.776756 0.11795498 0)
(68.778319 0.11913454 0)
(68.779884 0.12021572 0)
(68.781442 0.12119507 0)
(68.78298 0.12207016 0)
(68.784489 0.12283961 0)
(68.785959 0.12350297 0)
(68.78738 0.12406063 0)
(68.788746 0.12451377 0)
(68.790047 0.12486421 0)
(68.791279 0.12511433 0)
(68.792437 0.12526697 0)
(68.793515 0.12532533 0)
(68.794513 0.12529292 0)
(68.795427 0.1251735 0)
(68.796258 0.124971 0)
(68.797005 0.12468952 0)
(68.797671 0.1243333 0)
(68.798256 0.12390671 0)
(68.798764 0.12341422 0)
(68.799197 0.12286039 0)
(68.799561 0.12224988 0)
(68.799858 0.12158741 0)
(68.800094 0.12087776 0)
(68.800274 0.12012574 0)
(68.800402 0.11933618 0)
(68.800483 0.11851387 0)
(68.800523 0.11766356 0)
(68.800526 0.1167898 0)
(68.800498 0.11589716 0)
(68.800443 0.11498994 0)
(68.800365 0.11407212 0)
(68.800269 0.11314751 0)
(68.800159 0.11221962 0)
(68.800037 0.11129164 0)
(68.799908 0.11036643 0)
(68.799774 0.10944649 0)
(68.799637 0.108534 0)
(68.799499 0.1076308 0)
(68.799363 0.10673841 0)
(68.79923 0.105858 0)
(68.799101 0.10499049 0)
(68.798976 0.10413655 0)
(68.798856 0.10329666 0)
(68.798743 0.1024711 0)
(68.798635 0.10165992 0)
(68.798533 0.10086308 0)
(68.798438 0.10008001 0)
(68.798349 0.09931055 0)
(68.798265 0.098554172 0)
(68.798187 0.097810857 0)
(68.798115 0.097079993 0)
(68.798047 0.096361082 0)
(68.797984 0.095653588 0)
(68.797926 0.094957059 0)
(68.797871 0.09427083 0)
(68.79782 0.093595671 0)
(68.797774 0.092928861 0)
(68.79773 0.092272624 0)
(68.79769 0.091623558 0)
(68.797652 0.090985341 0)
(68.797617 0.090354405 0)
(68.797585 0.089732849 0)
(68.797554 0.089117339 0)
(68.797526 0.088513152 0)
(68.797499 0.087912702 0)
(68.79747 0.087326662 0)
(68.797447 0.08675086 0)
(68.797388 0.086175689 0)
(68.797394 0.085720427 0)
(68.797097 0.085002812 0)
(68.797464 0.085551774 0)
(68.795738 0.082893199 0)
(68.7991 0.091749522 0)
(68.796988 0.074987668 0)
(68.759704 0.083106415 0)
(68.759949 0.084542232 0)
(68.760239 0.086024268 0)
(68.760579 0.087550549 0)
(68.760973 0.089118531 0)
(68.761424 0.090725096 0)
(68.761935 0.092366458 0)
(68.76251 0.094038095 0)
(68.763153 0.095734721 0)
(68.763864 0.097450315 0)
(68.764647 0.099178151 0)
(68.765502 0.10091085 0)
(68.76643 0.10264047 0)
(68.76743 0.10435856 0)
(68.768499 0.10605631 0)
(68.769636 0.10772472 0)
(68.770835 0.10935467 0)
(68.772093 0.11093715 0)
(68.773401 0.1124634 0)
(68.774754 0.11392506 0)
(68.776143 0.11531435 0)
(68.777559 0.11662416 0)
(68.778992 0.1178482 0)
(68.780433 0.11898108 0)
(68.781871 0.12001835 0)
(68.783297 0.12095652 0)
(68.784699 0.12179309 0)
(68.78607 0.12252646 0)
(68.787399 0.12315596 0)
(68.78868 0.12368168 0)
(68.789904 0.12410447 0)
(68.791066 0.12442582 0)
(68.792159 0.12464779 0)
(68.793181 0.12477292 0)
(68.794128 0.12480416 0)
(68.794998 0.12474483 0)
(68.79579 0.12459855 0)
(68.796503 0.12436919 0)
(68.79714 0.12406088 0)
(68.7977 0.12367792 0)
(68.798188 0.12322482 0)
(68.798605 0.12270624 0)
(68.798956 0.12212699 0)
(68.799244 0.12149196 0)
(68.799474 0.12080615 0)
(68.799649 0.12007463 0)
(68.799775 0.11930247 0)
(68.799857 0.11849473 0)
(68.7999 0.11765643 0)
(68.799907 0.11679239 0)
(68.799885 0.11590743 0)
(68.799836 0.1150061 0)
(68.799766 0.11409265 0)
(68.799678 0.11317108 0)
(68.799576 0.11224513 0)
(68.799464 0.11131818 0)
(68.799344 0.11039325 0)
(68.79922 0.10947301 0)
(68.799092 0.10855977 0)
(68.798965 0.10765547 0)
(68.798838 0.10676176 0)
(68.798714 0.10587988 0)
(68.798593 0.10501082 0)
(68.798476 0.1041553 0)
(68.798365 0.10331385 0)
(68.798259 0.10248677 0)
(68.798159 0.10167413 0)
(68.798064 0.10087589 0)
(68.797975 0.10009156 0)
(68.797892 0.099320923 0)
(68.797814 0.098563504 0)
(68.797742 0.097819196 0)
(68.797674 0.097087449 0)
(68.797611 0.096367736 0)
(68.797553 0.095659525 0)
(68.797499 0.094962356 0)
(68.797448 0.094275593 0)
(68.797401 0.093599805 0)
(68.797358 0.09293267 0)
(68.797318 0.092275879 0)
(68.797281 0.091626648 0)
(68.797246 0.090987922 0)
(68.797214 0.090356811 0)
(68.797185 0.089734883 0)
(68.797157 0.089119333 0)
(68.797131 0.088514678 0)
(68.797107 0.087914532 0)
(68.79708 0.087327947 0)
(68.797059 0.086752888 0)
(68.797005 0.086178276 0)
(68.79701 0.085722271 0)
(68.796737 0.085019679 0)
(68.797066 0.085527983 0)
(68.795514 0.083048104 0)
(68.798593 0.091220344 0)
(68.796637 0.075379347 0)
(68.76252 0.082629603 0)
(68.762739 0.083998097 0)
(68.762996 0.085411438 0)
(68.763297 0.086868112 0)
(68.763645 0.088366118 0)
(68.764043 0.089902946 0)
(68.764493 0.091475496 0)
(68.765 0.093080006 0)
(68.765565 0.094712015 0)
(68.766192 0.096366371 0)
(68.766883 0.098037246 0)
(68.767638 0.099718162 0)
(68.768459 0.10140203 0)
(68.769344 0.10308125 0)
(68.770294 0.10474773 0)
(68.771305 0.10639309 0)
(68.772375 0.10800872 0)
(68.7735 0.10958593 0)
(68.774674 0.11111613 0)
(68.775892 0.11259092 0)
(68.777146 0.11400231 0)
(68.778428 0.1153428 0)
(68.779731 0.11660553 0)
(68.781045 0.11778436 0)
(68.78236 0.118874 0)
(68.783668 0.11987 0)
(68.784959 0.12076882 0)
(68.786225 0.12156782 0)
(68.787456 0.12226522 0)
(68.788645 0.12286011 0)
(68.789785 0.12335235 0)
(68.79087 0.1237425 0)
(68.791894 0.12403183 0)
(68.792852 0.12422215 0)
(68.793742 0.12431582 0)
(68.794561 0.12431568 0)
(68.795309 0.12422496 0)
(68.795983 0.12404728 0)
(68.796586 0.12378657 0)
(68.797118 0.12344709 0)
(68.797582 0.12303333 0)
(68.79798 0.12255001 0)
(68.798315 0.12200206 0)
(68.79859 0.12139455 0)
(68.798811 0.12073269 0)
(68.798981 0.12002177 0)
(68.799105 0.11926713 0)
(68.799186 0.11847407 0)
(68.79923 0.11764787 0)
(68.799241 0.11679366 0)
(68.799223 0.11591647 0)
(68.799181 0.11502112 0)
(68.799118 0.11411211 0)
(68.799039 0.11319366 0)
(68.798947 0.11226972 0)
(68.798844 0.11134385 0)
(68.798734 0.11041926 0)
(68.798619 0.10949876 0)
(68.798502 0.10858481 0)
(68.798384 0.10767947 0)
(68.798267 0.10678447 0)
(68.798152 0.10590115 0)
(68.798041 0.10503057 0)
(68.797933 0.10417351 0)
(68.79783 0.10333053 0)
(68.797732 0.10250196 0)
(68.79764 0.10168789 0)
(68.797552 0.10088828 0)
(68.797471 0.10010271 0)
(68.797394 0.099330913 0)
(68.797322 0.098572469 0)
(68.797255 0.097827193 0)
(68.797193 0.097094577 0)
(68.797135 0.096374082 0)
(68.797082 0.09566517 0)
(68.797032 0.094967378 0)
(68.796986 0.094280091 0)
(68.796943 0.093603704 0)
(68.796904 0.092936237 0)
(68.796867 0.09227893 0)
(68.796833 0.091629518 0)
(68.796802 0.090990324 0)
(68.796773 0.090359027 0)
(68.796746 0.089736756 0)
(68.796721 0.089121159 0)
(68.796698 0.088516075 0)
(68.796677 0.0879162 0)
(68.796653 0.087329134 0)
(68.796634 0.086754752 0)
(68.796585 0.086180792 0)
(68.796589 0.08572395 0)
(68.796341 0.085036353 0)
(68.796633 0.085504611 0)
(68.795251 0.083195003 0)
(68.798046 0.090713369 0)
(68.79625 0.075756043 0)
(68.765322 0.082181758 0)
(68.765515 0.083489121 0)
(68.765742 0.084840011 0)
(68.766006 0.086233298 0)
(68.766311 0.087667426 0)
(68.766659 0.089140399 0)
(68.767053 0.090649697 0)
(68.767495 0.092192205 0)
(68.767989 0.093764176 0)
(68.768537 0.095361223 0)
(68.769141 0.096978313 0)
(68.769802 0.098609782 0)
(68.770521 0.10024936 0)
(68.771299 0.10189019 0)
(68.772134 0.10352495 0)
(68.773026 0.10514586 0)
(68.773971 0.10674486 0)
(68.774967 0.10831366 0)
(68.77601 0.10984391 0)
(68.777095 0.11132732 0)
(68.778215 0.11275579 0)
(68.779364 0.11412158 0)
(68.780534 0.11541738 0)
(68.781718 0.11663648 0)
(68.782908 0.11777286 0)
(68.784095 0.11882122 0)
(68.78527 0.1197771 0)
(68.786425 0.12063686 0)
(68.787552 0.12139774 0)
(68.788643 0.1220578 0)
(68.789693 0.12261593 0)
(68.790693 0.12307181 0)
(68.79164 0.12342583 0)
(68.792528 0.12367911 0)
(68.793355 0.12383334 0)
(68.794118 0.12389085 0)
(68.794814 0.12385445 0)
(68.795445 0.12372744 0)
(68.796009 0.12351357 0)
(68.796508 0.12321694 0)
(68.796943 0.12284203 0)
(68.797318 0.12239361 0)
(68.797634 0.12187669 0)
(68.797895 0.1212965 0)
(68.798105 0.12065845 0)
(68.798267 0.11996804 0)
(68.798386 0.11923084 0)
(68.798466 0.11845242 0)
(68.79851 0.11763833 0)
(68.798524 0.11679394 0)
(68.798511 0.11592455 0)
(68.798475 0.11503521 0)
(68.79842 0.11413067 0)
(68.798349 0.1132154 0)
(68.798266 0.11229351 0)
(68.798173 0.11136879 0)
(68.798073 0.11044459 0)
(68.797969 0.10952391 0)
(68.797862 0.1086093 0)
(68.797755 0.10770298 0)
(68.797648 0.10680674 0)
(68.797543 0.10592205 0)
(68.797442 0.10505 0)
(68.797343 0.10419144 0)
(68.797249 0.10334697 0)
(68.79716 0.10251694 0)
(68.797075 0.10170147 0)
(68.796996 0.10090053 0)
(68.796921 0.10011374 0)
(68.796851 0.099340815 0)
(68.796786 0.098581359 0)
(68.796725 0.097835135 0)
(68.796669 0.097101663 0)
(68.796617 0.096380396 0)
(68.796568 0.095670791 0)
(68.796523 0.09497238 0)
(68.796481 0.09428457 0)
(68.796443 0.093607599 0)
(68.796408 0.092939783 0)
(68.796375 0.092281981 0)
(68.796345 0.09163236 0)
(68.796316 0.090992723 0)
(68.796291 0.090361218 0)
(68.796267 0.089738617 0)
(68.796245 0.089122949 0)
(68.796225 0.08851746 0)
(68.796206 0.087917811 0)
(68.796185 0.087330315 0)
(68.796169 0.086756529 0)
(68.796125 0.086183286 0)
(68.796128 0.085725524 0)
(68.795905 0.085052698 0)
(68.796163 0.085481952 0)
(68.794944 0.083332888 0)
(68.797455 0.090232553 0)
(68.795826 0.076114729 0)
(68.768116 0.081765196 0)
(68.768285 0.083017477 0)
(68.768482 0.08431204 0)
(68.768712 0.085648068 0)
(68.768976 0.087024379 0)
(68.769277 0.088439401 0)
(68.769618 0.089891102 0)
(68.77 0.091376917 0)
(68.770427 0.092893708 0)
(68.770901 0.094437749 0)
(68.771424 0.096004708 0)
(68.771996 0.097589647 0)
(68.772619 0.099187023 0)
(68.773294 0.10079072 0)
(68.77402 0.10239407 0)
(68.774796 0.10398995 0)
(68.775621 0.10557082 0)
(68.776492 0.10712885 0)
(68.777407 0.108656 0)
(68.77836 0.11014416 0)
(68.779348 0.11158525 0)
(68.780364 0.11297137 0)
(68.781402 0.11429494 0)
(68.782455 0.11554877 0)
(68.783516 0.11672625 0)
(68.784577 0.11782137 0)
(68.785631 0.11882883 0)
(68.786671 0.11974412 0)
(68.787688 0.12056353 0)
(68.788675 0.12128417 0)
(68.789627 0.12190401 0)
(68.790536 0.12242182 0)
(68.791399 0.12283718 0)
(68.792211 0.12315044 0)
(68.792967 0.12336264 0)
(68.793666 0.12347556 0)
(68.794307 0.12349155 0)
(68.794887 0.12341357 0)
(68.795407 0.12324513 0)
(68.795868 0.12299019 0)
(68.796271 0.12265315 0)
(68.796618 0.12223879 0)
(68.796912 0.12175221 0)
(68.797155 0.12119878 0)
(68.797351 0.12058405 0)
(68.797504 0.11991376 0)
(68.797617 0.11919369 0)
(68.797693 0.11842967 0)
(68.797738 0.11762748 0)
(68.797753 0.11679278 0)
(68.797745 0.11593106 0)
(68.797715 0.11504767 0)
(68.797667 0.11414757 0)
(68.797604 0.11323545 0)
(68.79753 0.11231564 0)
(68.797448 0.11139208 0)
(68.797359 0.11046832 0)
(68.797265 0.10954749 0)
(68.79717 0.1086323 0)
(68.797073 0.10772505 0)
(68.796977 0.10682765 0)
(68.796883 0.10594164 0)
(68.796792 0.1050682 0)
(68.796703 0.10420822 0)
(68.796619 0.10336232 0)
(68.796539 0.1025309 0)
(68.796463 0.1017141 0)
(68.796391 0.10091189 0)
(68.796324 0.10012394 0)
(68.796262 0.099349944 0)
(68.796203 0.098589527 0)
(68.796149 0.097842408 0)
(68.796098 0.097108127 0)
(68.796052 0.096386133 0)
(68.796009 0.095675879 0)
(68.795969 0.094976889 0)
(68.795932 0.094288589 0)
(68.795898 0.093611082 0)
(68.795866 0.092942932 0)
(68.795838 0.092284686 0)
(68.795811 0.091634862 0)
(68.795787 0.090994831 0)
(68.795764 0.090363126 0)
(68.795744 0.089740233 0)
(68.795725 0.089124497 0)
(68.795708 0.088518651 0)
(68.795692 0.087919203 0)
(68.795674 0.087331346 0)
(68.79566 0.086758094 0)
(68.795622 0.086185629 0)
(68.795625 0.085726907 0)
(68.795427 0.085068434 0)
(68.795651 0.085460223 0)
(68.794591 0.083460685 0)
(68.796819 0.08978198 0)
(68.79536 0.076452141 0)
(68.770909 0.081383086 0)
(68.771054 0.082586303 0)
(68.771223 0.083830645 0)
(68.77142 0.085115551 0)
(68.771646 0.086440145 0)
(68.771903 0.087803207 0)
(68.772193 0.089203112 0)
(68.772519 0.090637755 0)
(68.772883 0.092104517 0)
(68.773287 0.093600236 0)
(68.773732 0.095121188 0)
(68.77422 0.096663069 0)
(68.774752 0.098220988 0)
(68.775329 0.099789479 0)
(68.775951 0.10136252 0)
(68.776616 0.10293358 0)
(68.777325 0.10449565 0)
(68.778075 0.10604136 0)
(68.778864 0.10756302 0)
(68.779689 0.10905275 0)
(68.780545 0.11050259 0)
(68.781428 0.11190458 0)
(68.782333 0.11325096 0)
(68.783253 0.11453421 0)
(68.784183 0.11574723 0)
(68.785116 0.11688342 0)
(68.786045 0.11793678 0)
(68.786963 0.118902 0)
(68.787864 0.11977452 0)
(68.788741 0.1205506 0)
(68.789588 0.1212273 0)
(68.7904 0.12180254 0)
(68.791171 0.12227511 0)
(68.791899 0.12264459 0)
(68.792578 0.12291139 0)
(68.793208 0.1230767 0)
(68.793785 0.12314241 0)
(68.794309 0.12311113 0)
(68.794779 0.12298606 0)
(68.795197 0.12277102 0)
(68.795563 0.1224703 0)
(68.795879 0.12208869 0)
(68.796146 0.12163132 0)
(68.796369 0.12110368 0)
(68.796549 0.12051148 0)
(68.796689 0.11986063 0)
(68.796794 0.11915714 0)
(68.796866 0.11840707 0)
(68.796909 0.11761644 0)
(68.796926 0.11679114 0)
(68.796921 0.11593692 0)
(68.796896 0.11505932 0)
(68.796855 0.11416358 0)
(68.796802 0.11325456 0)
(68.796738 0.1123368 0)
(68.796665 0.11141442 0)
(68.796587 0.11049113 0)
(68.796505 0.10957021 0)
(68.796421 0.10865449 0)
(68.796336 0.10774638 0)
(68.796251 0.10684789 0)
(68.796168 0.10596064 0)
(68.796088 0.10508587 0)
(68.79601 0.10422452 0)
(68.795936 0.10337726 0)
(68.795865 0.10254451 0)
(68.795798 0.10172643 0)
(68.795735 0.10092299 0)
(68.795676 0.10013391 0)
(68.795621 0.099358883 0)
(68.79557 0.098597528 0)
(68.795523 0.097849539 0)
(68.795479 0.097114465 0)
(68.795438 0.096391759 0)
(68.7954 0.095680867 0)
(68.795366 0.094981304 0)
(68.795334 0.094292514 0)
(68.795304 0.093614486 0)
(68.795278 0.092945988 0)
(68.795253 0.092287315 0)
(68.795231 0.091637263 0)
(68.79521 0.090996856 0)
(68.795191 0.090364934 0)
(68.795174 0.089741757 0)
(68.795158 0.089125933 0)
(68.795144 0.088519751 0)
(68.795131 0.087920458 0)
(68.795117 0.087332281 0)
(68.795105 0.086759484 0)
(68.795073 0.086187814 0)
(68.795076 0.085728108 0)
(68.794904 0.085083321 0)
(68.795097 0.085439703 0)
(68.79419 0.083577328 0)
(68.796133 0.089365967 0)
(68.79485 0.076764732 0)
(68.77371 0.081038177 0)
(68.773832 0.082198347 0)
(68.773975 0.083398594 0)
(68.774139 0.084638567 0)
(68.774329 0.085917634 0)
(68.774544 0.087234867 0)
(68.774786 0.08858897 0)
(68.775059 0.089978222 0)
(68.775363 0.091400436 0)
(68.7757 0.092852925 0)
(68.776072 0.09433248 0)
(68.77648 0.095835343 0)
(68.776925 0.097357194 0)
(68.777408 0.098893142 0)
(68.777929 0.10043774 0)
(68.778488 0.10198499 0)
(68.779084 0.10352842 0)
(68.779716 0.10506108 0)
(68.780382 0.10657566 0)
(68.78108 0.10806454 0)
(68.781805 0.10951992 0)
(68.782556 0.11093388 0)
(68.783327 0.11229855 0)
(68.784113 0.1136062 0)
(68.784909 0.11484934 0)
(68.785709 0.1160209 0)
(68.786509 0.11711429 0)
(68.787301 0.11812351 0)
(68.78808 0.11904328 0)
(68.78884 0.11986903 0)
(68.789576 0.12059704 0)
(68.790283 0.12122444 0)
(68.790957 0.12174923 0)
(68.791593 0.1221703 0)
(68.792188 0.12248741 0)
(68.79274 0.12270117 0)
(68.793247 0.12281304 0)
(68.793709 0.12282521 0)
(68.794124 0.12274063 0)
(68.794493 0.1225629 0)
(68.794817 0.12229623 0)
(68.795097 0.12194534 0)
(68.795335 0.12151544 0)
(68.795533 0.12101206 0)
(68.795694 0.12044109 0)
(68.79582 0.11980858 0)
(68.795915 0.11912075 0)
(68.795981 0.11838386 0)
(68.796021 0.11760415 0)
(68.796038 0.11678776 0)
(68.796036 0.11594064 0)
(68.796017 0.11506856 0)
(68.795983 0.11417697 0)
(68.795938 0.11327093 0)
(68.795884 0.11235516 0)
(68.795822 0.11143395 0)
(68.795755 0.11051117 0)
(68.795685 0.10959022 0)
(68.795613 0.10867406 0)
(68.79554 0.1077652 0)
(68.795468 0.10686575 0)
(68.795396 0.10597739 0)
(68.795327 0.10510143 0)
(68.79526 0.10423886 0)
(68.795197 0.10339038 0)
(68.795136 0.10255643 0)
(68.795079 0.1017372 0)
(68.795025 0.10093266 0)
(68.794975 0.10014258 0)
(68.794928 0.099366629 0)
(68.794884 0.098604441 0)
(68.794844 0.097855682 0)
(68.794807 0.097119908 0)
(68.794772 0.096396575 0)
(68.794741 0.095685123 0)
(68.794712 0.094985062 0)
(68.794685 0.094295845 0)
(68.794661 0.093617367 0)
(68.794638 0.092948565 0)
(68.794618 0.092289531 0)
(68.7946 0.091639282 0)
(68.794583 0.090998559 0)
(68.794568 0.090366448 0)
(68.794555 0.089743034 0)
(68.794542 0.089127137 0)
(68.794531 0.088520674 0)
(68.794521 0.08792152 0)
(68.794511 0.087333089 0)
(68.794502 0.086760692 0)
(68.794476 0.086189827 0)
(68.794479 0.085729163 0)
(68.794333 0.085097155 0)
(68.794496 0.085420789 0)
(68.793738 0.083681842 0)
(68.795396 0.088989295 0)
(68.794293 0.077048802 0)
(68.776531 0.080735695 0)
(68.776631 0.081858871 0)
(68.776747 0.083021204 0)
(68.776881 0.084222507 0)
(68.777035 0.085462348 0)
(68.77721 0.086740029 0)
(68.777407 0.088054524 0)
(68.777628 0.089404423 0)
(68.777874 0.09078789 0)
(68.778148 0.092202631 0)
(68.778449 0.093645864 0)
(68.77878 0.095114292 0)
(68.779142 0.096604074 0)
(68.779535 0.098110818 0)
(68.779958 0.099629571 0)
(68.780414 0.10115483 0)
(68.7809 0.10268057 0)
(68.781417 0.10420027 0)
(68.781962 0.10570696 0)
(68.782534 0.10719332 0)
(68.78313 0.10865171 0)
(68.783748 0.11007432 0)
(68.784384 0.11145324 0)
(68.785033 0.11278058 0)
(68.785693 0.11404862 0)
(68.786358 0.11524989 0)
(68.787024 0.11637732 0)
(68.787685 0.11742437 0)
(68.788336 0.11838507 0)
(68.788973 0.11925421 0)
(68.789591 0.12002734 0)
(68.790186 0.12070086 0)
(68.790754 0.12127209 0)
(68.791291 0.12173924 0)
(68.791795 0.12210148 0)
(68.792263 0.1223589 0)
(68.792694 0.12251246 0)
(68.793086 0.12256403 0)
(68.79344 0.12251624 0)
(68.793754 0.12237251 0)
(68.794031 0.12213691 0)
(68.794271 0.12181413 0)
(68.794475 0.12140937 0)
(68.794645 0.12092825 0)
(68.794784 0.12037676 0)
(68.794894 0.1197611 0)
(68.794976 0.11908766 0)
(68.795034 0.1183629 0)
(68.79507 0.11759325 0)
(68.795087 0.11678507 0)
(68.795087 0.1159445 0)
(68.795073 0.1150775 0)
(68.795046 0.11418973 0)
(68.79501 0.11328644 0)
(68.794966 0.11237249 0)
(68.794915 0.11145235 0)
(68.794861 0.11053002 0)
(68.794803 0.10960903 0)
(68.794743 0.10869245 0)
(68.794683 0.10778289 0)
(68.794623 0.10688252 0)
(68.794564 0.10599311 0)
(68.794507 0.10511603 0)
(68.794452 0.1042523 0)
(68.794399 0.10340267 0)
(68.794349 0.10256758 0)
(68.794302 0.10174726 0)
(68.794258 0.10094169 0)
(68.794217 0.10015065 0)
(68.794178 0.099373817 0)
(68.794143 0.098610828 0)
(68.79411 0.097861331 0)
(68.79408 0.097124884 0)
(68.794052 0.096400945 0)
(68.794027 0.095688952 0)
(68.794004 0.094988406 0)
(68.793983 0.09429877 0)
(68.793964 0.093619863 0)
(68.793946 0.092950753 0)
(68.793931 0.092291375 0)
(68.793917 0.091640916 0)
(68.793904 0.090999897 0)
(68.793893 0.090367591 0)
(68.793883 0.089743952 0)
(68.793875 0.089127969 0)
(68.793867 0.088521249 0)
(68.79386 0.087922195 0)
(68.793853 0.087333549 0)
(68.793848 0.086761477 0)
(68.793827 0.086191378 0)
(68.793832 0.085729803 0)
(68.793713 0.085109368 0)
(68.793846 0.085403555 0)
(68.793232 0.083772822 0)
(68.794603 0.088656792 0)
(68.793688 0.077299816 0)
(68.779387 0.080479022 0)
(68.779465 0.081571596 0)
(68.779555 0.082702533 0)
(68.779659 0.083871778 0)
(68.779779 0.085079052 0)
(68.779914 0.086323838 0)
(68.780067 0.087605325 0)
(68.780238 0.088922348 0)
(68.780429 0.090273354 0)
(68.780641 0.091656361 0)
(68.780874 0.093068934 0)
(68.781131 0.094508146 0)
(68.781411 0.095970554 0)
(68.781716 0.097452174 0)
(68.782045 0.098948472 0)
(68.782399 0.10045436 0)
(68.782778 0.1019642 0)
(68.78318 0.10347184 0)
(68.783606 0.10497064 0)
(68.784053 0.10645354 0)
(68.78452 0.10791309 0)
(68.785004 0.1093416 0)
(68.785504 0.11073116 0)
(68.786015 0.11207382 0)
(68.786536 0.11336166 0)
(68.787062 0.11458693 0)
(68.787589 0.11574221 0)
(68.788113 0.11682047 0)
(68.788631 0.11781525 0)
(68.789138 0.11872074 0)
(68.789632 0.11953189 0)
(68.790107 0.1202445 0)
(68.790562 0.12085525 0)
(68.790993 0.1213618 0)
(68.791398 0.12176277 0)
(68.791774 0.12205776 0)
(68.792122 0.12224734 0)
(68.792438 0.12233301 0)
(68.792724 0.12231716 0)
(68.792979 0.12220299 0)
(68.793203 0.12199447 0)
(68.793398 0.12169623 0)
(68.793564 0.12131346 0)
(68.793703 0.12085184 0)
(68.793817 0.12031743 0)
(68.793907 0.11971659 0)
(68.793975 0.11905583 0)
(68.794024 0.11834177 0)
(68.794055 0.11758103 0)
(68.79407 0.11678014 0)
(68.794072 0.11594541 0)
(68.794062 0.11508299 0)
(68.794043 0.11419868 0)
(68.794015 0.11329791 0)
(68.793981 0.11238569 0)
(68.793942 0.11146662 0)
(68.7939 0.11054481 0)
(68.793855 0.1096239 0)
(68.793808 0.10870707 0)
(68.793761 0.10779701 0)
(68.793715 0.10689596 0)
(68.793669 0.10600575 0)
(68.793624 0.10512779 0)
(68.793582 0.10426315 0)
(68.793541 0.1034126 0)
(68.793502 0.10257661 0)
(68.793466 0.10175542 0)
(68.793432 0.10094902 0)
(68.7934 0.10015721 0)
(68.793371 0.099379675 0)
(68.793344 0.098616049 0)
(68.793319 0.097865965 0)
(68.793296 0.097128983 0)
(68.793276 0.096404564 0)
(68.793257 0.095692143 0)
(68.79324 0.094991213 0)
(68.793225 0.094301248 0)
(68.793211 0.093622003 0)
(68.793199 0.092952648 0)
(68.793188 0.092293004 0)
(68.793179 0.091642379 0)
(68.793171 0.091001129 0)
(68.793164 0.090368667 0)
(68.793158 0.089744852 0)
(68.793153 0.089128803 0)
(68.793149 0.088521881 0)
(68.793146 0.087922911 0)
(68.793142 0.087334104 0)
(68.79314 0.0867623 0)
(68.793126 0.086192902 0)
(68.793132 0.085730514 0)
(68.79304 0.085120137 0)
(68.793146 0.085388895 0)
(68.792672 0.083849578 0)
(68.793753 0.088374791 0)
(68.793032 0.077513343 0)
(68.782297 0.080275133 0)
(68.782353 0.081343694 0)
(68.782418 0.08245 0)
(68.782492 0.083594087 0)
(68.782578 0.08477579 0)
(68.782674 0.085994725 0)
(68.782784 0.087250236 0)
(68.782906 0.088541345 0)
(68.783042 0.089866706 0)
(68.783194 0.091224578 0)
(68.783361 0.092612786 0)
(68.783544 0.09402869 0)
(68.783745 0.095469152 0)
(68.783963 0.096930509 0)
(68.784198 0.098408555 0)
(68.784452 0.09989853 0)
(68.784724 0.10139512 0)
(68.785013 0.10289247 0)
(68.785319 0.10438422 0)
(68.78564 0.10586353 0)
(68.785977 0.10732313 0)
(68.786327 0.10875544 0)
(68.786688 0.1101526 0)
(68.787059 0.11150662 0)
(68.787436 0.11280947 0)
(68.787818 0.1140532 0)
(68.788202 0.11523011 0)
(68.788584 0.11633283 0)
(68.788962 0.11735449 0)
(68.789334 0.11828884 0)
(68.789695 0.11913033 0)
(68.790044 0.11987426 0)
(68.790378 0.12051683 0)
(68.790695 0.12105521 0)
(68.790994 0.12148756 0)
(68.791272 0.12181308 0)
(68.791528 0.12203198 0)
(68.791763 0.12214547 0)
(68.791975 0.12215571 0)
(68.792164 0.12206573 0)
(68.792331 0.12187938 0)
(68.792476 0.12160123 0)
(68.7926 0.12123646 0)
(68.792704 0.12079081 0)
(68.79279 0.12027038 0)
(68.792858 0.11968164 0)
(68.79291 0.11903121 0)
(68.792947 0.11832586 0)
(68.792972 0.11757234 0)
(68.792985 0.11677732 0)
(68.792988 0.11594729 0)
(68.792983 0.1150885 0)
(68.79297 0.11420692 0)
(68.792951 0.11330811 0)
(68.792928 0.11239719 0)
(68.792901 0.11147887 0)
(68.792871 0.11055737 0)
(68.792839 0.10963642 0)
(68.792807 0.10871928 0)
(68.792774 0.1078087 0)
(68.792741 0.106907 0)
(68.792709 0.10601603 0)
(68.792678 0.10513726 0)
(68.792648 0.1042718 0)
(68.79262 0.10342042 0)
(68.792593 0.10258363 0)
(68.792568 0.10176166 0)
(68.792545 0.10095453 0)
(68.792523 0.10016205 0)
(68.792504 0.099383891 0)
(68.792486 0.098619703 0)
(68.792469 0.097869104 0)
(68.792454 0.097131652 0)
(68.792441 0.096406813 0)
(68.792429 0.095694018 0)
(68.792419 0.094992754 0)
(68.79241 0.0943025 0)
(68.792402 0.093622966 0)
(68.792395 0.092953397 0)
(68.79239 0.092293528 0)
(68.792385 0.091642756 0)
(68.792381 0.091001316 0)
(68.792379 0.090368719 0)
(68.792377 0.08974476 0)
(68.792376 0.089128654 0)
(68.792376 0.088521572 0)
(68.792376 0.087922665 0)
(68.792376 0.087333741 0)
(68.792378 0.086762146 0)
(68.792371 0.086193346 0)
(68.792377 0.085730278 0)
(68.792314 0.085128111 0)
(68.792393 0.085376245 0)
(68.792057 0.083909585 0)
(68.792843 0.088149676 0)
(68.792323 0.077682808 0)
(68.785286 0.080131581 0)
(68.78532 0.081183145 0)
(68.785359 0.082272027 0)
(68.785403 0.08339832 0)
(68.785455 0.084561939 0)
(68.785513 0.085762589 0)
(68.785578 0.086999721 0)
(68.785652 0.088272476 0)
(68.785734 0.089579652 0)
(68.785825 0.090919668 0)
(68.785926 0.092290526 0)
(68.786036 0.093689782 0)
(68.786157 0.095114506 0)
(68.786288 0.096561257 0)
(68.78643 0.098026055 0)
(68.786584 0.099504371 0)
(68.786748 0.10099112 0)
(68.786923 0.10248066 0)
(68.787108 0.10396683 0)
(68.787303 0.10544295 0)
(68.787507 0.1069019 0)
(68.78772 0.10833619 0)
(68.787939 0.10973801 0)
(68.788165 0.11109935 0)
(68.788395 0.11241213 0)
(68.788628 0.11366828 0)
(68.788863 0.1148599 0)
(68.789097 0.11597941 0)
(68.789329 0.11701967 0)
(68.789557 0.1179741 0)
(68.789779 0.11883683 0)
(68.789994 0.11960281 0)
(68.7902 0.12026787 0)
(68.790395 0.12082884 0)
(68.79058 0.12128356 0)
(68.790752 0.12163093 0)
(68.790911 0.12187091 0)
(68.791057 0.12200447 0)
(68.791188 0.12203361 0)
(68.791306 0.12196121 0)
(68.791411 0.12179104 0)
(68.791502 0.12152761 0)
(68.79158 0.1211761 0)
(68.791646 0.12074225 0)
(68.7917 0.12023222 0)
(68.791744 0.11965252 0)
(68.791778 0.11900988 0)
(68.791803 0.11831113 0)
(68.79182 0.11756313 0)
(68.791829 0.11677266 0)
(68.791833 0.11594632 0)
(68.791832 0.11509044 0)
(68.791826 0.11421109 0)
(68.791816 0.11331393 0)
(68.791804 0.11240419 0)
(68.791789 0.11148662 0)
(68.791773 0.11056555 0)
(68.791755 0.10964475 0)
(68.791737 0.10872755 0)
(68.791719 0.10781675 0)
(68.791701 0.10691471 0)
(68.791683 0.10602331 0)
(68.791666 0.10514407 0)
(68.79165 0.1042781 0)
(68.791635 0.10342621 0)
(68.79162 0.10258891 0)
(68.791607 0.10176644 0)
(68.791595 0.10095884 0)
(68.791585 0.10016591 0)
(68.791575 0.099387346 0)
(68.791566 0.098622786 0)
(68.791559 0.097871844 0)
(68.791552 0.097134078 0)
(68.791547 0.096408956 0)
(68.791542 0.095695909 0)
(68.791539 0.094994419 0)
(68.791536 0.094303968 0)
(68.791534 0.093624237 0)
(68.791533 0.092954518 0)
(68.791533 0.092294494 0)
(68.791533 0.091643617 0)
(68.791534 0.091002045 0)
(68.791536 0.090369352 0)
(68.791539 0.08974529 0)
(68.791542 0.089129139 0)
(68.791545 0.088521943 0)
(68.791549 0.087923074 0)
(68.791553 0.087334066 0)
(68.791558 0.086762613 0)
(68.791558 0.086194239 0)
(68.791567 0.085730694 0)
(68.791532 0.085134318 0)
(68.791585 0.08536788 0)
(68.791386 0.083951353 0)
(68.79187 0.087990984 0)
(68.79156 0.077807769 0)
(68.788371 0.080055387 0)
(68.788382 0.081098206 0)
(68.788394 0.082178057 0)
(68.788409 0.083295076 0)
(68.788426 0.08444922 0)
(68.788445 0.085640244 0)
(68.788466 0.086867659 0)
(68.78849 0.08813068 0)
(68.788517 0.089428185 0)
(68.788546 0.09075868 0)
(68.788579 0.092120269 0)
(68.788616 0.093510615 0)
(68.788655 0.094926904 0)
(68.788699 0.096365816 0)
(68.788746 0.097823498 0)
(68.788796 0.099295547 0)
(68.788851 0.100777 0)
(68.788908 0.10226234 0)
(68.78897 0.10374551 0)
(68.789035 0.10521993 0)
(68.789103 0.10667856 0)
(68.789174 0.10811394 0)
(68.789247 0.1095183 0)
(68.789323 0.11088363 0)
(68.7894 0.11220181 0)
(68.789478 0.11346469 0)
(68.789557 0.1146643 0)
(68.789636 0.11579291 0)
(68.789714 0.11684323 0)
(68.789791 0.11780851 0)
(68.789866 0.11868269 0)
(68.789939 0.11946052 0)
(68.79001 0.12013766 0)
(68.790076 0.12071072 0)
(68.790139 0.12117738 0)
(68.790199 0.12153637 0)
(68.790253 0.12178751 0)
(68.790304 0.12193166 0)
(68.79035 0.12197071 0)
(68.790391 0.1219075 0)
(68.790428 0.12174574 0)
(68.79046 0.12148992 0)
(68.790488 0.12114521 0)
(68.790512 0.12071737 0)
(68.790532 0.1202126 0)
(68.790549 0.11963744 0)
(68.790562 0.11899866 0)
(68.790573 0.11830316 0)
(68.790581 0.11755785 0)
(68.790586 0.11676955 0)
(68.79059 0.11594494 0)
(68.790591 0.1150904 0)
(68.790592 0.11421205 0)
(68.790591 0.11331561 0)
(68.790589 0.11240633 0)
(68.790587 0.11148905 0)
(68.790584 0.11056808 0)
(68.790581 0.10964728 0)
(68.790578 0.10872996 0)
(68.790574 0.10781898 0)
(68.790571 0.10691671 0)
(68.790568 0.10602505 0)
(68.790566 0.10514553 0)
(68.790563 0.10427927 0)
(68.790561 0.1034271 0)
(68.79056 0.10258952 0)
(68.790559 0.10176679 0)
(68.790558 0.10095894 0)
(68.790558 0.10016578 0)
(68.790559 0.099387017 0)
(68.79056 0.098622273 0)
(68.790561 0.097871164 0)
(68.790563 0.097133248 0)
(68.790566 0.096407994 0)
(68.790568 0.09569483 0)
(68.790572 0.094993238 0)
(68.790575 0.094302701 0)
(68.79058 0.093622882 0)
(68.790584 0.092953104 0)
(68.790589 0.092293015 0)
(68.790595 0.091642104 0)
(68.7906 0.091000475 0)
(68.790607 0.090367749 0)
(68.790613 0.08974365 0)
(68.79062 0.089127497 0)
(68.790628 0.088520252 0)
(68.790636 0.087921435 0)
(68.790644 0.087332392 0)
(68.790652 0.086761066 0)
(68.790659 0.086192965 0)
(68.79067 0.085729215 0)
(68.790665 0.0851364 0)
(68.790691 0.085360938 0)
(68.790632 0.083974753 0)
(68.790803 0.087882908 0)
(68.790713 0.077899804 0)
)
;

boundaryField
{
    inlet
    {
        type            fixedValue;
        value           uniform (68.79 0 0);
    }
    outlet
    {
        type            zeroGradient;
    }
    top
    {
        type            inletOutlet;
        inletValue      uniform (68.79 0 0);
        value           nonuniform List<vector> 
110
(
(68.789965 0.0038309941 0)
(68.789741 0.012598943 0)
(68.789401 0.022547098 0)
(68.789036 0.033253876 0)
(68.78873 0.043568771 0)
(68.788522 0.052563924 0)
(68.788404 0.059856873 0)
(68.788349 0.06549863 0)
(68.788331 0.069747404 0)
(68.78833 0.072903829 0)
(68.788337 0.07523448 0)
(68.788346 0.076951545 0)
(68.788355 0.078215966 0)
(68.788362 0.079147705 0)
(68.788371 0.080055387 0)
(68.788382 0.081098206 0)
(68.788394 0.082178057 0)
(68.788409 0.083295076 0)
(68.788426 0.08444922 0)
(68.788445 0.085640244 0)
(68.788466 0.086867659 0)
(68.78849 0.08813068 0)
(68.788517 0.089428185 0)
(68.788546 0.09075868 0)
(68.788579 0.092120269 0)
(68.788616 0.093510615 0)
(68.788655 0.094926904 0)
(68.788699 0.096365816 0)
(68.788746 0.097823498 0)
(68.788796 0.099295547 0)
(68.788851 0.100777 0)
(68.788908 0.10226234 0)
(68.78897 0.10374551 0)
(68.789035 0.10521993 0)
(68.789103 0.10667856 0)
(68.789174 0.10811394 0)
(68.789247 0.1095183 0)
(68.789323 0.11088363 0)
(68.7894 0.11220181 0)
(68.789478 0.11346469 0)
(68.789557 0.1146643 0)
(68.789636 0.11579291 0)
(68.789714 0.11684323 0)
(68.789791 0.11780851 0)
(68.789866 0.11868269 0)
(68.789939 0.11946052 0)
(68.79001 0.12013766 0)
(68.790076 0.12071072 0)
(68.790139 0.12117738 0)
(68.790199 0.12153637 0)
(68.790253 0.12178751 0)
(68.790304 0.12193166 0)
(68.79035 0.12197071 0)
(68.790391 0.1219075 0)
(68.790428 0.12174574 0)
(68.79046 0.12148992 0)
(68.790488 0.12114521 0)
(68.790512 0.12071737 0)
(68.790532 0.1202126 0)
(68.790549 0.11963744 0)
(68.790562 0.11899866 0)
(68.790573 0.11830316 0)
(68.790581 0.11755785 0)
(68.790586 0.11676955 0)
(68.79059 0.11594494 0)
(68.790591 0.1150904 0)
(68.790592 0.11421205 0)
(68.790591 0.11331561 0)
(68.790589 0.11240633 0)
(68.790587 0.11148905 0)
(68.790584 0.11056808 0)
(68.790581 0.10964728 0)
(68.790578 0.10872996 0)
(68.790574 0.10781898 0)
(68.790571 0.10691671 0)
(68.790568 0.10602505 0)
(68.790566 0.10514553 0)
(68.790563 0.10427927 0)
(68.790561 0.1034271 0)
(68.79056 0.10258952 0)
(68.790559 0.10176679 0)
(68.790558 0.10095894 0)
(68.790558 0.10016578 0)
(68.790559 0.099387017 0)
(68.79056 0.098622273 0)
(68.790561 0.097871164 0)
(68.790563 0.097133248 0)
(68.790566 0.096407994 0)
(68.790568 0.09569483 0)
(68.790572 0.094993238 0)
(68.790575 0.094302701 0)
(68.79058 0.093622882 0)
(68.790584 0.092953104 0)
(68.790589 0.092293015 0)
(68.790595 0.091642104 0)
(68.7906 0.091000475 0)
(68.790607 0.090367749 0)
(68.790613 0.08974365 0)
(68.79062 0.089127497 0)
(68.790628 0.088520252 0)
(68.790636 0.087921435 0)
(68.790644 0.087332392 0)
(68.790652 0.086761066 0)
(68.790659 0.086192965 0)
(68.79067 0.085729215 0)
(68.790665 0.0851364 0)
(68.790691 0.085360938 0)
(68.790632 0.083974753 0)
(68.790803 0.087882908 0)
(68.790713 0.077899804 0)
)
;
    }
    upstreamWall
    {
        type            symmetryPlane;
    }
    plate
    {
        type            noSlip;
    }
    frontAndBack
    {
        type            empty;
    }
}


// ************************************************************************* //
