/*--------------------------------*- C++ -*----------------------------------*\
| =========                 |                                                 |
| \\      /  F ield         | OpenFOAM: The Open Source CFD Toolbox           |
|  \\    /   O peration     | Version:  2512                                  |
|   \\  /    A nd           | Website:  www.openfoam.com                      |
|    \\/     M anipulation  |                                                 |
\*---------------------------------------------------------------------------*/
FoamFile
{
    version     2.0;
    format      ascii;
    arch        "LSB;label=32;scalar=64";
    class       volScalarField;
    location    "0.149987";
    object      alphat;
}
// * * * * * * * * * * * * * * * * * * * * * * * * * * * * * * * * * * * * * //

dimensions      [1 -1 -1 0 0 0 0];

internalField   nonuniform List<scalar> 
8800
(
0.00084317239
0.00083472558
0.00082694195
0.00082341481
0.000819517
0.00081769936
0.0008158756
0.00081470546
0.00081397111
0.00081317423
0.00081285183
0.00081224519
0.00055872988
8.8954735e-05
0.0008431739
0.00083472344
0.00082694289
0.00082341533
0.00081951306
0.00081770649
0.00081586528
0.0008147158
0.00081396639
0.00081316079
0.00081287881
0.00081224669
0.00055474789
0.00012190713
0.00084317715
0.00083471883
0.00082694494
0.00082341635
0.00081950483
0.00081772152
0.00081584305
0.00081473987
0.00081394844
0.00081314503
0.00081300944
0.00081197642
0.00081219774
0.00033575743
0.00084318239
0.00083471138
0.00082694836
0.00082341761
0.00081949236
0.0008177446
0.00081580786
0.00081478185
0.00081390059
0.00081319633
0.00081294514
0.00081210981
0.00081212671
0.0008112678
0.00084318989
0.00083470074
0.00082695347
0.0008234186
0.00081947635
0.00081777477
0.00081576039
0.00081484212
0.00081381937
0.00081332453
0.0008126804
0.00081266929
0.00081138357
0.00081206656
0.00084319987
0.00083468658
0.00082696067
0.00082341848
0.00081945835
0.00081780941
0.00081570453
0.00081491325
0.00081372815
0.00081343785
0.00081254236
0.00081276432
0.00081148016
0.00081216018
0.00084321256
0.00083466859
0.00082697044
0.000823416
0.00081944091
0.00081784384
0.00081564783
0.00081498188
0.00081365457
0.00081347852
0.00081260827
0.00081246134
0.00081197806
0.00081138634
0.00084322814
0.00083464656
0.00082698328
0.0008234096
0.00081942756
0.00081787147
0.00081560075
0.00081503417
0.00081360623
0.0008134918
0.00081263669
0.00081244163
0.0008118629
0.00081160864
0.00084324672
0.0008346204
0.00082699968
0.00082339756
0.00081942236
0.00081788468
0.00081557473
0.00081505781
0.0008135842
0.00081350763
0.00081258888
0.00081255798
0.00081171368
0.00081171435
0.00084326833
0.00083459021
0.00082701996
0.00082337834
0.00081942907
0.00081787666
0.0008155793
0.0008150426
0.00081359849
0.00081349834
0.00081256868
0.00081258681
0.00081171065
0.00081169695
0.00084329293
0.0008345563
0.0008270441
0.00082335112
0.00081944984
0.00081784412
0.00081561795
0.00081498526
0.00081365756
0.00081343527
0.00081262636
0.0008125135
0.00081178577
0.00081162841
0.00084332033
0.00083451924
0.00082707158
0.00082331637
0.00081948379
0.00081778989
0.00081568391
0.00081489691
0.00081374872
0.00081333399
0.00081272508
0.00081241147
0.00081187076
0.00081155528
0.00084335026
0.00083447991
0.00082710127
0.0008232763
0.00081952614
0.00081772406
0.00081575932
0.0008148039
0.00081383689
0.00081324264
0.0008128007
0.00081234532
0.00081192163
0.00081151327
0.00084338238
0.00083443936
0.00082713139
0.00082323478
0.00081956871
0.00081766188
0.00081582076
0.00081473664
0.00081388682
0.00081319855
0.0008128221
0.00081233032
0.00081193242
0.00081150511
0.00084341632
0.0008343987
0.00082715987
0.00082319658
0.0008196022
0.00081761826
0.00081584972
0.00081471288
0.00081388622
0.00081320423
0.00081279939
0.00081234853
0.00081191956
0.00081151585
0.00084345177
0.0008343588
0.0008271849
0.0008231658
0.00081961972
0.00081760109
0.00081584192
0.00081472867
0.00081384929
0.000813237
0.00081275882
0.00081237631
0.00081190163
0.00081153079
0.00084348861
0.00083431995
0.0008272057
0.00082314412
0.00081962015
0.00081760724
0.00081580902
0.0008147632
0.00081380222
0.00081327057
0.00081272214
0.00081239794
0.00081189028
0.00081154226
0.00084352703
0.00083428145
0.00082722327
0.00082312942
0.00081960926
0.0008176239
0.00081577133
0.00081479267
0.0008137667
0.00081328903
0.00081269939
0.00081240731
0.00081188946
0.00081154849
0.00084356758
0.00083424144
0.00082724066
0.0008231159
0.00081959766
0.00081763496
0.00081574705
0.00081480205
0.00081375189
0.0008132882
0.00081269193
0.00081240427
0.00081189884
0.00081155108
0.00084361123
0.00083419688
0.00082726257
0.0008230957
0.00081959639
0.00081762845
0.00081574439
0.00081478908
0.0008137556
0.00081327209
0.00081269561
0.00081239254
0.00081191528
0.00081155387
0.00084365919
0.00083414414
0.00082729417
0.00082306154
0.00081961264
0.00081760066
0.00081576111
0.00081476026
0.00081376983
0.00081324827
0.00081270369
0.00081237747
0.00081193416
0.00081156133
0.00084371261
0.00083407982
0.00082733956
0.00082300909
0.00081964785
0.0008175549
0.00081578971
0.00081472404
0.00081378684
0.00081322318
0.00081271109
0.00081236293
0.00081195223
0.00081157618
0.00084377213
0.00083400195
0.00082740031
0.00082293812
0.00081969896
0.00081749699
0.00081582415
0.0008146849
0.00081380386
0.00081319841
0.00081271693
0.00081234914
0.0008119692
0.00081159765
0.00084383739
0.00083391112
0.00082747463
0.00082285227
0.00081976081
0.00081743151
0.00081586237
0.00081464261
0.00081382253
0.00081317152
0.00081272389
0.0008123338
0.00081198667
0.00081162243
0.00084390651
0.00083381126
0.00082755726
0.00082275831
0.00081982751
0.00081736213
0.00081590362
0.00081459667
0.0008138444
0.00081314101
0.00081273377
0.00081231579
0.00081200557
0.00081164727
0.0008439759
0.00083370968
0.00082764004
0.00082266542
0.00081989212
0.00081729431
0.00081594428
0.00081455063
0.00081386688
0.00081310986
0.00081274432
0.00081229736
0.00081202418
0.00081167124
0.00084404045
0.00083361632
0.00082771326
0.00082258423
0.00081994636
0.00081723634
0.00081597748
0.00081451172
0.00081388419
0.00081308377
0.00081275157
0.00081228236
0.00081203992
0.00081169487
0.00084409411
0.00083354197
0.0008277676
0.00082252504
0.00081998224
0.00081719681
0.00081599673
0.00081448636
0.00081389215
0.00081306699
0.00081275327
0.00081227335
0.00081205156
0.00081171867
0.00084413107
0.00083349582
0.00082779651
0.0008224949
0.00081999551
0.00081718027
0.00081600002
0.00081447692
0.00081389048
0.00081306042
0.00081274985
0.00081227084
0.00081205964
0.00081174259
0.00084414699
0.00083348319
0.00082779808
0.00082249528
0.00081998754
0.00081718558
0.00081599032
0.00081448151
0.00081388218
0.00081306258
0.00081274358
0.00081227404
0.00081206567
0.00081176639
0.00084414004
0.00083350419
0.00082777531
0.00082252227
0.00081996397
0.00081720781
0.00081597296
0.0008144964
0.00081387093
0.00081307138
0.00081273686
0.00081228176
0.00081207128
0.00081178986
0.00084411129
0.00083355421
0.00082773417
0.00082256919
0.00081993111
0.00081724165
0.00081595231
0.0008145183
0.00081385943
0.00081308494
0.0008127314
0.00081229291
0.00081207753
0.00081181293
0.00084406433
0.00083362581
0.00082768111
0.00082262925
0.00081989372
0.00081728287
0.00081593097
0.0008145449
0.0008138489
0.00081310198
0.00081272755
0.00081230688
0.0008120845
0.00081183564
0.0008440045
0.00083371073
0.00082762124
0.00082269717
0.00081985395
0.00081732899
0.00081590929
0.00081457498
0.00081383916
0.00081312157
0.00081272511
0.00081232265
0.00081209203
0.00081185779
0.00084393797
0.00083380121
0.0008275583
0.00082276888
0.00081981256
0.00081737813
0.00081588686
0.00081460737
0.00081382924
0.000813143
0.00081272277
0.00081233984
0.00081209899
0.00081187903
0.00084387134
0.00083388968
0.00082749618
0.00082283968
0.00081977109
0.00081742737
0.00081586405
0.00081463995
0.00081381877
0.00081316477
0.00081272002
0.00081235701
0.00081210483
0.00081189858
0.00084381149
0.00083396779
0.00082744053
0.00082290273
0.00081973355
0.00081747141
0.00081584301
0.00081466936
0.00081380881
0.00081318436
0.0008127171
0.00081237229
0.00081210938
0.00081191527
0.00084376513
0.00083402646
0.00082739857
0.00082294948
0.00081970575
0.00081750401
0.0008158275
0.00081469105
0.00081380144
0.0008131986
0.00081271487
0.0008123835
0.00081211289
0.00081192776
0.00084373755
0.00083405804
0.00082737682
0.00082297288
0.00081969276
0.00081751959
0.00081582107
0.00081470115
0.00081379863
0.00081320501
0.00081271426
0.00081238896
0.00081211575
0.00081193505
0.00084373055
0.00083406015
0.00082737736
0.0008229708
0.00081969619
0.00081751666
0.00081582454
0.00081469869
0.00081380079
0.00081320289
0.00081271541
0.00081238824
0.00081211803
0.00081193699
0.00084374077
0.00083403867
0.00082739524
0.00082294916
0.00081971173
0.00081750011
0.00081583475
0.00081468712
0.0008138061
0.00081319462
0.00081271743
0.00081238294
0.00081211951
0.00081193485
0.00084375999
0.00083400674
0.00082741993
0.00082292007
0.00081973102
0.00081747871
0.00081584655
0.00081467234
0.00081381158
0.00081318401
0.00081271888
0.00081237564
0.00081211978
0.00081193059
0.00084377788
0.00083398025
0.000827439
0.00082289789
0.00081974441
0.00081746314
0.00081585378
0.00081466154
0.00081381409
0.00081317585
0.00081271851
0.00081236964
0.00081211873
0.00081192675
0.00084378684
0.00083396951
0.00082744519
0.00082289081
0.00081974724
0.00081745882
0.00081585414
0.00081465818
0.00081381278
0.0008131725
0.0008127163
0.00081236676
0.0008121169
0.00081192476
0.00084378559
0.00083397429
0.00082743992
0.00082289712
0.00081974173
0.0008174638
0.00081584981
0.00081466097
0.00081380921
0.00081317327
0.00081271332
0.00081236668
0.00081211501
0.0008119248
0.00084377873
0.00083398609
0.00082742996
0.00082290876
0.00081973366
0.00081747226
0.00081584443
0.00081466605
0.00081380547
0.00081317567
0.00081271064
0.00081236784
0.00081211358
0.00081192576
0.00084377298
0.00083399432
0.00082742345
0.00082291615
0.00081972933
0.00081747729
0.00081584183
0.00081466885
0.00081380352
0.0008131767
0.00081270906
0.00081236818
0.00081211272
0.00081192616
0.000843772
0.00083399444
0.00082742339
0.00082291596
0.00081973006
0.0008174769
0.0008158424
0.00081466803
0.00081380329
0.00081317537
0.00081270826
0.00081236691
0.000812112
0.00081192532
0.00084377444
0.00083398985
0.00082742663
0.00082291194
0.00081973286
0.0008174739
0.00081584399
0.00081466546
0.00081380339
0.00081317284
0.00081270739
0.00081236472
0.00081211096
0.00081192366
0.00084377653
0.00083398662
0.00082742863
0.00082290938
0.00081973432
0.00081747198
0.00081584448
0.00081466354
0.00081380269
0.00081317064
0.00081270599
0.00081236263
0.0008121095
0.00081192193
0.00084377601
0.00083398763
0.00082742767
0.00082291023
0.00081973351
0.00081747229
0.00081584346
0.00081466298
0.0008138011
0.00081316927
0.0008127041
0.00081236104
0.00081210775
0.00081192047
0.00084377372
0.00083399105
0.00082742532
0.00082291259
0.00081973192
0.00081747332
0.00081584198
0.00081466276
0.00081379924
0.00081316807
0.00081270207
0.00081235955
0.00081210585
0.00081191904
0.00084377195
0.0008339934
0.000827424
0.00082291366
0.00081973112
0.00081747324
0.0008158409
0.0008146617
0.00081379752
0.00081316627
0.00081270002
0.00081235759
0.00081210387
0.00081191718
0.00084377186
0.00083399329
0.00082742445
0.0008229126
0.00081973136
0.00081747171
0.00081584032
0.00081465962
0.00081379596
0.00081316377
0.00081269795
0.00081235511
0.00081210175
0.00081191487
0.000843773
0.00083399158
0.00082742583
0.00082291048
0.00081973197
0.00081746955
0.00081583981
0.00081465712
0.00081379437
0.000813161
0.00081269581
0.00081235241
0.00081209952
0.00081191238
0.0008437743
0.00083398976
0.00082742706
0.00082290855
0.00081973235
0.00081746761
0.00081583912
0.00081465482
0.00081379268
0.00081315839
0.00081269366
0.00081234986
0.0008120973
0.00081191
0.00084377517
0.00083398855
0.0008274277
0.00082290729
0.00081973231
0.00081746619
0.00081583819
0.00081465289
0.00081379093
0.0008131561
0.00081269157
0.00081234759
0.00081209519
0.00081190784
0.00084377555
0.00083398795
0.00082742784
0.00082290656
0.000819732
0.00081746513
0.00081583713
0.00081465122
0.00081378918
0.00081315405
0.00081268957
0.00081234551
0.0008120932
0.00081190585
0.00084377564
0.00083398767
0.00082742776
0.00082290607
0.00081973153
0.00081746422
0.00081583599
0.00081464967
0.00081378743
0.00081315212
0.00081268763
0.00081234355
0.00081209129
0.00081190397
0.0008437756
0.0008339875
0.00082742757
0.00082290567
0.000819731
0.00081746333
0.00081583481
0.00081464813
0.00081378569
0.00081315024
0.00081268572
0.00081234165
0.00081208943
0.00081190213
0.00084377552
0.00083398734
0.00082742735
0.00082290531
0.00081973035
0.00081746244
0.00081583355
0.0008146466
0.00081378393
0.00081314839
0.00081268383
0.00081233978
0.00081208758
0.00081190032
0.00084377542
0.00083398718
0.0008274271
0.00082290494
0.00081972965
0.00081746151
0.00081583223
0.00081464505
0.00081378215
0.00081314655
0.00081268196
0.00081233792
0.00081208575
0.00081189852
0.00084377531
0.00083398702
0.0008274268
0.00082290452
0.0008197289
0.00081746052
0.00081583087
0.00081464346
0.00081378037
0.00081314471
0.0008126801
0.00081233608
0.00081208394
0.00081189673
0.00084377519
0.00083398683
0.00082742643
0.00082290405
0.00081972811
0.00081745947
0.00081582948
0.00081464185
0.00081377859
0.00081314289
0.00081267827
0.00081233425
0.00081208215
0.00081189496
0.00084377505
0.00083398662
0.00082742604
0.00082290354
0.00081972727
0.00081745837
0.00081582805
0.00081464022
0.00081377681
0.00081314108
0.00081267644
0.00081233245
0.00081208037
0.0008118932
0.00084377489
0.00083398639
0.00082742563
0.00082290296
0.00081972638
0.0008174572
0.00081582658
0.00081463857
0.00081377503
0.00081313927
0.00081267463
0.00081233066
0.0008120786
0.00081189146
0.00084377472
0.00083398613
0.00082742519
0.00082290234
0.00081972543
0.00081745598
0.00081582507
0.00081463689
0.00081377325
0.00081313747
0.00081267283
0.00081232888
0.00081207685
0.00081188972
0.00084377453
0.00083398585
0.00082742471
0.00082290165
0.00081972444
0.00081745471
0.00081582353
0.0008146352
0.00081377147
0.00081313568
0.00081267104
0.00081232712
0.00081207511
0.000811888
0.00084377431
0.00083398554
0.0008274242
0.00082290091
0.00081972338
0.00081745338
0.00081582196
0.00081463349
0.00081376969
0.00081313389
0.00081266927
0.00081232536
0.00081207337
0.00081188629
0.00084377407
0.00083398521
0.00082742367
0.00082290009
0.00081972228
0.00081745198
0.00081582036
0.00081463176
0.00081376791
0.0008131321
0.0008126675
0.00081232362
0.00081207165
0.00081188458
0.00084377381
0.00083398485
0.00082742311
0.0008228992
0.00081972112
0.00081745053
0.00081581873
0.00081463
0.00081376613
0.00081313032
0.00081266573
0.00081232188
0.00081206993
0.00081188288
0.00084377352
0.00083398445
0.0008274225
0.00082289825
0.0008197199
0.00081744902
0.00081581706
0.00081462823
0.00081376434
0.00081312853
0.00081266396
0.00081232013
0.0008120682
0.00081188118
0.00084377321
0.00083398401
0.00082742182
0.00082289724
0.00081971861
0.00081744747
0.00081581536
0.00081462644
0.00081376254
0.00081312674
0.00081266219
0.00081231839
0.00081206648
0.00081187946
0.00084377286
0.00083398353
0.00082742109
0.00082289616
0.00081971724
0.00081744585
0.00081581361
0.00081462462
0.00081376072
0.00081312493
0.00081266041
0.00081231663
0.00081206474
0.00081187774
0.00084377249
0.00083398301
0.00082742029
0.00082289502
0.00081971581
0.00081744419
0.00081581182
0.00081462278
0.00081375888
0.0008131231
0.0008126586
0.00081231485
0.00081206298
0.000811876
0.00084377209
0.00083398244
0.00082741942
0.0008228938
0.00081971429
0.00081744246
0.00081580998
0.0008146209
0.000813757
0.00081312125
0.00081265678
0.00081231305
0.0008120612
0.00081187424
0.00084377165
0.00083398182
0.00082741849
0.00082289252
0.0008197127
0.00081744066
0.00081580808
0.00081461897
0.00081375509
0.00081311936
0.00081265491
0.00081231121
0.00081205938
0.00081187244
0.00084377118
0.00083398116
0.0008274175
0.00082289116
0.00081971103
0.00081743879
0.00081580612
0.00081461699
0.00081375312
0.00081311742
0.00081265301
0.00081230933
0.00081205752
0.0008118706
0.00084377068
0.00083398045
0.00082741643
0.00082288971
0.00081970927
0.00081743684
0.00081580408
0.00081461494
0.00081375109
0.00081311542
0.00081265104
0.00081230739
0.0008120556
0.0008118687
0.00084377014
0.0008339797
0.00082741529
0.00082288816
0.00081970736
0.00081743471
0.00081580184
0.00081461268
0.00081374883
0.00081311319
0.00081264883
0.0008123052
0.00081205344
0.00081186654
7.8325466e-06
3.4187393e-05
5.1165889e-05
5.2405216e-05
4.9022076e-05
4.6039261e-05
4.6959278e-05
4.8678848e-05
5.0787824e-05
5.1863263e-05
5.2360367e-05
5.2439361e-05
5.2287623e-05
5.2060453e-05
5.1773141e-05
5.1436461e-05
5.1088006e-05
5.0735986e-05
5.0382199e-05
5.0032829e-05
4.9691064e-05
4.9355205e-05
4.9035813e-05
4.8727174e-05
4.8424504e-05
4.8128181e-05
4.7838539e-05
4.7557801e-05
4.728792e-05
4.7022962e-05
4.6763656e-05
4.6508399e-05
4.6261461e-05
4.6019708e-05
4.5783317e-05
4.5550321e-05
4.5322285e-05
4.5099742e-05
4.4880403e-05
4.4664841e-05
4.4453217e-05
4.4245703e-05
4.4040595e-05
4.3838557e-05
4.3640119e-05
4.3444583e-05
4.3251262e-05
4.3060858e-05
4.2873195e-05
4.2687659e-05
4.2504435e-05
4.2323486e-05
4.2144461e-05
4.1967707e-05
4.1792562e-05
4.161936e-05
4.1448172e-05
4.1278251e-05
4.1110191e-05
4.0943791e-05
4.0778706e-05
4.061523e-05
4.0453045e-05
4.0292414e-05
4.0132812e-05
3.9974953e-05
3.9817914e-05
3.9662374e-05
3.9507815e-05
3.9354567e-05
3.9202131e-05
3.9051199e-05
3.8900784e-05
3.8751991e-05
3.8603539e-05
3.845675e-05
3.83101e-05
3.8165296e-05
3.8020326e-05
3.7877437e-05
3.7734087e-05
3.7592975e-05
3.7451185e-05
3.7311828e-05
3.7171464e-05
3.7033865e-05
3.6894816e-05
3.6758916e-05
3.6621131e-05
3.6486924e-05
3.6350011e-05
3.6217757e-05
3.6082077e-05
3.5944969e-05
3.5835472e-05
3.5618215e-05
3.6441988e-05
3.3243739e-05
5.5792641e-05
7.3648705e-05
0.00010397439
0.00014344178
0.00019231478
0.00023328924
0.00026617169
0.00028870703
0.00030667561
0.00031972152
0.00032941209
0.00033650911
0.00034140849
0.00034457285
0.00034694155
0.00034870058
0.00034989634
0.00035071744
0.000351223
0.00035144785
0.00035162347
0.00035164559
0.00035146431
0.00035112522
0.00035065965
0.00035013139
0.00034958237
0.00034890924
0.00034815805
0.00034731658
0.0003464782
0.00034558272
0.00034465156
0.00034365877
0.00034264761
0.00034163
0.00034056852
0.00033948839
0.00033839639
0.0003372992
0.00033617068
0.00033503337
0.00033389873
0.00033275555
0.00033159716
0.00033044122
0.00032928522
0.00032812142
0.00032695713
0.00032579341
0.00032462671
0.00032346517
0.00032229884
0.00032113658
0.00031997992
0.00031881782
0.00031766333
0.00031651257
0.00031536153
0.00031421669
0.00031307348
0.0003119371
0.00031080009
0.00030967457
0.00030854606
0.00030742697
0.00030630925
0.0003051987
0.0003040887
0.00030298969
0.00030188746
0.00030079907
0.00029970571
0.00029862753
0.00029754246
0.00029647565
0.00029539833
0.00029434311
0.00029327397
0.00029222946
0.00029116877
0.00029013559
0.00028908244
0.00028806136
0.00028701526
0.00028600599
0.00028496714
0.00028397053
0.00028293444
0.00028195703
0.00028091934
0.00027993004
0.00027905151
0.00027745464
6.5647399e-05
3.4981237e-05
3.8800823e-05
3.6610182e-05
4.6667489e-05
5.9755521e-05
9.2329819e-05
0.00012920213
0.00018484505
0.00024311059
0.00031458738
0.00037486044
0.00041775627
0.00044892041
0.00047359508
0.00049329968
0.00050989499
0.00052332007
0.00053432335
0.00054362702
0.00055144739
0.00055807286
0.00056405572
0.0005690985
0.00057329996
0.00057685127
0.00057983571
0.00058242268
0.00058468149
0.00058641491
0.00058780592
0.00058883433
0.00058970451
0.00059026998
0.0005906283
0.00059072573
0.00059067565
0.00059049102
0.00059010368
0.00058959657
0.00058897459
0.00058825688
0.00058739503
0.00058645363
0.00058545279
0.00058437016
0.00058320109
0.00058198805
0.00058072522
0.00057940057
0.00057803378
0.00057662882
0.00057518124
0.00057371091
0.00057219707
0.0005706637
0.00056911363
0.00056752443
0.00056592869
0.00056431681
0.00056268215
0.00056104085
0.00055938326
0.00055772235
0.00055604222
0.00055437151
0.00055267727
0.00055098985
0.00054929069
0.00054759411
0.00054588581
0.00054418994
0.00054247472
0.0005407797
0.00053906231
0.00053736913
0.00053565024
0.0005339634
0.00053224339
0.00053056488
0.00052884627
0.00052717545
0.00052546016
0.00052379972
0.00052208679
0.0005204395
0.00051872907
0.00051709502
0.00051538855
0.00051377075
0.00051205867
0.00051047551
0.00050873787
0.00050717056
0.00050562684
0.00050306174
0.00071646387
0.00021773732
8.4574346e-05
6.2361885e-05
5.4796588e-05
4.4937169e-05
4.3343178e-05
4.9406798e-05
6.8150153e-05
0.00010094662
0.00015213665
0.0002278454
0.00031198615
0.00037845026
0.00043931432
0.00049598093
0.0005443297
0.00057960484
0.00060942598
0.00063518709
0.00065799299
0.00067796711
0.00069625765
0.00071222229
0.00072625179
0.00073872592
0.00074980765
0.00075986491
0.0007690017
0.00077690304
0.00078396762
0.00079014055
0.0007957924
0.00080067515
0.00080502088
0.0008087101
0.00081196768
0.00081481183
0.00081714566
0.000819143
0.0008207919
0.00082214519
0.00082312677
0.00082386564
0.00082439337
0.00082467809
0.00082472163
0.00082460317
0.00082431722
0.00082384778
0.00082323341
0.00082248609
0.00082160215
0.00082062055
0.00081950579
0.00081830701
0.00081703064
0.00081563773
0.00081419261
0.00081267825
0.00081108492
0.00080944501
0.00080774191
0.00080600183
0.00080419614
0.00080238092
0.00080049428
0.00079859598
0.00079665157
0.00079468932
0.00079268342
0.00079068059
0.00078862105
0.00078658158
0.00078448108
0.00078240996
0.00078027297
0.00077818185
0.00077601171
0.00077390689
0.00077171075
0.00076959344
0.00076737716
0.00076525415
0.00076301824
0.00076089651
0.00075864274
0.00075652455
0.00075425692
0.00075214946
0.00074985165
0.00074779469
0.0007454167
0.00074343146
0.00074124029
0.00073785554
0.00079926529
0.00072365778
0.00055302181
0.00033631375
0.00018260195
0.00012524207
9.0071367e-05
6.8704258e-05
5.5861107e-05
5.2327102e-05
6.0961007e-05
8.4664204e-05
0.00013887383
0.00020982916
0.00029544616
0.00036398262
0.00043322115
0.00049996356
0.00056242504
0.00061793958
0.00066922037
0.00071546425
0.00075808816
0.00079032352
0.0008192568
0.0008455044
0.00086937765
0.00089130337
0.0009114176
0.00092937389
0.00094575467
0.00096049223
0.00097417526
0.00098641627
0.00099762961
0.001007585
0.0010166871
0.0010249376
0.0010322222
0.0010388379
0.0010447286
0.0010500081
0.0010545685
0.001058628
0.001062223
0.0010653152
0.0010679222
0.0010701691
0.001072054
0.0010735577
0.0010747442
0.0010756395
0.0010762431
0.0010766181
0.0010767129
0.0010766124
0.0010763262
0.0010757973
0.0010751332
0.0010743068
0.0010733065
0.0010721874
0.0010709244
0.001069562
0.0010680561
0.0010665
0.0010647935
0.0010630376
0.0010611762
0.0010592575
0.0010572406
0.0010552034
0.0010530486
0.0010509043
0.0010486371
0.0010463979
0.0010440298
0.0010417189
0.0010392588
0.0010368898
0.0010343525
0.0010319305
0.0010293284
0.001026867
0.0010242039
0.0010217167
0.0010189975
0.0010164909
0.0010137237
0.0010112117
0.0010083715
0.0010059249
0.0010029176
0.0010006219
0.00099775767
0.00099363017
0.00080987382
0.00079758761
0.00075762726
0.00065745303
0.00049047043
0.00039056887
0.00027660221
0.00020586232
0.00015239845
0.00011382677
8.5375881e-05
7.0858726e-05
6.783463e-05
8.3646851e-05
0.00012880169
0.00019481168
0.000284069
0.00035167652
0.00042232127
0.00049486783
0.0005666358
0.00063397205
0.00069959192
0.00076065002
0.00081668115
0.00086808485
0.00091568303
0.00095966163
0.00099739992
0.0010292591
0.0010587243
0.0010856718
0.00111097
0.0011338931
0.0011550604
0.001174315
0.0011921414
0.0012085164
0.0012233246
0.0012370124
0.0012494519
0.0012608482
0.0012710492
0.0012803927
0.0012889068
0.0012965484
0.0013033626
0.0013095304
0.0013150548
0.0013199123
0.0013242007
0.0013279676
0.0013312166
0.0013340386
0.0013363669
0.0013383339
0.001339949
0.0013411381
0.0013420639
0.0013426855
0.0013429918
0.0013430673
0.0013428774
0.0013424894
0.0013418426
0.0013410763
0.0013400437
0.001338899
0.001337559
0.001336098
0.0013344569
0.0013327533
0.0013308434
0.0013289205
0.0013267859
0.0013246676
0.0013223306
0.0013200565
0.0013175353
0.00131513
0.0013124506
0.0013099261
0.0013071107
0.0013044902
0.0013015479
0.0012988551
0.0012957961
0.0012930439
0.0012898823
0.0012870941
0.0012837947
0.0012810833
0.0012774934
0.0012750332
0.0012715004
0.0012667592
0.00081183058
0.00080896453
0.00080164333
0.00078048504
0.00072238211
0.00066249277
0.00055755506
0.00047436844
0.00038128701
0.00032130525
0.00023739189
0.00018435814
0.00013101357
0.00010020563
8.2719218e-05
8.9051467e-05
0.00012125251
0.00018447421
0.00026704043
0.00034570486
0.00041527724
0.00048913602
0.00056742342
0.00064420194
0.00071930906
0.00079219318
0.00086165833
0.00092731934
0.00098921584
0.0010464182
0.0010994891
0.0011485518
0.0011948268
0.0012329129
0.0012672675
0.0012989687
0.0013286211
0.0013560764
0.001381236
0.0014046114
0.0014262274
0.0014462046
0.0014643785
0.0014812491
0.0014968104
0.0015110134
0.0015239445
0.0015358536
0.0015467444
0.0015565832
0.0015655166
0.0015736197
0.0015808987
0.0015874757
0.0015932717
0.0015984783
0.0016030987
0.0016070452
0.0016105484
0.0016135479
0.0016160363
0.0016181356
0.0016198
0.0016211237
0.0016220302
0.0016227125
0.0016229689
0.0016230211
0.0016227514
0.0016222674
0.0016214892
0.0016205825
0.001619348
0.0016180596
0.0016164386
0.0016148083
0.0016128391
0.0016109294
0.0016086429
0.0016064938
0.001603932
0.0016015653
0.001598764
0.0015962168
0.0015931933
0.0015905028
0.0015872748
0.0015844633
0.0015810535
0.0015781576
0.0015745187
0.0015717042
0.0015676107
0.0015651669
0.0015609959
0.0015558172
0.00081121495
0.00081122029
0.00080917196
0.00080494163
0.00079333223
0.0007742234
0.0007325217
0.00069297892
0.00062075927
0.00057127976
0.0004806263
0.00041998577
0.00033531995
0.00026071854
0.00018329369
0.0001346373
0.00010405846
9.822549e-05
0.00011908259
0.00017417945
0.00025215013
0.00034969884
0.00041645799
0.0004907127
0.00057173217
0.00065453264
0.00073631668
0.00081860375
0.00089945006
0.00097748104
0.0010522224
0.0011229546
0.001190271
0.001252687
0.0013108963
0.0013648214
0.0014155634
0.0014593867
0.0014977861
0.0015336984
0.0015672811
0.00159849
0.0016272084
0.0016540503
0.0016789935
0.0017020347
0.0017232329
0.0017429531
0.0017611791
0.0017778622
0.0017932206
0.0018073576
0.0018202763
0.0018321351
0.0018428461
0.0018526725
0.0018616006
0.0018695358
0.0018767902
0.0018832749
0.0018889914
0.0018941078
0.0018985643
0.0019024866
0.001905784
0.0019087104
0.0019110011
0.0019129605
0.0019144284
0.0019155536
0.0019162333
0.0019166892
0.0019166583
0.00191651
0.0019158718
0.001915181
0.0019139956
0.0019128539
0.0019111702
0.0019096386
0.0019075191
0.0019056331
0.001903132
0.0019009468
0.0018980928
0.0018956638
0.0018924851
0.0018898472
0.0018863782
0.001883585
0.0018797652
0.0018770478
0.0018725638
0.0018703539
0.0018656009
0.0018602093
0.00081106273
0.00081118074
0.00081016086
0.0008098129
0.00080661306
0.00080207698
0.00079180816
0.00077804486
0.00074832898
0.00072323461
0.0006762719
0.00062987904
0.00057553172
0.0004931361
0.0004253899
0.00032822364
0.00024071354
0.00017321406
0.00012999797
0.00011146509
0.00012165153
0.00016812767
0.00024209907
0.00033823047
0.00042473694
0.00049877667
0.00058031502
0.00066819091
0.00075621754
0.00084636909
0.00093674743
0.0010250538
0.0011113057
0.0011945467
0.0012743974
0.0013498863
0.001421714
0.0014889002
0.0015512877
0.0016095862
0.0016644299
0.0017105522
0.0017524711
0.0017919271
0.0018287968
0.001863107
0.0018949444
0.0019247755
0.0019524529
0.0019781025
0.0020018944
0.0020239876
0.0020443764
0.0020632624
0.0020805513
0.0020965897
0.002111332
0.0021246862
0.0021370612
0.0021483252
0.002158496
0.0021677978
0.0021761519
0.00218372
0.0021904014
0.0021965151
0.0022017264
0.0022064396
0.0022104418
0.0022139321
0.0022167828
0.0022192796
0.0022210876
0.0022226877
0.0022235987
0.0022243916
0.0022244946
0.0022246088
0.0022239755
0.0022234988
0.0022222185
0.0022212051
0.0022193554
0.0022178835
0.0022155084
0.0022136566
0.0022107983
0.0022086182
0.0022053266
0.002202893
0.0021990932
0.0021967156
0.0021919916
0.0021902736
0.0021850235
0.0021796963
0.00081107611
0.00081108725
0.00081019651
0.00081017987
0.00080896196
0.00080829415
0.00080523773
0.00080113116
0.00079364955
0.00078288713
0.00076716215
0.00074119654
0.00071795953
0.00067273215
0.00063492031
0.00055986246
0.00049161673
0.00038780117
0.00029490415
0.00021426783
0.00016018351
0.00012865614
0.00012896925
0.00016373135
0.00023457915
0.00032909142
0.00044080307
0.00051433381
0.00059676098
0.00068747431
0.00078127936
0.00087698586
0.00097572046
0.0010734993
0.0011707772
0.0012655026
0.0013573562
0.0014456284
0.0015300316
0.0016099953
0.001685834
0.001756677
0.0018223885
0.0018842876
0.0019396642
0.0019877697
0.0020327523
0.0020751627
0.0021146364
0.0021515298
0.0021860049
0.0022181347
0.0022480239
0.002275915
0.0023016563
0.0023257116
0.00234798
0.0023683879
0.0023874556
0.0024049869
0.0024210283
0.0024358694
0.0024494051
0.0024618385
0.0024730641
0.0024834686
0.0024926405
0.0025011027
0.0025085775
0.0025153244
0.0025211899
0.0025265301
0.0025309314
0.0025350018
0.0025381365
0.0025410609
0.0025430551
0.0025450071
0.0025459613
0.0025470625
0.002547099
0.0025474273
0.0025466534
0.002546316
0.0025447954
0.0025438998
0.0025416929
0.0025403121
0.0025374879
0.0025357231
0.0025321927
0.0025304446
0.0025256739
0.0025247512
0.0025191204
0.0025141945
0.00081115417
0.00081095143
0.00081030386
0.0008099921
0.00080934871
0.00080886707
0.000808085
0.00080674169
0.00080483398
0.00080088571
0.0007961019
0.00078714227
0.00077750386
0.00075860987
0.00074149186
0.00070746923
0.00067512111
0.00060727104
0.00054217234
0.00044306713
0.00034575064
0.000257256
0.00019125558
0.00014965124
0.00013922704
0.00016186075
0.00023151725
0.00032556729
0.0004415577
0.00053567724
0.00061988657
0.00071246617
0.00081198299
0.00091217587
0.0010188363
0.0011259077
0.001233304
0.0013392418
0.0014430662
0.0015433789
0.0016398632
0.0017326684
0.001820669
0.0019043219
0.00198287
0.0020562094
0.0021247105
0.0021879429
0.0022416484
0.0022922139
0.0023397569
0.0023842105
0.0024258263
0.0024648895
0.0025011624
0.0025351959
0.0025669327
0.0025962326
0.0026237712
0.0026492557
0.0026727805
0.0026947092
0.002714898
0.0027335992
0.0027507083
0.0027666786
0.0027810171
0.0027943853
0.0028064255
0.002817469
0.0028273367
0.0028364597
0.0028443403
0.0028517288
0.0028578822
0.0028637012
0.0028682994
0.0028727762
0.002875955
0.0028792529
0.0028811745
0.0028834011
0.0028842095
0.0028855072
0.0028852909
0.0028858027
0.0028846451
0.0028844704
0.0028824647
0.0028817363
0.0028787796
0.0028780042
0.0028734291
0.0028736562
0.0028677966
0.002863677
0.00081123357
0.00081082706
0.00081040027
0.00080984332
0.00080945895
0.00080878556
0.00080847935
0.00080756333
0.00080712054
0.00080551905
0.000804235
0.0008011173
0.00079728338
0.00079118066
0.00078396248
0.00077091146
0.00075741204
0.00073079196
0.00070259959
0.00065037545
0.0005760013
0.00049822928
0.00039272728
0.00029997631
0.00022340201
0.00017411556
0.00015210592
0.00016696769
0.00022962422
0.00032509089
0.00044475377
0.00056349086
0.00064995235
0.00074459527
0.00084887805
0.00095513208
0.0010683816
0.0011840433
0.0013012205
0.001417975
0.0015328778
0.0016453883
0.001754339
0.0018592249
0.0019596065
0.0020557845
0.0021466786
0.0022329047
0.0023129308
0.0023881165
0.0024572399
0.0025164048
0.0025721256
0.0026246794
0.0026737225
0.0027199281
0.0027632371
0.0028034962
0.0028414351
0.0028767553
0.0029095914
0.0029403547
0.0029688614
0.0029954245
0.0030199446
0.0030429385
0.003063827
0.0030834321
0.0031012974
0.0031178393
0.0031328534
0.0031468485
0.0031592393
0.003170933
0.0031810332
0.0031906379
0.0031986755
0.0032064815
0.003212634
0.0032188548
0.0032233321
0.0032281113
0.0032311016
0.003234624
0.0032362462
0.0032386974
0.0032390637
0.0032405752
0.003239808
0.0032405506
0.0032385344
0.0032391351
0.0032350538
0.0032368435
0.0032309476
0.0032281164
0.00081126966
0.00081076452
0.00081042635
0.00080979004
0.00080946386
0.00080875723
0.00080846873
0.00080767421
0.00080735553
0.00080640184
0.00080587102
0.00080453467
0.00080335709
0.00080086961
0.00079836693
0.00079349056
0.00078787373
0.00077918646
0.0007674334
0.00074999781
0.00071960377
0.00068123464
0.0006099705
0.00054293546
0.00043783722
0.00034244547
0.00025934757
0.00019923281
0.00016778936
0.00017523721
0.00023024557
0.00032926504
0.00045293502
0.00059193185
0.00068685129
0.00078476715
0.00089289928
0.0010052449
0.0011246845
0.0012490236
0.0013750133
0.0015026115
0.0016292115
0.0017535929
0.0018747684
0.0019924356
0.0021052404
0.0022136255
0.0023170808
0.0024154389
0.002508351
0.0025948996
0.002676145
0.0027495596
0.0028137293
0.0028744587
0.0029316026
0.0029850303
0.0030355335
0.0030827561
0.0031269427
0.0031684447
0.0032071212
0.003243354
0.0032770074
0.0033086728
0.0033376819
0.0033650397
0.0033901678
0.0034135835
0.0034350583
0.0034551779
0.0034732681
0.0034904066
0.0035055286
0.0035199517
0.0035323997
0.0035444699
0.00355447
0.0035644597
0.0035722775
0.0035803735
0.0035862495
0.0035926868
0.0035967766
0.0036017906
0.0036042418
0.003608003
0.0036089726
0.0036116962
0.0036110586
0.0036135069
0.0036102818
0.0036141125
0.0036084196
0.0036074467
0.00081126365
0.00081075265
0.00081040354
0.00080979098
0.00080942012
0.00080877543
0.00080840195
0.00080771673
0.00080729914
0.00080655284
0.00080605893
0.00080521434
0.00080455101
0.00080342694
0.00080226432
0.00080055404
0.00079812148
0.00079517457
0.0007901285
0.00078389497
0.00077429178
0.0007604638
0.00073400651
0.00070415282
0.00064133239
0.0005797714
0.00048110699
0.00037999268
0.0002951599
0.00022442562
0.000185384
0.00018561578
0.00023488763
0.00033764026
0.00046731501
0.00061400297
0.0007292232
0.00083163853
0.0009440003
0.0010631597
0.0011876374
0.0013210598
0.0014565099
0.0015949684
0.0017331717
0.0018699684
0.0020037154
0.0021337797
0.0022595367
0.0023805204
0.0024962222
0.0026070361
0.0027120804
0.0028112681
0.0029035582
0.0029906964
0.0030664437
0.0031353883
0.0032007814
0.0032621355
0.0033198673
0.003374232
0.0034251266
0.0034730523
0.0035176871
0.0035599003
0.0035987935
0.0036356134
0.0036696288
0.0037014789
0.0037309103
0.0037585818
0.0037837323
0.0038076207
0.003829
0.0038494294
0.0038674083
0.0038848218
0.0038996817
0.0039144198
0.0039264901
0.00393879
0.0039483724
0.003958527
0.0039658204
0.0039741238
0.0039793183
0.0039859862
0.0039892802
0.0039945796
0.0039958399
0.0040006841
0.0039987513
0.004005175
0.0039999786
0.0040015329
0.00081123601
0.0008107649
0.00081036302
0.00080981166
0.00080936864
0.00080880328
0.00080833812
0.00080775078
0.00080722714
0.00080660185
0.00080600689
0.00080535552
0.00080466415
0.00080397132
0.00080308187
0.00080225824
0.00080097115
0.00079970937
0.00079770121
0.0007952215
0.00079171032
0.00078634589
0.0007781757
0.00076727318
0.00074607791
0.00072107287
0.00066817498
0.00060794295
0.00051929771
0.00041293505
0.00032893916
0.00024927675
0.00020376438
0.00019763248
0.00024474525
0.00034894555
0.00048656051
0.00064207363
0.00077806934
0.00088600421
0.0010027305
0.0011289392
0.0012592442
0.0014017603
0.0015468745
0.0016965296
0.0018467392
0.0019959317
0.0021426996
0.0022857467
0.0024241719
0.002558128
0.0026864189
0.0028095406
0.0029268667
0.003038478
0.0031430016
0.0032406623
0.0033315909
0.003409425
0.0034830534
0.0035525646
0.0036179021
0.0036796967
0.0037374108
0.0037922145
0.0038429692
0.0038911355
0.003935833
0.0039778938
0.0040169687
0.0040538054
0.0040875607
0.0041196825
0.0041487281
0.0041765204
0.0042013142
0.004225308
0.0042461925
0.0042668055
0.0042841815
0.0043017086
0.0043159483
0.0043307487
0.0043421011
0.0043545358
0.0043632419
0.004373579
0.0043798848
0.0043884513
0.0043922205
0.0044000956
0.0043999751
0.0044096268
0.0044052825
0.004410145
0.00081120701
0.0008107791
0.00081032602
0.00080982926
0.00080932681
0.00080882259
0.00080829045
0.00080777061
0.00080717571
0.0008066232
0.00080595595
0.000805384
0.00080464026
0.00080404948
0.00080321066
0.00080257149
0.00080160094
0.00080081703
0.00079961162
0.00079848594
0.0007967247
0.00079487966
0.00079167558
0.00078776938
0.000780617
0.00077170997
0.00075564057
0.0007332371
0.00069099679
0.00062749672
0.00055127451
0.00044423432
0.00035861032
0.00027404509
0.00022158744
0.00021114355
0.00025730976
0.0003646127
0.00051210027
0.00067723093
0.00083495785
0.00094847954
0.0010701445
0.0012034918
0.0013402798
0.0014921433
0.0016475846
0.0018086893
0.001971289
0.0021333131
0.0022931888
0.0024495526
0.0026011795
0.0027479616
0.0028893082
0.0030248211
0.0031548306
0.0032783996
0.0033957331
0.0035049108
0.0036078658
0.0036979329
0.0037800863
0.0038580883
0.0039311497
0.0040007728
0.004065531
0.0041271453
0.0041845325
0.0042388079
0.0042893149
0.0043371703
0.0043812682
0.0044232962
0.0044616027
0.0044982963
0.0045313656
0.0045633489
0.004591589
0.0046193651
0.0046432554
0.0046671837
0.0046871758
0.0047076903
0.00472409
0.004741627
0.0047547356
0.0047696226
0.0047797407
0.0047923733
0.0047993662
0.0048110045
0.0048133123
0.0048269192
0.004823855
0.0048329325
0.0008111866
0.00081078643
0.00081030116
0.00080983699
0.00080930072
0.00080882894
0.00080826211
0.00080777444
0.00080714704
0.00080662519
0.00080592927
0.0008053831
0.00080461881
0.00080405049
0.00080320982
0.00080261662
0.00080168277
0.00080105675
0.00079997904
0.00079929972
0.00079794965
0.00079714621
0.00079524945
0.0007940464
0.00079083877
0.00078830631
0.000782048
0.0007742831
0.00076203356
0.00074176631
0.00070651086
0.00064660504
0.00057644722
0.00047376552
0.00038431988
0.00029680222
0.00023883244
0.00022557415
0.00027306855
0.00038531059
0.00054505239
0.00072076113
0.00089930739
0.001019143
0.0011465223
0.0012872916
0.0014318974
0.0015933684
0.001759569
0.0019325659
0.0021079237
0.0022832083
0.0024566801
0.0026265854
0.0027919729
0.0029518411
0.0031064877
0.0032549911
0.0033973585
0.0035336329
0.00366326
0.0037846827
0.0038984191
0.0040026591
0.0040934747
0.0041803131
0.0042613822
0.0043387326
0.0044110047
0.0044796509
0.0045436612
0.0046045761
0.0046608977
0.0047147457
0.0047640713
0.0048114133
0.0048544075
0.0048959745
0.0049330815
0.0049694844
0.0050012671
0.0050329364
0.0050599344
0.0050873861
0.0051099687
0.0051337225
0.0051522613
0.0051727107
0.0051875678
0.0052051864
0.0052162346
0.0052324774
0.0052379387
0.005256331
0.0052550577
0.0052693983
0.00081117815
0.00081078558
0.00081029026
0.00080983504
0.00080929079
0.00080882396
0.00080825188
0.00080776513
0.00080713823
0.00080661248
0.00080592383
0.00080536636
0.00080461735
0.00080402933
0.00080321398
0.00080259528
0.00080170532
0.00080105619
0.00080007696
0.00079939005
0.00079829627
0.00079753436
0.00079628465
0.00079532645
0.00079382825
0.00079227396
0.00079027639
0.00078701955
0.00078317934
0.00077572232
0.00076546568
0.00074771118
0.00071719102
0.00066369661
0.00059760548
0.00049908975
0.00040645335
0.0003175105
0.00025500365
0.00024084806
0.00029217938
0.00041240859
0.0005859031
0.00077344124
0.00097128171
0.0010981642
0.0012324111
0.0013809613
0.0015341697
0.001705989
0.0018835045
0.0020690579
0.002257842
0.0024469856
0.0026347126
0.0028185385
0.0029980042
0.00317177
0.0033394873
0.003501428
0.003656726
0.0038056797
0.0039474683
0.0040818717
0.0042066986
0.0043251916
0.00442501
0.0045205514
0.0046100738
0.0046954335
0.0047752091
0.004851397
0.0049220736
0.0049898282
0.0050521429
0.0051121311
0.0051667949
0.0052197877
0.0052674649
0.0053141481
0.0053553847
0.005396315
0.0054317454
0.0054675274
0.0054975902
0.0055288342
0.0055539822
0.0055811534
0.0056018165
0.0056254762
0.0056415419
0.0056633525
0.0056728157
0.0056969374
0.0056980619
0.0057188711
0.00081118081
0.00081077916
0.0008102919
0.00080982668
0.0008092946
0.00080881165
0.00080825674
0.00080774731
0.00080714594
0.0008065897
0.00080593679
0.00080533732
0.00080463724
0.00080399154
0.00080324376
0.00080254499
0.00080175152
0.00080098952
0.00080015694
0.00079931193
0.00079845411
0.00079748771
0.00079662795
0.00079546665
0.00079463172
0.00079313219
0.00079229005
0.0007901936
0.00078901052
0.00078563655
0.00078305662
0.00077613682
0.00076714349
0.00075169617
0.00072523649
0.00067814821
0.00061414035
0.00052050974
0.00042534816
0.00033559898
0.00027004299
0.00025692746
0.00031521468
0.00044678047
0.00063536983
0.00083604594
0.0010486801
0.0011856113
0.00132783
0.0014850748
0.0016475376
0.0018306738
0.0020207166
0.0022196677
0.0024226619
0.0026262152
0.0028286509
0.0030271958
0.0032208288
0.0034088606
0.003590415
0.0037658727
0.003934378
0.0040963239
0.0042505696
0.0043983204
0.0045347739
0.0046645515
0.0047761324
0.0048807146
0.0049786918
0.0050725547
0.0051599123
0.005243853
0.0053213466
0.0053961296
0.0054645062
0.0055310077
0.0055910077
0.0056499274
0.0057023237
0.0057542555
0.0057997312
0.0058454225
0.0058844391
0.0059246216
0.005957724
0.0059929386
0.0060206301
0.0060515364
0.0060737271
0.0061022047
0.0061166577
0.0061475783
0.0061518176
0.0061804761
0.00081119127
0.00081077262
0.00081030157
0.0008098185
0.00080930667
0.00080879998
0.00080826967
0.00080773059
0.00080716114
0.00080656884
0.00080595618
0.00080531181
0.00080466167
0.00080396027
0.00080327422
0.00080250694
0.00080178918
0.00080094438
0.00080020209
0.00079926392
0.00079850785
0.00079745547
0.00079669762
0.00079550548
0.00079475124
0.00079339275
0.00079261598
0.00079105944
0.00079015195
0.00078828991
0.00078691684
0.00078438994
0.00078138342
0.00077625408
0.00076787344
0.00075424492
0.00073090446
0.00068953779
0.00062718065
0.00053748981
0.00044131305
0.00035060537
0.00028384877
0.00027410819
0.00034292642
0.0004894955
0.00069402597
0.00090901243
0.0011362171
0.0012825302
0.0014335391
0.0016003026
0.0017738143
0.0019689736
0.002172574
0.0023857136
0.0026035812
0.0028224238
0.0030399503
0.0032537461
0.0034622404
0.0036649077
0.0038607042
0.0040499894
0.0042319623
0.0044073559
0.0045746665
0.0047349637
0.0048836534
0.0050248107
0.0051483948
0.0052625024
0.0053690456
0.0054716432
0.0055667048
0.0056586365
0.0057429771
0.0058252113
0.005899629
0.0059729466
0.0060383135
0.0061033052
0.0061605155
0.006217965
0.006267582
0.006318351
0.0063609338
0.0064056926
0.0064418055
0.0064813304
0.0065109147
0.0065473093
0.0065678963
0.0066068227
0.0066150203
0.0066531022
0.00081120521
0.00081077234
0.00081031433
0.00080981795
0.00080932081
0.00080879774
0.00080828322
0.00080772582
0.00080717472
0.0008065632
0.00080597075
0.00080530613
0.00080467663
0.00080395541
0.0008032885
0.00080250466
0.00080180013
0.00080094812
0.00080020528
0.00079927993
0.00079849643
0.00079749527
0.00079666491
0.0007955898
0.00079469741
0.00079355813
0.00079257244
0.00079138737
0.00079025206
0.00078903461
0.00078763605
0.00078634477
0.00078442994
0.00078269496
0.0007793738
0.00077567739
0.00076772874
0.00075552398
0.00073463733
0.00069731917
0.00063747748
0.00055031658
0.00045415669
0.00036241275
0.00029664898
0.00029293894
0.00037667754
0.00054096137
0.00076336661
0.00099352754
0.0012365694
0.0013899317
0.0015507993
0.0017276017
0.0019137495
0.0021218238
0.0023400383
0.0025684492
0.0028019131
0.0030368995
0.0032702266
0.0034999057
0.0037237425
0.0039415212
0.0041518753
0.0043554207
0.0045513899
0.0047405265
0.0049208458
0.0050941503
0.0052552338
0.0054083228
0.00554364
0.0056675353
0.0057827378
0.0058943681
0.0059971283
0.0060975305
0.0061886778
0.0062786981
0.0063591733
0.0064394903
0.0065102924
0.0065816758
0.0066435479
0.0067069055
0.0067605894
0.00681665
0.00686274
0.0069124506
0.0069508739
0.0069966171
0.0070246281
0.0070729611
0.0070860458
0.0071353674
0.00081122154
0.00081078217
0.00081032944
0.00080982951
0.00080933724
0.00080881015
0.00080829861
0.00080773866
0.00080718928
0.00080657862
0.00080598527
0.00080532561
0.00080469031
0.0008039804
0.00080330017
0.00080253742
0.00080180834
0.00080099151
0.00080020812
0.00079933728
0.00079849164
0.00079756941
0.00079665071
0.00079568373
0.000794676
0.00079367545
0.00079255665
0.0007915368
0.00079027952
0.00078925276
0.00078782277
0.00078678448
0.00078512869
0.00078401659
0.00078196115
0.00078045899
0.00077736455
0.00077412339
0.00076716292
0.0007557742
0.00073670674
0.00070202704
0.00064510847
0.0005595189
0.00046365673
0.00037130984
0.00030881194
0.00031428818
0.00041800149
0.00060251197
0.00084487864
0.0010910873
0.0013447282
0.0015079767
0.0016800758
0.0018676359
0.0020681007
0.0022902753
0.0025243594
0.0027692047
0.0030192087
0.0032712268
0.0035209871
0.0037672662
0.0040069309
0.0042401931
0.004465522
0.0046840615
0.0048940992
0.0050975684
0.005291065
0.0054779301
0.0056516118
0.0058169946
0.0059634806
0.0060975344
0.00622136
0.0063425677
0.0064529655
0.0065622121
0.0066601683
0.0067582047
0.0068447719
0.006932487
0.0070084834
0.0070867468
0.0071531624
0.0072226717
0.0072803304
0.0073421298
0.0073909244
0.0074477347
0.0074845523
0.0075439511
0.007562923
0.0076255809
0.00081124429
0.00081080281
0.00081035463
0.00080985573
0.00080936739
0.00080884119
0.0008083317
0.00080777416
0.0008072259
0.00080662069
0.00080602686
0.00080537536
0.00080473678
0.00080403882
0.00080335154
0.00080260525
0.00080186484
0.00080106926
0.00080027038
0.00079942489
0.00079856114
0.00079766593
0.0007967302
0.00079578603
0.00079477074
0.00079377811
0.0007926765
0.000791634
0.00079044176
0.00078934457
0.00078805969
0.00078689579
0.0007855166
0.00078425549
0.00078277561
0.00078132619
0.00077967184
0.00077772798
0.00077546138
0.00077174987
0.00076637186
0.00075530946
0.00073742018
0.00070486092
0.00064995334
0.00056590774
0.00046948947
0.00037783412
0.00032112669
0.00033936188
0.00046862631
0.0006762875
0.00093913306
0.0012025559
0.0014633629
0.0016374376
0.0018221335
0.002021516
0.002238181
0.0024756253
0.0027270357
0.0029894138
0.0032569297
0.0035269931
0.0037939097
0.0040571377
0.004313139
0.0045628395
0.0048035473
0.0050377455
0.0052620591
0.0054803819
0.0056874924
0.0058883785
0.0060745489
0.006252587
0.0064095658
0.0065543985
0.0066867631
0.0068179702
0.0069359944
0.0070543715
0.0071591369
0.0072656782
0.0073579761
0.007453739
0.0075347224
0.0076201427
0.0076910161
0.0077671852
0.0078279044
0.0078978675
0.0079449409
0.0080173756
0.0080432902
0.0081217024
0.00081127973
0.00081083538
0.00081040307
0.00080990298
0.00080943182
0.00080890248
0.00080841051
0.00080784884
0.00080732019
0.0008067106
0.0008061385
0.00080548109
0.00080486666
0.00080416015
0.00080350082
0.00080274187
0.00080203509
0.00080122047
0.00080046371
0.00079958947
0.00079878039
0.00079784196
0.00079697911
0.00079597069
0.00079505393
0.00079396782
0.00079299886
0.00079182563
0.00079080919
0.00078953573
0.00078847981
0.00078708643
0.0007860062
0.0007844636
0.00078337934
0.00078164425
0.00078057021
0.0007785621
0.00077745429
0.00077494047
0.00077338718
0.00076934862
0.00076512201
0.00075432369
0.00073712065
0.00070632986
0.00065238882
0.00057005448
0.00047200918
0.00038246946
0.00033474518
0.00036975713
0.00053065548
0.00076349748
0.001047204
0.0013301257
0.0015941227
0.0017797337
0.0019782985
0.002190399
0.0024254062
0.0026792007
0.00294951
0.0032307061
0.0035166389
0.003805353
0.0040904592
0.0043718066
0.0046447645
0.0049116106
0.0051679564
0.0054183139
0.0056573985
0.005891043
0.0061118481
0.0063272534
0.0065256621
0.006717052
0.0068838115
0.0070399045
0.0071807862
0.0073223453
0.0074479621
0.007576061
0.0076871424
0.0078030209
0.0079007353
0.0080048827
0.0080907621
0.0081839231
0.0082582231
0.0083437854
0.0084025833
0.0084904053
0.0085243399
0.0086212991
0.00081133001
0.00081088228
0.00081048373
0.00080998039
0.00080954622
0.00080900996
0.00080855777
0.00080798596
0.00080750203
0.00080687916
0.00080635739
0.00080568173
0.00080512409
0.00080439298
0.00080379831
0.00080300684
0.00080237432
0.00080151719
0.00080084651
0.00079991711
0.00079920854
0.00079819943
0.00079745424
0.00079635677
0.00079557736
0.00079438115
0.00079357205
0.00079226418
0.00079143213
0.00078999759
0.00078915208
0.00078757265
0.00078672624
0.00078498065
0.00078414929
0.0007822116
0.00078141306
0.00077925122
0.00077848963
0.00077605814
0.00077528991
0.00077240223
0.00077129678
0.00076707777
0.00076360335
0.00075306615
0.00073610485
0.00070681476
0.0006530908
0.00057209232
0.00047182903
0.00038579271
0.00035098931
0.00040746827
0.00060548743
0.0008674657
0.0011706395
0.0014747466
0.0017380418
0.0019359247
0.0021499432
0.0023757386
0.0026312152
0.0029027775
0.0031928118
0.0034945778
0.0038007518
0.0041093874
0.0044133356
0.0047135233
0.0050037958
0.0052883276
0.0055607454
0.0058276444
0.0060816491
0.0063313385
0.0065658634
0.0067966649
0.007007106
0.0072124235
0.0073881228
0.0075559074
0.0077052379
0.0078578571
0.0079904293
0.0081292905
0.008246184
0.0083719538
0.0084749202
0.0085881014
0.0086777335
0.0087817007
0.0088538347
0.0089597043
0.0090028679
0.0091214993
0.00081138966
0.00081094401
0.00081059094
0.00081008992
0.00080970531
0.00080916815
0.00080876874
0.0008081932
0.00080776733
0.00080713817
0.0008066802
0.00080599444
0.00080550657
0.00080476069
0.00080424252
0.00080343063
0.00080288203
0.00080199796
0.00080141911
0.00080045591
0.00079984729
0.00079879691
0.00079816012
0.00079701327
0.000796351
0.00079509697
0.00079441307
0.00079303992
0.00079233951
0.00079083382
0.00079012346
0.00078847024
0.00078775809
0.00078594094
0.00078523657
0.00078323782
0.00078255159
0.00078035207
0.00077969553
0.00077727068
0.00077664854
0.00077396946
0.00077333901
0.00077027022
0.00076934842
0.00076511766
0.00076199293
0.00075174487
0.00073464185
0.00070660646
0.0006524867
0.00057059083
0.00046940472
0.00038916614
0.00037133997
0.00046320121
0.00069446895
0.00098853341
0.0013109009
0.0016383372
0.0018965404
0.002107879
0.0023383435
0.0025795558
0.0028558016
0.0031495983
0.0034610831
0.0037845985
0.0041116359
0.0044410226
0.0047643753
0.0050840802
0.0053919521
0.0056945179
0.0059832873
0.0062677219
0.0065368249
0.0068036265
0.0070518582
0.0072987334
0.007520943
0.0077406087
0.0079243728
0.0081046901
0.0082616752
0.0084266319
0.0085654513
0.0087158629
0.0088383169
0.0089747328
0.0090816821
0.0092072887
0.0092944771
0.009421408
0.0094751846
0.009618943
0.00081144977
0.00081101565
0.00081070849
0.00081022067
0.00080988557
0.00080936019
0.00080901288
0.00080844833
0.00080807883
0.00080746059
0.00080706341
0.00080638783
0.00080596493
0.00080522822
0.0008047791
0.00080397552
0.00080349989
0.00080262339
0.00080212118
0.00080116448
0.00080063612
0.00079959137
0.00079903772
0.00079789632
0.00079731866
0.00079607105
0.00079547134
0.00079410719
0.00079348816
0.00079199624
0.00079136127
0.00078972955
0.0007890827
0.00078729858
0.00078664443
0.00078469487
0.00078403833
0.00078191017
0.00078125604
0.00077893669
0.00077828735
0.00077576175
0.00077512087
0.00077236642
0.00077169388
0.00076862453
0.00076765085
0.00076356723
0.00076041831
0.00075048947
0.00073289773
0.00070562138
0.00065020224
0.00056651386
0.0004670154
0.00039356034
0.00039916449
0.00053547493
0.00080081055
0.0011287982
0.0014702189
0.0018222811
0.0020709392
0.0022975345
0.0025442241
0.0028079124
0.0031042354
0.003421961
0.003755561
0.0041021033
0.0044508944
0.0048019355
0.0051448675
0.0054847593
0.0058108149
0.0061326635
0.0064379982
0.0067411418
0.0070252662
0.0073099408
0.0075719335
0.0078354377
0.0080691
0.0083041568
0.0084941093
0.0086885052
0.0088522178
0.0090305533
0.0091751741
0.0093382044
0.0094647321
0.0096155197
0.0097196735
0.0098710903
0.0099370493
0.01010973
0.00081150363
0.00081108971
0.0008108203
0.00081035574
0.00081006134
0.00080955978
0.00080925468
0.00080871523
0.00080839093
0.00080780018
0.00080745121
0.00080680532
0.00080643309
0.00080572855
0.00080533242
0.0008045637
0.00080414304
0.00080330435
0.00080285872
0.0008019435
0.00080147237
0.00080047354
0.00079997674
0.00079888661
0.00079836414
0.00079717434
0.00079662647
0.00079532814
0.00079475549
0.0007933392
0.00079274257
0.00079119845
0.00079057884
0.0007888968
0.00078825527
0.00078642514
0.00078576255
0.00078377455
0.00078309118
0.00078093648
0.0007802315
0.00077790239
0.00077717207
0.00077466373
0.00077389981
0.00077119776
0.00077036608
0.0007674203
0.00076624109
0.0007623974
0.00075894881
0.00074928486
0.00073083477
0.00070392595
0.00064681405
0.00056085447
0.00046366011
0.00040215225
0.00043688646
0.00062723974
0.00092714845
0.0012895944
0.0016514495
0.0020271671
0.0022635188
0.0025076222
0.002769729
0.0030597934
0.0033768672
0.0037207772
0.0040777299
0.0044484203
0.0048195496
0.0051938472
0.0055572961
0.0059187629
0.0062631357
0.0066053953
0.0069270109
0.0072497262
0.0075490787
0.0078523784
0.0081281692
0.008409605
0.0086533839
0.008905509
0.0090995248
0.0093093146
0.0094790887
0.0096722392
0.0098209206
0.010000649
0.010123938
0.01030368
0.010383585
0.010589408
0.00081154862
0.00081115996
0.00081091735
0.00081048207
0.00081021651
0.00080974603
0.00080947043
0.00080896462
0.00080867175
0.00080811854
0.00080780299
0.00080719857
0.0008068613
0.00080620247
0.00080584264
0.00080512445
0.00080474106
0.00080395834
0.00080355045
0.00080269735
0.00080226388
0.00080133408
0.00080087408
0.00079986082
0.00079937334
0.00079826926
0.00079775341
0.00079655079
0.0007960058
0.00079469648
0.00079412152
0.00079269697
0.00079209122
0.00079054277
0.00078990525
0.00078822413
0.00078755353
0.00078573132
0.00078502573
0.00078305466
0.00078231121
0.00078018485
0.00077939879
0.00077711286
0.00077627683
0.00077383093
0.00077292748
0.00077031336
0.00076931575
0.00076648512
0.00076513081
0.00076140919
0.00075770489
0.00074778825
0.00072898552
0.00069959829
0.00064006549
0.00055169333
0.00045928084
0.00041736114
0.00048790755
0.00074104334
0.0010774296
0.0014714299
0.0018576369
0.0022256719
0.0024720446
0.0027373612
0.0030163725
0.0033360834
0.0036754612
0.0040466442
0.004429538
0.0048270603
0.0052214937
0.0056204072
0.0060043671
0.0063883556
0.0067506293
0.0071143585
0.0074525383
0.0077957854
0.0081105916
0.0084340223
0.0087224156
0.0090237866
0.0092761054
0.0095447868
0.0097429223
0.009969939
0.010143608
0.010356302
0.010501172
0.010713273
0.010809128
0.01105302
0.00081158528
0.00081122334
0.0008109975
0.0008105931
0.00081034579
0.00080990856
0.00080965117
0.00080918159
0.00080890811
0.00080839548
0.00080810064
0.0008075413
0.00080722569
0.00080661684
0.00080627949
0.00080561675
0.00080525648
0.00080453528
0.00080415092
0.00080336606
0.00080295622
0.00080210213
0.00080166548
0.00080073611
0.00080027125
0.00079926005
0.00079876555
0.0007976656
0.00079714008
0.00079594398
0.00079538597
0.00079408588
0.00079349391
0.00079208167
0.00079145419
0.00078992128
0.00078925662
0.00078759434
0.00078689067
0.00078509021
0.00078434547
0.00078239811
0.00078160993
0.0007795071
0.00077867288
0.00077640628
0.00077552368
0.00077308244
0.00077214748
0.00076951135
0.00076851367
0.00076558911
0.00076433381
0.00076034628
0.00075670756
0.00074536362
0.00072626188
0.00069367159
0.00063092258
0.00054047172
0.00045610654
0.00044201207
0.00056358044
0.00087739873
0.0012563734
0.0016733756
0.0020880965
0.0024378347
0.0027003764
0.0029883544
0.0032868394
0.0036366417
0.0040055672
0.0044059561
0.0048154215
0.0052410692
0.0056587488
0.0060831251
0.006487453
0.006895329
0.0072758437
0.0076622076
0.0080171902
0.0083825307
0.0087114647
0.0090574676
0.0093570367
0.0096794619
0.0099399458
0.010223732
0.010425469
0.010675381
0.010844563
0.011093319
0.011207392
0.011494777
0.00081161545
0.00081127906
0.00081106251
0.00081068766
0.00081045059
0.00081004524
0.00080979766
0.0008093628
0.00080909978
0.00080862602
0.00080834253
0.00080782637
0.00080752269
0.0008069617
0.00080663683
0.00080602709
0.00080567989
0.00080501739
0.00080464659
0.0008039267
0.00080353088
0.00080274859
0.00080232637
0.00080147625
0.00080102616
0.00080010226
0.00079962283
0.00079861874
0.00079810861
0.00079701738
0.00079647516
0.00079528924
0.0007947137
0.00079342492
0.00079281498
0.00079141442
0.00079076929
0.00078924717
0.00078856654
0.00078691203
0.00078619635
0.0007843972
0.00078364824
0.00078169014
0.00078091189
0.00077877734
0.00077797783
0.000775644
0.00077483761
0.00077227177
0.00077148327
0.00076863535
0.000767878
0.00076460784
0.00076372208
0.00075913246
0.0007555823
0.00074249249
0.00072319974
0.00068713478
0.00062011642
0.0005289723
0.00045711024
0.00048046374
0.00067587969
0.0010374359
0.0014605032
0.0019002446
0.0023440952
0.0026698718
0.0029517275
0.0032621456
0.0035917996
0.0039692661
0.0043689966
0.0047999867
0.0052361749
0.0056913953
0.0061330403
0.0065845279
0.0070096519
0.007442777
0.0078415249
0.0082520054
0.0086222541
0.0090126292
0.0093541462
0.0097250442
0.01003513
0.010379059
0.01064717
0.010950044
0.011146558
0.011436513
0.011571371
0.011908158
0.00081164078
0.00081132783
0.00081111532
0.00081076725
0.00081053484
0.00081015842
0.00080991477
0.00080951132
0.00080925245
0.00080881379
0.00080853497
0.00080805776
0.00080775901
0.00080724104
0.00080692148
0.00080635933
0.00080601777
0.00080540785
0.00080504311
0.00080438128
0.000803992
0.00080327377
0.00080285866
0.00080207907
0.00080163681
0.00080079043
0.00080031974
0.00079940061
0.00079890039
0.00079790195
0.00079737119
0.00079628614
0.00079572416
0.00079454437
0.00079395087
0.00079266712
0.00079204242
0.0007906442
0.00078998959
0.00078846461
0.00078778279
0.00078611649
0.00078541237
0.0007835869
0.00078286871
0.00078086166
0.00078014269
0.00077792513
0.00077722609
0.00077475975
0.00077411164
0.00077134608
0.00077079272
0.00076765284
0.00076722687
0.00076354257
0.00076307559
0.00075772645
0.0007543621
0.00073931445
0.00072008562
0.00067979209
0.00060728741
0.00051896967
0.00046720807
0.00053854468
0.00081940052
0.0012257145
0.0016905662
0.0021569778
0.0026271301
0.0029262471
0.0032305763
0.0035625533
0.0039272141
0.004334085
0.0047652871
0.0052307496
0.0056951545
0.0061817246
0.0066479773
0.0071280693
0.0075734098
0.00803328
0.0084486298
0.0088866878
0.0092703945
0.0096889336
0.010042059
0.010439648
0.010759031
0.01112632
0.011398856
0.011734653
0.011893343
0.012285854
0.00081166255
0.00081137086
0.00081115842
0.00081083444
0.00081060248
0.00081025209
0.00081000788
0.00080963261
0.000809373
0.00080896578
0.00080868635
0.00080824397
0.00080794451
0.00080746507
0.00080714466
0.00080662511
0.00080628259
0.00080571975
0.00080535396
0.00080474418
0.00080435381
0.00080369308
0.00080327688
0.0008025608
0.00080211753
0.00080134121
0.00080086971
0.0008000278
0.00079952709
0.00079861363
0.00079808292
0.00079709121
0.00079653003
0.00079545253
0.00079486092
0.00079368894
0.00079306759
0.00079179112
0.00079114175
0.00078974894
0.0007890747
0.00078755136
0.00078685752
0.0007851863
0.00078448114
0.00078264048
0.00078193656
0.00077989917
0.00077921514
0.00077694599
0.00077630896
0.00077376238
0.00077321187
0.00077032654
0.00076991839
0.00076659953
0.00076638609
0.0007624198
0.00076221739
0.00075620958
0.00075296916
0.00073574127
0.00071663445
0.00067121935
0.000592869
0.00051179147
0.00049185311
0.00062438087
0.00099457413
0.0014495251
0.0019481482
0.002446482
0.0028902908
0.003204663
0.0035339801
0.0038914907
0.0042922206
0.0047375619
0.0052001974
0.0057024854
0.0061960779
0.0067154165
0.0072050469
0.0077158302
0.0081798388
0.0086703804
0.0091002008
0.0095694199
0.0099650821
0.010414489
0.010777247
0.011203445
0.01153825
0.011923495
0.012164938
0.012619704
0.00081168161
0.00081140894
0.0008111935
0.00081089161
0.00081065652
0.00081033013
0.00081008148
0.00080973218
0.00080946747
0.00080908929
0.00080880435
0.00080839428
0.0008080886
0.00080764497
0.00080731755
0.00080683774
0.00080648734
0.00080596862
0.00080559398
0.00080503321
0.00080463292
0.00080402668
0.00080359935
0.00080294391
0.00080248814
0.00080177938
0.0008012938
0.00080052725
0.00080001062
0.00079918134
0.00079863253
0.000797735
0.0007971531
0.00079618119
0.0007955656
0.00079451234
0.00079386285
0.00079272029
0.00079203733
0.00079079628
0.00079008109
0.00078873079
0.00078798578
0.00078651349
0.00078574266
0.00078413313
0.00078334262
0.00078157742
0.00078077627
0.00077883287
0.00077803406
0.00077588461
0.00077510657
0.00077271615
0.00077198506
0.00076930832
0.0007686586
0.00076562529
0.00076506007
0.00076151769
0.00076067228
0.000755228
0.00075029934
0.00073316417
0.0007102881
0.00065922478
0.00057704958
0.00050892447
0.00053559754
0.00076349398
0.0011998816
0.0017097794
0.0022323944
0.0027659944
0.0031703929
0.0035101722
0.0038644187
0.0042617892
0.0046932953
0.0051823296
0.0056771907
0.0062173775
0.0067392445
0.0072949625
0.0078064407
0.0083521924
0.0088324179
0.0093572846
0.0097993047
0.010303159
0.010708167
0.011191447
0.011571835
0.01201674
0.012349539
0.012885293
0.00081169758
0.00081144295
0.00081122165
0.00081094074
0.00081069928
0.00081039579
0.00081013915
0.00080981473
0.00080954086
0.00080919054
0.00080889547
0.00080851652
0.00080819939
0.00080779041
0.00080745005
0.00080700888
0.00080664382
0.00080616823
0.00080577697
0.00080526445
0.00080484527
0.00080429309
0.00080384425
0.00080324951
0.00080276915
0.00080212871
0.00080161492
0.00080092548
0.0008003763
0.00079963432
0.00079904773
0.00079824943
0.00079762334
0.00079676469
0.00079609697
0.00079517365
0.00079446205
0.00079346947
0.00079271166
0.00079164491
0.00079083834
0.00078969227
0.00078883415
0.00078760343
0.00078669045
0.00078536979
0.00078439782
0.00078298239
0.00078194582
0.000780432
0.00077932262
0.00077770948
0.0007765144
0.00077480663
0.00077350414
0.00077171796
0.00077026881
0.00076844411
0.00076676843
0.00076498365
0.00076286602
0.00076124137
0.00075788792
0.00075526597
0.00074596826
0.00072976595
0.00070228353
0.00064451523
0.00056314196
0.00051870835
0.00060739118
0.00095001193
0.0014387981
0.0020012659
0.0025514221
0.0031194359
0.0034787339
0.0038488662
0.0042257917
0.0046723313
0.0051339886
0.0056676839
0.0061971416
0.0067803951
0.0073285802
0.0079253115
0.008455894
0.0090399054
0.0095333673
0.010097017
0.010548025
0.011090887
0.011510658
0.012021021
0.012407789
0.013034477
0.00081171035
0.00081147283
0.00081124369
0.00081098262
0.00081073257
0.00081045085
0.00081018381
0.00080988309
0.00080959731
0.00080927357
0.00080896523
0.00080861604
0.00080828391
0.00080790818
0.00080755083
0.00080714687
0.00080676253
0.00080632864
0.00080591546
0.00080544975
0.00080500561
0.00080450612
0.00080402877
0.00080349348
0.00080298045
0.00080240728
0.0008018559
0.00080124282
0.00080065019
0.00079999521
0.00079935814
0.00079865935
0.00079797428
0.00079722997
0.00079649285
0.0007957016
0.00079490776
0.00079406859
0.00079321249
0.0007923251
0.00079140003
0.00079046515
0.00078946275
0.00078848265
0.00078739222
0.00078637152
0.00078517894
0.00078412586
0.00078281196
0.00078174025
0.00078027826
0.00077921037
0.00077756186
0.00077653401
0.0007746422
0.00077371284
0.00077149188
0.00077075532
0.00076807299
0.00076767878
0.0007643287
0.00076449032
0.000760117
0.00076103678
0.00075472408
0.00075503707
0.00074080059
0.00072594112
0.00069294584
0.000627594
0.0005558645
0.00054893026
0.00071399053
0.0011794424
0.0017213892
0.0023271432
0.0029082612
0.0034566875
0.0038149453
0.0042198191
0.0046213318
0.0051191302
0.005620933
0.0062028207
0.006764551
0.0073962167
0.0079675667
0.0086081078
0.0091548482
0.009782901
0.01028545
0.01089348
0.011354708
0.011934788
0.012359535
0.013080194
0.00081172023
0.00081149781
0.00081126073
0.00081101709
0.00081075837
0.00081049582
0.00081021838
0.00080993852
0.00080964081
0.00080934044
0.00080901882
0.00080869581
0.00080834869
0.00080800221
0.00080762791
0.00080725666
0.00080685316
0.0008064559
0.00080602101
0.00080559641
0.00080512765
0.00080467435
0.00080416901
0.00080368577
0.00080314085
0.00080262645
0.00080203863
0.00080149209
0.0008008577
0.00080027827
0.00079959314
0.00079898042
0.00079823983
0.00079759392
0.00079679237
0.00079611402
0.00079524507
0.00079453596
0.00079359186
0.00079285492
0.00079182624
0.00079106614
0.00078994114
0.00078916492
0.00078792872
0.0007871468
0.00078578018
0.00078500768
0.00078348541
0.00078274409
0.00078103247
0.00078035355
0.00077840698
0.00077783518
0.00077559127
0.00077519032
0.00077256342
0.00077242328
0.00076929659
0.00076954143
0.0007657588
0.00076654772
0.00076191212
0.0007634302
0.00075763319
0.00076001037
0.00075204369
0.00075341568
0.00073581796
0.00072118586
0.00068181923
0.00061047397
0.00055535479
0.00060572696
0.00089629456
0.0014461272
0.0020457023
0.0026882952
0.0033006723
0.0037999685
0.0041821254
0.0046247978
0.0050677619
0.0056134337
0.0061552288
0.0067917867
0.0073816552
0.0080652871
0.0086582223
0.009349535
0.0099065685
0.010585344
0.011094401
0.011748826
0.012210115
0.01302709
0.0008117279
0.00081151665
0.00081127405
0.00081104337
0.00081077868
0.00081053034
0.00081024569
0.00080998113
0.00080967512
0.0008093918
0.00080906102
0.00080875704
0.00080839968
0.00080807432
0.00080768855
0.00080734078
0.00080692444
0.00080655327
0.00080610401
0.00080570843
0.00080522359
0.00080480262
0.00080427931
0.00080383207
0.00080326706
0.00080279283
0.00080218256
0.00080168084
0.00080102136
0.00080049198
0.00079977885
0.00079922205
0.00079845021
0.00079786678
0.00079703045
0.0007964219
0.00079551432
0.00079488311
0.00079389635
0.00079324615
0.00079217071
0.00079150681
0.00079033123
0.00078966099
0.00078837121
0.00078770476
0.00078628336
0.00078563438
0.00078405962
0.00078344641
0.00078169094
0.00078113773
0.00077916711
0.00077870551
0.00077647663
0.00077614709
0.0007736068
0.00077345944
0.0007705441
0.00077063805
0.00076727551
0.00076767491
0.00076378813
0.00076455075
0.00076006988
0.00076119981
0.00075609657
0.00075730604
0.00075088359
0.00074897846
0.00073292805
0.00071353085
0.00066705833
0.00059609628
0.00057101747
0.00070335316
0.0011388632
0.0017595134
0.0024082445
0.0030901573
0.0037339803
0.0041803881
0.0045885723
0.0050702337
0.0055592153
0.0061604487
0.0067361694
0.007435934
0.0080540155
0.0087964845
0.0094027854
0.010153051
0.010715019
0.011448851
0.011951951
0.012870929
0.00081173398
0.00081152845
0.00081128479
0.00081106084
0.00081079524
0.00081055413
0.00081026807
0.00081001098
0.00080970326
0.00080942812
0.00080909564
0.00080880064
0.00080844152
0.0008081259
0.00080773836
0.00080740112
0.00080698304
0.0008066232
0.00080617233
0.00080578891
0.00080530271
0.00080489472
0.00080437044
0.00080393698
0.00080337161
0.00080291187
0.00080230212
0.0008018155
0.00080115778
0.00080064389
0.00079993426
0.00079939299
0.00079862709
0.00079805873
0.00079723171
0.00079663701
0.00079574341
0.00079512368
0.00079415736
0.00079351464
0.0007924686
0.00079180575
0.000790672
0.0007899929
0.0007887623
0.00078807196
0.00078673404
0.00078603872
0.00078458164
0.00078388883
0.00078229938
0.00078161755
0.00077988158
0.00077921945
0.00077732289
0.00077668777
0.00077461887
0.00077401342
0.00077176655
0.00077118365
0.0007687665
0.00076817954
0.00076562531
0.00076497137
0.00076236374
0.00076150694
0.00075900609
0.00075767416
0.00075554804
0.00075304734
0.00075068911
0.00074314282
0.00072943391
0.00070425161
0.00064931087
0.00059199604
0.00061503416
0.00087123827
0.0014321659
0.0021220813
0.0028120746
0.0035373611
0.004134107
0.0045962628
0.0050305375
0.0055639919
0.0060911995
0.0067682437
0.0073755798
0.0081436343
0.0087803932
0.0095924388
0.010204821
0.01102025
0.011569883
0.012599837
0.00081173879
0.00081153326
0.00081129359
0.00081106988
0.00081080902
0.00081056789
0.00081028689
0.00081002916
0.00080972702
0.00080945088
0.00080912491
0.00080882853
0.00080847697
0.00080815941
0.00080778062
0.00080744075
0.00080703285
0.00080666949
0.00080623052
0.00080584246
0.00080537022
0.00080495619
0.00080444835
0.00080400709
0.00080346119
0.00080299143
0.00080240482
0.00080190535
0.0008012753
0.00080074496
0.00080006856
0.00079950627
0.00079878049
0.00079818525
0.00079740692
0.00079677782
0.00079594366
0.00079527984
0.00079438651
0.00079368716
0.00079273129
0.00079199553
0.00079097387
0.00079020065
0.00078911022
0.00078829802
0.00078713649
0.00078628292
0.0007850491
0.0007841502
0.0007828449
0.00078189403
0.00078052142
0.00077950751
0.00077807726
0.00077698207
0.0007755126
0.00077430658
0.00077283092
0.00077146546
0.00077003895
0.00076843718
0.00076715017
0.00076519081
0.0007641854
0.00076168403
0.00076117798
0.00075785351
0.00075817041
0.00075359817
0.00075512682
0.00074832728
0.00075065209
0.00073598652
0.00072536345
0.00069356365
0.00063266476
0.00060144504
0.00070083823
0.001124478
0.0017726638
0.0025362998
0.0032546717
0.0040310264
0.0045434852
0.0050529346
0.0055095852
0.0061256416
0.0066791118
0.0074364769
0.0080687743
0.0089186226
0.0095654518
0.010456168
0.011049598
0.01219822
0.00081174225
0.00081153284
0.00081130044
0.00081107261
0.00081082014
0.00081057416
0.00081030234
0.00081003866
0.00080974671
0.00080946364
0.00080914929
0.00080884495
0.00080850662
0.0008081798
0.00080781608
0.00080746542
0.00080707473
0.0008066988
0.00080627951
0.00080587676
0.00080542711
0.0008049959
0.00080451409
0.00080405267
0.00080353682
0.00080304336
0.00080249158
0.00080196417
0.00080137461
0.00080081123
0.00080018206
0.00079958058
0.0007989101
0.00079826821
0.00079755487
0.00079687007
0.00079611256
0.00079538201
0.00079457943
0.00079379987
0.00079295185
0.00079211939
0.00079122636
0.0007903362
0.00078939971
0.00078844577
0.00078746898
0.00078644331
0.00078543172
0.00078432362
0.000783286
0.00078208092
0.00078103071
0.00077970854
0.0007786658
0.00077719849
0.00077619269
0.00077454089
0.00077361444
0.00077172339
0.00077093734
0.00076872978
0.00076817065
0.00076553923
0.00076532557
0.00076212628
0.00076241653
0.0007584603
0.00075945684
0.00075450569
0.0007564582
0.00075019926
0.00075331698
0.00074506005
0.00074778727
0.00073168235
0.00071738526
0.00067882102
0.00062277082
0.00063627294
0.00084187064
0.0014551297
0.002164869
0.0029989163
0.0037424709
0.0045554421
0.0049934359
0.0055606277
0.0060324321
0.0067408459
0.0073226454
0.0081729107
0.0088219644
0.0097676495
0.010388667
0.011654045
0.00081174407
0.00081152964
0.00081130507
0.00081107182
0.0008108283
0.00081057613
0.00081031411
0.00081004311
0.00080976194
0.00080947052
0.00080916832
0.00080885455
0.00080852987
0.00080819236
0.00080784398
0.00080748117
0.00080710774
0.000806718
0.00080631815
0.00080589969
0.00080547199
0.00080502289
0.00080456589
0.00080408408
0.00080359633
0.0008030796
0.0008025597
0.0008020057
0.00080145236
0.00080085856
0.00080027061
0.00079963427
0.00079901076
0.00079832892
0.00079766916
0.0007969385
0.00079624219
0.00079545899
0.00079472635
0.00079388635
0.00079311826
0.00079221647
0.00079141473
0.0007904452
0.0007896128
0.0007885683
0.00078770981
0.0007865814
0.00078570338
0.00078448002
0.00078359161
0.00078225941
0.00078137313
0.0007799145
0.00077904709
0.00077743981
0.00077661313
0.00077482943
0.0007740711
0.00077207694
0.000771421
0.00076917574
0.00076866277
0.00076611994
0.000765795
0.00076290511
0.00076281219
0.00075953492
0.00075969878
0.00075603128
0.0007564096
0.00075243444
0.00075281811
0.00074882298
0.0007486007
0.00074477101
0.00074087818
0.0007284896
0.0007084991
0.00066229921
0.00062995939
0.00071211664
0.0010704448
0.0018471407
0.0026125489
0.0035189032
0.0042780585
0.0050269153
0.0054767755
0.0061174966
0.0066148102
0.0074205515
0.0080276539
0.0089915823
0.009608054
0.010968997
0.00081174425
0.00081152677
0.0008113074
0.00081107098
0.00081083338
0.00081057764
0.00081032199
0.00081004675
0.00080977245
0.00080947623
0.00080918165
0.00080886256
0.00080854632
0.00080820289
0.00080786382
0.00080749443
0.00080713129
0.00080673423
0.00080634573
0.00080591918
0.00080550399
0.00080504596
0.00080460273
0.0008041111
0.0008036385
0.00080311101
0.00080260776
0.00080204201
0.00080150691
0.00080090035
0.00080033234
0.00079968223
0.0007990804
0.00079838382
0.00079774749
0.00079700128
0.00079633002
0.00079553078
0.00079482451
0.00079396852
0.00079322757
0.00079231072
0.00079153593
0.00079055368
0.00078974648
0.00078869381
0.00078785634
0.00078672759
0.00078586286
0.00078465162
0.00078376349
0.00078246269
0.00078155588
0.00078015785
0.0007792377
0.00077773451
0.00077680654
0.0007751906
0.00077425957
0.00077252526
0.00077159249
0.00076974016
0.00076879774
0.00076683853
0.00076586438
0.00076383004
0.00076277377
0.00076073173
0.00075949603
0.0007575704
0.00075598838
0.00075440295
0.00075217846
0.00075129906
0.00074796492
0.00074826647
0.00074307605
0.00074456149
0.00073325099
0.00072462677
0.00069864397
0.00065033688
0.00065690481
0.0008456949
0.0014109871
0.0023080141
0.0031148072
0.0040878055
0.0048649747
0.0055512221
0.0060090859
0.0067318221
0.0072584636
0.0081901087
0.0087595391
0.010168239
0.00081174334
0.00081152602
0.00081130805
0.00081107204
0.00081083606
0.00081058081
0.00081032674
0.00081005188
0.00080977907
0.00080948326
0.00080919021
0.0008088717
0.00080855702
0.00080821433
0.00080787679
0.0008075084
0.0008071467
0.00080675096
0.00080636375
0.00080593894
0.00080552481
0.00080506908
0.00080462657
0.00080413797
0.0008036656
0.0008031421
0.00080263836
0.00080207786
0.00080154128
0.00080094161
0.00080037074
0.00079972967
0.00079912309
0.00079843836
0.00079779474
0.00079706403
0.00079638209
0.00079560305
0.00079488163
0.00079405189
0.00079328989
0.00079240712
0.00079160351
0.00079066548
0.00078981923
0.00078882387
0.00078793384
0.00078687948
0.00078594425
0.00078482981
0.00078384743
0.00078267282
0.00078164033
0.00078040704
0.00077931971
0.00077803181
0.00077688191
0.00077554745
0.00077432233
0.00077295536
0.00077163507
0.00077025808
0.00076881284
0.00076746223
0.00076584514
0.0007645771
0.00076271778
0.00076161614
0.00075941169
0.00075860066
0.00075589983
0.00075555229
0.00075214955
0.00075249051
0.00074813342
0.00074943309
0.00074383839
0.00074629847
0.00073903736
0.00074178241
0.00072860169
0.00071698054
0.00068533959
0.00065224613
0.00071879627
0.0011142951
0.00182788
0.0028306337
0.0036691529
0.0047189906
0.005431192
0.006131217
0.0065850323
0.007436173
0.0079231267
0.0093035221
0.0008117422
0.00081152732
0.00081130801
0.00081107496
0.00081083752
0.00081058562
0.0008103297
0.00081005849
0.00080978334
0.00080949162
0.00080919579
0.00080888196
0.000808564
0.00080822668
0.00080788527
0.00080752303
0.00080715674
0.00080676809
0.00080637545
0.00080595883
0.00080553826
0.00080509203
0.00080464189
0.00080416433
0.00080368293
0.0008031723
0.00080265784
0.00080211238
0.00080156306
0.00080098102
0.00080039498
0.00079977463
0.00079914994
0.00079848964
0.00079782433
0.00079712252
0.00079641454
0.00079566981
0.000794917
0.00079412817
0.00079332822
0.00079249437
0.00079164477
0.00079076538
0.00078986333
0.00078893841
0.00078798064
0.00078701098
0.0007859936
0.000784981
0.00078389911
0.00078284685
0.00078169418
0.00078060751
0.00077937573
0.0007782626
0.00077694052
0.00077581253
0.00077438488
0.0007732585
0.0007717045
0.00077060263
0.00076889415
0.00076784732
0.00076594824
0.00076499562
0.00076286091
0.00076205112
0.00075962704
0.0007590148
0.00075624445
0.00075588611
0.00075273047
0.00075265036
0.00074910532
0.00074926526
0.00074540196
0.00074566454
0.00074168868
0.00074158891
0.00073784745
0.00073530725
0.00072511634
0.00070885397
0.00067198844
0.00068500574
0.00084855914
0.0014984346
0.0023089273
0.0034265776
0.0042660234
0.0054317242
0.0059670465
0.0067785006
0.0071821002
0.0084439661
0.00081174139
0.00081152944
0.00081130806
0.00081107844
0.00081083875
0.00081059071
0.00081033217
0.00081006513
0.00080978687
0.00080949973
0.00080920035
0.00080889165
0.00080856967
0.00080823808
0.0008078921
0.00080753627
0.0008071648
0.00080678332
0.0008063848
0.00080597622
0.00080554899
0.00080511179
0.00080465408
0.00080418671
0.00080369669
0.00080319757
0.00080267332
0.00080214089
0.0008015804
0.00080101313
0.00080041435
0.00079981077
0.00079917155
0.0007985303
0.00079784841
0.00079716824
0.00079644134
0.00079572119
0.00079494683
0.00079418589
0.00079336142
0.00079255918
0.00079168177
0.0007908381
0.00078990464
0.00078901989
0.00078802694
0.00078710207
0.00078604577
0.0007850825
0.00078395839
0.00078295939
0.00078176232
0.00078073139
0.00077945529
0.00077839754
0.0007770352
0.00077595727
0.0007745001
0.00077341021
0.00077184825
0.00077075577
0.00076907849
0.00076799332
0.00076619151
0.0007651213
0.00076319005
0.0007621357
0.0007600792
0.00075902653
0.00075686997
0.00075577753
0.00075357427
0.00075237279
0.00075022509
0.00074878217
0.00074687909
0.00074494595
0.00074359178
0.0007407597
0.00074042601
0.00073608575
0.00073697628
0.00072814674
0.00072096736
0.0006997656
0.00067118298
0.00075223428
0.0010641929
0.0019987736
0.0028422226
0.0041078536
0.0049124659
0.0061289019
0.00653271
0.0076532776
0.00081174105
0.00081153066
0.00081130848
0.00081108072
0.00081084025
0.00081059427
0.00081033478
0.00081006992
0.00080979049
0.00080950566
0.00080920495
0.00080889877
0.00080857531
0.00080824647
0.00080789883
0.000807546
0.00080717269
0.00080679447
0.00080639392
0.00080598887
0.00080555942
0.00080512603
0.00080466595
0.00080420268
0.00080371013
0.00080321541
0.0008026885
0.00080216075
0.00080159753
0.00080103521
0.00080043367
0.00079983526
0.00079919336
0.0007985574
0.00079787304
0.00079719817
0.0007964692
0.00079575418
0.00079497842
0.00079422213
0.00079339735
0.00079259883
0.00079172278
0.00079088125
0.00078995169
0.00078906659
0.00078808122
0.00078715221
0.00078610879
0.00078513581
0.00078403214
0.00078301536
0.00078184935
0.00078078918
0.00077955893
0.00077845594
0.00077715983
0.00077601438
0.00077465132
0.00077346305
0.00077203324
0.00077080012
0.00076930642
0.0007680229
0.00076647306
0.00076512784
0.0007635378
0.00076211017
0.0007605082
0.00075896259
0.00075739389
0.00075567522
0.00075420977
0.00075223253
0.00075098025
0.00074860826
0.00074771533
0.00074478018
0.00074443629
0.00074075528
0.00074113567
0.00073652241
0.00073783686
0.00073196361
0.00073385694
0.00072347522
0.00071379793
0.00068913331
0.0006986372
0.00090643099
0.0013798448
0.002612029
0.0034417492
0.0048688294
0.0055941222
0.0069385247
0.00081174077
0.0008115303
0.00081130893
0.00081108116
0.00081084169
0.00081059569
0.0008103373
0.00081007227
0.000809794
0.00080950886
0.00080920943
0.00080890282
0.00080858082
0.0008082514
0.00080790544
0.00080755183
0.00080718045
0.00080680123
0.00080640292
0.00080599659
0.00080556976
0.00080513477
0.00080467774
0.00080421247
0.00080372352
0.00080322632
0.00080270368
0.00080217286
0.00080161471
0.00080104859
0.00080045311
0.00079985
0.00079921534
0.00079857359
0.00079789792
0.0007972159
0.00079649739
0.00079577352
0.0007950104
0.00079424314
0.00079343369
0.00079262156
0.00079176415
0.00079090574
0.00078999889
0.00078909279
0.00078813521
0.00078718003
0.00078617074
0.00078516509
0.00078410342
0.00078304587
0.00078193161
0.00078082064
0.00077965406
0.000778488
0.00077726992
0.00077604682
0.00077477876
0.00077349588
0.00077218054
0.00077083363
0.00076947596
0.00076805796
0.00076666676
0.00076516623
0.00076375641
0.00076215582
0.00076074945
0.0007590241
0.00075764921
0.00075576955
0.00075445923
0.00075240081
0.00075117889
0.00074892301
0.00074780378
0.00074535123
0.00074430585
0.00074169958
0.00074063334
0.00073804602
0.00073667374
0.00073455242
0.00073209756
0.00073152991
0.00072554577
0.00072122852
0.00070797878
0.00069301812
0.00075693152
0.0012281501
0.0018315581
0.003315319
0.0040797191
0.0060120272
0.00081174009
0.00081152895
0.0008113089
0.00081108045
0.00081084253
0.00081059577
0.00081033909
0.00081007312
0.0008097967
0.0008095104
0.000809213
0.00080890504
0.0008085853
0.00080825431
0.00080791087
0.00080755544
0.00080718688
0.00080680554
0.0008064104
0.00080600162
0.00080557836
0.00080514054
0.00080468755
0.00080421902
0.00080373465
0.00080323369
0.00080271625
0.00080218111
0.00080162888
0.0008010578
0.00080046906
0.00079986025
0.00079923328
0.00079858497
0.00079791808
0.00079722853
0.00079652004
0.00079578751
0.00079503583
0.00079425865
0.00079346225
0.00079263874
0.00079179621
0.00079092477
0.00079003484
0.00078911389
0.00078817549
0.00078720348
0.00078621579
0.00078519127
0.00078415368
0.0007830753
0.00078198743
0.00078085413
0.00077971562
0.00077852678
0.00077733715
0.00077609264
0.00077485105
0.00077355128
0.0007722566
0.00077090209
0.00076955371
0.00076814413
0.00076674363
0.00076527705
0.00076382806
0.000762301
0.00076080743
0.00075921878
0.00075767933
0.00075603633
0.00075443928
0.00075276124
0.00075108472
0.00074940398
0.00074760833
0.00074597757
0.00074398833
0.00074252136
0.0007401739
0.00073909738
0.0007361177
0.00073574373
0.00073182047
0.00073233804
0.00072747465
0.00072834406
0.00072159826
0.00071620132
0.00070119666
0.00073938592
0.00087797101
0.0016939191
0.0023961873
0.0044506844
0.00081173891
0.00081152752
0.00081130823
0.00081107958
0.00081084256
0.00081059561
0.0008103399
0.00081007366
0.00080979825
0.00080951158
0.00080921526
0.00080890684
0.00080858827
0.00080825674
0.00080791457
0.00080755851
0.00080719132
0.00080680927
0.00080641561
0.00080600602
0.00080558436
0.00080514564
0.00080469437
0.00080422486
0.00080374235
0.00080324033
0.0008027249
0.00080218863
0.00080163856
0.0008010663
0.00080047985
0.00079986985
0.00079924528
0.00079859581
0.00079793139
0.00079724078
0.00079653477
0.00079580139
0.00079505209
0.00079427439
0.00079348012
0.00079265667
0.00079181579
0.00079094526
0.00079005619
0.00078913741
0.00078819863
0.00078723063
0.00078624066
0.0007852228
0.00078418012
0.00078311225
0.0007820151
0.00078089785
0.00077974397
0.00077857916
0.00077736516
0.00077615618
0.00077487723
0.00077362921
0.00077227896
0.00077099833
0.00076956978
0.00076826329
0.00076675039
0.00076542347
0.00076382255
0.00076248012
0.00076078686
0.00075943656
0.00075764052
0.00075630138
0.00075437885
0.00075308562
0.00075099844
0.00074979511
0.00074749694
0.00074643235
0.00074386215
0.00074300589
0.00074008631
0.00073954591
0.00073616393
0.00073604698
0.00073211916
0.0007325022
0.00072792688
0.00072892869
0.00072345559
0.00072520567
0.00071706581
0.00071264101
0.00070171222
0.00081926042
0.0011156184
0.0027525342
0.00081173742
0.0008115264
0.00081130711
0.00081107896
0.00081084199
0.00081059561
0.00081033996
0.00081007432
0.0008097989
0.00080951286
0.00080921645
0.00080890872
0.00080859001
0.00080825923
0.00080791684
0.00080756161
0.00080719413
0.00080681299
0.00080641894
0.00080601038
0.00080558822
0.00080515066
0.00080469877
0.00080423059
0.00080374731
0.00080324684
0.00080273044
0.00080219599
0.00080164472
0.0008010746
0.00080048667
0.00079987922
0.0007992528
0.0007986064
0.00079793967
0.00079725275
0.00079654386
0.00079581495
0.00079506204
0.00079428979
0.00079349098
0.00079267418
0.00079182761
0.00079096522
0.00079006898
0.00078916022
0.00078821239
0.0007872568
0.00078625533
0.00078525296
0.00078419554
0.00078314719
0.000782031
0.00078093862
0.00077975985
0.000778627
0.00077738035
0.00077621269
0.00077489088
0.00077369621
0.00077229014
0.00077107773
0.00076957787
0.00076835672
0.00076675547
0.00076553235
0.00076382569
0.00076260471
0.00076079022
0.00075957633
0.00075764723
0.00075645177
0.00075439629
0.00075323733
0.00075104603
0.00074992601
0.00074761044
0.00074650929
0.00074409204
0.0007429976
0.00074045784
0.00073942725
0.00073670436
0.00073578041
0.00073287839
0.00073199063
0.00072904322
0.0007279662
0.00072540637
0.00072352612
0.0007220852
0.00071828452
0.0007151171
0.00070981955
0.00073253223
0.0014920085
0.00081173576
0.00081152526
0.00081130577
0.00081107824
0.0008108411
0.00081059545
0.00081033958
0.00081007473
0.00080979903
0.00080951382
0.00080921707
0.00080891022
0.00080859109
0.00080826126
0.00080791838
0.00080756417
0.00080719612
0.00080681609
0.00080642136
0.00080601402
0.00080559107
0.00080515484
0.00080470206
0.00080423533
0.00080375105
0.00080325218
0.00080273466
0.00080220198
0.00080164946
0.00080108131
0.00080049198
0.00079988672
0.00079925875
0.00079861478
0.00079794632
0.00079726211
0.0007965513
0.0007958254
0.00079507037
0.00079430146
0.00079350032
0.00079268722
0.00079183808
0.00079097979
0.00079008074
0.00078917649
0.00078822559
0.00078727494
0.00078627014
0.00078527319
0.00078421211
0.00078316976
0.00078204946
0.00078096386
0.00077978032
0.00077865535
0.00077740296
0.00077624463
0.00077491585
0.00077373222
0.00077231791
0.00077111818
0.0007696093
0.00076840156
0.00076679227
0.00076558087
0.00076387082
0.00076265509
0.00076084839
0.00075962497
0.00075772594
0.0007564923
0.00075450592
0.00075325718
0.00075120063
0.00074990721
0.00074782852
0.00074643352
0.00074438343
0.00074286427
0.00074083423
0.00073923383
0.00073718033
0.00073549891
0.00073351418
0.00073156581
0.00072988935
0.00072748957
0.0007261861
0.0007233306
0.00072248448
0.00071911932
0.00071859529
0.00071474036
0.00071205228
0.00088581149
0.00081173394
0.00081152362
0.00081130423
0.00081107695
0.00081083997
0.00081059461
0.00081033893
0.00081007438
0.00080979887
0.00080951393
0.00080921737
0.00080891078
0.00080859185
0.00080826225
0.00080791959
0.00080756558
0.00080719777
0.0008068179
0.00080642346
0.00080601621
0.00080559361
0.00080515742
0.00080470505
0.0008042383
0.00080375451
0.00080325553
0.00080273863
0.00080220573
0.000801654
0.00080108548
0.00080049716
0.00079989133
0.00079926466
0.00079861987
0.00079795307
0.0007972677
0.00079655903
0.00079583153
0.00079507923
0.00079430814
0.00079351052
0.00079269446
0.00079184984
0.00079098758
0.00079009435
0.0007891848
0.00078824139
0.00078728372
0.00078628853
0.00078528235
0.00078423356
0.00078317918
0.00078207448
0.00078097341
0.00077980943
0.00077866493
0.00077743664
0.00077625422
0.00077495444
0.00077374191
0.0007723617
0.00077112809
0.0007696586
0.00076841184
0.00076684767
0.0007655915
0.00076393336
0.00076266574
0.00076091992
0.00075963422
0.0007578098
0.00075649686
0.00075460892
0.00075325003
0.00075133369
0.00074987984
0.00074800137
0.00074638441
0.00074459489
0.00074281259
0.00074104648
0.00073922967
0.00073735189
0.00073557239
0.00073364187
0.00073172632
0.00072992964
0.00072783034
0.00072601744
0.00072398638
0.00072198893
0.00072008682
0.00071772979
0.0007163953
0.00071348415
0.00073410941
0.00081173195
0.00081152147
0.00081130249
0.00081107507
0.00081083861
0.0008105931
0.00081033802
0.00081007327
0.00080979842
0.00080951322
0.00080921738
0.00080891044
0.00080859231
0.00080826227
0.00080792049
0.00080756594
0.00080719911
0.00080681857
0.00080642523
0.00080601717
0.00080559582
0.00080515865
0.00080470771
0.00080423977
0.00080375765
0.00080325725
0.00080274228
0.00080220769
0.00080165821
0.00080108768
0.00080050201
0.00079989377
0.00079927024
0.00079862255
0.00079795951
0.00079727062
0.00079656645
0.00079583468
0.00079508783
0.00079431148
0.00079352049
0.00079269795
0.00079186146
0.00079099112
0.00079010792
0.00078918828
0.00078825728
0.00078728696
0.00078630716
0.00078528512
0.00078425544
0.00078318122
0.00078210015
0.00078097442
0.00077983945
0.00077866463
0.00077747153
0.00077625243
0.00077499463
0.00077373871
0.00077240737
0.00077112401
0.0007697095
0.00076840808
0.00076690294
0.00076559002
0.00076399168
0.00076266892
0.00076097992
0.00075964419
0.0007578709
0.00075651432
0.00075467206
0.00075327346
0.00075140097
0.00074990863
0.00074806653
0.00074643125
0.00074463907
0.00074290369
0.00074104573
0.00073938603
0.00073729821
0.00073578845
0.00073355229
0.00073199246
0.00072978966
0.00072821067
0.00072573996
0.00072457023
0.00072152797
0.00072088742
0.00071712701
0.00071751486
0.00071224428
0.00071488396
0.00081172983
0.00081151908
0.0008113006
0.00081107292
0.00081083705
0.00081059126
0.00081033686
0.0008100718
0.00080979769
0.00080951211
0.00080921708
0.00080890967
0.00080859242
0.00080826183
0.00080792101
0.0008075658
0.00080720003
0.00080681871
0.00080642655
0.00080601756
0.00080559752
0.00080515926
0.0008047098
0.0008042406
0.00080376013
0.00080325827
0.0008027452
0.0008022089
0.00080166161
0.00080108908
0.00080050593
0.00079989536
0.00079927476
0.00079862432
0.0007979647
0.00079727259
0.00079657244
0.00079583682
0.00079509474
0.00079431379
0.00079352849
0.00079270038
0.00079187076
0.00079099361
0.00079011879
0.00078919069
0.00078827005
0.00078728913
0.00078632222
0.00078528682
0.00078427325
0.00078318215
0.00078212122
0.00078097423
0.00077986435
0.00077866297
0.00077750082
0.00077624904
0.00077502873
0.00077373355
0.0007724464
0.00077111753
0.00076975308
0.00076840145
0.00076694996
0.00076558532
0.00076404026
0.0007626691
0.00076102769
0.00075965239
0.00075791592
0.00075653259
0.00075471335
0.00075330528
0.00075143478
0.00074996174
0.00074808611
0.00074651868
0.00074462983
0.00074304405
0.00074099888
0.0007395785
0.0007372363
0.00073599139
0.00073352847
0.00073216772
0.00072981696
0.0007283544
0.00072584592
0.00072457955
0.00072192358
0.00072046778
0.00071814145
0.00071618788
0.00071456546
0.00071144286
0.00081172772
0.00081151679
0.00081129869
0.00081107084
0.00081083542
0.00081058947
0.00081033559
0.00081007034
0.0008097968
0.00080951099
0.00080921656
0.00080890888
0.00080859228
0.00080826135
0.00080792124
0.00080756562
0.00080720061
0.00080681881
0.00080642746
0.00080601791
0.00080559875
0.00080515984
0.00080471134
0.00080424138
0.00080376198
0.00080325924
0.00080274737
0.00080221007
0.00080166411
0.00080109043
0.00080050881
0.00079989691
0.00079927806
0.00079862609
0.00079796848
0.00079727455
0.00079657678
0.00079583899
0.00079509973
0.00079431615
0.00079353425
0.0007927029
0.00079187744
0.00079099624
0.00079012658
0.00078919338
0.00078827917
0.00078729175
0.00078633298
0.00078528917
0.00078428605
0.00078318394
0.00078213659
0.00078097509
0.00077988282
0.00077866253
0.00077752296
0.00077624689
0.0007750551
0.00077372941
0.00077247742
0.00077111135
0.00076978891
0.00076839358
0.00076699041
0.0007655766
0.00076408473
0.00076266084
0.00076107529
0.00075964619
0.00075796544
0.00075653092
0.00075476274
0.00075330967
0.00075148283
0.00074997381
0.00074813156
0.00074653836
0.00074467698
0.00074306327
0.00074106483
0.00073957353
0.00073735305
0.00073593311
0.00073371735
0.00073205248
0.0007300701
0.00072819888
0.00072616661
0.00072435885
0.00072234624
0.00072018503
0.00071857989
0.000716041
0.00071471501
0.00071135502
0.00081172571
0.00081151473
0.00081129685
0.00081106897
0.00081083382
0.00081058787
0.00081033429
0.00081006904
0.00080979584
0.00080951002
0.00080921595
0.00080890823
0.00080859201
0.00080826102
0.00080792129
0.00080756558
0.00080720097
0.00080681904
0.0008064281
0.00080601839
0.00080559966
0.00080516054
0.00080471249
0.00080424229
0.00080376338
0.00080326035
0.00080274899
0.00080221136
0.00080166597
0.00080109191
0.00080051092
0.00079989858
0.00079928045
0.00079862795
0.00079797119
0.00079727664
0.00079657985
0.0007958413
0.00079510322
0.00079431868
0.00079353826
0.00079270564
0.00079188205
0.00079099917
0.00079013193
0.00078919642
0.00078828546
0.00078729481
0.00078634044
0.00078529211
0.00078429495
0.0007831866
0.00078214723
0.00078097725
0.00077989569
0.00077866379
0.0007775386
0.0007762469
0.00077507403
0.00077372778
0.00077250023
0.00077110774
0.00076981613
0.00076838775
0.00076702248
0.00076556854
0.00076412191
0.00076265078
0.00076111764
0.00075963467
0.00075801274
0.00075651865
0.00075481462
0.00075329766
0.00075153907
0.00074996208
0.0007481936
0.00074652471
0.0007447499
0.00074304074
0.00074115928
0.00073953103
0.00073747958
0.00073586689
0.00073387184
0.00073197776
0.00073023312
0.00072813535
0.00072633081
0.00072430668
0.00072250973
0.00072017107
0.00071869858
0.00071610667
0.00071479029
0.00071141871
0.00081172381
0.00081151285
0.00081129509
0.00081106727
0.00081083227
0.0008105864
0.00081033301
0.00081006786
0.00080979486
0.00080950914
0.00080921528
0.00080890766
0.00080859166
0.00080826075
0.00080792124
0.0008075656
0.0008072012
0.00080681932
0.00080642859
0.00080601891
0.00080560039
0.00080516128
0.00080471344
0.00080424323
0.00080376451
0.00080326146
0.00080275031
0.00080221264
0.00080166748
0.00080109336
0.00080051262
0.00079990021
0.00079928234
0.00079862975
0.0007979733
0.00079727861
0.00079658221
0.00079584347
0.00079510587
0.00079432105
0.00079354124
0.00079270822
0.00079188544
0.00079100193
0.00079013581
0.00078919936
0.00078828992
0.00078729788
0.00078634564
0.00078529525
0.00078430106
0.0007831897
0.00078215451
0.00078098016
0.00077990435
0.0007786664
0.00077754898
0.00077624894
0.00077508659
0.00077372898
0.00077251536
0.00077110784
0.0007698343
0.00076838653
0.00076704409
0.00076556585
0.00076414732
0.00076264668
0.00076114696
0.00075962951
0.00075804593
0.0007565127
0.00075485179
0.00075329151
0.00075158
0.00074995615
0.00074823896
0.00074651811
0.00074480205
0.0007430311
0.00074122167
0.00073951638
0.0007375529
0.00073585099
0.00073394936
0.00073197131
0.00073030555
0.00072814522
0.00072639848
0.00072433098
0.00072257387
0.0007202138
0.00071875436
0.00071616507
0.00071485134
0.0007114838
0.00081172198
0.00081151106
0.00081129338
0.00081106563
0.00081083075
0.00081058498
0.00081033173
0.0008100667
0.00080979386
0.00080950827
0.00080921457
0.00080890709
0.00080859124
0.00080826046
0.00080792111
0.00080756559
0.00080720133
0.00080681956
0.00080642897
0.00080601939
0.00080560098
0.00080516196
0.00080471423
0.00080424409
0.00080376548
0.00080326249
0.00080275144
0.00080221382
0.00080166875
0.00080109468
0.00080051404
0.00079990166
0.00079928392
0.00079863135
0.00079797504
0.00079728037
0.00079658412
0.00079584538
0.00079510799
0.00079432312
0.00079354359
0.00079271046
0.00079188806
0.00079100437
0.00079013875
0.00078920198
0.00078829325
0.00078730068
0.00078634941
0.00078529821
0.00078430539
0.0007831928
0.00078215951
0.00078098335
0.00077991021
0.00077866959
0.00077755582
0.00077625213
0.00077509455
0.00077373211
0.00077252473
0.00077111076
0.00076984536
0.00076838914
0.00076705709
0.00076556814
0.00076416245
0.0007626487
0.00076116434
0.0007596315
0.00075806546
0.00075651527
0.00075487304
0.00075329511
0.00075160308
0.00074996092
0.00074826423
0.00074652395
0.00074483029
0.00074303765
0.00074125367
0.00073952398
0.00073758801
0.00073586202
0.00073398502
0.00073198924
0.00073034011
0.00072817072
0.00072643428
0.00072436128
0.00072261327
0.00072025279
0.00071879671
0.00071621225
0.00071490063
0.00071153915
0.00081172018
0.00081150932
0.00081129169
0.00081106403
0.00081082924
0.00081058357
0.00081033043
0.00081006552
0.00080979281
0.00080950735
0.0008092138
0.00080890645
0.00080859074
0.0008082601
0.00080792088
0.00080756549
0.00080720136
0.00080681971
0.00080642923
0.00080601976
0.00080560145
0.00080516253
0.00080471488
0.00080424482
0.00080376629
0.00080326338
0.0008027524
0.00080221484
0.00080166984
0.00080109583
0.00080051525
0.00079990293
0.00079928525
0.00079863274
0.0007979765
0.00079728187
0.00079658572
0.00079584701
0.00079510973
0.0007943249
0.0007935455
0.00079271239
0.00079189016
0.00079100645
0.00079014106
0.00078920423
0.0007882958
0.00078730312
0.00078635227
0.00078530085
0.00078430858
0.00078319564
0.00078216309
0.00078098639
0.00077991425
0.00077867286
0.00077756044
0.00077625558
0.00077509988
0.00077373571
0.00077253084
0.00077111457
0.00076985232
0.00076839321
0.00076706502
0.0007655725
0.00076417146
0.00076265345
0.00076117453
0.00075963678
0.00075807689
0.00075652128
0.00075488574
0.00075330217
0.00075161701
0.0007499693
0.00074827956
0.00074653374
0.00074484737
0.00074304889
0.00074127278
0.00073953702
0.000737609
0.00073587784
0.00073400729
0.0007320089
0.00073036373
0.00072819425
0.00072646048
0.00072438887
0.00072264267
0.00072028464
0.00071883009
0.00071624876
0.00071493879
0.0007115825
0.0008117184
0.00081150758
0.00081129001
0.00081106242
0.00081082771
0.00081058213
0.0008103291
0.0008100643
0.00080979171
0.00080950638
0.00080921295
0.00080890573
0.00080859015
0.00080825964
0.00080792055
0.00080756529
0.00080720128
0.00080681975
0.00080642938
0.00080602001
0.0008056018
0.00080516297
0.00080471541
0.00080424543
0.00080376698
0.00080326413
0.00080275321
0.00080221571
0.00080167077
0.00080109681
0.00080051629
0.00079990402
0.00079928639
0.00079863392
0.00079797774
0.00079728316
0.00079658706
0.0007958484
0.00079511119
0.0007943264
0.00079354708
0.00079271401
0.00079189187
0.0007910082
0.00079014292
0.00078920612
0.00078829784
0.00078730517
0.00078635449
0.00078530308
0.00078431103
0.00078319807
0.00078216581
0.00078098905
0.00077991726
0.00077867575
0.00077756378
0.00077625874
0.0007751036
0.00077373918
0.00077253501
0.00077111836
0.00076985702
0.00076839736
0.00076707033
0.00076557704
0.00076417745
0.00076265846
0.00076118125
0.00075964236
0.00075808437
0.00075652759
0.00075489402
0.00075330937
0.00075162615
0.00074997755
0.00074828967
0.00074654315
0.00074485866
0.00074305962
0.00074128544
0.00073954939
0.00073762309
0.00073589229
0.00073402301
0.00073202569
0.00073038149
0.00072821343
0.00072648077
0.00072441072
0.00072266568
0.00072030956
0.00071885629
0.00071627723
0.00071496845
0.00071161624
0.00081171663
0.00081150585
0.00081128834
0.0008110608
0.00081082617
0.00081058068
0.00081032774
0.00081006304
0.00080979056
0.00080950534
0.00080921204
0.00080890494
0.00080858949
0.0008082591
0.00080792014
0.00080756499
0.0008072011
0.00080681969
0.00080642943
0.00080602016
0.00080560205
0.0008051633
0.00080471583
0.00080424593
0.00080376754
0.00080326476
0.0008027539
0.00080221646
0.00080167157
0.00080109766
0.00080051718
0.00079990496
0.00079928737
0.00079863495
0.0007979788
0.00079728427
0.00079658821
0.00079584959
0.00079511242
0.00079432768
0.0007935484
0.00079271538
0.0007918933
0.00079100967
0.00079014446
0.00078920772
0.0007882995
0.00078730689
0.00078635629
0.00078530493
0.00078431299
0.00078320008
0.00078216795
0.00078099125
0.00077991961
0.00077867816
0.00077756637
0.00077626139
0.00077510646
0.00077374209
0.00077253817
0.00077112157
0.00076986054
0.0007684009
0.00076707424
0.00076558099
0.0007641818
0.00076266286
0.0007611861
0.0007596473
0.00075808978
0.00075653315
0.00075490006
0.00075331565
0.0007516329
0.00074998464
0.00074829725
0.00074655114
0.00074486721
0.00074306863
0.00074129507
0.00073955959
0.00073763393
0.00073590387
0.00073403521
0.00073203883
0.00073039536
0.00072822834
0.00072649655
0.00072442774
0.00072268363
0.00072032898
0.00071887677
0.00071629945
0.00071499154
0.00071164261
0.00081171487
0.00081150413
0.00081128666
0.00081105919
0.00081082462
0.0008105792
0.00081032635
0.00081006175
0.00080978937
0.00080950426
0.00080921107
0.00080890409
0.00080858875
0.00080825849
0.00080791964
0.00080756462
0.00080720084
0.00080681953
0.00080642938
0.00080602021
0.0008056022
0.00080516354
0.00080471615
0.00080424632
0.00080376801
0.00080326529
0.00080275449
0.00080221711
0.00080167226
0.0008010984
0.00080051796
0.00079990578
0.00079928823
0.00079863585
0.00079797973
0.00079728523
0.00079658921
0.00079585063
0.00079511349
0.00079432878
0.00079354954
0.00079271655
0.00079189451
0.00079101093
0.00079014575
0.00078920905
0.00078830088
0.00078730833
0.00078635778
0.00078530648
0.0007843146
0.00078320175
0.00078216969
0.00078099305
0.0007799215
0.00077868013
0.00077756843
0.00077626354
0.00077510873
0.00077374445
0.00077254067
0.00077112417
0.00076986329
0.00076840378
0.00076707729
0.00076558417
0.0007641852
0.00076266641
0.00076118988
0.00075965126
0.00075809399
0.00075653759
0.00075490476
0.00075332063
0.00075163816
0.00074999024
0.00074830316
0.00074655744
0.00074487388
0.00074307572
0.00074130259
0.00073956761
0.00073764239
0.00073591298
0.00073404478
0.00073204913
0.00073040625
0.00072824001
0.00072650891
0.00072444107
0.00072269767
0.00072034416
0.00071889281
0.00071631683
0.00071500956
0.00071166328
0.00081171312
0.00081150242
0.000811285
0.00081105757
0.00081082307
0.00081057772
0.00081032495
0.00081006043
0.00080978815
0.00080950314
0.00080921005
0.00080890318
0.00080858796
0.00080825781
0.00080791907
0.00080756416
0.0008072005
0.0008068193
0.00080642925
0.00080602019
0.00080560226
0.0008051637
0.00080471638
0.00080424664
0.00080376839
0.00080326574
0.000802755
0.00080221767
0.00080167287
0.00080109905
0.00080051865
0.00079990651
0.00079928899
0.00079863664
0.00079798056
0.00079728609
0.00079659009
0.00079585154
0.00079511442
0.00079432975
0.00079355053
0.00079271758
0.00079189555
0.00079101201
0.00079014686
0.0007892102
0.00078830206
0.00078730954
0.00078635904
0.00078530777
0.00078431594
0.00078320314
0.00078217112
0.00078099455
0.00077992305
0.00077868174
0.00077757011
0.00077626529
0.00077511056
0.00077374636
0.00077254268
0.00077112627
0.0007698655
0.00076840608
0.00076707973
0.00076558672
0.00076418789
0.00076266923
0.00076119287
0.0007596544
0.00075809732
0.0007565411
0.00075490847
0.00075332457
0.0007516423
0.00074999466
0.00074830782
0.0007465624
0.00074487912
0.0007430813
0.00074130851
0.00073957392
0.00073764905
0.00073592014
0.00073405231
0.00073205722
0.00073041482
0.00072824917
0.00072651862
0.00072445152
0.00072270869
0.00072035606
0.00071890539
0.00071633045
0.00071502363
0.00071167954
0.00081171139
0.00081150072
0.00081128334
0.00081105596
0.00081082151
0.00081057623
0.00081032353
0.00081005909
0.00080978689
0.00080950198
0.00080920899
0.00080890223
0.00080858711
0.00080825707
0.00080791844
0.00080756364
0.00080720009
0.000806819
0.00080642905
0.00080602008
0.00080560225
0.00080516378
0.00080471654
0.00080424688
0.0008037687
0.00080326611
0.00080275543
0.00080221815
0.0008016734
0.00080109963
0.00080051927
0.00079990716
0.00079928968
0.00079863736
0.0007979813
0.00079728686
0.00079659088
0.00079585236
0.00079511526
0.00079433061
0.00079355141
0.00079271848
0.00079189648
0.00079101296
0.00079014783
0.00078921119
0.00078830308
0.00078731059
0.00078636011
0.00078530887
0.00078431707
0.0007832043
0.00078217232
0.00078099579
0.00077992433
0.00077868307
0.00077757149
0.00077626672
0.00077511205
0.00077374791
0.0007725443
0.00077112796
0.00076986727
0.00076840793
0.00076708167
0.00076558875
0.00076419004
0.00076267148
0.00076119525
0.0007596569
0.00075809996
0.00075654388
0.0007549114
0.00075332769
0.00075164558
0.00074999815
0.00074831149
0.00074656631
0.00074488326
0.00074308569
0.00074131317
0.00073957889
0.00073765428
0.00073592577
0.00073405823
0.00073206357
0.00073042156
0.00072825636
0.00072652626
0.00072445973
0.00072271735
0.0007203654
0.00071891527
0.00071634113
0.00071503463
0.00071169236
0.00081170967
0.00081149903
0.00081128168
0.00081105435
0.00081081995
0.00081057473
0.0008103221
0.00081005774
0.00080978562
0.00080950079
0.00080920789
0.00080890123
0.00080858621
0.00080825627
0.00080791775
0.00080756306
0.00080719961
0.00080681862
0.00080642878
0.00080601991
0.00080560217
0.00080516379
0.00080471664
0.00080424705
0.00080376894
0.00080326642
0.0008027558
0.00080221858
0.00080167388
0.00080110015
0.00080051983
0.00079990776
0.0007992903
0.00079863801
0.00079798198
0.00079728756
0.00079659161
0.0007958531
0.00079511602
0.00079433139
0.00079355221
0.00079271929
0.00079189731
0.0007910138
0.00079014869
0.00078921207
0.00078830397
0.0007873115
0.00078636103
0.00078530983
0.00078431804
0.0007832053
0.00078217334
0.00078099684
0.00077992541
0.00077868418
0.00077757264
0.0007762679
0.00077511327
0.00077374918
0.00077254562
0.00077112932
0.00076986871
0.00076840942
0.00076708325
0.00076559037
0.00076419176
0.00076267326
0.00076119715
0.00075965888
0.00075810206
0.00075654609
0.00075491372
0.00075333015
0.00075164816
0.00075000091
0.00074831439
0.00074656939
0.00074488653
0.00074308914
0.00074131685
0.00073958279
0.00073765841
0.00073593021
0.00073406288
0.00073206857
0.00073042687
0.000728262
0.00072653227
0.00072446618
0.00072272415
0.00072037272
0.00071892304
0.00071634951
0.00071504323
0.00071170248
0.00081170796
0.00081149735
0.00081128003
0.00081105275
0.00081081839
0.00081057323
0.00081032066
0.00081005636
0.00080978432
0.00080949957
0.00080920676
0.00080890019
0.00080858527
0.00080825543
0.00080791701
0.00080756242
0.00080719907
0.00080681819
0.00080642844
0.00080601967
0.00080560203
0.00080516373
0.00080471666
0.00080424715
0.00080376912
0.00080326667
0.00080275611
0.00080221894
0.00080167429
0.00080110061
0.00080052033
0.0007999083
0.00079929088
0.00079863862
0.00079798261
0.00079728822
0.00079659228
0.00079585379
0.00079511673
0.00079433211
0.00079355294
0.00079272004
0.00079189806
0.00079101457
0.00079014947
0.00078921286
0.00078830477
0.00078731231
0.00078636186
0.00078531066
0.00078431889
0.00078320617
0.00078217422
0.00078099774
0.00077992632
0.00077868512
0.0007775736
0.00077626889
0.0007751143
0.00077375023
0.00077254671
0.00077113044
0.00076986988
0.00076841062
0.00076708451
0.00076559168
0.00076419315
0.00076267469
0.00076119867
0.00075966045
0.00075810373
0.00075654783
0.00075491557
0.0007533321
0.00075165021
0.00075000309
0.00074831667
0.00074657182
0.0007448891
0.00074309185
0.00074131974
0.00073958585
0.00073766164
0.00073593369
0.00073406653
0.00073207249
0.00073043104
0.00072826641
0.00072653699
0.00072447123
0.00072272949
0.00072037846
0.00071892914
0.00071635607
0.00071504993
0.00071171049
0.00081170626
0.00081149567
0.00081127839
0.00081105114
0.00081081684
0.00081057173
0.00081031921
0.00081005498
0.000809783
0.00080949833
0.0008092056
0.00080889912
0.00080858429
0.00080825454
0.00080791622
0.00080756173
0.00080719848
0.00080681769
0.00080642804
0.00080601937
0.00080560182
0.00080516361
0.00080471663
0.0008042472
0.00080376924
0.00080326686
0.00080275636
0.00080221926
0.00080167466
0.00080110103
0.00080052079
0.0007999088
0.00079929141
0.00079863918
0.0007979832
0.00079728883
0.00079659291
0.00079585445
0.0007951174
0.00079433279
0.00079355363
0.00079272074
0.00079189877
0.00079101529
0.00079015019
0.00078921359
0.0007883055
0.00078731305
0.0007863626
0.00078531141
0.00078431964
0.00078320693
0.00078217499
0.00078099852
0.00077992712
0.00077868593
0.00077757442
0.00077626973
0.00077511516
0.0007737511
0.00077254762
0.00077113137
0.00076987085
0.0007684116
0.00076708555
0.00076559273
0.00076419427
0.00076267584
0.00076119989
0.00075966171
0.00075810506
0.00075654921
0.00075491703
0.00075333363
0.00075165182
0.0007500048
0.00074831847
0.00074657372
0.00074489113
0.00074309398
0.00074132202
0.00073958825
0.00073766418
0.00073593642
0.00073406938
0.00073207555
0.00073043431
0.00072826984
0.00072654069
0.00072447517
0.00072273365
0.00072038292
0.0007189339
0.00071636118
0.00071505511
0.0007117168
0.00081170456
0.00081149401
0.00081127676
0.00081104954
0.00081081528
0.00081057022
0.00081031775
0.00081005358
0.00080978167
0.00080949707
0.00080920442
0.00080889801
0.00080858327
0.00080825361
0.00080791538
0.00080756099
0.00080719783
0.00080681714
0.00080642759
0.00080601901
0.00080560155
0.00080516344
0.00080471654
0.0008042472
0.00080376931
0.00080326701
0.00080275657
0.00080221953
0.00080167499
0.00080110141
0.00080052122
0.00079990926
0.00079929191
0.00079863972
0.00079798376
0.00079728942
0.00079659352
0.00079585507
0.00079511803
0.00079433344
0.00079355429
0.00079272141
0.00079189944
0.00079101596
0.00079015086
0.00078921427
0.00078830618
0.00078731374
0.00078636328
0.0007853121
0.00078432033
0.00078320762
0.00078217568
0.00078099921
0.00077992782
0.00077868663
0.00077757514
0.00077627045
0.00077511589
0.00077375184
0.00077254838
0.00077113213
0.00076987165
0.00076841241
0.0007670864
0.00076559359
0.00076419517
0.00076267676
0.00076120087
0.0007596627
0.00075810612
0.00075655031
0.00075491819
0.00075333485
0.00075165309
0.00075000615
0.00074831988
0.00074657522
0.00074489272
0.00074309563
0.00074132381
0.00073959012
0.00073766616
0.00073593856
0.00073407161
0.00073207795
0.00073043689
0.00072827254
0.00072654362
0.00072447829
0.00072273695
0.00072038646
0.00071893769
0.00071636523
0.00071505918
0.00071172187
0.00081170288
0.00081149234
0.00081127512
0.00081104794
0.00081081372
0.0008105687
0.00081031628
0.00081005217
0.00080978032
0.00080949579
0.00080920321
0.00080889688
0.00080858221
0.00080825264
0.0008079145
0.0008075602
0.00080719713
0.00080681654
0.00080642708
0.0008060186
0.00080560123
0.0008051632
0.0008047164
0.00080424713
0.00080376933
0.0008032671
0.00080275673
0.00080221976
0.00080167528
0.00080110175
0.0008005216
0.0007999097
0.00079929238
0.00079864022
0.00079798429
0.00079728998
0.0007965941
0.00079585567
0.00079511864
0.00079433407
0.00079355492
0.00079272205
0.00079190008
0.00079101661
0.00079015151
0.00078921492
0.00078830683
0.00078731438
0.00078636393
0.00078531274
0.00078432096
0.00078320826
0.00078217632
0.00078099984
0.00077992845
0.00077868726
0.00077757577
0.00077627108
0.00077511653
0.00077375248
0.00077254904
0.00077113278
0.00076987232
0.00076841307
0.0007670871
0.00076559429
0.00076419592
0.0007626775
0.00076120166
0.0007596635
0.00075810697
0.00075655118
0.0007549191
0.0007533358
0.00075165409
0.00075000721
0.00074832099
0.00074657638
0.00074489397
0.00074309691
0.00074132521
0.00073959158
0.00073766771
0.00073594023
0.00073407335
0.00073207982
0.0007304389
0.00072827461
0.00072654589
0.00072448069
0.0007227395
0.00072038918
0.00071894063
0.00071636836
0.00071506232
0.00071172588
0.00081170119
0.00081149068
0.00081127349
0.00081104634
0.00081081216
0.00081056718
0.00081031481
0.00081005075
0.00080977895
0.00080949448
0.00080920197
0.00080889571
0.00080858112
0.00080825164
0.00080791358
0.00080755936
0.00080719639
0.00080681589
0.00080642652
0.00080601813
0.00080560085
0.00080516292
0.0008047162
0.00080424702
0.0008037693
0.00080326714
0.00080275685
0.00080221994
0.00080167552
0.00080110205
0.00080052196
0.0007999101
0.00079929282
0.0007986407
0.0007979848
0.00079729052
0.00079659466
0.00079585625
0.00079511924
0.00079433468
0.00079355554
0.00079272268
0.00079190071
0.00079101725
0.00079015214
0.00078921555
0.00078830745
0.00078731501
0.00078636454
0.00078531336
0.00078432156
0.00078320886
0.0007821769
0.00078100043
0.00077992903
0.00077868783
0.00077757634
0.00077627164
0.0007751171
0.00077375303
0.0007725496
0.00077113333
0.0007698729
0.00076841363
0.00076708769
0.00076559486
0.00076419653
0.0007626781
0.0007612023
0.00075966413
0.00075810765
0.00075655186
0.00075491983
0.00075333655
0.00075165487
0.00075000803
0.00074832185
0.00074657728
0.00074489494
0.0007430979
0.0007413263
0.0007395927
0.0007376689
0.00073594152
0.00073407467
0.00073208125
0.00073044046
0.0007282762
0.00072654764
0.00072448254
0.00072274146
0.00072039127
0.00071894289
0.00071637076
0.00071506468
0.00071172903
0.0008116995
0.00081148902
0.00081127186
0.00081104474
0.00081081059
0.00081056565
0.00081031332
0.00081004931
0.00080977757
0.00080949316
0.00080920071
0.00080889452
0.00080858
0.00080825059
0.00080791262
0.00080755848
0.0008071956
0.00080681519
0.00080642591
0.00080601761
0.00080560042
0.00080516258
0.00080471595
0.00080424686
0.00080376921
0.00080326714
0.00080275692
0.00080222008
0.00080167573
0.00080110232
0.00080052228
0.00079991047
0.00079929324
0.00079864116
0.0007979853
0.00079729104
0.00079659521
0.00079585682
0.00079511983
0.00079433528
0.00079355615
0.0007927233
0.00079190133
0.00079101787
0.00079015276
0.00078921617
0.00078830807
0.00078731561
0.00078636514
0.00078531395
0.00078432214
0.00078320943
0.00078217746
0.00078100098
0.00077992956
0.00077868836
0.00077757686
0.00077627215
0.00077511761
0.00077375352
0.0007725501
0.00077113381
0.0007698734
0.00076841411
0.00076708819
0.00076559534
0.00076419704
0.00076267858
0.00076120283
0.00075966464
0.00075810819
0.0007565524
0.0007549204
0.00075333714
0.00075165548
0.00075000867
0.00074832252
0.00074657797
0.00074489569
0.00074309865
0.00074132713
0.00073959354
0.00073766981
0.00073594251
0.00073407568
0.00073208234
0.00073044165
0.00072827739
0.000726549
0.00072448395
0.00072274296
0.00072039287
0.00071894465
0.0007163726
0.00071506648
0.00071173154
0.00081169781
0.00081148735
0.00081127021
0.00081104312
0.000810809
0.0008105641
0.00081031182
0.00081004785
0.00080977616
0.00080949181
0.00080919942
0.0008088933
0.00080857885
0.00080824951
0.00080791161
0.00080755756
0.00080719476
0.00080681444
0.00080642525
0.00080601704
0.00080559994
0.00080516219
0.00080471564
0.00080424664
0.00080376908
0.00080326709
0.00080275695
0.00080222019
0.0008016759
0.00080110256
0.00080052257
0.00079991082
0.00079929364
0.0007986416
0.00079798578
0.00079729155
0.00079659575
0.00079585739
0.00079512041
0.00079433588
0.00079355676
0.00079272392
0.00079190195
0.00079101849
0.00079015338
0.00078921679
0.00078830867
0.00078731622
0.00078636572
0.00078531453
0.0007843227
0.00078320998
0.000782178
0.0007810015
0.00077993008
0.00077868885
0.00077757735
0.00077627261
0.00077511807
0.00077375397
0.00077255055
0.00077113423
0.00076987383
0.00076841451
0.00076708862
0.00076559573
0.00076419747
0.00076267898
0.00076120325
0.00075966504
0.00075810863
0.00075655282
0.00075492084
0.00075333759
0.00075165595
0.00075000916
0.00074832302
0.00074657849
0.00074489625
0.0007430992
0.00074132777
0.00073959417
0.00073767048
0.00073594326
0.00073407642
0.00073208317
0.00073044256
0.00072827827
0.00072655003
0.00072448502
0.00072274409
0.00072039408
0.00071894598
0.000716374
0.00071506781
0.00071173352
0.00081169611
0.00081148567
0.00081126855
0.0008110415
0.00081080741
0.00081056254
0.0008103103
0.00081004638
0.00080977474
0.00080949044
0.0008091981
0.00080889204
0.00080857766
0.0008082484
0.00080791057
0.0008075566
0.00080719388
0.00080681364
0.00080642453
0.00080601641
0.00080559941
0.00080516174
0.00080471528
0.00080424637
0.0008037689
0.00080326699
0.00080275693
0.00080222025
0.00080167603
0.00080110276
0.00080052284
0.00079991114
0.00079929401
0.00079864202
0.00079798624
0.00079729206
0.00079659628
0.00079585795
0.00079512099
0.00079433648
0.00079355736
0.00079272454
0.00079190257
0.00079101912
0.000790154
0.00078921741
0.00078830928
0.00078731682
0.00078636631
0.0007853151
0.00078432326
0.00078321053
0.00078217853
0.00078100202
0.00077993057
0.00077868933
0.00077757781
0.00077627306
0.00077511851
0.00077375437
0.00077255097
0.00077113461
0.00076987422
0.00076841486
0.000767089
0.00076559607
0.00076419783
0.0007626793
0.00076120361
0.00075966536
0.00075810898
0.00075655315
0.00075492119
0.00075333794
0.0007516563
0.00075000952
0.00074832339
0.00074657887
0.00074489668
0.0007430996
0.00074132824
0.00073959463
0.00073767097
0.00073594381
0.00073407696
0.00073208377
0.00073044323
0.0007282789
0.0007265508
0.0007244858
0.00072274492
0.00072039496
0.00071894698
0.00071637502
0.00071506876
0.00071173508
0.00081169439
0.00081148397
0.00081126688
0.00081103985
0.00081080579
0.00081056096
0.00081030876
0.00081004488
0.00080977328
0.00080948903
0.00080919675
0.00080889075
0.00080857643
0.00080824724
0.00080790948
0.00080755559
0.00080719295
0.00080681279
0.00080642377
0.00080601574
0.00080559882
0.00080516125
0.00080471488
0.00080424605
0.00080376867
0.00080326685
0.00080275687
0.00080222027
0.00080167612
0.00080110293
0.00080052307
0.00079991144
0.00079929437
0.00079864243
0.00079798669
0.00079729255
0.00079659681
0.00079585851
0.00079512157
0.00079433708
0.00079355798
0.00079272516
0.0007919032
0.00079101975
0.00079015463
0.00078921804
0.00078830989
0.00078731743
0.0007863669
0.00078531568
0.00078432382
0.00078321107
0.00078217905
0.00078100252
0.00077993106
0.00077868979
0.00077757827
0.00077627348
0.00077511893
0.00077375476
0.00077255135
0.00077113495
0.00076987458
0.00076841518
0.00076708933
0.00076559635
0.00076419814
0.00076267957
0.0007612039
0.00075966562
0.00075810926
0.0007565534
0.00075492146
0.0007533382
0.00075165655
0.0007500098
0.00074832366
0.00074657914
0.00074489699
0.00074309986
0.00074132859
0.00073959494
0.00073767131
0.00073594422
0.00073407731
0.00073208419
0.00073044372
0.00072827931
0.00072655136
0.00072448635
0.0007227455
0.00072039558
0.00071894771
0.00071637576
0.00071506942
0.0007117363
0.00081169264
0.00081148224
0.00081126518
0.00081103817
0.00081080415
0.00081055935
0.00081030718
0.00081004335
0.0008097718
0.0008094876
0.00080919537
0.00080888943
0.00080857517
0.00080824604
0.00080790835
0.00080755453
0.00080719197
0.00080681189
0.00080642296
0.00080601501
0.00080559818
0.0008051607
0.00080471442
0.00080424569
0.00080376839
0.00080326666
0.00080275677
0.00080222025
0.00080167619
0.00080110307
0.00080052328
0.00079991172
0.0007992947
0.00079864283
0.00079798713
0.00079729304
0.00079659733
0.00079585907
0.00079512216
0.00079433769
0.0007935586
0.0007927258
0.00079190384
0.0007910204
0.00079015527
0.00078921868
0.00078831052
0.00078731805
0.0007863675
0.00078531627
0.00078432439
0.00078321162
0.00078217958
0.00078100303
0.00077993154
0.00077869025
0.00077757871
0.00077627389
0.00077511933
0.00077375512
0.00077255172
0.00077113527
0.00076987491
0.00076841546
0.00076708963
0.0007655966
0.00076419841
0.00076267978
0.00076120415
0.00075966581
0.00075810948
0.00075655358
0.00075492166
0.00075333839
0.00075165673
0.00075000999
0.00074832384
0.00074657932
0.0007448972
0.00074310002
0.00074132883
0.00073959512
0.00073767152
0.00073594449
0.00073407752
0.00073208446
0.00073044405
0.00072827955
0.00072655174
0.00072448672
0.00072274588
0.000720396
0.00071894821
0.00071637625
0.00071506983
0.00071173724
0.00081169086
0.00081148048
0.00081126344
0.00081103647
0.00081080247
0.00081055771
0.00081030557
0.00081004178
0.00080977027
0.00080948612
0.00080919394
0.00080888806
0.00080857386
0.0008082448
0.00080790718
0.00080755343
0.00080719094
0.00080681095
0.0008064221
0.00080601424
0.0008055975
0.00080516011
0.00080471392
0.00080424528
0.00080376807
0.00080326643
0.00080275663
0.0008022202
0.00080167622
0.00080110318
0.00080052347
0.00079991198
0.00079929503
0.00079864321
0.00079798757
0.00079729353
0.00079659786
0.00079585963
0.00079512275
0.00079433831
0.00079355924
0.00079272645
0.0007919045
0.00079102107
0.00079015593
0.00078921934
0.00078831116
0.00078731868
0.00078636811
0.00078531688
0.00078432497
0.00078321218
0.00078218011
0.00078100354
0.00077993203
0.00077869071
0.00077757915
0.0007762743
0.00077511973
0.00077375547
0.00077255207
0.00077113558
0.00076987523
0.00076841571
0.0007670899
0.00076559682
0.00076419865
0.00076267997
0.00076120435
0.00075966597
0.00075810966
0.00075655372
0.0007549218
0.00075333852
0.00075165685
0.00075001012
0.00074832395
0.00074657942
0.00074489733
0.00074310009
0.00074132898
0.00073959522
0.00073767163
0.00073594465
0.00073407762
0.00073208461
0.00073044425
0.00072827966
0.00072655198
0.00072448693
0.0007227461
0.00072039624
0.00071894853
0.00071637655
0.00071507004
0.00071173795
0.00081168903
0.00081147868
0.00081126166
0.00081103471
0.00081080074
0.00081055602
0.00081030392
0.00081004016
0.0008097687
0.0008094846
0.00080919247
0.00080888664
0.00080857251
0.00080824351
0.00080790596
0.00080755228
0.00080718987
0.00080680996
0.00080642119
0.00080601342
0.00080559676
0.00080515947
0.00080471337
0.00080424483
0.00080376771
0.00080326617
0.00080275646
0.00080222012
0.00080167622
0.00080110327
0.00080052364
0.00079991223
0.00079929534
0.00079864359
0.00079798801
0.00079729402
0.0007965984
0.00079586021
0.00079512336
0.00079433895
0.00079355989
0.00079272713
0.00079190518
0.00079102175
0.00079015661
0.00078922002
0.00078831183
0.00078731934
0.00078636875
0.0007853175
0.00078432556
0.00078321276
0.00078218066
0.00078100406
0.00077993253
0.00077869118
0.0007775796
0.0007762747
0.00077512013
0.00077375582
0.00077255242
0.00077113587
0.00076987553
0.00076841596
0.00076709016
0.00076559701
0.00076419886
0.00076268012
0.00076120453
0.00075966609
0.0007581098
0.00075655382
0.0007549219
0.0007533386
0.00075165692
0.00075001019
0.000748324
0.00074657946
0.0007448974
0.00074310009
0.00074132906
0.00073959523
0.00073767166
0.00073594473
0.00073407761
0.00073208467
0.00073044435
0.00072827964
0.0007265521
0.00072448702
0.00072274617
0.00072039633
0.0007189487
0.00071637668
0.00071507009
0.00071173849
0.00081168715
0.00081147682
0.00081125982
0.0008110329
0.00081079896
0.00081055427
0.00081030221
0.00081003849
0.00080976707
0.00080948302
0.00080919094
0.00080888517
0.00080857109
0.00080824216
0.00080790468
0.00080755108
0.00080718874
0.00080680891
0.00080642023
0.00080601255
0.00080559598
0.00080515878
0.00080471278
0.00080424433
0.00080376732
0.00080326587
0.00080275625
0.00080222001
0.00080167621
0.00080110335
0.0008005238
0.00079991247
0.00079929565
0.00079864398
0.00079798845
0.00079729452
0.00079659895
0.00079586081
0.00079512399
0.00079433961
0.00079356057
0.00079272783
0.00079190589
0.00079102247
0.00079015732
0.00078922073
0.00078831252
0.00078732003
0.00078636941
0.00078531815
0.00078432618
0.00078321336
0.00078218123
0.00078100461
0.00077993305
0.00077869166
0.00077758006
0.00077627512
0.00077512054
0.00077375618
0.00077255278
0.00077113617
0.00076987583
0.00076841619
0.00076709041
0.0007655972
0.00076419907
0.00076268026
0.00076120469
0.00075966619
0.00075810992
0.00075655389
0.00075492197
0.00075333865
0.00075165694
0.00075001022
0.000748324
0.00074657945
0.00074489742
0.00074310003
0.00074132908
0.00073959517
0.00073767161
0.00073594474
0.00073407753
0.00073208464
0.00073044436
0.00072827953
0.00072655214
0.000724487
0.00072274614
0.00072039631
0.00071894875
0.00071637668
0.00071507
0.00071173888
0.00081168501
0.0008114747
0.00081125773
0.00081103083
0.00081079692
0.00081055226
0.00081030023
0.00081003655
0.00080976517
0.00080948116
0.00080918913
0.00080888341
0.00080856939
0.00080824052
0.00080790311
0.00080754958
0.00080718732
0.00080680757
0.00080641896
0.00080601137
0.0008055949
0.00080515779
0.00080471189
0.00080424354
0.00080376662
0.00080326528
0.00080275576
0.00080221962
0.00080167591
0.00080110314
0.00080052368
0.00079991244
0.0007992957
0.0007986441
0.00079798864
0.00079729478
0.00079659925
0.00079586116
0.00079512437
0.00079434004
0.00079356101
0.00079272829
0.00079190635
0.00079102295
0.00079015779
0.0007892212
0.00078831297
0.00078732047
0.00078636982
0.00078531855
0.00078432654
0.0007832137
0.00078218153
0.00078100488
0.00077993328
0.00077869186
0.00077758023
0.00077627525
0.00077512064
0.00077375623
0.00077255282
0.00077113614
0.00076987581
0.0007684161
0.00076709034
0.00076559704
0.00076419894
0.00076268005
0.00076120451
0.00075966593
0.00075810969
0.00075655358
0.00075492169
0.00075333832
0.0007516566
0.00075000987
0.00074832361
0.00074657906
0.00074489702
0.00074309957
0.00074132868
0.00073959469
0.00073767115
0.00073594431
0.000734077
0.00073208418
0.00073044391
0.00072827896
0.00072655169
0.00072448651
0.00072274561
0.00072039581
0.00071894828
0.00071637617
0.00071506938
0.00071173872
)
;

boundaryField
{
    inlet
    {
        type            calculated;
        value           nonuniform List<scalar> 
80
(
0.0008510262
0.0008510262
0.0008510262
0.0008510262
0.0008510262
0.0008510262
0.0008510262
0.0008510262
0.0008510262
0.0008510262
0.0008510262
0.0008510262
0.00085102619
0.00085102619
0.00085102619
0.00085102619
0.00085102619
0.00085102619
0.00085102619
0.00085102619
0.00085102619
0.00085102619
0.00085102619
0.00085102619
0.00085102618
0.00085102618
0.00085102618
0.00085102618
0.00085102617
0.00085102617
0.00085102617
0.00085102616
0.00085102616
0.00085102615
0.00085102615
0.00085102614
0.00085102613
0.00085102612
0.00085102612
0.0008510261
0.00085102609
0.00085102608
0.00085102606
0.00085102605
0.00085102603
0.00085102601
0.00085102599
0.00085102596
0.00085102593
0.0008510259
0.00085102587
0.00085102583
0.00085102578
0.00085102573
0.00085102568
0.00085102562
0.00085102555
0.00085102548
0.00085102539
0.0008510253
0.0008510252
0.00085102508
0.00085102496
0.00085102482
0.00085102467
0.0008510245
0.00085102431
0.0008510241
0.00085102387
0.00085102362
0.00085102334
0.00085102304
0.00085102271
0.00085102235
0.00085102196
0.00085102153
0.00085102107
0.00085102057
0.00085102004
0.00085101947
)
;
    }
    outlet
    {
        type            calculated;
        value           nonuniform List<scalar> 
80
(
3.5618848e-05
0.00027745957
0.00050307068
0.00073786865
0.00099364781
0.0012667817
0.0015558448
0.0018602423
0.002179735
0.0025142391
0.0028637278
0.0032281737
0.0036075107
0.0040016038
0.0044102231
0.0048330181
0.0052694915
0.0057189723
0.0061805853
0.0066532197
0.0071354934
0.0076257154
0.0081218456
0.0086214509
0.0091216597
0.0096191121
0.010109908
0.010589594
0.011053214
0.011494978
0.011908366
0.012286068
0.012619923
0.012884884
0.01303398
0.013079604
0.013026403
0.012870142
0.01259895
0.01219724
0.011652982
0.010967864
0.010167052
0.0093022825
0.0084426579
0.0076518622
0.0069369641
0.0060121212
0.0044507527
0.0027525755
0.0014920304
0.00088582414
0.00073411958
0.00071489355
0.00071145209
0.00071136392
0.00071142728
0.00071149203
0.00071154703
0.00071159002
0.00071162341
0.00071164941
0.00071166972
0.00071168561
0.00071169806
0.00071170781
0.00071171544
0.00071172138
0.00071172608
0.00071172972
0.0007117325
0.00071173464
0.00071173626
0.00071173746
0.00071173832
0.0007117389
0.00071173926
0.00071173943
0.00071173945
0.00071173891
)
;
    }
    top
    {
        type            calculated;
        value           nonuniform List<scalar> 
110
(
0.00084376985
0.00083397927
0.00082741463
0.00082288726
0.00081970624
0.00081743346
0.00081580051
0.00081461132
0.00081374747
0.00081311183
0.00081264748
0.00081230386
0.0008120521
0.00081186521
0.00081168369
0.00081147338
0.00081125642
0.00081102953
0.00081079564
0.00081055099
0.00081029897
0.00081003531
0.00080976395
0.00080947996
0.00080918796
0.00080888226
0.00080856827
0.00080823943
0.00080790205
0.00080754855
0.00080718633
0.00080680662
0.00080641806
0.00080601051
0.00080559408
0.00080515702
0.00080471117
0.00080424287
0.000803766
0.00080326471
0.00080275524
0.00080221916
0.0008016755
0.00080110278
0.00080052337
0.00079991218
0.00079929549
0.00079864393
0.00079798851
0.00079729468
0.00079659919
0.00079586114
0.00079512438
0.00079434007
0.00079356107
0.00079272836
0.00079190644
0.00079102305
0.0007901579
0.00078922132
0.00078831309
0.0007873206
0.00078636996
0.00078531868
0.00078432668
0.00078321383
0.00078218166
0.00078100501
0.00077993341
0.00077869198
0.00077758035
0.00077627536
0.00077512075
0.00077375633
0.00077255292
0.00077113623
0.0007698759
0.00076841618
0.00076709041
0.00076559711
0.000764199
0.00076268011
0.00076120457
0.00075966598
0.00075810974
0.00075655363
0.00075492173
0.00075333837
0.00075165664
0.00075000991
0.00074832365
0.0007465791
0.00074489705
0.0007430996
0.00074132871
0.00073959472
0.00073767117
0.00073594433
0.00073407702
0.0007320842
0.00073044393
0.00072827898
0.00072655171
0.00072448652
0.00072274562
0.00072039582
0.00071894828
0.00071637619
0.00071506934
0.00071173891
)
;
    }
    upstreamWall
    {
        type            symmetryPlane;
    }
    plate
    {
        type            compressible::alphatJayatillekeWallFunction;
        value           uniform 0;
    }
    frontAndBack
    {
        type            empty;
    }
}


// ************************************************************************* //
