/*--------------------------------*- C++ -*----------------------------------*\
| =========                 |                                                 |
| \\      /  F ield         | OpenFOAM: The Open Source CFD Toolbox           |
|  \\    /   O peration     | Version:  2512                                  |
|   \\  /    A nd           | Website:  www.openfoam.com                      |
|    \\/     M anipulation  |                                                 |
\*---------------------------------------------------------------------------*/
FoamFile
{
    version     2.0;
    format      ascii;
    arch        "LSB;label=32;scalar=64";
    class       volScalarField;
    location    "0.149987";
    object      nut;
}
// * * * * * * * * * * * * * * * * * * * * * * * * * * * * * * * * * * * * * //

dimensions      [0 2 -1 0 0 0 0];

internalField   nonuniform List<scalar> 
8800
(
0.00070324975
0.00069620279
0.00068970675
0.00068675996
0.00068350253
0.00068198024
0.00068045124
0.00067946784
0.00067884586
0.00067817248
0.00067789067
0.00067737779
0.00046592742
7.4183936e-05
0.000703251
0.00069620101
0.00068970753
0.0006867604
0.00068349924
0.00068198619
0.00068044264
0.00067947646
0.00067884192
0.00067816112
0.00067791347
0.00067737391
0.00046262672
0.00010165195
0.00070325371
0.00069619716
0.00068970924
0.00068676125
0.00068349238
0.00068199873
0.0006804241
0.00067949654
0.00067882696
0.00067814776
0.00067802268
0.00067714703
0.00067732262
0.00027998372
0.00070325809
0.00069619095
0.0006897121
0.0006867623
0.00068348198
0.00068201798
0.00068039474
0.00067953154
0.00067878706
0.00067819035
0.00067796932
0.00067725797
0.00067725914
0.00067651232
0.00070326434
0.00069618208
0.00068971636
0.00068676313
0.00068346863
0.00068204314
0.00068035516
0.00067958181
0.00067871933
0.00067829715
0.00067774863
0.00067772461
0.00067663787
0.0006771805
0.00070327266
0.00069617026
0.00068972236
0.00068676302
0.00068345361
0.00068207202
0.00068030857
0.00067964113
0.00067864326
0.00067839164
0.00067763343
0.0006778042
0.00067671823
0.00067726011
0.00070328325
0.00069615526
0.00068973051
0.00068676096
0.00068343907
0.00068210074
0.00068026129
0.00067969836
0.0006785819
0.00067842561
0.00067768827
0.00067755185
0.00067713361
0.00067661664
0.00070329624
0.00069613689
0.00068974122
0.00068675562
0.00068342793
0.00068212379
0.00068022203
0.00067974197
0.0006785416
0.00067843677
0.00067771191
0.00067753567
0.00067703783
0.00067680402
0.00070331174
0.00069611507
0.0006897549
0.00068674558
0.0006834236
0.00068213481
0.00068020032
0.0006797617
0.00067852324
0.00067845002
0.00067767209
0.00067763295
0.0006769137
0.00067689421
0.00070332977
0.00069608989
0.00068977181
0.00068672955
0.00068342919
0.00068212812
0.00068020414
0.00067974901
0.00067853517
0.0006784423
0.00067765533
0.0006776573
0.00067691158
0.00067688177
0.00070335028
0.0006960616
0.00068979195
0.00068670684
0.00068344652
0.00068210098
0.00068023638
0.0006797012
0.00067858445
0.00067838975
0.00067770353
0.0006775965
0.00067697473
0.00067682669
0.00070337313
0.0006960307
0.00068981487
0.00068667786
0.00068347483
0.00068205576
0.0006802914
0.00067962753
0.0006786605
0.00067830533
0.00067778597
0.0006775118
0.00067704621
0.00067676781
0.0007033981
0.00069599789
0.00068983963
0.00068664444
0.00068351016
0.00068200086
0.0006803543
0.00067954996
0.00067873406
0.00067822921
0.00067784914
0.00067745705
0.00067708933
0.00067673489
0.00070342489
0.00069596407
0.00068986475
0.00068660982
0.00068354567
0.000681949
0.00068040555
0.00067949388
0.00067877573
0.00067819252
0.00067786711
0.00067744501
0.00067709911
0.00067673021
0.00070345319
0.00069593016
0.00068988851
0.00068657796
0.0006835736
0.00068191262
0.00068042971
0.00067947409
0.00067877526
0.00067819736
0.00067784832
0.0006774607
0.00067708927
0.0006767413
0.00070348276
0.00069589688
0.00068990938
0.00068655229
0.00068358821
0.00068189831
0.00068042321
0.00067948728
0.0006787445
0.00067822479
0.00067781465
0.00067748442
0.00067707529
0.00067675591
0.00070351349
0.00069586448
0.00068992673
0.0006865342
0.00068358858
0.00068190344
0.00068039578
0.0006795161
0.00067870529
0.00067825292
0.00067778426
0.00067750305
0.00067706689
0.00067676763
0.00070354553
0.00069583237
0.00068994139
0.00068652195
0.0006835795
0.00068191735
0.00068036436
0.0006795407
0.00067867572
0.00067826846
0.00067776552
0.00067751149
0.00067706736
0.000676775
0.00070357936
0.000695799
0.00068995589
0.00068651067
0.00068356983
0.00068192658
0.00068034412
0.00067954856
0.00067866342
0.00067826792
0.00067775957
0.00067750956
0.0006770765
0.00067677934
0.00070361577
0.00069576184
0.00068997417
0.00068649383
0.00068356877
0.00068192116
0.00068034191
0.00067953778
0.00067866658
0.00067825465
0.00067776295
0.0006775004
0.00067709166
0.00067678386
0.00070365577
0.00069571785
0.00069000053
0.00068646534
0.00068358233
0.00068189798
0.00068035588
0.00067951378
0.00067867853
0.00067823496
0.00067777004
0.00067748848
0.00067710891
0.00067679229
0.00070370032
0.0006956642
0.00069003839
0.00068642159
0.0006836117
0.00068185983
0.00068037975
0.00067948362
0.0006786928
0.00067821421
0.0006777766
0.00067747709
0.00067712556
0.00067680689
0.00070374997
0.00069559926
0.00069008907
0.00068636238
0.00068365432
0.00068181154
0.00068040849
0.00067945102
0.00067870709
0.00067819366
0.00067778205
0.0006774664
0.00067714134
0.00067682702
0.0007038044
0.00069552351
0.00069015106
0.00068629075
0.00068370593
0.00068175691
0.00068044042
0.00067941577
0.00067872284
0.00067817136
0.0006777885
0.0006774545
0.00067715761
0.00067684991
0.00070386205
0.00069544021
0.00069022
0.00068621231
0.00068376168
0.00068169892
0.000680475
0.00067937733
0.00067874141
0.00067814604
0.00067779739
0.00067744043
0.0006771751
0.00067687284
0.00070391993
0.00069535549
0.0006902891
0.0006861347
0.00068381576
0.00068164216
0.0006805092
0.00067933878
0.00067876049
0.00067812023
0.00067780688
0.00067742607
0.00067719237
0.00067689504
0.00070397376
0.00069527763
0.00069035023
0.00068606692
0.00068386112
0.00068159372
0.00068053707
0.00067930626
0.00067877523
0.00067809869
0.00067781363
0.00067741463
0.00067720726
0.00067691693
0.00070401852
0.00069521562
0.00069039559
0.00068601755
0.00068389109
0.00068156077
0.00068055319
0.0006792852
0.00067878214
0.00067808496
0.00067781579
0.00067740825
0.00067721875
0.00067693894
0.00070404935
0.00069517713
0.00069041972
0.00068599242
0.00068390217
0.00068154701
0.00068055599
0.00067927744
0.00067878103
0.00067807983
0.00067781374
0.00067740736
0.00067722731
0.00067696104
0.00070406263
0.00069516659
0.00069042105
0.00068599276
0.00068389555
0.00068155148
0.00068054798
0.00067928138
0.00067877436
0.00067808209
0.00067780936
0.00067741129
0.00067723418
0.00067698302
0.00070405684
0.00069518412
0.00069040206
0.00068601528
0.00068387592
0.00068157005
0.00068053357
0.00067929394
0.00067876524
0.00067808992
0.00067780464
0.00067741905
0.00067724069
0.00067700471
0.00070403286
0.00069522584
0.00069036775
0.00068605442
0.00068384853
0.00068159831
0.00068051643
0.00067931235
0.00067875593
0.00067810177
0.00067780098
0.00067742975
0.00067724772
0.00067702604
0.0007039937
0.00069528556
0.00069032351
0.00068610453
0.00068381738
0.00068163274
0.00068049872
0.00067933469
0.00067874745
0.00067811654
0.00067779873
0.00067744281
0.00067725537
0.00067704701
0.0007039438
0.00069535639
0.00069027358
0.0006861612
0.00068378423
0.00068167126
0.00068048073
0.00067935996
0.00067873955
0.00067813362
0.00067779755
0.00067745754
0.00067726337
0.0006770675
0.00070388832
0.00069543187
0.00069022109
0.00068622101
0.00068374973
0.00068171229
0.00068046209
0.0006793872
0.00067873153
0.00067815225
0.00067779659
0.00067747341
0.00067727096
0.0006770872
0.00070383275
0.00069550566
0.00069016927
0.00068628008
0.00068371515
0.00068175342
0.00068044306
0.00067941474
0.00067872313
0.00067817121
0.00067779536
0.00067748928
0.00067727761
0.00067710546
0.00070378283
0.00069557081
0.00069012279
0.00068633278
0.00068368372
0.00068179041
0.00068042551
0.00067943964
0.0006787152
0.00067818837
0.00067779402
0.00067750358
0.00067728318
0.0006771213
0.00070374417
0.00069561976
0.00069008773
0.000686372
0.00068366037
0.00068181785
0.0006804126
0.00067945809
0.00067870947
0.00067820109
0.00067779331
0.0006775145
0.00067728786
0.00067713358
0.00070372118
0.0006956461
0.00069006959
0.00068639162
0.00068364953
0.00068183104
0.00068040729
0.00067946687
0.00067870759
0.00067820731
0.00067779398
0.0006775206
0.00067729197
0.00067714148
0.00070371535
0.00069564787
0.00069007006
0.00068638992
0.00068365245
0.00068182878
0.0006804103
0.0006794652
0.00067870992
0.00067820646
0.00067779617
0.00067752156
0.00067729558
0.00067714488
0.00070372388
0.00069562997
0.00069008499
0.00068637192
0.00068366547
0.0006818151
0.00068041902
0.00067945595
0.00067871493
0.00067820052
0.00067779911
0.00067751871
0.00067729851
0.00067714486
0.00070373992
0.00069560335
0.00069010561
0.00068634769
0.00068368163
0.00068179737
0.00068042908
0.000679444
0.00067872017
0.00067819264
0.00067780164
0.00067751416
0.00067730041
0.00067714302
0.00070375486
0.00069558126
0.00069012153
0.00068632924
0.00068369287
0.00068178445
0.00068043542
0.00067943535
0.000678723
0.00067818681
0.00067780268
0.00067751069
0.0006773012
0.00067714148
0.00070376235
0.00069557232
0.00069012673
0.00068632337
0.00068369531
0.0006817809
0.00068043608
0.00067943296
0.00067872269
0.00067818504
0.0006778022
0.0006775098
0.00067730128
0.00067714149
0.00070376132
0.00069557633
0.00069012236
0.00068632859
0.00068369091
0.00068178514
0.00068043283
0.00067943574
0.00067872053
0.00067818674
0.0006778011
0.00067751126
0.00067730131
0.00067714313
0.00070375561
0.00069558619
0.00069011415
0.00068633823
0.00068368439
0.0006817923
0.00068042872
0.00067944047
0.00067871825
0.00067818983
0.00067780025
0.00067751374
0.0006773017
0.00067714549
0.00070375083
0.00069559308
0.00069010888
0.00068634434
0.00068368097
0.00068179664
0.00068042694
0.00067944334
0.0006787175
0.00067819181
0.00067780032
0.00067751551
0.00067730253
0.00067714735
0.00070375004
0.0006955932
0.00069010891
0.00068634424
0.00068368177
0.00068179649
0.00068042784
0.00067944324
0.00067871822
0.00067819185
0.00067780103
0.00067751593
0.00067730346
0.00067714816
0.0007037521
0.00069558939
0.00069011167
0.00068634097
0.0006836843
0.00068179421
0.00068042961
0.00067944173
0.00067871924
0.00067819093
0.0006778017
0.00067751558
0.0006773041
0.00067714826
0.00070375386
0.00069558673
0.0006901134
0.00068633893
0.00068368571
0.00068179285
0.00068043048
0.0006794408
0.00067871963
0.0006781903
0.00067780192
0.0006775153
0.00067730436
0.00067714828
0.00070375345
0.00069558761
0.00069011266
0.00068633974
0.00068368523
0.0006817934
0.00068043013
0.00067944106
0.00067871931
0.00067819038
0.00067780173
0.00067751542
0.00067730438
0.0006771485
0.00070375158
0.0006955905
0.00069011077
0.00068634183
0.00068368404
0.00068179464
0.00068042937
0.00067944168
0.00067871877
0.00067819065
0.0006778014
0.00067751561
0.00067730426
0.00067714872
0.00070375014
0.0006955925
0.00069010974
0.00068634285
0.00068368351
0.00068179497
0.00068042899
0.00067944162
0.00067871837
0.00067819042
0.00067780106
0.0006775154
0.00067730403
0.00067714858
0.0007037501
0.00069559247
0.00069011014
0.00068634216
0.0006836839
0.00068179412
0.00068042907
0.00067944076
0.00067871815
0.00067818962
0.0006778007
0.00067751474
0.00067730366
0.00067714805
0.00070375109
0.0006955911
0.0006901113
0.00068634061
0.00068368463
0.00068179277
0.00068042926
0.00067943957
0.00067871791
0.00067818859
0.00067780027
0.00067751389
0.00067730319
0.00067714735
0.00070375223
0.00069558964
0.00069011237
0.00068633923
0.00068368519
0.00068179163
0.00068042934
0.00067943858
0.00067871763
0.00067818771
0.00067779984
0.00067751315
0.00067730272
0.00067714672
0.00070375301
0.0006955887
0.00069011299
0.00068633841
0.00068368545
0.00068179095
0.00068042926
0.00067943793
0.00067871732
0.00067818709
0.00067779944
0.00067751262
0.00067730232
0.00067714626
0.00070375339
0.00069558827
0.00069011324
0.00068633805
0.0006836855
0.00068179061
0.0006804291
0.00067943753
0.00067871702
0.00067818668
0.00067779911
0.00067751225
0.00067730202
0.00067714595
0.00070375352
0.00069558812
0.00069011331
0.0006863379
0.00068368547
0.00068179042
0.00068042894
0.00067943726
0.00067871675
0.00067818637
0.00067779883
0.00067751197
0.00067730176
0.00067714571
0.00070375356
0.00069558808
0.00069011332
0.00068633784
0.00068368542
0.00068179029
0.00068042877
0.00067943702
0.0006787165
0.00067818611
0.00067779858
0.00067751173
0.00067730154
0.00067714549
0.00070375358
0.00069558806
0.00069011331
0.0006863378
0.00068368534
0.00068179017
0.00068042859
0.00067943681
0.00067871625
0.00067818586
0.00067779834
0.0006775115
0.00067730133
0.00067714529
0.00070375359
0.00069558804
0.0006901133
0.00068633776
0.00068368526
0.00068179006
0.00068042842
0.0006794366
0.00067871601
0.00067818562
0.00067779811
0.00067751128
0.00067730112
0.0006771451
0.00070375359
0.00069558803
0.00069011328
0.00068633773
0.00068368517
0.00068178994
0.00068042824
0.00067943639
0.00067871578
0.00067818539
0.00067779788
0.00067751107
0.00067730093
0.00067714491
0.0007037536
0.00069558802
0.00069011325
0.00068633768
0.00068368508
0.00068178982
0.00068042806
0.00067943619
0.00067871556
0.00067818517
0.00067779767
0.00067751087
0.00067730074
0.00067714474
0.00070375361
0.00069558801
0.00069011321
0.00068633764
0.00068368499
0.00068178969
0.00068042789
0.00067943599
0.00067871534
0.00067818496
0.00067779747
0.00067751069
0.00067730056
0.00067714457
0.00070375361
0.00069558799
0.00069011318
0.00068633759
0.00068368489
0.00068178956
0.00068042771
0.0006794358
0.00067871514
0.00067818477
0.00067779729
0.00067751051
0.0006773004
0.00067714442
0.00070375362
0.00069558798
0.00069011315
0.00068633753
0.0006836848
0.00068178943
0.00068042754
0.00067943561
0.00067871495
0.00067818459
0.00067779711
0.00067751035
0.00067730025
0.00067714428
0.00070375362
0.00069558797
0.00069011311
0.00068633747
0.0006836847
0.0006817893
0.00068042738
0.00067943544
0.00067871477
0.00067818442
0.00067779695
0.00067751021
0.00067730011
0.00067714415
0.00070375362
0.00069558795
0.00069011307
0.00068633741
0.0006836846
0.00068178917
0.00068042722
0.00067943527
0.0006787146
0.00067818426
0.00067779681
0.00067751007
0.00067729999
0.00067714403
0.00070375362
0.00069558794
0.00069011304
0.00068633734
0.0006836845
0.00068178903
0.00068042707
0.00067943511
0.00067871445
0.00067818412
0.00067779668
0.00067750996
0.00067729988
0.00067714393
0.00070375362
0.00069558793
0.000690113
0.00068633727
0.0006836844
0.0006817889
0.00068042692
0.00067943496
0.00067871431
0.00067818399
0.00067779657
0.00067750985
0.00067729979
0.00067714385
0.00070375362
0.00069558792
0.00069011296
0.00068633719
0.00068368429
0.00068178877
0.00068042678
0.00067943482
0.00067871418
0.00067818388
0.00067779647
0.00067750977
0.00067729971
0.00067714378
0.00070375362
0.00069558791
0.00069011292
0.00068633712
0.00068368419
0.00068178864
0.00068042665
0.00067943469
0.00067871407
0.00067818378
0.00067779638
0.00067750969
0.00067729965
0.00067714372
0.00070375362
0.00069558789
0.00069011287
0.00068633704
0.00068368408
0.00068178852
0.00068042653
0.00067943458
0.00067871397
0.00067818369
0.00067779631
0.00067750963
0.0006772996
0.00067714368
0.00070375363
0.00069558788
0.00069011283
0.00068633695
0.00068368398
0.0006817884
0.00068042641
0.00067943447
0.00067871388
0.00067818362
0.00067779625
0.00067750959
0.00067729956
0.00067714365
0.00070375363
0.00069558786
0.00069011277
0.00068633687
0.00068368387
0.00068178828
0.0006804263
0.00067943437
0.0006787138
0.00067818356
0.0006777962
0.00067750955
0.00067729954
0.00067714363
0.00070375363
0.00069558784
0.00069011272
0.00068633678
0.00068368376
0.00068178817
0.00068042619
0.00067943429
0.00067871373
0.00067818351
0.00067779617
0.00067750953
0.00067729952
0.00067714363
0.00070375363
0.00069558781
0.00069011265
0.00068633669
0.00068368364
0.00068178805
0.00068042609
0.00067943421
0.00067871367
0.00067818347
0.00067779615
0.00067750953
0.00067729953
0.00067714364
0.00070375364
0.00069558779
0.00069011259
0.00068633659
0.00068368353
0.00068178794
0.00068042599
0.00067943413
0.00067871362
0.00067818344
0.00067779614
0.00067750953
0.00067729954
0.00067714366
0.00070375364
0.00069558776
0.00069011252
0.00068633648
0.00068368337
0.00068178777
0.00068042581
0.00067943397
0.00067871346
0.0006781833
0.000677796
0.0006775094
0.00067729942
0.00067714355
6.5350224e-06
2.855953e-05
4.2784234e-05
4.3839635e-05
4.1009723e-05
3.8509422e-05
3.9270325e-05
4.0702547e-05
4.2463159e-05
4.3362782e-05
4.3779387e-05
4.3846881e-05
4.3721122e-05
4.3532302e-05
4.3293011e-05
4.301235e-05
4.2721627e-05
4.242779e-05
4.2132364e-05
4.1840587e-05
4.1555044e-05
4.1274415e-05
4.1007426e-05
4.0749396e-05
4.0496328e-05
4.0248524e-05
4.0006286e-05
3.9771461e-05
3.9545676e-05
3.9323995e-05
3.9107018e-05
3.8893431e-05
3.8686763e-05
3.8484432e-05
3.828656e-05
3.8091541e-05
3.7900643e-05
3.7714341e-05
3.7530701e-05
3.7350231e-05
3.7173036e-05
3.6999283e-05
3.6827534e-05
3.6658358e-05
3.6492183e-05
3.6328438e-05
3.6166543e-05
3.6007089e-05
3.5849924e-05
3.569454e-05
3.5541091e-05
3.5389544e-05
3.5239611e-05
3.5091575e-05
3.4944891e-05
3.4799829e-05
3.4656459e-05
3.4514148e-05
3.43734e-05
3.4234039e-05
3.4095786e-05
3.3958874e-05
3.3823056e-05
3.3688528e-05
3.3554878e-05
3.3422672e-05
3.3291173e-05
3.316091e-05
3.3031493e-05
3.2903151e-05
3.2775518e-05
3.2649115e-05
3.252318e-05
3.239857e-05
3.2274282e-05
3.2151354e-05
3.2028579e-05
3.1907314e-05
3.178595e-05
3.166629e-05
3.1546288e-05
3.1428118e-05
3.1309425e-05
3.1192727e-05
3.1075233e-05
3.0960007e-05
3.084362e-05
3.0729814e-05
3.0614495e-05
3.0502099e-05
3.0387525e-05
3.027675e-05
3.016321e-05
3.0048354e-05
2.9956558e-05
2.9775454e-05
3.0377344e-05
2.7713405e-05
4.6527547e-05
6.1459167e-05
8.6828467e-05
0.00011985933
0.00016075105
0.00019502999
0.00022253238
0.00024138393
0.00025641149
0.00026732504
0.00027543266
0.00028137348
0.00028547581
0.00028812732
0.0002901125
0.00029158751
0.0002925911
0.00029328102
0.00029370627
0.0002938966
0.00029404483
0.00029406453
0.00029391384
0.00029363083
0.00029324188
0.00029280016
0.0002923408
0.00029177751
0.00029114876
0.00029044448
0.00028974246
0.00028899268
0.00028821286
0.00028738157
0.00028653467
0.0002856824
0.00028479329
0.00028388865
0.00028297392
0.00028205488
0.00028110955
0.00028015692
0.00027920642
0.0002782488
0.00027727844
0.00027631012
0.00027534172
0.00027436681
0.00027339149
0.00027241664
0.00027143933
0.00027046631
0.00026948933
0.00026851573
0.00026754687
0.00026657344
0.00026560643
0.00026464252
0.00026367846
0.00026271953
0.00026176206
0.00026081024
0.00025985802
0.0002589153
0.00025797025
0.00025703294
0.00025609697
0.00025516681
0.00025423737
0.00025331689
0.00025239399
0.00025148242
0.00025056698
0.00024966399
0.00024875553
0.00024786208
0.00024696015
0.00024607641
0.00024518137
0.00024430661
0.00024341868
0.00024255343
0.00024167184
0.00024081673
0.0002399411
0.00023909585
0.00023822636
0.00023739165
0.00023652459
0.00023570585
0.00023483748
0.0002340086
0.00023327219
0.00023194126
5.4738727e-05
2.9167253e-05
3.2350174e-05
3.0526874e-05
3.8919255e-05
4.9847322e-05
7.7058391e-05
0.00010789313
0.00015443339
0.00020317531
0.00026295205
0.00031336411
0.00034924402
0.00037531645
0.00039596019
0.00041244843
0.00042633505
0.00043757049
0.00044678024
0.00045456776
0.00046111375
0.00046666004
0.0004716673
0.0004758883
0.00047940493
0.00048237726
0.00048487504
0.00048703969
0.00048892946
0.0004903795
0.00049154281
0.00049240269
0.00049312959
0.00049360164
0.00049390005
0.00049398033
0.00049393673
0.00049378062
0.00049345467
0.00049302865
0.00049250621
0.00049190375
0.00049118057
0.00049039089
0.00048955132
0.00048864335
0.00048766303
0.00048664587
0.00048558704
0.00048447651
0.00048333072
0.00048215296
0.00048093962
0.00047970719
0.00047843844
0.00047715331
0.00047585431
0.00047452254
0.00047318537
0.00047183468
0.00047046505
0.00046908979
0.00046770107
0.00046630945
0.00046490198
0.00046350219
0.000462083
0.00046066927
0.00045924608
0.00045782472
0.00045639398
0.00045497325
0.00045353681
0.00045211684
0.00045067866
0.00044926028
0.00044782093
0.00044640789
0.00044496768
0.00044356165
0.00044212268
0.00044072313
0.00043928701
0.00043789619
0.00043646213
0.00043508231
0.00043365044
0.0004322817
0.00043085327
0.00042949804
0.00042806514
0.00042673868
0.00042528446
0.0004239709
0.00042267686
0.00042053972
0.00059742891
0.00018156546
7.0527811e-05
5.2006162e-05
4.5697528e-05
3.7475599e-05
3.6147817e-05
4.1209248e-05
5.6859464e-05
8.42602e-05
0.00012705173
0.00019035524
0.00026071253
0.00031630199
0.00036720834
0.0004146076
0.00045505059
0.0004845633
0.00050951493
0.00053106996
0.0005501528
0.00056686672
0.00058217053
0.0005955294
0.00060726846
0.00061770603
0.00062697826
0.00063539255
0.00064303653
0.00064964658
0.00065555623
0.00066071977
0.00066544654
0.00066953001
0.00067316371
0.00067624829
0.00067897105
0.00068134806
0.00068329779
0.00068496613
0.0006863425
0.00068747167
0.00068828967
0.00068890467
0.00068934277
0.00068957764
0.00068961064
0.00068950806
0.00068926532
0.00068886908
0.00068835158
0.00068772281
0.00068697984
0.00068615509
0.00068521906
0.00068421265
0.00068314148
0.00068197277
0.0006807605
0.00067949025
0.00067815411
0.0006767789
0.00067535106
0.00067389212
0.00067237859
0.00067085683
0.00066927574
0.00066768451
0.00066605523
0.00066441057
0.00066273
0.00066105144
0.00065932612
0.00065761696
0.00065585751
0.00065412195
0.00065233208
0.00065057984
0.00064876237
0.00064699872
0.00064515961
0.00064338558
0.00064152971
0.00063975099
0.00063787881
0.00063610117
0.00063421421
0.00063243952
0.00063054116
0.00062877532
0.00062685204
0.00062512814
0.0006231379
0.00062147343
0.00061963658
0.00061681757
0.00066647886
0.00060344944
0.00046118876
0.0002804823
0.00015229149
0.00010445169
7.5117996e-05
5.7297399e-05
4.6588098e-05
4.3643438e-05
5.0853587e-05
7.0649087e-05
0.00011593628
0.00017524623
0.00024682584
0.00030414612
0.00036205308
0.00041787657
0.00047012194
0.00051655874
0.00055945633
0.00059814137
0.0006337976
0.00066076822
0.00068497517
0.0007069356
0.00072690905
0.00074525221
0.00076207991
0.00077710172
0.00079080509
0.00080313349
0.00081457864
0.00082481768
0.00083419607
0.00084252241
0.00085013378
0.00085703296
0.00086312362
0.00086865476
0.00087357877
0.00087799157
0.00088180245
0.00088519433
0.00088819731
0.00089077967
0.00089295598
0.000894831
0.00089640304
0.00089765625
0.00089864402
0.00089938815
0.00089988837
0.00090019716
0.00090027171
0.00090018282
0.00089993873
0.00089949153
0.00089893135
0.00089823538
0.00089739415
0.00089645333
0.00089539253
0.00089424828
0.00089298445
0.00089167817
0.00089024676
0.00088877337
0.00088721252
0.00088560307
0.00088391234
0.00088220383
0.00088039792
0.00087859986
0.0008767001
0.00087482279
0.0008728387
0.00087090148
0.00086884062
0.00086685484
0.00086472956
0.00086269957
0.00086052024
0.00085845733
0.00085622708
0.00085414268
0.00085186569
0.00084976507
0.00084744819
0.00084534283
0.00084296532
0.00084091429
0.00083839723
0.00083647158
0.00083407044
0.00083063409
0.00067532848
0.00066510252
0.0006318225
0.00054831526
0.00040906395
0.00032574243
0.0002306875
0.0001716872
0.00012709861
9.4930899e-05
7.1204913e-05
5.9099648e-05
5.6584097e-05
6.9788806e-05
0.00010750113
0.0001626588
0.00023726305
0.00029380173
0.00035288305
0.00041355656
0.00047358339
0.00052990504
0.00058479179
0.00063586577
0.00068273436
0.00072573439
0.00076555074
0.00080233892
0.00083390883
0.00086056097
0.00088521017
0.00090775274
0.00092891432
0.0009480895
0.00096579442
0.0009818998
0.00099680896
0.0010105043
0.0010228881
0.0010343348
0.0010447363
0.0010542653
0.0010627938
0.0010706051
0.0010777219
0.0010841091
0.0010898038
0.0010949575
0.001099573
0.0011036305
0.0011072119
0.0011103569
0.0011130687
0.0011154232
0.0011173649
0.0011190041
0.0011203492
0.0011213378
0.0011221063
0.0011226203
0.0011228708
0.0011229279
0.0011227635
0.001122433
0.0011218866
0.0011212397
0.0011203708
0.0011194074
0.0011182816
0.0011170537
0.0011156762
0.0011142455
0.0011126433
0.0011110293
0.0011092393
0.0011074619
0.0011055029
0.0011035952
0.0011014823
0.001099465
0.0010972199
0.001095103
0.0010927443
0.0010905472
0.0010880826
0.001085825
0.0010832631
0.0010809557
0.0010783084
0.0010759708
0.0010732086
0.0010709346
0.0010679297
0.0010658649
0.0010629032
0.0010589576
0.00067696363
0.00067459217
0.00066853101
0.00065092542
0.00060248591
0.00055253689
0.00046500827
0.00039562364
0.00031799251
0.00026796855
0.0001979864
0.00015375722
0.00010926914
8.3576829e-05
6.8997807e-05
7.429083e-05
0.00010118314
0.0001539941
0.00022299267
0.00028875741
0.00034694041
0.00040870773
0.00047418235
0.00053839916
0.00060121747
0.00066218008
0.00072028269
0.00077520423
0.00082697814
0.00087482508
0.00091921712
0.0009602561
0.00099896242
0.0010308211
0.0010595572
0.0010860743
0.0011108757
0.0011338399
0.0011548822
0.0011744325
0.0011925095
0.0012092161
0.0012244133
0.0012385204
0.0012515315
0.0012634064
0.0012742169
0.0012841722
0.0012932756
0.0013014989
0.0013089646
0.0013157356
0.0013218173
0.0013273116
0.0013321526
0.0013365005
0.0013403582
0.001343652
0.0013465751
0.0013490768
0.0013511512
0.0013529
0.0013542853
0.0013553853
0.0013561368
0.0013567003
0.0013569084
0.0013569448
0.001356713
0.001356301
0.0013556441
0.0013548786
0.0013538403
0.0013527555
0.0013513941
0.0013500235
0.0013483711
0.0013467669
0.0013448493
0.0013430449
0.0013408973
0.0013389111
0.0013365633
0.0013344261
0.0013318927
0.0013296358
0.0013269316
0.0013245734
0.0013217176
0.0013192886
0.0013162418
0.0013138802
0.0013104535
0.0013084007
0.0013049037
0.0013005964
0.00067645386
0.00067647554
0.00067480996
0.00067132219
0.00066165997
0.00064572473
0.00061093511
0.00057794823
0.00051771491
0.00047645044
0.00040084712
0.00035027396
0.00027966337
0.00021744591
0.00015287391
0.00011229522
8.6795781e-05
8.1939575e-05
9.9359989e-05
0.0001453757
0.00021052024
0.0002920436
0.00034787305
0.00040997146
0.00047772634
0.00054697705
0.00061537754
0.00068420069
0.00075182045
0.00081708495
0.00087959976
0.00093876101
0.00099506518
0.0010472714
0.0010959575
0.0011410617
0.0011835013
0.0012201561
0.0012522729
0.0012823101
0.0013103966
0.0013364982
0.0013605152
0.0013829626
0.0014038207
0.001423088
0.0014408129
0.0014573013
0.0014725395
0.0014864869
0.0014993259
0.001511143
0.001521941
0.0015318522
0.0015408033
0.0015490142
0.001556474
0.0015631028
0.0015691624
0.001574578
0.0015793513
0.0015836223
0.0015873419
0.001590614
0.0015933642
0.0015958032
0.0015977116
0.0015993419
0.0016005622
0.0016014948
0.0016020561
0.0016024289
0.0016023961
0.0016022636
0.0016017231
0.0016011369
0.001600139
0.0015991757
0.0015977612
0.0015964719
0.0015946932
0.0015931076
0.0015910099
0.0015891742
0.0015867816
0.001584742
0.0015820781
0.0015798638
0.0015769576
0.0015746131
0.0015714142
0.0015691323
0.0015653783
0.0015635192
0.0015595341
0.001555053
0.00067633053
0.00067644506
0.00067563496
0.00067538415
0.00067273542
0.00066895542
0.00066038188
0.0006488956
0.00062411042
0.00060318385
0.00056401945
0.00052532944
0.00048000503
0.00041128723
0.00035478746
0.00027374985
0.00020076592
0.00014447103
0.00010843095
9.2980685e-05
0.00010149425
0.00014030683
0.00020209833
0.00028242536
0.00035474023
0.0004166585
0.00048484444
0.00055833548
0.00063195593
0.00070735303
0.0007829425
0.00085679871
0.0009289378
0.00099855909
0.0010653437
0.001128482
0.0011885561
0.0012447497
0.0012969276
0.001345687
0.0013915545
0.00143013
0.0014651882
0.0014981866
0.0015290202
0.0015577132
0.0015843366
0.0016092818
0.0016324248
0.0016538716
0.0016737639
0.0016922351
0.0017092805
0.0017250685
0.0017395206
0.0017529264
0.0017652482
0.0017764086
0.00178675
0.0017961619
0.0018046596
0.0018124302
0.0018194085
0.0018257287
0.001831308
0.0018364117
0.0018407617
0.0018446938
0.0018480326
0.0018509419
0.0018533179
0.0018553962
0.0018569003
0.0018582286
0.0018589827
0.001859636
0.0018597145
0.0018598002
0.0018592632
0.0018588547
0.0018577768
0.0018569195
0.0018553656
0.001854125
0.001852132
0.0018505736
0.0018481768
0.0018463438
0.0018435851
0.0018415398
0.001838357
0.0018363575
0.0018324021
0.0018309525
0.0018265501
0.0018221272
0.00067634516
0.00067637029
0.00067566492
0.00067568921
0.00067469306
0.00067414001
0.00067158251
0.00066815076
0.0006619092
0.00065293596
0.00063982443
0.00061817152
0.0005987938
0.00056107529
0.00052954146
0.00046694317
0.00041002624
0.00032344223
0.00024596483
0.00017871298
0.00013360773
0.00010731816
0.0001075932
0.00013662391
0.00019579699
0.00027476057
0.00036811529
0.00042960696
0.00049853661
0.00057439675
0.00065284774
0.00073288836
0.00081546351
0.00089724016
0.00097859719
0.0010578216
0.0011346425
0.0012084701
0.0012790593
0.0013459377
0.0014093636
0.0014686127
0.001523568
0.0015753357
0.0016216471
0.0016618787
0.0016994968
0.0017349633
0.0017679727
0.0017988235
0.0018276509
0.0018545163
0.0018795074
0.0019028265
0.0019243476
0.0019444578
0.0019630737
0.0019801328
0.001996071
0.0020107238
0.0020241306
0.0020365331
0.0020478441
0.0020582324
0.0020676113
0.0020763024
0.0020839637
0.0020910301
0.0020972722
0.0021029038
0.0021078001
0.0021122551
0.002115927
0.0021193199
0.0021219327
0.0021243672
0.0021260263
0.0021276475
0.0021284371
0.0021293468
0.0021293691
0.0021296325
0.0021289772
0.0021286839
0.0021274044
0.0021266443
0.0021247912
0.0021236252
0.0021212565
0.0021197689
0.0021168105
0.0021153358
0.0021113407
0.002110554
0.0021058317
0.0021017489
0.00067641363
0.00067626046
0.00067575472
0.00067553152
0.00067501416
0.00067461683
0.00067395703
0.00067283044
0.00067123772
0.00066794775
0.00066396139
0.00065649209
0.00064845598
0.00063270036
0.00061842566
0.00059005199
0.00056307464
0.00050648736
0.0004521946
0.00036953874
0.00028837476
0.00021456845
0.00015952401
0.00012482885
0.00011614614
0.00013505227
0.00019322293
0.00027179039
0.00036870928
0.00044739191
0.00051781158
0.00059522959
0.00067845427
0.0007622462
0.00085144606
0.00094099241
0.0010308089
0.0011194085
0.0012062379
0.0012901334
0.0013708245
0.0014484403
0.0015220355
0.001591996
0.0016576851
0.0017190189
0.0017763046
0.0018291845
0.0018740971
0.0019163831
0.0019561401
0.0019933127
0.0020281114
0.0020607743
0.0020911033
0.0021195586
0.002146093
0.0021705884
0.0021936108
0.0022149145
0.0022345794
0.0022529088
0.0022697833
0.0022854127
0.0022997112
0.0023130562
0.0023250376
0.0023362059
0.0023462652
0.002355489
0.0023637314
0.0023713487
0.0023779293
0.002384096
0.0023892323
0.0023940861
0.0023979219
0.0024016532
0.0024043021
0.0024070474
0.0024086453
0.0024104946
0.0024111616
0.0024122342
0.0024120445
0.0024124598
0.0024114833
0.0024113243
0.0024096391
0.0024090166
0.0024065371
0.0024058741
0.0024020417
0.0024022146
0.0023972994
0.0023938954
0.00067648335
0.00067615944
0.00067583577
0.00067540647
0.00067510477
0.00067454778
0.00067428568
0.00067351592
0.00067314508
0.0006718124
0.00067074493
0.00066814808
0.00066495315
0.00065986592
0.00065384803
0.00064296532
0.00063170832
0.00060950815
0.00058599653
0.00054244143
0.0004804121
0.00041554872
0.00032755714
0.00025020049
0.00018633658
0.00014523362
0.00012688613
0.0001393057
0.00019162781
0.00027136964
0.00037134765
0.00047058355
0.00054288572
0.00062202792
0.0007092349
0.00079809473
0.00089280236
0.000989531
0.0010875242
0.0011851676
0.0012812597
0.001375354
0.0014664683
0.0015541853
0.0016381329
0.0017185662
0.0017945785
0.0018666874
0.00193361
0.0019964847
0.0020542886
0.0021037653
0.0021503608
0.0021943066
0.0022353159
0.0022739511
0.0023101637
0.0023438244
0.0023755447
0.0024050739
0.0024325257
0.0024582431
0.0024820734
0.0025042772
0.0025247731
0.0025439911
0.0025614497
0.002577833
0.002592763
0.002606584
0.0026191295
0.0026308202
0.0026411718
0.0026509375
0.0026593735
0.002667392
0.0026741031
0.0026806172
0.002685752
0.0026909402
0.0026946743
0.0026986568
0.0027011474
0.002704079
0.0027054257
0.0027074613
0.0027077582
0.0027090078
0.0027083572
0.0027089633
0.0027072693
0.0027077553
0.002704335
0.0027058126
0.0027008654
0.0026985435
0.00067651707
0.00067610975
0.0006758582
0.00067536108
0.00067510759
0.00067452308
0.00067427656
0.00067360852
0.00067334133
0.00067254888
0.00067210958
0.00067099847
0.00067001907
0.00066794716
0.00066586221
0.00066179747
0.00065711482
0.00064987117
0.00064007041
0.00062553015
0.00060018199
0.0005681822
0.00050874632
0.00045283777
0.00036518265
0.00028562315
0.000216318
0.0001661832
0.00013996611
0.00014619934
0.00019213437
0.00027483562
0.00037815322
0.00049430246
0.00057366909
0.00065554828
0.00074597163
0.00083992451
0.00093980642
0.0010437896
0.0011491503
0.0012558596
0.0013617311
0.0014657504
0.0015670859
0.0016654894
0.0017598243
0.0018504644
0.0019369794
0.0020192324
0.0020969296
0.0021693049
0.0022372448
0.0022986356
0.0023522961
0.0024030779
0.0024508612
0.002495535
0.0025377631
0.0025772463
0.0026141905
0.0026488884
0.0026812236
0.0027115137
0.0027396473
0.0027661167
0.0027903659
0.002813232
0.0028342352
0.0028538037
0.0028717515
0.002888563
0.0029036801
0.002917998
0.0029306328
0.0029426796
0.002953078
0.0029631568
0.0029715082
0.0029798469
0.0029863734
0.0029931283
0.0029980311
0.0030033987
0.003006808
0.0030109852
0.0030130245
0.0030161538
0.0030169547
0.0030192156
0.0030186736
0.0030207028
0.0030179976
0.0030211798
0.0030164009
0.0030156376
0.00067651568
0.00067610232
0.00067583988
0.00067536093
0.00067506984
0.00067453717
0.00067422058
0.0006736441
0.00067329452
0.00067267497
0.0006722664
0.00067156542
0.00067101496
0.00067008021
0.00066911298
0.00066768893
0.00066566211
0.00066320615
0.00065899921
0.00065380181
0.0006457939
0.00063426227
0.00061219724
0.0005872994
0.00053490568
0.00048356257
0.0004012733
0.00031694072
0.00024618827
0.0001871961
0.00015464068
0.00015485366
0.00019599901
0.00028181178
0.00039013793
0.00051270617
0.00060902627
0.00069466724
0.00078862508
0.00088827427
0.00099236817
0.0011039449
0.0012172145
0.0013330031
0.0014485756
0.0015629746
0.0016748209
0.0017835896
0.0018887538
0.0019899274
0.0020866824
0.0021793494
0.0022671908
0.0023501337
0.0024273084
0.0025001733
0.0025635144
0.0026211653
0.0026758461
0.0027271476
0.0027754198
0.0028208746
0.0028634277
0.0029034962
0.0029408134
0.0029761032
0.003008618
0.0030393964
0.0030678314
0.0030944528
0.0031190538
0.0031421799
0.0031632006
0.0031831623
0.003201029
0.0032180975
0.0032331205
0.0032476663
0.003260081
0.0032723891
0.0032824709
0.0032927398
0.0033007412
0.0033092159
0.0033153032
0.0033222295
0.003326562
0.0033321203
0.0033348639
0.0033392772
0.0033403212
0.0033443522
0.0033427267
0.0033480751
0.0033437099
0.0033450646
0.00067649622
0.00067611504
0.00067580683
0.00067537726
0.00067502565
0.00067455931
0.00067416704
0.00067367258
0.00067323469
0.00067271597
0.00067222307
0.0006716832
0.00067110936
0.00067053429
0.00066979492
0.0006691104
0.000668039
0.00066698854
0.00066531534
0.00066324877
0.00066032177
0.00065584898
0.000649036
0.0006399441
0.0006222676
0.00060141359
0.00055729555
0.00050706073
0.0004331276
0.00034441753
0.00027436295
0.000207924
0.00016997123
0.0001648754
0.00020421804
0.00029123596
0.00040618795
0.00053612343
0.0006497931
0.00074004837
0.00083765388
0.00094319625
0.0010521621
0.0011713409
0.0012926898
0.0014178388
0.0015434489
0.0016682112
0.0017909438
0.0019105667
0.002026323
0.0021383422
0.0022456232
0.0023485805
0.0024466909
0.0025400209
0.0026274244
0.0027090872
0.002785121
0.0028502047
0.0029117713
0.002969893
0.0030245247
0.0030761914
0.0031244466
0.0031702652
0.0032126995
0.0032529661
0.0032903341
0.0033254936
0.0033581589
0.0033889487
0.0034171648
0.0034440108
0.0034682879
0.0034915126
0.0035122338
0.0035322814
0.0035497332
0.003566953
0.0035814708
0.0035961095
0.0036080046
0.0036203629
0.0036298434
0.003640223
0.0036474909
0.003656116
0.0036613772
0.0036685209
0.0036716619
0.0036782254
0.0036781146
0.0036861601
0.003682506
0.0036866319
0.00067647555
0.00067612941
0.00067577679
0.00067539105
0.00067498953
0.00067457432
0.00067412695
0.00067368919
0.00067319201
0.00067273389
0.00067218065
0.00067170697
0.00067108944
0.00067059948
0.00066990235
0.00066937169
0.00066856431
0.00066791246
0.00066690881
0.00066597157
0.00066450408
0.00066296659
0.00066029546
0.00065703868
0.0006510744
0.0006436467
0.00063024524
0.0006115609
0.00057633165
0.00052337091
0.00045979914
0.00037052382
0.0002991112
0.00022858296
0.00018483731
0.00017614458
0.00021469727
0.00030430329
0.0004274958
0.00056546157
0.00069727912
0.00079220538
0.00089393919
0.0010054496
0.0011198358
0.0012468288
0.0013768112
0.0015115321
0.0016475005
0.0017829902
0.0019166818
0.0020474377
0.0021742318
0.0022969741
0.002415171
0.002528488
0.0026372031
0.0027405306
0.0028386443
0.0029299361
0.0030160249
0.0030913362
0.0031600309
0.0032252516
0.0032863415
0.003344553
0.0033986981
0.0034502103
0.0034981904
0.0035435639
0.0035857894
0.0036257929
0.0036626578
0.0036977871
0.0037298082
0.0037604756
0.0037881166
0.0038148442
0.0038384465
0.003861655
0.0038816196
0.00390161
0.0039183145
0.0039354497
0.0039491501
0.0039637948
0.0039747433
0.0039871715
0.0039956197
0.0040061618
0.0040119975
0.0040217061
0.004023625
0.0040349757
0.0040323906
0.0040400458
0.00067646199
0.00067613807
0.00067575691
0.00067539668
0.00067496655
0.00067457853
0.00067410297
0.00067369245
0.00067316831
0.00067273567
0.00067215846
0.00067170622
0.00067107155
0.0006706003
0.00066990163
0.00066940931
0.00066863255
0.0006681124
0.00066721528
0.00066665036
0.0006655258
0.00066485706
0.00066327627
0.000662274
0.00065959972
0.00065748858
0.00065226982
0.00064579458
0.00063557889
0.00061867613
0.00058927247
0.0005393094
0.00048079553
0.00039515537
0.00032055521
0.00024756453
0.0001992215
0.00018818153
0.00022784331
0.00032157183
0.00045499465
0.00060179414
0.00075099896
0.00085120387
0.000957715
0.0010754304
0.001196353
0.0013313778
0.0014703551
0.0016150176
0.0017616521
0.0019082274
0.0020532859
0.0021953627
0.0023336617
0.0024673443
0.0025966611
0.0027208388
0.0028398862
0.002953836
0.003062228
0.0031637573
0.0032588603
0.0033460205
0.003421958
0.003494566
0.0035623516
0.0036270229
0.003687451
0.0037448415
0.0037983595
0.0038492832
0.0038963702
0.003941383
0.0039826187
0.0040221899
0.0040581301
0.0040928709
0.0041238875
0.004154309
0.0041808728
0.0042073351
0.0042298975
0.0042528323
0.0042717021
0.004291544
0.0043070325
0.0043241105
0.0043365205
0.0043512303
0.0043604561
0.0043740133
0.0043785681
0.0043939184
0.0043928295
0.0044048905
0.00067645833
0.00067613993
0.00067574874
0.0006753943
0.0006749571
0.0006745733
0.00067409408
0.00067368472
0.00067316116
0.00067272519
0.00067215397
0.00067169226
0.00067107032
0.00067058263
0.00066990506
0.00066939147
0.00066865132
0.0006681119
0.00066729693
0.00066672569
0.00066581491
0.00066518082
0.00066413971
0.00066334165
0.00066209309
0.00066079772
0.00065913255
0.00065641707
0.000653215
0.00064699637
0.00063844274
0.00062363564
0.00059818133
0.00055356561
0.00049844351
0.00041627798
0.0003390165
0.00026483723
0.0002127104
0.00020092273
0.00024378782
0.00034418441
0.00048909027
0.00064576975
0.00081108957
0.00091718575
0.0010294388
0.0011536595
0.0012817744
0.0014254503
0.0015738871
0.0017290462
0.0018869054
0.0020450663
0.0022020429
0.0023557571
0.0025058263
0.0026511276
0.0027913724
0.0029267841
0.0030566422
0.0031811924
0.003299752
0.0034121336
0.0035165091
0.0036155846
0.0036990498
0.0037789333
0.0038537873
0.003925154
0.0039918562
0.0040555511
0.0041146428
0.0041712839
0.0042233817
0.0042735272
0.0043192259
0.0043635203
0.0044033757
0.0044423928
0.0044768616
0.0045110672
0.0045406802
0.0045705797
0.0045957039
0.0046218078
0.0046428221
0.0046655194
0.0046827835
0.0047025434
0.0047159638
0.0047341751
0.0047420754
0.0047622145
0.0047631295
0.0047806042
0.00067646387
0.00067613713
0.00067575107
0.00067538663
0.00067495914
0.00067456196
0.00067409776
0.00067366989
0.0006731678
0.00067270631
0.00067216485
0.00067166804
0.0006710869
0.00067055107
0.00066992987
0.00066934948
0.00066868981
0.00066805626
0.0006673636
0.0006666605
0.00066594654
0.0006651419
0.00066442604
0.00066345859
0.00066276323
0.00066151351
0.00066081201
0.00065906428
0.00065807829
0.00065526496
0.00065311394
0.00064734325
0.00063984315
0.00062696026
0.0006048925
0.00056561975
0.00051223523
0.00043414404
0.00035477662
0.00027992491
0.00022525553
0.00021433677
0.0002630086
0.00037287037
0.00053038163
0.00069803526
0.00087571355
0.00099020839
0.0011091263
0.0012406162
0.0013764686
0.001529605
0.0016885149
0.0018548737
0.002024613
0.0021948197
0.0023640932
0.0025301122
0.0026920259
0.0028492536
0.0030010667
0.003147779
0.0032886789
0.0034240908
0.0035530653
0.003676605
0.0037907014
0.0038992103
0.0039925104
0.0040799515
0.004161875
0.0042403498
0.0043133913
0.004383567
0.0044483585
0.0045108746
0.0045680408
0.0046236303
0.0046737905
0.0047230387
0.0047668395
0.0048102434
0.004848256
0.0048864406
0.0049190514
0.0049526284
0.0049802934
0.0050097153
0.0050328557
0.0050586737
0.0050772148
0.0051009994
0.0051130713
0.0051388935
0.0051424121
0.0051664549
0.00067647582
0.00067613424
0.00067576016
0.0006753792
0.0006749681
0.00067455119
0.00067410816
0.00067365597
0.00067318068
0.00067268903
0.00067218108
0.00067164677
0.00067110727
0.00067052496
0.00066995524
0.00066931769
0.00066872118
0.00066801855
0.00066740121
0.00066662041
0.00066599132
0.00066511497
0.00066448413
0.00066349096
0.00066286291
0.00066173082
0.00066108384
0.0006597864
0.00065903024
0.00065747787
0.00065633332
0.00065422638
0.00065171945
0.00064744196
0.00064045277
0.00062908675
0.00060962057
0.00057511981
0.00052311212
0.00044830691
0.00036809292
0.00029244211
0.00023677212
0.00022867064
0.00028613333
0.00040852248
0.00057934743
0.00075895598
0.00094880806
0.0010711456
0.0011974127
0.0013368605
0.0014819508
0.0016451378
0.0018153824
0.0019936018
0.0021757755
0.0023587632
0.0025406529
0.0027194213
0.0028937593
0.0030632223
0.0032269421
0.0033852142
0.0035373736
0.0036840274
0.0038239252
0.0039579528
0.0040822802
0.0042003015
0.0043036375
0.004399041
0.0044881268
0.0045739031
0.0046533861
0.0047302413
0.0048007577
0.0048695018
0.004931719
0.0049930055
0.0050476528
0.0051019762
0.0051498013
0.0051978168
0.0052392915
0.0052817195
0.0053173116
0.0053547129
0.0053848945
0.0054179178
0.0054426405
0.0054730436
0.0054902438
0.0055227584
0.005529586
0.0055615131
0.0006764906
0.00067613659
0.00067577184
0.00067537824
0.00067497881
0.00067454836
0.00067411904
0.000673652
0.0006731922
0.00067268445
0.00067219329
0.00067164204
0.00067111974
0.00067052088
0.0006699671
0.00066931573
0.00066873025
0.00066802162
0.00066740382
0.00066663372
0.00066598175
0.00066514812
0.00066445681
0.00066356124
0.00066281799
0.00066186874
0.00066104751
0.00066005989
0.00065911371
0.00065809895
0.0006569331
0.00065585667
0.00065426013
0.0006528136
0.00065004411
0.00064696168
0.00064033269
0.00063015406
0.00061273445
0.00058161032
0.00053170064
0.00045900565
0.0003788059
0.00030229125
0.00024745046
0.00024438231
0.00031429969
0.0004514814
0.00063723644
0.00082952329
0.0010326088
0.0011608417
0.0012953521
0.0014431927
0.0015988477
0.0017728308
0.0019552931
0.0021462782
0.0023414904
0.0025379735
0.0027330725
0.0029251189
0.0031122831
0.0032943792
0.0034702693
0.0036404625
0.0038043237
0.0039624656
0.0041132401
0.0042581404
0.0043928303
0.0045208252
0.0046339711
0.0047375561
0.0048338823
0.0049272087
0.005013129
0.0050970639
0.0051732718
0.0052485235
0.0053158054
0.0053829421
0.0054421333
0.0055017987
0.0055535212
0.0056064744
0.0056513489
0.0056981992
0.005736723
0.005778262
0.005810375
0.0058485937
0.005872001
0.0059123792
0.0059232927
0.0059646227
0.00067650729
0.00067614736
0.0006757855
0.00067538751
0.00067499144
0.00067455783
0.00067413142
0.00067366273
0.00067320455
0.00067269744
0.00067220548
0.00067165831
0.00067113115
0.00067054169
0.0006699768
0.00066934301
0.00066873705
0.00066805775
0.00066740614
0.00066668149
0.0006659777
0.00066520991
0.00066444492
0.00066363955
0.0006628001
0.00066196656
0.00066103431
0.00066018451
0.0006591366
0.00065828088
0.0006570888
0.00065622336
0.00065484284
0.00065391575
0.00065220183
0.00065094939
0.0006483689
0.00064566606
0.0006398612
0.00063036312
0.00061446073
0.00058553723
0.00053806558
0.00046668134
0.00038673014
0.00030971322
0.00025759793
0.00026219656
0.00034878793
0.00050286117
0.00070529078
0.0009109868
0.0011229337
0.0012594315
0.0014033335
0.0015601675
0.0017277921
0.0019135621
0.0021092914
0.0023140144
0.0025230538
0.0027337747
0.0029426113
0.0031485348
0.0033489312
0.0035439706
0.0037323807
0.0039151075
0.0040907314
0.0042608537
0.0044226458
0.0045788811
0.004724104
0.0048623749
0.0049848592
0.0050969352
0.0052004719
0.005301803
0.0053941096
0.0054854366
0.0055673376
0.0056492893
0.0057216643
0.0057949844
0.0058585182
0.0059239336
0.0059794545
0.0060375488
0.006085746
0.006137392
0.0061781767
0.0062256479
0.0062564186
0.0063060477
0.0063218838
0.0063743693
0.00067652926
0.00067616713
0.00067580763
0.00067540911
0.00067501559
0.00067458286
0.00067415861
0.00067369235
0.00067323534
0.00067273264
0.00067224022
0.00067169981
0.0006711699
0.00067059038
0.00067001961
0.00066939953
0.00066878411
0.00066812253
0.00066745801
0.0006667545
0.00066603561
0.00066529035
0.00066451117
0.00066372483
0.00066287908
0.00066205215
0.00066113423
0.00066026555
0.00065927189
0.00065835743
0.00065728637
0.00065631618
0.00065516633
0.00065411495
0.00065288103
0.00065167252
0.00065029304
0.00064867211
0.00064678198
0.00064368677
0.00063920169
0.00062997572
0.00061505591
0.000587901
0.00054210667
0.00047201037
0.0003915957
0.0003151564
0.00026787289
0.00028311993
0.00039104093
0.00056444916
0.00078398772
0.0010040688
0.0012220128
0.0013675608
0.0015219955
0.0016887131
0.0018698811
0.0020684156
0.0022786293
0.0024980086
0.0027216873
0.0029474931
0.003170672
0.0033907638
0.0036048182
0.0038135984
0.0040148665
0.004210682
0.0043982419
0.0045807798
0.004753954
0.004921909
0.0050775737
0.0052264224
0.0053576803
0.005478765
0.005589442
0.0056991303
0.0057978139
0.0058967722
0.0059843661
0.0060734261
0.0061505924
0.0062306385
0.0062983416
0.0063697384
0.0064289858
0.0064926456
0.0065434013
0.0066018689
0.0066412151
0.0067017421
0.0067233837
0.0067890464
0.00067656172
0.00067619681
0.00067584919
0.00067544834
0.00067506839
0.00067463316
0.0006742239
0.0006737547
0.00067331414
0.00067280776
0.00067233341
0.00067178801
0.00067127822
0.00067069155
0.00067014407
0.00066951342
0.00066892605
0.00066824859
0.00066761919
0.00066689171
0.00066621842
0.00066543712
0.00066471872
0.0006638788
0.00066311523
0.00066221033
0.00066140306
0.00066042534
0.00065957831
0.00065851684
0.00065763675
0.00065647515
0.00065557467
0.00065428849
0.00065338455
0.00065193773
0.00065104224
0.00064936763
0.00064844393
0.00064634753
0.00064505226
0.0006416842
0.00063815937
0.00062915362
0.00061480614
0.00058912622
0.00054413815
0.00047546937
0.00039369813
0.00031902444
0.00027923645
0.00030848562
0.00044281514
0.00063725588
0.00087422529
0.0011106003
0.0013312233
0.0014864152
0.0016524465
0.0018297964
0.0020262977
0.0022385005
0.0024645125
0.0026996226
0.0029386969
0.0031800934
0.0034184791
0.0036537166
0.0038819479
0.0041050595
0.0043194024
0.0045287246
0.0047286342
0.0049239786
0.005108603
0.0052886934
0.0054545909
0.0056145986
0.0057540351
0.0058845307
0.0060023296
0.0061206699
0.0062257018
0.0063327852
0.0064256601
0.0065225237
0.0066042186
0.0066912721
0.0067630682
0.006840934
0.006903046
0.006974555
0.0070237053
0.0070970961
0.0071254446
0.0072066192
0.00067660646
0.00067623838
0.00067591765
0.00067551281
0.00067516294
0.00067472204
0.0006743463
0.00067386909
0.00067346595
0.00067294846
0.00067251604
0.00067195537
0.00067149292
0.00067088571
0.00067039216
0.00066973436
0.00066920893
0.000668496
0.00066793841
0.00066716491
0.00066657546
0.00066573521
0.00066511494
0.00066420075
0.00066355175
0.00066255503
0.00066188109
0.00066079108
0.00066009784
0.00065890203
0.00065819744
0.00065688066
0.0006561752
0.00065471972
0.0006540267
0.00065241091
0.00065174518
0.00064994234
0.00064930737
0.00064727956
0.00064663901
0.0006442307
0.00064330889
0.00063979027
0.00063689276
0.00062810473
0.00061395887
0.00058953063
0.00054472379
0.00047716947
0.00039354892
0.00032179865
0.00029279179
0.00033995834
0.0005052791
0.0007240566
0.00097729668
0.0012313758
0.0014514295
0.0016168807
0.001795833
0.0019846326
0.0021982446
0.0024253007
0.0026678014
0.0029201064
0.003176102
0.0034341506
0.0036882889
0.0039392743
0.0041819818
0.0044198758
0.004647656
0.0048708043
0.0050831886
0.0052919436
0.0054880394
0.0056809972
0.0058569559
0.0060286033
0.0061755156
0.0063157825
0.006440646
0.0065682297
0.0066790775
0.0067951555
0.00689289
0.0069980204
0.007084106
0.0071787092
0.0072536428
0.0073405387
0.0074008414
0.0074893199
0.0075253868
0.0076246859
0.00067665893
0.00067629223
0.00067600831
0.00067560414
0.00067529487
0.00067485321
0.00067452186
0.0006740419
0.00067368736
0.00067316461
0.00067278534
0.0006722162
0.00067181192
0.00067119236
0.0006707626
0.00067008775
0.00066963232
0.00066889692
0.00066841591
0.00066761423
0.00066710813
0.00066623347
0.00066570362
0.00066474825
0.00066419695
0.00066315201
0.00066258251
0.00066143805
0.0006608546
0.00065959945
0.00065900759
0.00065762927
0.0006570358
0.00065552063
0.00065493354
0.00065326681
0.00065269476
0.00065086049
0.00065031312
0.00064829083
0.00064777209
0.00064553772
0.00064501201
0.00064245258
0.00064168389
0.00063815541
0.00063554953
0.0006270026
0.00061273856
0.00058935685
0.0005442201
0.00047591764
0.00039152821
0.00032461547
0.00030977473
0.00038647198
0.00057955837
0.00082513819
0.0010944232
0.0013679989
0.0015838179
0.0017605189
0.0019532213
0.0021549103
0.0023858834
0.0026315257
0.0028919584
0.0031624431
0.003435881
0.0037112743
0.0039816359
0.0042489343
0.0045063561
0.0047593237
0.0050007753
0.0052385801
0.0054635884
0.0056866447
0.0058942018
0.0061005926
0.0062863921
0.0064700307
0.0066236871
0.0067744279
0.0069056924
0.0070435869
0.0071596585
0.0072853898
0.0073877731
0.0075018008
0.0075912165
0.0076962033
0.0077690958
0.0078751813
0.0079201247
0.0080404365
0.00067671169
0.00067635428
0.00067610761
0.00067571323
0.00067544455
0.00067501265
0.00067472509
0.00067425464
0.00067394728
0.00067343363
0.000673105
0.00067254432
0.0006721942
0.00067158226
0.00067121007
0.00067054215
0.00067014756
0.00066941847
0.0006690014
0.00066820513
0.00066776598
0.00066689602
0.00066643552
0.0006654847
0.00066500397
0.00066396438
0.0006634651
0.00066232815
0.0006618126
0.00066056894
0.00066003995
0.00065867957
0.00065814056
0.00065665295
0.00065610775
0.00065448205
0.00065393477
0.00065216002
0.00065161465
0.00064968036
0.00064913892
0.00064703253
0.0006464981
0.0006442008
0.00064363992
0.00064107997
0.00064026797
0.00063686216
0.00063423609
0.00062595536
0.00061128374
0.0005885352
0.00054231492
0.0004725179
0.00038953717
0.00032828481
0.0003329954
0.00044679314
0.00066833414
0.00094225357
0.0012274684
0.0015216266
0.0017294923
0.0019189489
0.002125217
0.0023456944
0.0025934521
0.0028590958
0.003138017
0.0034277486
0.0037193733
0.0040128657
0.0042995968
0.0045837682
0.0048563931
0.0051254772
0.0053807795
0.00563422
0.005871789
0.0061097819
0.0063288457
0.0065491336
0.0067445094
0.0069410104
0.0070998432
0.0072623494
0.0073992399
0.0075483156
0.0076692378
0.0078055149
0.0079113046
0.0080373426
0.0081244237
0.0082509791
0.008306112
0.0084506094
0.00067675915
0.00067641827
0.00067620215
0.00067582603
0.00067559057
0.00067517845
0.00067492639
0.00067447719
0.00067420769
0.00067371696
0.0006734285
0.00067289253
0.00067258465
0.00067199952
0.00067167151
0.00067103265
0.0006706839
0.00066998634
0.00066961645
0.00066885479
0.00066846338
0.00066763171
0.00066721864
0.00066631058
0.00066587589
0.00066488453
0.00066442849
0.00066334644
0.00066286957
0.000661689
0.00066119199
0.00065990468
0.00065938839
0.00065798593
0.00065745125
0.00065592517
0.00065537284
0.000653715
0.00065314524
0.00065134828
0.00065076043
0.00064881793
0.00064820888
0.00064611683
0.00064547972
0.00064322607
0.00064253241
0.00064007548
0.00063909202
0.00063588629
0.00063301025
0.00062495047
0.00060956296
0.00058712112
0.00053948926
0.00046779862
0.00038674108
0.00033545706
0.00036447708
0.00052338626
0.00077380872
0.0010765191
0.0013788183
0.0016927522
0.0018903574
0.0020944541
0.0023136134
0.0025561372
0.0028212437
0.0031087728
0.0034072174
0.0037171323
0.0040274327
0.0043403637
0.0046442484
0.0049464519
0.0052343923
0.0055205344
0.0057894508
0.0060592473
0.0063095499
0.0065631078
0.0067937091
0.007028982
0.0072328186
0.0074435829
0.0076058157
0.0077811868
0.0079231457
0.0080846029
0.0082089208
0.0083591523
0.0084622379
0.0086124724
0.0086792701
0.0088514806
0.00067679915
0.00067647903
0.00067628441
0.00067593163
0.00067571953
0.00067533319
0.00067510598
0.00067468514
0.00067444201
0.0006739826
0.00067372196
0.00067322053
0.00067294178
0.00067239476
0.000672097
0.00067150026
0.0006711826
0.00067053172
0.00067019331
0.00066948345
0.00066912345
0.00066834937
0.00066796699
0.00066712305
0.00066671755
0.00066579769
0.00066536836
0.00066436614
0.00066391235
0.00066282099
0.00066234207
0.00066115449
0.00066064977
0.00065935872
0.0006588274
0.00065742561
0.00065686659
0.00065534703
0.00065475875
0.00065311495
0.00065249501
0.00065072161
0.00065006608
0.00064815953
0.00064746226
0.00064542224
0.0006446687
0.00064248835
0.00064165627
0.00063929534
0.00063816581
0.00063506187
0.00063197253
0.00062370201
0.00060802044
0.00058351164
0.000533861
0.00046015897
0.00038309172
0.00034815085
0.00040705952
0.00061838079
0.00089927855
0.0012283609
0.0015510159
0.00185856
0.0020645498
0.0022863811
0.002519676
0.0027869778
0.003070732
0.0033810556
0.0037011874
0.0040335289
0.0043633128
0.0046968174
0.0050178516
0.0053388772
0.0056417863
0.0059458705
0.006228638
0.0065155926
0.0067788173
0.0070491979
0.0072903388
0.0075422701
0.0077532497
0.0079778494
0.0081435284
0.0083332965
0.0084785132
0.008656303
0.008777439
0.0089547238
0.0090348634
0.0092389055
0.00067683213
0.000676534
0.0006763526
0.00067602457
0.00067582699
0.00067546822
0.00067525641
0.00067486606
0.00067463925
0.00067421369
0.00067397029
0.00067350641
0.0006732457
0.00067274033
0.0006724613
0.00067191079
0.00067161241
0.00067101283
0.00067069405
0.00067004111
0.00066970082
0.00066898987
0.00066862698
0.00066785301
0.00066746638
0.000666624
0.00066621248
0.0006652959
0.00066485835
0.00066386143
0.00066339665
0.00066231287
0.00066181965
0.00066064222
0.00066011927
0.0006588411
0.00065828704
0.00065690087
0.0006563142
0.00065481269
0.00065419168
0.00065256759
0.00065191028
0.00065015645
0.00064946069
0.00064757021
0.00064683406
0.00064479788
0.00064401803
0.00064181928
0.00064098711
0.00063854782
0.00063750085
0.00063417511
0.00063114048
0.00062167952
0.00060574868
0.00057856852
0.00052623594
0.00045080121
0.0003804485
0.00036872461
0.00047021705
0.00073220786
0.0010486856
0.0013970028
0.0017434925
0.0020357829
0.0022552942
0.0024960694
0.0027456475
0.0030380985
0.0033465541
0.0036812885
0.0040236349
0.0043794831
0.004728703
0.0050834879
0.0054215535
0.0057625418
0.0060807043
0.0064037038
0.0067005219
0.0070059388
0.0072809791
0.0075702212
0.0078207094
0.0080902346
0.0083080425
0.0085452648
0.0087139572
0.0089228588
0.0090643302
0.009272256
0.0093676358
0.009608043
0.00067685962
0.00067658253
0.00067640817
0.00067610387
0.00067591416
0.00067558178
0.00067537831
0.00067501717
0.00067479922
0.00067440609
0.00067417212
0.0006737442
0.00067349341
0.00067302794
0.0006727593
0.00067225298
0.00067196548
0.00067141486
0.00067110738
0.00067050862
0.00067018003
0.00066952898
0.00066917811
0.00066847026
0.00066809595
0.00066732637
0.00066692743
0.00066609081
0.0006656661
0.00066475665
0.00066430504
0.0006633165
0.00066283698
0.00066176253
0.00066125421
0.00066008643
0.00065954866
0.0006582794
0.00065771194
0.00065633217
0.00065573541
0.00065423492
0.00065361033
0.00065197721
0.00065132814
0.00064954781
0.00064888095
0.00064693435
0.00064626173
0.00064412159
0.00064346387
0.00064108846
0.00064045673
0.00063772916
0.0006369904
0.00063316246
0.00063020173
0.00061928464
0.00060319462
0.00057311671
0.00051722394
0.00044121248
0.00038129184
0.0004008159
0.00056394568
0.00086581285
0.0012191313
0.001586465
0.001957309
0.0022296128
0.0024652746
0.0027248083
0.0030004429
0.0033160168
0.0036502248
0.004010535
0.0043752234
0.0047557867
0.0051250455
0.0055024872
0.0058579428
0.0062200311
0.0065534408
0.006896593
0.0072061795
0.0075325147
0.0078180802
0.0081281249
0.0083874084
0.0086749037
0.0088990904
0.0091522639
0.0093165966
0.0095589613
0.0096717279
0.0099534393
0.00067688312
0.00067662518
0.00067645356
0.00067617075
0.00067598428
0.0006756758
0.00067547573
0.000675141
0.00067492666
0.00067456282
0.0006743327
0.00067393723
0.00067369052
0.0006732609
0.00067299667
0.00067253002
0.00067224722
0.00067174044
0.00067143801
0.00067088768
0.00067056454
0.00066996691
0.00066962199
0.00066897297
0.00066860519
0.00066790027
0.00066750862
0.00066674287
0.00066632643
0.00066549438
0.00066505234
0.00066414793
0.00066367972
0.00066269617
0.00066220157
0.00066113122
0.0006606105
0.00065944457
0.00065889882
0.00065762709
0.00065705857
0.00065566889
0.0006550817
0.00065355921
0.00065296022
0.00065128624
0.00065068655
0.00064883693
0.00064825385
0.0006461967
0.00064565607
0.00064334932
0.00064288771
0.00064026876
0.00063991342
0.00063684042
0.00063645095
0.00063198954
0.00062918379
0.00061663384
0.00060059729
0.00056699297
0.00050652517
0.0004328732
0.00038972332
0.00044929013
0.00068374093
0.0010230039
0.0014112433
0.001800875
0.0021937166
0.0024437781
0.002698235
0.0029757912
0.0032806887
0.0036208389
0.0039813575
0.0043704775
0.0047587583
0.0051655208
0.0055553559
0.0059567016
0.0063290632
0.0067135005
0.0070607966
0.0074269914
0.0077478362
0.0080977048
0.0083929805
0.0087253288
0.0089923884
0.009299404
0.0095272969
0.0098079814
0.0099406846
0.010268984
0.00067690361
0.00067666292
0.00067649085
0.00067622735
0.00067604064
0.00067575363
0.00067555318
0.00067524215
0.00067502731
0.00067468971
0.00067445903
0.00067409257
0.00067384525
0.00067344773
0.00067318277
0.00067275163
0.00067246801
0.0006720005
0.00067169719
0.00067119027
0.00067086622
0.00067031656
0.00066997073
0.00066937467
0.00066900606
0.00066835959
0.00066796726
0.00066726592
0.00066684908
0.00066608791
0.00066564591
0.00066481935
0.00066435182
0.00066345359
0.00066296056
0.00066198344
0.00066146552
0.00066040114
0.00065985976
0.00065869827
0.00065813607
0.00065686564
0.00065628702
0.00065489319
0.00065430506
0.00065276986
0.00065218273
0.00065048339
0.00064991281
0.00064802014
0.00064748874
0.00064536464
0.0006449054
0.00064249875
0.00064215824
0.00063939
0.00063921191
0.00063590373
0.00063573492
0.00063072416
0.0006280218
0.00061365349
0.00059771899
0.00055984358
0.00049450133
0.00042689113
0.00041029283
0.00052093038
0.0008299689
0.0012098689
0.0016263471
0.0020426628
0.0024135445
0.0026763643
0.0029517166
0.0032506151
0.0035856647
0.0039579653
0.004344765
0.0047646603
0.0051773457
0.0056114923
0.0060208767
0.0064478691
0.0068358455
0.0072459103
0.0076053129
0.0079975444
0.0083283915
0.0087040529
0.009007387
0.0093636427
0.009643601
0.0099656175
0.010167506
0.010547854
0.00067692156
0.0006766966
0.00067652147
0.0006762757
0.00067608579
0.00067581853
0.00067561442
0.0006753252
0.00067510622
0.00067479286
0.00067455756
0.00067421799
0.00067396545
0.00067359777
0.00067332694
0.00067292893
0.00067263873
0.000672208
0.00067189731
0.00067143126
0.00067109893
0.00067059471
0.0006702396
0.00066969413
0.00066931509
0.00066872498
0.00066832091
0.00066768242
0.00066725231
0.00066656135
0.00066610426
0.00066535626
0.00066487145
0.0006640613
0.00066354827
0.00066267016
0.00066212877
0.0006611761
0.0006606067
0.00065957179
0.00065897543
0.00065784933
0.00065722803
0.00065600012
0.00065535723
0.0006540148
0.00065335545
0.00065188313
0.00065121488
0.0006495939
0.00064892756
0.0006471347
0.00064648568
0.00064449181
0.00064388194
0.00064164927
0.00064110727
0.0006385772
0.0006381057
0.00063515109
0.00063444599
0.00062990527
0.00062579486
0.00061150405
0.0005924261
0.00054984053
0.00048130969
0.00042450686
0.00044680205
0.0006370359
0.0010013656
0.0014271743
0.0018637282
0.0023095257
0.0026475329
0.0029315901
0.0032277908
0.0035600005
0.0039207827
0.0043295969
0.0047433408
0.0051949073
0.0056312359
0.0060957823
0.006523441
0.0069796511
0.0073811957
0.0078199402
0.0081895518
0.0086107229
0.0089493924
0.0093533579
0.0096714377
0.010043321
0.010321587
0.010769639
0.00067693686
0.00067672682
0.00067654631
0.0006763174
0.00067612162
0.00067587319
0.00067566242
0.00067539408
0.00067516756
0.00067487745
0.00067463367
0.00067432002
0.00067405789
0.00067371908
0.00067343743
0.00067307162
0.00067276918
0.00067237442
0.00067204986
0.00067162404
0.00067127596
0.00067081684
0.00067044379
0.00066994894
0.00066954941
0.00066901627
0.00066858868
0.00066801451
0.00066755724
0.00066693911
0.00066645051
0.00066578527
0.00066526361
0.00066454793
0.00066399143
0.00066322171
0.00066262851
0.00066180093
0.0006611691
0.00066027957
0.000659607
0.00065865124
0.0006579356
0.00065690917
0.00065614772
0.00065504623
0.00065423553
0.00065305495
0.00065219033
0.00065092765
0.00065000229
0.00064865674
0.00064765988
0.00064623539
0.00064514893
0.00064365904
0.00064245025
0.00064092824
0.00063953052
0.00063804181
0.00063627551
0.00063492041
0.00063212346
0.00062993676
0.00062218238
0.00060866984
0.00058575038
0.00053757343
0.00046971393
0.00043267805
0.00050672054
0.00079271675
0.0012008342
0.0016705745
0.0021301663
0.0026047385
0.0029051183
0.0032145471
0.0035297173
0.003903015
0.0042890094
0.0047351449
0.0051778163
0.0056653708
0.0061237115
0.0066225264
0.0070661688
0.0075543455
0.0079669686
0.0084381168
0.0088152551
0.0092690199
0.0096200413
0.010046635
0.01037003
0.010894099
0.00067694946
0.00067675354
0.00067656606
0.00067635312
0.00067614966
0.0006759191
0.00067569963
0.00067545115
0.00067521478
0.00067494685
0.00067469197
0.00067440311
0.00067412843
0.00067381733
0.00067352148
0.00067318668
0.00067286813
0.00067250814
0.00067216529
0.00067177852
0.00067140961
0.00067099444
0.00067059761
0.00067015235
0.00066972557
0.00066924855
0.0006687896
0.00066827913
0.00066778563
0.00066724006
0.00066670936
0.00066612713
0.00066555627
0.00066493596
0.00066432158
0.00066366201
0.00066300022
0.00066230059
0.00066158679
0.00066084686
0.00066007546
0.00065929584
0.00065845987
0.00065764247
0.00065673303
0.00065588172
0.00065488702
0.00065400865
0.00065291273
0.0006520188
0.00065079934
0.00064990856
0.00064853351
0.00064767612
0.00064609813
0.00064532288
0.00064347036
0.00064285591
0.00064061858
0.00064028969
0.00063749542
0.00063763014
0.00063398245
0.00063474958
0.00062948445
0.00062974571
0.00061787222
0.00060547994
0.00057796306
0.00052346236
0.0004636501
0.00045790207
0.00059569089
0.00098423251
0.0014367783
0.0019427085
0.0024281972
0.002886452
0.0031859956
0.0035244624
0.0038601969
0.0042763277
0.0046958869
0.005182293
0.0056519544
0.0061799595
0.0066576799
0.0071930988
0.0076502641
0.0081752373
0.0085954743
0.0091037026
0.0094894002
0.0099742613
0.010329424
0.010932047
0.00067695961
0.0006767761
0.00067658162
0.00067638271
0.00067617154
0.00067595669
0.00067572849
0.00067549746
0.00067525122
0.00067500279
0.0006747368
0.00067446973
0.00067418251
0.00067389577
0.00067358576
0.00067327822
0.00067294368
0.00067261422
0.00067225326
0.00067190076
0.00067151132
0.00067113467
0.0006707145
0.00067031265
0.00066985928
0.00066943127
0.00066894194
0.00066848697
0.00066795864
0.00066747609
0.00066690531
0.00066639487
0.00066577771
0.00066523947
0.00066457136
0.00066400596
0.00066328152
0.00066269037
0.00066190318
0.00066128874
0.00066043092
0.00065979708
0.00065885885
0.00065821151
0.00065718048
0.00065652833
0.00065538847
0.00065474413
0.00065347442
0.00065285605
0.00065142838
0.00065086204
0.00064923838
0.00064876137
0.0006468897
0.00064655518
0.00064436408
0.00064424708
0.00064163912
0.00064184323
0.00063868819
0.0006393461
0.00063547965
0.00063674574
0.00063191063
0.00063389331
0.0006272487
0.00062839328
0.00061371646
0.00060151417
0.00056868411
0.00050918644
0.00046323366
0.00050530267
0.00074784464
0.0012068675
0.0017075766
0.0022443121
0.0027559541
0.003173218
0.003492753
0.0038628106
0.0042332016
0.0046893363
0.0051423371
0.0056744223
0.0061676217
0.006739046
0.0072348279
0.0078126658
0.0082784571
0.0088458072
0.0092715066
0.009818499
0.01020423
0.010887365
0.00067696784
0.0006767935
0.00067659407
0.00067640551
0.00067618892
0.00067598564
0.00067575134
0.00067553311
0.00067528
0.00067504579
0.00067477213
0.00067452088
0.0006742251
0.00067395593
0.00067363633
0.00067334834
0.00067300307
0.00067269536
0.0006723224
0.00067199411
0.00067159126
0.00067124157
0.00067080641
0.0006704346
0.00066996447
0.00066956996
0.00066906192
0.00066864432
0.00066809508
0.00066765428
0.00066706015
0.00066659634
0.00066595313
0.000665467
0.00066476988
0.0006642627
0.00066350606
0.00066297988
0.0006621571
0.00066161501
0.0006607182
0.00066016459
0.00065918419
0.00065862524
0.00065754952
0.00065699368
0.00065580814
0.00065526682
0.00065395333
0.00065344181
0.00065197756
0.00065151607
0.00064987236
0.00064948726
0.00064762814
0.00064735317
0.00064523431
0.00064511129
0.00064267961
0.00064275787
0.00063995321
0.00064028624
0.00063704433
0.00063768032
0.00063394293
0.00063488528
0.00063062883
0.00063163758
0.00062628099
0.00062469234
0.00061130626
0.00059513008
0.00055637447
0.00049719931
0.00047631095
0.00058677927
0.00095031197
0.0014685068
0.0020103181
0.0025799278
0.0031178855
0.003491015
0.0038323267
0.0042349661
0.0046438335
0.0051463908
0.0056277677
0.0062126634
0.0067294661
0.0073500475
0.007857028
0.0084841157
0.0089540623
0.0095674116
0.0099881149
0.010756512
0.0006769747
0.00067680496
0.00067660436
0.00067642099
0.00067620324
0.00067600571
0.00067577013
0.00067555815
0.00067530364
0.00067507626
0.00067480115
0.00067455735
0.00067426005
0.00067399899
0.00067367787
0.00067339864
0.00067305189
0.00067275362
0.00067237931
0.00067206115
0.00067165716
0.00067131829
0.00067088233
0.00067052201
0.00067005158
0.00066966917
0.00066916156
0.00066875656
0.00066820879
0.00066778091
0.0006671897
0.00066673886
0.0006661006
0.00066562705
0.00066493769
0.00066444207
0.00066369709
0.00066318049
0.00066237477
0.00066183891
0.00066096662
0.0006604139
0.00065946838
0.00065890204
0.00065787569
0.00065729992
0.00065618401
0.00065560404
0.0006543887
0.0006538108
0.00065248502
0.00065191625
0.00065046826
0.0006499159
0.00064833396
0.00064780412
0.00064607842
0.00064557333
0.00064369921
0.00064321293
0.00064119677
0.00064070712
0.00063857664
0.00063803113
0.00063585612
0.00063514142
0.00063305549
0.00063194452
0.00063017118
0.00062808546
0.00062611869
0.00061982508
0.00060839221
0.0005873916
0.00054157464
0.00049378691
0.000513046
0.00072689268
0.0011951522
0.0017712266
0.002347559
0.0029534283
0.0034521358
0.0038384398
0.004201587
0.0046474987
0.0050883368
0.0056542339
0.0061620602
0.0068040102
0.0073364548
0.0080151599
0.0085272608
0.0092087915
0.0096684113
0.010529564
0.00067698045
0.00067681057
0.00067661302
0.00067642949
0.00067621533
0.00067601752
0.00067578603
0.0006755735
0.00067532365
0.00067509543
0.00067482572
0.00067458073
0.00067428969
0.00067402697
0.00067371313
0.00067343167
0.0006730934
0.00067279217
0.00067242777
0.00067210573
0.00067171337
0.00067136946
0.00067094722
0.0006705804
0.0006701262
0.00066973544
0.00066924713
0.00066883143
0.00066830673
0.00066786514
0.00066730165
0.00066683328
0.00066622848
0.00066573251
0.00066508378
0.00066455946
0.00066386406
0.00066331069
0.00066256586
0.00066198276
0.00066118568
0.00066057215
0.00065972012
0.00065907528
0.00065816584
0.00065748844
0.00065651965
0.00065580769
0.00065477857
0.00065402877
0.00065294
0.00065214684
0.00065100191
0.00065015615
0.00064896312
0.00064804957
0.00064682384
0.00064581783
0.00064458694
0.00064344796
0.00064225806
0.00064092199
0.00063984846
0.00063821414
0.00063737548
0.00063528911
0.00063486696
0.00063209409
0.00063235834
0.00062854477
0.00062981973
0.00062414854
0.00062608776
0.00061385638
0.00060499766
0.0005784787
0.00052769467
0.00050167957
0.00058465449
0.00093825064
0.0014794176
0.0021170953
0.0027171925
0.0033657519
0.0037941366
0.0042199543
0.0046018364
0.0051167592
0.0055795777
0.0062125792
0.0067413022
0.0074515815
0.0079924858
0.008736916
0.0092331632
0.010193493
0.00067698504
0.00067681179
0.00067662006
0.00067643276
0.00067622526
0.00067602315
0.00067579918
0.00067558165
0.0006753403
0.00067510629
0.00067484624
0.00067459456
0.00067431451
0.00067404403
0.00067374272
0.00067345224
0.00067312829
0.00067281656
0.00067246856
0.00067213426
0.00067176074
0.0006714025
0.00067100195
0.00067061832
0.0006701892
0.00066977867
0.00066931941
0.00066888041
0.00066838949
0.00066792034
0.00066739625
0.00066689519
0.00066633652
0.00066580165
0.00066520712
0.00066463635
0.00066400488
0.00066339586
0.00066272672
0.00066207673
0.00066136961
0.00066067542
0.00065993068
0.00065918831
0.00065840727
0.00065761164
0.00065679694
0.00065594144
0.00065509767
0.00065417339
0.00065330788
0.00065230269
0.00065142666
0.0006503238
0.00064945399
0.00064823006
0.00064739106
0.00064601325
0.00064524043
0.00064366308
0.00064300736
0.00064116603
0.00064069959
0.00063850474
0.00063832645
0.00063565797
0.00063589998
0.00063260018
0.00063343129
0.00062930168
0.00063093013
0.00062570976
0.00062831011
0.00062142341
0.00062369832
0.00061026663
0.0005983441
0.00056618464
0.00051944885
0.00053074744
0.00070235803
0.0012142422
0.0018068758
0.0025034036
0.0031245991
0.0038037794
0.00417004
0.0046441052
0.0050386903
0.0056307698
0.0061173025
0.0068279102
0.0073706841
0.0081610284
0.0086803506
0.0097382469
0.00067698822
0.00067681065
0.00067662523
0.00067643313
0.00067623279
0.00067602527
0.00067580933
0.00067558564
0.00067535326
0.00067511227
0.0006748623
0.00067460272
0.00067433402
0.00067405458
0.00067376602
0.00067346538
0.00067315579
0.00067283252
0.00067250073
0.00067215331
0.00067179809
0.00067142492
0.00067104507
0.00067064443
0.00067023874
0.00066980881
0.00066937615
0.00066891496
0.00066845426
0.00066795974
0.00066747003
0.00066693991
0.00066642042
0.00066585222
0.00066530239
0.00066469337
0.00066411296
0.00066346002
0.00066284921
0.00066214882
0.00066150836
0.00066075635
0.00066008776
0.00065927919
0.00065858496
0.00065771381
0.00065699778
0.0006560566
0.00065532423
0.00065430382
0.00065356276
0.00065245154
0.00065171225
0.00065049556
0.00064977199
0.00064843132
0.00064774172
0.00064625389
0.0006456213
0.00064395795
0.00064341075
0.00064153798
0.00064111004
0.00063898907
0.00063871797
0.00063630755
0.00063622998
0.00063349647
0.00063363307
0.00063057409
0.00063088958
0.00062757401
0.00062789397
0.00062456177
0.00062437637
0.00062118228
0.00061793578
0.00060760401
0.00059093367
0.00055240776
0.00052545476
0.00059403843
0.00089312898
0.0015414862
0.0021806793
0.0029376392
0.0035719417
0.0041976287
0.0045738517
0.0051093462
0.0055252926
0.0061986747
0.006706401
0.0075119663
0.0080275018
0.0091652432
0.00067698999
0.00067680977
0.00067662849
0.00067643348
0.00067623781
0.00067602708
0.00067581631
0.000675589
0.00067536233
0.0006751173
0.00067487364
0.00067460957
0.00067434786
0.00067406344
0.00067378262
0.00067347645
0.00067317542
0.00067284603
0.00067252368
0.0006721695
0.0006718247
0.00067144408
0.00067107571
0.00067066688
0.00067027384
0.00066983492
0.00066941615
0.00066894517
0.00066849968
0.00066799452
0.00066752145
0.00066697984
0.00066647844
0.00066589795
0.00066536767
0.00066474568
0.00066418616
0.00066351985
0.00066293104
0.00066221731
0.00066159949
0.00066083492
0.00066018882
0.00065936964
0.00065869644
0.00065781847
0.00065711997
0.0006561785
0.00065545722
0.00065444692
0.0006537061
0.00065262107
0.00065186465
0.00065069851
0.00064993095
0.0006486771
0.00064790301
0.00064655512
0.00064577848
0.00064433186
0.00064355377
0.00064200873
0.0006412226
0.00063958842
0.00063877583
0.00063707899
0.00063619793
0.00063449467
0.00063346396
0.00063185781
0.00063053826
0.00062921585
0.00062736046
0.00062662693
0.00062384603
0.00062409751
0.00061976842
0.0006210075
0.00061157437
0.00060438271
0.00058271571
0.00054243548
0.00054794521
0.00070551376
0.0011773655
0.0019262457
0.0026000877
0.003412746
0.0040621801
0.0046356206
0.0050185907
0.0056225957
0.0060630984
0.0068416661
0.0073178961
0.0084955224
0.00067699082
0.00067681063
0.00067663034
0.00067643545
0.00067624088
0.00067603034
0.00067582074
0.00067559366
0.00067536818
0.00067512346
0.00067488103
0.00067461739
0.00067435693
0.00067407309
0.0006737935
0.00067348812
0.00067318827
0.00067285995
0.00067253866
0.00067218592
0.000671842
0.00067146329
0.00067109552
0.00067068921
0.00067029635
0.00066986077
0.00066944159
0.00066897499
0.00066852827
0.00066802887
0.00066755341
0.00066701935
0.00066651398
0.00066594339
0.00066540702
0.00066479797
0.00066422954
0.00066358008
0.00066297863
0.0006622868
0.00066165143
0.0006609153
0.00066024515
0.00065946285
0.00065875708
0.00065792691
0.00065718458
0.00065630516
0.00065552509
0.00065459552
0.00065377609
0.00065279631
0.00065193507
0.00065090634
0.00064999934
0.00064892505
0.00064796586
0.00064685274
0.00064583081
0.00064469058
0.00064358928
0.0006424407
0.00064123518
0.00064010861
0.00063875978
0.00063770208
0.00063615122
0.00063523232
0.00063339362
0.0006327171
0.0006304644
0.00063017447
0.00062733634
0.00062762067
0.00062398656
0.00062507052
0.00062040418
0.00062245602
0.00061639988
0.0006186896
0.0006076968
0.00059800614
0.00057162176
0.00054403637
0.0005995945
0.00092966829
0.0015253692
0.0023625875
0.0030630262
0.0039398929
0.0045351738
0.0051201431
0.0054997956
0.0062110787
0.0066183916
0.0077723387
0.00067699143
0.00067681318
0.00067663162
0.00067643899
0.00067624298
0.00067603504
0.00067582374
0.00067559961
0.00067537211
0.00067513074
0.00067488595
0.00067462616
0.00067436292
0.00067408351
0.00067380064
0.00067350037
0.00067319665
0.00067287423
0.00067254838
0.00067220246
0.00067185316
0.00067148236
0.00067110822
0.00067071112
0.00067031072
0.00066988587
0.00066945776
0.0006690037
0.00066854637
0.00066806166
0.00066757356
0.00066705677
0.00066653632
0.00066598609
0.00066543164
0.0006648467
0.00066425655
0.00066363572
0.00066300809
0.00066235038
0.00066168336
0.00066098802
0.00066027953
0.00065954614
0.00065879383
0.00065802242
0.00065722359
0.00065641481
0.00065556622
0.0006547216
0.00065381917
0.00065294145
0.00065197996
0.00065107352
0.00065004605
0.00064911753
0.00064801473
0.00064707382
0.00064588297
0.00064494341
0.00064364717
0.00064272806
0.000641303
0.00064042979
0.00063884576
0.00063805114
0.00063627059
0.00063559511
0.00063357322
0.00063306251
0.00063075183
0.00063045289
0.00062782085
0.00062775399
0.00062479718
0.00062493053
0.00062170828
0.00062192725
0.00061861113
0.00061852791
0.00061540739
0.000613289
0.00060479018
0.00059122948
0.00056049034
0.00057137511
0.00070788276
0.0012502704
0.0019269722
0.0028601843
0.0035615095
0.0045351738
0.0049828363
0.0056609141
0.0059985728
0.0070534567
0.00067699228
0.00067681639
0.00067663296
0.00067644301
0.00067624493
0.00067604002
0.00067582638
0.00067560562
0.00067537546
0.00067513786
0.00067489005
0.00067463448
0.00067436784
0.00067409315
0.00067380644
0.00067351147
0.0006732034
0.00067288692
0.00067255615
0.00067221692
0.00067186204
0.00067149877
0.00067111831
0.0006707297
0.00067032212
0.00066990687
0.00066947058
0.0006690274
0.00066856075
0.00066808837
0.00066758964
0.00066708685
0.00066655428
0.00066601994
0.00066545167
0.00066488477
0.00066427886
0.00066367852
0.00066303292
0.00066239848
0.00066171101
0.00066104204
0.00066031035
0.00065960676
0.00065882825
0.00065809035
0.00065726217
0.00065649076
0.0006556097
0.00065480623
0.00065386859
0.00065303529
0.00065203678
0.00065117683
0.00065011239
0.00064923006
0.00064809368
0.00064719453
0.00064597906
0.00064506993
0.00064376706
0.00064285577
0.00064145673
0.00064055155
0.00063904865
0.00063815596
0.00063654511
0.00063566565
0.00063395034
0.00063307229
0.00063127354
0.00063036232
0.00062852463
0.00062752247
0.00062573113
0.0006245276
0.00062294029
0.0006213279
0.00062019842
0.00061783626
0.00061755793
0.00061393791
0.00061468078
0.00060731685
0.00060133031
0.00058365152
0.00055982611
0.00062747454
0.00088784353
0.0016678912
0.0023722376
0.0034290739
0.0041014105
0.0051175397
0.0054553201
0.0063921096
0.00067699348
0.00067681881
0.00067663461
0.00067644605
0.00067624713
0.00067604376
0.00067582919
0.00067561014
0.00067537893
0.00067514319
0.00067489421
0.00067464068
0.00067437274
0.0006741003
0.00067381216
0.00067351964
0.00067321
0.00067289621
0.00067256373
0.00067222742
0.00067187068
0.00067151058
0.00067112812
0.00067074294
0.00067033324
0.00066992166
0.00066948316
0.00066904388
0.00066857495
0.0006681067
0.00066760568
0.0006671072
0.00066657239
0.00066604248
0.00066547214
0.00066490968
0.00066430203
0.00066370598
0.00066305922
0.00066242865
0.00066174093
0.00066107506
0.00066034451
0.00065964271
0.00065886745
0.00065812926
0.00065730741
0.00065653255
0.00065566224
0.00065485067
0.00065393008
0.00065308194
0.00065210934
0.000651225
0.00065019881
0.00064927875
0.00064819762
0.00064724214
0.00064610517
0.00064511399
0.00064392134
0.00064289276
0.00064164683
0.00064057622
0.00063928347
0.0006381614
0.00063683514
0.00063564435
0.00063430815
0.00063301896
0.00063171051
0.00063027699
0.00062905467
0.00062740549
0.00062636097
0.00062438256
0.00062363776
0.00062118963
0.00062090278
0.00061783257
0.00061814982
0.00061430206
0.00061539838
0.00061049978
0.0006120791
0.00060342079
0.0005953517
0.00057478728
0.00058273802
0.00075613561
0.0011512973
0.0021798194
0.0028728291
0.0040645803
0.0046706604
0.005794217
0.00067699472
0.0006768199
0.00067663627
0.00067644756
0.00067624931
0.00067604577
0.00067583198
0.00067561268
0.00067538234
0.00067514627
0.0006748983
0.00067464435
0.00067437757
0.00067410459
0.0006738178
0.00067352459
0.00067321653
0.00067290187
0.00067257122
0.00067223383
0.00067187925
0.0006715178
0.00067113788
0.00067075102
0.00067034433
0.00066993068
0.00066949573
0.0006690539
0.0006685892
0.00066811778
0.00066762181
0.00066711942
0.00066659065
0.00066605591
0.00066549283
0.0006649244
0.00066432549
0.00066372205
0.00066308584
0.00066244612
0.00066177119
0.00066109398
0.00066037897
0.00065966309
0.00065890678
0.00065815107
0.00065735241
0.00065655572
0.00065571388
0.00065487506
0.0006539895
0.00065310737
0.00065217792
0.00065125122
0.00065027813
0.00064930547
0.00064828942
0.00064726918
0.00064621145
0.00064514135
0.00064404419
0.00064292069
0.00064178823
0.00064060545
0.00063944502
0.00063819342
0.00063701747
0.00063568241
0.00063450936
0.00063307025
0.00063192346
0.00063035566
0.00062926273
0.00062754584
0.00062652665
0.00062464507
0.00062371153
0.00062166592
0.00062079399
0.00061862017
0.00061773084
0.00061557283
0.00061442825
0.00061265892
0.00061061143
0.00061013803
0.00060514719
0.00060154737
0.0005905001
0.00057803383
0.00063138187
0.0010245933
0.00152833
0.0027669888
0.0034054877
0.0050195899
0.0006769956
0.00067682016
0.00067663753
0.00067644813
0.00067625103
0.00067604671
0.00067583421
0.00067561401
0.00067538513
0.00067514802
0.00067490166
0.00067464652
0.00067438157
0.00067410722
0.00067382248
0.0006735277
0.00067322196
0.00067290549
0.00067257747
0.000672238
0.00067188639
0.00067152256
0.000671146
0.00067075641
0.00067035353
0.00066993675
0.00066950614
0.0006690607
0.00066860094
0.00066812538
0.00066763504
0.00066712789
0.00066660554
0.00066606534
0.00066550958
0.00066493486
0.00066434431
0.00066373366
0.00066310699
0.00066245901
0.00066179496
0.00066110826
0.00066040567
0.00065967892
0.00065893673
0.00065816863
0.00065738597
0.00065657525
0.00065575142
0.00065489686
0.00065403139
0.00065313189
0.00065222446
0.00065127913
0.00065032946
0.0006493378
0.00064834548
0.00064730739
0.00064627173
0.00064518754
0.00064410761
0.00064297777
0.00064185306
0.0006406773
0.00063950912
0.00063828584
0.00063707722
0.0006358035
0.00063455771
0.00063323262
0.00063194858
0.00063057816
0.00062924609
0.00062784646
0.0006264481
0.00062504623
0.00062354851
0.00062218833
0.00062052916
0.00061930558
0.00061734764
0.00061644973
0.00061396448
0.00061365254
0.0006103803
0.00061081196
0.00060675563
0.00060748085
0.00060185492
0.00059735521
0.00058484652
0.00061672074
0.00073237951
0.0014133114
0.0019996085
0.0037151552
0.00067699605
0.00067682034
0.00067663825
0.00067644857
0.00067625209
0.00067604748
0.00067583567
0.00067561513
0.000675387
0.00067514949
0.00067490397
0.00067464838
0.00067438433
0.00067410948
0.00067382574
0.0006735304
0.00067322575
0.00067290865
0.00067258183
0.00067224166
0.00067189136
0.00067152676
0.00067115164
0.00067076121
0.00067035989
0.00066994221
0.00066951328
0.00066906689
0.00066860893
0.00066813239
0.00066764396
0.00066713582
0.00066661548
0.00066607431
0.00066552061
0.00066494502
0.00066435654
0.00066374518
0.0006631205
0.00066247209
0.00066180982
0.00066112317
0.00066042195
0.00065969597
0.00065895449
0.00065818821
0.00065740523
0.00065659785
0.00065577213
0.00065492313
0.00065405341
0.00065316267
0.00065224752
0.00065131558
0.00065035308
0.00064938146
0.00064836882
0.00064736037
0.00064629355
0.00064525252
0.00064412624
0.00064305803
0.00064186645
0.00064077668
0.00063951476
0.00063840795
0.00063707261
0.00063595288
0.00063454054
0.00063341426
0.0006319162
0.00063079922
0.00062919568
0.00062811701
0.00062637613
0.00062537244
0.00062345561
0.00062256763
0.00062042391
0.0006197097
0.00061727459
0.00061682383
0.00061400304
0.00061390547
0.00061062942
0.00061094887
0.00060713278
0.00060796833
0.00060340349
0.00060486328
0.00059807492
0.00059438724
0.00058528204
0.00068336574
0.00093067552
0.0022969919
0.00067699621
0.00067682076
0.0006766386
0.00067644923
0.00067625268
0.00067604842
0.00067583653
0.00067561639
0.00067538815
0.00067515109
0.00067490542
0.00067465033
0.0006743861
0.00067411181
0.00067382784
0.00067353314
0.0006732282
0.00067291183
0.00067258465
0.00067224531
0.00067189457
0.00067153092
0.00067115526
0.00067076594
0.00067036395
0.00066994756
0.00066951782
0.00066907295
0.00066861399
0.00066813924
0.00066764957
0.00066714356
0.00066662168
0.00066608307
0.00066552745
0.00066495494
0.00066436406
0.00066375643
0.00066312874
0.00066248487
0.00066181882
0.00066113772
0.00066043176
0.00065971257
0.00065896512
0.0006582072
0.00065741667
0.00065661964
0.00065578433
0.00065494825
0.00065406625
0.00065319179
0.00065226075
0.00065134955
0.0006503663
0.00064942134
0.00064838147
0.00064740747
0.00064630491
0.00064530839
0.00064413555
0.00064312424
0.00064187319
0.0006408546
0.00063951898
0.00063849875
0.00063707523
0.00063605679
0.00063454334
0.00063353082
0.00063192179
0.00063092466
0.00062921022
0.00062824353
0.00062641583
0.00062548162
0.00062355027
0.00062263181
0.00062061565
0.00061970279
0.00061758446
0.00061672486
0.00061445379
0.00061368313
0.00061126267
0.0006105222
0.00060806387
0.00060716555
0.00060503049
0.00060346223
0.00060226048
0.00059909071
0.00059645018
0.00059203652
0.00061099729
0.001244715
0.00067699622
0.00067682115
0.00067663875
0.00067644982
0.00067625302
0.00067604925
0.00067583708
0.00067561749
0.00067538893
0.00067515247
0.00067490643
0.000674652
0.00067438736
0.00067411379
0.00067382935
0.00067353545
0.00067322998
0.0006729145
0.00067258672
0.00067224836
0.00067189694
0.00067153438
0.00067115797
0.00067076984
0.00067036701
0.00066995195
0.00066952127
0.00066907788
0.00066861786
0.00066814476
0.00066765392
0.00066714974
0.00066662656
0.00066608998
0.00066553293
0.00066496268
0.0006643702
0.00066376508
0.00066313563
0.00066249455
0.00066182656
0.00066114855
0.00066044045
0.00065972467
0.00065897489
0.00065822072
0.00065742764
0.00065663474
0.00065579664
0.00065496509
0.00065408004
0.00065321059
0.00065227612
0.00065137058
0.00065038335
0.00064944497
0.00064840031
0.0006474341
0.00064632572
0.00064533841
0.0006441587
0.00064315797
0.00064189939
0.00064089199
0.00063954966
0.00063853921
0.00063711286
0.00063609881
0.00063459185
0.00063357139
0.00063198744
0.00063095846
0.00062930166
0.00062826009
0.00062654476
0.00062546594
0.00062373215
0.00062256861
0.00062085869
0.00061959158
0.00061789839
0.00061656354
0.00061485078
0.00061344835
0.00061179295
0.00061016788
0.0006087696
0.00060676801
0.00060568083
0.00060329915
0.00060259345
0.00059978664
0.00059934984
0.00059613501
0.00059389261
0.00073887054
0.00067699608
0.00067682112
0.00067663874
0.00067644994
0.00067625317
0.00067604955
0.00067583743
0.00067561799
0.00067538949
0.00067515318
0.00067490722
0.00067465292
0.00067438838
0.00067411494
0.00067383062
0.00067353683
0.00067323152
0.00067291612
0.00067258854
0.00067225023
0.00067189907
0.00067153653
0.00067116043
0.00067077228
0.00067036984
0.00066995469
0.00066952451
0.00066908093
0.00066862158
0.00066814816
0.00066765817
0.00066715352
0.00066663142
0.00066609416
0.00066553849
0.00066496728
0.00066437658
0.00066377013
0.00066314296
0.00066250007
0.00066183501
0.00066115453
0.0006604502
0.00065973113
0.00065898619
0.00065822762
0.00065744077
0.00065664202
0.00065581195
0.0006549727
0.00065409789
0.00065321842
0.00065229695
0.00065137852
0.00065040761
0.00064945294
0.00064842838
0.00064744208
0.00064635789
0.00064534648
0.00064419521
0.00064316622
0.0006419405
0.00064090055
0.00063959586
0.00063854807
0.00063716502
0.00063610768
0.00063465151
0.0006335791
0.00063205738
0.00063096226
0.00062938756
0.00062825412
0.00062665574
0.00062544311
0.00062387632
0.00062252765
0.00062103506
0.00061954848
0.00061807542
0.00061656007
0.00061499387
0.00061350964
0.00061189945
0.00061030175
0.0006088032
0.00060705224
0.00060554017
0.00060384611
0.00060218012
0.00060059358
0.00059862767
0.0005975148
0.00059508344
0.00061230352
0.00067699578
0.00067682065
0.00067663856
0.00067644956
0.00067625315
0.00067604931
0.00067583759
0.0006756179
0.00067538985
0.00067515324
0.0006749078
0.00067465314
0.00067438918
0.00067411531
0.00067383166
0.00067353737
0.00067323282
0.00067291682
0.00067259011
0.0006722511
0.00067190095
0.00067153756
0.00067116264
0.00067077347
0.00067037242
0.00066995606
0.0006695275
0.0006690825
0.00066862502
0.00066814992
0.00066766214
0.00066715548
0.00066663601
0.00066609632
0.00066554379
0.00066496965
0.00066438271
0.0006637727
0.00066315007
0.0006625028
0.00066184327
0.00066115739
0.00066045985
0.00065973403
0.00065899747
0.00065823047
0.00065745399
0.00065664469
0.00065582746
0.00065497498
0.00065411611
0.00065322009
0.00065231834
0.00065137934
0.00065043262
0.00064945266
0.00064845746
0.00064744057
0.0006463914
0.00064534379
0.00064423329
0.0006431628
0.00064198294
0.0006408974
0.00063964195
0.00063854682
0.00063721365
0.00063611033
0.00063470155
0.00063358741
0.00063210833
0.00063097682
0.00062944022
0.00062827366
0.00062671186
0.00062546712
0.00062393067
0.00062256672
0.00062107191
0.00061962447
0.0006180748
0.00061669048
0.0006149491
0.00061368985
0.00061182475
0.00061052373
0.00060868645
0.00060736946
0.00060530874
0.00060433308
0.00060179565
0.00060126133
0.00059812485
0.00059844867
0.00059404898
0.00059626267
0.00067699537
0.00067681998
0.00067663825
0.00067644897
0.00067625298
0.00067604882
0.00067583758
0.00067561753
0.00067539002
0.00067515299
0.00067490815
0.00067465303
0.00067438973
0.00067411533
0.00067383243
0.00067353751
0.0006732338
0.0006729171
0.00067259133
0.00067225151
0.00067190242
0.0006715381
0.00067116438
0.00067077415
0.00067037446
0.00066995687
0.00066952988
0.00066908345
0.00066862779
0.00066815103
0.00066766535
0.00066715674
0.00066663971
0.00066609774
0.00066554805
0.00066497122
0.00066438764
0.00066377442
0.00066315577
0.00066250467
0.00066184988
0.00066115937
0.00066046754
0.00065973606
0.00065900648
0.00065823244
0.00065746459
0.00065664646
0.00065583998
0.00065497636
0.00065413093
0.00065322083
0.00065233588
0.00065137915
0.00065045337
0.00064945126
0.00064848187
0.00064743772
0.00064641982
0.00064533948
0.00064426583
0.00064315739
0.00064201928
0.00064089186
0.00063968116
0.0006385429
0.00063725416
0.00063611047
0.00063474138
0.00063359425
0.00063214588
0.00063099205
0.00062947466
0.0006283002
0.00062674006
0.00062551142
0.000623947
0.00062263964
0.00062106421
0.00061974154
0.00061803573
0.00061685102
0.00061489747
0.00061385911
0.00061180489
0.00061066992
0.00060870923
0.00060748934
0.00060539712
0.00060434086
0.00060212561
0.00060091134
0.00059897095
0.00059734188
0.00059598507
0.00059339163
0.00067699495
0.00067681938
0.00067663792
0.00067644844
0.00067625275
0.00067604839
0.00067583749
0.0006756172
0.00067539008
0.00067515279
0.00067490836
0.00067465294
0.00067439011
0.00067411536
0.00067383297
0.00067353767
0.00067323452
0.00067291737
0.00067259224
0.0006722519
0.00067190352
0.00067153862
0.00067116568
0.00067077479
0.00067037599
0.00066995765
0.00066953164
0.00066908437
0.00066862982
0.00066815209
0.00066766768
0.00066715797
0.00066664239
0.00066609914
0.00066555114
0.00066497279
0.00066439119
0.00066377617
0.00066315987
0.00066250657
0.00066185463
0.00066116141
0.00066047307
0.0006597382
0.00065901293
0.00065823464
0.00065747215
0.0006566486
0.00065584891
0.00065497828
0.00065414158
0.00065322229
0.00065234867
0.00065137984
0.00065046874
0.00064945086
0.00064850031
0.00064743591
0.00064644179
0.00064533601
0.00064429168
0.00064315222
0.00064204915
0.00064088528
0.00063971489
0.00063853562
0.00063729125
0.00063610358
0.00063478108
0.00063358908
0.00063218718
0.00063099066
0.00062951585
0.00062830386
0.00062678013
0.00062552149
0.00062398491
0.00062265606
0.00062110353
0.00061975757
0.00061809073
0.00061684688
0.00061499485
0.00061381051
0.00061196242
0.0006105738
0.00060892037
0.00060735963
0.00060566459
0.00060415679
0.00060247814
0.00060067552
0.00059933663
0.00059721937
0.00059610994
0.00059331803
0.0006769946
0.00067681896
0.00067663764
0.00067644809
0.00067625256
0.00067604812
0.00067583741
0.00067561704
0.00067539011
0.00067515273
0.00067490853
0.000674653
0.00067439041
0.00067411554
0.00067383341
0.00067353796
0.00067323509
0.00067291778
0.00067259295
0.00067225243
0.00067190437
0.00067153927
0.00067116668
0.00067077557
0.00067037714
0.00066995855
0.00066953296
0.0006690854
0.00066863132
0.00066815327
0.00066766939
0.0006671593
0.00066664432
0.00066610063
0.00066555333
0.00066497447
0.00066439368
0.00066377803
0.00066316272
0.00066250863
0.00066185791
0.00066116364
0.00066047686
0.00065974059
0.00065901734
0.00065823713
0.00065747735
0.00065665111
0.00065585509
0.00065498069
0.00065414896
0.00065322448
0.00065235752
0.00065138161
0.00065047945
0.00064945189
0.00064851333
0.00064743589
0.00064645757
0.00064533463
0.00064431069
0.00064314919
0.00064207184
0.00064088042
0.00063974162
0.00063852889
0.00063732225
0.00063609518
0.00063481639
0.00063357946
0.00063222663
0.00063098042
0.00062955912
0.00062829384
0.00062682704
0.00062551171
0.00062403666
0.00062264467
0.00062116436
0.00061973878
0.00061816951
0.00061681144
0.00061510039
0.00061375529
0.00061209129
0.00061051149
0.00060905634
0.00060730666
0.00060580155
0.00060411328
0.00060261451
0.00060066389
0.00059943563
0.00059727414
0.00059617289
0.00059337087
0.00067699433
0.00067681868
0.00067663743
0.00067644788
0.00067625243
0.00067604799
0.00067583736
0.000675617
0.00067539017
0.00067515279
0.00067490869
0.00067465316
0.00067439068
0.00067411581
0.00067383379
0.00067353834
0.00067323559
0.00067291827
0.00067259356
0.00067225303
0.00067190509
0.00067153997
0.00067116752
0.00067077638
0.0006703781
0.00066995948
0.00066953404
0.00066908644
0.00066863254
0.00066815443
0.00066767074
0.00066716059
0.00066664584
0.00066610207
0.00066555503
0.00066497605
0.00066439559
0.00066377977
0.00066316487
0.00066251054
0.00066186034
0.00066116573
0.00066047963
0.00065974284
0.00065902052
0.00065823952
0.00065748103
0.00065665362
0.00065585938
0.00065498327
0.00065415402
0.00065322702
0.00065236355
0.00065138401
0.00065048665
0.00064945404
0.00064852196
0.00064743757
0.00064646802
0.00064533561
0.0006443233
0.00064314926
0.00064208698
0.00064087938
0.00063975964
0.00063852664
0.00063734343
0.00063609176
0.00063484084
0.00063357515
0.00063225431
0.00063097546
0.00062959012
0.00062828872
0.00062686118
0.00062550676
0.00062407449
0.00062263917
0.00062120785
0.00061973075
0.00061822156
0.00061679922
0.00061516154
0.00061374203
0.00061215595
0.00061050612
0.00060911676
0.0006073149
0.00060585801
0.00060413356
0.00060266802
0.00060069953
0.00059948217
0.00059732285
0.00059622397
0.00059342489
0.00067699411
0.00067681848
0.00067663726
0.00067644773
0.00067625232
0.00067604791
0.00067583733
0.000675617
0.00067539023
0.00067515289
0.00067490884
0.00067465335
0.00067439093
0.0006741161
0.00067383414
0.00067353873
0.00067323604
0.00067291876
0.00067259411
0.00067225361
0.00067190574
0.00067154065
0.00067116826
0.00067077715
0.00067037893
0.00066996034
0.00066953497
0.0006690874
0.00066863357
0.00066815549
0.00066767188
0.00066716175
0.00066664709
0.00066610334
0.00066555642
0.00066497745
0.00066439712
0.0006637813
0.00066316657
0.00066251221
0.00066186224
0.00066116754
0.00066048176
0.00065974482
0.00065902292
0.00065824166
0.00065748376
0.00065665591
0.00065586249
0.0006549857
0.00065415759
0.00065322957
0.00065236769
0.00065138663
0.0006504915
0.00064945668
0.00064852765
0.00064744021
0.00064647464
0.0006453382
0.00064433109
0.00064315168
0.00064209619
0.00064088155
0.00063977047
0.00063852854
0.00063735605
0.00063609344
0.00063485534
0.00063357681
0.0006322706
0.0006309776
0.00062960785
0.00062829172
0.00062688043
0.00062551074
0.00062409557
0.00062264405
0.00062123142
0.00061973621
0.00061824826
0.00061680556
0.00061519084
0.00061375124
0.0006121857
0.00061052108
0.00060914559
0.00060733617
0.00060588787
0.00060415884
0.00060270089
0.00060073207
0.0005995175
0.0005973622
0.00059626524
0.00059347078
0.00067699392
0.0006768183
0.0006766371
0.0006764476
0.00067625222
0.00067604784
0.0006758373
0.00067561701
0.00067539028
0.00067515298
0.00067490898
0.00067465353
0.00067439116
0.00067411637
0.00067383446
0.00067353909
0.00067323644
0.0006729192
0.0006725946
0.00067225414
0.00067190631
0.00067154126
0.00067116891
0.00067077783
0.00067037966
0.0006699611
0.00066953578
0.00066908824
0.00066863445
0.00066815641
0.00066767285
0.00066716276
0.00066664815
0.00066610444
0.00066555758
0.00066497865
0.00066439839
0.00066378261
0.00066316797
0.00066251363
0.00066186377
0.00066116909
0.00066048345
0.0006597465
0.0006590248
0.00065824349
0.00065748584
0.0006566579
0.00065586483
0.00065498786
0.00065416021
0.0006532319
0.00065237065
0.00065138914
0.00065049484
0.00064945937
0.00064853147
0.00064744306
0.00064647906
0.00064534118
0.00064433618
0.00064315485
0.00064210199
0.00064088493
0.00063977708
0.00063853217
0.00063736356
0.0006360974
0.00063486384
0.00063358121
0.00063228012
0.00063098262
0.00062961844
0.00062829762
0.00062689206
0.00062551774
0.00062410836
0.00062265222
0.00062124566
0.0006197456
0.0006182642
0.00061681645
0.00061520835
0.00061376444
0.00061220428
0.00061053748
0.00060916531
0.00060735581
0.00060590974
0.00060418187
0.00060272542
0.00060075865
0.00059954535
0.00059739265
0.00059629724
0.00059350666
0.00067699373
0.00067681813
0.00067663696
0.00067644747
0.00067625212
0.00067604777
0.00067583726
0.000675617
0.00067539031
0.00067515304
0.00067490909
0.00067465368
0.00067439134
0.0006741166
0.00067383473
0.0006735394
0.00067323679
0.00067291959
0.00067259502
0.0006722546
0.00067190681
0.00067154179
0.00067116948
0.00067077844
0.0006703803
0.00066996177
0.00066953648
0.00066908898
0.00066863522
0.00066815722
0.00066767369
0.00066716363
0.00066664906
0.00066610538
0.00066555856
0.00066497966
0.00066439946
0.00066378371
0.00066316912
0.00066251482
0.00066186503
0.00066117038
0.00066048482
0.0006597479
0.0006590263
0.00065824502
0.00065748749
0.00065665956
0.00065586664
0.00065498967
0.00065416222
0.0006532339
0.00065237288
0.00065139133
0.00065049732
0.00064946176
0.00064853423
0.00064744568
0.00064648215
0.00064534406
0.00064433964
0.000643158
0.0006421059
0.00064088838
0.0006397815
0.00063853595
0.00063736855
0.00063610157
0.00063486944
0.00063358587
0.00063228636
0.00063098788
0.00062962535
0.00062830362
0.00062689968
0.00062552462
0.00062411681
0.00062266008
0.00062125509
0.00061975456
0.00061827477
0.00061682677
0.00061522012
0.00061377651
0.0006122174
0.0006105515
0.00060918013
0.00060737182
0.00060592667
0.0006042001
0.00060274463
0.00060077944
0.00059956722
0.0005974164
0.00059632214
0.00059353453
0.00067699355
0.00067681796
0.00067663681
0.00067644735
0.00067625202
0.00067604769
0.00067583721
0.00067561698
0.00067539032
0.00067515309
0.00067490917
0.0006746538
0.0006743915
0.00067411679
0.00067383496
0.00067353967
0.0006732371
0.00067291993
0.0006725954
0.00067225502
0.00067190725
0.00067154227
0.00067116999
0.00067077898
0.00067038086
0.00066996237
0.0006695371
0.00066908963
0.0006686359
0.00066815792
0.00066767441
0.00066716439
0.00066664984
0.0006661062
0.0006655594
0.00066498054
0.00066440036
0.00066378465
0.0006631701
0.00066251583
0.00066186608
0.00066117147
0.00066048595
0.00065974908
0.00065902753
0.00065824629
0.00065748882
0.00065666095
0.0006558681
0.00065499118
0.00065416381
0.00065323554
0.00065237462
0.00065139313
0.00065049925
0.00064946375
0.00064853637
0.00064744786
0.00064648451
0.00064534647
0.00064434226
0.00064316066
0.00064210882
0.00064089133
0.00063978475
0.00063853923
0.00063737218
0.00063610524
0.00063487349
0.00063358999
0.00063229088
0.00063099252
0.00062963039
0.00062830886
0.00062690532
0.00062553054
0.00062412313
0.00062266675
0.00062126223
0.00061976208
0.00061828281
0.00061683529
0.00061522916
0.00061378618
0.00061222759
0.00061056247
0.00060919171
0.00060738427
0.00060593984
0.00060421431
0.00060275961
0.00060079566
0.00059958432
0.00059743494
0.00059634157
0.00059355623
0.00067699338
0.0006768178
0.00067663666
0.00067644722
0.00067625191
0.00067604761
0.00067583716
0.00067561696
0.00067539032
0.00067515313
0.00067490924
0.0006746539
0.00067439163
0.00067411696
0.00067383516
0.0006735399
0.00067323737
0.00067292024
0.00067259574
0.00067225539
0.00067190765
0.0006715427
0.00067117044
0.00067077946
0.00067038137
0.0006699629
0.00066953766
0.00066909021
0.0006686365
0.00066815854
0.00066767506
0.00066716506
0.00066665053
0.00066610691
0.00066556014
0.0006649813
0.00066440115
0.00066378546
0.00066317093
0.00066251669
0.00066186697
0.0006611724
0.00066048691
0.00065975007
0.00065902855
0.00065824735
0.00065748993
0.0006566621
0.00065586929
0.00065499243
0.00065416511
0.00065323689
0.00065237604
0.0006513946
0.0006505008
0.00064946535
0.00064853807
0.00064744964
0.00064648638
0.00064534843
0.00064434433
0.00064316282
0.00064211111
0.00064089372
0.0006397873
0.00063854189
0.000637375
0.00063610819
0.00063487664
0.00063359329
0.0006322944
0.00063099622
0.00062963431
0.00062831302
0.00062690971
0.00062553522
0.00062412807
0.00062267201
0.0006212678
0.00061976801
0.0006182891
0.000616842
0.00061523624
0.00061379379
0.00061223559
0.00061057108
0.00060920081
0.00060739402
0.00060595017
0.00060422545
0.00060277134
0.00060080834
0.00059959771
0.00059744944
0.00059635677
0.00059357319
0.00067699321
0.00067681765
0.00067663652
0.0006764471
0.00067625181
0.00067604753
0.0006758371
0.00067561693
0.00067539032
0.00067515315
0.00067490929
0.00067465398
0.00067439175
0.00067411711
0.00067383534
0.00067354012
0.00067323762
0.00067292052
0.00067259605
0.00067225572
0.00067190802
0.00067154309
0.00067117086
0.0006707799
0.00067038184
0.00066996339
0.00066953817
0.00066909074
0.00066863705
0.00066815911
0.00066767565
0.00066716566
0.00066665115
0.00066610755
0.00066556079
0.00066498197
0.00066440184
0.00066378617
0.00066317166
0.00066251744
0.00066186775
0.00066117319
0.00066048773
0.00065975092
0.00065902942
0.00065824826
0.00065749086
0.00065666306
0.00065587029
0.00065499346
0.00065416619
0.00065323801
0.0006523772
0.00065139581
0.00065050206
0.00064946667
0.00064853944
0.00064745107
0.00064648789
0.00064535
0.00064434599
0.00064316456
0.00064211294
0.00064089563
0.00063978932
0.000638544
0.00063737725
0.00063611055
0.00063487913
0.00063359592
0.00063229718
0.00063099916
0.00062963741
0.00062831632
0.00062691318
0.00062553892
0.00062413197
0.00062267616
0.00062127219
0.00061977268
0.00061829404
0.00061684728
0.0006152418
0.00061379977
0.00061224188
0.00061057784
0.00060920797
0.00060740168
0.00060595829
0.00060423419
0.00060278055
0.00060081829
0.00059960822
0.00059746081
0.00059636868
0.00059358647
0.00067699305
0.00067681751
0.00067663639
0.00067644698
0.00067625171
0.00067604745
0.00067583705
0.00067561689
0.00067539031
0.00067515317
0.00067490934
0.00067465406
0.00067439186
0.00067411725
0.00067383551
0.00067354032
0.00067323785
0.00067292077
0.00067259633
0.00067225604
0.00067190836
0.00067154346
0.00067117125
0.00067078032
0.00067038227
0.00066996385
0.00066953864
0.00066909123
0.00066863756
0.00066815964
0.00066767619
0.00066716622
0.00066665172
0.00066610813
0.00066556139
0.00066498258
0.00066440246
0.00066378681
0.00066317231
0.00066251811
0.00066186843
0.00066117389
0.00066048844
0.00065975165
0.00065903018
0.00065824903
0.00065749166
0.00065666388
0.00065587113
0.00065499434
0.00065416709
0.00065323894
0.00065237816
0.00065139681
0.0006505031
0.00064946775
0.00064854057
0.00064745225
0.00064648911
0.00064535128
0.00064434733
0.00064316595
0.00064211441
0.00064089717
0.00063979094
0.0006385457
0.00063737904
0.00063611242
0.00063488112
0.000633598
0.00063229938
0.00063100149
0.00062963987
0.00062831893
0.00062691592
0.00062554185
0.00062413504
0.00062267944
0.00062127566
0.00061977635
0.00061829795
0.00061685144
0.00061524619
0.00061380449
0.00061224684
0.00061058316
0.00060921362
0.00060740769
0.00060596468
0.00060424106
0.00060278779
0.0006008261
0.00059961649
0.00059746973
0.00059637803
0.00059359688
0.00067699291
0.00067681737
0.00067663627
0.00067644688
0.00067625162
0.00067604738
0.00067583699
0.00067561686
0.0006753903
0.00067515319
0.00067490938
0.00067465413
0.00067439196
0.00067411737
0.00067383567
0.0006735405
0.00067323806
0.00067292102
0.0006725966
0.00067225633
0.00067190868
0.00067154381
0.00067117162
0.00067078071
0.00067038269
0.00066996428
0.00066953909
0.0006690917
0.00066863804
0.00066816013
0.00066767669
0.00066716674
0.00066665225
0.00066610868
0.00066556194
0.00066498315
0.00066440304
0.00066378739
0.00066317291
0.00066251872
0.00066186904
0.00066117452
0.00066048908
0.0006597523
0.00065903084
0.00065824971
0.00065749235
0.0006566646
0.00065587186
0.00065499508
0.00065416785
0.00065323973
0.00065237898
0.00065139765
0.00065050397
0.00064946865
0.0006485415
0.00064745321
0.00064649012
0.00064535232
0.00064434842
0.00064316708
0.0006421156
0.0006408984
0.00063979225
0.00063854705
0.00063738048
0.00063611392
0.00063488271
0.00063359966
0.00063230114
0.00063100334
0.00062964182
0.00062832099
0.00062691809
0.00062554416
0.00062413748
0.00062268203
0.0006212784
0.00061977925
0.00061830104
0.00061685471
0.00061524965
0.00061380821
0.00061225074
0.00061058735
0.00060921807
0.00060741242
0.00060596971
0.00060424646
0.00060279349
0.00060083223
0.00059962299
0.00059747673
0.00059638537
0.00059360504
0.00067699278
0.00067681725
0.00067663616
0.00067644678
0.00067625154
0.00067604732
0.00067583695
0.00067561684
0.0006753903
0.0006751532
0.00067490942
0.0006746542
0.00067439205
0.00067411749
0.00067383581
0.00067354068
0.00067323826
0.00067292125
0.00067259686
0.00067225662
0.00067190899
0.00067154414
0.00067117198
0.00067078109
0.00067038308
0.0006699647
0.00066953953
0.00066909215
0.0006686385
0.00066816061
0.00066767718
0.00066716724
0.00066665276
0.0006661092
0.00066556247
0.00066498368
0.00066440358
0.00066378794
0.00066317346
0.00066251928
0.00066186961
0.0006611751
0.00066048967
0.0006597529
0.00065903144
0.00065825032
0.00065749297
0.00065666522
0.0006558725
0.00065499574
0.00065416852
0.00065324041
0.00065237967
0.00065139837
0.0006505047
0.00064946941
0.00064854228
0.00064745401
0.00064649095
0.00064535318
0.00064434931
0.00064316801
0.00064211657
0.00064089941
0.0006397933
0.00063854814
0.00063738164
0.00063611511
0.00063488398
0.00063360098
0.00063230255
0.0006310048
0.00062964337
0.00062832263
0.00062691981
0.00062554599
0.0006241394
0.00062268407
0.00062128057
0.00061978153
0.00061830347
0.00061685729
0.00061525237
0.00061381114
0.00061225381
0.00061059064
0.00060922157
0.00060741613
0.00060597368
0.0006042507
0.00060279797
0.00060083704
0.00059962812
0.00059748222
0.00059639114
0.00059361145
0.00067699265
0.00067681714
0.00067663606
0.00067644669
0.00067625147
0.00067604726
0.00067583691
0.00067561682
0.0006753903
0.00067515323
0.00067490947
0.00067465427
0.00067439214
0.00067411761
0.00067383596
0.00067354085
0.00067323846
0.00067292147
0.00067259711
0.0006722569
0.00067190929
0.00067154446
0.00067117232
0.00067078146
0.00067038347
0.0006699651
0.00066953995
0.00066909258
0.00066863895
0.00066816107
0.00066767765
0.00066716772
0.00066665325
0.00066610969
0.00066556297
0.0006649842
0.00066440409
0.00066378847
0.00066317399
0.00066251982
0.00066187015
0.00066117564
0.00066049021
0.00065975345
0.00065903199
0.00065825088
0.00065749353
0.00065666579
0.00065587307
0.00065499632
0.00065416911
0.00065324101
0.00065238028
0.00065139899
0.00065050533
0.00064947005
0.00064854294
0.00064745469
0.00064649165
0.00064535389
0.00064435006
0.00064316877
0.00064211737
0.00064090022
0.00063979417
0.00063854902
0.00063738258
0.00063611608
0.00063488501
0.00063360204
0.00063230367
0.00063100597
0.0006296446
0.00062832393
0.00062692118
0.00062554744
0.00062414092
0.00062268568
0.00062128228
0.00061978333
0.0006183054
0.00061685932
0.00061525451
0.00061381344
0.00061225621
0.00061059322
0.00060922433
0.00060741902
0.00060597679
0.00060425402
0.00060280147
0.0006008408
0.00059963213
0.00059748651
0.00059639564
0.00059361644
0.00067699255
0.00067681704
0.00067663598
0.00067644662
0.00067625141
0.00067604722
0.00067583688
0.00067561681
0.00067539031
0.00067515326
0.00067490952
0.00067465434
0.00067439224
0.00067411774
0.00067383611
0.00067354102
0.00067323866
0.00067292169
0.00067259736
0.00067225717
0.00067190959
0.00067154478
0.00067117266
0.00067078182
0.00067038385
0.0006699655
0.00066954036
0.00066909301
0.00066863939
0.00066816153
0.00066767812
0.00066716819
0.00066665373
0.00066611018
0.00066556347
0.0006649847
0.0006644046
0.00066378897
0.0006631745
0.00066252033
0.00066187066
0.00066117616
0.00066049072
0.00065975397
0.00065903251
0.0006582514
0.00065749405
0.00065666632
0.0006558736
0.00065499685
0.00065416964
0.00065324155
0.00065238082
0.00065139954
0.00065050589
0.00064947061
0.00064854351
0.00064745527
0.00064649225
0.0006453545
0.00064435069
0.0006431694
0.00064211803
0.00064090089
0.00063979488
0.00063854974
0.00063738334
0.00063611685
0.00063488584
0.00063360288
0.00063230457
0.0006310069
0.00062964559
0.00062832496
0.00062692226
0.00062554859
0.00062414212
0.00062268695
0.00062128363
0.00061978473
0.00061830691
0.0006168609
0.0006152562
0.00061381526
0.00061225811
0.00061059526
0.00060922651
0.0006074213
0.00060597927
0.00060425665
0.00060280426
0.00060084379
0.00059963533
0.00059748991
0.00059639921
0.0005936204
0.00067699245
0.00067681696
0.0006766359
0.00067644656
0.00067625136
0.00067604718
0.00067583686
0.0006756168
0.00067539032
0.00067515329
0.00067490957
0.00067465442
0.00067439234
0.00067411786
0.00067383625
0.00067354119
0.00067323885
0.00067292192
0.0006725976
0.00067225744
0.00067190988
0.0006715451
0.000671173
0.00067078218
0.00067038422
0.00066996589
0.00066954077
0.00066909344
0.00066863983
0.00066816198
0.00066767858
0.00066716867
0.00066665421
0.00066611067
0.00066556396
0.00066498519
0.00066440509
0.00066378947
0.000663175
0.00066252083
0.00066187116
0.00066117666
0.00066049122
0.00065975447
0.00065903301
0.0006582519
0.00065749454
0.00065666681
0.00065587409
0.00065499734
0.00065417013
0.00065324204
0.00065238131
0.00065140003
0.00065050638
0.00064947111
0.00064854402
0.00064745578
0.00064649277
0.00064535502
0.00064435123
0.00064316994
0.00064211859
0.00064090145
0.00063979547
0.00063855033
0.00063738397
0.00063611748
0.00063488651
0.00063360356
0.0006323053
0.00063100765
0.00062964638
0.00062832579
0.00062692312
0.0006255495
0.00062414307
0.00062268795
0.0006212847
0.00061978584
0.00061830812
0.00061686215
0.00061525752
0.00061381669
0.00061225959
0.00061059686
0.00060922823
0.00060742307
0.0006059812
0.00060425869
0.00060280642
0.0006008461
0.00059963782
0.00059749256
0.000596402
0.00059362349
0.00067699238
0.00067681689
0.00067663584
0.00067644651
0.00067625133
0.00067604716
0.00067583685
0.00067561681
0.00067539035
0.00067515334
0.00067490964
0.0006746545
0.00067439245
0.00067411799
0.0006738364
0.00067354137
0.00067323905
0.00067292214
0.00067259785
0.00067225771
0.00067191017
0.00067154541
0.00067117334
0.00067078253
0.0006703846
0.00066996629
0.00066954118
0.00066909387
0.00066864027
0.00066816243
0.00066767904
0.00066716914
0.00066665469
0.00066611116
0.00066556445
0.00066498569
0.00066440559
0.00066378997
0.0006631755
0.00066252133
0.00066187166
0.00066117716
0.00066049171
0.00065975496
0.00065903349
0.00065825238
0.00065749502
0.00065666729
0.00065587456
0.00065499781
0.00065417059
0.0006532425
0.00065238177
0.00065140049
0.00065050683
0.00064947156
0.00064854447
0.00064745623
0.00064649323
0.00064535547
0.00064435169
0.00064317039
0.00064211907
0.00064090192
0.00063979597
0.00063855082
0.00063738449
0.000636118
0.00063488707
0.00063360411
0.00063230589
0.00063100824
0.000629647
0.00062832644
0.0006269238
0.00062555021
0.00062414383
0.00062268873
0.00062128555
0.0006197867
0.00061830906
0.00061686312
0.00061525855
0.0006138178
0.00061226073
0.00061059809
0.00060922956
0.00060742443
0.00060598271
0.00060426028
0.0006028081
0.00060084789
0.00059963976
0.00059749459
0.00059640415
0.00059362586
0.00067699231
0.00067681684
0.0006766358
0.00067644648
0.00067625131
0.00067604715
0.00067583686
0.00067561683
0.00067539039
0.00067515339
0.00067490971
0.0006746546
0.00067439256
0.00067411812
0.00067383656
0.00067354155
0.00067323925
0.00067292236
0.0006725981
0.00067225798
0.00067191047
0.00067154573
0.00067117368
0.0006707829
0.00067038498
0.00066996669
0.0006695416
0.0006690943
0.00066864072
0.00066816289
0.00066767951
0.00066716962
0.00066665518
0.00066611165
0.00066556494
0.00066498619
0.00066440609
0.00066379048
0.000663176
0.00066252183
0.00066187215
0.00066117765
0.0006604922
0.00065975544
0.00065903397
0.00065825286
0.00065749549
0.00065666775
0.00065587501
0.00065499826
0.00065417103
0.00065324294
0.0006523822
0.00065140091
0.00065050726
0.00064947198
0.00064854489
0.00064745663
0.00064649364
0.00064535587
0.00064435211
0.00064317079
0.00064211949
0.00064090232
0.00063979639
0.00063855123
0.00063738493
0.00063611842
0.00063488752
0.00063360456
0.00063230637
0.00063100872
0.00062964751
0.00062832696
0.00062692434
0.00062555078
0.00062414441
0.00062268935
0.00062128621
0.00061978736
0.0006183098
0.00061686387
0.00061525935
0.00061381867
0.00061226162
0.00061059905
0.00060923061
0.00060742547
0.00060598389
0.0006042615
0.0006028094
0.00060084927
0.00059964128
0.00059749617
0.00059640582
0.0005936277
0.00067699226
0.00067681679
0.00067663577
0.00067644646
0.0006762513
0.00067604716
0.00067583688
0.00067561687
0.00067539043
0.00067515346
0.00067490979
0.0006746547
0.00067439268
0.00067411826
0.00067383672
0.00067354173
0.00067323946
0.00067292259
0.00067259835
0.00067225826
0.00067191077
0.00067154606
0.00067117402
0.00067078326
0.00067038537
0.00066996709
0.00066954202
0.00066909474
0.00066864117
0.00066816336
0.00066767999
0.0006671701
0.00066665567
0.00066611215
0.00066556545
0.0006649867
0.0006644066
0.00066379099
0.00066317651
0.00066252234
0.00066187266
0.00066117815
0.0006604927
0.00065975593
0.00065903445
0.00065825334
0.00065749595
0.00065666821
0.00065587546
0.0006549987
0.00065417146
0.00065324337
0.00065238261
0.00065140132
0.00065050766
0.00064947237
0.00064854527
0.00064745701
0.00064649402
0.00064535623
0.00064435248
0.00064317115
0.00064211986
0.00064090267
0.00063979676
0.00063855157
0.00063738531
0.00063611877
0.00063488791
0.00063360492
0.00063230676
0.0006310091
0.00062964792
0.00062832737
0.00062692476
0.00062555123
0.00062414487
0.00062268982
0.00062128672
0.00061978787
0.00061831037
0.00061686444
0.00061525996
0.00061381935
0.00061226229
0.00061059978
0.00060923141
0.00060742626
0.0006059848
0.00060426244
0.0006028104
0.00060085033
0.00059964246
0.00059749738
0.00059640711
0.00059362912
0.00067699223
0.00067681677
0.00067663575
0.00067644645
0.0006762513
0.00067604717
0.00067583691
0.00067561691
0.00067539049
0.00067515353
0.00067490988
0.00067465481
0.00067439281
0.00067411841
0.00067383689
0.00067354193
0.00067323968
0.00067292283
0.00067259861
0.00067225854
0.00067191107
0.00067154638
0.00067117437
0.00067078363
0.00067038576
0.0006699675
0.00066954245
0.00066909518
0.00066864163
0.00066816383
0.00066768047
0.0006671706
0.00066665618
0.00066611266
0.00066556596
0.00066498722
0.00066440712
0.00066379151
0.00066317703
0.00066252286
0.00066187317
0.00066117866
0.0006604932
0.00065975643
0.00065903494
0.00065825382
0.00065749642
0.00065666868
0.00065587591
0.00065499915
0.00065417189
0.00065324379
0.00065238302
0.00065140172
0.00065050805
0.00064947275
0.00064854565
0.00064745737
0.00064649437
0.00064535657
0.00064435282
0.00064317146
0.0006421202
0.00064090297
0.00063979709
0.00063855187
0.00063738563
0.00063611907
0.00063488823
0.00063360522
0.00063230708
0.00063100941
0.00062964825
0.0006283277
0.0006269251
0.00062555158
0.00062414523
0.00062269019
0.00062128712
0.00061978825
0.00061831082
0.00061686487
0.00061526042
0.00061381986
0.00061226279
0.00061060034
0.00060923203
0.00060742684
0.0006059855
0.00060426315
0.00060281115
0.00060085113
0.00059964336
0.0005974983
0.00059640809
0.00059363019
0.00067699221
0.00067681675
0.00067663575
0.00067644646
0.00067625132
0.0006760472
0.00067583695
0.00067561697
0.00067539056
0.00067515362
0.00067490999
0.00067465493
0.00067439295
0.00067411857
0.00067383707
0.00067354213
0.0006732399
0.00067292308
0.00067259888
0.00067225883
0.00067191138
0.00067154672
0.00067117472
0.00067078401
0.00067038616
0.00066996792
0.00066954288
0.00066909564
0.0006686421
0.00066816432
0.00066768097
0.00066717111
0.00066665669
0.00066611319
0.0006655665
0.00066498776
0.00066440766
0.00066379205
0.00066317756
0.0006625234
0.0006618737
0.00066117919
0.00066049372
0.00065975694
0.00065903544
0.00065825431
0.0006574969
0.00065666915
0.00065587636
0.00065499959
0.00065417232
0.00065324421
0.00065238343
0.00065140211
0.00065050843
0.00064947311
0.00064854601
0.00064745771
0.00064649472
0.00064535689
0.00064435315
0.00064317176
0.00064212051
0.00064090325
0.00063979739
0.00063855213
0.00063738592
0.00063611932
0.0006348885
0.00063360547
0.00063230735
0.00063100966
0.00062964851
0.00062832796
0.00062692536
0.00062555185
0.0006241455
0.00062269046
0.00062128744
0.00061978852
0.00061831117
0.00061686519
0.00061526076
0.00061382025
0.00061226314
0.00061060075
0.0006092325
0.00060742725
0.00060598603
0.00060426368
0.0006028117
0.00060085172
0.00059964404
0.00059749897
0.00059640881
0.00059363098
0.0006769922
0.00067681676
0.00067663576
0.00067644648
0.00067625135
0.00067604725
0.000675837
0.00067561704
0.00067539065
0.00067515372
0.0006749101
0.00067465506
0.0006743931
0.00067411874
0.00067383726
0.00067354234
0.00067324013
0.00067292333
0.00067259915
0.00067225913
0.0006719117
0.00067154706
0.00067117509
0.0006707844
0.00067038657
0.00066996835
0.00066954333
0.00066909611
0.00066864258
0.00066816482
0.00066768148
0.00066717164
0.00066665723
0.00066611374
0.00066556704
0.00066498831
0.00066440822
0.00066379261
0.00066317812
0.00066252395
0.00066187425
0.00066117973
0.00066049425
0.00065975747
0.00065903595
0.00065825482
0.00065749739
0.00065666963
0.00065587683
0.00065500005
0.00065417276
0.00065324463
0.00065238384
0.00065140251
0.00065050881
0.00064947348
0.00064854636
0.00064745804
0.00064649505
0.00064535719
0.00064435346
0.00064317204
0.0006421208
0.0006409035
0.00063979766
0.00063855236
0.00063738617
0.00063611953
0.00063488875
0.00063360567
0.00063230758
0.00063100986
0.00062964872
0.00062832817
0.00062692556
0.00062555207
0.00062414571
0.00062269067
0.00062128767
0.00061978871
0.00061831143
0.0006168654
0.000615261
0.00061382054
0.00061226338
0.00061060104
0.00060923284
0.00060742752
0.00060598641
0.00060426406
0.00060281209
0.00060085213
0.00059964454
0.00059749945
0.00059640933
0.00059363155
0.0006769922
0.00067681677
0.00067663578
0.00067644651
0.00067625139
0.0006760473
0.00067583707
0.00067561712
0.00067539074
0.00067515383
0.00067491023
0.00067465521
0.00067439326
0.00067411893
0.00067383747
0.00067354256
0.00067324037
0.0006729236
0.00067259944
0.00067225944
0.00067191204
0.00067154742
0.00067117547
0.0006707848
0.00067038699
0.0006699688
0.0006695438
0.00066909659
0.00066864308
0.00066816533
0.00066768201
0.00066717218
0.00066665778
0.0006661143
0.00066556761
0.00066498889
0.00066440879
0.00066379319
0.0006631787
0.00066252453
0.00066187482
0.0006611803
0.0006604948
0.00065975802
0.00065903648
0.00065825534
0.0006574979
0.00065667013
0.00065587731
0.00065500052
0.0006541732
0.00065324507
0.00065238425
0.00065140291
0.0006505092
0.00064947385
0.00064854672
0.00064745837
0.00064649538
0.00064535749
0.00064435376
0.0006431723
0.00064212107
0.00064090374
0.00063979791
0.00063855258
0.0006373864
0.00063611972
0.00063488896
0.00063360585
0.00063230778
0.00063101002
0.00062964889
0.00062832833
0.00062692571
0.00062555223
0.00062414586
0.00062269082
0.00062128785
0.00061978884
0.00061831162
0.00061686555
0.00061526116
0.00061382075
0.00061226353
0.00061060124
0.00060923308
0.00060742768
0.00060598669
0.00060426431
0.00060281235
0.00060085241
0.0005996449
0.00059749977
0.00059640969
0.00059363194
0.00067699222
0.00067681679
0.00067663581
0.00067644656
0.00067625145
0.00067604737
0.00067583715
0.00067561721
0.00067539085
0.00067515396
0.00067491037
0.00067465537
0.00067439344
0.00067411912
0.00067383768
0.0006735428
0.00067324063
0.00067292388
0.00067259974
0.00067225977
0.00067191239
0.00067154779
0.00067117587
0.00067078522
0.00067038743
0.00066996926
0.00066954428
0.00066909709
0.0006686436
0.00066816587
0.00066768257
0.00066717275
0.00066665836
0.00066611489
0.00066556821
0.00066498949
0.0006644094
0.0006637938
0.0006631793
0.00066252513
0.00066187541
0.00066118089
0.00066049538
0.00065975859
0.00065903704
0.00065825589
0.00065749843
0.00065667065
0.00065587781
0.00065500101
0.00065417367
0.00065324552
0.00065238468
0.00065140332
0.00065050959
0.00064947422
0.00064854708
0.00064745871
0.00064649571
0.00064535778
0.00064435406
0.00064317256
0.00064212135
0.00064090396
0.00063979816
0.00063855277
0.00063738662
0.00063611989
0.00063488915
0.000633606
0.00063230795
0.00063101016
0.00062964904
0.00062832846
0.00062692583
0.00062555236
0.00062414597
0.00062269092
0.00062128797
0.0006197889
0.00061831175
0.00061686563
0.00061526126
0.00061382089
0.00061226361
0.00061060137
0.00060923324
0.00060742774
0.00060598687
0.00060426446
0.00060281249
0.00060085258
0.00059964514
0.00059749996
0.00059640992
0.00059363218
0.00067699224
0.00067681683
0.00067663586
0.00067644661
0.00067625152
0.00067604745
0.00067583725
0.00067561732
0.00067539097
0.00067515409
0.00067491053
0.00067465554
0.00067439363
0.00067411933
0.00067383791
0.00067354305
0.0006732409
0.00067292417
0.00067260006
0.00067226011
0.00067191275
0.00067154818
0.00067117628
0.00067078566
0.00067038789
0.00066996974
0.00066954479
0.00066909762
0.00066864415
0.00066816644
0.00066768315
0.00066717334
0.00066665897
0.00066611551
0.00066556883
0.00066499012
0.00066441003
0.00066379443
0.00066317993
0.00066252576
0.00066187604
0.00066118151
0.00066049599
0.0006597592
0.00065903763
0.00065825647
0.00065749898
0.00065667119
0.00065587833
0.00065500151
0.00065417416
0.00065324599
0.00065238513
0.00065140375
0.00065051
0.00064947461
0.00064854746
0.00064745905
0.00064649605
0.00064535809
0.00064435437
0.00064317282
0.00064212162
0.00064090419
0.0006397984
0.00063855296
0.00063738684
0.00063612005
0.00063488934
0.00063360613
0.0006323081
0.00063101027
0.00062964916
0.00062832857
0.00062692592
0.00062555245
0.00062414604
0.00062269098
0.00062128806
0.00061978893
0.00061831185
0.00061686567
0.0006152613
0.00061382098
0.00061226362
0.00061060143
0.00060923334
0.00060742774
0.00060598699
0.00060426454
0.00060281256
0.00060085266
0.00059964529
0.00059750005
0.00059641004
0.0005936323
0.00067699214
0.00067681673
0.00067663577
0.00067644653
0.00067625144
0.00067604739
0.00067583719
0.00067561728
0.00067539094
0.00067515407
0.00067491052
0.00067465555
0.00067439365
0.00067411937
0.00067383797
0.00067354313
0.000673241
0.00067292429
0.0006726002
0.00067226027
0.00067191293
0.00067154839
0.0006711765
0.00067078591
0.00067038816
0.00066997004
0.0006695451
0.00066909796
0.00066864451
0.00066816682
0.00066768354
0.00066717376
0.00066665939
0.00066611594
0.00066556928
0.00066499057
0.00066441048
0.00066379489
0.00066318038
0.00066252622
0.00066187648
0.00066118195
0.00066049641
0.00065975961
0.00065903802
0.00065825686
0.00065749934
0.00065667154
0.00065587865
0.00065500182
0.00065417443
0.00065324625
0.00065238536
0.00065140397
0.00065051019
0.00064947477
0.0006485476
0.00064745916
0.00064649615
0.00064535814
0.00064435443
0.00064317283
0.00064212164
0.00064090415
0.00063979838
0.00063855288
0.00063738678
0.00063611993
0.00063488924
0.00063360597
0.00063230797
0.00063101009
0.00062964899
0.00062832837
0.0006269257
0.00062555224
0.00062414579
0.00062269074
0.00062128781
0.00061978863
0.0006183116
0.00061686535
0.000615261
0.00061382071
0.00061226326
0.00061060113
0.00060923305
0.00060742735
0.0006059867
0.00060426422
0.0006028122
0.00060085233
0.000599645
0.00059749972
0.00059640972
0.00059363195
)
;

boundaryField
{
    inlet
    {
        type            calculated;
        value           uniform 0.0007098;
    }
    outlet
    {
        type            calculated;
        value           nonuniform List<scalar> 
80
(
2.9775454e-05
0.00023194126
0.00042053972
0.00061681757
0.00083063409
0.0010589576
0.0013005964
0.001555053
0.0018221272
0.0021017489
0.0023938954
0.0026985435
0.0030156376
0.0033450646
0.0036866319
0.0040400458
0.0044048905
0.0047806042
0.0051664549
0.0055615131
0.0059646227
0.0063743693
0.0067890464
0.0072066192
0.0076246859
0.0080404365
0.0084506094
0.0088514806
0.0092389055
0.009608043
0.0099534393
0.010268984
0.010547854
0.010769111
0.010893496
0.010931367
0.010886605
0.010755671
0.010528644
0.010192501
0.009737194
0.0091641437
0.008494389
0.0077711752
0.0070522491
0.0063908245
0.0057928218
0.0050195899
0.0037151552
0.0022969919
0.001244715
0.00073887054
0.00061230352
0.00059626267
0.00059339163
0.00059331803
0.00059337087
0.00059342489
0.00059347078
0.00059350666
0.00059353453
0.00059355623
0.00059357319
0.00059358647
0.00059359688
0.00059360504
0.00059361145
0.00059361644
0.0005936204
0.00059362349
0.00059362586
0.0005936277
0.00059362912
0.00059363019
0.00059363098
0.00059363155
0.00059363194
0.00059363218
0.0005936323
0.00059363195
)
;
    }
    top
    {
        type            calculated;
        value           nonuniform List<scalar> 
110
(
0.00070375364
0.00069558776
0.00069011252
0.00068633648
0.00068368337
0.00068178777
0.00068042581
0.00067943397
0.00067871346
0.0006781833
0.000677796
0.0006775094
0.00067729942
0.00067714355
0.00067699214
0.00067681673
0.00067663577
0.00067644653
0.00067625144
0.00067604739
0.00067583719
0.00067561728
0.00067539094
0.00067515407
0.00067491052
0.00067465555
0.00067439365
0.00067411937
0.00067383797
0.00067354313
0.000673241
0.00067292429
0.0006726002
0.00067226027
0.00067191293
0.00067154839
0.0006711765
0.00067078591
0.00067038816
0.00066997004
0.0006695451
0.00066909796
0.00066864451
0.00066816682
0.00066768354
0.00066717376
0.00066665939
0.00066611594
0.00066556928
0.00066499057
0.00066441048
0.00066379489
0.00066318038
0.00066252622
0.00066187648
0.00066118195
0.00066049641
0.00065975961
0.00065903802
0.00065825686
0.00065749934
0.00065667154
0.00065587865
0.00065500182
0.00065417443
0.00065324625
0.00065238536
0.00065140397
0.00065051019
0.00064947477
0.0006485476
0.00064745916
0.00064649615
0.00064535814
0.00064435443
0.00064317283
0.00064212164
0.00064090415
0.00063979838
0.00063855288
0.00063738678
0.00063611993
0.00063488924
0.00063360597
0.00063230797
0.00063101009
0.00062964899
0.00062832837
0.0006269257
0.00062555224
0.00062414579
0.00062269074
0.00062128781
0.00061978863
0.0006183116
0.00061686535
0.000615261
0.00061382071
0.00061226326
0.00061060113
0.00060923305
0.00060742735
0.0006059867
0.00060426422
0.0006028122
0.00060085233
0.000599645
0.00059749972
0.00059640972
0.00059363195
)
;
    }
    upstreamWall
    {
        type            symmetryPlane;
    }
    plate
    {
        type            nutkWallFunction;
        blending        stepwise;
        value           nonuniform List<scalar> 
96
(
0
9.0074309e-06
1.2671449e-05
1.2235632e-05
1.0916843e-05
9.8594584e-06
9.8016673e-06
9.9785252e-06
1.0257472e-05
1.0324817e-05
1.0282851e-05
1.0165597e-05
1.0009369e-05
9.8424753e-06
9.6677351e-06
9.4876772e-06
9.3107618e-06
9.1381409e-06
8.9695529e-06
8.8060533e-06
8.6482907e-06
8.4958045e-06
8.3510386e-06
8.2123613e-06
8.0781824e-06
7.948235e-06
7.822408e-06
7.7011788e-06
7.5849118e-06
7.4719722e-06
7.3622564e-06
7.2552233e-06
7.1518415e-06
7.0512877e-06
6.9534555e-06
6.8577159e-06
6.7643731e-06
6.6735171e-06
6.584504e-06
6.4973663e-06
6.4121049e-06
6.3287189e-06
6.246709e-06
6.1661697e-06
6.0872231e-06
6.0096601e-06
5.9332465e-06
5.8581292e-06
5.784251e-06
5.7114148e-06
5.6396331e-06
5.5688803e-06
5.499037e-06
5.4301781e-06
5.3621037e-06
5.294883e-06
5.2285285e-06
5.1628152e-06
5.0978845e-06
5.033684e-06
4.9700968e-06
4.9071942e-06
4.8448776e-06
4.7832148e-06
4.7220431e-06
4.6615672e-06
4.601509e-06
4.542059e-06
4.4830559e-06
4.4245988e-06
4.3665215e-06
4.30904e-06
4.2518425e-06
4.1952658e-06
4.1389105e-06
4.0831826e-06
4.0276024e-06
3.972703e-06
3.9178483e-06
3.8637431e-06
3.809583e-06
3.7562178e-06
3.702722e-06
3.6500811e-06
3.5971968e-06
3.5452734e-06
3.492955e-06
3.441724e-06
3.3899463e-06
3.3393969e-06
3.2880223e-06
3.2382108e-06
3.1874197e-06
3.1356512e-06
3.0949619e-06
3.013389e-06
)
;
    }
    frontAndBack
    {
        type            empty;
    }
}


// ************************************************************************* //
