/*--------------------------------*- C++ -*----------------------------------*\
| =========                 |                                                 |
| \\      /  F ield         | OpenFOAM: The Open Source CFD Toolbox           |
|  \\    /   O peration     | Version:  2512                                  |
|   \\  /    A nd           | Website:  www.openfoam.com                      |
|    \\/     M anipulation  |                                                 |
\*---------------------------------------------------------------------------*/
FoamFile
{
    version     2.0;
    format      ascii;
    arch        "LSB;label=32;scalar=64";
    class       surfaceScalarField;
    location    "0.149987";
    object      phi;
}
// * * * * * * * * * * * * * * * * * * * * * * * * * * * * * * * * * * * * * //

dimensions      [1 0 -1 0 0 0 0];

oriented        oriented;

internalField   nonuniform List<scalar> 
17410
(
0.000180538
1.0584939e-08
0.0001805173
2.0697622e-08
0.00018048759
2.971114e-08
0.00018045128
3.6315132e-08
0.00018040981
4.1468159e-08
0.0001803639
4.5905314e-08
0.00018031363
5.0272196e-08
0.0001802577
5.5928004e-08
0.00018019726
6.0440944e-08
0.00018011959
7.7669151e-08
0.00018006479
5.4797073e-08
0.00017980191
2.628805e-07
0.00018039413
-5.9220912e-07
3.0769072e-06
0.00017731722
0.00019067935
2.1730459e-08
0.00019065749
4.2560235e-08
0.00019062612
6.1079558e-08
0.00019058778
7.4650961e-08
0.00019054401
8.5237522e-08
0.00019049557
9.4346254e-08
0.00019044253
1.0330938e-07
0.00019038361
1.1485091e-07
0.00019031967
1.2437699e-07
0.00019024024
1.57107e-07
0.00019016419
1.3083827e-07
0.00019005763
3.6943674e-07
0.00018952978
-6.4370956e-08
1.8255758e-06
0.00019078115
0.00020139034
3.3493968e-08
0.00020136725
6.5651433e-08
0.00020133412
9.4207144e-08
0.00020129363
1.1513546e-07
0.00020124741
1.3145884e-07
0.00020119626
1.4549572e-07
0.00020114025
1.5931883e-07
0.00020107811
1.7699314e-07
0.00020101028
1.9220212e-07
0.00020092858
2.3880594e-07
0.00020083919
2.2023659e-07
0.00020073336
4.7526384e-07
0.00020046807
2.0092095e-07
1.9129819e-06
0.00020038066
0.00021270299
4.5908776e-08
0.0002126786
9.0040288e-08
0.00021264362
1.2919219e-07
0.00021260086
1.5788835e-07
0.00021255205
1.8026855e-07
0.00021249805
1.9950298e-07
0.0002124389
2.184676e-07
0.00021237337
2.425175e-07
0.00021230148
2.6409504e-07
0.00021221664
3.2364399e-07
0.00021211943
3.174507e-07
0.00021200268
5.919966e-07
0.00021178026
4.233515e-07
2.0354549e-06
0.00021165783
0.00022465111
5.9009804e-08
0.00022462535
1.1579974e-07
0.00022458841
1.6613834e-07
0.00022454326
2.0303593e-07
0.00022449172
2.3181055e-07
0.00022443469
2.565249e-07
0.00022437223
2.8092825e-07
0.00022430314
3.1161014e-07
0.00022422705
3.4018658e-07
0.0002241383
4.1239217e-07
0.00022403519
4.2056302e-07
0.00022391029
7.1689776e-07
0.00022369259
6.4105747e-07
2.1520908e-06
0.00022357594
0.00023727039
7.2833698e-08
0.00023724319
1.4300685e-07
0.00023720417
2.0515502e-07
0.00023715649
2.507114e-07
0.00023710207
2.8623643e-07
0.00023704186
3.1672774e-07
0.00023697591
3.4688163e-07
0.00023690305
3.8447403e-07
0.00023682261
4.2062342e-07
0.00023672945
5.055526e-07
0.00023662063
5.2938569e-07
0.00023648964
8.4787509e-07
0.00023627202
8.5870467e-07
2.2674284e-06
0.00023615672
0.00025059854
8.7418786e-08
0.0002505698
1.7174301e-07
0.0002505286
2.463576e-07
0.00025047825
3.0105526e-07
0.00025042078
3.4370599e-07
0.00025035722
3.802861e-07
0.00025028759
4.1651501e-07
0.00025021074
4.6132358e-07
0.00025012578
5.0557859e-07
0.0002500279
6.03433e-07
0.00024991311
6.441806e-07
0.00024977697
9.8401583e-07
0.00024955964
1.0760308e-06
2.3826028e-06
0.00024944445
0.00026467536
1.0280523e-07
0.00026464501
2.0209418e-07
0.0002646015
2.8986786e-07
0.00026454834
3.5421563e-07
0.00026448766
4.0438753e-07
0.00026442056
4.4738494e-07
0.00026434704
4.900266e-07
0.00026426599
5.4237937e-07
0.00026417631
5.9525597e-07
0.00026407346
7.0628621e-07
0.00026395245
7.651926e-07
0.0002638114
1.125054e-06
0.00026359538
1.2920815e-06
2.497571e-06
0.00026348044
0.00027954292
1.1903498e-07
0.00027951086
2.341512e-07
0.00027946492
3.3581418e-07
0.00027940878
4.1034877e-07
0.00027934471
4.6845838e-07
0.00027927388
5.1821807e-07
0.00027919628
5.6762283e-07
0.00027911079
6.2786863e-07
0.00027901617
6.8987278e-07
0.00027890812
8.1433873e-07
0.00027878071
8.9260527e-07
0.0002786348
1.2709647e-06
0.00027842101
1.5058554e-06
2.6117511e-06
0.00027830681
0.00029524564
1.3615188e-07
0.00029521178
2.6800998e-07
0.00029516326
3.8433201e-07
0.00029510399
4.6961932e-07
0.00029503634
5.3610528e-07
0.00029496157
5.9299049e-07
0.00029487967
6.4952319e-07
0.00029478951
7.1802403e-07
0.00029468972
7.8966905e-07
0.00029457624
9.2781747e-07
0.00029444231
1.026534e-06
0.00029429156
1.4217171e-06
0.00029408095
1.7164876e-06
2.7246239e-06
0.00029396809
0.00031183042
1.5420162e-07
0.00031179466
3.037719e-07
0.00031174342
4.3556415e-07
0.00031168084
5.3220095e-07
0.00031160942
6.0752501e-07
0.0003115305
6.7191664e-07
0.00031144406
7.359563e-07
0.000311349
8.1308745e-07
0.00031124378
8.9489038e-07
0.00031112466
1.0469342e-06
0.00031098415
1.1670409e-06
0.00031082863
1.5772314e-06
0.000310622
1.9231118e-06
2.8354974e-06
0.00031051109
0.00032934682
1.7323185e-07
0.00032930905
3.4154399e-07
0.00032925495
4.8966121e-07
0.00032918887
5.9827659e-07
0.00032911347
6.8292473e-07
0.00032903017
7.5522314e-07
0.00032893896
8.2716495e-07
0.00032883874
9.1330856e-07
0.00032872783
1.0057974e-06
0.00032860285
1.1719209e-06
0.00032845575
1.3141413e-06
0.00032829565
1.7373389e-06
0.0003280938
2.1249731e-06
2.9438488e-06
0.00032798545
0.00034784717
1.9329212e-07
0.00034780728
3.8143938e-07
0.00034775015
5.4678199e-07
0.00034768039
6.6803916e-07
0.00034760079
7.6252273e-07
0.00034751287
8.4314687e-07
0.00034741663
9.2340128e-07
0.00034731099
1.0189483e-06
0.00034719414
1.1226499e-06
0.00034706307
1.3029875e-06
0.00034690942
1.4677922e-06
0.00034674498
1.9017726e-06
0.0003465486
2.3213362e-06
3.049006e-06
0.00034644342
0.00036738674
2.1443394e-07
0.00036734461
4.2357755e-07
0.00036728429
6.0709391e-07
0.00036721064
7.4169176e-07
0.00036712661
8.4654875e-07
0.00036703382
9.3593795e-07
0.00036693229
1.0249323e-06
0.00036682096
1.130276e-06
0.00036669789
1.2457196e-06
0.00036656053
1.4403552e-06
0.00036640042
1.6279077e-06
0.00036623201
2.0701903e-06
0.00036604177
2.5115686e-06
3.1504057e-06
0.00036594037
0.00038802392
2.3671073e-07
0.00038797941
4.6808479e-07
0.00038791573
6.7077348e-07
0.00038783797
8.1944858e-07
0.00038774927
9.3524481e-07
0.00038765135
1.0338577e-06
0.00038754425
1.1320348e-06
0.00038742695
1.2475728e-06
0.0003872974
1.3752713e-06
0.00038715354
1.584215e-06
0.00038698711
1.7943304e-06
0.00038681517
2.2421279e-06
0.00038663163
2.6950937e-06
3.2473812e-06
0.00038653463
0.00040982034
2.6017782e-07
0.00040977333
5.1509445e-07
0.0004097061
7.3800679e-07
0.00040962401
9.0153501e-07
0.00040953039
1.0288655e-06
0.00040942707
1.137182e-06
0.0004093141
1.2450006e-06
0.00040919054
1.3711277e-06
0.00040905424
1.5115773e-06
0.00040890369
1.7347626e-06
0.00040873118
1.966851e-06
0.00040855626
2.4170521e-06
0.00040837991
2.8714368e-06
3.3393993e-06
0.00040828788
0.00043284114
2.8489245e-07
0.00043279149
5.6474755e-07
0.0004327205
8.0898999e-07
0.00043263385
9.8818872e-07
0.00043253504
1.127679e-06
0.00043242602
1.2461989e-06
0.00043230689
1.3641316e-06
0.00043217677
1.501241e-06
0.00043203345
1.6548971e-06
0.00043187606
1.8921455e-06
0.00043169773
2.1451839e-06
0.00043152046
2.5943114e-06
0.0004313517
3.0401856e-06
3.4259067e-06
0.00043126518
0.0004571551
3.1091368e-07
0.00045710265
6.17193e-07
0.00045702771
8.8392983e-07
0.00045693624
1.0796597e-06
0.00045683195
1.2319671e-06
0.00045671694
1.3612119e-06
0.00045659132
1.4897452e-06
0.00045645434
1.6382194e-06
0.00045630375
1.8054919e-06
0.00045613939
2.0565042e-06
0.0004559556
2.3289765e-06
0.00045577672
2.7731954e-06
0.00045561587
3.2010308e-06
3.506479e-06
0.00045553528
0.00048283484
3.3830241e-07
0.00048277945
6.7258827e-07
0.00048270033
9.6304417e-07
0.00048260378
1.1762115e-06
0.00048249372
1.3420263e-06
0.00048237239
1.4825378e-06
0.00048223997
1.6221684e-06
0.00048209581
1.7823784e-06
0.00048193769
1.9636025e-06
0.00048176628
2.227913e-06
0.00048157748
2.5177789e-06
0.00048139773
2.9529361e-06
0.00048124503
3.3537218e-06
3.5807175e-06
0.00048117079
0.00050995711
3.6712125e-07
0.00050989859
7.3109973e-07
0.00050981507
1.0465625e-06
0.00050971316
1.2781213e-06
0.00050959702
1.4581683e-06
0.00050946905
1.6105101e-06
0.00050932947
1.7617438e-06
0.00050917781
1.9340372e-06
0.00050901195
2.1294642e-06
0.00050883345
2.4064221e-06
0.00050864015
2.7110718e-06
0.00050846037
3.1327211e-06
0.00050831599
3.4980966e-06
3.6483453e-06
0.00050824835
0.00053860291
3.9743451e-07
0.00053854111
7.9290337e-07
0.00053845294
1.1347261e-06
0.00053834538
1.3856809e-06
0.00053822283
1.5807211e-06
0.00053808786
1.7454761e-06
0.00053794078
1.908823e-06
0.0005377813
2.0935195e-06
0.00053760748
2.303282e-06
0.00053742191
2.5919924e-06
0.00053722469
2.9082839e-06
0.00053704575
3.3116595e-06
0.00053690982
3.634022e-06
3.7091886e-06
0.00053684897
0.00056885786
4.2930816e-07
0.00056879257
8.5818527e-07
0.00056869951
1.2277882e-06
0.00056858599
1.499197e-06
0.00056845668
1.7100298e-06
0.00056831436
1.8878006e-06
0.00056815941
2.0637715e-06
0.00056799178
2.2611478e-06
0.00056780982
2.4852384e-06
0.00056761727
2.7845462e-06
0.00056741677
3.1087918e-06
0.00056723957
3.4888526e-06
0.00056711216
3.7614294e-06
3.7631716e-06
0.00056705817
0.00060081232
4.628097e-07
0.00060074336
9.2714276e-07
0.00060064514
1.3260123e-06
0.00060052534
1.6189945e-06
0.00060038891
1.8464582e-06
0.00060023885
2.0378635e-06
0.00060007566
2.2269599e-06
0.00059989956
2.4372446e-06
0.00059970936
2.675437e-06
0.00059950992
2.9839837e-06
0.00059930679
3.311912e-06
0.0005991323
3.6633374e-06
0.00059901345
3.8802778e-06
3.8103184e-06
0.00059896631
0.00063456178
4.9800818e-07
0.00063448893
9.999859e-07
0.00063438527
1.4296684e-06
0.00063425884
1.7454242e-06
0.00063411492
1.9903823e-06
0.00063395672
2.1960651e-06
0.00063378491
2.3987604e-06
0.00063360001
2.6221535e-06
0.00063340146
2.8739862e-06
0.00063319538
3.1900644e-06
0.00063299039
3.5168995e-06
0.0006328195
3.8342214e-06
0.0006327092
3.990579e-06
3.8507283e-06
0.00063266878
0.00067020705
5.3497417e-07
0.0006701301
1.0769423e-06
0.00067002074
1.539025e-06
0.00066988726
1.8789049e-06
0.0006697355
2.1421356e-06
0.0006695687
2.3628684e-06
0.00066938795
2.5795108e-06
0.00066919388
2.8162172e-06
0.0006689869
3.0809667e-06
0.00066877459
3.4023692e-06
0.00066856853
3.7229538e-06
0.00066840209
4.0006559e-06
0.0006683003
4.0923738e-06
3.8845905e-06
0.00066826644
0.00070785466
5.7377976e-07
0.00070777333
1.1582664e-06
0.000707658
1.6543563e-06
0.00070751705
2.0198506e-06
0.00070735709
2.3020936e-06
0.00070718122
2.5387424e-06
0.00070699113
2.7695922e-06
0.00070678766
3.0196867e-06
0.00070657221
3.2964249e-06
0.00070635411
3.6204678e-06
0.00070614785
3.9292171e-06
0.00070598665
4.1618474e-06
0.00070589328
4.1857469e-06
3.9121451e-06
0.00070586572
0.00074761706
6.1449859e-07
0.00074753111
1.2442058e-06
0.00074740945
1.7760186e-06
0.00074726068
2.1686155e-06
0.00074709204
2.4707362e-06
0.0007469067
2.7240876e-06
0.00074670688
2.9694029e-06
0.00074649374
3.2328331e-06
0.00074626988
3.5202745e-06
0.00074604652
3.8438244e-06
0.00074584093
4.1348078e-06
0.00074568571
4.3170669e-06
0.00074560064
4.2708111e-06
3.9336938e-06
0.0007455791
0.00078961304
6.5720603e-07
0.00078952224
1.3350077e-06
0.00078939385
1.9044055e-06
0.0007892369
2.3255636e-06
0.00078905908
2.6485557e-06
0.00078886386
2.9193085e-06
0.00078865386
3.1793976e-06
0.0007884308
3.4558962e-06
0.00078819874
3.7523362e-06
0.00078797073
4.0718332e-06
0.00078776671
4.338826e-06
0.00078761811
4.4656697e-06
0.0007875412
4.347722e-06
3.94957e-06
0.00078752532
0.00083396811
7.0197921e-07
0.00083387218
1.4309356e-06
0.00083373668
2.0398957e-06
0.00083357112
2.4911282e-06
0.00083338364
2.8360278e-06
0.00083317809
3.1248668e-06
0.00083295752
3.3999656e-06
0.00083272435
3.6890601e-06
0.00083248426
3.9924205e-06
0.00083225232
4.3037786e-06
0.00083205079
4.5403544e-06
0.00083190936
4.6070937e-06
0.00083184042
4.4166633e-06
3.9601357e-06
0.00083182985
0.00088081474
7.488974e-07
0.0008807134
1.5322717e-06
0.00088057042
2.1828764e-06
0.00088039578
2.6657685e-06
0.00088019816
3.0336433e-06
0.00087998179
3.3412378e-06
0.00087975027
3.6314842e-06
0.00087950689
3.9324341e-06
0.00087925903
4.2402871e-06
0.00087902392
4.5388904e-06
0.0008788258
4.7384759e-06
0.00087869201
4.7408782e-06
0.00087863081
4.4778627e-06
3.9657695e-06
0.00087862518
0.00093029292
7.9804212e-07
0.00093018587
1.6393169e-06
0.000930035
2.333753e-06
0.0009298508
2.8499645e-06
0.00092964253
3.2419106e-06
0.00092941486
3.5689028e-06
0.00092917204
3.8743104e-06
0.00092891837
4.1860956e-06
0.00092866312
4.4955357e-06
0.00092842572
4.7762932e-06
0.00092823186
4.9323315e-06
0.00092810607
4.8666601e-06
0.00092805236
4.5315794e-06
3.9668587e-06
0.00092805127
0.00098255046
8.494978e-07
0.00098243738
1.7523895e-06
0.00098227818
2.4929511e-06
0.00098208393
3.0442144e-06
0.00098186449
3.4613531e-06
0.00098162504
3.8083471e-06
0.00098137057
4.1287791e-06
0.0009811066
4.450064e-06
0.00098084446
4.7576808e-06
0.00098060572
5.0150302e-06
0.00098041692
5.1211339e-06
0.0009802994
4.9841764e-06
0.00098025287
4.5781058e-06
3.9638737e-06
0.00098025586
0.0010377435
9.0335192e-07
0.0010376241
1.8718247e-06
0.0010374561
2.6609178e-06
0.0010372513
3.2490391e-06
0.0010370201
3.6925101e-06
0.0010367684
4.0600545e-06
0.001036502
4.3951896e-06
0.0010362278
4.7242705e-06
0.0010359593
5.0261222e-06
0.0010357202
5.2541444e-06
0.0010355373
5.3040748e-06
0.0010354282
5.093275e-06
0.0010353885
4.6177893e-06
3.9572006e-06
0.0010353952
0.0010960369
9.5969597e-07
0.0010959108
1.9979736e-06
0.0010957336
2.8381213e-06
0.0010955176
3.4649785e-06
0.0010952742
3.9359327e-06
0.0010950097
4.3244998e-06
0.0010947311
4.6738023e-06
0.0010944469
5.0084753e-06
0.0010941727
5.3003116e-06
0.0010939343
5.4925412e-06
0.0010937579
5.4805414e-06
0.0010936573
5.1938621e-06
0.0010936242
4.6509078e-06
3.9471869e-06
0.0010936342
0.0011576049
1.0186257e-06
0.0011574717
2.131201e-06
0.0011572847
3.0250509e-06
0.0011570571
3.6925952e-06
0.0011568008
4.1921855e-06
0.0011565232
4.6021181e-06
0.0011562322
4.9648643e-06
0.0011559382
5.3024537e-06
0.0011556591
5.5794395e-06
0.0011554223
5.7292585e-06
0.0011552531
5.6498215e-06
0.0011551609
5.2859677e-06
0.001155134
4.6778916e-06
3.9341592e-06
0.001155147
0.0012226313
1.0802423e-06
0.0012224907
2.2718737e-06
0.0012222935
3.222226e-06
0.0012220536
3.9324631e-06
0.0012217839
4.4618518e-06
0.0012214928
4.8932855e-06
0.001221189
5.2686792e-06
0.0012208855
5.6059295e-06
0.0012206024
5.8625202e-06
0.0012203684
5.9632662e-06
0.0012202068
5.8113857e-06
0.0012201231
5.3696934e-06
0.0012201018
4.6991471e-06
3.9185016e-06
0.0012201175
0.0012913105
1.1446527e-06
0.0012911621
2.4203359e-06
0.001290954
3.4303006e-06
0.0012907014
4.185046e-06
0.0012904176
4.7456845e-06
0.0012901124
5.1984628e-06
0.0012897959
5.585159e-06
0.0012894834
5.9184786e-06
0.0012891973
6.1485964e-06
0.001288967
6.1935455e-06
0.0012888136
5.9647872e-06
0.0012887381
5.4452089e-06
0.0012887221
4.715085e-06
3.9005758e-06
0.0012887401
0.0013638477
1.2119711e-06
0.001363691
2.5769928e-06
0.0013634713
3.6499717e-06
0.0013632055
4.4508572e-06
0.0013629071
5.0441624e-06
0.0013625874
5.5181114e-06
0.0013622583
5.9142953e-06
0.0013619372
6.2395401e-06
0.0013616492
6.436641e-06
0.0013614236
6.419121e-06
0.0013612787
6.1096844e-06
0.0013612111
5.5127626e-06
0.0013612001
4.7261299e-06
3.8807144e-06
0.0013612199
0.0014404595
1.2823187e-06
0.0014402941
2.7423543e-06
0.0014400624
3.8816636e-06
0.0014397826
4.7306838e-06
0.0014394689
5.3578684e-06
0.0014391345
5.8524635e-06
0.0014387928
6.2560027e-06
0.0014384639
6.568432e-06
0.001438175
6.7255679e-06
0.001437955
6.6390664e-06
0.0014378189
6.2458243e-06
0.001437759
5.572648e-06
0.0014377524
4.7327017e-06
3.8592289e-06
0.0014377739
0.0015213748
1.355826e-06
0.0015212003
2.9168829e-06
0.001520956
4.125911e-06
0.0015206615
5.0252342e-06
0.0015203319
5.6873746e-06
0.0015199826
6.2018114e-06
0.0015196285
6.6100923e-06
0.0015192926
6.9043504e-06
0.0015190039
7.0142444e-06
0.0015187904
6.852527e-06
0.0015186632
6.3730588e-06
0.0015186106
5.6252145e-06
0.0015186081
4.7352237e-06
3.8364083e-06
0.0015186309
0.0016068354
1.432632e-06
0.0016066512
3.1010468e-06
0.0016063938
4.3833197e-06
0.0016060839
5.3351572e-06
0.0016057381
6.0331564e-06
0.0016053734
6.5665003e-06
0.0016050072
6.9762811e-06
0.0016046652
7.246332e-06
0.001604378
7.3015186e-06
0.0016041718
7.0587254e-06
0.0016040535
6.4913248e-06
0.0016040079
5.6708417e-06
0.001604009
4.7341152e-06
3.8125161e-06
0.0016040329
0.0016970966
1.5128863e-06
0.0016969023
3.2953263e-06
0.0016966311
4.6545234e-06
0.0016963051
5.6611012e-06
0.0016959426
6.3957105e-06
0.0016955624
6.9466768e-06
0.0016951846
7.3540913e-06
0.0016948375
7.5934431e-06
0.0016945528
7.5862245e-06
0.0016943545
7.256985e-06
0.0016942452
6.6006534e-06
0.0016942061
5.7099353e-06
0.0016942104
4.7297546e-06
3.787794e-06
0.0016942352
0.001792428
1.5967484e-06
0.0017922231
3.5002145e-06
0.0017919375
4.9401708e-06
0.0017915948
6.0037158e-06
0.0017912151
6.7754183e-06
0.0017908193
7.3425252e-06
0.0017904304
7.7429465e-06
0.0017900793
7.9445661e-06
0.0017897983
7.8672135e-06
0.0017896086
7.446724e-06
0.0017895081
6.7011485e-06
0.0017894751
5.7429182e-06
0.0017894823
4.7225019e-06
3.7624497e-06
0.0017895077
0.0018931145
1.6843893e-06
0.0018928985
3.7162151e-06
0.0018925977
5.2409049e-06
0.0018922378
6.3636392e-06
0.0018918406
7.1726716e-06
0.001891429
7.7540707e-06
0.0018910298
8.142184e-06
0.0018906759
8.298465e-06
0.0018903997
8.1433689e-06
0.001890219
7.6274658e-06
0.0018901271
6.7929945e-06
0.0018900998
5.7701995e-06
0.0018901096
4.7127815e-06
3.736689e-06
0.0018901353
0.0019994568
1.7759902e-06
0.0019992292
3.9438458e-06
0.0019989128
5.5572453e-06
0.0019985348
6.7417117e-06
0.0019981195
7.5879172e-06
0.0019976926
8.1810194e-06
0.0019972838
8.5509757e-06
0.0019969284
8.6538607e-06
0.0019966581
8.4136249e-06
0.0019964867
7.7988401e-06
0.0019964033
6.876429e-06
0.0019963813
5.7922316e-06
0.0019963932
4.7008497e-06
3.7106641e-06
0.0019964192
0.0021117727
1.8717439e-06
0.0021115329
4.1837075e-06
0.0021112003
5.8897748e-06
0.0021108035
7.1385169e-06
0.0021103699
8.0215068e-06
0.0021099279
8.6230491e-06
0.0021095105
8.9683495e-06
0.0021091549
9.0094259e-06
0.0021088916
8.6769758e-06
0.0021087298
7.9605843e-06
0.0021086545
6.9517455e-06
0.0021086373
5.8094411e-06
0.0021086512
4.6870108e-06
3.6845106e-06
0.0021086773
0.0022303977
1.9718529e-06
0.002230145
4.4364633e-06
0.0022297956
6.2391112e-06
0.0022293797
7.5544842e-06
0.0022289275
8.4736669e-06
0.0022284708
9.0797377e-06
0.002228046
9.3931998e-06
0.0022276916
9.3637965e-06
0.0022274361
8.932505e-06
0.0022272841
8.1125363e-06
0.0022272166
7.0192778e-06
0.0022272038
5.8222382e-06
0.0022272193
4.6715371e-06
3.6583467e-06
0.0022272454
0.0023556863
2.07653e-06
0.0023554202
4.7025097e-06
0.0023550532
6.606117e-06
0.0023546175
7.9901818e-06
0.0023541468
8.9443984e-06
0.002353676
9.5504991e-06
0.0023532449
9.8242865e-06
0.0023528931
9.7155938e-06
0.0023526462
9.1793792e-06
0.0023525041
8.2546293e-06
0.002352444
7.0793909e-06
0.0023524353
5.8310151e-06
0.0023524521
4.6546725e-06
3.6322674e-06
0.0023524782
0.0024880126
2.185996e-06
0.0024877328
4.9823002e-06
0.0024873474
6.9914895e-06
0.0024868915
8.4461058e-06
0.0024864022
9.4336765e-06
0.0024859181
1.0034593e-05
0.0024854822
1.0260253e-05
0.0024851343
1.0063446e-05
0.0024848968
9.4168758e-06
0.0024847646
8.3868844e-06
0.0024847115
7.132471e-06
0.0024847064
5.8361413e-06
0.0024847244
4.6366318e-06
3.6063515e-06
0.0024847503
0.0026277721
2.3004792e-06
0.0026274781
5.2763364e-06
0.0026270737
7.395832e-06
0.0026265972
8.9226357e-06
0.0026260895
9.9413637e-06
0.002625593
1.053111e-05
0.0026251536
1.0699634e-05
0.002624811
1.040601e-05
0.0026245835
9.6443736e-06
0.002624461
8.509402e-06
0.0026244146
7.1789176e-06
0.0026244128
5.8379613e-06
0.0026244318
4.6176066e-06
3.580661e-06
0.0026244575
0.0027753824
2.4202122e-06
0.0027750736
5.5851122e-06
0.0027746497
7.8197094e-06
0.0027741523
9.4200266e-06
0.0027736265
1.0467193e-05
0.0027731186
1.1038975e-05
0.0027726773
1.1140877e-05
0.0027723414
1.0741994e-05
0.0027721244
9.8613687e-06
0.0027720114
8.6223538e-06
0.0027719712
7.2191355e-06
0.0027719724
5.8368042e-06
0.0027719922
4.5977634e-06
3.5552401e-06
0.0027720176
0.0029312843
2.5454303e-06
0.0029309603
5.909098e-06
0.0029305164
8.2636309e-06
0.0029299981
9.9382989e-06
0.0029294544
1.1010871e-05
0.0029289364
1.1556918e-05
0.002928495
1.1582365e-05
0.0029281668
1.1070165e-05
0.0029279607
1.0067465e-05
0.0029278571
8.7259674e-06
0.0029278227
7.2535116e-06
0.0029278265
5.8330144e-06
0.002927847
4.5772187e-06
3.5301026e-06
0.0029278722
0.0030959437
2.6763673e-06
0.0030956041
6.2487212e-06
0.0030951396
8.7280331e-06
0.0030946004
1.0477511e-05
0.0030940396
1.1571737e-05
0.0030935129
1.2083527e-05
0.0030930729
1.2022423e-05
0.0030927537
1.1389386e-05
0.0030925588
1.0262379e-05
0.0030924642
8.8205211e-06
0.0030924353
7.2824443e-06
0.0030924415
5.8268077e-06
0.0030924626
4.5561313e-06
3.5053049e-06
0.0030924874
0.0032698525
2.8132519e-06
0.003269497
6.6042044e-06
0.0032690116
9.2134731e-06
0.0032684514
1.1037673e-05
0.0032678744
1.2148789e-05
0.0032673407
1.2617211e-05
0.0032669038
1.2459357e-05
0.0032665945
1.1698611e-05
0.003266411
1.0445929e-05
0.0032663252
8.9063315e-06
0.0032663013
7.3063213e-06
0.0032663097
5.8184379e-06
0.0032663312
4.5346018e-06
3.480859e-06
0.0032663556
0.0034535304
2.9563024e-06
0.0034531588
6.9758327e-06
0.003452652
9.7202388e-06
0.0034520711
1.1618568e-05
0.003451479
1.2740912e-05
0.0034509399
1.3156231e-05
0.0034505078
1.2891472e-05
0.0034502095
1.1996909e-05
0.0034500374
1.0618037e-05
0.00344996
8.98375e-06
0.0034499408
7.3255284e-06
0.0034499511
5.8081245e-06
0.003449973
4.5127062e-06
3.4567767e-06
0.0034499971
0.0036475261
3.1057215e-06
0.003647138
7.3638918e-06
0.0036466098
1.0248422e-05
0.0036460086
1.2219738e-05
0.0036454027
1.3346796e-05
0.0036448603
1.3698706e-05
0.0036444346
1.3317098e-05
0.0036441481
1.2283465e-05
0.0036439874
1.0778713e-05
0.003643918
9.0531506e-06
0.0036439031
7.3404062e-06
0.0036439151
5.7960992e-06
0.0036439373
4.4905324e-06
3.4330609e-06
0.003643961
0.0038524191
3.2616885e-06
0.0038520144
7.7686606e-06
0.0038514648
1.0797931e-05
0.0038508441
1.2840434e-05
0.003850226
1.3964907e-05
0.0038496821
1.4242642e-05
0.0038492646
1.3734615e-05
0.0038489904
1.2557589e-05
0.0038488411
1.0928052e-05
0.0038487793
9.1149239e-06
0.0038487684
7.3512814e-06
0.003848782
5.7825594e-06
0.0038488044
4.4681622e-06
3.4097225e-06
0.0038488277
0.0040688218
3.4243514e-06
0.0040684001
8.1902797e-06
0.0040678295
1.1368505e-05
0.0040671903
1.347968e-05
0.0040665617
1.4593476e-05
0.0040660184
1.4785948e-05
0.0040656106
1.4142472e-05
0.0040653494
1.2818719e-05
0.0040652112
1.1066226e-05
0.0040651567
9.1694721e-06
0.0040651495
7.3585051e-06
0.0040651644
5.7676641e-06
0.0040651869
4.4456499e-06
3.3867692e-06
0.0040652098
0.0042973805
3.5938276e-06
0.0042969421
8.6286878e-06
0.0042963509
1.1959679e-05
0.0042956943
1.4136276e-05
0.0042950573
1.5230509e-05
0.0042945168
1.5326461e-05
0.00429412
1.4539207e-05
0.0042938723
1.3066417e-05
0.0042937451
1.1193469e-05
0.0042936974
9.2172034e-06
0.0042936935
7.3623732e-06
0.0042937096
5.7515839e-06
0.0042937321
4.4230655e-06
3.364211e-06
0.0042937547
0.0045387783
3.7701726e-06
0.0045383233
9.08366e-06
0.0045377123
1.2570738e-05
0.0045370398
1.4808733e-05
0.0045363965
1.5873791e-05
0.004535861
1.5861976e-05
0.0045354767
1.492347e-05
0.0045352428
1.3300372e-05
0.0045351262
1.1310076e-05
0.0045350848
9.2585308e-06
0.004535084
7.3631791e-06
0.0045351011
5.7344756e-06
0.0045351237
4.4004682e-06
3.3420591e-06
0.0045351459
0.0047937364
3.9533736e-06
0.0047932653
9.554781e-06
0.0047926354
1.3200549e-05
0.0047919488
1.5495386e-05
0.0047913017
1.652089e-05
0.0047907734
1.6390274e-05
0.0047904028
1.5294029e-05
0.0047901828
1.352039e-05
0.0047900765
1.141639e-05
0.0047900411
9.2938628e-06
0.0047900431
7.3612166e-06
0.0047900611
5.7164844e-06
0.0047900836
4.3779157e-06
3.3203268e-06
0.0047901054
0.0050630165
4.1433328e-06
0.0050625299
1.0041409e-05
0.0050618827
1.3847746e-05
0.0050611839
1.6194137e-05
0.0050605356
1.7169179e-05
0.0050600167
1.6909144e-05
0.005059661
1.5649788e-05
0.005059455
1.3726391e-05
0.0050593586
1.1512796e-05
0.0050593288
9.3236107e-06
0.0050593333
7.3567591e-06
0.005059352
5.6977534e-06
0.0050593744
4.3554677e-06
3.2990319e-06
0.0050593957
0.0053474234
4.3397861e-06
0.0053469221
1.0542717e-05
0.0053462592
1.4510705e-05
0.0053455509
1.6902427e-05
0.0053449042
1.7815851e-05
0.0053443969
1.7416416e-05
0.0053440569
1.5989791e-05
0.0053438649
1.39184e-05
0.005343778
1.1599716e-05
0.0053437534
9.348186e-06
0.0053437601
7.3500633e-06
0.0053437794
5.678424e-06
0.0053438017
4.3331895e-06
3.2781963e-06
0.0053438225
0.0056478067
4.542454e-06
0.0056472918
1.1057587e-05
0.0056466152
1.5187295e-05
0.0056459003
1.761729e-05
0.0056452582
1.8457932e-05
0.0056447647
1.790998e-05
0.0056444412
1.6313226e-05
0.0056442631
1.4096537e-05
0.0056441852
1.1677601e-05
0.0056441654
9.3679893e-06
0.005644174
7.3414071e-06
0.0056441938
5.6586327e-06
0.0056442159
4.311139e-06
3.2578456e-06
0.0056442362
0.005965064
4.7508776e-06
0.0059645372
1.1584438e-05
0.0059638495
1.5874995e-05
0.0059631313
1.8335488e-05
0.0059624969
1.9092311e-05
0.005962019
1.8387809e-05
0.0059617128
1.6619423e-05
0.0059615484
1.4261012e-05
0.005961479
1.1746923e-05
0.0059614636
9.3834291e-06
0.005961474
7.3310277e-06
0.0059614941
5.6385191e-06
0.0059615158
4.2893919e-06
3.2380132e-06
0.0059615357
0.0063001433
4.9644149e-06
0.0062996065
1.2121277e-05
0.0062989107
1.6570789e-05
0.0062981927
1.9053407e-05
0.0062975693
1.9715758e-05
0.0062971091
1.8847976e-05
0.0062968207
1.6907853e-05
0.0062966696
1.441211e-05
0.0062966083
1.1808176e-05
0.0062965969
9.3949059e-06
0.0062966087
7.3191808e-06
0.006296629
5.6182225e-06
0.0062966504
4.2680203e-06
3.2187379e-06
0.0062966696
0.0066540458
5.1822189e-06
0.0066535015
1.2665643e-05
0.0066528011
1.7271116e-05
0.0066520875
1.9767047e-05
0.0066514783
2.0324948e-05
0.0066510376
1.928866e-05
0.0066507673
1.7178118e-05
0.0066506293
1.4550184e-05
0.0066505756
1.1861869e-05
0.0066505676
9.4028189e-06
0.0066505807
7.3061192e-06
0.006650601
5.5978873e-06
0.006650622
4.2471042e-06
3.2000636e-06
0.0066506406
0.0070278292
5.4032027e-06
0.0070272802
1.3214547e-05
0.0070265795
1.797182e-05
0.0070258745
2.0472021e-05
0.007025283
2.0916475e-05
0.0070248635
1.9708153e-05
0.0070246117
1.7429942e-05
0.0070244862
1.4675643e-05
0.0070244396
1.1908519e-05
0.0070244348
9.4075645e-06
0.0070244488
7.2920973e-06
0.0070244691
5.5776645e-06
0.0070244894
4.2267315e-06
3.1820423e-06
0.0070245075
0.0074226102
5.6260012e-06
0.0074220603
1.3764395e-05
0.007421364
1.8668104e-05
0.0074206725
2.1163546e-05
0.0074201021
2.1486864e-05
0.0074197054
2.0104854e-05
0.0074194722
1.7663154e-05
0.0074193589
1.4788942e-05
0.0074193188
1.1948656e-05
0.0074193168
9.409539e-06
0.0074193315
7.2773732e-06
0.0074193515
5.5577121e-06
0.0074193712
4.2069983e-06
3.1647338e-06
0.0074193885
0.0078395686
5.8489289e-06
0.0078390221
1.4310844e-05
0.0078383357
1.9354548e-05
0.0078376628
2.183643e-05
0.0078371171
2.2032571e-05
0.0078367447
2.0477258e-05
0.0078365301
1.787767e-05
0.0078364285
1.4890566e-05
0.0078363944
1.1982811e-05
0.0078363947
9.4091455e-06
0.0078364099
7.2622096e-06
0.0078364294
5.538196e-06
0.0078364484
4.1880105e-06
3.148207e-06
0.0078364649
0.0082799503
6.0699343e-06
0.0082794124
1.4848793e-05
0.0082787419
2.0024983e-05
0.0082780933
2.2485049e-05
0.0082775759
2.2549971e-05
0.0082772292
2.0823933e-05
0.0082770334
1.8073471e-05
0.0082769429
1.4981026e-05
0.0082769142
1.2011517e-05
0.0082769166
9.4067899e-06
0.0082769319
7.2468775e-06
0.0082769508
5.5192934e-06
0.0082769689
4.1698851e-06
3.132541e-06
0.0082769846
0.0087450715
6.2865511e-06
0.0087445479
1.5372398e-05
0.0087439005
2.0672311e-05
0.0087432823
2.3103313e-05
0.0087427969
2.3035327e-05
0.0087424774
2.1143486e-05
0.0087423003
1.8250572e-05
0.0087422204
1.5060838e-05
0.0087421966
1.203531e-05
0.0087422006
9.4028765e-06
0.0087422158
7.2316609e-06
0.0087422339
5.5011975e-06
0.008742251
4.1527541e-06
3.117827e-06
0.0087422657
0.0092363221
6.4958451e-06
0.0092358196
1.5874871e-05
0.0092352033
2.1288541e-05
0.009234622
2.3684609e-05
0.0092341726
2.3484743e-05
0.0092338816
2.143451e-05
0.0092337232
1.8408991e-05
0.0092336535
1.5130508e-05
0.0092336341
1.2054718e-05
0.0092336391
9.3978178e-06
0.0092336539
7.2168531e-06
0.009233671
5.4841142e-06
0.009233687
4.1367637e-06
3.1041708e-06
0.0092337007
0.0097551699
6.6943596e-06
0.0097546964
1.634837e-05
0.0097541203
2.1864687e-05
0.0097535832
2.4221717e-05
0.0097531738
2.3894082e-05
0.0097529128
2.1695521e-05
0.0097527731
1.8548701e-05
0.0097527131
1.5190515e-05
0.0097526975
1.2070266e-05
0.0097527033
9.3920417e-06
0.0097527174
7.2027746e-06
0.0097527332
5.4682762e-06
0.0097527479
4.1220813e-06
3.0916926e-06
0.0097527604
0.010303166
6.8780582e-06
0.01030273
1.6783887e-05
0.010302204
2.2390647e-05
0.010301719
2.4706691e-05
0.010301354
2.4258851e-05
0.010301125
2.1924859e-05
0.010301004
1.8669578e-05
0.010300953
1.5241279e-05
0.010300941
1.2082446e-05
0.010300947
9.3859687e-06
0.01030096
7.189756e-06
0.010300975
5.4539379e-06
0.010300988
4.1089007e-06
3.0805389e-06
0.010300999
0.010881947
7.0422671e-06
0.01088156
1.7171115e-05
0.010881095
2.2855036e-05
0.010880671
2.5130681e-05
0.010880356
2.4574032e-05
0.010880161
2.2120569e-05
0.010880059
1.8771338e-05
0.010880017
1.5283161e-05
0.010880008
1.2091752e-05
0.010880014
9.3800422e-06
0.010880025
7.1781517e-06
0.010880038
5.4413741e-06
0.010880049
4.0974334e-06
3.0708717e-06
0.010880059
0.011493244
7.1816178e-06
0.011492917
1.7498308e-05
0.011492527
2.3244987e-05
0.011492174
2.5483693e-05
0.011491914
2.4833833e-05
0.011491754
2.2280194e-05
0.011491672
1.8853385e-05
0.011491639
1.5316362e-05
0.011491632
1.2098644e-05
0.011491637
9.3747501e-06
0.011491647
7.168387e-06
0.011491657
5.430924e-06
0.011491667
4.0879396e-06
3.0628878e-06
0.011491675
0.012138882
7.2899907e-06
0.012138629
1.7752102e-05
0.012138328
2.354589e-05
0.012138057
2.575429e-05
0.012137859
2.5031452e-05
0.012137739
2.2400623e-05
0.012137678
1.8914716e-05
0.012137653
1.5340823e-05
0.012137648
1.2103416e-05
0.012137653
9.3704943e-06
0.01213766
7.1608759e-06
0.012137668
5.422965e-06
0.012137675
4.0807374e-06
3.0568419e-06
0.012137681
0.012820793
7.3605243e-06
0.012820627
1.7917258e-05
0.012820432
2.3740937e-05
0.012820258
2.5928996e-05
0.012820131
2.5158535e-05
0.012820053
2.2477814e-05
0.012820014
1.8953931e-05
0.012819999
1.5356419e-05
0.012819996
1.210641e-05
0.012819998
9.3677169e-06
0.012820003
7.1560318e-06
0.012820008
5.4178585e-06
0.012820013
4.0761348e-06
3.0529897e-06
0.012820017
0.013541012
0.013540952
0.013540881
0.013540818
0.013540772
0.013540744
0.013540729
0.013540723
0.013540721
0.013540722
0.013540723
0.013540725
0.013540727
0.013540728
0.0001643818
1.2935413e-05
0.00014673973
1.7642068e-05
0.00012979987
1.6939863e-05
0.00011733419
1.246571e-05
0.00011064245
6.6917383e-06
0.00010868192
1.9605181e-06
0.00010907901
-3.9731784e-07
0.00010983478
-7.5562939e-07
0.00011010192
-2.6713443e-07
0.00010975695
3.4495079e-07
0.00010902857
7.2840152e-07
0.0001081318
8.9697467e-07
0.00010716908
9.6256842e-07
0.0001061701
9.9897933e-07
0.00010514949
1.0206072e-06
0.00010413193
1.0175535e-06
0.00010314091
9.9094162e-07
0.00010218312
9.5786241e-07
0.00010125718
9.2595152e-07
0.00010036489
8.9229695e-07
9.950705e-05
8.5783742e-07
9.868736e-05
8.1968617e-07
9.790801e-05
7.7934507e-07
9.7163084e-05
7.4492905e-07
9.6447085e-05
7.1599882e-07
9.5757061e-05
6.9002417e-07
9.5093114e-05
6.6394731e-07
9.4456569e-05
6.3654463e-07
9.3845044e-05
6.1152568e-07
9.3254705e-05
5.9033806e-07
9.2682824e-05
5.7188117e-07
9.2129449e-05
5.5337537e-07
9.159469e-05
5.3475849e-07
9.1076758e-05
5.179321e-07
9.0573692e-05
5.0306578e-07
9.0084121e-05
4.8957075e-07
8.960842e-05
4.7570089e-07
8.9145537e-05
4.6288274e-07
8.8694032e-05
4.515052e-07
8.8253411e-05
4.4062084e-07
8.7823545e-05
4.2986534e-07
8.7403387e-05
4.2015858e-07
8.6991861e-05
4.1152581e-07
8.6589035e-05
4.0282511e-07
8.6194743e-05
3.9429227e-07
8.5808053e-05
3.8668942e-07
8.54285e-05
3.7955357e-07
8.5056145e-05
3.7235477e-07
8.469047e-05
3.6567417e-07
8.4330953e-05
3.5951689e-07
8.3977426e-05
3.5352734e-07
8.3629566e-05
3.4785971e-07
8.3287149e-05
3.4241753e-07
8.2949902e-05
3.3724716e-07
8.2617444e-05
3.3245844e-07
8.2289878e-05
3.2756748e-07
8.1966747e-05
3.2313222e-07
8.1647811e-05
3.1893624e-07
8.1333141e-05
3.1467126e-07
8.1022451e-05
3.1069062e-07
8.0715521e-05
3.0693231e-07
8.0412286e-05
3.0323482e-07
8.0112632e-05
2.9965592e-07
7.9816345e-05
2.9628693e-07
7.9523466e-05
2.9288056e-07
7.9233822e-05
2.8964385e-07
7.8947214e-05
2.8661143e-07
7.8663646e-05
2.8356799e-07
7.8382975e-05
2.8067297e-07
7.8105058e-05
2.7791775e-07
7.7829921e-05
2.7513876e-07
7.7557429e-05
2.7249395e-07
7.7287525e-05
2.6990658e-07
7.7020135e-05
2.6739142e-07
7.6755195e-05
2.6494243e-07
7.6492585e-05
2.6261167e-07
7.6232345e-05
2.6024171e-07
7.5974318e-05
2.5802935e-07
7.571854e-05
2.5578018e-07
7.5464896e-05
2.5364474e-07
7.521335e-05
2.5154734e-07
7.496386e-05
2.4949162e-07
7.4716403e-05
2.4745791e-07
7.4470872e-05
2.4553029e-07
7.4227328e-05
2.4354536e-07
7.3985608e-05
2.41718e-07
7.3745785e-05
2.3982176e-07
7.350773e-05
2.3805237e-07
7.3271502e-05
2.3622469e-07
7.3036755e-05
2.3474403e-07
7.2803915e-05
2.3283695e-07
7.2572782e-05
2.3112982e-07
7.2338284e-05
2.3449471e-07
7.2122757e-05
2.1552284e-07
7.1855201e-05
2.675548e-07
1.9689928e-07
0.00019485377
8.8628704e-06
0.00019685068
1.5645139e-05
0.0001947441
1.9046369e-05
0.00018925544
1.7954569e-05
0.00018199676
1.3950363e-05
0.00017437865
9.5786638e-06
0.0001674265
6.5545762e-06
0.00016168822
4.9827885e-06
0.00015716529
4.2556451e-06
0.00015363732
3.8730009e-06
0.00015082018
3.5455067e-06
0.00014841984
3.2975256e-06
0.00014625357
3.1287509e-06
0.00014424579
3.0067116e-06
0.00014237915
2.8872568e-06
0.00014064386
2.7528243e-06
0.00013902108
2.6136562e-06
0.00013748929
2.4897052e-06
0.00013603773
2.3775327e-06
0.00013466295
2.267081e-06
0.00013336154
2.1592498e-06
0.00013213169
2.0495373e-06
0.00013096934
1.9416902e-06
0.00012986503
1.8492352e-06
0.00012881222
1.7688137e-06
0.0001278068
1.6954386e-06
0.00012684674
1.6240099e-06
0.00012593073
1.5525587e-06
0.00012505466
1.4875955e-06
0.00012421381
1.4311829e-06
0.00012340474
1.380956e-06
0.00012262609
1.3320226e-06
0.00012187664
1.2842056e-06
0.00012115377
1.2408022e-06
0.00012045487
1.2019732e-06
0.00011977799
1.1664503e-06
0.00011912257
1.1311199e-06
0.000118487
1.0984501e-06
0.00011786943
1.0690777e-06
0.00011726882
1.0412227e-06
0.00011668451
1.0141753e-06
0.00011611513
9.8954142e-07
0.00011555929
9.6736435e-07
0.0001150166
9.455191e-07
0.00011448655
9.2434487e-07
0.00011396803
9.0520335e-07
0.00011346034
8.8724698e-07
0.00011296322
8.6947584e-07
0.00011247599
8.5290466e-07
0.00011199794
8.3755888e-07
0.00011152871
8.2276142e-07
0.00011106779
8.0877632e-07
0.00011061482
7.9539195e-07
0.00011016936
7.8270342e-07
0.00010973093
7.7088892e-07
0.00010929946
7.590389e-07
0.00010887444
7.4816103e-07
0.00010845547
7.3789919e-07
0.00010804255
7.2759871e-07
0.00010763529
7.1794619e-07
0.00010723342
7.0880984e-07
0.00010683675
6.9989908e-07
0.00010644513
6.9128124e-07
0.00010605827
6.8314942e-07
0.00010567614
6.750115e-07
0.00010529854
6.6724465e-07
0.00010492519
6.5995825e-07
0.00010455606
6.5270342e-07
0.00010419095
6.4578412e-07
0.00010382966
6.3920845e-07
0.00010347219
6.326078e-07
0.00010311836
6.2632923e-07
0.00010276809
6.2017842e-07
0.00010242125
6.1422935e-07
0.00010207777
6.0842658e-07
0.00010173747
6.0291172e-07
0.00010140039
5.9732776e-07
0.00010106632
5.9210336e-07
0.00010073529
5.8680735e-07
0.00010040715
5.8179298e-07
0.00010008185
5.7684405e-07
9.9759304e-05
5.7204017e-07
9.9439507e-05
5.67255e-07
9.9122287e-05
5.6275003e-07
9.8807737e-05
5.5809617e-07
9.8495619e-05
5.5383465e-07
9.8186052e-05
5.4938671e-07
9.7878823e-05
5.4527984e-07
9.7574043e-05
5.4100117e-07
9.7271262e-05
5.3752084e-07
9.6970889e-05
5.3320732e-07
9.6673178e-05
5.2883715e-07
9.6369888e-05
5.3778051e-07
9.6095115e-05
4.9029263e-07
9.5743054e-05
6.1961385e-07
4.4468627e-07
0.00020105927
8.1842127e-06
0.00020264069
1.406378e-05
0.00020449029
1.7196807e-05
0.00020550645
1.6938382e-05
0.00020500859
1.4448231e-05
0.00020272521
1.1862046e-05
0.00019874062
1.0539036e-05
0.00019353932
1.0184215e-05
0.00018788054
9.9144379e-06
0.00018253028
9.2232283e-06
0.00017791887
8.1569613e-06
0.00017411051
7.1060005e-06
0.00017090201
6.3371396e-06
0.00016809901
5.8097231e-06
0.00016561418
5.3720817e-06
0.0001633764
4.9906028e-06
0.00016131872
4.6712878e-06
0.00015939796
4.4105168e-06
0.00015760011
4.1753805e-06
0.00015591624
3.9509585e-06
0.00015433647
3.7390166e-06
0.00015285268
3.5333202e-06
0.00015145356
3.3408123e-06
0.0001501251
3.17769e-06
0.00014886162
3.0322937e-06
0.00014765939
2.8976679e-06
0.00014651539
2.768011e-06
0.00014542606
2.6418889e-06
0.00014438509
2.5285678e-06
0.00014338717
2.4291062e-06
0.00014242906
2.3390635e-06
0.00014150915
2.2519301e-06
0.00014062517
2.1681833e-06
0.00013977344
2.0925323e-06
0.00013895101
2.0244007e-06
0.00013815598
1.9614808e-06
0.00013738736
1.8997387e-06
0.0001366429
1.8429167e-06
0.00013592043
1.7915441e-06
0.00013521881
1.7428415e-06
0.00013453704
1.6959455e-06
0.0001338734
1.6531857e-06
0.00013322636
1.6144025e-06
0.00013259538
1.5764992e-06
0.00013197967
1.5400566e-06
0.00013137794
1.5069343e-06
0.00013078939
1.4757895e-06
0.00013021362
1.4452472e-06
0.00012964976
1.4167677e-06
0.00012909701
1.390306e-06
0.0001285549
1.3648774e-06
0.00012802279
1.3408777e-06
0.00012750024
1.3179471e-06
0.00012698671
1.2962354e-06
0.00012648164
1.2759586e-06
0.00012598488
1.2558026e-06
0.00012549582
1.2372144e-06
0.00012501405
1.219675e-06
0.00012453946
1.2021889e-06
0.00012407162
1.1857859e-06
0.0001236102
1.1702334e-06
0.00012315497
1.1551274e-06
0.00012270572
1.1405346e-06
0.00012226212
1.1267452e-06
0.00012182412
1.1130187e-06
0.00012139146
1.0998994e-06
0.00012096385
1.0875774e-06
0.00012054119
1.0753585e-06
0.00012012328
1.0636973e-06
0.00011970988
1.0526161e-06
0.00011930096
1.041528e-06
0.00011889631
1.0309828e-06
0.00011849584
1.0206488e-06
0.00011809939
1.0106775e-06
0.00011770687
1.0009475e-06
0.00011731808
9.9170322e-07
0.00011693304
9.8236971e-07
0.00011655153
9.7362371e-07
0.00011617356
9.64777e-07
0.00011579894
9.5640883e-07
0.00011542765
9.4813494e-07
0.00011505956
9.4013875e-07
0.00011469466
9.3215399e-07
0.00011433275
9.2465443e-07
0.00011397395
9.1690591e-07
0.00011361796
9.0982071e-07
0.00011326493
9.0241387e-07
0.0001129146
8.9560374e-07
0.00011256711
8.8849074e-07
0.00011222195
8.8267259e-07
0.00011187952
8.7563406e-07
0.0001115403
8.6806143e-07
0.00011119443
8.8363916e-07
0.00011088184
8.0288505e-07
0.00011047898
1.0224725e-06
7.250418e-07
0.00021176398
8.0781541e-06
0.00021211429
1.3713369e-05
0.0002126805
1.6630552e-05
0.00021333843
1.6280555e-05
0.00021388678
1.3899916e-05
0.00021416176
1.1587054e-05
0.00021399889
1.0701717e-05
0.00021307219
1.1111048e-05
0.00021101887
1.1967576e-05
0.00020768132
1.2560839e-05
0.00020331636
1.2521763e-05
0.00019863924
1.1783395e-05
0.00019430607
1.0670207e-05
0.00019054779
9.5680434e-06
0.00018727863
8.6412164e-06
0.00018436882
7.9004106e-06
0.0001817593
7.2807729e-06
0.00017938853
6.7813092e-06
0.00017721049
6.3534404e-06
0.00017519503
5.966414e-06
0.00017331948
5.6145708e-06
0.0001715675
5.2852962e-06
0.00016991793
4.9903865e-06
0.00016835307
4.7425542e-06
0.00016687064
4.5147213e-06
0.00016546592
4.3023807e-06
0.00016413372
4.1002185e-06
0.00016286725
3.9083535e-06
0.00016165776
3.7380628e-06
0.00016049983
3.5870357e-06
0.00015939062
3.4482681e-06
0.00015832819
3.3143642e-06
0.00015730883
3.1875377e-06
0.0001563275
3.073868e-06
0.00015538115
2.9707526e-06
0.00015446809
2.8745383e-06
0.0001535868
2.7810274e-06
0.00015273417
2.6955464e-06
0.00015190775
2.6179685e-06
0.00015110634
2.5442445e-06
0.00015032862
2.4736641e-06
0.00014957239
2.4094231e-06
0.000148836
2.3507893e-06
0.00014811881
2.293693e-06
0.00014741968
2.2391853e-06
0.0001467371
2.1895089e-06
0.00014607024
2.1426502e-06
0.00014541849
2.0969948e-06
0.00014478077
2.0544938e-06
0.00014415619
2.0148786e-06
0.00014354419
1.976886e-06
0.00014294397
1.9410898e-06
0.00014235499
1.9069269e-06
0.00014177662
1.8746093e-06
0.00014120822
1.844365e-06
0.00014064953
1.8144892e-06
0.00014009987
1.7868741e-06
0.00013955876
1.7607881e-06
0.00013902603
1.7349185e-06
0.00013850117
1.7106489e-06
0.0001379838
1.6876052e-06
0.00013747364
1.6652872e-06
0.00013697042
1.6437558e-06
0.00013647378
1.6233889e-06
0.00013598361
1.6031922e-06
0.00013549962
1.5838861e-06
0.00013502147
1.5657291e-06
0.00013454905
1.5477805e-06
0.0001340821
1.5306514e-06
0.00013362035
1.5143683e-06
0.00013316375
1.4981226e-06
0.00013271207
1.4826718e-06
0.00013226518
1.4675347e-06
0.00013182291
1.4529505e-06
0.00013138514
1.4387221e-06
0.00013095164
1.4252033e-06
0.00013052243
1.4115895e-06
0.00013009724
1.3988151e-06
0.00012967609
1.385922e-06
0.00012925878
1.3737286e-06
0.00012884524
1.3616677e-06
0.00012843535
1.3500392e-06
0.00012802908
1.3384196e-06
0.00012762622
1.3275146e-06
0.00012722687
1.3162601e-06
0.00012683072
1.3059677e-06
0.00012643792
1.2952122e-06
0.00012604818
1.2853388e-06
0.00012566164
1.275027e-06
0.00012527777
1.2665351e-06
0.00012489693
1.2564723e-06
0.0001245198
1.2451855e-06
0.00012413519
1.2682504e-06
0.00012378772
1.1503511e-06
0.00012333936
1.470829e-06
1.0356109e-06
0.00022365567
7.9983989e-06
0.00022390094
1.3468155e-05
0.00022421099
1.6320525e-05
0.00022447664
1.6014807e-05
0.0002246475
1.3729067e-05
0.00022475883
1.1475703e-05
0.00022486821
1.0592267e-05
0.00022496794
1.1011431e-05
0.00022494496
1.1990551e-05
0.00022454736
1.2958497e-05
0.00022338608
1.3683051e-05
0.00022109347
1.4076069e-05
0.00021770353
1.4060044e-05
0.00021372782
1.3543739e-05
0.00020973067
1.2638382e-05
0.00020605292
1.1578155e-05
0.00020275076
1.0582894e-05
0.00019975959
9.7725211e-06
0.00019704839
9.0646412e-06
0.00019457354
8.4412655e-06
0.00019229112
7.8969837e-06
0.00019017608
7.4003451e-06
0.0001882064
6.9600599e-06
0.00018636097
6.5879818e-06
0.00018462564
6.2500468e-06
0.00018298886
5.9391644e-06
0.00018144169
5.6473876e-06
0.00017997302
5.3770205e-06
0.00017857143
5.1396556e-06
0.00017723253
4.9259373e-06
0.00017595395
4.7268479e-06
0.00017473264
4.5356688e-06
0.00017356263
4.3575516e-06
0.00017243725
4.1992508e-06
0.00017135394
4.0540579e-06
0.00017031127
3.9172137e-06
0.00016930668
3.7856093e-06
0.00016833597
3.6662626e-06
0.00016739644
3.5574974e-06
0.00016648697
3.4537102e-06
0.00016560574
3.3548987e-06
0.00016474987
3.2652939e-06
0.00016391769
3.1829666e-06
0.00016310842
3.1029625e-06
0.00016232048
3.0271281e-06
0.00016155209
2.9578939e-06
0.0001608024
2.8923439e-06
0.00016007054
2.8288508e-06
0.00015935514
2.7698957e-06
0.00015865527
2.7147464e-06
0.00015797021
2.6619463e-06
0.000157299
2.6123058e-06
0.00015664096
2.5649643e-06
0.00015599535
2.520216e-06
0.00015536144
2.4782761e-06
0.00015473887
2.4370603e-06
0.00015412683
2.3989171e-06
0.00015352479
2.362831e-06
0.00015293249
2.3272152e-06
0.00015234933
2.2938141e-06
0.00015177488
2.2620607e-06
0.00015120878
2.2313816e-06
0.00015065071
2.2018265e-06
0.00015010026
2.1738461e-06
0.00014955726
2.1461929e-06
0.00014902137
2.1197684e-06
0.00014849222
2.0948852e-06
0.00014796965
2.0703558e-06
0.00014745335
2.0469551e-06
0.00014694302
2.0246972e-06
0.00014643859
2.0025562e-06
0.00014593976
1.981496e-06
0.00014544643
1.9608768e-06
0.00014495835
1.9410332e-06
0.00014447539
1.9216838e-06
0.0001439973
1.9032956e-06
0.00014352406
1.8848271e-06
0.0001430554
1.8674743e-06
0.00014259133
1.8500008e-06
0.00014213159
1.8334734e-06
0.00014167612
1.8171297e-06
0.00014122477
1.8013961e-06
0.00014077751
1.7856774e-06
0.0001403341
1.7709268e-06
0.00013989463
1.7557312e-06
0.00013945877
1.7418217e-06
0.00013902668
1.7273079e-06
0.00013859802
1.7139871e-06
0.00013817295
1.7000963e-06
0.00013775091
1.6885684e-06
0.00013733221
1.6751763e-06
0.00013691775
1.659635e-06
0.00013649503
1.6909735e-06
0.00013611306
1.5323099e-06
0.00013562025
1.9636414e-06
1.3759936e-06
0.00023623778
7.9173822e-06
0.00023647972
1.3226106e-05
0.00023677511
1.6025006e-05
0.00023699848
1.5791553e-05
0.00023709491
1.3632696e-05
0.0002371054
1.146519e-05
0.00023710331
1.0594265e-05
0.00023713237
1.0982333e-05
0.00023719626
1.1926662e-05
0.00023726879
1.2885883e-05
0.00023728079
1.3670994e-05
0.00023705834
1.4298735e-05
0.00023630545
1.4812819e-05
0.00023467044
1.5178795e-05
0.00023203169
1.5277084e-05
0.00022865455
1.4955331e-05
0.0002249966
1.4240791e-05
0.00022144382
1.3325343e-05
0.0002181405
1.2367966e-05
0.000215079
1.1502769e-05
0.00021224745
1.0728536e-05
0.00020964113
1.0006665e-05
0.0002072326
9.3685867e-06
0.00020500206
8.8185212e-06
0.00020292586
8.3262418e-06
0.00020098134
7.8836866e-06
0.00019915305
7.4756752e-06
0.00019742825
7.1018242e-06
0.00019579558
6.7723263e-06
0.00019424641
6.4751069e-06
0.00019277286
6.2003954e-06
0.00019136919
5.939345e-06
0.00019002616
5.7005818e-06
0.0001887359
5.489506e-06
0.00018749712
5.2928365e-06
0.00018630814
5.1061994e-06
0.00018516471
4.9290316e-06
0.0001840613
4.7696754e-06
0.00018299521
4.6235891e-06
0.00018196542
4.4834954e-06
0.00018096931
4.3510081e-06
0.00018000313
4.2314792e-06
0.00017906532
4.1207774e-06
0.00017815488
4.0133963e-06
0.00017726963
3.9123795e-06
0.00017640752
3.8200051e-06
0.00017556768
3.7321879e-06
0.00017474888
3.6476508e-06
0.00017394938
3.5693904e-06
0.00017316826
3.4958662e-06
0.00017240459
3.4256188e-06
0.00017165715
3.3597471e-06
0.00017092518
3.2969365e-06
0.00017020777
3.237619e-06
0.00016950408
3.1819693e-06
0.00016881362
3.1275254e-06
0.00016813542
3.0771104e-06
0.00016746892
3.0293336e-06
0.00016681374
2.9823953e-06
0.00016616915
2.9384041e-06
0.00016553468
2.8965335e-06
0.00016490989
2.8561728e-06
0.00016429437
2.8173483e-06
0.00016368765
2.7805676e-06
0.00016308952
2.7443304e-06
0.00016249956
2.7097297e-06
0.00016191734
2.6771065e-06
0.00016134266
2.6450316e-06
0.00016077517
2.6144512e-06
0.00016021452
2.5853444e-06
0.00015966061
2.556478e-06
0.00015911309
2.5290174e-06
0.00015857181
2.5021558e-06
0.00015803652
2.4763297e-06
0.00015750704
2.4511652e-06
0.00015698309
2.4272449e-06
0.00015646464
2.4032844e-06
0.00015595137
2.3807432e-06
0.00015544327
2.3581004e-06
0.00015494007
2.3366763e-06
0.0001544417
2.3155064e-06
0.00015394795
2.2951465e-06
0.0001534588
2.2748212e-06
0.00015297399
2.2557434e-06
0.00015249359
2.2361327e-06
0.00015201725
2.2181578e-06
0.00015154511
2.1994433e-06
0.00015107684
2.1822558e-06
0.00015061256
2.1643773e-06
0.0001501517
2.1494162e-06
0.0001496945
2.1323716e-06
0.00014924214
2.1119935e-06
0.00014878075
2.1523565e-06
0.00014836367
1.9493846e-06
0.00014782591
2.5013994e-06
1.7466332e-06
0.00024952697
7.834809e-06
0.00024977313
1.2980035e-05
0.00025007145
1.5726734e-05
0.00025029602
1.5566857e-05
0.00025038751
1.3541197e-05
0.00025038191
1.1470792e-05
0.00025035308
1.0623055e-05
0.00025034659
1.0988913e-05
0.00025037065
1.1902638e-05
0.00025041674
1.2839792e-05
0.00025047361
1.3614171e-05
0.00025052529
1.4247073e-05
0.00025053246
1.480556e-05
0.00025038594
1.5325313e-05
0.00024987309
1.578995e-05
0.00024867614
1.6152261e-05
0.00024659125
1.6325665e-05
0.00024372352
1.61931e-05
0.00024040504
1.5686439e-05
0.00023699577
1.4912044e-05
0.00023372197
1.4002333e-05
0.00023062293
1.3105707e-05
0.00022768364
1.230787e-05
0.0002249479
1.1554261e-05
0.00022241102
1.0863125e-05
0.00022004613
1.024858e-05
0.00021783757
9.6842267e-06
0.00021577022
9.1691777e-06
0.00021383117
8.7113773e-06
0.00021200694
8.2993357e-06
0.00021028213
7.92521e-06
0.0002086461
7.5753736e-06
0.00020708976
7.2569154e-06
0.00020560546
6.9738137e-06
0.00020418718
6.711117e-06
0.00020282994
6.4634396e-06
0.00020152698
6.2319883e-06
0.00020027144
6.0252145e-06
0.00019906117
5.83386e-06
0.00019789505
5.6496131e-06
0.000196769
5.4770552e-06
0.00019567837
5.3221103e-06
0.00019462197
5.1771769e-06
0.00019359835
5.0370152e-06
0.00019260451
4.9062179e-06
0.00019163816
4.7863543e-06
0.00019069843
4.6719217e-06
0.00018978353
4.5625503e-06
0.00018889133
4.4615961e-06
0.00018802094
4.366253e-06
0.00018717112
4.2754345e-06
0.00018634035
4.190523e-06
0.00018552777
4.109511e-06
0.0001847323
4.0330947e-06
0.0001839529
3.961367e-06
0.00018318896
3.8914709e-06
0.00018243933
3.8267372e-06
0.00018170338
3.7652843e-06
0.0001809806
3.7051827e-06
0.0001802701
3.6489004e-06
0.00017957137
3.5952703e-06
0.00017888384
3.543696e-06
0.00017820704
3.4941563e-06
0.00017754041
3.4472003e-06
0.00017688366
3.4010795e-06
0.00017623631
3.3570826e-06
0.00017559786
3.3155557e-06
0.00017496806
3.2748296e-06
0.00017434649
3.2360311e-06
0.00017373276
3.1990758e-06
0.0001731267
3.1625385e-06
0.00017252794
3.1277778e-06
0.00017193629
3.0938115e-06
0.00017135144
3.0611848e-06
0.00017077318
3.0294219e-06
0.00017020121
2.9992215e-06
0.00016963544
2.9690532e-06
0.00016907555
2.9406387e-06
0.00016852148
2.9121671e-06
0.00016797295
2.8852179e-06
0.00016742984
2.8586151e-06
0.00016689194
2.8330487e-06
0.00016635921
2.8075537e-06
0.00016583134
2.7836133e-06
0.0001653084
2.7590648e-06
0.00016479003
2.7365282e-06
0.00016427635
2.7131266e-06
0.00016376699
2.6916094e-06
0.00016326207
2.6692966e-06
0.00016276102
2.6504618e-06
0.00016226397
2.6294144e-06
0.00016177239
2.6035671e-06
0.00016127106
2.653683e-06
0.0001608176
2.4028373e-06
0.0001602335
3.0855028e-06
2.1485198e-06
0.0002635638
7.7514583e-06
0.00026381442
1.2729369e-05
0.00026411716
1.5423839e-05
0.00026434695
1.5337173e-05
0.00026444226
1.3445928e-05
0.00026443559
1.1477445e-05
0.0002644008
1.0657772e-05
0.00026438514
1.1004565e-05
0.00026439805
1.188973e-05
0.00026443037
1.2807411e-05
0.00026447125
1.3573306e-05
0.00026451458
1.4203819e-05
0.00026455734
1.4762791e-05
0.00026459246
1.5290172e-05
0.00026459493
1.5787467e-05
0.00026449248
1.6254735e-05
0.00026412634
1.6691751e-05
0.00026323909
1.7080398e-05
0.00026158366
1.7341863e-05
0.00025913371
1.7362021e-05
0.00025612277
1.7013265e-05
0.00025287233
1.6356149e-05
0.00024962725
1.5552946e-05
0.00024649493
1.4686579e-05
0.0002434904
1.3867652e-05
0.00024064327
1.3095712e-05
0.0002379781
1.2349395e-05
0.00023547774
1.1669536e-05
0.0002331346
1.1054519e-05
0.00023094117
1.0492761e-05
0.00022888017
9.9862124e-06
0.0002269371
9.5184464e-06
0.00022510246
9.0915522e-06
0.00022336804
8.7082375e-06
0.00022172167
8.3574819e-06
0.00022015309
8.0320258e-06
0.00021865459
7.7304805e-06
0.0002172196
7.4602101e-06
0.00021584297
7.2104908e-06
0.00021452029
6.9722869e-06
0.00021324509
6.752253e-06
0.0002120121
6.5551073e-06
0.00021082084
6.3684304e-06
0.00020966896
6.1888971e-06
0.00020855233
6.0228501e-06
0.00020746853
5.8701494e-06
0.00020641671
5.7237452e-06
0.0002053942
5.5850588e-06
0.00020439847
5.4573231e-06
0.00020342879
5.3359326e-06
0.00020248339
5.2208428e-06
0.00020156035
5.1135574e-06
0.00020065881
5.0110478e-06
0.00019977739
4.9145236e-06
0.00019891484
4.8239144e-06
0.00019807038
4.7359268e-06
0.00019724267
4.6544522e-06
0.00019643098
4.5769756e-06
0.00019563462
4.5015485e-06
0.00019485254
4.4309763e-06
0.00019408416
4.3636549e-06
0.00019332878
4.2990797e-06
0.0001925858
4.237133e-06
0.0001918546
4.1783989e-06
0.0001911348
4.120884e-06
0.00019042581
4.0660763e-06
0.00018972707
4.0142988e-06
0.00018903825
3.9636452e-06
0.00018835886
3.9154318e-06
0.00018768846
3.8694766e-06
0.00018702681
3.8241839e-06
0.0001863735
3.7810918e-06
0.00018572828
3.7390354e-06
0.0001850908
3.6986747e-06
0.0001844608
3.6594214e-06
0.00018383793
3.6220915e-06
0.00018322208
3.5849037e-06
0.00018261288
3.5498405e-06
0.00018201026
3.5147962e-06
0.00018141387
3.4816126e-06
0.00018082359
3.4488959e-06
0.00018023917
3.4174703e-06
0.00017966055
3.3861749e-06
0.00017908739
3.3567734e-06
0.00017851975
3.3267034e-06
0.00017795722
3.299051e-06
0.00017739992
3.2704234e-06
0.00017684747
3.2440605e-06
0.00017629994
3.2168198e-06
0.00017575678
3.1936198e-06
0.00017521801
3.1681843e-06
0.00017468539
3.136176e-06
0.00017414231
3.1967574e-06
0.00017365076
2.8943891e-06
0.00017301827
3.7179831e-06
2.5830338e-06
0.00027839056
7.6676632e-06
0.00027864545
1.2474562e-05
0.00027895241
1.5116988e-05
0.00027918742
1.510201e-05
0.00027928772
1.3345602e-05
0.00027928351
1.1481654e-05
0.00027924804
1.0693238e-05
0.0002792296
1.1023073e-05
0.00027923898
1.1880379e-05
0.00027926746
1.2778947e-05
0.00027930365
1.3537145e-05
0.00027934096
1.4166503e-05
0.00027937735
1.4726348e-05
0.00027941268
1.5254828e-05
0.0002794453
1.5754861e-05
0.00027946968
1.6230348e-05
0.00027946843
1.6692998e-05
0.00027939285
1.7155996e-05
0.00027912486
1.7609842e-05
0.0002784586
1.8028277e-05
0.00027711877
1.8353093e-05
0.00027499596
1.8478962e-05
0.00027225131
1.8297596e-05
0.00026915579
1.7782098e-05
0.00026596016
1.7063282e-05
0.00026282392
1.6231948e-05
0.00025977954
1.539377e-05
0.00025683147
1.4617612e-05
0.00025403685
1.3849135e-05
0.00025140526
1.3124351e-05
0.00024892873
1.2462744e-05
0.00024660126
1.184592e-05
0.00024441085
1.128196e-05
0.00024234834
1.0770751e-05
0.00024040231
1.030351e-05
0.00023855882
9.8755099e-06
0.00023680908
9.4802184e-06
0.00023514636
9.1229363e-06
0.00023356133
8.7955211e-06
0.00023204457
8.4890424e-06
0.00023058964
8.2071809e-06
0.00022919117
7.9535811e-06
0.00022784504
7.7145656e-06
0.00022654623
7.4877013e-06
0.00022528922
7.2798628e-06
0.00022407173
7.087632e-06
0.00022289285
6.9026289e-06
0.00022174863
6.7292822e-06
0.00022063618
6.5697671e-06
0.00021955498
6.4171353e-06
0.00021850245
6.2733756e-06
0.00021747629
6.139717e-06
0.00021647564
6.0116922e-06
0.0002154987
5.8914698e-06
0.00021454397
5.7786408e-06
0.00021361049
5.6694072e-06
0.00021269664
5.568308e-06
0.0002118016
5.4720166e-06
0.00021092444
5.3787129e-06
0.00021006393
5.291486e-06
0.0002092194
5.2081896e-06
0.00020838996
5.1285184e-06
0.00020757492
5.0521728e-06
0.00020677354
4.9797822e-06
0.00020598531
4.9091113e-06
0.00020520955
4.8418389e-06
0.00020444561
4.7782456e-06
0.00020369307
4.7161835e-06
0.00020295134
4.6571676e-06
0.00020221994
4.6008793e-06
0.00020149854
4.5455802e-06
0.00020078667
4.4929683e-06
0.00020008402
4.4416889e-06
0.00019939017
4.3925238e-06
0.00019870484
4.344759e-06
0.0001980276
4.2993285e-06
0.00019735832
4.254196e-06
0.00019669656
4.2116017e-06
0.00019604222
4.1691393e-06
0.00019539492
4.1289179e-06
0.0001947545
4.0893157e-06
0.00019412068
4.051294e-06
0.00019349336
4.0134872e-06
0.00019287219
3.9779502e-06
0.00019225719
3.9417043e-06
0.00019164792
3.908314e-06
0.00019104448
3.8738574e-06
0.00019044647
3.8420714e-06
0.00018985393
3.8093539e-06
0.00018926631
3.7812375e-06
0.0001886835
3.7509858e-06
0.00018810762
3.7120576e-06
0.00018752056
3.7838043e-06
0.00018698881
3.4261349e-06
0.00018630542
4.401369e-06
3.0518709e-06
0.00029405163
7.5841045e-06
0.00029431019
1.2216024e-05
0.00029462118
1.4805934e-05
0.00029486122
1.4861972e-05
0.00029496668
1.3240153e-05
0.00029496596
1.1482358e-05
0.00029493177
1.0727368e-05
0.00029491303
1.1041839e-05
0.0002949213
1.1872098e-05
0.00029494858
1.2751657e-05
0.00029498353
1.3502206e-05
0.00029501929
1.4130786e-05
0.00029505368
1.4691945e-05
0.00029508674
1.5221748e-05
0.00029511795
1.572365e-05
0.00029514653
1.6201764e-05
0.00029517123
1.666829e-05
0.00029518844
1.7138797e-05
0.00029518541
1.7612885e-05
0.00029512754
1.8086153e-05
0.00029492419
1.8556433e-05
0.00029440115
1.9002012e-05
0.00029330954
1.9389198e-05
0.00029146646
1.9625178e-05
0.00028893416
1.9595576e-05
0.00028597139
1.9194722e-05
0.00028283282
1.8532339e-05
0.00027968371
1.7766728e-05
0.00027659035
1.6942492e-05
0.00027356689
1.6147813e-05
0.00027066244
1.5367191e-05
0.00026790774
1.4600624e-05
0.00026529876
1.3890936e-05
0.00026283837
1.3231141e-05
0.00026052105
1.2620833e-05
0.00025833354
1.2063014e-05
0.00025626626
1.1547498e-05
0.00025431044
1.1078765e-05
0.00025245612
1.0649832e-05
0.00025069112
1.0254049e-05
0.00024900905
9.8892433e-06
0.00024740411
9.5585242e-06
0.00024586697
9.25171e-06
0.00024439019
8.9644736e-06
0.00024296841
8.7016448e-06
0.00024159747
8.4585714e-06
0.00024027331
8.2267904e-06
0.00023899018
8.0124078e-06
0.00023774506
7.8148949e-06
0.00023653756
7.6246314e-06
0.00023536398
7.4469591e-06
0.00023422165
7.2820443e-06
0.00023310974
7.1235993e-06
0.00023202582
6.9753979e-06
0.00023096812
6.8363366e-06
0.00022993547
6.7020627e-06
0.00022892589
6.5778883e-06
0.00022793846
6.4594467e-06
0.00022697193
6.3452455e-06
0.00022602487
6.2385488e-06
0.0002250965
6.1365637e-06
0.00022418568
6.0393324e-06
0.00022329163
5.9462288e-06
0.00022241344
5.8579727e-06
0.00022155047
5.7720795e-06
0.00022070191
5.6904026e-06
0.00021986699
5.6131656e-06
0.00021904521
5.5379692e-06
0.00021823585
5.4665343e-06
0.00021743836
5.398363e-06
0.00021665234
5.3316086e-06
0.00021587721
5.2681003e-06
0.00021511261
5.2062904e-06
0.00021435805
5.1470879e-06
0.00021361318
5.0896369e-06
0.00021287751
5.0349917e-06
0.00021215086
4.9808544e-06
0.00021143274
4.9297199e-06
0.00021072301
4.8788754e-06
0.00021002123
4.8307003e-06
0.00020932721
4.7833366e-06
0.00020864063
4.7378817e-06
0.00020796136
4.6927582e-06
0.00020728898
4.6503234e-06
0.00020662353
4.6071628e-06
0.00020596451
4.567333e-06
0.00020531199
4.526371e-06
0.00020466555
4.488512e-06
0.00020402519
4.449703e-06
0.00020339037
4.416051e-06
0.00020276085
4.3805037e-06
0.00020213908
4.333819e-06
0.00020150546
4.4174184e-06
0.00020093109
4.0005035e-06
0.00020019383
5.1386226e-06
3.5570037e-06
0.000310594
7.5011765e-06
0.00031085573
1.1954332e-05
0.00031117043
1.4491379e-05
0.00031141506
1.4617206e-05
0.00031152573
1.3129459e-05
0.00031152901
1.1479071e-05
0.00031149702
1.0759367e-05
0.00031147918
1.1059737e-05
0.0003114876
1.1863705e-05
0.00031151481
1.2724461e-05
0.00031154971
1.3467333e-05
0.00031158537
1.4095102e-05
0.00031161954
1.4657741e-05
0.0003116522
1.5189076e-05
0.00031168297
1.569289e-05
0.00031171143
1.6173304e-05
0.00031173727
1.6642457e-05
0.00031176043
1.7115633e-05
0.00031177985
1.7593465e-05
0.00031179222
1.8073776e-05
0.00031178803
1.8560618e-05
0.00031173979
1.9050251e-05
0.00031157969
1.9549307e-05
0.00031115971
2.0045159e-05
0.0003102546
2.050068e-05
0.000308624
2.0825327e-05
0.00030625796
2.0898376e-05
0.00030340473
2.0619955e-05
0.00030031194
2.0035284e-05
0.0002971517
1.9308054e-05
0.00029402008
1.8498805e-05
0.00029093564
1.7685072e-05
0.00028792892
1.6897653e-05
0.00028505396
1.6106095e-05
0.00028231768
1.5357123e-05
0.00027972474
1.465595e-05
0.00027727467
1.3997564e-05
0.00027495959
1.3393848e-05
0.0002727719
1.2837515e-05
0.00027069906
1.232689e-05
0.0002687322
1.1856113e-05
0.00026686412
1.1426594e-05
0.00026508435
1.1031488e-05
0.00026338406
1.0664762e-05
0.00026175788
1.0327822e-05
0.00026019879
1.0017662e-05
0.00025869891
9.7266711e-06
0.00025725257
9.4587473e-06
0.00025585549
9.2119762e-06
0.00025450394
8.9761766e-06
0.00025319253
8.7583729e-06
0.00025191843
8.556144e-06
0.00025068076
8.3612729e-06
0.00024947616
8.1799971e-06
0.00024830269
8.0098071e-06
0.00024715884
7.8459092e-06
0.00024604219
7.6945393e-06
0.00024495171
7.5499291e-06
0.00024388572
7.4112398e-06
0.00024284257
7.2817007e-06
0.00024182134
7.1577909e-06
0.00024082059
7.0400916e-06
0.0002398394
6.9274206e-06
0.00023887668
6.8206931e-06
0.00023793161
6.7171468e-06
0.00023700324
6.6187759e-06
0.00023609066
6.525755e-06
0.00023519322
6.4354048e-06
0.0002343101
6.3496598e-06
0.00023344067
6.2677969e-06
0.00023258437
6.1879036e-06
0.00023174058
6.1118982e-06
0.00023090883
6.038043e-06
0.00023008855
5.9673769e-06
0.0002292793
5.8988835e-06
0.00022848056
5.8337407e-06
0.00022769203
5.7693795e-06
0.00022691321
5.7085468e-06
0.00022614387
5.6482156e-06
0.00022538354
5.5910405e-06
0.00022463196
5.5349142e-06
0.00022388877
5.4810731e-06
0.00022315381
5.4277172e-06
0.00022242662
5.3775191e-06
0.00022170717
5.3266072e-06
0.00022099496
5.2795441e-06
0.00022029002
5.2313131e-06
0.00021959188
5.1866481e-06
0.00021890052
5.1410567e-06
0.00021821539
5.1011708e-06
0.0002175361
5.0597881e-06
0.00021686549
5.004423e-06
0.00021618236
5.1005492e-06
0.00021556261
4.6202437e-06
0.00021476812
5.9331129e-06
4.1006686e-06
0.00032806746
7.4191256e-06
0.00032833159
1.1690256e-05
0.00032864934
1.4173674e-05
0.0003288984
1.4368091e-05
0.0003290144
1.3013438e-05
0.00032902202
1.1471439e-05
0.00032899267
1.0788678e-05
0.00032897632
1.1076114e-05
0.00032898557
1.1854446e-05
0.00032901342
1.2696629e-05
0.00032904901
1.3431752e-05
0.00032908536
1.4058771e-05
0.00032912011
1.4622971e-05
0.00032915318
1.5155998e-05
0.00032918425
1.5661816e-05
0.000329213
1.6144547e-05
0.00032923934
1.6616108e-05
0.00032926356
1.7091426e-05
0.00032928547
1.7571562e-05
0.00032930457
1.8054675e-05
0.0003293199
1.8545296e-05
0.00032932827
1.9041875e-05
0.00032932256
1.9555013e-05
0.00032928087
2.0086848e-05
0.00032915059
2.0630963e-05
0.00032880273
2.1173182e-05
0.00032802255
2.1678559e-05
0.00032656386
2.2078642e-05
0.00032434594
2.2253211e-05
0.0003215646
2.2089387e-05
0.00031849448
2.1568923e-05
0.00031531815
2.086141e-05
0.00031214427
2.0071528e-05
0.00030899905
1.9251314e-05
0.00030589699
1.8459182e-05
0.00030290299
1.7649953e-05
0.00030003939
1.6861161e-05
0.00029731478
1.6118463e-05
0.00029473471
1.5417586e-05
0.00029229178
1.4769815e-05
0.00028997896
1.4168933e-05
0.00028778861
1.3616946e-05
0.00028571029
1.3109802e-05
0.00028373397
1.264109e-05
0.00028185194
1.2209844e-05
0.00028005596
1.1813642e-05
0.00027833687
1.1445759e-05
0.00027668935
1.1106268e-05
0.00027510721
1.0794122e-05
0.00027358256
1.0500823e-05
0.00027211
1.0230932e-05
0.00027068545
9.9806955e-06
0.00026930471
9.7420103e-06
0.00026796312
9.5215933e-06
0.00026665869
9.3142389e-06
0.00026538943
9.1151662e-06
0.00026415229
8.9316784e-06
0.00026294621
8.7560096e-06
0.00026176892
8.5885393e-06
0.0002606185
8.4321152e-06
0.00025949389
8.28241e-06
0.00025839319
8.1407942e-06
0.00025731542
8.00519e-06
0.0002562592
7.8769098e-06
0.00025522352
7.752838e-06
0.00025420723
7.6350624e-06
0.00025320925
7.523743e-06
0.00025222879
7.4158669e-06
0.00025126486
7.3135904e-06
0.00025031674
7.2159187e-06
0.00024938372
7.1209237e-06
0.00024846507
7.0305527e-06
0.00024756023
6.9428918e-06
0.0002466685
6.8591073e-06
0.00024578939
6.778e-06
0.00024492225
6.7008773e-06
0.00024406675
6.6248855e-06
0.00024322228
6.553021e-06
0.00024238856
6.481934e-06
0.00024156505
6.4145582e-06
0.00024075144
6.3485239e-06
0.00023994731
6.2852065e-06
0.00023915246
6.2225736e-06
0.00023836635
6.1636268e-06
0.00023758894
6.1040121e-06
0.00023681967
6.0488146e-06
0.00023605853
5.9924507e-06
0.00023530503
5.9401495e-06
0.00023455908
5.8869957e-06
0.00023382016
5.8400871e-06
0.00023308768
5.7922585e-06
0.00023236491
5.727189e-06
0.00023162895
5.8365001e-06
0.00023096076
5.2884262e-06
0.00023010526
6.7886124e-06
4.6853632e-06
0.0003465243
7.3382398e-06
0.00034679013
1.1424452e-05
0.00034711042
1.38535e-05
0.00034736353
1.4114893e-05
0.00034748494
1.2892003e-05
0.00034749728
1.14591e-05
0.00034747093
1.081504e-05
0.0003474564
1.1090685e-05
0.00034746683
1.1844037e-05
0.0003474957
1.2667773e-05
0.00034753241
1.3395065e-05
0.00034756994
1.402121e-05
0.00034760582
1.4587063e-05
0.00034763986
1.512196e-05
0.00034767172
1.5629965e-05
0.00034770113
1.6115137e-05
0.0003477281
1.6589144e-05
0.00034775306
1.7066466e-05
0.00034777604
1.7548569e-05
0.00034779687
1.8033845e-05
0.00034781537
1.852679e-05
0.00034783087
1.9026375e-05
0.00034784263
1.9543258e-05
0.00034784816
2.0081318e-05
0.00034784148
2.0637646e-05
0.00034780436
2.1210295e-05
0.00034769089
2.1792031e-05
0.00034739167
2.2377865e-05
0.0003467038
2.294108e-05
0.00034537437
2.3418814e-05
0.00034326202
2.368127e-05
0.00034052033
2.3603108e-05
0.00033745346
2.3138396e-05
0.00033425437
2.2450399e-05
0.00033102591
2.1687643e-05
0.00032780877
2.086709e-05
0.00032461869
2.0051241e-05
0.00032151199
1.9225166e-05
0.00031852578
1.8403793e-05
0.00031567207
1.7623524e-05
0.00031296072
1.6880287e-05
0.00031038958
1.6188088e-05
0.00030795293
1.5546446e-05
0.00030564269
1.4951332e-05
0.0003034494
1.4403132e-05
0.00030136437
1.3898677e-05
0.00029937731
1.343282e-05
0.00029748089
1.3002685e-05
0.00029566766
1.260735e-05
0.00029392873
1.2239759e-05
0.00029225905
1.1900616e-05
0.00029065258
1.1587164e-05
0.00028910166
1.1292928e-05
0.00028760136
1.1021889e-05
0.00028614794
1.0767669e-05
0.00028473641
1.0526691e-05
0.00028336292
1.0305176e-05
0.00028202647
1.0092455e-05
0.00028072396
9.8910563e-06
0.00027945317
9.7028986e-06
0.00027821285
9.5227339e-06
0.00027700056
9.3530834e-06
0.00027581525
9.1905137e-06
0.00027465512
9.0370322e-06
0.00027351894
8.8890213e-06
0.00027240539
8.7486156e-06
0.0002713131
8.6160367e-06
0.00027024113
8.4878369e-06
0.00026918832
8.3664103e-06
0.00026815379
8.2504436e-06
0.00026713667
8.1380518e-06
0.0002661361
8.0311256e-06
0.00026515139
7.9276075e-06
0.00026418172
7.8287775e-06
0.0002632265
7.7332298e-06
0.00026228497
7.6424095e-06
0.0002613567
7.5531588e-06
0.000260441
7.4687219e-06
0.00025953752
7.3854159e-06
0.00025864563
7.3064584e-06
0.00025776495
7.2291992e-06
0.000256895
7.1551567e-06
0.00025603553
7.0820511e-06
0.00025518592
7.0132297e-06
0.00025434611
6.9438277e-06
0.00025351545
6.8794699e-06
0.00025269391
6.8139915e-06
0.00025188094
6.7531119e-06
0.00025107642
6.6915129e-06
0.00025027981
6.6366878e-06
0.00024949034
6.5817197e-06
0.00024871172
6.5058083e-06
0.00024791927
6.6289435e-06
0.00024719923
6.0084564e-06
0.00024627853
7.7093092e-06
5.3138563e-06
0.00036601986
7.2587209e-06
0.00036628651
1.115786e-05
0.00036660879
1.3531314e-05
0.00036686562
1.3857982e-05
0.00036699253
1.2765068e-05
0.00036700993
1.1441677e-05
0.00036698693
1.0838016e-05
0.00036697448
1.1103167e-05
0.00036698632
1.1832192e-05
0.00036701642
1.2637691e-05
0.00036705451
1.335699e-05
0.00036709356
1.3982162e-05
0.00036713094
1.454966e-05
0.00036716634
1.508656e-05
0.00036719939
1.5596906e-05
0.00036722981
1.6084719e-05
0.00036725765
1.6561298e-05
0.00036728341
1.704071e-05
0.00036730725
1.752474e-05
0.0003673291
1.8011992e-05
0.00036734902
1.8506869e-05
0.00036736663
1.900877e-05
0.00036738196
1.9527919e-05
0.00036739476
2.0068525e-05
0.00036740405
2.0628353e-05
0.0003674075
2.1206839e-05
0.00036739933
2.1800204e-05
0.00036736409
2.2413108e-05
0.00036726093
2.3044242e-05
0.00036699497
2.3684766e-05
0.00036636975
2.4306492e-05
0.00036512511
2.4847748e-05
0.00036308
2.5183506e-05
0.00036035384
2.5176557e-05
0.00035726683
2.4774653e-05
0.0003540272
2.410672e-05
0.0003507369
2.3341549e-05
0.0003474451
2.2516967e-05
0.00034416635
2.1682534e-05
0.00034094876
2.0841116e-05
0.00033784085
1.9988199e-05
0.00033485776
1.9171175e-05
0.00033201546
1.8388749e-05
0.0003293151
1.7651688e-05
0.00032675202
1.6966213e-05
0.00032432057
1.6330129e-05
0.00032201052
1.5742872e-05
0.00031981327
1.5199928e-05
0.00031771993
1.4700694e-05
0.00031572082
1.4238869e-05
0.00031380904
1.3812395e-05
0.00031197729
1.3418907e-05
0.00031021754
1.3052681e-05
0.0003085248
1.2714626e-05
0.00030689261
1.2399861e-05
0.00030531394
1.2105364e-05
0.00030378435
1.1834771e-05
0.00030230012
1.1576682e-05
0.00030085599
1.1335196e-05
0.00029944945
1.1109437e-05
0.00029807902
1.089317e-05
0.00029674155
1.069055e-05
0.0002954359
1.049617e-05
0.00029415978
1.0313149e-05
0.00029291169
1.0137115e-05
0.00029169006
9.9702457e-06
0.0002904932
9.812908e-06
0.00028931997
9.661068e-06
0.00028816899
9.5173925e-06
0.00028703923
9.3802036e-06
0.00028592956
9.247723e-06
0.00028483903
9.1216664e-06
0.00028376674
8.999894e-06
0.00028271176
8.8837675e-06
0.00028167334
8.7716499e-06
0.00028065062
8.6651357e-06
0.00027964305
8.5607349e-06
0.00027864983
8.461941e-06
0.00027767053
8.3647248e-06
0.0002767044
8.2725912e-06
0.00027575101
8.1825908e-06
0.00027480978
8.0963868e-06
0.0002738804
8.0114358e-06
0.00027296218
7.9314511e-06
0.00027205498
7.8510204e-06
0.00027115812
7.7763317e-06
0.00027027149
7.7006211e-06
0.0002693945
7.6300899e-06
0.00026852697
7.559043e-06
0.00026766836
7.4952876e-06
0.00026681768
7.4323893e-06
0.00026597912
7.3443687e-06
0.00026512611
7.481943e-06
0.00026435047
6.7840955e-06
0.00026335994
8.6998292e-06
5.9892008e-06
0.00038661257
7.1807946e-06
0.00038687909
1.0891339e-05
0.00038720282
1.3207659e-05
0.00038746305
1.3597699e-05
0.00038759549
1.2632627e-05
0.00038761834
1.1418823e-05
0.00038759905
1.0857329e-05
0.00038758891
1.1113334e-05
0.00038760232
1.1818798e-05
0.00038763378
1.2606236e-05
0.00038767337
1.3317411e-05
0.00038771411
1.3941401e-05
0.00038775323
1.4510523e-05
0.00038779028
1.5049506e-05
0.00038782484
1.5562355e-05
0.00038785659
1.6052967e-05
0.00038788559
1.6532309e-05
0.00038791236
1.7013939e-05
0.0003879371
1.7499991e-05
0.00038795985
1.7989238e-05
0.00038798074
1.8485975e-05
0.00038799955
1.898996e-05
0.0003880165
1.9510976e-05
0.00038803165
2.0053376e-05
0.00038804479
2.0615212e-05
0.00038805547
2.1196158e-05
0.00038806249
2.1793185e-05
0.00038806375
2.2411842e-05
0.00038805392
2.3054079e-05
0.00038801933
2.3719356e-05
0.00038792247
2.4403353e-05
0.00038767593
2.5094285e-05
0.00038708834
2.5771091e-05
0.00038588948
2.6375423e-05
0.00038388141
2.6782715e-05
0.00038115089
2.6837248e-05
0.00037801559
2.6476849e-05
0.00037471571
2.5816843e-05
0.00037135205
2.5046189e-05
0.00036797975
2.4213417e-05
0.00036460981
2.3358147e-05
0.00036127857
2.2502407e-05
0.00035804664
2.1620685e-05
0.00035493285
2.0765476e-05
0.00035195754
1.9941522e-05
0.00034912612
1.9161547e-05
0.0003464352
1.8433799e-05
0.00034387989
1.7755236e-05
0.00034145129
1.712929e-05
0.00033914011
1.655005e-05
0.00033693731
1.6015201e-05
0.00033483428
1.5521928e-05
0.00033282206
1.5064908e-05
0.00033089401
1.4642674e-05
0.00032904233
1.4251541e-05
0.00032726044
1.3887254e-05
0.00032554333
1.3551887e-05
0.00032388372
1.3236292e-05
0.00032227558
1.2943343e-05
0.00032071518
1.2669829e-05
0.00031919774
1.2410617e-05
0.00031771918
1.2169113e-05
0.00031627829
1.193707e-05
0.00031487211
1.1719325e-05
0.00031349887
1.151036e-05
0.00031215663
1.1312485e-05
0.00031084333
1.1126217e-05
0.00030955762
1.0946779e-05
0.00030829782
1.0777192e-05
0.0003070627
1.0615326e-05
0.00030585084
1.0459588e-05
0.00030466115
1.0311359e-05
0.00030349252
1.0168525e-05
0.00030234383
1.0032463e-05
0.0003012142
9.9012853e-06
0.00030010259
9.7767502e-06
0.00029900833
9.6549972e-06
0.00029793051
9.539772e-06
0.00029686855
9.4266846e-06
0.00029582162
9.3195305e-06
0.00029478917
9.215036e-06
0.00029377055
9.1150149e-06
0.00029276535
9.0166389e-06
0.00029177279
8.9240102e-06
0.00029079268
8.8311274e-06
0.00028982424
8.7447686e-06
0.00028886731
8.6575483e-06
0.00028792125
8.5761412e-06
0.00028698579
8.4945042e-06
0.0002860604
8.4206651e-06
0.00028514385
8.3489327e-06
0.00028424083
8.2473876e-06
0.00028332278
8.3999861e-06
0.00028248737
7.6194894e-06
0.00028142193
9.7652694e-06
6.7147561e-06
0.00040836418
7.1044749e-06
0.0004086296
1.0625959e-05
0.00040895411
1.2883256e-05
0.00040921733
1.3334414e-05
0.00040935531
1.2494618e-05
0.00040938396
1.1390155e-05
0.00040936876
1.0872517e-05
0.0004093612
1.1120906e-05
0.00040937638
1.1803616e-05
0.00040940933
1.2573306e-05
0.00040945053
1.3276233e-05
0.00040949307
1.3898856e-05
0.00040953406
1.4469509e-05
0.00040957294
1.5010628e-05
0.00040960921
1.5526072e-05
0.00040964254
1.6019644e-05
0.00040967295
1.6501896e-05
0.00040970097
1.6985924e-05
0.00040972682
1.7474141e-05
0.00040975055
1.7965504e-05
0.00040977237
1.8464158e-05
0.00040979211
1.8970217e-05
0.0004098101
1.9492983e-05
0.00040982656
2.0036922e-05
0.00040984144
2.0600331e-05
0.00040985464
2.1182959e-05
0.00040986571
2.1782109e-05
0.00040987423
2.2403326e-05
0.00040987921
2.3049102e-05
0.00040987859
2.3719973e-05
0.00040986717
2.4414773e-05
0.000409832
2.512945e-05
0.00040973762
2.586547e-05
0.00040949875
2.6614296e-05
0.00040892874
2.7352729e-05
0.00040774832
2.8017668e-05
0.00040574092
2.848425e-05
0.00040297201
2.8585752e-05
0.00039976403
2.8254162e-05
0.00039638798
2.7589471e-05
0.00039294203
2.6804095e-05
0.0003894806
2.5963836e-05
0.00038601157
2.5089717e-05
0.00038256264
2.4214401e-05
0.00037920323
2.3300939e-05
0.000375956
2.2408769e-05
0.00037284571
2.1544094e-05
0.00036988081
2.0720132e-05
0.00036706011
1.9949994e-05
0.00036437955
1.9230612e-05
0.00036183028
1.8564471e-05
0.00035940384
1.7948367e-05
0.00035709014
1.7378603e-05
0.00035488063
1.6852185e-05
0.00035276626
1.6365919e-05
0.00035073921
1.5914297e-05
0.00034879325
1.5497849e-05
0.00034692019
1.5109354e-05
0.00034511465
1.474889e-05
0.00034337112
1.4413354e-05
0.00034168208
1.4099665e-05
0.00034004275
1.380844e-05
0.00033844918
1.3530647e-05
0.00033689652
1.327199e-05
0.00033538271
1.3024171e-05
0.00033390532
1.2789878e-05
0.00033246185
1.2569698e-05
0.00033105071
1.2357915e-05
0.00032966982
1.2158084e-05
0.00032831771
1.1967443e-05
0.00032699261
1.1784694e-05
0.00032569326
1.1610706e-05
0.00032441828
1.144351e-05
0.00032316634
1.1284404e-05
0.00032193639
1.113125e-05
0.00032072717
1.0985973e-05
0.00031953787
1.0844295e-05
0.00031836743
1.0710221e-05
0.00031721513
1.0578983e-05
0.00031608
1.0454667e-05
0.00031496139
1.0333648e-05
0.00031385851
1.0217896e-05
0.00031277088
1.0104272e-05
0.0003116976
9.9972947e-06
0.0003106384
9.8903218e-06
0.00030959241
9.7907573e-06
0.00030855939
9.6905642e-06
0.00030753865
9.5968795e-06
0.0003065298
9.5033485e-06
0.00030553234
9.418111e-06
0.00030454476
9.3365079e-06
0.00030357229
9.2198533e-06
0.00030258424
9.3880235e-06
0.00030168452
8.5192044e-06
0.00030053855
1.0911238e-05
7.4942123e-06
0.00043133986
7.0298153e-06
0.00043160311
1.0362689e-05
0.00043192772
1.2558676e-05
0.0004321936
1.3068516e-05
0.0004323371
1.2351122e-05
0.00043237189
1.1355362e-05
0.00043236117
1.0883267e-05
0.00043235646
1.1125628e-05
0.00043237359
1.1786509e-05
0.00043240813
1.2538767e-05
0.000432451
1.3233365e-05
0.00043249542
1.3854418e-05
0.0004325384
1.4426523e-05
0.00043257923
1.4969797e-05
0.00043261737
1.5487936e-05
0.00043265244
1.5984578e-05
0.00043268444
1.6469893e-05
0.00043271391
1.6956453e-05
0.00043274106
1.7446986e-05
0.00043276596
1.7940603e-05
0.00043278881
1.8441305e-05
0.00043280951
1.8949521e-05
0.00043282841
1.947408e-05
0.00043284582
2.0019516e-05
0.0004328618
2.0584356e-05
0.00043287637
2.1168386e-05
0.00043288926
2.1769212e-05
0.00043290042
2.2392167e-05
0.00043290962
2.3039902e-05
0.00043291636
2.371323e-05
0.0004329196
2.4411539e-05
0.00043291709
2.5131961e-05
0.00043290372
2.5878833e-05
0.00043286675
2.6651267e-05
0.00043277147
2.744801e-05
0.00043253255
2.8256591e-05
0.00043196309
2.9053708e-05
0.00043077066
2.9778186e-05
0.00042872482
3.03e-05
0.0004258825
3.0431784e-05
0.00042257926
3.0107336e-05
0.00041911259
2.9430505e-05
0.00041557355
2.8628757e-05
0.00041201302
2.7774929e-05
0.00040843577
2.6878196e-05
0.00040486268
2.5981852e-05
0.00040137055
2.5036228e-05
0.00039798673
2.4103953e-05
0.0003947395
2.3197221e-05
0.00039163976
2.233035e-05
0.00038868771
2.1516532e-05
0.00038588059
2.0755478e-05
0.00038320945
2.0049751e-05
0.0003806657
1.9395928e-05
0.00037823932
1.8792303e-05
0.00037592089
1.8232725e-05
0.00037370235
1.77164e-05
0.00037157462
1.7237078e-05
0.00036953101
1.6792512e-05
0.00036756475
1.6379613e-05
0.00036566894
1.5995477e-05
0.00036383817
1.5639205e-05
0.00036206537
1.5303454e-05
0.00036034468
1.4992682e-05
0.00035867232
1.4696542e-05
0.00035704283
1.4419363e-05
0.00035545323
1.4159304e-05
0.00035390169
1.3909463e-05
0.00035238552
1.3674259e-05
0.00035090302
1.3449946e-05
0.00034945198
1.3235729e-05
0.00034803094
1.3031754e-05
0.00034663817
1.2836289e-05
0.0003452721
1.2650476e-05
0.00034393144
1.2471914e-05
0.00034261471
1.2302707e-05
0.00034132092
1.2138089e-05
0.00034004881
1.198234e-05
0.0003387975
1.1830296e-05
0.00033756585
1.1686324e-05
0.00033635307
1.1546422e-05
0.00033515825
1.141272e-05
0.00033398079
1.1281738e-05
0.00033281964
1.1158445e-05
0.00033167447
1.1035493e-05
0.00033054427
1.0920957e-05
0.00032942872
1.080611e-05
0.00032832705
1.069854e-05
0.00032723877
1.0591622e-05
0.00032616339
1.0493484e-05
0.00032509907
1.0400819e-05
0.00032405164
1.0267275e-05
0.00032298814
1.0451518e-05
0.00032201906
9.4882697e-06
0.00032078639
1.2143906e-05
8.331623e-06
0.00045560844
6.9566503e-06
0.00045586855
1.0102601e-05
0.00045619246
1.2234859e-05
0.00045646052
1.2800419e-05
0.00045660948
1.2202136e-05
0.00045665072
1.1314098e-05
0.00045664488
1.0889108e-05
0.00045664332
1.1127197e-05
0.0004566626
1.1767233e-05
0.00045669888
1.2502492e-05
0.00045674353
1.3188734e-05
0.00045678991
1.380803e-05
0.00045683495
1.4381472e-05
0.00045687782
1.4926922e-05
0.00045691794
1.5447817e-05
0.00045695487
1.5947646e-05
0.00045698862
1.643614e-05
0.00045701969
1.6925385e-05
0.00045704831
1.7418366e-05
0.00045707453
1.7914385e-05
0.00045709857
1.8417265e-05
0.00045712033
1.8927761e-05
0.0004571402
1.9454208e-05
0.00045715852
2.0001202e-05
0.00045717539
2.0567482e-05
0.00045719092
2.1152857e-05
0.00045720493
2.1755199e-05
0.00045721749
2.2379604e-05
0.00045722858
2.3028819e-05
0.00045723808
2.370373e-05
0.00045724568
2.4403932e-05
0.00045725069
2.5126952e-05
0.00045725207
2.5877452e-05
0.00045724762
2.6655723e-05
0.00045723209
2.7463533e-05
0.00045719237
2.8296314e-05
0.00045709341
2.9152668e-05
0.00045684691
3.0024684e-05
0.00045626063
3.0886285e-05
0.00045502461
3.16678e-05
0.00045289956
3.2232393e-05
0.0004499501
3.237996e-05
0.00044653156
3.2047294e-05
0.0004429599
3.1346594e-05
0.00043931613
3.0521965e-05
0.00043564307
2.9654915e-05
0.00043194498
2.8734311e-05
0.0004282421
2.7806832e-05
0.00042461346
2.6825867e-05
0.00042109016
2.5853647e-05
0.00041770383
2.4902868e-05
0.00041446752
2.3991785e-05
0.00041138253
2.3134739e-05
0.00040844672
2.2331735e-05
0.0004056517
2.1587331e-05
0.00040298844
2.0895986e-05
0.00040044736
2.0257482e-05
0.00039801847
1.966597e-05
0.00039569296
1.9118024e-05
0.00039346255
1.861002e-05
0.00039131961
1.8138427e-05
0.00038925754
1.7701269e-05
0.00038726881
1.7292193e-05
0.00038534791
1.6913581e-05
0.00038348864
1.6555819e-05
0.00038168388
1.622412e-05
0.00037992957
1.5913624e-05
0.00037822021
1.5618825e-05
0.00037655231
1.5342163e-05
0.00037492395
1.5078307e-05
0.00037333236
1.4827328e-05
0.00037177577
1.4588343e-05
0.00037025208
1.4359981e-05
0.00036875943
1.4143132e-05
0.00036729624
1.3935111e-05
0.00036586073
1.3738222e-05
0.00036445171
1.3547115e-05
0.00036306766
1.3366394e-05
0.00036170753
1.3190434e-05
0.00036036996
1.3023892e-05
0.00035905402
1.2862363e-05
0.00035775862
1.2708129e-05
0.00035648301
1.2557344e-05
0.000355226
1.2415455e-05
0.00035398716
1.2274339e-05
0.00035276531
1.2142798e-05
0.00035156006
1.201136e-05
0.00035037054
1.1888056e-05
0.00034919612
1.1766038e-05
0.00034803631
1.1653279e-05
0.00034688894
1.1548178e-05
0.00034576047
1.1395743e-05
0.00034461548
1.1596501e-05
0.00034357151
1.0532228e-05
0.00034224535
1.3470064e-05
9.23144e-06
0.00048124259
6.8848649e-06
0.00048149851
9.8466601e-06
0.00048182088
1.1912481e-05
0.00048209075
1.2530545e-05
0.00048224508
1.2047819e-05
0.00048229307
1.1266105e-05
0.0004822925
1.0889701e-05
0.00048229438
1.1125333e-05
0.00048231601
1.1745613e-05
0.00048235417
1.2464329e-05
0.00048240067
1.3142227e-05
0.0004824491
1.3759596e-05
0.00048249629
1.4334277e-05
0.0004825413
1.4881907e-05
0.00048258349
1.5405633e-05
0.00048262239
1.5908743e-05
0.00048265799
1.6400543e-05
0.00048269078
1.6892593e-05
0.00048272099
1.7388154e-05
0.00048274867
1.7886705e-05
0.00048277403
1.8391903e-05
0.00048279699
1.8904799e-05
0.00048281794
1.9433258e-05
0.00048283724
1.9981908e-05
0.00048285502
2.0549702e-05
0.00048287141
2.1136466e-05
0.00048288629
2.1740317e-05
0.0004828998
2.2366097e-05
0.000482912
2.3016617e-05
0.00048292292
2.3692812e-05
0.00048293246
2.4394383e-05
0.00048294033
2.5119087e-05
0.00048294623
2.5871548e-05
0.00048294957
2.665239e-05
0.00048294923
2.7463866e-05
0.00048294276
2.8302788e-05
0.00048292469
2.9170734e-05
0.0004828812
3.0068176e-05
0.00048277574
3.0991749e-05
0.00048251385
3.1929683e-05
0.00048189153
3.2854717e-05
0.00048057856
3.3692925e-05
0.00047833378
3.4292073e-05
0.00047524515
3.443523e-05
0.00047169312
3.4073995e-05
0.00046800188
3.3346153e-05
0.0004642394
3.2496788e-05
0.00046044219
3.1604047e-05
0.00045661283
3.0655223e-05
0.00045277245
2.9694028e-05
0.00044900223
2.8673085e-05
0.00044533519
2.7658826e-05
0.00044180611
2.6663823e-05
0.00043843002
2.5707829e-05
0.00043520965
2.4807695e-05
0.000432143
2.3962639e-05
0.00042922208
2.3178403e-05
0.00042643778
2.2450276e-05
0.00042377981
2.1776e-05
0.00042123833
2.1151489e-05
0.00041880412
2.0572654e-05
0.00041646886
2.0036522e-05
0.00041422411
1.9536959e-05
0.00041206328
1.9074398e-05
0.00040997896
1.8640157e-05
0.00040796527
1.8237802e-05
0.00040601685
1.7862059e-05
0.00040412518
1.7510493e-05
0.00040228584
1.7181515e-05
0.00040049368
1.687046e-05
0.00039874459
1.6576423e-05
0.00039703651
1.6296433e-05
0.00039536682
1.6029679e-05
0.00039373329
1.5776664e-05
0.00039213401
1.5534395e-05
0.00039056685
1.5305388e-05
0.00038903037
1.5083601e-05
0.00038752272
1.4874048e-05
0.00038604265
1.4670509e-05
0.00038458855
1.4478001e-05
0.00038315928
1.4291632e-05
0.00038175355
1.4113862e-05
0.00038037047
1.3940427e-05
0.00037900863
1.3777296e-05
0.00037766749
1.3615482e-05
0.0003763457
1.3464586e-05
0.00037504273
1.331432e-05
0.00037375763
1.3173149e-05
0.0003724896
1.3034061e-05
0.00037123816
1.2904707e-05
0.00037000075
1.2785583e-05
0.00036878449
1.2611994e-05
0.00036755134
1.2829641e-05
0.00036642637
1.1657195e-05
0.00036499923
1.4897196e-05
1.0198557e-05
0.00050831904
6.8141658e-06
0.00050856989
9.5958196e-06
0.00050888979
1.1592639e-05
0.00050916093
1.2259398e-05
0.00050932049
1.1888236e-05
0.00050937547
1.121111e-05
0.00050938058
1.0884587e-05
0.00050938622
1.1119706e-05
0.00050941043
1.1721406e-05
0.00050945064
1.2424126e-05
0.00050949912
1.309376e-05
0.00050954966
1.3709046e-05
0.00050959908
1.4284846e-05
0.00050964632
1.4834665e-05
0.00050969068
1.5361275e-05
0.00050973165
1.586777e-05
0.00050976921
1.6362985e-05
0.00050980382
1.6857983e-05
0.00050983573
1.7356248e-05
0.00050986497
1.7857465e-05
0.00050989176
1.8365107e-05
0.00050991604
1.8880525e-05
0.00050993818
1.9411115e-05
0.00050995856
1.996153e-05
0.00050997732
2.0530936e-05
0.00050999462
2.1119173e-05
0.00051001034
2.1724595e-05
0.00051002465
2.2351779e-05
0.00051003769
2.3003585e-05
0.00051004953
2.368097e-05
0.00051006019
2.4383722e-05
0.00051006947
2.5109803e-05
0.00051007736
2.5863657e-05
0.00051008365
2.6646099e-05
0.00051008804
2.745948e-05
0.00051008975
2.8301079e-05
0.00051008758
2.9172906e-05
0.00051007896
3.0076795e-05
0.00051005803
3.1012675e-05
0.0005100097
3.1978011e-05
0.00050989427
3.297015e-05
0.00050960796
3.3979238e-05
0.00050892839
3.4971645e-05
0.00050750286
3.5860759e-05
0.00050509737
3.6479484e-05
0.00050184167
3.6601856e-05
0.00049814066
3.6197793e-05
0.00049431417
3.5430536e-05
0.00049041849
3.4550901e-05
0.00048648544
3.3627084e-05
0.00048251466
3.2643865e-05
0.00047852608
3.1647401e-05
0.00047460567
3.0584241e-05
0.00047078944
2.9524057e-05
0.00046711396
2.8483173e-05
0.00046359546
2.7481139e-05
0.00046023753
2.6536336e-05
0.00045703834
2.5649468e-05
0.00045398966
2.4824684e-05
0.00045108216
2.4058996e-05
0.00044830536
2.3349456e-05
0.00044564929
2.2692587e-05
0.00044310404
2.2082225e-05
0.00044066112
2.1517308e-05
0.0004383118
2.09895e-05
0.00043604938
2.0500207e-05
0.00043386752
2.0043932e-05
0.00043175869
1.9619319e-05
0.00042971745
1.9222773e-05
0.00042773579
1.8852116e-05
0.00042580838
1.8503842e-05
0.00042393033
1.8174488e-05
0.0004220972
1.7862813e-05
0.00042030635
1.7567521e-05
0.00041855542
1.7285325e-05
0.00041684187
1.7018946e-05
0.00041516395
1.6761531e-05
0.00041351941
1.6518589e-05
0.00041190676
1.6283158e-05
0.00041032406
1.6060715e-05
0.00040876997
1.5845717e-05
0.00040724292
1.5640923e-05
0.00040574184
1.5441503e-05
0.00040426507
1.5254062e-05
0.00040281196
1.50686e-05
0.00040138091
1.4895628e-05
0.00039997129
1.4723942e-05
0.00039858199
1.4562437e-05
0.00039721204
1.4404009e-05
0.00039586095
1.4255787e-05
0.00039452572
1.4120801e-05
0.0003932142
1.3923502e-05
0.00039188552
1.4158321e-05
0.00039067277
1.2869928e-05
0.00038913641
1.6433556e-05
1.1238357e-05
0.00053691881
6.7443414e-06
0.0005371637
9.3509119e-06
0.00053748017
1.1276137e-05
0.00053775212
1.1987446e-05
0.00053791676
1.1723624e-05
0.00053797893
1.1148939e-05
0.00053799013
1.0873404e-05
0.00053799982
1.1110019e-05
0.00053802683
1.1694408e-05
0.00053806924
1.2381713e-05
0.00053811979
1.30432e-05
0.00053817255
1.3656282e-05
0.0005382243
1.4233093e-05
0.00053827387
1.4785099e-05
0.00053832049
1.5314655e-05
0.00053836364
1.5824624e-05
0.00053840325
1.6323375e-05
0.00053843978
1.6821449e-05
0.00053847348
1.7322549e-05
0.00053850438
1.7826559e-05
0.00053853271
1.8336782e-05
0.00053855839
1.8854838e-05
0.00053858183
1.9387684e-05
0.00053860338
1.9939972e-05
0.00053862323
2.0511094e-05
0.0005386415
2.11009e-05
0.00053865811
2.170798e-05
0.00053867325
2.233664e-05
0.00053868705
2.2989781e-05
0.00053869965
2.3668373e-05
0.0005387111
2.4372275e-05
0.00053872127
2.509963e-05
0.00053873025
2.5854682e-05
0.00053873795
2.6638395e-05
0.00053874437
2.7453061e-05
0.00053874917
2.8296276e-05
0.00053875196
2.9170122e-05
0.00053875202
3.0076732e-05
0.00053874804
3.1016652e-05
0.00053873715
3.1988905e-05
0.00053871284
3.2994452e-05
0.00053865831
3.4033769e-05
0.00053852893
3.5101029e-05
0.0005382074
3.6182294e-05
0.00053744571
3.7241169e-05
0.00053586925
3.8178313e-05
0.00053326394
3.8803113e-05
0.0005298132
3.8881269e-05
0.00052594611
3.8417998e-05
0.00052197066
3.7602529e-05
0.00051792951
3.6685017e-05
0.00051384512
3.5731785e-05
0.00050971836
3.4711007e-05
0.00050557289
3.3669526e-05
0.00050149536
3.2560707e-05
0.00049752548
3.1451021e-05
0.00049370028
3.0361531e-05
0.00049003687
2.9312887e-05
0.0004865392
2.8322358e-05
0.0004832051
2.7393092e-05
0.00048002649
2.6528076e-05
0.00047699366
2.5725406e-05
0.00047409584
2.4980067e-05
0.0004713225
2.4290632e-05
0.00046866338
2.3648639e-05
0.00046610977
2.3053806e-05
0.00046365389
2.249983e-05
0.0004612878
2.1985408e-05
0.0004590049
2.1505687e-05
0.00045679776
2.1059252e-05
0.00045466051
2.0641099e-05
0.0004525857
2.0249301e-05
0.00045056735
1.988117e-05
0.00044860017
1.9534705e-05
0.00044667967
1.9205838e-05
0.00044480278
1.8895839e-05
0.00044296738
1.8596937e-05
0.00044117076
1.8315219e-05
0.00043941111
1.8042808e-05
0.00043768608
1.778575e-05
0.00043599412
1.7537676e-05
0.00043433327
1.7301777e-05
0.00043270234
1.7072445e-05
0.00043109925
1.6857145e-05
0.00042952328
1.664457e-05
0.00042797252
1.6446385e-05
0.0004264462
1.6250255e-05
0.00042494307
1.6065563e-05
0.00042346191
1.5885167e-05
0.00042200222
1.5715458e-05
0.00042056054
1.5562476e-05
0.00041914547
1.5338559e-05
0.00041771305
1.5590734e-05
0.00041640506
1.4177903e-05
0.00041475035
1.8088265e-05
1.2356771e-05
0.00056712745
6.675053e-06
0.0005673657
9.1126602e-06
0.00056767772
1.0964155e-05
0.00056794987
1.1715303e-05
0.00056811935
1.155413e-05
0.00056818885
1.1079421e-05
0.00056820654
1.0855712e-05
0.00056822063
1.1095941e-05
0.00056825068
1.1664365e-05
0.00056829549
1.2336914e-05
0.00056834825
1.2990441e-05
0.00056840331
1.3601216e-05
0.00056845747
1.4178924e-05
0.00056850946
1.4733111e-05
0.00056855845
1.5265665e-05
0.00056860387
1.5779201e-05
0.00056864565
1.62816e-05
0.0005686842
1.6782894e-05
0.00056871979
1.7286959e-05
0.00056875245
1.7793897e-05
0.00056878239
1.8306836e-05
0.00056880958
1.882765e-05
0.00056883439
1.9362874e-05
0.00056885722
1.9917148e-05
0.00056887822
2.0490089e-05
0.00056889755
2.1081567e-05
0.00056891514
2.1690396e-05
0.00056893116
2.2320623e-05
0.00056894576
2.2975173e-05
0.0005689591
2.3655033e-05
0.00056897125
2.4360126e-05
0.00056898212
2.5088763e-05
0.00056899183
2.5844975e-05
0.00056900038
2.6629846e-05
0.00056900784
2.7445596e-05
0.00056901405
2.8290063e-05
0.00056901892
2.9165253e-05
0.00056902221
3.0073438e-05
0.00056902349
3.101538e-05
0.00056902192
3.1990472e-05
0.00056901603
3.3000337e-05
0.00056900269
3.4047109e-05
0.00056897451
3.5129213e-05
0.00056891202
3.6244786e-05
0.00056876355
3.7389635e-05
0.00056839321
3.8548659e-05
0.00056752092
3.9675404e-05
0.00056575113
4.0651056e-05
0.00056290515
4.1263976e-05
0.00055923252
4.1275159e-05
0.00055518427
4.073327e-05
0.00055104738
3.9868675e-05
0.00054684757
3.8910816e-05
0.00054259759
3.7919506e-05
0.00053830182
3.6856479e-05
0.00053399112
3.5761718e-05
0.00052974968
3.4602978e-05
0.00052562119
3.3441378e-05
0.0005216424
3.2301158e-05
0.00051783075
3.1204732e-05
0.0005141906
3.0168242e-05
0.00051071911
2.9196892e-05
0.00050740831
2.8290884e-05
0.00050424749
2.7451435e-05
0.00050122575
2.6670398e-05
0.00049833211
2.5947441e-05
0.00049555682
2.5275137e-05
0.00049289037
2.465185e-05
0.0004903246
2.4071465e-05
0.00048785154
2.3532311e-05
0.0004854643
2.3028354e-05
0.0004831557
2.2557907e-05
0.0004809196
2.2117272e-05
0.00047874838
2.1705934e-05
0.00047663571
2.1318515e-05
0.00047457594
2.0955611e-05
0.00047256463
2.060826e-05
0.00047059847
2.0281376e-05
0.00046867532
1.9965969e-05
0.0004667923
1.9668772e-05
0.00046494759
1.9382388e-05
0.00046313879
1.9110578e-05
0.00046136451
1.8846731e-05
0.00045962223
1.8599425e-05
0.00045791114
1.8355657e-05
0.00045622888
1.8128646e-05
0.00045457462
1.790451e-05
0.00045294682
1.7693358e-05
0.00045134405
1.7487923e-05
0.00044976579
1.729371e-05
0.000448208
1.7120251e-05
0.00044668015
1.6866399e-05
0.00044513489
1.7135991e-05
0.00044372337
1.5589405e-05
0.00044194022
1.9871407e-05
1.3560354e-05
0.0005990353
6.6060724e-06
0.00059926626
8.8816808e-06
0.00059957282
1.0657552e-05
0.00059984459
1.144353e-05
0.0006000187
1.1380057e-05
0.00060009563
1.1002486e-05
0.00060012015
1.0831208e-05
0.00060013894
1.1077152e-05
0.00060017228
1.1631032e-05
0.00060021968
1.2289507e-05
0.00060027478
1.293534e-05
0.00060033224
1.3543748e-05
0.00060038892
1.4122245e-05
0.00060044342
1.4678606e-05
0.00060049489
1.5214206e-05
0.00060054269
1.5731396e-05
0.00060058674
1.6237559e-05
0.00060062742
1.6742209e-05
0.000600665
1.7249377e-05
0.00060069951
1.7759378e-05
0.00060073117
1.8275175e-05
0.00060075996
1.8798868e-05
0.00060078623
1.9336599e-05
0.0006008104
1.9892976e-05
0.00060083265
2.0467845e-05
0.00060085312
2.1061097e-05
0.00060087174
2.1671772e-05
0.00060088871
2.2303657e-05
0.00060090418
2.2959701e-05
0.0006009183
2.3640906e-05
0.00060093117
2.4347259e-05
0.0006009427
2.5077234e-05
0.00060095303
2.583464e-05
0.00060096221
2.6620673e-05
0.00060097035
2.7437458e-05
0.00060097735
2.8283057e-05
0.00060098322
2.9159383e-05
0.00060098793
3.0068734e-05
0.00060099134
3.1011961e-05
0.00060099316
3.1988658e-05
0.00060099288
3.3000618e-05
0.0006009897
3.4050281e-05
0.00060098194
3.5136981e-05
0.00060096589
3.626083e-05
0.00060093305
3.742248e-05
0.0006008603
3.8621403e-05
0.00060068634
3.9849367e-05
0.00060024991
4.1087485e-05
0.00059923206
4.2281828e-05
0.00059722124
4.3285977e-05
0.00059409292
4.3861596e-05
0.00059017917
4.3782424e-05
0.00058594056
4.3149432e-05
0.00058162698
4.2233086e-05
0.00057725473
4.1228732e-05
0.00057282664
4.01898e-05
0.00056834896
3.9080666e-05
0.00056386323
3.7927107e-05
0.00055944993
3.6714464e-05
0.00055515721
3.5497447e-05
0.00055102051
3.4304955e-05
0.00054705718
3.3160218e-05
0.0005432718
3.2076275e-05
0.00053965985
3.1063377e-05
0.00053621391
3.0116362e-05
0.00053292225
2.9239089e-05
0.00052977389
2.8423512e-05
0.00052675736
2.7668378e-05
0.00052386253
2.6966305e-05
0.00052107986
2.631498e-05
0.00051840084
2.5707386e-05
0.00051581754
2.5141206e-05
0.00051332297
2.4611856e-05
0.00051090967
2.4119234e-05
0.00050857143
2.3656766e-05
0.00050630031
2.3226737e-05
0.00050408985
2.2818729e-05
0.00050193408
2.2437147e-05
0.00049982845
2.2071604e-05
0.0004977695
2.1727732e-05
0.00049575503
2.1396859e-05
0.00049378215
2.1083464e-05
0.00049184918
2.0779704e-05
0.0004899531
2.0495503e-05
0.00048809299
2.0215773e-05
0.00048626591
1.9955723e-05
0.00048447104
1.9699372e-05
0.00048270638
1.9458007e-05
0.00048097038
1.922392e-05
0.00047926233
1.9001746e-05
0.00047757767
1.88049e-05
0.00047592673
1.8517326e-05
0.00047425847
1.8804241e-05
0.00047273422
1.7113642e-05
0.00047081147
2.1794148e-05
1.4856369e-05
0.00063273777
6.5370787e-06
0.00063296102
8.6584283e-06
0.00063326111
1.0357487e-05
0.00063353178
1.1172869e-05
0.00063371019
1.1201637e-05
0.0006337946
1.0918056e-05
0.00063382626
1.0799547e-05
0.00063385014
1.1053279e-05
0.00063388703
1.1594146e-05
0.00063393721
1.223934e-05
0.00063399479
1.2877764e-05
0.00063405476
1.3483772e-05
0.00063411404
1.4062958e-05
0.00063417117
1.4621476e-05
0.0006342252
1.516017e-05
0.0006342755
1.5681094e-05
0.00063432193
1.6191135e-05
0.00063436485
1.6699287e-05
0.00063440453
1.7209698e-05
0.00063444101
1.77229e-05
0.00063447448
1.8241703e-05
0.00063450494
1.87684e-05
0.00063453277
1.9308773e-05
0.00063455837
1.9867373e-05
0.00063458194
2.0444281e-05
0.00063460362
2.1039418e-05
0.00063462335
2.1652034e-05
0.00063464133
2.2285678e-05
0.00063465773
2.2943303e-05
0.0006346727
2.3625939e-05
0.00063468633
2.4333628e-05
0.00063469855
2.5065015e-05
0.00063470951
2.5823678e-05
0.00063471926
2.6610921e-05
0.00063472795
2.7428768e-05
0.00063473551
2.8275498e-05
0.00063474199
2.9152906e-05
0.00063474742
3.0063301e-05
0.0006347518
3.1007579e-05
0.00063475503
3.1985432e-05
0.00063475695
3.2998695e-05
0.00063475734
3.4049887e-05
0.00063475564
3.513869e-05
0.00063475084
3.6265622e-05
0.00063474108
3.7432242e-05
0.00063472206
3.8640421e-05
0.00063468363
3.9887802e-05
0.00063459754
4.1173579e-05
0.00063438952
4.2489843e-05
0.00063386454
4.3810958e-05
0.0006326569
4.5069234e-05
0.00063035353
4.6085798e-05
0.00062690729
4.6595679e-05
0.00062273603
4.6404338e-05
0.00061829919
4.5665582e-05
0.00061379731
4.4691678e-05
0.00060923791
4.3640071e-05
0.00060461692
4.2548089e-05
0.00059994386
4.1387533e-05
0.00059527356
4.0167747e-05
0.00059068067
3.8897864e-05
0.0005862181
3.7622777e-05
0.00058191925
3.6375143e-05
0.00057780009
3.5182527e-05
0.00057386629
3.4050177e-05
0.0005701111
3.2994264e-05
0.00056652657
3.2008073e-05
0.00056310072
3.109421e-05
0.00055982215
3.0244898e-05
0.00055667933
2.9457798e-05
0.00055366162
2.8725105e-05
0.00055075936
2.8043472e-05
0.00054796391
2.7407313e-05
0.00054526704
2.6816112e-05
0.00054266179
2.6262023e-05
0.0005401404
2.5748132e-05
0.0005376966
2.5262545e-05
0.00053532211
2.4811635e-05
0.00053301025
2.4383473e-05
0.00053075472
2.3983267e-05
0.00052855099
2.3600585e-05
0.00052639557
2.3238899e-05
0.00052428641
2.2888868e-05
0.00052221991
2.2561997e-05
0.00052019495
2.2240738e-05
0.00051820798
2.1942688e-05
0.00051625815
2.164919e-05
0.00051434289
2.1373261e-05
0.00051246056
2.1106245e-05
0.00051061014
2.0852151e-05
0.00050878653
2.0628495e-05
0.00050700098
2.0302866e-05
0.0005051984
2.0606818e-05
0.00050355116
1.8760869e-05
0.00050147643
2.3868862e-05
1.6252895e-05
0.00066833562
6.4679111e-06
0.00066855077
8.4432573e-06
0.00066884344
1.0064774e-05
0.00066911233
1.0903972e-05
0.00066929472
1.1019274e-05
0.00066938662
1.0826165e-05
0.0006694257
1.0760476e-05
0.00066945499
1.1023993e-05
0.00066949568
1.1553455e-05
0.0006695488
1.2186212e-05
0.00066960901
1.2817551e-05
0.0006696716
1.3421177e-05
0.00066973359
1.4000961e-05
0.00066979345
1.4561621e-05
0.00066985018
1.5103446e-05
0.00066990309
1.5628187e-05
0.00066995201
1.6142214e-05
0.00066999728
1.6654012e-05
0.00067003917
1.716781e-05
0.00067007771
1.7684357e-05
0.0006701131
1.8206316e-05
0.00067014535
1.8736149e-05
0.00067017482
1.92793e-05
0.00067020194
1.9840255e-05
0.0006702269
2.0419317e-05
0.00067024987
2.1016454e-05
0.00067027078
2.1631114e-05
0.00067028984
2.2266619e-05
0.00067030723
2.2925916e-05
0.0006703231
2.3610071e-05
0.00067033754
2.4319182e-05
0.0006703505
2.5052058e-05
0.00067036212
2.5812055e-05
0.00067037247
2.6600573e-05
0.0006703817
2.7419542e-05
0.00067038975
2.8267445e-05
0.00067039669
2.9145962e-05
0.00067040261
3.0057389e-05
0.00067040753
3.100266e-05
0.00067041141
3.1981545e-05
0.00067041426
3.2995843e-05
0.00067041607
3.4048078e-05
0.00067041664
3.5138127e-05
0.00067041564
3.6266618e-05
0.00067041251
3.7435377e-05
0.00067040615
3.8646775e-05
0.00067039435
3.989961e-05
0.00067037192
4.1196003e-05
0.00067032662
4.2535143e-05
0.00067022307
4.3914513e-05
0.00066996907
4.5323239e-05
0.00066932538
4.6729489e-05
0.00066787543
4.8045627e-05
0.00066522578
4.9053993e-05
0.00066143394
4.9457425e-05
0.00065699481
4.9130803e-05
0.00065234819
4.8286699e-05
0.00064764394
4.7252333e-05
0.00064288363
4.6147852e-05
0.00063805626
4.4995112e-05
0.00063317502
4.3779115e-05
0.00062831082
4.2486973e-05
0.00062353085
4.1155126e-05
0.0006188924
3.9820963e-05
0.00061442732
3.851529e-05
0.0006101484
3.7273168e-05
0.00060606107
3.6095427e-05
0.00060215847
3.4996795e-05
0.00059843156
3.3971834e-05
0.0005948683
3.3021046e-05
0.0005914563
3.213712e-05
0.00058818382
3.1315954e-05
0.00058503998
3.0551165e-05
0.00058201466
2.9841434e-05
0.00057909932
2.9177383e-05
0.00057628536
2.8562085e-05
0.00057356595
2.7981971e-05
0.000570933
2.7444591e-05
0.00056837996
2.6936518e-05
0.00056589827
2.6464972e-05
0.00056348113
2.6017719e-05
0.00056112195
2.5598081e-05
0.00055881656
2.5194266e-05
0.00055656066
2.4817893e-05
0.00055435283
2.4448573e-05
0.00055218886
2.4106652e-05
0.00055006777
2.3770269e-05
0.00054798635
2.3454677e-05
0.00054594289
2.3149693e-05
0.00054393591
2.2859116e-05
0.0005419598
2.2604591e-05
0.00054002671
2.2235947e-05
0.00053807711
2.2556405e-05
0.00053629543
2.054254e-05
0.000534055
2.6109289e-05
1.7758945e-05
0.00070593528
6.3983461e-06
0.00070614217
8.2363453e-06
0.00070642653
9.7804368e-06
0.00070669281
1.0637697e-05
0.00070687877
1.0833307e-05
0.00070697807
1.0726861e-05
0.00070702481
1.0713731e-05
0.00070705986
1.0988945e-05
0.00070710461
1.150872e-05
0.0007071609
1.2129924e-05
0.00070722389
1.2754556e-05
0.00070728922
1.3355845e-05
0.00070735403
1.3936154e-05
0.00070741672
1.449893e-05
0.00070747624
1.5043927e-05
0.00070753187
1.5572552e-05
0.00070758341
1.6090677e-05
0.00070763115
1.6606266e-05
0.00070767536
1.7123599e-05
0.00070771608
1.7643636e-05
0.00070775349
1.8168908e-05
0.00070778763
1.8702011e-05
0.00070781884
1.9248086e-05
0.00070784757
1.9811529e-05
0.00070787402
2.0392871e-05
0.00070789834
2.0992127e-05
0.00070792052
2.1608938e-05
0.00070794073
2.224641e-05
0.00070795916
2.2907478e-05
0.00070797599
2.3593246e-05
0.00070799131
2.4303865e-05
0.00070800505
2.5038313e-05
0.00070801738
2.5799725e-05
0.00070802836
2.6589592e-05
0.00070803815
2.7409752e-05
0.0007080467
2.8258891e-05
0.00070805409
2.9138573e-05
0.00070806041
3.0051073e-05
0.00070806571
3.0997356e-05
0.00070807
3.1977257e-05
0.00070807331
3.2992533e-05
0.00070807571
3.4045674e-05
0.00070807718
3.5136665e-05
0.00070807761
3.626619e-05
0.00070807683
3.7436153e-05
0.00070807456
3.8649046e-05
0.0007080701
3.9904065e-05
0.00070806219
4.1203919e-05
0.00070804824
4.2549095e-05
0.00070802189
4.3940865e-05
0.00070796797
4.5377158e-05
0.00070784112
4.6856335e-05
0.00070752446
4.8362294e-05
0.00070672379
4.9854666e-05
0.00070496647
5.1214747e-05
0.00070191384
5.2183431e-05
0.0006977561
5.2444445e-05
0.00069304292
5.1965509e-05
0.00068817762
5.1013158e-05
0.00068325821
4.9914517e-05
0.00067828325
4.8754097e-05
0.0006732363
4.7533903e-05
0.00066813501
4.6256446e-05
0.00066306838
4.4887577e-05
0.00065809427
4.3489428e-05
0.00065327138
4.2096038e-05
0.00064863261
4.0734222e-05
0.00064418956
3.9439834e-05
0.00063994514
3.8216274e-05
0.00063589231
3.7073871e-05
0.00063202001
3.6009433e-05
0.00062831612
3.5019854e-05
0.00062476759
3.4099705e-05
0.00062136189
3.3247131e-05
0.00061808818
3.2451116e-05
0.00061493602
3.1714242e-05
0.00061189707
3.1020933e-05
0.00060896243
3.0379234e-05
0.000606125
2.9773958e-05
0.00060337664
2.9213351e-05
0.0006007105
2.8683844e-05
0.00059811763
2.8190962e-05
0.00059559157
2.7720328e-05
0.0005931245
2.7284962e-05
0.00059071319
2.6859888e-05
0.00058835271
2.6467129e-05
0.00058604179
2.6081172e-05
0.00058377658
2.5719886e-05
0.0005815552
2.537106e-05
0.00057937562
2.5038679e-05
0.00057723172
2.4748482e-05
0.00057513654
2.4331118e-05
0.00057302569
2.4667237e-05
0.00057109673
2.2471485e-05
0.00056867529
2.8530719e-05
1.9384596e-05
0.00074564912
6.3283363e-06
0.00074584764
8.0378113e-06
0.0007461229
9.5051249e-06
0.00074638582
1.0374768e-05
0.00074657491
1.0644245e-05
0.00074668148
1.0620299e-05
0.00074673606
1.065916e-05
0.00074677717
1.0947831e-05
0.00074682621
1.1459676e-05
0.00074688586
1.2070273e-05
0.00074695181
1.2688599e-05
0.00074702
1.3287651e-05
0.00074708773
1.3868425e-05
0.00074715336
1.4433297e-05
0.0007472158
1.4981492e-05
0.00074727428
1.5514076e-05
0.00074732855
1.6036401e-05
0.00074737889
1.6555927e-05
0.00074742554
1.7076946e-05
0.00074746855
1.7600621e-05
0.0007475081
1.8129366e-05
0.00074754423
1.8665881e-05
0.00074757729
1.9215026e-05
0.00074760771
1.9781102e-05
0.00074763573
2.0364851e-05
0.0007476615
2.0966355e-05
0.00074768501
2.1585427e-05
0.00074770644
2.2224981e-05
0.000747726
2.2887923e-05
0.00074774384
2.3575401e-05
0.00074776009
2.4287622e-05
0.00074777467
2.5023728e-05
0.00074778775
2.5786642e-05
0.00074779941
2.6577936e-05
0.0007478098
2.7399364e-05
0.00074781888
2.8249807e-05
0.00074782673
2.9130722e-05
0.00074783345
3.0044354e-05
0.00074783911
3.0991698e-05
0.00074784371
3.1972655e-05
0.00074784732
3.2988921e-05
0.00074785004
3.4042952e-05
0.00074785189
3.5134823e-05
0.00074785285
3.6265223e-05
0.00074785294
3.7436064e-05
0.00074785211
3.8649874e-05
0.00074785014
3.9906042e-05
0.00074784668
4.1207383e-05
0.000747841
4.2554774e-05
0.00074783158
4.3950287e-05
0.00074781532
4.5393418e-05
0.00074778435
4.6887306e-05
0.0007477191
4.8427536e-05
0.00074756109
5.0012684e-05
0.00074715598
5.1619856e-05
0.00074614398
5.3195433e-05
0.00074400865
5.4579781e-05
0.00074050323
5.5470924e-05
0.00073596572
5.5550683e-05
0.00073097498
5.4905246e-05
0.00072588145
5.3847651e-05
0.0007207352
5.2680133e-05
0.00071553274
5.1458937e-05
0.0007102551
5.0165191e-05
0.0007049188
4.8825768e-05
0.00069963195
4.7382862e-05
0.00069445628
4.590993e-05
0.00068944546
4.4450634e-05
0.00068462995
4.3031803e-05
0.00068002034
4.1683475e-05
0.00067561591
4.0413881e-05
0.00067140991
3.9225856e-05
0.00066738952
3.8120113e-05
0.00066354114
3.7095509e-05
0.00065985183
3.6140446e-05
0.0006563087
3.5257364e-05
0.00065290116
3.4428499e-05
0.00064961837
3.366202e-05
0.00064645177
3.2940569e-05
0.00064339247
3.2272671e-05
0.00064043306
3.1643236e-05
0.00063756532
3.1058714e-05
0.00063478244
3.0503216e-05
0.00063207398
2.9993406e-05
0.0006294346
2.9499281e-05
0.00062685526
2.9046466e-05
0.00062433332
2.8603095e-05
0.00062186426
2.8188943e-05
0.00061944585
2.7789463e-05
0.0006170755
2.7409016e-05
0.00061474647
2.7077497e-05
0.00061247276
2.6604812e-05
0.00061018463
2.695535e-05
0.00060809397
2.4562135e-05
0.00060547447
3.1150206e-05
2.1141136e-05
0.00078759584
6.257809e-06
0.00078778604
7.8475822e-06
0.00078805157
9.239615e-06
0.00078831026
1.0116083e-05
0.00078850193
1.0452569e-05
0.00078861557
1.0506654e-05
0.00078867811
1.0596625e-05
0.00078872558
1.0900365e-05
0.00078877919
1.1406069e-05
0.00078884241
1.2007049e-05
0.00078891149
1.2619525e-05
0.00078898267
1.3216462e-05
0.00078905343
1.379767e-05
0.00078912211
1.4364609e-05
0.00078918757
1.4916033e-05
0.00078924901
1.5452633e-05
0.00078930615
1.5979262e-05
0.00078935921
1.6502869e-05
0.00078940843
1.7027727e-05
0.00078945386
1.7555191e-05
0.00078949565
1.8087573e-05
0.00078953389
1.8627644e-05
0.0007895689
1.9180014e-05
0.00078960113
1.9748872e-05
0.00078963081
2.0335165e-05
0.00078965812
2.0939049e-05
0.00078968305
2.1560501e-05
0.00078970577
2.2202255e-05
0.00078972651
2.286718e-05
0.00078974544
2.3556472e-05
0.00078976267
2.4270395e-05
0.00078977815
2.500825e-05
0.00078979203
2.5772758e-05
0.00078980441
2.6565559e-05
0.00078981543
2.7388337e-05
0.00078982508
2.8240158e-05
0.00078983343
2.912238e-05
0.00078984057
3.003721e-05
0.00078984659
3.0985678e-05
0.0007898515
3.1967745e-05
0.00078985537
3.298505e-05
0.00078985832
3.4040001e-05
0.00078986038
3.5132762e-05
0.00078986158
3.6264023e-05
0.00078986198
3.7435667e-05
0.00078986164
3.8650209e-05
0.0007898605
3.9907183e-05
0.00078985851
4.1209373e-05
0.00078985547
4.2557814e-05
0.00078985099
4.3954777e-05
0.00078984417
4.5400231e-05
0.0007898333
4.6898185e-05
0.00078981446
4.8446374e-05
0.00078977786
5.0049283e-05
0.00078969706
5.1700658e-05
0.00078949498
5.3397523e-05
0.00078896589
5.5108867e-05
0.00078767413
5.6762686e-05
0.00078508384
5.8140989e-05
0.00078108331
5.8905765e-05
0.00077615917
5.8771809e-05
0.0007708915
5.7947783e-05
0.00076556073
5.6789745e-05
0.00076017796
5.5547938e-05
0.00075472259
5.4281172e-05
0.00074918775
5.2917672e-05
0.00074361351
5.1484209e-05
0.00073810201
4.9962117e-05
0.00073272122
4.8412618e-05
0.00072751963
4.6885064e-05
0.00072252412
4.5409407e-05
0.00071774531
4.4004668e-05
0.00071317827
4.2687164e-05
0.00070881423
4.145955e-05
0.00070464068
4.0314019e-05
0.0007006432
3.9254837e-05
0.00069680902
3.8262702e-05
0.00069312464
3.7346402e-05
0.00068957906
3.6486151e-05
0.00068616149
3.5690264e-05
0.00068286309
3.4941616e-05
0.00067967503
3.4246797e-05
0.00067658984
3.3588414e-05
0.00067359819
3.2985034e-05
0.00067069408
3.240341e-05
0.00066786557
3.1874972e-05
0.00066510794
3.1360708e-05
0.00066241212
3.0884757e-05
0.00065977486
3.0426716e-05
0.0006571931
2.9990758e-05
0.00065465924
2.9611338e-05
0.00065218841
2.9075635e-05
0.00064970485
2.9438896e-05
0.00064743618
2.683078e-05
0.00064459956
3.3986818e-05
2.3041263e-05
0.00083190084
6.1868287e-06
0.00083208281
7.6656126e-06
0.00083233807
8.9843042e-06
0.00083259176
9.8623758e-06
0.00083278545
1.0258899e-05
0.0008329059
1.0386213e-05
0.00083297644
1.0526091e-05
0.0008330305
1.0846301e-05
0.00083308892
1.1347644e-05
0.00083315591
1.1940052e-05
0.00083322829
1.2547146e-05
0.00083330261
1.3142142e-05
0.0008333765
1.3723771e-05
0.00083344836
1.4292756e-05
0.00083351697
1.4847425e-05
0.0008335815
1.5388103e-05
0.00083364163
1.591913e-05
0.00083369754
1.644696e-05
0.00083374945
1.6975813e-05
0.00083379742
1.750722e-05
0.00083384159
1.8043404e-05
0.00083388205
1.8587184e-05
0.00083391913
1.9142935e-05
0.00083395327
1.9714733e-05
0.00083398472
2.0303713e-05
0.00083401365
2.0910116e-05
0.00083404008
2.1534072e-05
0.00083406418
2.2178151e-05
0.00083408619
2.2845175e-05
0.00083410627
2.3536392e-05
0.00083412454
2.4252122e-05
0.00083414097
2.499182e-05
0.00083415571
2.5758019e-05
0.00083416885
2.6552416e-05
0.00083418056
2.7376629e-05
0.00083419081
2.8229907e-05
0.00083419968
2.9113513e-05
0.00083420727
3.0029614e-05
0.00083421368
3.0979272e-05
0.00083421891
3.1962513e-05
0.00083422304
3.2980915e-05
0.00083422621
3.4036837e-05
0.00083422844
3.513053e-05
0.00083422978
3.626268e-05
0.00083423031
3.7435139e-05
0.00083423014
3.8650384e-05
0.00083422925
3.9908077e-05
0.0008342277
4.1210919e-05
0.00083422548
4.256004e-05
0.00083422252
4.3957737e-05
0.00083421856
4.540419e-05
0.00083421321
4.6903541e-05
0.00083420538
4.8454205e-05
0.00083419305
5.0061616e-05
0.00083417119
5.1722512e-05
0.00083412721
5.344151e-05
0.00083402444
5.5211633e-05
0.00083376001
5.7027122e-05
0.00083305814
5.8842865e-05
0.00083140129
6.0562615e-05
0.00082827682
6.1896297e-05
0.00082375411
6.2470472e-05
0.00081844473
6.2099156e-05
0.00081290115
6.1091499e-05
0.00080732318
5.9859177e-05
0.00080168497
5.8555857e-05
0.00079595991
5.7209306e-05
0.00079015329
5.5768716e-05
0.00078433401
5.4231935e-05
0.00077859241
5.2626651e-05
0.00077300219
5.0999648e-05
0.00076760663
4.9400231e-05
0.00076242678
4.7867026e-05
0.00075747156
4.6414775e-05
0.00075273623
4.5049367e-05
0.00074820955
4.3781508e-05
0.00074387906
4.2593226e-05
0.00073972894
4.1496512e-05
0.00073574562
4.0469475e-05
0.00073191557
3.9520342e-05
0.00072822757
3.8629602e-05
0.00072467083
3.7803559e-05
0.00072123653
3.702271e-05
0.0007179149
3.6306649e-05
0.00071469928
3.5619048e-05
0.00071157925
3.4994999e-05
0.00070854912
3.4390814e-05
0.00070559631
3.3837562e-05
0.00070271523
3.3307793e-05
0.00069989856
3.2807408e-05
0.0006971374
3.2372481e-05
0.00069444832
3.1764707e-05
0.0006917487
3.2138497e-05
0.00068928361
2.9295851e-05
0.00068620844
3.706198e-05
2.5099359e-05
0.00087869653
6.1154737e-06
0.00087887045
7.4916714e-06
0.0008791151
8.7396506e-06
0.00087936299
9.614494e-06
0.00087955804
1.0063852e-05
0.00087968495
1.02593e-05
0.00087976348
1.0447562e-05
0.00087982434
1.0785435e-05
0.00087988783
1.1284163e-05
0.0008799588
1.1869076e-05
0.00088003465
1.24713e-05
0.00088011224
1.3064548e-05
0.0008801894
1.3646614e-05
0.00088026453
1.4217623e-05
0.0008803364
1.4775554e-05
0.00088040415
1.5320356e-05
0.0008804674
1.5855876e-05
0.00088052629
1.6388067e-05
0.00088058103
1.6921071e-05
0.00088063168
1.7456576e-05
0.00088067835
1.7996732e-05
0.00088072116
1.8544374e-05
0.00088076042
1.9103672e-05
0.00088079658
1.9678573e-05
0.00088082991
2.0270389e-05
0.00088086056
2.0879458e-05
0.00088088859
2.1506049e-05
0.00088091416
2.2152584e-05
0.0008809375
2.282183e-05
0.0008809588
2.3515087e-05
0.00088097819
2.4232735e-05
0.00088099563
2.4974379e-05
0.00088101128
2.574237e-05
0.00088102524
2.6538456e-05
0.00088103767
2.7364195e-05
0.00088104857
2.8219013e-05
0.000881058
2.9104086e-05
0.00088106607
3.0021535e-05
0.00088107289
3.0972454e-05
0.00088107847
3.1956937e-05
0.00088108288
3.2976501e-05
0.00088108627
3.4033453e-05
0.00088108867
3.5128129e-05
0.00088109014
3.6261213e-05
0.00088109075
3.7434526e-05
0.00088109064
3.8650498e-05
0.0008810898
3.9908912e-05
0.00088108835
4.121237e-05
0.00088108632
4.2562072e-05
0.00088108376
4.3960294e-05
0.00088108062
4.5407334e-05
0.00088107688
4.6907287e-05
0.00088107219
4.8458897e-05
0.00088106612
5.0067683e-05
0.00088105738
5.1731252e-05
0.00088104351
5.3455386e-05
0.00088101789
5.5237253e-05
0.00088096395
5.7081066e-05
0.00088082983
5.8976993e-05
0.00088047613
6.0916318e-05
0.00087953477
6.2837659e-05
0.00087740887
6.4596366e-05
0.00087367595
6.5832105e-05
0.00086862391
6.6143513e-05
0.00086295457
6.5528563e-05
0.00085713807
6.4372317e-05
0.00085128806
6.3059369e-05
0.00084537242
6.1684326e-05
0.0008393616
6.0242794e-05
0.00083327249
5.8715753e-05
0.0008272015
5.707065e-05
0.00082122266
5.5379083e-05
0.0008154121
5.3677596e-05
0.00080981292
5.201396e-05
0.00080444396
5.0418352e-05
0.00079930871
4.8916741e-05
0.00079440232
4.7499646e-05
0.00078971014
4.6188695e-05
0.00078521821
4.496141e-05
0.00078091068
4.3827897e-05
0.00077677349
4.2766768e-05
0.000772793
4.1784078e-05
0.00076895812
4.0857589e-05
0.0007652571
4.0007646e-05
0.00076168208
3.9194096e-05
0.00075822224
3.8454825e-05
0.00075487161
3.7741432e-05
0.00075161898
3.709019e-05
0.00074845742
3.6469336e-05
0.00074537592
3.588889e-05
0.00074236173
3.5386652e-05
0.00073943035
3.4696075e-05
0.00073649117
3.5077658e-05
0.00073380877
3.1978231e-05
0.00073047087
4.0399876e-05
2.7331849e-05
0.00092812285
6.0438977e-06
0.00092828892
7.3255948e-06
0.00092852275
8.5057933e-06
0.00092876414
9.3730904e-06
0.00092895986
9.8681429e-06
0.00092909282
1.0126344e-05
0.00092917924
1.0361144e-05
0.00092924706
1.0717612e-05
0.00092931581
1.1215405e-05
0.00092939095
1.179393e-05
0.00092947044
1.2391804e-05
0.00092955146
1.2983533e-05
0.00092963199
1.3566077e-05
0.00092971052
1.4139095e-05
0.00092978578
1.4700295e-05
0.00092985687
1.524927e-05
0.00092992338
1.5789366e-05
0.00092998539
1.6326054e-05
0.00093004309
1.6863365e-05
0.00093009655
1.7403124e-05
0.00093014586
1.7947421e-05
0.00093019114
1.8499088e-05
0.00093023272
1.9062096e-05
0.00093027102
1.9640272e-05
0.00093030632
2.0235083e-05
0.00093033881
2.084697e-05
0.00093036853
2.1476333e-05
0.00093039565
2.2125461e-05
0.00093042042
2.279706e-05
0.00093044302
2.3492481e-05
0.00093046359
2.4212164e-05
0.00093048211
2.495586e-05
0.00093049873
2.5725753e-05
0.00093051356
2.6523625e-05
0.00093052677
2.7350989e-05
0.00093053835
2.8207433e-05
0.00093054837
2.909406e-05
0.00093055697
3.0012938e-05
0.00093056423
3.0965196e-05
0.00093057017
3.1950993e-05
0.00093057488
3.2971787e-05
0.00093057851
3.4029832e-05
0.00093058109
3.5125549e-05
0.00093058268
3.6259621e-05
0.00093058337
3.7433834e-05
0.00093058329
3.8650575e-05
0.00093058247
3.990974e-05
0.000930581
4.1213834e-05
0.00093057897
4.256411e-05
0.00093057645
4.3962814e-05
0.00093057345
4.5410334e-05
0.00093057008
4.6910658e-05
0.00093056622
4.8462759e-05
0.00093056188
5.0072029e-05
0.00093055664
5.173649e-05
0.00093055001
5.3462021e-05
0.00093054041
5.5246856e-05
0.00093052484
5.7096641e-05
0.00093049427
5.9007562e-05
0.00093042625
6.0984345e-05
0.0009302473
6.3016613e-05
0.0009297617
6.5081973e-05
0.00092849116
6.7102653e-05
0.00092577876
6.8855892e-05
0.00092138345
6.9923919e-05
0.00091582207
6.9933657e-05
0.00090980744
6.9074052e-05
0.00090370713
6.7784609e-05
0.00089756827
6.6381688e-05
0.00089136198
6.4922028e-05
0.00088505399
6.3378666e-05
0.00087866289
6.1770191e-05
0.00087231677
6.002373e-05
0.00086609387
5.8236857e-05
0.00086006165
5.6450601e-05
0.00085425725
5.4721128e-05
0.00084869799
5.3058944e-05
0.00084338035
5.1506322e-05
0.00083829757
5.00442e-05
0.00083343467
4.8690833e-05
0.00082877624
4.7425162e-05
0.00082430615
4.62542e-05
0.00082001045
4.515329e-05
0.0008158742
4.4143873e-05
0.00081188739
4.3180934e-05
0.0008080372
4.2304996e-05
0.00080431667
4.1461943e-05
0.00080071421
4.0692649e-05
0.00079722337
3.996017e-05
0.00079383379
3.9278449e-05
0.00079052979
3.8690637e-05
0.00078732688
3.7898971e-05
0.00078412124
3.8283276e-05
0.00078119781
3.4901635e-05
0.00077756978
4.4027901e-05
2.975762e-05
0.00098032749
5.972269e-06
0.00098048606
7.1670334e-06
0.00098070898
8.2828601e-06
0.00098094321
9.1388585e-06
0.00098113886
9.6724916e-06
0.00098127737
9.9878302e-06
0.00098137152
1.0266998e-05
0.00098144639
1.0642738e-05
0.00098152062
1.1141175e-05
0.00098160013
1.1714425e-05
0.00098168343
1.2308502e-05
0.00098176801
1.2898955e-05
0.00098185204
1.3482043e-05
0.00098193407
1.4057061e-05
0.00098201283
1.4621535e-05
0.00098208739
1.5174716e-05
0.00098215729
1.5719467e-05
0.00098222256
1.6260781e-05
0.00098228337
1.6802555e-05
0.00098233977
1.7346725e-05
0.00098239185
1.7895335e-05
0.00098243975
1.8451188e-05
0.00098248376
1.9018082e-05
0.00098252433
1.9599708e-05
0.00098256173
2.0197678e-05
0.00098259616
2.0812543e-05
0.00098262767
2.1444822e-05
0.00098265644
2.2096688e-05
0.00098268273
2.2770776e-05
0.00098270672
2.3468491e-05
0.00098272855
2.4190335e-05
0.00098274821
2.4936194e-05
0.00098276586
2.5708104e-05
0.00098278162
2.6507867e-05
0.00098279565
2.7336958e-05
0.00098280796
2.8195122e-05
0.00098281862
2.9083395e-05
0.00098282777
3.000379e-05
0.0009828355
3.0957467e-05
0.00098284184
3.1944653e-05
0.00098284687
3.296675e-05
0.00098285075
3.4025956e-05
0.00098285352
3.5122775e-05
0.00098285525
3.6257893e-05
0.00098285603
3.7433059e-05
0.00098285599
3.8650615e-05
0.00098285516
3.9910573e-05
0.00098285365
4.1215337e-05
0.00098285155
4.2566211e-05
0.00098284896
4.3965408e-05
0.0009828459
4.5413394e-05
0.00098284252
4.6914039e-05
0.00098283877
4.8466512e-05
0.00098283479
5.0076012e-05
0.00098283042
5.1740863e-05
0.00098282566
5.3466787e-05
0.00098282004
5.5252474e-05
0.00098281299
5.7103693e-05
0.00098280252
5.9018042e-05
0.00098278479
6.1002069e-05
0.00098274774
6.3053673e-05
0.00098265869
6.5171023e-05
0.00098241411
6.7347238e-05
0.00098173004
6.9539969e-05
0.00098001105
7.164292e-05
0.00097660914
7.3335536e-05
0.00097152747
7.4155788e-05
0.00096547444
7.3837598e-05
0.00095912509
7.2731084e-05
0.00095273339
7.1313712e-05
0.00094629195
6.9820127e-05
0.00093975697
6.8305175e-05
0.00093311692
6.6663796e-05
0.0009264275
6.4926281e-05
0.00091980703
6.3071106e-05
0.00091334021
6.1187924e-05
0.00090708584
5.9313361e-05
0.00090107252
5.7519636e-05
0.00089531584
5.5800879e-05
0.00088981056
5.4196159e-05
0.00088454617
5.2689512e-05
0.00087950734
5.1293072e-05
0.00087467804
4.998259e-05
0.00087003998
4.8781895e-05
0.00086558039
4.7640558e-05
0.00086128315
4.660222e-05
0.00085713921
4.5605866e-05
0.00085313501
4.4696847e-05
0.00084926373
4.3831438e-05
0.00084551405
4.3028107e-05
0.00084187119
4.2333476e-05
0.00083835334
4.141681e-05
0.00083484338
4.1793219e-05
0.00083165193
3.8093064e-05
0.00082770261
4.7977206e-05
3.2398574e-05
0.0010354667
5.9007762e-06
0.001035618
7.0156768e-06
0.0010358301
8.0708249e-06
0.0010360566
8.9122902e-06
0.0010362514
9.4776576e-06
0.0010363949
9.8443339e-06
0.0010364966
1.0165385e-05
0.0010365785
1.0560781e-05
0.0010366584
1.1061313e-05
0.0010367424
1.1630398e-05
0.0010368297
1.2221225e-05
0.001036918
1.2810667e-05
0.0010370056
1.3394387e-05
0.0010370913
1.3971407e-05
0.0010371736
1.453915e-05
0.0010372518
1.5096568e-05
0.0010373252
1.5646046e-05
0.0010373939
1.6192109e-05
0.0010374579
1.6738498e-05
0.0010375174
1.7287236e-05
0.0010375724
1.784033e-05
0.0010376231
1.8400539e-05
0.0010376697
1.897149e-05
0.0010377126
1.9556751e-05
0.0010377523
2.0158053e-05
0.0010377887
2.0776062e-05
0.0010378222
2.1411407e-05
0.0010378527
2.2066161e-05
0.0010378806
2.2742885e-05
0.001037906
2.344303e-05
0.0010379292
2.4167166e-05
0.0010379501
2.491531e-05
0.0010379688
2.5689357e-05
0.0010379856
2.6491121e-05
0.0010380005
2.732205e-05
0.0010380136
2.8182032e-05
0.0010380249
2.9072048e-05
0.0010380347
2.9994051e-05
0.0010380429
3.0949234e-05
0.0010380497
3.1937889e-05
0.001038055
3.2961368e-05
0.0010380592
3.4021805e-05
0.0010380622
3.5119792e-05
0.001038064
3.6256017e-05
0.0010380649
3.7432192e-05
0.0010380649
3.8650616e-05
0.0010380641
3.9911409e-05
0.0010380625
4.1216883e-05
0.0010380604
4.2568389e-05
0.0010380577
4.3968105e-05
0.0010380545
4.5416577e-05
0.001038051
4.6917544e-05
0.0010380471
4.8470372e-05
0.0010380431
5.0080041e-05
0.0010380388
5.1745151e-05
0.0010380344
5.3471195e-05
0.0010380297
5.5257166e-05
0.0010380247
5.7108693e-05
0.0010380189
5.9023899e-05
0.0010380114
6.10095e-05
0.0010380001
6.3064999e-05
0.0010379794
6.5191728e-05
0.0010379333
6.7393375e-05
0.0010378117
6.9661546e-05
0.0010374664
7.1988281e-05
0.0010364948
7.4307068e-05
0.0010341894
7.6461266e-05
0.0010300039
7.8023025e-05
0.0010242436
7.8491466e-05
0.0010177248
7.7832486e-05
0.0010110378
7.6507158e-05
0.0010043384
7.5004571e-05
0.00099756969
7.3432527e-05
0.00099068914
7.1806822e-05
0.00098370806
7.0052224e-05
0.00097671864
6.8177325e-05
0.00096981896
6.6213086e-05
0.00096309853
6.4240063e-05
0.00095661362
6.228578e-05
0.00095038724
6.0422592e-05
0.00094442832
5.8648387e-05
0.00093873101
5.6990429e-05
0.00093328161
5.5431991e-05
0.00092806124
5.400222e-05
0.00092305519
5.2646655e-05
0.00091824356
5.1413827e-05
0.00091361435
5.0235053e-05
0.00090915078
4.9160424e-05
0.00090484429
4.8137908e-05
0.00090068111
4.7191263e-05
0.00089664709
4.6367483e-05
0.00089275894
4.5304956e-05
0.0008888955
4.5656631e-05
0.00088539737
4.1591162e-05
0.00088108294
5.2291633e-05
3.5280342e-05
0.0010937053
5.829681e-06
0.0010938495
6.871439e-06
0.0010940509
7.8694486e-06
0.0010942694
8.6938361e-06
0.0010944626
9.2843872e-06
0.0010946105
9.6964856e-06
0.0010947192
1.0056631e-05
0.0010948082
1.0471776e-05
0.0010948938
1.0975695e-05
0.0010949826
1.154169e-05
0.0010950739
1.2129833e-05
0.0010951661
1.271853e-05
0.0010952575
1.3302991e-05
0.0010953469
1.3882022e-05
0.001095433
1.4453029e-05
0.0010955148
1.5014701e-05
0.0010955919
1.5568968e-05
0.0010956641
1.6119895e-05
0.0010957316
1.6671047e-05
0.0010957943
1.722451e-05
0.0010958524
1.778226e-05
0.0010959059
1.8346992e-05
0.0010959552
1.8922182e-05
0.0010960007
1.9511264e-05
0.0010960427
2.0116077e-05
0.0010960814
2.0737403e-05
0.0010961168
2.1375975e-05
0.0010961492
2.2033774e-05
0.0010961788
2.2713285e-05
0.0010962058
2.3416007e-05
0.0010962304
2.4142574e-05
0.0010962526
2.4893127e-05
0.0010962725
2.5669439e-05
0.0010962903
2.6473324e-05
0.0010963061
2.7306205e-05
0.0010963201
2.8168109e-05
0.0010963321
2.9059973e-05
0.0010963425
2.9983682e-05
0.0010963513
3.0940462e-05
0.0010963585
3.1930672e-05
0.0010963642
3.2955613e-05
0.0010963687
3.4017359e-05
0.0010963719
3.5116582e-05
0.0010963739
3.6253979e-05
0.0010963749
3.7431224e-05
0.001096375
3.8650568e-05
0.0010963741
3.9912245e-05
0.0010963725
4.1218473e-05
0.0010963703
4.2570648e-05
0.0010963675
4.3970913e-05
0.0010963641
4.5419898e-05
0.0010963605
4.6921205e-05
0.0010963565
4.8474399e-05
0.0010963523
5.0084234e-05
0.0010963478
5.1749576e-05
0.0010963434
5.3475676e-05
0.0010963388
5.5261784e-05
0.0010963341
5.7113324e-05
0.0010963293
5.9028749e-05
0.0010963242
6.1014614e-05
0.0010963183
6.3070911e-05
0.0010963105
6.5199537e-05
0.0010962981
6.7405738e-05
0.0010962732
6.9686486e-05
0.0010962131
7.2048382e-05
0.0010960412
7.447893e-05
0.0010955423
7.6960244e-05
0.0010941635
7.9401817e-05
0.0010911148
8.1540223e-05
0.0010860748
8.2872425e-05
0.001079663
8.2918941e-05
0.0010727281
8.1939505e-05
0.0010657096
8.0451035e-05
0.0010586707
7.8845753e-05
0.0010515561
7.7166914e-05
0.0010443166
7.5416775e-05
0.0010369734
7.3556295e-05
0.0010296626
7.1550913e-05
0.0010224792
6.9469126e-05
0.0010155029
6.7398947e-05
0.0010087842
6.536705e-05
0.0010023428
6.343187e-05
0.0009961795
6.159529e-05
0.00099028363
5.9898046e-05
0.00098464277
5.828756e-05
0.00097923504
5.6821533e-05
0.00097404608
5.5423994e-05
0.00096905525
5.415127e-05
0.00096425091
5.2942217e-05
0.00095961553
5.1826616e-05
0.0009551344
5.0848597e-05
0.00095081939
4.9619962e-05
0.00094655009
4.9925899e-05
0.0009426902
4.5451018e-05
0.00093794814
5.7033687e-05
3.8434737e-05
0.0011552175
5.7592012e-06
0.0011553549
6.7340283e-06
0.0011555459
7.6784666e-06
0.0011557559
8.4837701e-06
0.0011559469
9.0934114e-06
0.0011560984
9.5449894e-06
0.0011562139
9.9411562e-06
0.0011563098
1.0375834e-05
0.0011564012
1.0884249e-05
0.0011564947
1.144818e-05
0.0011565904
1.2034186e-05
0.0011566865
1.2622413e-05
0.0011567818
1.3207734e-05
0.001156875
1.3788796e-05
0.001156965
1.4363053e-05
0.0011570507
1.4928992e-05
0.0011571315
1.5488101e-05
0.0011572074
1.6043998e-05
0.0011572784
1.6600057e-05
0.0011573445
1.7158397e-05
0.0011574058
1.772097e-05
0.0011574624
1.8290399e-05
0.0011575146
1.8870009e-05
0.0011575627
1.9463107e-05
0.0011576072
2.0071617e-05
0.0011576482
2.069644e-05
0.0011576857
2.1338404e-05
0.0011577201
2.1999412e-05
0.0011577515
2.2681872e-05
0.0011577802
2.3387323e-05
0.0011578063
2.4116469e-05
0.0011578299
2.4869565e-05
0.001157851
2.5648275e-05
0.0011578699
2.6454406e-05
0.0011578868
2.7289362e-05
0.0011579016
2.81533e-05
0.0011579144
2.9047119e-05
0.0011579255
2.9972639e-05
0.0011579348
3.0931113e-05
0.0011579425
3.1922968e-05
0.0011579487
3.2949457e-05
0.0011579535
3.4012594e-05
0.0011579569
3.5113127e-05
0.0011579591
3.6251764e-05
0.0011579602
3.7430142e-05
0.0011579603
3.8650466e-05
0.0011579595
3.9913076e-05
0.0011579579
4.1220103e-05
0.0011579555
4.2572988e-05
0.0011579526
4.3973837e-05
0.0011579491
4.5423363e-05
0.0011579453
4.6925034e-05
0.0011579411
4.8478611e-05
0.0011579367
5.0088623e-05
0.0011579321
5.1754201e-05
0.0011579274
5.3480347e-05
0.0011579226
5.526656e-05
0.0011579179
5.7118043e-05
0.0011579132
5.9033529e-05
0.0011579084
6.1019333e-05
0.0011579036
6.3075719e-05
0.0011578985
6.5204669e-05
0.0011578926
6.741163e-05
0.0011578844
6.9694699e-05
0.0011578706
7.2062237e-05
0.0011578394
7.4510081e-05
0.0011577572
7.7042475e-05
0.0011575093
7.9649741e-05
0.0011567683
8.2281243e-05
0.00115482
8.4820713e-05
0.0011508816
8.6857368e-05
0.0011449689
8.7852188e-05
0.0011379602
8.7459821e-05
0.0011306371
8.6168867e-05
0.00112328
8.4524032e-05
0.0011158784
8.2818289e-05
0.0011083746
8.1060236e-05
0.001100744
7.9181496e-05
0.0010930422
7.7170887e-05
0.0010854059
7.5035306e-05
0.0010779396
7.2833318e-05
0.0010707087
7.0662821e-05
0.0010637533
6.855063e-05
0.0010570883
6.6563005e-05
0.0010507144
6.4661544e-05
0.0010446145
6.2921453e-05
0.001038776
6.1262378e-05
0.0010331757
5.9751666e-05
0.0010277983
5.8319544e-05
0.001022622
5.7002879e-05
0.0010176302
5.5840439e-05
0.0010128282
5.4421919e-05
0.0010080958
5.4658254e-05
0.0010038135
4.9733291e-05
0.00099857334
6.2273845e-05
4.1901448e-05
0.0012201872
5.6895189e-06
0.001220318
6.6031719e-06
0.0012204989
7.4975765e-06
0.0012207004
8.282292e-06
0.0012208884
8.9054155e-06
0.0012210428
9.3905908e-06
0.0012211645
9.8194566e-06
0.0012212672
1.0273144e-05
0.0012213645
1.0786953e-05
0.0012214629
1.1349772e-05
0.0012215629
1.1934178e-05
0.0012216631
1.2522197e-05
0.0012217623
1.3108507e-05
0.0012218595
1.3691628e-05
0.0012219534
1.4269122e-05
0.0012220431
1.4839322e-05
0.0012221279
1.5403313e-05
0.0012222076
1.5964276e-05
0.0012222823
1.6525377e-05
0.0012223519
1.7088745e-05
0.0012224166
1.7656309e-05
0.0012224764
1.8230606e-05
0.0012225316
1.881482e-05
0.0012225826
1.9412131e-05
0.0012226296
2.0024532e-05
0.001222673
2.0653038e-05
0.0012227129
2.1298567e-05
0.0012227493
2.1962955e-05
0.0012227827
2.2648533e-05
0.0012228131
2.3356875e-05
0.0012228408
2.4088754e-05
0.0012228659
2.4844533e-05
0.0012228884
2.5625785e-05
0.0012229085
2.6434293e-05
0.0012229264
2.7271455e-05
0.0012229421
2.8137545e-05
0.0012229558
2.9033433e-05
0.0012229676
2.9960876e-05
0.0012229775
3.0921147e-05
0.0012229858
3.1914741e-05
0.0012229924
3.2942871e-05
0.0012229975
3.4007485e-05
0.0012230012
3.5109405e-05
0.0012230036
3.6249357e-05
0.0012230048
3.7428934e-05
0.001223005
3.8650298e-05
0.0012230042
3.9913895e-05
0.0012230025
4.1221771e-05
0.0012230001
4.257541e-05
0.001222997
4.3976878e-05
0.0012229934
4.5426977e-05
0.0012229894
4.6929037e-05
0.001222985
4.8483016e-05
0.0012229804
5.0093222e-05
0.0012229756
5.1759045e-05
0.0012229707
5.3485243e-05
0.0012229657
5.5271556e-05
0.0012229608
5.7122967e-05
0.0012229558
5.9038479e-05
0.001222951
6.1024144e-05
0.0012229463
6.3080452e-05
0.0012229416
6.5209366e-05
0.0012229369
6.7416303e-05
0.0012229319
6.9699749e-05
0.001222926
7.2068108e-05
0.0012229174
7.4518757e-05
0.0012229011
7.7058735e-05
0.0012228611
7.9689725e-05
0.0012227424
8.2400016e-05
0.0012223724
8.5190717e-05
0.0012212625
8.7967321e-05
0.001218555
9.0559649e-05
0.0012136188
9.2396016e-05
0.0012068722
9.2915528e-05
0.0011993157
9.2080595e-05
0.001191597
9.0536903e-05
0.0011838825
8.8774819e-05
0.0011760965
8.6967482e-05
0.0011681777
8.5089689e-05
0.0011601389
8.3074125e-05
0.001152084
8.0888212e-05
0.0011441209
7.8625933e-05
0.0011363616
7.6309925e-05
0.0011288665
7.4058074e-05
0.0011216709
7.1857232e-05
0.0011147781
6.9814178e-05
0.0011081887
6.7851796e-05
0.0011018808
6.6059585e-05
0.0010958392
6.436113e-05
0.0010900387
6.2803333e-05
0.0010844601
6.1418994e-05
0.0010791023
5.9779741e-05
0.0010738417
5.9918795e-05
0.0010690752
5.4499763e-05
0.0010632642
6.808488e-05
4.572678e-05
0.0012888088
5.6208293e-06
0.0012889333
6.4785743e-06
0.0012891045
7.3263943e-06
0.0012892974
8.0894575e-06
0.0012894818
8.7210177e-06
0.0012896383
9.2340698e-06
0.0012897656
9.6921082e-06
0.0012898748
1.0163967e-05
0.0012899779
1.0683847e-05
0.0012900813
1.1246407e-05
0.0012901857
1.1829715e-05
0.0012902901
1.2417777e-05
0.0012903934
1.3005203e-05
0.0012904946
1.3590416e-05
0.0012905926
1.4171125e-05
0.0012906864
1.4745577e-05
0.0012907752
1.531448e-05
0.0012908589
1.5880592e-05
0.0012909374
1.6446861e-05
0.0012910108
1.7015403e-05
0.0012910789
1.7588118e-05
0.0012911421
1.8167457e-05
0.0012912005
1.8756459e-05
0.0012912544
1.9358184e-05
0.0012913043
1.9974675e-05
0.0012913502
2.0607057e-05
0.0012913925
2.1256331e-05
0.0012914312
2.1924279e-05
0.0012914665
2.2613152e-05
0.0012914989
2.3324554e-05
0.0012915283
2.4059328e-05
0.0012915549
2.4817941e-05
0.0012915788
2.5601881e-05
0.0012916002
2.6412909e-05
0.0012916192
2.7252414e-05
0.001291636
2.812078e-05
0.0012916505
2.901886e-05
0.0012916631
2.9948341e-05
0.0012916737
3.091052e-05
0.0012916825
3.1905956e-05
0.0012916895
3.2935823e-05
0.001291695
3.4002006e-05
0.001291699
3.5105396e-05
0.0012917016
3.6246738e-05
0.001291703
3.7427587e-05
0.0012917032
3.8650057e-05
0.0012917024
3.9914697e-05
0.0012917007
4.1223474e-05
0.0012916982
4.2577912e-05
0.0012916951
4.3980039e-05
0.0012916913
4.5430742e-05
0.0012916871
4.6933221e-05
0.0012916825
4.8487622e-05
0.0012916777
5.009804e-05
0.0012916726
5.1764118e-05
0.0012916675
5.3490377e-05
0.0012916623
5.5276793e-05
0.0012916571
5.7128131e-05
0.0012916519
5.904366e-05
0.0012916469
6.1029167e-05
0.001291642
6.3085356e-05
0.0012916372
6.5214151e-05
0.0012916327
6.742089e-05
0.0012916281
6.9704315e-05
0.0012916236
7.2072596e-05
0.0012916188
7.4523631e-05
0.0012916128
7.706466e-05
0.0012916037
7.9698857e-05
0.0012915837
8.2420071e-05
0.0012915291
8.5245261e-05
0.0012913494
8.8147062e-05
0.0012907843
9.1124827e-05
0.0012891409
9.4039397e-05
0.0012854679
9.6588531e-05
0.0012794624
9.8086167e-05
0.0012719401
9.8059185e-05
0.0012639059
9.6809033e-05
0.001255803
9.5070421e-05
0.0012476908
9.3201838e-05
0.0012394951
9.1269939e-05
0.0012311502
8.9232945e-05
0.0012226798
8.7096428e-05
0.0012142461
8.4743612e-05
0.0012059538
8.2350292e-05
0.001197903
7.9908204e-05
0.0011901422
7.7574847e-05
0.0011827046
7.528938e-05
0.0011755824
7.3181849e-05
0.0011687706
7.1172915e-05
0.0011622459
6.9327951e-05
0.0011559883
6.767658e-05
0.0011499914
6.5776628e-05
0.0011441256
6.5784608e-05
0.001138806
5.9819278e-05
0.0011323444
7.4546496e-05
4.9963056e-05
0.0013612875
5.5533074e-06
0.0013614061
6.3599817e-06
0.001361568
7.1645002e-06
0.0013617522
7.905242e-06
0.0013619324
8.5407651e-06
0.0013620903
9.0762181e-06
0.0013622226
9.5597558e-06
0.0013623379
1.0048653e-05
0.0013624467
1.0575034e-05
0.0013625551
1.1138072e-05
0.001362664
1.1720743e-05
0.0013627728
1.2309074e-05
0.0013628802
1.2897736e-05
0.0013629856
1.3485076e-05
0.0013630877
1.4068976e-05
0.0013631856
1.4647652e-05
0.0013632786
1.5221479e-05
0.0013633664
1.579281e-05
0.0013634489
1.6364362e-05
0.0013635261
1.6938217e-05
0.001363598
1.751624e-05
0.0013636646
1.810079e-05
0.0013637263
1.8694767e-05
0.0013637834
1.9301109e-05
0.0013638362
1.9921894e-05
0.0013638849
2.0558352e-05
0.0013639297
2.1211559e-05
0.0013639707
2.1883251e-05
0.0013640082
2.2575603e-05
0.0013640425
2.3290244e-05
0.0013640738
2.4028086e-05
0.001364102
2.4789688e-05
0.0013641274
2.5576474e-05
0.0013641502
2.6390172e-05
0.0013641704
2.7232164e-05
0.0013641883
2.8102939e-05
0.0013642038
2.9003339e-05
0.0013642172
2.9934984e-05
0.0013642285
3.0899186e-05
0.0013642379
3.189657e-05
0.0013642454
3.2928278e-05
0.0013642513
3.3996128e-05
0.0013642556
3.5101076e-05
0.0013642585
3.6243891e-05
0.00136426
3.7426086e-05
0.0013642603
3.8649732e-05
0.0013642595
3.9915475e-05
0.0013642578
4.1225208e-05
0.0013642552
4.2580493e-05
0.0013642519
4.398332e-05
0.001364248
4.5434661e-05
0.0013642436
4.693759e-05
0.0013642388
4.8492435e-05
0.0013642338
5.0103085e-05
0.0013642285
5.176943e-05
0.0013642231
5.349576e-05
0.0013642176
5.5282283e-05
0.0013642122
5.7133549e-05
0.0013642068
5.9049092e-05
0.0013642015
6.1034436e-05
0.0013641964
6.3090492e-05
0.0013641914
6.5219149e-05
0.0013641866
6.7425645e-05
0.001364182
6.9708965e-05
0.0013641776
7.2076986e-05
0.0013641733
7.452797e-05
0.001364169
7.7068955e-05
0.0013641645
7.9703394e-05
0.0013641584
8.2426141e-05
0.0013641485
8.5255247e-05
0.0013641223
8.8173284e-05
0.0013640424
9.1204711e-05
0.0013637663
9.4315459e-05
0.0013628809
9.7473996e-05
0.0013604784
0.00010048871
0.0013556645
0.00010287307
0.0013486076
0.00010386592
0.0013403949
0.00010328314
0.0013319143
0.0001016824
0.0013234183
9.9766108e-05
0.0013148784
9.777274e-05
0.0013062163
9.5758552e-05
0.0012974065
9.355344e-05
0.0012885164
9.1240301e-05
0.0012797056
8.8719146e-05
0.001271087
8.6193393e-05
0.0012627476
8.3628683e-05
0.0012547198
8.1209706e-05
0.0012470307
7.8861993e-05
0.0012396703
7.6688248e-05
0.001232625
7.4721922e-05
0.0012258881
7.2513529e-05
0.0012193237
7.2348933e-05
0.0012133692
6.5773746e-05
0.0012061647
8.1751003e-05
5.4670082e-05
0.0014378401
5.4871149e-06
0.001437953
6.2471244e-06
0.001438106
7.011435e-06
0.0014382818
7.7295159e-06
0.0014384574
8.3651115e-06
0.0014386158
8.9178184e-06
0.0014387525
9.4231022e-06
0.0014388735
9.9276225e-06
0.0014389878
1.0460683e-05
0.0014391011
1.1024799e-05
0.0014392146
1.1607233e-05
0.0014393277
1.2196028e-05
0.0014394394
1.2786028e-05
0.0014395489
1.3375525e-05
0.0014396553
1.3962586e-05
0.0014397575
1.4545447e-05
0.0014398548
1.5124198e-05
0.0014399468
1.5700802e-05
0.0014400334
1.627774e-05
0.0014401146
1.6857035e-05
0.0014401903
1.7440516e-05
0.0014402607
1.8030444e-05
0.0014403258
1.862958e-05
0.0014403862
1.9240744e-05
0.0014404421
1.9866033e-05
0.0014404937
2.050677e-05
0.0014405411
2.1164105e-05
0.0014405846
2.1839734e-05
0.0014406245
2.2535759e-05
0.0014406609
2.3253826e-05
0.0014406941
2.3994914e-05
0.0014407241
2.4759673e-05
0.0014407511
2.5549468e-05
0.0014407753
2.6365993e-05
0.0014407968
2.7210626e-05
0.0014408158
2.8083952e-05
0.0014408323
2.8986806e-05
0.0014408465
2.9920747e-05
0.0014408586
3.0887097e-05
0.0014408687
3.1886543e-05
0.0014408767
3.2920199e-05
0.001440883
3.398982e-05
0.0014408877
3.509642e-05
0.0014408908
3.6240792e-05
0.0014408925
3.7424416e-05
0.0014408929
3.864931e-05
0.0014408922
3.991622e-05
0.0014408904
4.1226968e-05
0.0014408877
4.258315e-05
0.0014408843
4.3986723e-05
0.0014408803
4.5438739e-05
0.0014408757
4.6942149e-05
0.0014408707
4.8497461e-05
0.0014408654
5.0108365e-05
0.0014408598
5.1774989e-05
0.0014408542
5.3501402e-05
0.0014408485
5.5288035e-05
0.0014408428
5.7139233e-05
0.0014408371
5.9054787e-05
0.0014408316
6.1039965e-05
0.0014408262
6.3095879e-05
0.001440821
6.5224389e-05
0.001440816
6.7430627e-05
0.0014408111
6.9713818e-05
0.0014408066
7.2081536e-05
0.0014408022
7.4532385e-05
0.001440798
7.7073127e-05
0.0014407941
7.9707344e-05
0.00144079
8.2430265e-05
0.0014407858
8.5259477e-05
0.0014407796
8.8179513e-05
0.0014407677
9.121659e-05
0.0014407322
9.4351011e-05
0.0014406076
9.7598535e-05
0.0014401684
0.00010092793
0.0014387845
0.000104257
0.0014353651
0.00010728534
0.0014292912
0.00010935702
0.0014212671
0.00010970648
0.001412439
0.00010859435
0.001403506
0.00010670557
0.0013945919
0.00010467276
0.0013855979
0.00010254747
0.0013764452
0.00010039291
0.001367153
9.8011435e-05
0.0013578496
9.5496754e-05
0.0013486653
9.2812956e-05
0.0013397108
9.0164263e-05
0.0013310727
8.7500001e-05
0.0013227744
8.4986519e-05
0.0013148264
8.2669987e-05
0.0013072336
8.0106255e-05
0.0012998599
7.9722626e-05
0.0012931709
7.2462699e-05
0.0012851128
8.9809118e-05
5.991831e-05
0.0015186957
5.4223781e-06
0.0015188031
6.1397427e-06
0.0015189478
6.8667379e-06
0.0015191152
7.562086e-06
0.0015192859
8.1944258e-06
0.0015194441
8.7596264e-06
0.0015195843
9.282896e-06
0.0015197105
9.8013754e-06
0.0015198302
1.0341037e-05
0.0015199483
1.0906673e-05
0.0015200663
1.1489203e-05
0.0015201837
1.2078614e-05
0.0015202997
1.2670029e-05
0.0015204135
1.3261704e-05
0.0015205242
1.3851887e-05
0.0015206308
1.443888e-05
0.0015207325
1.5022531e-05
0.0015208288
1.5604444e-05
0.0015209197
1.6186854e-05
0.001521005
1.6771708e-05
0.0015210848
1.7360788e-05
0.001521159
1.7956255e-05
0.0015212278
1.8560733e-05
0.0015212916
1.9176924e-05
0.0015213507
1.9806929e-05
0.0015214053
2.0452154e-05
0.0015214556
2.1113819e-05
0.0015215018
2.1793584e-05
0.0015215441
2.2493481e-05
0.0015215827
2.321517e-05
0.0015216179
2.3959693e-05
0.0015216498
2.4727784e-05
0.0015216785
2.5520761e-05
0.0015217042
2.6340279e-05
0.0015217272
2.7187717e-05
0.0015217474
2.8063741e-05
0.001521765
2.8969194e-05
0.0015217801
2.990557e-05
0.001521793
3.0874198e-05
0.0015218038
3.1875827e-05
0.0015218124
3.2911547e-05
0.0015218192
3.3983048e-05
0.0015218242
3.5091399e-05
0.0015218276
3.6237421e-05
0.0015218294
3.7422558e-05
0.00152183
3.864878e-05
0.0015218293
3.9916923e-05
0.0015218275
4.122875e-05
0.0015218248
4.2585882e-05
0.0015218212
4.3990248e-05
0.001521817
4.5442977e-05
0.0015218122
4.6946904e-05
0.001521807
4.8502707e-05
0.0015218015
5.0113889e-05
0.0015217957
5.1780803e-05
0.0015217898
5.3507313e-05
0.0015217837
5.529406e-05
0.0015217778
5.7145193e-05
0.0015217718
5.9060756e-05
0.001521766
6.1045766e-05
0.0015217604
6.3101529e-05
0.0015217549
6.5229885e-05
0.0015217497
6.7435854e-05
0.0015217446
6.9718905e-05
0.0015217399
7.2086303e-05
0.0015217353
7.4536993e-05
0.0015217309
7.7077449e-05
0.0015217269
7.9711361e-05
0.001521723
8.2434245e-05
0.0015217194
8.526307e-05
0.0015217155
8.818341e-05
0.0015217115
9.1220624e-05
0.0015217052
9.4357341e-05
0.0015216901
9.761368e-05
0.0015216373
0.0001009807
0.0015214354
0.00010445895
0.0015207168
0.00010800389
0.001518587
0.00011148685
0.0015139095
0.00011438397
0.0015065412
0.00011596273
0.0014976441
0.0001156026
0.0014882884
0.00011402851
0.0014789137
0.00011192225
0.0014695296
0.00010977687
0.0014600468
0.00010749439
0.0014503933
0.00010515017
0.0014406009
0.00010260535
0.0014308537
9.9911462e-05
0.0014212978
9.7055859e-05
0.0014120157
9.4268546e-05
0.0014030749
9.1610817e-05
0.0013945126
8.8668563e-05
0.0013862079
8.8027231e-05
0.001378668
8.0002542e-05
0.0013696238
9.8853361e-05
6.5792405e-05
0.0016040961
5.35919e-06
0.0016041982
6.0375732e-06
0.001604335
6.7299333e-06
0.0016044944
7.4026927e-06
0.0016046599
8.0289807e-06
0.0016048171
8.60235e-06
0.0016049601
9.139911e-06
0.001605091
9.6704745e-06
0.0016052156
1.0216403e-05
0.0016053385
1.0783835e-05
0.001605461
1.1366705e-05
0.0016055828
1.1956836e-05
0.0016057031
1.2549708e-05
0.0016058212
1.3143564e-05
0.0016059363
1.3736818e-05
0.0016060473
1.4327872e-05
0.0016061534
1.4916385e-05
0.0016062542
1.5503623e-05
0.0016063495
1.6091574e-05
0.0016064391
1.668209e-05
0.001606523
1.72769e-05
0.0016066012
1.7878061e-05
0.0016066739
1.8488059e-05
0.0016067413
1.9109479e-05
0.0016068039
1.9744415e-05
0.0016068617
2.0394343e-05
0.0016069149
2.1060543e-05
0.0016069639
2.174465e-05
0.0016070087
2.2448628e-05
0.0016070498
2.3174143e-05
0.0016070871
2.3922299e-05
0.001607121
2.4693905e-05
0.0016071515
2.5490246e-05
0.0016071789
2.6312934e-05
0.0016072033
2.7163345e-05
0.0016072248
2.8042227e-05
0.0016072435
2.8950429e-05
0.0016072597
2.9889387e-05
0.0016072735
3.0860433e-05
0.0016072849
3.1864372e-05
0.0016072942
3.2902277e-05
0.0016073015
3.3975777e-05
0.0016073069
3.5085984e-05
0.0016073106
3.6233753e-05
0.0016073126
3.7420492e-05
0.0016073133
3.8648125e-05
0.0016073126
3.9917574e-05
0.0016073108
4.1230546e-05
0.001607308
4.2588685e-05
0.0016073044
4.3993894e-05
0.0016073
4.5447377e-05
0.001607295
4.6951859e-05
0.0016072896
4.8508178e-05
0.0016072838
5.0119663e-05
0.0016072777
5.1786882e-05
0.0016072715
5.3513501e-05
0.0016072652
5.5300366e-05
0.001607259
5.715144e-05
0.0016072528
5.9067008e-05
0.0016072467
6.1051849e-05
0.0016072408
6.3107453e-05
0.001607235
6.5235649e-05
0.0016072295
6.7441338e-05
0.0016072242
6.9724238e-05
0.0016072192
7.2091305e-05
0.0016072144
7.4541822e-05
0.0016072099
7.7081976e-05
0.0016072057
7.9715556e-05
0.0016072016
8.2438367e-05
0.001607198
8.5266724e-05
0.0016071942
8.8187168e-05
0.0016071909
9.1223924e-05
0.0016071874
9.4360873e-05
0.0016071836
9.7617524e-05
0.0016071768
0.0001009875
0.0016071561
0.00010447968
0.0016070701
0.00010808991
0.0016067329
0.00011182404
0.0016055497
0.00011556726
0.0016023734
0.000119139
0.0015962513
0.00012172463
0.0015876598
0.00012262015
0.0015780056
0.00012157645
0.0015681482
0.00011963405
0.0015583263
0.00011731654
0.0015484478
0.00011502859
0.0015384047
0.00011264831
0.0015281979
0.00011011844
0.0015179341
0.00010731957
0.001507757
0.00010444557
0.0014978215
0.00010154633
0.00148822
9.8270036e-05
0.0014788773
9.7369824e-05
0.0014703665
8.8513357e-05
0.0014601864
0.0001090334
7.2392373e-05
0.0016942967
5.2976492e-06
0.0016943939
5.9403565e-06
0.0016945233
6.6005584e-06
0.0016946749
7.2510384e-06
0.001694835
7.8689687e-06
0.0016949907
8.4466412e-06
0.0016951356
8.9949334e-06
0.0016952706
9.5355467e-06
0.0016953998
1.0087163e-05
0.0016955271
1.0656489e-05
0.001695654
1.123985e-05
0.0016957801
1.1830742e-05
0.0016959047
1.2425073e-05
0.0016960272
1.3021087e-05
0.0016961467
1.3617347e-05
0.0016962622
1.4212372e-05
0.0016963729
1.4805682e-05
0.0016964783
1.5398236e-05
0.0016965781
1.5991778e-05
0.0016966721
1.6588044e-05
0.0016967603
1.71887e-05
0.0016968427
1.7795699e-05
0.0016969193
1.8411391e-05
0.0016969906
1.903824e-05
0.0016970567
1.9678321e-05
0.0016971178
2.0333169e-05
0.0016971743
2.1004117e-05
0.0016972261
2.1692776e-05
0.0016972737
2.2401051e-05
0.0016973173
2.3130605e-05
0.001697357
2.3882599e-05
0.0016973929
2.4657914e-05
0.0016974254
2.5457808e-05
0.0016974545
2.6283851e-05
0.0016974804
2.7137417e-05
0.0016975033
2.8019324e-05
0.0016975233
2.8930434e-05
0.0016975405
2.987213e-05
0.0016975552
3.0845741e-05
0.0016975675
3.1852127e-05
0.0016975774
3.2892346e-05
0.0016975852
3.3967967e-05
0.0016975911
3.5080142e-05
0.0016975951
3.622976e-05
0.0016975974
3.7418197e-05
0.0016975981
3.864733e-05
0.0016975976
3.991816e-05
0.0016975958
4.1232348e-05
0.0016975929
4.2591554e-05
0.0016975891
4.3997661e-05
0.0016975846
4.5451941e-05
0.0016975794
4.6957017e-05
0.0016975737
4.851388e-05
0.0016975677
5.0125694e-05
0.0016975613
5.1793232e-05
0.0016975549
5.3519976e-05
0.0016975483
5.5306965e-05
0.0016975417
5.7157984e-05
0.0016975352
5.9073555e-05
0.0016975288
6.1058225e-05
0.0016975226
6.3113661e-05
0.0016975166
6.5241689e-05
0.0016975109
6.744709e-05
0.0016975053
6.9729826e-05
0.0016975
7.2096551e-05
0.001697495
7.4546882e-05
0.0016974903
7.7086722e-05
0.0016974859
7.9719953e-05
0.0016974816
8.2442678e-05
0.0016974778
8.5270543e-05
0.0016974739
8.8191064e-05
0.0016974706
9.1227284e-05
0.0016974672
9.436429e-05
0.0016974641
9.7620587e-05
0.001697461
0.00010099062
0.0016974575
0.00010448319
0.0016974492
0.00010809824
0.0016974182
0.0001118551
0.001697269
0.00011571651
0.0016966946
0.0001197134
0.0016947852
0.00012363403
0.0016902401
0.00012716527
0.0016825848
0.00012923173
0.0016729093
0.00012930948
0.0016626132
0.00012761272
0.001652256
0.00012538573
0.0016419367
0.00012296754
0.0016315222
0.00012053311
0.0016209096
0.0001179321
0.0016101305
0.00011522457
0.0015993718
0.0001123051
0.001588781
0.00010886078
0.0015783631
0.00010778763
0.0015687948
9.8081592e-05
0.0015573351
0.00012049312
7.9826869e-05
0.0017895675
5.237828e-06
0.00178966
5.8478331e-06
0.0017897824
6.4781523e-06
0.0017899267
7.1067895e-06
0.0017900811
7.7144992e-06
0.0017902347
8.2930786e-06
0.0017903809
8.8487369e-06
0.0017905192
9.3972596e-06
0.0017906526
9.9537624e-06
0.0017907842
1.0524897e-05
0.0017909152
1.1108789e-05
0.0017910456
1.1700421e-05
0.0017911745
1.2296159e-05
0.0017913013
1.2894273e-05
0.0017914252
1.349345e-05
0.0017915452
1.4092338e-05
0.0017916605
1.4690358e-05
0.0017917706
1.5288198e-05
0.001791875
1.5887354e-05
0.0017919736
1.6489439e-05
0.0017920662
1.7096043e-05
0.0017921529
1.7709013e-05
0.0017922338
1.8330562e-05
0.001792309
1.8963036e-05
0.0017923788
1.9608477e-05
0.0017924435
2.0268463e-05
0.0017925033
2.0944375e-05
0.0017925582
2.1637804e-05
0.0017926087
2.2350596e-05
0.0017926549
2.308441e-05
0.001792697
2.3840458e-05
0.0017927352
2.4619685e-05
0.0017927697
2.542333e-05
0.0017928006
2.6252923e-05
0.0017928282
2.7109832e-05
0.0017928526
2.7994941e-05
0.0017928739
2.8909128e-05
0.0017928923
2.9853726e-05
0.001792908
3.0830058e-05
0.0017929211
3.1839034e-05
0.0017929317
3.2881702e-05
0.0017929401
3.3959575e-05
0.0017929464
3.5073838e-05
0.0017929508
3.6225413e-05
0.0017929533
3.741565e-05
0.0017929543
3.8646376e-05
0.0017929538
3.9918668e-05
0.001792952
4.1234147e-05
0.0017929491
4.2594484e-05
0.0017929452
4.4001545e-05
0.0017929404
4.5456668e-05
0.0017929351
4.6962381e-05
0.0017929292
4.8519816e-05
0.0017929229
5.013199e-05
0.0017929162
5.1799861e-05
0.0017929095
5.3526748e-05
0.0017929026
5.5313865e-05
0.0017928957
5.7164836e-05
0.0017928889
5.9080406e-05
0.0017928822
6.1064904e-05
0.0017928757
6.3120164e-05
0.0017928694
6.5248017e-05
0.0017928634
6.7453118e-05
0.0017928575
6.973568e-05
0.0017928521
7.2102052e-05
0.0017928468
7.4552182e-05
0.0017928418
7.7091697e-05
0.0017928372
7.9724563e-05
0.0017928327
8.2447193e-05
0.0017928287
8.5274547e-05
0.0017928247
8.8195134e-05
0.0017928212
9.1230797e-05
0.0017928177
9.4367839e-05
0.0017928145
9.7623737e-05
0.0017928115
0.00010099367
0.0017928087
0.00010448597
0.0017928059
0.00010810106
0.0017928031
0.00011185792
0.0017927915
0.00011572822
0.0017927385
0.00011976634
0.001792474
0.00012389859
0.0017914862
0.00012815308
0.0017885093
0.0001322086
0.0017823218
0.00013549692
0.0017731872
0.00013674749
0.0017625794
0.00013599343
0.0017517183
0.00013382857
0.0017408637
0.0001313878
0.0017299836
0.00012881214
0.0017189619
0.00012624615
0.0017077394
0.00012352768
0.0016964156
0.00012018454
0.0016850408
0.00011916239
0.0016744349
0.00010868747
0.0016616117
0.00013331626
8.8189132e-05
0.0018901935
5.1796928e-06
0.0018902815
5.7597431e-06
0.0018903974
6.362271e-06
0.0018905346
6.9695957e-06
0.0018906835
7.5656176e-06
0.0018908344
8.142168e-06
0.0018909811
8.7020715e-06
0.001891122
9.2563169e-06
0.0018912591
9.8167082e-06
0.0018913946
1.0389383e-05
0.0018915296
1.0973735e-05
0.001891664
1.1566009e-05
0.0018917972
1.2163045e-05
0.0018919283
1.2763162e-05
0.0018920566
1.3365143e-05
0.0018921812
1.396776e-05
0.0018923011
1.4570374e-05
0.0018924159
1.5173438e-05
0.001892525
1.5778208e-05
0.0018926283
1.6386158e-05
0.0018927256
1.6998793e-05
0.0018928167
1.7617852e-05
0.0018929019
1.8245413e-05
0.0018929812
1.8883698e-05
0.001893055
1.9534709e-05
0.0018931234
2.0200052e-05
0.0018931866
2.0881147e-05
0.0018932449
2.1579568e-05
0.0018932983
2.2297105e-05
0.0018933473
2.3035408e-05
0.0018933921
2.3795733e-05
0.0018934327
2.4579083e-05
0.0018934693
2.5386687e-05
0.0018935022
2.6220033e-05
0.0018935316
2.7080486e-05
0.0018935575
2.7968983e-05
0.0018935802
2.8886425e-05
0.0018935998
2.9834098e-05
0.0018936166
3.0813315e-05
0.0018936306
3.1825033e-05
0.001893642
3.2870294e-05
0.001893651
3.3950558e-05
0.0018936578
3.5067034e-05
0.0018936625
3.6220682e-05
0.0018936654
3.7412825e-05
0.0018936665
3.8645243e-05
0.0018936661
3.9919084e-05
0.0018936643
4.1235931e-05
0.0018936613
4.2597467e-05
0.0018936573
4.4005544e-05
0.0018936524
4.5461559e-05
0.0018936469
4.6967954e-05
0.0018936407
4.8525993e-05
0.0018936341
5.0138556e-05
0.0018936272
5.1806778e-05
0.0018936201
5.3533824e-05
0.0018936129
5.5321075e-05
0.0018936058
5.7172005e-05
0.0018935986
5.9087571e-05
0.0018935916
6.1071897e-05
0.0018935848
6.3126971e-05
0.0018935782
6.5254642e-05
0.0018935719
6.7459434e-05
0.0018935658
6.9741808e-05
0.0018935601
7.2107817e-05
0.0018935545
7.4557731e-05
0.0018935493
7.709691e-05
0.0018935445
7.9729393e-05
0.0018935398
8.2451918e-05
0.0018935356
8.5278748e-05
0.0018935314
8.819939e-05
0.0018935277
9.1234481e-05
0.001893524
9.4371546e-05
0.0018935208
9.7627036e-05
0.0018935176
0.00010099685
0.0018935147
0.00010448891
0.0018935119
0.00010810391
0.0018935097
0.00011186009
0.0018935072
0.00011573071
0.0018935048
0.00011976876
0.0018934865
0.00012391695
0.0018933876
0.00012825198
0.0018929154
0.0001326808
0.0018912384
0.00013717387
0.0018867799
0.00014120608
0.0018787812
0.00014399206
0.0018683488
0.00014426094
0.00185696
0.00014277672
0.0018455311
0.00014024099
0.0018341344
0.0001376427
0.0018226593
0.00013500284
0.0018110189
0.00013182494
0.001799017
0.00013116417
0.0017875942
0.00012011026
0.0017734756
0.00014743479
9.7502825e-05
0.0019964756
5.123313e-06
0.0019965595
5.675833e-06
0.0019966693
6.2524814e-06
0.0019967998
6.8390962e-06
0.0019969431
7.4223072e-06
0.001997091
7.9943348e-06
0.0019972374
8.555642e-06
0.0019973803
9.1134338e-06
0.0019975204
9.6765568e-06
0.0019976595
1.0250329e-05
0.0019977982
1.0834948e-05
0.0019979366
1.1427688e-05
0.0019980738
1.2025853e-05
0.0019982091
1.2627825e-05
0.0019983418
1.323246e-05
0.0019984709
1.3838645e-05
0.0019985956
1.4445711e-05
0.0019987151
1.5053905e-05
0.001998829
1.5664259e-05
0.0019989371
1.6278095e-05
0.0019990391
1.6896824e-05
0.0019991348
1.7522074e-05
0.0019992245
1.8155786e-05
0.0019993081
1.8800061e-05
0.001999386
1.9456846e-05
0.0019994582
2.0127765e-05
0.0019995251
2.0814264e-05
0.0019995868
2.1517901e-05
0.0019996435
2.2240416e-05
0.0019996955
2.2983443e-05
0.0019997429
2.3748275e-05
0.001999786
2.4535971e-05
0.001999825
2.534775e-05
0.0019998599
2.6185063e-05
0.0019998911
2.7049267e-05
0.0019999188
2.794135e-05
0.001999943
2.8862233e-05
0.0019999639
2.9813163e-05
0.0019999818
3.0795441e-05
0.0019999967
3.1810061e-05
0.002000009
3.2858067e-05
0.0020000187
3.3940867e-05
0.002000026
3.5059691e-05
0.0020000312
3.6215533e-05
0.0020000343
3.7409695e-05
0.0020000356
3.8643911e-05
0.0020000353
3.9919391e-05
0.0020000336
4.123769e-05
0.0020000305
4.2600497e-05
0.0020000264
4.4009653e-05
0.0020000214
4.5466612e-05
0.0020000156
4.6973737e-05
0.0020000092
4.8532413e-05
0.0020000023
5.0145399e-05
0.0019999951
5.181399e-05
0.0019999877
5.3541214e-05
0.0019999802
5.5328605e-05
0.0019999727
5.7179502e-05
0.0019999653
5.909506e-05
0.0019999579
6.1079215e-05
0.0019999508
6.3134095e-05
0.0019999439
6.5261573e-05
0.0019999373
6.7466048e-05
0.0019999309
6.9748219e-05
0.0019999249
7.2113855e-05
0.0019999191
7.4563536e-05
0.0019999137
7.7102368e-05
0.0019999086
7.9734451e-05
0.0019999037
8.2456859e-05
0.0019998993
8.528315e-05
0.0019998949
8.8203836e-05
0.001999891
9.1238345e-05
0.0019998872
9.4375419e-05
0.0019998838
9.7630491e-05
0.0019998805
0.00010100017
0.0019998774
0.000104492
0.0019998744
0.00010810691
0.001999872
0.00011186256
0.0019998692
0.00011573347
0.0019998677
0.00011977026
0.0019998659
0.00012391879
0.0019998631
0.0001282548
0.0019998297
0.00013271416
0.0019996437
0.0001373599
0.0019987719
0.00014207791
0.0019959923
0.00014677167
0.001989712
0.00015054122
0.0019799255
0.00015256328
0.0019683832
0.00015178325
0.0019563173
0.00014970845
0.0019443167
0.00014700349
0.0019323611
0.00014378055
0.0019200822
0.00014344295
0.0019082607
0.00013193172
0.0018931593
0.00016253621
0.00010763439
0.002108732
5.0686736e-06
0.0021088119
5.5958568e-06
0.002108916
6.1483708e-06
0.0021090402
6.7149295e-06
0.002109178
7.2845057e-06
0.0021093224
7.8499302e-06
0.0021094679
8.4101019e-06
0.0021096121
8.9693276e-06
0.0021097547
9.5339083e-06
0.0021098969
1.0108176e-05
0.0021100391
1.0692749e-05
0.002110181
1.1285697e-05
0.0021103221
1.1884752e-05
0.0021104616
1.2488375e-05
0.0021105986
1.3095477e-05
0.0021107322
1.3705038e-05
0.0021108615
1.4316377e-05
0.0021109858
1.4929577e-05
0.0021111046
1.5545451e-05
0.0021112176
1.6165165e-05
0.0021113244
1.6790026e-05
0.0021114249
1.7421547e-05
0.0021115192
1.8061534e-05
0.0021116072
1.8711965e-05
0.0021116894
1.9374721e-05
0.0021117657
2.0051428e-05
0.0021118364
2.0743552e-05
0.0021119017
2.1452633e-05
0.0021119617
2.2180361e-05
0.0021120168
2.2928353e-05
0.0021120672
2.3697932e-05
0.0021121129
2.4490203e-05
0.0021121543
2.5306383e-05
0.0021121915
2.6147887e-05
0.0021122247
2.7016061e-05
0.0021122541
2.7911936e-05
0.0021122799
2.8836457e-05
0.0021123022
2.9790835e-05
0.0021123213
3.0776357e-05
0.0021123373
3.179405e-05
0.0021123504
3.284496e-05
0.0021123608
3.3930451e-05
0.0021123687
3.5051764e-05
0.0021123744
3.6209929e-05
0.0021123778
3.7406229e-05
0.0021123794
3.8642354e-05
0.0021123792
3.9919571e-05
0.0021123775
4.1239409e-05
0.0021123744
4.2603565e-05
0.0021123702
4.4013869e-05
0.002112365
4.5471826e-05
0.002112359
4.6979732e-05
0.0021123523
4.853908e-05
0.0021123452
5.0152524e-05
0.0021123377
5.1821502e-05
0.00211233
5.3548925e-05
0.0021123222
5.5336464e-05
0.0021123143
5.7187336e-05
0.0021123065
5.9102883e-05
0.0021122989
6.1086867e-05
0.0021122914
6.3141543e-05
0.0021122842
6.5268821e-05
0.0021122773
6.7472969e-05
0.0021122706
6.9754923e-05
0.0021122643
7.2120176e-05
0.0021122582
7.4569606e-05
0.0021122525
7.710808e-05
0.0021122473
7.9739745e-05
0.0021122421
8.2462025e-05
0.0021122375
8.5287765e-05
0.0021122329
8.8208479e-05
0.0021122289
9.1242394e-05
0.0021122249
9.4379462e-05
0.0021122213
9.7634109e-05
0.0021122178
0.00010100364
0.0021122146
0.00010449524
0.0021122115
0.00010811005
0.0021122089
0.00011186518
0.0021122059
0.00011573645
0.0021122039
0.0001197723
0.0021122013
0.00012392139
0.0021122006
0.00012825551
0.0021121997
0.00013271515
0.002112196
0.0001373636
0.0021121254
0.00014214842
0.0021117581
0.00014713901
0.0021101852
0.00015211415
0.0021058376
0.00015691088
0.0020975256
0.00016009511
0.0020861122
0.00016112185
0.002073623
0.00015949265
0.0020609749
0.0001564286
0.0020482512
0.00015616661
0.0020361594
0.00014402348
0.0020205728
0.00017812283
0.00011824069
0.0022272983
5.0157473e-06
0.0022273746
5.5195725e-06
0.0022274734
6.0495487e-06
0.0022275916
6.5967376e-06
0.002227724
7.1521112e-06
0.0022278647
7.7092318e-06
0.0022280088
8.2660404e-06
0.0022281534
8.8246966e-06
0.0022282979
9.3893885e-06
0.0022284427
9.963412e-06
0.0022285879
1.0547506e-05
0.0022287333
1.1140319e-05
0.0022288781
1.1739957e-05
0.0022290215
1.234497e-05
0.0022291627
1.2954303e-05
0.0022293007
1.356701e-05
0.0022294347
1.4182413e-05
0.0022295638
1.4800455e-05
0.0022296875
1.5421749e-05
0.0022298054
1.6047303e-05
0.0022299171
1.6678304e-05
0.0022300225
1.7316154e-05
0.0022301215
1.7962521e-05
0.0022302142
1.8619257e-05
0.0022303007
1.9288171e-05
0.0022303813
1.9970874e-05
0.002230456
2.066884e-05
0.002230525
2.1383592e-05
0.0022305886
2.2116774e-05
0.002230647
2.2869977e-05
0.0022307004
2.3644548e-05
0.002230749
2.4441634e-05
0.0022307929
2.5262448e-05
0.0022308324
2.6108374e-05
0.0022308677
2.6980746e-05
0.002230899
2.7880631e-05
0.0022309265
2.8808997e-05
0.0022309503
2.9767025e-05
0.0022309707
3.0755983e-05
0.0022309878
3.177693e-05
0.0022310018
3.2830913e-05
0.002231013
3.3919256e-05
0.0022310216
3.5043209e-05
0.0022310277
3.6203832e-05
0.0022310315
3.7402396e-05
0.0022310333
3.8640547e-05
0.0022310333
3.9919605e-05
0.0022310316
4.1241073e-05
0.0022310285
4.2606659e-05
0.0022310242
4.4018183e-05
0.0022310189
4.5477197e-05
0.0022310126
4.6985939e-05
0.0022310057
4.8545997e-05
0.0022309983
5.0159935e-05
0.0022309905
5.1829322e-05
0.0022309825
5.3556965e-05
0.0022309743
5.534466e-05
0.0022309661
5.7195517e-05
0.002230958
5.911105e-05
0.00223095
6.1094863e-05
0.0022309422
6.3149328e-05
0.0022309346
6.5276396e-05
0.0022309274
6.7480208e-05
0.0022309204
6.9761928e-05
0.0022309138
7.2126789e-05
0.0022309075
7.4575949e-05
0.0022309015
7.7114054e-05
0.002230896
7.9745285e-05
0.0022308906
8.2467419e-05
0.0022308858
8.5292598e-05
0.002230881
8.8213322e-05
0.0022308768
9.1246637e-05
0.0022308726
9.4383681e-05
0.0022308688
9.7637896e-05
0.0022308652
0.00010100726
0.0022308619
0.00010449861
0.0022308586
0.00010811332
0.0022308559
0.00011186792
0.0022308528
0.00011573957
0.0022308507
0.00011977451
0.0022308477
0.00012392433
0.002230846
0.00012825724
0.0022308439
0.00013271725
0.0022308445
0.00013736301
0.0022308441
0.00014214883
0.0022308344
0.00014714866
0.0022306809
0.0001522677
0.0022299662
0.00015762549
0.0022272575
0.00016280383
0.0022208862
0.00016749304
0.002210521
0.00016985789
0.002197759
0.00016919044
0.0021843445
0.00016958105
0.0021715959
0.00015677209
0.0021556507
0.00019406801
0.00012907539
0.0023525294
4.964494e-06
0.0023526023
5.4467458e-06
0.0023526962
5.9556457e-06
0.0023528087
6.4841722e-06
0.0023529359
7.0249923e-06
0.0023530726
7.5724511e-06
0.0023532147
8.1239797e-06
0.0023533592
8.6802096e-06
0.0023535049
9.2436392e-06
0.0023536518
9.8165663e-06
0.0023537996
1.0399642e-05
0.0023539481
1.0991894e-05
0.0023540963
1.1591737e-05
0.0023542434
1.2197814e-05
0.0023543887
1.2809092e-05
0.002354531
1.3424676e-05
0.0023546695
1.4043893e-05
0.0023548034
1.4666573e-05
0.002354932
1.5293151e-05
0.0023550548
1.5924467e-05
0.0023551715
1.6561588e-05
0.0023552819
1.7205796e-05
0.0023553858
1.7858624e-05
0.0023554832
1.8521797e-05
0.0023555744
1.9197039e-05
0.0023556593
1.9885937e-05
0.0023557382
2.058996e-05
0.0023558112
2.131061e-05
0.0023558785
2.2049485e-05
0.0023559403
2.2808149e-05
0.0023559969
2.3587963e-05
0.0023560484
2.4390109e-05
0.002356095
2.5215801e-05
0.002356137
2.606639e-05
0.0023561746
2.6943199e-05
0.0023562079
2.7847322e-05
0.0023562371
2.8779748e-05
0.0023562625
2.9741637e-05
0.0023562843
3.0734235e-05
0.0023563026
3.1758624e-05
0.0023563176
3.2815859e-05
0.0023563297
3.3907224e-05
0.0023563389
3.5033975e-05
0.0023563455
3.61972e-05
0.0023563498
3.7398161e-05
0.0023563518
3.8638463e-05
0.002356352
3.991947e-05
0.0023563504
4.1242666e-05
0.0023563473
4.2609768e-05
0.0023563429
4.4022588e-05
0.0023563374
4.5482723e-05
0.0023563309
4.6992355e-05
0.0023563238
4.8553165e-05
0.0023563161
5.0167636e-05
0.002356308
5.1837455e-05
0.0023562996
5.3565341e-05
0.0023562911
5.5353202e-05
0.0023562825
5.7204053e-05
0.002356274
5.9119569e-05
0.0023562657
6.1103212e-05
0.0023562576
6.3157458e-05
0.0023562497
6.5284306e-05
0.0023562421
6.7487773e-05
0.0023562348
6.9769244e-05
0.0023562279
7.2133702e-05
0.0023562213
7.4582574e-05
0.0023562151
7.7120297e-05
0.0023562093
7.9751077e-05
0.0023562037
8.2473049e-05
0.0023561987
8.5297657e-05
0.0023561936
8.8218371e-05
0.0023561892
9.1251079e-05
0.0023561849
9.4388079e-05
0.0023561809
9.7641857e-05
0.0023561772
0.00010101105
0.0023561737
0.00010450214
0.0023561703
0.00010811673
0.0023561674
0.00011187078
0.0023561642
0.0001157428
0.0023561619
0.00011977682
0.0023561589
0.0001239274
0.0023561569
0.00012825922
0.0023561543
0.00013271986
0.0023561528
0.0001373645
0.0023561512
0.00014215041
0.0023561543
0.00014714562
0.0023561527
0.00015226928
0.0023561237
0.00015765438
0.0023557907
0.00016313688
0.0023544463
0.00016883738
0.0023500398
0.00017426427
0.0023413053
0.00017792484
0.0023289399
0.00018194637
0.0023155731
0.00017013887
0.0022989346
0.00021070649
0.00014040287
0.0024847999
4.9148649e-06
0.0024848695
5.3771516e-06
0.0024849589
5.8663174e-06
0.0024850661
6.3768985e-06
0.0024851881
6.9029963e-06
0.0024853208
7.4397396e-06
0.0024854605
7.9843716e-06
0.0024856042
8.5364919e-06
0.0024857505
9.0973009e-06
0.0024858989
9.6682e-06
0.0024860489
1.0249621e-05
0.0024862
1.0840805e-05
0.0024863513
1.1440408e-05
0.002486502
1.2047159e-05
0.002486651
1.266004e-05
0.0024867975
1.3278186e-05
0.0024869405
1.3900927e-05
0.002487079
1.4528002e-05
0.0024872125
1.5159681e-05
0.0024873403
1.5796645e-05
0.0024874621
1.6439831e-05
0.0024875775
1.7090395e-05
0.0024876864
1.774974e-05
0.0024877887
1.8419457e-05
0.0024878846
1.9101183e-05
0.002487974
1.9796461e-05
0.0024880572
2.0506748e-05
0.0024881343
2.1233519e-05
0.0024882055
2.1978326e-05
0.0024882709
2.2742703e-05
0.0024883309
2.3528017e-05
0.0024883855
2.4335476e-05
0.002488435
2.5166294e-05
0.0024884796
2.6021797e-05
0.0024885195
2.6903288e-05
0.002488555
2.7811887e-05
0.0024885861
2.8748603e-05
0.0024886132
2.9714573e-05
0.0024886364
3.0711023e-05
0.002488656
3.1739054e-05
0.0024886721
3.2799727e-05
0.002488685
3.3894294e-05
0.002488695
3.502401e-05
0.0024887022
3.6189989e-05
0.0024887069
3.7393487e-05
0.0024887093
3.863607e-05
0.0024887096
3.991914e-05
0.0024887081
4.1244169e-05
0.002488705
4.2612878e-05
0.0024887005
4.4027075e-05
0.0024886948
4.5488395e-05
0.0024886882
4.6998979e-05
0.0024886808
4.8560584e-05
0.0024886728
5.0175629e-05
0.0024886644
5.1845905e-05
0.0024886557
5.3574057e-05
0.0024886468
5.5362094e-05
0.0024886379
5.7212951e-05
0.002488629
5.9128448e-05
0.0024886203
6.1111924e-05
0.0024886118
6.3165942e-05
0.0024886036
6.5292559e-05
0.0024885957
6.7495674e-05
0.0024885881
6.9776878e-05
0.0024885809
7.2140923e-05
0.002488574
7.4589488e-05
0.0024885675
7.7126817e-05
0.0024885615
7.9757128e-05
0.0024885556
8.2478921e-05
0.0024885503
8.5302948e-05
0.0024885451
8.8223631e-05
0.0024885405
9.1255727e-05
0.0024885359
9.4392661e-05
0.0024885318
9.7645996e-05
0.0024885279
0.00010101499
0.0024885243
0.00010450582
0.0024885207
0.00010812029
0.0024885178
0.00011187377
0.0024885144
0.00011574617
0.002488512
0.00011977925
0.0024885088
0.00012393058
0.0024885068
0.00012826131
0.0024885041
0.00013272258
0.0024885022
0.00013736639
0.0024884997
0.00014215289
0.0024884989
0.00014714638
0.0024884977
0.00015227044
0.0024885048
0.0001576473
0.0024884949
0.00016314668
0.0024884181
0.00016891418
0.0024877007
0.00017498165
0.0024852461
0.00018037931
0.0024784835
0.00018870891
0.0024677507
0.00018087166
0.0024513089
0.00022714834
0.00015244931
0.0026245055
4.8668013e-06
0.0026245721
5.3105772e-06
0.0026246572
5.7812422e-06
0.0026247595
6.2745983e-06
0.0026248765
6.7859561e-06
0.0026250051
7.3111975e-06
0.0026251418
7.8476002e-06
0.0026252842
8.3941184e-06
0.0026254305
8.951002e-06
0.0026255798
9.518895e-06
0.0026257315
1.0097945e-05
0.0026258848
1.0687484e-05
0.0026260389
1.1286337e-05
0.0026261927
1.189331e-05
0.0026263454
1.2507395e-05
0.0026264958
1.3127739e-05
0.0026266431
1.3753669e-05
0.0026267862
1.438485e-05
0.0026269245
1.5021406e-05
0.0026270573
1.5663859e-05
0.0026271841
1.6313014e-05
0.0026273046
1.6969901e-05
0.0026274185
1.7635786e-05
0.0026275259
1.8312131e-05
0.0026276266
1.9000473e-05
0.0026277207
1.9702302e-05
0.0026278084
2.041905e-05
0.0026278898
2.1152158e-05
0.002627965
2.1903133e-05
0.0026280342
2.2673474e-05
0.0026280977
2.3464547e-05
0.0026281556
2.4277578e-05
0.0026282081
2.511378e-05
0.0026282554
2.5974453e-05
0.0026282978
2.6860884e-05
0.0026283355
2.7774206e-05
0.0026283687
2.8715448e-05
0.0026283975
2.9685729e-05
0.0026284223
3.0686255e-05
0.0026284432
3.1718137e-05
0.0026284605
3.2782445e-05
0.0026284744
3.3880403e-05
0.0026284851
3.5013258e-05
0.002628493
3.6182152e-05
0.0026284981
3.7388334e-05
0.0026285009
3.8633336e-05
0.0026285014
3.9918589e-05
0.0026285
4.1245561e-05
0.0026284969
4.2615973e-05
0.0026284924
4.4031632e-05
0.0026284866
4.5494207e-05
0.0026284797
4.7005806e-05
0.0026284721
4.8568252e-05
0.0026284638
5.0183914e-05
0.002628455
5.1854676e-05
0.002628446
5.3583119e-05
0.0026284367
5.5371345e-05
0.0026284275
5.7222219e-05
0.0026284182
5.9137696e-05
0.0026284092
6.1121005e-05
0.0026284003
6.3174788e-05
0.0026283917
6.5301165e-05
0.0026283835
6.7503918e-05
0.0026283756
6.9784837e-05
0.002628368
7.2148461e-05
0.0026283609
7.4596696e-05
0.0026283541
7.7133619e-05
0.0026283478
7.9763445e-05
0.0026283417
8.2485039e-05
0.0026283362
8.5308479e-05
0.0026283307
8.8229105e-05
0.0026283259
9.1260586e-05
0.0026283212
9.439743e-05
0.0026283169
9.7650318e-05
0.0026283128
0.0001010191
0.002628309
0.00010450966
0.0026283053
0.000108124
0.0026283022
0.0001118769
0.0026282987
0.00011574966
0.0026282962
0.00011978179
0.0026282929
0.00012393387
0.0026282908
0.00012826349
0.002628288
0.00013272538
0.002628286
0.00013736838
0.0026282834
0.00014215549
0.0026282819
0.00014714786
0.0026282791
0.00015227324
0.0026282796
0.00015764679
0.0026282781
0.00016314807
0.0026282919
0.00016890031
0.0026282495
0.00017502406
0.0026280586
0.00018057014
0.0026265212
0.00019024626
0.0026226335
0.00018475935
0.0026109952
0.00023878657
0.00016337732
0.0027720642
4.8202363e-06
0.0027721279
5.2468225e-06
0.0027722091
5.7001229e-06
0.0027723067
6.1769721e-06
0.0027724189
6.6736961e-06
0.0027725433
7.1868806e-06
0.0027726769
7.7139836e-06
0.0027728174
8.2536067e-06
0.002772963
8.8053448e-06
0.0027731127
9.3692409e-06
0.0027732655
9.9451482e-06
0.0027734206
1.0532401e-05
0.002773577
1.1129936e-05
0.0027737337
1.173662e-05
0.0027738896
1.2351451e-05
0.0027740438
1.2973579e-05
0.0027741951
1.3602318e-05
0.0027743427
1.423727e-05
0.0027744857
1.4878429e-05
0.0027746234
1.5526169e-05
0.0027747552
1.6181156e-05
0.0027748808
1.6844291e-05
0.0027749999
1.7516706e-05
0.0027751123
1.8199732e-05
0.002775218
1.8894798e-05
0.0027753169
1.960333e-05
0.0027754093
2.0326721e-05
0.0027754951
2.1066374e-05
0.0027755744
2.1823749e-05
0.0027756476
2.2600304e-05
0.0027757148
2.3397396e-05
0.0027757761
2.421626e-05
0.0027758317
2.505811e-05
0.002775882
2.5924217e-05
0.002775927
2.6815851e-05
0.0027759671
2.7734154e-05
0.0027760023
2.8680168e-05
0.0027760331
2.9655001e-05
0.0027760595
3.0659834e-05
0.0027760818
3.1695788e-05
0.0027761004
3.2763938e-05
0.0027761153
3.3865482e-05
0.0027761269
3.5001663e-05
0.0027761354
3.6173639e-05
0.0027761411
3.738266e-05
0.0027761442
3.8630225e-05
0.002776145
3.9917789e-05
0.0027761437
4.1246818e-05
0.0027761407
4.2619036e-05
0.002776136
4.4036245e-05
0.0027761301
4.550015e-05
0.0027761231
4.701283e-05
0.0027761152
4.8576168e-05
0.0027761066
5.0192493e-05
0.0027760975
5.1863768e-05
0.0027760881
5.359253e-05
0.0027760785
5.5380957e-05
0.0027760689
5.7231862e-05
0.0027760593
5.9147317e-05
0.0027760498
6.1130461e-05
0.0027760406
6.3184003e-05
0.0027760317
6.5310128e-05
0.0027760231
6.7512513e-05
0.0027760148
6.9793129e-05
0.002776007
7.2156321e-05
0.0027759995
7.4604207e-05
0.0027759924
7.714071e-05
0.0027759858
7.9770034e-05
0.0027759795
8.2491407e-05
0.0027759738
8.5314254e-05
0.0027759681
8.8234796e-05
0.002775963
9.1265661e-05
0.0027759581
9.4402389e-05
0.0027759536
9.7654826e-05
0.0027759494
0.00010102338
0.0027759454
0.00010451365
0.0027759416
0.00010812786
0.0027759384
0.00011188016
0.0027759348
0.00011575329
0.0027759321
0.00011978445
0.0027759287
0.00012393728
0.0027759265
0.00012826578
0.0027759236
0.00013272828
0.0027759215
0.00013737046
0.0027759188
0.00014215815
0.0027759172
0.00014714944
0.0027759143
0.00015227617
0.0027759133
0.00015764775
0.0027759093
0.00016315204
0.0027759119
0.0001688976
0.0027759043
0.00017503169
0.0027759374
0.00018053695
0.0027757508
0.00019043283
0.0027754166
0.00018509348
0.0027713301
0.00024287299
0.00016945641
0.0029279173
4.7751188e-06
0.0029279784
5.1857043e-06
0.0029280559
5.6226845e-06
0.0029281491
6.0837389e-06
0.0029282567
6.5660369e-06
0.0029283768
7.0668078e-06
0.002928507
7.5837789e-06
0.0029286452
8.1154144e-06
0.0029287897
8.6608963e-06
0.0029289391
9.2198236e-06
0.0029290924
9.7917828e-06
0.0029292488
1.0376061e-05
0.0029294071
1.0971658e-05
0.0029295662
1.1577488e-05
0.0029297251
1.2192555e-05
0.0029298827
1.2816e-05
0.0029300379
1.3447121e-05
0.0029301897
1.408546e-05
0.0029303372
1.4730901e-05
0.0029304797
1.5383676e-05
0.0029306165
1.6044312e-05
0.0029307472
1.671358e-05
0.0029308715
1.7392478e-05
0.002930989
1.8082202e-05
0.0029310997
1.8784071e-05
0.0029312036
1.9499434e-05
0.0029313007
2.0229634e-05
0.002931391
2.0976028e-05
0.0029314748
2.1740025e-05
0.002931552
2.2523038e-05
0.002931623
2.3326407e-05
0.0029316879
2.415137e-05
0.0029317469
2.4999134e-05
0.0029318002
2.5870946e-05
0.002931848
2.6768054e-05
0.0029318905
2.7691603e-05
0.002931928
2.8642648e-05
0.0029319607
2.9622281e-05
0.0029319889
3.0631664e-05
0.0029320128
3.1671919e-05
0.0029320326
3.2744126e-05
0.0029320486
3.3849464e-05
0.0029320611
3.4989162e-05
0.0029320704
3.6164398e-05
0.0029320766
3.737642e-05
0.0029320801
3.86267e-05
0.0029320812
3.9916709e-05
0.0029320801
4.1247917e-05
0.0029320771
4.2622046e-05
0.0029320724
4.40409e-05
0.0029320664
4.5506213e-05
0.0029320592
4.7020043e-05
0.002932051
4.8584327e-05
0.0029320422
5.0201362e-05
0.0029320328
5.1873183e-05
0.002932023
5.3602292e-05
0.002932013
5.5390936e-05
0.002932003
5.7241884e-05
0.002931993
5.9157318e-05
0.0029319832
6.11403e-05
0.0029319736
6.3193594e-05
0.0029319643
6.5319456e-05
0.0029319554
6.7521464e-05
0.0029319468
6.9801759e-05
0.0029319386
7.2164509e-05
0.0029319308
7.4612025e-05
0.0029319234
7.7148095e-05
0.0029319166
7.9776902e-05
0.00293191
8.249803e-05
0.002931904
8.5320279e-05
0.0029318981
8.8240708e-05
0.0029318929
9.1270957e-05
0.0029318877
9.440754e-05
0.0029318831
9.7659524e-05
0.0029318787
0.00010102783
0.0029318745
0.00010451781
0.0029318706
0.00010813186
0.0029318672
0.00011188356
0.0029318635
0.00011575704
0.0029318607
0.00011978724
0.0029318572
0.00012394079
0.0029318548
0.00012826818
0.0029318518
0.00013273127
0.0029318497
0.00013737263
0.0029318469
0.0001421609
0.0029318452
0.0001471511
0.0029318422
0.00015227915
0.002931841
0.0001576489
0.002931837
0.00016315609
0.002931836
0.0001688985
0.0029318267
0.00017504089
0.0029318328
0.00018053084
0.0029318038
0.00019046179
0.0029317048
0.00018519242
0.0029317366
0.00024284118
0.00017159416
0.0030925311
4.7313705e-06
0.0030925898
5.1270457e-06
0.0030926638
5.5486793e-06
0.0030927529
5.9946394e-06
0.0030928561
6.4628002e-06
0.0030929719
6.9509684e-06
0.0030930985
7.4571884e-06
0.003093234
7.9799389e-06
0.0030933767
8.5181805e-06
0.0030935253
9.0712138e-06
0.0030936787
9.6384118e-06
0.0030938358
1.0218996e-05
0.0030939954
1.0811996e-05
0.0030941566
1.1416361e-05
0.003094318
1.2031102e-05
0.0030944787
1.2655346e-05
0.0030946374
1.3288372e-05
0.0030947932
1.3929669e-05
0.0030949451
1.4579019e-05
0.0030950922
1.5236526e-05
0.003095234
1.5902581e-05
0.0030953697
1.6577822e-05
0.0030954991
1.7263112e-05
0.0030956218
1.7959515e-05
0.0030957376
1.8668233e-05
0.0030958465
1.9390528e-05
0.0030959485
2.0127679e-05
0.0030960435
2.0880994e-05
0.0030961317
2.1651823e-05
0.0030962132
2.2441532e-05
0.0030962882
2.3251435e-05
0.0030963568
2.4082761e-05
0.0030964192
2.4936709e-05
0.0030964757
2.5814501e-05
0.0030965264
2.6717359e-05
0.0030965715
2.7646428e-05
0.0030966114
2.8602768e-05
0.0030966462
2.958746e-05
0.0030966762
3.0601644e-05
0.0030967017
3.164644e-05
0.0030967229
3.272293e-05
0.0030967401
3.3832275e-05
0.0030967536
3.4975693e-05
0.0030967636
3.6154375e-05
0.0030967705
3.7369567e-05
0.0030967744
3.8622721e-05
0.0030967758
3.9915315e-05
0.0030967749
4.1248829e-05
0.003096772
4.2624981e-05
0.0030967673
4.4045579e-05
0.0030967611
4.5512382e-05
0.0030967538
4.7027437e-05
0.0030967454
4.8592723e-05
0.0030967362
5.0210518e-05
0.0030967265
5.1882919e-05
0.0030967164
5.3612405e-05
0.003096706
5.5401281e-05
0.0030966956
5.7252288e-05
0.0030966853
5.9167702e-05
0.0030966751
6.1150523e-05
0.0030966651
6.3203564e-05
0.0030966554
6.5329153e-05
0.0030966461
6.7530777e-05
0.0030966372
6.9810732e-05
0.0030966287
7.217303e-05
0.0030966206
7.4620154e-05
0.0030966129
7.7155778e-05
0.0030966058
7.978405e-05
0.0030965989
8.2504911e-05
0.0030965927
8.5326557e-05
0.0030965866
8.8246843e-05
0.0030965811
9.1276475e-05
0.0030965758
9.4412887e-05
0.0030965709
9.7664414e-05
0.0030965663
0.00010103245
0.0030965621
0.00010452213
0.0030965579
0.00010813602
0.0030965544
0.00011188711
0.0030965506
0.00011576092
0.0030965477
0.00011979015
0.0030965441
0.00012394442
0.0030965416
0.0001282707
0.0030965385
0.00013273436
0.0030965362
0.0001373749
0.0030965334
0.00014216374
0.0030965316
0.00014715283
0.0030965286
0.0001522822
0.0030965273
0.00015765015
0.0030965233
0.00016316004
0.0030965214
0.00016890027
0.0030965141
0.00017504822
0.0030965039
0.00018054092
0.0030965123
0.00019045339
0.0030962256
0.00018547907
0.0030972563
0.00024181041
0.00017258464
0.0032663981
4.6889312e-06
0.0032664544
5.0706861e-06
0.0032665252
5.477881e-06
0.0032666104
5.9094345e-06
0.0032667094
6.3638109e-06
0.0032668211
6.8393277e-06
0.0032669439
7.3343654e-06
0.0032670763
7.8475188e-06
0.0032672168
8.3776727e-06
0.0032673641
8.9239572e-06
0.0032675169
9.4855972e-06
0.0032676741
1.0061754e-05
0.0032678346
1.065147e-05
0.0032679973
1.1253724e-05
0.0032681608
1.1867532e-05
0.0032683242
1.2492012e-05
0.0032684861
1.3126419e-05
0.0032686456
1.3770195e-05
0.0032688016
1.4423033e-05
0.0032689532
1.5084918e-05
0.0032690997
1.575611e-05
0.0032692404
1.6437115e-05
0.0032693748
1.7128663e-05
0.0032695027
1.7831683e-05
0.0032696236
1.8547258e-05
0.0032697376
1.9276552e-05
0.0032698445
2.0020775e-05
0.0032699443
2.0781169e-05
0.0032700371
2.1559026e-05
0.003270123
2.2355657e-05
0.0032702021
2.3172341e-05
0.0032702746
2.4010294e-05
0.0032703406
2.4870696e-05
0.0032704003
2.5754745e-05
0.0032704541
2.6663636e-05
0.003270502
2.7598504e-05
0.0032705443
2.8560412e-05
0.0032705814
2.9550429e-05
0.0032706133
3.0569674e-05
0.0032706405
3.1619259e-05
0.0032706632
3.2700267e-05
0.0032706816
3.3813842e-05
0.0032706961
3.4961192e-05
0.003270707
3.6143512e-05
0.0032707145
3.7362054e-05
0.003270719
3.8618245e-05
0.0032707207
3.9913573e-05
0.00327072
4.1249527e-05
0.0032707172
4.2627818e-05
0.0032707125
4.4050261e-05
0.0032707062
4.5518644e-05
0.0032706987
4.7034999e-05
0.0032706901
4.8601347e-05
0.0032706806
5.0219954e-05
0.0032706706
5.1892973e-05
0.0032706601
5.3622866e-05
0.0032706494
5.5411995e-05
0.0032706387
5.7263075e-05
0.0032706279
5.9178471e-05
0.0032706173
6.1161135e-05
0.003270607
6.3213918e-05
0.0032705969
6.5339223e-05
0.0032705872
6.7540454e-05
0.0032705779
6.9820051e-05
0.0032705691
7.2181887e-05
0.0032705607
7.4628597e-05
0.0032705527
7.716376e-05
0.0032705453
7.9791485e-05
0.0032705382
8.2512052e-05
0.0032705317
8.5333092e-05
0.0032705254
8.8253203e-05
0.0032705197
9.128222e-05
0.0032705142
9.441843e-05
0.0032705091
9.7669498e-05
0.0032705044
0.00010103724
0.0032704999
0.00010452662
0.0032704956
0.00010814033
0.003270492
0.0001118908
0.003270488
0.00011576493
0.003270485
0.00011979319
0.0032704813
0.00012394815
0.0032704787
0.00012827333
0.0032704755
0.00013273754
0.0032704731
0.00013737726
0.0032704702
0.00014216666
0.0032704684
0.00014715464
0.0032704652
0.00015228533
0.0032704638
0.00015765148
0.0032704598
0.00016316402
0.0032704576
0.00016890246
0.0032704512
0.00017505447
0.0032704357
0.00018055637
0.0032704581
0.00019043097
0.003270109
0.00018582806
0.0032712786
0.00024064084
0.00017345468
0.0034500383
4.6477488e-06
0.0034500925
5.0164841e-06
0.0034501603
5.410085e-06
0.0034502418
5.8279051e-06
0.0034503367
6.2688999e-06
0.0034504442
6.7318339e-06
0.0034505631
7.2154213e-06
0.0034506922
7.7184373e-06
0.0034508301
8.2397972e-06
0.0034509755
8.7785668e-06
0.0034511272
9.3338908e-06
0.0034512841
9.9048934e-06
0.0034514449
1.0490627e-05
0.0034516085
1.1090096e-05
0.0034517737
1.170233e-05
0.0034519393
1.2326441e-05
0.003452104
1.2961663e-05
0.0034522668
1.3607392e-05
0.0034524266
1.4263247e-05
0.0034525824
1.4929104e-05
0.0034527335
1.5605098e-05
0.003452879
1.6291607e-05
0.0034530184
1.6989229e-05
0.0034531513
1.7698761e-05
0.0034532774
1.8421158e-05
0.0034533965
1.9157485e-05
0.0034535084
1.9908866e-05
0.0034536131
2.0676475e-05
0.0034537106
2.1461536e-05
0.0034538009
2.2265301e-05
0.0034538843
2.3089006e-05
0.0034539607
2.3933841e-05
0.0034540304
2.4800966e-05
0.0034540936
2.5691549e-05
0.0034541505
2.6606757e-05
0.0034542013
2.754771e-05
0.0034542463
2.8515466e-05
0.0034542856
2.9511082e-05
0.0034543196
3.0535655e-05
0.0034543486
3.1590285e-05
0.0034543728
3.2676054e-05
0.0034543926
3.3794092e-05
0.0034544082
3.4945591e-05
0.0034544199
3.6131752e-05
0.0034544282
3.7353828e-05
0.0034544332
3.8613228e-05
0.0034544353
3.9911444e-05
0.0034544349
4.1249977e-05
0.0034544321
4.2630531e-05
0.0034544275
4.4054927e-05
0.0034544211
4.552498e-05
0.0034544134
4.7042716e-05
0.0034544046
4.8610189e-05
0.0034543949
5.0229664e-05
0.0034543845
5.190334e-05
0.0034543737
5.3633673e-05
0.0034543627
5.5423073e-05
0.0034543515
5.7274244e-05
0.0034543404
5.9189625e-05
0.0034543294
6.1172135e-05
0.0034543187
6.3224656e-05
0.0034543082
6.5349665e-05
0.0034542982
6.7550497e-05
0.0034542886
6.9829717e-05
0.0034542794
7.2191082e-05
0.0034542707
7.4637357e-05
0.0034542624
7.7172044e-05
0.0034542547
7.9799206e-05
0.0034542473
8.2519453e-05
0.0034542406
8.5339885e-05
0.003454234
8.8259788e-05
0.0034542281
9.1288192e-05
0.0034542224
9.4424169e-05
0.0034542172
9.7674775e-05
0.0034542122
0.00010104221
0.0034542076
0.00010453127
0.0034542032
0.0001081448
0.0034541994
0.00011189463
0.0034541953
0.00011576906
0.0034541921
0.00011979637
0.0034541883
0.00012395198
0.0034541856
0.00012827608
0.0034541823
0.0001327408
0.0034541799
0.00013737972
0.0034541769
0.00014216966
0.0034541749
0.00014715653
0.0034541717
0.00015228855
0.0034541703
0.0001576529
0.0034541662
0.00016316807
0.0034541637
0.0001689049
0.0034541576
0.00017506045
0.0034541399
0.00018057405
0.0034541671
0.00019040364
0.0034538009
0.00018619426
0.003455014
0.00023942768
0.0001743539
0.003644001
4.6077626e-06
0.0036440532
4.9643119e-06
0.0036441182
5.3451073e-06
0.0036441962
5.7498522e-06
0.0036442872
6.1779064e-06
0.0036443906
6.6284218e-06
0.0036445056
7.1004318e-06
0.0036446311
7.5929267e-06
0.003644766
8.1049265e-06
0.003644909
8.635516e-06
0.0036450591
9.1838243e-06
0.003645215
9.74897e-06
0.0036453756
1.0330025e-05
0.0036455397
1.0926026e-05
0.003645706
1.1536021e-05
0.0036458733
1.2159124e-05
0.0036460404
1.2794552e-05
0.0036462062
1.3441667e-05
0.0036463694
1.410002e-05
0.0036465291
1.4769391e-05
0.0036466844
1.5449802e-05
0.0036468345
1.6141504e-05
0.0036469788
1.6844965e-05
0.0036471167
1.7560851e-05
0.0036472478
1.8289993e-05
0.003647372
1.9033343e-05
0.0036474889
1.9791936e-05
0.0036475985
2.0566866e-05
0.0036477008
2.1359284e-05
0.0036477957
2.2170375e-05
0.0036478834
2.3001325e-05
0.0036479639
2.3853291e-05
0.0036480375
2.4727403e-05
0.0036481042
2.5624797e-05
0.0036481644
2.6546606e-05
0.0036482182
2.7493931e-05
0.0036482658
2.846782e-05
0.0036483076
2.9469314e-05
0.0036483437
3.049949e-05
0.0036483746
3.155943e-05
0.0036484004
3.2650212e-05
0.0036484216
3.3772951e-05
0.0036484383
3.4928825e-05
0.0036484511
3.6119036e-05
0.0036484601
3.7344838e-05
0.0036484657
3.8607626e-05
0.0036484682
3.990889e-05
0.003648468
4.1250148e-05
0.0036484655
4.2633089e-05
0.0036484609
4.4059551e-05
0.0036484545
4.553137e-05
0.0036484466
4.7050571e-05
0.0036484376
4.8619236e-05
0.0036484276
5.0239635e-05
0.003648417
5.191401e-05
0.0036484058
5.3644818e-05
0.0036483944
5.5434512e-05
0.0036483829
5.7285789e-05
0.0036483713
5.9201161e-05
0.00364836
6.118352e-05
0.0036483489
6.3235776e-05
0.0036483381
6.536048e-05
0.0036483277
6.7560906e-05
0.0036483177
6.9839732e-05
0.0036483082
7.2200613e-05
0.0036482991
7.4646433e-05
0.0036482906
7.718063e-05
0.0036482826
7.9807214e-05
0.003648275
8.2527114e-05
0.003648268
8.5346935e-05
0.0036482612
8.8266596e-05
0.003648255
9.1294391e-05
0.0036482491
9.4430104e-05
0.0036482437
9.7680246e-05
0.0036482386
0.00010104736
0.0036482338
0.00010453608
0.0036482292
0.00010814941
0.0036482253
0.00011189861
0.0036482211
0.00011577331
0.0036482178
0.00011979968
0.0036482139
0.00012395592
0.003648211
0.00012827894
0.0036482077
0.00013274415
0.0036482051
0.00013738228
0.003648202
0.00014217275
0.0036482001
0.0001471585
0.0036481967
0.00015229183
0.0036481952
0.00015765439
0.003648191
0.00016317219
0.0036481883
0.00016890754
0.0036481824
0.00017506634
0.0036481629
0.0001805934
0.0036481934
0.00019037314
0.0036478152
0.00018657233
0.003649069
0.00023817384
0.00017528651
0.0038488665
4.5689221e-06
0.0038489168
4.9140563e-06
0.0038489791
5.2827853e-06
0.0038490539
5.6750963e-06
0.0038491411
6.0906791e-06
0.0038492405
6.5290184e-06
0.0038493515
6.989443e-06
0.0038494732
7.4711738e-06
0.0038496048
7.9733827e-06
0.0038497451
8.495236e-06
0.003849893
9.0359025e-06
0.0038500474
9.5945313e-06
0.0038502072
1.0170232e-05
0.0038503712
1.0762082e-05
0.003850538
1.136916e-05
0.0038507065
1.1990591e-05
0.0038508755
1.2625587e-05
0.0038510437
1.3273481e-05
0.0038512099
1.393377e-05
0.0038513732
1.460615e-05
0.0038515324
1.5290537e-05
0.0038516869
1.5987066e-05
0.0038518358
1.6696078e-05
0.0038519785
1.7418111e-05
0.0038521146
1.815387e-05
0.0038522438
1.8904191e-05
0.0038523657
1.9670009e-05
0.0038524802
2.0452333e-05
0.0038525873
2.1252232e-05
0.0038526868
2.207082e-05
0.0038527789
2.2909224e-05
0.0038528637
2.3768555e-05
0.0038529412
2.464991e-05
0.0038530116
2.5554385e-05
0.0038530751
2.6483079e-05
0.003853132
2.7437063e-05
0.0038531824
2.8417372e-05
0.0038532267
2.9425029e-05
0.0038532651
3.0461085e-05
0.0038532979
3.1526606e-05
0.0038533255
3.2622659e-05
0.0038533481
3.3750345e-05
0.0038533661
3.4910828e-05
0.0038533798
3.6105305e-05
0.0038533896
3.7335033e-05
0.0038533959
3.8601392e-05
0.0038533989
3.990587e-05
0.003853399
4.1250003e-05
0.0038533967
4.2635464e-05
0.0038533921
4.4064107e-05
0.0038533857
4.5537793e-05
0.0038533777
4.7058544e-05
0.0038533685
4.8628472e-05
0.0038533583
5.0249854e-05
0.0038533473
5.1924973e-05
0.0038533359
5.3656292e-05
0.0038533241
5.5446303e-05
0.0038533122
5.7297706e-05
0.0038533003
5.9213074e-05
0.0038532885
6.1195286e-05
0.003853277
6.3247276e-05
0.0038532659
6.5371664e-05
0.0038532551
6.7571677e-05
0.0038532448
6.9850091e-05
0.003853235
7.2210479e-05
0.0038532256
7.4655823e-05
0.0038532167
7.7189513e-05
0.0038532085
7.9815507e-05
0.0038532006
8.2535032e-05
0.0038531933
8.535424e-05
0.0038531863
8.8273627e-05
0.0038531799
9.1300813e-05
0.0038531739
9.4436232e-05
0.0038531682
9.7685907e-05
0.003853163
0.00010105268
0.003853158
0.00010454106
0.0038531533
0.00010815417
0.0038531492
0.00011190273
0.0038531449
0.00011577768
0.0038531415
0.00011980312
0.0038531375
0.00012395994
0.0038531345
0.00012828193
0.0038531311
0.00013274757
0.0038531284
0.00013738493
0.0038531253
0.0001421759
0.0038531232
0.00014716055
0.0038531198
0.00015229519
0.0038531182
0.00015765598
0.0038531139
0.00016317638
0.003853111
0.00016891039
0.0038531051
0.00017507214
0.003853084
0.00018061444
0.0038531175
0.00019033961
0.0038527285
0.00018696128
0.0038540202
0.00023688203
0.0001762489
0.0040652476
4.5311842e-06
0.004065296
4.8656178e-06
0.0040653558
5.2229776e-06
0.0040654274
5.6034772e-06
0.004065511
6.0070775e-06
0.0040656065
6.4335454e-06
0.0040657135
6.8824775e-06
0.0040658313
7.3533256e-06
0.0040659593
7.8454402e-06
0.0040660964
8.3581128e-06
0.0040662417
8.8905971e-06
0.0040663941
9.4421071e-06
0.0040665525
1.0011812e-05
0.0040667158
1.0598845e-05
0.0040668826
1.1202328e-05
0.0040670518
1.1821412e-05
0.004067222
1.2455313e-05
0.0040673922
1.3103347e-05
0.004067561
1.376497e-05
0.0040677273
1.4439808e-05
0.0040678902
1.5127683e-05
0.0040680486
1.582862e-05
0.0040682019
1.6542843e-05
0.0040683492
1.7270762e-05
0.0040684901
1.8012957e-05
0.0040686242
1.8770147e-05
0.004068751
1.9543162e-05
0.0040688704
2.0332913e-05
0.0040689823
2.1140386e-05
0.0040690865
2.1966613e-05
0.004069183
2.2812654e-05
0.004069272
2.3679569e-05
0.0040693535
2.456841e-05
0.0040694277
2.548023e-05
0.0040694947
2.6416085e-05
0.0040695547
2.7377016e-05
0.0040696081
2.8364033e-05
0.0040696549
2.9378139e-05
0.0040696957
3.0420358e-05
0.0040697305
3.1491735e-05
0.0040697599
3.2593322e-05
0.004069784
3.3726207e-05
0.0040698033
3.4891536e-05
0.0040698181
3.6090502e-05
0.0040698288
3.732436e-05
0.0040698357
3.859448e-05
0.0040698392
3.9902344e-05
0.0040698397
4.1249503e-05
0.0040698376
4.2637622e-05
0.0040698331
4.4068568e-05
0.0040698267
4.5544223e-05
0.0040698186
4.7066613e-05
0.0040698092
4.8637878e-05
0.0040697988
5.0260305e-05
0.0040697876
5.1936214e-05
0.0040697758
5.3668081e-05
0.0040697637
5.5458435e-05
0.0040697514
5.7309983e-05
0.0040697391
5.9225355e-05
0.004069727
6.1207425e-05
0.0040697151
6.3259148e-05
0.0040697036
6.5383211e-05
0.0040696925
6.7582804e-05
0.0040696818
6.9860789e-05
0.0040696717
7.2220673e-05
0.004069662
7.4665522e-05
0.0040696529
7.719869e-05
0.0040696443
7.9824081e-05
0.0040696362
8.2543204e-05
0.0040696287
8.5361797e-05
0.0040696215
8.8280875e-05
0.0040696149
9.1307456e-05
0.0040696086
9.4442551e-05
0.0040696028
9.7691755e-05
0.0040695973
0.00010105816
0.0040695922
0.00010454619
0.0040695874
0.00010815908
0.0040695831
0.00011190699
0.0040695787
0.00011578216
0.0040695752
0.0001198067
0.0040695711
0.00012396406
0.004069568
0.00012828503
0.0040695645
0.00013275107
0.0040695617
0.00013738768
0.0040695585
0.00014217913
0.0040695564
0.00014716268
0.0040695529
0.0001522986
0.0040695512
0.00015765765
0.0040695469
0.00016318062
0.0040695438
0.00016891346
0.004069538
0.00017507785
0.0040695152
0.00018063718
0.0040695516
0.00019030311
0.0040691531
0.00018735971
0.0040704787
0.00023555635
0.0001772382
0.0042937914
4.4945156e-06
0.0042938381
4.8189112e-06
0.0042938955
5.1655598e-06
0.0042939641
5.5348533e-06
0.0042940442
5.9269729e-06
0.0042941358
6.3419235e-06
0.0042942388
6.7795398e-06
0.0042943526
7.2394948e-06
0.0042944767
7.7213295e-06
0.0042946103
8.2244881e-06
0.0042947526
8.7483427e-06
0.0042949025
9.2922028e-06
0.004295059
9.8553202e-06
0.0042952209
1.04369e-05
0.0042953871
1.1036125e-05
0.0042955564
1.1652185e-05
0.0042957274
1.2284315e-05
0.0042958989
1.2931829e-05
0.0042960697
1.3594152e-05
0.0042962386
1.4270856e-05
0.0042964046
1.4961683e-05
0.0042965667
1.566656e-05
0.0042967239
1.6385598e-05
0.0042968756
1.7119087e-05
0.0042970211
1.7867485e-05
0.0042971598
1.8631391e-05
0.0042972915
1.9411524e-05
0.0042974157
2.0208696e-05
0.0042975323
2.1023796e-05
0.0042976411
2.1857772e-05
0.0042977422
2.271161e-05
0.0042978354
2.3586305e-05
0.004297921
2.4482859e-05
0.0042979989
2.5402273e-05
0.0042980695
2.6345559e-05
0.0042981328
2.7313716e-05
0.0042981891
2.8307728e-05
0.0042982386
2.9328568e-05
0.0042982818
3.0377234e-05
0.0042983188
3.1454744e-05
0.0042983499
3.2562133e-05
0.0042983757
3.3700472e-05
0.0042983963
3.487089e-05
0.0042984123
3.6074572e-05
0.0042984239
3.7312769e-05
0.0042984315
3.8586843e-05
0.0042984356
3.9898269e-05
0.0042984365
4.1248612e-05
0.0042984346
4.263953e-05
0.0042984302
4.4072903e-05
0.0042984238
4.5550633e-05
0.0042984157
4.7074754e-05
0.0042984061
4.8647431e-05
0.0042983955
5.0270967e-05
0.004298384
5.1947714e-05
0.0042983719
5.3680169e-05
0.0042983595
5.5470894e-05
0.0042983469
5.7322607e-05
0.0042983342
5.9237992e-05
0.0042983217
6.1219925e-05
0.0042983095
6.327138e-05
0.0042982977
6.5395111e-05
0.0042982862
6.7594277e-05
0.0042982752
6.9871818e-05
0.0042982647
7.2231188e-05
0.0042982547
7.4675522e-05
0.0042982453
7.7208153e-05
0.0042982365
7.9832929e-05
0.0042982281
8.2551621e-05
0.0042982204
8.5369598e-05
0.0042982129
8.8288334e-05
0.0042982061
9.1314313e-05
0.0042981997
9.4449053e-05
0.0042981937
9.7697782e-05
0.0042981881
0.00010106381
0.0042981828
0.00010455147
0.0042981778
0.00010816412
0.0042981735
0.00011191139
0.0042981689
0.00011578674
0.0042981653
0.00011981041
0.0042981611
0.00012396825
0.0042981579
0.00012828824
0.0042981543
0.00013275464
0.0042981515
0.00013739052
0.0042981482
0.00014218241
0.004298146
0.00014716488
0.0042981425
0.00015230206
0.0042981407
0.00015765941
0.0042981363
0.00016318492
0.0042981329
0.00016891675
0.0042981273
0.00017508344
0.0042981028
0.00018066161
0.004298142
0.00019026378
0.0042977357
0.00018776594
0.0042990907
0.00023420135
0.00017825131
0.0045351815
4.4588886e-06
0.0045352265
4.7738661e-06
0.0045352817
5.1104262e-06
0.0045353474
5.4691008e-06
0.0045354242
5.8502489e-06
0.004535512
6.2540746e-06
0.0045356109
6.6806207e-06
0.0045357206
7.1297659e-06
0.0045358407
7.6012422e-06
0.0045359706
8.0946608e-06
0.0045361094
8.609535e-06
0.0045362563
9.1452942e-06
0.0045364103
9.7012942e-06
0.0045365704
1.0276831e-05
0.0045367353
1.0871161e-05
0.004536904
1.1483533e-05
0.0045370751
1.2113216e-05
0.0045372474
1.2759534e-05
0.0045374196
1.34219e-05
0.0045375906
1.4099846e-05
0.0045377593
1.4793049e-05
0.0045379245
1.5501348e-05
0.0045380853
1.6224754e-05
0.004538241
1.6963444e-05
0.0045383907
1.7717756e-05
0.0045385339
1.8488171e-05
0.0045386701
1.9275294e-05
0.004538799
2.007983e-05
0.0045389202
2.0902569e-05
0.0045390336
2.1744368e-05
0.0045391391
2.2606128e-05
0.0045392366
2.3488775e-05
0.0045393263
2.4393246e-05
0.004539408
2.532049e-05
0.0045394821
2.6271461e-05
0.0045395487
2.7247117e-05
0.0045396081
2.8248402e-05
0.0045396604
2.927626e-05
0.004539706
3.0331654e-05
0.0045397451
3.1415574e-05
0.0045397782
3.2529034e-05
0.0045398056
3.3673084e-05
0.0045398277
3.4848836e-05
0.0045398448
3.6057464e-05
0.0045398573
3.7300212e-05
0.0045398657
3.8578436e-05
0.0045398704
3.9893605e-05
0.0045398717
4.1247291e-05
0.0045398701
4.2641153e-05
0.0045398659
4.4077078e-05
0.0045398596
4.5556992e-05
0.0045398514
4.7082939e-05
0.0045398417
4.8657106e-05
0.0045398309
5.0281815e-05
0.0045398192
5.1959453e-05
0.0045398068
5.3692535e-05
0.0045397941
5.5483659e-05
0.0045397811
5.7335559e-05
0.0045397682
5.9250967e-05
0.0045397553
6.123277e-05
0.0045397428
6.3283959e-05
0.0045397306
6.5407349e-05
0.0045397188
6.7606083e-05
0.0045397074
6.9883166e-05
0.0045396967
7.224201e-05
0.0045396864
7.4685812e-05
0.0045396767
7.7217891e-05
0.0045396676
7.9842041e-05
0.004539659
8.2560276e-05
0.004539651
8.5377635e-05
0.0045396434
8.8295995e-05
0.0045396364
9.1321375e-05
0.0045396297
9.4455731e-05
0.0045396236
9.7703983e-05
0.0045396178
0.00010106961
0.0045396124
0.0001045569
0.0045396073
0.00010816929
0.0045396028
0.00011191593
0.0045395982
0.00011579143
0.0045395944
0.00011981423
0.0045395901
0.00012397252
0.0045395868
0.00012829157
0.0045395832
0.00013275827
0.0045395803
0.00013739345
0.0045395769
0.00014218575
0.0045395746
0.00014716716
0.0045395711
0.00015230557
0.0045395692
0.00015766125
0.0045395648
0.00016318924
0.0045395612
0.00016892026
0.0045395557
0.00017508891
0.0045395295
0.00018068771
0.0045395714
0.00019022179
0.0045391591
0.00018817815
0.0045405383
0.00023282208
0.00017928479
0.00479014
4.4242847e-06
0.0047901834
4.7304255e-06
0.0047902364
5.0574878e-06
0.0047902993
5.406113e-06
0.0047903728
5.7768023e-06
0.0047904569
6.1699246e-06
0.0047905519
6.5857023e-06
0.0047906574
7.0242009e-06
0.0047907733
7.4853358e-06
0.0047908991
7.9688898e-06
0.0047910341
8.4745306e-06
0.0047911776
9.0018246e-06
0.0047913286
9.5502495e-06
0.0047914862
1.0119208e-05
0.0047916493
1.070805e-05
0.0047918168
1.1316096e-05
0.0047919873
1.1942666e-05
0.0047921598
1.2587112e-05
0.0047923328
1.324885e-05
0.0047925053
1.3927388e-05
0.004792676
1.4622355e-05
0.0047928438
1.5333518e-05
0.0047930077
1.6060796e-05
0.0047931669
1.6804264e-05
0.0047933205
1.7564146e-05
0.0047934679
1.8340808e-05
0.0047936084
1.9134739e-05
0.0047937417
1.9946534e-05
0.0047938674
2.0776879e-05
0.0047939853
2.1626531e-05
0.0047940951
2.2496302e-05
0.0047941968
2.3387039e-05
0.0047942905
2.4299608e-05
0.0047943761
2.5234892e-05
0.0047944537
2.6193788e-05
0.0047945236
2.7177199e-05
0.004794586
2.8186027e-05
0.0047946411
2.9221178e-05
0.0047946892
3.0283577e-05
0.0047947306
3.1374182e-05
0.0047947656
3.2493979e-05
0.0047947947
3.3643998e-05
0.0047948182
3.482533e-05
0.0047948366
3.6039134e-05
0.0047948501
3.7286648e-05
0.0047948593
3.856922e-05
0.0047948646
3.9888312e-05
0.0047948664
4.1245502e-05
0.0047948651
4.2642455e-05
0.0047948611
4.4081061e-05
0.0047948549
4.5563268e-05
0.0047948467
4.7091135e-05
0.0047948369
4.8666872e-05
0.0047948259
5.0292821e-05
0.004794814
5.1971402e-05
0.0047948014
5.3705154e-05
0.0047947883
5.5496706e-05
0.0047947751
5.7348817e-05
0.0047947618
5.9264259e-05
0.0047947487
6.1245939e-05
0.0047947358
6.3296864e-05
0.0047947232
6.5419907e-05
0.0047947112
6.7618204e-05
0.0047946995
6.9894814e-05
0.0047946884
7.2253124e-05
0.0047946779
7.4696377e-05
0.004794668
7.7227888e-05
0.0047946586
7.9851403e-05
0.0047946498
8.2569153e-05
0.0047946416
8.5385892e-05
0.0047946338
8.8303848e-05
0.0047946266
9.1328629e-05
0.0047946198
9.4462575e-05
0.0047946135
9.7710343e-05
0.0047946076
0.00010107556
0.004794602
0.00010456246
0.0047945968
0.00010817458
0.0047945922
0.00011192059
0.0047945874
0.00011579619
0.0047945835
0.00011981818
0.0047945792
0.00012397684
0.0047945758
0.000128295
0.0047945722
0.00013276195
0.0047945692
0.00013739645
0.0047945658
0.00014218914
0.0047945634
0.00014716951
0.0047945598
0.0001523091
0.0047945578
0.00015766319
0.0047945534
0.00016319358
0.0047945496
0.00016892399
0.0047945442
0.00017509424
0.0047945164
0.00018071544
0.0047945607
0.00019017735
0.0047941444
0.00018859438
0.0047955424
0.00023142404
0.0001803348
0.0050594293
4.3906942e-06
0.0050594712
4.6885457e-06
0.005059522
5.0066727e-06
0.0050595823
5.3458004e-06
0.0050596526
5.7065433e-06
0.0050597331
6.0894053e-06
0.005059824
6.4947619e-06
0.0050599254
6.9228445e-06
0.005060037
7.3737397e-06
0.0050601585
7.8473986e-06
0.0050602894
8.3436483e-06
0.005060429
8.862203e-06
0.0050605766
9.4026752e-06
0.0050607312
9.9645901e-06
0.0050608918
1.0547403e-05
0.0050610574
1.1150523e-05
0.0050612267
1.1773339e-05
0.0050613986
1.2415247e-05
0.0050615718
1.3075684e-05
0.005061745
1.3754151e-05
0.0050619171
1.4450244e-05
0.0050620869
1.5163676e-05
0.0050622534
1.5894288e-05
0.0050624156
1.6642062e-05
0.0050625727
1.7407117e-05
0.0050627238
1.8189707e-05
0.0050628683
1.8990208e-05
0.0050630057
1.9809102e-05
0.0050631356
2.0646968e-05
0.0050632577
2.1504459e-05
0.0050633717
2.2382289e-05
0.0050634776
2.3281217e-05
0.0050635751
2.4202031e-05
0.0050636645
2.5145541e-05
0.0050637457
2.6112578e-05
0.0050638189
2.7103984e-05
0.0050638843
2.812061e-05
0.0050639422
2.9163317e-05
0.0050639928
3.0232989e-05
0.0050640364
3.1330545e-05
0.0050640734
3.2456943e-05
0.0050641043
3.3613184e-05
0.0050641293
3.4800338e-05
0.0050641488
3.6019547e-05
0.0050641634
3.7272041e-05
0.0050641735
3.8559157e-05
0.0050641795
3.9882352e-05
0.0050641818
4.1243209e-05
0.0050641808
4.2643399e-05
0.0050641771
4.4084814e-05
0.0050641709
4.5569424e-05
0.0050641628
4.7099308e-05
0.0050641529
4.8676697e-05
0.0050641418
5.0303953e-05
0.0050641297
5.198353e-05
0.0050641169
5.3717994e-05
0.0050641036
5.5510007e-05
0.0050640901
5.736235e-05
0.0050640765
5.9277841e-05
0.005064063
6.1259405e-05
0.0050640499
6.3310069e-05
0.005064037
6.5432762e-05
0.0050640246
6.7630616e-05
0.0050640127
6.9906742e-05
0.0050640014
7.2264507e-05
0.0050639906
7.4707196e-05
0.0050639804
7.7238126e-05
0.0050639709
7.9860996e-05
0.0050639618
8.2578237e-05
0.0050639534
8.5394355e-05
0.0050639454
8.8311876e-05
0.005063938
9.133606e-05
0.0050639311
9.4469571e-05
0.0050639246
9.7716852e-05
0.0050639186
0.00010108164
0.005063913
0.00010456814
0.0050639076
0.00010817998
0.0050639029
0.00011192536
0.0050638981
0.00011580104
0.0050638941
0.00011982223
0.0050638897
0.00012398122
0.0050638862
0.00012829852
0.0050638825
0.00013276567
0.0050638794
0.00013739953
0.005063876
0.00014219256
0.0050638736
0.00014717193
0.00506387
0.00015231265
0.0050638679
0.0001576652
0.0050638635
0.00016319792
0.0050638595
0.00016892794
0.0050638542
0.00017509943
0.0050638248
0.00018074473
0.0050638714
0.00019013068
0.0050634531
0.00018901255
0.0050648639
0.0002300132
0.00018139714
0.0053438551
4.3581171e-06
0.0053438955
4.6481967e-06
0.0053439442
4.9579245e-06
0.0053440019
5.28809e-06
0.0053440691
5.6393962e-06
0.005344146
6.0124566e-06
0.005344233
6.4077755e-06
0.0053443301
6.8257293e-06
0.0053444373
7.2665603e-06
0.0053445543
7.7303795e-06
0.0053446808
8.217172e-06
0.0053448162
8.7268039e-06
0.0053449598
9.2590312e-06
0.0053451109
9.8135114e-06
0.0053452685
1.0389819e-05
0.0053454315
1.0987466e-05
0.005345599
1.1605925e-05
0.0053457695
1.2244654e-05
0.0053459421
1.2903126e-05
0.0053461154
1.3580854e-05
0.0053462882
1.4277421e-05
0.0053464594
1.4992499e-05
0.0053466278
1.572587e-05
0.0053467924
1.6477433e-05
0.0053469523
1.7247213e-05
0.0053471067
1.803536e-05
0.0053472548
1.8842138e-05
0.0053473959
1.9667918e-05
0.0053475297
2.0513166e-05
0.0053476558
2.137843e-05
0.0053477737
2.2264319e-05
0.0053478835
2.3171498e-05
0.0053479848
2.4100667e-05
0.0053480778
2.5052556e-05
0.0053481625
2.6027921e-05
0.0053482389
2.7027537e-05
0.0053483073
2.8052195e-05
0.0053483679
2.9102706e-05
0.005348421
3.0179905e-05
0.0053484669
3.128467e-05
0.0053485059
3.241792e-05
0.0053485385
3.3580629e-05
0.005348565
3.4773842e-05
0.0053485858
3.5998681e-05
0.0053486015
3.7256364e-05
0.0053486125
3.8548218e-05
0.0053486191
3.9875695e-05
0.0053486219
4.1240378e-05
0.0053486214
4.2643951e-05
0.0053486179
4.4088301e-05
0.0053486119
4.5575424e-05
0.0053486038
4.7107422e-05
0.005348594
4.8686542e-05
0.0053485828
5.0315173e-05
0.0053485705
5.19958e-05
0.0053485575
5.3731019e-05
0.005348544
5.5523524e-05
0.0053485302
5.7376124e-05
0.0053485164
5.9291678e-05
0.0053485027
6.1273136e-05
0.0053484892
6.3323543e-05
0.0053484761
6.5445881e-05
0.0053484635
6.7643289e-05
0.0053484513
6.9918922e-05
0.0053484397
7.2276134e-05
0.0053484287
7.4718245e-05
0.0053484183
7.724858e-05
0.0053484086
7.9870798e-05
0.0053483993
8.2587506e-05
0.0053483907
8.5403002e-05
0.0053483826
8.8320061e-05
0.0053483751
9.134365e-05
0.005348368
9.4476702e-05
0.0053483614
9.7723489e-05
0.0053483552
0.00010108783
0.0053483495
0.00010457393
0.0053483441
0.00010818547
0.0053483392
0.00011193022
0.0053483344
0.00011580594
0.0053483303
0.00011982638
0.0053483259
0.00012398564
0.0053483223
0.00012830212
0.0053483186
0.00013276942
0.0053483154
0.00013740266
0.005348312
0.000142196
0.0053483095
0.00014717439
0.0053483059
0.0001523162
0.0053483037
0.00015766729
0.0053482993
0.00016320224
0.0053482951
0.0001689321
0.00534829
0.00017510445
0.0053482591
0.00018077549
0.0053483077
0.00019008204
0.0053478897
0.00018943045
0.0053493069
0.00022859597
0.00018246726
0.0056442678
4.3265623e-06
0.0056443066
4.6093601e-06
0.0056443533
4.9112025e-06
0.0056444085
5.2329254e-06
0.0056444726
5.5753002e-06
0.005644546
5.9390286e-06
0.0056446291
6.3247216e-06
0.0056447219
6.7328807e-06
0.0056448246
7.163887e-06
0.005644937
7.6179995e-06
0.0056450588
8.0953547e-06
0.0056451896
8.59597e-06
0.0056453289
9.1197478e-06
0.0056454759
9.6664851e-06
0.0056456299
1.0235885e-05
0.0056457898
1.0827575e-05
0.0056459546
1.1441124e-05
0.0056461231
1.2076069e-05
0.0056462943
1.2731935e-05
0.0056464669
1.3408267e-05
0.0056466397
1.4104651e-05
0.0056468115
1.4820738e-05
0.0056469811
1.5556263e-05
0.0056471474
1.6311061e-05
0.0056473096
1.7085074e-05
0.0056474666
1.7878354e-05
0.0056476176
1.8691061e-05
0.0056477621
1.9523456e-05
0.0056478994
2.0375894e-05
0.005648029
2.124881e-05
0.0056481506
2.2142708e-05
0.005648264
2.305815e-05
0.0056483689
2.3995741e-05
0.0056484653
2.4956124e-05
0.0056485533
2.593997e-05
0.0056486328
2.6947981e-05
0.0056487041
2.7980881e-05
0.0056487674
2.903942e-05
0.0056488229
3.0124381e-05
0.005648871
3.1236593e-05
0.005648912
3.2376935e-05
0.0056489463
3.3546348e-05
0.0056489743
3.4745845e-05
0.0056489964
3.597653e-05
0.0056490132
3.7239604e-05
0.005649025
3.8536384e-05
0.0056490324
3.9868316e-05
0.0056490358
4.1236981e-05
0.0056490357
4.2644078e-05
0.0056490325
4.4091486e-05
0.0056490267
4.558123e-05
0.0056490187
4.7115435e-05
0.0056490089
4.8696366e-05
0.0056489976
5.0326438e-05
0.0056489853
5.2008169e-05
0.0056489721
5.3744185e-05
0.0056489584
5.5537215e-05
0.0056489445
5.7390097e-05
0.0056489304
5.930573e-05
0.0056489165
6.128709e-05
0.0056489028
6.3337247e-05
0.0056488895
6.545923e-05
0.0056488766
6.7656189e-05
0.0056488643
6.9931319e-05
0.0056488525
7.228797e-05
0.0056488412
7.4729492e-05
0.0056488306
7.7259222e-05
0.0056488207
7.988078e-05
0.0056488113
8.2596934e-05
0.0056488026
8.5411806e-05
0.0056487943
8.8328379e-05
0.0056487866
9.1351374e-05
0.0056487794
9.4483946e-05
0.0056487727
9.7730236e-05
0.0056487665
0.00010109413
0.0056487607
0.00010457981
0.0056487552
0.00010819103
0.0056487502
0.00011193518
0.0056487453
0.00011581088
0.0056487412
0.0001198306
0.0056487367
0.00012399008
0.0056487331
0.00012830579
0.0056487293
0.00013277319
0.0056487262
0.00013740584
0.0056487227
0.00014219945
0.0056487202
0.00014717691
0.0056487166
0.00015231974
0.0056487144
0.00015766945
0.00564871
0.00016320653
0.0056487056
0.00016893646
0.0056487006
0.00017510931
0.0056486684
0.00018080758
0.0056487187
0.00019003172
0.0056483032
0.0001898458
0.00564972
0.00022717916
0.00018354025
0.0059615662
4.2960494e-06
0.0059616035
4.5720326e-06
0.0059616482
4.8664821e-06
0.0059617009
5.1802666e-06
0.005961762
5.5142099e-06
0.0059618319
5.8690828e-06
0.0059619111
6.2455843e-06
0.0059619996
6.6443217e-06
0.0059620977
7.0657979e-06
0.0059622053
7.5104057e-06
0.0059623222
7.9784237e-06
0.0059624482
8.4700146e-06
0.0059625827
8.985227e-06
0.0059627252
9.5239996e-06
0.0059628749
1.0086171e-05
0.005963031
1.0671492e-05
0.0059631925
1.1279641e-05
0.0059633583
1.1910246e-05
0.0059635273
1.2562904e-05
0.0059636984
1.3237205e-05
0.0059638703
1.3932757e-05
0.0059640418
1.4649209e-05
0.0059642118
1.5386268e-05
0.0059643791
1.6143719e-05
0.0059645428
1.6921433e-05
0.0059647018
1.7719377e-05
0.0059648552
1.8537614e-05
0.0059650024
1.9376298e-05
0.0059651426
2.0235674e-05
0.0059652753
2.1116066e-05
0.0059654002
2.2017868e-05
0.0059655168
2.2941533e-05
0.005965625
2.3887565e-05
0.0059657246
2.485651e-05
0.0059658156
2.5848951e-05
0.0059658981
2.6865505e-05
0.0059659721
2.7906822e-05
0.0059660379
2.8973586e-05
0.0059660958
3.0066518e-05
0.005966146
3.1186395e-05
0.0059661889
3.2334049e-05
0.0059662249
3.3510382e-05
0.0059662543
3.4716376e-05
0.0059662778
3.5953109e-05
0.0059662956
3.7221764e-05
0.0059663083
3.8523648e-05
0.0059663165
3.9860198e-05
0.0059663204
4.1232993e-05
0.0059663208
4.2643748e-05
0.0059663179
4.4094333e-05
0.0059663124
4.5586803e-05
0.0059663045
4.7123304e-05
0.0059662948
4.8706123e-05
0.0059662835
5.03377e-05
0.0059662711
5.2020587e-05
0.0059662579
5.3757443e-05
0.0059662441
5.555103e-05
0.0059662299
5.7404219e-05
0.0059662157
5.9319946e-05
0.0059662016
6.1301221e-05
0.0059661878
6.3351134e-05
0.0059661743
6.5472761e-05
0.0059661612
6.766927e-05
0.0059661487
6.9943891e-05
0.0059661367
7.2299976e-05
0.0059661253
7.47409e-05
0.0059661146
7.7270013e-05
0.0059661045
7.9890908e-05
0.005966095
8.2606489e-05
0.0059660861
8.5420735e-05
0.0059660777
8.8336801e-05
0.0059660699
9.1359203e-05
0.0059660627
9.4491278e-05
0.0059660559
9.7737066e-05
0.0059660496
0.0001011005
0.0059660437
0.00010458575
0.0059660381
0.00010819664
0.0059660332
0.00011194019
0.0059660282
0.00011581585
0.005966024
0.00011983489
0.0059660196
0.00012399452
0.0059660159
0.0001283095
0.0059660121
0.00013277695
0.0059660089
0.00013740905
0.0059660055
0.00014220289
0.0059660029
0.00014717945
0.0059659994
0.00015232324
0.0059659971
0.00015767167
0.0059659928
0.00016321076
0.0059659881
0.000168941
0.0059659834
0.00017511399
0.00596595
0.00018084087
0.0059660016
0.00018998004
0.0059655911
0.00019025623
0.0059670001
0.00022577001
0.00018461084
0.0062966991
4.2666077e-06
0.0062967349
4.5362232e-06
0.0062967776
4.8237538e-06
0.0062968278
5.1300907e-06
0.0062968859
5.4560959e-06
0.0062969524
5.8025946e-06
0.0062970276
6.1703564e-06
0.0062971119
6.5600773e-06
0.0062972053
6.9723652e-06
0.006297308
7.407732e-06
0.0062974198
7.866586e-06
0.0062975406
8.3492273e-06
0.00629767
8.8558453e-06
0.0062978075
9.3865202e-06
0.0062979524
9.9412279e-06
0.006298104
1.0519849e-05
0.0062982615
1.1122181e-05
0.0062984238
1.1747954e-05
0.0062985898
1.239685e-05
0.0062987585
1.3068522e-05
0.0062989287
1.3762617e-05
0.0062990991
1.4478799e-05
0.0062992686
1.5216766e-05
0.006299436
1.5976268e-05
0.0062996003
1.6757122e-05
0.0062997605
1.7559221e-05
0.0062999156
1.838254e-05
0.0063000647
1.9227135e-05
0.0063002073
2.0093144e-05
0.0063003425
2.0980779e-05
0.0063004701
2.189032e-05
0.0063005895
2.2822112e-05
0.0063007005
2.3776549e-05
0.006300803
2.4754074e-05
0.0063008967
2.5755175e-05
0.0063009819
2.6780377e-05
0.0063010584
2.7830248e-05
0.0063011266
2.8905396e-05
0.0063011867
3.0006478e-05
0.0063012388
3.1134207e-05
0.0063012835
3.2289366e-05
0.0063013211
3.3472812e-05
0.006301352
3.4685493e-05
0.0063013766
3.5928458e-05
0.0063013955
3.7202869e-05
0.0063014092
3.8510019e-05
0.006301418
3.9851337e-05
0.0063014226
4.1228401e-05
0.0063014234
4.2642936e-05
0.006301421
4.409681e-05
0.0063014157
4.5592101e-05
0.006301408
4.7130983e-05
0.0063013984
4.8715761e-05
0.0063013872
5.0348904e-05
0.0063013748
5.2032997e-05
0.0063013615
5.3770733e-05
0.0063013476
5.5564909e-05
0.0063013334
5.7418429e-05
0.0063013191
5.9334269e-05
0.0063013049
6.1315469e-05
0.0063012909
6.3365147e-05
0.0063012773
6.548642e-05
0.0063012641
6.768248e-05
0.0063012514
6.9956587e-05
0.0063012393
7.2312103e-05
0.0063012279
7.4752421e-05
0.006301217
7.728091e-05
0.0063012068
7.9901139e-05
0.0063011972
8.2616132e-05
0.0063011883
8.5429753e-05
0.0063011798
8.8345292e-05
0.006301172
9.1367103e-05
0.0063011646
9.4498667e-05
0.0063011578
9.7743948e-05
0.0063011514
0.00010110691
0.0063011455
0.00010459173
0.0063011399
0.00010820228
0.0063011349
0.00011194525
0.00630113
0.00011582082
0.0063011257
0.00011983921
0.0063011213
0.00012399894
0.0063011176
0.00012831325
0.0063011139
0.0001327807
0.0063011107
0.00013741226
0.0063011072
0.0001422063
0.0063011046
0.000147182
0.0063011012
0.00015232669
0.0063010988
0.00015767393
0.0063010946
0.00016321491
0.0063010898
0.00016894569
0.0063010852
0.00017511848
0.0063010509
0.00018087516
0.0063011034
0.00018992734
0.0063007003
0.00019065933
0.0063020941
0.00022437611
0.00018567344
0.006650669
4.2382774e-06
0.0066507032
4.5019547e-06
0.006650744
4.7830244e-06
0.0066507917
5.082392e-06
0.0066508468
5.4009467e-06
0.0066509098
5.7395549e-06
0.0066509812
6.0990428e-06
0.0066510611
6.4801791e-06
0.0066511498
6.8836613e-06
0.0066512474
7.3101051e-06
0.0066513539
7.7600354e-06
0.0066514693
8.233879e-06
0.0066515932
8.7319588e-06
0.0066517252
9.2544918e-06
0.0066518648
9.8015907e-06
0.0066520114
1.0373268e-05
0.0066521641
1.0969447e-05
0.0066523221
1.1589969e-05
0.0066524844
1.2234612e-05
0.0066526498
1.2903107e-05
0.0066528172
1.3595158e-05
0.0066529856
1.4310458e-05
0.0066531536
1.5048714e-05
0.0066533202
1.5809659e-05
0.0066534843
1.6593073e-05
0.0066536447
1.7398788e-05
0.0066538005
1.8226703e-05
0.0066539509
1.9076783e-05
0.006654095
1.9949063e-05
0.0066542321
2.0843649e-05
0.0066543617
2.1760707e-05
0.0066544834
2.2700468e-05
0.0066545967
2.3663216e-05
0.0066547015
2.4649284e-05
0.0066547976
2.5659055e-05
0.006654885
2.6692959e-05
0.0066549638
2.7751472e-05
0.0066550341
2.883512e-05
0.0066550961
2.9944487e-05
0.0066551501
3.1080219e-05
0.0066551964
3.2243042e-05
0.0066552354
3.3433765e-05
0.0066552676
3.4653295e-05
0.0066552934
3.590265e-05
0.0066553133
3.7182968e-05
0.0066553278
3.8495527e-05
0.0066553374
3.9841747e-05
0.0066553426
4.1223201e-05
0.0066553439
4.2641623e-05
0.0066553419
4.4098887e-05
0.0066553369
4.5597087e-05
0.0066553295
4.7138423e-05
0.00665532
4.8725226e-05
0.0066553089
5.035999e-05
0.0066552966
5.2045336e-05
0.0066552834
5.3783989e-05
0.0066552695
5.5578784e-05
0.0066552553
5.743266e-05
0.0066552409
5.9348628e-05
0.0066552267
6.1329766e-05
0.0066552126
6.3379218e-05
0.0066551989
6.5500142e-05
0.0066551857
6.7695755e-05
0.0066551729
6.9969348e-05
0.0066551608
7.2324291e-05
0.0066551492
7.4764e-05
0.0066551383
7.729186e-05
0.0066551281
7.9911423e-05
0.0066551185
8.2625815e-05
0.0066551094
8.5438812e-05
0.006655101
8.8353811e-05
0.0066550931
9.1375034e-05
0.0066550858
9.4506074e-05
0.0066550789
9.7750847e-05
0.0066550725
0.00010111333
0.0066550666
0.00010459771
0.006655061
0.00010820792
0.006655056
0.00011195031
0.0066550511
0.00011582577
0.0066550468
0.00011984354
0.0066550425
0.00012400332
0.0066550387
0.000128317
0.0066550351
0.0001327844
0.0066550319
0.00013741547
0.0066550285
0.00014220966
0.0066550259
0.00014718455
0.0066550225
0.00015233006
0.0066550202
0.00015767621
0.006655016
0.00016321896
0.0066550111
0.00016895051
0.0066550067
0.00017512276
0.0066549716
0.00018091023
0.0066550248
0.00018987402
0.0066546314
0.00019105263
0.006656002
0.0002230054
0.00018672208
0.0070245346
4.2111105e-06
0.0070245673
4.4692639e-06
0.007024606
4.7443173e-06
0.0070246512
5.0371831e-06
0.0070247034
5.3487695e-06
0.007024763
5.6799729e-06
0.0070248304
6.0316638e-06
0.0070249059
6.4046702e-06
0.0070249898
6.7997643e-06
0.0070250822
7.2176514e-06
0.0070251833
7.6589594e-06
0.0070252929
8.1242296e-06
0.007025411
8.6139087e-06
0.0070255371
9.1283439e-06
0.007025671
9.6677806e-06
0.0070258119
1.0232364e-05
0.0070259592
1.0822142e-05
0.007026112
1.1437077e-05
0.0070262696
1.2077052e-05
0.0070264308
1.2741887e-05
0.0070265946
1.3431355e-05
0.0070267599
1.4145198e-05
0.0070269255
1.4883147e-05
0.0070270902
1.5644937e-05
0.0070272529
1.6430324e-05
0.0070274126
1.7239095e-05
0.0070275682
1.8071087e-05
0.0070277188
1.8926183e-05
0.0070278636
1.9804325e-05
0.0070280017
2.0705513e-05
0.0070281326
2.1629806e-05
0.0070282557
2.2577317e-05
0.0070283707
2.3548217e-05
0.0070284773
2.4542726e-05
0.0070285752
2.5561118e-05
0.0070286645
2.6603718e-05
0.007028745
2.7670906e-05
0.007028817
2.8763117e-05
0.0070288807
2.9880855e-05
0.0070289362
3.1024695e-05
0.0070289839
3.2195299e-05
0.0070290243
3.3393422e-05
0.0070290577
3.4619927e-05
0.0070290845
3.5875797e-05
0.0070291053
3.7162145e-05
0.0070291206
3.8480228e-05
0.0070291309
3.9831457e-05
0.0070291367
4.1217402e-05
0.0070291386
4.2639802e-05
0.0070291369
4.4100539e-05
0.0070291323
4.5601721e-05
0.0070291251
4.7145575e-05
0.0070291159
4.8734457e-05
0.007029105
5.0370892e-05
0.0070290928
5.205753e-05
0.0070290797
5.3797134e-05
0.0070290659
5.5592576e-05
0.0070290518
5.7446829e-05
0.0070290375
5.9362944e-05
0.0070290232
6.1344033e-05
0.0070290092
6.3393269e-05
0.0070289955
6.551385e-05
0.0070289823
6.7709021e-05
0.0070289696
6.99821e-05
0.0070289574
7.2336473e-05
0.0070289459
7.4775571e-05
0.007028935
7.7302801e-05
0.0070289248
7.9921701e-05
0.0070289151
8.2635483e-05
0.0070289061
8.5447859e-05
0.0070288977
8.8362308e-05
0.0070288898
9.1382946e-05
0.0070288825
9.4513456e-05
0.0070288757
9.7757719e-05
0.0070288694
0.00010111973
0.0070288635
0.00010460366
0.0070288579
0.00010821351
0.0070288529
0.00011195534
0.0070288481
0.00011583065
0.0070288438
0.00011984784
0.0070288395
0.00012400764
0.0070288358
0.00012832071
0.0070288322
0.00013278803
0.0070288291
0.00013741863
0.0070288258
0.00014221294
0.0070288232
0.00014718707
0.0070288199
0.00015233334
0.0070288176
0.00015767848
0.0070288136
0.00016322287
0.0070288086
0.00016895542
0.0070288044
0.00017512682
0.0070287687
0.00018094581
0.0070288222
0.00018982048
0.007028441
0.00019143366
0.0070297802
0.00022166615
0.00018775047
0.0074194144
4.1851714e-06
0.0074194455
4.4382033e-06
0.0074194821
4.7076735e-06
0.0074195248
4.9944967e-06
0.007419574
5.2995921e-06
0.0074196301
5.6238782e-06
0.0074196935
5.968259e-06
0.0074197646
6.3336099e-06
0.0074198436
6.7207646e-06
0.0074199307
7.1305046e-06
0.0074200261
7.5635473e-06
0.0074201298
8.0205361e-06
0.0074202417
8.5020302e-06
0.0074203615
9.008498e-06
0.007420489
9.5403112e-06
0.0074206236
1.0097744e-05
0.0074207648
1.0680971e-05
0.0074209118
1.1290075e-05
0.0074210638
1.1925052e-05
0.0074212199
1.258582e-05
0.007421379
1.3272234e-05
0.0074215401
1.3984097e-05
0.007421702
1.4721182e-05
0.0074218637
1.5483239e-05
0.007422024
1.6270018e-05
0.0074221819
1.708128e-05
0.0074223361
1.7916807e-05
0.0074224859
1.8776417e-05
0.0074226303
1.9659966e-05
0.0074227684
2.0567357e-05
0.0074228997
2.1498541e-05
0.0074230235
2.245352e-05
0.0074231393
2.3432348e-05
0.0074232469
2.4435129e-05
0.007423346
2.5462023e-05
0.0074234365
2.6513246e-05
0.0074235183
2.7589075e-05
0.0074235916
2.868985e-05
0.0074236565
2.9815986e-05
0.0074237132
3.0967983e-05
0.0074237621
3.2146431e-05
0.0074238034
3.3352028e-05
0.0074238378
3.4585589e-05
0.0074238655
3.5848058e-05
0.0074238872
3.7140518e-05
0.0074239032
3.8464208e-05
0.0074239141
3.9820524e-05
0.0074239205
4.1211032e-05
0.0074239228
4.2637476e-05
0.0074239216
4.4101748e-05
0.0074239174
4.5605968e-05
0.0074239106
4.7152387e-05
0.0074239016
4.8743392e-05
0.007423891
5.0381535e-05
0.007423879
5.2069498e-05
0.0074238661
5.3810081e-05
0.0074238525
5.5606193e-05
0.0074238385
5.7460843e-05
0.0074238244
5.9377121e-05
0.0074238102
6.1358174e-05
0.0074237963
6.3407207e-05
0.0074237827
6.5527454e-05
0.0074237696
6.772219e-05
0.007423757
6.999476e-05
0.0074237449
7.2348567e-05
0.0074237335
7.4787058e-05
0.0074237226
7.7313659e-05
0.0074237125
7.9931901e-05
0.007423703
8.2645071e-05
0.007423694
8.5456832e-05
0.0074236857
8.8370724e-05
0.0074236779
9.1390785e-05
0.0074236706
9.452076e-05
0.0074236639
9.7764515e-05
0.0074236576
0.00010112605
0.0074236518
0.00010460954
0.0074236464
0.00010821902
0.0074236414
0.00011196032
0.0074236367
0.00011583544
0.0074236325
0.00011985209
0.0074236283
0.00012401184
0.0074236247
0.00012832437
0.0074236212
0.00013279157
0.0074236181
0.00013742173
0.0074236149
0.00014221612
0.0074236124
0.00014718954
0.0074236092
0.00015233648
0.0074236069
0.00015768073
0.0074236031
0.00016322662
0.007423598
0.00016896036
0.0074235941
0.00017513065
0.0074235582
0.0001809816
0.0074236114
0.00018976718
0.007423245
0.00019179994
0.0074245442
0.00022036694
0.00018875197
0.0078364896
4.1605382e-06
0.0078365189
4.4088418e-06
0.0078365534
4.6731537e-06
0.0078365936
4.9543866e-06
0.0078366397
5.2534659e-06
0.0078366922
5.5713243e-06
0.0078367516
5.9088912e-06
0.0078368181
6.2670789e-06
0.0078368921
6.6467715e-06
0.0078369738
7.0488135e-06
0.0078370634
7.4739995e-06
0.0078371608
7.9230619e-06
0.0078372662
8.3966613e-06
0.0078373793
8.8953763e-06
0.0078374999
9.4196971e-06
0.0078376277
9.9700198e-06
0.007837762
1.0546644e-05
0.0078379023
1.1149773e-05
0.0078380478
1.1779517e-05
0.0078381977
1.24359e-05
0.0078383511
1.3118867e-05
0.0078385069
1.3828296e-05
0.0078386641
1.4564011e-05
0.0078388215
1.5325797e-05
0.0078389781
1.6113412e-05
0.0078391328
1.6926602e-05
0.0078392845
1.7765117e-05
0.0078394322
1.8628715e-05
0.007839575
1.951718e-05
0.007839712
2.0430325e-05
0.0078398425
2.1368002e-05
0.007839966
2.2330101e-05
0.0078400818
2.3316562e-05
0.0078401895
2.4327373e-05
0.007840289
2.5362576e-05
0.0078403799
2.6422276e-05
0.0078404624
2.7506638e-05
0.0078405363
2.8615904e-05
0.0078406019
2.9750396e-05
0.0078406593
3.0910529e-05
0.007840709
3.2096821e-05
0.0078407511
3.3309907e-05
0.0078407861
3.4550549e-05
0.0078408145
3.5819648e-05
0.0078408368
3.7118257e-05
0.0078408534
3.844759e-05
0.0078408649
3.9809031e-05
0.0078408718
4.120414e-05
0.0078408746
4.2634663e-05
0.0078408739
4.4102506e-05
0.00784087
4.5609794e-05
0.0078408636
4.7158808e-05
0.0078408551
4.8751963e-05
0.0078408448
5.0391838e-05
0.0078408331
5.2081148e-05
0.0078408205
5.3822731e-05
0.0078408072
5.5619531e-05
0.0078407934
5.7474595e-05
0.0078407795
5.9391051e-05
0.0078407656
6.1372082e-05
0.007840752
6.3420924e-05
0.0078407386
6.5540848e-05
0.0078407256
6.7735158e-05
0.0078407132
7.0007229e-05
0.0078407013
7.2360477e-05
0.0078406901
7.4798369e-05
0.0078406794
7.7324347e-05
0.0078406694
7.9941942e-05
0.00784066
8.2654501e-05
0.0078406513
8.5465655e-05
0.0078406431
8.8378991e-05
0.0078406354
9.1398483e-05
0.0078406283
9.4527925e-05
0.0078406217
9.7771176e-05
0.0078406156
0.00010113223
0.0078406099
0.00010461528
0.0078406046
0.0001082244
0.0078405997
0.00011196517
0.0078405951
0.0001158401
0.007840591
0.00011985624
0.007840587
0.00012401591
0.0078405835
0.00012832793
0.0078405801
0.00013279498
0.0078405771
0.00013742472
0.007840574
0.00014221916
0.0078405716
0.00014719191
0.0078405686
0.00015233946
0.0078405664
0.00015768292
0.0078405627
0.00016323017
0.0078405577
0.00016896527
0.007840554
0.00017513423
0.0078405183
0.00018101724
0.0078405708
0.00018971459
0.0078402216
0.000192149
0.0078414718
0.00021911669
0.00018971956
0.0082770078
4.1373047e-06
0.0082770354
4.3812668e-06
0.0082770677
4.6408397e-06
0.0082771052
4.9169312e-06
0.0082771482
5.2104682e-06
0.0082771971
5.5223928e-06
0.0082772524
5.8536518e-06
0.0082773142
6.2051864e-06
0.0082773831
6.5779204e-06
0.0082774592
6.9727509e-06
0.0082775426
7.390537e-06
0.0082776336
7.8320886e-06
0.0082777321
8.2981548e-06
0.0082778381
8.7894141e-06
0.0082779513
9.3064648e-06
0.0082780715
9.8498174e-06
0.0082781982
1.041989e-05
0.008278331
1.1017004e-05
0.0082784691
1.1641385e-05
0.0082786119
1.2293164e-05
0.0082787584
1.2972384e-05
0.0082789077
1.3679004e-05
0.0082790587
1.4412915e-05
0.0082792106
1.5173945e-05
0.0082793621
1.5961877e-05
0.0082795123
1.6776457e-05
0.00827966
1.7617413e-05
0.0082798042
1.8484462e-05
0.0082799441
1.9377325e-05
0.0082800787
2.0295737e-05
0.0082802072
2.1239453e-05
0.0082803291
2.2208263e-05
0.0082804436
2.3201993e-05
0.0082805505
2.4220514e-05
0.0082806493
2.5263753e-05
0.0082807399
2.6331697e-05
0.0082808221
2.7424401e-05
0.008280896
2.8542002e-05
0.0082809617
2.9684724e-05
0.0082810193
3.0852895e-05
0.0082810692
3.2046955e-05
0.0082811116
3.3267471e-05
0.008281147
3.451515e-05
0.0082811758
3.5790847e-05
0.0082811985
3.7095581e-05
0.0082812156
3.8430542e-05
0.0082812275
3.9797097e-05
0.0082812348
4.1196802e-05
0.0082812381
4.26314e-05
0.0082812378
4.4102814e-05
0.0082812344
4.5613174e-05
0.0082812285
4.7164785e-05
0.0082812203
4.8760096e-05
0.0082812105
5.0401712e-05
0.0082811992
5.209238e-05
0.008281187
5.3834972e-05
0.0082811741
5.563247e-05
0.0082811607
5.7487961e-05
0.0082811472
5.9404607e-05
0.0082811337
6.1385629e-05
0.0082811203
6.3434295e-05
0.0082811073
6.5553908e-05
0.0082810947
6.7747807e-05
0.0082810825
7.001939e-05
0.008281071
7.2372093e-05
0.00828106
7.4809398e-05
0.0082810496
7.7334766e-05
0.0082810399
7.9951728e-05
0.0082810307
8.2663684e-05
0.0082810222
8.5474244e-05
0.0082810142
8.8387028e-05
0.0082810068
9.1405963e-05
0.0082809999
9.4534879e-05
0.0082809935
9.7777634e-05
0.0082809875
0.00010113823
0.008280982
0.00010462084
0.0082809769
0.00010822959
0.0082809723
0.00011196987
0.0082809678
0.00011584456
0.0082809639
0.00011986023
0.00828096
0.00012401979
0.0082809566
0.00012833133
0.0082809534
0.00013279821
0.0082809506
0.00013742756
0.0082809477
0.00014222203
0.0082809454
0.00014719416
0.0082809426
0.00015234224
0.0082809405
0.00015768501
0.0082809371
0.00016323348
0.0082809322
0.00016897009
0.0082809288
0.00017513752
0.0082808936
0.00018105234
0.0082809448
0.00018966322
0.0082806153
0.00019247841
0.0082818073
0.00021792463
0.00019064582
0.0087422874
4.1155827e-06
0.0087423131
4.3555873e-06
0.0087423431
4.6108383e-06
0.0087423778
4.8822365e-06
0.0087424176
5.1707075e-06
0.0087424628
5.4771978e-06
0.0087425137
5.8026667e-06
0.0087425709
6.1480763e-06
0.0087426344
6.5143821e-06
0.0087427046
6.9025236e-06
0.0087427817
7.3134137e-06
0.0087428659
7.7479278e-06
0.0087429572
8.2068924e-06
0.0087430555
8.6910736e-06
0.0087431608
9.2011673e-06
0.0087432728
9.7377892e-06
0.0087433912
1.0301468e-05
0.0087435156
1.0892637e-05
0.0087436454
1.1511636e-05
0.0087437798
1.2158701e-05
0.0087439182
1.2833977e-05
0.0087440597
1.3537511e-05
0.0087442034
1.4269266e-05
0.0087443482
1.5029126e-05
0.0087444932
1.581691e-05
0.0087446372
1.6632379e-05
0.0087447794
1.7475251e-05
0.0087449186
1.8345216e-05
0.008745054
1.9241943e-05
0.0087451847
2.0165099e-05
0.0087453097
2.1114357e-05
0.0087454286
2.2089406e-05
0.0087455406
2.3089968e-05
0.0087456453
2.4115801e-05
0.0087457424
2.5166714e-05
0.0087458315
2.6242579e-05
0.0087459126
2.7343339e-05
0.0087459855
2.8469023e-05
0.0087460505
2.9619755e-05
0.0087461076
3.0795771e-05
0.0087461572
3.1997432e-05
0.0087461994
3.3225233e-05
0.0087462347
3.4479823e-05
0.0087462636
3.576201e-05
0.0087462864
3.7072775e-05
0.0087463036
3.8413282e-05
0.0087463158
3.9784882e-05
0.0087463235
4.1189121e-05
0.0087463272
4.2627745e-05
0.0087463273
4.4102689e-05
0.0087463244
4.5616086e-05
0.0087463189
4.7170269e-05
0.0087463113
4.8767717e-05
0.008746302
5.041106e-05
0.0087462913
5.2103077e-05
0.0087462796
5.3846677e-05
0.0087462672
5.5644877e-05
0.0087462544
5.7500799e-05
0.0087462414
5.9417646e-05
0.0087462283
6.139867e-05
0.0087462155
6.3447174e-05
0.0087462029
6.5566494e-05
0.0087461908
6.7759997e-05
0.0087461791
7.003111e-05
0.0087461679
7.2383286e-05
0.0087461573
7.4820022e-05
0.0087461473
7.7344797e-05
0.008746138
7.9961148e-05
0.0087461292
8.2672515e-05
0.008746121
8.5482499e-05
0.0087461133
8.8394742e-05
0.0087461062
9.1413139e-05
0.0087460996
9.4541541e-05
0.0087460935
9.7783812e-05
0.0087460878
0.00010114395
0.0087460825
0.00010462614
0.0087460777
0.00010823453
0.0087460732
0.00011197433
0.0087460691
0.00011584878
0.0087460653
0.00011986401
0.0087460617
0.00012402343
0.0087460585
0.00012833454
0.0087460555
0.00013280122
0.0087460529
0.00013743021
0.0087460502
0.00014222468
0.0087460481
0.00014719625
0.0087460455
0.00015234478
0.0087460435
0.00015768695
0.0087460404
0.00016323651
0.0087460357
0.00016897474
0.0087460326
0.0001751405
0.0087459984
0.00018108644
0.0087460479
0.00018961364
0.0087457405
0.00019278575
0.0087468646
0.00021680041
0.00019152287
0.0092337207
4.0955046e-06
0.0092337444
4.3319367e-06
0.009233772
4.5832846e-06
0.0092338037
4.8504411e-06
0.0092338401
5.134328e-06
0.0092338814
5.4358934e-06
0.009233928
5.7561041e-06
0.0092339801
6.0959377e-06
0.0092340381
6.4563738e-06
0.0092341023
6.8383856e-06
0.0092341728
7.2429303e-06
0.0092342497
7.6709381e-06
0.0092343333
8.1233013e-06
0.0092344235
8.6008625e-06
0.0092345203
9.1044035e-06
0.0092346235
9.6346348e-06
0.0092347327
1.0192186e-05
0.0092348478
1.0777596e-05
0.0092349681
1.139131e-05
0.0092350931
1.2033671e-05
0.0092352222
1.2704921e-05
0.0092353545
1.3405198e-05
0.0092354892
1.4134545e-05
0.0092356254
1.4892908e-05
0.0092357622
1.5680151e-05
0.0092358985
1.649606e-05
0.0092360334
1.7340358e-05
0.0092361659
1.8212717e-05
0.0092362951
1.911277e-05
0.0092364201
2.0040126e-05
0.00923654
2.0994384e-05
0.0092366543
2.1975146e-05
0.0092367622
2.2982032e-05
0.0092368633
2.4014693e-05
0.0092369572
2.5072827e-05
0.0092370436
2.615619e-05
0.0092371223
2.7264615e-05
0.0092371933
2.8398021e-05
0.0092372566
2.9556434e-05
0.0092373124
3.0739996e-05
0.0092373609
3.1948984e-05
0.0092374023
3.3183824e-05
0.009237437
3.4445103e-05
0.0092374654
3.5733578e-05
0.009237488
3.7050195e-05
0.0092375052
3.8396087e-05
0.0092375175
3.9772589e-05
0.0092375254
4.1181239e-05
0.0092375294
4.2623781e-05
0.0092375299
4.4102161e-05
0.0092375275
4.5618519e-05
0.0092375225
4.7175211e-05
0.0092375155
4.8774744e-05
0.0092375068
5.0419775e-05
0.0092374968
5.2113115e-05
0.0092374858
5.3857703e-05
0.0092374741
5.5656596e-05
0.0092374619
5.7512949e-05
0.0092374496
5.9430001e-05
0.0092374372
6.1411039e-05
0.009237425
6.3459396e-05
0.0092374131
6.5578441e-05
0.0092374016
6.7771569e-05
0.0092373905
7.0042234e-05
0.0092373799
7.2393907e-05
0.0092373698
7.4830099e-05
0.0092373604
7.7354307e-05
0.0092373515
7.9970073e-05
0.0092373432
8.2680873e-05
0.0092373354
8.5490305e-05
0.0092373282
8.8402027e-05
0.0092373215
9.1419907e-05
0.0092373152
9.4547814e-05
0.0092373095
9.778962e-05
0.0092373042
0.00010114932
0.0092372993
0.0001046311
0.0092372947
0.00010823913
0.0092372906
0.00011197849
0.0092372867
0.00011585269
0.0092372833
0.00011986751
0.0092372799
0.00012402678
0.009237277
0.00012833749
0.0092372743
0.00013280396
0.0092372719
0.00013743261
0.0092372695
0.00014222706
0.0092372676
0.00014719811
0.0092372653
0.00015234704
0.0092372635
0.0001576887
0.0092372607
0.0001632392
0.0092372563
0.00016897912
0.0092372535
0.00017514313
0.0092372209
0.00018111903
0.009237268
0.00018956644
0.009236985
0.00019306859
0.0092380312
0.00021575416
0.00019234228
0.0097527786
4.0772266e-06
0.0097528001
4.3104761e-06
0.009752825
4.558346e-06
0.0097528538
4.8217203e-06
0.0097528866
5.101516e-06
0.0097529238
5.3986798e-06
0.0097529657
5.7141831e-06
0.0097530126
6.0490139e-06
0.0097530648
6.4041701e-06
0.0097531226
6.7806513e-06
0.009753186
7.1794502e-06
0.0097532554
7.6015422e-06
0.0097533309
8.0478747e-06
0.0097534124
8.5193554e-06
0.0097534999
9.0168408e-06
0.0097535934
9.5411246e-06
0.0097536927
1.0092927e-05
0.0097537974
1.0672882e-05
0.0097539072
1.1281534e-05
0.0097540215
1.1919326e-05
0.0097541399
1.2586593e-05
0.0097542615
1.3283565e-05
0.0097543857
1.4010363e-05
0.0097545116
1.4767002e-05
0.0097546383
1.5553396e-05
0.009754765
1.6369366e-05
0.0097548907
1.7214649e-05
0.0097550145
1.8088911e-05
0.0097551356
1.8991759e-05
0.0097552529
1.9922758e-05
0.0097553659
2.0881442e-05
0.0097554737
2.1867335e-05
0.0097555757
2.2879966e-05
0.0097556715
2.3918887e-05
0.0097557607
2.4983688e-05
0.0097558429
2.6074018e-05
0.0097559179
2.71896e-05
0.0097559856
2.8330247e-05
0.0097560462
2.9495887e-05
0.0097560996
3.068657e-05
0.0097561461
3.1902491e-05
0.0097561859
3.3144004e-05
0.0097562194
3.4411633e-05
0.0097562469
3.5706089e-05
0.0097562688
3.7028275e-05
0.0097562856
3.8379299e-05
0.0097562977
3.9760476e-05
0.0097563056
4.1173335e-05
0.0097563098
4.2619617e-05
0.0097563107
4.4101279e-05
0.0097563087
4.5620469e-05
0.0097563044
4.7179561e-05
0.0097562981
4.878109e-05
0.0097562901
5.0427741e-05
0.0097562809
5.212235e-05
0.0097562707
5.3867891e-05
0.0097562598
5.5667453e-05
0.0097562486
5.7524226e-05
0.0097562371
5.9441482e-05
0.0097562256
6.1422542e-05
0.0097562143
6.3470769e-05
0.0097562032
6.5589559e-05
0.0097561924
6.778234e-05
0.0097561821
7.0052584e-05
0.0097561723
7.2403785e-05
0.0097561629
7.4839465e-05
0.0097561541
7.7363138e-05
0.0097561459
7.9978354e-05
0.0097561382
8.2688619e-05
0.009756131
8.549753e-05
0.0097561243
8.8408758e-05
0.0097561181
9.1426151e-05
0.0097561124
9.4553589e-05
0.0097561071
9.7794955e-05
0.0097561023
0.00010115424
0.0097560978
0.00010463563
0.0097560936
0.00010824332
0.0097560899
0.00011198227
0.0097560864
0.00011585621
0.0097560833
0.00011987067
0.0097560803
0.00012402976
0.0097560777
0.00012834011
0.0097560753
0.00013280637
0.0097560732
0.00013743471
0.0097560712
0.00014222912
0.0097560696
0.00014719971
0.0097560676
0.00015234895
0.0097560661
0.00015769018
0.0097560637
0.0001632415
0.0097560596
0.00016898311
0.0097560573
0.00017514537
0.0097560267
0.00018114955
0.0097560708
0.00018952228
0.0097558148
0.00019332447
0.0097567722
0.00021479668
0.00019309492
0.010301015
4.0609394e-06
0.010301034
4.2914064e-06
0.010301056
4.5362347e-06
0.010301082
4.7962999e-06
0.010301111
5.0725131e-06
0.010301144
5.3658187e-06
0.010301181
5.6771894e-06
0.010301222
6.0076206e-06
0.010301268
6.3581233e-06
0.010301319
6.7297172e-06
0.010301375
7.1234231e-06
0.010301436
7.5402528e-06
0.010301503
7.981199e-06
0.010301575
8.4472236e-06
0.010301653
8.9392463e-06
0.010301736
9.4581324e-06
0.010301824
1.000468e-05
0.010301917
1.057961e-05
0.010302015
1.1183554e-05
0.010302118
1.1817044e-05
0.010302224
1.2480507e-05
0.010302333
1.3174255e-05
0.010302445
1.389849e-05
0.010302559
1.4653292e-05
0.010302673
1.543863e-05
0.010302788
1.6254365e-05
0.010302903
1.7100257e-05
0.010303016
1.7975973e-05
0.010303126
1.8881105e-05
0.010303234
1.9815183e-05
0.010303338
2.0777691e-05
0.010303437
2.1768084e-05
0.010303531
2.2785811e-05
0.01030362
2.3830334e-05
0.010303702
2.4901144e-05
0.010303778
2.599779e-05
0.010303848
2.7119891e-05
0.010303911
2.8267163e-05
0.010303968
2.9439437e-05
0.010304017
3.0636675e-05
0.010304061
3.1858993e-05
0.010304098
3.3106673e-05
0.01030413
3.4380184e-05
0.010304156
3.5680184e-05
0.010304176
3.7007541e-05
0.010304192
3.8363332e-05
0.010304204
3.9748856e-05
0.010304212
4.116563e-05
0.010304216
4.2615394e-05
0.010304217
4.4100112e-05
0.010304216
4.5621942e-05
0.010304212
4.7183273e-05
0.010304206
4.8786664e-05
0.010304199
5.0434827e-05
0.010304191
5.2130624e-05
0.010304182
5.3877058e-05
0.010304172
5.5677249e-05
0.010304162
5.7534421e-05
0.010304152
5.9451874e-05
0.010304141
6.1432962e-05
0.010304131
6.3481073e-05
0.010304121
6.5599635e-05
0.010304111
6.7792097e-05
0.010304102
7.0061957e-05
0.010304093
7.2412723e-05
0.010304084
7.4847933e-05
0.010304076
7.7371114e-05
0.010304069
7.9985824e-05
0.010304062
8.2695593e-05
0.010304056
8.5504023e-05
0.01030405
8.8414793e-05
0.010304044
9.1431737e-05
0.010304039
9.4558741e-05
0.010304034
9.7799697e-05
0.01030403
0.0001011586
0.010304026
0.00010463963
0.010304022
0.000108247
0.010304019
0.00011198557
0.010304016
0.00011585927
0.010304013
0.00011987339
0.010304011
0.0001240323
0.010304009
0.00012834234
0.010304007
0.00013280838
0.010304005
0.00013743644
0.010304003
0.00014223079
0.010304002
0.00014720097
0.010304
0.00015235047
0.010303999
0.00015769135
0.010303997
0.00016324335
0.010303994
0.0001689866
0.010303992
0.00017514714
0.010303964
0.00018117736
0.010304004
0.00018948185
0.010303778
0.00019355083
0.010304635
0.00021393968
0.00019377081
0.010880073
4.0468614e-06
0.010880089
4.2749639e-06
0.010880108
4.5172069e-06
0.01088013
4.7744581e-06
0.010880155
5.0476226e-06
0.010880183
5.3376416e-06
0.010880215
5.6454879e-06
0.01088025
5.972161e-06
0.01088029
6.3186813e-06
0.010880334
6.6860837e-06
0.010880382
7.0754102e-06
0.010880434
7.4877014e-06
0.010880491
7.923986e-06
0.010880553
8.3852702e-06
0.01088062
8.8725253e-06
0.010880691
9.3866763e-06
0.010880768
9.9285881e-06
0.010880848
1.0499053e-05
0.010880933
1.109878e-05
0.010881022
1.172838e-05
0.010881114
1.2388359e-05
0.010881209
1.3079109e-05
0.010881306
1.38009e-05
0.010881406
1.4553879e-05
0.010881506
1.5338068e-05
0.010881607
1.615337e-05
0.010881708
1.6999568e-05
0.010881808
1.7876342e-05
0.010881906
1.8783275e-05
0.010882001
1.9719874e-05
0.010882093
2.0685579e-05
0.010882181
2.1679793e-05
0.010882265
2.2701894e-05
0.010882344
2.3751266e-05
0.010882418
2.4827314e-05
0.010882486
2.5929495e-05
0.010882549
2.7057336e-05
0.010882606
2.8210464e-05
0.010882656
2.9388619e-05
0.010882701
3.0591684e-05
0.010882741
3.1819702e-05
0.010882774
3.3072889e-05
0.010882803
3.4351657e-05
0.010882827
3.5656621e-05
0.010882846
3.698861e-05
0.01088286
3.8348677e-05
0.010882871
3.9738101e-05
0.010882878
4.115839e-05
0.010882882
4.2611283e-05
0.010882884
4.4098746e-05
0.010882883
4.5622952e-05
0.01088288
4.7186297e-05
0.010882875
4.8791364e-05
0.010882869
5.0440889e-05
0.010882862
5.2137758e-05
0.010882854
5.3884999e-05
0.010882845
5.568576e-05
0.010882836
5.7543294e-05
0.010882827
5.9460929e-05
0.010882818
6.1442046e-05
0.010882809
6.3490059e-05
0.010882801
6.5608419e-05
0.010882792
6.7800599e-05
0.010882784
7.0070117e-05
0.010882776
7.2420497e-05
0.010882769
7.4855286e-05
0.010882762
7.7378028e-05
0.010882756
7.9992287e-05
0.01088275
8.2701612e-05
0.010882744
8.5509612e-05
0.010882739
8.841997e-05
0.010882734
9.1436511e-05
0.01088273
9.4563125e-05
0.010882726
9.7803713e-05
0.010882722
0.00010116227
0.010882719
0.00010464297
0.010882716
0.00010825005
0.010882713
0.00011198828
0.010882711
0.00011586175
0.010882709
0.00011987558
0.010882707
0.00012403432
0.010882705
0.00012834407
0.010882703
0.00013280992
0.010882702
0.00013743772
0.010882701
0.000142232
0.0108827
0.00014720182
0.010882699
0.00015235152
0.010882698
0.00015769212
0.010882697
0.00016324467
0.010882694
0.00016898944
0.010882693
0.00017514838
0.010882668
0.00018120174
0.010882704
0.00018944595
0.01088251
0.00019374491
0.010883253
0.00021319613
0.00019435876
0.011491687
4.035261e-06
0.0114917
4.2614413e-06
0.011491716
4.5015826e-06
0.011491734
4.7565454e-06
0.011491754
5.0272294e-06
0.011491777
5.3145721e-06
0.011491803
5.6195456e-06
0.011491832
5.9431517e-06
0.011491864
6.286417e-06
0.0114919
6.650387e-06
0.011491939
7.03612e-06
0.011491982
7.4446777e-06
0.011492029
7.8771167e-06
0.01149208
8.3344774e-06
0.011492135
8.8177719e-06
0.011492193
9.3279725e-06
0.011492256
9.8659977e-06
0.011492322
1.0432699e-05
0.011492392
1.1028847e-05
0.011492466
1.165512e-05
0.011492542
1.231209e-05
0.011492621
1.3000216e-05
0.011492702
1.371983e-05
0.011492785
1.4471136e-05
0.011492868
1.5254206e-05
0.011492953
1.6068979e-05
0.011493037
1.6915269e-05
0.011493121
1.7792765e-05
0.011493203
1.8701051e-05
0.011493283
1.9639617e-05
0.011493361
2.0607873e-05
0.011493435
2.1605177e-05
0.011493506
2.2630854e-05
0.011493574
2.3684221e-05
0.011493636
2.476461e-05
0.011493694
2.5871403e-05
0.011493748
2.7004047e-05
0.011493796
2.816209e-05
0.011493839
2.9345197e-05
0.011493878
3.0553181e-05
0.011493912
3.1786019e-05
0.011493941
3.304387e-05
0.011493965
3.4327098e-05
0.011493986
3.5636276e-05
0.011494002
3.6972202e-05
0.011494015
3.8335905e-05
0.011494024
3.9728648e-05
0.011494031
4.115193e-05
0.011494034
4.2607488e-05
0.011494036
4.409729e-05
0.011494035
4.562352e-05
0.011494033
4.7188583e-05
0.011494029
4.8795079e-05
0.011494024
5.0445765e-05
0.011494019
5.214355e-05
0.011494012
5.389148e-05
0.011494005
5.5692729e-05
0.011493998
5.7550573e-05
0.011493991
5.9468366e-05
0.011493983
6.1449509e-05
0.011493976
6.349744e-05
0.011493969
6.5615629e-05
0.011493962
6.780757e-05
0.011493955
7.0076797e-05
0.011493949
7.2426848e-05
0.011493943
7.4861281e-05
0.011493937
7.7383647e-05
0.011493932
7.9997522e-05
0.011493927
8.2706468e-05
0.011493923
8.5514099e-05
0.011493918
8.8424104e-05
0.011493915
9.14403e-05
0.011493911
9.4566579e-05
0.011493908
9.7806849e-05
0.011493905
0.00010116511
0.011493903
0.00010464552
0.011493901
0.00010825235
0.011493899
0.0001119903
0.011493897
0.00011586356
0.011493895
0.00011987713
0.011493894
0.00012403572
0.011493893
0.00012834522
0.011493892
0.00013281088
0.011493891
0.00013743846
0.01149389
0.00014223268
0.01149389
0.0001472022
0.011493889
0.00015235203
0.011493889
0.00015769241
0.011493888
0.00016324539
0.011493886
0.00016899148
0.011493886
0.00017514901
0.011493865
0.00018122189
0.011493896
0.00018941546
0.011493737
0.00019390353
0.011494352
0.00021258084
0.00019484604
0.01213769
4.0264815e-06
0.0121377
4.2512158e-06
0.012137712
4.4897763e-06
0.012137726
4.7430177e-06
0.012137741
5.0118352e-06
0.012137759
5.2971633e-06
0.012137778
5.5999728e-06
0.0121378
5.9212665e-06
0.012137824
6.2620748e-06
0.012137851
6.6234505e-06
0.012137881
7.0064627e-06
0.012137913
7.4121885e-06
0.012137949
7.841704e-06
0.012137987
8.2960743e-06
0.012138029
8.7763415e-06
0.012138073
9.2835124e-06
0.012138121
9.8185453e-06
0.012138171
1.0382335e-05
0.012138224
1.0975702e-05
0.01213828
1.1599373e-05
0.012138338
1.2253972e-05
0.012138398
1.2940009e-05
0.01213846
1.3657866e-05
0.012138523
1.4407793e-05
0.012138588
1.5189902e-05
0.012138653
1.6004164e-05
0.012138717
1.6850416e-05
0.012138782
1.7728362e-05
0.012138845
1.8637587e-05
0.012138907
1.9577571e-05
0.012138968
2.0547703e-05
0.012139025
2.1547311e-05
0.012139081
2.2575677e-05
0.012139133
2.3632069e-05
0.012139182
2.4715764e-05
0.012139227
2.5826083e-05
0.012139269
2.6962413e-05
0.012139306
2.8124239e-05
0.01213934
2.9311169e-05
0.012139371
3.0522956e-05
0.012139397
3.1759526e-05
0.01213942
3.3020996e-05
0.012139439
3.4307686e-05
0.012139456
3.562014e-05
0.012139469
3.6959128e-05
0.012139479
3.8325661e-05
0.012139487
3.9720988e-05
0.012139492
4.1146601e-05
0.012139495
4.2604235e-05
0.012139497
4.4095859e-05
0.012139496
4.5623667e-05
0.012139495
4.7190069e-05
0.012139492
4.8797678e-05
0.012139489
5.044927e-05
0.012139485
5.2147767e-05
0.01213948
5.3896235e-05
0.012139475
5.5697863e-05
0.012139469
5.7555949e-05
0.012139464
5.9473862e-05
0.012139458
6.1455025e-05
0.012139453
6.350289e-05
0.012139448
6.5620944e-05
0.012139443
6.7812697e-05
0.012139438
7.0081694e-05
0.012139433
7.2431485e-05
0.012139429
7.4865636e-05
0.012139425
7.7387706e-05
0.012139421
8.0001277e-05
0.012139417
8.2709922e-05
0.012139414
8.5517262e-05
0.012139411
8.8426985e-05
0.012139409
9.1442905e-05
0.012139407
9.4568916e-05
0.012139405
9.7808933e-05
0.012139403
0.00010116695
0.012139401
0.00010464714
0.0121394
0.00010825376
0.012139399
0.00011199147
0.012139398
0.00011586456
0.012139397
0.00011987793
0.012139396
0.00012403637
0.012139396
0.00012834569
0.012139395
0.00013281119
0.012139395
0.00013743859
0.012139395
0.00014223273
0.012139395
0.00014720201
0.012139396
0.00015235193
0.012139396
0.00015769213
0.012139396
0.0001632454
0.012139395
0.00016899253
0.012139395
0.00017514893
0.01213938
0.00018123693
0.012139404
0.00018939139
0.012139284
0.00019402295
0.012139754
0.00021211121
0.00019521777
0.012820022
4.0208947e-06
0.012820029
4.2447165e-06
0.012820036
4.4822767e-06
0.012820045
4.7344277e-06
0.012820055
5.002062e-06
0.012820066
5.2861119e-06
0.012820078
5.5875467e-06
0.012820092
5.9073698e-06
0.012820107
6.2466137e-06
0.012820125
6.6063355e-06
0.012820143
6.9876106e-06
0.012820164
7.3915254e-06
0.012820187
7.8191681e-06
0.012820211
8.2716188e-06
0.012820237
8.7499383e-06
0.012820266
9.255155e-06
0.012820296
9.7882522e-06
0.012820328
1.0350153e-05
0.012820362
1.0941707e-05
0.012820398
1.1563674e-05
0.012820435
1.2216712e-05
0.012820474
1.2901363e-05
0.012820514
1.3618043e-05
0.012820555
1.4367032e-05
0.012820596
1.5148467e-05
0.012820638
1.5962345e-05
0.01282068
1.6808516e-05
0.012820721
1.7686695e-05
0.012820762
1.8596471e-05
0.012820803
1.9537318e-05
0.012820842
2.0508614e-05
0.012820879
2.1509666e-05
0.012820915
2.253973e-05
0.012820949
2.3598043e-05
0.012820981
2.4683848e-05
0.012821011
2.5796426e-05
0.012821038
2.6935123e-05
0.012821063
2.8099384e-05
0.012821086
2.9288777e-05
0.012821105
3.050302e-05
0.012821123
3.1742005e-05
0.012821138
3.3005815e-05
0.012821151
3.4294749e-05
0.012821162
3.5609325e-05
0.012821171
3.6950299e-05
0.012821178
3.8318667e-05
0.012821183
3.9715671e-05
0.012821187
4.1142796e-05
0.012821189
4.2601776e-05
0.012821191
4.4094582e-05
0.012821191
4.5623414e-05
0.01282119
4.7190682e-05
0.012821189
4.8799011e-05
0.012821187
5.0451189e-05
0.012821185
5.2150146e-05
0.012821182
5.3898958e-05
0.012821179
5.5700829e-05
0.012821176
5.7559066e-05
0.012821173
5.9477054e-05
0.012821169
6.1458223e-05
0.012821166
6.350604e-05
0.012821163
6.5624e-05
0.01282116
6.7815623e-05
0.012821158
7.0084464e-05
0.012821155
7.2434078e-05
0.012821153
7.4868037e-05
0.01282115
7.7389906e-05
0.012821148
8.000327e-05
0.012821147
8.2711711e-05
0.012821145
8.5518849e-05
0.012821144
8.8428379e-05
0.012821143
9.1444109e-05
0.012821142
9.4569933e-05
0.012821141
9.7809771e-05
0.01282114
0.00010116762
0.01282114
0.00010464764
0.012821139
0.00010825412
0.012821139
0.00011199167
0.012821139
0.00011586462
0.012821139
0.00011987785
0.012821139
0.00012403618
0.01282114
0.00012834535
0.01282114
0.00013281073
0.012821141
0.00013743799
0.012821141
0.00014223206
0.012821142
0.00014720117
0.012821143
0.00015235111
0.012821144
0.00015769118
0.012821145
0.00016324462
0.012821145
0.00016899241
0.012821146
0.00017514804
0.012821137
0.00018124586
0.012821153
0.00018937491
0.012821078
0.0001940984
0.01282138
0.00021180839
0.00019545613
0.01354073
0.013540732
0.013540734
0.013540737
0.013540741
0.013540745
0.013540749
0.013540754
0.013540759
0.013540765
0.013540771
0.013540779
0.013540786
0.013540795
0.013540804
0.013540814
0.013540825
0.013540836
0.013540848
0.01354086
0.013540873
0.013540887
0.013540901
0.013540915
0.01354093
0.013540945
0.01354096
0.013540975
0.013540989
0.013541004
0.013541018
0.013541031
0.013541044
0.013541057
0.013541068
0.013541079
0.013541089
0.013541098
0.013541106
0.013541114
0.01354112
0.013541126
0.013541131
0.013541135
0.013541139
0.013541142
0.013541144
0.013541146
0.013541147
0.013541148
0.013541148
0.013541149
0.013541149
0.013541148
0.013541148
0.013541148
0.013541147
0.013541147
0.013541146
0.013541145
0.013541145
0.013541144
0.013541144
0.013541144
0.013541143
0.013541143
0.013541143
0.013541143
0.013541143
0.013541144
0.013541144
0.013541144
0.013541145
0.013541145
0.013541146
0.013541147
0.013541148
0.013541148
0.013541149
0.013541151
0.013541152
0.013541153
0.013541154
0.013541156
0.013541157
0.013541159
0.01354116
0.013541162
0.013541164
0.013541165
0.013541167
0.013541165
0.013541173
0.013541148
0.013541258
)
;

boundaryField
{
    inlet
    {
        type            calculated;
        value           nonuniform List<scalar> 
80
(
-0.00018054859
-0.00019069049
-0.0002014021
-0.00021271541
-0.00022466422
-0.00023728422
-0.00025061312
-0.00026469075
-0.00027955915
-0.00029526275
-0.00031184847
-0.00032936585
-0.00034786723
-0.00036740789
-0.0003880462
-0.00040984381
-0.00043286586
-0.00045718112
-0.00048286223
-0.00050998593
-0.00053863323
-0.00056888973
-0.00060084582
-0.00063459698
-0.00067024402
-0.00070789346
-0.00074765778
-0.00078965575
-0.00083401288
-0.00088086166
-0.00093034207
-0.00098260192
-0.0010377974
-0.0010960933
-0.0011576638
-0.0012226929
-0.0012913749
-0.001363915
-0.0014405298
-0.0015214483
-0.0016069122
-0.0016971768
-0.0017925119
-0.0018932021
-0.0019995484
-0.0021118685
-0.0022304979
-0.0023557909
-0.0024881221
-0.0026278866
-0.0027755021
-0.0029314095
-0.0030960746
-0.0032699894
-0.0034536735
-0.0036476755
-0.0038525751
-0.0040689844
-0.00429755
-0.0045389547
-0.0047939196
-0.0050632065
-0.0053476199
-0.0056480093
-0.0059652725
-0.0063003569
-0.0066542637
-0.0070280502
-0.007422833
-0.0078397915
-0.0082801714
-0.0087452881
-0.0092365314
-0.0097553685
-0.010303349
-0.010882111
-0.011493383
-0.012138991
-0.012820863
-0.013541037
)
;
    }
    outlet
    {
        type            calculated;
        value           nonuniform List<scalar> 
80
(
7.1658301e-05
9.5495266e-05
0.00011019862
0.00012302879
0.00013527986
0.00014745527
0.00015983161
0.00017258376
0.00018583659
0.0001996887
0.00021422445
0.00022952057
0.00024565004
0.0002626846
0.00028069637
0.00029975909
0.00031994898
0.00034134553
0.00036403211
0.00038809661
0.00041363193
0.00044073664
0.00046951546
0.00050007991
0.00053254894
0.00056704964
0.00060371793
0.00064269944
0.00068415034
0.00072823838
0.00077514401
0.00082506166
0.00087820117
0.00093479375
0.00099510663
0.0010594388
0.0011281081
0.0012014577
0.0012798645
0.0013637497
0.0014535865
0.0015499006
0.0016532495
0.0017641619
0.0018830277
0.0020099665
0.002144816
0.0022876072
0.0024392624
0.0026000672
0.002765251
0.0029295988
0.0030962658
0.0032704085
0.0034541148
0.0036481364
0.0038530578
0.0040694894
0.0042980775
0.0045395048
0.0047944924
0.0050638016
0.0053482368
0.005648647
0.0059659295
0.0063010315
0.0066549534
0.0070287518
0.0074235427
0.0078405042
0.008280881
0.0087459876
0.0092372118
0.0097560196
0.010303959
0.010882665
0.011493865
0.012139382
0.012821142
0.013541174
)
;
    }
    top
    {
        type            calculated;
        value           nonuniform List<scalar> 
110
(
7.3859082e-06
1.7977054e-05
2.3811425e-05
2.5992171e-05
2.5204652e-05
2.2506105e-05
1.8968637e-05
1.5362624e-05
1.2108012e-05
9.367132e-06
7.1545839e-06
5.416211e-06
4.0745923e-06
3.0516695e-06
4.0189984e-06
4.2425049e-06
4.4797204e-06
4.7314946e-06
4.9987182e-06
5.2823229e-06
5.5832778e-06
5.9025865e-06
6.241282e-06
6.6004227e-06
6.9810863e-06
7.3843619e-06
7.8113421e-06
8.2631122e-06
8.7407391e-06
9.2452589e-06
9.7776634e-06
1.0338886e-05
1.0929785e-05
1.1551135e-05
1.2203603e-05
1.2887744e-05
1.3603985e-05
1.4352617e-05
1.5133789e-05
1.5947503e-05
1.6793618e-05
1.7671853e-05
1.8581796e-05
1.9522921e-05
2.0494603e-05
2.1496141e-05
2.2526784e-05
2.3585756e-05
2.4672287e-05
2.5785645e-05
2.6925164e-05
2.8090271e-05
2.9280523e-05
3.0495622e-05
3.1735449e-05
3.3000077e-05
3.4289794e-05
3.5605111e-05
3.6946777e-05
3.8315785e-05
3.9713371e-05
4.1141022e-05
4.2600468e-05
4.4093681e-05
4.5622863e-05
4.7190429e-05
4.8799001e-05
5.0451373e-05
5.215048e-05
5.3899403e-05
5.5701346e-05
5.7559623e-05
5.9477623e-05
6.145878e-05
6.3506564e-05
6.5624476e-05
6.7816036e-05
7.0084804e-05
7.2434337e-05
7.486821e-05
7.7389988e-05
8.0003259e-05
8.2711604e-05
8.551865e-05
8.8428086e-05
9.1443725e-05
9.4569458e-05
9.7809206e-05
0.00010116697
0.00010464691
0.00010825329
0.00011199075
0.00011586363
0.00011987677
0.00012403503
0.00012834411
0.0001328094
0.00013743658
0.00014223059
0.00014719959
0.0001523495
0.00015768948
0.00016324292
0.00016899091
0.00017514622
0.00018124752
0.0001893674
0.00019412369
0.00021169821
0.00019553973
)
;
    }
    upstreamWall
    {
        type            symmetryPlane;
        value           uniform 0;
    }
    plate
    {
        type            calculated;
        value           uniform 0;
    }
    frontAndBack
    {
        type            empty;
    }
}


// ************************************************************************* //
