/*--------------------------------*- C++ -*----------------------------------*\
| =========                 |                                                 |
| \\      /  F ield         | OpenFOAM: The Open Source CFD Toolbox           |
|  \\    /   O peration     | Version:  2512                                  |
|   \\  /    A nd           | Website:  www.openfoam.com                      |
|    \\/     M anipulation  |                                                 |
\*---------------------------------------------------------------------------*/
FoamFile
{
    version     2.0;
    format      ascii;
    arch        "LSB;label=32;scalar=64";
    class       volVectorField;
    location    "0.149987";
    object      U;
}
// * * * * * * * * * * * * * * * * * * * * * * * * * * * * * * * * * * * * * //

dimensions      [0 1 -1 0 0 0 0];

internalField   nonuniform List<vector> 
8800
(
(68.789196 2.7514857e-06 0)
(68.783409 7.2598347e-06 0)
(68.773424 1.4082701e-05 0)
(68.760305 2.3258733e-05 0)
(68.744901 3.5893029e-05 0)
(68.727669 5.3705696e-05 0)
(68.708686 7.9511136e-05 0)
(68.68801 0.00011962739 0)
(68.664624 0.00017470908 0)
(68.640148 0.00030620288 0)
(68.60438 0.0002628929 0)
(68.592892 0.0021556033 0)
(68.413706 -0.0078397868 0)
(68.967707 0.05014824 0)
(68.789196 8.3925381e-06 0)
(68.783409 2.217727e-05 0)
(68.773424 4.3010314e-05 0)
(68.760305 7.1028776e-05 0)
(68.744901 0.00010959358 0)
(68.727669 0.00016393729 0)
(68.708687 0.00024261757 0)
(68.688008 0.00036472812 0)
(68.664648 0.00053304055 0)
(68.639995 0.00092187642 0)
(68.605722 0.0009289838 0)
(68.581065 0.0048975633 0)
(68.52118 -0.0075239122 0)
(68.255585 0.057987929 0)
(68.789196 1.4328621e-05 0)
(68.783409 3.7923052e-05 0)
(68.773424 7.353071e-05 0)
(68.760305 0.00012142103 0)
(68.744901 0.00018731861 0)
(68.727669 0.00028013439 0)
(68.708689 0.0004144672 0)
(68.688004 0.00062243951 0)
(68.66469 0.0009117281 0)
(68.639792 0.0015453634 0)
(68.606981 0.0018332728 0)
(68.575797 0.0060391554 0)
(68.525992 0.0015685033 0)
(68.425037 0.050828709 0)
(68.789196 2.0597274e-05 0)
(68.783409 5.455922e-05 0)
(68.773425 0.00010577425 0)
(68.760306 0.00017465819 0)
(68.744902 0.00026943605 0)
(68.72767 0.00040290023 0)
(68.708693 0.00059609716 0)
(68.688001 0.00089447592 0)
(68.66474 0.0013140454 0)
(68.639624 0.0021911934 0)
(68.607767 0.0028272495 0)
(68.574377 0.0075431689 0)
(68.52376 0.0062712274 0)
(68.453817 0.051339908 0)
(68.789196 2.7215334e-05 0)
(68.783409 7.2132479e-05 0)
(68.773425 0.00013983088 0)
(68.760306 0.00023088769 0)
(68.744903 0.00035616954 0)
(68.727671 0.00053255621 0)
(68.708697 0.00078797042 0)
(68.687999 0.0011814418 0)
(68.664789 0.0017404253 0)
(68.639525 0.0028658648 0)
(68.608195 0.0038813114 0)
(68.574282 0.0092841483 0)
(68.523552 0.010333676 0)
(68.461778 0.054107961 0)
(68.789196 3.4199259e-05 0)
(68.783409 9.0693336e-05 0)
(68.773425 0.00017579662 0)
(68.760306 0.00029026667 0)
(68.744904 0.00044775803 0)
(68.727673 0.00066944857 0)
(68.708703 0.0009905839 0)
(68.688 0.0014840542 0)
(68.664834 0.0021913848 0)
(68.639489 0.0035734275 0)
(68.608458 0.0049952133 0)
(68.574489 0.011117326 0)
(68.524872 0.014429938 0)
(68.467484 0.057306438 0)
(68.789196 4.1567937e-05 0)
(68.783409 0.00011029704 0)
(68.773425 0.00021377706 0)
(68.760307 0.00035296869 0)
(68.744905 0.00054446788 0)
(68.727675 0.00081397031 0)
(68.70871 0.0012045084 0)
(68.688006 0.0018031908 0)
(68.664877 0.0026678075 0)
(68.639498 0.0043167269 0)
(68.608685 0.0061710344 0)
(68.574753 0.013015172 0)
(68.526856 0.018604343 0)
(68.473056 0.060354172 0)
(68.789196 4.9341838e-05 0)
(68.783409 0.00013100242 0)
(68.773426 0.00025388484 0)
(68.760308 0.00041917902 0)
(68.744907 0.00064658386 0)
(68.727678 0.00096654354 0)
(68.708718 0.0014303559 0)
(68.688015 0.0021397902 0)
(68.664921 0.0031708071 0)
(68.639537 0.0050978511 0)
(68.608932 0.0074109042 0)
(68.575077 0.014982768 0)
(68.529104 0.022771306 0)
(68.478791 0.063341201 0)
(68.789196 5.7542347e-05 0)
(68.783409 0.0001528715 0)
(68.773426 0.00029623859 0)
(68.760309 0.00048909271 0)
(68.744909 0.00075440535 0)
(68.727682 0.0011276118 0)
(68.708728 0.0016687667 0)
(68.68803 0.0024948112 0)
(68.664969 0.0037016202 0)
(68.639599 0.0059185701 0)
(68.60922 0.008717161 0)
(68.575499 0.017020475 0)
(68.531491 0.026898533 0)
(68.484607 0.066313622 0)
(68.789196 6.6191747e-05 0)
(68.78341 0.00017596975 0)
(68.773426 0.00034096324 0)
(68.76031 0.00056291506 0)
(68.744911 0.00086824703 0)
(68.727686 0.0012976408 0)
(68.708739 0.0019204126 0)
(68.688048 0.0028692327 0)
(68.665023 0.0042615722 0)
(68.639681 0.0067806134 0)
(68.609551 0.01009144 0)
(68.576047 0.019127439 0)
(68.53401 0.030971492 0)
(68.490496 0.069262929 0)
(68.789196 7.5313256e-05 0)
(68.78341 0.00020036627 0)
(68.773427 0.00038819051 0)
(68.760311 0.00064086245 0)
(68.744914 0.00098844027 0)
(68.727692 0.0014771204 0)
(68.708753 0.0021860003 0)
(68.688072 0.0032640646 0)
(68.665087 0.0048520642 0)
(68.639784 0.0076856903 0)
(68.609929 0.0115346 0)
(68.576732 0.021302798 0)
(68.536656 0.034975719 0)
(68.496411 0.072170058 0)
(68.789196 8.4931085e-05 0)
(68.78341 0.00022613409 0)
(68.773428 0.00043805929 0)
(68.760313 0.00072316297 0)
(68.744918 0.0011153341 0)
(68.727699 0.0016665655 0)
(68.708768 0.0024662731 0)
(68.688101 0.0036803541 0)
(68.665161 0.0054745531 0)
(68.639913 0.0086355396 0)
(68.610359 0.013046991 0)
(68.577564 0.023544868 0)
(68.539444 0.038895811 0)
(68.502372 0.075017819 0)
(68.789196 9.5070456e-05 0)
(68.78341 0.00025335038 0)
(68.773429 0.00049071607 0)
(68.760315 0.00081005705 0)
(68.744922 0.0012492962 0)
(68.727708 0.0018665176 0)
(68.708786 0.0027620117 0)
(68.688136 0.0041191898 0)
(68.665248 0.0061305377 0)
(68.64007 0.0096318799 0)
(68.610845 0.014628467 0)
(68.578546 0.025850626 0)
(68.542367 0.042717421 0)
(68.508345 0.077790736 0)
(68.789196 0.00010575758 0)
(68.783411 0.00028209664 0)
(68.77343 0.00054631528 0)
(68.760317 0.00090179803 0)
(68.744927 0.0013907136 0)
(68.727718 0.0020775454 0)
(68.708808 0.0030740352 0)
(68.688177 0.004581701 0)
(68.665348 0.0068215508 0)
(68.640258 0.010676386 0)
(68.611393 0.016278366 0)
(68.579686 0.028215728 0)
(68.545438 0.04642749 0)
(68.514346 0.080472837 0)
(68.789196 0.00011701968 0)
(68.783411 0.000312459 0)
(68.773431 0.00060501975 0)
(68.76032 0.00099865287 0)
(68.744933 0.0015399941 0)
(68.727729 0.0023002461 0)
(68.708833 0.0034032017 0)
(68.688226 0.0050690595 0)
(68.665464 0.0075491412 0)
(68.640482 0.011770658 0)
(68.612008 0.017995419 0)
(68.580985 0.030634486 0)
(68.548648 0.050014472 0)
(68.520348 0.083048014 0)
(68.789196 0.00012888497 0)
(68.783411 0.00034452845 0)
(68.773432 0.00066700114 0)
(68.760323 0.0011009027 0)
(68.74494 0.001697567 0)
(68.727743 0.0025352465 0)
(68.708862 0.003750409 0)
(68.688283 0.0055824792 0)
(68.665597 0.008314856 0)
(68.640744 0.012916209 0)
(68.612698 0.019777702 0)
(68.58245 0.033099794 0)
(68.552005 0.053468327 0)
(68.52636 0.085500642 0)
(68.789196 0.00014138266 0)
(68.783412 0.00037840114 0)
(68.773434 0.00073244041 0)
(68.760327 0.0012088438 0)
(68.744948 0.001863884 0)
(68.727759 0.0027832047 0)
(68.708895 0.0041165944 0)
(68.68835 0.0061232161 0)
(68.665749 0.0091202256 0)
(68.64105 0.014114383 0)
(68.613467 0.021622629 0)
(68.584077 0.035603242 0)
(68.5555 0.056780593 0)
(68.532364 0.087816596 0)
(68.789196 0.00015454292 0)
(68.783412 0.00041417866 0)
(68.773436 0.00080152831 0)
(68.760331 0.0013227879 0)
(68.744957 0.0020394207 0)
(68.727777 0.0030448114 0)
(68.708934 0.0045027346 0)
(68.688427 0.0066925642 0)
(68.665924 0.0099667483 0)
(68.641404 0.015366304 0)
(68.614324 0.023526873 0)
(68.585873 0.038135138 0)
(68.559138 0.05994431 0)
(68.538362 0.089983222 0)
(68.789196 0.00016839686 0)
(68.783413 0.00045196839 0)
(68.773438 0.0008744659 0)
(68.760336 0.0014430637 0)
(68.744967 0.0022246768 0)
(68.727798 0.0033207911 0)
(68.708978 0.0049098457 0)
(68.688516 0.0072918511 0)
(68.666122 0.010855868 0)
(68.64181 0.016672819 0)
(68.615274 0.025486236 0)
(68.587833 0.04068496 0)
(68.562908 0.062954138 0)
(68.544344 0.091989865 0)
(68.789196 0.00018297651 0)
(68.783414 0.00049188381 0)
(68.773441 0.00095146497 0)
(68.760342 0.0015700168 0)
(68.744979 0.0024201778 0)
(68.727823 0.0036119033 0)
(68.709029 0.0053389835 0)
(68.688619 0.0079224307 0)
(68.666348 0.011788958 0)
(68.642274 0.018034432 0)
(68.616324 0.027495611 0)
(68.58996 0.043241406 0)
(68.566809 0.065806185 0)
(68.550305 0.093827932 0)
(68.789196 0.00019831481 0)
(68.783414 0.0005340449 0)
(68.773444 0.0010327486 0)
(68.760349 0.0017040114 0)
(68.744993 0.0026264763 0)
(68.727851 0.0039189428 0)
(68.709087 0.0057912433 0)
(68.688737 0.0085856708 0)
(68.666603 0.012767293 0)
(68.6428 0.019451201 0)
(68.617479 0.029549268 0)
(68.592246 0.045792341 0)
(68.57083 0.068497595 0)
(68.556241 0.095491635 0)
(68.789196 0.00021444552 0)
(68.783415 0.00057857845 0)
(68.773447 0.0011185512 0)
(68.760356 0.0018454294 0)
(68.745009 0.0028441548 0)
(68.727883 0.0042427402 0)
(68.709153 0.0062677592 0)
(68.688871 0.0092829412 0)
(68.666892 0.013791998 0)
(68.643393 0.020922713 0)
(68.618746 0.03164089 0)
(68.594694 0.048324971 0)
(68.574966 0.071026405 0)
(68.562144 0.0969779 0)
(68.789196 0.00023140328 0)
(68.783416 0.00062561851 0)
(68.773451 0.0012091183 0)
(68.760365 0.0019946731 0)
(68.745027 0.0030738281 0)
(68.72792 0.0045841625 0)
(68.709229 0.0067696958 0)
(68.689024 0.010015627 0)
(68.667218 0.014863866 0)
(68.644058 0.022448269 0)
(68.620128 0.033763742 0)
(68.597293 0.050826043 0)
(68.579203 0.073391392 0)
(68.56801 0.098286122 0)
(68.789196 0.00024922351 0)
(68.783418 0.00067530747 0)
(68.773455 0.0013047027 0)
(68.760375 0.0021521758 0)
(68.745048 0.0033161323 0)
(68.727961 0.0049441264 0)
(68.709315 0.0072982141 0)
(68.689198 0.010785173 0)
(68.667583 0.015983485 0)
(68.644801 0.024026505 0)
(68.621631 0.035910484 0)
(68.600043 0.053282372 0)
(68.583534 0.075592083 0)
(68.57383 0.099417984 0)
(68.789195 0.00026794246 0)
(68.783419 0.00072779936 0)
(68.77346 0.0014055563 0)
(68.760386 0.0023184327 0)
(68.745071 0.0035716798 0)
(68.728009 0.0053236424 0)
(68.709412 0.0078544295 0)
(68.689394 0.011593024 0)
(68.667994 0.01715147 0)
(68.645626 0.025654906 0)
(68.623257 0.038072877 0)
(68.602935 0.055681491 0)
(68.587945 0.07762895 0)
(68.579602 0.10037734 0)
(68.789195 0.00028759697 0)
(68.783421 0.00078326401 0)
(68.773466 0.0015119341 0)
(68.760399 0.0024939776 0)
(68.745098 0.0038410867 0)
(68.728063 0.0057237893 0)
(68.709522 0.0084394932 0)
(68.689617 0.012440422 0)
(68.668452 0.018368213 0)
(68.646539 0.027330221 0)
(68.62501 0.040242112 0)
(68.605963 0.05801167 0)
(68.592425 0.079503155 0)
(68.585315 0.10116986 0)
(68.789195 0.00030822468 0)
(68.783422 0.00084187819 0)
(68.773472 0.0016241345 0)
(68.760413 0.0026793026 0)
(68.745128 0.0041250874 0)
(68.728124 0.0061455881 0)
(68.709646 0.0090546446 0)
(68.689867 0.013328473 0)
(68.668964 0.01963356 0)
(68.647544 0.029048711 0)
(68.626891 0.042409111 0)
(68.609117 0.060262067 0)
(68.596961 0.081216499 0)
(68.590965 0.1018026 0)
(68.789195 0.00032986424 0)
(68.783425 0.00090381515 0)
(68.773479 0.0017425142 0)
(68.76043 0.002874866 0)
(68.745162 0.0044245199 0)
(68.728193 0.0065899874 0)
(68.709786 0.0097012032 0)
(68.690148 0.014258305 0)
(68.669532 0.020946772 0)
(68.648646 0.030805862 0)
(68.6289 0.044564489 0)
(68.612391 0.06242291 0)
(68.601541 0.082771528 0)
(68.596546 0.10228385 0)
(68.789195 0.00035255527 0)
(68.783427 0.00096925253 0)
(68.773488 0.0018674425 0)
(68.760448 0.0030811738 0)
(68.7452 0.0047402265 0)
(68.728271 0.0070579886 0)
(68.709944 0.010380496 0)
(68.690464 0.015230857 0)
(68.670162 0.022306819 0)
(68.649848 0.032596513 0)
(68.631037 0.046698645 0)
(68.615774 0.064485563 0)
(68.606152 0.08417143 0)
(68.60205 0.10262267 0)
(68.789195 0.0003763383 0)
(68.78343 0.001038381 0)
(68.773497 0.0019992825 0)
(68.760469 0.003298796 0)
(68.745244 0.005073045 0)
(68.728359 0.0075506823 0)
(68.710121 0.011093753 0)
(68.690817 0.016246725 0)
(68.670858 0.023712441 0)
(68.651154 0.034415 0)
(68.6333 0.048801951 0)
(68.619257 0.066442675 0)
(68.610782 0.085420117 0)
(68.607473 0.10282867 0)
(68.789195 0.00040125496 0)
(68.783433 0.0011114051 0)
(68.773507 0.0021384074 0)
(68.760493 0.0035283355 0)
(68.745293 0.0054238375 0)
(68.728458 0.0080691889 0)
(68.71032 0.011842139 0)
(68.69121 0.017306299 0)
(68.671624 0.02516179 0)
(68.652567 0.036254951 0)
(68.635686 0.050865068 0)
(68.622829 0.06828831 0)
(68.615418 0.086522248 0)
(68.612808 0.10291164 0)
(68.789195 0.00042734819 0)
(68.783436 0.001188542 0)
(68.773519 0.0022852102 0)
(68.76052 0.0037704185 0)
(68.745349 0.0057934951 0)
(68.72857 0.0086146392 0)
(68.710543 0.012626737 0)
(68.691648 0.018409807 0)
(68.672466 0.026652363 0)
(68.654089 0.038109166 0)
(68.638192 0.052879214 0)
(68.626481 0.070018097 0)
(68.620051 0.087483312 0)
(68.618051 0.10288275 0)
(68.789195 0.00045466251 0)
(68.78344 0.0012700211 0)
(68.773533 0.0024401041 0)
(68.76055 0.0040256972 0)
(68.745411 0.006182935 0)
(68.728695 0.0091881701 0)
(68.710792 0.013448533 0)
(68.692134 0.019557172 0)
(68.673387 0.028181088 0)
(68.655721 0.039970119 0)
(68.640812 0.054835994 0)
(68.630201 0.071628997 0)
(68.624669 0.088309146 0)
(68.623199 0.10275374 0)
(68.789195 0.00048324421 0)
(68.783444 0.0013560834 0)
(68.773548 0.0026035221 0)
(68.760584 0.0042948514 0)
(68.745482 0.0065930953 0)
(68.728836 0.0097909065 0)
(68.71107 0.014308439 0)
(68.692672 0.020747687 0)
(68.674391 0.029744631 0)
(68.657465 0.0418299 0)
(68.643542 0.056727821 0)
(68.633978 0.073119329 0)
(68.629263 0.089005849 0)
(68.628247 0.10253374 0)
(68.789195 0.00051314156 0)
(68.783449 0.0014469808 0)
(68.773565 0.0027759149 0)
(68.760623 0.0045785906 0)
(68.745561 0.0070249379 0)
(68.728993 0.0104239 0)
(68.71138 0.015207305 0)
(68.693266 0.021980308 0)
(68.675482 0.031338999 0)
(68.65932 0.043680603 0)
(68.646374 0.058547701 0)
(68.637803 0.074488674 0)
(68.633825 0.089580523 0)
(68.633194 0.10223098 0)
(68.789195 0.00054440519 0)
(68.783455 0.0015429707 0)
(68.773584 0.0029577586 0)
(68.760666 0.0048776334 0)
(68.745649 0.0074794896 0)
(68.729169 0.011088053 0)
(68.711725 0.016145921 0)
(68.69392 0.023254146 0)
(68.676663 0.032959123 0)
(68.661286 0.045514354 0)
(68.649302 0.060289161 0)
(68.641664 0.075737798 0)
(68.638347 0.090041022 0)
(68.638038 0.10185513 0)
(68.789195 0.00057708957 0)
(68.783461 0.0016443005 0)
(68.773606 0.0031496134 0)
(68.760714 0.0051926287 0)
(68.745749 0.0079578932 0)
(68.729366 0.011784408 0)
(68.712107 0.017124629 0)
(68.694637 0.024567728 0)
(68.677937 0.034599448 0)
(68.66336 0.047323053 0)
(68.652317 0.061946909 0)
(68.645551 0.076868664 0)
(68.642823 0.090395275 0)
(68.64278 0.10141595 0)
(68.789195 0.00061125349 0)
(68.783468 0.0017512253 0)
(68.77363 0.0033521226 0)
(68.760769 0.0055242327 0)
(68.74586 0.0084611559 0)
(68.729586 0.012514065 0)
(68.71253 0.018143373 0)
(68.695422 0.025918851 0)
(68.679306 0.036254184 0)
(68.665539 0.049098943 0)
(68.655411 0.063516802 0)
(68.649455 0.077884304 0)
(68.647245 0.090651391 0)
(68.647419 0.10092245 0)
(68.789195 0.00064695719 0)
(68.783477 0.0018640652 0)
(68.773657 0.0035658241 0)
(68.76083 0.0058732811 0)
(68.745984 0.0089902203 0)
(68.729831 0.013277782 0)
(68.712998 0.019201947 0)
(68.696278 0.027304903 0)
(68.680773 0.037917287 0)
(68.667821 0.050834632 0)
(68.658576 0.064995684 0)
(68.653367 0.078788578 0)
(68.651611 0.090817499 0)
(68.651957 0.10038298 0)
(68.789195 0.00068426424 0)
(68.783486 0.0019831704 0)
(68.773688 0.0037911663 0)
(68.760898 0.0062406959 0)
(68.746124 0.0095461341 0)
(68.730103 0.014076211 0)
(68.713513 0.020299872 0)
(68.69721 0.028722704 0)
(68.682337 0.03958235 0)
(68.670201 0.05252315 0)
(68.661803 0.066381422 0)
(68.657278 0.079586093 0)
(68.655915 0.090901739 0)
(68.656395 0.099805338 0)
(68.789195 0.00072324496 0)
(68.783496 0.0021088687 0)
(68.773722 0.0040286778 0)
(68.760975 0.0066273583 0)
(68.746279 0.010129796 0)
(68.730405 0.01491007 0)
(68.71408 0.021436483 0)
(68.698219 0.030168561 0)
(68.684 0.041242726 0)
(68.672675 0.054158074 0)
(68.665083 0.067672861 0)
(68.661181 0.080282057 0)
(68.660156 0.090912295 0)
(68.660736 0.099196665 0)
(68.789196 0.00076397456 0)
(68.783508 0.0022414892 0)
(68.77376 0.0042789497 0)
(68.761061 0.0070341023 0)
(68.746452 0.010742031 0)
(68.730739 0.015779948 0)
(68.714702 0.022610588 0)
(68.69931 0.031638414 0)
(68.685761 0.04289174 0)
(68.675236 0.055733718 0)
(68.668408 0.068869839 0)
(68.665068 0.080882084 0)
(68.664331 0.090856886 0)
(68.664984 0.098563608 0)
(68.789196 0.0008065331 0)
(68.783521 0.0023813706 0)
(68.773803 0.0045425974 0)
(68.761157 0.0074617567 0)
(68.746645 0.011383583 0)
(68.73111 0.016686266 0)
(68.715383 0.023820511 0)
(68.700485 0.03312782 0)
(68.687619 0.044522756 0)
(68.677879 0.05724517 0)
(68.67177 0.069973081 0)
(68.668935 0.081392139 0)
(68.66844 0.090742416 0)
(68.669141 0.097911871 0)
(68.789197 0.00085100677 0)
(68.783536 0.0025288567 0)
(68.773852 0.0048202369 0)
(68.761264 0.0079111781 0)
(68.74686 0.012055077 0)
(68.731519 0.017629202 0)
(68.716126 0.025064388 0)
(68.701745 0.034631833 0)
(68.689573 0.046129202 0)
(68.680597 0.058688264 0)
(68.67516 0.070984095 0)
(68.672775 0.081818096 0)
(68.672482 0.090576714 0)
(68.673213 0.09724704 0)
(68.789198 0.00089748815 0)
(68.783553 0.0026843069 0)
(68.773906 0.0051124019 0)
(68.761384 0.0083833022 0)
(68.747098 0.012757292 0)
(68.731969 0.01860847 0)
(68.716934 0.026339843 0)
(68.703093 0.036145087 0)
(68.691619 0.047704723 0)
(68.683385 0.060059669 0)
(68.678572 0.071905116 0)
(68.676585 0.082166141 0)
(68.676458 0.090366373 0)
(68.677202 0.096573709 0)
(68.789198 0.00094607397 0)
(68.783572 0.0028481233 0)
(68.773966 0.0054195945 0)
(68.761517 0.0088789996 0)
(68.747362 0.013491 0)
(68.732465 0.019623423 0)
(68.717811 0.027643979 0)
(68.70453 0.037661977 0)
(68.693754 0.049243319 0)
(68.686234 0.06135691 0)
(68.681996 0.072738962 0)
(68.680361 0.082442634 0)
(68.680369 0.090116519 0)
(68.681112 0.095895369 0)
(68.7892 0.00099686157 0)
(68.783594 0.0030207525 0)
(68.774034 0.0057424244 0)
(68.761666 0.0093989063 0)
(68.747655 0.014256627 0)
(68.733008 0.020673178 0)
(68.718759 0.028973543 0)
(68.706056 0.039176778 0)
(68.695975 0.050739442 0)
(68.689138 0.062578328 0)
(68.685429 0.073488972 0)
(68.6841 0.082653497 0)
(68.684215 0.089832857 0)
(68.684948 0.095215506 0)
(68.789201 0.0010499584 0)
(68.783618 0.003202562 0)
(68.774109 0.006081602 0)
(68.761831 0.0099436874 0)
(68.747979 0.015054346 0)
(68.733603 0.021756537 0)
(68.719782 0.030324847 0)
(68.707671 0.040683628 0)
(68.698278 0.052188017 0)
(68.69209 0.063723021 0)
(68.688862 0.074158842 0)
(68.687799 0.082804474 0)
(68.688 0.08952036 0)
(68.688715 0.094536819 0)
(68.789203 0.0011054824 0)
(68.783645 0.0033938409 0)
(68.774193 0.0064378332 0)
(68.762015 0.010514063 0)
(68.748336 0.015884184 0)
(68.734253 0.022871951 0)
(68.720882 0.031693799 0)
(68.709374 0.042176634 0)
(68.700658 0.053584523 0)
(68.695083 0.064790804 0)
(68.692292 0.074752552 0)
(68.691458 0.082901017 0)
(68.691724 0.089183425 0)
(68.692416 0.093861534 0)
(68.789205 0.0011635492 0)
(68.783675 0.0035949216 0)
(68.774287 0.0068117397 0)
(68.762219 0.01111059 0)
(68.74873 0.016746 0)
(68.73496 0.024017497 0)
(68.722061 0.033075948 0)
(68.711165 0.043649992 0)
(68.703109 0.05492507 0)
(68.698111 0.065782165 0)
(68.695713 0.07527427 0)
(68.695076 0.082948201 0)
(68.69539 0.088825963 0)
(68.696054 0.093191497 0)
(68.789207 0.0012242769 0)
(68.78371 0.0038061578 0)
(68.774391 0.0072038741 0)
(68.762445 0.01173367 0)
(68.749163 0.017639471 0)
(68.735729 0.025190855 0)
(68.72332 0.034466515 0)
(68.713041 0.045098048 0)
(68.705627 0.056206394 0)
(68.701167 0.066698167 0)
(68.699121 0.075728309 0)
(68.698651 0.082950796 0)
(68.699 0.08845128 0)
(68.699635 0.092528089 0)
(68.78921 0.0012877856 0)
(68.783748 0.0040278913 0)
(68.774508 0.0076147539 0)
(68.762695 0.012383458 0)
(68.749638 0.018564094 0)
(68.736561 0.026389346 0)
(68.724661 0.035860494 0)
(68.714999 0.046515395 0)
(68.708205 0.057425877 0)
(68.704245 0.067540386 0)
(68.702513 0.076118792 0)
(68.702184 0.082913728 0)
(68.702557 0.088062259 0)
(68.70316 0.091871907 0)
(68.789214 0.0013541936 0)
(68.783791 0.00426044 0)
(68.774637 0.008044856 0)
(68.762971 0.013059972 0)
(68.750158 0.019519002 0)
(68.73746 0.027609888 0)
(68.726083 0.037252699 0)
(68.717037 0.047896964 0)
(68.710838 0.058581555 0)
(68.707339 0.06831082 0)
(68.705886 0.076449883 0)
(68.705674 0.082840948 0)
(68.706062 0.087661537 0)
(68.706633 0.091223871 0)
(68.789218 0.0014236227 0)
(68.78384 0.0045040275 0)
(68.774781 0.0084946303 0)
(68.763277 0.013763298 0)
(68.750726 0.020502811 0)
(68.738428 0.028848926 0)
(68.727588 0.038637783 0)
(68.719151 0.049238059 0)
(68.71352 0.059672082 0)
(68.710445 0.069011795 0)
(68.709236 0.076725776 0)
(68.709122 0.082735685 0)
(68.709517 0.087251423 0)
(68.710057 0.090585012 0)
(68.789223 0.0014961938 0)
(68.783894 0.0047588216 0)
(68.77494 0.0089644496 0)
(68.763613 0.014493358 0)
(68.751345 0.021513736 0)
(68.739468 0.030102531 0)
(68.729175 0.040010368 0)
(68.721338 0.05053444 0)
(68.716244 0.060696709 0)
(68.713557 0.069645942 0)
(68.712563 0.076950556 0)
(68.712528 0.082601353 0)
(68.712924 0.086833686 0)
(68.713433 0.08995553 0)
(68.789228 0.0015720144 0)
(68.783954 0.0050250242 0)
(68.775116 0.0094545038 0)
(68.763982 0.015249711 0)
(68.752019 0.022549673 0)
(68.74058 0.031366485 0)
(68.730842 0.04136514 0)
(68.723592 0.051782368 0)
(68.719006 0.061655245 0)
(68.71667 0.070216104 0)
(68.715863 0.07712808 0)
(68.715894 0.082441167 0)
(68.716286 0.086409861 0)
(68.716765 0.089335514 0)
(68.789235 0.0016511801 0)
(68.784022 0.0053028406 0)
(68.775312 0.0099648083 0)
(68.764388 0.016031571 0)
(68.752749 0.023608157 0)
(68.741768 0.032636275 0)
(68.732589 0.042696887 0)
(68.725909 0.052978618 0)
(68.7218 0.062547998 0)
(68.719781 0.07072529 0)
(68.719136 0.077261802 0)
(68.719218 0.082258227 0)
(68.719604 0.085981616 0)
(68.720054 0.088725218 0)
(68.789242 0.0017337721 0)
(68.784097 0.0055924215 0)
(68.775527 0.010495217 0)
(68.764833 0.016837836 0)
(68.753539 0.024686325 0)
(68.743031 0.033907118 0)
(68.734412 0.044000576 0)
(68.728285 0.054120497 0)
(68.72462 0.063375744 0)
(68.722886 0.0711766 0)
(68.72238 0.07735534 0)
(68.722504 0.082055004 0)
(68.72288 0.08555021 0)
(68.723301 0.088124843 0)
(68.789251 0.0018198584 0)
(68.784181 0.0058937978 0)
(68.775765 0.011045391 0)
(68.765318 0.017667118 0)
(68.754391 0.025780927 0)
(68.744371 0.035174042 0)
(68.73631 0.045271435 0)
(68.730714 0.055205868 0)
(68.727461 0.064139677 0)
(68.725982 0.071573213 0)
(68.725595 0.077412125 0)
(68.72575 0.081833818 0)
(68.726114 0.085116807 0)
(68.726509 0.087534597 0)
(68.789261 0.0019094849 0)
(68.784274 0.0062068652 0)
(68.776027 0.011614769 0)
(68.765848 0.018517726 0)
(68.755307 0.026888324 0)
(68.745787 0.036431926 0)
(68.738279 0.046504999 0)
(68.733192 0.056233126 0)
(68.730318 0.064841333 0)
(68.729066 0.071918351 0)
(68.72878 0.077435224 0)
(68.728958 0.081596994 0)
(68.729309 0.084682647 0)
(68.729678 0.086954776 0)
(68.789272 0.0020026621 0)
(68.784378 0.0065314032 0)
(68.776315 0.012202473 0)
(68.766424 0.019387644 0)
(68.75629 0.028004523 0)
(68.74728 0.037675588 0)
(68.740317 0.047697172 0)
(68.735712 0.057201189 0)
(68.733187 0.065482568 0)
(68.732135 0.072215222 0)
(68.731934 0.077427741 0)
(68.732129 0.081346675 0)
(68.732465 0.084248844 0)
(68.73281 0.086385674 0)
(68.789284 0.002099359 0)
(68.784493 0.0068670558 0)
(68.776631 0.012807314 0)
(68.76705 0.020274445 0)
(68.757341 0.029125182 0)
(68.748848 0.038899845 0)
(68.742419 0.048844262 0)
(68.738271 0.058109476 0)
(68.736064 0.066065505 0)
(68.735188 0.072467022 0)
(68.735057 0.077392654 0)
(68.735264 0.081084924 0)
(68.735584 0.083816515 0)
(68.735905 0.08582767 0)
(68.789299 0.0021994836 0)
(68.784621 0.0072132979 0)
(68.776977 0.013427877 0)
(68.767727 0.021175178 0)
(68.758462 0.030245605 0)
(68.75049 0.040099567 0)
(68.744582 0.049943018 0)
(68.740863 0.058957878 0)
(68.738945 0.066592482 0)
(68.738222 0.072676983 0)
(68.738149 0.077332735 0)
(68.738363 0.08081372 0)
(68.738667 0.083386855 0)
(68.738966 0.085281316 0)
(68.789315 0.0023028905 0)
(68.784762 0.0075694469 0)
(68.777355 0.014062422 0)
(68.768459 0.022086328 0)
(68.759654 0.03136075 0)
(68.752206 0.041269724 0)
(68.746801 0.050990632 0)
(68.743484 0.059746711 0)
(68.741826 0.067066032 0)
(68.741236 0.072848264 0)
(68.741211 0.077250819 0)
(68.741427 0.080535044 0)
(68.741714 0.082961032 0)
(68.741992 0.084747187 0)
(68.789333 0.0024093834 0)
(68.784917 0.0079345751 0)
(68.777768 0.014708767 0)
(68.769246 0.023003917 0)
(68.760917 0.032465331 0)
(68.753992 0.042405465 0)
(68.749073 0.051984756 0)
(68.74613 0.060476691 0)
(68.744705 0.067488835 0)
(68.74423 0.072984018 0)
(68.744243 0.077149612 0)
(68.744458 0.080250853 0)
(68.744728 0.082540321 0)
(68.744985 0.084226038 0)
(68.789353 0.0025186793 0)
(68.785088 0.0083074315 0)
(68.778217 0.015364279 0)
(68.770093 0.023923568 0)
(68.762252 0.033553883 0)
(68.755847 0.043502169 0)
(68.751394 0.052923505 0)
(68.748796 0.061148896 0)
(68.74758 0.067863692 0)
(68.747202 0.073087417 0)
(68.747245 0.077031673 0)
(68.747456 0.079963101 0)
(68.74771 0.082126145 0)
(68.747947 0.083718849 0)
(68.789376 0.0026303913 0)
(68.785275 0.0086864573 0)
(68.778704 0.016025852 0)
(68.770999 0.024840422 0)
(68.76366 0.034620737 0)
(68.757768 0.04455544 0)
(68.75376 0.053805409 0)
(68.75148 0.061764696 0)
(68.750448 0.068193502 0)
(68.750154 0.073161565 0)
(68.750219 0.076899689 0)
(68.750424 0.079673815 0)
(68.75066 0.08171995 0)
(68.750879 0.083226652 0)
(68.789401 0.0027440164 0)
(68.78548 0.009069749 0)
(68.779232 0.016689842 0)
(68.771968 0.025749118 0)
(68.765139 0.035660064 0)
(68.759754 0.045561144 0)
(68.756168 0.054629412 0)
(68.754179 0.06232574 0)
(68.75331 0.068481243 0)
(68.753085 0.073209564 0)
(68.753167 0.076756326 0)
(68.753363 0.079385085 0)
(68.753582 0.081323344 0)
(68.753783 0.082750697 0)
(68.789429 0.0028589158 0)
(68.785705 0.0094550092 0)
(68.779803 0.017352029 0)
(68.773001 0.026643784 0)
(68.766691 0.036665905 0)
(68.761801 0.046515412 0)
(68.758614 0.055394821 0)
(68.75689 0.062833886 0)
(68.756164 0.068729947 0)
(68.755997 0.073234504 0)
(68.756089 0.076604266 0)
(68.756276 0.079099097 0)
(68.756478 0.08093809 0)
(68.756661 0.082292432 0)
(68.78946 0.0029742976 0)
(68.78595 0.0098394622 0)
(68.780418 0.018007586 0)
(68.774099 0.027518047 0)
(68.768314 0.037632185 0)
(68.763909 0.047414614 0)
(68.761096 0.056101249 0)
(68.759613 0.063291167 0)
(68.759011 0.06894268 0)
(68.758891 0.073239499 0)
(68.75899 0.076446243 0)
(68.759165 0.078818146 0)
(68.75935 0.080566123 0)
(68.759516 0.081853521 0)
(68.789494 0.0030891964 0)
(68.786216 0.010219798 0)
(68.781079 0.018651018 0)
(68.775264 0.028365008 0)
(68.770009 0.038552713 0)
(68.766074 0.048255332 0)
(68.763613 0.05674856 0)
(68.762347 0.063699732 0)
(68.761853 0.069122521 0)
(68.761771 0.073227695 0)
(68.761872 0.07628507 0)
(68.762034 0.078544669 0)
(68.762202 0.080209574 0)
(68.762351 0.081435874 0)
(68.789531 0.00320244 0)
(68.786504 0.010592188 0)
(68.781788 0.019276056 0)
(68.776496 0.029177181 0)
(68.771775 0.039421128 0)
(68.768298 0.04903428 0)
(68.766165 0.057336779 0)
(68.765094 0.064061797 0)
(68.764693 0.069272563 0)
(68.764641 0.073202245 0)
(68.76474 0.076123649 0)
(68.764889 0.078281281 0)
(68.76504 0.079870829 0)
(68.765173 0.081041711 0)
(68.789571 0.003312625 0)
(68.786817 0.010952215 0)
(68.782547 0.019875576 0)
(68.777798 0.029946438 0)
(68.773612 0.040230841 0)
(68.770578 0.049748209 0)
(68.768752 0.057865989 0)
(68.767856 0.064379576 0)
(68.767534 0.069395909 0)
(68.767505 0.07316636 0)
(68.7676 0.075965025 0)
(68.767734 0.078030802 0)
(68.767868 0.079552503 0)
(68.767985 0.080673491 0)
(68.789616 0.0034180946 0)
(68.787153 0.01129476 0)
(68.783358 0.020441546 0)
(68.77917 0.030663938 0)
(68.775522 0.040974946 0)
(68.772918 0.050393795 0)
(68.771377 0.058336214 0)
(68.770638 0.064655165 0)
(68.770383 0.069495551 0)
(68.770371 0.073123288 0)
(68.770459 0.075812477 0)
(68.770577 0.077796486 0)
(68.770694 0.079257823 0)
(68.770796 0.080334414 0)
(68.789664 0.0035169075 0)
(68.787516 0.011613925 0)
(68.784222 0.020964924 0)
(68.780615 0.031319974 0)
(68.777507 0.041646025 0)
(68.775318 0.050967489 0)
(68.774045 0.058747386 0)
(68.773447 0.064890609 0)
(68.773249 0.069574399 0)
(68.773248 0.073076097 0)
(68.773327 0.075668984 0)
(68.773429 0.077581203 0)
(68.773528 0.078989588 0)
(68.773614 0.080027245 0)
(68.789716 0.0036068026 0)
(68.787905 0.011902974 0)
(68.785141 0.02143558 0)
(68.782135 0.031903756 0)
(68.77957 0.042235723 0)
(68.777786 0.051464961 0)
(68.776763 0.059098953 0)
(68.776292 0.065088031 0)
(68.776141 0.069636185 0)
(68.776147 0.073029379 0)
(68.776215 0.075539533 0)
(68.7763 0.077390092 0)
(68.776382 0.078752986 0)
(68.776453 0.07975719 0)
(68.789772 0.0036851383 0)
(68.788322 0.01215417 0)
(68.786116 0.021842325 0)
(68.783733 0.03240366 0)
(68.781716 0.042734861 0)
(68.780328 0.051880493 0)
(68.779542 0.059387968 0)
(68.779186 0.065246188 0)
(68.779076 0.069680747 0)
(68.779084 0.072983855 0)
(68.779139 0.075425649 0)
(68.779206 0.077225351 0)
(68.77927 0.078550722 0)
(68.779325 0.079527313 0)
(68.789832 0.0037489154 0)
(68.788767 0.012357975 0)
(68.787151 0.0221718 0)
(68.785413 0.032807128 0)
(68.783952 0.043135879 0)
(68.782955 0.052212915 0)
(68.782396 0.059618281 0)
(68.782146 0.06537158 0)
(68.78207 0.069715372 0)
(68.782078 0.072946716 0)
(68.782119 0.075334258 0)
(68.782167 0.077093763 0)
(68.782214 0.078389577 0)
(68.782253 0.079344461 0)
(68.789897 0.0037960049 0)
(68.789241 0.012502975 0)
(68.788247 0.022403121 0)
(68.787181 0.03308774 0)
(68.786289 0.043412713 0)
(68.785683 0.052441402 0)
(68.785344 0.0597765 0)
(68.785193 0.065457986 0)
(68.785148 0.069739399 0)
(68.785153 0.072920951 0)
(68.785178 0.075270444 0)
(68.785207 0.077001526 0)
(68.785235 0.078276358 0)
(68.785259 0.079215823 0)
(68.789965 0.0038306724 0)
(68.789741 0.012598504 0)
(68.789401 0.022546719 0)
(68.789036 0.033253497 0)
(68.78873 0.043568349 0)
(68.788522 0.05256346 0)
(68.788404 0.059856382 0)
(68.788349 0.065498128 0)
(68.788331 0.069746899 0)
(68.78833 0.072903327 0)
(68.788337 0.075233981 0)
(68.788346 0.076951051 0)
(68.788355 0.078215474 0)
(68.788362 0.079147216 0)
(65.776336 0.21254595 0)
(59.441085 0.32642849 0)
(52.43116 0.31710776 0)
(46.611237 0.21100861 0)
(42.994218 0.084268613 0)
(41.556574 -0.010594863 0)
(41.510989 -0.04712029 0)
(41.835614 -0.040266006 0)
(42.06628 -0.023814772 0)
(42.032301 -0.0085686067 0)
(41.8027 0.00020988795 0)
(41.478688 0.0039180912 0)
(41.119885 0.0052871141 0)
(40.744665 0.0058731136 0)
(40.358124 0.0061545986 0)
(39.966581 0.0061627255 0)
(39.582414 0.0059184369 0)
(39.21095 0.0055742029 0)
(38.851558 0.0052285731 0)
(38.504594 0.0048848864 0)
(38.170631 0.0045498224 0)
(37.84992 0.0042024612 0)
(37.545099 0.0038497388 0)
(37.254854 0.0035412763 0)
(36.976325 0.003279314 0)
(36.707991 0.0030480234 0)
(36.449329 0.0028275197 0)
(36.200895 0.0026094915 0)
(35.963029 0.0024115931 0)
(35.733702 0.0022404045 0)
(35.511879 0.0020899299 0)
(35.296693 0.0019466634 0)
(35.088983 0.0018094474 0)
(34.887962 0.001685336 0)
(34.693085 0.001574425 0)
(34.503352 0.0014739462 0)
(34.318834 0.0013770278 0)
(34.139643 0.0012880647 0)
(33.964902 0.0012079062 0)
(33.794372 0.0011331638 0)
(33.627968 0.0010623797 0)
(33.465627 0.00099788573 0)
(33.306619 0.0009393728 0)
(33.150872 0.00088350262 0)
(32.998518 0.00083070428 0)
(32.849274 0.00078265017 0)
(32.702714 0.00073800201 0)
(32.558935 0.00069535773 0)
(32.417865 0.00065583861 0)
(32.279184 0.00061927708 0)
(32.142822 0.00058479474 0)
(32.008717 0.00055254456 0)
(31.876677 0.00052224579 0)
(31.746747 0.00049385054 0)
(31.618641 0.00046743507 0)
(31.492389 0.00044211719 0)
(31.36801 0.00041869432 0)
(31.245159 0.00039671722 0)
(31.123979 0.00037570012 0)
(31.004407 0.00035605142 0)
(30.886254 0.00033762342 0)
(30.769573 0.00032013506 0)
(30.65424 0.00030361791 0)
(30.540303 0.00028811578 0)
(30.427548 0.00027330846 0)
(30.316215 0.00025938362 0)
(30.205942 0.00024630971 0)
(30.096925 0.00023384383 0)
(29.988982 0.00022210053 0)
(29.882188 0.00021102425 0)
(29.776341 0.00020045625 0)
(29.671695 0.00019048593 0)
(29.567848 0.00018103487 0)
(29.465208 0.00017207425 0)
(29.363265 0.00016358405 0)
(29.262519 0.00015556611 0)
(29.162342 0.00014790208 0)
(29.063431 0.00014068992 0)
(28.964923 0.00013379775 0)
(28.867767 0.00012728607 0)
(28.770854 0.00012110466 0)
(28.675348 0.00011522603 0)
(28.579961 0.00010963967 0)
(28.486063 0.00010435657 0)
(28.3921 9.9300528e-05 0)
(28.299777 9.4540349e-05 0)
(28.20715 8.9980879e-05 0)
(28.116347 8.5674929e-05 0)
(28.025003 8.1554805e-05 0)
(27.935672 7.7743368e-05 0)
(27.845388 7.3952024e-05 0)
(27.757556 7.046882e-05 0)
(27.668679 6.841513e-05 0)
(27.577386 6.0799033e-05 0)
(27.50685 7.1100824e-05 0)
(27.364623 5.139517e-05 0)
(69.535807 0.2086905 0)
(70.972503 0.32587725 0)
(70.976701 0.35672144 0)
(69.507342 0.30660891 0)
(67.110463 0.21397167 0)
(64.359402 0.12088316 0)
(61.665424 0.060913933 0)
(59.359443 0.035011418 0)
(57.530857 0.024975964 0)
(56.102419 0.023995305 0)
(54.991273 0.024450383 0)
(54.072486 0.02440512 0)
(53.259884 0.023904562 0)
(52.50899 0.023095744 0)
(51.810852 0.021894899 0)
(51.161893 0.020405269 0)
(50.558456 0.018812268 0)
(49.990369 0.017331836 0)
(49.452256 0.015972205 0)
(48.942164 0.014685569 0)
(48.45928 0.013474612 0)
(48.00208 0.012308402 0)
(47.570816 0.011206211 0)
(47.162089 0.010254165 0)
(46.772729 0.0094283242 0)
(46.401059 0.0086919685 0)
(46.045925 0.0080059996 0)
(45.70698 0.0073542186 0)
(45.383556 0.0067681439 0)
(45.073436 0.0062557547 0)
(44.775373 0.0058015881 0)
(44.488216 0.0053780125 0)
(44.212108 0.0049810608 0)
(43.945999 0.0046225838 0)
(43.689074 0.0043015337 0)
(43.440238 0.004010725 0)
(43.199247 0.0037358705 0)
(42.96588 0.0034844839 0)
(42.739219 0.0032573395 0)
(42.518839 0.0030471223 0)
(42.30445 0.0028503326 0)
(42.095823 0.0026708373 0)
(41.892209 0.0025076416 0)
(41.69337 0.0023537489 0)
(41.499259 0.0022094553 0)
(41.309546 0.0020776802 0)
(41.123769 0.001955538 0)
(40.941882 0.0018399991 0)
(40.763743 0.0017329679 0)
(40.589002 0.0016339758 0)
(40.417509 0.0015410786 0)
(40.249137 0.0014544063 0)
(40.083655 0.0013731999 0)
(39.921035 0.0012972824 0)
(39.760983 0.0012266479 0)
(39.603455 0.0011594291 0)
(39.448433 0.0010970854 0)
(39.295572 0.0010387291 0)
(39.144938 0.00098317573 0)
(38.996453 0.00093124342 0)
(38.849917 0.00088254496 0)
(38.705334 0.00083648844 0)
(38.56257 0.00079303257 0)
(38.42164 0.0007522534 0)
(38.282323 0.00071343377 0)
(38.144822 0.00067689914 0)
(38.008787 0.00064261619 0)
(37.874366 0.00061000539 0)
(37.741382 0.00057927884 0)
(37.609881 0.00055032778 0)
(37.479657 0.0005227371 0)
(37.350938 0.00049672656 0)
(37.223332 0.0004720615 0)
(37.097211 0.00044871445 0)
(36.972079 0.00042658583 0)
(36.848402 0.00040570142 0)
(36.725564 0.00038575672 0)
(36.604233 0.00036698394 0)
(36.483557 0.00034905159 0)
(36.364461 0.00033212498 0)
(36.245841 0.00031603547 0)
(36.128844 0.00030076997 0)
(36.012182 0.00028623651 0)
(35.897217 0.00027251531 0)
(35.782382 0.0002593682 0)
(35.669395 0.00024700867 0)
(35.556275 0.000235148 0)
(35.445191 0.00022397508 0)
(35.333709 0.0002132582 0)
(35.224459 0.00020334429 0)
(35.114364 0.00019355882 0)
(35.006907 0.00018428208 0)
(34.898743 0.00017969339 0)
(34.78681 0.000157607 0)
(34.701192 0.00019002309 0)
(34.527696 0.00013202808 0)
(68.454497 0.16529371 0)
(68.837819 0.26986929 0)
(69.526471 0.31837595 0)
(70.114522 0.30089558 0)
(70.247654 0.24049429 0)
(69.805077 0.17760592 0)
(68.726821 0.13825048 0)
(67.133488 0.11899554 0)
(65.226832 0.1057348 0)
(63.312575 0.092193608 0)
(61.600309 0.076925422 0)
(60.17891 0.063458808 0)
(59.008184 0.054578748 0)
(57.991653 0.049012464 0)
(57.096318 0.044497156 0)
(56.296121 0.040423157 0)
(55.568836 0.036750846 0)
(54.890871 0.033550277 0)
(54.256722 0.030639557 0)
(53.662618 0.02793056 0)
(53.106024 0.025435079 0)
(52.582873 0.023110064 0)
(52.091708 0.020991004 0)
(51.626081 0.019181288 0)
(51.183166 0.0175869 0)
(50.761795 0.016152252 0)
(50.360699 0.014826562 0)
(49.979053 0.01359046 0)
(49.615202 0.012488762 0)
(49.266561 0.011521719 0)
(48.93206 0.010658456 0)
(48.610631 0.0098578006 0)
(48.302202 0.0091147223 0)
(48.00528 0.0084461365 0)
(47.718878 0.007846682 0)
(47.441954 0.0073024529 0)
(47.174287 0.0067920014 0)
(46.915383 0.0063265342 0)
(46.664216 0.0059055923 0)
(46.420343 0.0055168099 0)
(46.183433 0.0051546171 0)
(45.953113 0.0048243737 0)
(45.728589 0.0045237313 0)
(45.509626 0.004241524 0)
(45.296085 0.0039779996 0)
(45.087554 0.0037370792 0)
(44.883572 0.0035138676 0)
(44.684066 0.0033036291 0)
(44.488816 0.0031090246 0)
(44.297455 0.0029290267 0)
(44.109814 0.0027604654 0)
(43.925726 0.0026034089 0)
(43.744938 0.0024564532 0)
(43.567391 0.0023192345 0)
(43.392773 0.0021915575 0)
(43.221027 0.0020704602 0)
(43.052096 0.0019580603 0)
(42.885633 0.0018529381 0)
(42.721686 0.001753099 0)
(42.560152 0.0016597958 0)
(42.400825 0.001572311 0)
(42.243693 0.0014897109 0)
(42.08861 0.001411828 0)
(41.935577 0.0013387558 0)
(41.784371 0.0012693115 0)
(41.635171 0.0012039513 0)
(41.487633 0.0011426352 0)
(41.341888 0.0010843831 0)
(41.197751 0.0010295059 0)
(41.055262 0.00097782394 0)
(40.91421 0.00092861283 0)
(40.774808 0.00088223899 0)
(40.636671 0.0008382669 0)
(40.500151 0.00079668011 0)
(40.364761 0.0007572656 0)
(40.230947 0.00072008231 0)
(40.098102 0.00068459516 0)
(39.966877 0.00065119278 0)
(39.836429 0.00061930043 0)
(39.707663 0.0005892114 0)
(39.579489 0.0005606005 0)
(39.453034 0.00053348617 0)
(39.327019 0.00050765729 0)
(39.202794 0.00048329156 0)
(39.078796 0.00045994073 0)
(38.956735 0.00043800281 0)
(38.834629 0.00041693982 0)
(38.714647 0.00039712109 0)
(38.594344 0.0003780967 0)
(38.476359 0.00036049454 0)
(38.357603 0.00034318861 0)
(38.241538 0.00032657066 0)
(38.124954 0.00031889152 0)
(38.004022 0.00027842577 0)
(37.911626 0.00033923446 0)
(37.7247 0.00023206312 0)
(68.428154 0.16095092 0)
(68.493045 0.26304897 0)
(68.651344 0.30785257 0)
(68.874855 0.29025153 0)
(69.095259 0.23860264 0)
(69.2421 0.19245432 0)
(69.274848 0.17233624 0)
(69.133727 0.16978965 0)
(68.689589 0.16858122 0)
(67.847519 0.15989213 0)
(66.586918 0.14302149 0)
(65.077489 0.12262777 0)
(63.599834 0.10337488 0)
(62.297706 0.087814298 0)
(61.183681 0.07638771 0)
(60.192376 0.067581314 0)
(59.308083 0.060201793 0)
(58.508808 0.054221592 0)
(57.777569 0.049118206 0)
(57.102096 0.044526908 0)
(56.47525 0.040388189 0)
(55.889796 0.036598194 0)
(55.342449 0.033229918 0)
(54.822698 0.030346527 0)
(54.330021 0.027761158 0)
(53.863334 0.02541981 0)
(53.420804 0.023271471 0)
(53.000854 0.021300776 0)
(52.600672 0.019560806 0)
(52.217488 0.018026013 0)
(51.850556 0.016644509 0)
(51.498859 0.015365833 0)
(51.162117 0.014189522 0)
(50.83821 0.013137065 0)
(50.526033 0.012191299 0)
(50.224717 0.011329344 0)
(49.93407 0.010525081 0)
(49.653261 0.0097944641 0)
(49.381139 0.0091334599 0)
(49.117271 0.0085231511 0)
(48.861335 0.0079563844 0)
(48.612769 0.0074402749 0)
(48.370724 0.0069698504 0)
(48.135003 0.0065293462 0)
(47.905378 0.0061193849 0)
(47.681337 0.0057444733 0)
(47.462423 0.005397052 0)
(47.248556 0.0050707964 0)
(47.039422 0.0047691486 0)
(46.83463 0.0044900801 0)
(46.634016 0.0042290934 0)
(46.437358 0.0039862026 0)
(46.244384 0.0037591596 0)
(46.055008 0.0035473524 0)
(45.8689 0.0033502724 0)
(45.685988 0.0031637894 0)
(45.506178 0.0029906693 0)
(45.329119 0.002828816 0)
(45.15485 0.0026753738 0)
(44.983232 0.0025320366 0)
(44.814059 0.0023976514 0)
(44.647304 0.0022709178 0)
(44.482808 0.0021515012 0)
(44.320557 0.0020394791 0)
(44.160327 0.0019331489 0)
(44.002276 0.0018330934 0)
(43.846059 0.0017392404 0)
(43.691797 0.001650164 0)
(43.539296 0.0015662712 0)
(43.388586 0.0014872859 0)
(43.239458 0.0014121355 0)
(43.092104 0.0013413385 0)
(42.946151 0.0012742226 0)
(42.801927 0.0012107848 0)
(42.658957 0.001150672 0)
(42.517666 0.0010939779 0)
(42.377459 0.0010399024 0)
(42.238963 0.00098900352 0)
(42.101353 0.00094042912 0)
(41.965507 0.00089461524 0)
(41.830357 0.00085105028 0)
(41.696998 0.00080979349 0)
(41.564177 0.00077048683 0)
(41.433212 0.00073342335 0)
(41.302566 0.00069790823 0)
(41.173917 0.00066455214 0)
(41.045312 0.0006325248 0)
(40.918884 0.00060240788 0)
(40.792219 0.00057349396 0)
(40.667919 0.0005467277 0)
(40.542936 0.00052049734 0)
(40.420649 0.00049509837 0)
(40.298047 0.00048380712 0)
(40.170617 0.00042143063 0)
(40.07333 0.0005162171 0)
(39.876828 0.00034996096 0)
(68.435961 0.16008618 0)
(68.486592 0.25974422 0)
(68.58712 0.30188334 0)
(68.691262 0.28356755 0)
(68.766185 0.23259519 0)
(68.807262 0.18638034 0)
(68.833457 0.16552251 0)
(68.86398 0.1656097 0)
(68.888659 0.17365605 0)
(68.8544 0.17999328 0)
(68.660226 0.18011435 0)
(68.172375 0.17213249 0)
(67.299685 0.15754725 0)
(66.146889 0.13955705 0)
(64.907659 0.12075203 0)
(63.729047 0.10383849 0)
(62.676076 0.090697876 0)
(61.720493 0.08066949 0)
(60.85407 0.072185707 0)
(60.067218 0.064823808 0)
(59.343458 0.058455288 0)
(58.673158 0.052739294 0)
(58.050791 0.047698697 0)
(57.468664 0.043415621 0)
(56.921861 0.039631177 0)
(56.406599 0.036217905 0)
(55.919837 0.033104824 0)
(55.45911 0.030283452 0)
(55.020109 0.027802656 0)
(54.600279 0.02559296 0)
(54.19949 0.023588308 0)
(53.816502 0.021737159 0)
(53.45066 0.020051526 0)
(53.098951 0.018552889 0)
(52.760369 0.017199405 0)
(52.434361 0.01596024 0)
(52.120628 0.014810225 0)
(51.817871 0.013770659 0)
(51.524846 0.012829675 0)
(51.241161 0.011960086 0)
(50.96653 0.011154714 0)
(50.700099 0.010423039 0)
(50.440986 0.009755291 0)
(50.189059 0.0091309603 0)
(49.943969 0.00855178 0)
(49.705088 0.0080222196 0)
(49.471973 0.0075312818 0)
(49.24454 0.007071421 0)
(49.022347 0.0066468797 0)
(48.804992 0.0062539888 0)
(48.59232 0.0058869609 0)
(48.384036 0.005545815 0)
(48.179849 0.0052271996 0)
(47.979648 0.004930213 0)
(47.783076 0.0046539184 0)
(47.590053 0.0043929832 0)
(47.400435 0.0041507928 0)
(47.21387 0.0039244079 0)
(47.030388 0.0037101289 0)
(46.849808 0.0035100743 0)
(46.671925 0.0033225391 0)
(46.496695 0.0031458578 0)
(46.323944 0.0029794927 0)
(46.153642 0.0028234617 0)
(45.985564 0.0026755135 0)
(45.819844 0.0025363478 0)
(45.656134 0.0024058241 0)
(45.494548 0.0022820481 0)
(45.334879 0.0021655176 0)
(45.177147 0.002055828 0)
(45.021145 0.0019515437 0)
(44.867043 0.0018533268 0)
(44.714478 0.0017602439 0)
(44.563756 0.0016723046 0)
(44.414412 0.0015889964 0)
(44.266848 0.0015104438 0)
(44.120485 0.0014355637 0)
(43.97592 0.0013650826 0)
(43.832354 0.0012978539 0)
(43.690625 0.0012344592 0)
(43.549699 0.0011741836 0)
(43.410629 0.0011171294 0)
(43.272199 0.0010627753 0)
(43.13568 0.0010115365 0)
(42.999579 0.00096245231 0)
(42.865521 0.00091635752 0)
(42.731603 0.00087210663 0)
(42.5999 0.00083050859 0)
(42.468054 0.00079057848 0)
(42.338599 0.00075358803 0)
(42.208568 0.00071744546 0)
(42.081207 0.00068221726 0)
(41.953759 0.000666953 0)
(41.821042 0.00058021448 0)
(41.719769 0.00071284973 0)
(41.515601 0.00048046381 0)
(68.443349 0.15853635 0)
(68.491192 0.25531847 0)
(68.586217 0.29681393 0)
(68.677571 0.27984185 0)
(68.730672 0.23086133 0)
(68.74334 0.18569147 0)
(68.736195 0.16444596 0)
(68.733536 0.16370241 0)
(68.746203 0.17097904 0)
(68.770253 0.17776338 0)
(68.792116 0.18154433 0)
(68.782429 0.18240428 0)
(68.672112 0.18036093 0)
(68.36444 0.17393402 0)
(67.75645 0.16256711 0)
(66.878751 0.14769059 0)
(65.841614 0.13071473 0)
(64.792341 0.1146302 0)
(63.806651 0.10106781 0)
(62.894916 0.090006532 0)
(62.044471 0.080595784 0)
(61.262957 0.072243203 0)
(60.540333 0.065100852 0)
(59.871783 0.059022777 0)
(59.251009 0.053642947 0)
(58.670774 0.048865126 0)
(58.125632 0.044559368 0)
(57.612091 0.040679448 0)
(57.126432 0.037272871 0)
(56.665942 0.034251029 0)
(56.228323 0.031521897 0)
(55.811455 0.029011332 0)
(55.414107 0.026746829 0)
(55.032177 0.024734801 0)
(54.665293 0.022903426 0)
(54.313088 0.021220397 0)
(53.974992 0.019668948 0)
(53.64908 0.018274651 0)
(53.334116 0.017010334 0)
(53.029783 0.015839396 0)
(52.735835 0.014758618 0)
(52.45096 0.013780177 0)
(52.174333 0.012885409 0)
(51.905888 0.012049786 0)
(51.645109 0.011277266 0)
(51.391237 0.010571256 0)
(51.143864 0.0099163438 0)
(50.902895 0.0093044572 0)
(50.667711 0.0087405682 0)
(50.43793 0.0082184463 0)
(50.213402 0.0077312573 0)
(49.993732 0.007279081 0)
(49.778617 0.0068570805 0)
(49.567924 0.0064640658 0)
(49.361255 0.0060985465 0)
(49.158522 0.0057539502 0)
(48.959529 0.0054342493 0)
(48.76392 0.0051354489 0)
(48.571715 0.0048530684 0)
(48.382683 0.0045896155 0)
(48.196624 0.0043426908 0)
(48.013473 0.0041102831 0)
(47.833037 0.0038916083 0)
(47.655273 0.0036865712 0)
(47.479949 0.0034923503 0)
(47.307176 0.0033097502 0)
(47.136601 0.003138512 0)
(46.968328 0.0029762601 0)
(46.802138 0.0028235743 0)
(46.638042 0.0026798812 0)
(46.475831 0.0025433777 0)
(46.315652 0.0024148522 0)
(46.157154 0.002293089 0)
(46.000616 0.0021781068 0)
(45.845588 0.0020692151 0)
(45.692442 0.0019665621 0)
(45.54062 0.0018687682 0)
(45.390684 0.001776722 0)
(45.241864 0.0016889698 0)
(45.094955 0.0016062371 0)
(44.948961 0.0015275923 0)
(44.804885 0.0014531794 0)
(44.661556 0.0013823009 0)
(44.520191 0.0013154978 0)
(44.379347 0.0012515276 0)
(44.240587 0.0011914558 0)
(44.10207 0.0011338051 0)
(43.965797 0.0010796195 0)
(43.829485 0.001027624 0)
(43.695578 0.00097941727 0)
(43.561214 0.00093245074 0)
(43.429477 0.00088640851 0)
(43.297898 0.00086682054 0)
(43.160641 0.0007535505 0)
(43.055925 0.00092741866 0)
(42.845264 0.00062252005 0)
(68.450448 0.15686945 0)
(68.495866 0.25042485 0)
(68.587296 0.29121281 0)
(68.675198 0.27601678 0)
(68.725261 0.22952524 0)
(68.734094 0.18591032 0)
(68.721641 0.16501606 0)
(68.71106 0.16396275 0)
(68.712289 0.17062397 0)
(68.723587 0.17672478 0)
(68.73969 0.17986343 0)
(68.757108 0.18072395 0)
(68.770125 0.18051388 0)
(68.763816 0.17946644 0)
(68.695692 0.17711046 0)
(68.495339 0.17175061 0)
(68.063383 0.16268698 0)
(67.388181 0.15082159 0)
(66.529878 0.13641321 0)
(65.602595 0.12154551 0)
(64.686475 0.10795747 0)
(63.826782 0.096507274 0)
(63.000664 0.086765427 0)
(62.225453 0.078153231 0)
(61.508146 0.070607906 0)
(60.839667 0.064047286 0)
(60.215225 0.058179814 0)
(59.631157 0.052964696 0)
(59.083254 0.048407405 0)
(58.568866 0.044362397 0)
(58.083284 0.040729667 0)
(57.623011 0.03741841 0)
(57.185723 0.034437439 0)
(56.768877 0.0317935 0)
(56.370845 0.029398755 0)
(55.990011 0.027202392 0)
(55.625323 0.025192721 0)
(55.274087 0.023391185 0)
(54.935314 0.021749664 0)
(54.608823 0.020226336 0)
(54.294216 0.018827697 0)
(53.989611 0.017566306 0)
(53.694392 0.016408683 0)
(53.40853 0.015328984 0)
(53.131261 0.014334916 0)
(52.861697 0.013426901 0)
(52.599493 0.012583835 0)
(52.344516 0.01179849 0)
(52.095918 0.011076202 0)
(51.853385 0.010406855 0)
(51.616757 0.0097831999 0)
(51.385501 0.00920533 0)
(51.159321 0.0086663488 0)
(50.938058 0.0081648732 0)
(50.721256 0.0076987086 0)
(50.508825 0.0072599632 0)
(50.300508 0.006853172 0)
(50.095942 0.0064730182 0)
(49.895137 0.0061143333 0)
(49.697806 0.0057799607 0)
(49.503752 0.0054666303 0)
(49.312887 0.0051720227 0)
(49.124997 0.004895043 0)
(48.940025 0.004635425 0)
(48.757727 0.0043897533 0)
(48.578193 0.0041589206 0)
(48.40106 0.0039424905 0)
(48.226425 0.0037375907 0)
(48.05405 0.0035448725 0)
(47.883939 0.0033635442 0)
(47.715879 0.0031914346 0)
(47.549996 0.0030294345 0)
(47.385945 0.0028760241 0)
(47.223981 0.0027312246 0)
(47.063665 0.0025941474 0)
(46.905344 0.0024649549 0)
(46.748474 0.0023419572 0)
(46.593584 0.0022261957 0)
(46.439932 0.002115897 0)
(46.28827 0.0020119268 0)
(46.137639 0.0019131232 0)
(45.988994 0.0018196686 0)
(45.841205 0.0017306764 0)
(45.695435 0.0016468159 0)
(45.550293 0.0015665463 0)
(45.407277 0.0014911692 0)
(45.264609 0.0014188599 0)
(45.124216 0.0013509023 0)
(44.983891 0.0012857218 0)
(44.845984 0.0012252373 0)
(44.707745 0.0011664775 0)
(44.572084 0.0011085701 0)
(44.436833 0.0010842649 0)
(44.295526 0.00094223184 0)
(44.187712 0.0011607835 0)
(43.971324 0.00077673117 0)
(68.457624 0.15519658 0)
(68.500606 0.2456171 0)
(68.588279 0.28562294 0)
(68.673399 0.27198558 0)
(68.722487 0.22796944 0)
(68.731245 0.18603263 0)
(68.7185 0.16554682 0)
(68.706583 0.16418363 0)
(68.705272 0.17043181 0)
(68.712759 0.17628162 0)
(68.723814 0.17929622 0)
(68.735664 0.18003567 0)
(68.747381 0.17956125 0)
(68.758782 0.17851547 0)
(68.766922 0.17704274 0)
(68.762434 0.17504038 0)
(68.718466 0.17242504 0)
(68.581857 0.16807169 0)
(68.275992 0.16094758 0)
(67.751926 0.15118938 0)
(67.04015 0.13903797 0)
(66.223159 0.12544962 0)
(65.380766 0.11249768 0)
(64.560378 0.10117956 0)
(63.770964 0.091393123 0)
(63.012825 0.082682022 0)
(62.302358 0.074798863 0)
(61.635976 0.067890267 0)
(61.009319 0.061795646 0)
(60.423178 0.056389096 0)
(59.873056 0.051596559 0)
(59.354846 0.04727396 0)
(58.865203 0.043407642 0)
(58.40281 0.0399857 0)
(57.964724 0.036892321 0)
(57.54768 0.034073046 0)
(57.149714 0.031504819 0)
(56.768812 0.029205745 0)
(56.40364 0.027118623 0)
(56.052873 0.025189527 0)
(55.71561 0.023429578 0)
(55.389344 0.021842617 0)
(55.073928 0.020378613 0)
(54.769271 0.019016415 0)
(54.474239 0.017768668 0)
(54.187822 0.016628736 0)
(53.909813 0.015568775 0)
(53.639967 0.014585254 0)
(53.377147 0.013682586 0)
(53.121194 0.012844924 0)
(52.87189 0.012066032 0)
(52.628522 0.011345702 0)
(52.390835 0.010674085 0)
(52.158631 0.010049931 0)
(51.931378 0.0094701314 0)
(51.708987 0.0089253235 0)
(51.491132 0.0084205917 0)
(51.277441 0.0079489794 0)
(51.067914 0.007504758 0)
(50.862192 0.0070910199 0)
(50.660092 0.0067034129 0)
(50.461493 0.0063393765 0)
(50.266155 0.0059974047 0)
(50.074011 0.0056770033 0)
(49.884799 0.0053741369 0)
(49.698587 0.0050897609 0)
(49.514999 0.0048231955 0)
(49.334124 0.004571051 0)
(49.155702 0.0043340388 0)
(48.979732 0.0041110884 0)
(48.805993 0.0038996645 0)
(48.634588 0.0037007299 0)
(48.465181 0.0035124358 0)
(48.297999 0.0033347986 0)
(48.132612 0.0031667083 0)
(47.969341 0.00300833 0)
(47.807658 0.0028576486 0)
(47.648058 0.0027158467 0)
(47.489825 0.0025808177 0)
(47.333669 0.002453562 0)
(47.178664 0.0023326738 0)
(47.025717 0.0022183676 0)
(46.873742 0.0021095561 0)
(46.723847 0.002007037 0)
(46.574688 0.0019089551 0)
(46.427704 0.0018168516 0)
(46.281176 0.0017285401 0)
(46.136957 0.0016455454 0)
(45.992914 0.0015659875 0)
(45.851306 0.001492093 0)
(45.709494 0.0014205111 0)
(45.57021 0.0013496199 0)
(45.431591 0.001320161 0)
(45.286571 0.0011470582 0)
(45.175882 0.0014138491 0)
(44.954288 0.00094369559 0)
(68.464889 0.15353281 0)
(68.505502 0.24079078 0)
(68.589367 0.28002774 0)
(68.671557 0.26786803 0)
(68.719805 0.2262946 0)
(68.729256 0.186115 0)
(68.717387 0.16609299 0)
(68.705552 0.16443521 0)
(68.703516 0.17027783 0)
(68.709713 0.17589117 0)
(68.719204 0.17884683 0)
(68.729031 0.17960367 0)
(68.738388 0.17913989 0)
(68.747492 0.17805414 0)
(68.756358 0.17644564 0)
(68.764421 0.17444884 0)
(68.769666 0.17226759 0)
(68.765822 0.16999281 0)
(68.736159 0.16743333 0)
(68.641404 0.16385061 0)
(68.42255 0.15798969 0)
(68.006957 0.14959529 0)
(67.412055 0.13946238 0)
(66.691524 0.12757911 0)
(65.9198 0.11548588 0)
(65.144393 0.10434901 0)
(64.396811 0.094619589 0)
(63.661741 0.085957244 0)
(62.958817 0.0780249 0)
(62.296465 0.07095534 0)
(61.671506 0.064706946 0)
(61.083821 0.059087243 0)
(60.530758 0.054084871 0)
(60.009495 0.049641591 0)
(59.518468 0.045651813 0)
(59.053813 0.042056365 0)
(58.612695 0.038804293 0)
(58.193715 0.035898813 0)
(57.79505 0.033267463 0)
(57.413958 0.030850603 0)
(57.04865 0.028650474 0)
(56.697752 0.026670399 0)
(56.360054 0.024850372 0)
(56.034756 0.023166199 0)
(55.720218 0.02162956 0)
(55.415364 0.020221812 0)
(55.120207 0.018911126 0)
(54.834268 0.017701312 0)
(54.556091 0.016592913 0)
(54.285746 0.015562054 0)
(54.022902 0.014606333 0)
(53.766614 0.013724347 0)
(53.516727 0.012901905 0)
(53.272971 0.012138767 0)
(53.034714 0.011430532 0)
(52.801885 0.010766075 0)
(52.574069 0.010151068 0)
(52.350887 0.0095765469 0)
(52.132324 0.0090363827 0)
(51.917934 0.0085337682 0)
(51.707562 0.0080630358 0)
(51.501036 0.0076214868 0)
(51.298092 0.0072070469 0)
(51.098655 0.0068189505 0)
(50.902432 0.006452509 0)
(50.709475 0.0061087006 0)
(50.519387 0.0057865345 0)
(50.332252 0.005482075 0)
(50.147783 0.0051960775 0)
(49.965973 0.0049271237 0)
(49.786591 0.0046723215 0)
(49.609718 0.0044326666 0)
(49.435022 0.0042059558 0)
(49.262703 0.0039921904 0)
(49.092339 0.0037900118 0)
(48.924226 0.0035995746 0)
(48.757845 0.0034185221 0)
(48.593663 0.0032481645 0)
(48.430982 0.0030860464 0)
(48.270476 0.0029332969 0)
(48.111247 0.0027882505 0)
(47.954159 0.0026511466 0)
(47.79816 0.0025206842 0)
(47.644312 0.0023977898 0)
(47.491311 0.002280276 0)
(47.340542 0.0021699258 0)
(47.190337 0.0020641772 0)
(47.042483 0.0019647954 0)
(46.894915 0.00186959 0)
(46.749804 0.0017810779 0)
(46.604619 0.0016955819 0)
(46.461918 0.0016105169 0)
(46.320134 0.0015754232 0)
(46.171634 0.0013688596 0)
(46.058221 0.0016875701 0)
(45.831778 0.0011240295 0)
(68.472247 0.15187299 0)
(68.51052 0.23588773 0)
(68.590498 0.27436051 0)
(68.669735 0.26367721 0)
(68.717063 0.22454644 0)
(68.727296 0.18615589 0)
(68.716638 0.16664115 0)
(68.705393 0.16471873 0)
(68.703207 0.17015559 0)
(68.708804 0.17551333 0)
(68.717572 0.1783884 0)
(68.726579 0.17915687 0)
(68.735035 0.17873873 0)
(68.743074 0.17769405 0)
(68.750859 0.17612298 0)
(68.758201 0.17413019 0)
(68.764879 0.17188882 0)
(68.770512 0.16960543 0)
(68.773931 0.16731132 0)
(68.770754 0.16495438 0)
(68.750034 0.16238334 0)
(68.681852 0.15926539 0)
(68.517714 0.15457384 0)
(68.193722 0.14759165 0)
(67.68896 0.13877008 0)
(67.047959 0.12828919 0)
(66.340095 0.11696849 0)
(65.612053 0.10630368 0)
(64.894624 0.096802561 0)
(64.187918 0.08826441 0)
(63.49981 0.080426284 0)
(62.845893 0.07326284 0)
(62.225053 0.066898026 0)
(61.637268 0.061187062 0)
(61.08411 0.056079288 0)
(60.561767 0.051511501 0)
(60.068139 0.047393538 0)
(59.601018 0.043710159 0)
(59.158699 0.040390141 0)
(58.738324 0.037372036 0)
(58.337199 0.034638709 0)
(57.95513 0.032182253 0)
(57.589637 0.029932111 0)
(57.238895 0.027861245 0)
(56.901335 0.02597616 0)
(56.576037 0.024253796 0)
(56.262029 0.022656893 0)
(55.958397 0.021190955 0)
(55.663393 0.019846511 0)
(55.377396 0.018593173 0)
(55.099857 0.017436088 0)
(54.829581 0.016370273 0)
(54.566567 0.015375679 0)
(54.310421 0.014454806 0)
(54.060397 0.013601139 0)
(53.816453 0.012801342 0)
(53.578068 0.012061929 0)
(53.344854 0.011371426 0)
(53.116775 0.010723498 0)
(52.893285 0.010121202 0)
(52.674265 0.009557322 0)
(52.459477 0.009029159 0)
(52.248633 0.0085338276 0)
(52.04165 0.0080702798 0)
(51.838193 0.0076331261 0)
(51.638306 0.0072233068 0)
(51.441558 0.0068394558 0)
(51.248031 0.006477049 0)
(51.057404 0.0061368655 0)
(50.869669 0.00581706 0)
(50.684579 0.0055143958 0)
(50.502192 0.0052298506 0)
(50.322178 0.0049608398 0)
(50.144711 0.0047073376 0)
(49.969371 0.0044677039 0)
(49.796432 0.0042420686 0)
(49.625382 0.0040277141 0)
(49.456658 0.0038260617 0)
(49.28958 0.0036342909 0)
(49.124786 0.003453651 0)
(48.961401 0.0032821996 0)
(48.800252 0.0031201924 0)
(48.640315 0.0029661006 0)
(48.482608 0.0028209789 0)
(48.325864 0.0026822882 0)
(48.171417 0.0025520552 0)
(48.017646 0.0024273284 0)
(47.866276 0.0023101097 0)
(47.715303 0.0021978962 0)
(47.566816 0.0020934714 0)
(47.418388 0.0019928951 0)
(47.272405 0.0018923838 0)
(47.127592 0.0018511228 0)
(46.975774 0.0016086017 0)
(46.85973 0.0019830714 0)
(46.628689 0.0013184528 0)
(68.479648 0.15022167 0)
(68.515654 0.23091441 0)
(68.591765 0.26861872 0)
(68.667962 0.25940508 0)
(68.714281 0.2227172 0)
(68.725268 0.18613641 0)
(68.715905 0.1671602 0)
(68.705457 0.16499755 0)
(68.703379 0.1700396 0)
(68.708681 0.17513983 0)
(68.717031 0.17792699 0)
(68.725588 0.17870405 0)
(68.733582 0.17832435 0)
(68.741131 0.17731868 0)
(68.748381 0.17579298 0)
(68.755196 0.17384644 0)
(68.761467 0.17164961 0)
(68.767144 0.16938652 0)
(68.772228 0.16706982 0)
(68.776362 0.16468999 0)
(68.778646 0.16232432 0)
(68.775957 0.15996039 0)
(68.759916 0.1575268 0)
(68.710017 0.15478468 0)
(68.583905 0.151003 0)
(68.327727 0.14511226 0)
(67.891026 0.13713622 0)
(67.316808 0.12788307 0)
(66.663827 0.11755173 0)
(65.97955 0.10740523 0)
(65.292393 0.098117296 0)
(64.61646 0.08974467 0)
(63.946434 0.082051402 0)
(63.302334 0.074926326 0)
(62.687827 0.068534844 0)
(62.102983 0.062778028 0)
(61.550123 0.057587441 0)
(61.026966 0.052946797 0)
(60.532611 0.048772391 0)
(60.064763 0.045008947 0)
(59.620379 0.04160843 0)
(59.198706 0.038545748 0)
(58.79744 0.035763496 0)
(58.414302 0.033223334 0)
(58.0478 0.03091901 0)
(57.697085 0.028819227 0)
(57.359945 0.026880766 0)
(57.035154 0.025106942 0)
(56.721479 0.023484865 0)
(56.418283 0.021978347 0)
(56.124586 0.020593818 0)
(55.838978 0.019317775 0)
(55.561683 0.018126121 0)
(55.292072 0.01702616 0)
(55.0293 0.016007324 0)
(54.773384 0.015053936 0)
(54.523634 0.014173913 0)
(54.279682 0.013352345 0)
(54.041448 0.012583088 0)
(53.808273 0.011868742 0)
(53.580096 0.011200273 0)
(53.356578 0.010575175 0)
(53.137417 0.0099893831 0)
(52.922522 0.0094416202 0)
(52.711497 0.0089257152 0)
(52.504388 0.0084424821 0)
(52.300719 0.0079901267 0)
(52.100572 0.0075634734 0)
(51.903585 0.0071632979 0)
(51.709754 0.0067872393 0)
(51.518804 0.0064317334 0)
(51.330777 0.0060976728 0)
(51.145336 0.0057820662 0)
(50.962633 0.0054848428 0)
(50.782245 0.0052040439 0)
(50.604426 0.0049397587 0)
(50.428664 0.0046888846 0)
(50.255372 0.0044529361 0)
(50.083881 0.0042287082 0)
(49.914796 0.0040175609 0)
(49.747262 0.0038172548 0)
(49.58207 0.003628052 0)
(49.418219 0.0034481803 0)
(49.25669 0.0032788211 0)
(49.096242 0.0031170624 0)
(48.93817 0.0029651757 0)
(48.780887 0.0028198052 0)
(48.626065 0.0026831838 0)
(48.471752 0.0025524955 0)
(48.319966 0.0024307613 0)
(48.16837 0.0023138511 0)
(48.019191 0.0021965261 0)
(47.87143 0.0021485069 0)
(47.716404 0.0018674019 0)
(47.597787 0.0023016648 0)
(47.362317 0.0015278021 0)
(68.48709 0.14858554 0)
(68.520889 0.22588764 0)
(68.593098 0.26281526 0)
(68.666244 0.25505391 0)
(68.711513 0.22079911 0)
(68.7232 0.18604758 0)
(68.715121 0.16763865 0)
(68.705529 0.16525544 0)
(68.703674 0.16991475 0)
(68.708833 0.1747622 0)
(68.716927 0.1774617 0)
(68.725227 0.17824789 0)
(68.732957 0.17790475 0)
(68.740229 0.17693494 0)
(68.747167 0.17544746 0)
(68.753677 0.17354262 0)
(68.759662 0.17139003 0)
(68.765132 0.16916618 0)
(68.77017 0.16688531 0)
(68.77472 0.16453611 0)
(68.778675 0.16217314 0)
(68.781718 0.15977888 0)
(68.783044 0.15746455 0)
(68.780591 0.1552664 0)
(68.767756 0.15308617 0)
(68.730124 0.15059928 0)
(68.630106 0.14734199 0)
(68.41873 0.14237613 0)
(68.044427 0.13531778 0)
(67.52318 0.12686318 0)
(66.914106 0.11735847 0)
(66.268463 0.10768592 0)
(65.610671 0.09868711 0)
(64.962102 0.090568837 0)
(64.312393 0.083076138 0)
(63.679452 0.076062718 0)
(63.072365 0.069668223 0)
(62.49182 0.063903709 0)
(61.94112 0.058692543 0)
(61.419516 0.054014162 0)
(60.924978 0.049790527 0)
(60.456776 0.045986738 0)
(60.012643 0.04255228 0)
(59.590593 0.039432495 0)
(59.188565 0.036604987 0)
(58.805477 0.034036237 0)
(58.439037 0.031684574 0)
(58.087767 0.029542162 0)
(57.750998 0.027588674 0)
(57.426806 0.025781357 0)
(57.113889 0.024125007 0)
(56.811299 0.022603203 0)
(56.518319 0.021188424 0)
(56.233918 0.019886119 0)
(55.957191 0.018678739 0)
(55.688253 0.017550737 0)
(55.426146 0.016511601 0)
(55.170573 0.01554137 0)
(54.921394 0.014635138 0)
(54.677801 0.013794568 0)
(54.439819 0.013008331 0)
(54.206974 0.012274507 0)
(53.978958 0.0115873 0)
(53.755673 0.010945363 0)
(53.536638 0.010341597 0)
(53.321918 0.0097765642 0)
(53.110973 0.0092480185 0)
(52.903891 0.0087500337 0)
(52.700257 0.0082833455 0)
(52.500078 0.0078449824 0)
(52.303041 0.0074310747 0)
(52.109173 0.0070423395 0)
(51.918128 0.0066753591 0)
(51.730034 0.0063299927 0)
(51.544462 0.0060039183 0)
(51.361647 0.0056971675 0)
(51.181072 0.0054062232 0)
(51.003129 0.0051326731 0)
(50.827152 0.0048729051 0)
(50.653722 0.0046283784 0)
(50.481991 0.0043965337 0)
(50.312725 0.0041776279 0)
(50.144934 0.0039696272 0)
(49.979573 0.0037738387 0)
(49.815415 0.0035869526 0)
(49.653724 0.0034114863 0)
(49.492936 0.003243664 0)
(49.334684 0.0030859412 0)
(49.177054 0.0029351902 0)
(49.022004 0.0027946339 0)
(48.867274 0.0026600363 0)
(48.714945 0.002524422 0)
(48.56428 0.0024689876 0)
(48.406114 0.0021465215 0)
(48.28495 0.0026448362 0)
(48.045156 0.0017530223 0)
(68.494546 0.14696993 0)
(68.526213 0.22082199 0)
(68.594548 0.2569606 0)
(68.664602 0.25062878 0)
(68.708764 0.21878975 0)
(68.72111 0.18588467 0)
(68.714307 0.1680726 0)
(68.70559 0.16548758 0)
(68.703997 0.16977477 0)
(68.709071 0.17437316 0)
(68.716989 0.17698538 0)
(68.725121 0.1777806 0)
(68.732701 0.17747568 0)
(68.739815 0.17654361 0)
(68.746574 0.17509486 0)
(68.752891 0.17322947 0)
(68.758683 0.1711147 0)
(68.763983 0.16892394 0)
(68.768894 0.16667669 0)
(68.77342 0.16436371 0)
(68.777525 0.16203083 0)
(68.781136 0.15966832 0)
(68.784129 0.15737369 0)
(68.786327 0.15516987 0)
(68.787056 0.15302989 0)
(68.784813 0.15094939 0)
(68.774241 0.14889481 0)
(68.743362 0.14662025 0)
(68.662408 0.14374725 0)
(68.483861 0.13951476 0)
(68.157879 0.13322696 0)
(67.677523 0.12533563 0)
(67.104825 0.11653204 0)
(66.49252 0.10737065 0)
(65.863257 0.098756526 0)
(65.235599 0.090878339 0)
(64.607129 0.083557751 0)
(63.987553 0.076693948 0)
(63.389663 0.070362381 0)
(62.815591 0.064635766 0)
(62.268399 0.059426614 0)
(61.749141 0.054737346 0)
(61.256213 0.050506692 0)
(60.789149 0.046675481 0)
(60.345418 0.043212419 0)
(59.923932 0.04007389 0)
(59.522477 0.037219095 0)
(59.139275 0.034621561 0)
(58.773317 0.032257405 0)
(58.422682 0.030088132 0)
(58.085855 0.028107791 0)
(57.762392 0.026294382 0)
(57.450372 0.024614801 0)
(57.148718 0.023072747 0)
(56.856586 0.021647416 0)
(56.573358 0.020322929 0)
(56.297691 0.019103642 0)
(56.029431 0.01796411 0)
(55.768349 0.016903091 0)
(55.513443 0.015920009 0)
(55.264864 0.01500068 0)
(55.021961 0.014144623 0)
(54.784432 0.013343403 0)
(54.552164 0.012595904 0)
(54.324569 0.01189388 0)
(54.101752 0.011237491 0)
(53.883081 0.010624049 0)
(53.66866 0.010046723 0)
(53.458011 0.0095061589 0)
(53.251156 0.0089986788 0)
(53.04773 0.008520133 0)
(52.847754 0.0080709389 0)
(52.650863 0.0076472465 0)
(52.457162 0.007248806 0)
(52.26621 0.0068728813 0)
(52.078227 0.0065194288 0)
(51.892682 0.006184479 0)
(51.709955 0.0058696709 0)
(51.52937 0.005570959 0)
(51.351492 0.0052898882 0)
(51.175472 0.0050235517 0)
(51.002056 0.0047721891 0)
(50.830259 0.0045334835 0)
(50.661013 0.0043088663 0)
(50.493097 0.0040946018 0)
(50.327757 0.0038934536 0)
(50.163435 0.003701209 0)
(50.001739 0.0035205355 0)
(49.840777 0.0033479958 0)
(49.682463 0.003186974 0)
(49.524599 0.0030332216 0)
(49.369134 0.0028777211 0)
(49.215574 0.0028141401 0)
(49.054303 0.0024473639 0)
(48.930595 0.0030142413 0)
(48.686534 0.0019951646 0)
(68.502003 0.14537964 0)
(68.531625 0.21573288 0)
(68.59609 0.25106457 0)
(68.663029 0.24613473 0)
(68.706046 0.21668806 0)
(68.719007 0.18564225 0)
(68.713456 0.16845726 0)
(68.705623 0.16569059 0)
(68.70431 0.16961612 0)
(68.709324 0.17396844 0)
(68.717099 0.17649247 0)
(68.725112 0.1772959 0)
(68.7326 0.17703071 0)
(68.739625 0.17613916 0)
(68.74628 0.17473203 0)
(68.752486 0.17290826 0)
(68.758157 0.17083179 0)
(68.763338 0.16867212 0)
(68.768133 0.16645339 0)
(68.772577 0.16416886 0)
(68.776658 0.16186422 0)
(68.780348 0.15953545 0)
(68.783608 0.15726993 0)
(68.786444 0.15509051 0)
(68.788777 0.15296979 0)
(68.790423 0.15090352 0)
(68.790752 0.14886036 0)
(68.78842 0.14687583 0)
(68.779208 0.14496199 0)
(68.752821 0.14293359 0)
(68.685292 0.14035884 0)
(68.529781 0.13661256 0)
(68.238723 0.13093056 0)
(67.791558 0.12352287 0)
(67.248707 0.11530584 0)
(66.663553 0.10665972 0)
(66.059459 0.098368777 0)
(65.451667 0.090714064 0)
(64.843505 0.083601413 0)
(64.237838 0.076912373 0)
(63.650331 0.070672922 0)
(63.083533 0.065008906 0)
(62.54105 0.05983939 0)
(62.025452 0.055161763 0)
(61.534891 0.050933163 0)
(61.069663 0.047104372 0)
(60.627556 0.043638328 0)
(60.20708 0.040489193 0)
(59.806661 0.037631162 0)
(59.424599 0.035023762 0)
(59.059084 0.032646336 0)
(58.709394 0.030474493 0)
(58.37357 0.028478049 0)
(58.050606 0.026651673 0)
(57.73969 0.024969508 0)
(57.439219 0.023411823 0)
(57.148203 0.021981254 0)
(56.865995 0.02064901 0)
(56.591859 0.019414369 0)
(56.324569 0.01826964 0)
(56.064449 0.017199604 0)
(55.810609 0.016205911 0)
(55.562781 0.015276089 0)
(55.32081 0.014409939 0)
(55.083995 0.013597762 0)
(54.85249 0.012839055 0)
(54.625546 0.012130809 0)
(54.403295 0.011465029 0)
(54.185176 0.010842225 0)
(53.971242 0.010257928 0)
(53.761051 0.0097077186 0)
(53.554632 0.0091915474 0)
(53.351586 0.0087051549 0)
(53.152001 0.0082481173 0)
(52.955417 0.0078172292 0)
(52.76204 0.0074123523 0)
(52.571319 0.0070290173 0)
(52.383624 0.0066688907 0)
(52.198263 0.006327462 0)
(52.015792 0.0060063462 0)
(51.835346 0.0057022566 0)
(51.657667 0.0054154017 0)
(51.481754 0.0051431562 0)
(51.308536 0.0048870748 0)
(51.136779 0.0046429621 0)
(50.967724 0.00441383 0)
(50.799804 0.0041950087 0)
(50.63462 0.0039893644 0)
(50.47028 0.0037931544 0)
(50.308674 0.0036098758 0)
(50.147644 0.0034353728 0)
(49.989031 0.0032582528 0)
(49.832556 0.0031857102 0)
(49.668188 0.0027714812 0)
(49.541915 0.0034117125 0)
(49.293602 0.0022553906 0)
(68.509442 0.14381874 0)
(68.537103 0.21063749 0)
(68.597742 0.24513643 0)
(68.661552 0.24157825 0)
(68.703376 0.21449337 0)
(68.716903 0.18531442 0)
(68.712587 0.16878705 0)
(68.705642 0.16586073 0)
(68.704622 0.16943605 0)
(68.709581 0.17354579 0)
(68.717221 0.17598027 0)
(68.725128 0.17679065 0)
(68.732548 0.1765658 0)
(68.739519 0.17571697 0)
(68.746118 0.1743541 0)
(68.752262 0.17257483 0)
(68.757869 0.17053924 0)
(68.762976 0.16841237 0)
(68.767693 0.16622243 0)
(68.772059 0.16396452 0)
(68.776081 0.16168453 0)
(68.779748 0.15938198 0)
(68.783052 0.15714012 0)
(68.786032 0.15498478 0)
(68.788696 0.15289046 0)
(68.791007 0.15084734 0)
(68.792838 0.14882403 0)
(68.793984 0.1468613 0)
(68.793906 0.14496818 0)
(68.791444 0.14313742 0)
(68.783162 0.14134734 0)
(68.759826 0.1394755 0)
(68.7009 0.13711152 0)
(68.561567 0.13371961 0)
(68.294004 0.12857002 0)
(67.876045 0.12163338 0)
(67.356049 0.11377475 0)
(66.792424 0.10555615 0)
(66.210039 0.097594047 0)
(65.620159 0.090176407 0)
(65.031394 0.083280623 0)
(64.439454 0.07677723 0)
(63.862332 0.070659477 0)
(63.303384 0.065074105 0)
(62.766441 0.059956635 0)
(62.255053 0.055317882 0)
(61.767863 0.05111774 0)
(61.305226 0.047304408 0)
(60.865259 0.043853651 0)
(60.446813 0.040715485 0)
(60.047895 0.037860849 0)
(59.667368 0.035260046 0)
(59.303425 0.032881462 0)
(58.954741 0.030708058 0)
(58.620368 0.028714045 0)
(58.298505 0.02687934 0)
(57.988686 0.025199508 0)
(57.68961 0.02364101 0)
(57.400021 0.022201233 0)
(57.119073 0.020869651 0)
(56.846304 0.019630631 0)
(56.580483 0.018481887 0)
(56.321426 0.017406538 0)
(56.068895 0.016406859 0)
(55.822082 0.015470848 0)
(55.581186 0.014597201 0)
(55.345313 0.013782858 0)
(55.114646 0.013018158 0)
(54.888518 0.01230359 0)
(54.667017 0.011633736 0)
(54.449607 0.011003896 0)
(54.23634 0.010413371 0)
(54.026765 0.0098575351 0)
(53.820959 0.0093356863 0)
(53.618432 0.008844098 0)
(53.419381 0.0083825101 0)
(53.223224 0.0079458973 0)
(53.030331 0.0075359246 0)
(52.839981 0.0071475818 0)
(52.652726 0.006782534 0)
(52.467679 0.0064370764 0)
(52.285582 0.0061113716 0)
(52.10541 0.0058024552 0)
(51.928097 0.0055120049 0)
(51.75238 0.0052353257 0)
(51.579513 0.004975681 0)
(51.407901 0.0047279196 0)
(51.239154 0.0044950912 0)
(51.07136 0.0042731531 0)
(50.906408 0.0040656598 0)
(50.742154 0.0038686657 0)
(50.580355 0.0036680398 0)
(50.42092 0.0035856272 0)
(50.253436 0.0031205856 0)
(50.124562 0.0038392703 0)
(49.871976 0.0025349791 0)
(68.516842 0.14228953 0)
(68.542646 0.20555456 0)
(68.599511 0.23918766 0)
(68.66017 0.23696547 0)
(68.700755 0.21220512 0)
(68.714797 0.18489523 0)
(68.711686 0.16905613 0)
(68.705635 0.16599423 0)
(68.70492 0.16923205 0)
(68.709837 0.17310352 0)
(68.717349 0.17544755 0)
(68.725155 0.17626315 0)
(68.732513 0.17607878 0)
(68.73944 0.17527429 0)
(68.746 0.17395791 0)
(68.752111 0.17222564 0)
(68.757685 0.17023346 0)
(68.762759 0.16814175 0)
(68.767431 0.16598254 0)
(68.771749 0.16375278 0)
(68.775721 0.16149747 0)
(68.779347 0.15921926 0)
(68.782632 0.15699799 0)
(68.785631 0.15486139 0)
(68.788377 0.15278631 0)
(68.79087 0.15076279 0)
(68.793061 0.14876442 0)
(68.794887 0.14682564 0)
(68.796247 0.14495187 0)
(68.796989 0.14313952 0)
(68.796614 0.14138047 0)
(68.794032 0.13965017 0)
(68.786239 0.1379525 0)
(68.764864 0.13622201 0)
(68.710824 0.13406419 0)
(68.582921 0.13091575 0)
(68.331764 0.12612971 0)
(67.934633 0.11956742 0)
(67.431827 0.1120162 0)
(66.885641 0.10416138 0)
(66.32242 0.096501115 0)
(65.749114 0.089336121 0)
(65.177558 0.082667955 0)
(64.598754 0.076344022 0)
(64.032006 0.070354983 0)
(63.481047 0.064869346 0)
(62.950267 0.059827533 0)
(62.443735 0.055241893 0)
(61.960485 0.051086362 0)
(61.501277 0.047309885 0)
(61.064192 0.043884415 0)
(60.648304 0.040769291 0)
(60.251855 0.03793178 0)
(59.873295 0.035343789 0)
(59.511413 0.032978683 0)
(59.164423 0.030810623 0)
(58.831575 0.028826999 0)
(58.511553 0.026997897 0)
(58.202955 0.025316066 0)
(57.905438 0.023765656 0)
(57.617487 0.022327488 0)
(57.33813 0.020998255 0)
(57.066756 0.019758315 0)
(56.802662 0.018609113 0)
(56.544931 0.01753327 0)
(56.293821 0.016530369 0)
(56.048242 0.015597041 0)
(55.808474 0.014721328 0)
(55.573699 0.013904146 0)
(55.344053 0.013138723 0)
(55.118894 0.012420183 0)
(54.898296 0.011746934 0)
(54.681747 0.011114015 0)
(54.469316 0.010520334 0)
(54.260473 0.0099615816 0)
(54.055413 0.0094373429 0)
(53.853508 0.0089419656 0)
(53.655138 0.008477078 0)
(53.459536 0.0080371361 0)
(53.267267 0.0076238242 0)
(53.0774 0.0072329783 0)
(52.890694 0.0068646967 0)
(52.70608 0.0065156402 0)
(52.524516 0.0061876095 0)
(52.344686 0.0058753619 0)
(52.167883 0.0055824184 0)
(51.99245 0.0053031166 0)
(51.82004 0.0050406721 0)
(51.648689 0.0047907489 0)
(51.48031 0.0045568956 0)
(51.312748 0.004335506 0)
(51.147702 0.0041093163 0)
(50.985239 0.0040160199 0)
(50.8146 0.0034965631 0)
(50.683067 0.0042991391 0)
(50.426154 0.0028353357 0)
(68.524192 0.14079243 0)
(68.548231 0.20050343 0)
(68.601386 0.23323038 0)
(68.658905 0.23230322 0)
(68.698208 0.20982352 0)
(68.712709 0.18437901 0)
(68.710773 0.16925844 0)
(68.705613 0.16608704 0)
(68.705215 0.16900147 0)
(68.710094 0.17264008 0)
(68.717478 0.17489313 0)
(68.725183 0.17571234 0)
(68.73248 0.17556832 0)
(68.739367 0.17480948 0)
(68.745896 0.17354151 0)
(68.751982 0.17185848 0)
(68.757541 0.16991196 0)
(68.762599 0.16785767 0)
(68.767253 0.16573122 0)
(68.771546 0.16353152 0)
(68.77549 0.16130237 0)
(68.779086 0.15904955 0)
(68.782347 0.15684904 0)
(68.78533 0.15472976 0)
(68.788083 0.15267053 0)
(68.790619 0.15066236 0)
(68.792918 0.1486819 0)
(68.794949 0.14676097 0)
(68.796693 0.14490755 0)
(68.798121 0.14311761 0)
(68.799131 0.1413787 0)
(68.799548 0.13966558 0)
(68.798886 0.13800504 0)
(68.796126 0.13639205 0)
(68.788474 0.1348089 0)
(68.768217 0.13317766 0)
(68.717084 0.13116291 0)
(68.596221 0.12819394 0)
(68.354693 0.12367603 0)
(67.971026 0.11738132 0)
(67.480407 0.11005803 0)
(66.948845 0.10253513 0)
(66.402266 0.095175862 0)
(65.844064 0.088254259 0)
(65.28768 0.081799471 0)
(64.72122 0.075659117 0)
(64.164328 0.069813115 0)
(63.621446 0.064432886 0)
(63.097299 0.059479852 0)
(62.596293 0.054966928 0)
(62.117744 0.050866788 0)
(61.662582 0.047137877 0)
(61.229216 0.043751951 0)
(60.816506 0.04066896 0)
(60.423028 0.03786156 0)
(60.047091 0.035295586 0)
(59.687505 0.032951864 0)
(59.342955 0.030801289 0)
(59.011924 0.028828006 0)
(58.693869 0.027012889 0)
(58.387192 0.025339518 0)
(58.09136 0.0237988 0)
(57.80519 0.02236645 0)
(57.527643 0.021042423 0)
(57.257919 0.019806875 0)
(56.995634 0.018659939 0)
(56.739442 0.017592582 0)
(56.489775 0.016592031 0)
(56.245605 0.01565991 0)
(56.007137 0.014787407 0)
(55.773611 0.013969821 0)
(55.545115 0.013204288 0)
(55.321071 0.012485592 0)
(55.101541 0.011812113 0)
(54.885947 0.011178877 0)
(54.674481 0.010585295 0)
(54.466458 0.010024967 0)
(54.26228 0.0094994717 0)
(54.061116 0.0090026837 0)
(53.863556 0.00853626 0)
(53.668607 0.008095541 0)
(53.477062 0.0076805302 0)
(53.287785 0.0072874781 0)
(53.101779 0.006918304 0)
(52.917652 0.0065671628 0)
(52.736754 0.0062378415 0)
(52.557344 0.0059241294 0)
(52.381142 0.0056293888 0)
(52.206102 0.0053489982 0)
(52.034194 0.0050864275 0)
(51.863212 0.0048385531 0)
(51.694839 0.0045845493 0)
(51.529254 0.0044792369 0)
(51.355397 0.0039014905 0)
(51.221134 0.0047937656 0)
(50.95981 0.0031580044 0)
(68.531469 0.13932617 0)
(68.553853 0.19550381 0)
(68.603392 0.22727859 0)
(68.65776 0.22759839 0)
(68.695736 0.20734916 0)
(68.710635 0.18376043 0)
(68.709834 0.16938783 0)
(68.705565 0.16613503 0)
(68.705496 0.16874154 0)
(68.710349 0.17215363 0)
(68.717612 0.17431597 0)
(68.725216 0.1751372 0)
(68.732449 0.17503328 0)
(68.739294 0.17432131 0)
(68.745792 0.17310357 0)
(68.751857 0.17147184 0)
(68.757405 0.16957314 0)
(68.762459 0.16755837 0)
(68.767106 0.16546664 0)
(68.77139 0.16329887 0)
(68.775322 0.16109758 0)
(68.778905 0.15887162 0)
(68.782152 0.15669303 0)
(68.78512 0.15459168 0)
(68.787862 0.1525483 0)
(68.790398 0.1505545 0)
(68.79272 0.14858876 0)
(68.794813 0.14668154 0)
(68.796682 0.1448425 0)
(68.798331 0.14306815 0)
(68.799737 0.14134656 0)
(68.800844 0.13965526 0)
(68.801529 0.13801565 0)
(68.801631 0.13641881 0)
(68.8007 0.13487254 0)
(68.797738 0.13335663 0)
(68.790037 0.13185566 0)
(68.770254 0.13030922 0)
(68.720295 0.12841674 0)
(68.602633 0.12555963 0)
(68.36472 0.12119901 0)
(67.987987 0.11509902 0)
(67.505877 0.1079726 0)
(66.986647 0.10073383 0)
(66.454417 0.093652156 0)
(65.90989 0.08698194 0)
(65.366001 0.080730084 0)
(64.811095 0.074756814 0)
(64.263979 0.069058757 0)
(63.72931 0.063798948 0)
(63.21225 0.05894281 0)
(62.717267 0.054512101 0)
(62.244087 0.050481308 0)
(61.793549 0.046810709 0)
(61.364373 0.043476849 0)
(60.955437 0.040436301 0)
(60.565294 0.037666011 0)
(60.192607 0.035133171 0)
(59.835783 0.032814466 0)
(59.493857 0.030687595 0)
(59.165332 0.028733847 0)
(58.849482 0.026937889 0)
(58.545068 0.025277211 0)
(58.251102 0.02374834 0)
(57.966947 0.022327221 0)
(57.691377 0.021011252 0)
(57.423511 0.019789867 0)
(57.163021 0.018650237 0)
(56.908585 0.017589188 0)
(56.660511 0.016596418 0)
(56.417898 0.01566802 0)
(56.180843 0.014799269 0)
(55.948702 0.013984872 0)
(55.721517 0.013222514 0)
(55.498666 0.012506476 0)
(55.280328 0.011835955 0)
(55.065762 0.011203682 0)
(54.855388 0.010611176 0)
(54.648296 0.010051628 0)
(54.445122 0.0095266529 0)
(54.244782 0.0090310387 0)
(54.048128 0.0085646565 0)
(53.853927 0.0081233112 0)
(53.663252 0.0077090265 0)
(53.474604 0.0073152981 0)
(53.289425 0.0069461855 0)
(53.105849 0.0065948867 0)
(52.9257 0.0062648879 0)
(52.746809 0.0059512919 0)
(52.571245 0.0056574066 0)
(52.396708 0.0053807488 0)
(52.224905 0.0050964637 0)
(52.056082 0.0049778699 0)
(51.878926 0.0043376558 0)
(51.741841 0.0053258422 0)
(51.475993 0.0035046808 0)
(68.538664 0.13788773 0)
(68.559488 0.19057499 0)
(68.605505 0.22134732 0)
(68.656754 0.22285846 0)
(68.693363 0.20478347 0)
(68.708597 0.18303465 0)
(68.70889 0.169438 0)
(68.705502 0.1661338 0)
(68.70577 0.16844928 0)
(68.710605 0.1716423 0)
(68.717746 0.17371482 0)
(68.725249 0.17453676 0)
(68.732419 0.17447267 0)
(68.739221 0.17380874 0)
(68.745687 0.17264295 0)
(68.751731 0.17106457 0)
(68.75727 0.16921574 0)
(68.76232 0.16724257 0)
(68.766965 0.16518747 0)
(68.771247 0.16305346 0)
(68.775178 0.16088175 0)
(68.778758 0.15868415 0)
(68.782002 0.15652883 0)
(68.784965 0.15444649 0)
(68.787699 0.15241985 0)
(68.790229 0.15044081 0)
(68.792549 0.14848969 0)
(68.794655 0.14659535 0)
(68.79656 0.14476813 0)
(68.798282 0.14300496 0)
(68.799824 0.14129529 0)
(68.801162 0.1396188 0)
(68.80225 0.13799495 0)
(68.803047 0.1364178 0)
(68.803451 0.13489248 0)
(68.803289 0.1333938 0)
(68.802105 0.13192729 0)
(68.798895 0.13049915 0)
(68.790971 0.12908772 0)
(68.771104 0.127608 0)
(68.720778 0.12579095 0)
(68.602649 0.12299882 0)
(68.363166 0.11872444 0)
(67.987961 0.11274106 0)
(67.511594 0.10577466 0)
(67.002893 0.098803414 0)
(66.482796 0.091991185 0)
(65.950285 0.085545322 0)
(65.417557 0.079483219 0)
(64.873126 0.073676081 0)
(64.335538 0.068124441 0)
(63.809038 0.062990815 0)
(63.299251 0.058243474 0)
(62.810551 0.053904444 0)
(62.3431 0.049954134 0)
(61.897691 0.046351799 0)
(61.473139 0.043076233 0)
(61.068503 0.040088274 0)
(60.682244 0.037360683 0)
(60.313092 0.034865985 0)
(59.959582 0.032580667 0)
(59.620634 0.030484513 0)
(59.295007 0.028554339 0)
(58.981587 0.026780427 0)
(58.679662 0.025137822 0)
(58.387833 0.023623822 0)
(58.105896 0.022223479 0)
(57.832504 0.020921134 0)
(57.566621 0.019711745 0)
(57.308039 0.018584468 0)
(57.055501 0.01753217 0)
(56.809125 0.016547674 0)
(56.568191 0.01562631 0)
(56.332709 0.014764709 0)
(56.102016 0.013956368 0)
(55.876264 0.013200275 0)
(55.654666 0.012488107 0)
(55.437642 0.011821334 0)
(55.224205 0.011192345 0)
(55.015039 0.010602705 0)
(54.80895 0.010046539 0)
(54.606872 0.0095235882 0)
(54.40744 0.009029136 0)
(54.211834 0.0085653104 0)
(54.018405 0.0081248798 0)
(53.828725 0.0077121783 0)
(53.640758 0.0073197684 0)
(53.456481 0.0069512257 0)
(53.273548 0.0066013976 0)
(53.094177 0.0062733279 0)
(52.915919 0.0059653508 0)
(52.740564 0.0056480728 0)
(52.568362 0.0055147821 0)
(52.387803 0.0048075815 0)
(52.247788 0.0058983336 0)
(51.977275 0.0038772275 0)
(68.545757 0.13647282 0)
(68.56513 0.18573533 0)
(68.607749 0.21545313 0)
(68.655894 0.21809148 0)
(68.691093 0.20212821 0)
(68.706595 0.18219733 0)
(68.70793 0.16940266 0)
(68.705415 0.16607884 0)
(68.706032 0.16812166 0)
(68.710858 0.17110394 0)
(68.717885 0.17308839 0)
(68.725288 0.17390998 0)
(68.732391 0.17388544 0)
(68.739148 0.17327068 0)
(68.745579 0.17215861 0)
(68.751601 0.17063557 0)
(68.757129 0.16883872 0)
(68.762178 0.16690923 0)
(68.766822 0.16489266 0)
(68.771105 0.16279424 0)
(68.775037 0.16065382 0)
(68.77862 0.15848608 0)
(68.781868 0.15635545 0)
(68.784834 0.15429331 0)
(68.787568 0.15228445 0)
(68.790094 0.15032101 0)
(68.792413 0.14838517 0)
(68.794519 0.14650403 0)
(68.796432 0.14468841 0)
(68.798174 0.14293554 0)
(68.799759 0.14123567 0)
(68.801177 0.13956967 0)
(68.802408 0.13795642 0)
(68.803443 0.1363922 0)
(68.804257 0.13488111 0)
(68.804801 0.13340051 0)
(68.804957 0.13195481 0)
(68.804538 0.13054507 0)
(68.803104 0.12916607 0)
(68.799628 0.12781197 0)
(68.791316 0.12646822 0)
(68.770778 0.12505041 0)
(68.718586 0.12328471 0)
(68.596551 0.12049868 0)
(68.350937 0.11623428 0)
(67.972794 0.11032856 0)
(67.500839 0.10351907 0)
(67.000829 0.096768848 0)
(66.491005 0.090203306 0)
(65.968889 0.083970917 0)
(65.446363 0.078089508 0)
(64.911382 0.072446451 0)
(64.382421 0.067044934 0)
(63.863823 0.062038289 0)
(63.361408 0.057407436 0)
(62.879303 0.053167735 0)
(62.41799 0.049303077 0)
(61.978144 0.045777906 0)
(61.558757 0.042566713 0)
(61.158779 0.039636344 0)
(60.776844 0.036959166 0)
(60.411621 0.034509932 0)
(60.061814 0.032262329 0)
(59.726125 0.030200616 0)
(59.403624 0.028298963 0)
(59.092908 0.026549919 0)
(58.793659 0.024934899 0)
(58.504464 0.023441926 0)
(58.224771 0.022060383 0)
(57.95366 0.020776449 0)
(57.689916 0.019581428 0)
(57.433344 0.018467087 0)
(57.182809 0.017426419 0)
(56.938292 0.016453694 0)
(56.699083 0.01554229 0)
(56.465294 0.014690779 0)
(56.236099 0.01388964 0)
(56.011897 0.013140373 0)
(55.791644 0.012434359 0)
(55.57604 0.011773131 0)
(55.363799 0.011150029 0)
(55.155926 0.010564671 0)
(54.950916 0.010011695 0)
(54.750072 0.0094933799 0)
(54.551559 0.0090016342 0)
(54.357125 0.0085411119 0)
(54.164504 0.0081036657 0)
(53.97589 0.0076929235 0)
(53.788688 0.0073035089 0)
(53.605337 0.0069380735 0)
(53.423163 0.0065959723 0)
(53.244112 0.006242714 0)
(53.068363 0.0060931409 0)
(52.88428 0.0053140527 0)
(52.741206 0.0065145081 0)
(52.465858 0.0042776921 0)
(68.552743 0.13507629 0)
(68.570756 0.18100164 0)
(68.610101 0.20961355 0)
(68.655193 0.21330618 0)
(68.688949 0.19938601 0)
(68.70465 0.18124494 0)
(68.706973 0.16927542 0)
(68.705313 0.16596538 0)
(68.706284 0.16775549 0)
(68.71111 0.17053642 0)
(68.718025 0.17243524 0)
(68.725329 0.17325578 0)
(68.732365 0.17327052 0)
(68.739075 0.17270608 0)
(68.74547 0.17164943 0)
(68.751468 0.17018378 0)
(68.756985 0.168441 0)
(68.76203 0.16655736 0)
(68.766675 0.16458129 0)
(68.770959 0.16252029 0)
(68.774894 0.16041291 0)
(68.778482 0.15827654 0)
(68.781737 0.15617204 0)
(68.784709 0.15413137 0)
(68.787447 0.15214138 0)
(68.789976 0.15019454 0)
(68.792296 0.14827481 0)
(68.794403 0.14640753 0)
(68.796318 0.14460397 0)
(68.798066 0.14286163 0)
(68.799662 0.14117129 0)
(68.801105 0.13951489 0)
(68.802385 0.13791039 0)
(68.803506 0.136355 0)
(68.804466 0.13485282 0)
(68.805254 0.13338387 0)
(68.805827 0.13195189 0)
(68.80613 0.13055869 0)
(68.806059 0.12919974 0)
(68.805417 0.12786499 0)
(68.803735 0.12655316 0)
(68.799946 0.12527163 0)
(68.791065 0.12399506 0)
(68.769256 0.12261778 0)
(68.713648 0.12086342 0)
(68.584278 0.1180476 0)
(68.328609 0.11374079 0)
(67.944387 0.1078588 0)
(67.475146 0.10119319 0)
(66.982489 0.094653621 0)
(66.481613 0.088310163 0)
(65.968811 0.082291244 0)
(65.454391 0.076581894 0)
(64.928194 0.071091391 0)
(64.407394 0.065841917 0)
(63.896622 0.060964008 0)
(63.401776 0.056452556 0)
(62.926526 0.052319059 0)
(62.471773 0.048545506 0)
(62.037828 0.045102714 0)
(61.623966 0.041962921 0)
(61.229013 0.039097028 0)
(60.851768 0.036474723 0)
(60.490788 0.034075245 0)
(60.144917 0.031870045 0)
(59.812736 0.02984553 0)
(59.493532 0.02798044 0)
(59.186038 0.026262302 0)
(58.889567 0.024675136 0)
(58.603123 0.02320738 0)
(58.325847 0.021846819 0)
(58.057117 0.020581764 0)
(57.795652 0.019403622 0)
(57.541253 0.018306057 0)
(57.292752 0.017279914 0)
(57.050211 0.016321704 0)
(56.812768 0.015421324 0)
(56.580785 0.014580194 0)
(56.353169 0.013788508 0)
(56.130616 0.013047849 0)
(55.911766 0.012350571 0)
(55.697666 0.011696206 0)
(55.486686 0.011078597 0)
(55.280245 0.01050024 0)
(55.076307 0.0099519904 0)
(54.876824 0.0094389299 0)
(54.67925 0.008952048 0)
(54.486055 0.0084950363 0)
(54.294324 0.0080623007 0)
(54.106791 0.0076559661 0)
(53.920476 0.0072766289 0)
(53.737564 0.0068840891 0)
(53.558071 0.0067164569 0)
(53.370319 0.0058601479 0)
(53.224038 0.0071779731 0)
(52.943656 0.0047083288 0)
(68.559603 0.13369271 0)
(68.576356 0.17638872 0)
(68.612578 0.20384701 0)
(68.65466 0.20851214 0)
(68.686935 0.19655997 0)
(68.702763 0.18017466 0)
(68.706014 0.16905002 0)
(68.705191 0.1657886 0)
(68.706524 0.1673475 0)
(68.71136 0.16993729 0)
(68.71817 0.17175384 0)
(68.725375 0.17257302 0)
(68.732342 0.1726268 0)
(68.739002 0.17211379 0)
(68.745359 0.17111432 0)
(68.751331 0.16970808 0)
(68.756836 0.16802154 0)
(68.761878 0.16618597 0)
(68.766521 0.16425242 0)
(68.770807 0.16223076 0)
(68.774745 0.16015822 0)
(68.778339 0.15805476 0)
(68.781602 0.15597787 0)
(68.784582 0.15395995 0)
(68.787327 0.15198998 0)
(68.789861 0.15006079 0)
(68.792185 0.14815809 0)
(68.794297 0.14630549 0)
(68.796216 0.14451465 0)
(68.797967 0.14278335 0)
(68.799567 0.14110289 0)
(68.801017 0.13945623 0)
(68.802313 0.13786022 0)
(68.803462 0.13631275 0)
(68.804474 0.1348177 0)
(68.80535 0.13335657 0)
(68.806073 0.13193288 0)
(68.806626 0.1305499 0)
(68.806979 0.12920374 0)
(68.807077 0.12788445 0)
(68.806801 0.1265922 0)
(68.805949 0.1253304 0)
(68.804021 0.12408674 0)
(68.799875 0.12286082 0)
(68.790208 0.12163564 0)
(68.766452 0.12029375 0)
(68.70567 0.11852124 0)
(68.565768 0.11562604 0)
(68.29625 0.11123186 0)
(67.903546 0.1053407 0)
(67.435695 0.098800697 0)
(66.949696 0.092479256 0)
(66.4565 0.086350659 0)
(65.952032 0.080527967 0)
(65.444303 0.074978025 0)
(64.926341 0.069631037 0)
(64.413388 0.064532296 0)
(63.910341 0.059786108 0)
(63.423184 0.055397545 0)
(62.954953 0.051374445 0)
(62.507016 0.047697882 0)
(62.07925 0.044343434 0)
(61.671237 0.04127904 0)
(61.281617 0.03848218 0)
(60.909277 0.03591936 0)
(60.552777 0.033572238 0)
(60.211011 0.031415706 0)
(59.882765 0.029434158 0)
(59.567036 0.027607812 0)
(59.262876 0.025924186 0)
(58.969355 0.024366838 0)
(58.685763 0.022924707 0)
(58.411093 0.021587274 0)
(58.144907 0.020345123 0)
(57.885788 0.019186831 0)
(57.633675 0.018108745 0)
(57.387238 0.017098016 0)
(57.146785 0.01615431 0)
(56.911179 0.015267173 0)
(56.681095 0.014438166 0)
(56.455108 0.01365847 0)
(56.234285 0.012927625 0)
(56.016893 0.01223846 0)
(55.804434 0.011593798 0)
(55.594694 0.010983193 0)
(55.389812 0.010412312 0)
(55.186952 0.0098710482 0)
(54.988893 0.0093632305 0)
(54.792338 0.0088829963 0)
(54.600391 0.0084318322 0)
(54.409674 0.0080117925 0)
(54.22271 0.0075763135 0)
(54.039249 0.0073886285 0)
(53.84766 0.0064492763 0)
(53.698006 0.0078927158 0)
(53.412358 0.0051716242 0)
(68.566336 0.13231642 0)
(68.58191 0.1719091 0)
(68.615156 0.19817225 0)
(68.654304 0.2037199 0)
(68.685074 0.19365396 0)
(68.700954 0.17898461 0)
(68.70507 0.16872068 0)
(68.705056 0.16554372 0)
(68.706754 0.16689414 0)
(68.711607 0.16930379 0)
(68.718315 0.17104245 0)
(68.725424 0.17186051 0)
(68.732321 0.17195315 0)
(68.738931 0.17149271 0)
(68.745248 0.17055213 0)
(68.751193 0.16920736 0)
(68.756684 0.16757924 0)
(68.761721 0.16579406 0)
(68.766363 0.16390512 0)
(68.770649 0.16192476 0)
(68.77459 0.15988894 0)
(68.77819 0.15781999 0)
(68.781462 0.15577225 0)
(68.784451 0.15377842 0)
(68.787203 0.15182967 0)
(68.789744 0.14991921 0)
(68.792074 0.14803449 0)
(68.794192 0.14619745 0)
(68.796117 0.1444201 0)
(68.797872 0.14270049 0)
(68.799476 0.14103045 0)
(68.80093 0.13939397 0)
(68.802232 0.13780669 0)
(68.803391 0.13626721 0)
(68.80442 0.13477903 0)
(68.805326 0.1333248 0)
(68.806102 0.13190761 0)
(68.806744 0.13053123 0)
(68.80725 0.12919231 0)
(68.807603 0.12788229 0)
(68.807762 0.1266023 0)
(68.807673 0.12535479 0)
(68.807217 0.12412996 0)
(68.806177 0.12292444 0)
(68.803993 0.12173513 0)
(68.799418 0.12056547 0)
(68.788699 0.1193871 0)
(68.762258 0.11805963 0)
(68.694245 0.11623767 0)
(68.540395 0.11322203 0)
(68.253563 0.1086939 0)
(67.850636 0.1027853 0)
(67.384649 0.096384276 0)
(66.904472 0.090262905 0)
(66.417554 0.084332123 0)
(65.920811 0.078689824 0)
(65.418757 0.073291842 0)
(64.908432 0.068085045 0)
(64.402895 0.063136116 0)
(63.907424 0.058522276 0)
(63.427997 0.05426029 0)
(62.966908 0.050351821 0)
(62.526012 0.046775016 0)
(62.104683 0.043513398 0)
(61.702663 0.040528657 0)
(61.318636 0.037802693 0)
(60.951373 0.035304525 0)
(60.599654 0.03301508 0)
(60.262175 0.030910498 0)
(59.937969 0.028975151 0)
(59.62588 0.027189207 0)
(59.325157 0.025540145 0)
(59.034768 0.024014157 0)
(58.754186 0.02260202 0)
(58.482239 0.021290753 0)
(58.21872 0.020074059 0)
(57.962 0.018936406 0)
(57.712288 0.017877605 0)
(57.467973 0.016884435 0)
(57.229694 0.015956905 0)
(56.995965 0.015085484 0)
(56.767856 0.014269659 0)
(56.543545 0.013501079 0)
(56.324587 0.012783018 0)
(56.10862 0.012103438 0)
(55.89793 0.011468793 0)
(55.689419 0.010867558 0)
(55.486159 0.010303871 0)
(55.284455 0.0097714444 0)
(55.08782 0.0092710707 0)
(54.892413 0.0088064572 0)
(54.701171 0.0083239743 0)
(54.513493 0.0081139943 0)
(54.317866 0.0070852206 0)
(54.164656 0.0086631464 0)
(53.873475 0.0056703297 0)
(68.572927 0.13094201 0)
(68.587411 0.16757285 0)
(68.617847 0.19260797 0)
(68.654135 0.19894103 0)
(68.683372 0.19067243 0)
(68.699229 0.17767349 0)
(68.704139 0.16828231 0)
(68.704907 0.16522559 0)
(68.706972 0.16639175 0)
(68.711854 0.16863327 0)
(68.718466 0.17029923 0)
(68.725478 0.17111692 0)
(68.732305 0.1712484 0)
(68.73886 0.17084162 0)
(68.745136 0.16996169 0)
(68.751052 0.16868043 0)
(68.756528 0.16711297 0)
(68.761558 0.16538054 0)
(68.766198 0.16353841 0)
(68.770485 0.16160138 0)
(68.774429 0.15960425 0)
(68.778034 0.15757146 0)
(68.781315 0.15555448 0)
(68.784313 0.15358615 0)
(68.787074 0.15165986 0)
(68.789621 0.14976927 0)
(68.791958 0.14790354 0)
(68.794084 0.14608298 0)
(68.796016 0.14431991 0)
(68.797777 0.14261272 0)
(68.799386 0.14095374 0)
(68.800845 0.13932799 0)
(68.802151 0.13774989 0)
(68.803315 0.13621874 0)
(68.804351 0.13473762 0)
(68.805267 0.13329029 0)
(68.806061 0.13187935 0)
(68.806735 0.13050864 0)
(68.807294 0.12917511 0)
(68.807737 0.12787092 0)
(68.80805 0.12659753 0)
(68.80822 0.12535815 0)
(68.808212 0.12414483 0)
(68.807967 0.1229531 0)
(68.807349 0.1217818 0)
(68.806128 0.12063336 0)
(68.803678 0.11949576 0)
(68.798593 0.11837004 0)
(68.78648 0.11723247 0)
(68.756432 0.11590544 0)
(68.678739 0.11399334 0)
(68.50703 0.11081724 0)
(68.200456 0.10612297 0)
(67.786852 0.10019625 0)
(67.322893 0.093941961 0)
(66.84846 0.088005937 0)
(66.366775 0.082264539 0)
(65.876938 0.076794478 0)
(65.379571 0.071541147 0)
(64.876431 0.066469807 0)
(64.377976 0.061670752 0)
(63.889988 0.057190729 0)
(63.418316 0.053055826 0)
(62.964519 0.049265954 0)
(62.530682 0.045791622 0)
(62.1161 0.042623294 0)
(61.720192 0.039723716 0)
(61.34191 0.037073266 0)
(60.979852 0.034643163 0)
(60.63301 0.03241405 0)
(60.299985 0.030362599 0)
(59.979926 0.028473087 0)
(59.671635 0.02672851 0)
(59.374498 0.025118374 0)
(59.087361 0.02362656 0)
(58.809921 0.022246993 0)
(58.540791 0.020962612 0)
(58.280055 0.019770936 0)
(58.025807 0.018656069 0)
(57.778575 0.017618232 0)
(57.536412 0.016644954 0)
(57.300379 0.015734474 0)
(57.068566 0.014877615 0)
(56.842565 0.014078084 0)
(56.619883 0.013322034 0)
(56.402917 0.012616893 0)
(56.188346 0.011949366 0)
(55.97949 0.01132413 0)
(55.772281 0.010734205 0)
(55.570635 0.010179742 0)
(55.370223 0.0096662101 0)
(55.174436 0.0091321921 0)
(54.982268 0.0088973941 0)
(54.782363 0.0077721877 0)
(54.625403 0.009494151 0)
(54.328378 0.0062075007 0)
(68.579377 0.12956481 0)
(68.59284 0.16338745 0)
(68.620628 0.18717214 0)
(68.654154 0.19418803 0)
(68.681847 0.18762081 0)
(68.697606 0.17624099 0)
(68.703238 0.16773037 0)
(68.704751 0.16482879 0)
(68.707181 0.1658366 0)
(68.712097 0.16792344 0)
(68.718618 0.16952228 0)
(68.725536 0.17034088 0)
(68.732291 0.17051136 0)
(68.738792 0.17015933 0)
(68.745025 0.16934177 0)
(68.75091 0.16812609 0)
(68.756368 0.16662155 0)
(68.761392 0.1649443 0)
(68.766029 0.16315125 0)
(68.770315 0.16125967 0)
(68.774262 0.15930326 0)
(68.777873 0.15730837 0)
(68.781162 0.15532383 0)
(68.784169 0.1533825 0)
(68.786939 0.15147997 0)
(68.789493 0.14961046 0)
(68.791838 0.14776474 0)
(68.793971 0.14596164 0)
(68.79591 0.1442137 0)
(68.797679 0.1425197 0)
(68.799294 0.14087245 0)
(68.800757 0.13925804 0)
(68.802069 0.13768966 0)
(68.803238 0.1361673 0)
(68.804278 0.1346936 0)
(68.805199 0.13325345 0)
(68.806 0.1318489 0)
(68.806685 0.13048384 0)
(68.807263 0.12915541 0)
(68.807736 0.12785615 0)
(68.808103 0.12658746 0)
(68.808363 0.12535282 0)
(68.808511 0.12414526 0)
(68.808529 0.12296109 0)
(68.808376 0.1218007 0)
(68.807992 0.12066549 0)
(68.807235 0.11954483 0)
(68.805847 0.11844216 0)
(68.803103 0.11735242 0)
(68.797396 0.11626807 0)
(68.78345 0.11516158 0)
(68.748551 0.11381457 0)
(68.658191 0.11176684 0)
(68.464813 0.10839771 0)
(68.13681 0.10350517 0)
(67.713667 0.097570118 0)
(67.251704 0.091484123 0)
(66.782496 0.085726396 0)
(66.305195 0.080161079 0)
(65.821765 0.074853096 0)
(65.328365 0.06973993 0)
(64.832088 0.064802476 0)
(64.340453 0.06015019 0)
(63.859932 0.055807141 0)
(63.395908 0.051798526 0)
(62.949704 0.048127367 0)
(62.52283 0.04476231 0)
(62.115004 0.041690066 0)
(61.725284 0.038878078 0)
(61.35285 0.036304681 0)
(60.996177 0.033943197 0)
(60.654322 0.031773707 0)
(60.325892 0.029775766 0)
(60.010122 0.027936202 0)
(59.705733 0.026235509 0)
(59.412309 0.024666696 0)
(59.128516 0.023209548 0)
(58.854335 0.021861989 0)
(58.588116 0.020606685 0)
(58.330235 0.019441601 0)
(58.078503 0.018351729 0)
(57.833818 0.01733559 0)
(57.593839 0.016380698 0)
(57.360181 0.015490537 0)
(57.130225 0.014649575 0)
(56.906457 0.013866277 0)
(56.68536 0.013125318 0)
(56.470451 0.012432108 0)
(56.257344 0.01177868 0)
(56.050305 0.011164664 0)
(55.844543 0.010597311 0)
(55.643895 0.010006705 0)
(55.446944 0.0097442372 0)
(55.242475 0.0085148683 0)
(55.081559 0.01039115 0)
(54.778333 0.0067865395 0)
(68.585675 0.12818109 0)
(68.598191 0.1593579 0)
(68.623506 0.18188174 0)
(68.65437 0.18947435 0)
(68.680505 0.1845054 0)
(68.696092 0.17468772 0)
(68.702368 0.16706076 0)
(68.704588 0.16434826 0)
(68.70738 0.16522507 0)
(68.71234 0.16717151 0)
(68.718777 0.16870954 0)
(68.725601 0.16953095 0)
(68.732283 0.16974076 0)
(68.738727 0.1694446 0)
(68.744913 0.16869116 0)
(68.750765 0.16754309 0)
(68.756205 0.16610376 0)
(68.761221 0.16448421 0)
(68.765854 0.16274259 0)
(68.770139 0.16089862 0)
(68.774088 0.15898507 0)
(68.777705 0.1570299 0)
(68.781002 0.15507955 0)
(68.784019 0.15316678 0)
(68.786797 0.15128939 0)
(68.789359 0.14944222 0)
(68.791711 0.14761761 0)
(68.793853 0.14583299 0)
(68.7958 0.14410107 0)
(68.797576 0.14242106 0)
(68.799197 0.14078627 0)
(68.800666 0.13918384 0)
(68.801984 0.13762579 0)
(68.803158 0.13611272 0)
(68.804203 0.1346469 0)
(68.805129 0.1332143 0)
(68.805935 0.13181647 0)
(68.806625 0.13045725 0)
(68.807209 0.12913403 0)
(68.807694 0.12783964 0)
(68.808079 0.12657533 0)
(68.808369 0.12534453 0)
(68.80857 0.12414079 0)
(68.808678 0.1229608 0)
(68.808681 0.12180551 0)
(68.808567 0.12067708 0)
(68.808295 0.11956682 0)
(68.807799 0.11847723 0)
(68.806919 0.11740295 0)
(68.805369 0.11634462 0)
(68.802294 0.11529667 0)
(68.795812 0.11424838 0)
(68.779428 0.11316386 0)
(68.738028 0.11177376 0)
(68.631711 0.10953749 0)
(68.412137 0.10592493 0)
(68.062383 0.10083926 0)
(67.631265 0.094925788 0)
(67.17168 0.0890198 0)
(66.707418 0.083428363 0)
(66.233922 0.078031214 0)
(65.756387 0.072878233 0)
(65.266566 0.067898649 0)
(64.776881 0.06309721 0)
(64.292037 0.058587925 0)
(63.81887 0.054385739 0)
(63.362047 0.050507754 0)
(62.923425 0.046954456 0)
(62.50361 0.043699364 0)
(62.102684 0.04072331 0)
(61.719353 0.037998845 0)
(61.352874 0.035501532 0)
(61.001734 0.033208272 0)
(60.665012 0.031102275 0)
(60.341246 0.029160119 0)
(60.029864 0.027372571 0)
(59.729441 0.02571592 0)
(59.43984 0.024187571 0)
(59.159473 0.022767189 0)
(58.888618 0.021453115 0)
(58.625378 0.020228948 0)
(58.370417 0.019090992 0)
(58.121244 0.018024262 0)
(57.879231 0.017033306 0)
(57.641362 0.016098023 0)
(57.410199 0.015227894 0)
(57.182043 0.014405475 0)
(56.960568 0.013636981 0)
(56.74112 0.012913266 0)
(56.528245 0.012233536 0)
(56.316755 0.011606814 0)
(56.110874 0.010953957 0)
(55.908819 0.010660582 0)
(55.699454 0.0093185091 0)
(55.534358 0.011360168 0)
(55.224526 0.0074112447 0)
(68.591823 0.12678833 0)
(68.603451 0.15548686 0)
(68.626457 0.17675188 0)
(68.654782 0.18481403 0)
(68.679364 0.18133344 0)
(68.694705 0.17301536 0)
(68.701544 0.1662703 0)
(68.704427 0.16377913 0)
(68.707573 0.16455357 0)
(68.712582 0.1663747 0)
(68.718938 0.16785891 0)
(68.725671 0.16868556 0)
(68.73228 0.16893535 0)
(68.738665 0.16869617 0)
(68.744804 0.16800859 0)
(68.750621 0.16693019 0)
(68.75604 0.16555837 0)
(68.761045 0.16399906 0)
(68.765674 0.1623113 0)
(68.769958 0.16051721 0)
(68.773909 0.15864872 0)
(68.777531 0.15673515 0)
(68.780837 0.15482082 0)
(68.783863 0.15293828 0)
(68.786649 0.15108748 0)
(68.789219 0.14926399 0)
(68.791579 0.14746163 0)
(68.793729 0.14569658 0)
(68.795684 0.14398162 0)
(68.797468 0.14231645 0)
(68.799095 0.14069489 0)
(68.800571 0.13910513 0)
(68.801895 0.13755803 0)
(68.803075 0.13605479 0)
(68.804125 0.13459735 0)
(68.805055 0.13317273 0)
(68.805866 0.131782 0)
(68.80656 0.13042895 0)
(68.807149 0.12911117 0)
(68.807639 0.12782182 0)
(68.808031 0.12656196 0)
(68.808332 0.12533494 0)
(68.80855 0.12413466 0)
(68.808687 0.12295792 0)
(68.808743 0.12180576 0)
(68.808718 0.12068068 0)
(68.808604 0.11957495 0)
(68.808385 0.11849165 0)
(68.808017 0.11742727 0)
(68.807431 0.11638202 0)
(68.806443 0.11534774 0)
(68.804734 0.11433008 0)
(68.801272 0.11332106 0)
(68.793755 0.11230395 0)
(68.77424 0.11122062 0)
(68.723565 0.10975049 0)
(68.597264 0.10728831 0)
(68.348252 0.10340116 0)
(67.977449 0.098129987 0)
(67.540229 0.09226675 0)
(67.083465 0.086555285 0)
(66.623748 0.08111834 0)
(66.154029 0.075881494 0)
(65.681687 0.070878588 0)
(65.195845 0.066034081 0)
(64.711257 0.061376618 0)
(64.232839 0.057002652 0)
(63.767246 0.052938355 0)
(63.317846 0.049190771 0)
(62.887008 0.045754478 0)
(62.474488 0.042608947 0)
(62.080543 0.039727764 0)
(61.703806 0.037089248 0)
(61.343413 0.034672237 0)
(60.997811 0.032449375 0)
(60.666264 0.030408402 0)
(60.347189 0.028521607 0)
(60.04029 0.026784713 0)
(59.743895 0.025174057 0)
(59.458174 0.02368735 0)
(59.1813 0.022305481 0)
(58.913834 0.021025277 0)
(58.653632 0.01983004 0)
(58.40171 0.018722897 0)
(58.155023 0.017680425 0)
(57.915796 0.016714137 0)
(57.679969 0.015801176 0)
(57.451353 0.01494914 0)
(57.225058 0.014147512 0)
(57.005843 0.013395074 0)
(56.788204 0.012702697 0)
(56.576657 0.011981213 0)
(56.36915 0.011653243 0)
(56.154496 0.010188997 0)
(55.984981 0.01240791 0)
(55.668083 0.0080858652 0)
(68.597816 0.1253854 0)
(68.608613 0.15177474 0)
(68.629484 0.17179564 0)
(68.655392 0.18022152 0)
(68.678426 0.17811341 0)
(68.693451 0.17122654 0)
(68.700772 0.16535668 0)
(68.704269 0.16311696 0)
(68.70776 0.16381834 0)
(68.712825 0.16553017 0)
(68.719106 0.16696815 0)
(68.725748 0.1678031 0)
(68.732283 0.1680938 0)
(68.738608 0.16791277 0)
(68.744696 0.16729276 0)
(68.750476 0.16628608 0)
(68.755872 0.1649841 0)
(68.760866 0.16348763 0)
(68.765489 0.16185624 0)
(68.769771 0.16011434 0)
(68.773723 0.15829319 0)
(68.77735 0.1564232 0)
(68.780664 0.15454681 0)
(68.7837 0.15269624 0)
(68.786495 0.15087357 0)
(68.789073 0.14907517 0)
(68.79144 0.14729628 0)
(68.793599 0.14555192 0)
(68.795563 0.14385492 0)
(68.797354 0.1422055 0)
(68.798989 0.14059799 0)
(68.800471 0.1390216 0)
(68.801801 0.13748613 0)
(68.802987 0.1359933 0)
(68.804043 0.13454476 0)
(68.804978 0.13312859 0)
(68.805793 0.13174538 0)
(68.806492 0.13039886 0)
(68.807085 0.12908685 0)
(68.807579 0.1278028 0)
(68.807975 0.12654758 0)
(68.808281 0.12532445 0)
(68.808506 0.12412768 0)
(68.808654 0.1229541 0)
(68.808726 0.12180469 0)
(68.80873 0.120682 0)
(68.808667 0.11957879 0)
(68.808536 0.11849825 0)
(68.808329 0.11743787 0)
(68.808028 0.11639841 0)
(68.807588 0.11537372 0)
(68.806932 0.11436921 0)
(68.805854 0.11337206 0)
(68.803967 0.11239087 0)
(68.800057 0.11141675 0)
(68.791051 0.11042889 0)
(68.767245 0.10932434 0)
(68.703994 0.10772859 0)
(68.55315 0.10499329 0)
(68.272434 0.10081151 0)
(67.882356 0.095385031 0)
(67.440989 0.089602104 0)
(66.987954 0.084092469 0)
(66.532042 0.078798862 0)
(66.066912 0.073738956 0)
(65.596166 0.068874211 0)
(65.115164 0.064148089 0)
(64.636029 0.059635558 0)
(64.164395 0.055398074 0)
(63.706601 0.051470958 0)
(63.264904 0.047853762 0)
(62.841889 0.044532256 0)
(62.436971 0.041493563 0)
(62.050042 0.038713271 0)
(61.679791 0.036162514 0)
(61.32547 0.033826285 0)
(60.985396 0.031672409 0)
(60.659118 0.029694353 0)
(60.344781 0.027864636 0)
(60.04241 0.026179168 0)
(59.750092 0.024615869 0)
(59.468306 0.023170913 0)
(59.194975 0.02182491 0)
(58.931003 0.020582504 0)
(58.673772 0.019417161 0)
(58.424998 0.018340012 0)
(58.180732 0.017324618 0)
(57.944331 0.016380393 0)
(57.71061 0.015492182 0)
(57.484488 0.014659148 0)
(57.260226 0.01389401 0)
(57.042514 0.013096707 0)
(56.82917 0.012729915 0)
(56.60877 0.011132964 0)
(56.434578 0.013541868 0)
(56.110092 0.0088151699 0)
(68.603657 0.12397251 0)
(68.613675 0.14822038 0)
(68.632569 0.16702347 0)
(68.656195 0.17571124 0)
(68.677705 0.17485471 0)
(68.692346 0.16932505 0)
(68.700065 0.16431862 0)
(68.704124 0.16235781 0)
(68.707945 0.16301573 0)
(68.713069 0.16463509 0)
(68.719279 0.16603499 0)
(68.725833 0.16688183 0)
(68.732293 0.16721476 0)
(68.738555 0.1670931 0)
(68.744591 0.16654238 0)
(68.750332 0.16560945 0)
(68.755704 0.16437964 0)
(68.760684 0.16294864 0)
(68.7653 0.1613762 0)
(68.769579 0.1596889 0)
(68.773532 0.15791744 0)
(68.777163 0.15609309 0)
(68.780485 0.15425662 0)
(68.78353 0.15243987 0)
(68.786334 0.15064693 0)
(68.78892 0.1488751 0)
(68.791296 0.14712095 0)
(68.793463 0.1453985 0)
(68.795436 0.14372053 0)
(68.797235 0.14208781 0)
(68.798877 0.1404952 0)
(68.800366 0.13893294 0)
(68.801703 0.1374098 0)
(68.802895 0.13592799 0)
(68.803957 0.13448893 0)
(68.804897 0.13308169 0)
(68.805717 0.13170646 0)
(68.806421 0.13036687 0)
(68.807018 0.12906096 0)
(68.807516 0.12778253 0)
(68.807916 0.12653222 0)
(68.808226 0.12531318 0)
(68.808454 0.12412007 0)
(68.808606 0.12294974 0)
(68.808685 0.12180311 0)
(68.808698 0.12068265 0)
(68.808652 0.11958156 0)
(68.808549 0.11850285 0)
(68.808391 0.11744433 0)
(68.808179 0.11640703 0)
(68.807903 0.11538606 0)
(68.807545 0.11438688 0)
(68.807055 0.11339908 0)
(68.806345 0.11243127 0)
(68.805189 0.11146918 0)
(68.803083 0.11052106 0)
(68.798588 0.10957681 0)
(68.787474 0.10861464 0)
(68.757828 0.10746116 0)
(68.677795 0.10568285 0)
(68.497573 0.1026372 0)
(68.184327 0.098145688 0)
(67.778288 0.092613263 0)
(67.334208 0.086938397 0)
(66.886135 0.081647685 0)
(66.432827 0.076517475 0)
(65.972151 0.07160221 0)
(65.502323 0.066856195 0)
(65.026454 0.062249253 0)
(64.552935 0.057881094 0)
(64.088411 0.05378207 0)
(63.638463 0.049988217 0)
(63.204817 0.046500063 0)
(62.789391 0.043302076 0)
(62.391868 0.040370159 0)
(62.011931 0.037689358 0)
(61.648158 0.035223552 0)
(61.30003 0.032964975 0)
(60.965532 0.030881651 0)
(60.64454 0.028966902 0)
(60.334961 0.027195144 0)
(60.037153 0.025560813 0)
(59.748937 0.02404175 0)
(59.47117 0.022642621 0)
(59.201303 0.021333127 0)
(58.940935 0.020127377 0)
(58.686613 0.018994696 0)
(58.441064 0.017944414 0)
(58.199251 0.016958857 0)
(57.96559 0.016036907 0)
(57.734167 0.015190982 0)
(57.509722 0.014309777 0)
(57.290116 0.013899289 0)
(57.063436 0.012157942 0)
(56.88429 0.014770448 0)
(56.551617 0.0096045389 0)
(68.609344 0.12255117 0)
(68.618627 0.14482106 0)
(68.635708 0.16244298 0)
(68.657191 0.17129721 0)
(68.677202 0.171568 0)
(68.691398 0.16731586 0)
(68.699431 0.16315582 0)
(68.703997 0.16149827 0)
(68.708131 0.16214215 0)
(68.713318 0.16368662 0)
(68.719461 0.1650571 0)
(68.725927 0.16591998 0)
(68.732311 0.16629682 0)
(68.738509 0.16623583 0)
(68.74449 0.1657561 0)
(68.750189 0.16489896 0)
(68.755534 0.16374364 0)
(68.7605 0.16238079 0)
(68.765107 0.16086995 0)
(68.769382 0.1592397 0)
(68.773335 0.15752035 0)
(68.77697 0.1557438 0)
(68.780299 0.15394931 0)
(68.783353 0.15216831 0)
(68.786166 0.1504068 0)
(68.788761 0.14866311 0)
(68.791144 0.14693506 0)
(68.793321 0.14523577 0)
(68.795303 0.14357795 0)
(68.79711 0.14196294 0)
(68.79876 0.14038615 0)
(68.800255 0.13883882 0)
(68.801599 0.13732878 0)
(68.802798 0.13585864 0)
(68.803866 0.13442965 0)
(68.804812 0.13303186 0)
(68.805637 0.13166508 0)
(68.806346 0.13033285 0)
(68.806947 0.12903342 0)
(68.807449 0.12776093 0)
(68.807853 0.12651582 0)
(68.808167 0.12530113 0)
(68.808399 0.12411188 0)
(68.808554 0.12294497 0)
(68.808637 0.12180123 0)
(68.808654 0.12068307 0)
(68.808613 0.11958408 0)
(68.808519 0.11850703 0)
(68.808377 0.11744994 0)
(68.808191 0.11641386 0)
(68.807964 0.11539432 0)
(68.807695 0.1143967 0)
(68.807373 0.11341246 0)
(68.806978 0.11244982 0)
(68.80646 0.11149666 0)
(68.805708 0.11056129 0)
(68.804477 0.10963206 0)
(68.802083 0.10871693 0)
(68.796808 0.10779621 0)
(68.782721 0.10685034 0)
(68.745027 0.10561922 0)
(68.643184 0.10358642 0)
(68.428479 0.10019267 0)
(68.084065 0.095395477 0)
(67.666331 0.089853561 0)
(67.223276 0.084361843 0)
(66.779077 0.079223812 0)
(66.327371 0.074242296 0)
(65.87058 0.069462803 0)
(65.401804 0.06483005 0)
(64.931266 0.060346796 0)
(64.463669 0.056119843 0)
(64.00614 0.052165176 0)
(63.563496 0.048511503 0)
(63.137794 0.045148462 0)
(62.730072 0.042070417 0)
(62.339991 0.039241003 0)
(61.967263 0.036655445 0)
(61.609999 0.034276654 0)
(61.268034 0.032095764 0)
(60.939095 0.030083211 0)
(60.623392 0.02823098 0)
(60.31856 0.026513484 0)
(60.025376 0.024934362 0)
(59.741163 0.02345972 0)
(59.467524 0.022104847 0)
(59.201045 0.020834462 0)
(58.944416 0.019661769 0)
(58.692979 0.018564714 0)
(58.450602 0.017540922 0)
(58.211407 0.016604943 0)
(57.979584 0.015630905 0)
(57.753238 0.015171204 0)
(57.519664 0.013272537 0)
(57.335272 0.01610306 0)
(56.993712 0.010460086 0)
(68.614878 0.12112371 0)
(68.623471 0.14157339 0)
(68.638889 0.15805966 0)
(68.658372 0.16699243 0)
(68.676925 0.16826454 0)
(68.690621 0.16520512 0)
(68.698884 0.16186919 0)
(68.703896 0.16053569 0)
(68.708321 0.16119431 0)
(68.713571 0.16268202 0)
(68.719651 0.16403221 0)
(68.72603 0.16491571 0)
(68.732338 0.16533854 0)
(68.73847 0.16533963 0)
(68.744394 0.16493258 0)
(68.750049 0.16415324 0)
(68.755364 0.16307477 0)
(68.760313 0.16178274 0)
(68.76491 0.16033619 0)
(68.76918 0.15876553 0)
(68.773132 0.15710079 0)
(68.77677 0.15537425 0)
(68.780107 0.15362389 0)
(68.78317 0.15188067 0)
(68.785992 0.15015238 0)
(68.788595 0.14843847 0)
(68.790987 0.14673794 0)
(68.793172 0.14506314 0)
(68.795163 0.14342668 0)
(68.796979 0.14183046 0)
(68.798636 0.14027046 0)
(68.800139 0.1387389 0)
(68.80149 0.13724274 0)
(68.802696 0.13578496 0)
(68.803771 0.13436669 0)
(68.804722 0.1329789 0)
(68.805552 0.13162109 0)
(68.806266 0.13029666 0)
(68.806872 0.12900411 0)
(68.807378 0.1277379 0)
(68.807787 0.12649831 0)
(68.808104 0.12528823 0)
(68.80834 0.12410308 0)
(68.808498 0.12293978 0)
(68.808584 0.1217991 0)
(68.808605 0.12068336 0)
(68.808567 0.11958655 0)
(68.808477 0.11851119 0)
(68.80834 0.11745548 0)
(68.808163 0.11642045 0)
(68.80795 0.11540186 0)
(68.807706 0.11440491 0)
(68.807433 0.11342174 0)
(68.807127 0.11246023 0)
(68.806781 0.11151037 0)
(68.806368 0.11058029 0)
(68.805836 0.10965997 0)
(68.805048 0.10875576 0)
(68.803735 0.1078558 0)
(68.800958 0.10697144 0)
(68.794571 0.10607417 0)
(68.776408 0.10512151 0)
(68.727025 0.10376837 0)
(68.597834 0.10141216 0)
(68.344084 0.097642852 0)
(67.973348 0.092603946 0)
(67.5482 0.087112563 0)
(67.107414 0.0818238 0)
(66.666195 0.076813148 0)
(66.216497 0.07196906 0)
(65.763152 0.067322882 0)
(65.296282 0.062811864 0)
(64.829284 0.058464548 0)
(64.367486 0.054373374 0)
(63.917334 0.050557634 0)
(63.482433 0.047040331 0)
(63.064847 0.043797291 0)
(62.665205 0.040834689 0)
(62.282511 0.038111752 0)
(61.916901 0.035620699 0)
(61.566097 0.033328232 0)
(61.230254 0.031223642 0)
(60.906829 0.029277331 0)
(60.596464 0.027491487 0)
(60.296259 0.025827886 0)
(60.007797 0.024301894 0)
(59.727489 0.022873873 0)
(59.458113 0.021559106 0)
(59.194966 0.020331247 0)
(58.9421 0.019190551 0)
(58.693636 0.018151365 0)
(58.453445 0.017071316 0)
(58.219831 0.016557023 0)
(57.978652 0.014486354 0)
(57.788711 0.017550176 0)
(57.437443 0.011388852 0)
(68.620264 0.11969325 0)
(68.628205 0.13847225 0)
(68.642103 0.15387596 0)
(68.659731 0.16280879 0)
(68.676872 0.16495668 0)
(68.690019 0.16300034 0)
(68.69843 0.16046079 0)
(68.703828 0.15946819 0)
(68.708522 0.16016919 0)
(68.713832 0.16161866 0)
(68.719853 0.16295805 0)
(68.726145 0.16386717 0)
(68.732376 0.16433846 0)
(68.738439 0.16440318 0)
(68.744305 0.16407049 0)
(68.749912 0.16337094 0)
(68.755195 0.16237162 0)
(68.760124 0.16115311 0)
(68.76471 0.15977361 0)
(68.768974 0.15826513 0)
(68.772924 0.15665755 0)
(68.776565 0.15498335 0)
(68.779909 0.15327935 0)
(68.78298 0.15157601 0)
(68.785811 0.14988284 0)
(68.788422 0.14820042 0)
(68.790822 0.14652891 0)
(68.793017 0.14488002 0)
(68.795017 0.14326616 0)
(68.796842 0.14168987 0)
(68.798507 0.1401477 0)
(68.800018 0.1386328 0)
(68.801376 0.13715137 0)
(68.802589 0.13570669 0)
(68.80367 0.1342998 0)
(68.804627 0.1329226 0)
(68.805463 0.1315743 0)
(68.806182 0.13025815 0)
(68.806793 0.12897289 0)
(68.807304 0.12771335 0)
(68.807716 0.12647961 0)
(68.808038 0.12527443 0)
(68.808277 0.12409363 0)
(68.808439 0.12293415 0)
(68.808528 0.12179671 0)
(68.808552 0.12068354 0)
(68.808517 0.11958903 0)
(68.80843 0.11851544 0)
(68.808296 0.11746118 0)
(68.808123 0.1164272 0)
(68.807915 0.1154095 0)
(68.807679 0.11441303 0)
(68.807419 0.1134304 0)
(68.807138 0.1124691 0)
(68.806839 0.11152001 0)
(68.806516 0.11059091 0)
(68.806161 0.10967359 0)
(68.805744 0.10877477 0)
(68.805212 0.10788408 0)
(68.804388 0.10700809 0)
(68.802961 0.10613956 0)
(68.799698 0.10528091 0)
(68.79158 0.10440483 0)
(68.767822 0.10340909 0)
(68.70111 0.10186666 0)
(68.538816 0.099146379 0)
(68.245653 0.095003581 0)
(67.85372 0.089794693 0)
(67.423979 0.084393166 0)
(66.987021 0.079301625 0)
(66.547981 0.074412029 0)
(66.101195 0.069732136 0)
(65.646981 0.06520514 0)
(65.183651 0.06080258 0)
(64.721071 0.056591312 0)
(64.265901 0.052636398 0)
(63.823493 0.048955326 0)
(63.396824 0.04557309 0)
(62.987096 0.042456686 0)
(62.595436 0.039606803 0)
(62.220084 0.03698867 0)
(61.861513 0.034589986 0)
(61.517129 0.032377997 0)
(61.187464 0.030353328 0)
(60.869402 0.028472374 0)
(60.564444 0.026750238 0)
(60.268739 0.025142217 0)
(59.985102 0.023664657 0)
(59.708617 0.022286794 0)
(59.44356 0.021010246 0)
(59.183766 0.019850228 0)
(58.933678 0.018649358 0)
(58.691253 0.018071238 0)
(58.44164 0.015808467 0)
(58.245843 0.019123703 0)
(57.883899 0.012399031 0)
(68.625503 0.11826396 0)
(68.632829 0.13551119 0)
(68.645344 0.14989206 0)
(68.661259 0.15875666 0)
(68.677046 0.16165691 0)
(68.689605 0.16071018 0)
(68.698084 0.15893393 0)
(68.703804 0.15829487 0)
(68.708737 0.15906425 0)
(68.714104 0.1604941 0)
(68.720067 0.16183248 0)
(68.726273 0.16277254 0)
(68.732424 0.1632951 0)
(68.738418 0.16342516 0)
(68.744222 0.16316851 0)
(68.74978 0.1625507 0)
(68.755029 0.16163286 0)
(68.759936 0.16049054 0)
(68.764508 0.15918089 0)
(68.768764 0.15773723 0)
(68.772711 0.15618943 0)
(68.776354 0.15456995 0)
(68.779704 0.15291461 0)
(68.782784 0.15125337 0)
(68.785623 0.14959728 0)
(68.788242 0.14794816 0)
(68.790651 0.14630726 0)
(68.792855 0.14468574 0)
(68.794865 0.14309584 0)
(68.796699 0.14154067 0)
(68.798372 0.14001741 0)
(68.79989 0.13852013 0)
(68.801256 0.13705432 0)
(68.802477 0.13562352 0)
(68.803564 0.13422874 0)
(68.804527 0.13286274 0)
(68.805369 0.13152452 0)
(68.806094 0.13021716 0)
(68.80671 0.12893965 0)
(68.807225 0.12768716 0)
(68.807642 0.12645963 0)
(68.807968 0.12525966 0)
(68.808211 0.12408346 0)
(68.808376 0.12292804 0)
(68.808469 0.12179404 0)
(68.808495 0.1206836 0)
(68.808464 0.11959153 0)
(68.80838 0.11851983 0)
(68.808249 0.11746708 0)
(68.808078 0.11643419 0)
(68.807873 0.11541742 0)
(68.80764 0.1144214 0)
(68.807385 0.11343925 0)
(68.807111 0.11247799 0)
(68.806825 0.1115291 0)
(68.806526 0.11059992 0)
(68.806217 0.10968308 0)
(68.805893 0.10878522 0)
(68.805544 0.1078974 0)
(68.805134 0.10702694 0)
(68.804605 0.10616791 0)
(68.803752 0.10531636 0)
(68.802136 0.10447664 0)
(68.798235 0.10363993 0)
(68.78735 0.10278229 0)
(68.755451 0.10170366 0)
(68.665214 0.0998924 0)
(68.464307 0.096777129 0)
(68.133837 0.092267161 0)
(67.727335 0.086972509 0)
(67.294384 0.0817017 0)
(66.862013 0.076822893 0)
(66.424019 0.072075882 0)
(65.980034 0.067521638 0)
(65.525144 0.063091593 0)
(65.066238 0.058802044 0)
(64.608728 0.054727516 0)
(64.160326 0.050916543 0)
(63.725275 0.047375481 0)
(63.306926 0.044123169 0)
(62.905093 0.041131257 0)
(62.521348 0.038390895 0)
(62.1534 0.035869905 0)
(61.801927 0.033567609 0)
(61.463758 0.031434801 0)
(61.140301 0.029486565 0)
(60.827442 0.027672067 0)
(60.527947 0.026008307 0)
(60.236636 0.024459151 0)
(59.957885 0.023027391 0)
(59.685189 0.021728288 0)
(59.423551 0.020387892 0)
(59.170005 0.019731715 0)
(58.911006 0.017254674 0)
(58.70798 0.020839993 0)
(58.334204 0.013499839 0)
(68.630598 0.11684044 0)
(68.637348 0.13268657 0)
(68.648605 0.14610551 0)
(68.662945 0.1548442 0)
(68.67744 0.15837814 0)
(68.689379 0.15834459 0)
(68.697851 0.15729323 0)
(68.70383 0.15701573 0)
(68.708973 0.15787745 0)
(68.714391 0.1593061 0)
(68.720297 0.16065346 0)
(68.726416 0.16163 0)
(68.732487 0.16220698 0)
(68.738409 0.16240427 0)
(68.744148 0.16222533 0)
(68.749654 0.16169118 0)
(68.754864 0.16085706 0)
(68.759747 0.15979362 0)
(68.764304 0.15855663 0)
(68.76855 0.15718051 0)
(68.772493 0.15569513 0)
(68.776138 0.15413286 0)
(68.779493 0.15252856 0)
(68.78258 0.15091171 0)
(68.785428 0.14929477 0)
(68.788055 0.14768085 0)
(68.790473 0.14607222 0)
(68.792686 0.14447962 0)
(68.794706 0.14291509 0)
(68.796549 0.14138232 0)
(68.79823 0.13987913 0)
(68.799756 0.13840047 0)
(68.80113 0.13695122 0)
(68.802358 0.13553513 0)
(68.803452 0.13415322 0)
(68.804422 0.13279908 0)
(68.805269 0.13147155 0)
(68.806 0.13017352 0)
(68.806622 0.12890423 0)
(68.807141 0.12765921 0)
(68.807563 0.12643826 0)
(68.807893 0.12524383 0)
(68.80814 0.12407252 0)
(68.808309 0.12292141 0)
(68.808406 0.12179106 0)
(68.808436 0.12068353 0)
(68.808407 0.11959404 0)
(68.808326 0.11852433 0)
(68.808198 0.1174732 0)
(68.808029 0.11644148 0)
(68.807827 0.11542568 0)
(68.807597 0.11443013 0)
(68.807344 0.11344847 0)
(68.807074 0.11248721 0)
(68.806791 0.11153844 0)
(68.8065 0.110609 0)
(68.806203 0.10969209 0)
(68.805902 0.10879395 0)
(68.805598 0.10790641 0)
(68.805284 0.10703709 0)
(68.804949 0.10618071 0)
(68.804557 0.10533491 0)
(68.804026 0.10450399 0)
(68.803143 0.10367742 0)
(68.80123 0.1028658 0)
(68.796339 0.1020476 0)
(68.781313 0.10119187 0)
(68.737548 0.099986836 0)
(68.616952 0.097813803 0)
(68.372424 0.094262376 0)
(68.009759 0.089451592 0)
(67.594003 0.084198638 0)
(67.162711 0.079128451 0)
(66.733006 0.074374375 0)
(66.295962 0.069749872 0)
(65.854558 0.065318806 0)
(65.399864 0.060996638 0)
(64.944035 0.056833566 0)
(64.491895 0.052892225 0)
(64.050721 0.049222213 0)
(63.62329 0.045819453 0)
(63.213353 0.042692602 0)
(62.819713 0.039816462 0)
(62.443884 0.037191789 0)
(62.083061 0.034765945 0)
(61.738692 0.032555347 0)
(61.406543 0.030502193 0)
(61.089307 0.028624206 0)
(60.781535 0.026878856 0)
(60.487554 0.025270196 0)
(60.200547 0.023811616 0)
(59.92588 0.022313649 0)
(59.65947 0.021563987 0)
(59.389899 0.018846118 0)
(59.176992 0.0227191 0)
(58.789815 0.014702037 0)
(68.635554 0.11542687 0)
(68.641761 0.1299953 0)
(68.65188 0.14251233 0)
(68.664781 0.15107754 0)
(68.678052 0.1551328 0)
(68.68935 0.15591446 0)
(68.697744 0.15554455 0)
(68.703917 0.15563189 0)
(68.709235 0.15660736 0)
(68.714696 0.15805272 0)
(68.720544 0.15941909 0)
(68.726577 0.16043781 0)
(68.732565 0.16107262 0)
(68.738412 0.16133919 0)
(68.744084 0.16123964 0)
(68.749535 0.16079101 0)
(68.754705 0.16004288 0)
(68.75956 0.15906094 0)
(68.764099 0.15789944 0)
(68.768334 0.1565936 0)
(68.772272 0.15517335 0)
(68.775916 0.15367083 0)
(68.779276 0.15212003 0)
(68.78237 0.15054995 0)
(68.785226 0.14897434 0)
(68.787862 0.1473976 0)
(68.790288 0.14582299 0)
(68.79251 0.14426094 0)
(68.794539 0.14272327 0)
(68.796392 0.14121425 0)
(68.798082 0.13973234 0)
(68.799616 0.13827336 0)
(68.800997 0.13684168 0)
(68.802233 0.13544118 0)
(68.803335 0.13407295 0)
(68.804311 0.13273137 0)
(68.805165 0.13141517 0)
(68.805901 0.13012706 0)
(68.806528 0.12886649 0)
(68.807053 0.12762939 0)
(68.80748 0.12641542 0)
(68.807815 0.12522688 0)
(68.808066 0.12406075 0)
(68.808239 0.1229142 0)
(68.808338 0.12178772 0)
(68.808372 0.12068329 0)
(68.808347 0.11959654 0)
(68.808268 0.11852896 0)
(68.808143 0.11747955 0)
(68.807978 0.11644907 0)
(68.807778 0.1154343 0)
(68.80755 0.11443927 0)
(68.8073 0.1134581 0)
(68.807032 0.11249684 0)
(68.806752 0.11154818 0)
(68.806463 0.11061845 0)
(68.80617 0.10970137 0)
(68.805876 0.10880274 0)
(68.805583 0.10791498 0)
(68.805291 0.10704531 0)
(68.805001 0.10618893 0)
(68.804707 0.10534458 0)
(68.804392 0.10451643 0)
(68.804022 0.1036957 0)
(68.803487 0.10289025 0)
(68.802544 0.10208986 0)
(68.800189 0.1013045 0)
(68.793698 0.10050748 0)
(68.772855 0.099606716 0)
(68.710627 0.098196683 0)
(68.552706 0.095610123 0)
(68.263191 0.091631603 0)
(67.876557 0.086620919 0)
(67.455824 0.081461745 0)
(67.028303 0.076585204 0)
(66.600158 0.071943518 0)
(66.164587 0.067464483 0)
(65.722169 0.063142899 0)
(65.26979 0.058923845 0)
(64.81749 0.054892801 0)
(64.371461 0.051084289 0)
(63.938042 0.047551477 0)
(63.518762 0.044281794 0)
(63.117056 0.04129008 0)
(62.731326 0.03852576 0)
(62.363464 0.036010607 0)
(62.009551 0.03367983 0)
(61.672302 0.031553474 0)
(61.346073 0.029581947 0)
(61.035075 0.02777055 0)
(60.732224 0.026128838 0)
(60.443033 0.02445394 0)
(60.16243 0.023592513 0)
(59.880839 0.020606299 0)
(59.655851 0.024789175 0)
(59.253211 0.01602025 0)
(68.640375 0.11402754 0)
(68.646074 0.12743203 0)
(68.655163 0.13910677 0)
(68.666753 0.14746059 0)
(68.678873 0.15193277 0)
(68.689516 0.15343165 0)
(68.697769 0.1536951 0)
(68.704073 0.15414559 0)
(68.709532 0.15525333 0)
(68.715023 0.15673245 0)
(68.720813 0.15812777 0)
(68.726757 0.15919438 0)
(68.73266 0.15989064 0)
(68.738429 0.16022872 0)
(68.744032 0.16021022 0)
(68.749424 0.15984892 0)
(68.75455 0.15918893 0)
(68.759375 0.15829111 0)
(68.763894 0.15720792 0)
(68.768116 0.15597513 0)
(68.772047 0.15462275 0)
(68.77569 0.15318259 0)
(68.779053 0.15168783 0)
(68.782154 0.15016699 0)
(68.785017 0.14863497 0)
(68.787661 0.14709746 0)
(68.790095 0.14555872 0)
(68.792327 0.14402892 0)
(68.794366 0.14251969 0)
(68.796228 0.14103584 0)
(68.797926 0.13957651 0)
(68.799469 0.13813834 0)
(68.800858 0.13672528 0)
(68.802102 0.13534131 0)
(68.803211 0.13398762 0)
(68.804194 0.13265935 0)
(68.805054 0.13135515 0)
(68.805797 0.13007756 0)
(68.80643 0.12882627 0)
(68.80696 0.12759755 0)
(68.807392 0.12639098 0)
(68.807731 0.12520871 0)
(68.807986 0.12404807 0)
(68.808163 0.12290637 0)
(68.808267 0.121784 0)
(68.808304 0.12068287 0)
(68.808282 0.11959901 0)
(68.808207 0.11853371 0)
(68.808085 0.11748612 0)
(68.807922 0.11645697 0)
(68.807725 0.1154433 0)
(68.8075 0.11444882 0)
(68.807252 0.11346819 0)
(68.806986 0.11250693 0)
(68.806708 0.11155838 0)
(68.806422 0.11062834 0)
(68.806131 0.10971106 0)
(68.805839 0.1088119 0)
(68.80555 0.10792383 0)
(68.805264 0.10705355 0)
(68.804985 0.10619672 0)
(68.804712 0.10535214 0)
(68.804443 0.1045239 0)
(68.804172 0.10370463 0)
(68.80388 0.10290235 0)
(68.803533 0.10210802 0)
(68.80299 0.10132567 0)
(68.801915 0.10055523 0)
(68.79899 0.09978613 0)
(68.78974 0.099009071 0)
(68.76017 0.098011292 0)
(68.671347 0.096299184 0)
(68.470177 0.09327312 0)
(68.139365 0.088890529 0)
(67.737752 0.083784316 0)
(67.313432 0.078766858 0)
(66.890079 0.074089888 0)
(66.462783 0.069570542 0)
(66.029062 0.065215899 0)
(65.584785 0.060986646 0)
(65.136056 0.05687191 0)
(64.688457 0.052976982 0)
(64.248738 0.049307214 0)
(63.82279 0.04592083 0)
(63.411634 0.042777527 0)
(63.018397 0.03991401 0)
(62.640388 0.03726109 0)
(62.280624 0.034846216 0)
(61.933545 0.032612447 0)
(61.603354 0.030566725 0)
(61.282792 0.028713563 0)
(60.977364 0.026838553 0)
(60.68125 0.025844042 0)
(60.386035 0.02256231 0)
(60.14767 0.027082291 0)
(59.727298 0.017472487 0)
(68.645069 0.11264635 0)
(68.650291 0.12499109 0)
(68.65845 0.13588248 0)
(68.668852 0.14399553 0)
(68.679896 0.14878906 0)
(68.689881 0.15090867 0)
(68.697935 0.15175332 0)
(68.704308 0.15256025 0)
(68.70987 0.15381547 0)
(68.715378 0.15534421 0)
(68.721106 0.15677814 0)
(68.72696 0.15789829 0)
(68.732774 0.15865968 0)
(68.738464 0.15907162 0)
(68.743994 0.15913587 0)
(68.749324 0.15886364 0)
(68.754403 0.1582939 0)
(68.759194 0.15748274 0)
(68.763691 0.15648066 0)
(68.767898 0.15532371 0)
(68.771819 0.15404196 0)
(68.775459 0.15266683 0)
(68.778825 0.1512307 0)
(68.781932 0.14976165 0)
(68.784802 0.14827558 0)
(68.787453 0.14677947 0)
(68.789896 0.14527852 0)
(68.792136 0.14378277 0)
(68.794185 0.14230363 0)
(68.796057 0.14084646 0)
(68.797764 0.13941106 0)
(68.799315 0.1379949 0)
(68.800713 0.13660157 0)
(68.801965 0.13523512 0)
(68.803081 0.13389689 0)
(68.804071 0.13258271 0)
(68.804938 0.13129125 0)
(68.805687 0.13002483 0)
(68.806326 0.12878338 0)
(68.806861 0.12756355 0)
(68.807298 0.12636484 0)
(68.807642 0.12518922 0)
(68.807902 0.12403442 0)
(68.808084 0.12289785 0)
(68.808191 0.12177985 0)
(68.808232 0.12068224 0)
(68.808214 0.11960144 0)
(68.808142 0.11853855 0)
(68.808023 0.11749291 0)
(68.807863 0.11646518 0)
(68.807669 0.11545267 0)
(68.807446 0.1144588 0)
(68.807201 0.11347873 0)
(68.806938 0.11251751 0)
(68.806662 0.11156907 0)
(68.806377 0.11063872 0)
(68.806089 0.10972121 0)
(68.805799 0.10882151 0)
(68.805512 0.10793309 0)
(68.805228 0.10706216 0)
(68.804953 0.1062048 0)
(68.804684 0.10535969 0)
(68.804425 0.10453083 0)
(68.804175 0.10371139 0)
(68.803929 0.10290925 0)
(68.803684 0.10211623 0)
(68.803418 0.10133736 0)
(68.803087 0.10057235 0)
(68.802545 0.099807651 0)
(68.801226 0.099064927 0)
(68.797372 0.098307348 0)
(68.783621 0.097535579 0)
(68.740916 0.096387636 0)
(68.617182 0.094265492 0)
(68.367814 0.090758966 0)
(68.002972 0.08607221 0)
(67.592665 0.081000838 0)
(67.16985 0.076173245 0)
(66.748936 0.071632911 0)
(66.321963 0.067229865 0)
(65.890056 0.062985887 0)
(65.445249 0.058861866 0)
(64.998641 0.054864188 0)
(64.556262 0.051105312 0)
(64.123424 0.047569519 0)
(63.705527 0.044324316 0)
(63.30247 0.041306797 0)
(62.918109 0.038561041 0)
(62.547721 0.036023501 0)
(62.195866 0.033705449 0)
(61.855326 0.031606696 0)
(61.531578 0.029502658 0)
(61.218345 0.028350034 0)
(60.907721 0.024742337 0)
(60.654896 0.029629065 0)
(60.214472 0.019077832 0)
(68.649638 0.11128691 0)
(68.654418 0.12266733 0)
(68.661739 0.1328322 0)
(68.671067 0.14068257 0)
(68.68111 0.14571143 0)
(68.690439 0.1483583 0)
(68.698246 0.1497288 0)
(68.704629 0.15088049 0)
(68.710256 0.15229482 0)
(68.715767 0.15388749 0)
(68.721428 0.15536923 0)
(68.727188 0.15654835 0)
(68.732911 0.15737859 0)
(68.738517 0.15786683 0)
(68.743971 0.15801552 0)
(68.749237 0.15783399 0)
(68.754264 0.15735651 0)
(68.759019 0.15663448 0)
(68.763489 0.15571627 0)
(68.767678 0.15463795 0)
(68.77159 0.15342962 0)
(68.775225 0.15212222 0)
(68.778592 0.15074739 0)
(68.781703 0.14933273 0)
(68.78458 0.14789507 0)
(68.787238 0.1464426 0)
(68.789689 0.14498147 0)
(68.791939 0.14352163 0)
(68.793997 0.14207433 0)
(68.795878 0.14064542 0)
(68.797594 0.1392354 0)
(68.799153 0.13784251 0)
(68.80056 0.13647009 0)
(68.801821 0.13512222 0)
(68.802945 0.1338004 0)
(68.803942 0.13250116 0)
(68.804815 0.13122319 0)
(68.805571 0.12996864 0)
(68.806216 0.12873764 0)
(68.806757 0.12752723 0)
(68.807199 0.12633685 0)
(68.807548 0.12516832 0)
(68.807813 0.12401971 0)
(68.807999 0.12288858 0)
(68.80811 0.12177521 0)
(68.808155 0.12068136 0)
(68.808141 0.11960381 0)
(68.808072 0.1185435 0)
(68.807957 0.11749993 0)
(68.8078 0.11647372 0)
(68.807609 0.11546244 0)
(68.807389 0.11446923 0)
(68.807146 0.11348976 0)
(68.806885 0.11252859 0)
(68.806612 0.11158026 0)
(68.80633 0.11064959 0)
(68.806043 0.10973186 0)
(68.805756 0.10883159 0)
(68.80547 0.10794279 0)
(68.805189 0.10707118 0)
(68.804915 0.10621325 0)
(68.804649 0.10536757 0)
(68.804393 0.10453803 0)
(68.804147 0.10371815 0)
(68.803911 0.10291537 0)
(68.803684 0.1021221 0)
(68.803464 0.10134377 0)
(68.803245 0.10057997 0)
(68.803012 0.099818827 0)
(68.80269 0.099078187 0)
(68.802127 0.098333303 0)
(68.800397 0.097617151 0)
(68.794903 0.096873352 0)
(68.77461 0.096053566 0)
(68.710644 0.094661307 0)
(68.544007 0.092084593 0)
(68.2467 0.088101882 0)
(67.858642 0.083230834 0)
(67.443556 0.078277608 0)
(67.024589 0.073640407 0)
(66.604738 0.069198261 0)
(66.178612 0.064939076 0)
(65.744458 0.060790022 0)
(65.301709 0.056769346 0)
(64.858123 0.052894174 0)
(64.421955 0.049270907 0)
(63.996457 0.045869077 0)
(63.587335 0.042758096 0)
(63.192133 0.039874468 0)
(62.816392 0.037241919 0)
(62.453443 0.034857881 0)
(62.108949 0.032489311 0)
(61.776551 0.031148535 0)
(61.448463 0.027178459 0)
(61.179867 0.03246423 0)
(60.716947 0.020858271 0)
(68.654091 0.1099526 0)
(68.658458 0.12045579 0)
(68.665026 0.12994786 0)
(68.673387 0.13752017 0)
(68.682504 0.14270815 0)
(68.691189 0.14579331 0)
(68.698707 0.14763213 0)
(68.705046 0.1491121 0)
(68.710698 0.15069336 0)
(68.716194 0.15236242 0)
(68.721782 0.15390046 0)
(68.727446 0.15514367 0)
(68.733073 0.15604633 0)
(68.738592 0.15661336 0)
(68.743967 0.15684815 0)
(68.749164 0.15675887 0)
(68.754137 0.15637554 0)
(68.758851 0.15574502 0)
(68.763292 0.15491337 0)
(68.767461 0.15391646 0)
(68.77136 0.15278433 0)
(68.774989 0.15154741 0)
(68.778355 0.15023658 0)
(68.78147 0.14887902 0)
(68.784352 0.14749229 0)
(68.787017 0.14608581 0)
(68.789475 0.1446666 0)
(68.791734 0.14324464 0)
(68.793801 0.141831 0)
(68.795692 0.14043202 0)
(68.797417 0.13904889 0)
(68.798985 0.1376806 0)
(68.8004 0.13633033 0)
(68.801669 0.13500217 0)
(68.802801 0.13369779 0)
(68.803805 0.13241437 0)
(68.804686 0.1311507 0)
(68.805449 0.12990875 0)
(68.8061 0.12868886 0)
(68.806646 0.12748844 0)
(68.807094 0.12630688 0)
(68.807449 0.12514589 0)
(68.807718 0.12400385 0)
(68.807908 0.12287851 0)
(68.808025 0.12177006 0)
(68.808074 0.12068019 0)
(68.808063 0.11960609 0)
(68.807998 0.11854852 0)
(68.807886 0.11750715 0)
(68.807733 0.11648257 0)
(68.807544 0.1154726 0)
(68.807328 0.11448012 0)
(68.807087 0.11350127 0)
(68.806829 0.11254018 0)
(68.806558 0.11159198 0)
(68.806278 0.110661 0)
(68.805994 0.10974302 0)
(68.805709 0.10884216 0)
(68.805425 0.10795296 0)
(68.805145 0.10708066 0)
(68.804873 0.1062221 0)
(68.804609 0.10537584 0)
(68.804355 0.10454558 0)
(68.804111 0.10372521 0)
(68.803878 0.1029217 0)
(68.803656 0.102128 0)
(68.803444 0.10134916 0)
(68.803244 0.10058491 0)
(68.803052 0.099824594 0)
(68.802857 0.099085443 0)
(68.802652 0.098344257 0)
(68.802338 0.097625146 0)
(68.801678 0.09690482 0)
(68.799397 0.096206396 0)
(68.7909 0.095478999 0)
(68.760285 0.09454826 0)
(68.665545 0.092787345 0)
(68.449136 0.089717085 0)
(68.110185 0.085337656 0)
(67.70908 0.080406758 0)
(67.290872 0.075600645 0)
(66.876035 0.071163151 0)
(66.456417 0.066829907 0)
(66.03164 0.062690638 0)
(65.595 0.058622605 0)
(65.155394 0.054707174 0)
(64.716251 0.050960098 0)
(64.286746 0.047478135 0)
(63.868252 0.044219142 0)
(63.467939 0.041234768 0)
(63.080795 0.038523895 0)
(62.713178 0.035850263 0)
(62.359286 0.034285696 0)
(62.01136 0.029909579 0)
(61.725264 0.035629344 0)
(61.237081 0.022839479 0)
(68.658433 0.10864632 0)
(68.662417 0.11835151 0)
(68.668309 0.12722103 0)
(68.6758 0.13450544 0)
(68.684065 0.13978612 0)
(68.692124 0.14322621 0)
(68.699321 0.14547472 0)
(68.705565 0.14726205 0)
(68.711205 0.14901407 0)
(68.716665 0.15076981 0)
(68.722174 0.15237176 0)
(68.727736 0.15368372 0)
(68.733264 0.15466214 0)
(68.738691 0.15531037 0)
(68.743983 0.15563289 0)
(68.749107 0.15563731 0)
(68.754021 0.15534987 0)
(68.758691 0.1548131 0)
(68.7631 0.15407063 0)
(68.767246 0.15315786 0)
(68.771129 0.1521047 0)
(68.774751 0.15094102 0)
(68.778114 0.14969696 0)
(68.781231 0.14839924 0)
(68.784118 0.14706606 0)
(68.786789 0.14570798 0)
(68.789254 0.1443329 0)
(68.791521 0.14295085 0)
(68.793598 0.1415728 0)
(68.795498 0.1402055 0)
(68.797232 0.13885087 0)
(68.798809 0.13750859 0)
(68.800233 0.13618177 0)
(68.80151 0.1348745 0)
(68.802651 0.13358864 0)
(68.803662 0.132322 0)
(68.80455 0.13107348 0)
(68.805319 0.12984492 0)
(68.805977 0.12863682 0)
(68.80653 0.12744698 0)
(68.806983 0.12627479 0)
(68.807343 0.12512182 0)
(68.807618 0.12398676 0)
(68.807813 0.12286754 0)
(68.807933 0.12176432 0)
(68.807987 0.12067871 0)
(68.80798 0.11960826 0)
(68.807919 0.11855362 0)
(68.80781 0.11751459 0)
(68.80766 0.11649174 0)
(68.807475 0.11548317 0)
(68.807262 0.11449148 0)
(68.807024 0.11351329 0)
(68.806769 0.11255232 0)
(68.806501 0.11160424 0)
(68.806223 0.11067295 0)
(68.805941 0.10975471 0)
(68.805658 0.10885325 0)
(68.805377 0.10796362 0)
(68.805099 0.10709059 0)
(68.804829 0.10623139 0)
(68.804567 0.10538451 0)
(68.804314 0.10455349 0)
(68.804072 0.1037326 0)
(68.80384 0.10292834 0)
(68.80362 0.10213417 0)
(68.80341 0.1013547 0)
(68.803214 0.10058982 0)
(68.803029 0.099829326 0)
(68.802853 0.099089861 0)
(68.802685 0.098349319 0)
(68.802516 0.097631945 0)
(68.802332 0.096914655 0)
(68.802036 0.096212895 0)
(68.801183 0.095518691 0)
(68.797865 0.094831959 0)
(68.784447 0.094088148 0)
(68.736832 0.09297235 0)
(68.601544 0.090748682 0)
(68.333027 0.087168388 0)
(67.961761 0.0825067 0)
(67.554019 0.077656764 0)
(67.137957 0.073037147 0)
(66.725028 0.068726806 0)
(66.305278 0.064499124 0)
(65.881271 0.060461216 0)
(65.444324 0.056491965 0)
(65.006436 0.052698444 0)
(64.572179 0.049078702 0)
(64.150326 0.045730516 0)
(63.739579 0.042659889 0)
(63.347566 0.039642582 0)
(62.970221 0.037815259 0)
(62.599978 0.032982947 0)
(62.294353 0.039174792 0)
(61.777644 0.025052141 0)
(68.662671 0.10737022 0)
(68.666301 0.11634948 0)
(68.671586 0.12464311 0)
(68.678298 0.13163427 0)
(68.685782 0.13695059 0)
(68.693238 0.14066882 0)
(68.700088 0.14326849 0)
(68.706193 0.14533837 0)
(68.711783 0.14726093 0)
(68.717188 0.14911123 0)
(68.722608 0.15078359 0)
(68.728063 0.15216834 0)
(68.733486 0.1532255 0)
(68.738817 0.1539572 0)
(68.744022 0.15436901 0)
(68.74907 0.15446841 0)
(68.753922 0.15427847 0)
(68.758543 0.15383755 0)
(68.762916 0.15318676 0)
(68.767036 0.1523608 0)
(68.770901 0.15138935 0)
(68.774512 0.15030169 0)
(68.777871 0.14912718 0)
(68.780989 0.14789208 0)
(68.783879 0.14661516 0)
(68.786555 0.14530798 0)
(68.789027 0.14397931 0)
(68.791302 0.14263931 0)
(68.793388 0.14129885 0)
(68.795297 0.13996508 0)
(68.79704 0.13864061 0)
(68.798625 0.13732585 0)
(68.800058 0.13602385 0)
(68.801344 0.13473873 0)
(68.802493 0.13347254 0)
(68.803512 0.13222367 0)
(68.804407 0.13099122 0)
(68.805183 0.12977686 0)
(68.805847 0.12858129 0)
(68.806406 0.12740267 0)
(68.806866 0.12624042 0)
(68.807232 0.12509597 0)
(68.807511 0.12396833 0)
(68.807711 0.12285561 0)
(68.807836 0.12175794 0)
(68.807894 0.12067686 0)
(68.807891 0.11961029 0)
(68.807835 0.11855876 0)
(68.80773 0.11752223 0)
(68.807583 0.11650124 0)
(68.807402 0.11549415 0)
(68.807191 0.11450332 0)
(68.806957 0.11352584 0)
(68.806704 0.112565 0)
(68.806439 0.11161706 0)
(68.806164 0.11068546 0)
(68.805884 0.10976695 0)
(68.805603 0.10886488 0)
(68.805324 0.10797479 0)
(68.805049 0.10710102 0)
(68.804781 0.10624114 0)
(68.80452 0.10539361 0)
(68.804269 0.1045618 0)
(68.804029 0.10374035 0)
(68.803799 0.10293532 0)
(68.80358 0.10214064 0)
(68.803372 0.10136051 0)
(68.803178 0.10059499 0)
(68.802994 0.099834199 0)
(68.802822 0.09909397 0)
(68.802659 0.098353346 0)
(68.802504 0.097636058 0)
(68.802359 0.096919255 0)
(68.802218 0.096218774 0)
(68.802059 0.09552382 0)
(68.801748 0.094839464 0)
(68.800587 0.094165227 0)
(68.795208 0.093502211 0)
(68.773887 0.092676071 0)
(68.69942 0.091256113 0)
(68.515392 0.088528324 0)
(68.197791 0.084481108 0)
(67.806753 0.079674103 0)
(67.395506 0.07497455 0)
(66.983559 0.070529119 0)
(66.571889 0.06631362 0)
(66.152716 0.062224047 0)
(65.724985 0.058274044 0)
(65.290268 0.054395449 0)
(64.856251 0.050728288 0)
(64.427663 0.047297664 0)
(64.013037 0.043916478 0)
(63.612101 0.041792811 0)
(63.217727 0.036452198 0)
(62.890807 0.043160036 0)
(62.341922 0.027533271 0)
(68.666809 0.10612624 0)
(68.670115 0.1144446 0)
(68.674857 0.12220548 0)
(68.680871 0.12890169 0)
(68.687642 0.13420539 0)
(68.69452 0.1381321 0)
(68.701007 0.14102562 0)
(68.706934 0.14335002 0)
(68.712438 0.14543892 0)
(68.717767 0.14738906 0)
(68.723088 0.14913703 0)
(68.72843 0.15059788 0)
(68.733743 0.15173628 0)
(68.738974 0.15255348 0)
(68.744088 0.15305597 0)
(68.749055 0.15325149 0)
(68.753839 0.15316045 0)
(68.758407 0.15281731 0)
(68.76274 0.15226057 0)
(68.76683 0.151524 0)
(68.770675 0.15063695 0)
(68.774273 0.14962805 0)
(68.777627 0.14852589 0)
(68.780743 0.14735626 0)
(68.783635 0.14613833 0)
(68.786316 0.14488464 0)
(68.788793 0.14360476 0)
(68.791076 0.14230902 0)
(68.79317 0.14100823 0)
(68.795088 0.13970992 0)
(68.79684 0.13841738 0)
(68.798434 0.13713171 0)
(68.799875 0.13585599 0)
(68.80117 0.13459433 0)
(68.802327 0.13334902 0)
(68.803354 0.132119 0)
(68.804257 0.13090356 0)
(68.80504 0.12970429 0)
(68.805711 0.12852202 0)
(68.806276 0.1273553 0)
(68.806742 0.12620359 0)
(68.807113 0.12506821 0)
(68.807398 0.12394844 0)
(68.807603 0.12284262 0)
(68.807733 0.12175085 0)
(68.807796 0.1206746 0)
(68.807797 0.11961215 0)
(68.807744 0.11856394 0)
(68.807643 0.11753006 0)
(68.807501 0.11651106 0)
(68.807323 0.11550554 0)
(68.807115 0.11451566 0)
(68.806884 0.11353891 0)
(68.806635 0.11257826 0)
(68.806372 0.11163045 0)
(68.8061 0.11069856 0)
(68.805823 0.10977975 0)
(68.805545 0.10887707 0)
(68.805268 0.10798649 0)
(68.804995 0.10711195 0)
(68.804728 0.10625135 0)
(68.80447 0.10540314 0)
(68.804221 0.10457051 0)
(68.803982 0.10374848 0)
(68.803754 0.10294264 0)
(68.803537 0.10214741 0)
(68.80333 0.1013666 0)
(68.803137 0.10060042 0)
(68.802955 0.099839303 0)
(68.802784 0.099098288 0)
(68.802623 0.098357587 0)
(68.802471 0.097639578 0)
(68.802329 0.096922596 0)
(68.802196 0.096222328 0)
(68.802073 0.095528157 0)
(68.801958 0.094844393 0)
(68.801836 0.09416623 0)
(68.801437 0.093510363 0)
(68.799732 0.092842734 0)
(68.790504 0.092197747 0)
(68.756303 0.091213109 0)
(68.643336 0.089357249 0)
(68.405584 0.086106461 0)
(68.048054 0.081703367 0)
(67.647637 0.076873782 0)
(67.235974 0.072341306 0)
(66.827414 0.068082032 0)
(66.415558 0.063978578 0)
(65.997233 0.059985094 0)
(65.567432 0.056121717 0)
(65.134346 0.052406372 0)
(64.70466 0.048686372 0)
(64.284218 0.046259823 0)
(63.866233 0.040367651 0)
(63.517784 0.047649328 0)
(62.933414 0.030325953 0)
(68.670856 0.10491608 0)
(68.673863 0.11263217 0)
(68.67812 0.11989977 0)
(68.683511 0.12630225 0)
(68.689633 0.13155302 0)
(68.695963 0.135626 0)
(68.702076 0.13875831 0)
(68.707793 0.14130677 0)
(68.713179 0.14355406 0)
(68.71841 0.14560652 0)
(68.72362 0.14743379 0)
(68.728843 0.14897318 0)
(68.73404 0.1501947 0)
(68.739165 0.15109906 0)
(68.744182 0.15169345 0)
(68.749064 0.15198604 0)
(68.753776 0.15199507 0)
(68.758288 0.15175143 0)
(68.762577 0.15129092 0)
(68.766634 0.15064622 0)
(68.770454 0.14984619 0)
(68.774037 0.14891877 0)
(68.777382 0.14789175 0)
(68.780495 0.14679044 0)
(68.783388 0.14563431 0)
(68.786071 0.14443676 0)
(68.788554 0.14320812 0)
(68.790843 0.14195894 0)
(68.792945 0.14069999 0)
(68.794872 0.13943917 0)
(68.796632 0.13818041 0)
(68.798234 0.13692547 0)
(68.799684 0.13567755 0)
(68.800988 0.13444077 0)
(68.802153 0.13321761 0)
(68.803188 0.13200757 0)
(68.804098 0.13081016 0)
(68.804889 0.1296269 0)
(68.805567 0.12845876 0)
(68.806139 0.12730466 0)
(68.80661 0.12616413 0)
(68.806988 0.12503839 0)
(68.807278 0.12392699 0)
(68.807488 0.12282849 0)
(68.807624 0.12174297 0)
(68.807691 0.12067187 0)
(68.807697 0.11961379 0)
(68.807648 0.11856912 0)
(68.807551 0.11753806 0)
(68.807413 0.11652119 0)
(68.807238 0.11551735 0)
(68.807034 0.11452849 0)
(68.806807 0.11355253 0)
(68.80656 0.11259211 0)
(68.806301 0.11164444 0)
(68.806032 0.11071226 0)
(68.805757 0.10979315 0)
(68.805481 0.10888983 0)
(68.805207 0.10799874 0)
(68.804936 0.1071234 0)
(68.804672 0.10626205 0)
(68.804416 0.10541314 0)
(68.804169 0.10457964 0)
(68.803932 0.10375699 0)
(68.803705 0.10295031 0)
(68.80349 0.10215451 0)
(68.803285 0.101373 0)
(68.803094 0.1006061 0)
(68.802913 0.099844646 0)
(68.802743 0.099102833 0)
(68.802583 0.098362036 0)
(68.802432 0.097643224 0)
(68.802292 0.096926122 0)
(68.80216 0.096225371 0)
(68.802037 0.095531148 0)
(68.801923 0.094847456 0)
(68.801823 0.094170022 0)
(68.801731 0.093511192 0)
(68.801662 0.092843141 0)
(68.801061 0.092215335 0)
(68.798184 0.09155063 0)
(68.782415 0.090885607 0)
(68.726872 0.089645386 0)
(68.564886 0.087273507 0)
(68.273807 0.08347169 0)
(67.89012 0.078868555 0)
(67.484871 0.074176963 0)
(67.077429 0.06983921 0)
(66.669683 0.065668665 0)
(66.257467 0.061685728 0)
(65.837 0.057840728 0)
(65.407565 0.053879534 0)
(64.978376 0.051210136 0)
(64.542374 0.044751762 0)
(64.175759 0.052698737 0)
(63.554776 0.033474253 0)
(68.674817 0.10374007 0)
(68.67755 0.11090691 0)
(68.681373 0.11771761 0)
(68.686208 0.12382979 0)
(68.691742 0.12899465 0)
(68.697555 0.13315919 0)
(68.703291 0.1364784 0)
(68.708772 0.13921893 0)
(68.71401 0.14161322 0)
(68.719121 0.14376769 0)
(68.72421 0.14567631 0)
(68.729305 0.14729567 0)
(68.73438 0.1486015 0)
(68.739393 0.14959421 0)
(68.744309 0.15028142 0)
(68.749101 0.15067178 0)
(68.753737 0.15078181 0)
(68.758186 0.15063913 0)
(68.762426 0.15027685 0)
(68.766446 0.14972634 0)
(68.77024 0.14901583 0)
(68.773803 0.14817254 0)
(68.777137 0.14722345 0)
(68.780245 0.14619331 0)
(68.783137 0.14510182 0)
(68.785822 0.14396312 0)
(68.788308 0.14278825 0)
(68.790603 0.141588 0)
(68.792713 0.14037315 0)
(68.794647 0.13915192 0)
(68.796416 0.13792888 0)
(68.798027 0.13670642 0)
(68.799485 0.1354879 0)
(68.800798 0.13427746 0)
(68.801971 0.1330778 0)
(68.803014 0.13188894 0)
(68.803932 0.13071063 0)
(68.80473 0.12954436 0)
(68.805415 0.12839123 0)
(68.805993 0.12725051 0)
(68.806471 0.12612183 0)
(68.806855 0.12500635 0)
(68.807151 0.12390384 0)
(68.807366 0.12281311 0)
(68.807507 0.12173424 0)
(68.807579 0.12066862 0)
(68.80759 0.11961518 0)
(68.807546 0.11857427 0)
(68.807453 0.11754622 0)
(68.807318 0.11653163 0)
(68.807148 0.11552957 0)
(68.806948 0.11454183 0)
(68.806723 0.11356671 0)
(68.80648 0.11260656 0)
(68.806224 0.11165904 0)
(68.805958 0.11072658 0)
(68.805686 0.10980716 0)
(68.805413 0.10890318 0)
(68.805141 0.10801155 0)
(68.804873 0.1071354 0)
(68.804611 0.10627326 0)
(68.804357 0.1054236 0)
(68.804112 0.10458921 0)
(68.803877 0.1037659 0)
(68.803652 0.10295835 0)
(68.803439 0.10216195 0)
(68.803236 0.1013797 0)
(68.803046 0.10061206 0)
(68.802867 0.099850241 0)
(68.802698 0.099107602 0)
(68.80254 0.09836668 0)
(68.80239 0.09764707 0)
(68.802251 0.096929854 0)
(68.80212 0.09622854 0)
(68.801998 0.095534055 0)
(68.801884 0.094850015 0)
(68.801776 0.094172716 0)
(68.801679 0.093513789 0)
(68.801609 0.092846341 0)
(68.801547 0.092208449 0)
(68.801506 0.091554119 0)
(68.800538 0.090950897 0)
(68.795167 0.090296319 0)
(68.768669 0.089533425 0)
(68.679761 0.087876921 0)
(68.459876 0.084945074 0)
(68.12387 0.080721205 0)
(67.727649 0.076077418 0)
(67.319859 0.071542077 0)
(66.916593 0.067392259 0)
(66.508238 0.063370845 0)
(66.09685 0.059300168 0)
(65.674969 0.056533832 0)
(65.234488 0.049555485 0)
(64.858751 0.05832736 0)
(64.205667 0.037006973 0)
(68.678697 0.10259853 0)
(68.681182 0.1092639 0)
(68.684617 0.11565096 0)
(68.688956 0.12147804 0)
(68.693956 0.12653047 0)
(68.699285 0.13073914 0)
(68.704646 0.13419719 0)
(68.709871 0.13709714 0)
(68.714935 0.13962411 0)
(68.719907 0.14187746 0)
(68.724861 0.1438677 0)
(68.729822 0.14556738 0)
(68.734768 0.14695787 0)
(68.739662 0.14803953 0)
(68.744472 0.14882011 0)
(68.749169 0.14930867 0)
(68.753723 0.14952034 0)
(68.758105 0.14947982 0)
(68.762292 0.14921751 0)
(68.766271 0.14876332 0)
(68.770033 0.14814471 0)
(68.773575 0.14738813 0)
(68.776895 0.14651969 0)
(68.779995 0.14556357 0)
(68.782884 0.14453958 0)
(68.785569 0.14346249 0)
(68.788058 0.14234398 0)
(68.790358 0.14119511 0)
(68.792474 0.1400267 0)
(68.794416 0.13884726 0)
(68.796193 0.13766195 0)
(68.797812 0.1364738 0)
(68.799278 0.13528635 0)
(68.800599 0.1341038 0)
(68.801781 0.13292907 0)
(68.802832 0.13176264 0)
(68.803757 0.13060458 0)
(68.804563 0.12945633 0)
(68.805255 0.12831914 0)
(68.80584 0.1271926 0)
(68.806324 0.1260765 0)
(68.806714 0.12497192 0)
(68.807016 0.12387886 0)
(68.807237 0.12279636 0)
(68.807383 0.12172455 0)
(68.80746 0.12066477 0)
(68.807475 0.11961627 0)
(68.807436 0.11857937 0)
(68.807348 0.11755453 0)
(68.807217 0.11654237 0)
(68.807051 0.11554221 0)
(68.806854 0.11455568 0)
(68.806634 0.11358146 0)
(68.806394 0.11262162 0)
(68.806141 0.11167427 0)
(68.805878 0.11074155 0)
(68.80561 0.10982179 0)
(68.80534 0.10891715 0)
(68.805071 0.10802495 0)
(68.804805 0.10714795 0)
(68.804545 0.10628499 0)
(68.804294 0.10543455 0)
(68.804051 0.10459924 0)
(68.803818 0.10377523 0)
(68.803595 0.10296678 0)
(68.803384 0.10216973 0)
(68.803182 0.10138671 0)
(68.802994 0.1006183 0)
(68.802816 0.099856095 0)
(68.802649 0.099112602 0)
(68.802492 0.098371533 0)
(68.802344 0.09765111 0)
(68.802206 0.09693375 0)
(68.802076 0.096231867 0)
(68.801955 0.095537119 0)
(68.801842 0.09485274 0)
(68.801734 0.094175253 0)
(68.801635 0.0935159 0)
(68.801545 0.092848613 0)
(68.801465 0.092210634 0)
(68.801424 0.091556069 0)
(68.801409 0.090935756 0)
(68.801344 0.090305061 0)
(68.799568 0.089718406 0)
(68.789818 0.089038086 0)
(68.743241 0.088068298 0)
(68.608366 0.085896875 0)
(68.330541 0.082416271 0)
(67.962255 0.077916135 0)
(67.561118 0.073370172 0)
(67.15387 0.069065451 0)
(66.753483 0.064829681 0)
(66.34688 0.061993781 0)
(65.920746 0.054621768 0)
(65.549921 0.064458762 0)
(64.879566 0.040904071 0)
(68.682503 0.10149205 0)
(68.684761 0.10769868 0)
(68.687851 0.11369213 0)
(68.691748 0.11924071 0)
(68.696266 0.1241598 0)
(68.701142 0.12837211 0)
(68.706135 0.13192524 0)
(68.71109 0.13495217 0)
(68.715958 0.13759509 0)
(68.720772 0.13994155 0)
(68.725579 0.14201184 0)
(68.730397 0.14379098 0)
(68.735207 0.14526559 0)
(68.739977 0.14643612 0)
(68.744674 0.14731016 0)
(68.749271 0.147897 0)
(68.753739 0.14821062 0)
(68.758048 0.14827312 0)
(68.762177 0.14811225 0)
(68.76611 0.14775631 0)
(68.769837 0.14723182 0)
(68.773354 0.14656439 0)
(68.776656 0.14577925 0)
(68.779746 0.14489997 0)
(68.782629 0.14394633 0)
(68.785313 0.14293363 0)
(68.787803 0.14187414 0)
(68.790106 0.14077917 0)
(68.792228 0.1396596 0)
(68.794177 0.13852421 0)
(68.795961 0.13737874 0)
(68.797588 0.13622681 0)
(68.799063 0.13507221 0)
(68.800392 0.13391918 0)
(68.801582 0.13277086 0)
(68.80264 0.1316282 0)
(68.803573 0.13049157 0)
(68.804386 0.12936243 0)
(68.805086 0.12824216 0)
(68.805678 0.12713068 0)
(68.806169 0.12602791 0)
(68.806565 0.12493491 0)
(68.806873 0.12385189 0)
(68.807099 0.12277813 0)
(68.807251 0.12171383 0)
(68.807333 0.12066027 0)
(68.807354 0.119617 0)
(68.807319 0.11858438 0)
(68.807235 0.11756294 0)
(68.807109 0.1165534 0)
(68.806947 0.11555526 0)
(68.806754 0.11457005 0)
(68.806538 0.11359677 0)
(68.806302 0.11263731 0)
(68.806052 0.11169014 0)
(68.805793 0.11075717 0)
(68.805527 0.10983707 0)
(68.80526 0.10893176 0)
(68.804994 0.10803894 0)
(68.804731 0.10716108 0)
(68.804474 0.10629725 0)
(68.804225 0.10544601 0)
(68.803985 0.10460973 0)
(68.803754 0.10378499 0)
(68.803533 0.10297561 0)
(68.803323 0.10217786 0)
(68.803124 0.10139406 0)
(68.802937 0.10062483 0)
(68.802762 0.099862216 0)
(68.802596 0.099117843 0)
(68.802441 0.098376601 0)
(68.802294 0.097655346 0)
(68.802157 0.096937816 0)
(68.802029 0.096235353 0)
(68.801909 0.095540331 0)
(68.801797 0.094855612 0)
(68.80169 0.094177923 0)
(68.801592 0.093518014 0)
(68.801499 0.09285087 0)
(68.801413 0.092212612 0)
(68.801336 0.09155788 0)
(68.801273 0.090936795 0)
(68.801278 0.090302991 0)
(68.801291 0.089695859 0)
(68.80123 0.089080881 0)
(68.797364 0.088528016 0)
(68.77929 0.087746868 0)
(68.700354 0.086428578 0)
(68.510426 0.083691571 0)
(68.181699 0.079750452 0)
(67.794212 0.075181429 0)
(67.391388 0.070559199 0)
(66.990619 0.0675964 0)
(66.577819 0.059788147 0)
(66.222584 0.070843122 0)
(65.561121 0.04506277 0)
(68.686239 0.10042022 0)
(68.688291 0.10620634 0)
(68.691073 0.11183368 0)
(68.694576 0.1171114 0)
(68.698659 0.12188116 0)
(68.703116 0.12606307 0)
(68.707751 0.12967214 0)
(68.712426 0.13279458 0)
(68.717082 0.13553499 0)
(68.721721 0.13796639 0)
(68.726369 0.14011329 0)
(68.731035 0.14196979 0)
(68.735703 0.14352699 0)
(68.740341 0.14478554 0)
(68.74492 0.14575259 0)
(68.749411 0.14643736 0)
(68.753787 0.14685289 0)
(68.758019 0.14701891 0)
(68.762084 0.14696063 0)
(68.765966 0.14670458 0)
(68.769654 0.14627623 0)
(68.773141 0.14570026 0)
(68.776423 0.14500098 0)
(68.7795 0.14420129 0)
(68.782375 0.14332084 0)
(68.785055 0.14237534 0)
(68.787545 0.14137754 0)
(68.78985 0.14033905 0)
(68.791977 0.13927079 0)
(68.793932 0.13818181 0)
(68.795722 0.13707837 0)
(68.797356 0.13596466 0)
(68.798839 0.13484473 0)
(68.800176 0.13372292 0)
(68.801374 0.13260258 0)
(68.80244 0.1314851 0)
(68.803381 0.13037117 0)
(68.804201 0.1292623 0)
(68.804908 0.12815998 0)
(68.805507 0.12706446 0)
(68.806004 0.12597583 0)
(68.806407 0.12489513 0)
(68.806721 0.12382278 0)
(68.806953 0.1227583 0)
(68.80711 0.12170196 0)
(68.807198 0.12065502 0)
(68.807223 0.11961733 0)
(68.807194 0.11858924 0)
(68.807115 0.11757145 0)
(68.806993 0.11656469 0)
(68.806835 0.11556871 0)
(68.806647 0.11458493 0)
(68.806435 0.11361267 0)
(68.806203 0.11265363 0)
(68.805956 0.11170667 0)
(68.8057 0.11077346 0)
(68.805438 0.10985301 0)
(68.805174 0.10894701 0)
(68.804911 0.10805356 0)
(68.804651 0.10717481 0)
(68.804397 0.10631008 0)
(68.80415 0.10545798 0)
(68.803913 0.10462071 0)
(68.803684 0.10379519 0)
(68.803466 0.10298484 0)
(68.803258 0.10218637 0)
(68.803061 0.10140174 0)
(68.802876 0.10063167 0)
(68.802702 0.099868611 0)
(68.802538 0.099123334 0)
(68.802384 0.098381892 0)
(68.802239 0.097659785 0)
(68.802104 0.096942059 0)
(68.801976 0.096239004 0)
(68.801858 0.095543687 0)
(68.801747 0.094858613 0)
(68.801641 0.094180713 0)
(68.801544 0.093520244 0)
(68.801452 0.092853328 0)
(68.801367 0.092214267 0)
(68.801286 0.091559824 0)
(68.801208 0.090938632 0)
(68.801148 0.090304563 0)
(68.801103 0.089694407 0)
(68.80119 0.089075406 0)
(68.801191 0.088495111 0)
(68.800898 0.087880501 0)
(68.79274 0.087361001 0)
(68.759943 0.086378065 0)
(68.633564 0.084561758 0)
(68.386328 0.081317546 0)
(68.019497 0.076813175 0)
(67.625694 0.073502348 0)
(67.21201 0.065112997 0)
(66.864214 0.077333725 0)
(66.228297 0.049365561 0)
(68.68991 0.099382266 0)
(68.691776 0.10478235 0)
(68.694284 0.11006867 0)
(68.697435 0.11508392 0)
(68.701125 0.11969261 0)
(68.705194 0.12381597 0)
(68.709485 0.12744652 0)
(68.713877 0.1306346 0)
(68.718307 0.13345297 0)
(68.722757 0.13595904 0)
(68.727235 0.13817733 0)
(68.73174 0.14010778 0)
(68.736258 0.14174505 0)
(68.740758 0.14308992 0)
(68.745213 0.14414887 0)
(68.749592 0.14493078 0)
(68.75387 0.14544773 0)
(68.75802 0.14571738 0)
(68.762016 0.14576248 0)
(68.765843 0.14560768 0)
(68.769487 0.14527725 0)
(68.77294 0.14479485 0)
(68.776197 0.14418385 0)
(68.779257 0.14346639 0)
(68.782122 0.14266193 0)
(68.784796 0.14178642 0)
(68.787284 0.14085305 0)
(68.78959 0.13987365 0)
(68.79172 0.13885923 0)
(68.793679 0.13781907 0)
(68.795476 0.13675991 0)
(68.797116 0.1356865 0)
(68.798606 0.13460316 0)
(68.79995 0.13351435 0)
(68.801156 0.13242364 0)
(68.80223 0.13133283 0)
(68.803178 0.13024292 0)
(68.804006 0.12915552 0)
(68.80472 0.12807225 0)
(68.805326 0.12699366 0)
(68.80583 0.12592002 0)
(68.806239 0.12485238 0)
(68.806559 0.12379136 0)
(68.806798 0.12273673 0)
(68.80696 0.12168884 0)
(68.807054 0.12064895 0)
(68.807085 0.11961718 0)
(68.80706 0.11859393 0)
(68.806986 0.11758001 0)
(68.806869 0.11657624 0)
(68.806716 0.11558257 0)
(68.806532 0.11460033 0)
(68.806324 0.11362916 0)
(68.806096 0.11267061 0)
(68.805853 0.11172387 0)
(68.805601 0.11079044 0)
(68.805343 0.10986962 0)
(68.805082 0.10896294 0)
(68.804822 0.10806882 0)
(68.804565 0.10718915 0)
(68.804314 0.10632348 0)
(68.80407 0.1054705 0)
(68.803834 0.10463219 0)
(68.803608 0.10380585 0)
(68.803392 0.1029945 0)
(68.803187 0.10219525 0)
(68.802992 0.10140978 0)
(68.802809 0.10063882 0)
(68.802637 0.099875287 0)
(68.802475 0.099129083 0)
(68.802322 0.098387409 0)
(68.802179 0.097664434 0)
(68.802045 0.096946485 0)
(68.801919 0.096242823 0)
(68.801802 0.09554719 0)
(68.801692 0.094861748 0)
(68.801588 0.094183626 0)
(68.801492 0.093522587 0)
(68.801401 0.092855883 0)
(68.801317 0.092215979 0)
(68.801237 0.091562056 0)
(68.801159 0.090940045 0)
(68.80109 0.090306175 0)
(68.801023 0.089696049 0)
(68.800982 0.089076654 0)
(68.800958 0.088485814 0)
(68.801171 0.087873659 0)
(68.801042 0.087328666 0)
(68.799969 0.08670619 0)
(68.783143 0.086173226 0)
(68.726314 0.084944162 0)
(68.537687 0.082242187 0)
(68.240445 0.079781285 0)
(67.839043 0.070913501 0)
(67.492617 0.08406748 0)
(66.868226 0.05377249 0)
(68.69352 0.098377288 0)
(68.695218 0.1034223 0)
(68.697481 0.10839059 0)
(68.700319 0.11315229 0)
(68.703655 0.11759171 0)
(68.707367 0.12163368 0)
(68.711329 0.12525587 0)
(68.715439 0.12848188 0)
(68.719633 0.13135825 0)
(68.723882 0.13392707 0)
(68.728179 0.13620983 0)
(68.732516 0.13820954 0)
(68.736877 0.13992332 0)
(68.741233 0.14135194 0)
(68.745557 0.14250096 0)
(68.749819 0.14337865 0)
(68.753994 0.1439961 0)
(68.758054 0.14436904 0)
(68.761977 0.14451788 0)
(68.765742 0.14446534 0)
(68.769337 0.14423432 0)
(68.772753 0.1438474 0)
(68.775982 0.14332692 0)
(68.779021 0.14269424 0)
(68.781873 0.14196848 0)
(68.784538 0.14116573 0)
(68.787021 0.1402995 0)
(68.789326 0.13938183 0)
(68.791458 0.13842383 0)
(68.793421 0.13743498 0)
(68.795222 0.13642244 0)
(68.796869 0.13539148 0)
(68.798365 0.13434673 0)
(68.799716 0.13329278 0)
(68.80093 0.13223341 0)
(68.802011 0.13117081 0)
(68.802966 0.13010632 0)
(68.803802 0.12904168 0)
(68.804522 0.12797861 0)
(68.805135 0.12691795 0)
(68.805646 0.1258602 0)
(68.806062 0.12480644 0)
(68.806388 0.12375744 0)
(68.806633 0.12271327 0)
(68.806801 0.12167435 0)
(68.8069 0.12064196 0)
(68.806936 0.11961649 0)
(68.806917 0.11859839 0)
(68.806848 0.1175886 0)
(68.806736 0.11658802 0)
(68.806587 0.1155968 0)
(68.806408 0.11461623 0)
(68.806204 0.11364623 0)
(68.80598 0.11268824 0)
(68.805742 0.11174174 0)
(68.805494 0.11080812 0)
(68.805239 0.10988693 0)
(68.804982 0.10897955 0)
(68.804725 0.10808472 0)
(68.804471 0.10720412 0)
(68.804223 0.10633747 0)
(68.803982 0.10548356 0)
(68.80375 0.10464418 0)
(68.803526 0.10381697 0)
(68.803313 0.10300459 0)
(68.80311 0.10220453 0)
(68.802917 0.10141817 0)
(68.802736 0.10064629 0)
(68.802565 0.099882253 0)
(68.802405 0.099135099 0)
(68.802255 0.098393158 0)
(68.802113 0.0976693 0)
(68.801981 0.096951097 0)
(68.801856 0.096246816 0)
(68.801741 0.095550845 0)
(68.801632 0.094865019 0)
(68.801529 0.094186663 0)
(68.801434 0.093525037 0)
(68.801345 0.092858531 0)
(68.801261 0.092217799 0)
(68.801182 0.091564381 0)
(68.801106 0.09094146 0)
(68.801037 0.090307975 0)
(68.800971 0.089697344 0)
(68.80091 0.089077909 0)
(68.80085 0.088487069 0)
(68.800838 0.087874998 0)
(68.800833 0.087305919 0)
(68.801253 0.086706826 0)
(68.800537 0.0861901 0)
(68.797877 0.085628217 0)
(68.76309 0.084691883 0)
(68.670524 0.084373377 0)
(68.402852 0.076538819 0)
(68.115078 0.09126629 0)
(67.493954 0.058431851 0)
(68.697075 0.0974042 0)
(68.698621 0.10212198 0)
(68.700665 0.10679328 0)
(68.703224 0.11131074 0)
(68.706241 0.11557573 0)
(68.709623 0.11951818 0)
(68.713273 0.12310664 0)
(68.717105 0.12634534 0)
(68.721059 0.12925994 0)
(68.725098 0.13187837 0)
(68.729205 0.13421722 0)
(68.733367 0.13628027 0)
(68.737564 0.13806598 0)
(68.74177 0.13957484 0)
(68.745956 0.14081136 0)
(68.750096 0.14178286 0)
(68.754161 0.14249935 0)
(68.758127 0.14297477 0)
(68.761969 0.14322728 0)
(68.765668 0.1432776 0)
(68.769209 0.14314717 0)
(68.772582 0.14285736 0)
(68.775778 0.14242944 0)
(68.778794 0.14188392 0)
(68.781628 0.14123947 0)
(68.784282 0.14051219 0)
(68.786758 0.13971581 0)
(68.78906 0.13886254 0)
(68.791191 0.13796356 0)
(68.793156 0.13702854 0)
(68.794962 0.13606502 0)
(68.796613 0.13507873 0)
(68.798115 0.13407464 0)
(68.799473 0.13305748 0)
(68.800693 0.13203124 0)
(68.801782 0.13099848 0)
(68.802744 0.12996089 0)
(68.803586 0.12892033 0)
(68.804314 0.12787867 0)
(68.804934 0.12683703 0)
(68.805451 0.12579611 0)
(68.805873 0.12475707 0)
(68.806206 0.12372085 0)
(68.806457 0.12268776 0)
(68.806631 0.12165837 0)
(68.806736 0.12063397 0)
(68.806778 0.11961517 0)
(68.806764 0.11860256 0)
(68.8067 0.11759717 0)
(68.806593 0.1166 0)
(68.80645 0.1156114 0)
(68.806275 0.11463264 0)
(68.806076 0.1136639 0)
(68.805856 0.11270652 0)
(68.805622 0.11176031 0)
(68.805378 0.11082652 0)
(68.805127 0.10990494 0)
(68.804874 0.10899686 0)
(68.80462 0.1081013 0)
(68.80437 0.10721973 0)
(68.804125 0.10635206 0)
(68.803887 0.10549718 0)
(68.803658 0.1046567 0)
(68.803437 0.10382857 0)
(68.803226 0.10301513 0)
(68.803025 0.10221421 0)
(68.802835 0.10142693 0)
(68.802656 0.1006541 0)
(68.802488 0.099889514 0)
(68.80233 0.099141389 0)
(68.802181 0.098399145 0)
(68.802041 0.097674389 0)
(68.80191 0.0969559 0)
(68.801788 0.096250987 0)
(68.801673 0.095554655 0)
(68.801566 0.094868432 0)
(68.801464 0.094189829 0)
(68.801371 0.093527595 0)
(68.801283 0.092861282 0)
(68.8012 0.092219713 0)
(68.801122 0.091566773 0)
(68.801048 0.090942965 0)
(68.800979 0.090309867 0)
(68.800915 0.089698587 0)
(68.800853 0.089079445 0)
(68.800794 0.088488336 0)
(68.800742 0.087876042 0)
(68.800679 0.087306286 0)
(68.800727 0.086709408 0)
(68.800651 0.086144501 0)
(68.801591 0.085658641 0)
(68.798492 0.084892311 0)
(68.794111 0.085692526 0)
(68.717436 0.079715757 0)
(68.618352 0.09764371 0)
(68.097731 0.063298386 0)
(68.700577 0.096461906 0)
(68.701985 0.10087748 0)
(68.703834 0.10527112 0)
(68.706144 0.10955388 0)
(68.708873 0.11364182 0)
(68.711954 0.11747074 0)
(68.715309 0.12100426 0)
(68.71887 0.12423313 0)
(68.722581 0.12716689 0)
(68.726404 0.12982106 0)
(68.730315 0.1322064 0)
(68.734294 0.13432572 0)
(68.738322 0.13617778 0)
(68.742371 0.13776248 0)
(68.746414 0.13908311 0)
(68.750425 0.1401458 0)
(68.754375 0.14095931 0)
(68.75824 0.14153586 0)
(68.761996 0.14189147 0)
(68.765623 0.14204484 0)
(68.769105 0.14201579 0)
(68.77243 0.14182443 0)
(68.775589 0.14149086 0)
(68.778576 0.14103467 0)
(68.78139 0.140474 0)
(68.784029 0.13982482 0)
(68.786496 0.13910095 0)
(68.788792 0.13831474 0)
(68.790921 0.13747741 0)
(68.792887 0.13659876 0)
(68.794695 0.13568671 0)
(68.79635 0.1347474 0)
(68.797857 0.1337861 0)
(68.799221 0.13280774 0)
(68.800447 0.13181649 0)
(68.801542 0.13081527 0)
(68.802511 0.1298061 0)
(68.80336 0.12879102 0)
(68.804095 0.12777205 0)
(68.804721 0.12675054 0)
(68.805246 0.12572746 0)
(68.805674 0.12470403 0)
(68.806013 0.12368138 0)
(68.80627 0.12266005 0)
(68.80645 0.12164075 0)
(68.806561 0.12062484 0)
(68.806609 0.11961315 0)
(68.8066 0.11860637 0)
(68.806542 0.11760567 0)
(68.80644 0.11661215 0)
(68.806302 0.11562634 0)
(68.806132 0.11464954 0)
(68.805937 0.11368214 0)
(68.805723 0.11272547 0)
(68.805493 0.11177956 0)
(68.805253 0.11084563 0)
(68.805006 0.10992367 0)
(68.804757 0.10901487 0)
(68.804507 0.10811855 0)
(68.80426 0.107236 0)
(68.804019 0.10636726 0)
(68.803784 0.10551137 0)
(68.803558 0.10466976 0)
(68.80334 0.10384067 0)
(68.803132 0.10302613 0)
(68.802934 0.1022243 0)
(68.802746 0.10143607 0)
(68.802569 0.10066224 0)
(68.802403 0.099897077 0)
(68.802247 0.099147961 0)
(68.8021 0.098405373 0)
(68.801962 0.097679707 0)
(68.801833 0.096960897 0)
(68.801712 0.096255341 0)
(68.801599 0.095558623 0)
(68.801494 0.094871988 0)
(68.801394 0.094193124 0)
(68.801302 0.093530266 0)
(68.801215 0.092864139 0)
(68.801133 0.092221718 0)
(68.801056 0.091569246 0)
(68.800983 0.090944554 0)
(68.800915 0.090311811 0)
(68.800852 0.089699904 0)
(68.800791 0.089081119 0)
(68.800734 0.088489257 0)
(68.80068 0.087877498 0)
(68.800618 0.087307728 0)
(68.800585 0.086710557 0)
(68.800443 0.08614125 0)
(68.80075 0.085669822 0)
(68.799796 0.084809423 0)
(68.803724 0.085817272 0)
(68.786319 0.080165858 0)
(68.808304 0.10054572 0)
(68.551926 0.066963059 0)
(68.704029 0.09554886 0)
(68.705313 0.099685073 0)
(68.706988 0.10381883 0)
(68.709074 0.10787658 0)
(68.711545 0.11178693 0)
(68.714349 0.1154919 0)
(68.717428 0.11895313 0)
(68.720727 0.12215245 0)
(68.724197 0.12508744 0)
(68.727801 0.12776324 0)
(68.731509 0.13018456 0)
(68.735301 0.1323521 0)
(68.739153 0.134264 0)
(68.74304 0.13591928 0)
(68.746935 0.13731981 0)
(68.750811 0.13847034 0)
(68.75464 0.13937825 0)
(68.758399 0.14005404 0)
(68.762063 0.14051166 0)
(68.765612 0.14076777 0)
(68.769029 0.1408405 0)
(68.772301 0.14074856 0)
(68.775417 0.14051085 0)
(68.778372 0.14014595 0)
(68.781161 0.13967135 0)
(68.783782 0.13910275 0)
(68.786236 0.13845399 0)
(68.788524 0.13773745 0)
(68.790649 0.13696439 0)
(68.792614 0.13614471 0)
(68.794423 0.13528661 0)
(68.79608 0.13439662 0)
(68.797591 0.13348032 0)
(68.79896 0.13254281 0)
(68.800192 0.13158848 0)
(68.801292 0.13062057 0)
(68.802268 0.12964144 0)
(68.803123 0.1286533 0)
(68.803864 0.12765834 0)
(68.804497 0.12665816 0)
(68.805028 0.12565395 0)
(68.805463 0.12464708 0)
(68.805808 0.12363882 0)
(68.806071 0.12262995 0)
(68.806258 0.12162138 0)
(68.806374 0.12061449 0)
(68.806428 0.11961034 0)
(68.806425 0.11860976 0)
(68.806372 0.11761405 0)
(68.806276 0.11662443 0)
(68.806143 0.1156416 0)
(68.805978 0.1146669 0)
(68.805788 0.11370096 0)
(68.805579 0.11274507 0)
(68.805353 0.11179951 0)
(68.805118 0.11086546 0)
(68.804875 0.10994312 0)
(68.80463 0.10903361 0)
(68.804384 0.10813649 0)
(68.804141 0.10725293 0)
(68.803904 0.1063831 0)
(68.803672 0.10552615 0)
(68.803449 0.10468336 0)
(68.803234 0.10385326 0)
(68.803029 0.10303759 0)
(68.802834 0.1022348 0)
(68.802648 0.10144559 0)
(68.802474 0.10067074 0)
(68.802311 0.099904946 0)
(68.802157 0.099154821 0)
(68.802012 0.098411846 0)
(68.801876 0.097685259 0)
(68.801749 0.096966091 0)
(68.80163 0.09625988 0)
(68.801519 0.095562752 0)
(68.801415 0.094875691 0)
(68.801316 0.094196551 0)
(68.801225 0.093533053 0)
(68.801139 0.092867099 0)
(68.80106 0.092223816 0)
(68.800984 0.091571803 0)
(68.800912 0.09094622 0)
(68.800845 0.090313815 0)
(68.800783 0.089701294 0)
(68.800723 0.089082825 0)
(68.800667 0.088490198 0)
(68.800613 0.087879238 0)
(68.800556 0.087308394 0)
(68.800513 0.086712151 0)
(68.800384 0.086143289 0)
(68.800493 0.085674324 0)
(68.799647 0.084793019 0)
(68.801937 0.085850979 0)
(68.793653 0.080078408 0)
(68.816055 0.10087388 0)
(68.752235 0.068386147 0)
(68.707434 0.094663814 0)
(68.708607 0.098541327 0)
(68.710125 0.10243165 0)
(68.712012 0.10627411 0)
(68.71425 0.11000807 0)
(68.716801 0.11358173 0)
(68.719622 0.11695678 0)
(68.72267 0.12010966 0)
(68.725903 0.12302941 0)
(68.729286 0.12571288 0)
(68.732789 0.12815911 0)
(68.736389 0.13036601 0)
(68.740061 0.13233042 0)
(68.743781 0.13405018 0)
(68.747522 0.13552562 0)
(68.751257 0.13675994 0)
(68.75496 0.13775899 0)
(68.758606 0.13853153 0)
(68.762172 0.1390895 0)
(68.765637 0.13944753 0)
(68.768984 0.13962197 0)
(68.772197 0.13963004 0)
(68.775266 0.13948936 0)
(68.778183 0.13921741 0)
(68.780943 0.13883095 0)
(68.783542 0.13834528 0)
(68.785981 0.13777412 0)
(68.788258 0.13712982 0)
(68.790376 0.13642361 0)
(68.792337 0.13566548 0)
(68.794145 0.13486383 0)
(68.795803 0.13402555 0)
(68.797317 0.1331565 0)
(68.798689 0.13226197 0)
(68.799926 0.13134655 0)
(68.801032 0.13041379 0)
(68.802013 0.12946636 0)
(68.802875 0.12850669 0)
(68.803622 0.12753712 0)
(68.804261 0.12655951 0)
(68.804798 0.12557528 0)
(68.805239 0.12458595 0)
(68.805591 0.12359294 0)
(68.80586 0.1225973 0)
(68.806052 0.12160008 0)
(68.806175 0.12060278 0)
(68.806234 0.11960664 0)
(68.806237 0.11861266 0)
(68.80619 0.11762226 0)
(68.8061 0.1166368 0)
(68.805972 0.11565715 0)
(68.805813 0.11468472 0)
(68.805628 0.11372034 0)
(68.805423 0.11276532 0)
(68.805203 0.11182016 0)
(68.804972 0.11088602 0)
(68.804734 0.1099633 0)
(68.804493 0.10905307 0)
(68.804252 0.10815513 0)
(68.804013 0.10727053 0)
(68.803778 0.10639957 0)
(68.803551 0.10554153 0)
(68.803331 0.10469753 0)
(68.803119 0.10386636 0)
(68.802917 0.10304952 0)
(68.802725 0.10224573 0)
(68.802542 0.1014555 0)
(68.802371 0.10067958 0)
(68.80221 0.099913126 0)
(68.802058 0.099161973 0)
(68.801916 0.098418566 0)
(68.801781 0.097691049 0)
(68.801656 0.096971485 0)
(68.801539 0.096264607 0)
(68.80143 0.095567044 0)
(68.801328 0.094879541 0)
(68.80123 0.09420011 0)
(68.801141 0.093535958 0)
(68.801057 0.092870162 0)
(68.800978 0.092226012 0)
(68.800904 0.091574443 0)
(68.800833 0.090947965 0)
(68.800767 0.090315884 0)
(68.800706 0.089702746 0)
(68.800647 0.089084574 0)
(68.800593 0.088491215 0)
(68.80054 0.087881002 0)
(68.800484 0.087308991 0)
(68.80044 0.086714294 0)
(68.800324 0.086144387 0)
(68.800384 0.085677006 0)
(68.799691 0.08479803 0)
(68.801049 0.085855084 0)
(68.795471 0.080157029 0)
(68.806252 0.10059898 0)
(68.795652 0.068671272 0)
(68.710796 0.093805674 0)
(68.711867 0.097443039 0)
(68.713245 0.10110524 0)
(68.714953 0.10474212 0)
(68.71698 0.10830228 0)
(68.7193 0.11173984 0)
(68.721881 0.11501796 0)
(68.72469 0.11811021 0)
(68.727693 0.12099993 0)
(68.730857 0.12367767 0)
(68.734153 0.1261375 0)
(68.737558 0.12837432 0)
(68.741048 0.13038325 0)
(68.744596 0.13216064 0)
(68.748178 0.13370525 0)
(68.751767 0.13501859 0)
(68.755338 0.13610485 0)
(68.758866 0.13697104 0)
(68.762328 0.13762711 0)
(68.765703 0.13808568 0)
(68.768973 0.13836127 0)
(68.772122 0.13846951 0)
(68.775139 0.13842663 0)
(68.778013 0.138249 0)
(68.780739 0.13795249 0)
(68.783313 0.13755189 0)
(68.785731 0.13706067 0)
(68.787995 0.13649108 0)
(68.790103 0.13585426 0)
(68.792058 0.13516023 0)
(68.793863 0.13441755 0)
(68.795521 0.1336334 0)
(68.797035 0.1328139 0)
(68.79841 0.13196452 0)
(68.79965 0.13109006 0)
(68.800761 0.13019433 0)
(68.801747 0.12928033 0)
(68.802614 0.12835071 0)
(68.803367 0.12740799 0)
(68.804012 0.12645424 0)
(68.804555 0.12549115 0)
(68.805002 0.12452037 0)
(68.80536 0.12354353 0)
(68.805635 0.12256189 0)
(68.805833 0.12157671 0)
(68.805962 0.12058958 0)
(68.806027 0.11960195 0)
(68.806036 0.11861498 0)
(68.805995 0.11763024 0)
(68.80591 0.1166492 0)
(68.805788 0.11567296 0)
(68.805634 0.11470297 0)
(68.805455 0.11374026 0)
(68.805255 0.11278621 0)
(68.80504 0.1118415 0)
(68.804814 0.11090731 0)
(68.804581 0.10998421 0)
(68.804344 0.10907326 0)
(68.804107 0.10817447 0)
(68.803873 0.10728881 0)
(68.803642 0.10641669 0)
(68.803418 0.1055575 0)
(68.803202 0.10471225 0)
(68.802994 0.10387997 0)
(68.802795 0.10306194 0)
(68.802606 0.10225709 0)
(68.802427 0.1014658 0)
(68.802258 0.10068879 0)
(68.802099 0.099921619 0)
(68.80195 0.099169421 0)
(68.80181 0.098425537 0)
(68.801678 0.09769708 0)
(68.801555 0.096977079 0)
(68.80144 0.096269525 0)
(68.801332 0.0955715 0)
(68.801232 0.094883541 0)
(68.801136 0.094203802 0)
(68.801049 0.093538983 0)
(68.800966 0.092873328 0)
(68.800889 0.092228307 0)
(68.800816 0.091577162 0)
(68.800746 0.090949791 0)
(68.800682 0.090318015 0)
(68.800622 0.089704261 0)
(68.800564 0.089086379 0)
(68.800511 0.088492285 0)
(68.800459 0.087882786 0)
(68.800404 0.087309695 0)
(68.80036 0.086716454 0)
(68.800251 0.086145329 0)
(68.800293 0.085680054 0)
(68.799679 0.084805615 0)
(68.800747 0.085844569 0)
(68.796103 0.080306503 0)
(68.803645 0.10014631 0)
(68.799619 0.068930342 0)
(68.714116 0.092973137 0)
(68.715095 0.096387254 0)
(68.716347 0.099835611 0)
(68.717894 0.10327656 0)
(68.719732 0.10666662 0)
(68.72184 0.1099655 0)
(68.724199 0.11313867 0)
(68.726781 0.11615869 0)
(68.729561 0.11900541 0)
(68.73251 0.12166488 0)
(68.735601 0.1241271 0)
(68.73881 0.12638407 0)
(68.742113 0.12842897 0)
(68.745487 0.13025655 0)
(68.748905 0.1318639 0)
(68.752344 0.13325078 0)
(68.755778 0.13441968 0)
(68.759183 0.13537579 0)
(68.762535 0.13612712 0)
(68.765814 0.13668428 0)
(68.769001 0.13705991 0)
(68.77208 0.13726798 0)
(68.775038 0.13732329 0)
(68.777865 0.13724096 0)
(68.780552 0.1370359 0)
(68.783095 0.13672227 0)
(68.78549 0.13631317 0)
(68.787736 0.13582063 0)
(68.789832 0.13525566 0)
(68.791778 0.13462823 0)
(68.793577 0.13394702 0)
(68.795232 0.13321942 0)
(68.796746 0.13245178 0)
(68.798122 0.13164977 0)
(68.799365 0.13081835 0)
(68.800479 0.12996161 0)
(68.801469 0.12908283 0)
(68.802341 0.1281849 0)
(68.803099 0.12727051 0)
(68.803749 0.12634197 0)
(68.804298 0.12540121 0)
(68.804751 0.12445008 0)
(68.805115 0.12349034 0)
(68.805396 0.12252354 0)
(68.8056 0.1215511 0)
(68.805735 0.12057476 0)
(68.805806 0.11959615 0)
(68.805821 0.11861664 0)
(68.805786 0.1176379 0)
(68.805707 0.11666159 0)
(68.80559 0.11568898 0)
(68.805442 0.11472161 0)
(68.805268 0.11376071 0)
(68.805074 0.11280772 0)
(68.804864 0.11186351 0)
(68.804643 0.11092932 0)
(68.804415 0.11000584 0)
(68.804183 0.10909418 0)
(68.803951 0.10819452 0)
(68.803721 0.10730778 0)
(68.803495 0.10643445 0)
(68.803275 0.10557408 0)
(68.803062 0.10472755 0)
(68.802858 0.1038941 0)
(68.802663 0.10307483 0)
(68.802477 0.10226888 0)
(68.8023 0.1014765 0)
(68.802135 0.10069836 0)
(68.801979 0.099930428 0)
(68.801832 0.099177169 0)
(68.801694 0.098432758 0)
(68.801565 0.097703353 0)
(68.801444 0.096982876 0)
(68.801331 0.096274634 0)
(68.801225 0.095576122 0)
(68.801127 0.09488769 0)
(68.801033 0.094207626 0)
(68.800947 0.093542129 0)
(68.800866 0.092876595 0)
(68.80079 0.092230704 0)
(68.800718 0.091579958 0)
(68.80065 0.090951699 0)
(68.800587 0.090320207 0)
(68.800529 0.089705838 0)
(68.800472 0.089088237 0)
(68.80042 0.088493401 0)
(68.800369 0.087884616 0)
(68.800315 0.087310464 0)
(68.800272 0.086718588 0)
(68.800166 0.086146478 0)
(68.800202 0.085683107 0)
(68.799618 0.084813509 0)
(68.800602 0.085832376 0)
(68.796251 0.08046529 0)
(68.803284 0.099644959 0)
(68.7995 0.069274527 0)
(68.717395 0.09216505 0)
(68.718291 0.095371448 0)
(68.719429 0.098619258 0)
(68.720832 0.10187379 0)
(68.722498 0.10509836 0)
(68.724414 0.10825779 0)
(68.726566 0.11132036 0)
(68.728936 0.11425892 0)
(68.731502 0.11705155 0)
(68.734241 0.1196813 0)
(68.737128 0.12213509 0)
(68.740142 0.12440236 0)
(68.743258 0.12647436 0)
(68.746454 0.12834418 0)
(68.749707 0.13000724 0)
(68.752991 0.13146158 0)
(68.756283 0.13270789 0)
(68.759558 0.13374957 0)
(68.762795 0.1345927 0)
(68.765972 0.13524589 0)
(68.769071 0.13571989 0)
(68.772074 0.13602695 0)
(68.774968 0.13618035 0)
(68.777741 0.1361939 0)
(68.780385 0.13608146 0)
(68.782893 0.13585641 0)
(68.78526 0.13553137 0)
(68.787484 0.13511805 0)
(68.789563 0.13462727 0)
(68.791498 0.13406887 0)
(68.79329 0.13345158 0)
(68.79494 0.13278294 0)
(68.796451 0.13206951 0)
(68.797826 0.1313171 0)
(68.79907 0.13053084 0)
(68.800186 0.12971507 0)
(68.801179 0.12887335 0)
(68.802055 0.1280088 0)
(68.802817 0.12712429 0)
(68.803473 0.12622236 0)
(68.804027 0.12530518 0)
(68.804485 0.12437479 0)
(68.804854 0.12343316 0)
(68.805141 0.12248204 0)
(68.805351 0.12152309 0)
(68.805492 0.12055819 0)
(68.805569 0.11958914 0)
(68.80559 0.11861754 0)
(68.805561 0.11764518 0)
(68.805488 0.1166739 0)
(68.805377 0.11570516 0)
(68.805235 0.11474061 0)
(68.805067 0.11378166 0)
(68.804879 0.11282983 0)
(68.804674 0.1118862 0)
(68.804459 0.11095203 0)
(68.804236 0.1100282 0)
(68.804009 0.10911583 0)
(68.803781 0.10821526 0)
(68.803556 0.10732742 0)
(68.803334 0.10645286 0)
(68.803118 0.10559126 0)
(68.80291 0.10474341 0)
(68.80271 0.10390875 0)
(68.802518 0.1030882 0)
(68.802335 0.10228111 0)
(68.802162 0.1014876 0)
(68.802 0.10070829 0)
(68.801847 0.099939553 0)
(68.801703 0.099185218 0)
(68.801568 0.098440231 0)
(68.801441 0.09770987 0)
(68.801322 0.096988875 0)
(68.801211 0.096279935 0)
(68.801108 0.095580909 0)
(68.801011 0.094891988 0)
(68.800919 0.094211583 0)
(68.800835 0.093545396 0)
(68.800755 0.09287996 0)
(68.800681 0.092233204 0)
(68.800611 0.091582829 0)
(68.800545 0.090953692 0)
(68.800483 0.090322458 0)
(68.800426 0.089707479 0)
(68.80037 0.089090146 0)
(68.800319 0.088494563 0)
(68.800269 0.087886492 0)
(68.800217 0.087311275 0)
(68.800175 0.086720754 0)
(68.800072 0.086147781 0)
(68.800104 0.085686031 0)
(68.799538 0.084822131 0)
(68.800476 0.085819439 0)
(68.796308 0.080626476 0)
(68.803125 0.099130633 0)
(68.799378 0.069642803 0)
(68.720635 0.091380223 0)
(68.721456 0.094393303 0)
(68.722492 0.097452981 0)
(68.723764 0.10053047 0)
(68.725275 0.10359483 0)
(68.727015 0.10661556 0)
(68.728977 0.10956394 0)
(68.731147 0.11241398 0)
(68.73351 0.11514325 0)
(68.736046 0.1177331 0)
(68.738733 0.12016828 0)
(68.741553 0.12243617 0)
(68.744482 0.12452626 0)
(68.7475 0.12643004 0)
(68.750584 0.12814133 0)
(68.75371 0.12965646 0)
(68.756855 0.13097438 0)
(68.759997 0.13209668 0)
(68.763113 0.13302752 0)
(68.766183 0.13377359 0)
(68.769186 0.13434371 0)
(68.772108 0.13474837 0)
(68.774931 0.13499926 0)
(68.777645 0.13510882 0)
(68.78024 0.13508976 0)
(68.782707 0.13495458 0)
(68.785042 0.13471529 0)
(68.787241 0.13438317 0)
(68.7893 0.13396875 0)
(68.79122 0.13348169 0)
(68.793001 0.1329307 0)
(68.794643 0.1323234 0)
(68.796149 0.13166649 0)
(68.797522 0.13096592 0)
(68.798765 0.13022697 0)
(68.799882 0.1294542 0)
(68.800877 0.12865141 0)
(68.801756 0.12782196 0)
(68.802522 0.12696891 0)
(68.803181 0.12609503 0)
(68.80374 0.12520272 0)
(68.804203 0.12429423 0)
(68.804578 0.12337173 0)
(68.80487 0.12243719 0)
(68.805086 0.12149251 0)
(68.805232 0.12053971 0)
(68.805316 0.11958079 0)
(68.805342 0.11861758 0)
(68.805319 0.11765199 0)
(68.805252 0.11668606 0)
(68.805148 0.11572145 0)
(68.805012 0.11475992 0)
(68.80485 0.11380306 0)
(68.804667 0.11285252 0)
(68.804469 0.11190952 0)
(68.804259 0.11097543 0)
(68.804041 0.11005127 0)
(68.80382 0.10913818 0)
(68.803597 0.10823671 0)
(68.803376 0.10734774 0)
(68.80316 0.10647191 0)
(68.802948 0.10560904 0)
(68.802744 0.10475984 0)
(68.802548 0.10392392 0)
(68.80236 0.10310206 0)
(68.802181 0.10229377 0)
(68.802012 0.10149909 0)
(68.801852 0.10071858 0)
(68.801702 0.099948992 0)
(68.801562 0.099193564 0)
(68.801429 0.098447952 0)
(68.801305 0.097716628 0)
(68.801189 0.096995074 0)
(68.80108 0.096285424 0)
(68.800979 0.09558586 0)
(68.800884 0.094896434 0)
(68.800794 0.094215669 0)
(68.800712 0.093548785 0)
(68.800634 0.092883421 0)
(68.800562 0.092235807 0)
(68.800493 0.091585771 0)
(68.800428 0.090955769 0)
(68.800368 0.090324764 0)
(68.800312 0.089709184 0)
(68.800258 0.089092103 0)
(68.800208 0.088495773 0)
(68.80016 0.08788841 0)
(68.800109 0.087312131 0)
(68.800067 0.086722962 0)
(68.799966 0.086149191 0)
(68.799997 0.085688886 0)
(68.799447 0.084831619 0)
(68.800341 0.085805036 0)
(68.796356 0.080792271 0)
(68.802939 0.098602436 0)
(68.799288 0.070020657 0)
(68.723838 0.090617793 0)
(68.72459 0.093450781 0)
(68.725533 0.096334009 0)
(68.726688 0.099243632 0)
(68.728058 0.1021536 0)
(68.729638 0.10503759 0)
(68.731424 0.10786993 0)
(68.733408 0.11062635 0)
(68.735578 0.11328478 0)
(68.737919 0.1158259 0)
(68.740412 0.11823313 0)
(68.743041 0.12049236 0)
(68.745784 0.12259158 0)
(68.748624 0.12452088 0)
(68.751537 0.12627257 0)
(68.754502 0.12784138 0)
(68.757498 0.12922457 0)
(68.760501 0.13042195 0)
(68.763492 0.13143585 0)
(68.766448 0.13227103 0)
(68.769351 0.13293441 0)
(68.772184 0.1334347 0)
(68.774932 0.13378197 0)
(68.777581 0.13398719 0)
(68.780121 0.13406183 0)
(68.782543 0.13401744 0)
(68.78484 0.13386527 0)
(68.787009 0.13361607 0)
(68.789044 0.13327999 0)
(68.790945 0.13286645 0)
(68.792712 0.13238403 0)
(68.794344 0.13184038 0)
(68.795843 0.13124226 0)
(68.797211 0.13059575 0)
(68.798451 0.12990627 0)
(68.799567 0.12917852 0)
(68.800563 0.12841657 0)
(68.801443 0.12762398 0)
(68.802211 0.12680402 0)
(68.802874 0.12595967 0)
(68.803437 0.12509356 0)
(68.803905 0.12420816 0)
(68.804284 0.12330583 0)
(68.804581 0.1223888 0)
(68.804803 0.12145918 0)
(68.804955 0.12051918 0)
(68.805044 0.11957098 0)
(68.805077 0.11861665 0)
(68.80506 0.11765825 0)
(68.804999 0.11669801 0)
(68.804901 0.11573779 0)
(68.804771 0.11477949 0)
(68.804615 0.11382489 0)
(68.804439 0.11287574 0)
(68.804246 0.11193347 0)
(68.804042 0.11099951 0)
(68.80383 0.11007503 0)
(68.803614 0.10916124 0)
(68.803397 0.10825883 0)
(68.803182 0.10736872 0)
(68.80297 0.10649159 0)
(68.802763 0.10562741 0)
(68.802563 0.10477682 0)
(68.802371 0.10393959 0)
(68.802188 0.10311639 0)
(68.802013 0.10230685 0)
(68.801847 0.10151098 0)
(68.801691 0.10072923 0)
(68.801544 0.099958741 0)
(68.801407 0.099202206 0)
(68.801277 0.09845592 0)
(68.801156 0.097723625 0)
(68.801042 0.097001471 0)
(68.800936 0.0962911 0)
(68.800837 0.095590973 0)
(68.800744 0.094901024 0)
(68.800657 0.094219883 0)
(68.800576 0.093552294 0)
(68.8005 0.092886973 0)
(68.80043 0.092238513 0)
(68.800363 0.091588781 0)
(68.800299 0.09095793 0)
(68.800241 0.090327123 0)
(68.800186 0.089710951 0)
(68.800134 0.089094104 0)
(68.800085 0.088497032 0)
(68.800038 0.087890365 0)
(68.799989 0.087313034 0)
(68.799948 0.086725205 0)
(68.79985 0.086150704 0)
(68.799878 0.085691699 0)
(68.799346 0.084841921 0)
(68.800195 0.08578919 0)
(68.796397 0.080962712 0)
(68.802734 0.098059337 0)
(68.799189 0.070408783 0)
(68.727005 0.089877015 0)
(68.727693 0.092542113 0)
(68.728553 0.095259913 0)
(68.729601 0.098010636 0)
(68.730843 0.1007724 0)
(68.732278 0.1035226 0)
(68.733902 0.10623852 0)
(68.735713 0.10889792 0)
(68.737701 0.11147971 0)
(68.739855 0.11396466 0)
(68.742161 0.1163356 0)
(68.744603 0.11857746 0)
(68.747163 0.12067714 0)
(68.749824 0.12262352 0)
(68.752567 0.12440759 0)
(68.755369 0.12602262 0)
(68.758212 0.1274643 0)
(68.761074 0.12873073 0)
(68.763934 0.12982246 0)
(68.766772 0.1307424 0)
(68.769569 0.1314956 0)
(68.772308 0.13208898 0)
(68.774974 0.13253094 0)
(68.777552 0.13283094 0)
(68.780031 0.13299915 0)
(68.782402 0.13304603 0)
(68.784657 0.13298199 0)
(68.78679 0.13281715 0)
(68.788797 0.13256116 0)
(68.790676 0.13222311 0)
(68.792424 0.1318114 0)
(68.794043 0.13133359 0)
(68.795531 0.13079649 0)
(68.796892 0.13020624 0)
(68.798128 0.12956833 0)
(68.799241 0.12888765 0)
(68.800236 0.12816845 0)
(68.801116 0.12741451 0)
(68.801886 0.12662928 0)
(68.802551 0.12581595 0)
(68.803117 0.1249774 0)
(68.803588 0.1241163 0)
(68.803972 0.12323525 0)
(68.804274 0.12233668 0)
(68.804501 0.12142295 0)
(68.804658 0.12049645 0)
(68.804753 0.11955959 0)
(68.804792 0.11861465 0)
(68.804781 0.11766387 0)
(68.804727 0.11670966 0)
(68.804635 0.11575411 0)
(68.804511 0.11479927 0)
(68.804362 0.11384709 0)
(68.804191 0.11289946 0)
(68.804005 0.11195799 0)
(68.803807 0.11102421 0)
(68.803601 0.11009945 0)
(68.803391 0.10918497 0)
(68.80318 0.10828162 0)
(68.80297 0.10739034 0)
(68.802763 0.1065119 0)
(68.802562 0.10564636 0)
(68.802367 0.10479435 0)
(68.802179 0.10395577 0)
(68.802 0.10313118 0)
(68.801829 0.10232036 0)
(68.801667 0.10152324 0)
(68.801515 0.10074023 0)
(68.801372 0.099968792 0)
(68.801237 0.099211137 0)
(68.801111 0.098464127 0)
(68.800992 0.097730855 0)
(68.800881 0.09700806 0)
(68.800778 0.096296957 0)
(68.800681 0.095596242 0)
(68.800591 0.094905755 0)
(68.800506 0.094224218 0)
(68.800427 0.09355592 0)
(68.800353 0.092890613 0)
(68.800284 0.092241319 0)
(68.800219 0.091591852 0)
(68.800158 0.090960173 0)
(68.800101 0.09032953 0)
(68.800048 0.089712779 0)
(68.799997 0.089096147 0)
(68.79995 0.088498337 0)
(68.799904 0.087892352 0)
(68.799856 0.087313987 0)
(68.799816 0.086727476 0)
(68.799721 0.086152328 0)
(68.799747 0.085694463 0)
(68.799233 0.084853016 0)
(68.800037 0.085772039 0)
(68.796428 0.081136948 0)
(68.802513 0.097502948 0)
(68.799078 0.070807013 0)
(68.730136 0.089157234 0)
(68.730767 0.091665819 0)
(68.73155 0.094228585 0)
(68.732502 0.096829149 0)
(68.733628 0.099449167 0)
(68.734929 0.10206932 0)
(68.736405 0.10466968 0)
(68.738054 0.10723014 0)
(68.739872 0.10973104 0)
(68.741849 0.11215376 0)
(68.743974 0.11448115 0)
(68.746235 0.1166977 0)
(68.748616 0.11878959 0)
(68.751101 0.12074478 0)
(68.753673 0.12255318 0)
(68.756312 0.12420678 0)
(68.759 0.12569981 0)
(68.761717 0.12702882 0)
(68.764442 0.12819266 0)
(68.767157 0.12919246 0)
(68.769843 0.13003146 0)
(68.772483 0.1307148 0)
(68.77506 0.13124918 0)
(68.777561 0.13164255 0)
(68.779974 0.13190368 0)
(68.782288 0.13204187 0)
(68.784495 0.13206658 0)
(68.786588 0.13198718 0)
(68.788562 0.13181275 0)
(68.790413 0.13155195 0)
(68.79214 0.13121289 0)
(68.793741 0.13080299 0)
(68.795217 0.13032904 0)
(68.796568 0.12979715 0)
(68.797796 0.12921291 0)
(68.798904 0.12858131 0)
(68.799896 0.12790676 0)
(68.800775 0.12719325 0)
(68.801545 0.12644441 0)
(68.802211 0.12566363 0)
(68.802779 0.12485401 0)
(68.803253 0.12401846 0)
(68.803641 0.12315978 0)
(68.803947 0.12228064 0)
(68.804178 0.12138364 0)
(68.804341 0.12047139 0)
(68.804441 0.11954649 0)
(68.804486 0.11861147 0)
(68.804481 0.11766874 0)
(68.804433 0.11672094 0)
(68.804348 0.11577035 0)
(68.804231 0.11481919 0)
(68.804088 0.11386961 0)
(68.803924 0.11292364 0)
(68.803744 0.11198305 0)
(68.803553 0.11104952 0)
(68.803353 0.1101245 0)
(68.803149 0.10920935 0)
(68.802944 0.10830505 0)
(68.802739 0.10741259 0)
(68.802538 0.1065328 0)
(68.802342 0.10566588 0)
(68.802152 0.10481241 0)
(68.801969 0.10397243 0)
(68.801794 0.10314643 0)
(68.801628 0.10233427 0)
(68.80147 0.10153587 0)
(68.801322 0.10075157 0)
(68.801182 0.099979137 0)
(68.801051 0.099220347 0)
(68.800928 0.098472566 0)
(68.800813 0.097738309 0)
(68.800705 0.097014835 0)
(68.800604 0.096302989 0)
(68.80051 0.095601662 0)
(68.800422 0.094910621 0)
(68.800339 0.094228671 0)
(68.800263 0.093559659 0)
(68.800191 0.092894334 0)
(68.800124 0.092244223 0)
(68.800061 0.091594981 0)
(68.800001 0.090962496 0)
(68.799946 0.090331981 0)
(68.799895 0.089714664 0)
(68.799845 0.089098226 0)
(68.7998 0.088499689 0)
(68.799756 0.087894365 0)
(68.799709 0.087314988 0)
(68.79967 0.086729767 0)
(68.799578 0.086154065 0)
(68.799602 0.08569717 0)
(68.799107 0.0848649 0)
(68.799865 0.085753661 0)
(68.796447 0.081314156 0)
(68.802276 0.096935422 0)
(68.798954 0.071214079 0)
(68.733232 0.088458004 0)
(68.73381 0.090820685 0)
(68.734524 0.093238251 0)
(68.735388 0.095697157 0)
(68.736409 0.09818206 0)
(68.737588 0.10067651 0)
(68.738927 0.10316317 0)
(68.740427 0.10562409 0)
(68.742085 0.10804123 0)
(68.743895 0.11039701 0)
(68.745848 0.11267473 0)
(68.747934 0.11485889 0)
(68.75014 0.11693533 0)
(68.752452 0.11889142 0)
(68.754855 0.12071621 0)
(68.757331 0.12240064 0)
(68.759863 0.1239377 0)
(68.762432 0.12532248 0)
(68.765019 0.12655227 0)
(68.767607 0.12762652 0)
(68.770176 0.12854674 0)
(68.77271 0.12931633 0)
(68.775194 0.12994032 0)
(68.777612 0.13042507 0)
(68.779953 0.13077794 0)
(68.782204 0.13100699 0)
(68.784357 0.13112063 0)
(68.786405 0.13112737 0)
(68.78834 0.13103563 0)
(68.79016 0.13085355 0)
(68.791861 0.13058886 0)
(68.793441 0.13024878 0)
(68.7949 0.12983994 0)
(68.796238 0.12936845 0)
(68.797456 0.12883988 0)
(68.798557 0.12825931 0)
(68.799543 0.1276313 0)
(68.800419 0.12695999 0)
(68.801187 0.12624919 0)
(68.801853 0.12550248 0)
(68.802422 0.12472318 0)
(68.802898 0.12391443 0)
(68.803289 0.12307924 0)
(68.803598 0.12222052 0)
(68.803834 0.12134112 0)
(68.804002 0.12044385 0)
(68.804107 0.11953156 0)
(68.804158 0.11860699 0)
(68.804159 0.11767278 0)
(68.804117 0.11673174 0)
(68.804038 0.11578641 0)
(68.803928 0.11483918 0)
(68.803792 0.11389237 0)
(68.803635 0.11294819 0)
(68.803462 0.1120086 0)
(68.803277 0.11107538 0)
(68.803084 0.11015013 0)
(68.802886 0.10923433 0)
(68.802687 0.10832908 0)
(68.802488 0.10743542 0)
(68.802293 0.10655426 0)
(68.802102 0.10568592 0)
(68.801918 0.10483097 0)
(68.80174 0.10398955 0)
(68.80157 0.1031621 0)
(68.801409 0.10234857 0)
(68.801255 0.10154886 0)
(68.801111 0.10076323 0)
(68.800975 0.099989761 0)
(68.800848 0.099229823 0)
(68.800728 0.098481225 0)
(68.800616 0.097745977 0)
(68.800511 0.097021786 0)
(68.800413 0.096309185 0)
(68.800322 0.095607225 0)
(68.800237 0.094915613 0)
(68.800157 0.094233232 0)
(68.800082 0.093563506 0)
(68.800013 0.092898128 0)
(68.799948 0.09224722 0)
(68.799887 0.091598159 0)
(68.799829 0.090964894 0)
(68.799776 0.090334471 0)
(68.799726 0.089716604 0)
(68.799678 0.089100337 0)
(68.799634 0.088501084 0)
(68.799591 0.087896399 0)
(68.799546 0.087316039 0)
(68.799509 0.086732071 0)
(68.79942 0.086155917 0)
(68.799441 0.085699813 0)
(68.798966 0.084877561 0)
(68.799678 0.085734133 0)
(68.796453 0.08149352 0)
(68.80202 0.096358976 0)
(68.798816 0.071628474 0)
(68.736295 0.087779027 0)
(68.736824 0.090005743 0)
(68.737474 0.092287438 0)
(68.738259 0.09461294 0)
(68.739183 0.09696945 0)
(68.740251 0.099343023 0)
(68.741465 0.10171867 0)
(68.742827 0.10408055 0)
(68.744336 0.10641232 0)
(68.745988 0.10869769 0)
(68.747777 0.11092076 0)
(68.749695 0.1130664 0)
(68.751732 0.11512046 0)
(68.753875 0.11707001 0)
(68.756111 0.11890354 0)
(68.758424 0.12061116 0)
(68.760799 0.1221848 0)
(68.763219 0.12361831 0)
(68.765666 0.12490756 0)
(68.768122 0.12605043 0)
(68.770571 0.1270468 0)
(68.772995 0.12789839 0)
(68.775379 0.12860858 0)
(68.777709 0.12918216 0)
(68.77997 0.12962504 0)
(68.782153 0.12994396 0)
(68.784247 0.13014622 0)
(68.786243 0.13023938 0)
(68.788135 0.1302311 0)
(68.789918 0.13012889 0)
(68.791589 0.12994004 0)
(68.793143 0.12967144 0)
(68.794582 0.12932953 0)
(68.795903 0.12892031 0)
(68.797108 0.12844933 0)
(68.798199 0.12792168 0)
(68.799178 0.12734202 0)
(68.800048 0.12671464 0)
(68.800813 0.12604351 0)
(68.801477 0.12533238 0)
(68.802045 0.12458478 0)
(68.802522 0.12380407 0)
(68.802915 0.12299349 0)
(68.803227 0.12215619 0)
(68.803467 0.12129525 0)
(68.803638 0.12041373 0)
(68.803749 0.11951468 0)
(68.803805 0.11860112 0)
(68.803812 0.11767588 0)
(68.803777 0.11674199 0)
(68.803704 0.11580222 0)
(68.803601 0.11485916 0)
(68.803471 0.11391531 0)
(68.803321 0.11297308 0)
(68.803155 0.11203456 0)
(68.802977 0.11110173 0)
(68.802791 0.11017631 0)
(68.8026 0.10925987 0)
(68.802407 0.10835366 0)
(68.802215 0.10745881 0)
(68.802026 0.10657626 0)
(68.801842 0.10570647 0)
(68.801663 0.10485001 0)
(68.801491 0.1040071 0)
(68.801326 0.10317818 0)
(68.801169 0.10236324 0)
(68.80102 0.10156218 0)
(68.80088 0.10077521 0)
(68.800749 0.10000065 0)
(68.800625 0.09923955 0)
(68.800509 0.098490091 0)
(68.8004 0.097753845 0)
(68.800299 0.097028903 0)
(68.800204 0.096315535 0)
(68.800116 0.095612922 0)
(68.800033 0.094920724 0)
(68.799956 0.094237894 0)
(68.799884 0.093567452 0)
(68.799817 0.092901988 0)
(68.799754 0.092250304 0)
(68.799695 0.091601381 0)
(68.799639 0.090967362 0)
(68.799588 0.090336994 0)
(68.79954 0.089718593 0)
(68.799494 0.089102473 0)
(68.799451 0.088502521 0)
(68.79941 0.087898447 0)
(68.799367 0.087317136 0)
(68.799331 0.08673438 0)
(68.799245 0.086157882 0)
(68.799264 0.085702387 0)
(68.798809 0.08489097 0)
(68.799476 0.085713551 0)
(68.796443 0.081674172 0)
(68.801744 0.095775984 0)
(68.798662 0.072048595 0)
(68.739324 0.087120209 0)
(68.739809 0.089220297 0)
(68.740401 0.091374978 0)
(68.741112 0.093575077 0)
(68.741949 0.095809949 0)
(68.742915 0.098067822 0)
(68.744014 0.10033582 0)
(68.745248 0.10260007 0)
(68.746618 0.10484598 0)
(68.748122 0.10705864 0)
(68.749756 0.10922319 0)
(68.751514 0.11132517 0)
(68.753387 0.11335074 0)
(68.755366 0.11528693 0)
(68.757439 0.11712195 0)
(68.759591 0.11884533 0)
(68.761811 0.12044817 0)
(68.76408 0.12192326 0)
(68.766384 0.12326521 0)
(68.768706 0.12447052 0)
(68.77103 0.12553753 0)
(68.773339 0.12646637 0)
(68.775618 0.12725882 0)
(68.777853 0.12791812 0)
(68.780031 0.12844871 0)
(68.782139 0.12885598 0)
(68.784167 0.12914605 0)
(68.786106 0.12932544 0)
(68.787949 0.12940095 0)
(68.78969 0.12937941 0)
(68.791325 0.12926754 0)
(68.79285 0.12907182 0)
(68.794263 0.12879844 0)
(68.795564 0.1284532 0)
(68.796753 0.12804155 0)
(68.797831 0.12756859 0)
(68.798799 0.12703902 0)
(68.799661 0.12645724 0)
(68.800421 0.12582735 0)
(68.801081 0.12515328 0)
(68.801648 0.12443874 0)
(68.802124 0.1236873 0)
(68.802517 0.12290244 0)
(68.802832 0.12208754 0)
(68.803074 0.12124592 0)
(68.80325 0.1203809 0)
(68.803365 0.11949575 0)
(68.803426 0.11859374 0)
(68.803439 0.11767794 0)
(68.80341 0.11675158 0)
(68.803344 0.11581767 0)
(68.803247 0.11487903 0)
(68.803125 0.11393835 0)
(68.802982 0.11299819 0)
(68.802823 0.11206088 0)
(68.802652 0.1111285 0)
(68.802473 0.11020294 0)
(68.80229 0.1092859 0)
(68.802104 0.10837874 0)
(68.801919 0.10748268 0)
(68.801736 0.10659874 0)
(68.801557 0.10572747 0)
(68.801384 0.10486947 0)
(68.801218 0.10402505 0)
(68.801058 0.10319462 0)
(68.800907 0.10237823 0)
(68.800763 0.10157579 0)
(68.800628 0.10078746 0)
(68.8005 0.10001177 0)
(68.800381 0.099249501 0)
(68.800269 0.09849914 0)
(68.800164 0.09776189 0)
(68.800066 0.097036165 0)
(68.799974 0.09632202 0)
(68.799889 0.095618734 0)
(68.799809 0.094925936 0)
(68.799735 0.094242641 0)
(68.799665 0.093571487 0)
(68.799601 0.092905902 0)
(68.79954 0.092253464 0)
(68.799484 0.091604634 0)
(68.79943 0.090969891 0)
(68.79938 0.090339539 0)
(68.799334 0.089720623 0)
(68.79929 0.089104626 0)
(68.79925 0.088503992 0)
(68.79921 0.087900498 0)
(68.799169 0.087318278 0)
(68.799134 0.086736685 0)
(68.799052 0.086159956 0)
(68.799068 0.085704885 0)
(68.798634 0.084905091 0)
(68.799256 0.085692025 0)
(68.796415 0.081855183 0)
(68.801447 0.095189008 0)
(68.798491 0.072472708 0)
(68.742322 0.08648164 0)
(68.742765 0.088463881 0)
(68.743303 0.090499984 0)
(68.743948 0.092582434 0)
(68.744704 0.094702409 0)
(68.745577 0.096850015 0)
(68.74657 0.09901426 0)
(68.747686 0.10118308 0)
(68.748927 0.10334358 0)
(68.750293 0.10548229 0)
(68.751781 0.10758555 0)
(68.753386 0.10963974 0)
(68.755103 0.11163155 0)
(68.756923 0.11354829 0)
(68.758836 0.11537809 0)
(68.760831 0.11711016 0)
(68.762895 0.11873498 0)
(68.765014 0.12024451 0)
(68.767174 0.1216323 0)
(68.76936 0.1228936 0)
(68.771555 0.12402536 0)
(68.773745 0.12502626 0)
(68.775914 0.12589653 0)
(68.778049 0.1266379 0)
(68.780136 0.12725334 0)
(68.782164 0.12774689 0)
(68.78412 0.12812341 0)
(68.785997 0.12838835 0)
(68.787785 0.12854755 0)
(68.789479 0.12860704 0)
(68.791073 0.12857293 0)
(68.792563 0.12845119 0)
(68.793947 0.12824765 0)
(68.795223 0.12796787 0)
(68.796391 0.12761714 0)
(68.797452 0.12720049 0)
(68.798408 0.12672263 0)
(68.799259 0.12618802 0)
(68.800011 0.12560088 0)
(68.800666 0.12496527 0)
(68.801228 0.12428509 0)
(68.801703 0.12356413 0)
(68.802096 0.12280606 0)
(68.802411 0.12201452 0)
(68.802655 0.12119308 0)
(68.802834 0.1203453 0)
(68.802953 0.11947469 0)
(68.803019 0.11858476 0)
(68.803038 0.11767886 0)
(68.803014 0.11676042 0)
(68.802955 0.11583269 0)
(68.802865 0.11489871 0)
(68.80275 0.11396138 0)
(68.802615 0.11302347 0)
(68.802463 0.11208746 0)
(68.8023 0.11115562 0)
(68.802129 0.11022997 0)
(68.801952 0.10931235 0)
(68.801774 0.10840426 0)
(68.801595 0.10750699 0)
(68.801419 0.10662164 0)
(68.801247 0.10574887 0)
(68.801081 0.10488932 0)
(68.80092 0.10404336 0)
(68.800767 0.10321139 0)
(68.80062 0.10239353 0)
(68.800482 0.10158968 0)
(68.800351 0.10079996 0)
(68.800229 0.10002311 0)
(68.800114 0.099259656 0)
(68.800006 0.098508357 0)
(68.799905 0.097770098 0)
(68.79981 0.09704356 0)
(68.799722 0.096328628 0)
(68.79964 0.095624653 0)
(68.799564 0.094931241 0)
(68.799492 0.094247465 0)
(68.799425 0.093575602 0)
(68.799363 0.092909861 0)
(68.799305 0.092256694 0)
(68.799251 0.091607913 0)
(68.799199 0.090972476 0)
(68.799152 0.090342104 0)
(68.799108 0.08972269 0)
(68.799066 0.089106791 0)
(68.799027 0.088505495 0)
(68.79899 0.087902549 0)
(68.79895 0.087319461 0)
(68.798917 0.086738979 0)
(68.798838 0.086162136 0)
(68.798852 0.085707305 0)
(68.798439 0.084919873 0)
(68.799017 0.085669682 0)
(68.796367 0.082035584 0)
(68.801126 0.094600796 0)
(68.798301 0.072898933 0)
(68.745288 0.085863604 0)
(68.745693 0.087736292 0)
(68.746181 0.08966186 0)
(68.746765 0.091634168 0)
(68.747448 0.093645937 0)
(68.748235 0.095688889 0)
(68.74913 0.097753688 0)
(68.750138 0.099829933 0)
(68.75126 0.1019063 0)
(68.752496 0.1039708 0)
(68.753846 0.10601097 0)
(68.755307 0.10801421 0)
(68.756874 0.10996795 0)
(68.758541 0.11185992 0)
(68.760299 0.11367843 0)
(68.76214 0.11541257 0)
(68.764051 0.11705248 0)
(68.766021 0.11858945 0)
(68.768037 0.1200162 0)
(68.770084 0.12132689 0)
(68.772148 0.12251728 0)
(68.774215 0.12358465 0)
(68.77627 0.12452785 0)
(68.7783 0.12534712 0)
(68.780291 0.12604403 0)
(68.782231 0.12662123 0)
(68.78411 0.12708231 0)
(68.785918 0.12743157 0)
(68.787645 0.12767384 0)
(68.789285 0.12781429 0)
(68.790833 0.1278583 0)
(68.792283 0.12781127 0)
(68.793633 0.12767859 0)
(68.79488 0.12746547 0)
(68.796024 0.12717702 0)
(68.797065 0.1268181 0)
(68.798003 0.12639339 0)
(68.798842 0.12590739 0)
(68.799582 0.12536438 0)
(68.800229 0.12476856 0)
(68.800786 0.12412399 0)
(68.801257 0.12343463 0)
(68.801648 0.1227044 0)
(68.801963 0.12193715 0)
(68.802208 0.1211367 0)
(68.802389 0.12030687 0)
(68.802512 0.11945142 0)
(68.802582 0.11857411 0)
(68.802606 0.11767856 0)
(68.802588 0.1167684 0)
(68.802536 0.11584714 0)
(68.802453 0.11491808 0)
(68.802345 0.11398431 0)
(68.802217 0.11304878 0)
(68.802073 0.11211419 0)
(68.801918 0.11118296 0)
(68.801754 0.1102573 0)
(68.801585 0.10933913 0)
(68.801414 0.10843012 0)
(68.801244 0.10753165 0)
(68.801075 0.10664489 0)
(68.80091 0.10577061 0)
(68.80075 0.10490948 0)
(68.800596 0.10406195 0)
(68.800448 0.10322843 0)
(68.800308 0.10240906 0)
(68.800175 0.10160378 0)
(68.800049 0.10081266 0)
(68.799932 0.10003461 0)
(68.799821 0.099269969 0)
(68.799718 0.0985177 0)
(68.79962 0.097778428 0)
(68.79953 0.097051053 0)
(68.799446 0.096335325 0)
(68.799367 0.095630647 0)
(68.799294 0.09493661 0)
(68.799225 0.094252338 0)
(68.799161 0.093579772 0)
(68.799102 0.092913842 0)
(68.799046 0.092259973 0)
(68.798995 0.091611196 0)
(68.798946 0.090975097 0)
(68.7989 0.090344669 0)
(68.798859 0.089724778 0)
(68.798819 0.089108952 0)
(68.798782 0.088507017 0)
(68.798746 0.087904583 0)
(68.798708 0.087320676 0)
(68.798677 0.086741246 0)
(68.798602 0.08616441 0)
(68.798614 0.085709637 0)
(68.798223 0.084935249 0)
(68.798756 0.085646656 0)
(68.796297 0.082214362 0)
(68.800781 0.094014257 0)
(68.798089 0.073325248 0)
(68.748225 0.085266586 0)
(68.748593 0.08703759 0)
(68.749036 0.088860299 0)
(68.749563 0.090729731 0)
(68.750179 0.092639905 0)
(68.750887 0.09458393 0)
(68.751693 0.096553921 0)
(68.7526 0.098540965 0)
(68.753611 0.10053522 0)
(68.754727 0.10252606 0)
(68.755948 0.1045023 0)
(68.757273 0.1064524 0)
(68.758697 0.10836463 0)
(68.760217 0.11022735 0)
(68.761826 0.11202921 0)
(68.763516 0.11375943 0)
(68.765278 0.11540793 0)
(68.7671 0.11696563 0)
(68.768971 0.11842455 0)
(68.770878 0.11977802 0)
(68.772809 0.12102071 0)
(68.77475 0.12214871 0)
(68.776687 0.12315955 0)
(68.778606 0.12405212 0)
(68.780496 0.12482659 0)
(68.782344 0.12548426 0)
(68.78414 0.12602745 0)
(68.785872 0.12645927 0)
(68.787532 0.12678348 0)
(68.789113 0.12700432 0)
(68.790608 0.12712636 0)
(68.792013 0.12715437 0)
(68.793323 0.12709317 0)
(68.794537 0.12694762 0)
(68.795652 0.12672249 0)
(68.796668 0.12642249 0)
(68.797586 0.12605219 0)
(68.798407 0.12561605 0)
(68.799135 0.12511843 0)
(68.799771 0.12456359 0)
(68.800319 0.12395575 0)
(68.800785 0.12329905 0)
(68.801172 0.12259761 0)
(68.801485 0.12185552 0)
(68.80173 0.12107684 0)
(68.801913 0.12026563 0)
(68.802038 0.11942593 0)
(68.802112 0.11856174 0)
(68.802141 0.11767697 0)
(68.802129 0.11677544 0)
(68.802083 0.11586097 0)
(68.802007 0.11493706 0)
(68.801907 0.11400703 0)
(68.801786 0.11307404 0)
(68.801651 0.11214098 0)
(68.801503 0.11121046 0)
(68.801348 0.11028482 0)
(68.801187 0.10936616 0)
(68.801024 0.10845625 0)
(68.800861 0.10755658 0)
(68.8007 0.10666841 0)
(68.800542 0.10579261 0)
(68.800389 0.1049299 0)
(68.800242 0.10408078 0)
(68.8001 0.10324569 0)
(68.799966 0.1024248 0)
(68.799839 0.10161807 0)
(68.799719 0.10082553 0)
(68.799606 0.10004626 0)
(68.799501 0.099280422 0)
(68.799402 0.098527155 0)
(68.799309 0.097786867 0)
(68.799223 0.097058634 0)
(68.799142 0.096342102 0)
(68.799067 0.095636711 0)
(68.798997 0.094942038 0)
(68.798932 0.094257257 0)
(68.798871 0.093583997 0)
(68.798815 0.092917845 0)
(68.798762 0.0922633 0)
(68.798713 0.091614486 0)
(68.798666 0.090977756 0)
(68.798623 0.090347238 0)
(68.798584 0.089726888 0)
(68.798546 0.089111111 0)
(68.798511 0.088508561 0)
(68.798478 0.087906601 0)
(68.798442 0.087321926 0)
(68.798412 0.086743483 0)
(68.798341 0.086166777 0)
(68.798352 0.085711884 0)
(68.797983 0.084951145 0)
(68.798473 0.085623106 0)
(68.796202 0.082390488 0)
(68.800407 0.09343247 0)
(68.797854 0.073749497 0)
(68.751132 0.084691272 0)
(68.751467 0.086368074 0)
(68.751868 0.088095278 0)
(68.752343 0.089868872 0)
(68.752896 0.091683971 0)
(68.753533 0.093534867 0)
(68.754256 0.095414938 0)
(68.75507 0.097316596 0)
(68.755978 0.099231332 0)
(68.756982 0.10114984 0)
(68.758082 0.10306215 0)
(68.759278 0.10495781 0)
(68.760568 0.10682602 0)
(68.761948 0.10865587 0)
(68.763413 0.11043652 0)
(68.764957 0.11215744 0)
(68.766572 0.11380859 0)
(68.768248 0.11538067 0)
(68.769976 0.11686524 0)
(68.771744 0.11825494 0)
(68.77354 0.11954355 0)
(68.775351 0.12072614 0)
(68.777166 0.12179905 0)
(68.778972 0.1227599 0)
(68.780755 0.12360755 0)
(68.782505 0.12434202 0)
(68.784211 0.12496431 0)
(68.785862 0.12547637 0)
(68.787449 0.12588083 0)
(68.788964 0.12618096 0)
(68.790401 0.12638046 0)
(68.791755 0.12648335 0)
(68.79302 0.12649386 0)
(68.794194 0.12641638 0)
(68.795275 0.12625532 0)
(68.796262 0.12601512 0)
(68.797156 0.12570021 0)
(68.797957 0.12531498 0)
(68.798667 0.12486379 0)
(68.79929 0.12435097 0)
(68.799828 0.12378085 0)
(68.800285 0.12315774 0)
(68.800666 0.12248595 0)
(68.800976 0.12176979 0)
(68.80122 0.12101357 0)
(68.801403 0.12022161 0)
(68.80153 0.1193982 0)
(68.801608 0.1185476 0)
(68.80164 0.11767399 0)
(68.801634 0.11678145 0)
(68.801594 0.11587402 0)
(68.801525 0.11495549 0)
(68.801432 0.11402939 0)
(68.80132 0.11309908 0)
(68.801193 0.11216767 0)
(68.801053 0.11123793 0)
(68.800906 0.11031239 0)
(68.800754 0.10939327 0)
(68.800599 0.10848248 0)
(68.800444 0.10758164 0)
(68.800291 0.10669207 0)
(68.800141 0.10581474 0)
(68.799996 0.10495044 0)
(68.799855 0.10409973 0)
(68.799721 0.10326306 0)
(68.799593 0.10244064 0)
(68.799472 0.10163245 0)
(68.799358 0.10083848 0)
(68.799251 0.10005797 0)
(68.79915 0.099290929 0)
(68.799056 0.098536643 0)
(68.798968 0.09779534 0)
(68.798886 0.097066232 0)
(68.79881 0.096348892 0)
(68.798738 0.095642781 0)
(68.798672 0.094947466 0)
(68.79861 0.094262166 0)
(68.798553 0.093588223 0)
(68.798499 0.092921819 0)
(68.79845 0.092266627 0)
(68.798403 0.091617737 0)
(68.798359 0.090980408 0)
(68.798319 0.09034977 0)
(68.798282 0.089728981 0)
(68.798246 0.08911323 0)
(68.798213 0.088510095 0)
(68.798182 0.087908568 0)
(68.798148 0.087323181 0)
(68.798121 0.086745661 0)
(68.798054 0.086169205 0)
(68.798062 0.085714026 0)
(68.797717 0.084967453 0)
(68.798165 0.085599186 0)
(68.796079 0.082562892 0)
(68.800004 0.092858649 0)
(68.797594 0.074169376 0)
(68.754013 0.084138581 0)
(68.754317 0.085728313 0)
(68.754678 0.087367073 0)
(68.755105 0.089051655 0)
(68.755601 0.090778097 0)
(68.75617 0.092541699 0)
(68.756817 0.094336932 0)
(68.757546 0.096157372 0)
(68.758358 0.097995718 0)
(68.759258 0.099843867 0)
(68.760245 0.10169302 0)
(68.76132 0.10353379 0)
(68.762482 0.10535634 0)
(68.763729 0.10715056 0)
(68.765056 0.10890624 0)
(68.766459 0.11061324 0)
(68.767931 0.11226172 0)
(68.769464 0.11384232 0)
(68.77105 0.11534634 0)
(68.772679 0.11676593 0)
(68.774339 0.11809416 0)
(68.77602 0.11932521 0)
(68.77771 0.1204544 0)
(68.779397 0.1214782 0)
(68.78107 0.12239427 0)
(68.782717 0.12320135 0)
(68.784327 0.12389924 0)
(68.78589 0.12448866 0)
(68.787397 0.12497114 0)
(68.788841 0.1253489 0)
(68.790214 0.12562472 0)
(68.791509 0.12580184 0)
(68.792724 0.12588383 0)
(68.793853 0.12587449 0)
(68.794895 0.12577783 0)
(68.795849 0.12559797 0)
(68.796713 0.12533912 0)
(68.79749 0.12500556 0)
(68.798179 0.12460161 0)
(68.798785 0.12413163 0)
(68.799309 0.12360004 0)
(68.799756 0.12301129 0)
(68.80013 0.12236988 0)
(68.800435 0.12168032 0)
(68.800675 0.12094717 0)
(68.800857 0.12017499 0)
(68.800985 0.11936834 0)
(68.801065 0.11853174 0)
(68.801102 0.11766965 0)
(68.801101 0.11678638 0)
(68.801067 0.11588626 0)
(68.801005 0.11497331 0)
(68.800919 0.11405131 0)
(68.800815 0.11312382 0)
(68.800696 0.11219415 0)
(68.800566 0.11126529 0)
(68.800427 0.1103399 0)
(68.800284 0.10942038 0)
(68.800138 0.10850875 0)
(68.799991 0.10760675 0)
(68.799847 0.1067158 0)
(68.799705 0.10583696 0)
(68.799567 0.10497108 0)
(68.799434 0.10411877 0)
(68.799307 0.10328051 0)
(68.799186 0.10245655 0)
(68.799072 0.10164689 0)
(68.798964 0.1008515 0)
(68.798862 0.10006973 0)
(68.798767 0.099301495 0)
(68.798678 0.098546175 0)
(68.798595 0.09780386 0)
(68.798518 0.097073867 0)
(68.798445 0.096355718 0)
(68.798378 0.09564888 0)
(68.798316 0.094952919 0)
(68.798258 0.094267092 0)
(68.798203 0.093592477 0)
(68.798153 0.092925793 0)
(68.798107 0.092269983 0)
(68.798063 0.091620977 0)
(68.798022 0.090983082 0)
(68.797984 0.090352292 0)
(68.79795 0.089731085 0)
(68.797917 0.089115336 0)
(68.797886 0.088511641 0)
(68.797857 0.087910507 0)
(68.797826 0.087324463 0)
(68.7978 0.086747795 0)
(68.797737 0.086171703 0)
(68.797744 0.08571608 0)
(68.797422 0.084984078 0)
(68.797829 0.085575096 0)
(68.795926 0.082730525 0)
(68.799569 0.092296172 0)
(68.797307 0.074582463 0)
(68.75687 0.083609672 0)
(68.757143 0.085119163 0)
(68.757468 0.086676275 0)
(68.757849 0.088278476 0)
(68.758293 0.089922576 0)
(68.758801 0.091604733 0)
(68.759377 0.093320357 0)
(68.760026 0.095064041 0)
(68.76075 0.096829557 0)
(68.761552 0.0986099 0)
(68.762434 0.10039735 0)
(68.763396 0.10218356 0)
(68.764437 0.10395965 0)
(68.765557 0.10571635 0)
(68.766753 0.10744411 0)
(68.76802 0.10913334 0)
(68.769353 0.1107745 0)
(68.770747 0.11235836 0)
(68.772193 0.1138761 0)
(68.773683 0.11531953 0)
(68.775207 0.11668123 0)
(68.776756 0.11795465 0)
(68.778319 0.11913422 0)
(68.779884 0.12021541 0)
(68.781441 0.12119477 0)
(68.78298 0.12206988 0)
(68.784489 0.12283935 0)
(68.785959 0.12350272 0)
(68.78738 0.1240604 0)
(68.788746 0.12451356 0)
(68.790047 0.12486402 0)
(68.791279 0.12511417 0)
(68.792436 0.12526684 0)
(68.793515 0.12532523 0)
(68.794513 0.12529285 0)
(68.795427 0.12517345 0)
(68.796258 0.12497097 0)
(68.797005 0.12468951 0)
(68.79767 0.1243333 0)
(68.798256 0.12390672 0)
(68.798763 0.12341424 0)
(68.799197 0.12286043 0)
(68.79956 0.12224993 0)
(68.799858 0.12158749 0)
(68.800094 0.12087788 0)
(68.800273 0.12012591 0)
(68.800401 0.1193364 0)
(68.800483 0.11851413 0)
(68.800523 0.11766384 0)
(68.800526 0.11679011 0)
(68.800498 0.1158975 0)
(68.800443 0.11499031 0)
(68.800365 0.11407255 0)
(68.800269 0.11314801 0)
(68.800158 0.11222019 0)
(68.800037 0.11129228 0)
(68.799908 0.11036711 0)
(68.799773 0.10944722 0)
(68.799636 0.1085348 0)
(68.799499 0.10763168 0)
(68.799363 0.10673936 0)
(68.79923 0.10585902 0)
(68.7991 0.10499157 0)
(68.798976 0.10413767 0)
(68.798856 0.10329784 0)
(68.798742 0.10247234 0)
(68.798635 0.10166121 0)
(68.798533 0.10086441 0)
(68.798438 0.10008138 0)
(68.798349 0.099311948 0)
(68.798265 0.098555587 0)
(68.798187 0.097812268 0)
(68.798115 0.097081388 0)
(68.798047 0.096362432 0)
(68.797984 0.095654871 0)
(68.797926 0.094958265 0)
(68.797871 0.094271907 0)
(68.797821 0.093596639 0)
(68.797774 0.092929654 0)
(68.797731 0.092273257 0)
(68.79769 0.091624106 0)
(68.797652 0.090985679 0)
(68.797617 0.090354717 0)
(68.797585 0.089733113 0)
(68.797554 0.089117348 0)
(68.797526 0.088513128 0)
(68.797499 0.087912348 0)
(68.797471 0.087325708 0)
(68.797447 0.086749824 0)
(68.797389 0.086174209 0)
(68.797394 0.085718003 0)
(68.797096 0.085000856 0)
(68.797464 0.085551001 0)
(68.795739 0.082892288 0)
(68.7991 0.091748511 0)
(68.796989 0.074986166 0)
(68.759704 0.083105962 0)
(68.759949 0.08454178 0)
(68.760239 0.086023817 0)
(68.760579 0.0875501 0)
(68.760973 0.089118084 0)
(68.761424 0.090724651 0)
(68.761935 0.092366016 0)
(68.76251 0.094037657 0)
(68.763153 0.095734287 0)
(68.763864 0.097449886 0)
(68.764647 0.099177727 0)
(68.765502 0.10091044 0)
(68.76643 0.10264006 0)
(68.76743 0.10435815 0)
(68.768499 0.10605592 0)
(68.769636 0.10772433 0)
(68.770835 0.10935429 0)
(68.772093 0.11093678 0)
(68.773401 0.11246303 0)
(68.774754 0.11392471 0)
(68.776143 0.115314 0)
(68.777559 0.11662382 0)
(68.778992 0.11784788 0)
(68.780433 0.11898077 0)
(68.781871 0.12001805 0)
(68.783296 0.12095623 0)
(68.784699 0.12179281 0)
(68.78607 0.1225262 0)
(68.787399 0.12315572 0)
(68.78868 0.12368146 0)
(68.789904 0.12410427 0)
(68.791065 0.12442565 0)
(68.792159 0.12464765 0)
(68.793181 0.12477281 0)
(68.794128 0.12480408 0)
(68.794998 0.12474478 0)
(68.795789 0.12459852 0)
(68.796503 0.12436918 0)
(68.797139 0.12406088 0)
(68.7977 0.12367793 0)
(68.798188 0.12322484 0)
(68.798605 0.12270628 0)
(68.798956 0.12212704 0)
(68.799244 0.12149204 0)
(68.799473 0.12080628 0)
(68.799649 0.12007481 0)
(68.799775 0.1193027 0)
(68.799857 0.118495 0)
(68.7999 0.11765672 0)
(68.799907 0.11679271 0)
(68.799884 0.11590779 0)
(68.799836 0.1150065 0)
(68.799766 0.1140931 0)
(68.799678 0.11317161 0)
(68.799576 0.11224573 0)
(68.799464 0.11131885 0)
(68.799344 0.11039396 0)
(68.799219 0.10947377 0)
(68.799092 0.1085606 0)
(68.798964 0.10765639 0)
(68.798838 0.10676275 0)
(68.798713 0.10588094 0)
(68.798593 0.10501193 0)
(68.798476 0.10415647 0)
(68.798365 0.10331508 0)
(68.798259 0.10248806 0)
(68.798158 0.10167547 0)
(68.798064 0.10087728 0)
(68.797975 0.10009299 0)
(68.797892 0.099322379 0)
(68.797814 0.098564977 0)
(68.797742 0.097820666 0)
(68.797674 0.0970889 0)
(68.797611 0.096369141 0)
(68.797553 0.095660861 0)
(68.797499 0.09496361 0)
(68.797448 0.094276717 0)
(68.797402 0.093600813 0)
(68.797358 0.092933503 0)
(68.797318 0.092276545 0)
(68.797281 0.091627217 0)
(68.797246 0.090988286 0)
(68.797214 0.090357127 0)
(68.797185 0.089735143 0)
(68.797157 0.08911934 0)
(68.797131 0.088514622 0)
(68.797107 0.08791415 0)
(68.797081 0.087326969 0)
(68.797059 0.086751793 0)
(68.797006 0.086176752 0)
(68.79701 0.085719836 0)
(68.796736 0.085017676 0)
(68.797066 0.08552715 0)
(68.795515 0.083047148 0)
(68.798593 0.091219326 0)
(68.796638 0.075377789 0)
(68.76252 0.082629148 0)
(68.762739 0.083997643 0)
(68.762996 0.085410985 0)
(68.763297 0.086867662 0)
(68.763645 0.08836567 0)
(68.764043 0.0899025 0)
(68.764493 0.091475055 0)
(68.765 0.093079568 0)
(68.765565 0.094711581 0)
(68.766192 0.096365943 0)
(68.766883 0.098036823 0)
(68.767638 0.099717745 0)
(68.768458 0.10140162 0)
(68.769344 0.10308084 0)
(68.770294 0.10474734 0)
(68.771305 0.10639271 0)
(68.772375 0.10800834 0)
(68.7735 0.10958556 0)
(68.774674 0.11111576 0)
(68.775892 0.11259057 0)
(68.777146 0.11400196 0)
(68.778428 0.11534246 0)
(68.779731 0.1166052 0)
(68.781044 0.11778404 0)
(68.78236 0.11887369 0)
(68.783668 0.1198697 0)
(68.784959 0.12076854 0)
(68.786225 0.12156755 0)
(68.787456 0.12226497 0)
(68.788645 0.12285988 0)
(68.789785 0.12335214 0)
(68.79087 0.12374233 0)
(68.791893 0.12403168 0)
(68.792852 0.12422204 0)
(68.793742 0.12431574 0)
(68.794561 0.12431562 0)
(68.795308 0.12422493 0)
(68.795983 0.12404726 0)
(68.796586 0.12378657 0)
(68.797118 0.1234471 0)
(68.797582 0.12303335 0)
(68.797979 0.12255004 0)
(68.798314 0.12200211 0)
(68.79859 0.12139464 0)
(68.798811 0.12073283 0)
(68.798981 0.12002196 0)
(68.799104 0.11926736 0)
(68.799186 0.11847435 0)
(68.79923 0.11764819 0)
(68.799241 0.116794 0)
(68.799223 0.11591684 0)
(68.799181 0.11502153 0)
(68.799118 0.11411258 0)
(68.799039 0.11319421 0)
(68.798946 0.11227034 0)
(68.798844 0.11134454 0)
(68.798734 0.11042 0)
(68.798619 0.10949956 0)
(68.798502 0.10858567 0)
(68.798384 0.10768042 0)
(68.798267 0.1067855 0)
(68.798152 0.10590225 0)
(68.798041 0.10503173 0)
(68.797933 0.10417473 0)
(68.79783 0.10333181 0)
(68.797732 0.1025033 0)
(68.79764 0.10168928 0)
(68.797552 0.10088972 0)
(68.79747 0.10010419 0)
(68.797394 0.099332427 0)
(68.797322 0.098574 0)
(68.797255 0.09782872 0)
(68.797193 0.097096085 0)
(68.797135 0.096375542 0)
(68.797082 0.095666558 0)
(68.797032 0.094968679 0)
(68.796986 0.094281263 0)
(68.796943 0.093604751 0)
(68.796904 0.092937109 0)
(68.796868 0.092279629 0)
(68.796834 0.091630109 0)
(68.796802 0.090990714 0)
(68.796773 0.090359348 0)
(68.796746 0.089737013 0)
(68.796722 0.089121163 0)
(68.796699 0.088515987 0)
(68.796677 0.08791579 0)
(68.796653 0.087328134 0)
(68.796634 0.0867536 0)
(68.796586 0.086179224 0)
(68.796589 0.085721503 0)
(68.79634 0.085034304 0)
(68.796633 0.085503719 0)
(68.795251 0.083194002 0)
(68.798045 0.090712344 0)
(68.796251 0.07575443 0)
(68.765322 0.082181299 0)
(68.765515 0.083488664 0)
(68.765742 0.084839557 0)
(68.766006 0.086232845 0)
(68.766311 0.087666976 0)
(68.766659 0.089139953 0)
(68.767053 0.090649255 0)
(68.767495 0.092191767 0)
(68.767989 0.093763744 0)
(68.768537 0.095360795 0)
(68.769141 0.096977891 0)
(68.769802 0.098609367 0)
(68.770521 0.10024895 0)
(68.771299 0.10188979 0)
(68.772134 0.10352455 0)
(68.773025 0.10514547 0)
(68.773971 0.10674448 0)
(68.774967 0.10831329 0)
(68.77601 0.10984354 0)
(68.777094 0.11132696 0)
(68.778214 0.11275544 0)
(68.779363 0.11412123 0)
(68.780534 0.11541704 0)
(68.781718 0.11663616 0)
(68.782908 0.11777254 0)
(68.784095 0.11882091 0)
(68.78527 0.1197768 0)
(68.786425 0.12063658 0)
(68.787552 0.12139748 0)
(68.788643 0.12205756 0)
(68.789692 0.12261572 0)
(68.790693 0.12307162 0)
(68.79164 0.12342568 0)
(68.792528 0.12367899 0)
(68.793355 0.12383326 0)
(68.794117 0.12389079 0)
(68.794814 0.12385441 0)
(68.795445 0.12372743 0)
(68.796009 0.12351356 0)
(68.796508 0.12321695 0)
(68.796943 0.12284206 0)
(68.797318 0.12239365 0)
(68.797634 0.12187675 0)
(68.797895 0.1212966 0)
(68.798105 0.12065859 0)
(68.798267 0.11996823 0)
(68.798386 0.11923108 0)
(68.798465 0.11845271 0)
(68.79851 0.11763865 0)
(68.798524 0.1167943 0)
(68.798511 0.11592493 0)
(68.798475 0.11503563 0)
(68.79842 0.11413116 0)
(68.798349 0.11321596 0)
(68.798266 0.11229416 0)
(68.798173 0.1113695 0)
(68.798073 0.11044536 0)
(68.797969 0.10952473 0)
(68.797862 0.1086102 0)
(68.797754 0.10770396 0)
(68.797648 0.10680781 0)
(68.797543 0.10592319 0)
(68.797441 0.1050512 0)
(68.797343 0.10419271 0)
(68.797249 0.1033483 0)
(68.79716 0.10251833 0)
(68.797075 0.10170292 0)
(68.796996 0.10090202 0)
(68.796921 0.10011527 0)
(68.796851 0.099342386 0)
(68.796786 0.098582948 0)
(68.796725 0.097836719 0)
(68.796669 0.097103225 0)
(68.796617 0.09638191 0)
(68.796568 0.095672231 0)
(68.796523 0.094973729 0)
(68.796482 0.094285788 0)
(68.796443 0.093608684 0)
(68.796408 0.092940693 0)
(68.796375 0.092282713 0)
(68.796345 0.091632973 0)
(68.796317 0.090993138 0)
(68.796291 0.090361545 0)
(68.796267 0.089738871 0)
(68.796245 0.08912295 0)
(68.796225 0.088517343 0)
(68.796206 0.087917373 0)
(68.796186 0.087329293 0)
(68.796169 0.086755322 0)
(68.796125 0.086181674 0)
(68.796129 0.085723065 0)
(68.795904 0.085050605 0)
(68.796162 0.085481001 0)
(68.794944 0.083331844 0)
(68.797455 0.090231521 0)
(68.795826 0.076113062 0)
(68.768116 0.081764734 0)
(68.768285 0.083017017 0)
(68.768482 0.084311583 0)
(68.768712 0.085647614 0)
(68.768976 0.087023928 0)
(68.769277 0.088438954 0)
(68.769618 0.089890659 0)
(68.77 0.091376478 0)
(68.770427 0.092893274 0)
(68.770901 0.094437321 0)
(68.771423 0.096004286 0)
(68.771996 0.097589232 0)
(68.772619 0.099186614 0)
(68.773294 0.10079031 0)
(68.774019 0.10239367 0)
(68.774796 0.10398956 0)
(68.775621 0.10557044 0)
(68.776492 0.10712848 0)
(68.777407 0.10865564 0)
(68.77836 0.1101438 0)
(68.779348 0.11158489 0)
(68.780364 0.11297102 0)
(68.781401 0.11429459 0)
(68.782455 0.11554844 0)
(68.783516 0.11672593 0)
(68.784577 0.11782105 0)
(68.785631 0.11882853 0)
(68.786671 0.11974383 0)
(68.787687 0.12056326 0)
(68.788675 0.12128393 0)
(68.789626 0.12190379 0)
(68.790536 0.12242163 0)
(68.791399 0.12283703 0)
(68.79221 0.12315031 0)
(68.792967 0.12336255 0)
(68.793666 0.12347549 0)
(68.794306 0.12349151 0)
(68.794887 0.12341356 0)
(68.795407 0.12324513 0)
(68.795868 0.1229902 0)
(68.796271 0.12265317 0)
(68.796618 0.12223883 0)
(68.796912 0.12175227 0)
(68.797155 0.12119888 0)
(68.797351 0.1205842 0)
(68.797504 0.11991396 0)
(68.797617 0.11919395 0)
(68.797693 0.11842997 0)
(68.797737 0.11762782 0)
(68.797753 0.11679314 0)
(68.797744 0.11593146 0)
(68.797714 0.11504811 0)
(68.797666 0.11414808 0)
(68.797604 0.11323604 0)
(68.79753 0.11231631 0)
(68.797448 0.11139282 0)
(68.797358 0.11046912 0)
(68.797265 0.10954835 0)
(68.797169 0.10863323 0)
(68.797073 0.10772607 0)
(68.796977 0.10682876 0)
(68.796883 0.10594283 0)
(68.796791 0.10506945 0)
(68.796703 0.10420953 0)
(68.796619 0.1033637 0)
(68.796538 0.10253235 0)
(68.796462 0.1017156 0)
(68.796391 0.10091344 0)
(68.796324 0.10012553 0)
(68.796262 0.09935157 0)
(68.796203 0.098591171 0)
(68.796149 0.097844048 0)
(68.796098 0.097109743 0)
(68.796052 0.096387699 0)
(68.796009 0.09567737 0)
(68.795969 0.094978285 0)
(68.795932 0.094289851 0)
(68.795898 0.093612205 0)
(68.795867 0.092943879 0)
(68.795838 0.09228545 0)
(68.795811 0.091635496 0)
(68.795787 0.090995268 0)
(68.795764 0.090363459 0)
(68.795744 0.089740483 0)
(68.795725 0.089124496 0)
(68.795708 0.088518505 0)
(68.795692 0.087918739 0)
(68.795674 0.087330301 0)
(68.79566 0.086756834 0)
(68.795622 0.086183974 0)
(68.795625 0.085724437 0)
(68.795427 0.085066298 0)
(68.795651 0.085459216 0)
(68.794591 0.0834596 0)
(68.796819 0.089780939 0)
(68.79536 0.076450423 0)
(68.770909 0.08138262 0)
(68.771054 0.08258584 0)
(68.771223 0.083830184 0)
(68.77142 0.085115094 0)
(68.771646 0.086439691 0)
(68.771903 0.087802758 0)
(68.772193 0.089202667 0)
(68.772519 0.090637315 0)
(68.772883 0.092104082 0)
(68.773287 0.093599808 0)
(68.773732 0.095120766 0)
(68.77422 0.096662652 0)
(68.774752 0.098220578 0)
(68.775329 0.099789076 0)
(68.775951 0.10136212 0)
(68.776616 0.10293319 0)
(68.777325 0.10449527 0)
(68.778075 0.10604098 0)
(68.778864 0.10756265 0)
(68.779689 0.10905239 0)
(68.780545 0.11050223 0)
(68.781428 0.11190423 0)
(68.782332 0.11325062 0)
(68.783253 0.11453387 0)
(68.784183 0.1157469 0)
(68.785115 0.1168831 0)
(68.786044 0.11793647 0)
(68.786963 0.11890171 0)
(68.787863 0.11977425 0)
(68.78874 0.12055034 0)
(68.789588 0.12122707 0)
(68.7904 0.12180235 0)
(68.791171 0.12227494 0)
(68.791899 0.12264446 0)
(68.792578 0.1229113 0)
(68.793207 0.12307663 0)
(68.793784 0.12314237 0)
(68.794308 0.12311111 0)
(68.794779 0.12298606 0)
(68.795197 0.12277103 0)
(68.795563 0.12247033 0)
(68.795878 0.12208873 0)
(68.796146 0.12163139 0)
(68.796369 0.12110378 0)
(68.796549 0.12051163 0)
(68.796689 0.11986084 0)
(68.796794 0.11915741 0)
(68.796866 0.11840739 0)
(68.796909 0.11761679 0)
(68.796926 0.11679152 0)
(68.79692 0.11593733 0)
(68.796896 0.11505978 0)
(68.796855 0.1141641 0)
(68.796802 0.11325517 0)
(68.796737 0.11233749 0)
(68.796665 0.11141518 0)
(68.796587 0.11049195 0)
(68.796505 0.10957109 0)
(68.796421 0.10865544 0)
(68.796336 0.10774743 0)
(68.796251 0.10684903 0)
(68.796168 0.10596186 0)
(68.796088 0.10508715 0)
(68.79601 0.10422587 0)
(68.795935 0.10337868 0)
(68.795865 0.102546 0)
(68.795798 0.10172798 0)
(68.795735 0.10092459 0)
(68.795676 0.10013556 0)
(68.795621 0.099360562 0)
(68.79557 0.098599225 0)
(68.795523 0.097851231 0)
(68.795479 0.097116133 0)
(68.795438 0.096393376 0)
(68.7954 0.095682405 0)
(68.795366 0.094982744 0)
(68.795334 0.094293819 0)
(68.795305 0.093615645 0)
(68.795278 0.092946969 0)
(68.795253 0.092288109 0)
(68.795231 0.091637918 0)
(68.79521 0.090997315 0)
(68.795191 0.090365274 0)
(68.795174 0.089742003 0)
(68.795159 0.089125928 0)
(68.795144 0.088519579 0)
(68.795131 0.087919967 0)
(68.795117 0.087331215 0)
(68.795106 0.086758174 0)
(68.795073 0.086186118 0)
(68.795076 0.085725625 0)
(68.794904 0.085081144 0)
(68.795096 0.085438642 0)
(68.79419 0.083576203 0)
(68.796133 0.089364918 0)
(68.79485 0.076762964 0)
(68.77371 0.081037707 0)
(68.773832 0.08219788 0)
(68.773975 0.08339813 0)
(68.774139 0.084638106 0)
(68.774329 0.085917178 0)
(68.774544 0.087234415 0)
(68.774786 0.088588523 0)
(68.775059 0.089977781 0)
(68.775363 0.0914 0)
(68.7757 0.092852495 0)
(68.776072 0.094332056 0)
(68.77648 0.095834926 0)
(68.776925 0.097356783 0)
(68.777408 0.098892738 0)
(68.777929 0.10043734 0)
(68.778488 0.1019846 0)
(68.779084 0.10352803 0)
(68.779716 0.1050607 0)
(68.780382 0.10657529 0)
(68.78108 0.10806418 0)
(68.781805 0.10951956 0)
(68.782556 0.11093353 0)
(68.783326 0.1122982 0)
(68.784112 0.11360585 0)
(68.784909 0.114849 0)
(68.785709 0.11602057 0)
(68.786509 0.11711397 0)
(68.787301 0.11812321 0)
(68.78808 0.11904299 0)
(68.78884 0.11986877 0)
(68.789576 0.12059681 0)
(68.790283 0.12122424 0)
(68.790957 0.12174906 0)
(68.791592 0.12217016 0)
(68.792188 0.12248731 0)
(68.79274 0.1227011 0)
(68.793247 0.12281299 0)
(68.793709 0.12282519 0)
(68.794124 0.12274062 0)
(68.794493 0.12256291 0)
(68.794817 0.12229625 0)
(68.795097 0.12194538 0)
(68.795335 0.1215155 0)
(68.795533 0.12101217 0)
(68.795694 0.12044124 0)
(68.79582 0.11980879 0)
(68.795915 0.11912102 0)
(68.79598 0.11838418 0)
(68.796021 0.11760451 0)
(68.796038 0.11678815 0)
(68.796036 0.11594107 0)
(68.796016 0.11506903 0)
(68.795983 0.11417751 0)
(68.795938 0.11327156 0)
(68.795884 0.11235588 0)
(68.795822 0.11143474 0)
(68.795755 0.11051202 0)
(68.795685 0.10959112 0)
(68.795613 0.10867504 0)
(68.79554 0.10776628 0)
(68.795467 0.10686693 0)
(68.795396 0.10597864 0)
(68.795327 0.10510275 0)
(68.79526 0.10424025 0)
(68.795196 0.10339184 0)
(68.795136 0.10255796 0)
(68.795079 0.10173879 0)
(68.795025 0.10093431 0)
(68.794975 0.10014427 0)
(68.794928 0.099368358 0)
(68.794884 0.098606187 0)
(68.794844 0.097857423 0)
(68.794807 0.097121624 0)
(68.794772 0.096398238 0)
(68.794741 0.095686707 0)
(68.794712 0.094986543 0)
(68.794685 0.09429719 0)
(68.794661 0.093618561 0)
(68.794639 0.092949579 0)
(68.794618 0.092290354 0)
(68.7946 0.091639955 0)
(68.794583 0.090999038 0)
(68.794568 0.090366794 0)
(68.794555 0.089743277 0)
(68.794543 0.089127129 0)
(68.794532 0.088520477 0)
(68.794522 0.087921005 0)
(68.794511 0.087332003 0)
(68.794502 0.086759335 0)
(68.794476 0.086188092 0)
(68.794479 0.085726668 0)
(68.794333 0.085094939 0)
(68.794496 0.085419678 0)
(68.793738 0.08368068 0)
(68.795396 0.088988237 0)
(68.794294 0.077046988 0)
(68.776531 0.080735221 0)
(68.776631 0.0818584 0)
(68.776747 0.083020737 0)
(68.776881 0.084222044 0)
(68.777035 0.085461889 0)
(68.77721 0.086739575 0)
(68.777407 0.088054074 0)
(68.777628 0.089403979 0)
(68.777874 0.090787452 0)
(68.778148 0.092202199 0)
(68.778449 0.093645439 0)
(68.77878 0.095113873 0)
(68.779142 0.096603662 0)
(68.779534 0.098110413 0)
(68.779958 0.099629172 0)
(68.780414 0.10115444 0)
(68.7809 0.10268018 0)
(68.781416 0.10419989 0)
(68.781962 0.10570659 0)
(68.782533 0.10719295 0)
(68.78313 0.10865134 0)
(68.783748 0.11007396 0)
(68.784383 0.11145288 0)
(68.785033 0.11278023 0)
(68.785693 0.11404828 0)
(68.786358 0.11524956 0)
(68.787024 0.116377 0)
(68.787685 0.11742406 0)
(68.788336 0.11838478 0)
(68.788973 0.11925395 0)
(68.789591 0.1200271 0)
(68.790186 0.12070065 0)
(68.790754 0.12127191 0)
(68.791291 0.1217391 0)
(68.791795 0.12210138 0)
(68.792263 0.12235883 0)
(68.792694 0.12251242 0)
(68.793086 0.122564 0)
(68.79344 0.12251624 0)
(68.793754 0.12237252 0)
(68.794031 0.12213693 0)
(68.794271 0.12181417 0)
(68.794475 0.12140944 0)
(68.794645 0.12092836 0)
(68.794784 0.12037692 0)
(68.794893 0.11976132 0)
(68.794976 0.11908795 0)
(68.795034 0.11836324 0)
(68.79507 0.11759363 0)
(68.795087 0.11678547 0)
(68.795087 0.11594493 0)
(68.795073 0.11507799 0)
(68.795046 0.11419029 0)
(68.79501 0.11328708 0)
(68.794966 0.11237323 0)
(68.794915 0.11145316 0)
(68.79486 0.11053089 0)
(68.794803 0.10960996 0)
(68.794743 0.10869346 0)
(68.794683 0.10778399 0)
(68.794623 0.10688373 0)
(68.794564 0.1059944 0)
(68.794507 0.10511739 0)
(68.794452 0.10425373 0)
(68.794399 0.10340417 0)
(68.794349 0.10256916 0)
(68.794302 0.1017489 0)
(68.794258 0.10094338 0)
(68.794217 0.10015239 0)
(68.794178 0.09937559 0)
(68.794143 0.09861262 0)
(68.79411 0.097863117 0)
(68.79408 0.097126643 0)
(68.794052 0.096402651 0)
(68.794027 0.095690577 0)
(68.794004 0.094989925 0)
(68.793983 0.094300151 0)
(68.793964 0.093621088 0)
(68.793946 0.092951796 0)
(68.793931 0.092292224 0)
(68.793917 0.091641607 0)
(68.793904 0.091000394 0)
(68.793893 0.090367943 0)
(68.793883 0.089744191 0)
(68.793875 0.089127958 0)
(68.793867 0.088521031 0)
(68.793861 0.087921657 0)
(68.793853 0.087332444 0)
(68.793848 0.086760078 0)
(68.793828 0.086189607 0)
(68.793832 0.085727296 0)
(68.793713 0.085107118 0)
(68.793846 0.085402399 0)
(68.793232 0.083771627 0)
(68.794603 0.088655726 0)
(68.793689 0.077297961 0)
(68.779387 0.080478545 0)
(68.779465 0.081571121 0)
(68.779555 0.082702063 0)
(68.779659 0.083871311 0)
(68.779779 0.08507859 0)
(68.779914 0.086323381 0)
(68.780067 0.087604873 0)
(68.780238 0.088921903 0)
(68.780429 0.090272914 0)
(68.780641 0.091655928 0)
(68.780874 0.093068507 0)
(68.781131 0.094507726 0)
(68.781411 0.095970141 0)
(68.781716 0.097451768 0)
(68.782045 0.098948072 0)
(68.782399 0.10045396 0)
(68.782778 0.10196381 0)
(68.78318 0.10347146 0)
(68.783606 0.10497027 0)
(68.784053 0.10645317 0)
(68.78452 0.10791273 0)
(68.785004 0.10934123 0)
(68.785504 0.1107308 0)
(68.786015 0.11207347 0)
(68.786536 0.11336131 0)
(68.787061 0.1145866 0)
(68.787588 0.11574189 0)
(68.788113 0.11682016 0)
(68.788631 0.11781496 0)
(68.789138 0.11872047 0)
(68.789632 0.11953165 0)
(68.790107 0.12024428 0)
(68.790562 0.12085507 0)
(68.790993 0.12136166 0)
(68.791398 0.12176267 0)
(68.791774 0.12205769 0)
(68.792122 0.1222473 0)
(68.792438 0.12233299 0)
(68.792724 0.12231715 0)
(68.792979 0.122203 0)
(68.793203 0.12199449 0)
(68.793398 0.12169627 0)
(68.793564 0.12131353 0)
(68.793703 0.12085195 0)
(68.793817 0.1203176 0)
(68.793907 0.11971682 0)
(68.793975 0.11905612 0)
(68.794024 0.11834212 0)
(68.794055 0.11758141 0)
(68.79407 0.11678055 0)
(68.794072 0.11594586 0)
(68.794062 0.11508348 0)
(68.794043 0.11419925 0)
(68.794015 0.11329857 0)
(68.793981 0.11238644 0)
(68.793942 0.11146744 0)
(68.7939 0.11054569 0)
(68.793855 0.10962485 0)
(68.793808 0.1087081 0)
(68.793761 0.10779814 0)
(68.793715 0.10689719 0)
(68.793669 0.10600706 0)
(68.793624 0.10512917 0)
(68.793582 0.10426461 0)
(68.793541 0.10341413 0)
(68.793502 0.10257822 0)
(68.793466 0.10175709 0)
(68.793432 0.10095075 0)
(68.7934 0.10015899 0)
(68.793371 0.099381488 0)
(68.793344 0.09861788 0)
(68.793319 0.097867791 0)
(68.793297 0.097130781 0)
(68.793276 0.096406308 0)
(68.793257 0.095693804 0)
(68.79324 0.094992766 0)
(68.793225 0.09430266 0)
(68.793211 0.093623255 0)
(68.793199 0.092953717 0)
(68.793189 0.092293875 0)
(68.793179 0.091643086 0)
(68.793171 0.091001642 0)
(68.793164 0.090369024 0)
(68.793158 0.089745089 0)
(68.793153 0.089128789 0)
(68.793149 0.088521644 0)
(68.793146 0.087922353 0)
(68.793142 0.087332983 0)
(68.79314 0.086760865 0)
(68.793126 0.0861911 0)
(68.793132 0.085727997 0)
(68.79304 0.085117856 0)
(68.793146 0.085387698 0)
(68.792672 0.083848353 0)
(68.793753 0.088373717 0)
(68.793032 0.077511452 0)
(68.782297 0.080274652 0)
(68.782353 0.081343217 0)
(68.782418 0.082449527 0)
(68.782492 0.083593618 0)
(68.782578 0.084775325 0)
(68.782674 0.085994266 0)
(68.782784 0.087249783 0)
(68.782906 0.088540898 0)
(68.783042 0.089866265 0)
(68.783194 0.091224143 0)
(68.783361 0.092612358 0)
(68.783544 0.094028269 0)
(68.783745 0.095468738 0)
(68.783962 0.096930102 0)
(68.784198 0.098408154 0)
(68.784452 0.099898135 0)
(68.784724 0.10139473 0)
(68.785013 0.10289209 0)
(68.785319 0.10438384 0)
(68.78564 0.10586315 0)
(68.785977 0.10732276 0)
(68.786327 0.10875507 0)
(68.786688 0.11015224 0)
(68.787059 0.11150626 0)
(68.787436 0.11280912 0)
(68.787818 0.11405286 0)
(68.788202 0.11522978 0)
(68.788584 0.11633251 0)
(68.788962 0.11735419 0)
(68.789334 0.11828856 0)
(68.789695 0.11913008 0)
(68.790044 0.11987405 0)
(68.790378 0.12051665 0)
(68.790695 0.12105506 0)
(68.790994 0.12148745 0)
(68.791272 0.121813 0)
(68.791528 0.12203193 0)
(68.791763 0.12214545 0)
(68.791975 0.1221557 0)
(68.792164 0.12206574 0)
(68.792331 0.1218794 0)
(68.792476 0.12160127 0)
(68.7926 0.12123654 0)
(68.792704 0.12079092 0)
(68.79279 0.12027055 0)
(68.792858 0.11968187 0)
(68.79291 0.11903151 0)
(68.792947 0.11832621 0)
(68.792972 0.11757273 0)
(68.792985 0.11677775 0)
(68.792988 0.11594775 0)
(68.792983 0.11508901 0)
(68.79297 0.1142075 0)
(68.792951 0.11330878 0)
(68.792928 0.11239795 0)
(68.792901 0.11147971 0)
(68.792871 0.11055827 0)
(68.792839 0.10963739 0)
(68.792807 0.10872033 0)
(68.792774 0.10780985 0)
(68.792741 0.10690825 0)
(68.792709 0.10601737 0)
(68.792678 0.10513867 0)
(68.792648 0.10427328 0)
(68.79262 0.10342199 0)
(68.792593 0.10258527 0)
(68.792568 0.10176337 0)
(68.792545 0.10095629 0)
(68.792523 0.10016385 0)
(68.792504 0.099385736 0)
(68.792486 0.098621566 0)
(68.792469 0.097870961 0)
(68.792454 0.097133481 0)
(68.792441 0.096408587 0)
(68.792429 0.095695708 0)
(68.792419 0.094994334 0)
(68.79241 0.094303938 0)
(68.792402 0.093624242 0)
(68.792395 0.092954486 0)
(68.79239 0.092294417 0)
(68.792385 0.091643475 0)
(68.792381 0.091001841 0)
(68.792379 0.090369081 0)
(68.792377 0.089744995 0)
(68.792376 0.089128637 0)
(68.792376 0.08852132 0)
(68.792376 0.087922091 0)
(68.792376 0.087332606 0)
(68.792378 0.086760682 0)
(68.792371 0.086191518 0)
(68.792377 0.085727752 0)
(68.792314 0.085125806 0)
(68.792393 0.085375016 0)
(68.792057 0.083908337 0)
(68.792843 0.088148595 0)
(68.792324 0.077680887 0)
(68.785286 0.080131098 0)
(68.78532 0.081182665 0)
(68.785358 0.082271551 0)
(68.785403 0.083397849 0)
(68.785455 0.084561473 0)
(68.785513 0.085762128 0)
(68.785578 0.086999265 0)
(68.785652 0.088272027 0)
(68.785734 0.08957921 0)
(68.785825 0.090919232 0)
(68.785926 0.092290097 0)
(68.786036 0.093689359 0)
(68.786157 0.095114091 0)
(68.786288 0.096560848 0)
(68.78643 0.098025653 0)
(68.786584 0.099503975 0)
(68.786748 0.10099073 0)
(68.786923 0.10248028 0)
(68.787108 0.10396645 0)
(68.787303 0.10544257 0)
(68.787507 0.10690153 0)
(68.78772 0.10833582 0)
(68.787939 0.10973765 0)
(68.788165 0.111099 0)
(68.788395 0.11241178 0)
(68.788628 0.11366793 0)
(68.788863 0.11485957 0)
(68.789097 0.1159791 0)
(68.789329 0.11701937 0)
(68.789557 0.11797382 0)
(68.789779 0.11883658 0)
(68.789994 0.11960259 0)
(68.790199 0.12026768 0)
(68.790395 0.12082869 0)
(68.79058 0.12128345 0)
(68.790752 0.12163085 0)
(68.790911 0.12187086 0)
(68.791056 0.12200445 0)
(68.791188 0.1220336 0)
(68.791306 0.12196122 0)
(68.791411 0.12179106 0)
(68.791502 0.12152765 0)
(68.79158 0.12117618 0)
(68.791646 0.12074237 0)
(68.7917 0.12023239 0)
(68.791744 0.11965275 0)
(68.791778 0.11901017 0)
(68.791803 0.11831148 0)
(68.791819 0.11756353 0)
(68.791829 0.11677309 0)
(68.791833 0.11594678 0)
(68.791832 0.11509095 0)
(68.791826 0.11421168 0)
(68.791816 0.11331461 0)
(68.791804 0.11240496 0)
(68.791789 0.11148748 0)
(68.791772 0.11056646 0)
(68.791755 0.10964573 0)
(68.791737 0.10872861 0)
(68.791719 0.10781792 0)
(68.791701 0.10691597 0)
(68.791683 0.10602467 0)
(68.791666 0.1051455 0)
(68.79165 0.1042796 0)
(68.791635 0.10342779 0)
(68.79162 0.10259057 0)
(68.791607 0.10176817 0)
(68.791595 0.10096062 0)
(68.791585 0.10016774 0)
(68.791575 0.099389214 0)
(68.791566 0.098624672 0)
(68.791559 0.097873724 0)
(68.791552 0.09713593 0)
(68.791547 0.096410752 0)
(68.791542 0.09569762 0)
(68.791539 0.094996018 0)
(68.791536 0.094305424 0)
(68.791534 0.093625528 0)
(68.791533 0.092955622 0)
(68.791533 0.092295397 0)
(68.791533 0.091644346 0)
(68.791534 0.091002578 0)
(68.791536 0.090369716 0)
(68.791539 0.089745523 0)
(68.791542 0.08912912 0)
(68.791545 0.088521681 0)
(68.791549 0.087922488 0)
(68.791554 0.087332921 0)
(68.791558 0.086761128 0)
(68.791558 0.086192393 0)
(68.791567 0.085728161 0)
(68.791532 0.085131995 0)
(68.791585 0.085366627 0)
(68.791386 0.083950087 0)
(68.79187 0.087989898 0)
(68.79156 0.077805826 0)
(68.788371 0.080054902 0)
(68.788382 0.081097725 0)
(68.788394 0.08217758 0)
(68.788409 0.083294604 0)
(68.788426 0.084448753 0)
(68.788445 0.085639782 0)
(68.788466 0.086867203 0)
(68.78849 0.088130231 0)
(68.788517 0.089427741 0)
(68.788546 0.090758243 0)
(68.788579 0.092119839 0)
(68.788616 0.093510192 0)
(68.788655 0.094926488 0)
(68.788699 0.096365407 0)
(68.788746 0.097823096 0)
(68.788796 0.099295151 0)
(68.78885 0.10077661 0)
(68.788908 0.10226196 0)
(68.78897 0.10374513 0)
(68.789035 0.10521955 0)
(68.789103 0.10667818 0)
(68.789174 0.10811357 0)
(68.789247 0.10951794 0)
(68.789323 0.11088327 0)
(68.7894 0.11220145 0)
(68.789478 0.11346435 0)
(68.789557 0.11466397 0)
(68.789636 0.11579259 0)
(68.789714 0.11684292 0)
(68.789791 0.11780823 0)
(68.789866 0.11868244 0)
(68.789939 0.1194603 0)
(68.79001 0.12013747 0)
(68.790076 0.12071057 0)
(68.790139 0.12117726 0)
(68.790199 0.12153629 0)
(68.790253 0.12178746 0)
(68.790304 0.12193164 0)
(68.79035 0.12197071 0)
(68.790391 0.12190751 0)
(68.790428 0.12174576 0)
(68.79046 0.12148996 0)
(68.790488 0.12114529 0)
(68.790512 0.12071749 0)
(68.790532 0.12021277 0)
(68.790549 0.11963767 0)
(68.790562 0.11899896 0)
(68.790573 0.11830351 0)
(68.79058 0.11755824 0)
(68.790586 0.11676998 0)
(68.79059 0.1159454 0)
(68.790591 0.11509092 0)
(68.790592 0.11421265 0)
(68.790591 0.1133163 0)
(68.790589 0.11240712 0)
(68.790587 0.11148991 0)
(68.790584 0.11056901 0)
(68.790581 0.10964827 0)
(68.790578 0.10873104 0)
(68.790574 0.10782016 0)
(68.790571 0.10691798 0)
(68.790568 0.10602641 0)
(68.790565 0.10514696 0)
(68.790563 0.10428079 0)
(68.790561 0.10342869 0)
(68.79056 0.10259119 0)
(68.790559 0.10176854 0)
(68.790558 0.10096074 0)
(68.790558 0.10016763 0)
(68.790559 0.0993889 0)
(68.79056 0.098624174 0)
(68.790561 0.09787306 0)
(68.790563 0.097135114 0)
(68.790566 0.096409804 0)
(68.790568 0.095696555 0)
(68.790572 0.09499485 0)
(68.790575 0.09430417 0)
(68.79058 0.093624184 0)
(68.790584 0.092954218 0)
(68.790589 0.092293926 0)
(68.790595 0.091642838 0)
(68.7906 0.091001013 0)
(68.790607 0.090368116 0)
(68.790613 0.089743882 0)
(68.79062 0.089127476 0)
(68.790628 0.088519982 0)
(68.790636 0.087920841 0)
(68.790644 0.08733124 0)
(68.790652 0.086759567 0)
(68.790659 0.086191107 0)
(68.79067 0.085726676 0)
(68.790665 0.085134065 0)
(68.790691 0.085359671 0)
(68.790632 0.083973476 0)
(68.790803 0.087881819 0)
(68.790713 0.077897846 0)
)
;

boundaryField
{
    inlet
    {
        type            fixedValue;
        value           uniform (68.79 0 0);
    }
    outlet
    {
        type            zeroGradient;
    }
    top
    {
        type            inletOutlet;
        inletValue      uniform (68.79 0 0);
        value           nonuniform List<vector> 
110
(
(68.789965 0.0038306724 0)
(68.789741 0.012598504 0)
(68.789401 0.022546719 0)
(68.789036 0.033253497 0)
(68.78873 0.043568349 0)
(68.788522 0.05256346 0)
(68.788404 0.059856382 0)
(68.788349 0.065498128 0)
(68.788331 0.069746899 0)
(68.78833 0.072903327 0)
(68.788337 0.075233981 0)
(68.788346 0.076951051 0)
(68.788355 0.078215474 0)
(68.788362 0.079147216 0)
(68.788371 0.080054902 0)
(68.788382 0.081097725 0)
(68.788394 0.08217758 0)
(68.788409 0.083294604 0)
(68.788426 0.084448753 0)
(68.788445 0.085639782 0)
(68.788466 0.086867203 0)
(68.78849 0.088130231 0)
(68.788517 0.089427741 0)
(68.788546 0.090758243 0)
(68.788579 0.092119839 0)
(68.788616 0.093510192 0)
(68.788655 0.094926488 0)
(68.788699 0.096365407 0)
(68.788746 0.097823096 0)
(68.788796 0.099295151 0)
(68.78885 0.10077661 0)
(68.788908 0.10226196 0)
(68.78897 0.10374513 0)
(68.789035 0.10521955 0)
(68.789103 0.10667818 0)
(68.789174 0.10811357 0)
(68.789247 0.10951794 0)
(68.789323 0.11088327 0)
(68.7894 0.11220145 0)
(68.789478 0.11346435 0)
(68.789557 0.11466397 0)
(68.789636 0.11579259 0)
(68.789714 0.11684292 0)
(68.789791 0.11780823 0)
(68.789866 0.11868244 0)
(68.789939 0.1194603 0)
(68.79001 0.12013747 0)
(68.790076 0.12071057 0)
(68.790139 0.12117726 0)
(68.790199 0.12153629 0)
(68.790253 0.12178746 0)
(68.790304 0.12193164 0)
(68.79035 0.12197071 0)
(68.790391 0.12190751 0)
(68.790428 0.12174576 0)
(68.79046 0.12148996 0)
(68.790488 0.12114529 0)
(68.790512 0.12071749 0)
(68.790532 0.12021277 0)
(68.790549 0.11963767 0)
(68.790562 0.11899896 0)
(68.790573 0.11830351 0)
(68.79058 0.11755824 0)
(68.790586 0.11676998 0)
(68.79059 0.1159454 0)
(68.790591 0.11509092 0)
(68.790592 0.11421265 0)
(68.790591 0.1133163 0)
(68.790589 0.11240712 0)
(68.790587 0.11148991 0)
(68.790584 0.11056901 0)
(68.790581 0.10964827 0)
(68.790578 0.10873104 0)
(68.790574 0.10782016 0)
(68.790571 0.10691798 0)
(68.790568 0.10602641 0)
(68.790565 0.10514696 0)
(68.790563 0.10428079 0)
(68.790561 0.10342869 0)
(68.79056 0.10259119 0)
(68.790559 0.10176854 0)
(68.790558 0.10096074 0)
(68.790558 0.10016763 0)
(68.790559 0.0993889 0)
(68.79056 0.098624174 0)
(68.790561 0.09787306 0)
(68.790563 0.097135114 0)
(68.790566 0.096409804 0)
(68.790568 0.095696555 0)
(68.790572 0.09499485 0)
(68.790575 0.09430417 0)
(68.79058 0.093624184 0)
(68.790584 0.092954218 0)
(68.790589 0.092293926 0)
(68.790595 0.091642838 0)
(68.7906 0.091001013 0)
(68.790607 0.090368116 0)
(68.790613 0.089743882 0)
(68.79062 0.089127476 0)
(68.790628 0.088519982 0)
(68.790636 0.087920841 0)
(68.790644 0.08733124 0)
(68.790652 0.086759567 0)
(68.790659 0.086191107 0)
(68.79067 0.085726676 0)
(68.790665 0.085134065 0)
(68.790691 0.085359671 0)
(68.790632 0.083973476 0)
(68.790803 0.087881819 0)
(68.790713 0.077897846 0)
)
;
    }
    upstreamWall
    {
        type            symmetryPlane;
    }
    plate
    {
        type            noSlip;
    }
    frontAndBack
    {
        type            empty;
    }
}


// ************************************************************************* //
