/*--------------------------------*- C++ -*----------------------------------*\
| =========                 |                                                 |
| \\      /  F ield         | OpenFOAM: The Open Source CFD Toolbox           |
|  \\    /   O peration     | Version:  2512                                  |
|   \\  /    A nd           | Website:  www.openfoam.com                      |
|    \\/     M anipulation  |                                                 |
\*---------------------------------------------------------------------------*/
FoamFile
{
    version     2.0;
    format      ascii;
    arch        "LSB;label=32;scalar=64";
    class       surfaceScalarField;
    location    "0.299985";
    object      phi;
}
// * * * * * * * * * * * * * * * * * * * * * * * * * * * * * * * * * * * * * //

dimensions      [1 0 -1 0 0 0 0];

oriented        oriented;

internalField   nonuniform List<scalar> 
17410
(
0.000180538
1.0585725e-08
0.0001805173
2.0698286e-08
0.00018048759
2.9711612e-08
0.00018045128
3.6315511e-08
0.00018040981
4.1468503e-08
0.0001803639
4.5905654e-08
0.00018031363
5.0272554e-08
0.0001802577
5.5928394e-08
0.00018019726
6.0441024e-08
0.00018011959
7.7669748e-08
0.00018006479
5.4795823e-08
0.00017980191
2.6288394e-07
0.00018039412
-5.9220927e-07
3.0769188e-06
0.00017731721
0.00019067935
2.1732054e-08
0.00019065748
4.2561601e-08
0.00019062612
6.108052e-08
0.00019058778
7.4651758e-08
0.00019054401
8.5238229e-08
0.00019049557
9.4346943e-08
0.00019044253
1.0331013e-07
0.00019038361
1.1485168e-07
0.00019031967
1.2437726e-07
0.00019024023
1.5710785e-07
0.00019016419
1.3083672e-07
0.00019005762
3.6944215e-07
0.00018952977
-6.4367184e-08
1.8255895e-06
0.00019078114
0.00020139034
3.3496414e-08
0.00020136725
6.565355e-08
0.00020133412
9.4208642e-08
0.00020129363
1.1513667e-07
0.00020124741
1.3145992e-07
0.00020119626
1.4549678e-07
0.00020114025
1.5931996e-07
0.00020107811
1.7699436e-07
0.00020101028
1.9220275e-07
0.00020092858
2.3880704e-07
0.00020083918
2.2023519e-07
0.00020073336
4.7527008e-07
0.00020046807
2.0092546e-07
1.9129959e-06
0.00020038066
0.00021270299
4.5912101e-08
0.0002126786
9.0043189e-08
0.00021264362
1.2919424e-07
0.00021260086
1.5789003e-07
0.00021255205
1.8027004e-07
0.00021249805
1.9950444e-07
0.0002124389
2.1846916e-07
0.00021237337
2.4251915e-07
0.00021230148
2.640961e-07
0.00021221664
3.2364515e-07
0.00021211943
3.1744815e-07
0.00021200268
5.9200644e-07
0.00021178026
4.2335855e-07
2.0354653e-06
0.00021165783
0.00022465111
5.9014068e-08
0.00022462535
1.1580348e-07
0.00022458841
1.6614099e-07
0.00022454326
2.0303808e-07
0.00022449172
2.3181244e-07
0.00022443469
2.5652678e-07
0.00022437223
2.8093023e-07
0.00022430314
3.116123e-07
0.00022422705
3.401882e-07
0.0002241383
4.1239339e-07
0.00022403519
4.2055928e-07
0.00022391029
7.1690926e-07
0.00022369259
6.4106055e-07
2.1521026e-06
0.00022357594
0.00023727039
7.283893e-08
0.00023724319
1.4301147e-07
0.00023720417
2.051583e-07
0.00023715649
2.5071408e-07
0.00023710207
2.8623878e-07
0.00023704186
3.1673007e-07
0.00023697591
3.4688408e-07
0.00023690304
3.8447667e-07
0.00023682261
4.2062563e-07
0.00023672945
5.0555384e-07
0.00023662062
5.2938127e-07
0.00023648963
8.4788853e-07
0.00023627202
8.5871158e-07
2.2674412e-06
0.00023615672
0.00025059854
8.7425049e-08
0.0002505698
1.7174857e-07
0.0002505286
2.4636156e-07
0.00025047825
3.0105844e-07
0.00025042078
3.4370879e-07
0.00025035722
3.8028891e-07
0.00025028759
4.165179e-07
0.00025021074
4.6132678e-07
0.00025012578
5.0558146e-07
0.0002500279
6.0343452e-07
0.00024991311
6.4417507e-07
0.00024977696
9.8403033e-07
0.00024955964
1.0760399e-06
2.382613e-06
0.00024944445
0.00026467536
1.0281257e-07
0.00026464501
2.0210074e-07
0.0002646015
2.8987252e-07
0.00026454834
3.5421942e-07
0.00026448765
4.0439083e-07
0.00026442056
4.4738826e-07
0.00026434704
4.9003002e-07
0.00026426599
5.423831e-07
0.00026417631
5.9525943e-07
0.00026407346
7.0628827e-07
0.00026395244
7.6519307e-07
0.0002638114
1.1250638e-06
0.00026359538
1.2920939e-06
2.4975806e-06
0.00026348044
0.00027954292
1.1904347e-07
0.00027951086
2.3415881e-07
0.00027946492
3.3581959e-07
0.00027940878
4.1035311e-07
0.00027934471
4.6846218e-07
0.00027927388
5.1822192e-07
0.00027919628
5.6762672e-07
0.00027911079
6.2787297e-07
0.00027901617
6.8987705e-07
0.00027890812
8.1434129e-07
0.00027878071
8.9261168e-07
0.00027863479
1.2709688e-06
0.00027842101
1.5058656e-06
2.611759e-06
0.00027830681
0.00029524564
1.3616156e-07
0.00029521178
2.6801871e-07
0.00029516326
3.843382e-07
0.00029510399
4.6962433e-07
0.00029503634
5.3610964e-07
0.00029496157
5.929949e-07
0.00029487967
6.4952769e-07
0.00029478951
7.1802894e-07
0.00029468971
7.8967397e-07
0.00029457623
9.2782045e-07
0.00029444231
1.0265463e-06
0.00029429156
1.4217175e-06
0.00029408094
1.7164952e-06
2.7246328e-06
0.00029396809
0.00031183042
1.5421256e-07
0.00031179466
3.0378182e-07
0.00031174342
4.3557117e-07
0.00031168084
5.3220657e-07
0.00031160942
6.0752992e-07
0.00031153049
6.7192164e-07
0.00031144406
7.3596131e-07
0.000311349
8.1309302e-07
0.00031124377
8.9489628e-07
0.00031112465
1.0469378e-06
0.00031098415
1.1670566e-06
0.00031082863
1.5772283e-06
0.00031062199
1.9231141e-06
2.835507e-06
0.0003105111
0.00032934682
1.7324413e-07
0.00032930905
3.4155517e-07
0.00032925495
4.8966911e-07
0.00032918887
5.9828296e-07
0.00032911347
6.8293026e-07
0.00032903017
7.5522877e-07
0.00032893896
8.2717063e-07
0.00032883874
9.1331475e-07
0.00032872783
1.0058039e-06
0.00032860284
1.171925e-06
0.00032845575
1.3141599e-06
0.00032829565
1.737335e-06
0.00032809379
2.1249707e-06
2.9438603e-06
0.00032798544
0.00034784717
1.9330581e-07
0.00034780728
3.814519e-07
0.00034775015
5.4679081e-07
0.00034768039
6.680462e-07
0.00034760079
7.6252886e-07
0.00034751287
8.4315316e-07
0.00034741663
9.2340751e-07
0.00034731099
1.0189552e-06
0.00034719414
1.1226574e-06
0.00034706306
1.3029924e-06
0.00034690941
1.4678095e-06
0.00034674498
1.901769e-06
0.0003465486
2.3213281e-06
3.0490181e-06
0.00034644342
0.00036738675
2.144491e-07
0.00036734461
4.2359149e-07
0.00036728429
6.071037e-07
0.00036721064
7.4169962e-07
0.00036712661
8.4655556e-07
0.00036703382
9.3594493e-07
0.00036693229
1.0249393e-06
0.00036682096
1.1302835e-06
0.00036669789
1.2457274e-06
0.00036656053
1.4403607e-06
0.00036640042
1.6279245e-06
0.000366232
2.0701894e-06
0.00036604177
2.5115564e-06
3.1504175e-06
0.00036594037
0.00038802392
2.3672745e-07
0.00038797941
4.6810022e-07
0.00038791573
6.707843e-07
0.00038783797
8.1945718e-07
0.00038774927
9.3525229e-07
0.00038765135
1.0338655e-06
0.00038754425
1.1320423e-06
0.00038742695
1.2475811e-06
0.0003872974
1.3752803e-06
0.00038715353
1.5842215e-06
0.00038698711
1.7943453e-06
0.00038681517
2.242127e-06
0.00038663163
2.6950784e-06
3.2473922e-06
0.00038653463
0.00040982034
2.6019617e-07
0.00040977333
5.1511148e-07
0.0004097061
7.3801869e-07
0.00040962401
9.0154451e-07
0.00040953039
1.0288738e-06
0.00040942706
1.1371905e-06
0.0004093141
1.245009e-06
0.00040919054
1.3711368e-06
0.00040905424
1.5115865e-06
0.00040890369
1.7347698e-06
0.00040873117
1.9668658e-06
0.00040855625
2.4170536e-06
0.0004083799
2.87142e-06
3.339408e-06
0.00040828788
0.00043284114
2.8491252e-07
0.00043279149
5.6476625e-07
0.0004327205
8.0900303e-07
0.00043263385
9.8819904e-07
0.00043253503
1.127688e-06
0.00043242602
1.2462082e-06
0.00043230688
1.3641406e-06
0.00043217677
1.501251e-06
0.00043203345
1.6549075e-06
0.00043187606
1.8921539e-06
0.00043169772
2.1451971e-06
0.00043152046
2.5943119e-06
0.0004313517
3.0401693e-06
3.4259129e-06
0.00043126518
0.0004571551
3.1093556e-07
0.00045710265
6.1721348e-07
0.00045702771
8.8394407e-07
0.00045693624
1.079671e-06
0.00045683195
1.2319769e-06
0.00045671693
1.361222e-06
0.00045659132
1.4897552e-06
0.00045645434
1.63823e-06
0.00045630375
1.8055025e-06
0.00045613939
2.0565134e-06
0.0004559556
2.3289906e-06
0.00045577671
2.7731979e-06
0.00045561586
3.2010161e-06
3.5064811e-06
0.00045553528
0.00048283484
3.3832619e-07
0.00048277944
6.7261064e-07
0.00048270033
9.6305968e-07
0.00048260378
1.1762238e-06
0.00048249372
1.342037e-06
0.00048237239
1.4825489e-06
0.00048223996
1.622179e-06
0.0004820958
1.7823901e-06
0.00048193769
1.9636145e-06
0.00048176628
2.2279234e-06
0.00048157747
2.5177915e-06
0.00048139773
2.9529372e-06
0.00048124503
3.3537096e-06
3.5807173e-06
0.00048117078
0.00050995711
3.6714703e-07
0.00050989859
7.311241e-07
0.00050981507
1.0465793e-06
0.00050971316
1.2781346e-06
0.00050959702
1.4581799e-06
0.00050946905
1.610522e-06
0.00050932947
1.7617554e-06
0.00050917781
1.9340496e-06
0.00050901195
2.1294763e-06
0.00050883344
2.4064333e-06
0.00050864015
2.7110857e-06
0.00050846036
3.1327242e-06
0.00050831598
3.4980855e-06
3.6483429e-06
0.00050824835
0.00053860291
3.974624e-07
0.00053854111
7.9292985e-07
0.00053845294
1.1347443e-06
0.00053834538
1.3856952e-06
0.00053822283
1.5807336e-06
0.00053808786
1.7454891e-06
0.00053794078
1.9088353e-06
0.0005377813
2.0935332e-06
0.00053760748
2.3032958e-06
0.0005374219
2.5920048e-06
0.00053722469
2.9082963e-06
0.00053704574
3.3116612e-06
0.00053690981
3.6340134e-06
3.7091853e-06
0.00053684897
0.00056885786
4.2933826e-07
0.00056879257
8.5821401e-07
0.00056869951
1.2278079e-06
0.00056858599
1.4992125e-06
0.00056845668
1.7100433e-06
0.00056831436
1.8878146e-06
0.00056815941
2.0637851e-06
0.00056799178
2.2611622e-06
0.00056780982
2.4852522e-06
0.00056761727
2.7845594e-06
0.00056741676
3.1088057e-06
0.00056723957
3.4888563e-06
0.00056711215
3.7614218e-06
3.7631681e-06
0.00056705816
0.00060081232
4.6284213e-07
0.00060074336
9.2717386e-07
0.00060064514
1.3260336e-06
0.00060052534
1.6190111e-06
0.00060038891
1.8464727e-06
0.00060023884
2.0378786e-06
0.00060007565
2.2269742e-06
0.00059989956
2.4372604e-06
0.00059970935
2.6754529e-06
0.00059950991
2.9839979e-06
0.00059930679
3.3119246e-06
0.0005991323
3.6633404e-06
0.00059901345
3.8802725e-06
3.8103147e-06
0.0005989663
0.00063456178
4.9804307e-07
0.00063448893
1.0000195e-06
0.00063438527
1.4296914e-06
0.00063425884
1.7454423e-06
0.00063411492
1.990398e-06
0.00063395671
2.1960812e-06
0.00063378491
2.3987761e-06
0.0006336
2.6221698e-06
0.00063340145
2.8740021e-06
0.00063319538
3.1900793e-06
0.00063299039
3.5169138e-06
0.0006328195
3.8342265e-06
0.00063270919
3.9905749e-06
3.8507255e-06
0.00063266878
0.00067020705
5.3501164e-07
0.00067013009
1.0769786e-06
0.00067002074
1.5390496e-06
0.00066988725
1.8789242e-06
0.0006697355
2.1421525e-06
0.0006695687
2.3628857e-06
0.00066938794
2.5795275e-06
0.00066919388
2.8162351e-06
0.00066898689
3.0809848e-06
0.00066877458
3.402385e-06
0.00066856853
3.7229671e-06
0.00066840209
4.0006605e-06
0.00066830029
4.0923717e-06
3.8845874e-06
0.00066826644
0.00070785466
5.7381994e-07
0.00070777333
1.1583056e-06
0.000707658
1.6543827e-06
0.00070751705
2.0198713e-06
0.00070735709
2.3021118e-06
0.00070718121
2.5387609e-06
0.00070699113
2.7696104e-06
0.00070678766
3.0197052e-06
0.0007065722
3.296443e-06
0.00070635411
3.6204845e-06
0.00070614784
3.9292322e-06
0.00070598665
4.1618541e-06
0.00070589327
4.1857463e-06
3.9121437e-06
0.00070586571
0.00074761706
6.1454165e-07
0.00074753111
1.244248e-06
0.00074740945
1.776047e-06
0.00074726068
2.1686375e-06
0.00074709204
2.4707557e-06
0.00074690669
2.7241074e-06
0.00074670688
2.9694221e-06
0.00074649373
3.2328533e-06
0.00074626988
3.520295e-06
0.00074604651
3.8438418e-06
0.00074584092
4.1348225e-06
0.0007456857
4.3170737e-06
0.00074560064
4.270812e-06
3.933692e-06
0.00074557909
0.00078961304
6.5725209e-07
0.00078952224
1.3350531e-06
0.00078939385
1.9044361e-06
0.0007892369
2.3255871e-06
0.00078905908
2.6485766e-06
0.00078886386
2.9193296e-06
0.00078865386
3.1794183e-06
0.0007884308
3.4559169e-06
0.00078819874
3.7523569e-06
0.00078797073
4.0718513e-06
0.00078776671
4.3388425e-06
0.0007876181
4.4656783e-06
0.00078754119
4.3477243e-06
3.9495701e-06
0.00078752531
0.00083396811
7.0202846e-07
0.00083387217
1.4309844e-06
0.00083373668
2.0399284e-06
0.00083357112
2.4911531e-06
0.00083338364
2.8360502e-06
0.00083317808
3.1248896e-06
0.00083295751
3.3999876e-06
0.00083272435
3.6890829e-06
0.00083248426
3.9924436e-06
0.00083225231
4.3037971e-06
0.00083205078
4.5403712e-06
0.00083190935
4.6071029e-06
0.00083184041
4.4166671e-06
3.9601358e-06
0.00083182984
0.00088081474
7.4894998e-07
0.0008807134
1.532324e-06
0.00088057042
2.1829114e-06
0.00088039577
2.6657951e-06
0.00088019816
3.0336674e-06
0.00087998179
3.341262e-06
0.00087975027
3.6315077e-06
0.00087950689
3.9324576e-06
0.00087925902
4.2403105e-06
0.00087902391
4.5389094e-06
0.00087882579
4.7384947e-06
0.000878692
4.7408888e-06
0.0008786308
4.4778678e-06
3.9657711e-06
0.00087862517
0.00093029292
7.9809826e-07
0.00093018587
1.6393729e-06
0.00093003499
2.3337904e-06
0.0009298508
2.8499926e-06
0.00092964253
3.2419363e-06
0.00092941486
3.5689288e-06
0.00092917203
3.8743354e-06
0.00092891837
4.1861212e-06
0.00092866311
4.4955614e-06
0.00092842571
4.7763122e-06
0.00092823185
4.9323518e-06
0.00092810606
4.8666717e-06
0.00092805235
4.5315859e-06
3.9668611e-06
0.00092805126
0.00098255046
8.4955765e-07
0.00098243738
1.7524494e-06
0.00098227818
2.492991e-06
0.00098208393
3.0442444e-06
0.00098186448
3.4613806e-06
0.00098162504
3.8083746e-06
0.00098137057
4.1288057e-06
0.0009811066
4.4500904e-06
0.00098084445
4.757707e-06
0.00098060572
5.0150506e-06
0.00098041691
5.1211559e-06
0.0009802994
4.9841879e-06
0.00098025287
4.5781132e-06
3.9638785e-06
0.00098025585
0.0010377435
9.0341573e-07
0.0010376241
1.8718888e-06
0.0010374561
2.6609604e-06
0.0010372513
3.2490708e-06
0.0010370201
3.6925394e-06
0.0010367684
4.0600838e-06
0.001036502
4.395218e-06
0.0010362278
4.7242994e-06
0.0010359593
5.0261506e-06
0.0010357202
5.2541733e-06
0.0010355373
5.3040893e-06
0.0010354282
5.0932896e-06
0.0010353885
4.6177978e-06
3.9572046e-06
0.0010353951
0.0010960369
9.5976391e-07
0.0010959108
1.9980422e-06
0.0010957336
2.8381668e-06
0.0010955176
3.4650123e-06
0.0010952742
3.9359641e-06
0.0010950097
4.324531e-06
0.0010947311
4.6738323e-06
0.0010944469
5.0085053e-06
0.0010941727
5.3003405e-06
0.0010939343
5.4925705e-06
0.0010937579
5.4805583e-06
0.0010936573
5.1938761e-06
0.0010936242
4.6509174e-06
3.9471931e-06
0.0010936342
0.0011576049
1.0186981e-06
0.0011574716
2.1312743e-06
0.0011572847
3.0250992e-06
0.0011570571
3.692631e-06
0.0011568008
4.1922188e-06
0.0011565232
4.6021518e-06
0.0011562322
4.9648955e-06
0.0011559382
5.3024863e-06
0.001155659
5.5794704e-06
0.0011554223
5.7292886e-06
0.001155253
5.6498412e-06
0.0011551609
5.2859838e-06
0.0011551339
4.6779029e-06
3.9341675e-06
0.001155147
0.0012226313
1.0803193e-06
0.0012224906
2.271952e-06
0.0012222935
3.2222775e-06
0.0012220536
3.9325016e-06
0.0012217839
4.4618865e-06
0.0012214928
4.8933214e-06
0.0012211889
5.2687121e-06
0.0012208855
5.605963e-06
0.0012206024
5.8625524e-06
0.0012203684
5.9632968e-06
0.0012202068
5.8114068e-06
0.0012201231
5.3697102e-06
0.0012201018
4.6991598e-06
3.918511e-06
0.0012201175
0.0012913105
1.1447347e-06
0.0012911621
2.4204198e-06
0.001290954
3.4303542e-06
0.0012907014
4.1850874e-06
0.0012904176
4.7457211e-06
0.0012901124
5.1985007e-06
0.0012897959
5.5851943e-06
0.0012894834
5.9185146e-06
0.0012891973
6.1486303e-06
0.001288967
6.1935776e-06
0.0012888136
5.9648113e-06
0.0012887381
5.4452282e-06
0.0012887221
4.7150995e-06
3.9005866e-06
0.0012887401
0.0013638477
1.2120581e-06
0.001363691
2.5770822e-06
0.0013634713
3.6500281e-06
0.0013632055
4.4509023e-06
0.0013629071
5.0442012e-06
0.0013625874
5.5181514e-06
0.0013622583
5.9143325e-06
0.0013619372
6.2395772e-06
0.0013616492
6.4366765e-06
0.0013614236
6.4191538e-06
0.0013612787
6.1097095e-06
0.0013612111
5.5127826e-06
0.0013612001
4.7261456e-06
3.8807263e-06
0.0013612199
0.0014404595
1.2824113e-06
0.0014402941
2.7424494e-06
0.0014400624
3.8817232e-06
0.0014397826
4.7307315e-06
0.0014394689
5.3579091e-06
0.0014391345
5.8525064e-06
0.0014387928
6.2560426e-06
0.0014384639
6.5684716e-06
0.001438175
6.7256051e-06
0.001437955
6.6391012e-06
0.0014378189
6.2458522e-06
0.001437759
5.5726703e-06
0.0014377524
4.732719e-06
3.8592419e-06
0.0014377739
0.0015213748
1.3559243e-06
0.0015212003
2.9169839e-06
0.001520956
4.1259743e-06
0.0015206615
5.025285e-06
0.0015203319
5.6874179e-06
0.0015199826
6.2018567e-06
0.0015196285
6.6101339e-06
0.0015192926
6.9043918e-06
0.0015190039
7.0142833e-06
0.0015187904
6.8525626e-06
0.0015186632
6.3730876e-06
0.0015186106
5.6252375e-06
0.0015186081
4.7352414e-06
3.8364219e-06
0.0015186309
0.0016068354
1.4327365e-06
0.0016066512
3.1011541e-06
0.0016063938
4.3833868e-06
0.0016060839
5.3352109e-06
0.0016057381
6.0332022e-06
0.0016053734
6.5665479e-06
0.0016050072
6.9763254e-06
0.0016046652
7.2463761e-06
0.001604378
7.301559e-06
0.0016041718
7.058763e-06
0.0016040535
6.4913561e-06
0.0016040079
5.6708664e-06
0.001604009
4.7341341e-06
3.8125303e-06
0.0016040329
0.0016970966
1.5129971e-06
0.0016969023
3.2954403e-06
0.0016966311
4.6545947e-06
0.0016963051
5.6611583e-06
0.0016959426
6.3957593e-06
0.0016955624
6.9467271e-06
0.0016951846
7.3541379e-06
0.0016948375
7.5934885e-06
0.0016945528
7.5862669e-06
0.0016943545
7.2570235e-06
0.0016942452
6.6006855e-06
0.0016942061
5.7099607e-06
0.0016942104
4.7297741e-06
3.7878087e-06
0.0016942352
0.001792428
1.5968661e-06
0.0017922231
3.5003354e-06
0.0017919375
4.9402463e-06
0.0017915948
6.0037761e-06
0.0017912151
6.7754703e-06
0.0017908193
7.3425773e-06
0.0017904304
7.7429964e-06
0.0017900793
7.9446137e-06
0.0017897983
7.8672573e-06
0.0017896086
7.4467644e-06
0.0017895081
6.7011824e-06
0.0017894751
5.7429448e-06
0.0017894823
4.7225218e-06
3.7624658e-06
0.0017895077
0.0018931145
1.6845141e-06
0.0018928985
3.7163433e-06
0.0018925977
5.2409851e-06
0.0018922378
6.3637035e-06
0.0018918405
7.1727273e-06
0.001891429
7.754125e-06
0.0018910298
8.142236e-06
0.0018906759
8.2985146e-06
0.0018903997
8.1434146e-06
0.001890219
7.6275071e-06
0.0018901271
6.7930291e-06
0.0018900998
5.7702269e-06
0.0018901095
4.7128024e-06
3.7367053e-06
0.0018901353
0.0019994568
1.7761226e-06
0.0019992292
3.9439816e-06
0.0019989128
5.5573309e-06
0.0019985348
6.7417786e-06
0.0019981195
7.587976e-06
0.0019976926
8.1810765e-06
0.0019972838
8.5510308e-06
0.0019969284
8.6539125e-06
0.0019966581
8.4136718e-06
0.0019964867
7.7988829e-06
0.0019964033
6.876465e-06
0.0019963813
5.7922601e-06
0.0019963932
4.7008715e-06
3.7106808e-06
0.0019964192
0.0021117727
1.8718842e-06
0.0021115329
4.1838507e-06
0.0021112003
5.8898669e-06
0.0021108035
7.1385877e-06
0.0021103699
8.0215691e-06
0.0021099279
8.6231093e-06
0.0021095105
8.9684069e-06
0.0021091549
9.0094797e-06
0.0021088916
8.6770246e-06
0.0021087298
7.9606279e-06
0.0021086545
6.9517822e-06
0.0021086373
5.8094704e-06
0.0021086512
4.6870335e-06
3.6845278e-06
0.0021086773
0.0022303977
1.9720017e-06
0.002230145
4.4366142e-06
0.0022297956
6.2392094e-06
0.0022293797
7.5545587e-06
0.0022289275
8.4737324e-06
0.0022284708
9.0798007e-06
0.002228046
9.3932602e-06
0.0022276916
9.3638523e-06
0.002227436
8.9325547e-06
0.0022272841
8.1125811e-06
0.0022272166
7.0193155e-06
0.0022272038
5.8222683e-06
0.0022272192
4.6715606e-06
3.6583645e-06
0.0022272454
0.0023556863
2.0766876e-06
0.0023554202
4.7026695e-06
0.0023550532
6.6062212e-06
0.0023546175
7.9902601e-06
0.0023541468
8.9444685e-06
0.002353676
9.5505656e-06
0.0023532449
9.8243495e-06
0.0023528931
9.7156518e-06
0.0023526462
9.1794308e-06
0.0023525041
8.2546749e-06
0.002352444
7.079429e-06
0.0023524352
5.8310457e-06
0.0023524521
4.6546967e-06
3.6322858e-06
0.0023524782
0.0024880126
2.186163e-06
0.0024877328
4.9824695e-06
0.0024873474
6.9915996e-06
0.0024868915
8.4461875e-06
0.0024864022
9.4337509e-06
0.0024859181
1.0034663e-05
0.0024854822
1.0260318e-05
0.0024851343
1.0063505e-05
0.0024848968
9.4169282e-06
0.0024847646
8.3869307e-06
0.0024847115
7.1325096e-06
0.0024847064
5.8361725e-06
0.0024847244
4.6366567e-06
3.6063703e-06
0.0024847503
0.0026277721
2.3006559e-06
0.0026274781
5.2765157e-06
0.0026270737
7.3959486e-06
0.0026265972
8.9227216e-06
0.0026260895
9.941443e-06
0.002625593
1.0531183e-05
0.0026251536
1.0699703e-05
0.002624811
1.0406072e-05
0.0026245835
9.6444277e-06
0.002624461
8.5094489e-06
0.0026244146
7.1789567e-06
0.0026244127
5.8379927e-06
0.0026244318
4.6176317e-06
3.5806801e-06
0.0026244575
0.0027753824
2.4203992e-06
0.0027750736
5.585302e-06
0.0027746497
7.8198325e-06
0.0027741523
9.4201172e-06
0.0027736265
1.0467276e-05
0.0027731186
1.1039051e-05
0.0027726773
1.1140948e-05
0.0027723414
1.0742057e-05
0.0027721244
9.8614234e-06
0.0027720114
8.6224011e-06
0.0027719712
7.2191746e-06
0.0027719723
5.8368354e-06
0.0027719922
4.5977886e-06
3.5552589e-06
0.0027720176
0.0029312843
2.545628e-06
0.0029309603
5.9092989e-06
0.0029305163
8.2637612e-06
0.0029299981
9.9383949e-06
0.0029294544
1.1010959e-05
0.0029289364
1.1556999e-05
0.0029284949
1.1582439e-05
0.0029281668
1.107023e-05
0.0029279607
1.0067521e-05
0.0029278571
8.7260153e-06
0.0029278227
7.253551e-06
0.0029278265
5.8330456e-06
0.002927847
4.5772432e-06
3.5301214e-06
0.0029278722
0.0030959437
2.6765764e-06
0.0030956041
6.2489336e-06
0.0030951396
8.7281707e-06
0.0030946004
1.0477612e-05
0.0030940396
1.1571829e-05
0.0030935129
1.2083611e-05
0.0030930729
1.20225e-05
0.0030927537
1.1389453e-05
0.0030925587
1.0262436e-05
0.0030924642
8.8205693e-06
0.0030924353
7.2824837e-06
0.0030924415
5.8268389e-06
0.0030924626
4.556155e-06
3.5053232e-06
0.0030924874
0.0032698525
2.8134728e-06
0.003269497
6.6044291e-06
0.0032690116
9.2136185e-06
0.0032684514
1.103778e-05
0.0032678744
1.2148887e-05
0.0032673407
1.26173e-05
0.0032669037
1.2459436e-05
0.0032665945
1.169868e-05
0.003266411
1.0445987e-05
0.0032663252
8.9063802e-06
0.0032663013
7.3063607e-06
0.0032663096
5.818469e-06
0.0032663312
4.534625e-06
3.4808769e-06
0.0032663556
0.0034535304
2.9565358e-06
0.0034531588
6.9760703e-06
0.003452652
9.7203921e-06
0.0034520711
1.1618681e-05
0.003451479
1.2741014e-05
0.0034509399
1.3156323e-05
0.0034505078
1.2891554e-05
0.0034502095
1.199698e-05
0.0034500374
1.0618096e-05
0.00344996
8.983799e-06
0.0034499408
7.3255678e-06
0.0034499511
5.8081551e-06
0.003449973
4.5127296e-06
3.4567943e-06
0.0034499971
0.0036475261
3.1059678e-06
0.003647138
7.3641428e-06
0.0036466098
1.0248584e-05
0.0036460086
1.2219857e-05
0.0036454027
1.3346904e-05
0.0036448603
1.3698803e-05
0.0036444346
1.3317184e-05
0.0036441481
1.2283537e-05
0.0036439874
1.0778773e-05
0.003643918
9.0532001e-06
0.0036439031
7.3404457e-06
0.0036439151
5.7961297e-06
0.0036439373
4.4905559e-06
3.4330785e-06
0.003643961
0.0038524191
3.2619484e-06
0.0038520144
7.7689253e-06
0.0038514648
1.0798101e-05
0.0038508441
1.284056e-05
0.003850226
1.396502e-05
0.0038496821
1.4242743e-05
0.0038492646
1.3734704e-05
0.0038489904
1.2557664e-05
0.0038488411
1.0928114e-05
0.0038487793
9.1149739e-06
0.0038487684
7.351321e-06
0.003848782
5.7825902e-06
0.0038488043
4.4681856e-06
3.4097402e-06
0.0038488277
0.0040688218
3.4246254e-06
0.0040684001
8.1905588e-06
0.0040678295
1.1368685e-05
0.0040671903
1.3479814e-05
0.0040665617
1.4593594e-05
0.0040660184
1.4786053e-05
0.0040656105
1.4142563e-05
0.0040653494
1.2818795e-05
0.0040652112
1.1066288e-05
0.0040651567
9.1695227e-06
0.0040651495
7.358545e-06
0.0040651644
5.7676949e-06
0.0040651869
4.4456733e-06
3.3867869e-06
0.0040652098
0.0042973805
3.5941166e-06
0.0042969421
8.6289812e-06
0.0042963509
1.1959868e-05
0.0042956943
1.4136418e-05
0.0042950573
1.5230633e-05
0.0042945168
1.5326571e-05
0.00429412
1.4539302e-05
0.0042938723
1.3066496e-05
0.0042937451
1.1193533e-05
0.0042936973
9.2172545e-06
0.0042936935
7.3624133e-06
0.0042937096
5.7516147e-06
0.0042937321
4.4230888e-06
3.3642286e-06
0.0042937547
0.0045387783
3.7704772e-06
0.0045383233
9.0839683e-06
0.0045377122
1.2570938e-05
0.0045370398
1.4808882e-05
0.0045363965
1.5873922e-05
0.004535861
1.5862091e-05
0.0045354767
1.4923568e-05
0.0045352427
1.3300453e-05
0.0045351261
1.1310141e-05
0.0045350848
9.2585825e-06
0.004535084
7.3632193e-06
0.0045351011
5.7345064e-06
0.0045351237
4.4004916e-06
3.3420767e-06
0.0045351459
0.0047937364
3.9536944e-06
0.0047932653
9.5551047e-06
0.0047926354
1.3200759e-05
0.0047919488
1.5495544e-05
0.0047913017
1.6521026e-05
0.0047907734
1.6390393e-05
0.0047904028
1.5294131e-05
0.0047901828
1.3520473e-05
0.0047900765
1.1416456e-05
0.0047900411
9.2939151e-06
0.0047900431
7.361257e-06
0.0047900611
5.7165152e-06
0.0047900836
4.3779391e-06
3.3203443e-06
0.0047901054
0.0050630165
4.1436704e-06
0.0050625299
1.0041749e-05
0.0050618826
1.3847967e-05
0.0050611839
1.6194303e-05
0.0050605356
1.7169322e-05
0.0050600167
1.6909269e-05
0.005059661
1.5649893e-05
0.0050594549
1.3726477e-05
0.0050593585
1.1512864e-05
0.0050593288
9.3236637e-06
0.0050593332
7.3567998e-06
0.005059352
5.6977843e-06
0.0050593744
4.355491e-06
3.2990494e-06
0.0050593957
0.0053474234
4.3401411e-06
0.0053469221
1.0543073e-05
0.0053462591
1.4510938e-05
0.0053455509
1.6902601e-05
0.0053449042
1.7816e-05
0.0053443969
1.7416546e-05
0.0053440569
1.59899e-05
0.0053438649
1.3918488e-05
0.005343778
1.1599785e-05
0.0053437534
9.3482396e-06
0.0053437601
7.3501043e-06
0.0053437794
5.6784552e-06
0.0053438017
4.3332129e-06
3.2782138e-06
0.0053438225
0.0056478067
4.5428266e-06
0.0056472918
1.1057961e-05
0.0056466152
1.518754e-05
0.0056459003
1.7617472e-05
0.0056452582
1.8458089e-05
0.0056447646
1.7910115e-05
0.0056444412
1.6313338e-05
0.0056442631
1.4096627e-05
0.0056441852
1.1677672e-05
0.0056441654
9.3680437e-06
0.005644174
7.3414485e-06
0.0056441938
5.6586639e-06
0.0056442159
4.3111624e-06
3.257863e-06
0.0056442362
0.005965064
4.7512681e-06
0.0059645372
1.1584831e-05
0.0059638495
1.5875252e-05
0.0059631313
1.8335679e-05
0.0059624969
1.9092474e-05
0.005962019
1.8387949e-05
0.0059617128
1.6619539e-05
0.0059615484
1.4261104e-05
0.005961479
1.1746995e-05
0.0059614636
9.3834842e-06
0.005961474
7.3310695e-06
0.0059614941
5.6385504e-06
0.0059615158
4.2894153e-06
3.2380306e-06
0.0059615357
0.0063001433
4.9648239e-06
0.0062996065
1.2121688e-05
0.0062989107
1.6571058e-05
0.0062981927
1.9053606e-05
0.0062975693
1.9715928e-05
0.0062971091
1.8848121e-05
0.0062968207
1.6907972e-05
0.0062966696
1.4412205e-05
0.0062966083
1.180825e-05
0.0062965968
9.3949619e-06
0.0062966087
7.319223e-06
0.006296629
5.618254e-06
0.0062966504
4.2680438e-06
3.2187553e-06
0.0062966696
0.0066540458
5.1826467e-06
0.0066535015
1.2666074e-05
0.0066528011
1.7271397e-05
0.0066520875
1.9767255e-05
0.0066514783
2.0325124e-05
0.0066510376
1.9288811e-05
0.0066507673
1.7178241e-05
0.0066506292
1.4550281e-05
0.0066505755
1.1861943e-05
0.0066505676
9.4028757e-06
0.0066505807
7.3061618e-06
0.006650601
5.597919e-06
0.0066506219
4.2471278e-06
3.2000811e-06
0.0066506406
0.0070278292
5.4036496e-06
0.0070272802
1.3214997e-05
0.0070265795
1.7972114e-05
0.0070258745
2.0472238e-05
0.007025283
2.0916658e-05
0.0070248635
1.9708308e-05
0.0070246117
1.7430069e-05
0.0070244862
1.4675743e-05
0.0070244396
1.1908595e-05
0.0070244348
9.407622e-06
0.0070244488
7.2921403e-06
0.0070244691
5.5776966e-06
0.0070244894
4.2267553e-06
3.1820599e-06
0.0070245075
0.0074226102
5.6264673e-06
0.0074220603
1.3764864e-05
0.007421364
1.866841e-05
0.0074206725
2.1163772e-05
0.0074201021
2.1487054e-05
0.0074197054
2.0105014e-05
0.0074194722
1.7663284e-05
0.0074193589
1.4789043e-05
0.0074193187
1.1948734e-05
0.0074193168
9.4095973e-06
0.0074193315
7.2774167e-06
0.0074193515
5.5577444e-06
0.0074193712
4.2070222e-06
3.1647515e-06
0.0074193885
0.0078395686
5.8494142e-06
0.0078390221
1.4311333e-05
0.0078383357
1.9354867e-05
0.0078376628
2.1836665e-05
0.0078371171
2.2032767e-05
0.0078367446
2.0477422e-05
0.0078365301
1.7877804e-05
0.0078364285
1.489067e-05
0.0078363943
1.198289e-05
0.0078363947
9.4092045e-06
0.0078364099
7.2622535e-06
0.0078364294
5.5382286e-06
0.0078364484
4.1880346e-06
3.1482248e-06
0.0078364649
0.0082799503
6.0704387e-06
0.0082794124
1.4849302e-05
0.0082787419
2.0025314e-05
0.0082780933
2.2485293e-05
0.0082775759
2.2550173e-05
0.0082772292
2.0824102e-05
0.0082770334
1.8073607e-05
0.0082769429
1.4981132e-05
0.0082769142
1.2011597e-05
0.0082769166
9.4068496e-06
0.0082769319
7.2469218e-06
0.0082769508
5.5193263e-06
0.0082769689
4.1699094e-06
3.1325589e-06
0.0082769846
0.0087450715
6.287074e-06
0.0087445479
1.5372926e-05
0.0087439005
2.0672654e-05
0.0087432823
2.3103566e-05
0.0087427969
2.3035535e-05
0.0087424773
2.1143659e-05
0.0087423002
1.8250711e-05
0.0087422204
1.5060945e-05
0.0087421966
1.2035391e-05
0.0087422005
9.402937e-06
0.0087422158
7.2317057e-06
0.0087422339
5.5012306e-06
0.008742251
4.1527785e-06
3.1178451e-06
0.0087422657
0.0092363221
6.4963861e-06
0.0092358196
1.5875417e-05
0.0092352033
2.1288895e-05
0.009234622
2.368487e-05
0.0092341726
2.3484957e-05
0.0092338816
2.1434688e-05
0.0092337232
1.8409133e-05
0.0092336535
1.5130617e-05
0.0092336341
1.20548e-05
0.0092336391
9.3978789e-06
0.0092336539
7.2168983e-06
0.009233671
5.4841475e-06
0.009233687
4.1367883e-06
3.1041889e-06
0.0092337007
0.0097551699
6.6949177e-06
0.0097546964
1.6348934e-05
0.0097541203
2.1865052e-05
0.0097535831
2.4221986e-05
0.0097531738
2.3894302e-05
0.0097529128
2.1695702e-05
0.0097527731
1.8548845e-05
0.0097527131
1.5190626e-05
0.0097526975
1.2070349e-05
0.0097527033
9.3921033e-06
0.0097527174
7.2028201e-06
0.0097527332
5.4683098e-06
0.0097527479
4.122106e-06
3.0917108e-06
0.0097527604
0.010303166
6.878632e-06
0.01030273
1.6784467e-05
0.010302204
2.2391022e-05
0.010301719
2.4706968e-05
0.010301354
2.4259077e-05
0.010301125
2.1925043e-05
0.010301004
1.8669724e-05
0.010300953
1.5241391e-05
0.010300941
1.208253e-05
0.010300947
9.3860308e-06
0.01030096
7.1898018e-06
0.010300975
5.4539717e-06
0.010300988
4.1089255e-06
3.0805572e-06
0.010300999
0.010881947
7.0428551e-06
0.01088156
1.7171709e-05
0.010881095
2.285542e-05
0.010880671
2.5130964e-05
0.010880356
2.4574262e-05
0.010880161
2.2120757e-05
0.010880059
1.8771486e-05
0.010880017
1.5283274e-05
0.010880008
1.2091836e-05
0.010880014
9.3801046e-06
0.010880025
7.1781976e-06
0.010880038
5.4414079e-06
0.010880049
4.0974583e-06
3.07089e-06
0.010880059
0.011493244
7.1822178e-06
0.011492916
1.7498914e-05
0.011492527
2.3245378e-05
0.011492174
2.5483982e-05
0.011491914
2.4834068e-05
0.011491754
2.2280384e-05
0.011491672
1.8853534e-05
0.011491639
1.5316475e-05
0.011491632
1.2098729e-05
0.011491637
9.3748126e-06
0.011491647
7.168433e-06
0.011491657
5.4309579e-06
0.011491667
4.0879645e-06
3.0629062e-06
0.011491675
0.012138882
7.2906e-06
0.012138629
1.7752717e-05
0.012138328
2.3546287e-05
0.012138057
2.5754583e-05
0.012137859
2.503169e-05
0.012137739
2.2400816e-05
0.012137678
1.8914867e-05
0.012137653
1.5340937e-05
0.012137648
1.2103501e-05
0.012137653
9.3705569e-06
0.01213766
7.1609219e-06
0.012137668
5.4229989e-06
0.012137675
4.0807622e-06
3.0568602e-06
0.012137681
0.012820793
7.3611398e-06
0.012820627
1.7917879e-05
0.012820432
2.3741338e-05
0.012820258
2.5929293e-05
0.012820131
2.5158775e-05
0.012820053
2.2478008e-05
0.012820014
1.8954082e-05
0.012819999
1.5356533e-05
0.012819996
1.2106495e-05
0.012819998
9.3677796e-06
0.012820003
7.1560778e-06
0.012820008
5.4178923e-06
0.012820013
4.0761597e-06
3.053008e-06
0.012820017
0.013541012
0.013540952
0.013540881
0.013540818
0.013540772
0.013540744
0.013540729
0.013540723
0.013540721
0.013540722
0.013540723
0.013540725
0.013540727
0.013540728
0.00016438177
1.2935425e-05
0.00014673971
1.764205e-05
0.00012979985
1.6939857e-05
0.00011733418
1.2465707e-05
0.00011064244
6.6917266e-06
0.0001086819
1.9605314e-06
0.00010907898
-3.97307e-07
0.00010983477
-7.5565745e-07
0.00011010191
-2.6714461e-07
0.00010975695
3.4494644e-07
0.00010902859
7.2838601e-07
0.00010813183
8.9696524e-07
0.00010716908
9.625966e-07
0.0001061701
9.9898516e-07
0.00010514949
1.0206086e-06
0.00010413193
1.0175563e-06
0.0001031409
9.9094443e-07
0.00010218312
9.5784951e-07
0.00010125718
9.2594975e-07
0.00010036489
8.9229859e-07
9.9507049e-05
8.578398e-07
9.8687358e-05
8.1968833e-07
9.7908007e-05
7.7934651e-07
9.7163082e-05
7.4492855e-07
9.6447085e-05
7.1599783e-07
9.5757062e-05
6.9002322e-07
9.5093114e-05
6.6394706e-07
9.4456569e-05
6.3654517e-07
9.3845042e-05
6.1152682e-07
9.3254704e-05
5.9033877e-07
9.2682823e-05
5.7188104e-07
9.2129448e-05
5.5337449e-07
9.159469e-05
5.3475786e-07
9.1076758e-05
5.1793206e-07
9.0573692e-05
5.0306656e-07
9.0084121e-05
4.8957087e-07
8.960842e-05
4.7570119e-07
8.9145537e-05
4.628825e-07
8.8694032e-05
4.5150519e-07
8.8253411e-05
4.4062084e-07
8.7823545e-05
4.2986568e-07
8.7403387e-05
4.2015863e-07
8.6991861e-05
4.1152614e-07
8.6589035e-05
4.0282523e-07
8.6194743e-05
3.9429217e-07
8.5808054e-05
3.8668928e-07
8.54285e-05
3.79554e-07
8.5056145e-05
3.7235508e-07
8.4690471e-05
3.6567404e-07
8.4330955e-05
3.5951606e-07
8.3977427e-05
3.5352754e-07
8.3629566e-05
3.4786078e-07
8.3287149e-05
3.4241737e-07
8.2949902e-05
3.3724654e-07
8.2617446e-05
3.3245683e-07
8.2289878e-05
3.2756727e-07
8.1966746e-05
3.2313245e-07
8.164781e-05
3.1893624e-07
8.1333142e-05
3.1466744e-07
8.1022452e-05
3.1069017e-07
8.071552e-05
3.0693222e-07
8.0412282e-05
3.0323826e-07
8.0112629e-05
2.9965224e-07
7.9816346e-05
2.9628312e-07
7.9523463e-05
2.9288271e-07
7.9233826e-05
2.8963731e-07
7.8947217e-05
2.8660884e-07
7.8663647e-05
2.8357074e-07
7.8382969e-05
2.8067776e-07
7.8105058e-05
2.7791044e-07
7.7829918e-05
2.7514047e-07
7.7557427e-05
2.7249087e-07
7.7287524e-05
2.6990338e-07
7.7020132e-05
2.6739129e-07
7.6755192e-05
2.649404e-07
7.6492589e-05
2.6260286e-07
7.6232341e-05
2.6024811e-07
7.5974323e-05
2.5801845e-07
7.571854e-05
2.5578259e-07
7.5464884e-05
2.5365555e-07
7.5213351e-05
2.515329e-07
7.4963839e-05
2.4951229e-07
7.4716383e-05
2.4745604e-07
7.4470872e-05
2.4551141e-07
7.4227314e-05
2.4355812e-07
7.3985621e-05
2.4169278e-07
7.3745823e-05
2.3979755e-07
7.3507747e-05
2.3807622e-07
7.3271524e-05
2.3622343e-07
7.3036796e-05
2.3472793e-07
7.2803916e-05
2.328801e-07
7.2572729e-05
2.3118638e-07
7.233824e-05
2.3448911e-07
7.212273e-05
2.1550993e-07
7.1855166e-05
2.6756383e-07
1.9689969e-07
0.00019485375
8.8628796e-06
0.00019685065
1.5645126e-05
0.00019474408
1.9046348e-05
0.00018925546
1.7954538e-05
0.00018199676
1.3950352e-05
0.00017437863
9.5786986e-06
0.00016742646
6.5546048e-06
0.00016168819
4.9827219e-06
0.00015716528
4.2556229e-06
0.00015363732
3.8729949e-06
0.00015082018
3.545481e-06
0.00014841986
3.2975026e-06
0.00014625358
3.1288001e-06
0.00014424579
3.0067212e-06
0.00014237915
2.887261e-06
0.00014064386
2.7528309e-06
0.00013902107
2.6136639e-06
0.00013748929
2.4896831e-06
0.00013603773
2.3775296e-06
0.00013466295
2.267082e-06
0.00013336154
2.1592535e-06
0.00013213168
2.0495412e-06
0.00013096933
1.9416934e-06
0.00012986503
1.8492349e-06
0.00012881222
1.7688122e-06
0.0001278068
1.6954365e-06
0.00012684674
1.6240089e-06
0.00012593073
1.5525595e-06
0.00012505466
1.4875978e-06
0.00012421381
1.4311848e-06
0.00012340473
1.380956e-06
0.00012262609
1.332021e-06
0.00012187664
1.2842041e-06
0.00012115377
1.2408021e-06
0.00012045486
1.2019745e-06
0.00011977798
1.1664508e-06
0.00011912256
1.1311205e-06
0.000118487
1.0984498e-06
0.00011786942
1.0690775e-06
0.00011726882
1.0412228e-06
0.00011668451
1.0141759e-06
0.00011611513
9.895418e-07
0.00011555929
9.6736481e-07
0.0001150166
9.4551947e-07
0.00011448654
9.2434445e-07
0.00011396803
9.0520346e-07
0.00011346034
8.8724752e-07
0.00011296322
8.6947666e-07
0.00011247599
8.5290401e-07
0.00011199794
8.375576e-07
0.00011152871
8.227614e-07
0.00011106779
8.0877886e-07
0.00011061482
7.9539116e-07
0.00011016936
7.8270265e-07
0.00010973093
7.7088524e-07
0.00010929946
7.5903873e-07
0.00010887443
7.4816111e-07
0.00010845547
7.3789983e-07
0.00010804255
7.2759055e-07
0.00010763529
7.1794538e-07
0.00010723341
7.0880942e-07
0.00010683675
6.9990642e-07
0.00010644512
6.9127394e-07
0.00010605827
6.8314159e-07
0.00010567613
6.7501514e-07
0.00010529854
6.6723163e-07
0.0001049252
6.5995232e-07
0.00010455606
6.5270868e-07
0.00010419094
6.4579434e-07
0.00010382966
6.3919425e-07
0.00010347219
6.3261074e-07
0.00010311835
6.2632308e-07
0.00010276809
6.2017154e-07
0.00010242125
6.1422889e-07
0.00010207777
6.0842262e-07
0.00010173748
6.0289271e-07
0.00010140038
5.9734059e-07
0.00010106632
5.9208164e-07
0.00010073529
5.8681175e-07
0.00010040713
5.8181635e-07
0.00010008185
5.7681489e-07
9.9759278e-05
5.7208306e-07
9.9439482e-05
5.6725275e-07
9.9122283e-05
5.6271065e-07
9.8807718e-05
5.5812226e-07
9.8495629e-05
5.537824e-07
9.8186092e-05
5.4933431e-07
9.7878841e-05
5.4532729e-07
9.7574067e-05
5.4099732e-07
9.7271309e-05
5.3748647e-07
9.6970891e-05
5.3329741e-07
9.6673122e-05
5.2895603e-07
9.636984e-05
5.3777075e-07
9.6095082e-05
4.9026811e-07
9.5743009e-05
6.1963625e-07
4.4468948e-07
0.00020105928
8.1842009e-06
0.00020264071
1.406383e-05
0.00020449029
1.7196751e-05
0.00020550643
1.6938355e-05
0.00020500857
1.4448219e-05
0.0002027252
1.186208e-05
0.0001987406
1.0539076e-05
0.00019353931
1.018413e-05
0.00018788053
9.9144076e-06
0.00018253028
9.2232213e-06
0.00017791888
8.1569299e-06
0.00017411052
7.1059691e-06
0.00017090202
6.3372014e-06
0.00016809901
5.8097346e-06
0.00016561418
5.3720895e-06
0.0001633764
4.9906128e-06
0.00016131871
4.6713014e-06
0.00015939795
4.4104887e-06
0.00015760011
4.1753764e-06
0.00015591623
3.9509585e-06
0.00015433646
3.7390211e-06
0.00015285268
3.5333253e-06
0.00015145355
3.3408175e-06
0.0001501251
3.1776902e-06
0.00014886162
3.0322917e-06
0.00014765939
2.8976647e-06
0.00014651539
2.7680092e-06
0.00014542606
2.6418899e-06
0.00014438509
2.5285714e-06
0.00014338716
2.4291092e-06
0.00014242905
2.3390638e-06
0.00014150915
2.2519278e-06
0.00014062517
2.1681811e-06
0.00013977344
2.0925322e-06
0.00013895101
2.0244025e-06
0.00013815598
1.9614818e-06
0.00013738736
1.8997396e-06
0.0001366429
1.8429166e-06
0.00013592043
1.7915436e-06
0.00013521881
1.7428418e-06
0.00013453704
1.6959463e-06
0.00013387339
1.6531865e-06
0.00013322636
1.614403e-06
0.00013259538
1.5764998e-06
0.00013197967
1.5400558e-06
0.00013137793
1.5069349e-06
0.00013078939
1.4757901e-06
0.00013021362
1.4452485e-06
0.00012964976
1.4167662e-06
0.00012909701
1.3903045e-06
0.00012855489
1.3648771e-06
0.00012802279
1.3408818e-06
0.00012750024
1.3179453e-06
0.00012698671
1.2962347e-06
0.00012648164
1.2759527e-06
0.00012598487
1.2558027e-06
0.00012549582
1.2372142e-06
0.00012501404
1.2196763e-06
0.00012453946
1.2021761e-06
0.00012407162
1.1857851e-06
0.0001236102
1.1702325e-06
0.00012315496
1.1551387e-06
0.00012270571
1.1405233e-06
0.00012226212
1.1267335e-06
0.00012182411
1.113023e-06
0.00012139147
1.0998802e-06
0.00012096385
1.0875679e-06
0.00012054119
1.0753664e-06
0.00012012327
1.0637131e-06
0.00011970987
1.0525951e-06
0.00011930095
1.0415322e-06
0.0001188963
1.0309735e-06
0.00011849583
1.0206381e-06
0.00011809939
1.0106766e-06
0.00011770687
1.0009416e-06
0.00011731809
9.9167353e-07
0.00011693304
9.8238905e-07
0.00011655153
9.7359114e-07
0.00011617356
9.6478342e-07
0.00011579893
9.5644534e-07
0.00011542765
9.4809111e-07
0.00011505953
9.4020472e-07
0.00011469463
9.3215163e-07
0.00011433275
9.245939e-07
0.00011397392
9.1694551e-07
0.00011361797
9.0973999e-07
0.00011326497
9.0233178e-07
0.00011291462
8.9567483e-07
0.00011256714
8.8848342e-07
0.000112222
8.8261966e-07
0.00011187953
8.7577387e-07
0.00011154024
8.6824522e-07
0.00011119438
8.8362566e-07
0.0001108818
8.0284952e-07
0.00011047893
1.0225096e-06
7.2504848e-07
0.00021176398
8.078147e-06
0.0002121143
1.3713453e-05
0.0002126805
1.6630436e-05
0.00021333843
1.6280517e-05
0.00021388678
1.3899908e-05
0.00021416174
1.1587107e-05
0.00021399888
1.0701719e-05
0.00021307219
1.1110979e-05
0.00021101886
1.1967534e-05
0.00020768131
1.2560829e-05
0.00020331637
1.2521721e-05
0.00019863926
1.1783356e-05
0.00019430608
1.0670292e-05
0.00019054779
9.5680586e-06
0.00018727863
8.6412266e-06
0.00018436882
7.9004231e-06
0.00018175929
7.2807916e-06
0.00017938853
6.7812746e-06
0.00017721049
6.3534359e-06
0.00017519503
5.9664134e-06
0.00017331948
5.6145761e-06
0.0001715675
5.2853026e-06
0.00016991792
4.9903933e-06
0.00016835306
4.7425547e-06
0.00016687063
4.5147188e-06
0.00016546592
4.3023764e-06
0.00016413372
4.1002159e-06
0.00016286725
3.9083547e-06
0.00016165775
3.7380676e-06
0.00016049982
3.5870399e-06
0.00015939062
3.4482687e-06
0.00015832819
3.3143611e-06
0.00015730883
3.1875347e-06
0.0001563275
3.073868e-06
0.00015538114
2.9707547e-06
0.00015446809
2.8745397e-06
0.0001535868
2.7810287e-06
0.00015273417
2.6955464e-06
0.00015190774
2.6179676e-06
0.00015110634
2.5442449e-06
0.00015032862
2.4736653e-06
0.00014957238
2.4094244e-06
0.000148836
2.3507897e-06
0.0001481188
2.2936937e-06
0.00014741967
2.2391841e-06
0.0001467371
2.1895102e-06
0.00014607024
2.1426506e-06
0.00014541849
2.0969964e-06
0.00014478077
2.0544914e-06
0.00014415619
2.0148771e-06
0.00014354418
1.9768856e-06
0.00014294397
1.9410955e-06
0.00014235499
1.9069239e-06
0.00014177662
1.8746086e-06
0.00014120821
1.8443567e-06
0.00014064953
1.8144897e-06
0.00014009987
1.7868736e-06
0.00013955875
1.7607901e-06
0.00013902603
1.7349008e-06
0.00013850117
1.7106482e-06
0.00013798379
1.687604e-06
0.00013747363
1.6653022e-06
0.00013697041
1.6437404e-06
0.00013647377
1.6233732e-06
0.0001359836
1.6031974e-06
0.00013549962
1.5838603e-06
0.00013502147
1.5657162e-06
0.00013454905
1.5477909e-06
0.00013408209
1.5306726e-06
0.00013362034
1.5143404e-06
0.00013316375
1.4981279e-06
0.00013271206
1.4826592e-06
0.00013226518
1.46752e-06
0.00013182291
1.4529489e-06
0.00013138513
1.438714e-06
0.00013095165
1.4251623e-06
0.00013052242
1.4116153e-06
0.00013009724
1.3987716e-06
0.00012967609
1.3859302e-06
0.00012925876
1.373779e-06
0.00012884524
1.3616089e-06
0.00012843532
1.350129e-06
0.00012802905
1.3384174e-06
0.00012762621
1.327432e-06
0.00012722685
1.3163133e-06
0.00012683073
1.3058576e-06
0.00012643796
1.2950989e-06
0.0001260482
1.2854336e-06
0.00012566167
1.2750159e-06
0.00012527783
1.2664634e-06
0.00012489693
1.2566644e-06
0.00012451974
1.2454375e-06
0.00012413513
1.2682344e-06
0.00012378768
1.1503049e-06
0.00012333931
1.4708818e-06
1.0356217e-06
0.00022365567
7.9984059e-06
0.00022390095
1.346824e-05
0.00022421098
1.6320395e-05
0.00022447663
1.6014773e-05
0.00022464749
1.372906e-05
0.00022475883
1.1475751e-05
0.00022486821
1.059228e-05
0.00022496793
1.101137e-05
0.00022494497
1.1990447e-05
0.00022454737
1.2958527e-05
0.00022338608
1.3683027e-05
0.00022109348
1.4076002e-05
0.00021770353
1.4060136e-05
0.00021372782
1.354376e-05
0.00020973067
1.2638395e-05
0.00020605291
1.1578169e-05
0.00020275076
1.0582917e-05
0.00019975959
9.7724823e-06
0.00019704838
9.0646361e-06
0.00019457354
8.4412642e-06
0.00019229112
7.8969901e-06
0.00019017607
7.4003523e-06
0.00018820639
6.9600683e-06
0.00018636096
6.5879826e-06
0.00018462564
6.2500437e-06
0.00018298886
5.9391589e-06
0.00018144169
5.6473841e-06
0.00017997302
5.3770218e-06
0.00017857143
5.1396616e-06
0.00017723252
4.9259427e-06
0.00017595394
4.7268488e-06
0.00017473264
4.5356649e-06
0.00017356263
4.3575477e-06
0.00017243724
4.1992507e-06
0.00017135394
4.0540605e-06
0.00017031126
3.9172154e-06
0.00016930668
3.7856111e-06
0.00016833596
3.6662628e-06
0.00016739644
3.5574959e-06
0.00016648697
3.4537107e-06
0.00016560574
3.3549003e-06
0.00016474986
3.2652956e-06
0.00016391769
3.1829667e-06
0.00016310842
3.1029632e-06
0.00016232047
3.0271267e-06
0.00016155209
2.9578961e-06
0.0001608024
2.8923439e-06
0.00016007054
2.8288527e-06
0.00015935514
2.7698923e-06
0.00015865527
2.7147451e-06
0.00015797021
2.6619459e-06
0.00015729899
2.612313e-06
0.00015664096
2.5649597e-06
0.00015599535
2.5202154e-06
0.00015536144
2.4782654e-06
0.00015473887
2.4370614e-06
0.00015412683
2.3989161e-06
0.00015352478
2.3628334e-06
0.00015293249
2.3271926e-06
0.00015234933
2.293814e-06
0.00015177487
2.2620593e-06
0.00015120877
2.2314e-06
0.00015065071
2.2018066e-06
0.00015010025
2.1738268e-06
0.00014955725
2.1461982e-06
0.00014902138
2.1197362e-06
0.00014849222
2.094869e-06
0.00014796965
2.0703685e-06
0.00014745334
2.0469815e-06
0.00014694302
2.0246627e-06
0.00014643858
2.0025626e-06
0.00014593976
1.9814802e-06
0.00014544642
1.9608581e-06
0.00014495834
1.9410307e-06
0.00014447538
1.9216736e-06
0.0001439973
1.903243e-06
0.00014352406
1.8848592e-06
0.00014305541
1.8674199e-06
0.00014259133
1.8500108e-06
0.00014213157
1.833538e-06
0.00014167612
1.8170562e-06
0.00014122474
1.80151e-06
0.00014077748
1.7856761e-06
0.00014033409
1.7708217e-06
0.00013989461
1.7557979e-06
0.00013945878
1.7416814e-06
0.00013902672
1.7271617e-06
0.00013859805
1.7141054e-06
0.00013817298
1.7000811e-06
0.00013775097
1.6884774e-06
0.00013733221
1.6754228e-06
0.00013691769
1.6599585e-06
0.00013649497
1.6909564e-06
0.00013611302
1.532253e-06
0.00013562019
1.9637103e-06
1.3760089e-06
0.00023623777
7.9173855e-06
0.00023647971
1.3226165e-05
0.00023677511
1.602487e-05
0.00023699849
1.5791518e-05
0.00023709491
1.3632695e-05
0.00023710539
1.1465241e-05
0.00023710329
1.0594284e-05
0.00023713236
1.0982249e-05
0.00023719625
1.1926563e-05
0.00023726879
1.2885904e-05
0.0002372808
1.3670944e-05
0.00023705834
1.4298716e-05
0.00023630545
1.4812884e-05
0.00023467044
1.517883e-05
0.00023203168
1.52771e-05
0.00022865454
1.4955346e-05
0.0002249966
1.4240818e-05
0.00022144381
1.3325298e-05
0.0002181405
1.2367961e-05
0.000215079
1.1502768e-05
0.00021224745
1.0728544e-05
0.00020964112
1.0006674e-05
0.00020723259
9.3685962e-06
0.00020500205
8.818522e-06
0.00020292586
8.326238e-06
0.00020098134
7.88368e-06
0.00019915305
7.4756708e-06
0.00019742825
7.1018256e-06
0.00019579558
6.7723333e-06
0.00019424641
6.4751134e-06
0.00019277286
6.2003967e-06
0.00019136918
5.9393404e-06
0.00019002615
5.7005769e-06
0.0001887359
5.4895058e-06
0.00018749712
5.2928397e-06
0.00018630813
5.1062015e-06
0.00018516471
4.9290337e-06
0.0001840613
4.7696758e-06
0.00018299521
4.6235873e-06
0.00018196542
4.4834958e-06
0.00018096931
4.3510103e-06
0.00018000312
4.2314814e-06
0.00017906531
4.120777e-06
0.00017815488
4.013397e-06
0.00017726963
3.9123781e-06
0.00017640752
3.8200085e-06
0.00017556767
3.7321873e-06
0.00017474887
3.6476526e-06
0.00017394938
3.5693859e-06
0.00017316826
3.4958655e-06
0.00017240459
3.4256186e-06
0.00017165714
3.3597556e-06
0.00017092517
3.2969298e-06
0.00017020777
3.2376188e-06
0.00016950408
3.1819564e-06
0.00016881361
3.1275272e-06
0.00016813542
3.0771089e-06
0.00016746892
3.0293363e-06
0.00016681374
2.9823676e-06
0.00016616915
2.9384048e-06
0.00016553468
2.8965321e-06
0.00016490989
2.856194e-06
0.00016429437
2.817324e-06
0.00016368765
2.7805447e-06
0.00016308951
2.7443361e-06
0.00016249956
2.7096906e-06
0.00016191734
2.6770872e-06
0.00016134266
2.6450463e-06
0.00016077516
2.6144825e-06
0.00016021452
2.5853033e-06
0.0001596606
2.5564852e-06
0.00015911308
2.5289983e-06
0.00015857181
2.5021327e-06
0.00015803651
2.4763259e-06
0.00015750703
2.4511528e-06
0.00015698309
2.4271801e-06
0.00015646463
2.4033227e-06
0.00015595137
2.3806781e-06
0.00015544327
2.3581117e-06
0.00015494005
2.3367561e-06
0.00015444169
2.3154179e-06
0.00015394792
2.2952849e-06
0.00015345877
2.2748216e-06
0.00015297398
2.2556145e-06
0.00015249356
2.2362129e-06
0.00015201726
2.2179869e-06
0.00015154516
2.1992624e-06
0.00015107687
2.1823974e-06
0.00015061259
2.1643578e-06
0.00015015176
2.1493052e-06
0.00014969451
2.1326748e-06
0.00014924207
2.1123927e-06
0.00014878069
2.15234e-06
0.00014836363
1.9493169e-06
0.00014782585
2.5014851e-06
1.7466542e-06
0.00024952697
7.8348126e-06
0.00024977313
1.2980081e-05
0.00025007144
1.5726611e-05
0.00025029601
1.5566827e-05
0.00025038751
1.3541196e-05
0.0002503819
1.1470841e-05
0.00025035308
1.0623075e-05
0.00025034659
1.0988828e-05
0.00025037065
1.1902545e-05
0.00025041674
1.2839804e-05
0.00025047361
1.3614129e-05
0.00025052528
1.4247046e-05
0.00025053246
1.4805615e-05
0.00025038594
1.5325378e-05
0.00024987308
1.5789945e-05
0.00024867614
1.6152282e-05
0.00024659125
1.6325694e-05
0.00024372351
1.6193053e-05
0.00024040504
1.5686432e-05
0.00023699577
1.4912042e-05
0.00023372196
1.4002342e-05
0.00023062292
1.3105716e-05
0.00022768363
1.230788e-05
0.0002249479
1.1554262e-05
0.00022241101
1.086312e-05
0.00022004612
1.0248572e-05
0.00021783757
9.6842216e-06
0.00021577022
9.1691793e-06
0.00021383117
8.7113853e-06
0.00021200694
8.2993434e-06
0.00021028212
7.9252114e-06
0.00020864609
7.5753684e-06
0.00020708976
7.2569095e-06
0.00020560545
6.9738133e-06
0.00020418717
6.7111207e-06
0.00020282993
6.4634422e-06
0.00020152697
6.2319907e-06
0.00020027144
6.0252152e-06
0.00019906116
5.833858e-06
0.00019789505
5.6496134e-06
0.000196769
5.4770577e-06
0.00019567837
5.3221131e-06
0.00019462197
5.1771762e-06
0.00019359835
5.0370152e-06
0.00019260451
4.906217e-06
0.00019163816
4.7863588e-06
0.00019069843
4.67192e-06
0.00018978353
4.5625518e-06
0.00018889132
4.4615907e-06
0.00018802094
4.3662533e-06
0.00018717112
4.2754346e-06
0.00018634034
4.1905324e-06
0.00018552777
4.1095018e-06
0.0001847323
4.0330951e-06
0.0001839529
3.9613517e-06
0.00018318895
3.8914735e-06
0.00018243933
3.826735e-06
0.00018170338
3.7652869e-06
0.00018098059
3.7051498e-06
0.0001802701
3.6489024e-06
0.00017957136
3.5952686e-06
0.00017888384
3.5437192e-06
0.00017820703
3.4941272e-06
0.0001775404
3.4471741e-06
0.00017688365
3.4010849e-06
0.00017623631
3.3570368e-06
0.00017559786
3.3155338e-06
0.00017496806
3.274846e-06
0.00017434648
3.2360668e-06
0.00017373275
3.1990283e-06
0.00017312669
3.1625465e-06
0.00017252793
3.1277556e-06
0.00017193628
3.0937841e-06
0.00017135143
3.0611793e-06
0.00017077317
3.0294072e-06
0.00017020121
2.9991442e-06
0.00016963544
2.9690974e-06
0.00016907555
2.9405628e-06
0.00016852148
2.9121794e-06
0.00016797293
2.8853134e-06
0.00016742983
2.8585118e-06
0.0001668919
2.833212e-06
0.00016635917
2.8075566e-06
0.00016583132
2.78346e-06
0.00016530838
2.7591582e-06
0.00016479004
2.7363261e-06
0.00016427639
2.7129093e-06
0.00016376702
2.6917742e-06
0.0001632621
2.6692727e-06
0.00016276108
2.6503298e-06
0.00016226398
2.6297764e-06
0.00016177232
2.6040459e-06
0.00016127099
2.6536687e-06
0.00016081755
2.4027583e-06
0.00016023343
3.0856059e-06
2.1485471e-06
0.0002635638
7.7514579e-06
0.00026381442
1.2729391e-05
0.00026411716
1.542372e-05
0.00026434695
1.5337144e-05
0.00026444225
1.3445933e-05
0.00026443558
1.1477494e-05
0.00026440079
1.0657792e-05
0.00026438513
1.1004472e-05
0.00026439805
1.1889637e-05
0.00026443037
1.280742e-05
0.00026447125
1.3573266e-05
0.00026451458
1.4203789e-05
0.00026455734
1.4762856e-05
0.00026459245
1.5290243e-05
0.00026459492
1.5787446e-05
0.00026449247
1.6254774e-05
0.00026412633
1.6691768e-05
0.00026323908
1.7080354e-05
0.00026158366
1.7341855e-05
0.0002591337
1.7362021e-05
0.00025612276
1.7013276e-05
0.00025287232
1.6356159e-05
0.00024962724
1.5552956e-05
0.00024649492
1.4686579e-05
0.00024349039
1.3867646e-05
0.00024064326
1.3095703e-05
0.00023797809
1.2349389e-05
0.00023547774
1.1669538e-05
0.00023313459
1.1054528e-05
0.00023094117
1.049277e-05
0.00022888016
9.9862139e-06
0.00022693709
9.5184406e-06
0.00022510246
9.0915451e-06
0.00022336803
8.7082367e-06
0.00022172167
8.357486e-06
0.00022015308
8.032029e-06
0.00021865459
7.730483e-06
0.00021721959
7.4602109e-06
0.00021584296
7.2104885e-06
0.00021452029
6.9722872e-06
0.00021324509
6.7522558e-06
0.00021201209
6.5551108e-06
0.00021082084
6.3684295e-06
0.00020966896
6.1888966e-06
0.00020855233
6.0228494e-06
0.00020746853
5.8701552e-06
0.00020641671
5.7237429e-06
0.0002053942
5.5850591e-06
0.00020439847
5.457317e-06
0.00020342879
5.3359344e-06
0.00020248338
5.2208433e-06
0.00020156035
5.1135673e-06
0.00020065881
5.0110359e-06
0.00019977738
4.914525e-06
0.00019891484
4.8238969e-06
0.00019807038
4.7359303e-06
0.00019724267
4.6544489e-06
0.00019643098
4.5769779e-06
0.00019563462
4.5015105e-06
0.00019485254
4.43098e-06
0.00019408415
4.3636531e-06
0.00019332877
4.2991043e-06
0.0001925858
4.2370993e-06
0.0001918546
4.1783697e-06
0.0001911348
4.1208894e-06
0.00019042581
4.0660235e-06
0.00018972707
4.0142747e-06
0.00018903825
3.9636628e-06
0.00018835885
3.9154714e-06
0.00018768845
3.8694229e-06
0.00018702681
3.8241925e-06
0.0001863735
3.7810666e-06
0.00018572828
3.7390035e-06
0.00018509079
3.6986671e-06
0.00018446079
3.6594045e-06
0.00018383794
3.6220011e-06
0.00018322208
3.5849536e-06
0.00018261289
3.5497541e-06
0.00018201026
3.514809e-06
0.00018141385
3.4817247e-06
0.00018082358
3.4487775e-06
0.00018023913
3.4176588e-06
0.00017966051
3.3861813e-06
0.00017908737
3.3565944e-06
0.00017851972
3.32681e-06
0.00017795723
3.2988174e-06
0.00017739997
3.2701675e-06
0.0001768475
3.2442481e-06
0.00017629998
3.2167914e-06
0.00017575684
3.1934658e-06
0.00017521801
3.1686074e-06
0.00017468532
3.1367393e-06
0.00017414224
3.1967476e-06
0.0001736507
2.8942983e-06
0.0001730182
3.7181041e-06
2.5830686e-06
0.00027839057
7.6676644e-06
0.00027864545
1.2474567e-05
0.0002789524
1.5116893e-05
0.00027918741
1.5101985e-05
0.00027928771
1.3345605e-05
0.0002792835
1.14817e-05
0.00027924803
1.0693258e-05
0.0002792296
1.1022984e-05
0.00027923897
1.1880291e-05
0.00027926746
1.2778951e-05
0.00027930365
1.3537107e-05
0.00027934095
1.4166471e-05
0.00027937735
1.4726412e-05
0.00027941268
1.5254897e-05
0.0002794453
1.5754846e-05
0.00027946968
1.6230388e-05
0.00027946842
1.6693006e-05
0.00027939284
1.7155967e-05
0.00027912485
1.7609822e-05
0.00027845859
1.8028281e-05
0.00027711876
1.8353106e-05
0.00027499595
1.8478973e-05
0.00027225129
1.8297607e-05
0.00026915578
1.7782097e-05
0.00026596015
1.7063274e-05
0.00026282391
1.6231938e-05
0.00025977954
1.5393764e-05
0.00025683146
1.4617615e-05
0.00025403685
1.3849145e-05
0.00025140525
1.3124361e-05
0.00024892872
1.2462745e-05
0.00024660125
1.1845913e-05
0.00024441084
1.1281951e-05
0.00024234833
1.077075e-05
0.0002404023
1.0303514e-05
0.00023855882
9.8755138e-06
0.00023680908
9.480221e-06
0.00023514635
9.1229371e-06
0.00023356132
8.7955185e-06
0.00023204457
8.4890427e-06
0.00023058964
8.2071837e-06
0.00022919117
7.9535851e-06
0.00022784503
7.7145645e-06
0.00022654623
7.4877004e-06
0.00022528921
7.2798619e-06
0.00022407173
7.087639e-06
0.00022289285
6.9026262e-06
0.00022174862
6.7292815e-06
0.00022063618
6.5697602e-06
0.00021955498
6.4171379e-06
0.00021850244
6.2733771e-06
0.00021747628
6.1397267e-06
0.00021647564
6.0116771e-06
0.0002154987
5.8914727e-06
0.00021454397
5.778621e-06
0.00021361049
5.6694115e-06
0.00021269664
5.5683036e-06
0.0002118016
5.4720183e-06
0.00021092444
5.3786699e-06
0.00021006392
5.2914921e-06
0.00020921939
5.2081871e-06
0.00020838995
5.1285432e-06
0.00020757492
5.0521344e-06
0.00020677354
4.9797504e-06
0.00020598531
4.9091159e-06
0.00020520955
4.8417792e-06
0.00020444561
4.7782198e-06
0.00020369307
4.7162016e-06
0.00020295133
4.6572106e-06
0.00020221993
4.6008197e-06
0.00020149854
4.5455893e-06
0.00020078666
4.49294e-06
0.00020008401
4.4416523e-06
0.00019939017
4.3925136e-06
0.00019870483
4.3447398e-06
0.00019802761
4.2992247e-06
0.00019735831
4.2542515e-06
0.00019669656
4.2115049e-06
0.00019604222
4.1691523e-06
0.00019539489
4.1290473e-06
0.00019475449
4.0891822e-06
0.00019412064
4.051508e-06
0.00019349332
4.0134981e-06
0.00019287217
3.9777446e-06
0.00019225716
3.941824e-06
0.00019164793
3.9080486e-06
0.00019104453
3.8735611e-06
0.0001904465
3.8422817e-06
0.00018985397
3.8093208e-06
0.00018926638
3.7810605e-06
0.00018868351
3.7514723e-06
0.00018810754
3.7127098e-06
0.00018752049
3.7838006e-06
0.00018698876
3.4260316e-06
0.00018630535
4.4015085e-06
3.0519143e-06
0.00029405163
7.5841071e-06
0.00029431019
1.2216002e-05
0.00029462118
1.4805853e-05
0.00029486122
1.4861945e-05
0.00029496667
1.3240158e-05
0.00029496595
1.1482403e-05
0.00029493177
1.0727389e-05
0.00029491302
1.1041749e-05
0.0002949213
1.1872012e-05
0.00029494858
1.2751657e-05
0.00029498352
1.3502172e-05
0.00029501928
1.4130754e-05
0.00029505367
1.4692012e-05
0.00029508673
1.5221817e-05
0.00029511794
1.5723637e-05
0.00029514652
1.6201801e-05
0.00029517122
1.6668302e-05
0.00029518843
1.7138769e-05
0.0002951854
1.7612859e-05
0.00029512753
1.8086164e-05
0.00029492418
1.8556439e-05
0.00029440115
1.9002027e-05
0.00029330953
1.938921e-05
0.00029146645
1.9625177e-05
0.00028893416
1.9595567e-05
0.00028597138
1.9194712e-05
0.00028283282
1.8532333e-05
0.0002796837
1.7766731e-05
0.00027659034
1.6942503e-05
0.00027356688
1.6147823e-05
0.00027066243
1.5367192e-05
0.00026790773
1.4600616e-05
0.00026529875
1.3890927e-05
0.00026283837
1.3231139e-05
0.00026052104
1.2620838e-05
0.00025833354
1.2063018e-05
0.00025626626
1.15475e-05
0.00025431043
1.1078766e-05
0.00025245612
1.0649829e-05
0.00025069111
1.025405e-05
0.00024900905
9.8892459e-06
0.00024740411
9.5585288e-06
0.00024586696
9.2517087e-06
0.00024439019
8.9644726e-06
0.00024296841
8.7016435e-06
0.00024159747
8.4585795e-06
0.00024027331
8.2267874e-06
0.00023899018
8.0124065e-06
0.00023774505
7.814887e-06
0.00023653756
7.6246348e-06
0.00023536397
7.4469612e-06
0.00023422165
7.2820544e-06
0.00023310974
7.1235816e-06
0.00023202581
6.9754014e-06
0.00023096812
6.8363152e-06
0.00022993546
6.7020675e-06
0.00022892588
6.5778822e-06
0.00022793845
6.4594479e-06
0.00022697193
6.3451977e-06
0.00022602486
6.2385575e-06
0.00022509649
6.1365599e-06
0.00022418568
6.0393562e-06
0.00022329162
5.9461865e-06
0.00022241343
5.8579388e-06
0.00022155047
5.7720836e-06
0.00022070191
5.6903356e-06
0.00021986699
5.6131387e-06
0.00021904521
5.5379867e-06
0.00021823584
5.46658e-06
0.00021743836
5.3982977e-06
0.00021665233
5.331618e-06
0.0002158772
5.2680693e-06
0.0002151126
5.206249e-06
0.00021435804
5.1470744e-06
0.00021361317
5.0896154e-06
0.00021287752
5.0348739e-06
0.00021215085
4.9809154e-06
0.00021143275
4.9296129e-06
0.00021072301
4.8788879e-06
0.00021002121
4.8308481e-06
0.00020932721
4.7831875e-06
0.00020864059
4.7381214e-06
0.00020796131
4.6927747e-06
0.00020728897
4.6500897e-06
0.0002066235
4.6072954e-06
0.00020596451
4.5670356e-06
0.00020531204
4.5260321e-06
0.00020466558
4.4887449e-06
0.00020402523
4.4496651e-06
0.00020339044
4.4158496e-06
0.00020276086
4.381056e-06
0.000202139
4.3345656e-06
0.00020150538
4.4174233e-06
0.00020093103
4.0003868e-06
0.00020019375
5.138781e-06
3.557057e-06
0.000310594
7.5011817e-06
0.00031085574
1.1954308e-05
0.00031117042
1.4491311e-05
0.00031141505
1.461718e-05
0.00031152572
1.312946e-05
0.00031152901
1.147911e-05
0.00031149702
1.0759387e-05
0.00031147918
1.1059653e-05
0.00031148759
1.1863623e-05
0.00031151481
1.2724459e-05
0.0003115497
1.3467302e-05
0.00031158536
1.4095071e-05
0.00031161953
1.4657804e-05
0.0003116522
1.5189142e-05
0.00031168296
1.5692881e-05
0.00031171142
1.6173339e-05
0.00031173726
1.6642471e-05
0.00031176042
1.7115605e-05
0.00031177984
1.7593442e-05
0.00031179221
1.8073787e-05
0.00031178802
1.8560621e-05
0.00031173978
1.9050269e-05
0.00031157968
1.9549317e-05
0.0003111597
2.004516e-05
0.00031025459
2.0500669e-05
0.00030862399
2.0825315e-05
0.00030625795
2.089837e-05
0.00030340472
2.0619961e-05
0.00030031193
2.0035296e-05
0.00029715169
1.9308064e-05
0.00029402008
1.8498805e-05
0.00029093563
1.7685064e-05
0.00028792891
1.6897643e-05
0.00028505396
1.6106093e-05
0.00028231767
1.5357128e-05
0.00027972473
1.4655956e-05
0.00027727466
1.3997567e-05
0.00027495958
1.3393849e-05
0.0002727719
1.2837511e-05
0.00027069906
1.232689e-05
0.00026873219
1.1856115e-05
0.00026686412
1.1426599e-05
0.00026508434
1.1031486e-05
0.00026338405
1.0664761e-05
0.00026175788
1.032782e-05
0.00026019878
1.0017671e-05
0.0002586989
9.7266677e-06
0.00025725257
9.4587455e-06
0.00025585548
9.2119673e-06
0.00025450394
8.9761807e-06
0.00025319253
8.7583749e-06
0.00025191842
8.5561547e-06
0.00025068075
8.3612526e-06
0.00024947615
8.1800014e-06
0.00024830268
8.0097841e-06
0.00024715884
7.8459136e-06
0.00024604219
7.694532e-06
0.00024495171
7.5499298e-06
0.00024388572
7.4111877e-06
0.00024284256
7.2817123e-06
0.00024182134
7.1577848e-06
0.00024082058
7.0401133e-06
0.00023983939
6.9273754e-06
0.00023887667
6.8206572e-06
0.00023793161
6.7171498e-06
0.00023700324
6.6187021e-06
0.00023609065
6.5257276e-06
0.00023519322
6.4354203e-06
0.00023431009
6.3497078e-06
0.00023344066
6.2677261e-06
0.00023258437
6.1879132e-06
0.00023174057
6.1118645e-06
0.00023090882
6.0379965e-06
0.00023008854
5.9673595e-06
0.00022927929
5.8988599e-06
0.00022848056
5.8336084e-06
0.00022769203
5.769446e-06
0.00022691321
5.7084296e-06
0.00022614387
5.6482271e-06
0.00022538351
5.5912075e-06
0.00022463195
5.5347496e-06
0.00022388873
5.4813389e-06
0.00022315377
5.4277406e-06
0.0002224266
5.377256e-06
0.00022170714
5.3267528e-06
0.00022099497
5.2792146e-06
0.00022029007
5.2309295e-06
0.00021959191
5.1869033e-06
0.00021890056
5.1410139e-06
0.00021821547
5.1009436e-06
0.00021753611
5.0604086e-06
0.00021686541
5.0052693e-06
0.00021618227
5.1005648e-06
0.00021556254
4.6201125e-06
0.00021476803
5.9332906e-06
4.1007331e-06
0.00032806746
7.4191296e-06
0.0003283316
1.169023e-05
0.00032864935
1.4173605e-05
0.00032889839
1.4368063e-05
0.00032901439
1.301344e-05
0.00032902201
1.1471476e-05
0.00032899266
1.0788698e-05
0.00032897631
1.1076033e-05
0.00032898556
1.1854366e-05
0.00032901341
1.2696624e-05
0.000329049
1.3431725e-05
0.00032908535
1.405874e-05
0.0003291201
1.4623034e-05
0.00032915317
1.5156064e-05
0.00032918424
1.5661808e-05
0.000329213
1.6144579e-05
0.00032923934
1.6616123e-05
0.00032926355
1.7091398e-05
0.00032928546
1.757154e-05
0.00032930456
1.8054685e-05
0.00032931989
1.85453e-05
0.00032932826
1.9041893e-05
0.00032932255
1.9555024e-05
0.00032928086
2.0086849e-05
0.00032915058
2.0630953e-05
0.00032880272
2.1173171e-05
0.00032802254
2.1678552e-05
0.00032656385
2.2078649e-05
0.00032434593
2.2253225e-05
0.00032156459
2.2089398e-05
0.00031849447
2.1568921e-05
0.00031531814
2.0861401e-05
0.00031214426
2.0071517e-05
0.00030899905
1.9251312e-05
0.00030589699
1.8459188e-05
0.00030290298
1.7649959e-05
0.00030003938
1.6861164e-05
0.00029731477
1.6118464e-05
0.0002947347
1.5417582e-05
0.00029229177
1.4769816e-05
0.00028997895
1.4168935e-05
0.0002877886
1.3616951e-05
0.00028571029
1.31098e-05
0.00028373396
1.2641089e-05
0.00028185194
1.2209841e-05
0.00028005596
1.1813652e-05
0.00027833687
1.1445755e-05
0.00027668935
1.1106265e-05
0.0002751072
1.0794112e-05
0.00027358256
1.0500828e-05
0.00027211
1.0230933e-05
0.00027068545
9.9807071e-06
0.00026930471
9.7419874e-06
0.00026796311
9.5215987e-06
0.00026665868
9.3142143e-06
0.00026538943
9.1151698e-06
0.00026415229
8.9316686e-06
0.00026294621
8.7560112e-06
0.00026176891
8.5884826e-06
0.0002606185
8.4321283e-06
0.00025949388
8.2824012e-06
0.00025839318
8.1408128e-06
0.00025731541
8.0051439e-06
0.0002562592
7.876872e-06
0.00025522351
7.7528401e-06
0.00025420723
7.634982e-06
0.00025320924
7.5237155e-06
0.00025222878
7.4158787e-06
0.00025126485
7.3136408e-06
0.00025031673
7.2158427e-06
0.00024938371
7.1209334e-06
0.00024846506
7.0305164e-06
0.00024756022
6.9428401e-06
0.00024666849
6.8590853e-06
0.00024578938
6.7779743e-06
0.00024492226
6.7007298e-06
0.00024406674
6.6249576e-06
0.00024322228
6.5528937e-06
0.00024238856
6.4819439e-06
0.00024156503
6.4147457e-06
0.00024075143
6.3483429e-06
0.00023994727
6.2854987e-06
0.00023915241
6.2226051e-06
0.00023836633
6.1633325e-06
0.00023758891
6.1041708e-06
0.00023681968
6.0484529e-06
0.00023605858
5.99202e-06
0.00023530506
5.9404269e-06
0.00023455913
5.8869479e-06
0.00023382024
5.8398326e-06
0.0002330877
5.7929496e-06
0.00023236483
5.7281408e-06
0.00023162886
5.836529e-06
0.00023096069
5.2882792e-06
0.00023010518
6.7888098e-06
4.6854408e-06
0.0003465243
7.3382402e-06
0.00034679013
1.1424433e-05
0.00034711042
1.3853443e-05
0.00034736351
1.4114865e-05
0.00034748493
1.2892001e-05
0.00034749727
1.1459132e-05
0.00034747093
1.0815058e-05
0.0003474564
1.1090612e-05
0.00034746683
1.1843961e-05
0.00034749569
1.2667766e-05
0.0003475324
1.339504e-05
0.00034756993
1.402118e-05
0.00034760582
1.4587122e-05
0.00034763985
1.5122024e-05
0.00034767171
1.562996e-05
0.00034770112
1.6115166e-05
0.00034772809
1.658916e-05
0.00034775305
1.7066441e-05
0.00034777603
1.7548548e-05
0.00034779686
1.8033855e-05
0.00034781536
1.8526795e-05
0.00034783086
1.9026392e-05
0.00034784262
1.954327e-05
0.00034784815
2.0081319e-05
0.00034784147
2.0637636e-05
0.00034780435
2.1210284e-05
0.00034769088
2.1792024e-05
0.00034739166
2.2377873e-05
0.00034670379
2.2941093e-05
0.00034537436
2.3418826e-05
0.00034326201
2.3681268e-05
0.00034052032
2.3603098e-05
0.00033745345
2.3138384e-05
0.00033425436
2.2450399e-05
0.0003310259
2.1687649e-05
0.00032780876
2.0867097e-05
0.00032461868
2.0051244e-05
0.00032151198
1.9225167e-05
0.00031852578
1.8403788e-05
0.00031567207
1.7623525e-05
0.00031296071
1.6880289e-05
0.00031038957
1.6188094e-05
0.00030795293
1.5546443e-05
0.00030564268
1.4951331e-05
0.0003034494
1.4403128e-05
0.00030136436
1.3898687e-05
0.0002993773
1.3432815e-05
0.00029748089
1.3002682e-05
0.00029566766
1.2607338e-05
0.00029392872
1.2239764e-05
0.00029225904
1.1900616e-05
0.00029065257
1.1587176e-05
0.00028910166
1.1292902e-05
0.00028760136
1.1021896e-05
0.00028614793
1.0767643e-05
0.00028473641
1.0526694e-05
0.00028336291
1.0305163e-05
0.00028202646
1.0092459e-05
0.00028072395
9.8909952e-06
0.00027945317
9.7029128e-06
0.00027821285
9.5227208e-06
0.00027700056
9.3530982e-06
0.00027581524
9.1904681e-06
0.00027465512
9.0369914e-06
0.00027351894
8.8890235e-06
0.00027240539
8.7485293e-06
0.00027131309
8.6160091e-06
0.00027024113
8.4878425e-06
0.00026918831
8.3664633e-06
0.00026815379
8.2503625e-06
0.00026713666
8.1380613e-06
0.00026613609
8.0310868e-06
0.00026515138
7.9275501e-06
0.00026418172
7.8287502e-06
0.00026322649
7.7332022e-06
0.00026228497
7.6422461e-06
0.00026135669
7.5532366e-06
0.000260441
7.4685845e-06
0.00025953752
7.3854237e-06
0.0002586456
7.3066674e-06
0.00025776494
7.2290013e-06
0.00025689496
7.1554758e-06
0.00025603548
7.0820918e-06
0.00025518591
7.0129026e-06
0.00025434608
6.9439998e-06
0.00025351546
6.879076e-06
0.00025269396
6.8135114e-06
0.00025188098
6.7534112e-06
0.00025107647
6.6914598e-06
0.0002502799
6.6364042e-06
0.00024949036
6.5824841e-06
0.00024871163
6.5068717e-06
0.00024791917
6.6289882e-06
0.00024719916
6.008292e-06
0.00024627844
7.7095266e-06
5.3139485e-06
0.00036601985
7.2587206e-06
0.00036628651
1.115784e-05
0.00036660879
1.3531254e-05
0.00036686562
1.3857952e-05
0.00036699252
1.2765068e-05
0.00036700993
1.1441705e-05
0.00036698693
1.0838033e-05
0.00036697447
1.1103099e-05
0.00036698631
1.1832118e-05
0.00036701642
1.2637682e-05
0.0003670545
1.3356969e-05
0.00036709355
1.3982134e-05
0.00036713093
1.4549717e-05
0.00036716633
1.5086623e-05
0.00036719938
1.5596903e-05
0.00036722981
1.6084746e-05
0.00036725764
1.6561316e-05
0.00036728341
1.7040686e-05
0.00036730724
1.7524719e-05
0.00036732909
1.8012001e-05
0.00036734901
1.8506875e-05
0.00036736662
1.9008787e-05
0.00036738195
1.952793e-05
0.00036739475
2.0068526e-05
0.00036740404
2.0628345e-05
0.00036740749
2.1206829e-05
0.00036739932
2.1800197e-05
0.00036736408
2.2413116e-05
0.00036726092
2.3044254e-05
0.00036699496
2.368478e-05
0.00036636974
2.4306489e-05
0.0003651251
2.4847737e-05
0.00036307999
2.5183492e-05
0.00036035384
2.5176558e-05
0.00035726682
2.477466e-05
0.00035402719
2.4106728e-05
0.00035073689
2.3341551e-05
0.00034744509
2.2516968e-05
0.00034416635
2.1682529e-05
0.00034094875
2.0841119e-05
0.00033784084
1.9988201e-05
0.00033485775
1.9171182e-05
0.00033201545
1.8388747e-05
0.00032931509
1.7651688e-05
0.00032675201
1.6966208e-05
0.00032432056
1.633014e-05
0.00032201051
1.5742866e-05
0.00031981326
1.5199926e-05
0.00031771992
1.4700681e-05
0.00031572081
1.4238875e-05
0.00031380903
1.3812394e-05
0.00031197729
1.3418921e-05
0.00031021754
1.3052653e-05
0.0003085248
1.2714634e-05
0.00030689261
1.2399833e-05
0.00030531394
1.2105367e-05
0.00030378435
1.1834753e-05
0.00030230012
1.1576688e-05
0.00030085598
1.1335131e-05
0.00029944944
1.1109452e-05
0.00029807901
1.0893151e-05
0.00029674155
1.0690561e-05
0.00029543589
1.0496125e-05
0.00029415978
1.0313105e-05
0.00029291168
1.0137117e-05
0.00029169006
9.9701549e-06
0.00029049319
9.8128805e-06
0.00028931997
9.6610636e-06
0.00028816898
9.5174502e-06
0.00028703923
9.3801173e-06
0.00028592955
9.2477324e-06
0.00028483902
9.1216253e-06
0.00028376674
8.9998306e-06
0.00028271175
8.8837342e-06
0.00028167333
8.7716207e-06
0.00028065062
8.6649555e-06
0.00027964304
8.560819e-06
0.00027864983
8.4617933e-06
0.00027767053
8.3647298e-06
0.00027670437
8.2728234e-06
0.000275751
8.1823748e-06
0.00027480974
8.0967333e-06
0.00027388034
8.011487e-06
0.00027296216
7.931089e-06
0.00027205495
7.8512065e-06
0.00027115812
7.7759055e-06
0.00027027154
7.7000888e-06
0.00026939454
7.6304113e-06
0.00026852702
7.5589845e-06
0.00026766845
7.494973e-06
0.0002668177
7.4332297e-06
0.00026597903
7.3455502e-06
0.00026512601
7.4820063e-06
0.00026435039
6.7839119e-06
0.00026335985
8.7000671e-06
5.9893099e-06
0.00038661257
7.1807908e-06
0.0003868791
1.0891324e-05
0.00038720281
1.3207612e-05
0.00038746304
1.359767e-05
0.00038759548
1.2632621e-05
0.00038761833
1.1418845e-05
0.00038759905
1.0857344e-05
0.0003875889
1.1113273e-05
0.00038760231
1.1818729e-05
0.00038763377
1.2606225e-05
0.00038767336
1.3317393e-05
0.0003877141
1.3941374e-05
0.00038775322
1.4510575e-05
0.00038779028
1.5049567e-05
0.00038782483
1.5562355e-05
0.00038785659
1.6052992e-05
0.00038788558
1.6532327e-05
0.00038791235
1.7013917e-05
0.00038793709
1.7499971e-05
0.00038795984
1.7989246e-05
0.00038798073
1.8485982e-05
0.00038799954
1.8989976e-05
0.00038801649
1.9510987e-05
0.00038803164
2.0053379e-05
0.00038804478
2.0615204e-05
0.00038805546
2.1196148e-05
0.00038806248
2.1793178e-05
0.00038806374
2.2411849e-05
0.00038805391
2.305409e-05
0.00038801932
2.371937e-05
0.00038792246
2.440335e-05
0.00038767592
2.5094275e-05
0.00038708834
2.5771075e-05
0.00038588947
2.6375428e-05
0.0003838814
2.6782722e-05
0.00038115087
2.6837257e-05
0.00037801558
2.6476851e-05
0.0003747157
2.5816843e-05
0.00037135204
2.5046183e-05
0.00036797974
2.421342e-05
0.0003646098
2.3358148e-05
0.00036127856
2.2502415e-05
0.00035804663
2.1620681e-05
0.00035493284
2.0765476e-05
0.00035195753
1.9941515e-05
0.00034912611
1.9161559e-05
0.00034643519
1.8433793e-05
0.00034387988
1.7755235e-05
0.00034145128
1.7129275e-05
0.0003391401
1.6550057e-05
0.0003369373
1.6015198e-05
0.00033483428
1.5521943e-05
0.00033282205
1.5064877e-05
0.000330894
1.4642683e-05
0.00032904233
1.4251511e-05
0.00032726044
1.3887257e-05
0.00032554333
1.3551864e-05
0.00032388371
1.3236301e-05
0.00032227557
1.2943272e-05
0.00032071518
1.2669845e-05
0.00031919774
1.2410592e-05
0.00031771918
1.2169119e-05
0.00031627828
1.1937025e-05
0.0003148721
1.1719279e-05
0.00031349886
1.1510362e-05
0.00031215662
1.1312391e-05
0.00031084331
1.112619e-05
0.00030955762
1.094676e-05
0.00030829781
1.0777256e-05
0.00030706269
1.0615235e-05
0.00030585083
1.0459597e-05
0.00030466114
1.0311315e-05
0.00030349252
1.0168455e-05
0.00030234383
1.0032423e-05
0.00030121419
9.9012549e-06
0.0003001026
9.7765522e-06
0.00029900833
9.6550881e-06
0.00029793051
9.5396137e-06
0.00029686855
9.4266863e-06
0.00029582159
9.3197872e-06
0.00029478916
9.2148004e-06
0.0002937705
9.1153897e-06
0.00029276529
9.0167017e-06
0.00029177277
8.9236111e-06
0.00029079264
8.8313285e-06
0.00028982424
8.7443099e-06
0.00028886737
8.6569612e-06
0.00028792129
8.5764847e-06
0.00028698584
8.4944401e-06
0.00028606049
8.4203174e-06
0.00028514387
8.3498521e-06
0.00028424073
8.2486939e-06
0.00028332266
8.4000705e-06
0.00028248729
7.6192846e-06
0.00028142183
9.7655281e-06
6.714884e-06
0.00040836418
7.1044722e-06
0.00040862961
1.0625943e-05
0.00040895412
1.2883205e-05
0.00040921733
1.3334384e-05
0.0004093553
1.2494615e-05
0.00040938395
1.1390175e-05
0.00040936875
1.0872531e-05
0.00040936119
1.112085e-05
0.00040937637
1.1803549e-05
0.00040940932
1.2573294e-05
0.00040945052
1.3276219e-05
0.00040949305
1.3898832e-05
0.00040953405
1.4469559e-05
0.00040957293
1.5010688e-05
0.0004096092
1.5526074e-05
0.00040964253
1.6019667e-05
0.00040967294
1.6501915e-05
0.00040970096
1.6985904e-05
0.00040972681
1.7474122e-05
0.00040975054
1.7965512e-05
0.00040977236
1.8464165e-05
0.0004097921
1.8970233e-05
0.00040981009
1.9492995e-05
0.00040982655
2.0036925e-05
0.00040984143
2.0600324e-05
0.00040985462
2.118295e-05
0.0004098657
2.1782102e-05
0.00040987422
2.2403333e-05
0.00040987919
2.3049112e-05
0.00040987858
2.3719986e-05
0.00040986716
2.4414771e-05
0.00040983199
2.5129439e-05
0.00040973761
2.5865455e-05
0.00040949874
2.66143e-05
0.00040892873
2.7352733e-05
0.0004077483
2.8017682e-05
0.00040574091
2.8484249e-05
0.00040297199
2.8585754e-05
0.00039976402
2.8254155e-05
0.00039638797
2.7589475e-05
0.00039294202
2.6804096e-05
0.00038948059
2.5963844e-05
0.00038601156
2.5089713e-05
0.00038256263
2.4214403e-05
0.00037920322
2.3300931e-05
0.00037595599
2.2408781e-05
0.0003728457
2.1544088e-05
0.0003698808
2.0720132e-05
0.0003670601
1.9949977e-05
0.00036437954
1.9230619e-05
0.00036183027
1.8564467e-05
0.00035940383
1.7948384e-05
0.00035709014
1.7378569e-05
0.00035488063
1.6852194e-05
0.00035276625
1.6365887e-05
0.00035073921
1.5914301e-05
0.00034879325
1.5497821e-05
0.00034692019
1.5109365e-05
0.00034511464
1.4748815e-05
0.00034337112
1.4413372e-05
0.00034168208
1.4099633e-05
0.00034004275
1.3808441e-05
0.00033844918
1.35306e-05
0.00033689651
1.3271942e-05
0.0003353827
1.3024172e-05
0.00033390531
1.2789783e-05
0.00033246183
1.2569672e-05
0.00033105071
1.235788e-05
0.00032966981
1.2158155e-05
0.0003283177
1.1967346e-05
0.0003269926
1.1784703e-05
0.00032569325
1.161066e-05
0.00032441827
1.1443433e-05
0.00032316634
1.1284357e-05
0.00032193637
1.1131219e-05
0.00032072717
1.0985756e-05
0.00031953787
1.0844394e-05
0.00031836743
1.0710052e-05
0.00031721513
1.0578981e-05
0.00031607997
1.045495e-05
0.00031496138
1.0333391e-05
0.00031385847
1.0218301e-05
0.00031277082
1.0104347e-05
0.00031169758
9.9968561e-06
0.00031063837
9.8905398e-06
0.00030959241
9.7902656e-06
0.00030855945
9.689919e-06
0.00030753869
9.5972457e-06
0.00030652985
9.5032782e-06
0.00030553244
9.4177279e-06
0.00030454479
9.3375095e-06
0.00030357219
9.2212915e-06
0.00030258413
9.3881317e-06
0.00030168444
8.518976e-06
0.00030053845
1.0911518e-05
7.4943617e-06
0.00043133986
7.0298086e-06
0.00043160312
1.0362676e-05
0.00043192771
1.255864e-05
0.00043219358
1.3068488e-05
0.00043233709
1.2351112e-05
0.00043237189
1.1355377e-05
0.00043236117
1.0883277e-05
0.00043235646
1.1125578e-05
0.00043237358
1.1786447e-05
0.00043240811
1.2538754e-05
0.00043245099
1.3233353e-05
0.00043249541
1.3854396e-05
0.00043253839
1.4426568e-05
0.00043257922
1.4969854e-05
0.00043261736
1.5487941e-05
0.00043265243
1.5984598e-05
0.00043268444
1.6469911e-05
0.0004327139
1.6956436e-05
0.00043274105
1.7446968e-05
0.00043276595
1.7940611e-05
0.0004327888
1.8441314e-05
0.00043280949
1.8949536e-05
0.0004328284
1.9474091e-05
0.00043284581
2.0019519e-05
0.00043286178
2.0584349e-05
0.00043287635
2.1168377e-05
0.00043288925
2.1769206e-05
0.00043290041
2.2392174e-05
0.00043290961
2.3039912e-05
0.00043291635
2.3713242e-05
0.00043291959
2.4411537e-05
0.00043291707
2.5131952e-05
0.00043290371
2.5878818e-05
0.00043286674
2.665127e-05
0.00043277146
2.7448013e-05
0.00043253254
2.8256604e-05
0.00043196308
2.9053704e-05
0.00043077064
2.9778196e-05
0.0004287248
3.0299992e-05
0.00042588249
3.0431791e-05
0.00042257925
3.0107334e-05
0.00041911258
2.9430514e-05
0.00041557354
2.8628751e-05
0.00041201301
2.7774932e-05
0.00040843576
2.6878187e-05
0.00040486267
2.5981866e-05
0.00040137054
2.503622e-05
0.00039798672
2.4103954e-05
0.00039473949
2.3197202e-05
0.00039163975
2.2330359e-05
0.0003886877
2.1516524e-05
0.00038588058
2.0755496e-05
0.00038320944
2.0049713e-05
0.0003806657
1.9395938e-05
0.00037823931
1.8792269e-05
0.00037592088
1.8232731e-05
0.00037370234
1.7716365e-05
0.00037157461
1.723709e-05
0.000369531
1.6792431e-05
0.00036756474
1.6379632e-05
0.00036566893
1.5995439e-05
0.00036383817
1.5639201e-05
0.00036206537
1.5303406e-05
0.00036034468
1.4992633e-05
0.00035867231
1.469654e-05
0.00035704282
1.4419267e-05
0.00035545322
1.415928e-05
0.00035390169
1.3909409e-05
0.00035238551
1.3674335e-05
0.00035090301
1.3449844e-05
0.00034945197
1.3235737e-05
0.00034803093
1.3031706e-05
0.00034663816
1.2836204e-05
0.00034527209
1.265042e-05
0.00034393143
1.2471883e-05
0.00034261472
1.2302469e-05
0.00034132091
1.2138198e-05
0.00034004881
1.1982158e-05
0.0003387975
1.183029e-05
0.00033756581
1.1686636e-05
0.00033635306
1.154614e-05
0.00033515821
1.1413157e-05
0.00033398073
1.1281827e-05
0.00033281962
1.1157964e-05
0.00033167443
1.103573e-05
0.00033054426
1.0920431e-05
0.00032942878
1.0805403e-05
0.00032832709
1.0698929e-05
0.00032723883
1.0591545e-05
0.00032616349
1.0493063e-05
0.0003250991
1.0401906e-05
0.00032405153
1.0268853e-05
0.00032298801
1.0451652e-05
0.00032201898
9.4880152e-06
0.00032078629
1.2144208e-05
8.3317963e-06
0.00045560843
6.9566455e-06
0.00045586855
1.0102585e-05
0.00045619247
1.2234816e-05
0.00045646052
1.2800391e-05
0.00045660947
1.2202131e-05
0.00045665072
1.1314111e-05
0.00045664487
1.0889118e-05
0.00045664331
1.1127153e-05
0.00045666259
1.1767174e-05
0.00045669887
1.2502477e-05
0.00045674352
1.3188726e-05
0.0004567899
1.3808011e-05
0.00045683494
1.4381515e-05
0.00045687781
1.4926977e-05
0.00045691793
1.5447824e-05
0.00045695486
1.5947665e-05
0.00045698861
1.6436159e-05
0.00045701968
1.692537e-05
0.0004570483
1.7418349e-05
0.00045707452
1.7914392e-05
0.00045709856
1.8417274e-05
0.00045712032
1.8927775e-05
0.00045714019
1.9454219e-05
0.0004571585
2.0001205e-05
0.00045717538
2.0567475e-05
0.00045719091
2.1152849e-05
0.00045720492
2.1755193e-05
0.00045721748
2.2379611e-05
0.00045722856
2.302883e-05
0.00045723806
2.3703743e-05
0.00045724567
2.440393e-05
0.00045725068
2.5126943e-05
0.00045725206
2.5877436e-05
0.0004572476
2.6655728e-05
0.00045723208
2.7463534e-05
0.00045719236
2.8296327e-05
0.0004570934
2.9152662e-05
0.0004568469
3.0024695e-05
0.00045626062
3.0886277e-05
0.0004550246
3.1667809e-05
0.00045289954
3.2232391e-05
0.00044995008
3.2379973e-05
0.00044653155
3.2047286e-05
0.00044295988
3.1346597e-05
0.00043931612
3.0521954e-05
0.00043564305
2.965493e-05
0.00043194497
2.8734302e-05
0.00042824209
2.7806835e-05
0.00042461345
2.6825846e-05
0.00042109015
2.5853657e-05
0.00041770381
2.4902858e-05
0.0004144675
2.3991805e-05
0.00041138252
2.3134699e-05
0.00040844671
2.2331746e-05
0.00040565169
2.1587292e-05
0.00040298842
2.0895994e-05
0.00040044735
2.0257441e-05
0.00039801846
1.9665983e-05
0.00039569295
1.9117938e-05
0.00039346254
1.8610041e-05
0.0003913196
1.8138383e-05
0.00038925754
1.7701258e-05
0.00038726881
1.729214e-05
0.00038534791
1.6913532e-05
0.00038348863
1.6555814e-05
0.00038168387
1.6224024e-05
0.00037992955
1.5913603e-05
0.00037822021
1.5618753e-05
0.0003765523
1.5342245e-05
0.00037492394
1.50782e-05
0.00037333234
1.4827335e-05
0.00037177576
1.4588293e-05
0.00037025207
1.4359888e-05
0.00036875943
1.4143068e-05
0.00036729623
1.3935081e-05
0.00036586073
1.3737963e-05
0.0003644517
1.3547235e-05
0.00036306766
1.3366197e-05
0.00036170752
1.3190426e-05
0.00036036992
1.3024234e-05
0.00035905401
1.286205e-05
0.00035775857
1.2708601e-05
0.00035648295
1.2557446e-05
0.00035522598
1.2414929e-05
0.00035398711
1.22746e-05
0.00035276531
1.2142236e-05
0.00035156012
1.2010588e-05
0.00035037058
1.188847e-05
0.00034919618
1.1765953e-05
0.00034803642
1.1652818e-05
0.00034688897
1.1549356e-05
0.00034576036
1.1397467e-05
0.00034461535
1.1596663e-05
0.00034357142
1.0531945e-05
0.00034224523
1.3470389e-05
9.2316403e-06
0.00048124259
6.8848555e-06
0.00048149851
9.8466462e-06
0.00048182087
1.1912455e-05
0.00048209072
1.253052e-05
0.00048224507
1.2047805e-05
0.00048229307
1.1266113e-05
0.0004822925
1.0889708e-05
0.00048229437
1.1125293e-05
0.000482316
1.1745559e-05
0.00048235416
1.2464315e-05
0.00048240066
1.314222e-05
0.00048244908
1.3759581e-05
0.00048249627
1.4334315e-05
0.00048254129
1.4881961e-05
0.00048258348
1.5405643e-05
0.00048262238
1.590876e-05
0.00048265798
1.6400561e-05
0.00048269077
1.6892581e-05
0.00048272098
1.7388139e-05
0.00048274865
1.7886712e-05
0.00048277401
1.8391912e-05
0.00048279697
1.8904813e-05
0.00048281793
1.9433269e-05
0.00048283722
1.9981911e-05
0.000482855
2.0549696e-05
0.00048287139
2.1136457e-05
0.00048288627
2.1740311e-05
0.00048289978
2.2366103e-05
0.00048291198
2.3016627e-05
0.0004829229
2.3692823e-05
0.00048293245
2.4394381e-05
0.00048294032
2.5119078e-05
0.00048294622
2.5871532e-05
0.00048294955
2.6652396e-05
0.00048294922
2.7463865e-05
0.00048294274
2.8302804e-05
0.00048292468
2.9170728e-05
0.00048288119
3.0068185e-05
0.00048277572
3.0991743e-05
0.00048251384
3.1929694e-05
0.00048189152
3.2854708e-05
0.00048057855
3.3692943e-05
0.00047833377
3.4292064e-05
0.00047524513
3.4435238e-05
0.0004716931
3.4073981e-05
0.00046800186
3.3346169e-05
0.00046423939
3.2496777e-05
0.00046044217
3.1604052e-05
0.00045661282
3.06552e-05
0.00045277244
2.969404e-05
0.00044900222
2.8673072e-05
0.00044533518
2.7658848e-05
0.0004418061
2.6663778e-05
0.00043843
2.570784e-05
0.00043520964
2.4807652e-05
0.00043214299
2.3962649e-05
0.00042922207
2.3178356e-05
0.00042643777
2.2450291e-05
0.0004237798
2.1775908e-05
0.00042123832
2.1151512e-05
0.0004188041
2.0572604e-05
0.00041646886
2.0036505e-05
0.0004142241
1.9536899e-05
0.00041206328
1.9074348e-05
0.00040997895
1.8640149e-05
0.00040796527
1.8237705e-05
0.00040601683
1.7862043e-05
0.00040412518
1.75104e-05
0.00040228582
1.7181601e-05
0.00040049368
1.6870348e-05
0.00039874458
1.6576429e-05
0.00039703649
1.6296381e-05
0.00039536681
1.6029576e-05
0.00039373328
1.577659e-05
0.000392134
1.5534365e-05
0.00039056686
1.5305106e-05
0.00038903036
1.5083734e-05
0.00038752272
1.4873834e-05
0.00038604265
1.46705e-05
0.0003845885
1.4478378e-05
0.00038315927
1.4291283e-05
0.0003817535
1.4114373e-05
0.0003803704
1.394054e-05
0.00037900861
1.3776721e-05
0.00037766744
1.3615772e-05
0.00037634569
1.3463986e-05
0.0003750428
1.3313479e-05
0.00037375768
1.317359e-05
0.00037248967
1.3033966e-05
0.00037123828
1.2904203e-05
0.00037000078
1.2786856e-05
0.00036878437
1.2613874e-05
0.00036755121
1.2829832e-05
0.00036642627
1.1656881e-05
0.00036499911
1.4897546e-05
1.0198787e-05
0.00050831904
6.8141598e-06
0.00050856989
9.5958031e-06
0.0005088898
1.1592603e-05
0.00050916093
1.2259372e-05
0.00050932048
1.188823e-05
0.00050937546
1.1211118e-05
0.00050938058
1.0884595e-05
0.0005093862
1.1119672e-05
0.00050941042
1.1721356e-05
0.00050945063
1.2424111e-05
0.00050949911
1.3093755e-05
0.00050954964
1.3709034e-05
0.00050959907
1.4284881e-05
0.00050964631
1.4834716e-05
0.00050969067
1.5361286e-05
0.00050973164
1.5867785e-05
0.0005097692
1.6363002e-05
0.00050980381
1.6857973e-05
0.00050983571
1.7356234e-05
0.00050986495
1.7857472e-05
0.00050989175
1.8365117e-05
0.00050991602
1.8880539e-05
0.00050993816
1.9411126e-05
0.00050995854
1.9961533e-05
0.00050997731
2.0530931e-05
0.0005099946
2.1119165e-05
0.00051001032
2.1724589e-05
0.00051002464
2.2351785e-05
0.00051003767
2.3003595e-05
0.00051004951
2.3680982e-05
0.00051006017
2.438372e-05
0.00051006946
2.5109795e-05
0.00051007735
2.5863641e-05
0.00051008364
2.6646104e-05
0.00051008803
2.7459477e-05
0.00051008973
2.8301097e-05
0.00051008756
2.91729e-05
0.00051007895
3.0076803e-05
0.00051005802
3.101267e-05
0.00051000969
3.1978021e-05
0.00050989426
3.2970144e-05
0.00050960794
3.397926e-05
0.00050892838
3.4971623e-05
0.00050750284
3.5860774e-05
0.00050509736
3.6479468e-05
0.00050184165
3.6601879e-05
0.00049814065
3.6197777e-05
0.00049431416
3.5430542e-05
0.00049041848
3.4550876e-05
0.00048648542
3.3627097e-05
0.00048251465
3.264385e-05
0.00047852607
3.1647425e-05
0.00047460566
3.0584191e-05
0.00047078943
2.952407e-05
0.00046711395
2.8483125e-05
0.00046359545
2.7481152e-05
0.00046023753
2.6536281e-05
0.00045703833
2.5649485e-05
0.00045398966
2.4824584e-05
0.00045108215
2.4059021e-05
0.00044830535
2.3349401e-05
0.00044564929
2.2692565e-05
0.00044310403
2.2082157e-05
0.00044066112
2.1517257e-05
0.00043831178
2.0989487e-05
0.00043604938
2.0500109e-05
0.0004338675
2.0043924e-05
0.00043175869
1.9619209e-05
0.00042971743
1.9222859e-05
0.00042773578
1.8851999e-05
0.00042580836
1.8503845e-05
0.00042393031
1.8174434e-05
0.00042209719
1.7862701e-05
0.00042030634
1.7567436e-05
0.00041855541
1.7285297e-05
0.00041684188
1.701864e-05
0.00041516393
1.6761679e-05
0.00041351941
1.6518356e-05
0.00041190676
1.6283149e-05
0.00041032401
1.6061128e-05
0.00040876996
1.5845328e-05
0.00040724286
1.5641479e-05
0.00040574177
1.5441626e-05
0.00040426506
1.5253435e-05
0.0004028119
1.5068928e-05
0.00040138091
1.4894983e-05
0.00039997136
1.4723028e-05
0.00039858204
1.4562908e-05
0.0003972121
1.4403901e-05
0.00039586107
1.4255237e-05
0.00039452575
1.4122176e-05
0.00039321408
1.3925544e-05
0.00039188537
1.4158541e-05
0.00039067267
1.286958e-05
0.00038913629
1.6433933e-05
1.123862e-05
0.00053691881
6.7443303e-06
0.0005371637
9.3508964e-06
0.00053748015
1.1276119e-05
0.0005377521
1.1987424e-05
0.00053791674
1.1723607e-05
0.00053797892
1.1148943e-05
0.00053799012
1.087341e-05
0.00053799981
1.1109988e-05
0.00053802682
1.1694362e-05
0.00053806922
1.2381698e-05
0.00053811978
1.3043196e-05
0.00053817253
1.3656272e-05
0.00053822429
1.4233125e-05
0.00053827385
1.4785148e-05
0.00053832048
1.5314669e-05
0.00053836362
1.5824639e-05
0.00053840324
1.6323391e-05
0.00053843977
1.6821442e-05
0.00053847346
1.7322536e-05
0.00053850437
1.7826566e-05
0.00053853269
1.8336793e-05
0.00053855838
1.8854852e-05
0.00053858181
1.9387695e-05
0.00053860337
1.9939976e-05
0.00053862321
2.0511089e-05
0.00053864148
2.1100892e-05
0.0005386581
2.1707974e-05
0.00053867323
2.2336646e-05
0.00053868704
2.2989791e-05
0.00053869964
2.3668384e-05
0.00053871108
2.4372274e-05
0.00053872126
2.5099621e-05
0.00053873023
2.5854667e-05
0.00053873794
2.6638399e-05
0.00053874435
2.7453058e-05
0.00053874916
2.8296295e-05
0.00053875194
2.9170115e-05
0.000538752
3.007674e-05
0.00053874803
3.1016648e-05
0.00053873713
3.1988915e-05
0.00053871283
3.2994447e-05
0.0005386583
3.4033791e-05
0.00053852891
3.5101011e-05
0.00053820737
3.6182314e-05
0.0005374457
3.7241137e-05
0.00053586924
3.8178343e-05
0.00053326392
3.8803093e-05
0.00052981318
3.8881283e-05
0.00052594609
3.8417965e-05
0.00052197064
3.7602546e-05
0.00051792949
3.6684999e-05
0.00051384511
3.5731809e-05
0.00050971835
3.4710952e-05
0.00050557288
3.3669542e-05
0.00050149535
3.2560651e-05
0.00049752546
3.1451038e-05
0.00049370028
3.0361467e-05
0.00049003685
2.9312907e-05
0.00048653919
2.8322249e-05
0.00048320509
2.739312e-05
0.00048002648
2.6528016e-05
0.00047699366
2.5725381e-05
0.00047409583
2.497999e-05
0.0004713225
2.429058e-05
0.00046866337
2.3648621e-05
0.00046610977
2.3053704e-05
0.00046365387
2.2499833e-05
0.00046128779
2.1985281e-05
0.00045900488
2.1505771e-05
0.00045679775
2.1059128e-05
0.0004546605
2.0641098e-05
0.00045258569
2.0249245e-05
0.00045056734
1.9881048e-05
0.00044860017
1.9534609e-05
0.00044667965
1.9205811e-05
0.00044480278
1.8895507e-05
0.00044296736
1.8597101e-05
0.00044117075
1.8314964e-05
0.0004394111
1.8042799e-05
0.00043768603
1.7786203e-05
0.00043599412
1.753724e-05
0.00043433321
1.7302384e-05
0.00043270226
1.7072574e-05
0.00043109924
1.685646e-05
0.00042952322
1.6644943e-05
0.00042797251
1.6445691e-05
0.00042644628
1.6249263e-05
0.00042494312
1.6066069e-05
0.00042346198
1.5885044e-05
0.00042200236
1.5714857e-05
0.00042056057
1.5563961e-05
0.00041914534
1.5340772e-05
0.0004177129
1.5590983e-05
0.00041640496
1.4177518e-05
0.00041475022
1.8088672e-05
1.2357071e-05
0.00056712744
6.6750473e-06
0.0005673657
9.1126425e-06
0.00056767773
1.0964124e-05
0.00056794987
1.171528e-05
0.00056811934
1.1554121e-05
0.00056818885
1.1079426e-05
0.00056820654
1.0855719e-05
0.00056822062
1.1095915e-05
0.00056825066
1.1664324e-05
0.00056829547
1.2336899e-05
0.00056834823
1.2990439e-05
0.00056840329
1.3601209e-05
0.00056845746
1.4178953e-05
0.00056850944
1.4733158e-05
0.00056855843
1.5265681e-05
0.00056860385
1.5779214e-05
0.00056864563
1.6281617e-05
0.00056868418
1.6782889e-05
0.00056871977
1.7286948e-05
0.00056875243
1.7793904e-05
0.00056878238
1.8306847e-05
0.00056880956
1.8827663e-05
0.00056883438
1.9362884e-05
0.0005688572
1.9917152e-05
0.0005688782
2.0490085e-05
0.00056889754
2.108156e-05
0.00056891512
2.1690391e-05
0.00056893114
2.2320628e-05
0.00056894575
2.2975182e-05
0.00056895909
2.3655043e-05
0.00056897124
2.4360125e-05
0.0005689821
2.5088755e-05
0.00056899181
2.584496e-05
0.00056900036
2.662985e-05
0.00056900782
2.7445593e-05
0.00056901404
2.829008e-05
0.0005690189
2.9165247e-05
0.0005690222
3.0073447e-05
0.00056902347
3.1015374e-05
0.0005690219
3.1990482e-05
0.00056901602
3.3000333e-05
0.00056900268
3.4047131e-05
0.00056897449
3.5129197e-05
0.000568912
3.6244806e-05
0.00056876353
3.7389607e-05
0.00056839318
3.8548695e-05
0.00056752091
3.9675363e-05
0.00056575111
4.0651079e-05
0.00056290514
4.126394e-05
0.0005592325
4.1275186e-05
0.00055518425
4.0733242e-05
0.00055104736
3.9868703e-05
0.00054684756
3.8910755e-05
0.00054259758
3.7919523e-05
0.00053830181
3.6856416e-05
0.00053399111
3.5761738e-05
0.00052974968
3.4602902e-05
0.00052562118
3.3441402e-05
0.00052164239
3.2301039e-05
0.00051783075
3.1204764e-05
0.00051419059
3.0168176e-05
0.0005107191
2.9196866e-05
0.0005074083
2.8290797e-05
0.0005042475
2.7451381e-05
0.00050122574
2.6670376e-05
0.00049833211
2.5947334e-05
0.00049555679
2.5275152e-05
0.00049289036
2.4651712e-05
0.00049032459
2.4071546e-05
0.00048785153
2.353218e-05
0.00048546428
2.3028347e-05
0.00048315568
2.2557849e-05
0.00048091959
2.2117141e-05
0.00047874837
2.1705825e-05
0.00047663569
2.1318489e-05
0.00047457595
2.0955252e-05
0.00047256461
2.0608442e-05
0.00047059847
2.0281099e-05
0.00046867531
1.996596e-05
0.00046679224
1.9669269e-05
0.00046494758
1.9381903e-05
0.00046313872
1.9111243e-05
0.00046136443
1.8846864e-05
0.00045962222
1.8598676e-05
0.00045791108
1.8356085e-05
0.00045622887
1.8127896e-05
0.0004545747
1.7903435e-05
0.00045294686
1.7693906e-05
0.00045134413
1.748778e-05
0.00044976593
1.7293057e-05
0.00044820803
1.7121853e-05
0.00044668002
1.686879e-05
0.00044513473
1.7136266e-05
0.00044372327
1.5588982e-05
0.00044194009
1.9871848e-05
1.3560693e-05
0.00059903531
6.6060599e-06
0.00059926626
8.8816624e-06
0.00059957281
1.0657541e-05
0.00059984457
1.1443513e-05
0.00060001868
1.1380037e-05
0.00060009562
1.1002486e-05
0.00060012014
1.0831213e-05
0.00060013893
1.107713e-05
0.00060017226
1.1630995e-05
0.00060021967
1.2289492e-05
0.00060027476
1.2935339e-05
0.00060033222
1.3543744e-05
0.0006003889
1.4122271e-05
0.00060044341
1.4678651e-05
0.00060049487
1.5214224e-05
0.00060054268
1.5731409e-05
0.00060058672
1.6237574e-05
0.0006006274
1.6742206e-05
0.00060066498
1.7249368e-05
0.0006006995
1.7759384e-05
0.00060073116
1.8275187e-05
0.00060075994
1.8798881e-05
0.00060078621
1.933661e-05
0.00060081038
1.989298e-05
0.00060083263
2.046784e-05
0.0006008531
2.106109e-05
0.00060087172
2.1671767e-05
0.00060088869
2.2303663e-05
0.00060090416
2.295971e-05
0.00060091829
2.3640917e-05
0.00060093115
2.4347258e-05
0.00060094268
2.5077226e-05
0.00060095301
2.5834626e-05
0.00060096219
2.6620676e-05
0.00060097033
2.7437455e-05
0.00060097733
2.8283074e-05
0.0006009832
2.9159378e-05
0.00060098791
3.0068742e-05
0.00060099133
3.1011955e-05
0.00060099314
3.1988668e-05
0.00060099286
3.3000613e-05
0.00060098969
3.4050302e-05
0.00060098192
3.5136966e-05
0.00060096588
3.6260849e-05
0.00060093303
3.7422456e-05
0.00060086029
3.8621436e-05
0.00060068632
3.9849329e-05
0.00060024988
4.108752e-05
0.00059923205
4.2281767e-05
0.00059722123
4.3286014e-05
0.00059409291
4.3861562e-05
0.00059017914
4.3782469e-05
0.00058594054
4.3149359e-05
0.00058162695
4.2233108e-05
0.00057725471
4.1228656e-05
0.00057282664
4.0189812e-05
0.00056834896
3.908058e-05
0.00056386323
3.7927135e-05
0.00055944993
3.6714332e-05
0.00055515721
3.5497487e-05
0.00055102051
3.4304882e-05
0.00054705718
3.3160194e-05
0.0005432718
3.2076178e-05
0.00053965985
3.1063323e-05
0.00053621389
3.0116336e-05
0.00053292225
2.9238974e-05
0.00052977387
2.8423539e-05
0.00052675735
2.7668231e-05
0.00052386251
2.6966382e-05
0.00052107985
2.6314841e-05
0.00051840083
2.570737e-05
0.00051581753
2.5141145e-05
0.00051332296
2.4611715e-05
0.00051090967
2.4119113e-05
0.00050857142
2.3656743e-05
0.00050630032
2.3226351e-05
0.00050408983
2.281893e-05
0.00050193408
2.2436847e-05
0.00049982845
2.2071596e-05
0.00049776944
2.1728275e-05
0.00049575502
2.1396319e-05
0.00049378208
2.1084191e-05
0.0004918491
2.0779839e-05
0.00048995309
2.0494685e-05
0.00048809292
2.0216262e-05
0.0004862659
1.995491e-05
0.00048447112
1.9698212e-05
0.00048270642
1.9458607e-05
0.00048097045
1.922375e-05
0.00047926248
1.9001033e-05
0.0004775777
1.8806631e-05
0.00047592658
1.8519904e-05
0.00047425831
1.8804541e-05
0.00047273411
1.7113177e-05
0.00047081134
2.1794625e-05
1.4856751e-05
0.00063273776
6.5370731e-06
0.00063296101
8.6584085e-06
0.00063326111
1.0357463e-05
0.00063353178
1.1172849e-05
0.00063371018
1.1201625e-05
0.0006337946
1.0918059e-05
0.00063382626
1.0799554e-05
0.00063385013
1.1053263e-05
0.00063388702
1.1594113e-05
0.00063393719
1.2239325e-05
0.00063399477
1.2877764e-05
0.00063405474
1.348377e-05
0.00063411402
1.4062983e-05
0.00063417115
1.4621519e-05
0.00063422519
1.516019e-05
0.00063427549
1.5681107e-05
0.00063432191
1.619115e-05
0.00063436483
1.6699286e-05
0.00063440451
1.720969e-05
0.00063444099
1.7722907e-05
0.00063447446
1.8241715e-05
0.00063450492
1.8768413e-05
0.00063453275
1.9308783e-05
0.00063455835
1.9867378e-05
0.00063458192
2.0444277e-05
0.0006346036
2.1039412e-05
0.00063462333
2.165203e-05
0.00063464131
2.2285684e-05
0.00063465771
2.2943312e-05
0.00063467268
2.3625949e-05
0.00063468631
2.4333628e-05
0.00063469853
2.5065007e-05
0.00063470949
2.5823664e-05
0.00063471924
2.6610924e-05
0.00063472793
2.7428766e-05
0.00063473549
2.8275513e-05
0.00063474197
2.9152901e-05
0.0006347474
3.0063308e-05
0.00063475178
3.1007574e-05
0.00063475501
3.1985441e-05
0.00063475693
3.299869e-05
0.00063475733
3.4049907e-05
0.00063475562
3.5138675e-05
0.00063475083
3.6265641e-05
0.00063474106
3.7432219e-05
0.00063472205
3.8640452e-05
0.00063468361
3.9887766e-05
0.00063459752
4.117361e-05
0.0006343895
4.2489787e-05
0.00063386451
4.3811009e-05
0.0006326569
4.5069171e-05
0.00063035351
4.6085856e-05
0.00062690727
4.65956e-05
0.00062273599
4.6404387e-05
0.00061829917
4.5665478e-05
0.0006137973
4.4691685e-05
0.0006092379
4.3639971e-05
0.00060461693
4.2548113e-05
0.00059994387
4.1387388e-05
0.00059527356
4.0167793e-05
0.00059068067
3.8897777e-05
0.0005862181
3.7622759e-05
0.00058191925
3.6375033e-05
0.00057780009
3.5182477e-05
0.00057386628
3.4050149e-05
0.00057011111
3.2994142e-05
0.00056652654
3.2008114e-05
0.00056310071
3.1094058e-05
0.00055982212
3.0244972e-05
0.00055667932
2.945765e-05
0.00055366161
2.8725077e-05
0.00055075935
2.8043406e-05
0.0005479639
2.7407163e-05
0.00054526704
2.6815977e-05
0.00054266177
2.6262003e-05
0.00054014041
2.5747719e-05
0.00053769657
2.5262767e-05
0.00053532211
2.4811311e-05
0.00053301024
2.4383463e-05
0.00053075466
2.3983857e-05
0.00052855099
2.3599987e-05
0.00052639549
2.3239691e-05
0.00052428632
2.2889007e-05
0.0005222199
2.2561103e-05
0.00052019487
2.2241294e-05
0.00051820798
2.1941805e-05
0.00051625825
2.1647941e-05
0.00051434293
2.1373924e-05
0.00051246064
2.1106043e-05
0.0005106103
2.0851373e-05
0.00050878656
2.0630364e-05
0.00050700083
2.0305641e-05
0.00050519823
2.0607138e-05
0.00050355105
1.8760359e-05
0.00050147629
2.3869381e-05
1.6253325e-05
0.00066833562
6.4678987e-06
0.00066855077
8.4432378e-06
0.00066884342
1.0064771e-05
0.0006691123
1.0903961e-05
0.0006692947
1.1019252e-05
0.0006693866
1.0826161e-05
0.00066942569
1.0760481e-05
0.00066945497
1.1023979e-05
0.00066949566
1.1553426e-05
0.00066954878
1.2186198e-05
0.00066960899
1.2817551e-05
0.00066967158
1.3421177e-05
0.00066973358
1.4000984e-05
0.00066979344
1.4561661e-05
0.00066985016
1.5103468e-05
0.00066990307
1.56282e-05
0.00066995199
1.6142228e-05
0.00066999726
1.6654013e-05
0.00067003915
1.7167804e-05
0.00067007769
1.7684363e-05
0.00067011307
1.8206329e-05
0.00067014532
1.8736162e-05
0.0006701748
1.9279311e-05
0.00067020192
1.9840259e-05
0.00067022688
2.0419314e-05
0.00067024984
2.1016448e-05
0.00067027076
2.1631111e-05
0.00067028982
2.2266624e-05
0.00067030721
2.2925925e-05
0.00067032308
2.3610081e-05
0.00067033752
2.4319181e-05
0.00067035048
2.505205e-05
0.0006703621
2.5812041e-05
0.00067037245
2.6600575e-05
0.00067038168
2.7419539e-05
0.00067038973
2.8267459e-05
0.00067039667
2.9145958e-05
0.00067040259
3.0057396e-05
0.00067040751
3.1002654e-05
0.00067041139
3.1981553e-05
0.00067041424
3.2995838e-05
0.00067041605
3.4048097e-05
0.00067041662
3.5138112e-05
0.00067041562
3.6266636e-05
0.00067041249
3.7435354e-05
0.00067040614
3.8646804e-05
0.00067039433
3.9899575e-05
0.0006703719
4.1196032e-05
0.0006703266
4.2535088e-05
0.00067022305
4.3914559e-05
0.00066996904
4.532318e-05
0.00066932534
4.672956e-05
0.00066787542
4.8045515e-05
0.00066522575
4.905406e-05
0.00066143394
4.9457292e-05
0.00065699478
4.9130838e-05
0.00065234817
4.828658e-05
0.00064764393
4.7252357e-05
0.00064288363
4.6147692e-05
0.00063805627
4.4995151e-05
0.00063317503
4.3779013e-05
0.00062831083
4.2486959e-05
0.00062353086
4.1155002e-05
0.00061889242
3.9820924e-05
0.00061442731
3.8515259e-05
0.00061014841
3.7273041e-05
0.00060606104
3.609548e-05
0.00060215846
3.4996642e-05
0.00059843152
3.3971905e-05
0.00059486829
3.3020889e-05
0.00059145629
3.2137077e-05
0.00058818381
3.1315879e-05
0.00058503997
3.0551005e-05
0.00058201466
2.9841285e-05
0.0005790993
2.9177367e-05
0.00057628537
2.8561645e-05
0.00057356592
2.7982216e-05
0.00057093299
2.7444245e-05
0.00056837995
2.6936504e-05
0.00056589819
2.6465612e-05
0.00056348112
2.6017059e-05
0.00056112187
2.5598942e-05
0.00055881647
2.519441e-05
0.00055656065
2.4816917e-05
0.00055435274
2.4449203e-05
0.00055218886
2.4105691e-05
0.00055006787
2.3768927e-05
0.00054798638
2.3455415e-05
0.00054594297
2.3149451e-05
0.00054393608
2.2858264e-05
0.00054195983
2.260661e-05
0.00054002655
2.2238928e-05
0.00053807694
2.2556744e-05
0.00053629532
2.0541981e-05
0.00053405485
2.6109854e-05
1.7759427e-05
0.00070593526
6.3983414e-06
0.00070614216
8.2363256e-06
0.00070642653
9.7804209e-06
0.00070669282
1.0637682e-05
0.00070687877
1.0833293e-05
0.00070697806
1.0726862e-05
0.0007070248
1.0713739e-05
0.00070705985
1.0988935e-05
0.00070710459
1.1508695e-05
0.00070716088
1.2129912e-05
0.00070722387
1.2754557e-05
0.0007072892
1.3355847e-05
0.00070735401
1.3936175e-05
0.0007074167
1.4498968e-05
0.00070747622
1.5043949e-05
0.00070753185
1.5572565e-05
0.00070758339
1.6090691e-05
0.00070763113
1.6606269e-05
0.00070767534
1.7123595e-05
0.00070771606
1.7643642e-05
0.00070775347
1.8168921e-05
0.0007077876
1.8702025e-05
0.00070781882
1.9248097e-05
0.00070784755
1.9811534e-05
0.00070787399
2.0392868e-05
0.00070789832
2.0992122e-05
0.00070792049
2.1608934e-05
0.0007079407
2.2246415e-05
0.00070795914
2.2907487e-05
0.00070797597
2.3593255e-05
0.00070799128
2.4303865e-05
0.00070800503
2.5038306e-05
0.00070801736
2.5799712e-05
0.00070802834
2.6589594e-05
0.00070803813
2.740975e-05
0.00070804668
2.8258904e-05
0.00070805407
2.913857e-05
0.00070806039
3.0051079e-05
0.00070806569
3.0997351e-05
0.00070806998
3.1977265e-05
0.00070807329
3.2992528e-05
0.00070807569
3.4045692e-05
0.00070807716
3.513665e-05
0.00070807759
3.6266207e-05
0.00070807681
3.743613e-05
0.00070807454
3.8649075e-05
0.00070807008
3.9904031e-05
0.00070806217
4.1203946e-05
0.00070804821
4.2549042e-05
0.00070802187
4.3940907e-05
0.00070796794
4.5377102e-05
0.00070784111
4.6856399e-05
0.00070752443
4.836219e-05
0.00070672375
4.9854742e-05
0.00070496645
5.1214589e-05
0.0007019138
5.2183494e-05
0.00069775611
5.2444269e-05
0.00069304289
5.1965571e-05
0.00068817761
5.1012971e-05
0.00068325821
4.9914557e-05
0.00067828325
4.8753973e-05
0.00067323633
4.7533878e-05
0.00066813502
4.6256316e-05
0.00066306839
4.4887554e-05
0.00065809425
4.3489391e-05
0.00065327138
4.2095916e-05
0.00064863257
4.0734283e-05
0.00064418954
3.943968e-05
0.0006399451
3.821634e-05
0.00063589229
3.7073702e-05
0.00063201999
3.6009371e-05
0.0006283161
3.5019768e-05
0.00062476758
3.4099532e-05
0.0006213619
3.3246966e-05
0.00061808816
3.2451105e-05
0.00061493603
3.1713772e-05
0.00061189704
3.1021204e-05
0.00060896242
3.037887e-05
0.00060612498
2.9773937e-05
0.00060337655
2.9214042e-05
0.0006007105
2.8683118e-05
0.00059811754
2.8191893e-05
0.00059559148
2.7720478e-05
0.00059312449
2.7283899e-05
0.0005907131
2.6860596e-05
0.00058835271
2.6466084e-05
0.0005860419
2.6079733e-05
0.00058377661
2.5720711e-05
0.00058155528
2.5370774e-05
0.0005793758
2.5037747e-05
0.00057723175
2.4750662e-05
0.00057513636
2.4334316e-05
0.00057302551
2.4667591e-05
0.00057109662
2.2470872e-05
0.00056867514
2.8531335e-05
1.9385134e-05
0.00074564912
6.3283257e-06
0.00074584764
8.0377923e-06
0.00074612288
9.5051277e-06
0.00074638579
1.0374762e-05
0.00074657489
1.0644224e-05
0.00074668146
1.0620293e-05
0.00074673604
1.0659166e-05
0.00074677715
1.0947823e-05
0.00074682619
1.1459655e-05
0.00074688584
1.2070261e-05
0.00074695179
1.2688601e-05
0.00074701998
1.3287655e-05
0.00074708771
1.3868445e-05
0.00074715335
1.4433333e-05
0.00074721578
1.4981516e-05
0.00074727426
1.551409e-05
0.00074732853
1.6036415e-05
0.00074737887
1.6555931e-05
0.00074742552
1.7076943e-05
0.00074746853
1.7600628e-05
0.00074750807
1.8129379e-05
0.0007475442
1.8665895e-05
0.00074757726
1.9215037e-05
0.00074760769
1.9781107e-05
0.00074763571
2.0364849e-05
0.00074766148
2.096635e-05
0.00074768499
2.1585424e-05
0.00074770642
2.2224986e-05
0.00074772597
2.2887932e-05
0.00074774382
2.357541e-05
0.00074776006
2.4287623e-05
0.00074777465
2.5023721e-05
0.00074778773
2.578663e-05
0.00074779938
2.6577937e-05
0.00074780977
2.7399362e-05
0.00074781886
2.8249819e-05
0.00074782671
2.9130719e-05
0.00074783343
3.0044359e-05
0.00074783908
3.0991694e-05
0.00074784369
3.1972662e-05
0.0007478473
3.2988917e-05
0.00074785002
3.4042968e-05
0.00074785186
3.5134809e-05
0.00074785283
3.6265239e-05
0.00074785292
3.7436042e-05
0.00074785209
3.8649902e-05
0.00074785012
3.9906008e-05
0.00074784665
4.1207407e-05
0.00074784097
4.2554723e-05
0.00074783155
4.3950326e-05
0.00074781529
4.5393365e-05
0.00074778433
4.6887365e-05
0.00074771908
4.8427439e-05
0.00074756107
5.0012749e-05
0.00074715594
5.1619722e-05
0.00074614392
5.3195512e-05
0.00074400862
5.4579564e-05
0.00074050318
5.5471014e-05
0.00073596574
5.555041e-05
0.00073097496
5.4905344e-05
0.00072588144
5.3847485e-05
0.0007207352
5.2680119e-05
0.0007155327
5.1458815e-05
0.0007102551
5.0165159e-05
0.00070491876
4.8825729e-05
0.00069963192
4.7382751e-05
0.00069445622
4.5909989e-05
0.00068944542
4.4450482e-05
0.0006846299
4.3031858e-05
0.00068002031
4.1683291e-05
0.00067561589
4.0413796e-05
0.0006714099
3.9225756e-05
0.0006673895
3.8119927e-05
0.00066354115
3.7095325e-05
0.00065985181
3.6140441e-05
0.00065630872
3.5256864e-05
0.00065290112
3.4428799e-05
0.00064961835
3.3661644e-05
0.00064645175
3.2940539e-05
0.00064339237
3.2273416e-05
0.00064043305
3.164244e-05
0.00063756523
3.1059712e-05
0.00063478234
3.0503375e-05
0.00063207398
2.9992252e-05
0.00062943451
2.9500071e-05
0.00062685526
2.9045332e-05
0.00062433344
2.8601553e-05
0.00062186429
2.8189866e-05
0.00061944593
2.7789129e-05
0.00061707568
2.7407995e-05
0.0006147465
2.707985e-05
0.00061247258
2.6608236e-05
0.00061018445
2.6955717e-05
0.00060809386
2.4561465e-05
0.00060547432
3.1150877e-05
2.1141736e-05
0.00078759582
6.2578055e-06
0.00078778603
7.8475633e-06
0.00078805157
9.2396066e-06
0.00078831026
1.0116074e-05
0.00078850193
1.0452555e-05
0.00078861557
1.0506652e-05
0.0007886781
1.0596633e-05
0.00078872557
1.090036e-05
0.00078877917
1.1406054e-05
0.00078884239
1.2007041e-05
0.00078891147
1.2619527e-05
0.00078898265
1.3216468e-05
0.0007890534
1.379769e-05
0.00078912209
1.4364644e-05
0.00078918755
1.4916058e-05
0.00078924899
1.5452648e-05
0.00078930613
1.5979276e-05
0.00078935919
1.6502874e-05
0.0007894084
1.7027726e-05
0.00078945383
1.7555198e-05
0.00078949563
1.8087586e-05
0.00078953386
1.8627658e-05
0.00078956887
1.9180025e-05
0.0007896011
1.9748878e-05
0.00078963079
2.0335164e-05
0.00078965809
2.0939045e-05
0.00078968302
2.1560499e-05
0.00078970575
2.220226e-05
0.00078972649
2.2867189e-05
0.00078974542
2.3556481e-05
0.00078976264
2.4270396e-05
0.00078977812
2.5008243e-05
0.00078979201
2.5772746e-05
0.00078980438
2.656556e-05
0.00078981541
2.7388335e-05
0.00078982506
2.824017e-05
0.0007898334
2.9122378e-05
0.00078984054
3.0037215e-05
0.00078984656
3.0985674e-05
0.00078985148
3.1967751e-05
0.00078985535
3.2985046e-05
0.0007898583
3.4040016e-05
0.00078986036
3.513275e-05
0.00078986156
3.6264037e-05
0.00078986195
3.7435646e-05
0.00078986162
3.8650235e-05
0.00078986048
3.9907151e-05
0.00078985849
4.1209395e-05
0.00078985545
4.2557765e-05
0.00078985096
4.3954813e-05
0.00078984415
4.5400179e-05
0.00078983327
4.6898239e-05
0.00078981443
4.844628e-05
0.00078977784
5.004934e-05
0.00078969703
5.1700534e-05
0.00078949495
5.3397591e-05
0.00078896582
5.5108695e-05
0.00078767405
5.6762786e-05
0.0007850838
5.8140658e-05
0.00078108324
5.8905903e-05
0.00077615922
5.877151e-05
0.00077089146
5.7947879e-05
0.00076556064
5.6789634e-05
0.0007601779
5.5547894e-05
0.00075472249
5.4281138e-05
0.00074918769
5.2917557e-05
0.00074361342
5.1484254e-05
0.00073810194
4.9961966e-05
0.00073272115
4.8412644e-05
0.00072751958
4.688486e-05
0.00072252408
4.5409294e-05
0.00071774529
4.400455e-05
0.00071317826
4.2686961e-05
0.00070881424
4.1459346e-05
0.00070464066
4.0314021e-05
0.00070064322
3.9254304e-05
0.00069680898
3.8263032e-05
0.00069312461
3.7346018e-05
0.00068957904
3.648611e-05
0.00068616139
3.5691067e-05
0.00068286308
3.4940745e-05
0.00067967494
3.4247856e-05
0.00067658973
3.3588584e-05
0.0006735982
3.2983784e-05
0.00067069398
3.2404286e-05
0.00066786557
3.1873746e-05
0.00066510806
3.1359055e-05
0.00066241214
3.0885788e-05
0.00065977494
3.042633e-05
0.00065719329
2.9989643e-05
0.00065465927
2.9613875e-05
0.00065218821
2.9079293e-05
0.00064970466
2.9439272e-05
0.00064743607
2.6830049e-05
0.0006445994
3.3987549e-05
2.304193e-05
0.00083190084
6.1868211e-06
0.0008320828
7.6655949e-06
0.00083233805
8.9843133e-06
0.00083259173
9.8623758e-06
0.00083278543
1.0258881e-05
0.00083290588
1.0386206e-05
0.00083297642
1.0526098e-05
0.00083303048
1.0846299e-05
0.0008330889
1.134763e-05
0.00083315589
1.1940044e-05
0.00083322826
1.2547149e-05
0.00083330258
1.3142149e-05
0.00083337648
1.372379e-05
0.00083344834
1.4292789e-05
0.00083351694
1.4847451e-05
0.00083358148
1.5388119e-05
0.00083364161
1.5919144e-05
0.00083369751
1.6446967e-05
0.00083374942
1.6975814e-05
0.00083379739
1.7507228e-05
0.00083384156
1.8043417e-05
0.00083388202
1.8587198e-05
0.0008339191
1.9142946e-05
0.00083395324
1.9714739e-05
0.00083398469
2.0303712e-05
0.00083401362
2.0910112e-05
0.00083404005
2.1534071e-05
0.00083406415
2.2178156e-05
0.00083408616
2.2845184e-05
0.00083410624
2.3536401e-05
0.00083412451
2.4252122e-05
0.00083414094
2.4991814e-05
0.00083415568
2.5758008e-05
0.00083416882
2.6552416e-05
0.00083418053
2.7376628e-05
0.00083419078
2.8229917e-05
0.00083419965
2.9113511e-05
0.00083420725
3.0029619e-05
0.00083421365
3.0979268e-05
0.00083421889
3.1962519e-05
0.00083422302
3.2980911e-05
0.00083422618
3.4036851e-05
0.00083422842
3.5130518e-05
0.00083422976
3.6262693e-05
0.00083423029
3.743512e-05
0.00083423012
3.8650407e-05
0.00083422922
3.9908045e-05
0.00083422768
4.1210938e-05
0.00083422545
4.2559991e-05
0.00083422249
4.3957769e-05
0.00083421853
4.540414e-05
0.00083421318
4.690359e-05
0.00083420535
4.8454113e-05
0.00083419302
5.0061667e-05
0.00083417116
5.1722393e-05
0.00083412719
5.3441569e-05
0.0008340244
5.5211477e-05
0.00083375998
5.7027208e-05
0.00083305803
5.8842606e-05
0.00083140117
6.0562762e-05
0.0008282768
6.1895885e-05
0.00082375397
6.2470706e-05
0.00081844465
6.2098956e-05
0.00081290105
6.1091492e-05
0.00080732306
5.9859127e-05
0.00080168489
5.8555732e-05
0.00079595979
5.7209357e-05
0.0007901532
5.5768546e-05
0.00078433393
5.4231917e-05
0.00077859236
5.2626429e-05
0.00077300215
5.0999503e-05
0.00076760661
4.9400096e-05
0.00076242677
4.7866802e-05
0.00075747156
4.6414548e-05
0.00075273621
4.5049376e-05
0.00074820957
4.3780941e-05
0.00074387901
4.2593588e-05
0.00073972891
4.1496125e-05
0.0007357456
4.046942e-05
0.00073191546
3.9521208e-05
0.00072822755
3.8628655e-05
0.00072467073
3.7804674e-05
0.00072123642
3.7022894e-05
0.00071791491
3.6305294e-05
0.00071469918
3.5620012e-05
0.00071157925
3.4993683e-05
0.00070854926
3.4389045e-05
0.00070559633
3.3838711e-05
0.00070271531
3.3307351e-05
0.00069989876
3.2806192e-05
0.00069713743
3.2375213e-05
0.00069444811
3.1768606e-05
0.0006917485
3.2138881e-05
0.0006892835
2.9295056e-05
0.00068620827
3.7062775e-05
2.5100098e-05
0.00087869652
6.1154719e-06
0.00087887043
7.4916536e-06
0.0008791151
8.7396529e-06
0.00087936299
9.6144901e-06
0.00087955803
1.006384e-05
0.00087968494
1.0259298e-05
0.00087976347
1.0447571e-05
0.00087982433
1.0785436e-05
0.00087988781
1.1284155e-05
0.00087995878
1.1869071e-05
0.00088003463
1.2471305e-05
0.00088011222
1.3064557e-05
0.00088018937
1.3646633e-05
0.00088026451
1.4217654e-05
0.00088033638
1.477558e-05
0.00088040412
1.5320373e-05
0.00088046738
1.585589e-05
0.00088052627
1.6388076e-05
0.00088058101
1.6921075e-05
0.00088063165
1.7456584e-05
0.00088067832
1.7996746e-05
0.00088072113
1.8544389e-05
0.00088076039
1.9103683e-05
0.00088079656
1.9678579e-05
0.00088082988
2.0270389e-05
0.00088086054
2.0879455e-05
0.00088088856
2.1506047e-05
0.00088091413
2.2152589e-05
0.00088093747
2.2821839e-05
0.00088095878
2.3515096e-05
0.00088097816
2.4232736e-05
0.0008809956
2.4974373e-05
0.00088101125
2.574236e-05
0.00088102521
2.6538455e-05
0.00088103765
2.7364194e-05
0.00088104854
2.8219022e-05
0.00088105797
2.9104084e-05
0.00088106605
3.0021538e-05
0.00088107287
3.0972451e-05
0.00088107844
3.1956942e-05
0.00088108286
3.2976497e-05
0.00088108624
3.4033466e-05
0.00088108864
3.5128118e-05
0.00088109011
3.6261224e-05
0.00088109072
3.7434507e-05
0.00088109061
3.8650518e-05
0.00088108977
3.9908882e-05
0.00088108833
4.1212388e-05
0.00088108629
4.2562025e-05
0.00088108374
4.3960322e-05
0.00088108059
4.5407286e-05
0.00088107685
4.6907332e-05
0.00088107216
4.8458808e-05
0.00088106609
5.0067728e-05
0.00088105735
5.1731136e-05
0.00088104348
5.3455437e-05
0.00088101786
5.5237103e-05
0.00088096393
5.7081141e-05
0.00088082977
5.8976761e-05
0.00088047609
6.0916446e-05
0.00087953467
6.2837298e-05
0.0008774088
6.4596585e-05
0.00087367595
6.5831799e-05
0.00086862374
6.6143707e-05
0.00086295447
6.5528393e-05
0.00085713799
6.4372215e-05
0.00085128794
6.3059406e-05
0.00084537238
6.168411e-05
0.00083936155
6.0242749e-05
0.00083327246
5.8715519e-05
0.00082720148
5.7070478e-05
0.00082122264
5.5378933e-05
0.00081541209
5.3677351e-05
0.00080981293
5.2013711e-05
0.00080444394
5.041837e-05
0.00079930874
4.8916142e-05
0.00079440228
4.7500044e-05
0.0007897101
4.6188309e-05
0.00078521818
4.4961339e-05
0.00078091055
4.3828831e-05
0.00077677347
4.2765742e-05
0.0007727929
4.1785244e-05
0.000768958
4.0857789e-05
0.00076525712
4.0006177e-05
0.00076168199
3.9195146e-05
0.00075822225
3.8453422e-05
0.00075487175
3.773954e-05
0.000751619
3.7091465e-05
0.00074845751
3.6468839e-05
0.00074537613
3.5887572e-05
0.00074236175
3.538959e-05
0.00073943014
3.4700222e-05
0.00073649097
3.5078047e-05
0.00073380866
3.1977371e-05
0.00073047069
4.040074e-05
2.7332665e-05
0.00092812284
6.0438951e-06
0.00092828891
7.325577e-06
0.00092852273
8.5058103e-06
0.00092876411
9.3730943e-06
0.00092895983
9.8681307e-06
0.00092909279
1.0126339e-05
0.00092917921
1.0361151e-05
0.00092924703
1.0717614e-05
0.00092931578
1.1215397e-05
0.00092939093
1.1793925e-05
0.00092947041
1.2391809e-05
0.00092955143
1.2983543e-05
0.00092963197
1.3566095e-05
0.0009297105
1.4139125e-05
0.00092978575
1.4700322e-05
0.00092985684
1.5249288e-05
0.00092992335
1.578938e-05
0.00092998536
1.6326063e-05
0.00093004306
1.686337e-05
0.00093009652
1.7403133e-05
0.00093014583
1.7947435e-05
0.00093019111
1.8499102e-05
0.00093023269
1.9062108e-05
0.00093027099
1.9640279e-05
0.00093030629
2.0235084e-05
0.00093033878
2.0846968e-05
0.00093036849
2.1476332e-05
0.00093039562
2.2125466e-05
0.00093042039
2.2797068e-05
0.00093044299
2.3492489e-05
0.00093046356
2.4212165e-05
0.00093048208
2.4955854e-05
0.0009304987
2.5725743e-05
0.00093051353
2.6523624e-05
0.00093052674
2.7350988e-05
0.00093053832
2.8207441e-05
0.00093054834
2.9094059e-05
0.00093055694
3.0012941e-05
0.0009305642
3.0965193e-05
0.00093057014
3.1950997e-05
0.00093057486
3.2971784e-05
0.00093057848
3.4029843e-05
0.00093058106
3.5125539e-05
0.00093058265
3.625963e-05
0.00093058334
3.7433817e-05
0.00093058327
3.8650593e-05
0.00093058244
3.9909712e-05
0.00093058098
4.1213849e-05
0.00093057894
4.2564065e-05
0.00093057642
4.3962839e-05
0.00093057342
4.5410286e-05
0.00093057005
4.6910698e-05
0.00093056619
4.8462672e-05
0.00093056185
5.0072067e-05
0.00093055661
5.1736376e-05
0.00093054998
5.3462064e-05
0.00093054038
5.5246709e-05
0.00093052481
5.7096705e-05
0.00093049423
5.900734e-05
0.00093042622
6.0984455e-05
0.00093024722
6.3016301e-05
0.00092976172
6.5082087e-05
0.00092849118
6.7102338e-05
0.00092577872
6.8856166e-05
0.00092138345
6.9923657e-05
0.00091582191
6.9933763e-05
0.00090980737
6.9073942e-05
0.00090370715
6.7784332e-05
0.00089756827
6.6381628e-05
0.000891362
6.4921787e-05
0.00088505399
6.3378484e-05
0.0008786629
6.1770029e-05
0.00087231678
6.0023467e-05
0.0008660939
5.8236596e-05
0.00086006164
5.6450632e-05
0.00085425728
5.4720501e-05
0.00084869794
5.3059382e-05
0.0008433803
5.1505943e-05
0.00083829753
5.0044112e-05
0.00083343452
4.8691839e-05
0.00082877621
4.7424054e-05
0.00082430604
4.6255411e-05
0.00082001033
4.5153507e-05
0.00081587423
4.4142276e-05
0.0008118873
4.3182069e-05
0.00080803721
4.2303511e-05
0.00080431683
4.1459922e-05
0.00080071424
4.0694057e-05
0.00079722346
3.9959619e-05
0.000793834
3.9277032e-05
0.0007905298
3.8693794e-05
0.00078732665
3.7903363e-05
0.00078412103
3.8283669e-05
0.00078119769
3.4900709e-05
0.0007775696
4.4028839e-05
2.9758519e-05
0.00098032748
5.9722692e-06
0.00098048605
7.167016e-06
0.00098070897
8.2828759e-06
0.00098094321
9.1388578e-06
0.00098113885
9.6724833e-06
0.00098127736
9.9878292e-06
0.00098137151
1.0267007e-05
0.00098144638
1.0642744e-05
0.00098152061
1.1141173e-05
0.00098160011
1.1714424e-05
0.00098168341
1.2308509e-05
0.00098176798
1.2898967e-05
0.00098185202
1.3482062e-05
0.00098193405
1.405709e-05
0.00098201281
1.4621562e-05
0.00098208736
1.5174735e-05
0.00098215726
1.5719483e-05
0.00098222253
1.6260792e-05
0.00098228334
1.6802562e-05
0.00098233974
1.7346734e-05
0.00098239182
1.789535e-05
0.00098243972
1.8451203e-05
0.00098248373
1.9018093e-05
0.0009825243
1.9599715e-05
0.0009825617
2.019768e-05
0.00098259613
2.0812542e-05
0.00098262764
2.1444822e-05
0.00098265641
2.2096693e-05
0.0009826827
2.2770784e-05
0.00098270669
2.3468498e-05
0.00098272851
2.4190336e-05
0.00098274818
2.4936189e-05
0.00098276583
2.5708095e-05
0.00098278159
2.6507866e-05
0.00098279562
2.7336958e-05
0.00098280793
2.8195129e-05
0.00098281859
2.9083395e-05
0.00098282774
3.0003792e-05
0.00098283547
3.0957464e-05
0.00098284181
3.1944657e-05
0.00098284685
3.2966748e-05
0.00098285072
3.4025966e-05
0.0009828535
3.5122766e-05
0.00098285523
3.6257901e-05
0.000982856
3.7433043e-05
0.00098285596
3.8650631e-05
0.00098285513
3.9910546e-05
0.00098285363
4.1215349e-05
0.00098285152
4.2566168e-05
0.00098284893
4.3965429e-05
0.00098284587
4.5413349e-05
0.0009828425
4.6914075e-05
0.00098283874
4.8466428e-05
0.00098283476
5.0076044e-05
0.00098283039
5.1740751e-05
0.00098282563
5.3466823e-05
0.00098282001
5.525233e-05
0.00098281296
5.7103748e-05
0.00098280248
5.9017826e-05
0.00098278477
6.1002164e-05
0.00098274769
6.305338e-05
0.00098265867
6.5171104e-05
0.00098241407
6.7346941e-05
0.00098173013
6.9540109e-05
0.00098001115
7.1642635e-05
0.00097660911
7.3335806e-05
0.00097152754
7.4155507e-05
0.00096547447
7.3837401e-05
0.00095912512
7.2730985e-05
0.00095273345
7.131346e-05
0.000946292
6.9819934e-05
0.00093975703
6.8304998e-05
0.00093311696
6.6663532e-05
0.00092642754
6.4926018e-05
0.00091980702
6.3071153e-05
0.00091334024
6.118728e-05
0.00090708578
5.931384e-05
0.00090107246
5.7519263e-05
0.0008953158
5.5800772e-05
0.0008898104
5.4197239e-05
0.00088454614
5.268832e-05
0.00087950722
5.1294324e-05
0.0008746779
4.9982827e-05
0.00087004002
4.8780158e-05
0.00086558032
4.7641773e-05
0.00086128317
4.6600656e-05
0.00085713938
4.5603712e-05
0.00085313504
4.4698395e-05
0.00084926383
4.3830835e-05
0.00084551425
4.3026607e-05
0.00084187118
4.2336871e-05
0.0008383531
4.1421436e-05
0.00083484317
4.1793606e-05
0.00083165181
3.809207e-05
0.00082770242
4.7978226e-05
3.239956e-05
0.0010354666
5.9007817e-06
0.001035618
7.0156881e-06
0.00103583
8.070822e-06
0.0010360566
8.912294e-06
0.0010362514
9.4776518e-06
0.0010363949
9.8443322e-06
0.0010364965
1.0165394e-05
0.0010365785
1.0560788e-05
0.0010366583
1.1061312e-05
0.0010367424
1.1630397e-05
0.0010368296
1.2221233e-05
0.0010369179
1.281068e-05
0.0010370056
1.3394406e-05
0.0010370912
1.3971435e-05
0.0010371736
1.4539178e-05
0.0010372518
1.5096589e-05
0.0010373252
1.5646062e-05
0.0010373939
1.6192121e-05
0.0010374579
1.6738506e-05
0.0010375174
1.7287246e-05
0.0010375724
1.7840345e-05
0.0010376231
1.8400554e-05
0.0010376696
1.8971502e-05
0.0010377126
1.9556759e-05
0.0010377522
2.0158055e-05
0.0010377887
2.0776061e-05
0.0010378221
2.1411408e-05
0.0010378526
2.2066166e-05
0.0010378805
2.2742893e-05
0.001037906
2.3443038e-05
0.0010379292
2.4167168e-05
0.00103795
2.4915305e-05
0.0010379688
2.5689348e-05
0.0010379855
2.649112e-05
0.0010380004
2.7322049e-05
0.0010380135
2.8182038e-05
0.0010380249
2.9072048e-05
0.0010380346
2.9994053e-05
0.0010380429
3.0949232e-05
0.0010380496
3.1937893e-05
0.001038055
3.2961365e-05
0.0010380592
3.4021814e-05
0.0010380621
3.5119784e-05
0.001038064
3.6256024e-05
0.0010380649
3.7432177e-05
0.0010380649
3.8650629e-05
0.001038064
3.9911383e-05
0.0010380625
4.1216892e-05
0.0010380603
4.2568348e-05
0.0010380576
4.3968122e-05
0.0010380544
4.5416533e-05
0.0010380509
4.6917575e-05
0.0010380471
4.8470291e-05
0.0010380431
5.0080067e-05
0.0010380388
5.1745042e-05
0.0010380344
5.3471223e-05
0.0010380297
5.5257024e-05
0.0010380247
5.7108737e-05
0.0010380188
5.9023687e-05
0.0010380114
6.1009581e-05
0.0010380001
6.3064715e-05
0.0010379794
6.5191792e-05
0.0010379332
6.7393089e-05
0.0010378117
6.9661634e-05
0.0010374664
7.198799e-05
0.0010364949
7.4307242e-05
0.0010341895
7.6460964e-05
0.0010300039
7.8022982e-05
0.0010242437
7.8491214e-05
0.0010177249
7.7832259e-05
0.0010110379
7.650693e-05
0.0010043385
7.5004394e-05
0.00099756972
7.3432277e-05
0.00099068919
7.180655e-05
0.00098370805
7.0052291e-05
0.00097671865
6.8176677e-05
0.00096981889
6.6213597e-05
0.00096309846
6.4239694e-05
0.00095661358
6.2285658e-05
0.00095038707
6.042374e-05
0.00094442828
5.864711e-05
0.00093873089
5.6991719e-05
0.00093328147
5.5432249e-05
0.0009280613
5.4000328e-05
0.00092305513
5.2647947e-05
0.00091824359
5.1412188e-05
0.00091361455
5.0232757e-05
0.00090915082
4.916212e-05
0.0009048444
4.8137258e-05
0.00090068131
4.7189698e-05
0.00089664704
4.6371144e-05
0.00089275868
4.5309795e-05
0.0008888953
4.5656987e-05
0.00088539726
4.1590107e-05
0.00088108274
5.2292747e-05
3.528142e-05
0.0010937053
5.8296905e-06
0.0010938495
6.8714523e-06
0.0010940509
7.8694428e-06
0.0010942693
8.6938365e-06
0.0010944626
9.2843845e-06
0.0010946105
9.6964874e-06
0.0010947192
1.005664e-05
0.0010948082
1.0471786e-05
0.0010948938
1.0975699e-05
0.0010949825
1.1541693e-05
0.0010950739
1.2129843e-05
0.0010951661
1.2718545e-05
0.0010952575
1.3303011e-05
0.0010953468
1.388205e-05
0.001095433
1.4453057e-05
0.0010955148
1.5014723e-05
0.0010955919
1.5568985e-05
0.0010956641
1.6119909e-05
0.0010957316
1.6671058e-05
0.0010957943
1.7224521e-05
0.0010958524
1.7782275e-05
0.0010959059
1.8347007e-05
0.0010959552
1.8922194e-05
0.0010960007
1.9511273e-05
0.0010960427
2.011608e-05
0.0010960813
2.0737404e-05
0.0010961168
2.1375976e-05
0.0010961491
2.2033779e-05
0.0010961787
2.2713293e-05
0.0010962058
2.3416014e-05
0.0010962304
2.4142576e-05
0.0010962525
2.4893123e-05
0.0010962725
2.5669431e-05
0.0010962903
2.6473322e-05
0.0010963061
2.7306205e-05
0.00109632
2.8168115e-05
0.0010963321
2.9059972e-05
0.0010963425
2.9983684e-05
0.0010963512
3.094046e-05
0.0010963585
3.1930675e-05
0.0010963642
3.295561e-05
0.0010963687
3.4017367e-05
0.0010963719
3.5116574e-05
0.0010963739
3.6253984e-05
0.0010963749
3.7431209e-05
0.0010963749
3.8650579e-05
0.0010963741
3.991222e-05
0.0010963725
4.1218479e-05
0.0010963702
4.2570608e-05
0.0010963674
4.3970927e-05
0.0010963641
4.5419856e-05
0.0010963605
4.6921231e-05
0.0010963564
4.8474321e-05
0.0010963522
5.0084253e-05
0.0010963478
5.174947e-05
0.0010963433
5.3475697e-05
0.0010963387
5.5261644e-05
0.0010963341
5.711336e-05
0.0010963292
5.902854e-05
0.0010963241
6.1014681e-05
0.0010963182
6.3070632e-05
0.0010963104
6.5199585e-05
0.0010962981
6.7405457e-05
0.0010962731
6.968655e-05
0.001096213
7.2048094e-05
0.0010960413
7.4479031e-05
0.0010955422
7.695998e-05
0.0010941634
7.9401805e-05
0.0010911147
8.1539903e-05
0.0010860748
8.2872228e-05
0.0010796631
8.291858e-05
0.0010727281
8.1939361e-05
0.0010657096
8.0450791e-05
0.0010586707
7.8845471e-05
0.001051556
7.7167005e-05
0.0010443166
7.5416115e-05
0.0010369733
7.3556813e-05
0.0010296625
7.1550547e-05
0.0010224791
6.9468994e-05
0.0010155027
6.7400144e-05
0.0010087842
6.5365696e-05
0.0010023427
6.3433196e-05
0.00099617937
6.1595566e-05
0.0009902837
5.9895989e-05
0.00098464273
5.8288925e-05
0.00097923509
5.681982e-05
0.0009740463
5.5421551e-05
0.0009690553
5.4153122e-05
0.00096425103
5.2941528e-05
0.00095961572
5.1825003e-05
0.00095513431
5.0852558e-05
0.00095081912
4.9624987e-05
0.00094654991
4.992619e-05
0.0009426901
4.5449921e-05
0.00093794793
5.7034914e-05
3.8435912e-05
0.0011552175
5.7592118e-06
0.0011553549
6.7340409e-06
0.0011555458
7.6784685e-06
0.0011557559
8.4837751e-06
0.0011559469
9.0934119e-06
0.0011560984
9.5449923e-06
0.0011562138
9.9411664e-06
0.0011563098
1.0375845e-05
0.0011564012
1.0884254e-05
0.0011564947
1.1448185e-05
0.0011565904
1.2034197e-05
0.0011566865
1.2622429e-05
0.0011567817
1.3207754e-05
0.001156875
1.3788824e-05
0.0011569649
1.4363082e-05
0.0011570506
1.4929015e-05
0.0011571315
1.5488118e-05
0.0011572074
1.6044011e-05
0.0011572784
1.6600068e-05
0.0011573445
1.7158409e-05
0.0011574058
1.7720985e-05
0.0011574624
1.8290415e-05
0.0011575145
1.8870021e-05
0.0011575627
1.9463115e-05
0.0011576072
2.0071621e-05
0.0011576481
2.0696441e-05
0.0011576857
2.1338405e-05
0.0011577201
2.1999417e-05
0.0011577515
2.268188e-05
0.0011577802
2.338733e-05
0.0011578063
2.411647e-05
0.0011578298
2.4869561e-05
0.001157851
2.5648268e-05
0.0011578699
2.6454404e-05
0.0011578868
2.7289362e-05
0.0011579016
2.8153305e-05
0.0011579144
2.9047118e-05
0.0011579255
2.997264e-05
0.0011579348
3.0931111e-05
0.0011579425
3.192297e-05
0.0011579487
3.2949455e-05
0.0011579534
3.4012601e-05
0.0011579569
3.511312e-05
0.0011579591
3.6251768e-05
0.0011579602
3.7430128e-05
0.0011579603
3.8650474e-05
0.0011579595
3.9913052e-05
0.0011579578
4.1220107e-05
0.0011579555
4.257295e-05
0.0011579526
4.3973848e-05
0.0011579491
4.5423323e-05
0.0011579453
4.6925055e-05
0.0011579411
4.8478535e-05
0.0011579367
5.0088636e-05
0.0011579321
5.1754098e-05
0.0011579274
5.348036e-05
0.0011579226
5.5266423e-05
0.0011579179
5.7118068e-05
0.0011579131
5.9033324e-05
0.0011579084
6.1019386e-05
0.0011579036
6.3075444e-05
0.0011578985
6.5204702e-05
0.0011578926
6.7411353e-05
0.0011578844
6.9694746e-05
0.0011578705
7.2061953e-05
0.0011578394
7.4510149e-05
0.0011577572
7.7042208e-05
0.0011575093
7.9649714e-05
0.0011567682
8.228098e-05
0.0011548199
8.4820553e-05
0.0011508815
8.6856942e-05
0.0011449688
8.7852049e-05
0.0011379601
8.7459475e-05
0.001130637
8.6168591e-05
0.0011232799
8.4524139e-05
0.0011158784
8.2817597e-05
0.0011083745
8.1060743e-05
0.0011007439
7.9181142e-05
0.0010930421
7.7170732e-05
0.0010854058
7.5036524e-05
0.0010779396
7.283191e-05
0.0010707086
7.066418e-05
0.0010637532
6.8550916e-05
0.0010570884
6.6560778e-05
0.0010507144
6.4662978e-05
0.0010446145
6.2919668e-05
0.0010387763
6.125978e-05
0.0010331757
5.9753687e-05
0.0010277984
5.8318827e-05
0.0010226222
5.7001227e-05
0.00101763
5.584473e-05
0.0010128279
5.4427106e-05
0.0010080957
5.4658443e-05
0.0010038134
4.9732173e-05
0.00099857313
6.2275204e-05
4.1902724e-05
0.0012201872
5.6895313e-06
0.001220318
6.6031834e-06
0.0012204989
7.4975803e-06
0.0012207004
8.2822969e-06
0.0012208884
8.9054188e-06
0.0012210428
9.3905968e-06
0.0012211645
9.8194685e-06
0.0012212672
1.0273156e-05
0.0012213645
1.0786962e-05
0.0012214629
1.134978e-05
0.0012215629
1.1934191e-05
0.0012216631
1.2522215e-05
0.0012217623
1.3108528e-05
0.0012218595
1.3691655e-05
0.0012219534
1.426915e-05
0.0012220431
1.4839347e-05
0.0012221279
1.5403333e-05
0.0012222076
1.5964292e-05
0.0012222823
1.652539e-05
0.0012223519
1.7088759e-05
0.0012224166
1.7656325e-05
0.0012224764
1.8230623e-05
0.0012225315
1.8814833e-05
0.0012225825
1.941214e-05
0.0012226296
2.0024537e-05
0.001222673
2.065304e-05
0.0012227128
2.1298569e-05
0.0012227493
2.1962961e-05
0.0012227826
2.2648541e-05
0.0012228131
2.3356882e-05
0.0012228408
2.4088755e-05
0.0012228658
2.484453e-05
0.0012228883
2.5625778e-05
0.0012229084
2.6434291e-05
0.0012229263
2.7271455e-05
0.0012229421
2.8137549e-05
0.0012229558
2.9033433e-05
0.0012229675
2.9960876e-05
0.0012229775
3.0921145e-05
0.0012229857
3.1914743e-05
0.0012229923
3.294287e-05
0.0012229974
3.4007491e-05
0.0012230012
3.5109399e-05
0.0012230036
3.624936e-05
0.0012230048
3.7428921e-05
0.0012230049
3.8650305e-05
0.0012230041
3.9913872e-05
0.0012230025
4.1221772e-05
0.001223
4.2575374e-05
0.001222997
4.3976885e-05
0.0012229934
4.5426937e-05
0.0012229894
4.6929053e-05
0.001222985
4.8482943e-05
0.0012229804
5.0093229e-05
0.0012229755
5.1758944e-05
0.0012229706
5.3485248e-05
0.0012229657
5.5271421e-05
0.0012229607
5.7122982e-05
0.0012229558
5.9038278e-05
0.001222951
6.1024183e-05
0.0012229462
6.3080181e-05
0.0012229416
6.5209382e-05
0.0012229369
6.7416027e-05
0.0012229319
6.9699779e-05
0.001222926
7.2067824e-05
0.0012229173
7.4518803e-05
0.0012229011
7.7058464e-05
0.0012228611
7.9689676e-05
0.0012227423
8.2399762e-05
0.0012223723
8.5190569e-05
0.0012212623
8.7966991e-05
0.0012185549
9.0559466e-05
0.0012136188
9.2395555e-05
0.001206872
9.2915323e-05
0.0011993156
9.2080625e-05
0.001191597
9.0536173e-05
0.0011838824
8.8775358e-05
0.0011760964
8.6967128e-05
0.0011681777
8.5089445e-05
0.0011601388
8.3075354e-05
0.001152084
8.0886777e-05
0.0011441208
7.8627304e-05
0.0011363616
7.6310204e-05
0.0011288666
7.4055691e-05
0.0011216709
7.1858727e-05
0.0011147782
6.9812323e-05
0.001108189
6.7849045e-05
0.0011018809
6.6061788e-05
0.0010958393
6.4360397e-05
0.0010900389
6.2801649e-05
0.00108446
6.1423643e-05
0.001079102
5.9785074e-05
0.0010738416
5.991885e-05
0.0010690751
5.4498645e-05
0.0010632639
6.808639e-05
4.5728159e-05
0.0012888087
5.6208427e-06
0.0012889333
6.4785864e-06
0.0012891045
7.3264033e-06
0.0012892973
8.0894667e-06
0.0012894817
8.7210245e-06
0.0012896382
9.234078e-06
0.0012897656
9.6921215e-06
0.0012898748
1.0163981e-05
0.0012899779
1.0683858e-05
0.0012900812
1.1246418e-05
0.0012901857
1.182973e-05
0.0012902901
1.2417796e-05
0.0012903934
1.3005226e-05
0.0012904946
1.3590444e-05
0.0012905926
1.4171155e-05
0.0012906863
1.4745602e-05
0.0012907752
1.5314499e-05
0.0012908589
1.5880608e-05
0.0012909374
1.6446875e-05
0.0012910107
1.7015417e-05
0.0012910789
1.7588134e-05
0.0012911421
1.8167473e-05
0.0012912004
1.8756472e-05
0.0012912544
1.9358194e-05
0.0012913042
1.997468e-05
0.0012913502
2.0607059e-05
0.0012913924
2.1256334e-05
0.0012914311
2.1924285e-05
0.0012914665
2.2613159e-05
0.0012914988
2.332456e-05
0.0012915282
2.405933e-05
0.0012915548
2.4817937e-05
0.0012915787
2.5601875e-05
0.0012916001
2.6412907e-05
0.0012916192
2.7252413e-05
0.0012916359
2.8120783e-05
0.0012916505
2.9018859e-05
0.001291663
2.9948341e-05
0.0012916737
3.0910518e-05
0.0012916824
3.1905957e-05
0.0012916895
3.2935822e-05
0.001291695
3.4002011e-05
0.001291699
3.5105391e-05
0.0012917016
3.624674e-05
0.0012917029
3.7427575e-05
0.0012917032
3.8650062e-05
0.0012917024
3.9914676e-05
0.0012917007
4.1223472e-05
0.0012916982
4.2577877e-05
0.001291695
4.3980042e-05
0.0012916913
4.5430703e-05
0.0012916871
4.6933232e-05
0.0012916825
4.8487551e-05
0.0012916777
5.009804e-05
0.0012916726
5.1764019e-05
0.0012916675
5.3490374e-05
0.0012916622
5.5276661e-05
0.0012916571
5.7128136e-05
0.0012916519
5.9043462e-05
0.0012916469
6.1029192e-05
0.001291642
6.308509e-05
0.0012916372
6.5214152e-05
0.0012916326
6.7420616e-05
0.0012916281
6.9704327e-05
0.0012916236
7.2072312e-05
0.0012916187
7.4523658e-05
0.0012916128
7.7064385e-05
0.0012916037
7.9698787e-05
0.0012915836
8.241981e-05
0.0012915291
8.5245101e-05
0.0012913493
8.8146766e-05
0.0012907842
9.1124626e-05
0.0012891407
9.4038978e-05
0.0012854677
9.6588335e-05
0.0012794623
9.808603e-05
0.00127194
9.8058491e-05
0.0012639057
9.6809666e-05
0.0012558028
9.5070023e-05
0.0012476907
9.3201508e-05
0.0012394949
9.1271172e-05
0.0012311502
8.9231454e-05
0.0012226798
8.7097767e-05
0.0012142461
8.4743871e-05
0.001205954
8.2347789e-05
0.001197903
7.9909739e-05
0.0011901424
7.7572928e-05
0.001182705
7.5286493e-05
0.0011755825
7.3184247e-05
0.0011687707
7.1172182e-05
0.0011622461
6.9326241e-05
0.0011559882
6.7681606e-05
0.0011499911
6.5782099e-05
0.0011441255
6.5784499e-05
0.001138806
5.9818171e-05
0.0011323442
7.4548176e-05
4.9964544e-05
0.0013612875
5.553322e-06
0.0013614061
6.3599948e-06
0.0013615679
7.1645106e-06
0.0013617522
7.9052524e-06
0.0013619324
8.5407745e-06
0.0013620903
9.0762293e-06
0.0013622226
9.5597708e-06
0.0013623379
1.0048669e-05
0.0013624467
1.0575048e-05
0.0013625551
1.1138086e-05
0.001362664
1.172076e-05
0.0013627727
1.2309095e-05
0.0013628802
1.289776e-05
0.0013629855
1.3485104e-05
0.0013630877
1.4069006e-05
0.0013631856
1.4647679e-05
0.0013632786
1.5221501e-05
0.0013633664
1.5792828e-05
0.0013634489
1.6364379e-05
0.0013635261
1.6938233e-05
0.0013635979
1.7516258e-05
0.0013636646
1.8100807e-05
0.0013637263
1.8694781e-05
0.0013637834
1.930112e-05
0.0013638361
1.9921901e-05
0.0013638849
2.0558355e-05
0.0013639296
2.1211563e-05
0.0013639707
2.1883257e-05
0.0013640082
2.2575611e-05
0.0013640425
2.3290251e-05
0.0013640738
2.4028088e-05
0.001364102
2.4789686e-05
0.0013641274
2.5576469e-05
0.0013641501
2.6390169e-05
0.0013641704
2.7232163e-05
0.0013641882
2.8102942e-05
0.0013642038
2.9003338e-05
0.0013642171
2.9934983e-05
0.0013642285
3.0899184e-05
0.0013642378
3.1896571e-05
0.0013642454
3.2928276e-05
0.0013642513
3.3996132e-05
0.0013642556
3.5101071e-05
0.0013642584
3.6243891e-05
0.0013642599
3.7426074e-05
0.0013642603
3.8649734e-05
0.0013642595
3.9915454e-05
0.0013642577
4.1225204e-05
0.0013642552
4.2580459e-05
0.0013642519
4.398332e-05
0.001364248
4.5434624e-05
0.0013642436
4.6937596e-05
0.0013642388
4.8492366e-05
0.0013642337
5.0103079e-05
0.0013642284
5.1769333e-05
0.0013642231
5.3495749e-05
0.0013642176
5.5282152e-05
0.0013642122
5.7133543e-05
0.0013642067
5.9048897e-05
0.0013642015
6.1034446e-05
0.0013641963
6.309023e-05
0.0013641914
6.5219133e-05
0.0013641866
6.7425373e-05
0.001364182
6.9708959e-05
0.0013641776
7.2076701e-05
0.0013641733
7.4527976e-05
0.001364169
7.7068676e-05
0.0013641644
7.9703305e-05
0.0013641584
8.2425871e-05
0.0013641484
8.5255067e-05
0.0013641222
8.8172986e-05
0.0013640423
9.1204501e-05
0.0013637662
9.4315071e-05
0.0013628808
9.7473769e-05
0.0013604784
0.00010048846
0.0013556644
0.00010287251
0.0013486074
0.0001038666
0.0013403948
0.0001032826
0.0013319142
0.00010168214
0.0013234181
9.976731e-05
0.0013148784
9.777114e-05
0.0013062163
9.5759826e-05
0.0012974065
9.3553685e-05
0.0012885166
9.1237698e-05
0.0012797057
8.872068e-05
0.0012710872
8.6191433e-05
0.001262748
8.3625699e-05
0.0012547199
8.1212298e-05
0.0012470308
7.8861279e-05
0.0012396705
7.6686527e-05
0.0012326248
7.4727338e-05
0.0012258878
7.2519133e-05
0.0012193236
7.2348641e-05
0.0012133691
6.5772653e-05
0.0012061644
8.1752865e-05
5.4671681e-05
0.0014378401
5.4871304e-06
0.001437953
6.2471392e-06
0.001438106
7.0114488e-06
0.0014382817
7.72953e-06
0.0014384574
8.3651245e-06
0.0014386158
8.9178322e-06
0.0014387524
9.4231193e-06
0.0014388735
9.927641e-06
0.0014389878
1.04607e-05
0.0014391011
1.1024815e-05
0.0014392146
1.1607252e-05
0.0014393276
1.219605e-05
0.0014394393
1.2786053e-05
0.0014395489
1.3375554e-05
0.0014396553
1.3962617e-05
0.0014397575
1.4545475e-05
0.0014398547
1.512422e-05
0.0014399467
1.5700821e-05
0.0014400334
1.6277757e-05
0.0014401145
1.6857051e-05
0.0014401903
1.7440534e-05
0.0014402606
1.8030461e-05
0.0014403258
1.8629595e-05
0.0014403862
1.9240755e-05
0.001440442
1.986604e-05
0.0014404936
2.0506774e-05
0.0014405411
2.1164109e-05
0.0014405846
2.183974e-05
0.0014406244
2.2535766e-05
0.0014406608
2.3253832e-05
0.001440694
2.3994916e-05
0.001440724
2.475967e-05
0.001440751
2.5549463e-05
0.0014407752
2.636599e-05
0.0014407967
2.7210626e-05
0.0014408157
2.8083953e-05
0.0014408323
2.8986805e-05
0.0014408465
2.9920746e-05
0.0014408586
3.0887094e-05
0.0014408686
3.1886543e-05
0.0014408767
3.2920198e-05
0.001440883
3.3989823e-05
0.0014408877
3.5096415e-05
0.0014408908
3.6240792e-05
0.0014408924
3.7424404e-05
0.0014408929
3.864931e-05
0.0014408921
3.99162e-05
0.0014408904
4.1226962e-05
0.0014408877
4.2583117e-05
0.0014408843
4.398672e-05
0.0014408802
4.5438702e-05
0.0014408757
4.694215e-05
0.0014408706
4.8497394e-05
0.0014408654
5.0108353e-05
0.0014408598
5.1774893e-05
0.0014408542
5.3501383e-05
0.0014408484
5.5287905e-05
0.0014408427
5.7139216e-05
0.001440837
5.9054595e-05
0.0014408315
6.103996e-05
0.0014408261
6.309562e-05
0.0014408209
6.5224356e-05
0.0014408159
6.7430356e-05
0.0014408111
6.9713793e-05
0.0014408066
7.208125e-05
0.0014408022
7.453237e-05
0.001440798
7.7072843e-05
0.0014407941
7.9707235e-05
0.0014407899
8.2429985e-05
0.0014407857
8.525928e-05
0.0014407795
8.8179203e-05
0.0014407677
9.1216363e-05
0.0014407321
9.4350624e-05
0.0014406076
9.7598303e-05
0.0014401684
0.00010092761
0.0014387844
0.00010425657
0.0014353653
0.00010728568
0.0014292914
0.00010935643
0.0014212669
0.0001097067
0.0014124389
0.00010859531
0.0014035061
0.0001067039
0.0013945919
0.00010467407
0.0013855979
0.00010254768
0.0013764455
0.00010039013
0.0013671532
9.8012939e-05
0.0013578498
9.5494784e-05
0.0013486656
9.2809915e-05
0.0013397109
9.016702e-05
0.0013310729
8.7499331e-05
0.0013227746
8.4984824e-05
0.0013148261
8.2675791e-05
0.0013072333
8.0111984e-05
0.0012998598
7.9722136e-05
0.0012931708
7.2461615e-05
0.0012851125
8.9811164e-05
5.9920023e-05
0.0015186957
5.4223956e-06
0.001518803
6.1397593e-06
0.0015189477
6.8667533e-06
0.0015191152
7.5621018e-06
0.0015192859
8.1944411e-06
0.001519444
8.7596428e-06
0.0015195842
9.2829148e-06
0.0015197105
9.8013956e-06
0.0015198301
1.0341056e-05
0.0015199483
1.0906691e-05
0.0015200663
1.1489223e-05
0.0015201837
1.2078638e-05
0.0015202997
1.2670055e-05
0.0015204135
1.3261734e-05
0.0015205242
1.3851918e-05
0.0015206308
1.4438909e-05
0.0015207324
1.5022555e-05
0.0015208288
1.5604465e-05
0.0015209197
1.6186873e-05
0.001521005
1.6771726e-05
0.0015210847
1.7360807e-05
0.0015211589
1.7956273e-05
0.0015212278
1.8560749e-05
0.0015212916
1.9176936e-05
0.0015213507
1.9806937e-05
0.0015214053
2.045216e-05
0.0015214556
2.1113824e-05
0.0015215017
2.179359e-05
0.001521544
2.2493489e-05
0.0015215827
2.3215176e-05
0.0015216179
2.3959696e-05
0.0015216498
2.4727782e-05
0.0015216785
2.5520757e-05
0.0015217042
2.6340277e-05
0.0015217271
2.7187716e-05
0.0015217473
2.8063742e-05
0.0015217649
2.8969193e-05
0.0015217801
2.9905568e-05
0.001521793
3.0874195e-05
0.0015218037
3.1875826e-05
0.0015218124
3.2911545e-05
0.0015218192
3.3983051e-05
0.0015218242
3.5091394e-05
0.0015218275
3.623742e-05
0.0015218294
3.7422546e-05
0.0015218299
3.8648778e-05
0.0015218292
3.9916903e-05
0.0015218275
4.1228742e-05
0.0015218247
4.258585e-05
0.0015218212
4.3990241e-05
0.001521817
4.5442941e-05
0.0015218122
4.6946901e-05
0.001521807
4.8502641e-05
0.0015218014
5.011387e-05
0.0015217956
5.1780708e-05
0.0015217897
5.3507285e-05
0.0015217837
5.5293931e-05
0.0015217778
5.7145165e-05
0.0015217718
5.9060566e-05
0.001521766
6.1045746e-05
0.0015217603
6.3101274e-05
0.0015217549
6.5229835e-05
0.0015217496
6.7435584e-05
0.0015217446
6.9718861e-05
0.0015217398
7.2086015e-05
0.0015217352
7.4536956e-05
0.0015217309
7.707716e-05
0.0015217269
7.9711231e-05
0.0015217229
8.2433955e-05
0.0015217194
8.5262853e-05
0.0015217155
8.8183085e-05
0.0015217115
9.1220378e-05
0.0015217051
9.4356942e-05
0.00152169
9.7613435e-05
0.0015216373
0.00010098036
0.0015214353
0.00010445858
0.0015207171
0.00010800387
0.0015185871
0.00011148636
0.0015139095
0.00011438438
0.0015065415
0.0001159633
0.0014976442
0.00011560121
0.0014882882
0.00011402999
0.0014789136
0.00011192232
0.0014695298
0.0001097739
0.0014600469
0.00010749586
0.0014503935
0.00010514817
0.0014406012
0.00010260225
0.0014308539
9.9914336e-05
0.0014212979
9.705529e-05
0.0014120158
9.4266935e-05
0.0014030746
9.1616986e-05
0.0013945122
8.8674392e-05
0.0013862078
8.8026539e-05
0.0013786679
8.0001463e-05
0.0013696235
9.8855584e-05
6.579423e-05
0.001604096
5.3592086e-06
0.0016041982
6.0375915e-06
0.001604335
6.7299514e-06
0.0016044944
7.4027115e-06
0.0016046598
8.0289992e-06
0.0016048171
8.6023692e-06
0.0016049601
9.1399321e-06
0.001605091
9.670497e-06
0.0016052156
1.0216424e-05
0.0016053385
1.0783856e-05
0.0016054609
1.1366729e-05
0.0016055827
1.1956861e-05
0.001605703
1.2549737e-05
0.0016058212
1.3143596e-05
0.0016059362
1.3736851e-05
0.0016060472
1.4327902e-05
0.0016061534
1.491641e-05
0.0016062542
1.5503644e-05
0.0016063495
1.6091594e-05
0.0016064391
1.6682109e-05
0.001606523
1.7276919e-05
0.0016066012
1.7878079e-05
0.0016066739
1.8488075e-05
0.0016067413
1.9109491e-05
0.0016068038
1.9744423e-05
0.0016068616
2.0394349e-05
0.0016069149
2.1060548e-05
0.0016069638
2.1744656e-05
0.0016070087
2.2448635e-05
0.0016070497
2.3174149e-05
0.0016070871
2.3922301e-05
0.001607121
2.4693903e-05
0.0016071515
2.5490241e-05
0.0016071788
2.6312931e-05
0.0016072032
2.7163344e-05
0.0016072247
2.8042228e-05
0.0016072435
2.8950428e-05
0.0016072597
2.9889385e-05
0.0016072734
3.086043e-05
0.0016072849
3.1864372e-05
0.0016072942
3.2902276e-05
0.0016073014
3.3975779e-05
0.0016073069
3.5085979e-05
0.0016073105
3.623375e-05
0.0016073126
3.7420481e-05
0.0016073132
3.8648121e-05
0.0016073126
3.9917554e-05
0.0016073108
4.1230536e-05
0.001607308
4.2588654e-05
0.0016073044
4.3993884e-05
0.0016073
4.5447341e-05
0.001607295
4.6951851e-05
0.0016072895
4.8508113e-05
0.0016072838
5.0119637e-05
0.0016072777
5.1786787e-05
0.0016072715
5.3513465e-05
0.0016072652
5.5300238e-05
0.001607259
5.7151401e-05
0.0016072527
5.906682e-05
0.0016072466
6.1051813e-05
0.0016072407
6.31072e-05
0.001607235
6.5235581e-05
0.0016072295
6.7441068e-05
0.0016072242
6.9724174e-05
0.0016072192
7.2091015e-05
0.0016072144
7.4541762e-05
0.0016072098
7.708168e-05
0.0016072057
7.9715405e-05
0.0016072016
8.2438066e-05
0.0016071979
8.5266487e-05
0.0016071942
8.8186829e-05
0.0016071909
9.1223656e-05
0.0016071874
9.4360459e-05
0.0016071836
9.761726e-05
0.0016071768
0.00010098714
0.001607156
0.00010447932
0.0016070701
0.00010808977
0.0016067329
0.00011182358
0.0016055499
0.00011556742
0.0016023739
0.00011913924
0.0015962513
0.00012172386
0.0015876594
0.00012262186
0.0015780056
0.00012157614
0.0015681483
0.00011963116
0.0015583262
0.00011731804
0.0015484479
0.00011502648
0.001538405
0.00011264508
0.0015281979
0.00011012144
0.001517934
0.00010731917
0.0015077569
0.00010444409
0.0014978211
0.00010155279
0.0014882195
9.8275926e-05
0.0014788771
9.7368939e-05
0.0014703663
8.8512274e-05
0.0014601861
0.00010903578
7.23943e-05
0.0016942967
5.2976691e-06
0.0016943939
5.9403763e-06
0.0016945233
6.6005782e-06
0.0016946749
7.2510588e-06
0.0016948349
7.8689892e-06
0.0016949906
8.4466626e-06
0.0016951356
8.9949563e-06
0.0016952705
9.5355707e-06
0.0016953998
1.0087187e-05
0.0016955271
1.0656513e-05
0.001695654
1.1239875e-05
0.0016957801
1.183077e-05
0.0016959047
1.2425103e-05
0.0016960272
1.3021119e-05
0.0016961467
1.3617379e-05
0.0016962622
1.4212403e-05
0.0016963729
1.4805709e-05
0.0016964782
1.539826e-05
0.001696578
1.59918e-05
0.0016966721
1.6588065e-05
0.0016967603
1.718872e-05
0.0016968426
1.7795718e-05
0.0016969193
1.8411408e-05
0.0016969905
1.9038253e-05
0.0016970566
1.9678331e-05
0.0016971178
2.0333176e-05
0.0016971742
2.1004123e-05
0.0016972261
2.1692784e-05
0.0016972737
2.2401058e-05
0.0016973172
2.3130611e-05
0.0016973569
2.3882602e-05
0.0016973929
2.4657913e-05
0.0016974253
2.5457805e-05
0.0016974544
2.6283849e-05
0.0016974803
2.7137416e-05
0.0016975033
2.8019324e-05
0.0016975232
2.8930433e-05
0.0016975405
2.9872128e-05
0.0016975552
3.0845738e-05
0.0016975674
3.1852126e-05
0.0016975774
3.2892344e-05
0.0016975852
3.3967967e-05
0.001697591
3.5080137e-05
0.001697595
3.6229756e-05
0.0016975973
3.7418186e-05
0.0016975981
3.8647324e-05
0.0016975975
3.991814e-05
0.0016975957
4.1232335e-05
0.0016975929
4.2591523e-05
0.0016975891
4.3997647e-05
0.0016975845
4.5451905e-05
0.0016975794
4.6957004e-05
0.0016975737
4.8513815e-05
0.0016975677
5.0125662e-05
0.0016975613
5.1793137e-05
0.0016975548
5.3519932e-05
0.0016975482
5.5306837e-05
0.0016975417
5.7157934e-05
0.0016975352
5.9073368e-05
0.0016975288
6.1058173e-05
0.0016975226
6.311341e-05
0.0016975166
6.5241603e-05
0.0016975108
6.7446819e-05
0.0016975052
6.9729743e-05
0.0016975
7.2096258e-05
0.001697495
7.4546799e-05
0.0016974902
7.708642e-05
0.0016974858
7.971978e-05
0.0016974815
8.2442365e-05
0.0016974777
8.5270285e-05
0.0016974739
8.8190708e-05
0.0016974705
9.1226994e-05
0.0016974671
9.4363861e-05
0.0016974641
9.7620299e-05
0.001697461
0.00010099024
0.0016974575
0.00010448282
0.0016974492
0.00010809807
0.0016974181
0.00011185464
0.001697269
0.00011571658
0.0016966948
0.00011971339
0.0016947851
0.0001236336
0.0016902404
0.00012716654
0.0016825854
0.00012923116
0.001672909
0.00012930749
0.001662613
0.00012761411
0.0016522561
0.00012538338
0.0016419369
0.00012296427
0.001631522
0.00012053633
0.0016209093
0.00011793185
0.0016101302
0.0001152232
0.0015993712
0.00011231177
0.0015887805
0.0001088667
0.0015783628
0.00010778658
0.0015687946
9.8080501e-05
0.0015573348
0.00012049562
7.982888e-05
0.0017895675
5.2378485e-06
0.00178966
5.8478542e-06
0.0017897824
6.4781742e-06
0.0017899267
7.1068123e-06
0.0017900811
7.7145223e-06
0.0017902347
8.2931024e-06
0.0017903809
8.8487621e-06
0.0017905192
9.3972858e-06
0.0017906526
9.9537885e-06
0.0017907841
1.0524923e-05
0.0017909152
1.1108816e-05
0.0017910455
1.170045e-05
0.0017911744
1.229619e-05
0.0017913012
1.2894306e-05
0.0017914251
1.3493485e-05
0.0017915452
1.4092371e-05
0.0017916605
1.4690386e-05
0.0017917705
1.5288223e-05
0.0017918749
1.5887378e-05
0.0017919735
1.6489461e-05
0.0017920662
1.7096064e-05
0.0017921529
1.7709033e-05
0.0017922337
1.833058e-05
0.0017923089
1.896305e-05
0.0017923788
1.9608487e-05
0.0017924435
2.026847e-05
0.0017925032
2.0944382e-05
0.0017925582
2.1637812e-05
0.0017926086
2.2350604e-05
0.0017926548
2.3084417e-05
0.001792697
2.3840461e-05
0.0017927352
2.4619684e-05
0.0017927697
2.5423327e-05
0.0017928006
2.625292e-05
0.0017928282
2.7109831e-05
0.0017928526
2.799494e-05
0.0017928739
2.8909126e-05
0.0017928923
2.9853723e-05
0.001792908
3.0830055e-05
0.0017929211
3.1839032e-05
0.0017929317
3.28817e-05
0.0017929401
3.3959575e-05
0.0017929464
3.5073833e-05
0.0017929507
3.6225409e-05
0.0017929533
3.7415639e-05
0.0017929543
3.8646368e-05
0.0017929537
3.9918648e-05
0.0017929519
4.1234132e-05
0.001792949
4.2594453e-05
0.0017929451
4.4001529e-05
0.0017929404
4.5456632e-05
0.001792935
4.6962364e-05
0.0017929291
4.8519752e-05
0.0017929228
5.0131952e-05
0.0017929162
5.1799767e-05
0.0017929094
5.3526695e-05
0.0017929025
5.5313736e-05
0.0017928957
5.7164775e-05
0.0017928888
5.908022e-05
0.0017928822
6.1064837e-05
0.0017928757
6.3119914e-05
0.0017928694
6.5247913e-05
0.0017928633
6.7452846e-05
0.0017928575
6.9735577e-05
0.001792852
7.2101755e-05
0.0017928467
7.4552075e-05
0.0017928418
7.7091387e-05
0.0017928372
7.9724367e-05
0.0017928327
8.2446867e-05
0.0017928287
8.5274268e-05
0.0017928246
8.8194762e-05
0.0017928211
9.1230485e-05
0.0017928176
9.4367394e-05
0.0017928145
9.7623426e-05
0.0017928115
0.00010099327
0.0017928087
0.00010448558
0.0017928059
0.00010810087
0.0017928031
0.00011185745
0.0017927914
0.00011572825
0.0017927386
0.00011976624
0.0017924739
0.00012389827
0.0017914867
0.0001281537
0.0017885098
0.00013220806
0.0017823213
0.000135496
0.0017731869
0.00013674856
0.0017625795
0.00013599077
0.0017517182
0.00013382557
0.0017408633
0.00013139118
0.0017299833
0.00012881191
0.0017189616
0.00012624489
0.0017077388
0.00012353451
0.0016964151
0.00012019044
0.0016850405
0.00011916121
0.0016744346
0.00010868636
0.0016616114
0.00013331884
8.8191202e-05
0.0018901934
5.1797139e-06
0.0018902815
5.7597659e-06
0.0018903974
6.3622944e-06
0.0018905346
6.9696199e-06
0.0018906835
7.5656424e-06
0.0018908344
8.1421936e-06
0.0018909811
8.7020982e-06
0.001891122
9.2563446e-06
0.0018912591
9.8167361e-06
0.0018913946
1.0389411e-05
0.0018915296
1.0973764e-05
0.001891664
1.1566039e-05
0.0018917971
1.2163078e-05
0.0018919282
1.2763196e-05
0.0018920566
1.3365178e-05
0.0018921811
1.3967793e-05
0.0018923011
1.4570404e-05
0.0018924159
1.5173464e-05
0.001892525
1.5778233e-05
0.0018926283
1.6386182e-05
0.0018927255
1.6998816e-05
0.0018928167
1.7617873e-05
0.0018929018
1.8245431e-05
0.0018929812
1.8883713e-05
0.0018930549
1.953472e-05
0.0018931234
2.0200061e-05
0.0018931866
2.0881156e-05
0.0018932448
2.1579577e-05
0.0018932983
2.2297114e-05
0.0018933473
2.3035415e-05
0.001893392
2.3795736e-05
0.0018934326
2.4579083e-05
0.0018934693
2.5386685e-05
0.0018935022
2.6220031e-05
0.0018935315
2.7080485e-05
0.0018935575
2.7968982e-05
0.0018935802
2.8886423e-05
0.0018935998
2.9834095e-05
0.0018936165
3.0813312e-05
0.0018936305
3.1825031e-05
0.001893642
3.2870292e-05
0.001893651
3.3950557e-05
0.0018936578
3.506703e-05
0.0018936625
3.6220677e-05
0.0018936653
3.7412814e-05
0.0018936665
3.8645234e-05
0.0018936661
3.9919064e-05
0.0018936643
4.1235914e-05
0.0018936613
4.2597437e-05
0.0018936573
4.4005525e-05
0.0018936524
4.5461522e-05
0.0018936468
4.6967932e-05
0.0018936407
4.8525929e-05
0.0018936341
5.0138512e-05
0.0018936272
5.1806683e-05
0.0018936201
5.3533763e-05
0.0018936129
5.5320946e-05
0.0018936057
5.7171933e-05
0.0018935986
5.9087385e-05
0.0018935916
6.1071815e-05
0.0018935848
6.3126723e-05
0.0018935782
6.5254519e-05
0.0018935719
6.7459159e-05
0.0018935658
6.9741684e-05
0.00189356
7.2107516e-05
0.0018935545
7.4557599e-05
0.0018935493
7.7096592e-05
0.0018935445
7.9729173e-05
0.0018935398
8.2451578e-05
0.0018935356
8.5278446e-05
0.0018935313
8.8199001e-05
0.0018935277
9.1234145e-05
0.001893524
9.4371083e-05
0.0018935207
9.7626699e-05
0.0018935176
0.00010099643
0.0018935146
0.0001044885
0.0018935118
0.00010810369
0.0018935097
0.00011185961
0.0018935072
0.00011573072
0.0018935048
0.00011976863
0.0018934864
0.00012391666
0.0018933877
0.0001282524
0.0018929155
0.00013268023
0.0018912382
0.00013717335
0.0018867801
0.00014120663
0.0018787812
0.00014398967
0.0018683479
0.00014425893
0.0018569594
0.00014277967
0.0018455307
0.00014024054
0.001834134
0.00013764166
0.0018226586
0.00013500985
0.0018110183
0.00013183075
0.0017990167
0.00013116284
0.0017875939
0.00012010915
0.0017734753
0.00014743743
9.750493e-05
0.0019964756
5.123335e-06
0.0019965595
5.6758566e-06
0.0019966693
6.2525062e-06
0.0019967998
6.839122e-06
0.0019969431
7.4223339e-06
0.0019970909
7.9943623e-06
0.0019972374
8.5556706e-06
0.0019973802
9.1134634e-06
0.0019975204
9.6765868e-06
0.0019976594
1.0250359e-05
0.0019977982
1.0834979e-05
0.0019979365
1.1427721e-05
0.0019980737
1.2025887e-05
0.0019982091
1.262786e-05
0.0019983417
1.3232496e-05
0.0019984709
1.383868e-05
0.0019985955
1.4445742e-05
0.001998715
1.5053934e-05
0.001998829
1.5664286e-05
0.001998937
1.627812e-05
0.001999039
1.6896848e-05
0.0019991348
1.7522096e-05
0.0019992244
1.8155805e-05
0.0019993081
1.8800077e-05
0.0019993859
1.9456859e-05
0.0019994582
2.0127775e-05
0.0019995251
2.0814272e-05
0.0019995868
2.151791e-05
0.0019996434
2.2240424e-05
0.0019996954
2.2983449e-05
0.0019997429
2.3748278e-05
0.001999786
2.4535971e-05
0.0019998249
2.5347748e-05
0.0019998599
2.6185061e-05
0.0019998911
2.7049266e-05
0.0019999187
2.7941349e-05
0.0019999429
2.886223e-05
0.0019999639
2.9813159e-05
0.0019999817
3.0795437e-05
0.0019999967
3.1810059e-05
0.0020000089
3.2858064e-05
0.0020000186
3.3940865e-05
0.002000026
3.5059686e-05
0.0020000311
3.6215527e-05
0.0020000343
3.7409683e-05
0.0020000356
3.86439e-05
0.0020000353
3.9919371e-05
0.0020000335
4.123767e-05
0.0020000305
4.2600466e-05
0.0020000264
4.4009631e-05
0.0020000213
4.5466575e-05
0.0020000156
4.6973712e-05
0.0020000091
4.8532349e-05
0.0020000023
5.0145349e-05
0.0019999951
5.1813894e-05
0.0019999877
5.3541145e-05
0.0019999802
5.5328475e-05
0.0019999727
5.7179419e-05
0.0019999652
5.9094874e-05
0.0019999579
6.1079116e-05
0.0019999508
6.3133845e-05
0.0019999439
6.5261433e-05
0.0019999373
6.746577e-05
0.0019999309
6.9748074e-05
0.0019999248
7.2113548e-05
0.0019999191
7.4563378e-05
0.0019999136
7.710204e-05
0.0019999086
7.9734207e-05
0.0019999036
8.2456505e-05
0.0019998993
8.5282826e-05
0.0019998948
8.8203429e-05
0.001999891
9.1237983e-05
0.0019998871
9.4374938e-05
0.0019998837
9.7630127e-05
0.0019998804
0.00010099973
0.0019998773
0.00010449157
0.0019998744
0.00010810667
0.0019998719
0.00011186207
0.0019998692
0.00011573346
0.0019998677
0.00011977011
0.0019998659
0.0001239185
0.0019998631
0.00012825517
0.0019998297
0.00013271359
0.0019996436
0.00013735948
0.0019987722
0.00014207804
0.0019959918
0.00014677011
0.0019897103
0.00015054034
0.0019799248
0.00015256522
0.0019683829
0.0001517824
0.0019563167
0.0001497079
0.001944316
0.00014701057
0.0019323606
0.00014378609
0.0019200821
0.00014344143
0.0019082605
0.00013193067
0.0018931591
0.00016253889
0.00010763651
0.0021087319
5.0686964e-06
0.0021088119
5.5958813e-06
0.002108916
6.1483966e-06
0.0021090402
6.7149564e-06
0.002109178
7.2845337e-06
0.0021093224
7.8499591e-06
0.0021094679
8.4101318e-06
0.002109612
8.9693584e-06
0.0021097547
9.5339396e-06
0.0021098968
1.0108208e-05
0.002110039
1.0692781e-05
0.002110181
1.128573e-05
0.0021103221
1.1884786e-05
0.0021104616
1.2488411e-05
0.0021105986
1.3095514e-05
0.0021107322
1.3705073e-05
0.0021108615
1.431641e-05
0.0021109858
1.4929607e-05
0.0021111046
1.5545479e-05
0.0021112175
1.6165192e-05
0.0021113243
1.679005e-05
0.0021114249
1.742157e-05
0.0021115191
1.8061554e-05
0.0021116072
1.8711982e-05
0.0021116893
1.9374735e-05
0.0021117657
2.005144e-05
0.0021118364
2.0743562e-05
0.0021119017
2.1452642e-05
0.0021119617
2.218037e-05
0.0021120168
2.292836e-05
0.0021120671
2.3697936e-05
0.0021121129
2.4490204e-05
0.0021121543
2.5306382e-05
0.0021121914
2.6147885e-05
0.0021122247
2.7016059e-05
0.0021122541
2.7911934e-05
0.0021122798
2.8836454e-05
0.0021123022
2.9790832e-05
0.0021123213
3.0776353e-05
0.0021123373
3.1794048e-05
0.0021123504
3.2844958e-05
0.0021123608
3.3930449e-05
0.0021123687
3.5051759e-05
0.0021123743
3.6209922e-05
0.0021123778
3.7406217e-05
0.0021123793
3.8642342e-05
0.0021123792
3.991955e-05
0.0021123774
4.1239387e-05
0.0021123744
4.2603533e-05
0.0021123702
4.4013843e-05
0.002112365
4.5471788e-05
0.002112359
4.6979702e-05
0.0021123523
4.8539015e-05
0.0021123452
5.0152468e-05
0.0021123377
5.1821404e-05
0.00211233
5.3548848e-05
0.0021123221
5.5336332e-05
0.0021123143
5.7187242e-05
0.0021123065
5.9102695e-05
0.0021122988
6.1086753e-05
0.0021122914
6.3141293e-05
0.0021122842
6.5268662e-05
0.0021122772
6.7472687e-05
0.0021122706
6.9754757e-05
0.0021122642
7.2119862e-05
0.0021122582
7.4569423e-05
0.0021122525
7.7107741e-05
0.0021122472
7.9739477e-05
0.0021122421
8.2461654e-05
0.0021122375
8.5287416e-05
0.0021122329
8.8208051e-05
0.0021122288
9.1242007e-05
0.0021122248
9.4378962e-05
0.0021122212
9.7633718e-05
0.0021122178
0.00010100318
0.0021122146
0.00010449478
0.0021122115
0.00010810978
0.0021122089
0.00011186467
0.0021122059
0.00011573641
0.0021122039
0.00011977214
0.0021122013
0.00012392108
0.0021122006
0.00012825584
0.0021121996
0.00013271459
0.0021121959
0.0001373632
0.0021121255
0.00014214843
0.0021117578
0.00014713782
0.0021101843
0.00015211386
0.0021058373
0.00015691224
0.0020975254
0.00016009427
0.0020861113
0.00016112201
0.0020736223
0.00015949951
0.0020609747
0.00015643368
0.0020482513
0.0001561649
0.0020361594
0.00014402254
0.0020205727
0.00017812558
0.00011824283
0.0022272983
5.0157709e-06
0.0022273746
5.5195977e-06
0.0022274734
6.0495753e-06
0.0022275916
6.5967656e-06
0.002227724
7.1521403e-06
0.0022278647
7.709262e-06
0.0022280088
8.2660717e-06
0.0022281534
8.8247289e-06
0.0022282979
9.3894214e-06
0.0022284427
9.9634454e-06
0.0022285879
1.0547541e-05
0.0022287333
1.1140354e-05
0.0022288781
1.1739993e-05
0.0022290215
1.2345007e-05
0.0022291627
1.295434e-05
0.0022293007
1.3567047e-05
0.0022294346
1.4182447e-05
0.0022295638
1.4800486e-05
0.0022296875
1.5421779e-05
0.0022298053
1.604733e-05
0.002229917
1.667833e-05
0.0022300224
1.7316178e-05
0.0022301214
1.7962542e-05
0.0022302141
1.8619275e-05
0.0022303007
1.9288186e-05
0.0022303813
1.9970886e-05
0.002230456
2.0668851e-05
0.002230525
2.1383602e-05
0.0022305886
2.2116783e-05
0.002230647
2.2869984e-05
0.0022307003
2.3644552e-05
0.0022307489
2.4441635e-05
0.0022307929
2.5262447e-05
0.0022308324
2.6108372e-05
0.0022308677
2.6980745e-05
0.002230899
2.788063e-05
0.0022309264
2.8808994e-05
0.0022309503
2.9767021e-05
0.0022309706
3.0755979e-05
0.0022309877
3.1776927e-05
0.0022310018
3.283091e-05
0.002231013
3.3919253e-05
0.0022310215
3.5043203e-05
0.0022310276
3.6203824e-05
0.0022310315
3.7402383e-05
0.0022310333
3.8640534e-05
0.0022310333
3.9919583e-05
0.0022310316
4.124105e-05
0.0022310285
4.2606627e-05
0.0022310242
4.4018155e-05
0.0022310188
4.5477158e-05
0.0022310126
4.6985905e-05
0.0022310057
4.8545931e-05
0.0022309983
5.0159873e-05
0.0022309905
5.1829222e-05
0.0022309824
5.355688e-05
0.0022309743
5.5344525e-05
0.0022309661
5.7195412e-05
0.0022309579
5.911086e-05
0.0022309499
6.1094733e-05
0.0022309422
6.3149075e-05
0.0022309346
6.5276219e-05
0.0022309274
6.747992e-05
0.0022309204
6.9761741e-05
0.0022309138
7.2126467e-05
0.0022309075
7.457574e-05
0.0022309015
7.7113703e-05
0.002230896
7.9744991e-05
0.0022308906
8.2467031e-05
0.0022308858
8.5292223e-05
0.002230881
8.8212874e-05
0.0022308768
9.1246222e-05
0.0022308726
9.438316e-05
0.0022308688
9.7637476e-05
0.0022308652
0.00010100678
0.0022308618
0.00010449813
0.0022308586
0.00010811302
0.0022308559
0.0001118674
0.0022308528
0.00011573949
0.0022308506
0.00011977433
0.0022308477
0.00012392402
0.002230846
0.00012825755
0.0022308439
0.00013271669
0.0022308444
0.00013736262
0.0022308441
0.0001421488
0.0022308343
0.00014714758
0.0022306806
0.00015226761
0.0022299662
0.00015762663
0.0022272569
0.00016280352
0.002220885
0.00016749397
0.0022105204
0.00016986405
0.0021977593
0.00016919478
0.0021843448
0.00016957935
0.002171596
0.00015677142
0.0021556507
0.00019407084
0.00012907752
0.0023525294
4.9645184e-06
0.0023526023
5.4467717e-06
0.0023526962
5.9556731e-06
0.0023528087
6.4842009e-06
0.0023529358
7.0250223e-06
0.0023530726
7.5724822e-06
0.0023532147
8.1240119e-06
0.0023533592
8.6802428e-06
0.0023535049
9.2436731e-06
0.0023536518
9.8166008e-06
0.0023537996
1.0399678e-05
0.002353948
1.099193e-05
0.0023540963
1.1591774e-05
0.0023542434
1.2197852e-05
0.0023543886
1.2809129e-05
0.002354531
1.3424713e-05
0.0023546695
1.4043927e-05
0.0023548034
1.4666606e-05
0.002354932
1.5293181e-05
0.0023550548
1.5924496e-05
0.0023551715
1.6561616e-05
0.0023552819
1.7205821e-05
0.0023553858
1.7858647e-05
0.0023554832
1.8521816e-05
0.0023555743
1.9197056e-05
0.0023556593
1.988595e-05
0.0023557382
2.0589972e-05
0.0023558111
2.1310621e-05
0.0023558784
2.2049495e-05
0.0023559403
2.2808156e-05
0.0023559968
2.3587968e-05
0.0023560484
2.4390111e-05
0.002356095
2.52158e-05
0.002356137
2.6066389e-05
0.0023561745
2.6943197e-05
0.0023562079
2.784732e-05
0.0023562371
2.8779745e-05
0.0023562625
2.9741633e-05
0.0023562842
3.0734231e-05
0.0023563025
3.1758621e-05
0.0023563176
3.2815856e-05
0.0023563296
3.3907221e-05
0.0023563389
3.5033969e-05
0.0023563455
3.6197192e-05
0.0023563497
3.7398148e-05
0.0023563518
3.8638448e-05
0.002356352
3.9919447e-05
0.0023563504
4.1242641e-05
0.0023563473
4.2609735e-05
0.0023563429
4.4022557e-05
0.0023563373
4.5482682e-05
0.0023563309
4.6992317e-05
0.0023563238
4.8553097e-05
0.0023563161
5.0167568e-05
0.0023563079
5.1837353e-05
0.0023562996
5.3565247e-05
0.002356291
5.5353063e-05
0.0023562825
5.7203937e-05
0.002356274
5.9119376e-05
0.0023562656
6.1103067e-05
0.0023562575
6.3157201e-05
0.0023562496
6.528411e-05
0.0023562421
6.7487479e-05
0.0023562348
6.9769035e-05
0.0023562279
7.2133371e-05
0.0023562213
7.4582339e-05
0.002356215
7.7119933e-05
0.0023562093
7.9750757e-05
0.0023562037
8.2472642e-05
0.0023561986
8.5297256e-05
0.0023561936
8.8217901e-05
0.0023561892
9.1250636e-05
0.0023561848
9.4387536e-05
0.0023561809
9.7641407e-05
0.0023561771
0.00010101054
0.0023561736
0.00010450164
0.0023561702
0.0001081164
0.0023561674
0.00011187025
0.0023561642
0.00011574269
0.0023561619
0.00011977663
0.0023561588
0.00012392708
0.0023561569
0.0001282595
0.0023561543
0.00013271932
0.0023561528
0.0001373641
0.0023561512
0.00014215038
0.0023561542
0.00014714458
0.0023561526
0.00015226925
0.0023561237
0.00015765548
0.0023557904
0.00016313686
0.0023544455
0.00016883883
0.00235004
0.00017426959
0.0023413064
0.00017792833
0.0023289405
0.00018194525
0.0023155732
0.00017013875
0.0022989347
0.00021070937
0.00014040491
0.0024847999
4.9148899e-06
0.0024848695
5.3771781e-06
0.0024849589
5.8663453e-06
0.0024850661
6.3769277e-06
0.0024851881
6.9030269e-06
0.0024853208
7.4397714e-06
0.0024854604
7.9844046e-06
0.0024856042
8.5365259e-06
0.0024857505
9.0973357e-06
0.0024858989
9.6682356e-06
0.0024860489
1.0249657e-05
0.0024862
1.0840842e-05
0.0024863513
1.1440446e-05
0.0024865019
1.2047198e-05
0.002486651
1.2660079e-05
0.0024867975
1.3278224e-05
0.0024869404
1.3900963e-05
0.002487079
1.4528036e-05
0.0024872125
1.5159713e-05
0.0024873403
1.5796675e-05
0.0024874621
1.6439859e-05
0.0024875775
1.7090421e-05
0.0024876863
1.7749763e-05
0.0024877887
1.8419478e-05
0.0024878845
1.91012e-05
0.002487974
1.9796476e-05
0.0024880572
2.0506761e-05
0.0024881343
2.123353e-05
0.0024882055
2.1978336e-05
0.0024882709
2.2742711e-05
0.0024883309
2.3528022e-05
0.0024883855
2.4335478e-05
0.002488435
2.5166294e-05
0.0024884796
2.6021796e-05
0.0024885195
2.6903287e-05
0.0024885549
2.7811885e-05
0.0024885861
2.8748599e-05
0.0024886131
2.9714568e-05
0.0024886364
3.0711019e-05
0.0024886559
3.1739051e-05
0.0024886721
3.2799724e-05
0.002488685
3.3894291e-05
0.002488695
3.5024004e-05
0.0024887022
3.6189981e-05
0.0024887068
3.7393473e-05
0.0024887092
3.8636053e-05
0.0024887096
3.9919116e-05
0.0024887081
4.1244142e-05
0.002488705
4.2612844e-05
0.0024887005
4.4027041e-05
0.0024886948
4.5488352e-05
0.0024886882
4.6998937e-05
0.0024886808
4.8560514e-05
0.0024886728
5.0175555e-05
0.0024886643
5.1845799e-05
0.0024886556
5.3573956e-05
0.0024886467
5.5361952e-05
0.0024886378
5.7212825e-05
0.002488629
5.9128252e-05
0.0024886203
6.1111763e-05
0.0024886118
6.316568e-05
0.0024886036
6.5292346e-05
0.0024885957
6.7495372e-05
0.0024885881
6.9776646e-05
0.0024885808
7.2140582e-05
0.002488574
7.4589225e-05
0.0024885675
7.7126438e-05
0.0024885614
7.9756781e-05
0.0024885556
8.2478494e-05
0.0024885503
8.5302521e-05
0.0024885451
8.8223136e-05
0.0024885405
9.1255254e-05
0.0024885359
9.4392094e-05
0.0024885318
9.7645515e-05
0.0024885279
0.00010101446
0.0024885242
0.00010450529
0.0024885207
0.00010811993
0.0024885177
0.00011187323
0.0024885144
0.00011574603
0.002488512
0.00011977904
0.0024885088
0.00012393024
0.0024885068
0.00012826155
0.002488504
0.00013272204
0.0024885021
0.00013736599
0.0024884997
0.00014215286
0.0024884989
0.00014714538
0.0024884977
0.00015227044
0.0024885047
0.00015764841
0.0024884948
0.00016314676
0.0024884178
0.00016891582
0.0024877009
0.00017498654
0.002485247
0.00018038223
0.002478484
0.00018870826
0.0024677507
0.00018087209
0.0024513089
0.00022715112
0.00015245119
0.0026245055
4.866827e-06
0.0026245721
5.3106041e-06
0.0026246572
5.7812704e-06
0.0026247595
6.2746279e-06
0.0026248765
6.785987e-06
0.0026250051
7.3112297e-06
0.0026251418
7.8476336e-06
0.0026252842
8.3941529e-06
0.0026254305
8.9510374e-06
0.0026255798
9.5189313e-06
0.0026257315
1.0097982e-05
0.0026258848
1.0687522e-05
0.0026260389
1.1286376e-05
0.0026261927
1.1893349e-05
0.0026263454
1.2507434e-05
0.0026264958
1.3127777e-05
0.0026266431
1.3753706e-05
0.0026267862
1.4384885e-05
0.0026269245
1.5021439e-05
0.0026270573
1.5663891e-05
0.0026271841
1.6313044e-05
0.0026273046
1.6969928e-05
0.0026274185
1.763581e-05
0.0026275258
1.8312153e-05
0.0026276266
1.9000491e-05
0.0026277207
1.9702318e-05
0.0026278084
2.0419064e-05
0.0026278898
2.115217e-05
0.002627965
2.1903145e-05
0.0026280342
2.2673483e-05
0.0026280977
2.3464553e-05
0.0026281556
2.4277581e-05
0.0026282081
2.5113781e-05
0.0026282554
2.5974453e-05
0.0026282978
2.6860883e-05
0.0026283355
2.7774204e-05
0.0026283687
2.8715444e-05
0.0026283975
2.9685725e-05
0.0026284223
3.068625e-05
0.0026284432
3.1718134e-05
0.0026284605
3.2782442e-05
0.0026284744
3.3880399e-05
0.0026284851
3.5013252e-05
0.0026284929
3.6182143e-05
0.0026284981
3.7388319e-05
0.0026285008
3.8633318e-05
0.0026285014
3.9918564e-05
0.0026285
4.1245532e-05
0.0026284969
4.2615937e-05
0.0026284923
4.4031595e-05
0.0026284865
4.5494162e-05
0.0026284797
4.7005759e-05
0.002628472
4.856818e-05
0.0026284638
5.0183835e-05
0.002628455
5.1854566e-05
0.0026284459
5.358301e-05
0.0026284367
5.5371197e-05
0.0026284274
5.7222082e-05
0.0026284182
5.9137494e-05
0.0026284091
6.1120828e-05
0.0026284003
6.3174521e-05
0.0026283917
6.5300932e-05
0.0026283835
6.7503607e-05
0.0026283755
6.9784583e-05
0.002628368
7.2148107e-05
0.0026283608
7.4596407e-05
0.002628354
7.7133224e-05
0.0026283478
7.9763071e-05
0.0026283417
8.248459e-05
0.0026283362
8.5308023e-05
0.0026283307
8.8228585e-05
0.0026283259
9.1260083e-05
0.0026283211
9.4396838e-05
0.0026283168
9.7649804e-05
0.0026283128
0.00010101854
0.002628309
0.0001045091
0.0026283053
0.00010812361
0.0026283022
0.00011187634
0.0026282987
0.00011574949
0.0026282962
0.00011978156
0.0026282929
0.00012393352
0.0026282908
0.00012826371
0.0026282879
0.00013272486
0.002628286
0.00013736797
0.0026282834
0.00014215546
0.0026282818
0.0001471469
0.002628279
0.00015227326
0.0026282795
0.00015764792
0.002628278
0.00016314822
0.0026282918
0.00016890202
0.0026282495
0.00017502887
0.0026280588
0.00018057291
0.0026265213
0.00019024582
0.0026226333
0.00018476002
0.0026109953
0.0002387891
0.00016337902
0.0027720642
4.8202622e-06
0.0027721279
5.2468493e-06
0.002772209
5.700151e-06
0.0027723067
6.1770017e-06
0.0027724189
6.6737271e-06
0.0027725433
7.186913e-06
0.0027726769
7.7140173e-06
0.0027728174
8.2536416e-06
0.002772963
8.8053807e-06
0.0027731127
9.3692778e-06
0.0027732655
9.945186e-06
0.0027734206
1.0532439e-05
0.002773577
1.1129975e-05
0.0027737337
1.173666e-05
0.0027738896
1.2351491e-05
0.0027740438
1.2973618e-05
0.0027741951
1.3602356e-05
0.0027743427
1.4237306e-05
0.0027744857
1.4878463e-05
0.0027746233
1.5526202e-05
0.0027747552
1.6181187e-05
0.0027748808
1.684432e-05
0.0027749999
1.7516732e-05
0.0027751123
1.8199755e-05
0.002775218
1.8894818e-05
0.0027753169
1.9603348e-05
0.0027754093
2.0326736e-05
0.002775495
2.1066388e-05
0.0027755744
2.1823761e-05
0.0027756476
2.2600314e-05
0.0027757147
2.3397403e-05
0.0027757761
2.4216264e-05
0.0027758317
2.5058111e-05
0.002775882
2.5924217e-05
0.002775927
2.681585e-05
0.002775967
2.7734152e-05
0.0027760023
2.8680165e-05
0.0027760331
2.9654996e-05
0.0027760595
3.065983e-05
0.0027760818
3.1695785e-05
0.0027761003
3.2763934e-05
0.0027761153
3.3865478e-05
0.0027761268
3.5001656e-05
0.0027761354
3.6173629e-05
0.002776141
3.7382644e-05
0.0027761441
3.8630205e-05
0.0027761449
3.9917763e-05
0.0027761437
4.1246787e-05
0.0027761406
4.2618998e-05
0.002776136
4.4036205e-05
0.0027761301
4.5500102e-05
0.0027761231
4.7012779e-05
0.0027761151
4.8576093e-05
0.0027761066
5.0192407e-05
0.0027760975
5.1863654e-05
0.0027760881
5.3592412e-05
0.0027760785
5.5380805e-05
0.0027760688
5.7231713e-05
0.0027760592
5.914711e-05
0.0027760498
6.113027e-05
0.0027760406
6.3183729e-05
0.0027760316
6.5309878e-05
0.0027760231
6.7512192e-05
0.0027760148
6.9792853e-05
0.0027760069
7.2155954e-05
0.0027759995
7.460389e-05
0.0027759924
7.7140297e-05
0.0027759858
7.9769632e-05
0.0027759795
8.2490935e-05
0.0027759737
8.5313769e-05
0.0027759681
8.823425e-05
0.002775963
9.1265126e-05
0.0027759581
9.4401771e-05
0.0027759536
9.7654278e-05
0.0027759494
0.00010102279
0.0027759454
0.00010451307
0.0027759416
0.00010812743
0.0027759383
0.00011187958
0.0027759347
0.00011575308
0.0027759321
0.0001197842
0.0027759287
0.00012393691
0.0027759264
0.00012826597
0.0027759235
0.00013272777
0.0027759215
0.00013737005
0.0027759188
0.00014215812
0.0027759172
0.00014714853
0.0027759142
0.00015227621
0.0027759132
0.0001576489
0.0027759092
0.00016315227
0.0027759119
0.00016889936
0.0027759042
0.00017503649
0.0027759374
0.00018053974
0.0027757507
0.00019043255
0.0027754165
0.00018509419
0.0027713303
0.00024287528
0.00016945804
0.0029279173
4.7751434e-06
0.0029279784
5.1857306e-06
0.0029280558
5.6227123e-06
0.0029281491
6.0837683e-06
0.0029282567
6.5660679e-06
0.0029283768
7.0668402e-06
0.002928507
7.5838127e-06
0.0029286452
8.1154495e-06
0.0029287896
8.6609325e-06
0.0029289391
9.2198608e-06
0.0029290924
9.7918209e-06
0.0029292488
1.03761e-05
0.002929407
1.0971698e-05
0.0029295662
1.1577528e-05
0.0029297251
1.2192595e-05
0.0029298826
1.2816039e-05
0.0029300378
1.3447159e-05
0.0029301896
1.4085497e-05
0.0029303372
1.4730936e-05
0.0029304797
1.5383709e-05
0.0029306165
1.6044344e-05
0.0029307472
1.671361e-05
0.0029308714
1.7392505e-05
0.002930989
1.8082226e-05
0.0029310997
1.8784093e-05
0.0029312036
1.9499453e-05
0.0029313007
2.022965e-05
0.002931391
2.0976043e-05
0.0029314748
2.1740038e-05
0.002931552
2.2523049e-05
0.002931623
2.3326415e-05
0.0029316879
2.4151375e-05
0.0029317469
2.4999137e-05
0.0029318001
2.5870947e-05
0.0029318479
2.6768054e-05
0.0029318905
2.7691601e-05
0.002931928
2.8642644e-05
0.0029319607
2.9622276e-05
0.0029319889
3.063166e-05
0.0029320128
3.1671915e-05
0.0029320326
3.2744122e-05
0.0029320486
3.3849459e-05
0.0029320611
3.4989155e-05
0.0029320703
3.6164388e-05
0.0029320766
3.7376404e-05
0.0029320801
3.8626679e-05
0.0029320812
3.9916681e-05
0.0029320801
4.1247884e-05
0.0029320771
4.2622006e-05
0.0029320724
4.4040856e-05
0.0029320664
4.5506162e-05
0.0029320592
4.7019988e-05
0.002932051
4.8584249e-05
0.0029320421
5.020127e-05
0.0029320327
5.1873064e-05
0.002932023
5.3602166e-05
0.002932013
5.5390777e-05
0.002932003
5.7241724e-05
0.002931993
5.9157104e-05
0.0029319832
6.1140093e-05
0.0029319736
6.3193311e-05
0.0029319643
6.5319187e-05
0.0029319553
6.7521131e-05
0.0029319467
6.9801459e-05
0.0029319386
7.2164127e-05
0.0029319308
7.4611679e-05
0.0029319234
7.7147662e-05
0.0029319166
7.977647e-05
0.00293191
8.2497534e-05
0.002931904
8.5319763e-05
0.0029318981
8.8240134e-05
0.0029318928
9.1270388e-05
0.0029318877
9.4406895e-05
0.002931883
9.7658941e-05
0.0029318786
0.00010102721
0.0029318745
0.00010451719
0.0029318705
0.0001081314
0.0029318671
0.00011188296
0.0029318634
0.00011575679
0.0029318607
0.00011978697
0.0029318572
0.00012394042
0.0029318548
0.00012826834
0.0029318518
0.00013273077
0.0029318496
0.00013737222
0.0029318469
0.00014216087
0.0029318452
0.00014715023
0.0029318422
0.00015227921
0.002931841
0.00015765007
0.0029318369
0.00016315639
0.0029318359
0.00016890031
0.0029318267
0.00017504569
0.0029318328
0.00018053367
0.0029318037
0.00019046163
0.0029317048
0.00018519313
0.0029317366
0.00024284344
0.00017159589
0.0030925311
4.7313942e-06
0.0030925898
5.1270713e-06
0.0030926638
5.5487067e-06
0.0030927529
5.9946685e-06
0.0030928561
6.4628309e-06
0.0030929719
6.9510006e-06
0.0030930985
7.4572221e-06
0.003093234
7.979974e-06
0.0030933767
8.5182168e-06
0.0030935253
9.0712511e-06
0.0030936787
9.6384501e-06
0.0030938358
1.0219035e-05
0.0030939954
1.0812035e-05
0.0030941566
1.1416401e-05
0.003094318
1.2031142e-05
0.0030944787
1.2655386e-05
0.0030946374
1.3288411e-05
0.0030947932
1.3929706e-05
0.0030949451
1.4579055e-05
0.0030950922
1.523656e-05
0.003095234
1.5902613e-05
0.0030953697
1.6577852e-05
0.0030954991
1.726314e-05
0.0030956218
1.7959541e-05
0.0030957376
1.8668256e-05
0.0030958465
1.9390548e-05
0.0030959485
2.0127697e-05
0.0030960435
2.088101e-05
0.0030961317
2.1651837e-05
0.0030962132
2.2441544e-05
0.0030962882
2.3251444e-05
0.0030963568
2.4082767e-05
0.0030964192
2.4936713e-05
0.0030964756
2.5814502e-05
0.0030965263
2.6717359e-05
0.0030965715
2.7646427e-05
0.0030966114
2.8602765e-05
0.0030966462
2.9587455e-05
0.0030966762
3.060164e-05
0.0030967017
3.1646436e-05
0.0030967229
3.2722926e-05
0.0030967401
3.383227e-05
0.0030967536
3.4975686e-05
0.0030967636
3.6154363e-05
0.0030967704
3.736955e-05
0.0030967744
3.8622698e-05
0.0030967758
3.9915285e-05
0.0030967749
4.1248794e-05
0.003096772
4.2624939e-05
0.0030967673
4.4045532e-05
0.0030967611
4.5512329e-05
0.0030967537
4.7027378e-05
0.0030967454
4.8592641e-05
0.0030967362
5.021042e-05
0.0030967265
5.1882795e-05
0.0030967164
5.361227e-05
0.003096706
5.5401116e-05
0.0030966956
5.7252117e-05
0.0030966853
5.9167481e-05
0.003096675
6.1150301e-05
0.0030966651
6.3203272e-05
0.0030966554
6.5328865e-05
0.0030966461
6.7530431e-05
0.0030966372
6.9810409e-05
0.0030966287
7.2172632e-05
0.0030966206
7.4619779e-05
0.0030966129
7.7155324e-05
0.0030966058
7.9783589e-05
0.0030965989
8.2504389e-05
0.0030965927
8.532601e-05
0.0030965866
8.824624e-05
0.0030965811
9.1275872e-05
0.0030965758
9.4412212e-05
0.0030965709
9.7663794e-05
0.0030965663
0.0001010318
0.003096562
0.00010452148
0.0030965579
0.00010813553
0.0030965544
0.00011188649
0.0030965505
0.00011576064
0.0030965477
0.00011978986
0.003096544
0.00012394403
0.0030965416
0.00012827082
0.0030965385
0.00013273387
0.0030965362
0.00013737448
0.0030965334
0.00014216371
0.0030965316
0.00014715202
0.0030965285
0.00015228228
0.0030965272
0.00015765134
0.0030965232
0.00016316043
0.0030965214
0.00016890213
0.003096514
0.00017505302
0.0030965039
0.0001805438
0.0030965122
0.00019045333
0.0030962255
0.00018547982
0.0030972563
0.0002418127
0.00017258649
0.0032663981
4.6889547e-06
0.0032664544
5.0707113e-06
0.0032665252
5.477908e-06
0.0032666104
5.9094632e-06
0.0032667094
6.3638412e-06
0.003266821
6.8393597e-06
0.0032669439
7.3343989e-06
0.0032670763
7.8475537e-06
0.0032672168
8.3777089e-06
0.0032673641
8.9239946e-06
0.0032675169
9.4856356e-06
0.0032676741
1.0061794e-05
0.0032678346
1.065151e-05
0.0032679973
1.1253764e-05
0.0032681608
1.1867572e-05
0.0032683242
1.2492052e-05
0.0032684861
1.3126458e-05
0.0032686456
1.3770233e-05
0.0032688016
1.442307e-05
0.0032689532
1.5084953e-05
0.0032690997
1.5756143e-05
0.0032692404
1.6437146e-05
0.0032693748
1.7128692e-05
0.0032695026
1.783171e-05
0.0032696236
1.8547282e-05
0.0032697376
1.9276574e-05
0.0032698445
2.0020794e-05
0.0032699443
2.0781186e-05
0.0032700371
2.1559041e-05
0.003270123
2.235567e-05
0.0032702021
2.3172351e-05
0.0032702745
2.4010301e-05
0.0032703406
2.4870701e-05
0.0032704003
2.5754747e-05
0.003270454
2.6663636e-05
0.003270502
2.7598503e-05
0.0032705443
2.8560409e-05
0.0032705813
2.9550425e-05
0.0032706133
3.056967e-05
0.0032706405
3.1619255e-05
0.0032706632
3.2700262e-05
0.0032706816
3.3813837e-05
0.0032706961
3.4961184e-05
0.003270707
3.61435e-05
0.0032707145
3.7362036e-05
0.003270719
3.861822e-05
0.0032707207
3.9913541e-05
0.00327072
4.1249488e-05
0.0032707172
4.2627774e-05
0.0032707125
4.4050211e-05
0.0032707062
4.5518587e-05
0.0032706987
4.7034935e-05
0.0032706901
4.8601261e-05
0.0032706806
5.021985e-05
0.0032706706
5.1892843e-05
0.0032706601
5.3622723e-05
0.0032706494
5.5411822e-05
0.0032706386
5.7262893e-05
0.0032706279
5.9178241e-05
0.0032706173
6.1160897e-05
0.0032706069
6.3213615e-05
0.0032705969
6.5338915e-05
0.0032705872
6.7540094e-05
0.0032705779
6.9819704e-05
0.0032705691
7.2181472e-05
0.0032705607
7.4628194e-05
0.0032705527
7.7163283e-05
0.0032705453
7.9790992e-05
0.0032705382
8.2511501e-05
0.0032705317
8.5332512e-05
0.0032705254
8.8252568e-05
0.0032705197
9.1281581e-05
0.0032705142
9.4417723e-05
0.0032705091
9.766884e-05
0.0032705043
0.00010103656
0.0032704999
0.00010452594
0.0032704956
0.0001081398
0.003270492
0.00011189015
0.003270488
0.0001157646
0.003270485
0.00011979288
0.0032704812
0.00012394774
0.0032704786
0.00012827341
0.0032704755
0.00013273705
0.0032704731
0.00013737684
0.0032704702
0.00014216663
0.0032704683
0.00014715388
0.0032704652
0.00015228544
0.0032704638
0.0001576527
0.0032704597
0.00016316449
0.0032704575
0.00016890436
0.0032704512
0.00017505927
0.0032704357
0.00018055932
0.0032704581
0.000190431
0.003270109
0.00018582888
0.0032712786
0.00024064314
0.00017345663
0.0034500383
4.6477721e-06
0.0034500925
5.016509e-06
0.0034501603
5.4101117e-06
0.0034502418
5.8279335e-06
0.0034503367
6.26893e-06
0.0034504442
6.7318656e-06
0.0034505631
7.2154546e-06
0.0034506922
7.718472e-06
0.0034508301
8.2398332e-06
0.0034509755
8.778604e-06
0.0034511272
9.3339291e-06
0.003451284
9.9049326e-06
0.0034514449
1.0490666e-05
0.0034516085
1.1090136e-05
0.0034517737
1.1702371e-05
0.0034519393
1.2326482e-05
0.003452104
1.2961702e-05
0.0034522668
1.360743e-05
0.0034524266
1.4263284e-05
0.0034525824
1.4929139e-05
0.0034527335
1.5605132e-05
0.003452879
1.629164e-05
0.0034530184
1.6989259e-05
0.0034531513
1.7698788e-05
0.0034532774
1.8421184e-05
0.0034533965
1.9157508e-05
0.0034535084
1.9908887e-05
0.0034536131
2.0676494e-05
0.0034537106
2.1461553e-05
0.0034538009
2.2265315e-05
0.0034538843
2.3089017e-05
0.0034539607
2.3933849e-05
0.0034540304
2.4800972e-05
0.0034540936
2.5691553e-05
0.0034541505
2.6606758e-05
0.0034542013
2.7547709e-05
0.0034542462
2.8515463e-05
0.0034542856
2.9511078e-05
0.0034543196
3.0535651e-05
0.0034543486
3.1590281e-05
0.0034543728
3.267605e-05
0.0034543926
3.3794087e-05
0.0034544082
3.4945583e-05
0.0034544199
3.6131739e-05
0.0034544281
3.7353809e-05
0.0034544332
3.8613202e-05
0.0034544353
3.991141e-05
0.0034544348
4.1249936e-05
0.0034544321
4.2630483e-05
0.0034544275
4.4054873e-05
0.0034544211
4.552492e-05
0.0034544134
4.7042647e-05
0.0034544046
4.8610099e-05
0.0034543949
5.0229553e-05
0.0034543845
5.1903203e-05
0.0034543737
5.363352e-05
0.0034543627
5.5422892e-05
0.0034543515
5.7274049e-05
0.0034543404
5.9189386e-05
0.0034543294
6.117188e-05
0.0034543186
6.3224341e-05
0.0034543082
6.5349339e-05
0.0034542982
6.7550122e-05
0.0034542886
6.9829347e-05
0.0034542794
7.2190647e-05
0.0034542706
7.4636924e-05
0.0034542624
7.7171543e-05
0.0034542547
7.9798682e-05
0.0034542473
8.2518873e-05
0.0034542406
8.533927e-05
0.003454234
8.825912e-05
0.0034542281
9.1287516e-05
0.0034542224
9.4423429e-05
0.0034542171
9.7674078e-05
0.0034542122
0.0001010415
0.0034542076
0.00010453055
0.0034542032
0.00010814422
0.0034541994
0.00011189396
0.0034541953
0.0001157687
0.0034541921
0.00011979603
0.0034541883
0.00012395156
0.0034541856
0.00012827612
0.0034541823
0.00013274032
0.0034541798
0.0001373793
0.0034541768
0.00014216963
0.0034541749
0.00014715582
0.0034541717
0.00015228867
0.0034541702
0.00015765415
0.0034541661
0.00016316863
0.0034541636
0.00016890685
0.0034541576
0.00017506525
0.0034541399
0.00018057705
0.0034541671
0.00019040376
0.0034538009
0.00018619514
0.003455014
0.00023942999
0.00017435595
0.003644001
4.6077859e-06
0.0036440532
4.9643368e-06
0.0036441182
5.3451339e-06
0.0036441962
5.7498803e-06
0.0036442872
6.1779362e-06
0.0036443906
6.6284532e-06
0.0036445056
7.1004647e-06
0.0036446311
7.5929611e-06
0.003644766
8.1049622e-06
0.003644909
8.635553e-06
0.0036450591
9.1838623e-06
0.003645215
9.7490089e-06
0.0036453756
1.0330065e-05
0.0036455397
1.0926066e-05
0.003645706
1.1536061e-05
0.0036458733
1.2159164e-05
0.0036460404
1.2794592e-05
0.0036462062
1.3441705e-05
0.0036463694
1.4100057e-05
0.0036465291
1.4769428e-05
0.0036466844
1.5449836e-05
0.0036468345
1.6141536e-05
0.0036469788
1.6844996e-05
0.0036471167
1.7560879e-05
0.0036472478
1.8290019e-05
0.003647372
1.9033367e-05
0.0036474889
1.9791958e-05
0.0036475985
2.0566886e-05
0.0036477008
2.1359301e-05
0.0036477957
2.217039e-05
0.0036478834
2.3001338e-05
0.0036479639
2.38533e-05
0.0036480375
2.472741e-05
0.0036481042
2.5624801e-05
0.0036481644
2.6546608e-05
0.0036482182
2.7493931e-05
0.0036482658
2.8467817e-05
0.0036483076
2.9469311e-05
0.0036483437
3.0499485e-05
0.0036483746
3.1559425e-05
0.0036484004
3.2650207e-05
0.0036484216
3.3772945e-05
0.0036484383
3.4928816e-05
0.0036484511
3.6119022e-05
0.00364846
3.7344818e-05
0.0036484657
3.8607599e-05
0.0036484682
3.9908854e-05
0.003648468
4.1250104e-05
0.0036484655
4.2633038e-05
0.0036484609
4.4059494e-05
0.0036484545
4.5531307e-05
0.0036484466
4.7050497e-05
0.0036484376
4.8619141e-05
0.0036484276
5.0239518e-05
0.003648417
5.1913866e-05
0.0036484058
5.3644656e-05
0.0036483944
5.5434322e-05
0.0036483829
5.7285583e-05
0.0036483713
5.9200912e-05
0.00364836
6.118325e-05
0.0036483489
6.3235449e-05
0.0036483381
6.5360134e-05
0.0036483277
6.7560514e-05
0.0036483177
6.9839336e-05
0.0036483082
7.2200157e-05
0.0036482991
7.464597e-05
0.0036482906
7.7180102e-05
0.0036482826
7.9806657e-05
0.003648275
8.2526502e-05
0.0036482679
8.5346285e-05
0.0036482612
8.8265894e-05
0.003648255
9.1293675e-05
0.0036482491
9.4429329e-05
0.0036482437
9.7679507e-05
0.0036482386
0.00010104661
0.0036482338
0.00010453533
0.0036482292
0.0001081488
0.0036482253
0.00011189791
0.0036482211
0.00011577291
0.0036482178
0.00011979932
0.0036482139
0.00012395547
0.003648211
0.00012827895
0.0036482077
0.00013274368
0.0036482051
0.00013738186
0.003648202
0.00014217272
0.0036482
0.00014715784
0.0036481967
0.00015229198
0.0036481952
0.00015765567
0.003648191
0.00016317284
0.0036481883
0.00016890955
0.0036481824
0.00017507114
0.003648163
0.00018059648
0.0036481933
0.00019037336
0.0036478152
0.00018657328
0.003649069
0.00023817616
0.00017528866
0.0038488665
4.5689454e-06
0.0038489168
4.9140811e-06
0.0038489791
5.2828117e-06
0.0038490539
5.6751243e-06
0.0038491411
6.0907087e-06
0.0038492405
6.5290495e-06
0.0038493515
6.9894756e-06
0.0038494732
7.4712079e-06
0.0038496048
7.9734181e-06
0.0038497451
8.4952726e-06
0.003849893
9.0359402e-06
0.0038500474
9.5945699e-06
0.0038502072
1.0170271e-05
0.0038503712
1.0762122e-05
0.003850538
1.13692e-05
0.0038507065
1.1990631e-05
0.0038508755
1.2625627e-05
0.0038510437
1.327352e-05
0.0038512099
1.3933807e-05
0.0038513732
1.4606186e-05
0.0038515324
1.5290572e-05
0.0038516869
1.5987099e-05
0.0038518358
1.669611e-05
0.0038519785
1.7418141e-05
0.0038521146
1.8153897e-05
0.0038522438
1.8904216e-05
0.0038523657
1.9670033e-05
0.0038524802
2.0452354e-05
0.0038525873
2.1252251e-05
0.0038526868
2.2070837e-05
0.0038527789
2.2909238e-05
0.0038528637
2.3768566e-05
0.0038529412
2.4649918e-05
0.0038530116
2.555439e-05
0.0038530751
2.6483081e-05
0.003853132
2.7437063e-05
0.0038531824
2.841737e-05
0.0038532267
2.9425026e-05
0.0038532651
3.0461081e-05
0.0038532979
3.1526602e-05
0.0038533255
3.2622654e-05
0.0038533481
3.3750339e-05
0.0038533661
3.4910819e-05
0.0038533798
3.6105291e-05
0.0038533896
3.7335011e-05
0.0038533959
3.8601363e-05
0.0038533989
3.9905832e-05
0.003853399
4.1249956e-05
0.0038533967
4.2635409e-05
0.0038533921
4.4064046e-05
0.0038533857
4.5537726e-05
0.0038533777
4.7058464e-05
0.0038533685
4.8628371e-05
0.0038533583
5.024973e-05
0.0038533473
5.1924821e-05
0.0038533359
5.365612e-05
0.0038533241
5.5446104e-05
0.0038533122
5.7297487e-05
0.0038533003
5.9212813e-05
0.0038532885
6.1195e-05
0.003853277
6.3246935e-05
0.0038532659
6.5371299e-05
0.0038532551
6.7571267e-05
0.0038532448
6.984967e-05
0.0038532349
7.2210001e-05
0.0038532256
7.4655329e-05
0.0038532167
7.7188958e-05
0.0038532085
7.9814917e-05
0.0038532006
8.2534388e-05
0.0038531933
8.5353554e-05
0.0038531863
8.8272888e-05
0.0038531799
9.1300058e-05
0.0038531738
9.4435421e-05
0.0038531682
9.7685126e-05
0.0038531629
0.00010105189
0.003853158
0.00010454027
0.0038531533
0.00010815352
0.0038531492
0.00011190201
0.0038531449
0.00011577723
0.0038531415
0.00011980273
0.0038531374
0.00012395948
0.0038531345
0.0001282819
0.0038531311
0.00013274711
0.0038531284
0.00013738451
0.0038531253
0.00014217587
0.0038531232
0.00014715994
0.0038531198
0.00015229536
0.0038531182
0.00015765729
0.0038531139
0.00016317712
0.003853111
0.00016891245
0.0038531052
0.00017507695
0.0038530841
0.00018061758
0.0038531175
0.00019033993
0.0038527285
0.00018696231
0.0038540203
0.00023688436
0.00017625116
0.0040652476
4.5312075e-06
0.004065296
4.8656425e-06
0.0040653558
5.2230038e-06
0.0040654274
5.603505e-06
0.004065511
6.0071068e-06
0.0040656065
6.4335762e-06
0.0040657135
6.8825098e-06
0.0040658313
7.3533593e-06
0.0040659593
7.8454751e-06
0.0040660964
8.358149e-06
0.0040662417
8.8906344e-06
0.0040663941
9.4421454e-06
0.0040665525
1.0011851e-05
0.0040667158
1.0598884e-05
0.0040668826
1.1202368e-05
0.0040670518
1.1821452e-05
0.0040672221
1.2455352e-05
0.0040673922
1.3103386e-05
0.004067561
1.3765008e-05
0.0040677273
1.4439845e-05
0.0040678902
1.5127719e-05
0.0040680486
1.5828655e-05
0.0040682019
1.6542876e-05
0.0040683492
1.7270793e-05
0.0040684901
1.8012986e-05
0.0040686242
1.8770174e-05
0.004068751
1.9543187e-05
0.0040688704
2.0332936e-05
0.0040689823
2.1140406e-05
0.0040690865
2.1966631e-05
0.004069183
2.281267e-05
0.004069272
2.3679582e-05
0.0040693535
2.4568419e-05
0.0040694277
2.5480236e-05
0.0040694947
2.6416088e-05
0.0040695547
2.7377016e-05
0.0040696081
2.8364032e-05
0.0040696549
2.9378136e-05
0.0040696957
3.0420354e-05
0.0040697305
3.149173e-05
0.0040697599
3.2593317e-05
0.004069784
3.3726201e-05
0.0040698033
3.4891526e-05
0.0040698181
3.6090487e-05
0.0040698288
3.7324337e-05
0.0040698357
3.8594448e-05
0.0040698392
3.9902303e-05
0.0040698397
4.1249454e-05
0.0040698376
4.2637564e-05
0.0040698331
4.4068503e-05
0.0040698267
4.5544152e-05
0.0040698186
4.7066529e-05
0.0040698092
4.8637771e-05
0.0040697988
5.0260173e-05
0.0040697876
5.1936054e-05
0.0040697758
5.3667899e-05
0.0040697637
5.5458226e-05
0.0040697514
5.7309752e-05
0.0040697391
5.9225083e-05
0.004069727
6.1207122e-05
0.0040697151
6.3258791e-05
0.0040697036
6.5382825e-05
0.0040696925
6.7582374e-05
0.0040696818
6.9860343e-05
0.0040696717
7.2220171e-05
0.004069662
7.4664996e-05
0.0040696529
7.7198105e-05
0.0040696443
7.9823457e-05
0.0040696362
8.2542525e-05
0.0040696287
8.5361072e-05
0.0040696214
8.8280097e-05
0.0040696148
9.1306659e-05
0.0040696086
9.4441701e-05
0.0040696028
9.7690929e-05
0.0040695973
0.00010105733
0.0040695922
0.00010454536
0.0040695874
0.00010815838
0.0040695831
0.00011190625
0.0040695787
0.00011578167
0.0040695751
0.00011980628
0.0040695711
0.00012396358
0.004069568
0.00012828497
0.0040695645
0.00013275062
0.0040695617
0.00013738726
0.0040695585
0.0001421791
0.0040695563
0.00014716212
0.0040695529
0.00015229881
0.0040695512
0.00015765899
0.0040695468
0.00016318146
0.0040695437
0.00016891558
0.004069538
0.00017508266
0.0040695152
0.00018064039
0.0040695516
0.00019030353
0.0040691531
0.00018736082
0.0040704788
0.00023555868
0.00017724057
0.0042937914
4.4945388e-06
0.0042938381
4.8189359e-06
0.0042938955
5.1655859e-06
0.0042939641
5.5348809e-06
0.0042940442
5.9270019e-06
0.0042941358
6.341954e-06
0.0042942388
6.7795717e-06
0.0042943526
7.239528e-06
0.0042944767
7.721364e-06
0.0042946103
8.2245238e-06
0.0042947526
8.7483795e-06
0.0042949025
9.2922405e-06
0.004295059
9.8553587e-06
0.0042952209
1.0436939e-05
0.0042953871
1.1036164e-05
0.0042955564
1.1652224e-05
0.0042957274
1.2284354e-05
0.0042958989
1.2931868e-05
0.0042960697
1.359419e-05
0.0042962387
1.4270893e-05
0.0042964047
1.496172e-05
0.0042965667
1.5666595e-05
0.004296724
1.6385632e-05
0.0042968756
1.7119119e-05
0.0042970211
1.7867515e-05
0.0042971599
1.863142e-05
0.0042972915
1.9411551e-05
0.0042974157
2.020872e-05
0.0042975323
2.1023818e-05
0.0042976411
2.1857792e-05
0.0042977422
2.2711627e-05
0.0042978354
2.3586319e-05
0.004297921
2.448287e-05
0.0042979989
2.5402281e-05
0.0042980695
2.6345563e-05
0.0042981328
2.7313718e-05
0.0042981891
2.8307727e-05
0.0042982386
2.9328566e-05
0.0042982818
3.0377231e-05
0.0042983188
3.145474e-05
0.0042983499
3.2562128e-05
0.0042983757
3.3700465e-05
0.0042983963
3.487088e-05
0.0042984123
3.6074556e-05
0.0042984239
3.7312745e-05
0.0042984315
3.8586809e-05
0.0042984356
3.9898226e-05
0.0042984365
4.1248559e-05
0.0042984346
4.2639468e-05
0.0042984302
4.4072834e-05
0.0042984238
4.5550557e-05
0.0042984157
4.7074664e-05
0.0042984061
4.8647318e-05
0.0042983955
5.0270828e-05
0.004298384
5.1947547e-05
0.0042983719
5.3679977e-05
0.0042983595
5.5470674e-05
0.0042983469
5.7322363e-05
0.0042983342
5.9237706e-05
0.0042983217
6.1219605e-05
0.0042983095
6.3271008e-05
0.0042982977
6.5394704e-05
0.0042982862
6.7593827e-05
0.0042982752
6.9871346e-05
0.0042982647
7.2230661e-05
0.0042982547
7.4674964e-05
0.0042982453
7.7207537e-05
0.0042982365
7.9832269e-05
0.0042982281
8.2550906e-05
0.0042982204
8.5368834e-05
0.0042982129
8.8287517e-05
0.0042982061
9.1313473e-05
0.0042981997
9.4448162e-05
0.0042981937
9.7696912e-05
0.0042981881
0.00010106293
0.0042981828
0.0001045506
0.0042981778
0.00010816337
0.0042981735
0.00011191062
0.0042981689
0.00011578621
0.0042981652
0.00011980995
0.0042981611
0.00012396775
0.0042981579
0.00012828814
0.0042981543
0.00013275419
0.0042981515
0.0001373901
0.0042981482
0.00014218238
0.0042981459
0.00014716439
0.0042981424
0.0001523023
0.0042981407
0.00015766078
0.0042981363
0.00016318585
0.0042981329
0.00016891893
0.0042981273
0.00017508826
0.0042981028
0.00018066491
0.004298142
0.00019026431
0.0042977357
0.00018776713
0.0042990907
0.0002342037
0.0001782538
0.0045351815
4.4589118e-06
0.0045352265
4.7738906e-06
0.0045352817
5.110452e-06
0.0045353474
5.4691281e-06
0.0045354241
5.8502776e-06
0.004535512
6.2541047e-06
0.0045356109
6.6806522e-06
0.0045357206
7.1297987e-06
0.0045358407
7.6012763e-06
0.0045359706
8.094696e-06
0.0045361094
8.6095713e-06
0.0045362563
9.1453315e-06
0.0045364103
9.7013322e-06
0.0045365704
1.0276869e-05
0.0045367353
1.08712e-05
0.004536904
1.1483572e-05
0.0045370751
1.2113255e-05
0.0045372474
1.2759573e-05
0.0045374196
1.3421938e-05
0.0045375906
1.4099884e-05
0.0045377593
1.4793085e-05
0.0045379245
1.5501384e-05
0.0045380853
1.6224788e-05
0.004538241
1.6963477e-05
0.0045383907
1.7717787e-05
0.0045385339
1.84882e-05
0.0045386701
1.9275322e-05
0.004538799
2.0079856e-05
0.0045389202
2.0902593e-05
0.0045390336
2.174439e-05
0.0045391391
2.2606147e-05
0.0045392367
2.3488791e-05
0.0045393263
2.4393259e-05
0.004539408
2.5320498e-05
0.0045394821
2.6271466e-05
0.0045395487
2.7247119e-05
0.0045396081
2.8248401e-05
0.0045396604
2.9276257e-05
0.004539706
3.033165e-05
0.0045397451
3.141557e-05
0.0045397782
3.2529029e-05
0.0045398056
3.3673077e-05
0.0045398277
3.4848826e-05
0.0045398448
3.6057447e-05
0.0045398573
3.7300187e-05
0.0045398657
3.8578401e-05
0.0045398704
3.9893559e-05
0.0045398717
4.1247235e-05
0.0045398701
4.2641088e-05
0.0045398659
4.4077005e-05
0.0045398596
4.5556911e-05
0.0045398514
4.7082842e-05
0.0045398417
4.8656986e-05
0.0045398309
5.0281668e-05
0.0045398192
5.1959276e-05
0.0045398068
5.3692332e-05
0.0045397941
5.5483428e-05
0.0045397811
5.7335302e-05
0.0045397682
5.9250668e-05
0.0045397553
6.1232433e-05
0.0045397428
6.3283569e-05
0.0045397306
6.5406921e-05
0.0045397188
6.7605612e-05
0.0045397074
6.9882666e-05
0.0045396967
7.2241456e-05
0.0045396864
7.4685221e-05
0.0045396767
7.7217242e-05
0.0045396676
7.9841344e-05
0.004539659
8.2559522e-05
0.004539651
8.537683e-05
0.0045396434
8.8295137e-05
0.0045396364
9.132049e-05
0.0045396297
9.4454799e-05
0.0045396236
9.7703065e-05
0.0045396178
0.00010106869
0.0045396124
0.00010455599
0.0045396073
0.0001081685
0.0045396028
0.00011191512
0.0045395982
0.00011579085
0.0045395944
0.00011981375
0.0045395901
0.00012397199
0.0045395868
0.00012829143
0.0045395832
0.00013275782
0.0045395803
0.00013739302
0.004539577
0.00014218573
0.0045395746
0.00014716672
0.0045395711
0.00015230584
0.0045395692
0.00015766266
0.0045395648
0.00016319027
0.0045395612
0.0001689225
0.0045395557
0.00017509373
0.0045395295
0.00018069109
0.0045395714
0.00019022244
0.0045391591
0.00018817943
0.0045405384
0.00023282443
0.0001792874
0.00479014
4.4243078e-06
0.0047901834
4.7304498e-06
0.0047902364
5.0575135e-06
0.0047902993
5.4061401e-06
0.0047903728
5.7768307e-06
0.0047904569
6.1699543e-06
0.0047905519
6.5857334e-06
0.0047906574
7.0242333e-06
0.0047907733
7.4853694e-06
0.0047908991
7.9689245e-06
0.0047910341
8.4745664e-06
0.0047911776
9.0018614e-06
0.0047913286
9.550287e-06
0.0047914862
1.0119247e-05
0.0047916494
1.0708089e-05
0.0047918168
1.1316135e-05
0.0047919873
1.1942705e-05
0.0047921598
1.2587151e-05
0.0047923328
1.3248888e-05
0.0047925053
1.3927426e-05
0.004792676
1.4622392e-05
0.0047928438
1.5333554e-05
0.0047930077
1.6060832e-05
0.0047931669
1.6804298e-05
0.0047933205
1.7564179e-05
0.0047934679
1.8340839e-05
0.0047936084
1.9134768e-05
0.0047937417
1.9946561e-05
0.0047938674
2.0776904e-05
0.0047939853
2.1626554e-05
0.0047940951
2.2496323e-05
0.0047941968
2.3387056e-05
0.0047942905
2.4299621e-05
0.0047943761
2.5234902e-05
0.0047944537
2.6193794e-05
0.0047945237
2.7177202e-05
0.004794586
2.8186027e-05
0.0047946411
2.9221176e-05
0.0047946892
3.0283574e-05
0.0047947306
3.1374178e-05
0.0047947656
3.2493974e-05
0.0047947947
3.3643991e-05
0.0047948182
3.4825319e-05
0.0047948366
3.6039116e-05
0.0047948501
3.7286622e-05
0.0047948593
3.8569182e-05
0.0047948646
3.9888263e-05
0.0047948664
4.1245442e-05
0.0047948651
4.2642386e-05
0.0047948611
4.4080983e-05
0.0047948549
4.5563181e-05
0.0047948467
4.7091032e-05
0.0047948369
4.8666746e-05
0.0047948259
5.0292666e-05
0.004794814
5.1971216e-05
0.0047948014
5.370494e-05
0.0047947883
5.5496463e-05
0.0047947751
5.7348545e-05
0.0047947618
5.9263946e-05
0.0047947487
6.1245584e-05
0.0047947358
6.3296455e-05
0.0047947233
6.5419458e-05
0.0047947112
6.7617709e-05
0.0047946995
6.9894287e-05
0.0047946884
7.2252541e-05
0.0047946779
7.4695752e-05
0.004794668
7.7227205e-05
0.0047946586
7.9850668e-05
0.0047946498
8.256836e-05
0.0047946416
8.5385045e-05
0.0047946338
8.8302946e-05
0.0047946266
9.1327698e-05
0.0047946198
9.4461598e-05
0.0047946134
9.7709377e-05
0.0047946075
0.00010107459
0.004794602
0.00010456151
0.0047945968
0.00010817374
0.0047945922
0.00011191974
0.0047945874
0.00011579557
0.0047945835
0.00011981766
0.0047945792
0.0001239763
0.0047945758
0.00012829482
0.0047945722
0.00013276151
0.0047945692
0.00013739603
0.0047945658
0.00014218911
0.0047945634
0.00014716913
0.0047945598
0.0001523094
0.0047945578
0.00015766462
0.0047945534
0.00016319471
0.0047945496
0.0001689263
0.0047945442
0.00017509908
0.0047945164
0.0001807189
0.0047945608
0.00019017811
0.0047941444
0.00018859574
0.0047955425
0.0002314264
0.00018033753
0.0050594293
4.3907173e-06
0.0050594712
4.68857e-06
0.005059522
5.0066982e-06
0.0050595823
5.3458272e-06
0.0050596526
5.7065714e-06
0.0050597331
6.0894347e-06
0.005059824
6.4947925e-06
0.0050599254
6.9228764e-06
0.005060037
7.3737728e-06
0.0050601585
7.8474328e-06
0.0050602894
8.3436835e-06
0.005060429
8.8622392e-06
0.0050605766
9.4027122e-06
0.0050607312
9.9646277e-06
0.0050608918
1.0547441e-05
0.0050610574
1.1150561e-05
0.0050612267
1.1773377e-05
0.0050613986
1.2415286e-05
0.0050615718
1.3075722e-05
0.005061745
1.3754189e-05
0.0050619171
1.4450282e-05
0.005062087
1.5163712e-05
0.0050622535
1.5894324e-05
0.0050624157
1.6642096e-05
0.0050625727
1.740715e-05
0.0050627238
1.8189739e-05
0.0050628683
1.8990238e-05
0.0050630057
1.9809131e-05
0.0050631357
2.0646995e-05
0.0050632577
2.1504483e-05
0.0050633717
2.2382311e-05
0.0050634776
2.3281236e-05
0.0050635751
2.4202046e-05
0.0050636645
2.5145553e-05
0.0050637457
2.6112585e-05
0.0050638189
2.7103988e-05
0.0050638843
2.812061e-05
0.0050639422
2.9163315e-05
0.0050639928
3.0232986e-05
0.0050640364
3.1330541e-05
0.0050640734
3.2456937e-05
0.0050641043
3.3613176e-05
0.0050641293
3.4800326e-05
0.0050641488
3.6019529e-05
0.0050641634
3.7272013e-05
0.0050641735
3.8559117e-05
0.0050641795
3.9882301e-05
0.0050641818
4.1243146e-05
0.0050641808
4.2643326e-05
0.0050641771
4.4084731e-05
0.0050641709
4.5569331e-05
0.0050641628
4.70992e-05
0.0050641529
4.8676564e-05
0.0050641418
5.030379e-05
0.0050641297
5.1983335e-05
0.0050641169
5.3717769e-05
0.0050641036
5.5509751e-05
0.0050640901
5.7362064e-05
0.0050640765
5.9277513e-05
0.0050640631
6.1259032e-05
0.0050640499
6.3309642e-05
0.005064037
6.5432289e-05
0.0050640246
6.7630098e-05
0.0050640128
6.9906187e-05
0.0050640014
7.2263896e-05
0.0050639906
7.4706536e-05
0.0050639804
7.7237407e-05
0.0050639709
7.9860222e-05
0.0050639618
8.2577403e-05
0.0050639534
8.5393464e-05
0.0050639454
8.831093e-05
0.005063938
9.1335081e-05
0.0050639311
9.4468548e-05
0.0050639246
9.7715835e-05
0.0050639186
0.00010108063
0.0050639129
0.00010456714
0.0050639076
0.00010817909
0.0050639029
0.00011192447
0.0050638981
0.00011580036
0.0050638941
0.00011982167
0.0050638897
0.00012398065
0.0050638862
0.0001282983
0.0050638825
0.00013276523
0.0050638794
0.0001373991
0.005063876
0.00014219253
0.0050638735
0.0001471716
0.0050638699
0.00015231299
0.0050638679
0.00015766667
0.0050638635
0.00016319916
0.0050638594
0.00016893032
0.0050638542
0.00017510427
0.0050638249
0.00018074828
0.0050638714
0.00019013156
0.0050634532
0.000189014
0.005064864
0.00023001557
0.0001814
0.0053438551
4.3581401e-06
0.0053438954
4.6482208e-06
0.0053439442
4.9579498e-06
0.0053440019
5.2881166e-06
0.0053440691
5.639424e-06
0.005344146
6.0124857e-06
0.005344233
6.4078058e-06
0.0053443301
6.8257607e-06
0.0053444373
7.266593e-06
0.0053445543
7.7304132e-06
0.0053446808
8.2172067e-06
0.0053448162
8.7268396e-06
0.0053449598
9.2590677e-06
0.0053451109
9.8135486e-06
0.0053452685
1.0389857e-05
0.0053454315
1.0987504e-05
0.005345599
1.1605963e-05
0.0053457696
1.2244692e-05
0.0053459421
1.2903164e-05
0.0053461154
1.3580892e-05
0.0053462882
1.4277459e-05
0.0053464594
1.4992537e-05
0.0053466278
1.5725906e-05
0.0053467925
1.6477469e-05
0.0053469524
1.7247248e-05
0.0053471067
1.8035393e-05
0.0053472548
1.884217e-05
0.005347396
1.9667948e-05
0.0053475298
2.0513195e-05
0.0053476558
2.1378456e-05
0.0053477737
2.2264342e-05
0.0053478835
2.3171518e-05
0.0053479848
2.4100683e-05
0.0053480778
2.5052569e-05
0.0053481625
2.6027929e-05
0.0053482389
2.7027542e-05
0.0053483073
2.8052197e-05
0.0053483679
2.9102705e-05
0.005348421
3.0179902e-05
0.0053484669
3.1284666e-05
0.0053485059
3.2417914e-05
0.0053485385
3.3580622e-05
0.005348565
3.4773829e-05
0.0053485858
3.5998662e-05
0.0053486015
3.7256334e-05
0.0053486125
3.8548177e-05
0.0053486191
3.9875641e-05
0.005348622
4.1240312e-05
0.0053486214
4.2643873e-05
0.0053486179
4.4088214e-05
0.0053486119
4.5575326e-05
0.0053486038
4.7107306e-05
0.005348594
4.8686402e-05
0.0053485828
5.0315001e-05
0.0053485705
5.1995594e-05
0.0053485575
5.3730782e-05
0.005348544
5.5523256e-05
0.0053485302
5.7375824e-05
0.0053485164
5.9291335e-05
0.0053485027
6.1272744e-05
0.0053484892
6.3323096e-05
0.0053484761
6.5445386e-05
0.0053484635
6.7642747e-05
0.0053484513
6.9918337e-05
0.0053484398
7.2275492e-05
0.0053484287
7.471755e-05
0.0053484183
7.7247825e-05
0.0053484086
7.9869983e-05
0.0053483993
8.258663e-05
0.0053483907
8.5402066e-05
0.0053483826
8.8319068e-05
0.0053483751
9.1342621e-05
0.005348368
9.4475631e-05
0.0053483614
9.7722422e-05
0.0053483552
0.00010108677
0.0053483495
0.00010457289
0.0053483441
0.00010818452
0.0053483392
0.0001119293
0.0053483344
0.00011580522
0.0053483303
0.00011982578
0.0053483259
0.00012398505
0.0053483223
0.00012830186
0.0053483186
0.00013276898
0.0053483154
0.00013740224
0.005348312
0.00014219597
0.0053483095
0.00014717412
0.0053483059
0.00015231658
0.0053483037
0.0001576688
0.0053482993
0.00016320359
0.0053482951
0.00016893456
0.00534829
0.00017510931
0.0053482592
0.00018077912
0.0053483077
0.00019008304
0.0053478897
0.00018943199
0.0053493069
0.00022859834
0.00018247026
0.0056442678
4.3265852e-06
0.0056443066
4.6093841e-06
0.0056443533
4.9112277e-06
0.0056444085
5.2329517e-06
0.0056444726
5.5753277e-06
0.005644546
5.9390573e-06
0.0056446291
6.3247515e-06
0.0056447219
6.7329117e-06
0.0056448246
7.1639192e-06
0.005644937
7.6180328e-06
0.0056450588
8.095389e-06
0.0056451896
8.5960052e-06
0.0056453289
9.1197839e-06
0.0056454759
9.6665219e-06
0.0056456299
1.0235923e-05
0.0056457898
1.0827613e-05
0.0056459546
1.1441163e-05
0.0056461232
1.2076107e-05
0.0056462943
1.2731974e-05
0.0056464669
1.3408306e-05
0.0056466397
1.4104689e-05
0.0056468115
1.4820776e-05
0.0056469811
1.55563e-05
0.0056471474
1.6311098e-05
0.0056473096
1.708511e-05
0.0056474666
1.7878389e-05
0.0056476177
1.8691095e-05
0.0056477621
1.9523488e-05
0.0056478994
2.0375924e-05
0.005648029
2.1248837e-05
0.0056481506
2.2142733e-05
0.005648264
2.3058172e-05
0.0056483689
2.3995759e-05
0.0056484653
2.4956137e-05
0.0056485533
2.5939979e-05
0.0056486328
2.6947986e-05
0.0056487041
2.7980883e-05
0.0056487674
2.9039419e-05
0.0056488229
3.0124378e-05
0.005648871
3.1236589e-05
0.005648912
3.237693e-05
0.0056489463
3.354634e-05
0.0056489743
3.4745832e-05
0.0056489964
3.597651e-05
0.0056490132
3.7239573e-05
0.005649025
3.853634e-05
0.0056490324
3.9868258e-05
0.0056490358
4.123691e-05
0.0056490357
4.2643996e-05
0.0056490325
4.4091394e-05
0.0056490267
4.5581126e-05
0.0056490187
4.7115312e-05
0.0056490089
4.8696218e-05
0.0056489976
5.0326257e-05
0.0056489853
5.2007953e-05
0.0056489721
5.3743936e-05
0.0056489584
5.5536934e-05
0.0056489445
5.7389783e-05
0.0056489305
5.930537e-05
0.0056489165
6.128668e-05
0.0056489028
6.3336779e-05
0.0056488895
6.5458711e-05
0.0056488766
6.7655621e-05
0.0056488643
6.9930704e-05
0.0056488525
7.2287296e-05
0.0056488413
7.4728761e-05
0.0056488307
7.7258427e-05
0.0056488207
7.9879924e-05
0.0056488113
8.2596015e-05
0.0056488026
8.5410823e-05
0.0056487943
8.8327338e-05
0.0056487866
9.1350295e-05
0.0056487794
9.4482826e-05
0.0056487727
9.7729116e-05
0.0056487665
0.00010109302
0.0056487607
0.00010457871
0.0056487552
0.00010819004
0.0056487502
0.00011193422
0.0056487453
0.00011581012
0.0056487412
0.00011982997
0.0056487367
0.00012398946
0.0056487331
0.00012830549
0.0056487293
0.00013277275
0.0056487262
0.00013740542
0.0056487227
0.00014219942
0.0056487202
0.00014717669
0.0056487166
0.00015232015
0.0056487144
0.000157671
0.00564871
0.00016320798
0.0056487055
0.00016893899
0.0056487007
0.00017511418
0.0056486685
0.00018081131
0.0056487187
0.00019003284
0.0056483032
0.00018984744
0.00564972
0.00022718154
0.00018354338
0.0059615662
4.2960722e-06
0.0059616035
4.5720564e-06
0.0059616482
4.866507e-06
0.0059617009
5.1802927e-06
0.005961762
5.5142371e-06
0.0059618319
5.8691112e-06
0.0059619111
6.2456139e-06
0.0059619996
6.6443524e-06
0.0059620977
7.0658297e-06
0.0059622053
7.5104386e-06
0.0059623222
7.9784576e-06
0.0059624482
8.4700495e-06
0.0059625827
8.9852626e-06
0.0059627252
9.5240361e-06
0.0059628749
1.0086208e-05
0.005963031
1.0671529e-05
0.0059631925
1.1279679e-05
0.0059633583
1.1910285e-05
0.0059635273
1.2562943e-05
0.0059636984
1.3237244e-05
0.0059638703
1.3932796e-05
0.0059640418
1.4649248e-05
0.0059642118
1.5386306e-05
0.0059643792
1.6143757e-05
0.0059645428
1.692147e-05
0.0059647018
1.7719413e-05
0.0059648552
1.8537649e-05
0.0059650024
1.9376332e-05
0.0059651426
2.0235706e-05
0.0059652753
2.1116096e-05
0.0059654002
2.2017895e-05
0.0059655168
2.2941556e-05
0.005965625
2.3887584e-05
0.0059657246
2.4856525e-05
0.0059658156
2.5848961e-05
0.0059658981
2.6865511e-05
0.0059659721
2.7906825e-05
0.005966038
2.8973585e-05
0.0059660958
3.0066516e-05
0.005966146
3.1186391e-05
0.0059661889
3.2334044e-05
0.0059662249
3.3510373e-05
0.0059662543
3.4716362e-05
0.0059662778
3.5953088e-05
0.0059662956
3.7221732e-05
0.0059663083
3.8523602e-05
0.0059663165
3.9860137e-05
0.0059663205
4.1232919e-05
0.0059663208
4.2643662e-05
0.0059663179
4.4094237e-05
0.0059663124
4.5586693e-05
0.0059663045
4.7123174e-05
0.0059662948
4.8705967e-05
0.0059662835
5.033751e-05
0.0059662711
5.202036e-05
0.0059662579
5.3757181e-05
0.0059662441
5.5550735e-05
0.00596623
5.7403889e-05
0.0059662158
5.931957e-05
0.0059662016
6.1300791e-05
0.0059661878
6.3350645e-05
0.0059661743
6.5472217e-05
0.0059661612
6.7668676e-05
0.0059661487
6.9943246e-05
0.0059661367
7.229927e-05
0.0059661253
7.4740131e-05
0.0059661146
7.7269179e-05
0.0059661045
7.989001e-05
0.005966095
8.2605525e-05
0.0059660861
8.5419706e-05
0.0059660777
8.8335711e-05
0.00596607
9.1358072e-05
0.0059660627
9.4490107e-05
0.0059660559
9.7735892e-05
0.0059660496
0.00010109933
0.0059660437
0.00010458461
0.0059660381
0.0001081956
0.0059660332
0.00011193919
0.0059660282
0.00011581504
0.005966024
0.00011983421
0.0059660196
0.00012399387
0.0059660159
0.00012830916
0.0059660121
0.00013277651
0.0059660089
0.00013740863
0.0059660055
0.00014220286
0.0059660029
0.00014717929
0.0059659993
0.0001523237
0.0059659971
0.00015767325
0.0059659927
0.00016321233
0.0059659881
0.00016894361
0.0059659834
0.00017511887
0.00596595
0.00018084469
0.0059660016
0.00018998129
0.0059655911
0.00019025798
0.0059670002
0.0002257724
0.00018461411
0.0062966991
4.2666305e-06
0.0062967349
4.536247e-06
0.0062967776
4.8237787e-06
0.0062968278
5.1301167e-06
0.0062968859
5.456123e-06
0.0062969524
5.8026228e-06
0.0062970276
6.1703857e-06
0.0062971119
6.5601077e-06
0.0062972053
6.9723967e-06
0.006297308
7.4077645e-06
0.0062974198
7.8666195e-06
0.0062975406
8.3492618e-06
0.00629767
8.8558806e-06
0.0062978075
9.3865563e-06
0.0062979524
9.9412647e-06
0.006298104
1.0519886e-05
0.0062982615
1.1122219e-05
0.0062984238
1.1747992e-05
0.0062985899
1.2396888e-05
0.0062987585
1.306856e-05
0.0062989287
1.3762656e-05
0.0062990991
1.4478838e-05
0.0062992686
1.5216805e-05
0.006299436
1.5976306e-05
0.0062996003
1.675716e-05
0.0062997605
1.7559258e-05
0.0062999156
1.8382577e-05
0.0063000647
1.9227171e-05
0.0063002073
2.0093178e-05
0.0063003426
2.098081e-05
0.0063004701
2.1890349e-05
0.0063005895
2.2822136e-05
0.0063007005
2.3776569e-05
0.006300803
2.4754091e-05
0.0063008967
2.5755187e-05
0.0063009819
2.6780385e-05
0.0063010584
2.7830252e-05
0.0063011266
2.8905396e-05
0.0063011867
3.0006475e-05
0.0063012389
3.1134203e-05
0.0063012835
3.228936e-05
0.0063013211
3.3472803e-05
0.006301352
3.4685479e-05
0.0063013766
3.5928435e-05
0.0063013955
3.7202835e-05
0.0063014092
3.8509971e-05
0.006301418
3.9851274e-05
0.0063014226
4.1228323e-05
0.0063014235
4.2642845e-05
0.006301421
4.4096709e-05
0.0063014157
4.5591985e-05
0.006301408
4.7130846e-05
0.0063013984
4.8715597e-05
0.0063013872
5.0348705e-05
0.0063013748
5.2032759e-05
0.0063013615
5.3770459e-05
0.0063013476
5.5564601e-05
0.0063013335
5.7418084e-05
0.0063013191
5.9333876e-05
0.0063013049
6.1315019e-05
0.0063012909
6.3364636e-05
0.0063012773
6.5485852e-05
0.0063012641
6.7681858e-05
0.0063012514
6.9955912e-05
0.0063012394
7.2311363e-05
0.0063012279
7.4751614e-05
0.006301217
7.7280036e-05
0.0063012068
7.9900198e-05
0.0063011972
8.2615121e-05
0.0063011883
8.5428675e-05
0.0063011798
8.8344153e-05
0.006301172
9.136592e-05
0.0063011646
9.4497443e-05
0.0063011578
9.7742719e-05
0.0063011514
0.00010110569
0.0063011455
0.00010459053
0.0063011399
0.00010820118
0.0063011349
0.0001119442
0.00630113
0.00011581996
0.0063011257
0.00011983849
0.0063011213
0.00012399827
0.0063011176
0.00012831287
0.0063011139
0.00013278025
0.0063011107
0.00013741185
0.0063011072
0.00014220628
0.0063011046
0.0001471819
0.0063011011
0.00015232719
0.0063010988
0.00015767555
0.0063010946
0.00016321659
0.0063010898
0.00016894839
0.0063010853
0.00017512338
0.0063010509
0.00018087908
0.0063011035
0.00018992872
0.0063007003
0.00019066118
0.0063020942
0.00022437851
0.00018567685
0.006650669
4.2383003e-06
0.0066507032
4.5019785e-06
0.0066507439
4.7830493e-06
0.0066507916
5.0824179e-06
0.0066508468
5.4009737e-06
0.0066509098
5.739583e-06
0.0066509812
6.0990719e-06
0.006651061
6.4802093e-06
0.0066511498
6.8836925e-06
0.0066512474
7.3101373e-06
0.0066513539
7.7600686e-06
0.0066514693
8.2339131e-06
0.0066515932
8.7319938e-06
0.0066517252
9.2545276e-06
0.0066518648
9.8016272e-06
0.0066520114
1.0373306e-05
0.0066521641
1.0969485e-05
0.0066523221
1.1590007e-05
0.0066524844
1.2234651e-05
0.0066526498
1.2903146e-05
0.0066528172
1.3595197e-05
0.0066529856
1.4310497e-05
0.0066531536
1.5048753e-05
0.0066533202
1.5809699e-05
0.0066534843
1.6593112e-05
0.0066536447
1.7398827e-05
0.0066538006
1.8226741e-05
0.0066539509
1.9076819e-05
0.006654095
1.9949098e-05
0.0066542321
2.0843681e-05
0.0066543617
2.1760737e-05
0.0066544834
2.2700495e-05
0.0066545967
2.3663238e-05
0.0066547015
2.4649301e-05
0.0066547976
2.5659068e-05
0.006654885
2.6692967e-05
0.0066549638
2.7751476e-05
0.0066550341
2.8835121e-05
0.0066550961
2.9944485e-05
0.0066551501
3.1080216e-05
0.0066551964
3.2243037e-05
0.0066552354
3.3433756e-05
0.0066552676
3.465328e-05
0.0066552934
3.5902626e-05
0.0066553133
3.7182933e-05
0.0066553278
3.8495476e-05
0.0066553374
3.984168e-05
0.0066553426
4.1223119e-05
0.0066553439
4.2641527e-05
0.0066553419
4.409878e-05
0.0066553369
4.5596965e-05
0.0066553295
4.7138279e-05
0.00665532
4.8725053e-05
0.0066553089
5.0359781e-05
0.0066552966
5.2045086e-05
0.0066552834
5.3783702e-05
0.0066552695
5.5578462e-05
0.0066552553
5.7432298e-05
0.0066552409
5.9348218e-05
0.0066552267
6.1329297e-05
0.0066552126
6.3378685e-05
0.0066551989
6.5499549e-05
0.0066551857
6.7695106e-05
0.0066551729
6.9968641e-05
0.0066551608
7.2323517e-05
0.0066551492
7.4763155e-05
0.0066551383
7.7290945e-05
0.0066551281
7.9910438e-05
0.0066551185
8.2624758e-05
0.0066551095
8.5437685e-05
0.006655101
8.835262e-05
0.0066550931
9.1373797e-05
0.0066550858
9.4504797e-05
0.0066550789
9.7749562e-05
0.0066550725
0.00010111206
0.0066550666
0.00010459647
0.006655061
0.00010820677
0.006655056
0.00011194922
0.0066550511
0.00011582485
0.0066550468
0.00011984278
0.0066550425
0.00012400263
0.0066550388
0.00012831658
0.0066550351
0.00013278395
0.0066550319
0.00013741506
0.0066550285
0.00014220964
0.0066550259
0.00014718451
0.0066550225
0.00015233061
0.0066550202
0.00015767787
0.006655016
0.00016322075
0.0066550111
0.00016895329
0.0066550068
0.00017512768
0.0066549716
0.00018091424
0.0066550248
0.00018987553
0.0066546314
0.00019105458
0.0066560021
0.00022300781
0.00018672563
0.0070245346
4.2111334e-06
0.0070245673
4.4692878e-06
0.007024606
4.7443422e-06
0.0070246512
5.037209e-06
0.0070247034
5.3487964e-06
0.007024763
5.6800009e-06
0.0070248304
6.0316928e-06
0.0070249059
6.4047002e-06
0.0070249898
6.7997953e-06
0.0070250822
7.2176834e-06
0.0070251833
7.6589923e-06
0.0070252929
8.1242635e-06
0.007025411
8.6139435e-06
0.0070255371
9.1283795e-06
0.007025671
9.6678169e-06
0.0070258119
1.0232401e-05
0.0070259592
1.082218e-05
0.0070261121
1.1437116e-05
0.0070262696
1.2077091e-05
0.0070264308
1.2741927e-05
0.0070265946
1.3431395e-05
0.0070267599
1.4145238e-05
0.0070269255
1.4883188e-05
0.0070270902
1.5644978e-05
0.0070272529
1.6430364e-05
0.0070274126
1.7239135e-05
0.0070275682
1.8071126e-05
0.0070277188
1.8926221e-05
0.0070278636
1.9804361e-05
0.0070280017
2.0705547e-05
0.0070281326
2.1629837e-05
0.0070282558
2.2577345e-05
0.0070283708
2.3548241e-05
0.0070284773
2.4542745e-05
0.0070285752
2.5561132e-05
0.0070286645
2.6603727e-05
0.0070287451
2.767091e-05
0.0070288171
2.8763118e-05
0.0070288807
2.9880853e-05
0.0070289362
3.1024692e-05
0.007028984
3.2195293e-05
0.0070290243
3.3393412e-05
0.0070290577
3.4619912e-05
0.0070290845
3.5875772e-05
0.0070291053
3.7162107e-05
0.0070291206
3.8480175e-05
0.0070291309
3.9831387e-05
0.0070291367
4.1217315e-05
0.0070291386
4.2639701e-05
0.0070291369
4.4100426e-05
0.0070291323
4.5601593e-05
0.0070291252
4.7145424e-05
0.0070291159
4.8734277e-05
0.007029105
5.0370673e-05
0.0070290929
5.2057269e-05
0.0070290797
5.3796834e-05
0.0070290659
5.5592239e-05
0.0070290518
5.7446451e-05
0.0070290375
5.9362516e-05
0.0070290232
6.1343543e-05
0.0070290092
6.3392713e-05
0.0070289955
6.5513232e-05
0.0070289823
6.7708344e-05
0.0070289696
6.9981362e-05
0.0070289574
7.2335665e-05
0.0070289459
7.4774689e-05
0.007028935
7.7301845e-05
0.0070289248
7.9920671e-05
0.0070289151
8.2634379e-05
0.0070289061
8.5446682e-05
0.0070288977
8.8361065e-05
0.0070288898
9.1381656e-05
0.0070288825
9.4512125e-05
0.0070288757
9.7756378e-05
0.0070288694
0.0001011184
0.0070288635
0.00010460236
0.0070288579
0.0001082123
0.0070288529
0.00011195421
0.0070288481
0.00011582969
0.0070288438
0.00011984705
0.0070288395
0.00012400691
0.0070288359
0.00012832026
0.0070288322
0.00013278758
0.0070288291
0.00013741823
0.0070288258
0.00014221293
0.0070288232
0.00014718709
0.0070288199
0.00015233393
0.0070288176
0.00015768019
0.0070288135
0.00016322477
0.0070288086
0.00016895828
0.0070288045
0.00017513176
0.0070287688
0.00018094992
0.0070288222
0.00018982213
0.0070284411
0.00019143571
0.0070297803
0.00022166857
0.00018775416
0.0074194144
4.1851944e-06
0.0074194455
4.4382273e-06
0.0074194821
4.7076985e-06
0.0074195248
4.9945226e-06
0.007419574
5.299619e-06
0.0074196301
5.6239061e-06
0.0074196935
5.9682879e-06
0.0074197646
6.3336397e-06
0.0074198436
6.7207955e-06
0.0074199307
7.1305364e-06
0.0074200261
7.5635801e-06
0.0074201298
8.0205697e-06
0.0074202417
8.5020647e-06
0.0074203615
9.0085333e-06
0.007420489
9.5403474e-06
0.0074206236
1.009778e-05
0.0074207648
1.0681009e-05
0.0074209118
1.1290113e-05
0.0074210638
1.1925091e-05
0.0074212199
1.258586e-05
0.007421379
1.3272274e-05
0.0074215401
1.3984138e-05
0.0074217021
1.4721223e-05
0.0074218638
1.548328e-05
0.0074220241
1.6270059e-05
0.0074221819
1.7081321e-05
0.0074223362
1.7916848e-05
0.0074224859
1.8776456e-05
0.0074226303
1.9660004e-05
0.0074227684
2.0567393e-05
0.0074228997
2.1498574e-05
0.0074230235
2.2453549e-05
0.0074231394
2.3432372e-05
0.0074232469
2.4435149e-05
0.007423346
2.5462038e-05
0.0074234365
2.6513256e-05
0.0074235183
2.758908e-05
0.0074235916
2.8689851e-05
0.0074236565
2.9815985e-05
0.0074237132
3.0967979e-05
0.0074237621
3.2146425e-05
0.0074238035
3.3352019e-05
0.0074238378
3.4585574e-05
0.0074238655
3.5848032e-05
0.0074238872
3.7140479e-05
0.0074239032
3.8464152e-05
0.0074239141
3.982045e-05
0.0074239205
4.1210941e-05
0.0074239228
4.263737e-05
0.0074239216
4.410163e-05
0.0074239174
4.5605833e-05
0.0074239106
4.715223e-05
0.0074239016
4.8743204e-05
0.007423891
5.0381306e-05
0.0074238791
5.2069226e-05
0.0074238661
5.3809768e-05
0.0074238525
5.5605841e-05
0.0074238385
5.746045e-05
0.0074238244
5.9376675e-05
0.0074238102
6.1357664e-05
0.0074237963
6.3406628e-05
0.0074237828
6.552681e-05
0.0074237696
6.7721484e-05
0.007423757
6.999399e-05
0.0074237449
7.2347723e-05
0.0074237335
7.4786137e-05
0.0074237227
7.7312661e-05
0.0074237125
7.9930827e-05
0.007423703
8.2643919e-05
0.007423694
8.5455604e-05
0.0074236857
8.8369429e-05
0.0074236779
9.138944e-05
0.0074236706
9.4519374e-05
0.0074236639
9.7763118e-05
0.0074236576
0.00010112466
0.0074236518
0.00010460818
0.0074236464
0.00010821776
0.0074236414
0.00011195913
0.0074236367
0.00011583443
0.0074236325
0.00011985125
0.0074236283
0.00012401109
0.0074236247
0.00012832388
0.0074236212
0.00013279111
0.0074236181
0.00013742133
0.0074236149
0.00014221611
0.0074236124
0.00014718961
0.0074236092
0.00015233712
0.0074236069
0.00015768248
0.007423603
0.00016322863
0.007423598
0.0001689633
0.0074235941
0.00017513562
0.0074235583
0.00018098581
0.0074236114
0.00018976896
0.0074232451
0.00019180209
0.0074245442
0.00022036938
0.0001887558
0.0078364896
4.1605614e-06
0.0078365189
4.4088659e-06
0.0078365534
4.6731788e-06
0.0078365936
4.9544126e-06
0.0078366397
5.2534928e-06
0.0078366922
5.5713522e-06
0.0078367516
5.9089201e-06
0.0078368181
6.2671087e-06
0.0078368921
6.6468022e-06
0.0078369738
7.0488452e-06
0.0078370634
7.4740321e-06
0.0078371608
7.9230954e-06
0.0078372662
8.3966956e-06
0.0078373793
8.8954115e-06
0.0078374999
9.4197331e-06
0.0078376277
9.9700566e-06
0.007837762
1.0546682e-05
0.0078379023
1.1149811e-05
0.0078380478
1.1779556e-05
0.0078381978
1.243594e-05
0.0078383511
1.3118907e-05
0.0078385069
1.3828337e-05
0.0078386641
1.4564053e-05
0.0078388215
1.5325839e-05
0.0078389781
1.6113454e-05
0.0078391328
1.6926644e-05
0.0078392845
1.7765158e-05
0.0078394322
1.8628755e-05
0.007839575
1.9517219e-05
0.007839712
2.0430362e-05
0.0078398426
2.1368036e-05
0.007839966
2.2330132e-05
0.0078400818
2.3316588e-05
0.0078401895
2.4327394e-05
0.007840289
2.5362592e-05
0.0078403799
2.6422286e-05
0.0078404624
2.7506644e-05
0.0078405363
2.8615906e-05
0.0078406019
2.9750395e-05
0.0078406594
3.0910526e-05
0.007840709
3.2096815e-05
0.0078407511
3.3309897e-05
0.0078407861
3.4550533e-05
0.0078408145
3.5819622e-05
0.0078408368
3.7118216e-05
0.0078408534
3.8447532e-05
0.0078408649
3.9808954e-05
0.0078408718
4.1204045e-05
0.0078408746
4.2634552e-05
0.0078408739
4.4102381e-05
0.0078408701
4.5609653e-05
0.0078408636
4.7158643e-05
0.0078408551
4.8751766e-05
0.0078408448
5.0391599e-05
0.0078408332
5.2080865e-05
0.0078408205
5.3822405e-05
0.0078408072
5.5619165e-05
0.0078407935
5.7474186e-05
0.0078407795
5.9390587e-05
0.0078407657
6.1371551e-05
0.007840752
6.3420322e-05
0.0078407386
6.5540178e-05
0.0078407257
6.7734424e-05
0.0078407132
7.0006427e-05
0.0078407013
7.2359599e-05
0.0078406901
7.4797409e-05
0.0078406794
7.7323307e-05
0.0078406694
7.9940823e-05
0.00784066
8.2653302e-05
0.0078406513
8.5464378e-05
0.0078406431
8.8377644e-05
0.0078406354
9.1397083e-05
0.0078406283
9.4526485e-05
0.0078406217
9.7769723e-05
0.0078406156
0.00010113079
0.0078406099
0.00010461388
0.0078406045
0.00010822308
0.0078405997
0.00011196395
0.0078405951
0.00011583903
0.007840591
0.00011985535
0.007840587
0.00012401512
0.0078405835
0.0001283274
0.0078405801
0.00013279451
0.0078405771
0.00013742432
0.007840574
0.00014221916
0.0078405716
0.00014719204
0.0078405686
0.00015234015
0.0078405664
0.00015768471
0.0078405627
0.00016323229
0.0078405577
0.0001689683
0.0078405541
0.00017513921
0.0078405184
0.00018102155
0.0078405708
0.0001897165
0.0078402216
0.00019215126
0.0078414719
0.00021911914
0.00018972353
0.0082770078
4.137328e-06
0.0082770354
4.381291e-06
0.0082770677
4.6408649e-06
0.0082771052
4.9169573e-06
0.0082771482
5.2104952e-06
0.0082771971
5.5224207e-06
0.0082772523
5.8536807e-06
0.0082773142
6.2052161e-06
0.0082773831
6.577951e-06
0.0082774592
6.9727825e-06
0.0082775426
7.3905695e-06
0.0082776336
7.8321219e-06
0.0082777321
8.2981891e-06
0.0082778381
8.7894492e-06
0.0082779513
9.3065006e-06
0.0082780715
9.8498541e-06
0.0082781983
1.0419927e-05
0.008278331
1.1017042e-05
0.0082784692
1.1641424e-05
0.0082786119
1.2293204e-05
0.0082787584
1.2972424e-05
0.0082789077
1.3679045e-05
0.0082790588
1.4412957e-05
0.0082792106
1.5173987e-05
0.0082793621
1.5961919e-05
0.0082795123
1.67765e-05
0.00827966
1.7617456e-05
0.0082798042
1.8484504e-05
0.0082799441
1.9377366e-05
0.0082800787
2.0295775e-05
0.0082802072
2.1239489e-05
0.0082803291
2.2208295e-05
0.0082804436
2.320202e-05
0.0082805505
2.4220536e-05
0.0082806493
2.526377e-05
0.0082807399
2.6331708e-05
0.0082808221
2.7424408e-05
0.008280896
2.8542004e-05
0.0082809617
2.9684723e-05
0.0082810193
3.0852891e-05
0.0082810692
3.2046949e-05
0.0082811116
3.3267461e-05
0.008281147
3.4515133e-05
0.0082811758
3.579082e-05
0.0082811985
3.7095539e-05
0.0082812156
3.8430481e-05
0.0082812275
3.9797017e-05
0.0082812348
4.1196703e-05
0.0082812381
4.2631285e-05
0.0082812378
4.4102684e-05
0.0082812344
4.5613027e-05
0.0082812285
4.7164614e-05
0.0082812203
4.8759892e-05
0.0082812105
5.0401464e-05
0.0082811993
5.2092085e-05
0.008281187
5.3834633e-05
0.0082811741
5.563209e-05
0.0082811608
5.7487536e-05
0.0082811472
5.9404126e-05
0.0082811337
6.1385078e-05
0.0082811203
6.343367e-05
0.0082811073
6.5553214e-05
0.0082810947
6.7747045e-05
0.0082810826
7.0018557e-05
0.008281071
7.237118e-05
0.00828106
7.4808399e-05
0.0082810496
7.7333685e-05
0.0082810399
7.9950565e-05
0.0082810307
8.2662438e-05
0.0082810222
8.5472917e-05
0.0082810142
8.8385629e-05
0.0082810068
9.140451e-05
0.0082809999
9.4533385e-05
0.0082809935
9.7776126e-05
0.0082809875
0.00010113673
0.008280982
0.00010461938
0.0082809769
0.00010822822
0.0082809723
0.00011196859
0.0082809678
0.00011584345
0.0082809639
0.0001198593
0.00828096
0.00012401897
0.0082809567
0.00012833077
0.0082809534
0.00013279773
0.0082809506
0.00013742717
0.0082809477
0.00014222203
0.0082809454
0.00014719434
0.0082809426
0.00015234298
0.0082809405
0.00015768684
0.008280937
0.0001632357
0.0082809321
0.00016897321
0.0082809288
0.00017514253
0.0082808936
0.00018105675
0.0082809449
0.00018966526
0.0082806153
0.00019248077
0.0082818074
0.0002179271
0.00019064993
0.0087422874
4.1156061e-06
0.0087423131
4.3556116e-06
0.0087423431
4.6108635e-06
0.0087423778
4.8822626e-06
0.0087424176
5.1707345e-06
0.0087424628
5.4772257e-06
0.0087425137
5.8026955e-06
0.0087425709
6.148106e-06
0.0087426344
6.5144127e-06
0.0087427046
6.9025551e-06
0.0087427817
7.3134461e-06
0.0087428659
7.7479611e-06
0.0087429572
8.2069265e-06
0.0087430555
8.6911086e-06
0.0087431608
9.2012031e-06
0.0087432728
9.7378258e-06
0.0087433913
1.0301505e-05
0.0087435156
1.0892676e-05
0.0087436454
1.1511675e-05
0.0087437798
1.2158741e-05
0.0087439182
1.2834018e-05
0.0087440597
1.3537552e-05
0.0087442034
1.4269308e-05
0.0087443482
1.5029169e-05
0.0087444932
1.5816954e-05
0.0087446372
1.6632423e-05
0.0087447794
1.7475295e-05
0.0087449186
1.8345259e-05
0.008745054
1.9241985e-05
0.0087451847
2.0165139e-05
0.0087453098
2.1114394e-05
0.0087454286
2.2089439e-05
0.0087455406
2.3089996e-05
0.0087456453
2.4115824e-05
0.0087457424
2.5166732e-05
0.0087458315
2.6242591e-05
0.0087459126
2.7343346e-05
0.0087459855
2.8469026e-05
0.0087460505
2.9619754e-05
0.0087461076
3.0795768e-05
0.0087461572
3.1997426e-05
0.0087461994
3.3225223e-05
0.0087462347
3.4479806e-05
0.0087462636
3.5761982e-05
0.0087462864
3.7072731e-05
0.0087463036
3.8413219e-05
0.0087463159
3.9784798e-05
0.0087463235
4.1189018e-05
0.0087463272
4.2627625e-05
0.0087463273
4.4102554e-05
0.0087463244
4.5615933e-05
0.0087463189
4.7170092e-05
0.0087463113
4.8767504e-05
0.008746302
5.0410803e-05
0.0087462913
5.2102771e-05
0.0087462796
5.3846325e-05
0.0087462672
5.5644483e-05
0.0087462544
5.7500359e-05
0.0087462414
5.9417147e-05
0.0087462284
6.13981e-05
0.0087462155
6.3446527e-05
0.0087462029
6.5565774e-05
0.0087461908
6.7759208e-05
0.0087461791
7.0030246e-05
0.0087461679
7.2382339e-05
0.0087461573
7.4818986e-05
0.0087461473
7.7343676e-05
0.008746138
7.9959941e-05
0.0087461292
8.2671223e-05
0.008746121
8.5481123e-05
0.0087461133
8.8393293e-05
0.0087461062
9.1411633e-05
0.0087460996
9.4539994e-05
0.0087460935
9.778225e-05
0.0087460878
0.0001011424
0.0087460825
0.00010462463
0.0087460777
0.0001082331
0.0087460732
0.00011197301
0.0087460691
0.00011584762
0.0087460653
0.00011986304
0.0087460617
0.00012402259
0.0087460585
0.00012833394
0.0087460555
0.00013280074
0.0087460529
0.00013742982
0.0087460502
0.00014222468
0.0087460481
0.00014719647
0.0087460455
0.00015234556
0.0087460435
0.00015768882
0.0087460404
0.00016323883
0.0087460357
0.00016897794
0.0087460327
0.00017514554
0.0087459985
0.00018109094
0.0087460479
0.00018961581
0.0087457405
0.00019278821
0.0087468647
0.0002168029
0.00019152711
0.0092337207
4.0955282e-06
0.0092337444
4.3319611e-06
0.0092337719
4.5833099e-06
0.0092338037
4.8504672e-06
0.0092338401
5.1343551e-06
0.0092338814
5.4359213e-06
0.009233928
5.756133e-06
0.0092339801
6.0959674e-06
0.0092340381
6.4564044e-06
0.0092341023
6.8384171e-06
0.0092341728
7.2429626e-06
0.0092342497
7.6709713e-06
0.0092343333
8.1233354e-06
0.0092344236
8.6008974e-06
0.0092345203
9.1044393e-06
0.0092346235
9.6346714e-06
0.0092347328
1.0192223e-05
0.0092348478
1.0777634e-05
0.0092349681
1.1391349e-05
0.0092350931
1.2033711e-05
0.0092352222
1.2704962e-05
0.0092353545
1.340524e-05
0.0092354892
1.4134588e-05
0.0092356255
1.4892952e-05
0.0092357622
1.5680195e-05
0.0092358985
1.6496104e-05
0.0092360334
1.7340403e-05
0.0092361659
1.8212761e-05
0.0092362951
1.9112813e-05
0.0092364201
2.0040167e-05
0.00923654
2.0994422e-05
0.0092366543
2.197518e-05
0.0092367622
2.2982062e-05
0.0092368633
2.4014717e-05
0.0092369572
2.5072845e-05
0.0092370436
2.6156203e-05
0.0092371223
2.7264623e-05
0.0092371933
2.8398025e-05
0.0092372567
2.9556434e-05
0.0092373124
3.0739993e-05
0.0092373609
3.1948978e-05
0.0092374023
3.3183814e-05
0.009237437
3.4445085e-05
0.0092374654
3.5733549e-05
0.009237488
3.7050149e-05
0.0092375052
3.8396021e-05
0.0092375175
3.9772502e-05
0.0092375254
4.1181132e-05
0.0092375294
4.2623656e-05
0.0092375299
4.410202e-05
0.0092375275
4.561836e-05
0.0092375225
4.7175027e-05
0.0092375155
4.8774523e-05
0.0092375068
5.0419509e-05
0.0092374968
5.2112798e-05
0.0092374858
5.3857339e-05
0.0092374741
5.5656188e-05
0.0092374619
5.7512494e-05
0.0092374496
5.9429485e-05
0.0092374372
6.141045e-05
0.009237425
6.3458728e-05
0.0092374131
6.5577697e-05
0.0092374016
6.7770754e-05
0.0092373905
7.0041341e-05
0.0092373799
7.2392927e-05
0.0092373699
7.4829027e-05
0.0092373604
7.7353146e-05
0.0092373515
7.9968824e-05
0.0092373432
8.2679537e-05
0.0092373354
8.5488883e-05
0.0092373282
8.8400529e-05
0.0092373215
9.1418351e-05
0.0092373153
9.4546216e-05
0.0092373095
9.7788005e-05
0.0092373042
0.00010114772
0.0092372993
0.00010462954
0.0092372947
0.00010823766
0.0092372906
0.00011197712
0.0092372867
0.00011585149
0.0092372833
0.0001198665
0.0092372799
0.0001240259
0.009237277
0.00012833686
0.0092372743
0.00013280347
0.0092372719
0.00013743223
0.0092372695
0.00014222707
0.0092372676
0.00014719838
0.0092372653
0.00015234786
0.0092372635
0.0001576906
0.0092372607
0.00016324162
0.0092372563
0.0001689824
0.0092372536
0.0001751482
0.0092372209
0.00018112363
0.009237268
0.00018956874
0.0092369851
0.00019307114
0.0092380313
0.00021575667
0.00019234665
0.0097527786
4.0772503e-06
0.0097528001
4.3105006e-06
0.009752825
4.5583713e-06
0.0097528538
4.8217466e-06
0.0097528866
5.1015431e-06
0.0097529238
5.3987078e-06
0.0097529657
5.7142119e-06
0.0097530126
6.0490436e-06
0.0097530648
6.4042007e-06
0.0097531226
6.7806828e-06
0.009753186
7.1794825e-06
0.0097532554
7.6015754e-06
0.0097533309
8.0479087e-06
0.0097534124
8.5193903e-06
0.0097534999
9.0168765e-06
0.0097535935
9.5411611e-06
0.0097536927
1.0092964e-05
0.0097537974
1.067292e-05
0.0097539072
1.1281574e-05
0.0097540215
1.1919366e-05
0.0097541399
1.2586634e-05
0.0097542615
1.3283607e-05
0.0097543857
1.4010406e-05
0.0097545116
1.4767046e-05
0.0097546383
1.5553441e-05
0.009754765
1.6369411e-05
0.0097548908
1.7214694e-05
0.0097550146
1.8088956e-05
0.0097551356
1.8991803e-05
0.0097552529
1.99228e-05
0.0097553659
2.0881481e-05
0.0097554737
2.186737e-05
0.0097555757
2.2879997e-05
0.0097556716
2.3918912e-05
0.0097557607
2.4983708e-05
0.0097558429
2.6074032e-05
0.0097559179
2.7189608e-05
0.0097559857
2.8330251e-05
0.0097560462
2.9495887e-05
0.0097560996
3.0686567e-05
0.0097561461
3.1902485e-05
0.0097561859
3.3143993e-05
0.0097562194
3.4411614e-05
0.0097562469
3.5706058e-05
0.0097562688
3.7028228e-05
0.0097562856
3.8379231e-05
0.0097562977
3.9760386e-05
0.0097563056
4.1173224e-05
0.0097563098
4.2619488e-05
0.0097563107
4.4101133e-05
0.0097563087
4.5620305e-05
0.0097563044
4.7179371e-05
0.0097562981
4.8780863e-05
0.0097562901
5.0427465e-05
0.0097562809
5.2122023e-05
0.0097562707
5.3867515e-05
0.0097562599
5.5667032e-05
0.0097562486
5.7523757e-05
0.0097562371
5.9440951e-05
0.0097562256
6.1421935e-05
0.0097562143
6.347008e-05
0.0097562032
6.5588793e-05
0.0097561925
6.7781499e-05
0.0097561821
7.0051664e-05
0.0097561723
7.2402774e-05
0.009756163
7.483836e-05
0.0097561542
7.7361941e-05
0.0097561459
7.9977067e-05
0.0097561382
8.2687241e-05
0.009756131
8.5496064e-05
0.0097561243
8.8407214e-05
0.0097561181
9.1424547e-05
0.0097561124
9.4551943e-05
0.0097561071
9.779329e-05
0.0097561023
0.00010115259
0.0097560978
0.00010463402
0.0097560936
0.0001082418
0.0097560899
0.00011198086
0.0097560864
0.00011585497
0.0097560833
0.00011986962
0.0097560804
0.00012402886
0.0097560778
0.00012833945
0.0097560754
0.00013280587
0.0097560733
0.00013743433
0.0097560712
0.00014222913
0.0097560696
0.00014720001
0.0097560676
0.00015234982
0.0097560661
0.00015769213
0.0097560637
0.00016324402
0.0097560596
0.00016898648
0.0097560573
0.00017515045
0.0097560267
0.00018115423
0.0097560708
0.00018952468
0.0097558148
0.00019332711
0.0097567723
0.00021479922
0.00019309941
0.010301015
4.0609631e-06
0.010301034
4.2914309e-06
0.010301056
4.5362601e-06
0.010301082
4.7963262e-06
0.010301111
5.0725403e-06
0.010301144
5.3658466e-06
0.010301181
5.6772183e-06
0.010301222
6.0076503e-06
0.010301268
6.3581538e-06
0.010301319
6.7297486e-06
0.010301375
7.1234553e-06
0.010301436
7.5402859e-06
0.010301503
7.9812328e-06
0.010301575
8.4472583e-06
0.010301653
8.9392819e-06
0.010301736
9.4581688e-06
0.010301824
1.0004718e-05
0.010301917
1.0579649e-05
0.010302015
1.1183594e-05
0.010302118
1.1817084e-05
0.010302224
1.2480548e-05
0.010302333
1.3174298e-05
0.010302445
1.3898533e-05
0.010302559
1.4653336e-05
0.010302673
1.5438675e-05
0.010302788
1.6254411e-05
0.010302903
1.7100303e-05
0.010303016
1.7976018e-05
0.010303126
1.888115e-05
0.010303234
1.9815226e-05
0.010303338
2.077773e-05
0.010303437
2.176812e-05
0.010303531
2.2785843e-05
0.01030362
2.383036e-05
0.010303702
2.4901164e-05
0.010303778
2.5997804e-05
0.010303848
2.71199e-05
0.010303911
2.8267168e-05
0.010303968
2.9439437e-05
0.010304018
3.0636672e-05
0.010304061
3.1858987e-05
0.010304098
3.3106663e-05
0.01030413
3.4380165e-05
0.010304156
3.5680153e-05
0.010304176
3.7007492e-05
0.010304192
3.8363262e-05
0.010304204
3.9748763e-05
0.010304212
4.1165515e-05
0.010304216
4.2615261e-05
0.010304217
4.4099961e-05
0.010304216
4.5621773e-05
0.010304212
4.7183077e-05
0.010304206
4.878643e-05
0.010304199
5.0434543e-05
0.010304191
5.2130288e-05
0.010304182
5.3876672e-05
0.010304172
5.5676817e-05
0.010304162
5.7533938e-05
0.010304152
5.9451328e-05
0.010304141
6.1432338e-05
0.010304131
6.3480366e-05
0.010304121
6.5598848e-05
0.010304111
6.7791233e-05
0.010304102
7.006101e-05
0.010304093
7.2411684e-05
0.010304084
7.4846796e-05
0.010304076
7.7369882e-05
0.010304069
7.99845e-05
0.010304062
8.2694176e-05
0.010304056
8.5502516e-05
0.01030405
8.8413207e-05
0.010304044
9.1430089e-05
0.010304039
9.4557049e-05
0.010304034
9.7797987e-05
0.01030403
0.0001011569
0.010304026
0.00010463797
0.010304022
0.00010824543
0.010304019
0.00011198412
0.010304016
0.00011585799
0.010304013
0.0001198723
0.010304011
0.00012403138
0.010304009
0.00012834165
0.010304007
0.00013280787
0.010304005
0.00013743607
0.010304003
0.00014223081
0.010304002
0.00014720131
0.010304
0.00015235138
0.010303999
0.00015769333
0.010303997
0.00016324595
0.010303994
0.00016899004
0.010303992
0.00017515225
0.010303964
0.00018118211
0.010304004
0.00018948437
0.010303778
0.00019355356
0.010304635
0.00021394223
0.00019377541
0.010880073
4.0468851e-06
0.010880089
4.2749885e-06
0.010880108
4.5172323e-06
0.01088013
4.7744844e-06
0.010880155
5.0476497e-06
0.010880183
5.3376695e-06
0.010880215
5.6455167e-06
0.01088025
5.9721906e-06
0.01088029
6.3187117e-06
0.010880334
6.6861149e-06
0.010880382
7.0754423e-06
0.010880434
7.4877343e-06
0.010880491
7.9240198e-06
0.010880553
8.3853047e-06
0.01088062
8.8725607e-06
0.010880691
9.3867125e-06
0.010880768
9.9286253e-06
0.010880848
1.0499091e-05
0.010880933
1.1098819e-05
0.010881022
1.172842e-05
0.010881114
1.2388401e-05
0.010881209
1.3079151e-05
0.010881306
1.3800943e-05
0.010881406
1.4553923e-05
0.010881506
1.5338114e-05
0.010881607
1.6153416e-05
0.010881708
1.6999614e-05
0.010881808
1.7876388e-05
0.010881906
1.878332e-05
0.010882001
1.9719917e-05
0.010882093
2.0685619e-05
0.010882181
2.1679829e-05
0.010882265
2.2701926e-05
0.010882344
2.3751292e-05
0.010882418
2.4827335e-05
0.010882486
2.5929509e-05
0.010882549
2.7057346e-05
0.010882606
2.8210468e-05
0.010882656
2.938862e-05
0.010882701
3.0591682e-05
0.010882741
3.1819696e-05
0.010882774
3.3072878e-05
0.010882803
3.4351638e-05
0.010882827
3.5656589e-05
0.010882846
3.698856e-05
0.01088286
3.8348605e-05
0.010882871
3.9738006e-05
0.010882878
4.1158273e-05
0.010882882
4.2611147e-05
0.010882884
4.4098592e-05
0.010882883
4.5622778e-05
0.01088288
4.7186096e-05
0.010882875
4.8791123e-05
0.010882869
5.0440598e-05
0.010882862
5.2137413e-05
0.010882854
5.3884603e-05
0.010882845
5.5685317e-05
0.010882836
5.75428e-05
0.010882827
5.946037e-05
0.010882818
6.1441407e-05
0.010882809
6.3489335e-05
0.010882801
6.5607613e-05
0.010882792
6.7799714e-05
0.010882784
7.0069147e-05
0.010882776
7.2419432e-05
0.010882769
7.4854122e-05
0.010882762
7.7376766e-05
0.010882756
7.999093e-05
0.01088275
8.2700161e-05
0.010882744
8.5508068e-05
0.010882739
8.8418346e-05
0.010882734
9.1434823e-05
0.01088273
9.4561393e-05
0.010882726
9.7801962e-05
0.010882722
0.00010116053
0.010882719
0.00010464128
0.010882716
0.00010824845
0.010882713
0.0001119868
0.010882711
0.00011586044
0.010882709
0.00011987446
0.010882707
0.00012403338
0.010882705
0.00012834336
0.010882703
0.0001328094
0.010882702
0.00013743735
0.010882701
0.00014223203
0.0108827
0.0001472022
0.010882699
0.00015235247
0.010882698
0.00015769413
0.010882697
0.00016324734
0.010882694
0.00016899295
0.010882693
0.00017515351
0.010882668
0.00018120656
0.010882704
0.00018944856
0.01088251
0.0001937477
0.010883253
0.0002131987
0.00019436346
0.011491687
4.0352847e-06
0.0114917
4.2614658e-06
0.011491716
4.501608e-06
0.011491734
4.7565717e-06
0.011491754
5.0272564e-06
0.011491777
5.3146e-06
0.011491803
5.6195743e-06
0.011491832
5.9431812e-06
0.011491864
6.2864473e-06
0.0114919
6.6504182e-06
0.011491939
7.0361519e-06
0.011491982
7.4447105e-06
0.011492029
7.8771503e-06
0.01149208
8.3345118e-06
0.011492135
8.8178072e-06
0.011492193
9.3280087e-06
0.011492256
9.8660347e-06
0.011492322
1.0432737e-05
0.011492392
1.1028886e-05
0.011492466
1.165516e-05
0.011492542
1.2312132e-05
0.011492621
1.3000258e-05
0.011492702
1.3719873e-05
0.011492785
1.447118e-05
0.011492868
1.5254251e-05
0.011492953
1.6069026e-05
0.011493037
1.6915315e-05
0.011493121
1.7792811e-05
0.011493203
1.8701097e-05
0.011493283
1.963966e-05
0.011493361
2.0607914e-05
0.011493435
2.1605215e-05
0.011493506
2.2630887e-05
0.011493574
2.3684248e-05
0.011493636
2.4764631e-05
0.011493694
2.5871418e-05
0.011493748
2.7004057e-05
0.011493796
2.8162095e-05
0.011493839
2.9345198e-05
0.011493878
3.0553179e-05
0.011493912
3.1786013e-05
0.011493941
3.3043859e-05
0.011493965
3.4327078e-05
0.011493986
3.5636243e-05
0.011494002
3.6972151e-05
0.011494015
3.8335832e-05
0.011494024
3.9728551e-05
0.011494031
4.115181e-05
0.011494034
4.2607348e-05
0.011494036
4.4097133e-05
0.011494035
4.5623342e-05
0.011494033
4.7188377e-05
0.011494029
4.8794833e-05
0.011494024
5.0445468e-05
0.011494019
5.2143198e-05
0.011494012
5.3891076e-05
0.011494005
5.5692277e-05
0.011493998
5.7550069e-05
0.011493991
5.9467796e-05
0.011493983
6.1448857e-05
0.011493976
6.3496701e-05
0.011493969
6.5614807e-05
0.011493962
6.7806668e-05
0.011493955
7.0075808e-05
0.011493949
7.2425761e-05
0.011493943
7.4860092e-05
0.011493937
7.7382359e-05
0.011493932
7.9996137e-05
0.011493927
8.2704987e-05
0.011493923
8.5512525e-05
0.011493918
8.8422447e-05
0.011493915
9.1438578e-05
0.011493911
9.4564812e-05
0.011493908
9.7805064e-05
0.011493905
0.00010116334
0.011493903
0.0001046438
0.011493901
0.00010825072
0.011493899
0.00011198878
0.011493897
0.00011586221
0.011493895
0.00011987599
0.011493894
0.00012403475
0.011493893
0.00012834449
0.011493892
0.00013281036
0.011493891
0.0001374381
0.01149389
0.00014223271
0.01149389
0.00014720261
0.011493889
0.00015235302
0.011493889
0.00015769445
0.011493888
0.00016324812
0.011493886
0.00016899504
0.011493886
0.00017515416
0.011493865
0.00018122678
0.011493896
0.00018941815
0.011493737
0.00019390639
0.011494352
0.00021258343
0.00019485082
0.01213769
4.0265052e-06
0.0121377
4.2512404e-06
0.012137712
4.4898016e-06
0.012137726
4.7430439e-06
0.012137741
5.0118622e-06
0.012137759
5.2971911e-06
0.012137778
5.6000014e-06
0.0121378
5.9212959e-06
0.012137824
6.262105e-06
0.012137851
6.6234815e-06
0.012137881
7.0064945e-06
0.012137913
7.4122211e-06
0.012137949
7.8417374e-06
0.012137987
8.2961085e-06
0.012138029
8.7763766e-06
0.012138073
9.2835484e-06
0.012138121
9.8185822e-06
0.012138171
1.0382373e-05
0.012138224
1.0975741e-05
0.01213828
1.1599413e-05
0.012138338
1.2254013e-05
0.012138398
1.2940051e-05
0.01213846
1.365791e-05
0.012138523
1.4407838e-05
0.012138588
1.5189948e-05
0.012138653
1.6004211e-05
0.012138717
1.6850463e-05
0.012138782
1.7728409e-05
0.012138845
1.8637633e-05
0.012138907
1.9577615e-05
0.012138968
2.0547745e-05
0.012139025
2.1547349e-05
0.012139081
2.257571e-05
0.012139133
2.3632096e-05
0.012139182
2.4715785e-05
0.012139227
2.5826098e-05
0.012139269
2.6962423e-05
0.012139306
2.8124245e-05
0.01213934
2.931117e-05
0.012139371
3.0522953e-05
0.012139397
3.175952e-05
0.01213942
3.3020984e-05
0.012139439
3.4307666e-05
0.012139456
3.5620106e-05
0.012139469
3.6959076e-05
0.012139479
3.8325586e-05
0.012139487
3.9720889e-05
0.012139492
4.1146479e-05
0.012139495
4.2604093e-05
0.012139497
4.4095699e-05
0.012139496
4.5623486e-05
0.012139495
4.718986e-05
0.012139492
4.8797428e-05
0.012139489
5.0448968e-05
0.012139485
5.214741e-05
0.01213948
5.3895825e-05
0.012139475
5.5697404e-05
0.012139469
5.7555437e-05
0.012139464
5.9473284e-05
0.012139458
6.1454364e-05
0.012139453
6.350214e-05
0.012139448
6.562011e-05
0.012139443
6.7811781e-05
0.012139438
7.008069e-05
0.012139433
7.2430382e-05
0.012139429
7.4864429e-05
0.012139425
7.7386398e-05
0.012139421
7.9999871e-05
0.012139417
8.2708418e-05
0.012139414
8.5515663e-05
0.012139411
8.8425303e-05
0.012139409
9.1441158e-05
0.012139407
9.4567124e-05
0.012139405
9.780712e-05
0.012139403
0.00010116515
0.012139401
0.00010464539
0.0121394
0.0001082521
0.012139399
0.00011198994
0.012139398
0.00011586319
0.012139397
0.00011987677
0.012139396
0.00012403539
0.012139396
0.00012834494
0.012139395
0.00013281066
0.012139395
0.00013743823
0.012139395
0.00014223276
0.012139395
0.00014720244
0.012139396
0.00015235293
0.012139396
0.00015769419
0.012139396
0.00016324818
0.012139395
0.00016899613
0.012139395
0.0001751541
0.01213938
0.00018124186
0.012139404
0.00018939414
0.012139284
0.00019402586
0.012139754
0.00021211381
0.00019522262
0.012820022
4.0209184e-06
0.012820029
4.2447409e-06
0.012820036
4.482302e-06
0.012820045
4.7344538e-06
0.012820055
5.002089e-06
0.012820066
5.2861396e-06
0.012820078
5.5875752e-06
0.012820092
5.9073991e-06
0.012820107
6.2466438e-06
0.012820125
6.6063664e-06
0.012820143
6.9876423e-06
0.012820164
7.3915579e-06
0.012820187
7.8192013e-06
0.012820211
8.2716529e-06
0.012820237
8.7499732e-06
0.012820266
9.2551908e-06
0.012820296
9.7882889e-06
0.012820328
1.0350191e-05
0.012820362
1.0941746e-05
0.012820398
1.1563714e-05
0.012820435
1.2216753e-05
0.012820474
1.2901406e-05
0.012820514
1.3618087e-05
0.012820555
1.4367077e-05
0.012820596
1.5148513e-05
0.012820638
1.5962391e-05
0.01282068
1.6808563e-05
0.012820721
1.7686742e-05
0.012820762
1.8596517e-05
0.012820803
1.9537362e-05
0.012820842
2.0508656e-05
0.012820879
2.1509704e-05
0.012820915
2.2539764e-05
0.012820949
2.3598071e-05
0.012820981
2.468387e-05
0.012821011
2.5796441e-05
0.012821038
2.6935133e-05
0.012821063
2.8099389e-05
0.012821086
2.9288778e-05
0.012821105
3.0503018e-05
0.012821123
3.1741999e-05
0.012821138
3.3005804e-05
0.012821151
3.4294729e-05
0.012821162
3.5609292e-05
0.012821171
3.6950247e-05
0.012821178
3.8318592e-05
0.012821183
3.9715571e-05
0.012821187
4.1142673e-05
0.012821189
4.2601633e-05
0.012821191
4.409442e-05
0.012821191
4.5623231e-05
0.01282119
4.7190471e-05
0.012821189
4.8798759e-05
0.012821187
5.0450884e-05
0.012821185
5.2149785e-05
0.012821182
5.3898544e-05
0.012821179
5.5700366e-05
0.012821176
5.7558549e-05
0.012821173
5.9476469e-05
0.012821169
6.1457556e-05
0.012821166
6.3505283e-05
0.012821163
6.5623158e-05
0.01282116
6.7814698e-05
0.012821158
7.008345e-05
0.012821155
7.2432964e-05
0.012821153
7.4866818e-05
0.01282115
7.7388585e-05
0.012821148
8.000185e-05
0.012821147
8.2710192e-05
0.012821145
8.5517235e-05
0.012821144
8.842668e-05
0.012821143
9.1442344e-05
0.012821142
9.4568123e-05
0.012821141
9.7807941e-05
0.01282114
0.0001011658
0.01282114
0.00010464588
0.012821139
0.00010825244
0.012821139
0.00011199011
0.012821139
0.00011586324
0.012821139
0.00011987667
0.012821139
0.00012403519
0.01282114
0.00012834459
0.01282114
0.00013281019
0.012821141
0.00013743764
0.012821141
0.0001422321
0.012821142
0.00014720162
0.012821143
0.00015235214
0.012821144
0.00015769326
0.012821145
0.00016324743
0.012821145
0.00016899604
0.012821146
0.00017515323
0.012821137
0.00018125082
0.012821153
0.00018937771
0.012821078
0.00019410134
0.01282138
0.00021181101
0.00019546102
0.01354073
0.013540732
0.013540734
0.013540737
0.013540741
0.013540745
0.013540749
0.013540754
0.013540759
0.013540765
0.013540771
0.013540779
0.013540786
0.013540795
0.013540804
0.013540814
0.013540825
0.013540836
0.013540848
0.01354086
0.013540873
0.013540887
0.013540901
0.013540915
0.01354093
0.013540945
0.01354096
0.013540975
0.013540989
0.013541004
0.013541018
0.013541031
0.013541044
0.013541057
0.013541068
0.013541079
0.013541089
0.013541098
0.013541106
0.013541114
0.01354112
0.013541126
0.013541131
0.013541135
0.013541139
0.013541142
0.013541144
0.013541146
0.013541147
0.013541148
0.013541148
0.013541149
0.013541149
0.013541148
0.013541148
0.013541148
0.013541147
0.013541147
0.013541146
0.013541145
0.013541145
0.013541144
0.013541144
0.013541144
0.013541143
0.013541143
0.013541143
0.013541143
0.013541143
0.013541144
0.013541144
0.013541144
0.013541145
0.013541145
0.013541146
0.013541147
0.013541148
0.013541148
0.013541149
0.013541151
0.013541152
0.013541153
0.013541154
0.013541156
0.013541157
0.013541159
0.01354116
0.013541162
0.013541164
0.013541165
0.013541167
0.013541165
0.013541173
0.013541148
0.013541258
)
;

boundaryField
{
    inlet
    {
        type            calculated;
        value           nonuniform List<scalar> 
80
(
-0.00018054859
-0.00019069049
-0.0002014021
-0.00021271541
-0.00022466422
-0.00023728422
-0.00025061312
-0.00026469075
-0.00027955915
-0.00029526275
-0.00031184847
-0.00032936585
-0.00034786723
-0.00036740789
-0.0003880462
-0.00040984381
-0.00043286586
-0.00045718112
-0.00048286223
-0.00050998593
-0.00053863323
-0.00056888973
-0.00060084582
-0.00063459698
-0.00067024402
-0.00070789346
-0.00074765778
-0.00078965575
-0.00083401288
-0.00088086166
-0.00093034207
-0.00098260192
-0.0010377974
-0.0010960933
-0.0011576638
-0.0012226929
-0.0012913749
-0.001363915
-0.0014405298
-0.0015214483
-0.0016069122
-0.0016971768
-0.0017925119
-0.0018932021
-0.0019995484
-0.0021118685
-0.0022304979
-0.0023557909
-0.0024881221
-0.0026278866
-0.0027755021
-0.0029314095
-0.0030960746
-0.0032699894
-0.0034536735
-0.0036476755
-0.0038525751
-0.0040689844
-0.00429755
-0.0045389547
-0.0047939196
-0.0050632065
-0.0053476199
-0.0056480093
-0.0059652725
-0.0063003569
-0.0066542637
-0.0070280502
-0.007422833
-0.0078397915
-0.0082801714
-0.0087452881
-0.0092365314
-0.0097553685
-0.010303349
-0.010882111
-0.011493383
-0.012138991
-0.012820863
-0.013541037
)
;
    }
    outlet
    {
        type            calculated;
        value           nonuniform List<scalar> 
80
(
7.1658267e-05
9.549522e-05
0.00011019857
0.00012302873
0.0001352798
0.00014745521
0.00015983154
0.00017258368
0.0001858365
0.00019968861
0.00021422436
0.00022952047
0.00024564993
0.00026268449
0.00028069626
0.00029975897
0.00031994885
0.00034134539
0.00036403197
0.00038809645
0.00041363177
0.00044073647
0.00046951528
0.00050007972
0.00053254875
0.00056704943
0.00060371771
0.00064269921
0.0006841501
0.00072823812
0.00077514374
0.00082506138
0.00087820088
0.00093479344
0.00099510631
0.0010594385
0.0011281078
0.0012014573
0.0012798642
0.0013637493
0.0014535861
0.0015499002
0.0016532491
0.0017641616
0.0018830275
0.0020099664
0.002144816
0.0022876073
0.0024392626
0.0026000675
0.0027652513
0.0029295988
0.0030962657
0.0032704084
0.0034541147
0.0036481363
0.0038530578
0.0040694894
0.0042980775
0.0045395048
0.0047944923
0.0050638015
0.0053482367
0.0056486469
0.0059659295
0.0063010314
0.0066549533
0.0070287518
0.0074235426
0.0078405042
0.008280881
0.0087459875
0.0092372118
0.0097560195
0.010303959
0.010882665
0.011493865
0.012139382
0.012821142
0.013541174
)
;
    }
    top
    {
        type            calculated;
        value           nonuniform List<scalar> 
110
(
7.386526e-06
1.7977677e-05
2.3811828e-05
2.5992469e-05
2.5204893e-05
2.2506299e-05
1.8968788e-05
1.5362738e-05
1.2108097e-05
9.3671947e-06
7.1546299e-06
5.4162449e-06
4.0746172e-06
3.0516877e-06
4.0190221e-06
4.2425294e-06
4.4797457e-06
4.7315206e-06
4.9987451e-06
5.2823505e-06
5.5833063e-06
5.9026158e-06
6.2413121e-06
6.6004536e-06
6.9811179e-06
7.3843944e-06
7.8113754e-06
8.2631463e-06
8.740774e-06
9.2452947e-06
9.7777001e-06
1.0338923e-05
1.0929824e-05
1.1551174e-05
1.2203644e-05
1.2887786e-05
1.3604028e-05
1.4352662e-05
1.5133835e-05
1.594755e-05
1.6793665e-05
1.76719e-05
1.8581842e-05
1.9522966e-05
2.0494645e-05
2.1496179e-05
2.2526817e-05
2.3585783e-05
2.4672309e-05
2.5785661e-05
2.6925174e-05
2.8090277e-05
2.9280524e-05
3.049562e-05
3.1735443e-05
3.3000066e-05
3.4289773e-05
3.5605077e-05
3.6946725e-05
3.8315709e-05
3.9713271e-05
4.1140898e-05
4.2600324e-05
4.4093518e-05
4.562268e-05
4.7190217e-05
4.8798748e-05
5.0451067e-05
5.2150118e-05
5.3898987e-05
5.5700881e-05
5.7559105e-05
5.9477037e-05
6.145811e-05
6.3505805e-05
6.562363e-05
6.7815108e-05
7.0083786e-05
7.2433219e-05
7.4866986e-05
7.7388662e-05
8.0001833e-05
8.271008e-05
8.5517029e-05
8.8426382e-05
9.1441954e-05
9.4567641e-05
9.780737e-05
0.00010116515
0.00010464513
0.00010825161
0.0001119892
0.00011586224
0.00011987559
0.00012403403
0.00012834335
0.00013280887
0.00013743623
0.00014223062
0.00014720004
0.00015235053
0.00015769156
0.00016324574
0.00016899455
0.00017515141
0.00018125249
0.00018937021
0.00019412664
0.00021170083
0.00019554464
)
;
    }
    upstreamWall
    {
        type            symmetryPlane;
        value           uniform 0;
    }
    plate
    {
        type            calculated;
        value           uniform 0;
    }
    frontAndBack
    {
        type            empty;
    }
}


// ************************************************************************* //
